global_signal	global_signal_derivative1	global_signal_derivative1_power2	global_signal_power2	csf	csf_derivative1	csf_derivative1_power2	csf_power2	white_matter	white_matter_derivative1	white_matter_derivative1_power2	white_matter_power2	csf_wm	tcompcor	std_dvars	dvars	framewise_displacement	rmsd	t_comp_cor_00	t_comp_cor_01	t_comp_cor_02	c_comp_cor_00	c_comp_cor_01	c_comp_cor_02	w_comp_cor_00	w_comp_cor_01	a_comp_cor_00	a_comp_cor_01	edge_comp_00	edge_comp_01	edge_comp_02	edge_comp_03	edge_comp_04	edge_comp_05	edge_comp_06	edge_comp_07	edge_comp_08	edge_comp_09	edge_comp_10	edge_comp_11	edge_comp_12	edge_comp_13	edge_comp_14	edge_comp_15	edge_comp_16	edge_comp_17	edge_comp_18	edge_comp_19	edge_comp_20	edge_comp_21	edge_comp_22	edge_comp_23	cosine00	cosine01	cosine02	cosine03	cosine04	trans_x	trans_x_derivative1	trans_x_derivative1_power2	trans_x_power2	trans_y	trans_y_derivative1	trans_y_derivative1_power2	trans_y_power2	trans_z	trans_z_derivative1	trans_z_power2	trans_z_derivative1_power2	rot_x	rot_x_derivative1	rot_x_derivative1_power2	rot_x_power2	rot_y	rot_y_derivative1	rot_y_power2	rot_y_derivative1_power2	rot_z	rot_z_derivative1	rot_z_derivative1_power2	rot_z_power2	motion_outlier00	motion_outlier01	motion_outlier02	motion_outlier03	motion_outlier04	motion_outlier05	motion_outlier06	motion_outlier07	motion_outlier08	motion_outlier09	motion_outlier10	motion_outlier11	motion_outlier12	motion_outlier13	motion_outlier14	motion_outlier15	motion_outlier16	motion_outlier17	motion_outlier18	motion_outlier19	motion_outlier20	motion_outlier21	motion_outlier22	motion_outlier23	motion_outlier24	motion_outlier25	motion_outlier26	motion_outlier27	motion_outlier28	motion_outlier29	motion_outlier30	motion_outlier31	motion_outlier32	motion_outlier33	motion_outlier34	motion_outlier35	motion_outlier36	motion_outlier37	motion_outlier38	motion_outlier39	motion_outlier40	motion_outlier41	motion_outlier42	motion_outlier43	motion_outlier44	motion_outlier45	motion_outlier46	motion_outlier47	motion_outlier48	motion_outlier49	motion_outlier50	motion_outlier51	motion_outlier52	motion_outlier53	motion_outlier54	motion_outlier55	motion_outlier56	motion_outlier57	motion_outlier58	motion_outlier59	motion_outlier60	motion_outlier61	motion_outlier62	motion_outlier63	motion_outlier64	motion_outlier65	motion_outlier66	motion_outlier67	motion_outlier68	motion_outlier69	motion_outlier70	motion_outlier71	motion_outlier72	motion_outlier73	motion_outlier74	motion_outlier75	motion_outlier76	motion_outlier77
37033.43199914329	n/a	n/a	1371475085.6351705	47010.15299749148	n/a	n/a	2209954484.847557	37179.42928867895	n/a	n/a	1382309962.231878	38055.84194581506	23884.453007826007	n/a	n/a	n/a	n/a	-0.0920350159	0.0384531688	-0.0459741431	0.0503369121	-0.0321398827	-0.0334365087	-0.0527370234	0.0145783637	-0.0503235139	0.0229276948	-0.0215432812	-0.0284042978	0.0010608033	-0.0884465961	0.0138028387	-0.0008278563	0.0658475954	-0.0384405872	0.0112075035	-0.0334811361	-0.0078733076	0.1171825139	-0.0108413177	0.0534307522	-0.067151985	0.0198604589	-0.0706606174	0.0044569487	-0.0198135466	0.0088327534	0.0764838562	-0.0391680956	0.058475171	-0.0445996854	0.0577348291	0.0577342355	0.0577332462	0.0577318613	0.0577300806	0.000126091	n/a	n/a	1.5898940281e-08	0.0668359	n/a	n/a	0.00446703752881	0.270753	n/a	0.073307187009	n/a	0.002	n/a	n/a	4e-06	-0.000515649	n/a	2.65893891201e-07	n/a	0.00068398	n/a	n/a	4.678286404000001e-07	0.0	0.0	0.0	0.0	0.0	0.0	0.0	0.0	0.0	0.0	0.0	0.0	0.0	0.0	0.0	0.0	0.0	0.0	0.0	0.0	0.0	0.0	0.0	0.0	0.0	0.0	0.0	0.0	0.0	0.0	0.0	0.0	0.0	0.0	0.0	0.0	0.0	0.0	0.0	0.0	0.0	0.0	0.0	0.0	0.0	0.0	0.0	0.0	0.0	0.0	0.0	0.0	0.0	0.0	0.0	0.0	0.0	0.0	0.0	0.0	0.0	0.0	0.0	0.0	0.0	0.0	0.0	0.0	0.0	0.0	0.0	0.0	0.0	0.0	0.0	0.0	0.0	0.0
36591.283044831456	-442.14895431183686	195495.6977990508	1338921994.86697	52293.030917922464	5282.877920430983	27908799.122177187	2734561082.5827947	35973.0765996233	-1206.352689055646	1455286.810391788	1294062240.0423656	37416.71582019828	21942.396511220337	4.717223	171.499374	0.140740859	0.0656108	-0.1077264598	-0.0064475542	-0.022258134	-0.1645058874	0.0307312805	0.0479340857	0.1945647949	0.0709920055	0.2028133911	0.0339955084	0.0323516756	-0.0277405916	-0.0257792369	-0.0976366618	0.0106716126	-0.0773665594	-0.0026097865	-0.1539242115	-0.0624359005	-0.0021658026	0.0091886751	0.0949373301	0.1753189458	0.0372261371	-0.0256111461	0.2185181122	0.1276853656	0.0478546986	0.0566329286	0.0042052272	-0.1350698706	0.0455826054	0.2004137028	-0.1152515249	0.0577332462	0.0577279043	0.0577190014	0.0577065382	0.0576905153	0.0310821	0.030956009	0.000958274493208	0.00096609694041	0.0937009	0.026865	0.000721728225	0.00877985866081	0.246675	-0.024078	0.060848555625	0.000579750084	0.00104407	-0.00095593	9.138021649e-07	1.0900821649e-06	-0.000497746	1.7902999999999994e-05	2.47751080516e-07	3.205174089999998e-10	0.0008869839999999	0.0002030039999998	4.1210624015959375e-08	7.867406162558226e-07	1.0	0.0	0.0	0.0	0.0	0.0	0.0	0.0	0.0	0.0	0.0	0.0	0.0	0.0	0.0	0.0	0.0	0.0	0.0	0.0	0.0	0.0	0.0	0.0	0.0	0.0	0.0	0.0	0.0	0.0	0.0	0.0	0.0	0.0	0.0	0.0	0.0	0.0	0.0	0.0	0.0	0.0	0.0	0.0	0.0	0.0	0.0	0.0	0.0	0.0	0.0	0.0	0.0	0.0	0.0	0.0	0.0	0.0	0.0	0.0	0.0	0.0	0.0	0.0	0.0	0.0	0.0	0.0	0.0	0.0	0.0	0.0	0.0	0.0	0.0	0.0	0.0	0.0
36581.55096759793	-9.732077233529708	94.71332727938726	1338209871.194965	53291.10412424096	998.0732063184988	996150.1251708884	2839941778.780692	36909.70928328991	936.6326836666047	877280.7841125063	1362326639.3769772	38366.44233381305	23853.14507896244	4.879265	177.390579	0.1147309	0.0649704	-0.114991364	0.0180049163	0.1094320016	-0.2744305864	0.2195791378	-0.0933767784	0.2745943354	0.0162143826	0.2764993459	-0.048109598	0.1793536711	-0.009903042	-0.2509686244	-0.1883648673	0.1722533438	-0.0792135054	-0.0281364831	-0.1866039601	-0.0024999492	0.1896172647	-0.029238709	0.0238825452	-0.1666532991	-0.0259537044	-0.0481891394	-0.2173402459	-0.3562417985	0.0733497689	-0.2071114811	-0.2280031954	0.1959573404	-0.0103415641	0.0806931495	-0.0311398724	0.0577300806	0.0577152426	0.0576905153	0.0576559031	0.0576114118	0.0311916	0.0001094999999999	1.1990249999999671e-08	0.00097291591056	0.0383062	-0.0553947	0.00306857278809	0.00146736495844	0.265328	0.018653	0.070398947584	0.000347934409	0.000762416	-0.000281654	7.9328975716e-08	5.81278157056e-07	-0.00082104	-0.000323294	6.741066815999999e-07	1.0451901043600001e-07	0.00109351	0.0002065260000001	4.265298867604132e-08	1.1957641201e-06	0.0	1.0	0.0	0.0	0.0	0.0	0.0	0.0	0.0	0.0	0.0	0.0	0.0	0.0	0.0	0.0	0.0	0.0	0.0	0.0	0.0	0.0	0.0	0.0	0.0	0.0	0.0	0.0	0.0	0.0	0.0	0.0	0.0	0.0	0.0	0.0	0.0	0.0	0.0	0.0	0.0	0.0	0.0	0.0	0.0	0.0	0.0	0.0	0.0	0.0	0.0	0.0	0.0	0.0	0.0	0.0	0.0	0.0	0.0	0.0	0.0	0.0	0.0	0.0	0.0	0.0	0.0	0.0	0.0	0.0	0.0	0.0	0.0	0.0	0.0	0.0	0.0	0.0
33476.94551353107	-3104.605454066856	9638575.025421666	1120705880.915928	41443.97577106783	-11847.128353173131	140354450.21655872	1717603127.7128575	43469.762546993385	6560.053263703478	43034298.82262665	1889620255.8919888	43516.68617104693	29514.312061104043	12.498583	454.398499	1.6928835999999998	0.8402239999999999	-0.1248899449	-0.0389976493	0.5021647618	0.344943256	0.4734009525	0.021697767	0.0656967209	-0.5535239999	-0.0647831346	-0.5571763067	0.5652455738	0.0207287607	0.0474390926	-0.0916463299	0.217509886	0.1490189175	0.087033806	0.3422061993	0.614126383	-0.0151548099	-0.0041689517	-0.0032624996	0.0114039905	-0.0183887204	-0.0112761662	0.0635365597	0.1225899565	-0.0504747334	0.0332008505	0.090958093	-0.0550794901	0.0052461604	-0.0184986734	0.0584691201	0.0577253323	0.0576962517	0.0576477949	0.0575799782	0.0574928243	-0.030473	-0.0616646	0.00380252289316	0.000928603729	-0.137101	-0.1754071999999999	0.0307676858118399	0.018796684201	0.691101	0.4257729999999999	0.4776205922009999	0.1812826475289999	-0.0082849199999999	-0.0090473359999999	8.185428869689421e-05	6.863989940639835e-05	-0.00933532	-0.0085142799999999	8.714819950239999e-05	7.249296391839998e-05	-0.00194565	-0.00303916	9.2364935056e-06	3.7855539225e-06	0.0	0.0	1.0	0.0	0.0	0.0	0.0	0.0	0.0	0.0	0.0	0.0	0.0	0.0	0.0	0.0	0.0	0.0	0.0	0.0	0.0	0.0	0.0	0.0	0.0	0.0	0.0	0.0	0.0	0.0	0.0	0.0	0.0	0.0	0.0	0.0	0.0	0.0	0.0	0.0	0.0	0.0	0.0	0.0	0.0	0.0	0.0	0.0	0.0	0.0	0.0	0.0	0.0	0.0	0.0	0.0	0.0	0.0	0.0	0.0	0.0	0.0	0.0	0.0	0.0	0.0	0.0	0.0	0.0	0.0	0.0	0.0	0.0	0.0	0.0	0.0	0.0	0.0
34011.70753351956	534.7620199884914	285970.41802217165	1156796249.3456714	56271.46691489559	14827.491143827756	219854493.6202905	3166477988.7541885	42796.07989980726	-673.6826471861277	453848.3091197087	1831504454.7906864	44152.50497492919	27114.27193247266	11.648713	423.500641	1.158543	0.582627	-0.1494492342	-0.0505696096	0.4839387442	-0.3690787623	0.3690763274	-0.1055480144	0.3615871086	-0.4028231843	0.315311074	-0.4344908105	0.4094081573	0.0114809079	0.5175308045	0.1090984374	-0.0913355088	-0.1017429441	-0.0642317696	-0.1267616647	-0.2258887775	0.0514045425	-0.0101158465	0.005395077	-0.1430851908	0.0755855501	-0.0328110875	0.0226108234	0.0585280663	0.0466065871	0.0574976941	0.0400729993	-0.0995649713	-0.0654358855	0.1234704135	-0.1267693534	0.0577190014	0.0576709338	0.0575908508	0.0574787968	0.0573348341	-0.351297	-0.320824	0.102928038976	0.123409582209	-0.205867	-0.068766	0.0047287627559999	0.042381221689	0.440917	-0.2501839999999999	0.194407800889	0.0625920338559999	-0.00534268	0.0029422399999999	8.656776217599416e-06	2.85442295824e-05	-0.00235483	0.0069804899999999	5.5452243289000005e-06	4.872724064009999e-05	-0.001493	0.0004526499999999	2.048920225e-07	2.229049e-06	0.0	0.0	0.0	1.0	0.0	0.0	0.0	0.0	0.0	0.0	0.0	0.0	0.0	0.0	0.0	0.0	0.0	0.0	0.0	0.0	0.0	0.0	0.0	0.0	0.0	0.0	0.0	0.0	0.0	0.0	0.0	0.0	0.0	0.0	0.0	0.0	0.0	0.0	0.0	0.0	0.0	0.0	0.0	0.0	0.0	0.0	0.0	0.0	0.0	0.0	0.0	0.0	0.0	0.0	0.0	0.0	0.0	0.0	0.0	0.0	0.0	0.0	0.0	0.0	0.0	0.0	0.0	0.0	0.0	0.0	0.0	0.0	0.0	0.0	0.0	0.0	0.0	0.0
37009.26204430908	2997.554510789516	8985333.045154573	1369685477.0643363	47584.86897053651	-8686.597944359077	75456983.84694333	2264319754.9431286	38123.87369720241	-4672.206202604844	21829510.799659178	1453429745.680242	38982.9909336166	26516.17542626683	10.724438	389.897675	1.408822025	0.698772	-0.0727643802	0.046033272	0.0163200625	0.0200306105	-0.0153756184	-0.0324611602	-0.0163716204	-0.0312229683	-0.0243180847	-0.0269529376	0.0538887422	-0.0146127921	-0.0153953415	-0.0318893258	-0.0754598426	-0.08925379	-0.1303538632	-0.0818367344	0.1208932712	0.212640122	-0.0321531113	-0.045710972	-0.4445625613	-0.0370265065	-0.0629400056	-0.2022036901	-0.0631100539	-0.0247747718	0.0972895139	-0.0365197391	0.0710394631	-0.0211848248	-0.180189869	0.0907846596	0.0577110881	0.0576392917	0.057519697	0.0573524034	0.0571375495	0.0301236	0.3814206	0.14548167410436	0.00090743127696	-0.0432502	0.1626168	0.02644422364224	0.00187057980004	0.0179985	-0.4229185	0.00032394600225	0.17886005764225	3.56385e-05	0.0053783185	2.892630988744225e-05	1.27010268225e-09	-0.000585267	0.001769563	3.42537461289e-07	3.1313532109690003e-06	0.000196441	0.0016894409999999	2.8542108924809998e-06	3.8589066481e-08	0.0	0.0	0.0	0.0	1.0	0.0	0.0	0.0	0.0	0.0	0.0	0.0	0.0	0.0	0.0	0.0	0.0	0.0	0.0	0.0	0.0	0.0	0.0	0.0	0.0	0.0	0.0	0.0	0.0	0.0	0.0	0.0	0.0	0.0	0.0	0.0	0.0	0.0	0.0	0.0	0.0	0.0	0.0	0.0	0.0	0.0	0.0	0.0	0.0	0.0	0.0	0.0	0.0	0.0	0.0	0.0	0.0	0.0	0.0	0.0	0.0	0.0	0.0	0.0	0.0	0.0	0.0	0.0	0.0	0.0	0.0	0.0	0.0	0.0	0.0	0.0	0.0	0.0
37476.25825235349	466.9962080444093	218085.4583278572	1404469932.5970929	48181.08528260145	596.216312064942	355473.8907723204	2321416979.009314	36947.96431797047	-1175.90937923194	1382762.8681656464	1365152067.2420192	37957.15806355081	40436.40874214225	3.453448	125.553551	0.2934561249999999	0.13637	0.1253265832	-0.0397847078	0.0010215421	0.0115183757	-0.0359219719	0.0376159526	-0.0415146166	0.0222675805	-0.0352327931	0.0290956358	-0.0348929391	-0.0258515722	-0.006355276	0.0026907251	-0.0164900925	0.0329391863	0.0202930034	0.1004089365	-0.0286949781	-0.0023235737	0.0386948352	-0.0887182202	0.1124120588	0.0620755023	-0.0595970192	0.019509172	0.1107385077	-0.0738077744	-0.0399638982	-0.1055913042	-0.02338718	-0.0629519813	0.0212711534	-0.100587433	0.0577015927	0.0576013287	0.0574343511	0.0572008532	0.0569011056	0.0345858	0.0044621999999999	1.9911228839999995e-05	0.00119617756164	0.0519972	0.0952474	0.00907206720676	0.00270370880784	-0.066659	-0.0846575	0.0044434222809999	0.0071668923062499	-0.000887002	-0.0009226405	8.512654922402501e-07	7.86772548004e-07	0.000126835	0.000712102	1.6087117225e-08	5.070892584040001e-07	-0.000350597	-0.000547038	2.99250573444e-07	1.2291825640900001e-07	0.0	0.0	0.0	0.0	0.0	1.0	0.0	0.0	0.0	0.0	0.0	0.0	0.0	0.0	0.0	0.0	0.0	0.0	0.0	0.0	0.0	0.0	0.0	0.0	0.0	0.0	0.0	0.0	0.0	0.0	0.0	0.0	0.0	0.0	0.0	0.0	0.0	0.0	0.0	0.0	0.0	0.0	0.0	0.0	0.0	0.0	0.0	0.0	0.0	0.0	0.0	0.0	0.0	0.0	0.0	0.0	0.0	0.0	0.0	0.0	0.0	0.0	0.0	0.0	0.0	0.0	0.0	0.0	0.0	0.0	0.0	0.0	0.0	0.0	0.0	0.0	0.0	0.0
37405.327677990615	-70.930574362872	5031.146379446914	1399158538.6978507	46682.91600636848	-1498.1692762329694	2244511.1802484198	2179294646.8576546	37267.52835700725	319.5640390367771	102121.1750454988	1388868669.8403394	38120.9276459704	39441.0461148886	1.962194	71.337524	0.20814183	0.11001	0.1004586072	-0.0155351824	0.0091469574	0.0505472828	-0.0287317958	-0.0335551296	-0.0494937454	0.0086057461	-0.0481721934	0.0163503815	-0.0313765627	-0.0222259152	-0.0053807634	-0.010521913	-0.0175362348	0.0136384006	0.0199122639	0.0413383181	-0.0358238916	0.0366238549	0.0339829034	-0.0477591129	-0.06525301	0.0296583156	-0.0753953109	-0.0032243607	0.0659447244	-0.0679292671	-0.0001236387	-0.0567920705	0.0650152761	-0.0798948125	0.0228061323	-0.0376555165	0.0576905153	0.0575570491	0.0573348341	0.0570242129	0.0566256646	0.0331626	-0.0014231999999999	2.025498239999998e-06	0.00109975803876	-0.0378995	-0.0898967	0.0080814166708899	0.00143637210025	-0.0117831	0.0548759	0.00013884144561	0.0030113644008099	4.72246e-05	0.0009342266	8.727793401475601e-07	2.23016284516e-09	0.000398731	0.000271896	1.58986410361e-07	7.3927434816e-08	-0.000383395	-3.279800000000001e-05	1.0757088040000002e-09	1.4699172602500005e-07	0.0	0.0	0.0	0.0	0.0	0.0	1.0	0.0	0.0	0.0	0.0	0.0	0.0	0.0	0.0	0.0	0.0	0.0	0.0	0.0	0.0	0.0	0.0	0.0	0.0	0.0	0.0	0.0	0.0	0.0	0.0	0.0	0.0	0.0	0.0	0.0	0.0	0.0	0.0	0.0	0.0	0.0	0.0	0.0	0.0	0.0	0.0	0.0	0.0	0.0	0.0	0.0	0.0	0.0	0.0	0.0	0.0	0.0	0.0	0.0	0.0	0.0	0.0	0.0	0.0	0.0	0.0	0.0	0.0	0.0	0.0	0.0	0.0	0.0	0.0	0.0	0.0	0.0
37244.84562992961	-160.48204806100694	25754.48774985534	1387178525.9972866	47823.79682408916	1140.8808177206738	1301609.0402429933	2287115542.67176	36948.26611113849	-319.262245868762	101928.38163716582	1365174368.619505	37921.81659653691	31696.70153285194	1.722859	62.636272	0.05768484	0.0283855	0.0182535439	-0.0089998143	-0.0292300191	0.0273224709	-0.0382230322	0.0380784595	-0.0480014472	0.0204660766	-0.0420749007	0.0295644365	-0.0310684613	-0.0202162407	-0.0056776596	-0.0176828234	-0.0118553969	0.0211931295	0.0256356166	0.0366937195	-0.0354294814	-0.0136955581	0.0344985871	-0.0114965426	0.0561861175	0.04545413	-0.0690218293	-0.0153449352	0.03942478	-0.0666441117	0.0069197006	-0.0191516551	-0.0224134213	-0.076547069	0.0714599019	-0.0481715279	0.0576778563	0.0575064577	0.0572211706	0.0568225599	0.0563114151	0.0310227	-0.0021399	4.579172010000001e-06	0.00096240791529	-0.0319776	0.0059219	3.506889961000001e-05	0.00102256690176	0.00681226	0.01859536	4.64068863076e-05	0.0003457874135295	-0.000226346	-0.0002735706	7.484087318436e-08	5.1232511716e-08	0.000547826	0.0001490949999999	3.00113326276e-07	2.222931902499999e-08	-0.000185507	0.000197888	3.9159660544000014e-08	3.4412847049e-08	0.0	0.0	0.0	0.0	0.0	0.0	0.0	1.0	0.0	0.0	0.0	0.0	0.0	0.0	0.0	0.0	0.0	0.0	0.0	0.0	0.0	0.0	0.0	0.0	0.0	0.0	0.0	0.0	0.0	0.0	0.0	0.0	0.0	0.0	0.0	0.0	0.0	0.0	0.0	0.0	0.0	0.0	0.0	0.0	0.0	0.0	0.0	0.0	0.0	0.0	0.0	0.0	0.0	0.0	0.0	0.0	0.0	0.0	0.0	0.0	0.0	0.0	0.0	0.0	0.0	0.0	0.0	0.0	0.0	0.0	0.0	0.0	0.0	0.0	0.0	0.0	0.0	0.0
37193.405810510696	-51.43981941891252	2646.055021850329	1383349435.7853308	48971.00077581179	1147.2039517226367	1316076.9068480337	2398158916.984559	37085.91208741172	137.64597627323383	18946.41478421165	1375364875.3552308	38132.75315789474	24549.53832214271	2.211337	80.39537	0.1102897099999999	0.0701757	-0.0856849462	0.0322838625	-0.0253347276	-0.0403492973	-0.0007949866	-0.0022341245	0.0617613052	0.0355423485	0.0635910119	0.0219531027	-0.0077088279	-0.0158620437	-0.0513398316	-0.0605711079	0.011434963	-0.0508390538	-0.0524290005	-0.0741452769	0.0402897535	0.0517715349	0.0155584028	0.0177664443	-0.0144366757	-0.0017135265	-0.033068778	-0.0190202828	-0.0114783428	-0.0260743021	0.0017443478	0.0558702432	0.0354439476	0.0074488962	-0.0014603921	-0.00024702	0.0576636161	0.0574495601	0.0570933886	0.0565959827	0.0559585727	0.030127	-0.0008956999999999	8.022784899999987e-07	0.000907636129	-0.0331693	-0.0011916999999999	1.4201488899999929e-06	0.0011002024624899	0.0661909	0.0593786399999999	0.0043812352428099	0.0035258228882495	-0.0006317	-0.000405354	1.6431186531600002e-07	3.9904489e-07	0.00099049	0.0004426639999999	9.810704400999998e-07	1.9595141689599998e-07	-5.70516e-05	0.0001284554	1.6500789789160002e-08	3.25488506256e-09	0.0	0.0	0.0	0.0	0.0	0.0	0.0	0.0	1.0	0.0	0.0	0.0	0.0	0.0	0.0	0.0	0.0	0.0	0.0	0.0	0.0	0.0	0.0	0.0	0.0	0.0	0.0	0.0	0.0	0.0	0.0	0.0	0.0	0.0	0.0	0.0	0.0	0.0	0.0	0.0	0.0	0.0	0.0	0.0	0.0	0.0	0.0	0.0	0.0	0.0	0.0	0.0	0.0	0.0	0.0	0.0	0.0	0.0	0.0	0.0	0.0	0.0	0.0	0.0	0.0	0.0	0.0	0.0	0.0	0.0	0.0	0.0	0.0	0.0	0.0	0.0	0.0	0.0
37463.84085755456	270.4350470438658	73135.11466961789	1403539371.8001745	48743.267600109226	-227.73317570256768	51862.39931557656	2375906136.335858	37147.23021777933	61.31813036761014	3759.9131117792326	1379916712.8526978	38182.90104714912	40706.01948397519	1.600976	58.205074	0.23305512	0.12954	0.1234211153	-0.0348807907	0.0209740183	-0.0087492867	-0.022807834	0.0477307353	-0.0018790889	0.026385406	0.0033285566	0.0262004698	-0.0307108517	-0.022157125	-0.0030307652	-0.0018115996	-0.0313299485	0.0008327198	-0.0145414963	0.0492652845	-0.0170962046	0.0495883276	0.0443275777	-0.089375114	0.0624712275	0.0524815484	-0.0374468095	0.0110869728	0.1052479287	-0.0321531926	-0.0064099476	-0.1163167563	-0.0430607671	-0.0359366625	0.0073088422	-0.0663062157	0.0576477949	0.0573863625	0.0569515197	0.0563445805	0.055567379	0.00761497	-0.02251203	0.0005067914947209	5.798776810090001e-05	0.00682722	0.03999652	0.0015997216121104	4.66109329284e-05	-0.0456376	-0.1118285	0.00208279053376	0.01250561341225	-0.000226346	0.000405354	1.6431186531600002e-07	5.1232511716e-08	0.000547826	-0.0004426639999999	3.00113326276e-07	1.9595141689599998e-07	-0.000383395	-0.0003263434	1.0650001472356001e-07	1.4699172602500005e-07	0.0	0.0	0.0	0.0	0.0	0.0	0.0	0.0	0.0	1.0	0.0	0.0	0.0	0.0	0.0	0.0	0.0	0.0	0.0	0.0	0.0	0.0	0.0	0.0	0.0	0.0	0.0	0.0	0.0	0.0	0.0	0.0	0.0	0.0	0.0	0.0	0.0	0.0	0.0	0.0	0.0	0.0	0.0	0.0	0.0	0.0	0.0	0.0	0.0	0.0	0.0	0.0	0.0	0.0	0.0	0.0	0.0	0.0	0.0	0.0	0.0	0.0	0.0	0.0	0.0	0.0	0.0	0.0	0.0	0.0	0.0	0.0	0.0	0.0	0.0	0.0	0.0	0.0
37468.75578211054	4.914924555974721	24.156483390923317	1403907659.8594418	47716.73024312241	-1026.537356986817	1053778.9452894798	2276886345.0949125	37064.921781254285	-82.308436525047	6774.678723197691	1373808426.6504984	38013.40279765168	41944.672275147495	1.043625	37.942043	0.069801955	0.0356961	0.1338123983	-0.0313639897	0.01771643	0.0182447238	-0.0248294787	-0.0092852915	-0.0214083181	0.0217592979	-0.0175134558	0.0247689299	-0.0313567676	-0.0193834546	-0.0154524371	-0.0132898958	0.0090399373	0.0006295026	-0.006505489	0.0410736907	-0.0309599761	0.0333723151	0.0299445699	-0.0794872459	-0.0144637929	0.0325679351	-0.0483830478	-0.0157325155	0.0860275219	-0.0862039995	-0.0277609741	-0.0536720539	0.032156278	-0.0712518836	-0.0233152149	-0.0554158254	0.0576303933	0.0573168719	0.0567955989	0.0560684638	0.0551381022	0.0103641	0.0027491299999999	7.557715756899994e-06	0.0001074145688099	0.0204518	0.0136245799999999	0.0001856291801763	0.0004182761232399	-0.0287933	0.0168443	0.00082905412489	0.00028373044249	-0.000656362	-0.0004300159999999	1.8491376025600003e-07	4.3081107504399993e-07	0.000547826	0.0	3.00113326276e-07	0.0	-8.17321e-05	0.0003016629	9.100050523641005e-08	6.6801361704100005e-09	0.0	0.0	0.0	0.0	0.0	0.0	0.0	0.0	0.0	0.0	0.0	0.0	0.0	0.0	0.0	0.0	0.0	0.0	0.0	0.0	0.0	0.0	0.0	0.0	0.0	0.0	0.0	0.0	0.0	0.0	0.0	0.0	0.0	0.0	0.0	0.0	0.0	0.0	0.0	0.0	0.0	0.0	0.0	0.0	0.0	0.0	0.0	0.0	0.0	0.0	0.0	0.0	0.0	0.0	0.0	0.0	0.0	0.0	0.0	0.0	0.0	0.0	0.0	0.0	0.0	0.0	0.0	0.0	0.0	0.0	0.0	0.0	0.0	0.0	0.0	0.0	0.0	0.0
37427.47241971526	-41.28336239527562	1704.316010659657	1400815691.7285466	48391.35153473045	674.6212916080403	455113.8870909006	2341722903.357859	37049.70544935803	-15.216331896255724	231.5367563770093	1372680673.88419	38049.53347724781	41393.09469380781	0.981572	35.686039	0.045168648	0.024165	0.1299449283	-0.0353775001	0.0131331549	0.0085069399	-0.0342794925	0.0503694463	-0.023072453	0.0229188439	-0.0186977755	0.027142972	-0.0332190682	-0.0200390501	-0.0006757521	-0.0053292351	-0.0183769324	0.0041205815	-0.0026561313	0.0483687305	-0.0192624088	0.0180826088	0.0311585707	-0.0661985465	0.0536181246	0.0459870881	-0.0384216231	-0.020402662	0.0728721234	-0.0481101648	0.0098408596	-0.0932347088	-0.0466309596	-0.0708709397	0.0011228513	-0.0403952417	0.0576114118	0.0572410958	0.0566256646	0.0557677536	0.0546710365	0.00762231	-0.0027417899999999	7.5174124040999955e-06	5.80996097361e-05	-0.000638993	-0.021090793	0.0004448215493688	4.0831205404900003e-07	-0.0196079	0.0091854	0.00038446974241	8.437157316e-05	-0.000453399	0.0002029629999999	4.119397936899999e-08	2.05570653201e-07	0.000547826	0.0	3.00113326276e-07	0.0	-4.16818e-05	4.0050300000000005e-05	1.6040265300900003e-09	1.73737245124e-09	0.0	0.0	0.0	0.0	0.0	0.0	0.0	0.0	0.0	0.0	0.0	0.0	0.0	0.0	0.0	0.0	0.0	0.0	0.0	0.0	0.0	0.0	0.0	0.0	0.0	0.0	0.0	0.0	0.0	0.0	0.0	0.0	0.0	0.0	0.0	0.0	0.0	0.0	0.0	0.0	0.0	0.0	0.0	0.0	0.0	0.0	0.0	0.0	0.0	0.0	0.0	0.0	0.0	0.0	0.0	0.0	0.0	0.0	0.0	0.0	0.0	0.0	0.0	0.0	0.0	0.0	0.0	0.0	0.0	0.0	0.0	0.0	0.0	0.0	0.0	0.0	0.0	0.0
37326.719474493984	-100.7529452212766	10151.155970761563	1393283986.7275684	47803.1202479358	-588.2312867946457	346016.0467640847	2285138305.43861	37166.12357319023	116.41812383219803	13553.179556608997	1381320741.4576464	38103.64064258955	36746.79073096311	0.97377	35.402397	0.052131357	0.0291501	0.0717158817	-0.0150453165	-0.0024300713	0.0227895531	-0.0261216983	-0.0059381744	-0.0270468812	0.0196525567	-0.0235630948	0.0234794478	-0.0307113854	-0.0194503141	-0.0113966094	-0.019425263	0.0032147737	0.0006580672	0.0037335364	0.0164042609	-0.0228958216	0.0153898012	0.0257353721	-0.0276151151	0.0001463505	0.0333084913	-0.0481185429	-0.0152096856	0.0423150599	-0.0694128688	-0.0298248707	0.0146817846	0.0281344872	-0.0548142572	-0.0005472966	-0.0366570715	0.0575908508	0.0571590425	0.0564417587	0.0554425818	0.054166502	0.00761404	-8.270000000000326e-06	6.839290000000539e-11	5.79736051216e-05	-0.0203448	-0.019705807	0.0003883188295212	0.0004139108870399	0.00156713	0.02117503	2.4558964369e-06	0.0004483818955009	-0.000379784	7.361500000000002e-05	5.419168225000003e-09	1.44235886656e-07	0.000641691	9.386500000000004e-05	4.11767339481e-07	8.810638225000011e-09	1.56832e-05	5.7365e-05	3.290743224999999e-09	2.4596276223999997e-10	0.0	0.0	0.0	0.0	0.0	0.0	0.0	0.0	0.0	0.0	0.0	0.0	0.0	0.0	0.0	0.0	0.0	0.0	0.0	0.0	0.0	0.0	0.0	0.0	0.0	0.0	0.0	0.0	0.0	0.0	0.0	0.0	0.0	0.0	0.0	0.0	0.0	0.0	0.0	0.0	0.0	0.0	0.0	0.0	0.0	0.0	0.0	0.0	0.0	0.0	0.0	0.0	0.0	0.0	0.0	0.0	0.0	0.0	0.0	0.0	0.0	0.0	0.0	0.0	0.0	0.0	0.0	0.0	0.0	0.0	0.0	0.0	0.0	0.0	0.0	0.0	0.0	0.0
37261.92082096896	-64.79865352502384	4198.865498656084	1388450743.26816	48423.42892152325	620.3086735874458	384782.8505278164	2344828468.517814	36979.71303552909	-186.41053766114052	34748.8885511155	1367499176.19008	37984.41995042946	37560.91137931687	0.986338	35.859306	0.03629396	0.0216486	0.0864561367	-0.0262288784	0.0007032693	0.0039418739	-0.0313944015	0.0429135915	-0.0146859582	0.0236770665	-0.0106271763	0.025989578	-0.0331482509	-0.0197975657	-0.0033412178	-0.010083391	-0.0174565319	-0.0004718255	-0.0051490485	0.0259739209	-0.0150887047	0.0309379648	0.0250588468	-0.0443021174	0.0494142691	0.0384760341	-0.0509259473	-0.0082992222	0.073039106	-0.0143744671	0.0588918777	-0.0703856388	-0.0228191704	-0.0550394772	0.0023726919	-0.0378005703	0.0575687109	0.0570707212	0.0562439267	0.0550930911	0.0536248445	0.0076105	-3.5399999999997933e-06	1.2531599999998535e-11	5.791971025e-05	-0.0203461	-1.2999999999992184e-06	1.689999999997968e-12	0.0004139637852099	-0.00987273	-0.01143986	9.74707976529e-05	0.0001308703968196	-8.402269999999998e-05	0.0002957613	8.747474657769002e-08	7.059814115289997e-09	0.000547826	-9.386500000000004e-05	3.00113326276e-07	8.810638225000011e-09	-9.16757e-05	-0.0001073589	1.152593340921e-08	8.40443397049e-09	0.0	0.0	0.0	0.0	0.0	0.0	0.0	0.0	0.0	0.0	0.0	0.0	0.0	0.0	0.0	0.0	0.0	0.0	0.0	0.0	0.0	0.0	0.0	0.0	0.0	0.0	0.0	0.0	0.0	0.0	0.0	0.0	0.0	0.0	0.0	0.0	0.0	0.0	0.0	0.0	0.0	0.0	0.0	0.0	0.0	0.0	0.0	0.0	0.0	0.0	0.0	0.0	0.0	0.0	0.0	0.0	0.0	0.0	0.0	0.0	0.0	0.0	0.0	0.0	0.0	0.0	0.0	0.0	0.0	0.0	0.0	0.0	0.0	0.0	0.0	0.0	0.0	0.0
37222.6330291617	-39.28779180726269	1543.5305850908176	1385524409.623639	47502.606556390696	-920.8223651325534	847913.8281283095	2256497629.6512523	37020.38665125309	40.67361572400114	1654.3430160637126	1370509027.8082778	37963.21374851517	33692.12566150966	1.000974	36.391403	0.071667765	0.052891	0.0358665075	-0.0061055406	-0.0101342124	0.025597469	-0.0293221542	-0.0292734611	-0.024939761	0.0215932271	-0.0212860167	0.0252296775	-0.0322821004	-0.0210330825	-0.0073254832	-0.0205510193	-0.0015101406	-4.66547e-05	0.0102051513	0.0240677292	-0.019657696	0.0154141961	0.0194281465	-0.0235642714	0.0105744442	0.0406849508	-0.0570385929	-0.0078610814	0.0508296391	-0.0775338712	-0.0349261904	-0.0038839357	0.0196436271	-0.0617640882	0.0312904753	-0.0296541659	0.0575449928	0.0569761414	0.0560322174	0.0547194347	0.0530464353	0.0118779	0.0042674	1.821070276e-05	0.00014108450841	0.0312577	0.0516038	0.00266295217444	0.00097704380929	-0.000598665	0.009274065	3.58399782225e-07	8.600828162422499e-05	-4.316e-05	4.0862699999999984e-05	1.6697602512899984e-09	1.8627856e-09	0.000482831	-6.499499999999993e-05	2.3312577456100005e-07	4.224350024999991e-09	-0.000116268	-2.4592300000000005e-05	6.047812192900003e-10	1.3518247824e-08	0.0	0.0	0.0	0.0	0.0	0.0	0.0	0.0	0.0	0.0	0.0	0.0	0.0	0.0	0.0	0.0	0.0	0.0	0.0	0.0	0.0	0.0	0.0	0.0	0.0	0.0	0.0	0.0	0.0	0.0	0.0	0.0	0.0	0.0	0.0	0.0	0.0	0.0	0.0	0.0	0.0	0.0	0.0	0.0	0.0	0.0	0.0	0.0	0.0	0.0	0.0	0.0	0.0	0.0	0.0	0.0	0.0	0.0	0.0	0.0	0.0	0.0	0.0	0.0	0.0	0.0	0.0	0.0	0.0	0.0	0.0	0.0	0.0	0.0	0.0	0.0	0.0	0.0
36970.43410505602	-252.1989241056799	63604.29732006249	1366812997.916289	48245.9979554669	743.3913990762012	552630.7722204719	2327676318.718916	36967.83144975873	-52.55520149436052	2762.049204112834	1366620562.0977705	37963.11198464912	23379.649021006226	0.994951	36.172455	0.1101547	0.0595857	-0.0886665913	0.0286161561	-0.0540414231	0.0164732035	-0.0410002667	0.0285937451	-0.0341308209	0.0225451551	-0.0288123643	0.0286718747	-0.0309951841	-0.0186132907	0.0017041913	-0.0256938724	-0.022459798	-0.0019391536	0.0187489304	-0.0033821384	-0.0050928915	-0.006653477	0.0006469726	0.0554703049	0.025816334	0.0425522949	-0.0490261213	0.0262321188	-0.01416043	0.0438040738	0.0890735278	0.0251660299	0.0166926042	0.0083890932	0.0412296999	-0.0009073727	0.057519697	0.0568753135	0.0558066829	0.0543217765	0.0524316706	0.00762965	-0.00424825	1.8047628062500003e-05	5.82115591225e-05	-0.00396032	-0.03521802	0.0012403089327204	1.56841345024e-05	0.040815	0.0414136649999999	0.0016658642249999	0.0017150916487322	-0.000198972	-0.000155812	2.427737934400001e-08	3.9589856784e-08	8.86905e-05	-0.0003941405	7.86600479025e-09	1.5534673374025002e-07	-8.072519999999998e-05	3.554280000000002e-05	1.2632906318400012e-09	6.516557915039997e-09	0.0	0.0	0.0	0.0	0.0	0.0	0.0	0.0	0.0	0.0	0.0	0.0	0.0	0.0	0.0	0.0	0.0	0.0	0.0	0.0	0.0	0.0	0.0	0.0	0.0	0.0	0.0	0.0	0.0	0.0	0.0	0.0	0.0	0.0	0.0	0.0	0.0	0.0	0.0	0.0	0.0	0.0	0.0	0.0	0.0	0.0	0.0	0.0	0.0	0.0	0.0	0.0	0.0	0.0	0.0	0.0	0.0	0.0	0.0	0.0	0.0	0.0	0.0	0.0	0.0	0.0	0.0	0.0	0.0	0.0	0.0	0.0	0.0	0.0	0.0	0.0	0.0	0.0
36998.97044675862	28.53634170260193	814.322797767658	1368923814.1201177	48300.89485059982	54.89689513292251	3013.669095235091	2332976443.3687	36873.87085885002	-93.96059090870403	8828.592643912836	1359682352.115149	37880.47944741411	23430.225358343057	1.343339	48.83844	0.07629019	0.0400732	-0.0904433023	0.0297623953	-0.0396231332	-0.0102096477	-0.0179948648	-0.0210854462	0.0233561195	0.0324371176	0.0266708337	0.0264647507	-0.0202507026	-0.0160503335	-0.0265134048	-0.040882941	0.0112177599	-0.0359824864	-0.0246995908	-0.0407169745	0.0138255714	0.0477791367	-0.0073274479	0.0207215998	0.0110548513	0.0168923718	-0.050761938	-0.0318248193	-0.0228100742	-0.0212838346	-0.0207589757	0.0785484632	0.001470945	0.0147636705	0.0258301332	0.0178809305	0.0574928243	0.0567682486	0.055567379	0.0539002911	0.0517809719	0.00762744	-2.2099999999998857e-06	4.884099999999495e-12	5.81778409536e-05	0.0124098	0.01637012	0.0002679808288144	0.00015400313604	0.0193258	-0.0214891999999999	0.00037348654564	0.0004617857166399	0.000203864	0.000402836	1.62276842896e-07	4.1560530496e-08	2.56231e-05	-6.30674e-05	6.565432536099998e-10	3.97749694276e-09	-0.000383395	-0.0003026698	9.160900783204002e-08	1.4699172602500005e-07	0.0	0.0	0.0	0.0	0.0	0.0	0.0	0.0	0.0	0.0	0.0	0.0	0.0	0.0	0.0	0.0	0.0	0.0	0.0	0.0	0.0	0.0	0.0	0.0	0.0	0.0	0.0	0.0	0.0	0.0	0.0	0.0	0.0	0.0	0.0	0.0	0.0	0.0	0.0	0.0	0.0	0.0	0.0	0.0	0.0	0.0	0.0	0.0	0.0	0.0	0.0	0.0	0.0	0.0	0.0	0.0	0.0	0.0	0.0	0.0	0.0	0.0	0.0	0.0	0.0	0.0	0.0	0.0	0.0	0.0	0.0	0.0	0.0	0.0	0.0	0.0	0.0	0.0
36957.84868292339	-41.12176383523183	1690.9994609205803	1365882579.269862	47915.44075250852	-385.4540980913007	148574.86173537804	2295889462.507154	36983.85459343287	109.98373458284914	12096.421872790605	1367805500.5881858	37977.60950406615	23347.197166854414	1.049218	38.145374	0.050620275	0.0334617	-0.0891687581	0.030302757	-0.0454424884	0.0084696348	-0.0220943623	-0.0211716487	-0.0101287381	0.0255262168	-0.0060248922	0.0262707619	-0.0297080241	-0.0201137762	0.0056282327	-0.0231818869	-0.0285863273	-0.0151447898	0.0038103153	-0.0030351085	0.0037520514	0.0122965317	-0.0057143573	0.0365127969	0.02378294	0.0389114864	-0.0526098889	0.0197255845	-0.0027562659	0.0302007431	0.0416832444	0.0445738382	0.0390117681	0.0413170858	0.0307329767	0.0014714671	0.0574643754	0.0566549584	0.0553143646	0.0534551631	0.0510947851	0.00763485	7.410000000000229e-06	5.49081000000034e-11	5.8290934522500006e-05	0.0372888	0.024879	0.0006189646409999	0.0013904546054399	0.0193411	1.5299999999999342e-05	0.00037407814921	2.3408999999997985e-10	0.00013381	-7.0054e-05	4.907562916e-09	1.79051161e-08	2.56231e-05	0.0	6.565432536099998e-10	0.0	6.09223e-05	0.0004443173	1.9741786307929e-07	3.71152663729e-09	0.0	0.0	0.0	0.0	0.0	0.0	0.0	0.0	0.0	0.0	0.0	0.0	0.0	0.0	0.0	0.0	0.0	0.0	0.0	0.0	0.0	0.0	0.0	0.0	0.0	0.0	0.0	0.0	0.0	0.0	0.0	0.0	0.0	0.0	0.0	0.0	0.0	0.0	0.0	0.0	0.0	0.0	0.0	0.0	0.0	0.0	0.0	0.0	0.0	0.0	0.0	0.0	0.0	0.0	0.0	0.0	0.0	0.0	0.0	0.0	0.0	0.0	0.0	0.0	0.0	0.0	0.0	0.0	0.0	0.0	0.0	0.0	0.0	0.0	0.0	0.0	0.0	0.0
37117.58155635393	159.73287343054108	25514.590854377257	1377714860.592585	47520.9694326681	-394.4713198404206	155607.62217664343	2258242535.820576	37066.5406010011	82.68600756822707	6836.975847572904	1373928432.125663	37988.989841922514	23809.838934722942	0.971563	35.322147	0.0318331038	0.0263648	-0.0865503146	0.0353755486	-0.0520329575	0.0320522796	-0.0369749175	-0.0029148963	-0.0427923878	0.0147927418	-0.039472753	0.0222145846	-0.0312416503	-0.0163298576	-0.0025271974	-0.0272835831	-0.0043294605	-0.0009609614	0.0234185516	0.0042207901	-0.0118469105	-0.0061255835	-0.0058545525	0.046460151	-0.0125499976	0.0390464415	-0.0478194463	-0.0002742526	-0.0303896082	0.0102805226	0.004246937	0.0487676535	0.0183197335	0.0098791623	0.044271985	0.0128278983	0.0574343511	0.0565354553	0.0550477023	0.052986588	0.0503735805	0.0076368399999999	1.989999999899711e-06	3.9600999996008495e-12	5.832132518559847e-05	0.0124027	-0.0248860999999999	0.0006193179732099	0.0001538269672899	0.0193439	2.8000000000007186e-06	0.00037418646721	7.840000000004023e-12	-5.960760000000001e-07	-0.000134406076	1.8064993265717774e-08	3.553065977760001e-13	2.56231e-05	0.0	6.565432536099998e-10	0.0	6.53605e-05	4.438200000000008e-06	1.969761924000007e-11	4.2719949602500005e-09	0.0	0.0	0.0	0.0	0.0	0.0	0.0	0.0	0.0	0.0	0.0	0.0	0.0	0.0	0.0	0.0	0.0	0.0	0.0	0.0	0.0	0.0	0.0	0.0	0.0	0.0	0.0	0.0	0.0	0.0	0.0	0.0	0.0	0.0	0.0	0.0	0.0	0.0	0.0	0.0	0.0	0.0	0.0	0.0	0.0	0.0	0.0	0.0	0.0	0.0	0.0	0.0	0.0	0.0	0.0	0.0	0.0	0.0	0.0	0.0	0.0	0.0	0.0	0.0	0.0	0.0	0.0	0.0	0.0	0.0	0.0	0.0	0.0	0.0	0.0	0.0	0.0	0.0
37070.49063718914	-47.09091916478792	2217.55466778459	1374221276.0819278	48245.62003850711	724.650605839015	525118.5005428515	2327639852.899999	36996.07408643462	-70.46651456647669	4965.529675147472	1368709497.8089595	38004.50099917763	23719.72746781261	0.944693	34.345276	0.0642793138	0.0345395	-0.087783394	0.0316558013	-0.0469344091	0.0038196808	-0.0322772582	0.0180032992	-0.014569793	0.0235286822	-0.0097280514	0.0256612731	-0.0308830895	-0.0183838862	-0.0034460733	-0.0140288215	-0.0151427343	-0.0060673126	0.002518756	0.0074770042	-0.0084096365	0.0444382791	0.0188820468	-0.0109074658	0.0289134989	0.037238473	-0.0713790117	0.0257460375	0.0408791011	0.0010991015	0.0558059351	0.0089942634	0.0478495702	0.0107752414	0.0222983706	-0.0268631703	0.0574027522	0.0564097525	0.0547674578	0.0524947712	0.0496178523	0.00130368	-0.0063331599999999	4.0108915585598734e-05	1.6995815424e-06	-0.00334735	-0.0157500499999999	0.0002480640750024	1.12047520225e-05	0.00285534	-0.01648856	8.1529665156e-06	0.0002718726108735	0.000462006	0.0004626020759999	2.1400068071950974e-07	2.13449544036e-07	2.56231e-05	0.0	6.565432536099998e-10	0.0	1.38117e-05	-5.15488e-05	2.6572787814400004e-09	1.9076305689e-10	0.0	0.0	0.0	0.0	0.0	0.0	0.0	0.0	0.0	0.0	0.0	0.0	0.0	0.0	0.0	0.0	0.0	0.0	0.0	0.0	0.0	0.0	0.0	0.0	0.0	0.0	0.0	0.0	0.0	0.0	0.0	0.0	0.0	0.0	0.0	0.0	0.0	0.0	0.0	0.0	0.0	0.0	0.0	0.0	0.0	0.0	0.0	0.0	0.0	0.0	0.0	0.0	0.0	0.0	0.0	0.0	0.0	0.0	0.0	0.0	0.0	0.0	0.0	0.0	0.0	0.0	0.0	0.0	0.0	0.0	0.0	0.0	0.0	0.0	0.0	0.0	0.0	0.0
37197.48135365956	126.99071647042	16126.642069670605	1383652619.0558507	47578.71358486374	-666.9064536433725	444764.21791117976	2263733986.3904977	37067.29795548632	71.22386905169697	5072.839522693277	1373984577.7208004	37999.97517246893	28007.75499424598	0.949351	34.514591	0.0760054649999999	0.0404789	-0.0338473033	0.0226527957	-0.0357702155	0.0275625791	-0.0318002592	0.0018716493	-0.0332201102	0.0175320538	-0.0301270937	0.0229336412	-0.0305910263	-0.0151560636	-0.0026932074	-0.0142061905	-0.0023271346	0.0074565083	0.0150444002	0.0279760959	-0.0142349414	0.0119125757	0.0084240961	0.0046000945	-0.01605222	0.0407823822	-0.0382273611	-0.007518089	-0.0093037377	-0.0226485465	-0.0113168048	-0.0190403828	0.0083115299	0.0031250575	0.0206485515	0.019652296	0.0573695795	0.0562778638	0.0544737002	0.0519799285	0.0488281186	0.00764348	0.0063398	4.019306404000001e-05	5.8422786510400005e-05	0.0291859	0.03253325	0.0010584123555625	0.00085181675881	0.00288208	2.6739999999999924e-05	8.3063851264e-06	7.150275999999959e-10	3.36543e-05	-0.0004283517	1.8348517889289e-07	1.13261190849e-09	-0.00021789	-0.0002435130999999	4.747605209999999e-08	5.9298629871609997e-08	-5.6437e-05	-7.02487e-05	4.934879851690001e-09	3.185134969e-09	0.0	0.0	0.0	0.0	0.0	0.0	0.0	0.0	0.0	0.0	0.0	0.0	0.0	0.0	0.0	0.0	0.0	0.0	0.0	0.0	0.0	0.0	0.0	0.0	0.0	0.0	0.0	0.0	0.0	0.0	0.0	0.0	0.0	0.0	0.0	0.0	0.0	0.0	0.0	0.0	0.0	0.0	0.0	0.0	0.0	0.0	0.0	0.0	0.0	0.0	0.0	0.0	0.0	0.0	0.0	0.0	0.0	0.0	0.0	0.0	0.0	0.0	0.0	0.0	0.0	0.0	0.0	0.0	0.0	0.0	0.0	0.0	0.0	0.0	0.0	0.0	0.0	0.0
37062.75245255147	-134.72890110809385	18151.87679379453	1373647619.35911	48121.58708762219	542.873502758448	294711.63999722665	2315687143.8316064	37076.18519894448	8.887243458157172	78.98309628455746	1374643508.9064295	38059.49384754204	23708.83267384973	0.9753	35.458008	0.119142275	0.0704405	-0.0870003794	0.0300726478	-0.0533957533	0.0098690724	-0.0319642228	0.0076942132	-0.0290238752	0.020544924	-0.0237527875	0.0259837364	-0.0298638316	-0.0146710312	-0.0006765173	-0.0263836827	-0.0174100818	-0.0059617044	0.014487914	-0.0094639218	-0.0044617984	-0.0112710044	0.0065605864	0.0536712821	0.0257656081	0.0368549211	-0.044585035	0.0271307679	-0.0117497265	0.0190585855	0.059321751	0.0729441087	0.0364701894	0.0196098231	0.0229771715	-0.0121572444	0.0573348341	0.0561398035	0.054166502	0.0514422857	0.0480049204	0.00763618	-7.300000000000015e-06	5.329000000000022e-11	5.83112449924e-05	-0.00352646	-0.03271236	0.0010700984967696	1.24359201316e-05	0.0610353	0.05815322	0.00372530784609	0.0033817969963684	-0.000133459	-0.0001671133	2.792685503689e-08	1.7811304680999998e-08	2.56231e-05	0.0002435130999999	6.565432536099998e-10	5.9298629871609997e-08	9.83245e-05	0.0001547615	2.395112188225e-08	9.66770730025e-09	0.0	0.0	0.0	0.0	0.0	0.0	0.0	0.0	0.0	0.0	0.0	0.0	0.0	0.0	0.0	0.0	0.0	0.0	0.0	0.0	0.0	0.0	0.0	0.0	0.0	0.0	0.0	0.0	0.0	0.0	0.0	0.0	0.0	0.0	0.0	0.0	0.0	0.0	0.0	0.0	0.0	0.0	0.0	0.0	0.0	0.0	0.0	0.0	0.0	0.0	0.0	0.0	0.0	0.0	0.0	0.0	0.0	0.0	0.0	0.0	0.0	0.0	0.0	0.0	0.0	0.0	0.0	0.0	0.0	0.0	0.0	0.0	0.0	0.0	0.0	0.0	0.0	0.0
37115.1483816696	52.39592911813088	2745.3333881521958	1377534239.3933513	48823.11191822793	701.5248306057401	492137.0879564124	2383696257.37981	36903.45596013825	-172.72923880622693	29835.38993857857	1361865061.8018632	37937.64848432932	23544.25664751361	1.274888	46.349834	0.0588292349999999	0.0329266	-0.0886269146	0.0308269575	-0.0373518488	-0.0249211921	-0.0123701087	0.0152443072	0.0257294684	0.032879959	0.0302513731	0.0268346721	-0.0205532085	-0.0098595596	-0.0203136974	-0.035031073	0.0050925592	-0.0265199257	-0.0225326698	-0.0377630779	0.013544323	0.0265216746	0.0070493651	0.0330342483	0.024727054	0.0164616393	-0.0264511473	-0.013075596	-0.0207832043	-0.0001801749	-0.0133554281	0.038608826	-0.0323271863	0.0205508268	0.0455383542	0.0375453594	0.0572985168	0.0559955869	0.0538459391	0.0508820785	0.0471488222	0.00762744	-8.740000000000137e-06	7.638760000000238e-11	5.81778409536e-05	-0.0270195	-0.02349304	0.0005519229284416	0.0007300533802499	0.0398578	-0.0211775	0.0015886442208399	0.00044848650625	-0.000306694	-0.000173235	3.0010365225e-08	9.4061209636e-08	2.56231e-05	0.0	6.565432536099998e-10	0.0	-1.14396e-05	-0.0001097641	1.204815764881e-08	1.3086444816e-10	0.0	0.0	0.0	0.0	0.0	0.0	0.0	0.0	0.0	0.0	0.0	0.0	0.0	0.0	0.0	0.0	0.0	0.0	0.0	0.0	0.0	0.0	0.0	0.0	0.0	0.0	0.0	0.0	0.0	0.0	0.0	0.0	0.0	0.0	0.0	0.0	0.0	0.0	0.0	0.0	0.0	0.0	0.0	0.0	0.0	0.0	0.0	0.0	0.0	0.0	0.0	0.0	0.0	0.0	0.0	0.0	0.0	0.0	0.0	0.0	0.0	0.0	0.0	0.0	0.0	0.0	0.0	0.0	0.0	0.0	0.0	0.0	0.0	0.0	0.0	0.0	0.0	0.0
37054.48334723632	-60.66503443328111	3680.2464027911824	1373034736.1306136	48166.61524941684	-656.4966688110871	430987.87616005423	2320022824.5853558	36977.501296101465	74.04533596321562	5482.711777905472	1367335602.1031857	37983.237499314695	26650.750010299154	0.981377	35.678951	0.1407653455	0.0980393	-0.04957709	0.0222578196	-0.0390224089	-0.0001615121	-0.0144317556	-0.0166232421	-0.0030550132	0.0242436562	0.0006226743	0.0236630356	-0.0269718057	-0.0116298134	-0.0055633993	-0.0196503353	-0.0150552694	-0.0209922845	-0.0105562414	-0.005746952	0.0019339882	0.0036729029	-0.0074454863	0.0259221505	0.0148892048	0.0303914137	-0.0202008633	0.0176667555	-0.0020222419	0.0125133031	0.0085308993	0.0654104504	0.024104733	0.042516082	-0.0094133494	-0.0067501087	0.0572606286	0.0558452297	0.0535120905	0.0502995528	0.0462604104	0.000187431	-0.007440009	5.5353733920081e-05	3.5130379761e-08	0.0684452	0.0954647	0.0091135089460899	0.0046847454030399	0.0225769	-0.0172809	0.00050971641361	0.0002986295048099	-0.000405107	-9.8413e-05	9.685118569e-09	1.64111681449e-07	-0.000277676	-0.0003032990999999	7.7103960976e-08	9.199034406080997e-08	-1.55697e-06	9.88263e-06	9.766637571689999e-11	2.4241555809e-12	0.0	0.0	0.0	0.0	0.0	0.0	0.0	0.0	0.0	0.0	0.0	0.0	0.0	0.0	0.0	0.0	0.0	0.0	0.0	0.0	0.0	0.0	0.0	0.0	0.0	0.0	0.0	0.0	0.0	0.0	0.0	0.0	0.0	0.0	0.0	0.0	0.0	0.0	0.0	0.0	0.0	0.0	0.0	0.0	0.0	0.0	0.0	0.0	0.0	0.0	0.0	0.0	0.0	0.0	0.0	0.0	0.0	0.0	0.0	0.0	0.0	0.0	0.0	0.0	0.0	0.0	0.0	0.0	0.0	0.0	0.0	0.0	0.0	0.0	0.0	0.0	0.0	0.0
37184.99489937041	130.5115521340922	17033.265240449866	1382723845.6662033	48663.97471003962	497.359460622778	247366.43307098065	2368182434.579376	36974.355171710005	-3.1461243914600345	9.898098686539772	1367102940.3637583	37992.95266721492	26546.59604384131	0.859144	31.235054	0.1089724974999999	0.0647328	-0.0483803424	0.0240679637	-0.0393368791	-0.0111003602	-0.0224710561	0.0273935169	0.0047172333	0.0274844256	0.009117291	0.0256387219	-0.0252187165	-0.0085021205	-0.0126401656	-0.0229257762	0.0042044793	-0.0168838586	-0.0163464466	-0.0081564512	0.0023140279	0.0122242136	-0.0019322898	0.0097622135	0.0224449887	0.0163236707	-0.0048769503	-0.0271287764	-0.0259569741	-0.0030834979	-0.0091455778	0.011996296	-0.0372207421	0.0126170301	0.0118789504	0.0358948706	0.0572211706	0.0556887485	0.0531650386	0.0496949641	0.0453402941	-0.00582425	-0.006011681	3.6140308445760994e-05	3.39218880625e-05	0.0076175899999999	-0.0608276100000001	0.0036999981383121	5.802767740809847e-05	0.012823	-0.0097539	0.000164429329	9.513856521000002e-05	-0.000257052	0.0001480549999999	2.1920283024999993e-08	6.607573070400001e-08	2.56231e-05	0.0003032990999999	6.565432536099998e-10	9.199034406080997e-08	-0.000197789	-0.00019623203	3.85070095979209e-08	3.9120488521e-08	0.0	0.0	0.0	0.0	0.0	0.0	0.0	0.0	0.0	0.0	0.0	0.0	0.0	0.0	0.0	0.0	0.0	0.0	0.0	0.0	0.0	0.0	0.0	0.0	0.0	0.0	0.0	0.0	0.0	0.0	0.0	0.0	0.0	0.0	0.0	0.0	0.0	0.0	0.0	0.0	0.0	0.0	0.0	0.0	0.0	0.0	0.0	0.0	0.0	0.0	0.0	0.0	0.0	0.0	0.0	0.0	0.0	0.0	0.0	0.0	0.0	0.0	0.0	0.0	0.0	0.0	0.0	0.0	0.0	0.0	0.0	0.0	0.0	0.0	0.0	0.0	0.0	0.0
37025.3803776088	-159.61452176160674	25476.79555718643	1370878792.106619	48383.46685357116	-280.50785646845907	78684.65754052963	2340959864.7706194	36969.88996020896	-4.465211501046724	19.93811374907994	1366772763.669959	37988.2799154788	25600.958830647447	0.944255	34.329323	0.127698895	0.0693853	-0.0601589364	0.023348978	-0.0435830403	-0.0044320935	-0.0135389701	-0.0040576157	-0.006290802	0.0229468836	-0.0020879487	0.0230668566	-0.0263776683	-0.0067487187	-0.0102428972	-0.0235329666	-0.0038599622	-0.0177180955	-0.0105062266	-0.0199070366	-0.0016772523	-0.0156976299	-0.0039821752	0.0288555383	0.0234144	0.0065484776	-0.0098415618	0.0192200039	0.0003632827	-0.0094356493	0.0099349461	0.0704757053	0.0178035804	0.0114293446	-0.0042180382	-0.005880932	0.0571801438	0.0555261604	0.052804869	0.0490685775	0.0443891039	-0.0011239	0.00470035	2.20932901225e-05	1.26315121e-06	-0.0116713	-0.0192888899999999	0.000372061277432	0.00013621924369	0.0565105	0.0436875	0.00319343661025	0.0019085976562499	-0.00103512	-0.000778068	6.05389812624e-07	1.0714734144e-06	0.000275623	0.0002499999	7.596803812900002e-08	6.249995000001002e-08	-2.54138e-05	0.0001723752	2.971320957504e-08	6.4586123044e-10	0.0	0.0	0.0	0.0	0.0	0.0	0.0	0.0	0.0	0.0	0.0	0.0	0.0	0.0	0.0	0.0	0.0	0.0	0.0	0.0	0.0	0.0	0.0	0.0	0.0	0.0	0.0	0.0	0.0	0.0	0.0	0.0	0.0	0.0	0.0	0.0	0.0	0.0	0.0	0.0	0.0	0.0	0.0	0.0	0.0	0.0	0.0	0.0	0.0	0.0	0.0	0.0	0.0	0.0	0.0	0.0	0.0	0.0	0.0	0.0	0.0	0.0	0.0	0.0	0.0	0.0	0.0	0.0	0.0	0.0	0.0	0.0	0.0	0.0	0.0	0.0	0.0	0.0
37101.83014551576	76.44976790696091	5844.567013028192	1376545800.1467023	49772.60397497963	1389.137121408472	1929701.942075016	2477312106.450158	36825.96259572777	-143.92736448119103	20715.08624650161	1356151521.1019406	37956.62917900219	27359.06746334852	1.466513	53.31654	0.0636951549999999	0.0307539	-0.0376248755	0.0166258394	-0.0237284088	-0.0606185737	0.0003789761	0.0325097506	0.0652520049	0.0399057557	0.0703401842	0.0259769328	-0.0088971151	-0.0026666512	-0.0414247881	-0.0351210974	0.0161136797	-0.0412623888	-0.050767956	-0.0444481392	0.0260286007	0.0341676989	-0.0005749459	-0.0011352911	0.0432998949	-0.0104364246	0.0164278663	-0.0051920518	-0.0156103602	0.0239572152	0.0009538382	-0.013782494	-0.0625100549	0.0274630496	0.0109194457	0.0229821885	0.0571375495	0.0553574832	0.0524316706	0.0484206678	0.0434074915	0.0076257499999999	0.0087496499999999	7.655637512249825e-05	5.815206306249848e-05	-0.0171049	-0.0054335999999999	2.9524008959999986e-05	0.00029257760401	0.0364157	-0.0200947999999999	0.00132610320649	0.0004038009870399	-0.000776937	0.000258183	6.665846148900004e-08	6.03631101969e-07	2.56231e-05	-0.0002499999	6.565432536099998e-10	6.249995000001002e-08	-0.000105573	-8.01592e-05	6.4254973446400005e-09	1.1145658329e-08	0.0	0.0	0.0	0.0	0.0	0.0	0.0	0.0	0.0	0.0	0.0	0.0	0.0	0.0	0.0	0.0	0.0	0.0	0.0	0.0	0.0	0.0	0.0	0.0	0.0	0.0	0.0	0.0	0.0	0.0	0.0	0.0	0.0	0.0	0.0	0.0	0.0	0.0	0.0	0.0	0.0	0.0	0.0	0.0	0.0	0.0	0.0	0.0	0.0	0.0	0.0	0.0	0.0	0.0	0.0	0.0	0.0	0.0	0.0	0.0	0.0	0.0	0.0	0.0	0.0	0.0	0.0	0.0	0.0	0.0	0.0	0.0	0.0	0.0	0.0	0.0	0.0	0.0
37292.66981970749	190.83967419172404	36419.781245603386	1390743222.2817216	47960.05633515996	-1812.5476398196697	3285328.946615855	2300167003.671717	37042.80193057246	216.8393348446916	47019.29713588829	1372169174.8676226	38031.03954449927	40425.20423984132	1.514428	55.058556	0.10119996	0.0595247	0.125781645	-0.028348858	0.0124167824	0.0029618112	-0.0106372903	-0.0173653446	-0.0056759513	0.0232640708	-0.0021631358	0.0232807984	-0.0277443401	-0.0059230138	0.0009326614	0.0021160103	-0.0337301893	-0.0098042764	-0.0150089934	0.0210069716	-0.001219274	-0.000963655	-0.0073113349	-0.0199701516	0.0101576235	0.0103115911	0.0094526174	-0.0025395693	0.0264534281	-0.0215506562	-0.0532487654	0.0222407234	-0.0119920093	0.0099930109	-0.0422601033	-0.0155629697	0.0570933886	0.0551827354	0.0520455355	0.0477515192	0.0423961298	-0.0128241	-0.0204498499999999	0.0004181963650224	0.00016445754081	0.0300791	0.047184	0.002226329856	0.00090475225681	0.00593679	-0.03047891	3.52454755041e-05	0.0009289639547881	-0.000825429	-4.849200000000002e-05	2.351474064000002e-09	6.81333034041e-07	2.56231e-05	0.0	6.565432536099998e-10	0.0	-0.000118825	-1.3252e-05	1.7561550400000003e-10	1.4119380625e-08	0.0	0.0	0.0	0.0	0.0	0.0	0.0	0.0	0.0	0.0	1.0	0.0	0.0	0.0	0.0	0.0	0.0	0.0	0.0	0.0	0.0	0.0	0.0	0.0	0.0	0.0	0.0	0.0	0.0	0.0	0.0	0.0	0.0	0.0	0.0	0.0	0.0	0.0	0.0	0.0	0.0	0.0	0.0	0.0	0.0	0.0	0.0	0.0	0.0	0.0	0.0	0.0	0.0	0.0	0.0	0.0	0.0	0.0	0.0	0.0	0.0	0.0	0.0	0.0	0.0	0.0	0.0	0.0	0.0	0.0	0.0	0.0	0.0	0.0	0.0	0.0	0.0	0.0
37410.4794539933	117.80963428581164	13879.109930556682	1399543972.9776547	48510.21061583605	550.1542806760845	302669.7325462199	2353240533.9927726	37083.09226372866	40.29033315619745	1623.3109458373835	1375155731.840212	38090.68940698099	40986.19486398024	0.8606859999999998	31.291092	0.092238045	0.0453828	0.1331401	-0.0314230101	0.0099515401	0.0027463598	-0.0276967614	0.0327312536	-0.0175516301	0.0202975475	-0.0134019877	0.0228022031	-0.0299689132	-0.0021522553	-0.0132747755	-0.0020586335	0.0087183366	0.0064430488	-0.0136460975	0.0391119734	-0.0166379904	-0.0047644759	-0.0039873158	-0.0546106763	0.0103886582	-0.0173970758	0.0020414676	-0.0148041375	0.0400880501	-0.0117543407	0.0476348794	-0.0815999531	-0.017055547	-0.0360104477	-0.0568786236	-0.0031078509	0.0570476625	0.0550019363	0.0516465589	0.0470614252	0.041355712	-0.010421	0.0024031	5.77488961e-06	0.0001085972409999	0.009186	-0.0208931	0.00043652162761	8.4382596e-05	-0.0129891	-0.01892589	0.00016871671881	0.0003581893122921	-0.00148456	-0.000659131	4.34453675161e-07	2.2039183936e-06	-0.000210144	-0.0002357671	4.4160500736e-08	5.558612544241e-08	-1.3404e-05	0.000105421	1.1113587241e-08	1.7966721600000003e-10	0.0	0.0	0.0	0.0	0.0	0.0	0.0	0.0	0.0	0.0	0.0	0.0	0.0	0.0	0.0	0.0	0.0	0.0	0.0	0.0	0.0	0.0	0.0	0.0	0.0	0.0	0.0	0.0	0.0	0.0	0.0	0.0	0.0	0.0	0.0	0.0	0.0	0.0	0.0	0.0	0.0	0.0	0.0	0.0	0.0	0.0	0.0	0.0	0.0	0.0	0.0	0.0	0.0	0.0	0.0	0.0	0.0	0.0	0.0	0.0	0.0	0.0	0.0	0.0	0.0	0.0	0.0	0.0	0.0	0.0	0.0	0.0	0.0	0.0	0.0	0.0	0.0	0.0
37305.88906527491	-104.59038871838855	10939.149412263623	1391729358.9505982	48024.61443252925	-485.5961833067995	235803.6532421308	2306363591.3930964	36977.49692514056	-105.59533858810028	11150.37553153554	1367335278.8487792	37941.60575029696	39827.21409613265	0.904351	32.878601	0.114727435	0.0643002	0.1225048041	-0.0305926469	0.0079907883	0.0028478741	-0.0180789889	-0.00718538	-0.01211127	0.0213552411	-0.0084951157	0.0230520872	-0.0271733849	-0.0002425996	-0.0089515133	-0.004161445	-0.011199379	-0.0077146949	-0.0197748109	0.0144076474	-0.0106760799	-0.041552595	-0.015595302	-0.0101256608	0.0174143629	-0.0187803202	0.0165103109	0.0039961146	0.0194258096	-0.0621959507	-0.0579474893	0.012089669	-0.0336435434	-0.0055871109	-0.0358131493	0.0006900357	0.0570003725	0.0548151055	0.0512348393	0.0463506885	0.040286951	-0.0187336	-0.0083126	6.909931876e-05	0.00035094776896	0.00915717	-2.883000000000052e-05	8.3116890000003e-10	8.385376240889998e-05	0.022719	0.0357081	0.0005161529609999	0.0012750684056099	-0.00233574	-0.00085118	7.245073924000003e-07	5.455681347600001e-06	2.56231e-05	0.0002357671	6.565432536099998e-10	5.558612544241e-08	0.000313207	0.000326611	1.0667474532100003e-07	9.809862484900003e-08	0.0	0.0	0.0	0.0	0.0	0.0	0.0	0.0	0.0	0.0	0.0	0.0	0.0	0.0	0.0	0.0	0.0	0.0	0.0	0.0	0.0	0.0	0.0	0.0	0.0	0.0	0.0	0.0	0.0	0.0	0.0	0.0	0.0	0.0	0.0	0.0	0.0	0.0	0.0	0.0	0.0	0.0	0.0	0.0	0.0	0.0	0.0	0.0	0.0	0.0	0.0	0.0	0.0	0.0	0.0	0.0	0.0	0.0	0.0	0.0	0.0	0.0	0.0	0.0	0.0	0.0	0.0	0.0	0.0	0.0	0.0	0.0	0.0	0.0	0.0	0.0	0.0	0.0
37317.6793360917	11.790270816789416	139.01048593323617	1392609191.0313654	49445.3607600063	1420.746327477049	2018520.127039522	2444843700.6871705	36794.67102111047	-182.8259040300836	33425.31118441735	1353847815.5517468	37905.84415718658	39368.94938083506	1.414296	51.418163	0.03870122	0.0221055	0.1136732577	-0.0269130971	0.0180025567	-0.0533610261	0.0002696483	0.0014935497	0.0537433779	0.0413256338	0.0593525879	0.0294994807	-0.0136385974	0.0029635797	-0.0283851665	-0.0162103719	0.0173087987	-0.0339685324	-0.0463850952	-0.0204148789	0.0046939296	-0.0123983224	-0.0119340748	-0.0272971583	0.0353795007	-0.0425416776	0.0394946635	0.0410328397	0.0293901303	1.306e-07	-0.0046234408	-0.0048506313	-0.0073899453	0.0348846785	-0.0571110749	0.0010056086	0.0569515197	0.0546222637	0.0508104782	0.0456196209	0.0391905793	-0.0306139	-0.0118803	0.00014114152809	0.0009372108732099	-0.0075684	-0.01672557	0.0002797446918248	5.7280678560000006e-05	0.0293785	0.0066594999999999	0.0008630962622499	4.434894024999999e-05	-0.00233574	0.0	0.0	5.455681347600001e-06	2.56231e-05	0.0	6.565432536099998e-10	0.0	0.00024449	-6.871700000000004e-05	4.722026089000006e-09	5.97753601e-08	0.0	0.0	0.0	0.0	0.0	0.0	0.0	0.0	0.0	0.0	0.0	0.0	0.0	0.0	0.0	0.0	0.0	0.0	0.0	0.0	0.0	0.0	0.0	0.0	0.0	0.0	0.0	0.0	0.0	0.0	0.0	0.0	0.0	0.0	0.0	0.0	0.0	0.0	0.0	0.0	0.0	0.0	0.0	0.0	0.0	0.0	0.0	0.0	0.0	0.0	0.0	0.0	0.0	0.0	0.0	0.0	0.0	0.0	0.0	0.0	0.0	0.0	0.0	0.0	0.0	0.0	0.0	0.0	0.0	0.0	0.0	0.0	0.0	0.0	0.0	0.0	0.0	0.0
37318.59867316485	0.9193370731518372	0.8451806540713863	1392677806.9287417	48035.17727733449	-1410.183482671804	1988617.4548003783	2307378256.064952	37022.19966605098	227.52864494051028	51769.28426846479	1370643268.1129456	38007.86277652138	40122.696492344185	1.470591	53.464802	0.137844065	0.0691676	0.1248146813	-0.0271932561	0.0144363193	0.0105723182	-0.0248079232	0.0079296923	-0.0098065254	0.0222500703	-0.0062825043	0.0233513489	-0.0277857376	-0.0038456516	-5.4259e-06	0.0037113787	-0.0316448047	-0.00717974	-0.0183183284	0.0135271512	0.0027062449	-0.0006886382	-0.0085804809	-0.0193295818	0.0221962816	0.005795259	0.0301142672	0.0019152727	0.0186107727	-0.0163410312	-0.0264658879	-0.0256278422	-0.0687962507	-0.0078546216	-0.0121686135	0.0220062378	0.0569011056	0.0544234319	0.0503735805	0.044868543	0.0380673484	-0.0284281	0.0021857999999999	4.777721639999992e-06	0.00080815686961	0.00921062	0.01677902	0.0002815355121603	8.483552078439999e-05	0.0042126	-0.0251658999999999	1.7745998760000004e-05	0.0006333225228099	-0.00144106	0.00089468	8.004523024000003e-07	2.0766539236e-06	0.00062329	0.0005976668999999	3.884904241e-07	3.572057233556099e-07	-0.00013743	-0.00038192	1.458628864e-07	1.88870049e-08	0.0	0.0	0.0	0.0	0.0	0.0	0.0	0.0	0.0	0.0	0.0	0.0	0.0	0.0	0.0	0.0	0.0	0.0	0.0	0.0	0.0	0.0	0.0	0.0	0.0	0.0	0.0	0.0	0.0	0.0	0.0	0.0	0.0	0.0	0.0	0.0	0.0	0.0	0.0	0.0	0.0	0.0	0.0	0.0	0.0	0.0	0.0	0.0	0.0	0.0	0.0	0.0	0.0	0.0	0.0	0.0	0.0	0.0	0.0	0.0	0.0	0.0	0.0	0.0	0.0	0.0	0.0	0.0	0.0	0.0	0.0	0.0	0.0	0.0	0.0	0.0	0.0	0.0
37058.2431815052	-260.35549165965494	67784.98203734065	1373313387.6995764	47987.72666779288	-47.45060954161454	2251.560345870761	2302821910.7428	36965.60505867946	-56.59460737152404	3202.9495835369626	1366455957.3542683	37948.27731588085	25423.836681740577	0.838746	30.493439	0.10000561	0.0591564	-0.0559310316	0.0253246008	-0.0423618521	0.0087799785	-0.0216146325	-0.0272462279	-0.0206946446	0.021451781	-0.016606751	0.0245707541	-0.0283269021	-0.0046020061	-0.0083577516	-0.012672158	0.0079495564	0.0046615722	0.0098621976	0.0042856027	-0.0155102974	0.0015310797	-0.0087021866	0.0122289287	0.0100614148	0.003651041	-0.0097161404	0.0111570631	-0.0109860502	-0.0074144579	-0.0062806329	0.0671937015	0.019083132	-0.0052644244	0.0070639847	0.0038815039	0.0568491315	0.0542186319	0.0499242538	0.0440977843	0.036918028	-0.0284121	1.6000000000002124e-05	2.56000000000068e-10	0.00080724742641	-0.00207009	-0.01128071	0.0001272544181041	4.285272608100001e-06	0.0249494	0.0207368	0.00062247256036	0.00043001487424	-0.000331501	0.001109559	1.231121174481e-06	1.09892913001e-07	0.000373407	-0.0002498829999999	1.3943278764900006e-07	6.244151368899999e-08	-0.00013743	0.0	0.0	1.88870049e-08	0.0	0.0	0.0	0.0	0.0	0.0	0.0	0.0	0.0	0.0	0.0	0.0	0.0	0.0	0.0	0.0	0.0	0.0	0.0	0.0	0.0	0.0	0.0	0.0	0.0	0.0	0.0	0.0	0.0	0.0	0.0	0.0	0.0	0.0	0.0	0.0	0.0	0.0	0.0	0.0	0.0	0.0	0.0	0.0	0.0	0.0	0.0	0.0	0.0	0.0	0.0	0.0	0.0	0.0	0.0	0.0	0.0	0.0	0.0	0.0	0.0	0.0	0.0	0.0	0.0	0.0	0.0	0.0	0.0	0.0	0.0	0.0	0.0	0.0	0.0	0.0	0.0	0.0
37009.337541894296	-48.90563961090084	2391.761585751313	1369691065.2898664	48047.19155088307	59.464883090193325	3536.07232093036	2308532615.9272494	37013.92399445668	48.31893577722076	2334.7195546431844	1370030569.467416	37975.830254705776	23550.09333415051	0.838078	30.469168	0.07908001	0.0547473	-0.0808741712	0.0319511379	-0.0497542259	0.020175589	-0.0358385395	0.0349291872	-0.0314341809	0.0161931913	-0.0281757227	0.0223019597	-0.0282302498	-0.0021452633	0.0036769556	-0.0092330022	-0.0290864121	0.0019354971	0.0043241601	-0.0083712233	0.0075979519	-0.0111648338	-0.0090490844	0.0518083664	0.0170771468	0.0035916166	-0.0048461636	0.0090036477	-0.0368341697	0.0374209907	0.0618083272	0.0099999809	-0.0053511931	0.0052579199	0.0227902933	0.0405231256	0.0567955989	0.0540078863	0.049462609	0.0433076828	0.0357434058	-0.0284354	-2.3300000000000404e-05	5.428900000000188e-10	0.00080857197316	-0.0114133	-0.00934321	8.72955731041e-05	0.00013026341689	0.0725528	0.0476034	0.00526390878784	0.00226608369156	-0.000690001	-0.0003585	1.2852225e-07	4.76101380001e-07	0.000289705	-8.3702e-05	8.392898702500002e-08	7.006024804000001e-09	-0.00013743	0.0	0.0	1.88870049e-08	0.0	0.0	0.0	0.0	0.0	0.0	0.0	0.0	0.0	0.0	0.0	0.0	0.0	0.0	0.0	0.0	0.0	0.0	0.0	0.0	0.0	0.0	0.0	0.0	0.0	0.0	0.0	0.0	0.0	0.0	0.0	0.0	0.0	0.0	0.0	0.0	0.0	0.0	0.0	0.0	0.0	0.0	0.0	0.0	0.0	0.0	0.0	0.0	0.0	0.0	0.0	0.0	0.0	0.0	0.0	0.0	0.0	0.0	0.0	0.0	0.0	0.0	0.0	0.0	0.0	0.0	0.0	0.0	0.0	0.0	0.0	0.0	0.0	0.0	0.0	0.0	0.0	0.0
36991.90824103608	-17.429300858217175	303.78052840625	1368401275.313233	48728.28081147253	681.0892605894551	463882.5808902907	2374445350.841721	36817.54542167358	-196.3785727830982	38564.5438483266	1355531650.8769972	37854.114383223685	23405.50355759828	1.308606	47.575676	0.057789195	0.0305914	-0.0833904401	0.0296239497	-0.0395288959	-0.0292710322	-0.0097224833	-0.0158408979	0.0234694702	0.0335616171	0.0286143368	0.0278167878	-0.0204277476	2.9836e-06	-0.0200485404	-0.026610674	0.0199671244	-0.0250513876	-0.0141051082	-0.0431071027	0.0032942024	0.015579809	-0.0082185345	0.0324376093	0.0282661901	-0.0041983676	-0.0054830063	0.0030186427	-0.0222926759	0.0081591414	-0.0411464849	0.082385378	-0.0168231562	0.0254240735	0.0278976965	0.0081291968	0.0567405092	0.0537912181	0.0489887601	0.0424985851	0.0345442869	-0.0284092	2.620000000000053e-05	6.864400000000277e-10	0.00080708264464	-0.0172074	-0.0057941	3.357159481000002e-05	0.00029609461476	0.0497802	-0.0227726	0.0024780683120399	0.00051859131076	-0.000735932	-4.593100000000003e-05	2.109656761000003e-09	5.41595908624e-07	2.56231e-05	-0.0002640819	6.565432536099998e-10	6.973924990761002e-08	0.000136483	0.000273913	7.502833156899999e-08	1.8627609289e-08	0.0	0.0	0.0	0.0	0.0	0.0	0.0	0.0	0.0	0.0	0.0	0.0	0.0	0.0	0.0	0.0	0.0	0.0	0.0	0.0	0.0	0.0	0.0	0.0	0.0	0.0	0.0	0.0	0.0	0.0	0.0	0.0	0.0	0.0	0.0	0.0	0.0	0.0	0.0	0.0	0.0	0.0	0.0	0.0	0.0	0.0	0.0	0.0	0.0	0.0	0.0	0.0	0.0	0.0	0.0	0.0	0.0	0.0	0.0	0.0	0.0	0.0	0.0	0.0	0.0	0.0	0.0	0.0	0.0	0.0	0.0	0.0	0.0	0.0	0.0	0.0	0.0	0.0
37072.50927956392	80.60103852784232	6496.527411766722	1374370944.283353	47790.88591227599	-937.3948991965372	878709.197039686	2283968776.2801795	36998.13671339311	180.591291719531	32613.214644928747	1368862120.2629273	37967.42615474232	30729.11934052991	1.132252	41.164158	0.146119255	0.0731534999999999	0.0074161291	0.0094353872	-0.0224810077	0.0107654676	-0.0166781772	-0.0213617326	-0.0051038904	0.0202514012	-0.003122099	0.019881365	-0.0255057549	-0.0018511739	0.0004739155	0.0011240186	-0.0286127273	-0.0125329049	-0.0141117632	0.004965468	0.00929839	0.0165754725	-0.0162116055	-0.0001146665	0.002132993	0.0070487721	0.0085528449	0.0113108453	-0.0056883834	0.0420117373	0.0241633864	0.0305493244	0.013633287	0.0526045613	-0.0344561682	0.0171794237	0.0566838639	0.0535686511	0.0485028239	0.0416708462	0.0333214931	-0.0446353	-0.0162261	0.00026328632121	0.00199231000609	0.0317449	0.0489523	0.00239632767529	0.00100773867601	0.0132282	-0.0365519999999999	0.00017498527524	0.0013360487039999	-0.000333804	0.000402128	1.6170692838400001e-07	1.11425110416e-07	-0.000443746	-0.0004693691	1.9691051251600002e-07	2.2030735203481e-07	0.000120203	-1.6279999999999986e-05	2.6503839999999954e-10	1.4448761209e-08	0.0	0.0	0.0	0.0	0.0	0.0	0.0	0.0	0.0	0.0	0.0	0.0	0.0	0.0	0.0	0.0	0.0	0.0	0.0	0.0	0.0	0.0	0.0	0.0	0.0	0.0	0.0	0.0	0.0	0.0	0.0	0.0	0.0	0.0	0.0	0.0	0.0	0.0	0.0	0.0	0.0	0.0	0.0	0.0	0.0	0.0	0.0	0.0	0.0	0.0	0.0	0.0	0.0	0.0	0.0	0.0	0.0	0.0	0.0	0.0	0.0	0.0	0.0	0.0	0.0	0.0	0.0	0.0	0.0	0.0	0.0	0.0	0.0	0.0	0.0	0.0	0.0	0.0
36957.46309696647	-115.04618259744892	13235.624130245562	1365854078.5636387	47575.92665251962	-214.95925975636783	46207.48335500562	2263468796.845927	36919.05712408504	-79.07958930807217	6253.581445133363	1363016778.9314544	37855.13164587902	23492.248465763583	1.063245	38.65535	0.067390025	0.0334505	-0.0793407241	0.0309919615	-0.0524369989	0.0282015004	-0.0294183113	0.0002161756	-0.0451127341	0.0143650647	-0.0411590904	0.0222081678	-0.0274828747	-0.0009110609	-0.0034238818	-0.0086537544	0.0043722019	0.0137844947	0.0293802489	0.0157650461	-0.0193210554	-0.0258467288	-0.0151449082	0.0466368896	0.0028642375	0.0255699477	-0.0038176188	0.0045579661	-0.0497219556	0.0138409104	-0.0071087484	0.030424064	-0.0197700409	-0.0102233676	0.063267256	0.0358704341	0.0566256646	0.0533402097	0.0480049204	0.040824829	0.0320758624	-0.028406	0.0162293	0.00026339017849	0.000806900836	0.031727	-1.7900000000001248e-05	3.2041000000004465e-10	0.001006602529	0.0342219	0.0209936999999999	0.00117113843961	0.0004407354396899	-0.000509858	-0.0001760539999999	3.0995010915999995e-08	2.59955180164e-07	-9.49905e-05	0.0003487555	9.02319509025e-09	1.2163039878025e-07	4.203e-05	-7.8173e-05	6.111017928999999e-09	1.7665209000000003e-09	0.0	0.0	0.0	0.0	0.0	0.0	0.0	0.0	0.0	0.0	0.0	0.0	0.0	0.0	0.0	0.0	0.0	0.0	0.0	0.0	0.0	0.0	0.0	0.0	0.0	0.0	0.0	0.0	0.0	0.0	0.0	0.0	0.0	0.0	0.0	0.0	0.0	0.0	0.0	0.0	0.0	0.0	0.0	0.0	0.0	0.0	0.0	0.0	0.0	0.0	0.0	0.0	0.0	0.0	0.0	0.0	0.0	0.0	0.0	0.0	0.0	0.0	0.0	0.0	0.0	0.0	0.0	0.0	0.0	0.0	0.0	0.0	0.0	0.0	0.0	0.0	0.0	0.0
36927.277853462765	-30.18524350370717	911.148925378096	1363623849.6668415	47966.430372482224	390.5037199626022	152493.15530463043	2300778442.678185	36989.5197174022	70.46259331716283	4964.977056979879	1368224568.9240863	37964.70993261148	23649.231698886982	0.929058	33.776848	0.126014195	0.0657922	-0.079561847	0.0316608278	-0.0467413239	0.0068136409	-0.0157164994	-0.0326104257	-0.0171337262	0.0187716346	-0.0134918755	0.0210217046	-0.0281543163	0.0013090732	0.0031502529	-0.007851344	-0.0256256216	-0.0103486748	0.0026334165	-0.0183308473	0.0065205514	-0.0159782149	-0.0123624255	0.0491609275	0.0145951263	0.0016202843	-0.0086524052	0.0301910903	-0.0170009295	0.0178702986	0.0072354629	0.0831472318	0.0311210728	0.025601141	0.0102657646	0.0057106871	0.0565659128	0.0531059189	0.0474951725	0.0399609048	0.0308082484	-0.0284787	-7.269999999999846e-05	5.285289999999776e-09	0.0008110363536899	0.00155798	-0.0301690199999999	0.0009101697677603	2.4273016804e-06	0.07799	0.0437681	0.0060824401	0.00191564657761	-0.000918849	-0.000408991	1.6727363808100004e-07	8.44283484801e-07	0.000381119	0.0004761095	1.4525169216100006e-07	2.2668025599025e-07	0.000197017	0.0001549869999999	2.4020970168999998e-08	3.8815698289e-08	0.0	0.0	0.0	0.0	0.0	0.0	0.0	0.0	0.0	0.0	0.0	0.0	0.0	0.0	0.0	0.0	0.0	0.0	0.0	0.0	0.0	0.0	0.0	0.0	0.0	0.0	0.0	0.0	0.0	0.0	0.0	0.0	0.0	0.0	0.0	0.0	0.0	0.0	0.0	0.0	0.0	0.0	0.0	0.0	0.0	0.0	0.0	0.0	0.0	0.0	0.0	0.0	0.0	0.0	0.0	0.0	0.0	0.0	0.0	0.0	0.0	0.0	0.0	0.0	0.0	0.0	0.0	0.0	0.0	0.0	0.0	0.0	0.0	0.0	0.0	0.0	0.0	0.0
36950.16451205589	22.886658593124597	523.7991415582438	1365314657.4679945	48701.08253457309	734.6521620908679	539713.7992647869	2371795440.0393004	36822.59521323668	-166.9245041655231	27863.79009090574	1355903518.237881	37860.72462193896	23341.21328114869	0.936793	34.058041	0.098418065	0.048498	-0.0798719008	0.0310183395	-0.044190852	-0.0116198543	-0.0189445672	0.0295352902	-0.0022514114	0.0265959567	0.0033609821	0.0263183081	-0.0243918589	0.0009100822	-0.0078614761	-0.014536382	0.010312886	-0.0081811223	0.0059682682	-0.0143894386	-0.0031861255	-0.0016814836	-0.0143023106	0.0366152191	0.0319153839	0.0093625697	0.0064300019	0.0127768017	-0.0294711669	0.0534561458	0.0361434754	0.0131517965	-0.0398840046	0.0165976326	0.0510619707	0.0299017124	0.0565046103	0.0528658045	0.0469737057	0.0390794523	0.0295195201	-0.0284265	5.2199999999998775e-05	2.724839999999872e-09	0.00080806590225	0.0137528	0.01219482	0.0001487136348324	0.00018913950784	0.050267	-0.027723	0.002526771289	0.000768564729	-0.000509858	0.000408991	1.6727363808100004e-07	2.59955180164e-07	-4.44039e-05	-0.0004255229	1.97170633521e-09	1.8106973842441e-07	-0.00013743	-0.000334447	1.1185479580899999e-07	1.88870049e-08	0.0	0.0	0.0	0.0	0.0	0.0	0.0	0.0	0.0	0.0	0.0	0.0	0.0	0.0	0.0	0.0	0.0	0.0	0.0	0.0	0.0	0.0	0.0	0.0	0.0	0.0	0.0	0.0	0.0	0.0	0.0	0.0	0.0	0.0	0.0	0.0	0.0	0.0	0.0	0.0	0.0	0.0	0.0	0.0	0.0	0.0	0.0	0.0	0.0	0.0	0.0	0.0	0.0	0.0	0.0	0.0	0.0	0.0	0.0	0.0	0.0	0.0	0.0	0.0	0.0	0.0	0.0	0.0	0.0	0.0	0.0	0.0	0.0	0.0	0.0	0.0	0.0	0.0
36896.41648270578	-53.74802935010666	2888.850659019927	1361345549.2652829	47759.07088756109	-942.0116470120048	887385.9431062697	2280928852.043085	36936.87904204737	114.28382881068684	13060.793527630372	1364333033.366838	37906.93705089547	23485.54128424722	0.932148	33.889172	0.03228808	0.0195995	-0.0788338384	0.0310155887	-0.043248238	0.0122351028	-0.0216424868	-0.0324921741	-0.0176277842	0.0195314496	-0.014534402	0.0218396087	-0.0271572666	0.0005610293	0.0041958189	0.0019898604	-0.028469859	-0.0051281655	0.0038306107	0.0001154704	-0.0016635178	0.000557137	-0.0194703857	0.0299548775	0.0014159053	0.0117444584	-0.0010661905	0.0123505927	-0.0149677057	0.0051979608	-0.028674079	0.0786800705	0.0020633452	0.0269491678	0.0174119292	0.0169071044	0.0564417587	0.0526198927	0.046440649	0.0381808583	0.0282105605	-0.0328365	-0.0044099999999999	1.9448099999999977e-05	0.0010782357322499	0.0137602	7.399999999999421e-06	5.4759999999991425e-11	0.00018934310404	0.033455	-0.016812	0.0011192370249999	0.000282643344	-0.000509858	0.0	0.0	2.59955180164e-07	-7.83292e-05	-3.3925300000000005e-05	6.13546357264e-09	1.1509259800900003e-09	4.98183e-05	0.0001872483	3.5061925852889994e-08	2.4818630148899997e-09	0.0	0.0	0.0	0.0	0.0	0.0	0.0	0.0	0.0	0.0	0.0	0.0	0.0	0.0	0.0	0.0	0.0	0.0	0.0	0.0	0.0	0.0	0.0	0.0	0.0	0.0	0.0	0.0	0.0	0.0	0.0	0.0	0.0	0.0	0.0	0.0	0.0	0.0	0.0	0.0	0.0	0.0	0.0	0.0	0.0	0.0	0.0	0.0	0.0	0.0	0.0	0.0	0.0	0.0	0.0	0.0	0.0	0.0	0.0	0.0	0.0	0.0	0.0	0.0	0.0	0.0	0.0	0.0	0.0	0.0	0.0	0.0	0.0	0.0	0.0	0.0	0.0	0.0
37049.3485362597	152.93205355391547	23388.21300421767	1372654226.9612486	48609.4690600933	850.3981725322155	723177.0518461318	2362880482.304168	36884.73110756008	-52.147934487285966	2719.407071290269	1360483388.8770103	37920.06039039657	28303.665101195107	0.940733	34.201279	0.07102779	0.0404481	-0.0161060691	0.0134136962	-0.0386156119	-0.0086795886	-0.0251183263	0.0187352601	-0.0054619102	0.025760628	-0.0006713395	0.0260124274	-0.0230690488	0.0060725998	-0.0195679043	-0.0135034154	0.0261787	-0.0113109202	-0.0088236519	-0.0112554292	-0.0012885041	-0.0049124689	-0.022469377	0.0155058964	0.0294747181	-0.0205349557	0.0113901142	0.0075879361	-0.0219876779	0.0353790459	0.0649235716	0.0016483049	-0.0077281881	0.0003837058	-0.0200794244	0.0252506627	0.0563773597	0.0523682106	0.0458961336	0.037265517	0.0268822669	-0.0305647	0.0022717999999999	5.1610752399999886e-06	0.00093420088609	0.0242413	0.0104811	0.00010985345721	0.00058764062569	0.0505733	0.0171183	0.00255765867289	0.00029303619489	-0.00114607	-0.0006362119999999	4.047657089439999e-07	1.3134764448999995e-06	3.34827e-05	0.0001118119	1.1210911992899995e-09	1.250190098161e-08	-2.52896e-05	-7.510789999999999e-05	5.641196642409999e-09	6.3956386816e-10	0.0	0.0	0.0	0.0	0.0	0.0	0.0	0.0	0.0	0.0	0.0	0.0	0.0	0.0	0.0	0.0	0.0	0.0	0.0	0.0	0.0	0.0	0.0	0.0	0.0	0.0	0.0	0.0	0.0	0.0	0.0	0.0	0.0	0.0	0.0	0.0	0.0	0.0	0.0	0.0	0.0	0.0	0.0	0.0	0.0	0.0	0.0	0.0	0.0	0.0	0.0	0.0	0.0	0.0	0.0	0.0	0.0	0.0	0.0	0.0	0.0	0.0	0.0	0.0	0.0	0.0	0.0	0.0	0.0	0.0	0.0	0.0	0.0	0.0	0.0	0.0	0.0	0.0
36930.36286525244	-118.98567100725631	14157.589905047036	1363851701.3592165	48950.589789367965	341.1207292746621	116363.35194087734	2396160240.7269754	36806.1219706742	-78.60913688588334	6179.396401943545	1354690614.520146	37866.47842128107	24434.60024235093	1.249973	45.444012	0.112036475	0.0693326	-0.0648106821	0.0234236487	-0.0280806576	-0.0431076339	0.0048569182	-0.0302891409	0.0528484994	0.0352660747	0.0566597037	0.0241736925	-0.0116672447	0.0090930936	-0.0270612329	-0.0153192716	-0.0118614994	-0.0439499484	-0.0452354202	-0.0503510643	0.0258153747	0.0228033411	-0.0164195456	0.0105897125	0.0353923436	-0.0359338235	0.0211983333	0.0130493648	-0.0005547909	-0.0147020526	-0.0643241024	0.0595487985	-0.0569307389	0.0197748987	0.0070437373	0.0257992851	0.0563114151	0.0521107857	0.0453402941	0.0363338297	0.0255355494	-0.0284776	0.0020871	4.355986410000006e-06	0.0008109737017599	-0.0366676	-0.0609089	0.00370989409921	0.00134451288976	0.0751938	0.0246205	0.00565410755844	0.00060616902025	-0.00135421	-0.00020814	4.3322259600000045e-08	1.8338847241e-06	7.09326e-05	3.744990000000001e-05	5.0314337427600014e-09	1.4024950100100004e-09	0.00021752	0.0002428096	5.895650185216e-08	4.73149504e-08	0.0	0.0	0.0	0.0	0.0	0.0	0.0	0.0	0.0	0.0	0.0	0.0	0.0	0.0	0.0	0.0	0.0	0.0	0.0	0.0	0.0	0.0	0.0	0.0	0.0	0.0	0.0	0.0	0.0	0.0	0.0	0.0	0.0	0.0	0.0	0.0	0.0	0.0	0.0	0.0	0.0	0.0	0.0	0.0	0.0	0.0	0.0	0.0	0.0	0.0	0.0	0.0	0.0	0.0	0.0	0.0	0.0	0.0	0.0	0.0	0.0	0.0	0.0	0.0	0.0	0.0	0.0	0.0	0.0	0.0	0.0	0.0	0.0	0.0	0.0	0.0	0.0	0.0
36909.21836266104	-21.14450259139994	447.08998983771886	1362290400.142595	48309.93250726636	-640.6572821016016	410441.7531098111	2333849578.8566318	36899.33774518522	93.21577451102348	8689.180617689975	1361561126.0332508	37927.920183433846	23575.448485315093	1.093712	39.762989	0.12180134	0.0714411	-0.0780758352	0.0316011018	-0.0394006077	-0.0093685133	-0.0078026698	-0.0253501824	0.0112650738	0.0254403912	0.0141241599	0.0215301941	-0.0210365925	0.0053374011	-0.0131641615	-0.0062918609	0.0025326484	-0.0173490614	-0.0084747263	-0.0150640638	0.0082649329	0.0136137121	-0.0155638816	0.0182125934	0.0181990245	-0.0124838232	0.0060141858	0.0226335735	-0.0213039317	0.0547493308	0.0127093163	0.0488917765	0.0273957189	0.049718044	-0.0100274705	0.021947524	0.0562439267	0.0518476463	0.0447732676	0.0353862052	0.0241713312	-0.0284431	3.449999999999981e-05	1.1902499999999867e-09	0.0008090099376099	0.00562073	0.04228833	0.0017883028541888	3.15926057329e-05	0.040526	-0.0346678	0.0016423566759999	0.00120185635684	-0.00062296	0.00073125	5.347265625e-07	3.880791616e-07	2.59511e-05	-4.49815e-05	6.7345959121e-10	2.02333534225e-09	9.75373e-05	-0.0001199826999999	1.4395848299289996e-08	9.51352489129e-09	0.0	0.0	0.0	0.0	0.0	0.0	0.0	0.0	0.0	0.0	0.0	0.0	0.0	0.0	0.0	0.0	0.0	0.0	0.0	0.0	0.0	0.0	0.0	0.0	0.0	0.0	0.0	0.0	0.0	0.0	0.0	0.0	0.0	0.0	0.0	0.0	0.0	0.0	0.0	0.0	0.0	0.0	0.0	0.0	0.0	0.0	0.0	0.0	0.0	0.0	0.0	0.0	0.0	0.0	0.0	0.0	0.0	0.0	0.0	0.0	0.0	0.0	0.0	0.0	0.0	0.0	0.0	0.0	0.0	0.0	0.0	0.0	0.0	0.0	0.0	0.0	0.0	0.0
36955.88773607497	46.66937341392622	2178.030414848484	1365737638.3613763	47650.316408564126	-659.6160987022377	435093.39766716014	2270552653.836276	37015.39905595387	116.06131076865132	13470.227857337455	1370139767.2715108	37938.64705317983	26112.524248262987	1.208501	43.936283	0.05211698	0.0272968	-0.043131406	0.0246813144	-0.0440032431	0.0303222505	-0.0308280542	0.0050102582	-0.0448207892	0.0080765535	-0.0424140877	0.01643141	-0.0269997938	0.0047935857	0.0006813431	0.0099171268	-0.0298179006	0.0084315208	0.0150977445	0.021302208	-0.0085457521	-0.0134448246	-0.0294250708	0.023521053	-0.0122569978	0.0097173076	0.0207180274	0.0051065652	-0.0283177676	0.0198859379	-0.0158789046	0.0249841858	-0.0486012917	0.000657496	0.0372519892	0.0276022643	0.0561748964	0.0515788212	0.0441951939	0.0344230592	0.0227905472	-0.0430785	-0.0146354	0.00021419493316	0.0018557571622499	0.0178904	0.01226967	0.0001505448019089	0.00032006641216	0.035031	-0.005495	0.001227170961	3.0195025e-05	-0.00062296	0.0	0.0	3.880791616e-07	-0.000364856	-0.0003908071	1.33119900736e-07	1.5273018941041e-07	9.40062e-05	-3.531100000000011e-06	1.2468667210000075e-11	8.83716563844e-09	0.0	0.0	0.0	0.0	0.0	0.0	0.0	0.0	0.0	0.0	0.0	0.0	0.0	0.0	0.0	0.0	0.0	0.0	0.0	0.0	0.0	0.0	0.0	0.0	0.0	0.0	0.0	0.0	0.0	0.0	0.0	0.0	0.0	0.0	0.0	0.0	0.0	0.0	0.0	0.0	0.0	0.0	0.0	0.0	0.0	0.0	0.0	0.0	0.0	0.0	0.0	0.0	0.0	0.0	0.0	0.0	0.0	0.0	0.0	0.0	0.0	0.0	0.0	0.0	0.0	0.0	0.0	0.0	0.0	0.0	0.0	0.0	0.0	0.0	0.0	0.0	0.0	0.0
36957.05255540875	1.1648193337823614	1.3568040803531842	1365823733.5832446	48418.75202254888	768.4356139847514	590493.2928401219	2344375547.421081	36937.70758461756	-77.69147133631486	6035.964718401434	1364394241.6067135	37971.79221399854	23397.55399762545	1.157089	42.067139	0.09519578	0.0492837	-0.0768883056	0.0304229121	-0.0428776892	-0.0109166944	-0.0053637171	-0.0267031141	0.0020870819	0.0244570284	0.0067806335	0.0223624774	-0.0217299507	0.0075321548	-0.0156797148	-0.013209478	0.0137082582	-0.0161978918	-0.0017827624	-0.0242857502	0.0106365773	-0.0028737068	-0.0177148293	0.0370039094	0.0328248895	-0.0149772514	-0.0121342234	0.0254004339	-0.0203896393	0.000491134	0.0124927889	0.0831990734	0.0398652665	0.0145969811	0.0082659638	0.0185026384	0.0561043259	0.0513043398	0.0436062158	0.0334448141	0.0213941436	-0.0284261	0.0146524	0.0002146928257599	0.0008080431612099	0.0316758	0.0137853999999999	0.0001900372531599	0.0010033563056399	0.0756924	0.0406614	0.00572933941776	0.00165334944996	-0.000783522	-0.000160562	2.5780155844000016e-08	6.13906724484e-07	-8.22432e-05	0.0002826127999999	6.7639439462400014e-09	7.986999472383999e-08	0.000172763	7.875680000000002e-05	6.202633546240002e-09	2.9847054169000013e-08	0.0	0.0	0.0	0.0	0.0	0.0	0.0	0.0	0.0	0.0	0.0	0.0	0.0	0.0	0.0	0.0	0.0	0.0	0.0	0.0	0.0	0.0	0.0	0.0	0.0	0.0	0.0	0.0	0.0	0.0	0.0	0.0	0.0	0.0	0.0	0.0	0.0	0.0	0.0	0.0	0.0	0.0	0.0	0.0	0.0	0.0	0.0	0.0	0.0	0.0	0.0	0.0	0.0	0.0	0.0	0.0	0.0	0.0	0.0	0.0	0.0	0.0	0.0	0.0	0.0	0.0	0.0	0.0	0.0	0.0	0.0	0.0	0.0	0.0	0.0	0.0	0.0	0.0
36944.1037043795	-12.948851029250363	167.6727429777182	1364866798.519947	48048.69454883738	-370.0574737114948	136942.53384973368	2308677047.847475	37040.886002532745	103.17841791518732	10645.785923481046	1372027235.8526263	38004.07606725146	23514.706272489304	0.97973	35.619083	0.108285355	0.0754077999999999	-0.075300779	0.0334793927	-0.0413108392	0.0149011341	-0.023369776	0.0141979366	-0.018672991	0.0159034053	-0.0160758381	0.0188518794	-0.0262505284	0.0076656933	0.0034322809	4.05504e-05	-0.0273776497	-0.0065902064	0.0088447442	-0.0159547859	0.0082300017	-0.0089178908	-0.0117718329	0.0453310881	0.0104110436	-0.0024383373	0.0039765687	0.0277339826	-0.0205478891	0.0598902972	0.0485362053	0.0140279034	-0.024954716	0.0123869159	0.0330201141	0.0266238373	0.0560322174	0.0510242324	0.0430064784	0.032451899	0.0199830776	-0.0284741	-4.799999999999943e-05	2.303999999999945e-09	0.0008107743708099	-0.0416419	-0.0733177	0.00537548513329	0.00173404783561	0.0798598999999999	0.0041674999999998	0.0063776036280099	1.736805624999911e-05	-0.00062296	0.000160562	2.5780155844000016e-08	3.880791616e-07	6.54229e-05	0.0001476661	4.280155844409999e-09	2.180527708921e-08	0.000479578	0.000306815	9.4135444225e-08	2.29995058084e-07	0.0	0.0	0.0	0.0	0.0	0.0	0.0	0.0	0.0	0.0	0.0	0.0	0.0	0.0	0.0	0.0	0.0	0.0	0.0	0.0	0.0	0.0	0.0	0.0	0.0	0.0	0.0	0.0	0.0	0.0	0.0	0.0	0.0	0.0	0.0	0.0	0.0	0.0	0.0	0.0	0.0	0.0	0.0	0.0	0.0	0.0	0.0	0.0	0.0	0.0	0.0	0.0	0.0	0.0	0.0	0.0	0.0	0.0	0.0	0.0	0.0	0.0	0.0	0.0	0.0	0.0	0.0	0.0	0.0	0.0	0.0	0.0	0.0	0.0	0.0	0.0	0.0	0.0
36975.183272136346	31.07956775684579	965.9395319523684	1367164178.0080714	48439.05749916691	390.3629503295306	152383.23298997554	2346342291.4075985	36882.47502132045	-158.41098121229152	25094.038968640976	1360316963.698327	37906.75021587171	23277.987761902445	1.025372	37.278439	0.105900655	0.0623505	-0.0764913852	0.0284520536	-0.0410457994	-0.0147616834	-0.0111932094	-0.018930189	0.0056620721	0.0261749531	0.0105984577	0.0237881457	-0.0212144957	0.0087108852	-0.0144898858	-0.0156973267	0.0183462634	-0.0178719736	0.0021927499	-0.0285110958	0.0014837013	0.0046076672	-0.0172759013	0.0370068035	0.0250661935	-0.0047519889	-0.0129817697	0.0103007521	-0.0203794514	6.50164e-05	-0.0252262344	0.089805853	0.0099552513	0.0148533119	0.0182832582	0.0042143176	0.0559585727	0.0507385297	0.0423961298	0.0314447493	0.0185583162	-0.0179965	0.0104776	0.00010978010176	0.0003238740122499	0.0138245	0.0554664	0.00307652152896	0.00019111680025	0.0798602999999999	3.999999999976245e-07	0.0063776675160899	1.5999999999809961e-13	-0.0004262	0.0001967599999999	3.871449759999999e-08	1.8164644e-07	-0.000131899	-0.0001973218999999	1.7397346200999997e-08	3.893593221960999e-08	7.45348e-05	-0.0004050431999999	1.6405999386624e-07	5.555436411040001e-09	0.0	0.0	0.0	0.0	0.0	0.0	0.0	0.0	0.0	0.0	0.0	0.0	0.0	0.0	0.0	0.0	0.0	0.0	0.0	0.0	0.0	0.0	0.0	0.0	0.0	0.0	0.0	0.0	0.0	0.0	0.0	0.0	0.0	0.0	0.0	0.0	0.0	0.0	0.0	0.0	0.0	0.0	0.0	0.0	0.0	0.0	0.0	0.0	0.0	0.0	0.0	0.0	0.0	0.0	0.0	0.0	0.0	0.0	0.0	0.0	0.0	0.0	0.0	0.0	0.0	0.0	0.0	0.0	0.0	0.0	0.0	0.0	0.0	0.0	0.0	0.0	0.0	0.0
36964.05356105428	-11.129711082066931	123.87046877028352	1366341255.6644895	47785.59092560538	-653.4665735615345	427018.5627622524	2283462700.109299	37030.13596208816	147.6609407677097	21803.75342840507	1371230969.370735	37989.82942251462	23842.080254561344	1.065212	38.726833	0.064659965	0.0423175	-0.0708957655	0.0354089032	-0.0378655941	0.0167527714	-0.0246064352	-0.0088143586	-0.0139973202	0.0125710981	-0.0128026987	0.014501957	-0.0247326641	0.007256244	0.004553113	0.0083706679	-0.0318732028	-0.0104785186	-0.0014569446	-0.0023429086	0.0108755217	0.0103146892	-0.0160110713	0.0217123025	-0.005183995	0.001067577	0.000725716	0.0187104166	-0.018153304	0.0599695462	0.0509108248	0.0256219282	0.0269790936	0.0407333817	-0.0170762968	0.026944432	0.0558833938	0.0504472628	0.0417753207	0.030423807	0.0171208358	-0.0284269	-0.0104304	0.00010879324416	0.00080808864361	0.0138048	-1.9699999999999232e-05	3.8808999999996976e-10	0.00019057250304	0.0386965	-0.0411637999999998	0.00149741911225	0.0016944584304399	-0.00062296	-0.0001967599999999	3.871449759999999e-08	3.880791616e-07	-9.45019e-05	3.739709999999999e-05	8.93060910361e-09	1.3985430884099991e-09	4.77706e-05	-2.6764200000000004e-05	7.163224016400001e-10	2.28203022436e-09	0.0	0.0	0.0	0.0	0.0	0.0	0.0	0.0	0.0	0.0	0.0	0.0	0.0	0.0	0.0	0.0	0.0	0.0	0.0	0.0	0.0	0.0	0.0	0.0	0.0	0.0	0.0	0.0	0.0	0.0	0.0	0.0	0.0	0.0	0.0	0.0	0.0	0.0	0.0	0.0	0.0	0.0	0.0	0.0	0.0	0.0	0.0	0.0	0.0	0.0	0.0	0.0	0.0	0.0	0.0	0.0	0.0	0.0	0.0	0.0	0.0	0.0	0.0	0.0	0.0	0.0	0.0	0.0	0.0	0.0	0.0	0.0	0.0	0.0	0.0	0.0	0.0	0.0
37065.14257302212	101.08901196784429	10218.988340634962	1373824793.958457	47932.699265032585	147.10833942720635	21640.86352903016	2297543658.832055	37017.87520436566	-12.26075772250624	150.32617992999644	1370323084.6459897	37987.04261741594	23358.98295337893	1.053652	38.306564	0.089139375	0.0580106	-0.0734334981	0.0293280505	-0.0483280777	0.0136553815	-0.0221626623	-0.0003418624	-0.0341855177	0.0125004119	-0.0301067587	0.0182319238	-0.0227658727	0.0118129367	-0.010818893	-0.0068075678	0.0223375968	0.003814932	0.0204287008	-0.0035009014	-0.0090810733	-0.0332324021	-0.0132839982	0.0548192021	0.0115301633	0.0022178516	-0.0113579712	-0.0052528894	-0.0477130366	-0.0152109867	0.0004933776	0.0381867672	0.0030203113	-0.0146145018	0.0440251173	0.031054309	0.0558066829	0.0501504639	0.0411442041	0.0293895198	0.0156716217	-0.0284131	1.3800000000001311e-05	1.9044000000003615e-10	0.00080730425161	0.0137591	-4.570000000000095e-05	2.088490000000086e-09	0.00018931283281	0.0867691	0.0480726	0.00752887671481	0.00231097487076	-0.0010805	-0.00045754	2.093428516000001e-07	1.1674802500000002e-06	-0.000266688	-0.0001721861	7.1122489344e-08	2.964805303321e-08	0.00023819	0.0001904194	3.625954789636e-08	5.67344761e-08	0.0	0.0	0.0	0.0	0.0	0.0	0.0	0.0	0.0	0.0	0.0	0.0	0.0	0.0	0.0	0.0	0.0	0.0	0.0	0.0	0.0	0.0	0.0	0.0	0.0	0.0	0.0	0.0	0.0	0.0	0.0	0.0	0.0	0.0	0.0	0.0	0.0	0.0	0.0	0.0	0.0	0.0	0.0	0.0	0.0	0.0	0.0	0.0	0.0	0.0	0.0	0.0	0.0	0.0	0.0	0.0	0.0	0.0	0.0	0.0	0.0	0.0	0.0	0.0	0.0	0.0	0.0	0.0	0.0	0.0	0.0	0.0	0.0	0.0	0.0	0.0	0.0	0.0
37087.49728317845	22.354710156323563	499.73306617323584	1375482454.7297688	49044.95308797393	1112.2538229413476	1237108.5666476423	2405407423.401564	37097.6631413814	79.78793701574614	6366.114893228672	1376236610.5514083	38158.235234375	23664.05207869027	1.452568	52.809582	0.06652075	0.0354511	-0.0757357994	0.0315384189	-0.0266691977	-0.0375764135	-0.0019093115	-0.0140769629	0.0427620904	0.0248013177	0.0456483465	0.0158797493	-0.0127761733	0.0139003061	-0.0205269249	-0.0173474889	-0.01224653	-0.0478533635	-0.0379628145	-0.0670610111	0.0371141673	0.0120359983	-0.0046030472	0.0427360097	0.0090658727	-0.0189946092	0.0018871488	0.039094931	0.0033947464	0.0016066629	0.0048925204	0.0729749714	0.0209821239	0.0398012155	-0.0088103173	-0.0069410221	0.055728442	0.0498481654	0.0405029358	0.0283423414	0.014211667	-0.0138939	0.0145192	0.00021080716864	0.00019304045721	0.0229138	0.0091547	8.380853209000003e-05	0.00052504223044	0.115858	0.0290889	0.013423076164	0.00084616410321	-0.0010805	0.0	0.0	1.1674802500000002e-06	-0.000129945	0.000136743	1.6885703024999997e-08	1.8698648049000004e-08	0.000376606	0.0001384159999999	1.9158989055999998e-08	1.41832079236e-07	0.0	0.0	0.0	0.0	0.0	0.0	0.0	0.0	0.0	0.0	0.0	0.0	0.0	0.0	0.0	0.0	0.0	0.0	0.0	0.0	0.0	0.0	0.0	0.0	0.0	0.0	0.0	0.0	0.0	0.0	0.0	0.0	0.0	0.0	0.0	0.0	0.0	0.0	0.0	0.0	0.0	0.0	0.0	0.0	0.0	0.0	0.0	0.0	0.0	0.0	0.0	0.0	0.0	0.0	0.0	0.0	0.0	0.0	0.0	0.0	0.0	0.0	0.0	0.0	0.0	0.0	0.0	0.0	0.0	0.0	0.0	0.0	0.0	0.0	0.0	0.0	0.0	0.0
37098.722124112326	11.224840933879022	125.99705399088607	1376315183.2421014	48755.13328342528	-289.8198045486497	83995.51910861752	2377063021.484564	36999.483945108936	-98.17919627246738	9639.154580707673	1368961812.2043738	38047.10421646565	23420.88634865577	0.9777	35.545246	0.1059866499999999	0.0545444	-0.0737078202	0.0323214257	-0.0373191433	-0.0158569773	-0.0143975231	0.0360173447	0.0132348052	0.0212960468	0.0166624776	0.0180220585	-0.0174439672	0.0151579404	-0.0138465871	-0.0163808742	0.0143436391	-0.0215452451	-0.015093905	-0.0353993822	0.0276877179	-0.015571788	-0.0046578567	0.0617681639	0.0342907787	0.0118434622	0.0032469708	0.0125985262	-0.0418178304	0.0241694422	0.0401301415	-0.0290806359	-0.0018798137	0.0275337159	0.0009160909	0.0280584358	0.0556486733	0.0495404004	0.0398516739	0.0272827311	0.0127419724	-0.0283919	-0.014498	0.000210192004	0.00080609998561	0.0636456	0.0407318	0.0016590795312399	0.0040507623993599	0.122472	0.0066139999999999	0.014999390784	4.374499599999993e-05	-0.00102548	5.5020000000000025e-05	3.0272004000000027e-09	1.0516092304e-06	-0.000443746	-0.000313801	1.9691051251600002e-07	9.847106760100005e-08	-0.00013743	-0.0005140359999999	2.64233009296e-07	1.88870049e-08	0.0	0.0	0.0	0.0	0.0	0.0	0.0	0.0	0.0	0.0	0.0	0.0	0.0	0.0	0.0	0.0	0.0	0.0	0.0	0.0	0.0	0.0	0.0	0.0	0.0	0.0	0.0	0.0	0.0	0.0	0.0	0.0	0.0	0.0	0.0	0.0	0.0	0.0	0.0	0.0	0.0	0.0	0.0	0.0	0.0	0.0	0.0	0.0	0.0	0.0	0.0	0.0	0.0	0.0	0.0	0.0	0.0	0.0	0.0	0.0	0.0	0.0	0.0	0.0	0.0	0.0	0.0	0.0	0.0	0.0	0.0	0.0	0.0	0.0	0.0	0.0	0.0	0.0
37101.84498252216	3.1228584098353167	9.752244647879165	1376546901.1071048	48040.63295481895	-714.5003286063293	510510.7195785525	2307902414.699637	37147.14951932555	147.66557421661128	21805.12180872153	1379910717.4111283	38118.682539976246	23901.19481645217	0.980581	35.649994	0.1330494499999999	0.0711632	-0.0718315178	0.03675715	-0.0365752361	0.0108036101	-0.015562897	-0.0070055217	-0.0138291578	0.0121618944	-0.0112029606	0.0145335369	-0.0247288818	0.0146396974	0.008562855	-0.0105752831	-0.0248266463	-0.0195484991	-0.0012119929	-0.0307499956	0.0240388195	-0.0480569215	-0.0083299782	0.0845977728	-0.0182877221	0.0214169768	0.0059636102	0.03394853	-0.0135312694	-0.0169146106	-0.0213260969	0.0194119054	0.0041124842	0.0247147768	-0.0002902729	0.014684869	0.055567379	0.0492272028	0.0391905793	0.0262111537	0.011263545	-0.0283573	3.4600000000002684e-05	1.1971600000001855e-09	0.0008041364632899	0.089852	0.0262064	0.00068677540096	0.008073381904	0.176863	0.0543909999999999	0.0312805207689999	0.0029583808809999	-0.00154201	-0.0005165299999999	2.6680324089999986e-07	2.3777948401e-06	-0.000614036	-0.0001702899999999	3.77040209296e-07	2.8998684099999994e-08	0.000224099	0.000361529	1.30703217841e-07	5.0220361801000004e-08	0.0	0.0	0.0	0.0	0.0	0.0	0.0	0.0	0.0	0.0	0.0	0.0	0.0	0.0	0.0	0.0	0.0	0.0	0.0	0.0	0.0	0.0	0.0	0.0	0.0	0.0	0.0	0.0	0.0	0.0	0.0	0.0	0.0	0.0	0.0	0.0	0.0	0.0	0.0	0.0	0.0	0.0	0.0	0.0	0.0	0.0	0.0	0.0	0.0	0.0	0.0	0.0	0.0	0.0	0.0	0.0	0.0	0.0	0.0	0.0	0.0	0.0	0.0	0.0	0.0	0.0	0.0	0.0	0.0	0.0	0.0	0.0	0.0	0.0	0.0	0.0	0.0	0.0
37568.25276286838	466.4077803462205	217536.2175674883	1411373615.6547678	48895.65644322978	855.0234884108286	731065.1657342223	2390785219.014358	37377.62199183394	230.47247250839428	53117.56058413255	1397086625.7644284	38397.64087330957	39663.09354958857	1.048338	38.113373	0.40101856	0.243281	0.1205467481	-0.0212191066	0.012139631	-0.0046459851	-0.0235026129	0.0707022073	-0.0268275741	0.0096873461	-0.0232733052	0.0138922117	-0.0257554777	0.0104771594	-0.0146960802	0.024822352	0.0246387148	0.0147055616	0.0101414228	0.0524112671	-0.0275352069	0.053495836	0.0323432897	-0.0941023371	0.0154421103	0.0251403058	-0.0115281211	-0.0004898265	0.0549997268	0.0270542038	0.0327695174	-0.0780811692	0.0223030943	-0.0336956436	-0.0477365191	-0.0549131667	0.0554845612	0.0489086069	0.038519815	0.0251280792	0.0097773982	-0.0283908	-3.350000000000228e-05	1.1222500000001523e-09	0.00080603752464	-0.00523441	-0.09508641	0.009041425366688	2.73990480481e-05	-0.0190707	-0.1959337	0.00036369159849	0.0383900147956899	0.000159511	0.001701521	2.895173713441e-06	2.5443759121000005e-08	-0.000477787	0.0001362489999999	2.28280417369e-07	1.856379000099999e-08	-0.00013743	-0.000361529	1.30703217841e-07	1.88870049e-08	0.0	0.0	0.0	0.0	0.0	0.0	0.0	0.0	0.0	0.0	0.0	0.0	0.0	0.0	0.0	0.0	0.0	0.0	0.0	0.0	0.0	0.0	0.0	0.0	0.0	0.0	0.0	0.0	0.0	0.0	0.0	0.0	0.0	0.0	0.0	0.0	0.0	0.0	0.0	0.0	0.0	0.0	0.0	0.0	0.0	0.0	0.0	0.0	0.0	0.0	0.0	0.0	0.0	0.0	0.0	0.0	0.0	0.0	0.0	0.0	0.0	0.0	0.0	0.0	0.0	0.0	0.0	0.0	0.0	0.0	0.0	0.0	0.0	0.0	0.0	0.0	0.0	0.0
37480.99668424306	-87.25607862532343	7613.623257068623	1404825112.4442391	48228.18494173023	-667.4715014995527	445518.20531406737	2325957822.7737346	37241.99220169578	-135.6297901381622	18395.43997292192	1386965983.1511693	38208.85373960618	41955.543225300265	1.030374	37.460293	0.202709955	0.121327	0.1524576593	-0.033154451	0.0309379718	-0.0007630616	-0.0149609341	0.0284807155	-0.006587298	0.0116300677	-0.0045605813	0.0122432439	-0.0252303766	0.0075069792	-0.0143011471	0.0482728188	-0.0142591969	0.0134110599	-0.0191982512	0.0572898734	-0.0325901201	0.0797680673	0.0560840905	-0.141705921	-0.012620676	0.0012575108	-0.003727765	-0.0155073103	0.0902852911	-0.0621420861	-0.0586027315	-0.0232604052	-0.0454618217	-0.0513638797	0.000635194	-0.0169165216	0.0554002224	0.0485846476	0.0378395465	0.0240339827	0.0082845504	-0.028456	-6.51999999999979e-05	4.251039999999726e-09	0.000809743936	-0.0788356999999999	-0.0736012899999999	0.005417149889664	0.0062150675944899	-0.114608	-0.0955373	0.013134993664	0.00912737569129	-0.000190658	-0.000350169	1.22618328561e-07	3.6350472964e-08	-0.00037008	0.000107707	1.3695920640000004e-07	1.1600797849000005e-08	7.48173e-05	0.0002122472999999	4.504891635728999e-08	5.597628379290001e-09	0.0	0.0	0.0	0.0	0.0	0.0	0.0	0.0	0.0	0.0	0.0	0.0	0.0	0.0	0.0	0.0	0.0	0.0	0.0	0.0	0.0	0.0	0.0	0.0	0.0	0.0	0.0	0.0	0.0	0.0	0.0	0.0	0.0	0.0	0.0	0.0	0.0	0.0	0.0	0.0	0.0	0.0	0.0	0.0	0.0	0.0	0.0	0.0	0.0	0.0	0.0	0.0	0.0	0.0	0.0	0.0	0.0	0.0	0.0	0.0	0.0	0.0	0.0	0.0	0.0	0.0	0.0	0.0	0.0	0.0	0.0	0.0	0.0	0.0	0.0	0.0	0.0	0.0
37404.54134107491	-76.45534316814883	5845.419498959402	1399099712.936182	47424.30505891773	-803.8798828125	646222.8659906387	2249064710.321289	37127.29019869806	-114.70200299772114	13156.54949168923	1378435677.4983408	38061.3767078993	42426.17662898864	0.969928	35.262703	0.0668602649999999	0.0380898	0.1583902988	-0.0341744434	0.020933026	0.0286956958	-0.0135538954	0.0083121551	-0.0326221735	0.0070992614	-0.0315804488	0.0116489157	-0.0228123553	0.0069414786	-0.0193308676	0.0495413126	0.0220911783	0.0390481783	0.0060051908	0.0956800804	-0.053091078	0.0758161553	0.0594724934	-0.1699626007	0.0003611464	-0.0081388023	-0.0213728209	-0.025381612	0.0868073185	-0.03582551	-0.0122303722	-0.0589918289	0.0444901079	-0.061750011	-0.0427400942	-0.0502786585	0.0553143646	0.0482553605	0.0371499417	0.0229293442	0.0067860248	-0.028489	-3.300000000000178e-05	1.0890000000001171e-09	0.000811623121	-0.0754436	0.0033920999999998	1.1506342409999309e-05	0.00569173678096	-0.109257	0.0053509999999999	0.011937092049	2.8633200999999944e-05	0.000450668	0.000641326	4.11299038276e-07	2.03101646224e-07	-0.00067819	-0.0003081099999999	4.5994167609999993e-07	9.493177209999997e-08	-0.00013743	-0.0002122472999999	4.504891635728999e-08	1.88870049e-08	0.0	0.0	0.0	0.0	0.0	0.0	0.0	0.0	0.0	0.0	0.0	0.0	0.0	0.0	0.0	0.0	0.0	0.0	0.0	0.0	0.0	0.0	0.0	0.0	0.0	0.0	0.0	0.0	0.0	0.0	0.0	0.0	0.0	0.0	0.0	0.0	0.0	0.0	0.0	0.0	0.0	0.0	0.0	0.0	0.0	0.0	0.0	0.0	0.0	0.0	0.0	0.0	0.0	0.0	0.0	0.0	0.0	0.0	0.0	0.0	0.0	0.0	0.0	0.0	0.0	0.0	0.0	0.0	0.0	0.0	0.0	0.0	0.0	0.0	0.0	0.0	0.0	0.0
37348.48123803576	-56.06010303914809	3142.7351527599008	1394909050.7879093	47382.60584537452	-41.69921354320832	1738.8244101220878	2245111336.69812	37171.73567163715	44.44547293909272	1975.400064779624	1381737932.8420618	38098.01808679413	40973.10445825094	0.906077	32.941345	0.0773931499999999	0.0583793	0.1475060204	-0.0304227786	0.0208433826	0.0293358501	-0.0229080446	0.0077928593	-0.0352989852	0.0060239331	-0.0335660351	0.0128386442	-0.0261527603	0.0123219782	-0.0096795337	0.0601427336	-0.0277002231	0.0311789797	-0.0053268827	0.0830694627	-0.0337201662	0.0471576047	0.0523858166	-0.127084664	-0.0171695057	-0.0104242863	0.0018179961	-0.0205993412	0.0704268035	-0.0541717365	-0.0184995375	-0.0654352632	-0.0548935906	-0.0800229731	0.035522466	0.0136238151	0.0552269905	0.0479207816	0.0364511706	0.021814648	0.0052828484	-0.0285184	-2.939999999999887e-05	8.643599999999335e-10	0.0008132991385599	-0.0940868	-0.0186432	0.0003475689062399	0.0088523259342399	-0.110727	-0.0014699999999999	0.012260468529	2.1608999999999974e-06	-0.000595677	-0.001046345	1.094837859025e-06	3.54831088329e-07	-0.000776856	-9.866600000000007e-05	6.03505244736e-07	9.734979556000014e-09	-0.00013743	0.0	0.0	1.88870049e-08	0.0	0.0	0.0	0.0	0.0	0.0	0.0	0.0	0.0	0.0	0.0	0.0	0.0	0.0	0.0	0.0	0.0	0.0	0.0	0.0	0.0	0.0	0.0	0.0	0.0	0.0	0.0	0.0	0.0	0.0	0.0	0.0	0.0	0.0	0.0	0.0	0.0	0.0	0.0	0.0	0.0	0.0	0.0	0.0	0.0	0.0	0.0	0.0	0.0	0.0	0.0	0.0	0.0	0.0	0.0	0.0	0.0	0.0	0.0	0.0	0.0	0.0	0.0	0.0	0.0	0.0	0.0	0.0	0.0	0.0	0.0	0.0	0.0	0.0	0.0	0.0	0.0	0.0
37398.70744439471	50.22620635895146	2522.671805211976	1398663318.5114243	47910.75202254888	528.1461771743561	278938.3844638864	2295440159.366172	37112.190433705175	-59.54523793197586	3545.635360375617	1377314678.787598	38086.227693028144	41761.61631367579	0.953238	34.655922	0.1470062499999999	0.0946813	0.1542849059	-0.0332920608	0.0195385075	0.0047241332	-0.0104500503	-0.0144645656	-0.0171877582	0.0141785208	-0.0139403552	0.0165616261	-0.0215188833	0.0221196756	-0.0212504243	0.0390086283	0.0350396258	0.0243085867	-0.0007814161	0.0649543038	-0.034482535	0.0165926677	0.0309544149	-0.1047579158	0.0223700484	-0.0327309006	0.0087595772	-0.0083913929	0.0584751792	-0.0473349197	-0.0408464536	-0.0270164093	0.0178122946	-0.0422852126	-0.0696096587	-0.0325202432	0.0551381022	0.0475809477	0.0357434058	0.0206903832	0.0037760514	-0.0285036	1.4799999999998842e-05	2.1903999999996567e-10	0.00081245521296	-0.0626242	0.0314625999999999	0.0009898951987599	0.00392179042564	-0.0309535	0.0797735	0.0009581191622499	0.00636381130225	-0.00120923	-0.000613553	3.76447283809e-07	1.4622371928999998e-06	-0.00087841	-0.000101554	7.716041281000001e-07	1.0313214916000004e-08	-0.00013743	0.0	0.0	1.88870049e-08	0.0	0.0	0.0	0.0	0.0	0.0	0.0	0.0	0.0	0.0	0.0	0.0	0.0	0.0	0.0	0.0	0.0	0.0	0.0	0.0	0.0	0.0	0.0	0.0	0.0	0.0	0.0	0.0	0.0	0.0	0.0	0.0	0.0	0.0	0.0	0.0	0.0	0.0	0.0	0.0	0.0	0.0	0.0	0.0	0.0	0.0	0.0	0.0	0.0	0.0	0.0	0.0	0.0	0.0	0.0	0.0	0.0	0.0	0.0	0.0	0.0	0.0	0.0	0.0	0.0	0.0	0.0	0.0	0.0	0.0	0.0	0.0	0.0	0.0	0.0	0.0	0.0	0.0
37360.21341793552	-38.49402645919327	1481.790073041071	1395785546.6336892	47800.79838149808	-109.95364105079352	12089.803180326746	2284916325.90863	37330.04576130091	217.85532759573837	47460.94376184647	1393532316.5408204	38243.510491593566	39180.93061450837	1.001017	36.392986	0.105941115	0.0589017	0.1272685884	-0.0167768434	0.0143604254	0.0244298448	-0.0264692691	0.0389123548	-0.0341320344	0.0031304125	-0.0329315054	0.0099111539	-0.0241433602	0.0222275124	0.0010262531	0.036414288	-0.034803038	0.0048251059	-0.0074948469	0.0245274431	-0.0058389256	-0.0149069727	0.0020384083	-0.0114788352	-0.0361239709	-0.0141419281	0.0421042369	-0.0162103807	-0.0035915838	0.0174020043	0.0385681535	-0.0318965746	-0.0472071011	-0.0134618629	-0.0385799133	0.0558552807	0.0550477023	0.047235896	0.0350268219	0.0195570429	0.0022666665	-0.0285333	-2.970000000000056e-05	8.820900000000331e-10	0.00081414920889	-0.0300909	0.0325333	0.00105841560889	0.00090546226281	0.014409	0.0453625	0.000207619281	0.00205775640625	-0.00130543	-9.620000000000006e-05	9.254440000000013e-09	1.7041474849e-06	-0.000620177	0.000258233	3.84619511329e-07	6.668428228900005e-08	6.84493e-05	0.0002058793	4.2386286168490006e-08	4.68530667049e-09	0.0	0.0	0.0	0.0	0.0	0.0	0.0	0.0	0.0	0.0	0.0	0.0	0.0	0.0	0.0	0.0	0.0	0.0	0.0	0.0	0.0	0.0	0.0	0.0	0.0	0.0	0.0	0.0	0.0	0.0	0.0	0.0	0.0	0.0	0.0	0.0	0.0	0.0	0.0	0.0	0.0	0.0	0.0	0.0	0.0	0.0	0.0	0.0	0.0	0.0	0.0	0.0	0.0	0.0	0.0	0.0	0.0	0.0	0.0	0.0	0.0	0.0	0.0	0.0	0.0	0.0	0.0	0.0	0.0	0.0	0.0	0.0	0.0	0.0	0.0	0.0	0.0	0.0
37224.042549737336	-136.1708681981836	18542.50534584709	1385629343.7446556	47726.42531726711	-74.3730642309747	5531.352683104689	2277811673.564675	36979.987115589	-350.0586457119134	122541.05543765891	1367519447.0691285	37929.53826937135	36604.78313727794	0.983214	35.745731	0.078116315	0.0473376	0.0982298398	-0.013480116	-0.0076212541	0.0191023609	-0.012754298	0.0125281694	-0.0346177636	0.0088286538	-0.031820873	0.0145762357	-0.0207810444	0.0248511057	-0.0160317284	0.0236365361	0.0350236023	0.0184480193	0.0143433549	0.0459827647	-0.0225041063	-0.0335577168	-0.0177510302	-0.0182062636	0.0168025895	-0.0023131628	0.0454732474	-0.0265606218	-0.03240702	0.0111466516	-0.046216265	0.0269727635	-0.0069759621	0.0087581532	-0.0447463129	-0.0146428457	0.0549557932	0.0468856643	0.0343015956	0.0184151243	0.0007557282	-0.0236947	0.0048386	2.341204996000002e-05	0.0005614388080899	0.0140749	0.0441658	0.0019506178896399	0.00019810281001	0.0216424	0.0072333999999999	0.0004683934777599	5.232207555999999e-05	-0.00125057	5.486000000000011e-05	3.009619600000012e-09	1.5639253248999998e-06	-0.000797008	-0.000176831	6.35221752064e-07	3.1269202561000004e-08	-0.00013743	-0.0002058793	4.2386286168490006e-08	1.88870049e-08	0.0	0.0	0.0	0.0	0.0	0.0	0.0	0.0	0.0	0.0	0.0	0.0	0.0	0.0	0.0	0.0	0.0	0.0	0.0	0.0	0.0	0.0	0.0	0.0	0.0	0.0	0.0	0.0	0.0	0.0	0.0	0.0	0.0	0.0	0.0	0.0	0.0	0.0	0.0	0.0	0.0	0.0	0.0	0.0	0.0	0.0	0.0	0.0	0.0	0.0	0.0	0.0	0.0	0.0	0.0	0.0	0.0	0.0	0.0	0.0	0.0	0.0	0.0	0.0	0.0	0.0	0.0	0.0	0.0	0.0	0.0	0.0	0.0	0.0	0.0	0.0	0.0	0.0
37127.92566678469	-96.1168829526432	9238.455188532114	1378482864.3182895	47618.35407680132	-108.07124046578974	11679.39301581455	2267507644.9836206	37086.6578487662	106.67073317719768	11378.645316560904	1375420190.3914514	38014.01807702851	36981.43246742766	1.004485	36.519066	0.0816680499999999	0.0510823	0.1005947635	-0.0115873647	0.0034304742	0.030391534	-0.0258829257	0.0287509283	-0.0350843994	0.0020786689	-0.0340593397	0.0094115913	-0.0256518029	0.020646817	0.0046623834	0.0373892973	-0.0485879648	-0.0023096981	-0.0038660865	0.0263293924	-2.74038e-05	-0.0097988493	-0.0179440316	0.0026626574	-0.044254096	0.0053788908	0.0464913405	0.0142401268	0.0039832042	0.0346010228	0.0562149211	-0.0093076508	-0.0294458053	0.0099457624	-0.034528739	0.0267746599	0.0548623775	0.0465302911	0.0335679058	0.0172651282	-0.0007557282	-0.0285223	-0.0048276	2.330572176000001e-05	0.00081352159729	0.0587002	0.0446253	0.00199141740009	0.00344571348004	0.014379	-0.0072634	0.000206755641	5.275697956e-05	-0.000908538	0.0003420319999999	1.1698588902399994e-07	8.254412974439999e-07	-0.000640005	0.0001570029999999	4.09606400025e-07	2.4649942008999987e-08	-0.00013743	0.0	0.0	1.88870049e-08	0.0	0.0	0.0	0.0	0.0	0.0	0.0	0.0	0.0	0.0	0.0	0.0	0.0	0.0	0.0	0.0	0.0	0.0	0.0	0.0	0.0	0.0	0.0	0.0	0.0	0.0	0.0	0.0	0.0	0.0	0.0	0.0	0.0	0.0	0.0	0.0	0.0	0.0	0.0	0.0	0.0	0.0	0.0	0.0	0.0	0.0	0.0	0.0	0.0	0.0	0.0	0.0	0.0	0.0	0.0	0.0	0.0	0.0	0.0	0.0	0.0	0.0	0.0	0.0	0.0	0.0	0.0	0.0	0.0	0.0	0.0	0.0	0.0	0.0	0.0	0.0	0.0	0.0
36945.96338061979	-181.96228616490407	33110.27358635844	1365004210.1220984	47991.99010131257	373.6360245112519	139603.87881257283	2303231113.884484	36919.64388842224	-167.0139603439602	27893.662949773912	1363060104.8479135	37891.49428716648	23289.051636924058	1.181102	42.940155	0.1934995	0.106907	-0.0654752398	0.0264363382	-0.0488816147	0.0093349755	-0.0134184012	0.0087053288	-0.0318695617	0.0144429521	-0.0269802668	0.0196807697	-0.0173707703	0.0231836173	-0.0149220273	0.0044610949	0.050147809	0.0152543464	0.0278459589	0.009993464	-0.0101344816	-0.0245503879	-0.0054821029	0.0347825521	0.0500420451	0.0064138776	-0.0011175725	-0.0180657598	-0.060911608	0.0183723804	-0.0189805995	0.0614533581	0.0131615009	-0.0026309327	0.0261565552	0.0020189443	0.0547674578	0.0461698153	0.0328259338	0.016107559	-0.0022666665	-0.0136157	0.0149066	0.00022220672356	0.0001853872864899	-0.0219789	-0.0806791	0.00650911717681	0.0004830720452099	0.0840027	0.0696237	0.00705645360729	0.0048474596016899	-0.000347142	0.000561396	3.1516546881600005e-07	1.2050756816399998e-07	-0.000644411	-4.405999999999985e-06	4.15265536921e-07	1.9412835999999864e-11	-0.00013743	0.0	0.0	1.88870049e-08	0.0	0.0	0.0	0.0	0.0	0.0	0.0	0.0	0.0	0.0	0.0	0.0	0.0	0.0	0.0	0.0	0.0	0.0	0.0	0.0	0.0	0.0	0.0	0.0	0.0	0.0	0.0	0.0	0.0	0.0	0.0	0.0	0.0	0.0	0.0	0.0	0.0	0.0	0.0	0.0	0.0	0.0	0.0	0.0	0.0	0.0	0.0	0.0	0.0	0.0	0.0	0.0	0.0	0.0	0.0	0.0	0.0	0.0	0.0	0.0	0.0	0.0	0.0	0.0	0.0	0.0	0.0	0.0	0.0	0.0	0.0	0.0	0.0	0.0	0.0	0.0	0.0	0.0
36900.81881705239	-45.14456356739538	2038.0316196906024	1361670429.368928	48257.16309287989	265.1729915673204	70316.71545676219	2328753789.772809	37123.77856003369	204.13467161144945	41670.96415391431	1378174934.5744169	38122.847577896566	23941.1488376475	1.312149	47.704491	0.05676945	0.0297567	-0.0655526791	0.0355162565	-0.024715362	-0.0070265522	-0.0070798812	-0.0128061387	0.0125758998	0.0102832177	0.0129307723	0.007769365	-0.0202209602	0.0235853765	-0.0025096216	0.0204561652	-0.0541258273	-0.031284926	-0.0309827393	-0.0371629729	0.026990323	0.0273721767	-0.0151088552	0.0268159998	-0.0408319239	-0.015414494	0.0168369078	0.0184992322	0.007015103	0.0364449002	0.0628901681	0.0471684566	-0.0258449677	0.0268387199	-0.0014829949	0.0385958884	0.0546710365	0.0458042765	0.0320758624	0.0149429245	-0.0037760514	-0.0173373	-0.0037216	1.3850306560000002e-05	0.00030058197129	-0.0117778	0.0102011	0.00010406244121	0.0001387165728399	0.0839822	-2.0499999999992743e-05	0.00705300991684	4.2024999999970255e-10	-0.000631157	-0.000284015	8.066452022500003e-08	3.98359158649e-07	-0.000200692	0.0004437189999999	4.0277278864e-08	1.9688655096100003e-07	-0.000266221	-0.000128791	1.6587121681000008e-08	7.087362084100002e-08	0.0	0.0	0.0	0.0	0.0	0.0	0.0	0.0	0.0	0.0	0.0	0.0	0.0	0.0	0.0	0.0	0.0	0.0	0.0	0.0	0.0	0.0	0.0	0.0	0.0	0.0	0.0	0.0	0.0	0.0	0.0	0.0	0.0	0.0	0.0	0.0	0.0	0.0	0.0	0.0	0.0	0.0	0.0	0.0	0.0	0.0	0.0	0.0	0.0	0.0	0.0	0.0	0.0	0.0	0.0	0.0	0.0	0.0	0.0	0.0	0.0	0.0	0.0	0.0	0.0	0.0	0.0	0.0	0.0	0.0	0.0	0.0	0.0	0.0	0.0	0.0	0.0	0.0
37101.793908897394	200.9750918450009	40390.98754210653	1376543111.2582958	47618.55825357301	-638.604839306885	407816.1407861724	2267527090.148926	36847.34907743503	-276.42948259865807	76413.2588497618	1357727134.034352	37789.99556834796	34366.37887636557	1.524964	55.441586	0.14336095	0.0873735999999999	0.0763885526	-0.0123162183	-0.0193892433	0.0271254657	-0.0201747658	0.0159021788	-0.0470134161	0.011109892	-0.0429635784	0.0188151348	-0.0140837994	0.0265700253	-0.0179085964	0.0264688405	0.0765831938	0.0370504614	0.0404444075	0.0761023047	-0.0362677873	-0.0213690883	-0.0133283912	-0.0412992541	0.044101409	0.0069893319	0.0372701871	-0.0303819632	-0.0533625662	0.056852504	-0.081241549	-0.0398794199	0.0022167959	0.021394358	-0.0265095514	-0.0291712731	0.0545731164	0.0454337147	0.0313178767	0.0137717356	-0.0052828484	-0.0165891	0.0007482	5.598032400000014e-07	0.00027519823881	0.0160294	0.0278071999999999	0.0007732403718399	0.0002569416643599	0.00941785	-0.07456435	8.86958986225e-05	0.0055598422909225	-0.000631157	0.0	0.0	3.98359158649e-07	-0.00087841	-0.000677718	7.716041281000001e-07	4.59301687524e-07	-0.000393327	-0.0001271059999999	1.6155935235999997e-08	1.54706128929e-07	0.0	0.0	0.0	0.0	0.0	0.0	0.0	0.0	0.0	0.0	0.0	1.0	0.0	0.0	0.0	0.0	0.0	0.0	0.0	0.0	0.0	0.0	0.0	0.0	0.0	0.0	0.0	0.0	0.0	0.0	0.0	0.0	0.0	0.0	0.0	0.0	0.0	0.0	0.0	0.0	0.0	0.0	0.0	0.0	0.0	0.0	0.0	0.0	0.0	0.0	0.0	0.0	0.0	0.0	0.0	0.0	0.0	0.0	0.0	0.0	0.0	0.0	0.0	0.0	0.0	0.0	0.0	0.0	0.0	0.0	0.0	0.0	0.0	0.0	0.0	0.0	0.0	0.0
37115.6514623376	13.857553440204356	192.0317873481196	1377571583.4737232	47401.50829557446	-217.04995799854805	47110.68426717148	2246902988.695414	37162.07182260954	314.72274517451297	99050.40633018145	1381019582.14879	38104.99777589319	38687.76414635369	1.651863	60.055149	0.1460170499999999	0.0751979	0.1218576341	-0.0131759278	0.0195768556	0.018975393	-0.0087334976	-0.046127919	-0.0084573431	0.0006558873	-0.009749316	0.0030821841	-0.0234014555	0.0251117774	0.0094132071	0.0461384623	-0.0923122486	-0.0365340921	-0.0476225126	-0.014297685	0.0194367481	0.0136011607	-0.0319427087	-0.0074470168	-0.0971262058	-0.0351599737	0.0397423473	0.0311582399	0.0335792124	-0.0199834885	0.0408334918	0.0769670227	-0.022700222	0.0117686318	-0.0221246466	0.0305009869	0.0544737002	0.0450581706	0.0305521639	0.0125945059	-0.0067860248	-0.0175698	-0.0009807	9.61772490000002e-07	0.00030869787204	0.0592375	0.0432081	0.00186693990561	0.0035090814062499	0.02884	0.01942215	0.0008317456	0.0003772199106224	-0.00155697	-0.0009258129999999	8.571297109689999e-07	2.4241555809e-06	-0.000207096	0.000671314	4.2888753216e-08	4.50662486596e-07	-0.000444322	-5.099499999999997e-05	2.6004900249999967e-09	1.97422039684e-07	0.0	0.0	0.0	0.0	0.0	0.0	0.0	0.0	0.0	0.0	0.0	0.0	1.0	0.0	0.0	0.0	0.0	0.0	0.0	0.0	0.0	0.0	0.0	0.0	0.0	0.0	0.0	0.0	0.0	0.0	0.0	0.0	0.0	0.0	0.0	0.0	0.0	0.0	0.0	0.0	0.0	0.0	0.0	0.0	0.0	0.0	0.0	0.0	0.0	0.0	0.0	0.0	0.0	0.0	0.0	0.0	0.0	0.0	0.0	0.0	0.0	0.0	0.0	0.0	0.0	0.0	0.0	0.0	0.0	0.0	0.0	0.0	0.0	0.0	0.0	0.0	0.0	0.0
36787.10794025446	-328.5435220831423	107940.84590279622	1353291310.6079326	48892.14984217639	1490.6415466019316	2222012.220455799	2390442316.189829	36417.02055334613	-745.0512692634147	555101.3938310253	1326199385.9828343	37542.15907711988	23549.16422829952	2.940947	106.921089	0.17184205	0.0953907	-0.0471735212	-0.0019637425	-0.0413152206	-0.0208827127	-0.0162396007	0.0380774719	-0.0080570269	0.0299553912	0.0002248887	0.02961529	0.0405646367	0.0344355452	-0.0097621081	-0.008134534	0.2734152979	0.0617772072	0.0817080291	0.0920379914	-0.0668994406	-0.0566680706	0.0090190432	-0.0402231243	0.2879842877	0.0048944269	0.0166666862	-0.0605705677	-0.2230428214	0.2005679783	-0.0911122805	-0.0618128386	0.1300520906	0.0589939261	0.0109212774	-0.0250530381	0.0543727905	0.0446776853	0.0297789127	0.0114117519	-0.0082845504	-0.0344757	-0.0169058999999999	0.0002858094548099	0.00118857389049	-0.0175309	-0.0767684	0.00589338723856	0.0003073324548099	0.0273563	-0.0014837	0.00074836714969	2.201365690000003e-06	-0.000420037	0.001136933	1.292616646489e-06	1.76431081369e-07	-0.000296952	-8.9856e-05	8.818049030400002e-08	8.074100736000001e-09	-0.00013743	0.000306892	9.4182699664e-08	1.88870049e-08	0.0	0.0	0.0	0.0	0.0	0.0	0.0	0.0	0.0	0.0	0.0	0.0	0.0	1.0	0.0	0.0	0.0	0.0	0.0	0.0	0.0	0.0	0.0	0.0	0.0	0.0	0.0	0.0	0.0	0.0	0.0	0.0	0.0	0.0	0.0	0.0	0.0	0.0	0.0	0.0	0.0	0.0	0.0	0.0	0.0	0.0	0.0	0.0	0.0	0.0	0.0	0.0	0.0	0.0	0.0	0.0	0.0	0.0	0.0	0.0	0.0	0.0	0.0	0.0	0.0	0.0	0.0	0.0	0.0	0.0	0.0	0.0	0.0	0.0	0.0	0.0	0.0	0.0
34867.58494625249	-1919.5229940019635	3684568.524502262	1215748479.9841335	56215.20351261663	7323.05367044024	53627115.06014828	3160149105.9649053	40522.66766046052	4105.647107114397	16856338.168156818	1642086594.3201332	41898.82872452942	26485.81101354491	8.843756	321.523621	1.1182925	0.577293	-0.1098860329	-0.0214202189	0.3971778919	-0.3531019186	0.2649538213	-0.0558853005	0.4135831859	-0.2512865312	0.369874318	-0.3088410657	0.3679886453	0.0662081652	0.3863280423	0.1020574071	0.1369074213	-0.0590370564	-0.0380339737	-0.105659667	-0.3084926277	-0.0618282928	0.0052830495	-0.0266922597	0.1473412852	-0.0513003824	0.03323289	-0.0928124396	-0.1304657077	-0.0193225066	-0.0754399322	-0.0927385375	0.137679182	0.0340029295	-0.1221234911	0.0505766909	0.0542703902	0.0442923007	0.0289983141	0.0102239922	-0.0097773982	-0.217292	-0.1828163	0.03342179954569	0.047215813264	-0.186032	-0.1685011	0.02839262070121	0.034607905024	0.401381	0.3740247	0.1611067071609999	0.13989447621009	-0.0059464	-0.005526363	3.0540688007769004e-05	3.535967296e-05	-0.000981237	-0.000684285	9.62826050169e-07	4.6824596122500005e-07	-0.00178579	-0.00164836	2.7170906896e-06	3.1890459241e-06	0.0	0.0	0.0	0.0	0.0	0.0	0.0	0.0	0.0	0.0	0.0	0.0	0.0	0.0	1.0	0.0	0.0	0.0	0.0	0.0	0.0	0.0	0.0	0.0	0.0	0.0	0.0	0.0	0.0	0.0	0.0	0.0	0.0	0.0	0.0	0.0	0.0	0.0	0.0	0.0	0.0	0.0	0.0	0.0	0.0	0.0	0.0	0.0	0.0	0.0	0.0	0.0	0.0	0.0	0.0	0.0	0.0	0.0	0.0	0.0	0.0	0.0	0.0	0.0	0.0	0.0	0.0	0.0	0.0	0.0	0.0	0.0	0.0	0.0	0.0	0.0	0.0	0.0
36778.08278580271	1910.4978395502185	3650001.994926052	1352627373.3993578	47010.739514680834	-9204.463997935796	84722157.48929623	2210009629.717174	37468.495625824966	-3054.172034635558	9327966.817149904	1403888164.4624646	38341.90091602704	30667.109691910064	9.003172	327.319336	0.66446925	0.354612	0.0152533208	0.0223642335	0.0228840987	0.0346855428	0.0038114046	-0.0566382513	0.0093317671	-0.0132302909	0.0029918357	-0.0123589616	0.0213130394	0.0318944654	0.0767452342	0.0589825839	-0.2036544117	-0.0888249243	-0.093772474	-0.0928856941	0.0348820235	-0.0443327456	-0.0199580176	0.0569679501	-0.2706373569	-0.067178875	0.0810956116	0.1818481201	0.0845501713	-0.0370665426	-0.0171667339	-0.0446074487	-0.0536988814	0.0454873308	0.0499560147	0.0864210213	0.054166502	0.0439020589	0.0282105605	0.0090317481	-0.011263545	0.0316545	0.2489465	0.06197435986225	0.00100200737025	-0.0238325	0.1621995	0.0263086778002499	0.00056798805625	0.232125	-0.169256	0.053882015625	0.0286475935359999	-0.00565496	0.00029144	8.493727360000026e-08	3.19785726016e-05	-0.00139635	-0.0004151129999999	1.9497933225e-06	1.7231880276899998e-07	-0.0008109979999999	0.0009747920000001	9.50219443264195e-07	6.577177560038378e-07	0.0	0.0	0.0	0.0	0.0	0.0	0.0	0.0	0.0	0.0	0.0	0.0	0.0	0.0	0.0	1.0	0.0	0.0	0.0	0.0	0.0	0.0	0.0	0.0	0.0	0.0	0.0	0.0	0.0	0.0	0.0	0.0	0.0	0.0	0.0	0.0	0.0	0.0	0.0	0.0	0.0	0.0	0.0	0.0	0.0	0.0	0.0	0.0	0.0	0.0	0.0	0.0	0.0	0.0	0.0	0.0	0.0	0.0	0.0	0.0	0.0	0.0	0.0	0.0	0.0	0.0	0.0	0.0	0.0	0.0	0.0	0.0	0.0	0.0	0.0	0.0	0.0	0.0
37114.70988130882	336.6270955061118	113317.80142888092	1377501689.5737228	48109.80531000074	1099.0657953199045	1207945.6224421738	2314553366.966175	36757.35644852664	-711.1391772983261	505718.9294885401	1351103253.084043	37784.41914085344	26464.09465816176	2.613058	95.000351	0.25578274	0.135675	-0.0182096345	0.0174322968	-0.0491659314	0.0023438268	-0.0095472925	0.003303026	-0.024136685	0.0238659141	-0.0174344072	0.0267038943	-0.0139359694	0.0352169422	-0.0159575111	0.0044821223	0.0897570082	0.0208495526	0.0232598837	0.0267521786	0.0027603428	-0.1254398811	-0.0212520025	0.0431902653	0.0907466677	-0.0365913174	0.0269875361	0.0676006473	-0.0521121899	0.0249566211	-0.0314771236	-0.0333161487	0.11912864	0.0789431975	-0.0917435495	-0.0242784365	0.0540611289	0.0435070027	0.0274158465	0.0078355422	-0.0127419724	0.00992566	-0.02172884	0.0004721424877456	9.851872643559998e-05	0.0278173	0.0516497999999999	0.0026677018400399	0.00077380217929	0.187816	-0.0443089999999999	0.035274849856	0.0019632874809999	-0.00368821	0.0019667499999999	3.868105562499999e-06	1.36028930041e-05	-0.00177596	-0.00037961	3.1540339216e-06	1.4410375210000005e-07	-0.00122654	-0.000415542	1.726751537640831e-07	1.5044003715999995e-06	0.0	0.0	0.0	0.0	0.0	0.0	0.0	0.0	0.0	0.0	0.0	0.0	0.0	0.0	0.0	0.0	1.0	0.0	0.0	0.0	0.0	0.0	0.0	0.0	0.0	0.0	0.0	0.0	0.0	0.0	0.0	0.0	0.0	0.0	0.0	0.0	0.0	0.0	0.0	0.0	0.0	0.0	0.0	0.0	0.0	0.0	0.0	0.0	0.0	0.0	0.0	0.0	0.0	0.0	0.0	0.0	0.0	0.0	0.0	0.0	0.0	0.0	0.0	0.0	0.0	0.0	0.0	0.0	0.0	0.0	0.0	0.0	0.0	0.0	0.0	0.0	0.0	0.0
37141.34683128922	26.63694998039864	709.5271042582591	1379479644.442118	47554.00957123815	-555.7957387625866	308908.90322664933	2261383826.3014097	37333.75508101773	576.3986324910875	332235.38353759574	1393809268.4494169	38247.37817457054	26357.384229562424	1.586636	57.683739	0.12695969	0.0747421999999999	-0.0305770237	0.0332835109	-0.0163820929	0.0241693442	-0.0115982713	0.0097159852	-0.0182396512	0.0010450178	-0.0187270871	0.0047970233	-0.0168599089	0.0326857443	0.0111696075	0.0249470484	-0.0644705134	-0.036126609	-0.0325653691	-0.033086776	0.0327357511	-0.0488428094	-0.0305583413	0.0637257869	-0.0947252827	-0.0270936158	0.0288847452	0.0756244454	0.0039983939	0.0010953539	0.0611209922	-0.0417297208	0.0102237184	0.028708587	-0.0309123922	0.0510996676	0.0539542736	0.0431071756	0.0266143679	0.0066358995	-0.014211667	0.00998545	5.979000000000054e-05	3.574844100000064e-09	9.97092117025e-05	0.0841071999999999	0.0562898999999998	0.0031685528420099	0.0070740210918399	0.180879	-0.0069369999999999	0.032717212641	4.812196899999998e-05	-0.00292315	0.00076506	5.853168036000002e-07	8.544805922499998e-06	-0.00214352	-0.0003675599999999	4.5946779904e-06	1.3510035359999989e-07	-0.0010857	0.0001408399999999	1.9835905599999983e-08	1.17874449e-06	0.0	0.0	0.0	0.0	0.0	0.0	0.0	0.0	0.0	0.0	0.0	0.0	0.0	0.0	0.0	0.0	0.0	1.0	0.0	0.0	0.0	0.0	0.0	0.0	0.0	0.0	0.0	0.0	0.0	0.0	0.0	0.0	0.0	0.0	0.0	0.0	0.0	0.0	0.0	0.0	0.0	0.0	0.0	0.0	0.0	0.0	0.0	0.0	0.0	0.0	0.0	0.0	0.0	0.0	0.0	0.0	0.0	0.0	0.0	0.0	0.0	0.0	0.0	0.0	0.0	0.0	0.0	0.0	0.0	0.0	0.0	0.0	0.0	0.0	0.0	0.0	0.0	0.0
37371.12575206838	229.7789207791575	52798.35243443433	1396601039.9769084	48168.81956272216	614.8099914840059	377991.32562856335	2320235178.066085	37044.36134446354	-289.39373655418603	83748.73475679362	1372284707.4191847	38025.297772066886	24554.390132497785	1.341191	48.76033	0.1547084299999999	0.0845859	-0.047773481	0.0277109944	-0.0403498864	0.0020337557	-0.0114773271	0.049227446	-0.0194770412	0.0165049425	-0.0147667606	0.0195068646	-0.0155577006	0.0365255739	-0.0178297068	0.0083889465	0.0499863501	0.0070362198	0.013192194	0.0110405435	0.0116978938	-0.0657066019	0.0006570853	0.054468119	0.0533551984	0.0104034709	0.0115954211	0.0098980862	-0.0541157602	-0.0054078125	-0.0357466948	0.0078280142	0.0312187583	0.0452043455	-0.0354942752	0.0050281591	0.0538459391	0.0427026212	0.0258063227	0.005433346	-0.0156716217	0.00992252	-6.292999999999924e-05	3.960184899999904e-09	9.84564031504e-05	0.0423532	-0.0417539999999998	0.0017433965159999	0.00179379355024	0.143504	-0.037375	0.020593398016	0.001396890625	-0.00178616	0.0011369899999999	1.2927462600999997e-06	3.1903675456e-06	-0.00177018	0.0003733399999999	3.1335372324000004e-06	1.3938275559999985e-07	-0.0010857	0.0	0.0	1.17874449e-06	0.0	0.0	0.0	0.0	0.0	0.0	0.0	0.0	0.0	0.0	0.0	0.0	0.0	0.0	0.0	0.0	0.0	0.0	0.0	0.0	0.0	0.0	0.0	0.0	0.0	0.0	0.0	0.0	0.0	0.0	0.0	0.0	0.0	0.0	0.0	0.0	0.0	0.0	0.0	0.0	0.0	0.0	0.0	0.0	0.0	0.0	0.0	0.0	0.0	0.0	0.0	0.0	0.0	0.0	0.0	0.0	0.0	0.0	0.0	0.0	0.0	0.0	0.0	0.0	0.0	0.0	0.0	0.0	0.0	0.0	0.0	0.0	0.0	0.0	0.0	0.0	0.0	0.0
37269.54932055422	-101.57643151415688	10317.7714391502	1389019306.5572238	48136.84369677503	-31.97586594712629	1022.4560030685908	2317155721.08775	37326.97618510654	282.6148406430002	79871.1481516684	1393303151.1235108	38315.08063173885	24517.111605358	1.1877	43.180027	0.12119757	0.0638621	-0.0584142062	0.0382839338	-0.0232146049	0.000332075	-0.0070447657	0.0486474432	-0.0074204065	0.0023116072	-0.0061627404	0.0043295009	-0.0166101629	0.0325364926	-0.0018459217	0.017016948	-0.0316436817	-0.0276128404	-0.0323727912	-0.0355218644	0.0256764104	-0.0369414007	0.0096682089	0.0721991072	-0.0645105355	0.0134090223	0.0211425847	0.0397388512	-0.0034607214	-0.0105979818	0.0509833363	0.0049388723	0.0169908249	0.043877662	-0.0262598061	0.0332303617	0.0537361284	0.042293384	0.0249919101	0.0042284093	-0.0171208358	0.0098741	-4.842000000000041e-05	2.3444964000000393e-09	9.749785081e-05	0.0918892	0.049536	0.002453815296	0.00844362507664	0.159097	0.0155929999999999	0.0253118554089999	0.0002431416489999	-0.00169982	8.633999999999985e-05	7.454595599999975e-09	2.8893880324000003e-06	-0.00125529	0.00051489	1.5757529841000002e-06	2.651117121000001e-07	-0.000566527	0.0005191729999999	2.69540603929e-07	3.209528417290001e-07	0.0	0.0	0.0	0.0	0.0	0.0	0.0	0.0	0.0	0.0	0.0	0.0	0.0	0.0	0.0	0.0	0.0	0.0	0.0	0.0	0.0	0.0	0.0	0.0	0.0	0.0	0.0	0.0	0.0	0.0	0.0	0.0	0.0	0.0	0.0	0.0	0.0	0.0	0.0	0.0	0.0	0.0	0.0	0.0	0.0	0.0	0.0	0.0	0.0	0.0	0.0	0.0	0.0	0.0	0.0	0.0	0.0	0.0	0.0	0.0	0.0	0.0	0.0	0.0	0.0	0.0	0.0	0.0	0.0	0.0	0.0	0.0	0.0	0.0	0.0	0.0	0.0	0.0
37241.9455036458	-27.603816908420413	761.9707079135967	1386962504.8965237	47780.544507645885	-356.2991891291458	126949.11217408684	2282980433.447129	37180.79376639211	-146.18241871443024	21369.29954120101	1382411425.0989826	38108.57900127924	25380.956517305283	1.306674	47.505428	0.13348436	0.0735807	-0.0335665976	0.0280353954	-0.0360483909	0.028440268	-0.0176597016	0.0856313892	-0.051917715	0.0026126807	-0.0493070105	0.0119118715	-0.0166808569	0.0354973858	-0.0108918716	0.0230874669	0.0219059455	0.0240045804	0.0239870303	0.0388454436	0.0009047042	-0.0838351665	0.0162367627	0.0584959102	0.0106789695	0.068737941	0.0406129469	-0.005484554	-0.0709858865	0.0286841107	-0.0244795815	-0.0426824112	-0.0205336997	0.0300894043	0.0054423297	-0.0151076353	0.0536248445	0.0418795088	0.0241713312	0.0030216178	-0.0185583162	0.00227609	-0.00759801	5.772975596010001e-05	5.1805856881000005e-06	0.033216	-0.0586732	0.00344254439824	0.001103302656	0.122643	-0.0364539999999999	0.015041305449	0.0013288941159999	-0.00166471	3.511000000000009e-05	1.232712100000006e-09	2.7712593841e-06	-0.00171619	-0.0004609	2.9453081161e-06	2.1242881000000003e-07	-0.000447354	0.000119173	1.4202203929000008e-08	2.0012560131600002e-07	0.0	0.0	0.0	0.0	0.0	0.0	0.0	0.0	0.0	0.0	0.0	0.0	0.0	0.0	0.0	0.0	0.0	0.0	0.0	0.0	0.0	0.0	0.0	0.0	0.0	0.0	0.0	0.0	0.0	0.0	0.0	0.0	0.0	0.0	0.0	0.0	0.0	0.0	0.0	0.0	0.0	0.0	0.0	0.0	0.0	0.0	0.0	0.0	0.0	0.0	0.0	0.0	0.0	0.0	0.0	0.0	0.0	0.0	0.0	0.0	0.0	0.0	0.0	0.0	0.0	0.0	0.0	0.0	0.0	0.0	0.0	0.0	0.0	0.0	0.0	0.0	0.0	0.0
37214.70162142267	-27.24388222313428	742.2291185880119	1384934016.771519	47725.44524423319	-55.09926341269602	3035.928828621662	2277718123.7603	37214.86789782467	34.0741314325569	1161.046432883162	1384946392.652541	38142.86564533078	28436.818945582643	1.002519	36.447586	0.09615698	0.0531153	-0.0023755124	0.0218516871	-0.0170969556	0.0189665541	-0.0030046589	0.0239213418	-0.024748044	-0.0011320438	-0.0245242401	0.0035164898	-0.0190051213	0.035446655	-0.0043411621	0.0366937822	-0.0224637622	-0.0137269353	-0.0226318648	0.0045420023	0.0071534253	-0.035514274	0.0111168716	0.0333814283	-0.0574780754	0.040152651	0.0427730204	0.0031086435	-0.0230230451	-0.0201049001	0.002082986	0.041314225	-0.0093443956	0.0317534181	-0.0384137784	-0.0093908184	0.0535120905	0.0414610411	0.0233447884	0.001813501	-0.0199830776	0.00437752	0.00210143	4.4160080449e-06	1.91626813504e-05	0.0663406	0.0331246	0.0010972391251599	0.00440107520836	0.0846188999999999	-0.0380241000000001	0.0071603582372099	0.00144583218081	-0.00163189	3.282000000000003e-05	1.0771524000000015e-09	2.6630649721e-06	-0.00143489	0.0002812999999999	2.0589093121e-06	7.912968999999998e-08	-0.000591371	-0.000144017	2.0740896289000012e-08	3.497196596410001e-07	0.0	0.0	0.0	0.0	0.0	0.0	0.0	0.0	0.0	0.0	0.0	0.0	0.0	0.0	0.0	0.0	0.0	0.0	0.0	0.0	0.0	0.0	0.0	0.0	0.0	0.0	0.0	0.0	0.0	0.0	0.0	0.0	0.0	0.0	0.0	0.0	0.0	0.0	0.0	0.0	0.0	0.0	0.0	0.0	0.0	0.0	0.0	0.0	0.0	0.0	0.0	0.0	0.0	0.0	0.0	0.0	0.0	0.0	0.0	0.0	0.0	0.0	0.0	0.0	0.0	0.0	0.0	0.0	0.0	0.0	0.0	0.0	0.0	0.0	0.0	0.0	0.0	0.0
37277.16239727877	62.46077585610328	3901.348520546375	1389586836.3930943	48018.21507747704	292.7698332438522	85714.17525763302	2305748979.226844	37161.987693062605	-52.88020476206293	2796.316055677703	1381013329.2993364	38134.53186357822	30135.116292486546	0.92677	33.693653	0.09162724	0.0561734	0.0263769891	0.0126586847	-0.0215163875	0.0203935832	-0.0154373545	0.0843631892	-0.0361786068	0.0023753821	-0.0343693508	0.0086417654	-0.0166703282	0.037112524	-0.0126316357	0.0374628965	0.0181087806	0.0214108699	0.0088757894	0.0491973599	-0.0043875948	-0.0550250705	0.014575932	0.0205063775	0.0087979663	0.0472657725	0.0531568347	-0.0209773384	-0.0563414498	0.0484758847	0.0241633337	-0.0442776714	-0.027017745	0.0267904354	-0.0183787366	0.000972319	0.0533978694	0.0410380268	0.0225124856	0.0006045887	-0.0213941436	0.00294618	-0.00143134	2.0487341956000005e-06	8.6799765924e-06	0.0150201	-0.0513205	0.00263379372025	0.00022560340401	0.0648759	-0.0197429999999999	0.00420888240081	0.0003897860489999	-0.00155199	7.989999999999994e-05	6.38400999999999e-09	2.4086729601000004e-06	-0.00128023	0.00015466	1.6389888529e-06	2.3919715600000014e-08	-0.000443283	0.000148088	2.193005574400001e-08	1.96499818089e-07	0.0	0.0	0.0	0.0	0.0	0.0	0.0	0.0	0.0	0.0	0.0	0.0	0.0	0.0	0.0	0.0	0.0	0.0	0.0	0.0	0.0	0.0	0.0	0.0	0.0	0.0	0.0	0.0	0.0	0.0	0.0	0.0	0.0	0.0	0.0	0.0	0.0	0.0	0.0	0.0	0.0	0.0	0.0	0.0	0.0	0.0	0.0	0.0	0.0	0.0	0.0	0.0	0.0	0.0	0.0	0.0	0.0	0.0	0.0	0.0	0.0	0.0	0.0	0.0	0.0	0.0	0.0	0.0	0.0	0.0	0.0	0.0	0.0	0.0	0.0	0.0	0.0	0.0
37108.75239081357	-168.41000646520115	28361.93027760909	1377059504.0027118	47264.91574487189	-753.299332605151	567459.884503366	2233972260.3698387	37162.87029209022	0.8825990276163793	0.7789810435493782	1381078928.346722	38065.913616365135	29483.17470034524	0.909439	33.06356	0.11152603	0.0693657	0.0146105169	0.0172388981	-0.0215119626	0.0376582226	-0.00873353	0.0342819895	-0.045788638	-0.0057659745	-0.0457163034	0.0029908214	-0.0164699719	0.0395977568	-0.009774442	0.0403344041	-0.0203106074	0.0042359007	-0.0074635731	0.0217493008	-0.0074819633	-0.0674652877	-0.0003252515	0.0398239801	-0.0666123838	0.032840638	0.0457867463	0.0022720913	-0.0320407955	-0.0360481497	-0.0091073288	0.0300836337	-0.0098183681	0.0026728396	0.0018253379	-0.0113072657	0.0532821844	0.0406105121	0.0216746281	-0.0006045887	-0.0227905472	0.00564456	0.00269838	7.281254624399999e-06	3.18610575936e-05	0.0357639	0.0207438	0.0004303052384399	0.00127905654321	0.107675	0.0427991	0.011593905625	0.00183176296081	-0.002445	-0.00089301	7.974668601000001e-07	5.978025e-06	-0.00128023	0.0	1.6389888529e-06	0.0	-0.000455968	-1.2685000000000018e-05	1.6090922500000047e-10	2.07906817024e-07	0.0	0.0	0.0	0.0	0.0	0.0	0.0	0.0	0.0	0.0	0.0	0.0	0.0	0.0	0.0	0.0	0.0	0.0	0.0	0.0	0.0	0.0	0.0	0.0	0.0	0.0	0.0	0.0	0.0	0.0	0.0	0.0	0.0	0.0	0.0	0.0	0.0	0.0	0.0	0.0	0.0	0.0	0.0	0.0	0.0	0.0	0.0	0.0	0.0	0.0	0.0	0.0	0.0	0.0	0.0	0.0	0.0	0.0	0.0	0.0	0.0	0.0	0.0	0.0	0.0	0.0	0.0	0.0	0.0	0.0	0.0	0.0	0.0	0.0	0.0	0.0	0.0	0.0
37358.35097531368	249.59858450011237	62299.45338445972	1395646387.5947208	48961.29270493928	1696.376960067391	2877694.790647484	2397208183.3387403	37055.11796960711	-107.75232248310932	11610.563000503984	1373081767.7415	38114.512852247804	37553.170460681205	1.333442	48.478638	0.14964186	0.0904149	0.1210231684	-0.0191718425	0.0156980467	-0.0211390928	0.0016378344	0.0830713615	0.0144478746	0.01347153	0.0167564655	0.0096970867	-0.0101963921	0.0430559607	-0.0307945954	0.0388510961	0.0307424371	-0.0082298522	-0.0405904701	0.0209799544	0.0127792587	-0.0236670868	0.0062095707	-0.0316971011	0.023020622	-0.0031974258	0.0651369057	-0.0290615078	-0.0257886498	0.0298129823	0.0334080746	-0.0337774042	-0.0348711733	0.0283129401	-0.0778557844	0.0014470152	0.0531650386	0.040178544	0.0208314228	-0.001813501	-0.0241713312	0.00688002	0.0012354599999999	1.5263614115999996e-06	4.73346752004e-05	-0.0265408	-0.0623047	0.00388187564209	0.0007044140646399	0.0430075	-0.0646675	0.0018496450562499	0.00418188555625	-0.00267326	-0.0002282599999999	5.2102627599999855e-08	7.146319027599999e-06	-0.00128023	0.0	1.6389888529e-06	0.0	-0.000656392	-0.000200424	4.0169779776e-08	4.30850457664e-07	0.0	0.0	0.0	0.0	0.0	0.0	0.0	0.0	0.0	0.0	0.0	0.0	0.0	0.0	0.0	0.0	0.0	0.0	0.0	0.0	0.0	0.0	0.0	0.0	0.0	0.0	0.0	0.0	0.0	0.0	0.0	0.0	0.0	0.0	0.0	0.0	0.0	0.0	0.0	0.0	0.0	0.0	0.0	0.0	0.0	0.0	0.0	0.0	0.0	0.0	0.0	0.0	0.0	0.0	0.0	0.0	0.0	0.0	0.0	0.0	0.0	0.0	0.0	0.0	0.0	0.0	0.0	0.0	0.0	0.0	0.0	0.0	0.0	0.0	0.0	0.0	0.0	0.0
37242.61858605677	-115.73238925691112	13393.985923113196	1387012639.1465013	47226.51557408916	-1734.777130850125	3009451.693720592	2230343773.2696857	37194.09643755571	138.97846794859652	19315.014553339068	1383400809.8061943	38069.11524533991	38182.785690159886	1.351622	49.139576	0.04355982	0.0239391	0.1271659336	-0.0142498404	0.013798721	0.0383082693	-0.0130080083	0.026591584	-0.0386640669	-0.0062396819	-0.0399162562	0.0011732859	-0.016952714	0.0403959777	-0.0085681781	0.0611635946	-0.0174526133	0.0136111549	-0.0148269259	0.0435097319	-0.0161373548	-0.0444474857	-0.003861929	-0.0183783348	-0.0653259207	0.0055566795	0.0682266962	-0.0382205382	-0.0225304824	-0.0239328259	-0.030763186	0.0110520871	-0.049495041	-0.0013541924	-0.0164378952	0.0129071295	0.0530464353	0.03974217	0.0199830776	-0.0030216178	-0.0255355494	0.0050044	-0.0018756199999999	3.517950384399999e-06	2.504401936e-05	-0.0356068	-0.009066	8.219235600000002e-05	0.00126784420624	0.0337906	-0.0092169	0.0011418046483599	8.495124561e-05	-0.00230834	0.0003649199999999	1.3316660639999994e-07	5.3284335556e-06	-0.00128023	0.0	1.6389888529e-06	0.0	-0.000553286	0.000103106	1.063084723600001e-08	3.06125397796e-07	0.0	0.0	0.0	0.0	0.0	0.0	0.0	0.0	0.0	0.0	0.0	0.0	0.0	0.0	0.0	0.0	0.0	0.0	0.0	0.0	0.0	0.0	0.0	0.0	0.0	0.0	0.0	0.0	0.0	0.0	0.0	0.0	0.0	0.0	0.0	0.0	0.0	0.0	0.0	0.0	0.0	0.0	0.0	0.0	0.0	0.0	0.0	0.0	0.0	0.0	0.0	0.0	0.0	0.0	0.0	0.0	0.0	0.0	0.0	0.0	0.0	0.0	0.0	0.0	0.0	0.0	0.0	0.0	0.0	0.0	0.0	0.0	0.0	0.0	0.0	0.0	0.0	0.0
37158.18629026948	-84.4322957872937	7128.812571913053	1380730808.3823705	47436.3212335234	209.80565943424156	44018.41473063694	2250204572.170023	37028.16914860678	-165.92728894892934	27531.86521794149	1371085310.497835	37962.72232296236	36612.48668184188	0.926952	33.70026	0.06997205	0.0502908	0.1108284949	-0.0141192148	-0.0031449541	0.0337364156	-0.0148984326	0.0434295461	-0.0486822646	-0.0047741396	-0.0475705808	0.0044014421	-0.0154666351	0.0405897695	-0.0154731583	0.0576997076	0.0097703169	0.0251900207	0.0003745373	0.0646520132	-0.0184372447	-0.0550377119	-0.0167511935	-0.022076094	-0.0084141548	0.0016913371	0.0556505691	-0.0272052879	-0.0484621845	0.0305197256	0.0408763429	-0.0233163997	0.0053166834	0.0103368039	-0.0542203013	-0.0228144941	0.0529263776	0.0393014377	0.0191298019	-0.0042284093	-0.0268822669	0.00988695	0.00488255	2.3839294502500003e-05	9.77517803025e-05	0.0130762	0.048683	0.002370034489	0.00017098700644	0.0431091	0.0093185	0.0018583945028099	8.683444225000001e-05	-0.00230834	0.0	0.0	5.3284335556e-06	-0.00141189	-0.00013166	1.9934333721e-06	1.7334355600000006e-08	-0.000563386	-1.0100000000000085e-05	1.0201000000000167e-10	3.174037849960001e-07	0.0	0.0	0.0	0.0	0.0	0.0	0.0	0.0	0.0	0.0	0.0	0.0	0.0	0.0	0.0	0.0	0.0	0.0	0.0	0.0	0.0	0.0	0.0	0.0	0.0	0.0	0.0	0.0	0.0	0.0	0.0	0.0	0.0	0.0	0.0	0.0	0.0	0.0	0.0	0.0	0.0	0.0	0.0	0.0	0.0	0.0	0.0	0.0	0.0	0.0	0.0	0.0	0.0	0.0	0.0	0.0	0.0	0.0	0.0	0.0	0.0	0.0	0.0	0.0	0.0	0.0	0.0	0.0	0.0	0.0	0.0	0.0	0.0	0.0	0.0	0.0	0.0	0.0
37118.48217579028	-39.704114479194686	1576.416706576997	1377781719.034461	47531.02096022475	94.6997267013503	8968.038237310438	2259197953.521324	36944.89770280144	-83.27144580533786	6934.133686511321	1364925466.2704632	37885.49327713816	37555.72197616809	1.007267	36.620216	0.03778375	0.0249833	0.1241534248	-0.0184569861	0.0113836646	0.0198628267	-0.0026184108	0.0134193249	-0.0154987795	0.0005477162	-0.0159750671	0.0030677684	-0.0162563474	0.0426528076	-0.0156843941	0.0527548097	-0.0036168617	-0.0044006854	-0.0300848681	0.027585366	-0.0044683564	-0.0410344038	-0.0281888402	-0.0174924252	-0.0377592377	-0.0170407335	0.0610898656	-0.0363801783	-0.0192166609	-0.0334483239	-0.0292500289	0.0077137776	-0.0625262768	-0.0022481317	-0.0268860118	0.0143102836	0.052804869	0.0388563956	0.0182718062	-0.005433346	-0.0282105605	0.0126867	0.00279975	7.838600062500001e-06	0.00016095235689	0.015097	0.0020207999999999	4.083632639999998e-06	0.0002279194089999	0.0447793	0.0016702	0.00200518570849	2.789568040000012e-06	-0.00277262	-0.00046428	2.155559184000001e-07	7.6874216644e-06	-0.00130831	0.00010358	1.7116750561e-06	1.0728816400000009e-08	-0.000505386	5.8e-05	3.364e-09	2.5541500899600004e-07	0.0	0.0	0.0	0.0	0.0	0.0	0.0	0.0	0.0	0.0	0.0	0.0	0.0	0.0	0.0	0.0	0.0	0.0	0.0	0.0	0.0	0.0	0.0	0.0	0.0	0.0	0.0	0.0	0.0	0.0	0.0	0.0	0.0	0.0	0.0	0.0	0.0	0.0	0.0	0.0	0.0	0.0	0.0	0.0	0.0	0.0	0.0	0.0	0.0	0.0	0.0	0.0	0.0	0.0	0.0	0.0	0.0	0.0	0.0	0.0	0.0	0.0	0.0	0.0	0.0	0.0	0.0	0.0	0.0	0.0	0.0	0.0	0.0	0.0	0.0	0.0	0.0	0.0
37120.7698740339	2.287698243613704	5.233563253833227	1377951556.0409825	47779.26955786248	248.2485976377284	61627.36622909876	2282858599.482884	36930.03832940851	-14.859373392930138	220.80097763052007	1363827731.011582	37904.155452416846	39313.619510888064	0.871596	31.687744	0.0818169999999999	0.0437544	0.1437406736	-0.0227288743	0.0143864498	0.0062518051	0.0022030811	0.0006761337	-0.0064132904	0.0071345695	-0.0060861417	0.0074094905	-0.0145187428	0.043800992	-0.02229831	0.0524841948	0.022350601	0.002223813	-0.0274266988	0.0396980591	-0.0102268602	-0.0310640501	-0.0227262718	-0.0506274474	-0.0036077198	-0.0313394481	0.0636285604	-0.0303553686	-0.0096223345	0.017213856	0.0031148223	0.0105082584	-0.0002055911	0.0242099627	-0.0896333981	-0.0199727002	0.0526819127	0.0384070924	0.0174093022	-0.0066358995	-0.0295195201	0.00983605	-0.0028506499999999	8.126205422499999e-06	9.67478796025e-05	-0.0230086	-0.0381056	0.00145203675136	0.00052939567396	0.031466	-0.0133133	0.000990109156	0.00017724395689	-0.00263956	0.0001330599999999	1.7704963599999987e-08	6.9672769936e-06	-0.00104297	0.00026534	1.0877864209e-06	7.04053156e-08	-0.000657935	-0.0001525489999999	2.3271197400999992e-08	4.32878464225e-07	0.0	0.0	0.0	0.0	0.0	0.0	0.0	0.0	0.0	0.0	0.0	0.0	0.0	0.0	0.0	0.0	0.0	0.0	0.0	0.0	0.0	0.0	0.0	0.0	0.0	0.0	0.0	0.0	0.0	0.0	0.0	0.0	0.0	0.0	0.0	0.0	0.0	0.0	0.0	0.0	0.0	0.0	0.0	0.0	0.0	0.0	0.0	0.0	0.0	0.0	0.0	0.0	0.0	0.0	0.0	0.0	0.0	0.0	0.0	0.0	0.0	0.0	0.0	0.0	0.0	0.0	0.0	0.0	0.0	0.0	0.0	0.0	0.0	0.0	0.0	0.0	0.0	0.0
37046.14539961625	-74.6244744176438	5568.812182109574	1372416888.9695084	46959.7980737189	-819.471484143578	671533.5133244784	2205222635.124453	37037.870880009774	107.83255060126248	11627.858969173834	1371803879.324276	37933.790087719295	38469.04137390052	1.180505	42.91843	0.05605327	0.0308049	0.1391573123	-0.0212563696	0.0121510516	0.043219105	-0.0197736106	0.0072391223	-0.0490691707	-0.0081321829	-0.0496476514	0.0019060678	-0.0167842004	0.0430416717	-0.0106681898	0.0679437099	-0.0103456807	0.0215894958	-0.005171894	0.056524107	-0.0206469417	-0.0482368084	-0.0348036003	-0.0293981671	-0.0625648637	-0.0229513769	0.0701854547	-0.037933911	-0.0326704852	-0.0088526809	-0.0153945274	-0.0248487774	-0.0713929887	-0.0209270439	-0.0079557079	0.021210091	0.0525575121	0.0379535775	0.0165425028	-0.0078355422	-0.0308082484	0.00462253	-0.00521352	2.718079079040001e-05	2.13677836009e-05	-0.0350215	-0.0120128999999999	0.0001443097664099	0.0012265054622499	0.0296248	-0.0018412	0.0008776287750399	3.390017440000004e-06	-0.00277262	-0.0001330599999999	1.7704963599999987e-08	7.6874216644e-06	-0.00157225	-0.00052928	2.4719700625000004e-06	2.801373184e-07	-0.0007353079999999	-7.737299999989997e-05	5.986581128984522e-09	5.406778548638529e-07	0.0	0.0	0.0	0.0	0.0	0.0	0.0	0.0	0.0	0.0	0.0	0.0	0.0	0.0	0.0	0.0	0.0	0.0	0.0	0.0	0.0	0.0	0.0	0.0	0.0	0.0	0.0	0.0	0.0	0.0	0.0	0.0	0.0	0.0	0.0	0.0	0.0	0.0	0.0	0.0	0.0	0.0	0.0	0.0	0.0	0.0	0.0	0.0	0.0	0.0	0.0	0.0	0.0	0.0	0.0	0.0	0.0	0.0	0.0	0.0	0.0	0.0	0.0	0.0	0.0	0.0	0.0	0.0	0.0	0.0	0.0	0.0	0.0	0.0	0.0	0.0	0.0	0.0
36945.21771560068	-100.9276840155726	10186.397400747268	1364949112.0531344	47003.24895054243	43.45087682353187	1887.978696733739	2209305411.906668	36874.88970977398	-162.98117023579107	26562.861851427908	1359757491.1079953	37789.38030553272	37856.51387068246	0.8819719999999999	32.06496	0.08157989	0.0584149	0.1333851491	-0.0224190693	0.0030690442	0.0349080471	-0.0035200986	-0.0341095542	-0.0441541801	-0.0039566339	-0.0442353292	0.0038248404	-0.0173927811	0.0434662226	-0.0144574752	0.0637494523	0.005547553	0.0207780399	0.0007044583	0.066194346	-0.0202188169	-0.0587834902	-0.0435918253	-0.0295716216	-0.0225569867	-0.0249442001	0.0639819791	-0.0150773699	-0.0275050628	0.0142304803	-0.0219909328	0.0189202364	0.0042083448	-0.00117822	-0.0470898697	-0.0373790191	0.0524316706	0.0374959006	0.0156716217	-0.0090317481	-0.0320758624	0.00452274	-9.978999999999976e-05	9.958044099999957e-09	2.04551771076e-05	0.0216411	0.0566625999999999	0.0032106502387599	0.00046833720921	0.03898	0.0093552	0.0015194404	8.751976704000002e-05	-0.00277262	0.0	0.0	7.6874216644e-06	-0.00144432	0.00012793	2.0860602624e-06	1.6366084900000018e-08	-0.000553992	0.0001813159999998	3.2875491855963734e-08	3.06907136064e-07	0.0	0.0	0.0	0.0	0.0	0.0	0.0	0.0	0.0	0.0	0.0	0.0	0.0	0.0	0.0	0.0	0.0	0.0	0.0	0.0	0.0	0.0	0.0	0.0	0.0	0.0	0.0	0.0	0.0	0.0	0.0	0.0	0.0	0.0	0.0	0.0	0.0	0.0	0.0	0.0	0.0	0.0	0.0	0.0	0.0	0.0	0.0	0.0	0.0	0.0	0.0	0.0	0.0	0.0	0.0	0.0	0.0	0.0	0.0	0.0	0.0	0.0	0.0	0.0	0.0	0.0	0.0	0.0	0.0	0.0	0.0	0.0	0.0	0.0	0.0	0.0	0.0	0.0
36920.95891970724	-24.25879589343822	588.489178199495	1363157207.5507095	47067.38236934427	64.13341880183725	4113.095407211852	2215338483.10206	36889.01874646445	14.129036690465	199.62967780050616	1360799704.0770054	37819.140236545136	37017.49522997169	0.86846	31.573736	0.07241556	0.0588319	0.1252651723	-0.0158612367	0.0066699954	0.0362625574	-0.0140228148	-0.0080454986	-0.0402956433	-0.0032955415	-0.0403445857	0.0045437381	-0.017142912	0.0454722319	-0.0106108499	0.0666580162	-0.0122165058	0.0182918519	-0.0053557391	0.0542180522	-0.0159337387	-0.0491466347	-0.0423704872	-0.0243024875	-0.0447126744	-0.0354686271	0.0699602192	-0.03027064	-0.030223329	0.0175281632	0.0081578931	-0.0356730754	-0.0705393654	-0.0208752218	-0.0042011996	0.0180733586	0.0523043917	0.0370341117	0.0147968739	-0.0102239922	-0.0333214931	0.00427568	-0.00024706	6.103864360000018e-08	1.82814394624e-05	-0.0363456	-0.0579867	0.00336245737689	0.00132100263936	0.0448791	0.0058990999999999	0.0020141336168099	3.479938080999997e-05	-0.00277262	0.0	0.0	7.6874216644e-06	-0.00146946	-2.5139999999999885e-05	2.1593126916e-06	6.320195999999941e-10	-0.000413478	0.000140514	1.9744184196e-08	1.70964056484e-07	0.0	0.0	0.0	0.0	0.0	0.0	0.0	0.0	0.0	0.0	0.0	0.0	0.0	0.0	0.0	0.0	0.0	0.0	0.0	0.0	0.0	0.0	0.0	0.0	0.0	0.0	0.0	0.0	0.0	0.0	0.0	0.0	0.0	0.0	0.0	0.0	0.0	0.0	0.0	0.0	0.0	0.0	0.0	0.0	0.0	0.0	0.0	0.0	0.0	0.0	0.0	0.0	0.0	0.0	0.0	0.0	0.0	0.0	0.0	0.0	0.0	0.0	0.0	0.0	0.0	0.0	0.0	0.0	0.0	0.0	0.0	0.0	0.0	0.0	0.0	0.0	0.0	0.0
36860.350290169285	-60.60862953795731	3673.405974469352	1358685423.5139828	47314.509323626335	247.12695428206644	61071.73153273056	2238662792.5355234	36760.36748186154	-128.65126460290776	16551.147883927388	1351324617.401503	37703.86307108918	37036.67905980027	0.884457	32.155327	0.05490832	0.0350182	0.1269644822	-0.0209820719	0.0027514333	0.0215083665	-0.0034662205	-0.0477061006	-0.0272146857	0.0017359796	-0.0266534034	0.0063617569	-0.0164992806	0.0475681094	-0.0148909107	0.0645934668	0.0075236113	0.015929291	-0.0090999677	0.045569754	-0.0152156761	-0.0485295117	-0.0470051937	-0.0399302525	-0.0094351429	-0.0560542432	0.0638371218	-0.0294987848	-0.0202437664	0.0087842132	-0.0379530412	0.033941224	-0.0013757332	0.0015883809	-0.0541995642	-0.0309374611	0.0521756788	0.0365682617	0.0139184751	-0.0114117519	-0.0345442869	0.0060841	0.00180842	3.2703828964000027e-06	3.7016272810000006e-05	-0.0640952	-0.0277496	0.00077004030016	0.00410819466304	0.0489879	0.0041088	0.00239981434641	1.6882237440000023e-05	-0.00277262	0.0	0.0	7.6874216644e-06	-0.00105632	0.00041314	1.1158119423999998e-06	1.706846596e-07	-0.000425168	-1.169000000000002e-05	1.3665610000000043e-10	1.80767828224e-07	0.0	0.0	0.0	0.0	0.0	0.0	0.0	0.0	0.0	0.0	0.0	0.0	0.0	0.0	0.0	0.0	0.0	0.0	0.0	0.0	0.0	0.0	0.0	0.0	0.0	0.0	0.0	0.0	0.0	0.0	0.0	0.0	0.0	0.0	0.0	0.0	0.0	0.0	0.0	0.0	0.0	0.0	0.0	0.0	0.0	0.0	0.0	0.0	0.0	0.0	0.0	0.0	0.0	0.0	0.0	0.0	0.0	0.0	0.0	0.0	0.0	0.0	0.0	0.0	0.0	0.0	0.0	0.0	0.0	0.0	0.0	0.0	0.0	0.0	0.0	0.0	0.0	0.0
36866.06736807126	5.717077901972516	32.68497973722246	1359106923.1871684	47550.12451634701	235.6151927206738	55514.51904080026	2261014341.520105	36848.58157939566	88.21409753411717	7781.727003758738	1357817964.413377	37802.98954290022	37932.10380678718	0.843215	30.655926	0.10827577	0.0614631	0.138942814	-0.0242011041	0.0155085757	0.0150626367	-0.0049124804	-0.0173172967	-0.017754559	0.0027601273	-0.0176575118	0.005652968	-0.0170179283	0.0471341953	-0.0156318416	0.0663750344	-0.0034411502	0.0042226711	-0.0238332674	0.0407117617	-0.0068325467	-0.032341464	-0.0536386366	-0.0430274515	-0.0369431916	-0.0623050168	0.0696408254	-0.0133934077	-0.001907494	0.0359788942	0.04032908	-0.0417694694	-0.0570019118	-0.0032709843	-0.0311355842	0.0161630588	0.0520455355	0.0360984016	0.0130366422	-0.0125945059	-0.0357434058	0.00989982	0.00381572	1.45597191184e-05	9.80064360324e-05	-0.0121175	0.0519777	0.00270168129729	0.00014683380625	0.030645	-0.0183429	0.0009391160249999	0.00033646198041	-0.00275614	1.648000000000014e-05	2.7159040000000456e-10	7.596307699599999e-06	-0.00153878	-0.00048246	2.3678438884e-06	2.327676516000001e-07	-0.000609017	-0.0001838489999999	3.380045480099999e-08	3.70901706289e-07	0.0	0.0	0.0	0.0	0.0	0.0	0.0	0.0	0.0	0.0	0.0	0.0	0.0	0.0	0.0	0.0	0.0	0.0	0.0	0.0	0.0	0.0	0.0	0.0	0.0	0.0	0.0	0.0	0.0	0.0	0.0	0.0	0.0	0.0	0.0	0.0	0.0	0.0	0.0	0.0	0.0	0.0	0.0	0.0	0.0	0.0	0.0	0.0	0.0	0.0	0.0	0.0	0.0	0.0	0.0	0.0	0.0	0.0	0.0	0.0	0.0	0.0	0.0	0.0	0.0	0.0	0.0	0.0	0.0	0.0	0.0	0.0	0.0	0.0	0.0	0.0	0.0	0.0
36808.8088369855	-57.25853108575393	3278.539382098249	1354888407.9977422	46783.03410100711	-767.0904153398951	588427.7053063328	2188652279.6959944	36825.720046905	-22.861532490656828	522.6496678213578	1356133656.9730208	37710.81730308845	37037.44712344179	0.926417	33.680813	0.03460187	0.0177566	0.1301367779	-0.0218767321	0.0051047969	0.035361602	-0.0109973536	-0.0680392343	-0.0458455561	-0.0018656508	-0.0447259757	0.006561772	-0.0155125951	0.0458945325	-0.0122778081	0.0702411336	-0.0029657116	0.0245143919	0.0123252131	0.0689450894	-0.0235792407	-0.0527751924	-0.0612255106	-0.0402985926	-0.027105171	-0.0528638171	0.0686340362	-0.008673341	-0.0290195619	0.0185934681	-0.0601901118	0.0191703449	-0.0207824266	-0.0125001143	-0.0114868704	-0.0292800491	0.0519139653	0.0356245829	0.0121515927	-0.0137717356	-0.036918028	0.009899	-8.200000000003344e-07	6.724000000005483e-13	9.7990201e-05	-0.012115	2.4999999999990308e-06	6.249999999995154e-12	0.000146773225	0.0386173	0.0079723	0.00149129585929	6.355756729000002e-05	-0.00252864	0.0002274999999999	5.175624999999993e-08	6.3940202496e-06	-0.00132381	0.00021497	1.7524729160999998e-06	4.6212100900000044e-08	-0.000699072	-9.005500000000002e-05	8.109903025000004e-09	4.88701661184e-07	0.0	0.0	0.0	0.0	0.0	0.0	0.0	0.0	0.0	0.0	0.0	0.0	0.0	0.0	0.0	0.0	0.0	0.0	0.0	0.0	0.0	0.0	0.0	0.0	0.0	0.0	0.0	0.0	0.0	0.0	0.0	0.0	0.0	0.0	0.0	0.0	0.0	0.0	0.0	0.0	0.0	0.0	0.0	0.0	0.0	0.0	0.0	0.0	0.0	0.0	0.0	0.0	0.0	0.0	0.0	0.0	0.0	0.0	0.0	0.0	0.0	0.0	0.0	0.0	0.0	0.0	0.0	0.0	0.0	0.0	0.0	0.0	0.0	0.0	0.0	0.0	0.0	0.0
36783.21956969251	-25.58926729299128	654.8106005921533	1353005241.9122102	46602.32389014366	-180.7102108634499	32656.180310312528	2171776591.961855	36916.86492153216	91.14487462715624	8307.38817080003	1362854915.6346514	37802.2011360106	33777.79000884039	0.810038	29.449741	0.0769634099999999	0.0410666	0.0881493541	-0.0063457186	-0.0064206114	0.0408603898	-0.0148747038	-0.06098962	-0.0413671803	-0.0031421491	-0.0413011276	0.00489847	-0.0161859811	0.0458304974	-0.0100885007	0.0686719725	-0.0104689672	0.0155419088	0.0007885273	0.0475520992	-0.0144378765	-0.0287079543	-0.0613551648	-0.0299132116	-0.0439670942	-0.0626743305	0.0529266185	0.0011638166	-0.0316187417	0.0472207031	0.0433394622	0.0093800588	0.0053100092	-0.0108911437	-0.0213560916	-0.01307132	0.0517809719	0.0351468575	0.011263545	-0.0149429245	-0.0380673484	0.00263224	-0.00726676	5.28058008976e-05	6.928687417600001e-06	-0.0175617	-0.0054466999999999	2.9666540889999985e-05	0.0003084133068899	0.0490524	0.0104351	0.00240613794576	0.00010889131201	-0.00181731	0.00071133	5.059903689e-07	3.3026156361e-06	-0.000995425	0.0003283849999999	9.90870930625e-07	1.0783670822499989e-07	-0.0007356539999999	-3.658199999989999e-05	1.338242723992683e-09	5.411868077158529e-07	0.0	0.0	0.0	0.0	0.0	0.0	0.0	0.0	0.0	0.0	0.0	0.0	0.0	0.0	0.0	0.0	0.0	0.0	0.0	0.0	0.0	0.0	0.0	0.0	0.0	0.0	0.0	0.0	0.0	0.0	0.0	0.0	0.0	0.0	0.0	0.0	0.0	0.0	0.0	0.0	0.0	0.0	0.0	0.0	0.0	0.0	0.0	0.0	0.0	0.0	0.0	0.0	0.0	0.0	0.0	0.0	0.0	0.0	0.0	0.0	0.0	0.0	0.0	0.0	0.0	0.0	0.0	0.0	0.0	0.0	0.0	0.0	0.0	0.0	0.0	0.0	0.0	0.0
36796.42826566684	13.208695974324655	174.46964934214034	1353977133.1103654	47300.453687333385	698.129797189722	487385.2137241624	2237332919.0275702	36863.85010970928	-53.01481182287535	2810.5702726148834	1358943444.911113	37794.00646906981	31393.991103387307	0.89985	32.714966	0.06725131	0.0347521	0.0581641976	0.0003229911	-0.014945448	0.0218541023	-0.0127768915	-0.0558655413	-0.0257804838	0.0024723148	-0.0247950417	0.0075848375	-0.016184255	0.0492836483	-0.0109531828	0.0591463808	0.007973364	0.0044188088	0.0062968769	0.0367685764	-0.0083525043	-0.0363430254	-0.0520554102	-0.0259032532	0.0038608817	-0.0764972039	0.0393927059	-0.0209153684	-0.0309633034	0.0327067502	-0.0307032018	0.0160547421	-0.0259034402	-0.0075638648	-0.0119775339	0.0170671056	0.0516465589	0.0346652779	0.0103727182	-0.016107559	-0.0391905793	0.0098385	0.00720626	5.19301831876e-05	9.679608225e-05	-0.0413438	-0.0237821	0.00056558828041	0.00170930979844	0.0659944	0.0169419999999999	0.00435526083136	0.0002870313639999	-0.00189406	-7.675e-05	5.890562499999999e-09	3.5874632836e-06	-0.000969353	2.607200000000014e-05	9.39645238609e-07	6.797491840000071e-10	-0.000452057	0.0002835969999999	8.042725840894329e-08	2.04355531249e-07	0.0	0.0	0.0	0.0	0.0	0.0	0.0	0.0	0.0	0.0	0.0	0.0	0.0	0.0	0.0	0.0	0.0	0.0	0.0	0.0	0.0	0.0	0.0	0.0	0.0	0.0	0.0	0.0	0.0	0.0	0.0	0.0	0.0	0.0	0.0	0.0	0.0	0.0	0.0	0.0	0.0	0.0	0.0	0.0	0.0	0.0	0.0	0.0	0.0	0.0	0.0	0.0	0.0	0.0	0.0	0.0	0.0	0.0	0.0	0.0	0.0	0.0	0.0	0.0	0.0	0.0	0.0	0.0	0.0	0.0	0.0	0.0	0.0	0.0	0.0	0.0	0.0	0.0
36795.87176070284	-0.556504963999032	0.3096977749555639	1353936178.6300886	47592.46036359597	292.0066762625865	85267.89898192303	2265042283.460453	36992.32848578708	128.47837607780093	16506.69311958885	1368432366.8003745	37973.484604577854	26059.258169255976	0.907805	33.004147	0.14816711	0.082037	-0.0114384163	0.0221466005	-0.0222999195	0.0044479318	-0.0004971182	-0.0774074794	-0.0034711821	0.0063974908	-0.0025123434	0.006821252	-0.0118143283	0.0537722669	-0.0173795385	0.0547161566	0.0056861087	-0.0046612561	-0.0101836691	-0.0047160978	0.0100610017	-0.0300582127	-0.0391246139	-0.0024662381	-0.022956533	-0.0976925155	0.0298460736	0.0011571558	-0.0173012648	-0.0085156641	0.0038227022	0.0559283053	0.0178978868	0.0049791218	-0.0319791079	0.0447045993	0.0515107299	0.0341798968	0.009479332	-0.0172651282	-0.040286951	0.00988446	4.595999999999941e-05	2.112321599999945e-09	9.77025494916e-05	-0.0991989	-0.0578551	0.00334721259601	0.00984042176121	0.117588	0.0515936	0.013826937744	0.00266189956096	-0.0020284	-0.00013434	1.804723560000004e-08	4.11440656e-06	-0.00135961	-0.000390257	1.8485393521e-06	1.523005260490001e-07	-0.000700909	-0.000248852	6.1927317904e-08	4.91273426281e-07	0.0	0.0	0.0	0.0	0.0	0.0	0.0	0.0	0.0	0.0	0.0	0.0	0.0	0.0	0.0	0.0	0.0	0.0	0.0	0.0	0.0	0.0	0.0	0.0	0.0	0.0	0.0	0.0	0.0	0.0	0.0	0.0	0.0	0.0	0.0	0.0	0.0	0.0	0.0	0.0	0.0	0.0	0.0	0.0	0.0	0.0	0.0	0.0	0.0	0.0	0.0	0.0	0.0	0.0	0.0	0.0	0.0	0.0	0.0	0.0	0.0	0.0	0.0	0.0	0.0	0.0	0.0	0.0	0.0	0.0	0.0	0.0	0.0	0.0	0.0	0.0	0.0	0.0
36907.82635477963	111.954594076793	12533.831134899494	1362187646.234566	47961.92714542913	369.46678183315817	136505.7028781505	2300346455.503452	37284.85667780187	292.52819201479	85572.74312344183	1390160537.484227	38237.380217128106	23494.12441413004	1.056259	38.40136	0.42442604	0.245626	-0.0430560977	0.0306665798	-0.0289236331	0.0150970375	-0.0137258033	-0.026033411	-0.0321744211	-0.00350247	-0.0306748387	0.0031756595	-0.0146473828	0.0459728137	0.0010570405	0.0261737158	-0.002715043	-0.0003175692	0.0151883367	-0.010290058	0.024513843	-0.0888257909	-0.0486480216	0.0733460202	-0.0062720547	-0.0586856326	0.0128718427	0.0524943184	-0.027813306	0.021008426	0.0330036337	-0.0633852628	0.0514806853	0.0051721787	-0.0044089649	0.0185936313	0.0513734888	0.0336907675	0.008583607	-0.0184151243	-0.041355712	0.0300082	0.02012374	0.0004049649115876	0.0009004920672399	0.0633261	0.162525	0.026414375625	0.00401019494121	0.291551	0.173963	0.085001985601	0.030263125369	-0.00279366	-0.0007652599999999	5.856228675999997e-07	7.804536195599999e-06	-0.00186553	-0.00050592	3.4802021809e-06	2.559550464e-07	-0.000786015	-8.510600000000005e-05	7.2430312360000094e-09	6.17819580225e-07	0.0	0.0	0.0	0.0	0.0	0.0	0.0	0.0	0.0	0.0	0.0	0.0	0.0	0.0	0.0	0.0	0.0	0.0	0.0	0.0	0.0	0.0	0.0	0.0	0.0	0.0	0.0	0.0	0.0	0.0	0.0	0.0	0.0	0.0	0.0	0.0	0.0	0.0	0.0	0.0	0.0	0.0	0.0	0.0	0.0	0.0	0.0	0.0	0.0	0.0	0.0	0.0	0.0	0.0	0.0	0.0	0.0	0.0	0.0	0.0	0.0	0.0	0.0	0.0	0.0	0.0	0.0	0.0	0.0	0.0	0.0	0.0	0.0	0.0	0.0	0.0	0.0	0.0
36962.5233361966	54.69698141697154	2991.7597761285297	1366228131.3788784	47632.03333734449	-329.89380808464193	108829.92461258656	2268810599.849897	37139.80325506548	-145.05342273638962	21040.495447541754	1379364985.8249726	38069.15101653874	30275.07116319332	1.086406	39.49736	0.49905415	0.297801	0.0455611406	0.0051129166	-0.0075652453	0.0182998387	-0.0093110881	-0.0221265336	-0.0280812145	-0.0019969896	-0.0274203064	0.0036060406	-0.0157716165	0.0452434296	-0.0143023706	0.0617517077	0.0015102196	-0.0044978071	0.0078355277	0.025980929	-0.0144541424	0.0134975309	-0.0520974243	-0.0410681711	-0.0560643383	-0.0339714454	0.0535370386	0.0008585318	0.0012135781	0.0748903175	-0.047748351	0.0280343988	-0.0396803328	0.0246413535	-0.0225162125	-0.0186505209	0.0512348393	0.0331979437	0.0076857641	-0.0195570429	-0.0423961298	0.0100821	-0.0199261	0.0003970494612099	0.00010164874041	-0.0123442	-0.0756703	0.00572599430209	0.00015237927364	0.0361612	-0.2553898	0.0013076323854399	0.06522394994404	-0.000900486	0.0018931739999999	3.584107794276e-06	8.10875036196e-07	-0.00141098	0.0004545499999999	1.9908645604e-06	2.066157025e-07	-0.00139965	-0.0006136349999999	3.765479132249998e-07	1.9590201225e-06	0.0	0.0	0.0	0.0	0.0	0.0	0.0	0.0	0.0	0.0	0.0	0.0	0.0	0.0	0.0	0.0	0.0	0.0	0.0	0.0	0.0	0.0	0.0	0.0	0.0	0.0	0.0	0.0	0.0	0.0	0.0	0.0	0.0	0.0	0.0	0.0	0.0	0.0	0.0	0.0	0.0	0.0	0.0	0.0	0.0	0.0	0.0	0.0	0.0	0.0	0.0	0.0	0.0	0.0	0.0	0.0	0.0	0.0	0.0	0.0	0.0	0.0	0.0	0.0	0.0	0.0	0.0	0.0	0.0	0.0	0.0	0.0	0.0	0.0	0.0	0.0	0.0	0.0
37215.203745082144	252.6804088855424	63847.389034564905	1384971389.787976	47734.93631632294	102.90297897845448	10589.023082640246	2278624145.123407	36962.40577002194	-177.39748504354066	31469.86769977323	1366219440.3077514	37940.52698681926	40956.01685330086	1.064927	38.716507	0.10285835	0.0800484999999999	0.1743085848	-0.036759931	0.0366726424	-0.0046710126	0.0056613968	-0.0413294004	0.0052765656	0.0087671424	0.006285619	0.006428056	-0.0141286391	0.0457797008	-0.0258982384	0.0825445115	0.0227774445	0.0042151698	-0.0208990581	0.0644850095	-0.0226874901	0.0624003905	-0.0122498149	-0.1469026533	0.0003635831	-0.05492077	0.0299183137	0.0073098827	0.0627428891	-0.0078333734	-0.0415464887	0.0009095457	0.0134615533	-0.0118566622	-0.0604785199	-0.0375033826	0.0510947851	0.0327014793	0.0067860248	-0.0206903832	-0.0434074915	0.0101423	6.019999999999984e-05	3.6240399999999804e-09	0.00010286624929	-0.0205377	-0.0081935	6.713344224999999e-05	0.00042179712129	-0.0425087	-0.0786699	0.00180698957569	0.00618895316601	-0.000882361	1.812500000000002e-05	3.2851562500000074e-10	7.785609343210001e-07	-0.00154389	-0.0001329099999999	2.3835963321e-06	1.7665068099999993e-08	-0.00156731	-0.00016766	2.810987560000001e-08	2.4564606361e-06	0.0	0.0	0.0	0.0	0.0	0.0	0.0	0.0	0.0	0.0	0.0	0.0	0.0	0.0	0.0	0.0	0.0	0.0	0.0	0.0	0.0	0.0	0.0	0.0	0.0	0.0	0.0	0.0	0.0	0.0	0.0	0.0	0.0	0.0	0.0	0.0	0.0	0.0	0.0	0.0	0.0	0.0	0.0	0.0	0.0	0.0	0.0	0.0	0.0	0.0	0.0	0.0	0.0	0.0	0.0	0.0	0.0	0.0	0.0	0.0	0.0	0.0	0.0	0.0	0.0	0.0	0.0	0.0	0.0	0.0	0.0	0.0	0.0	0.0	0.0	0.0	0.0	0.0
37250.47392214552	35.2701770633721	1243.9853900816197	1387597807.4244432	47713.38872047171	-21.547595851232472	464.2988869680509	2276567463.190837	37113.78726927841	151.38149925646576	22916.358317135346	1377433205.469252	38065.39324629934	40720.65856895605	0.8666169999999999	31.506737	0.141237208	0.0836726	0.1748648936	-0.0368195428	0.0353169007	0.0086603417	-0.004869173	0.0016286271	-0.0118351859	0.0001722151	-0.0112443006	0.002118009	-0.0149869861	0.0432803106	-0.0235398672	0.0922503329	0.0150553585	0.0135588739	-0.0182923855	0.0739146288	-0.0339064346	0.0887452319	0.0184984711	-0.1768252519	-0.0227908496	-0.0572493504	0.0165872209	-0.0096730767	0.0763954749	0.02447536	0.0354531656	-0.0644779689	-0.0035825092	-0.0475543631	-0.0404507555	-0.017552319	0.0509533301	0.0322014289	0.0058846112	-0.021814648	-0.0443891039	-0.000302758	-0.010445058	0.0001090992366233	9.1662406564e-08	-0.0905605	-0.0700228	0.00490319251984	0.00820120416025	-0.0851164999999999	-0.0426077999999999	0.0072448185722499	0.0018154246208399	-0.00066067	0.000221691	4.9146899481e-08	4.364848489000001e-07	-0.00163249	-8.859999999999988e-05	2.6650236001e-06	7.849959999999978e-09	-0.00162025	-5.294000000000002e-05	2.802643600000002e-09	2.6252100625e-06	0.0	0.0	0.0	0.0	0.0	0.0	0.0	0.0	0.0	0.0	0.0	0.0	0.0	0.0	0.0	0.0	0.0	0.0	0.0	0.0	0.0	0.0	0.0	0.0	0.0	0.0	0.0	0.0	0.0	0.0	0.0	0.0	0.0	0.0	0.0	0.0	0.0	0.0	0.0	0.0	0.0	0.0	0.0	0.0	0.0	0.0	0.0	0.0	0.0	0.0	0.0	0.0	0.0	0.0	0.0	0.0	0.0	0.0	0.0	0.0	0.0	0.0	0.0	0.0	0.0	0.0	0.0	0.0	0.0	0.0	0.0	0.0	0.0	0.0	0.0	0.0	0.0	0.0
37343.41443737991	92.94051523439704	8637.939372035185	1394530601.841915	47516.69058936241	-196.6981311092968	38690.15478189012	2257835884.5652027	37124.25013097616	10.46286169774976	109.47147490623895	1378209947.7872832	38052.72809576024	41073.16142943027	0.8878439999999999	32.278465	0.062247608	0.035397	0.1777957896	-0.0369875958	0.0364417099	0.0133676568	-0.0088425984	-0.001042154	-0.0156500055	0.0019629869	-0.0149434992	0.0049451647	-0.0143446316	0.0452115924	-0.0197244777	0.0978930639	0.0107384707	0.0290943627	-0.0160277837	0.0938245259	-0.0379725462	0.0581439016	0.0243147344	-0.1680626695	0.0018052729	-0.0469682519	0.0234530477	-0.0300460126	0.0624359441	-0.0556079291	-0.0640063882	-0.0497307687	-0.0185782542	-0.063574851	-0.0125281359	-0.0118445977	0.0508104782	0.0316978472	0.0049817457	-0.0229293442	-0.0453402941	0.0101538	0.010456558	0.0001093396052073	0.0001030996544399	-0.0591624	0.0313981	0.00098584068361	0.0035001895737599	-0.0732613	0.0118551999999999	0.00536721807769	0.0001405457670399	-0.000717615	-5.694499999999998e-05	3.242733024999997e-09	5.14971288225e-07	-0.00165669	-2.420000000000005e-05	2.7446217561e-06	5.856400000000021e-10	-0.00170986	-8.960999999999995e-05	8.029952099999991e-09	2.9236212195999994e-06	0.0	0.0	0.0	0.0	0.0	0.0	0.0	0.0	0.0	0.0	0.0	0.0	0.0	0.0	0.0	0.0	0.0	0.0	0.0	0.0	0.0	0.0	0.0	0.0	0.0	0.0	0.0	0.0	0.0	0.0	0.0	0.0	0.0	0.0	0.0	0.0	0.0	0.0	0.0	0.0	0.0	0.0	0.0	0.0	0.0	0.0	0.0	0.0	0.0	0.0	0.0	0.0	0.0	0.0	0.0	0.0	0.0	0.0	0.0	0.0	0.0	0.0	0.0	0.0	0.0	0.0	0.0	0.0	0.0	0.0	0.0	0.0	0.0	0.0	0.0	0.0	0.0	0.0
37229.66152542034	-113.75291195957108	12939.724979281926	1386047697.2973638	47834.26028398993	317.56969462751294	100850.51094581182	2288116456.916496	37301.000877995575	176.75074701941776	31240.82657192221	1391364666.5002267	38252.32527503655	29421.070416504583	0.998581	36.304405	0.24339015	0.17022	0.0353345801	0.0075724593	-0.01107575	0.0125998562	-0.0075478285	0.0046621479	-0.0256002228	-0.0022605168	-0.0239348234	0.0029867075	-0.0089715108	0.054283549	-0.0239037771	0.0615001877	0.0249735394	0.0042216836	-0.0108491319	0.019018754	-0.0137463003	-0.0295282649	0.0057996224	-0.0185499117	-0.027979507	-0.0561624797	0.0409440824	0.0051915177	-0.0296222412	-0.0107217236	0.0252161296	0.0674369879	0.0209941301	-0.0136092404	-0.0087869679	0.0311258194	0.0506662333	0.0311907894	0.0040776509	-0.0240339827	-0.0462604104	0.0100682	-8.559999999999991e-05	7.327359999999985e-09	0.0001013686512399	-0.055931	0.0032313999999999	1.044194595999997e-05	0.003128276761	0.0770016	0.1502629	0.00592924640256	0.02257893911641	-0.00180799	-0.001090375	1.188917640625e-06	3.2688278401e-06	-0.00135171	0.0003049799999999	1.8271199241e-06	9.30128003999999e-08	-0.00130901	0.0004008499999999	1.6068072249999993e-07	1.7135071801e-06	0.0	0.0	0.0	0.0	0.0	0.0	0.0	0.0	0.0	0.0	0.0	0.0	0.0	0.0	0.0	0.0	0.0	0.0	0.0	0.0	0.0	0.0	0.0	0.0	0.0	0.0	0.0	0.0	0.0	0.0	0.0	0.0	0.0	0.0	0.0	0.0	0.0	0.0	0.0	0.0	0.0	0.0	0.0	0.0	0.0	0.0	0.0	0.0	0.0	0.0	0.0	0.0	0.0	0.0	0.0	0.0	0.0	0.0	0.0	0.0	0.0	0.0	0.0	0.0	0.0	0.0	0.0	0.0	0.0	0.0	0.0	0.0	0.0	0.0	0.0	0.0	0.0	0.0
37170.91587241145	-58.74565300888935	3451.0517474408302	1381676986.7938898	50934.167573612445	3099.907289622519	9609425.20425483	2594289426.4168334	36872.07003233424	-428.9308456613362	183981.67035974903	1359549548.4693606	38099.83012586806	23506.19108731388	2.265488	82.364075	0.2289788	0.149589	-0.0444000492	0.0231721463	0.0017253471	-0.0998515173	0.0279017487	0.0711223131	0.1025866805	0.0270401085	0.1060444788	0.0075213305	0.0191540531	0.0579169181	-0.0552616349	0.0205031009	0.0383954682	-0.0505698146	-0.071312406	-0.0677263423	0.0402303597	-0.0176114013	0.0111900267	0.0156764837	0.0637994946	-0.0540473475	0.0563093011	0.0474851219	-0.022785158	-0.0005927757	-0.0064618634	-0.0293950448	-0.0446434908	0.0378243686	0.0495490873	0.0168988582	0.0505205994	0.0306803113	0.0031725501	-0.0251280792	-0.0471488222	0.0376206	0.0275523999999999	0.0007591347457599	0.0014153095443599	-0.0368765	0.0190545	0.00036307397025	0.00135987625225	0.210147	0.1331454	0.044161761609	0.01772769754116	-0.00264741	-0.00083942	7.046259364000004e-07	7.008779708100001e-06	-0.0014655	-0.0001137899999999	2.14769025e-06	1.2948164099999976e-08	-0.00127769	3.1320000000000046e-05	9.80942400000003e-10	1.6324917360999998e-06	0.0	0.0	0.0	0.0	0.0	0.0	0.0	0.0	0.0	0.0	0.0	0.0	0.0	0.0	0.0	0.0	0.0	0.0	1.0	0.0	0.0	0.0	0.0	0.0	0.0	0.0	0.0	0.0	0.0	0.0	0.0	0.0	0.0	0.0	0.0	0.0	0.0	0.0	0.0	0.0	0.0	0.0	0.0	0.0	0.0	0.0	0.0	0.0	0.0	0.0	0.0	0.0	0.0	0.0	0.0	0.0	0.0	0.0	0.0	0.0	0.0	0.0	0.0	0.0	0.0	0.0	0.0	0.0	0.0	0.0	0.0	0.0	0.0	0.0	0.0	0.0	0.0	0.0
37150.97906365393	-19.93680875752034	397.4763434339397	1380195245.388053	49652.98342100026	-1281.1841526121862	1641432.8329046054	2465418762.606127	36922.97148362504	50.90145129080338	2590.957743510029	1363305823.180588	38059.39101265534	27620.967505321794	1.325334	48.183846	0.2842627	0.152596	0.0096999888	0.01271725	0.0081100625	-0.0640551957	0.0236330696	0.0294696215	0.0634669391	0.0207674355	0.0670019782	0.0082057825	0.007070298	0.0534601392	-0.0127301615	0.0464107735	-0.0035786512	-0.0426306291	-0.0493489542	-0.0301868688	0.0149133773	-0.1014044513	0.011832293	0.0359466193	0.0182750531	-0.0465089894	0.0969147258	0.1230494661	0.0158270279	-0.0344929836	-0.1214097832	-0.0560155762	-0.0270796637	0.0884994839	0.0574428323	0.0339641001	0.0503735805	0.0301664687	0.0022666665	-0.0262111537	-0.0480049204	0.0316344	-0.0059861999999999	3.583459043999996e-05	0.00100073526336	0.0663994	0.1032759	0.01066591152081	0.0044088803203599	0.215862	0.0057149999999999	0.046596403044	3.266122499999997e-05	-0.0046538	-0.0020063899999999	4.025600832099998e-06	2.165785444e-05	-0.000346028	0.001119472	1.19735376784e-07	1.253217558784e-06	-0.00101784	0.0002598499999999	6.752202249999991e-08	1.0359982656000003e-06	0.0	0.0	0.0	0.0	0.0	0.0	0.0	0.0	0.0	0.0	0.0	0.0	0.0	0.0	0.0	0.0	0.0	0.0	0.0	0.0	0.0	0.0	0.0	0.0	0.0	0.0	0.0	0.0	0.0	0.0	0.0	0.0	0.0	0.0	0.0	0.0	0.0	0.0	0.0	0.0	0.0	0.0	0.0	0.0	0.0	0.0	0.0	0.0	0.0	0.0	0.0	0.0	0.0	0.0	0.0	0.0	0.0	0.0	0.0	0.0	0.0	0.0	0.0	0.0	0.0	0.0	0.0	0.0	0.0	0.0	0.0	0.0	0.0	0.0	0.0	0.0	0.0	0.0
37164.894451676286	13.915388022353	193.6380238126453	1381229379.6042387	48943.16545444868	-709.8179665515781	503841.5456394173	2395433444.7015386	37039.324054828925	116.35257120388268	13537.92082575459	1371911526.438629	38123.02681811952	26544.70520880608	1.25867	45.760201	0.28814405	0.155904	-0.0028882493	0.0226114217	-0.0099140552	-0.0292163756	0.0189114257	0.018921984	0.0266228255	0.0104922123	0.0293099772	0.0048407146	0.0008688153	0.0526250712	-0.0086690272	0.0403236271	0.0075356659	-0.0059414502	-0.0267476538	-0.0365320748	0.0143992779	-0.1109220722	0.02731572	0.050733556	-0.0064685675	-0.058844989	0.1273054147	0.1660938503	0.009249495	-0.0460025313	-0.0562042515	-0.0478605217	0.037303263	0.0546570771	-0.0051609284	0.0008203591	0.0502251805	0.029649318	0.0013602237	-0.0272827311	-0.0488281186	0.0100772	-0.0215572	0.0004647128718399	0.0001015499598399	-0.0530853	-0.1194847	0.01427659353409	0.00281804907609	0.282871	0.0670089999999999	0.0800160026409999	0.0044902060809999	-0.00563791	-0.00098411	9.684724921000014e-07	3.178602916810001e-05	-0.000466412	-0.0001203839999999	2.17540153744e-07	1.449230745599999e-08	-0.000520471	0.000497369	2.473759221610001e-07	2.70890061841e-07	0.0	0.0	0.0	0.0	0.0	0.0	0.0	0.0	0.0	0.0	0.0	0.0	0.0	0.0	0.0	0.0	0.0	0.0	0.0	0.0	0.0	0.0	0.0	0.0	0.0	0.0	0.0	0.0	0.0	0.0	0.0	0.0	0.0	0.0	0.0	0.0	0.0	0.0	0.0	0.0	0.0	0.0	0.0	0.0	0.0	0.0	0.0	0.0	0.0	0.0	0.0	0.0	0.0	0.0	0.0	0.0	0.0	0.0	0.0	0.0	0.0	0.0	0.0	0.0	0.0	0.0	0.0	0.0	0.0	0.0	0.0	0.0	0.0	0.0	0.0	0.0	0.0	0.0
37526.23742679128	361.3429751149961	130568.74566495667	1408218495.4119108	48671.64518614855	-271.52026830013347	73723.25609777647	2368929045.126337	37491.69193497583	452.3678801469068	204636.69898860625	1405626964.147132	38554.62707431013	24055.66150493279	2.089389	75.961838	1.28280747	0.816299	-0.0436582617	0.0253863311	-0.0024681112	0.0017599976	-0.0187553363	-0.0034496715	-0.0242656365	-0.0074634753	-0.0219042315	-0.0013375234	0.002434171	-0.0322926395	0.0181825733	-0.0508150687	-0.0174760984	0.0968696573	0.0250476763	-0.0729721928	-0.0014002007	0.0844820311	0.0263389591	0.0201218656	0.0009651277	-0.0263766826	0.1825259167	0.1347862546	-0.1509146502	-0.0790701565	0.123981342	0.0417021295	0.0394197093	-0.1400851692	-0.0542691378	-0.0745225999	0.0500754035	0.0291289159	0.0004534452	-0.0283423414	-0.0496178523	-0.0287145	-0.0387917	0.0015047959888899	0.00082452251025	-0.00532708	0.04775822	0.0022808475775684	2.8377781326399995e-05	0.614511	0.33164	0.377623769121	0.1099850896	0.00970073	0.01533864	0.0002352738770496	9.41041625329e-05	0.00034944	0.0008158519999999	1.2210831360000002e-07	6.656144859039999e-07	-0.00165833	-0.001137859	1.294723103881e-06	2.7500583889e-06	0.0	0.0	0.0	0.0	0.0	0.0	0.0	0.0	0.0	0.0	0.0	0.0	0.0	0.0	0.0	0.0	0.0	0.0	0.0	1.0	0.0	0.0	0.0	0.0	0.0	0.0	0.0	0.0	0.0	0.0	0.0	0.0	0.0	0.0	0.0	0.0	0.0	0.0	0.0	0.0	0.0	0.0	0.0	0.0	0.0	0.0	0.0	0.0	0.0	0.0	0.0	0.0	0.0	0.0	0.0	0.0	0.0	0.0	0.0	0.0	0.0	0.0	0.0	0.0	0.0	0.0	0.0	0.0	0.0	0.0	0.0	0.0	0.0	0.0	0.0	0.0	0.0	0.0
37451.26701275255	-74.970414038733	5620.562981139054	1402597400.8604872	48474.71486920542	-196.9303169431296	38781.54973132147	2349797981.650765	37445.864087463146	-45.82784751268628	2100.1916076460257	1402192737.256762	38455.13722861842	15171.093529834458	2.856455	103.849281	2.79536078	1.74947	-0.0826081698	-0.2325576459	-0.0453125862	-0.0039001981	-0.0326588894	0.0463305469	-0.029807098	-0.0071285609	-0.0285247649	-0.0005706333	0.017719546	-0.1859043504	-0.0098529572	0.0862778316	0.0146790553	0.1590140724	-0.0482586874	-0.1068567931	0.0086007724	0.0119147472	-0.028713365	0.0957416087	0.0754436179	-0.0677392267	0.1410817523	0.099794484	-0.1585698064	-0.1699203078	0.1294536469	0.0409095321	0.0349440246	-0.3371648357	-0.0658765024	-0.0354716468	0.0499242538	0.0286053196	-0.0004534452	-0.0293895198	-0.0503735805	-0.0303032	-0.0015886999999999	2.523967689999995e-06	0.0009182839302399	0.105997	0.1113240799999999	0.0123930507878463	0.0112353640089999	1.54524	0.930729	2.3877666576	0.8662564714409998	0.041088	0.03138727	0.0009851607180529	0.001688223744	0.00254318	0.00219374	6.4677645124e-06	4.8124951876e-06	-0.0031117	-0.0014533699999999	2.1122843569e-06	9.68267689e-06	0.0	0.0	0.0	0.0	0.0	0.0	0.0	0.0	0.0	0.0	0.0	0.0	0.0	0.0	0.0	0.0	0.0	0.0	0.0	0.0	1.0	0.0	0.0	0.0	0.0	0.0	0.0	0.0	0.0	0.0	0.0	0.0	0.0	0.0	0.0	0.0	0.0	0.0	0.0	0.0	0.0	0.0	0.0	0.0	0.0	0.0	0.0	0.0	0.0	0.0	0.0	0.0	0.0	0.0	0.0	0.0	0.0	0.0	0.0	0.0	0.0	0.0	0.0	0.0	0.0	0.0	0.0	0.0	0.0	0.0	0.0	0.0	0.0	0.0	0.0	0.0	0.0	0.0
37142.51102191264	-308.7559908399053	95330.26187953168	1379566125.0129025	47278.79141365521	-1195.9234555502044	1430232.9115351418	2235284117.5359178	37291.78945891045	-154.0746285526984	23738.99116365199	1390677561.0477045	38190.08611910636	12641.239852124394	2.35258	85.530411	1.3137040999999998	0.777997	-0.0903863936	-0.2888872707	-0.0435430866	0.022775744	-0.0192797406	0.0353443237	-0.027699452	-0.0080001382	-0.028202767	-0.0020896626	0.0232886564	-0.1980450029	-0.0249315044	0.149632822	0.0059815943	0.2412269503	-0.0504014353	-0.2268205968	0.0681397505	-0.0311901928	-0.118701155	0.0138876334	0.0398364297	0.1756053945	0.0217734871	0.002384276	0.1064695751	0.0722159472	-0.0784875012	-0.0236607996	0.1102782711	-0.2198818288	-0.0724146365	0.1709046157	0.0497717353	0.0280785863	-0.0013602237	-0.030423807	-0.0510947851	0.0229947	0.0532978999999999	0.0028406661444099	0.00052875622809	0.0577498	-0.0482472	0.0023277923078399	0.0033350394000399	1.93518	0.3899399999999999	3.7449216324	0.1520532035999999	0.0552839	0.0141958999999999	0.0002015235768099	0.00305630959921	0.00153558	-0.0010076	2.3580059364e-06	1.01525776e-06	-0.00187082	0.0012408799999999	1.5397831743999997e-06	3.4999674724e-06	0.0	0.0	0.0	0.0	0.0	0.0	0.0	0.0	0.0	0.0	0.0	0.0	0.0	0.0	0.0	0.0	0.0	0.0	0.0	0.0	0.0	1.0	0.0	0.0	0.0	0.0	0.0	0.0	0.0	0.0	0.0	0.0	0.0	0.0	0.0	0.0	0.0	0.0	0.0	0.0	0.0	0.0	0.0	0.0	0.0	0.0	0.0	0.0	0.0	0.0	0.0	0.0	0.0	0.0	0.0	0.0	0.0	0.0	0.0	0.0	0.0	0.0	0.0	0.0	0.0	0.0	0.0	0.0	0.0	0.0	0.0	0.0	0.0	0.0	0.0	0.0	0.0	0.0
36971.50151363256	-171.00950828008354	29244.25192219596	1366891924.1725347	47416.495559186165	137.7041455309518	18962.43169640955	2248324051.114321	37074.7251027453	-217.064356165145	47116.934717388925	1374535241.4441326	38016.29991022478	12837.915883255531	1.29245	46.988312	0.6600219950000004	0.298186	-0.0898729624	-0.2895270374	-0.0424225857	0.0198744449	-0.0189639038	0.0590783364	-0.0217278928	-0.0035909714	-0.022025238	0.0009123248	0.0260514035	-0.1921051789	-0.027486414	0.1503239056	0.0106886639	0.2510969001	-0.0696418911	-0.2113382422	0.0747913532	-0.0429469256	-0.1183084905	0.0036457062	0.0289930583	0.2132608225	-0.0193885172	-0.0411415928	0.1850978007	0.1404134624	-0.1050950153	-0.0458997923	0.122789654	-0.0703363102	-0.0514350907	0.1979962359	0.0496178523	0.0275487739	-0.0022666665	-0.0314447493	-0.0517809719	0.0667543	0.0437596	0.00191490259216	0.00445613656849	-0.0889756	-0.1467254	0.02152834300516	0.00791665739536	2.04212	0.1069400000000002	4.170254094400001	0.0114361636	0.0599089	0.004625	2.139062500000004e-05	0.00358907629921	-4.19199e-05	-0.0015774998999999	1.7572780160099996e-09	2.4885059345000096e-06	-0.00292026	-0.00104944	1.1013243136e-06	8.5279184676e-06	0.0	0.0	0.0	0.0	0.0	0.0	0.0	0.0	0.0	0.0	0.0	0.0	0.0	0.0	0.0	0.0	0.0	0.0	0.0	0.0	0.0	0.0	1.0	0.0	0.0	0.0	0.0	0.0	0.0	0.0	0.0	0.0	0.0	0.0	0.0	0.0	0.0	0.0	0.0	0.0	0.0	0.0	0.0	0.0	0.0	0.0	0.0	0.0	0.0	0.0	0.0	0.0	0.0	0.0	0.0	0.0	0.0	0.0	0.0	0.0	0.0	0.0	0.0	0.0	0.0	0.0	0.0	0.0	0.0	0.0	0.0	0.0	0.0	0.0	0.0	0.0	0.0	0.0
37130.35876055794	158.8572469253777	25235.62490071042	1378663541.6877415	47455.855432881	39.35987369483337	1549.1996572732355	2252058214.866501	37147.72551522645	73.00041248114576	5329.060222417422	1379953510.954606	38088.47363189876	13841.763450696426	2.214308	80.503372	1.4648784450000003	0.7557009999999998	-0.0844278339	-0.267431415	-0.0478584124	0.0162879718	-0.0290994208	0.0438912971	-0.0209158383	-0.0068834513	-0.022672411	-0.0020891129	0.0209956314	-0.1814233677	-0.0348412184	0.16409464	0.0216337033	0.2597716149	-0.0833404959	-0.1729600659	0.0442302448	0.0241130988	-0.0711984109	0.0932668115	-0.0088497237	0.0866232532	0.082286968	-0.1613544008	0.2172865472	0.1140061223	-0.068339408	-0.0530789918	0.0021535682	0.207698615	-0.0059866715	-0.1895178823	0.049462609	0.0270159404	-0.0031725501	-0.032451899	-0.0524316706	0.0616766	-0.0050777	2.5783037290000044e-05	0.00380400298756	-0.324582	-0.2356064	0.0555103757209599	0.1053534747239999	1.47593	-0.5661900000000002	2.1783693649	0.3205711161000002	0.0500027	-0.0099062	9.813279844000009e-05	0.0025002700072899	0.000938057	0.0009799769	8.799509352489999e-07	9.603547245336098e-07	-0.00519417	-0.0022739099999999	5.170666688099999e-06	2.69794019889e-05	0.0	0.0	0.0	0.0	0.0	0.0	0.0	0.0	0.0	0.0	0.0	0.0	0.0	0.0	0.0	0.0	0.0	0.0	0.0	0.0	0.0	0.0	0.0	1.0	0.0	0.0	0.0	0.0	0.0	0.0	0.0	0.0	0.0	0.0	0.0	0.0	0.0	0.0	0.0	0.0	0.0	0.0	0.0	0.0	0.0	0.0	0.0	0.0	0.0	0.0	0.0	0.0	0.0	0.0	0.0	0.0	0.0	0.0	0.0	0.0	0.0	0.0	0.0	0.0	0.0	0.0	0.0	0.0	0.0	0.0	0.0	0.0	0.0	0.0	0.0	0.0	0.0	0.0
37319.76146937754	189.40270881960168	35873.38610820282	1392764596.1312363	47010.623706401806	-445.23172647919273	198231.2902636427	2209998741.264908	37011.55329738498	-136.17221784147114	18542.87291186507	1369855077.4851687	37949.923571820174	20036.77582791699	2.39565	87.09626799999998	1.5016590499999996	0.815565	-0.0549640241	-0.0783816983	-0.0126588915	0.0210224195	-0.0213490205	0.0157763405	-0.0199273072	-0.0049987249	-0.0213245091	-0.0006833135	0.0250580313	-0.1553041417	-0.0285015929	0.1199089295	0.024812674	0.2523448017	-0.0832651411	-0.0708142658	-0.0061486187	0.0539532229	0.0929415993	0.1946976994	0.0466443009	-0.1709122528	0.0953295629	-0.3076587305	0.1297183095	-0.1700832391	0.1432095822	0.0160173689	-0.0040375843	0.2815002359	0.2057805338	-0.2458958228	0.0493060097	0.0264801444	-0.0040776509	-0.0334448141	-0.0530464353	0.0686295	0.0069528999999999	4.834281840999997e-05	0.0047100082702499	-0.8170199999999999	-0.4924379999999999	0.2424951838439998	0.6675216803999998	1.19699	-0.2789399999999999	1.4327850601	0.0778075235999999	0.0386639	-0.0113387999999999	0.0001285683854399	0.00149489716321	0.00104132	0.000103263	1.0843473424000002e-06	1.0663247169000029e-08	-0.00216967	0.0030245	9.14760025e-06	4.707467908899999e-06	0.0	0.0	0.0	0.0	0.0	0.0	0.0	0.0	0.0	0.0	0.0	0.0	0.0	0.0	0.0	0.0	0.0	0.0	0.0	0.0	0.0	0.0	0.0	0.0	1.0	0.0	0.0	0.0	0.0	0.0	0.0	0.0	0.0	0.0	0.0	0.0	0.0	0.0	0.0	0.0	0.0	0.0	0.0	0.0	0.0	0.0	0.0	0.0	0.0	0.0	0.0	0.0	0.0	0.0	0.0	0.0	0.0	0.0	0.0	0.0	0.0	0.0	0.0	0.0	0.0	0.0	0.0	0.0	0.0	0.0	0.0	0.0	0.0	0.0	0.0	0.0	0.0	0.0
37572.52963160309	252.7681622255477	63891.74383488081	1411694982.917692	47338.15211927948	327.5284128776766	107274.8612421698	2240900646.0680447	37541.10886127348	529.5555638885053	280429.0952452728	1409334854.5339863	38424.15213564511	22155.227995264413	2.088413	75.926331	1.6823843500000004	0.84129	-0.0455842854	-0.0205032037	0.0091790809	0.0300411862	-0.037012381	0.0441213352	-0.0271826457	-0.0088379407	-0.0283294766	-0.0029981802	0.0184903409	-0.1166419419	-0.0112003672	0.0339152322	-0.0369041261	0.1028451724	-0.0805767242	0.008819089	-0.0116299108	-0.1515050797	0.2540459068	0.0438381193	0.0023366361	-0.3202105614	-0.2246474109	-0.2247408158	-0.0398961462	-0.0364407041	0.1390457419	0.1720887165	-0.0098356608	-0.0706835937	0.2454074171	0.155432635	0.0491480586	0.0259414445	-0.0049817457	-0.0344230592	-0.0536248445	0.241412	0.1727825	0.02985379230625	0.058279753744	-0.594421	0.2225989999999998	0.0495503148009999	0.3533363252409999	1.53213	0.33514	2.3474223369	0.1123188196	0.0268704	-0.0117935	0.00013908664225	0.0007220183961599	-0.00461629	-0.00565761	2.1310133364100004e-05	3.2008550912100006e-05	-0.000583523	0.001586147	2.515862305609e-06	3.40499091529e-07	0.0	0.0	0.0	0.0	0.0	0.0	0.0	0.0	0.0	0.0	0.0	0.0	0.0	0.0	0.0	0.0	0.0	0.0	0.0	0.0	0.0	0.0	0.0	0.0	0.0	1.0	0.0	0.0	0.0	0.0	0.0	0.0	0.0	0.0	0.0	0.0	0.0	0.0	0.0	0.0	0.0	0.0	0.0	0.0	0.0	0.0	0.0	0.0	0.0	0.0	0.0	0.0	0.0	0.0	0.0	0.0	0.0	0.0	0.0	0.0	0.0	0.0	0.0	0.0	0.0	0.0	0.0	0.0	0.0	0.0	0.0	0.0	0.0	0.0	0.0	0.0	0.0	0.0
37641.592931727166	69.06330012407852	4769.739424028545	1416889518.4378526	48317.42016254443	979.2680432649504	958965.9005599648	2334573091.163855	37568.71331971253	27.60445843904745	762.0061257130978	1411408220.4987457	38533.03056789108	24355.34556560596	1.966316	71.487404	1.51155195	0.852468	-0.035758286	0.0358763995	0.0159665028	0.0152348961	0.0153202652	0.0877038761	-0.0130283082	-0.0033112703	-0.0133690775	-0.0018725932	0.002876453	-0.0796847316	0.0080921145	-0.0690208525	-0.0324422628	0.0478897703	-0.0837595093	0.0311976779	-0.0222295332	-0.224768873	0.243600042	-0.0799777811	-0.0690740097	-0.1815870134	-0.1581380951	0.0003369591	0.0122974123	0.1953752648	-0.0402958784	-0.0058596928	0.0665840008	-0.0570088821	0.0681445972	0.070938956	0.0489887601	0.0253998998	-0.0058846112	-0.0353862052	-0.054166502	0.243135	0.001723	2.968729000000008e-06	0.0591146282249999	-0.0784498	0.5159712	0.26622627922944	0.00615437112004	1.3612	-0.17093	1.85286544	0.0292170649	0.0132802	-0.0135901999999999	0.0001846935360399	0.00017636371204	-0.00747258	-0.00285629	5.5839451856400006e-05	8.1583925641e-06	-0.000571458	1.2065000000000014e-05	1.4556422500000035e-10	3.265642457639999e-07	0.0	0.0	0.0	0.0	0.0	0.0	0.0	0.0	0.0	0.0	0.0	0.0	0.0	0.0	0.0	0.0	0.0	0.0	0.0	0.0	0.0	0.0	0.0	0.0	0.0	0.0	1.0	0.0	0.0	0.0	0.0	0.0	0.0	0.0	0.0	0.0	0.0	0.0	0.0	0.0	0.0	0.0	0.0	0.0	0.0	0.0	0.0	0.0	0.0	0.0	0.0	0.0	0.0	0.0	0.0	0.0	0.0	0.0	0.0	0.0	0.0	0.0	0.0	0.0	0.0	0.0	0.0	0.0	0.0	0.0	0.0	0.0	0.0	0.0	0.0	0.0	0.0	0.0
37365.58252246452	-276.0104092626425	76181.7460213314	1396186757.243106	46813.89394461826	-1503.52621792617	2260591.0879913727	2191540666.2579665	37564.20288286821	-4.510436844320793	20.34404052660652	1411069338.2252843	38409.36573647661	24821.706771745063	1.404253	51.053009	0.9207475000000002	0.460815	-0.0353963348	0.030623934	0.0012982603	0.0645395104	-0.0111569609	0.0604006833	-0.0508785438	-0.0163099672	-0.053978428	-0.0068457788	0.001532797	-0.0691030567	0.0221773112	-0.1017411793	-0.0439592434	0.0186530597	-0.0226923762	0.0183120975	-0.0118407638	-0.1755560404	0.1494350907	-0.0324032316	-0.0837914333	-0.0091007181	-0.0338349538	0.0242455192	-0.0106742837	0.0743293256	-0.0558547221	-0.0795259964	0.0580304472	-0.0137068995	0.0180199546	-0.0173177804	0.0488281186	0.0248555698	-0.0067860248	-0.0363338297	-0.0546710365	0.185745	-0.05739	0.0032936120999999	0.0345012050249999	0.257298	0.3357478	0.11272658520484	0.066202260804	1.06689	-0.29431	1.1382542720999995	0.0866183761	0.0106325	-0.0026477	7.010315290000006e-06	0.0001130500562499	-0.00572698	0.0017456	3.27982999204e-05	3.047119360000003e-06	-0.000844152	-0.000272694	7.436201763600006e-08	7.125925991040001e-07	0.0	0.0	0.0	0.0	0.0	0.0	0.0	0.0	0.0	0.0	0.0	0.0	0.0	0.0	0.0	0.0	0.0	0.0	0.0	0.0	0.0	0.0	0.0	0.0	0.0	0.0	0.0	1.0	0.0	0.0	0.0	0.0	0.0	0.0	0.0	0.0	0.0	0.0	0.0	0.0	0.0	0.0	0.0	0.0	0.0	0.0	0.0	0.0	0.0	0.0	0.0	0.0	0.0	0.0	0.0	0.0	0.0	0.0	0.0	0.0	0.0	0.0	0.0	0.0	0.0	0.0	0.0	0.0	0.0	0.0	0.0	0.0	0.0	0.0	0.0	0.0	0.0	0.0
37339.02071208729	-26.561810377235812	705.5297705162322	1394202467.7376835	47781.5032825922	967.6093379739395	936267.8309343656	2283072055.9443693	37344.338613270535	-219.8642695976741	48340.29704571873	1394599626.4626086	38309.3505058708	25278.46415184939	1.384419	50.331959	0.5613389	0.358157	-0.0382896897	0.0211363368	0.0005030048	0.0245035381	-0.0097374184	0.073069255	-0.0169700032	-0.0031258023	-0.0174144845	0.0001774611	-0.0005862591	-0.0891538724	0.0186685028	-0.1157479079	-0.0246689001	0.0043634098	-0.0243986584	0.0348245042	-0.0191036614	-0.0776671422	0.1033653402	-0.0304065901	-0.0197824895	0.0501197514	0.0403490177	0.007567059	-0.007709645	0.0616619078	0.0276626101	0.0169541167	0.032648648	0.0157695519	-0.0240731491	0.0218945341	0.0486661384	0.024308514	-0.0076857641	-0.037265517	-0.0551381022	0.150089	-0.0356559999999999	0.0012713503359999	0.022526707921	0.261461	0.0041629999999999	1.7330568999999768e-05	0.0683618545209999	0.965514	-0.1013759999999999	0.932217284196	0.0102770933759999	0.016763	0.0061305	3.758303025e-05	0.000280998169	-0.00406154	0.0016654399999999	1.6496107171599997e-05	2.773690393599999e-06	-0.00145109	-0.0006069379999999	3.683737358439999e-07	2.1056621881e-06	0.0	0.0	0.0	0.0	0.0	0.0	0.0	0.0	0.0	0.0	0.0	0.0	0.0	0.0	0.0	0.0	0.0	0.0	0.0	0.0	0.0	0.0	0.0	0.0	0.0	0.0	0.0	0.0	1.0	0.0	0.0	0.0	0.0	0.0	0.0	0.0	0.0	0.0	0.0	0.0	0.0	0.0	0.0	0.0	0.0	0.0	0.0	0.0	0.0	0.0	0.0	0.0	0.0	0.0	0.0	0.0	0.0	0.0	0.0	0.0	0.0	0.0	0.0	0.0	0.0	0.0	0.0	0.0	0.0	0.0	0.0	0.0	0.0	0.0	0.0	0.0	0.0	0.0
37279.51915116684	-59.50156092044927	3540.435751969935	1389762548.142215	47610.796324237264	-170.70695835493825	29140.865630794626	2266787926.628005	37500.926263906505	156.58765063597093	24519.692331692888	1406319470.6509528	38428.05973432931	23923.98376093399	1.316019	47.845181	0.3962314999999999	0.209512	-0.0382313794	0.0190954526	0.0106258031	0.026524457	-0.0062242926	0.0580457902	-0.0205524429	-0.0079259247	-0.021902106	-0.0039829883	-0.0011380906	-0.0710672039	0.0261409324	-0.1073915598	-0.0351360301	0.0232373597	0.0128042276	0.0229553112	-0.020305835	-0.0215746067	0.095350788	-0.0143031111	-0.0263296452	0.077322487	0.0489982869	-0.0360498124	-0.0281245804	-0.0059573389	0.0170049024	-0.017798846	-0.0676770161	0.0704525472	0.0075187957	0.0572900185	0.0485028239	0.0237587926	-0.008583607	-0.0381808583	-0.055567379	0.137936	-0.0121529999999999	0.0001476954089999	0.019026340096	0.149333	-0.112128	0.012572688384	0.022300344889	0.800253	-0.165261	0.640404864009	0.0273111981209999	0.0154733	-0.0012896999999999	1.6633260899999987e-06	0.00023942301289	-0.00321745	0.0008440899999999	1.0351984502500002e-05	7.124879280999993e-07	-0.00145109	0.0	0.0	2.1056621881e-06	0.0	0.0	0.0	0.0	0.0	0.0	0.0	0.0	0.0	0.0	0.0	0.0	0.0	0.0	0.0	0.0	0.0	0.0	0.0	0.0	0.0	0.0	0.0	0.0	0.0	0.0	0.0	0.0	0.0	0.0	0.0	0.0	0.0	0.0	0.0	0.0	0.0	0.0	0.0	0.0	0.0	0.0	0.0	0.0	0.0	0.0	0.0	0.0	0.0	0.0	0.0	0.0	0.0	0.0	0.0	0.0	0.0	0.0	0.0	0.0	0.0	0.0	0.0	0.0	0.0	0.0	0.0	0.0	0.0	0.0	0.0	0.0	0.0	0.0	0.0	0.0	0.0	0.0
37088.709057519576	-190.810093647262	36408.49183767688	1375572339.5533347	47541.51518994372	-69.28113429354562	4799.875569000303	2260195666.5556493	37126.9492921395	-373.976971767006	139858.77541202004	1378410363.7410977	38098.96642498173	24535.00151118995	1.099883	39.987362	0.2670685	0.128827	-0.037812162	0.0176908958	-0.004758479	0.0184562213	0.0096668359	0.0122446366	-0.0110029569	-0.0013490701	-0.0108332535	-0.0001454536	-0.0004909829	-0.0596978454	0.0251858714	-0.1107339786	-0.0199701249	0.0183252543	0.0320631785	0.0076050563	-0.0109642932	-0.019477807	0.0630681094	-0.0056738775	0.0084207116	0.0809691043	0.0554897153	-0.0226888034	-0.0170036566	-0.0826550079	-0.0018058194	0.0336843891	-0.0247843301	0.0513351256	-0.0179076831	0.0193378299	0.0483381798	0.0232064657	-0.009479332	-0.0390794523	-0.0559585727	0.110735	-0.027201	0.000739894401	0.012262240225	0.252355	0.103022	0.010613532484	0.063683046025	0.7553849999999999	-0.0448680000000001	0.5706064982249998	0.002013137424	0.0142138	-0.0012595	1.5863402500000005e-06	0.00020203211044	-0.00306819	0.00014926	9.4137898761e-06	2.2278547600000005e-08	-0.00188188	-0.00043079	1.855800241000001e-07	3.5414723344000004e-06	0.0	0.0	0.0	0.0	0.0	0.0	0.0	0.0	0.0	0.0	0.0	0.0	0.0	0.0	0.0	0.0	0.0	0.0	0.0	0.0	0.0	0.0	0.0	0.0	0.0	0.0	0.0	0.0	0.0	0.0	0.0	0.0	0.0	0.0	0.0	0.0	0.0	0.0	0.0	0.0	0.0	0.0	0.0	0.0	0.0	0.0	0.0	0.0	0.0	0.0	0.0	0.0	0.0	0.0	0.0	0.0	0.0	0.0	0.0	0.0	0.0	0.0	0.0	0.0	0.0	0.0	0.0	0.0	0.0	0.0	0.0	0.0	0.0	0.0	0.0	0.0	0.0	0.0
36995.49663758833	-93.21241993124568	8688.555229438887	1368666771.4618094	48219.4369480802	677.9217581364792	459577.910154855	2325114099.589882	37046.65598108372	-80.29331105577876	6447.015800300043	1372454719.3807662	38114.768511284725	24174.45139136519	0.991246	36.037727	0.135261	0.0614093	-0.0384497626	0.0165261037	0.0073017502	-0.0105889897	0.007802366	0.0160613498	0.0234650762	0.0069512538	0.0232940955	0.0015115004	0.0028740129	-0.0529821316	0.0202775803	-0.1087097974	-0.0189927825	-4.04146e-05	0.0164626927	-0.0201203481	0.0078091889	0.0160669331	0.0500365863	-0.0149874363	0.0095622232	0.0596943316	0.0638255719	-0.0039263353	0.0014305692	-0.0181111373	0.0604143626	-0.0458763702	-0.0666102481	0.0667813377	-0.0251220991	0.0366485706	0.0481722105	0.022651594	-0.0103727182	-0.0399609048	-0.0563114151	0.125133	0.0143979999999999	0.0002073024039999	0.015658267689	0.249437	-0.002918	8.514724000000023e-06	0.0622188169689999	0.709614	-0.0457709999999998	0.5035520289959999	0.0020949844409999	0.0137491	-0.0004647	2.159460900000002e-07	0.00018903775081	-0.00348735	-0.00041916	1.2161610022500002e-05	1.7569510560000005e-07	-0.0024415	-0.00055962	3.1317454440000004e-07	5.960922250000001e-06	0.0	0.0	0.0	0.0	0.0	0.0	0.0	0.0	0.0	0.0	0.0	0.0	0.0	0.0	0.0	0.0	0.0	0.0	0.0	0.0	0.0	0.0	0.0	0.0	0.0	0.0	0.0	0.0	0.0	0.0	0.0	0.0	0.0	0.0	0.0	0.0	0.0	0.0	0.0	0.0	0.0	0.0	0.0	0.0	0.0	0.0	0.0	0.0	0.0	0.0	0.0	0.0	0.0	0.0	0.0	0.0	0.0	0.0	0.0	0.0	0.0	0.0	0.0	0.0	0.0	0.0	0.0	0.0	0.0	0.0	0.0	0.0	0.0	0.0	0.0	0.0	0.0	0.0
36886.593675819255	-108.90296176907576	11859.85508207678	1360620793.0049891	47452.06793588937	-767.3690121908294	588855.2008707293	2251698751.39226	37077.81163861081	31.155657527087897	970.6749959451888	1374764115.908303	38028.99223501462	24469.836115434788	0.957975	34.828156	0.062303	0.0303277	-0.0365366808	0.0155495665	-0.003261121	0.0146941513	0.0022517153	-0.0184381898	-0.0087012579	-0.0013684028	-0.009451169	-0.0003755064	-0.0013471624	-0.0535482028	0.0254484009	-0.1040872152	-0.0234220424	0.0170418855	0.040321902	0.0036954935	-0.0048456584	-0.0001181794	0.0333563376	-0.0155131141	0.0099913207	0.0580270961	0.0506017265	-0.0269978203	-0.023347374	-0.0601963358	-0.0176703962	0.0007996575	-0.0655543908	0.0566286993	-0.0063461327	0.0354139189	0.0480049204	0.0220942383	-0.011263545	-0.040824829	-0.0566256646	0.125559	0.000426	1.8147600000000826e-07	0.015765062481	0.234133	-0.0153039999999999	0.0002342124159999	0.054818261689	0.729445	0.019831	0.5320900080250001	0.000393268561	0.0141463	0.0003972	1.5776784000000025e-07	0.00020011780369	-0.0033697	0.0001176499999999	1.1354878090000002e-05	1.3841522499999993e-08	-0.00246149	-1.9990000000000112e-05	3.9960010000000447e-10	6.058933020100001e-06	0.0	0.0	0.0	0.0	0.0	0.0	0.0	0.0	0.0	0.0	0.0	0.0	0.0	0.0	0.0	0.0	0.0	0.0	0.0	0.0	0.0	0.0	0.0	0.0	0.0	0.0	0.0	0.0	0.0	0.0	0.0	0.0	0.0	0.0	0.0	0.0	0.0	0.0	0.0	0.0	0.0	0.0	0.0	0.0	0.0	0.0	0.0	0.0	0.0	0.0	0.0	0.0	0.0	0.0	0.0	0.0	0.0	0.0	0.0	0.0	0.0	0.0	0.0	0.0	0.0	0.0	0.0	0.0	0.0	0.0	0.0	0.0	0.0	0.0	0.0	0.0	0.0	0.0
36786.33828930511	-100.25538651414536	10051.14252510068	1353234684.7351952	47724.79026816128	272.72233227191464	74377.47051983261	2277655606.1399817	37066.69413050047	-11.11750811033562	123.5989865833783	1373939813.764078	38056.27187522844	24281.28693597775	0.786226	28.584028	0.266011	0.144445	-0.0357025096	0.0169446	-0.0046749335	0.0110490447	0.0052411138	-0.0099237358	-0.0035825821	-0.00246816	-0.0047113183	-0.0022564626	-0.0016687394	-0.0387114668	0.024180547	-0.0955418136	-0.0225663815	0.007809022	0.0454076529	-0.0239097225	0.0041480998	0.0087869714	0.0383635363	-0.0178711447	-0.0025529223	0.0383076993	0.0263792833	-0.0156589673	-0.0030766472	-0.0080879888	0.0442239891	-0.0275014326	-0.0485088286	0.0536840378	-0.034458819	0.0107816631	0.0478363144	0.0215344597	-0.0121515927	-0.0416708462	-0.0569011056	0.116561	-0.008998	8.096400400000011e-05	0.013586466721	0.166746	-0.067387	0.004541007769	0.027804228516	0.672172	-0.057273	0.4518151975839999	0.003280196529	0.011863	-0.0022833	5.213458890000002e-06	0.000140730769	-0.00357188	-0.0002021799999999	1.27583267344e-05	4.087675239999989e-08	-0.00229991	0.00016158	2.6108096400000045e-08	5.2895860081e-06	0.0	0.0	0.0	0.0	0.0	0.0	0.0	0.0	0.0	0.0	0.0	0.0	0.0	0.0	0.0	0.0	0.0	0.0	0.0	0.0	0.0	0.0	0.0	0.0	0.0	0.0	0.0	0.0	0.0	0.0	0.0	0.0	0.0	0.0	0.0	0.0	0.0	0.0	0.0	0.0	0.0	0.0	0.0	0.0	0.0	0.0	0.0	0.0	0.0	0.0	0.0	0.0	0.0	0.0	0.0	0.0	0.0	0.0	0.0	0.0	0.0	0.0	0.0	0.0	0.0	0.0	0.0	0.0	0.0	0.0	0.0	0.0	0.0	0.0	0.0	0.0	0.0	0.0
36616.29966237613	-170.0386269289811	28913.134647893217	1340753400.9649262	47367.518778000966	-357.2714901603176	127642.91768137392	2243681835.184274	36949.03576050809	-117.65836999237943	13843.492029263656	1365231243.631306	37901.71165033351	23885.936044632315	0.823238	29.929651	0.186575	0.105888	-0.0352658622	0.0109002981	-0.0059618695	0.0169270616	-0.000537878	-0.0449052224	-0.0058873212	-0.0008703626	-0.0072813671	7.42356e-05	-0.0022472339	-0.0431004996	0.0280918743	-0.0993239166	-0.0219279614	0.0062448573	0.0514765283	-0.0147657698	0.0023201928	0.0060635779	0.0008806411	-0.0174721975	0.0138530398	0.0294243982	0.0372605621	-0.0278290816	-0.0120082398	-0.0542377149	-0.0211147775	-0.022732627	-0.0566261448	0.0270516734	-0.0122281308	0.0171201334	0.0476663968	0.0209723196	-0.0130366422	-0.0424985851	-0.0571375495	0.110816	-0.005745	3.3005025e-05	0.0122801858559999	0.255769	0.089023	0.007925094529	0.065417781361	0.713909	0.041737	0.509666060281	0.001741977169	0.0125473	0.0006843	4.682664900000007e-07	0.00015743473729	-0.00325478	0.0003170999999999	1.05935928484e-05	1.005524099999999e-07	-0.00229991	0.0	0.0	5.2895860081e-06	0.0	0.0	0.0	0.0	0.0	0.0	0.0	0.0	0.0	0.0	0.0	0.0	0.0	0.0	0.0	0.0	0.0	0.0	0.0	0.0	0.0	0.0	0.0	0.0	0.0	0.0	0.0	0.0	0.0	0.0	0.0	0.0	0.0	0.0	0.0	0.0	0.0	0.0	0.0	0.0	0.0	0.0	0.0	0.0	0.0	0.0	0.0	0.0	0.0	0.0	0.0	0.0	0.0	0.0	0.0	0.0	0.0	0.0	0.0	0.0	0.0	0.0	0.0	0.0	0.0	0.0	0.0	0.0	0.0	0.0	0.0	0.0	0.0	0.0	0.0	0.0	0.0	0.0
36533.69520155711	-82.60446081902046	6823.496947201086	1334710885.0802767	47340.05067942832	-27.46809857264452	754.496439196516	2241080398.330842	36939.15870292358	-9.877057584511933	97.55626652776466	1364501445.679775	37915.4608004386	23924.35519793288	0.78624	28.584547	0.181163	0.0990364	-0.0347616963	0.0132997662	-0.0048305882	0.0132765932	0.0020855319	-0.0699055599	-0.0013371751	-0.0025546926	-0.0029937862	-0.0024826375	-0.0023389426	-0.0473113656	0.0275804616	-0.0989741237	-0.0241922494	0.003321571	0.051752607	-0.0166504014	-0.0065706709	0.0229248695	-0.0047735798	-0.0330920444	-0.0049698135	-0.0001648234	0.016262177	-0.0175055806	0.0048586522	-0.0183822095	0.0259967217	-0.0140560495	-0.0112778992	0.0544512717	-0.0267351389	0.0127086838	0.0474951725	0.0204078796	-0.0139184751	-0.0433076828	-0.0573348341	0.11887	0.008054	6.486691600000009e-05	0.0141300769	0.186394	-0.069375	0.004812890625	0.034742723236	0.702722	-0.011187	0.4938182092839999	0.000125148969	0.0132352	0.0006879	4.7320640999999993e-07	0.00017517051904	-0.00325406	7.200000000000609e-07	1.05889064836e-05	5.184000000000876e-13	-0.00113759	0.00116232	1.3509877824000003e-06	1.2941110080999998e-06	0.0	0.0	0.0	0.0	0.0	0.0	0.0	0.0	0.0	0.0	0.0	0.0	0.0	0.0	0.0	0.0	0.0	0.0	0.0	0.0	0.0	0.0	0.0	0.0	0.0	0.0	0.0	0.0	0.0	0.0	0.0	0.0	0.0	0.0	0.0	0.0	0.0	0.0	0.0	0.0	0.0	0.0	0.0	0.0	0.0	0.0	0.0	0.0	0.0	0.0	0.0	0.0	0.0	0.0	0.0	0.0	0.0	0.0	0.0	0.0	0.0	0.0	0.0	0.0	0.0	0.0	0.0	0.0	0.0	0.0	0.0	0.0	0.0	0.0	0.0	0.0	0.0	0.0
36474.97178364997	-58.72341790713836	3448.4398106964177	1330423566.6180615	47395.67746709308	55.62678766476165	3094.339505900479	2246350242.564715	36885.160025809535	-53.998677114046586	2915.8571300670587	1360515030.1295776	37857.04872978344	23391.02819233284	0.847514	30.812218	0.0629369999999999	0.0343522	-0.0340757104	0.0076944985	-0.0055854898	0.0155239019	-0.0024495253	-0.0750113583	-0.0117011485	-0.0025603434	-0.0124031376	-0.0004035296	-0.0023186829	-0.0465276055	0.0293102856	-0.0973242197	-0.0307543863	0.0167072523	0.0647791579	-0.0011264386	-0.0074575869	0.0123763617	-0.0284969036	-0.0249855174	0.0153468944	-0.0222100616	0.0086866121	-0.0238442258	-0.0061346985	-0.0464621021	-0.0102355746	-0.0314005289	-0.0531777325	0.0222350219	0.0234452534	0.0311422078	0.047322646	0.0198412017	-0.0147968739	-0.0440977843	-0.0574928243	0.12058	0.00171	2.9241000000000107e-06	0.0145395364	0.186036	-0.0003579999999999	1.28163999999998e-07	0.034609393296	0.730325	0.027603	0.533374605625	0.000761925609	0.0136146	0.0003793999999999	1.4394435999999885e-07	0.0001853573331599	-0.00353315	-0.00027909	1.24831489225e-05	7.789122810000003e-08	-0.00113076	6.829999999999987e-06	4.664889999999983e-11	1.2786181776e-06	0.0	0.0	0.0	0.0	0.0	0.0	0.0	0.0	0.0	0.0	0.0	0.0	0.0	0.0	0.0	0.0	0.0	0.0	0.0	0.0	0.0	0.0	0.0	0.0	0.0	0.0	0.0	0.0	0.0	0.0	0.0	0.0	0.0	0.0	0.0	0.0	0.0	0.0	0.0	0.0	0.0	0.0	0.0	0.0	0.0	0.0	0.0	0.0	0.0	0.0	0.0	0.0	0.0	0.0	0.0	0.0	0.0	0.0	0.0	0.0	0.0	0.0	0.0	0.0	0.0	0.0	0.0	0.0	0.0	0.0	0.0	0.0	0.0	0.0	0.0	0.0	0.0	0.0
36378.70705241684	-96.2647312331319	9266.89847938712	1323410326.8055625	47197.80130655732	-197.8761605357649	39154.97490837581	2227632448.1732635	36886.89651973053	1.7364939209946897	3.015411137651512	1360643134.857308	37851.598891630114	23532.12906394526	0.775099	28.179499	0.1039744999999999	0.0519159	-0.0330895561	0.0108473497	-0.0059231361	0.0122757121	0.0080479122	-0.1076679331	-0.0065292428	-0.0023517789	-0.0072868127	-0.001421357	-0.002484432	-0.0466729765	0.0292465414	-0.0950285251	-0.029630168	0.0003840838	0.0638340433	-0.0063751998	-0.0095095596	0.0232730174	-0.050395359	-0.0292145437	-0.0061430377	-0.0356510702	-0.003731646	-0.0033804804	0.0211631727	-0.0239809501	0.0006466743	-0.0154477192	0.0005676029	0.0563196112	-0.0041688132	0.0049214605	0.0471488222	0.019272348	-0.0156716217	-0.044868543	-0.0576114118	0.128626	0.0080459999999999	6.473811599999974e-05	0.0165446478759999	0.225362	0.039326	0.001546534276	0.050788031044	0.703859	-0.0264659999999999	0.495417491881	0.0007004491559999	0.0130922	-0.0005223999999999	2.729017599999992e-07	0.00017140570084	-0.00359789	-6.473999999999976e-05	1.2944812452099998e-05	4.1912675999999704e-09	-0.00111517	1.5590000000000005e-05	2.4304810000000017e-10	1.2436041289e-06	0.0	0.0	0.0	0.0	0.0	0.0	0.0	0.0	0.0	0.0	0.0	0.0	0.0	0.0	0.0	0.0	0.0	0.0	0.0	0.0	0.0	0.0	0.0	0.0	0.0	0.0	0.0	0.0	0.0	0.0	0.0	0.0	0.0	0.0	0.0	0.0	0.0	0.0	0.0	0.0	0.0	0.0	0.0	0.0	0.0	0.0	0.0	0.0	0.0	0.0	0.0	0.0	0.0	0.0	0.0	0.0	0.0	0.0	0.0	0.0	0.0	0.0	0.0	0.0	0.0	0.0	0.0	0.0	0.0	0.0	0.0	0.0	0.0	0.0	0.0	0.0	0.0	0.0
36366.36497828587	-12.342074130967376	152.3267938542941	1322512501.733897	46944.96060657953	-252.84069997778715	63928.419565257376	2203829326.353304	36844.5430421395	-42.35347759103024	1793.8170640539008	1357520351.9840703	37755.57063390899	23108.31245643964	0.8996269999999998	32.706844	0.0965399999999999	0.0490609	-0.0316355507	0.0062987605	-0.0129385812	0.0332202448	-0.0071740305	-0.0834491022	-0.0315301122	-0.0086211917	-0.0326051832	-0.0023451886	-0.0026964714	-0.0397433551	0.0318994611	-0.0875022838	-0.0363624293	0.0173561461	0.0894084082	0.0026303445	-0.0096868553	0.0133610991	-0.0641057354	-0.0177807494	0.0088975722	-0.0414395507	-0.0188594255	-0.010479305	0.0024821211	-0.0264304441	-0.0145258185	-0.0591305038	-0.0395725152	0.0254796176	0.0325378037	0.0255320702	0.0469737057	0.0187013809	-0.0165425028	-0.0456196209	-0.0576905153	0.126635	-0.0019909999999999	3.964080999999972e-06	0.016036423225	0.202594	-0.022768	0.000518381824	0.0410443288359999	0.692716	-0.011143	0.479855456656	0.000124166449	0.0126411	-0.0004510999999999	2.034912099999995e-07	0.00015979740921	-0.00428559	-0.0006876999999999	1.83662816481e-05	4.729312899999998e-07	-0.00104121	7.395999999999987e-05	5.470081599999981e-09	1.0841182641000002e-06	0.0	0.0	0.0	0.0	0.0	0.0	0.0	0.0	0.0	0.0	0.0	0.0	0.0	0.0	0.0	0.0	0.0	0.0	0.0	0.0	0.0	0.0	0.0	0.0	0.0	0.0	0.0	0.0	0.0	0.0	0.0	0.0	0.0	0.0	0.0	0.0	0.0	0.0	0.0	0.0	0.0	0.0	0.0	0.0	0.0	0.0	0.0	0.0	0.0	0.0	0.0	0.0	0.0	0.0	0.0	0.0	0.0	0.0	0.0	0.0	0.0	0.0	0.0	0.0	0.0	0.0	0.0	0.0	0.0	0.0	0.0	0.0	0.0	0.0	0.0	0.0	0.0	0.0
36284.39697688304	-81.96800140282721	6718.753253973884	1316557463.9760394	47322.31846813907	377.3578615595397	142398.95568078876	2239401825.199976	36816.88168862281	-27.661353516690724	765.1504783753383	1355482777.2740495	37778.69913537098	23172.673861386207	0.930697	33.836411	0.0681135	0.0293913	-0.0323055486	0.0060676803	-0.0075171371	0.0058512582	0.009878568	-0.1286284206	-0.0030862262	-0.0011522854	-0.0040061289	-0.0010067901	-0.0035892264	-0.0394077784	0.0267112697	-0.0897122477	-0.0276817841	-0.004919154	0.0730953884	-0.0187232236	-0.0018625748	0.0329150732	-0.0737660286	-0.0294416349	0.0061694653	-0.0628467955	-0.0271658204	0.0039353745	0.0325135703	-0.0289348611	-0.0071761702	-0.0114644246	0.0057389354	0.0391699669	0.0047583476	-0.0006376452	0.0467973015	0.0181283629	-0.0174093022	-0.0463506885	-0.0577300806	0.132833	0.006198	3.841520400000011e-05	0.017644605889	0.207611	0.0050169999999999	2.5170288999999937e-05	0.0431023273209999	0.669939	-0.022777	0.4488182637209999	0.000518791729	0.0123875	-0.0002536	6.43129600000007e-08	0.00015345015625	-0.00406504	0.0002205499999999	1.65245502016e-05	4.8642302499999965e-08	-0.00124949	-0.0002082799999999	4.3380558399999975e-08	1.5612252601e-06	0.0	0.0	0.0	0.0	0.0	0.0	0.0	0.0	0.0	0.0	0.0	0.0	0.0	0.0	0.0	0.0	0.0	0.0	0.0	0.0	0.0	0.0	0.0	0.0	0.0	0.0	0.0	0.0	0.0	0.0	0.0	0.0	0.0	0.0	0.0	0.0	0.0	0.0	0.0	0.0	0.0	0.0	0.0	0.0	0.0	0.0	0.0	0.0	0.0	0.0	0.0	0.0	0.0	0.0	0.0	0.0	0.0	0.0	0.0	0.0	0.0	0.0	0.0	0.0	0.0	0.0	0.0	0.0	0.0	0.0	0.0	0.0	0.0	0.0	0.0	0.0	0.0	0.0
36302.65698428345	18.26000740040763	333.42787026294144	1317882904.118544	47334.50833086493	12.189862725856074	148.59275327521527	2240555678.924721	36772.344010345245	-44.53767827756383	1983.6047863557808	1352205284.015174	37758.08195381031	22851.336466471355	0.842223	30.619871	0.1372825	0.0809143999999999	-0.0315690667	0.0052574011	-0.0058651849	0.0128686373	0.0044131881	-0.1056801866	-0.002089165	-0.0008958175	-0.0029031553	-0.0003375503	-0.0036215923	-0.0347127089	0.0255596307	-0.0836375092	-0.0230417405	2.87562e-05	0.0764968397	-0.0121448847	-0.0007477079	0.0261920853	-0.0860968655	-0.0190385539	0.0240986016	-0.0643549802	-0.0245864075	-0.015012669	0.0298189306	-0.0207476041	-0.0132721246	-0.08685126	-0.0382598672	0.0457514713	0.0258065753	0.0302318097	0.0466196143	0.017553357	-0.0182718062	-0.0470614252	-0.0577300806	0.135047	0.0022139999999999	4.901795999999972e-06	0.018237692209	0.278097	0.070486	0.0049682761959999	0.077337941409	0.654157	-0.0157819999999999	0.427921380649	0.0002490715239999	0.0128502	0.0004627	2.140912900000016e-07	0.00016512764004	-0.00366646	0.0003985799999999	1.34429289316e-05	1.5886601639999997e-07	-0.00113476	0.0001147299999999	1.3162972899999992e-08	1.2876802576e-06	0.0	0.0	0.0	0.0	0.0	0.0	0.0	0.0	0.0	0.0	0.0	0.0	0.0	0.0	0.0	0.0	0.0	0.0	0.0	0.0	0.0	0.0	0.0	0.0	0.0	0.0	0.0	0.0	0.0	0.0	0.0	0.0	0.0	0.0	0.0	0.0	0.0	0.0	0.0	0.0	0.0	0.0	0.0	0.0	0.0	0.0	0.0	0.0	0.0	0.0	0.0	0.0	0.0	0.0	0.0	0.0	0.0	0.0	0.0	0.0	0.0	0.0	0.0	0.0	0.0	0.0	0.0	0.0	0.0	0.0	0.0	0.0	0.0	0.0	0.0	0.0	0.0	0.0
36212.38762365117	-90.26936063227912	8148.5574689604655	1311337017.4055643	47087.51128485079	-246.997046014134	61007.54073970821	2217233719.000951	36764.34944759668	-7.994562748564931	63.91303354074206	1351617390.3050022	37714.43046315332	22971.86094047156	0.8294289999999999	30.154707	0.206564	0.0984548	-0.030260586	0.0058893493	-0.009401344	0.0196656333	0.0101020186	-0.1447673878	-0.014316642	-0.0045657178	-0.0157921526	-0.0025660317	-0.0060364524	-0.0294534217	0.0273082503	-0.0764211438	-0.0324064014	-0.0099253779	0.0934003432	-0.0223118284	0.0002500288	0.0171746285	-0.0929804253	-0.0092296799	-0.0044037543	-0.0687876494	-0.0214038878	0.0170392149	0.046967491	-0.0213715843	-0.0289545965	-0.0433976975	0.0281271758	0.0253927535	0.0061178921	-0.0131992517	0.046440649	0.0169764261	-0.0191298019	-0.0477515192	-0.0576905153	0.131518	-0.003529	1.245384100000003e-05	0.017296984324	0.323513	0.045416	0.002062613056	0.104660661169	0.633025	-0.021132	0.4007206506249999	0.000446561424	0.0113443	-0.0015059	2.267734810000003e-06	0.00012869314249	-0.00281757	0.0008488899999999	7.938700704900001e-06	7.206142320999995e-07	-0.0007598099999999	0.0003749500000001	1.4058750250007505e-07	5.773112360998481e-07	0.0	0.0	0.0	0.0	0.0	0.0	0.0	0.0	0.0	0.0	0.0	0.0	0.0	0.0	0.0	0.0	0.0	0.0	0.0	0.0	0.0	0.0	0.0	0.0	0.0	0.0	0.0	0.0	0.0	0.0	0.0	0.0	0.0	0.0	0.0	0.0	0.0	0.0	0.0	0.0	0.0	0.0	0.0	0.0	0.0	0.0	0.0	0.0	0.0	0.0	0.0	0.0	0.0	0.0	0.0	0.0	0.0	0.0	0.0	0.0	0.0	0.0	0.0	0.0	0.0	0.0	0.0	0.0	0.0	0.0	0.0	0.0	0.0	0.0	0.0	0.0	0.0	0.0
36272.20260469869	59.814981047515175	3577.8319577145994	1315672681.7963102	47365.57652362263	278.06523877183645	77320.27701323842	2243497839.415151	36800.342140520006	35.9926929233261	1295.473943872849	1354265181.6593325	37771.68327051352	22724.30332615432	0.8393859999999999	30.516724	0.25687005	0.172606	-0.0293380879	0.0056693837	-0.011021168	0.0139103173	0.0037838468	-0.1011722762	-0.0092285139	0.0007467394	-0.0092760169	0.0023632996	-0.0052947375	-0.0222035838	0.0287705406	-0.0707723023	-0.024474257	-0.0026797776	0.0968580649	-0.0271780449	0.0091033839	0.0423629827	-0.0820143336	-0.0162743024	0.0231573479	-0.0766933895	-0.0303658719	0.0025519374	0.0291102142	0.019240809	0.0175271825	-0.0764789105	-0.0107993007	0.0143536598	0.0047877037	0.0107332969	0.0462604104	0.0163976336	-0.0199830776	-0.0484206678	-0.0576114118	0.119021	-0.0124969999999999	0.0001561750089999	0.014165998441	0.167429	-0.156084	0.024362215056	0.028032470041	0.621999	-0.0110259999999999	0.3868827560009999	0.0001215726759999	0.0101362	-0.0012081	1.4595056100000004e-06	0.0001027425504399	-0.0030806	-0.00026303	9.49009636e-06	6.918478090000001e-08	-0.000833941	-7.413100000010003e-05	5.49540516101483e-09	6.954575914810001e-07	0.0	0.0	0.0	0.0	0.0	0.0	0.0	0.0	0.0	0.0	0.0	0.0	0.0	0.0	0.0	0.0	0.0	0.0	0.0	0.0	0.0	0.0	0.0	0.0	0.0	0.0	0.0	0.0	0.0	0.0	0.0	0.0	0.0	0.0	0.0	0.0	0.0	0.0	0.0	0.0	0.0	0.0	0.0	0.0	0.0	0.0	0.0	0.0	0.0	0.0	0.0	0.0	0.0	0.0	0.0	0.0	0.0	0.0	0.0	0.0	0.0	0.0	0.0	0.0	0.0	0.0	0.0	0.0	0.0	0.0	0.0	0.0	0.0	0.0	0.0	0.0	0.0	0.0
36285.924266054295	13.721661355608376	188.2839903579963	1316668299.841828	46959.11814902066	-406.4583746019707	165208.41028407594	2205158777.3336816	36847.28060610087	46.93846558086079	2203.219551085653	1357722088.064737	37774.23811140808	22798.24267189796	0.820802	29.841091	0.1288031499999999	0.0657447	-0.0288478365	0.0052474745	-0.0094744734	0.0193661884	0.0093992793	-0.1525782197	-0.0108579257	-0.0017841835	-0.0116498656	-0.0001918792	-0.0052812559	-0.014137649	0.0240610519	-0.062735606	-0.0233115269	-0.0085378446	0.0957269711	-0.0400851986	0.0063220477	0.0473499255	-0.0868498335	-0.0120469227	0.0022435533	-0.090232481	-0.0403245541	0.0028017769	0.0359996512	-0.024948567	-0.0423430663	-0.0103751658	0.0110605768	0.0027494068	0.008211829	-0.0053552753	0.0460789037	0.0158170429	-0.0208314228	-0.0490685775	-0.0574928243	0.110719	-0.008302	6.892320400000007e-05	0.012258696961	0.162786	-0.004643	2.155744900000008e-05	0.0264992817959999	0.585403	-0.0365959999999999	0.342696672409	0.0013392672159999	0.00907494	-0.0010612599999999	1.1262727875999992e-06	8.23545360036e-05	-0.0026568	0.0004238	7.05858624e-06	1.796064400000002e-07	-0.000733758	0.000100183	1.0036633489e-08	5.384008025640001e-07	0.0	0.0	0.0	0.0	0.0	0.0	0.0	0.0	0.0	0.0	0.0	0.0	0.0	0.0	0.0	0.0	0.0	0.0	0.0	0.0	0.0	0.0	0.0	0.0	0.0	0.0	0.0	0.0	0.0	0.0	0.0	0.0	0.0	0.0	0.0	0.0	0.0	0.0	0.0	0.0	0.0	0.0	0.0	0.0	0.0	0.0	0.0	0.0	0.0	0.0	0.0	0.0	0.0	0.0	0.0	0.0	0.0	0.0	0.0	0.0	0.0	0.0	0.0	0.0	0.0	0.0	0.0	0.0	0.0	0.0	0.0	0.0	0.0	0.0	0.0	0.0	0.0	0.0
36326.140997923954	40.21673186965927	1617.3855222760676	1319588519.8010516	47390.9392309686	431.82108194794273	186469.44681469188	2245901121.193359	36817.67054782853	-29.610058272337483	876.7555508912214	1355540864.5684404	37785.39017041301	22678.42420244019	0.782899	28.463097	0.0692509	0.0480813	-0.0284160946	0.0046051854	-0.0103126122	0.0096532909	0.0020663197	-0.115529735	-0.0041602873	0.0017233136	-0.0042852153	0.002356506	-0.0037391511	-0.0146475347	0.0231304396	-0.0603600559	-0.0209813218	-0.0094555355	0.0934854958	-0.0317723198	0.0147839697	0.0488848561	-0.086467158	-0.006442276	0.0271653426	-0.0866086333	-0.0384301403	0.0171428547	0.0321444325	0.015840309	0.0330749549	-0.0690623265	0.0206019415	0.0158314666	-0.0102344407	0.0015398115	0.0458961336	0.0152347176	-0.0216746281	-0.0496949641	-0.0573348341	0.110676	-4.300000000000137e-05	1.8490000000001174e-09	0.012249176976	0.209068	0.046282	0.002142023524	0.043709428624	0.576724	-0.0086789999999999	0.332610572176	7.532504099999986e-05	0.00905182	-2.3119999999999735e-05	5.345343999999879e-10	8.193544531240001e-05	-0.00255896	9.784000000000008e-05	6.5482762816e-06	9.572665600000017e-09	-0.000897736	-0.0001639779999999	2.6888784483999984e-08	8.05929925696e-07	0.0	0.0	0.0	0.0	0.0	0.0	0.0	0.0	0.0	0.0	0.0	0.0	0.0	0.0	0.0	0.0	0.0	0.0	0.0	0.0	0.0	0.0	0.0	0.0	0.0	0.0	0.0	0.0	0.0	0.0	0.0	0.0	0.0	0.0	0.0	0.0	0.0	0.0	0.0	0.0	0.0	0.0	0.0	0.0	0.0	0.0	0.0	0.0	0.0	0.0	0.0	0.0	0.0	0.0	0.0	0.0	0.0	0.0	0.0	0.0	0.0	0.0	0.0	0.0	0.0	0.0	0.0	0.0	0.0	0.0	0.0	0.0	0.0	0.0	0.0	0.0	0.0	0.0
36377.64154870444	51.50055078048899	2652.306730693725	1323332804.6460278	46955.950426725416	-434.98880424318486	189215.2598169158	2204861280.4770947	36880.39768673075	62.72713890222076	3934.693954858497	1360163733.5314147	37778.76012198465	22816.684649328967	0.854218	31.055946	0.14401105	0.0788653	-0.0271996094	0.0057684201	-0.0082753227	0.0220807137	0.0090456461	-0.1307652696	-0.0123832098	-0.0032457909	-0.0134405479	-0.0010984753	-0.0061643754	-0.0129772744	0.0221387503	-0.0543974313	-0.0207291392	-0.0155558141	0.0977315287	-0.0302696898	0.0007287167	0.0409929437	-0.0967527525	0.0004646531	-0.0016322927	-0.0777576263	-0.0332784597	0.0048871075	0.0369003768	-0.0233002881	-0.0636825207	-0.0485084146	0.0020128523	0.0124803799	0.0191742063	-0.0019743514	0.0457121053	0.0146507218	-0.0225124856	-0.0502995528	-0.0571375495	0.102758	-0.0079179999999999	6.269472399999992e-05	0.010559206564	0.268754	0.0596859999999999	0.0035624185959999	0.072228712516	0.536804	-0.03992	0.2881585344159999	0.0015936064	0.00944969	0.0003978699999999	1.583005368999999e-07	8.92966410961e-05	-0.00259976	-4.080000000000013e-05	6.7587520576e-06	1.66464000000001e-09	-0.000606665	0.0002910709999999	8.472232704099997e-08	3.680424222250001e-07	0.0	0.0	0.0	0.0	0.0	0.0	0.0	0.0	0.0	0.0	0.0	0.0	0.0	0.0	0.0	0.0	0.0	0.0	0.0	0.0	0.0	0.0	0.0	0.0	0.0	0.0	0.0	0.0	0.0	0.0	0.0	0.0	0.0	0.0	0.0	0.0	0.0	0.0	0.0	0.0	0.0	0.0	0.0	0.0	0.0	0.0	0.0	0.0	0.0	0.0	0.0	0.0	0.0	0.0	0.0	0.0	0.0	0.0	0.0	0.0	0.0	0.0	0.0	0.0	0.0	0.0	0.0	0.0	0.0	0.0	0.0	0.0	0.0	0.0	0.0	0.0	0.0	0.0
36413.689482812944	36.04793410850107	1299.4535534908346	1325956781.750722	46715.61041635812	-240.3400103672975	57763.32058335267	2182348256.572947	36944.19020389425	63.79251716349973	4069.485246055407	1364873189.8215158	37840.03942913925	22950.97702916991	0.789809	28.714294	0.1929152	0.12344	-0.0254909924	0.0085614665	-0.0121281735	0.0265840693	0.0037052736	-0.137086215	-0.023874366	-0.0058732707	-0.025204578	-0.0020515449	-0.0055643817	-0.0128266973	0.0238041922	-0.0513103932	-0.0231982699	-0.0034748628	0.1098865816	-0.0209969485	0.00673785	0.0418909067	-0.0788168428	0.0015290913	0.0044520308	-0.0750155709	-0.0487401627	0.0226124028	0.0316704366	-0.0040218528	-0.0028790795	-0.0211503296	0.0472576062	0.0088573253	-0.0071116267	-0.0187357163	0.0455268238	0.0140651193	-0.0233447884	-0.0508820785	-0.0569011056	0.10373	0.000972	9.447840000000012e-07	0.0107599129	0.165731	-0.103023	0.010613738529	0.0274667643609999	0.556839	0.020035	0.310069671921	0.000401401225	0.00840805	-0.00104164	1.0850138896e-06	7.06953048025e-05	-0.00255904	4.0720000000000166e-05	6.548685721599999e-06	1.6581184000000132e-09	-0.000311321	0.000295344	8.722807833600003e-08	9.692076504100001e-08	0.0	0.0	0.0	0.0	0.0	0.0	0.0	0.0	0.0	0.0	0.0	0.0	0.0	0.0	0.0	0.0	0.0	0.0	0.0	0.0	0.0	0.0	0.0	0.0	0.0	0.0	0.0	0.0	0.0	0.0	0.0	0.0	0.0	0.0	0.0	0.0	0.0	0.0	0.0	0.0	0.0	0.0	0.0	0.0	0.0	0.0	0.0	0.0	0.0	0.0	0.0	0.0	0.0	0.0	0.0	0.0	0.0	0.0	0.0	0.0	0.0	0.0	0.0	0.0	0.0	0.0	0.0	0.0	0.0	0.0	0.0	0.0	0.0	0.0	0.0	0.0	0.0	0.0
36528.31506152566	114.62557871271564	13139.023295224972	1334317801.2340825	47290.14705365077	574.536637292651	330092.3475915472	2236358008.3559146	36957.438994574535	13.24879068028531	175.5304544900149	1365852297.0376985	37889.68270399306	22846.8877027414	0.791749	28.784842	0.0392801	0.0194239	-0.0249494465	0.0075561145	-0.0112796142	0.0225193933	0.0021019538	-0.083417494	-0.0253064498	-0.006704696	-0.0255446346	-0.0019393522	-0.0052632657	-0.0119663811	0.0240538569	-0.049034134	-0.0268406819	-0.0036798252	0.1069405866	-0.0184226239	0.0041903894	0.042558148	-0.0754405805	0.0045579937	0.0015783912	-0.0629874471	-0.0409982363	0.0056110962	0.022322796	3.95724e-05	-0.0087143164	-0.0585278884	-0.0143861166	-0.0100885732	0.0306091057	0.004606559	0.0453402941	0.0134779744	-0.0241713312	-0.0514422857	-0.0566256646	0.0941373	-0.0095927	9.20198932900002e-05	0.0088618312512899	0.168193	0.002462	6.061444000000097e-06	0.028288885249	0.552357	-0.0044819999999999	0.305098255449	2.008832399999988e-05	0.00849327	8.522000000000043e-05	7.262448400000074e-09	7.21356352929e-05	-0.00267346	-0.00011442	7.1473883716e-06	1.3091936400000014e-08	-0.000566549	-0.000255228	6.5141331984e-08	3.20977769401e-07	0.0	0.0	0.0	0.0	0.0	0.0	0.0	0.0	0.0	0.0	0.0	0.0	0.0	0.0	0.0	0.0	0.0	0.0	0.0	0.0	0.0	0.0	0.0	0.0	0.0	0.0	0.0	0.0	0.0	0.0	0.0	0.0	0.0	0.0	0.0	0.0	0.0	0.0	0.0	0.0	0.0	0.0	0.0	0.0	0.0	0.0	0.0	0.0	0.0	0.0	0.0	0.0	0.0	0.0	0.0	0.0	0.0	0.0	0.0	0.0	0.0	0.0	0.0	0.0	0.0	0.0	0.0	0.0	0.0	0.0	0.0	0.0	0.0	0.0	0.0	0.0	0.0	0.0
36605.032961555895	76.71790003023489	5885.636185049114	1339928438.1165936	47407.57492224526	117.42786859448825	13789.3043226444	2247478160.008297	36962.74287264725	5.303878072714724	28.131122610224057	1366244360.669435	37900.46401795504	23028.80401754841	0.793294	28.840992	0.0696884999999999	0.0319699	-0.025476233	0.0074722784	-0.0043378693	0.0184216858	0.0123427867	-0.1009576982	-0.0115063118	-0.003824378	-0.0120227689	-0.0021110435	-0.0040294926	-0.0109917529	0.0244883158	-0.0512664373	-0.0187090127	-0.0112683636	0.0996632842	-0.0266446942	0.0057658422	0.0462199324	-0.063211254	4.50482e-05	0.0147656727	-0.0580653412	-0.0444658553	0.0151260555	0.032493665	-0.0275994478	-0.0259354093	-0.0106386482	0.0439499662	0.0090362953	-0.0160498612	-0.0152406442	0.0451525215	0.0128893515	-0.0249919101	-0.0519799285	-0.0563114151	0.0943712	0.0002339	5.4709210000004266e-08	0.00890592338944	0.190213	0.0220199999999999	0.0004848803999999	0.0361809853689999	0.54029	-0.0120669999999999	0.2919132841	0.0001456124889999	0.00821873	-0.00027454	7.537221160000012e-08	6.754752281290001e-05	-0.00255904	0.00011442	6.548685721599999e-06	1.3091936400000014e-08	-0.000248157	0.0003183919999999	1.0137346566399999e-07	6.1581896649e-08	0.0	0.0	0.0	0.0	0.0	0.0	0.0	0.0	0.0	0.0	0.0	0.0	0.0	0.0	0.0	0.0	0.0	0.0	0.0	0.0	0.0	0.0	0.0	0.0	0.0	0.0	0.0	0.0	0.0	0.0	0.0	0.0	0.0	0.0	0.0	0.0	0.0	0.0	0.0	0.0	0.0	0.0	0.0	0.0	0.0	0.0	0.0	0.0	0.0	0.0	0.0	0.0	0.0	0.0	0.0	0.0	0.0	0.0	0.0	0.0	0.0	0.0	0.0	0.0	0.0	0.0	0.0	0.0	0.0	0.0	0.0	0.0	0.0	0.0	0.0	0.0	0.0	0.0
36685.24758210155	80.214620545652	6434.385349282936	1345807390.160087	47468.0916105876	60.51668834234442	3662.269567924445	2253219721.151137	37075.91853550981	113.17566286255897	12808.73066437961	1374623735.2517598	37999.792161344114	23103.257649401905	0.802156	29.16317	0.1026596	0.070843	-0.0235182917	0.0092146163	-0.0084597029	0.0295145481	-0.0087821857	-0.0485020852	-0.0297532891	-0.0095733807	-0.03135658	-0.0034477521	-0.0037046259	-0.0083001613	0.0216971139	-0.041346008	-0.0210715259	-0.0026942628	0.1042723366	-0.0208430095	0.0057963752	0.0532159799	-0.0456299699	0.0035831709	0.0008480757	-0.0476191637	-0.0443660369	0.0080087421	0.0172736819	0.0226921767	0.0475200463	-0.0524615712	0.0226745224	0.002842558	-0.0080055198	-0.002124164	0.0449635109	0.0122993151	-0.0258063227	-0.0524947712	-0.0559585727	0.0936761	-0.0006951	4.831640100000056e-07	0.00877521171121	0.125376	-0.064837	0.004203836569	0.0157191413759999	0.513539	-0.026751	0.263722304521	0.000715616001	0.00821873	0.0	0.0	6.754752281290001e-05	-0.00255904	0.0	6.548685721599999e-06	0.0	-0.000455687	-0.00020753	4.306870089999999e-08	2.07650641969e-07	0.0	0.0	0.0	0.0	0.0	0.0	0.0	0.0	0.0	0.0	0.0	0.0	0.0	0.0	0.0	0.0	0.0	0.0	0.0	0.0	0.0	0.0	0.0	0.0	0.0	0.0	0.0	0.0	0.0	0.0	0.0	0.0	0.0	0.0	0.0	0.0	0.0	0.0	0.0	0.0	0.0	0.0	0.0	0.0	0.0	0.0	0.0	0.0	0.0	0.0	0.0	0.0	0.0	0.0	0.0	0.0	0.0	0.0	0.0	0.0	0.0	0.0	0.0	0.0	0.0	0.0	0.0	0.0	0.0	0.0	0.0	0.0	0.0	0.0	0.0	0.0	0.0	0.0
36783.26624818333	98.01866608178534	9607.658900452536	1353008675.8847432	47439.13527010515	-28.9563404824512	838.469654135642	2250471555.1753345	37041.32625678183	-34.59227872797783	1196.6257475941072	1372059850.861355	37972.99047331872	23066.830364812955	0.855348	31.097021	0.0971372499999999	0.0483267	-0.0240039914	0.0070964124	-0.0037360458	0.0170482238	0.0033760485	-0.0616234474	-0.0122116654	-0.0042899617	-0.0129468709	-0.0020974267	-0.0043981559	-0.0059272878	0.0196382452	-0.0396454009	-0.0134285204	-0.010332271	0.0957004291	-0.0238021277	0.0064709746	0.0524640178	-0.0412190613	0.0071668853	0.0140727917	-0.0308280604	-0.0460133149	0.0021584683	0.0218809625	-0.0433377039	-0.04441824	-0.008852274	0.003600482	0.0022721442	-0.0003522518	-0.0052107599	0.0447732676	0.01170793	-0.0266143679	-0.052986588	-0.055567379	0.0893761	-0.0042999999999999	1.8489999999999984e-05	0.00798808725121	0.163745	0.038369	0.001472180161	0.026812425025	0.490424	-0.0231149999999999	0.240515699776	0.0005343032249999	0.00775898	-0.00045975	2.113700625000001e-07	6.020177064040001e-05	-0.0024647	9.434000000000004e-05	6.074746089999999e-06	8.90003560000001e-09	-0.000528662	-7.297499999999997e-05	5.325350624999996e-09	2.79483510244e-07	0.0	0.0	0.0	0.0	0.0	0.0	0.0	0.0	0.0	0.0	0.0	0.0	0.0	0.0	0.0	0.0	0.0	0.0	0.0	0.0	0.0	0.0	0.0	0.0	0.0	0.0	0.0	0.0	0.0	0.0	0.0	0.0	0.0	0.0	0.0	0.0	0.0	0.0	0.0	0.0	0.0	0.0	0.0	0.0	0.0	0.0	0.0	0.0	0.0	0.0	0.0	0.0	0.0	0.0	0.0	0.0	0.0	0.0	0.0	0.0	0.0	0.0	0.0	0.0	0.0	0.0	0.0	0.0	0.0	0.0	0.0	0.0	0.0	0.0	0.0	0.0	0.0	0.0
36856.36000575244	73.09375756910595	5342.697395571233	1358391272.873628	47495.78584586048	56.650575755331374	3209.2877334105387	2255849673.115841	37125.573183529465	84.24692674763355	7097.544666421134	1378308184.2056022	38060.5406384777	23345.016053512383	0.745325	27.097046	0.0867139449999999	0.0410663	-0.0227862588	0.0112139979	-0.0012577277	0.0190063765	0.004836446	-0.0556583877	-0.0161652666	-0.0071353483	-0.0169856274	-0.0043522447	-0.0027783341	-0.0082388135	0.0212216814	-0.0403928917	-0.0173456671	-0.0076323548	0.0959632078	-0.0216147292	0.001095272	0.0476961976	-0.017508266	0.0076317082	-0.0047310225	-0.0239777427	-0.0426608632	0.0169641409	0.0229493368	-0.0118029772	0.0027074002	-0.0078615181	0.0423826445	0.0182057044	-0.016739477	-0.0194441529	0.0445817969	0.0111152609	-0.0274158465	-0.0534551631	-0.0551381022	0.0872475	-0.0021285999999999	4.530937959999976e-06	0.00761212625625	0.138894	-0.024851	0.000617572201	0.019291543236	0.499647	0.0092229999999999	0.249647124609	8.506372899999966e-05	0.0082080699999999	0.0004490899999999	2.016818280999105e-07	6.737241312489836e-05	-0.00255904	-9.434000000000004e-05	6.548685721599999e-06	8.90003560000001e-09	-6.18651e-05	0.0004667968999999	2.1789934584960998e-07	3.82729059801e-09	0.0	0.0	0.0	0.0	0.0	0.0	0.0	0.0	0.0	0.0	0.0	0.0	0.0	0.0	0.0	0.0	0.0	0.0	0.0	0.0	0.0	0.0	0.0	0.0	0.0	0.0	0.0	0.0	0.0	0.0	0.0	0.0	0.0	0.0	0.0	0.0	0.0	0.0	0.0	0.0	0.0	0.0	0.0	0.0	0.0	0.0	0.0	0.0	0.0	0.0	0.0	0.0	0.0	0.0	0.0	0.0	0.0	0.0	0.0	0.0	0.0	0.0	0.0	0.0	0.0	0.0	0.0	0.0	0.0	0.0	0.0	0.0	0.0	0.0	0.0	0.0	0.0	0.0
37042.92223044537	186.56222469293425	34805.46368237689	1372178087.370824	48010.359594842266	514.5737489817839	264786.14314116794	2304994628.426063	37174.33041668096	48.75723315149662	2377.267784589401	1381930841.9285712	38121.83896016082	23323.0630261011	0.812741	29.548008	0.1835113949999999	0.10048	-0.0218607255	0.0098820657	-0.003076551	0.0135870662	-0.003264122	0.0057528376	-0.0167951368	-0.0074369629	-0.0179777899	-0.0043387485	-0.0018162342	-0.0022473024	0.0195443655	-0.0451667411	-0.0161257204	-0.0066816807	0.0840128892	-0.0270674384	0.0138478067	0.0165370468	0.0084469759	0.0173332753	0.0191109357	-0.0165340767	-0.0381717189	-0.0109164198	0.0015129654	-0.0243458798	-0.0040902247	-0.0470902149	-0.0178443682	-0.0226756763	-0.0010980057	0.0019676847	0.0443891039	0.010521373	-0.0282105605	-0.0539002911	-0.0546710365	0.0976361	0.0103885999999999	0.0001079230099599	0.00953280802321	0.107917	-0.0309769999999999	0.0009595745289999	0.011646078889	0.539503	0.0398559999999999	0.291063487009	0.0015885007359999	0.00678177	-0.0014262999999999	2.034331689999716e-06	4.59924043329e-05	-0.00255904	0.0	6.548685721599999e-06	0.0	-0.000681361	-0.0006194959	3.837751701168101e-07	4.64252812321e-07	0.0	0.0	0.0	0.0	0.0	0.0	0.0	0.0	0.0	0.0	0.0	0.0	0.0	0.0	0.0	0.0	0.0	0.0	0.0	0.0	0.0	0.0	0.0	0.0	0.0	0.0	0.0	0.0	0.0	0.0	0.0	0.0	0.0	0.0	0.0	0.0	0.0	0.0	0.0	0.0	0.0	0.0	0.0	0.0	0.0	0.0	0.0	0.0	0.0	0.0	0.0	0.0	0.0	0.0	0.0	0.0	0.0	0.0	0.0	0.0	0.0	0.0	0.0	0.0	0.0	0.0	0.0	0.0	0.0	0.0	0.0	0.0	0.0	0.0	0.0	0.0	0.0	0.0
36973.3833927667	-69.53883767867228	4835.649945700731	1367031079.5085163	47885.58981598045	-124.76977886181704	15567.497717226724	2293029712.0243306	37238.88899409241	64.55857741145155	4167.809917390383	1386734853.514337	38170.49904376827	23591.403523256504	0.805416	29.281693	0.14948245	0.0694214	-0.0210354957	0.011021242	-0.0016812987	0.0186027322	-0.0009152725	-0.0163926042	-0.0225281598	-0.0110806327	-0.0235412243	-0.0065505339	-0.003831928	-0.0038942672	0.0189619372	-0.0418442349	-0.0130105977	-0.0115307766	0.0802895657	-0.0377244735	0.0051997435	-0.0011042385	0.0282445835	0.0150539109	-0.0235528363	-0.0116776294	-0.0286353864	0.0246608107	0.0268709797	0.0067810072	-0.0405623502	0.0036768235	0.0314559766	-0.0159237316	-0.0340817621	-0.0365206642	0.0441951939	0.0099263312	-0.0289983141	-0.0543217765	-0.054166502	0.0890125999999999	-0.0086235000000001	7.436475225000179e-05	0.0079232429587599	0.0783162	-0.0296007999999999	0.0008762073606399	0.00613342718244	0.556291	0.016788	0.309459676681	0.000281836944	0.00606228	-0.00071949	5.176658601000009e-07	3.67512387984e-05	-0.00182759	0.0007314499999999	3.3400852081e-06	5.350191024999997e-07	-0.000242898	0.000438463	1.9224980236900004e-07	5.899943840399999e-08	0.0	0.0	0.0	0.0	0.0	0.0	0.0	0.0	0.0	0.0	0.0	0.0	0.0	0.0	0.0	0.0	0.0	0.0	0.0	0.0	0.0	0.0	0.0	0.0	0.0	0.0	0.0	0.0	0.0	0.0	0.0	0.0	0.0	0.0	0.0	0.0	0.0	0.0	0.0	0.0	0.0	0.0	0.0	0.0	0.0	0.0	0.0	0.0	0.0	0.0	0.0	0.0	0.0	0.0	0.0	0.0	0.0	0.0	0.0	0.0	0.0	0.0	0.0	0.0	0.0	0.0	0.0	0.0	0.0	0.0	0.0	0.0	0.0	0.0	0.0	0.0	0.0	0.0
37030.06102879986	56.67763603315689	3212.354426307004	1371225419.7966418	48063.23416904251	177.64435306205996	31557.51617483781	2310074478.788215	37266.812488214826	27.923494122413103	779.7215240044392	1388815313.0317645	38227.00333333333	23432.299548728173	0.840416	30.554153	0.2967154499999999	0.138574	-0.0189419433	0.0125741319	-0.0035211536	0.0188983409	-0.0073746016	0.0244733528	-0.0211649097	-0.0134382018	-0.0224312366	-0.0090248382	-0.0026181624	0.0113044029	0.0118843422	-0.0173498429	-0.0072828631	-0.0194823862	0.065644379	-0.0185713583	0.0153731329	0.0006844698	0.016319032	0.0386671236	0.0144190785	0.0142198344	-0.0408120384	0.0133514367	0.0154182087	0.0293603443	0.0399304521	-0.0553734774	0.0339269061	0.0041625367	-0.0312016716	-0.0158404323	0.0440000724	0.009330201	-0.0297789127	-0.0547194347	-0.0536248445	0.0699753	-0.0190372999999998	0.0003624187912899	0.00489654261009	0.15044	0.0721237999999999	0.0052018425264399	0.0226321935999999	0.451803	-0.1044879999999999	0.204125950809	0.0109177421439999	0.00471312	-0.0013491599999999	1.8202327055999984e-06	2.22135001344e-05	-0.00235242	-0.00052483	5.5338798564000006e-06	2.754465289e-07	-0.000390235	-0.000147337	2.1708191569000003e-08	1.5228335522500001e-07	0.0	0.0	0.0	0.0	0.0	0.0	0.0	0.0	0.0	0.0	0.0	0.0	0.0	0.0	0.0	0.0	0.0	0.0	0.0	0.0	0.0	0.0	0.0	0.0	0.0	0.0	0.0	0.0	0.0	0.0	0.0	0.0	0.0	0.0	0.0	0.0	0.0	0.0	0.0	0.0	0.0	0.0	0.0	0.0	0.0	0.0	0.0	0.0	0.0	0.0	0.0	0.0	0.0	0.0	0.0	0.0	0.0	0.0	0.0	0.0	0.0	0.0	0.0	0.0	0.0	0.0	0.0	0.0	0.0	0.0	0.0	0.0	0.0	0.0	0.0	0.0	0.0	0.0
37129.30489353378	99.24386473392224	9849.344687325054	1378585281.8769915	48080.02941026733	16.79524122481962	282.0801277998804	2311689228.092171	37277.92072433831	11.108236123487586	123.39290977515452	1389643373.530052	38231.16371116594	23523.38883125865	0.87277	31.730412	0.229132895	0.157694	-0.0176311863	0.0122591166	-0.0060405208	0.0164025881	-0.0009168453	0.0210447549	-0.023515798	-0.0137025861	-0.024772779	-0.0090779922	-0.0029244194	0.0185908621	0.0111320987	-0.0123386716	-5.48335e-05	-0.0293005326	0.0585243389	-0.0296892412	0.0162574396	-0.0404452857	0.0308117019	0.0612861155	-0.0177374547	0.0129607864	-0.0408813887	0.0220391152	0.0237378849	-0.0404555147	-0.048484637	-0.0435615772	0.0237664609	-0.0421137294	-0.0130567785	-0.0095010975	0.0438037445	0.0087330475	-0.0305521639	-0.0550930911	-0.0530464353	0.0665635	-0.0034118	1.1640379240000044e-05	0.00443069953225	0.135032	-0.0154079999999999	0.0002374064639999	0.018233641024	0.483338	0.0315349999999999	0.2336156222439999	0.0009944562249999	0.0018697	-0.00284342	8.0850372964e-06	3.49577809e-06	-0.00274973	-0.00039731	7.561015072900001e-06	1.578552361000001e-07	-5.54031e-05	0.0003348319	1.1211240125761001e-07	3.06950348961e-09	0.0	0.0	0.0	0.0	0.0	0.0	0.0	0.0	0.0	0.0	0.0	0.0	0.0	0.0	0.0	0.0	0.0	0.0	0.0	0.0	0.0	0.0	0.0	0.0	0.0	0.0	0.0	0.0	0.0	0.0	0.0	0.0	0.0	0.0	0.0	0.0	0.0	0.0	0.0	0.0	0.0	0.0	0.0	0.0	0.0	0.0	0.0	0.0	0.0	0.0	0.0	0.0	0.0	0.0	0.0	0.0	0.0	0.0	0.0	0.0	0.0	0.0	0.0	0.0	0.0	0.0	0.0	0.0	0.0	0.0	0.0	0.0	0.0	0.0	0.0	0.0	0.0	0.0
37066.88938132754	-62.4155122062366	3895.69616396687	1373954288.4075725	48254.01876064499	173.98935037766205	30272.294044840848	2328450326.5526786	37089.25092861826	-188.6697957200522	35596.29181704623	1375612534.4460106	38088.71796349598	23537.0920784978	0.8706709999999999	31.654123	0.3096160449999999	0.17163	-0.0191202777	0.0103202216	-0.0005599489	0.0022533859	0.0126066183	0.003941393	-0.0011815383	-0.0040637755	-0.0012369562	-0.0040773091	-0.0015594728	0.0112044643	0.0122777811	-0.0200365465	-0.005866128	-0.0247010799	0.060717993	-0.0267965424	0.0127579845	-0.0019465211	0.0465397856	0.0339826781	0.0056558403	0.0235321566	-0.0619513568	0.0169062317	0.0237344936	-0.0060498044	-0.0075403125	0.0020634904	0.0528781356	-0.0078365241	-0.0477135042	-0.0518630855	0.0436062158	0.0081349364	-0.0313178767	-0.0554425818	-0.0524316706	0.0917956	0.0252321	0.00063665887041	0.00842643217936	0.0731765	-0.0618555	0.00382610288025	0.00535480015225	0.461822	-0.0215159999999999	0.213279559684	0.0004629382559999	0.00480613	0.0029364299999999	8.622621144899997e-06	2.30988855769e-05	-0.00363227	-0.0008825399999999	1.31933853529e-05	7.788768515999997e-07	-0.000256682	-0.0002012789	4.051319558521e-08	6.5885649124e-08	0.0	0.0	0.0	0.0	0.0	0.0	0.0	0.0	0.0	0.0	0.0	0.0	0.0	0.0	0.0	0.0	0.0	0.0	0.0	0.0	0.0	0.0	0.0	0.0	0.0	0.0	0.0	0.0	0.0	0.0	0.0	0.0	0.0	0.0	0.0	0.0	0.0	0.0	0.0	0.0	0.0	0.0	0.0	0.0	0.0	0.0	0.0	0.0	0.0	0.0	0.0	0.0	0.0	0.0	0.0	0.0	0.0	0.0	0.0	0.0	0.0	0.0	0.0	0.0	0.0	0.0	0.0	0.0	0.0	0.0	0.0	0.0	0.0	0.0	0.0	0.0	0.0	0.0
37161.82847736264	94.93909603509384	9013.431955960768	1381001495.7809205	48671.12734884108	417.1085881960898	173979.57434693526	2368878637.4071064	37178.76963919149	89.51871057322569	8013.599542692948	1382260911.8840666	38199.58257949561	23663.465090254365	0.811222	29.492805	0.18196285	0.116668	-0.0172013788	0.0129597273	-0.0011623058	0.0011473663	-0.0088550577	0.0646651018	-0.0107874517	-0.0054489934	-0.0104589056	-0.0029095586	-0.0009958672	0.015123609	0.0111747562	-0.0209984939	-0.0048804734	-0.0181887385	0.042979248	-0.0290562629	0.0191418018	-0.0370195729	0.0652376842	0.0493953576	-0.0094844504	0.0086908337	-0.058196204	0.0024807152	0.005413268	0.0013908812	0.026336002	-0.0817195493	0.0062759586	-0.0436097994	-0.0093175235	0.0010474003	0.0434074915	0.0075359332	-0.0320758624	-0.0557677536	-0.0517809719	0.0919835	0.0001878999999999	3.530640999999656e-08	0.00846096427225	0.0401664	-0.0330101	0.00108966670201	0.0016133396889599	0.51578	0.053958	0.2660290084	0.002911465764	0.00309342	-0.0017127099999999	2.933375544099999e-06	9.5692472964e-06	-0.00377146	-0.0001391899999999	1.42239105316e-05	1.9373856099999997e-08	-0.000300919	-4.423700000000003e-05	1.9569121690000027e-09	9.055224456100003e-08	0.0	0.0	0.0	0.0	0.0	0.0	0.0	0.0	0.0	0.0	0.0	0.0	0.0	0.0	0.0	0.0	0.0	0.0	0.0	0.0	0.0	0.0	0.0	0.0	0.0	0.0	0.0	0.0	0.0	0.0	0.0	0.0	0.0	0.0	0.0	0.0	0.0	0.0	0.0	0.0	0.0	0.0	0.0	0.0	0.0	0.0	0.0	0.0	0.0	0.0	0.0	0.0	0.0	0.0	0.0	0.0	0.0	0.0	0.0	0.0	0.0	0.0	0.0	0.0	0.0	0.0	0.0	0.0	0.0	0.0	0.0	0.0	0.0	0.0	0.0	0.0	0.0	0.0
37111.05646203765	-50.77201532498293	2577.7975401603017	1377230511.7285466	48402.42059528658	-268.7067535544993	72203.31940579842	2342794319.4830227	37192.67277603024	13.90313683875138	193.2972139570457	1383294908.224861	38189.59163400037	23610.79216170146	0.833894	30.317039	0.1326129399999999	0.0652363	-0.0181271551	0.0097466126	0.0021403276	-0.0023760194	0.0077953365	0.0220868756	-0.0024965044	-0.005243524	-0.002751897	-0.004952101	-0.0006399956	0.0079702756	0.0105253713	-0.0289634892	-0.0031069405	-0.0272738565	0.0446103067	-0.0377291549	0.016503827	-0.0385276305	0.0711577838	0.0397094341	-0.0036985498	0.0187366542	-0.0408141298	0.0268240941	0.0257416566	-0.0306168581	-0.0726304158	-0.0050152134	0.0286354537	-0.0260459187	-0.0356560162	-0.0440529894	0.0432075772	0.0069361036	-0.0328259338	-0.0560684638	-0.0510947851	0.0916947	-0.0002887999999999	8.340543999999528e-08	0.00840791800809	0.0854454	0.045279	0.002050187841	0.00730091638116	0.538673	0.0228929999999999	0.2901686009289999	0.0005240894489999	0.00350112	0.0004077	1.6621928999999998e-07	1.22578412544e-05	-0.00310652	0.0006649399999999	9.6504665104e-06	4.421452035999997e-07	-9.05162e-05	0.0002104028	4.426933824784001e-08	8.19318246244e-09	0.0	0.0	0.0	0.0	0.0	0.0	0.0	0.0	0.0	0.0	0.0	0.0	0.0	0.0	0.0	0.0	0.0	0.0	0.0	0.0	0.0	0.0	0.0	0.0	0.0	0.0	0.0	0.0	0.0	0.0	0.0	0.0	0.0	0.0	0.0	0.0	0.0	0.0	0.0	0.0	0.0	0.0	0.0	0.0	0.0	0.0	0.0	0.0	0.0	0.0	0.0	0.0	0.0	0.0	0.0	0.0	0.0	0.0	0.0	0.0	0.0	0.0	0.0	0.0	0.0	0.0	0.0	0.0	0.0	0.0	0.0	0.0	0.0	0.0	0.0	0.0	0.0	0.0
37079.30200664798	-31.75445538967324	1008.3454370947478	1374874637.300209	48223.402939638254	-179.0176556483275	32047.32103382316	2325496591.0787115	37117.80141256042	-74.87136346982152	5605.721067830124	1377731181.7022722	38125.59464112756	23643.79388503712	0.757675	27.546021	0.1392600399999999	0.0704025	-0.0173925147	0.0110554285	0.002467229	0.0046498703	0.0062574162	0.0296522074	-0.0013346676	-0.0047054542	-0.0020687644	-0.0044962911	0.0003295552	0.0085003798	0.009582714	-0.0252463415	-0.0042882057	-0.0259385688	0.0442323567	-0.0314608179	0.0147475936	-0.0100223205	0.0670505704	0.0287445743	-0.0159022509	0.0237224571	-0.0535893009	0.0222454698	0.0305307147	0.0154428565	0.0168002859	-0.015057836	0.0473961218	0.0017547159	-0.0504435246	-0.0392876235	0.0430064784	0.0063355134	-0.0335679058	-0.0563445805	-0.0503735805	0.0856827	-0.006012	3.614414400000004e-05	0.00734152507929	0.0618639	-0.0235815	0.00055608714225	0.00382714212321	0.496782	-0.0418909999999999	0.246792355524	0.0017548558809999	0.00428492	0.0007838	6.143424400000004e-07	1.8360539406400003e-05	-0.00358604	-0.0004795199999999	1.28596828816e-05	2.2993943039999977e-07	-0.000182707	-9.21908e-05	8.49914360464e-09	3.3381847849e-08	0.0	0.0	0.0	0.0	0.0	0.0	0.0	0.0	0.0	0.0	0.0	0.0	0.0	0.0	0.0	0.0	0.0	0.0	0.0	0.0	0.0	0.0	0.0	0.0	0.0	0.0	0.0	0.0	0.0	0.0	0.0	0.0	0.0	0.0	0.0	0.0	0.0	0.0	0.0	0.0	0.0	0.0	0.0	0.0	0.0	0.0	0.0	0.0	0.0	0.0	0.0	0.0	0.0	0.0	0.0	0.0	0.0	0.0	0.0	0.0	0.0	0.0	0.0	0.0	0.0	0.0	0.0	0.0	0.0	0.0	0.0	0.0	0.0	0.0	0.0	0.0	0.0	0.0
37185.75580525903	106.45379861105177	11332.411238722363	1382780434.8083558	48930.43688212752	707.0339424892663	499896.9958319152	2394187653.475865	37131.1572790601	13.355866499681724	178.37916995732056	1378722840.8822978	38187.18221080044	23515.49324206593	0.800015	29.085348	0.107218	0.0517065	-0.016783387	0.0095450296	0.0019341114	-0.0115406109	-0.0021959831	0.0667333137	0.0010431933	-0.0011031322	0.0024629245	-0.001120555	0.0008296866	0.0140609329	0.0100078657	-0.0182436028	-0.0027556922	-0.0245321548	0.0428037837	-0.0218547459	0.0150002912	-0.0179736711	0.0708658047	0.0398048747	0.0141004544	0.0447480866	-0.0604940678	-0.0152353791	0.0116389915	-0.0268314292	-0.0167754441	-0.0410113794	-0.0125336169	-0.0319227775	0.0017612068	-0.0107456228	0.0428042005	0.0057342284	-0.0343015956	-0.0565959827	-0.0496178523	0.0941834	0.0085007	7.226190049e-05	0.00887051283556	0.056884	-0.0049799	2.4799404010000023e-05	0.0032357894559999	0.463514	-0.033268	0.214845228196	0.001106759824	0.003543	-0.00074192	5.504452864000001e-07	1.2552849e-05	-0.00393954	-0.0003535	1.55199754116e-05	1.2496225000000006e-07	-0.000296675	-0.0001139679999999	1.2988705024e-08	8.8016055625e-08	0.0	0.0	0.0	0.0	0.0	0.0	0.0	0.0	0.0	0.0	0.0	0.0	0.0	0.0	0.0	0.0	0.0	0.0	0.0	0.0	0.0	0.0	0.0	0.0	0.0	0.0	0.0	0.0	0.0	0.0	0.0	0.0	0.0	0.0	0.0	0.0	0.0	0.0	0.0	0.0	0.0	0.0	0.0	0.0	0.0	0.0	0.0	0.0	0.0	0.0	0.0	0.0	0.0	0.0	0.0	0.0	0.0	0.0	0.0	0.0	0.0	0.0	0.0	0.0	0.0	0.0	0.0	0.0	0.0	0.0	0.0	0.0	0.0	0.0	0.0	0.0	0.0	0.0
37146.0546141383	-39.70119112073007	1576.1845764047364	1379829373.3965454	48588.00946710234	-342.4274150251804	117256.53456082712	2360794663.9752264	37154.5631168468	23.40583778670407	547.833242497504	1380461560.4037528	38184.92309050621	23766.796335391813	0.773753	28.130558	0.08174045	0.0639276	-0.0163094002	0.0109823901	0.0036402198	-0.004526731	0.007309666	0.032691373	-0.0009286107	-0.0034409814	-0.0009463883	-0.0037207325	0.0002669047	0.00880601	0.0128599974	-0.027344681	0.0006547846	-0.0259217547	0.038598178	-0.031490409	0.0106218228	-0.0350597499	0.0774547772	0.0403648373	-0.0189759457	0.0293904542	-0.0554175732	0.0270301709	0.0234623916	-0.0333159135	-0.0231226222	-0.0121944686	0.0431374086	-0.0332818303	-0.0346442326	-0.0302686128	0.0426007491	0.0051323146	-0.0350268219	-0.0568225599	-0.0488281186	0.0919795	-0.0022038999999999	4.857175209999977e-06	0.00846022842025	0.0592236	0.0023396	5.47372816000002e-06	0.00350743479696	0.525779	0.062265	0.2764435568409999	0.003876930225	0.00342991	-0.00011309	1.2789348100000034e-08	1.17642826081e-05	-0.00383285	0.00010669	1.46907391225e-05	1.13827561e-08	-0.000375534	-7.885900000000003e-05	6.218741881000004e-09	1.41025785156e-07	0.0	0.0	0.0	0.0	0.0	0.0	0.0	0.0	0.0	0.0	0.0	0.0	0.0	0.0	0.0	0.0	0.0	0.0	0.0	0.0	0.0	0.0	0.0	0.0	0.0	0.0	0.0	0.0	0.0	0.0	0.0	0.0	0.0	0.0	0.0	0.0	0.0	0.0	0.0	0.0	0.0	0.0	0.0	0.0	0.0	0.0	0.0	0.0	0.0	0.0	0.0	0.0	0.0	0.0	0.0	0.0	0.0	0.0	0.0	0.0	0.0	0.0	0.0	0.0	0.0	0.0	0.0	0.0	0.0	0.0	0.0	0.0	0.0	0.0	0.0	0.0	0.0	0.0
37150.25177128114	4.197157142836659	17.616128081664783	1380141206.6695774	49076.40266772808	488.3932006257383	238527.9184174526	2408493298.8049874	37102.44140196448	-52.12171488231979	2716.6731622738366	1376591157.9862082	38161.02455066703	23643.18019671724	0.790168	28.727345	0.08557095	0.0475515	-0.0156608546	0.0104089522	0.0027431711	-0.016122274	0.0004892182	0.0793920519	0.0073913385	0.0019210462	0.0084888532	0.0006378972	0.0028298945	0.0113969321	0.0098276724	-0.020946528	-0.0029387005	-0.0248552997	0.0335373279	-0.0301797629	0.0202757695	-0.025602438	0.0811126386	0.0379273048	0.0162767656	0.0291624647	-0.0460085847	0.0324821202	0.0253879683	0.0310651805	0.0418848433	-0.0626046691	0.007327051	-0.0184296034	-0.0307395935	-0.0171872063	0.0423961298	0.004529838	-0.0357434058	-0.0570242129	-0.0480049204	0.0918403	-0.0001392	1.9376640000001667e-08	0.00843464070409	0.0205289	-0.0386947	0.0014972798080899	0.00042143573521	0.506138	-0.019641	0.2561756750439999	0.000385768881	0.00337054	-5.937e-05	3.524796899999999e-09	1.13605398916e-05	-0.00346662	0.0003662299999999	1.20174542244e-05	1.3412441289999996e-07	-0.000491855	-0.000116321	1.3530575041000004e-08	2.4192134102500005e-07	0.0	0.0	0.0	0.0	0.0	0.0	0.0	0.0	0.0	0.0	0.0	0.0	0.0	0.0	0.0	0.0	0.0	0.0	0.0	0.0	0.0	0.0	0.0	0.0	0.0	0.0	0.0	0.0	0.0	0.0	0.0	0.0	0.0	0.0	0.0	0.0	0.0	0.0	0.0	0.0	0.0	0.0	0.0	0.0	0.0	0.0	0.0	0.0	0.0	0.0	0.0	0.0	0.0	0.0	0.0	0.0	0.0	0.0	0.0	0.0	0.0	0.0	0.0	0.0	0.0	0.0	0.0	0.0	0.0	0.0	0.0	0.0	0.0	0.0	0.0	0.0	0.0	0.0
37105.97714062393	-44.27463065720804	1960.2429198321856	1376853539.5605056	47966.33482671801	-1110.0678410100663	1232250.61164475	2300769276.7088213	37172.45584550063	70.0144435361508	4902.022303676848	1381791473.5856943	38123.112366136695	23660.16013936614	1.00294	36.462902	0.1790000499999999	0.0970934	-0.0131483861	0.0114003223	-0.0023794266	0.0182849779	-0.0079669444	0.0364745133	-0.0230522474	-0.0133267539	-0.0239156185	-0.0084848105	-0.0018618166	0.0130898347	0.0109502341	-0.0109671034	-0.0040175253	-0.0253440242	0.0434171218	-0.0131302527	0.0111605349	-0.0307636662	0.0516515825	0.0516670898	-0.0337480748	0.0608754777	-0.0434409885	-0.0046707151	0.0212493057	-0.0324070129	-0.0516643703	-0.0307079241	0.0027259212	-0.0186533964	-0.0161434297	-0.0202154209	0.0421903482	0.0039268646	-0.0364511706	-0.0572008532	-0.0471488222	0.0917895	-5.080000000000362e-05	2.580640000000368e-09	0.00842531231025	0.104927	0.0843981	0.00712303928361	0.011009675329	0.462747	-0.0433909999999999	0.214134786009	0.0018827788809999	0.00273564	-0.0006348999999999	4.030980099999998e-07	7.4837262096e-06	-0.00333502	0.0001315999999999	1.11223584004e-05	1.731855999999999e-08	-0.000235152	0.000256703	6.589643020900004e-08	5.5296463104e-08	0.0	0.0	0.0	0.0	0.0	0.0	0.0	0.0	0.0	0.0	0.0	0.0	0.0	0.0	0.0	0.0	0.0	0.0	0.0	0.0	0.0	0.0	0.0	0.0	0.0	0.0	0.0	0.0	0.0	0.0	0.0	0.0	0.0	0.0	0.0	0.0	0.0	0.0	0.0	0.0	0.0	0.0	0.0	0.0	0.0	0.0	0.0	0.0	0.0	0.0	0.0	0.0	0.0	0.0	0.0	0.0	0.0	0.0	0.0	0.0	0.0	0.0	0.0	0.0	0.0	0.0	0.0	0.0	0.0	0.0	0.0	0.0	0.0	0.0	0.0	0.0	0.0	0.0
37116.99138318974	11.01424256581231	121.31353929855176	1377671049.3397815	48559.706888931054	593.3720622130422	352090.4042149584	2358045133.138898	37056.70880518676	-115.74704031387228	13397.377341421174	1373199667.472406	38076.45508155153	23703.90088498444	0.926107	33.669552	0.1735353	0.118294	-0.0129397327	0.0108655814	-0.0041287751	-0.0064051658	0.0124885185	0.0423842909	-0.0011985584	-0.0018906172	-0.0002600488	-0.0022514383	-0.0009661092	0.0205924022	0.0017773721	0.0048444965	0.0041176038	-0.0389933697	0.0301070795	-0.0111481588	0.0072607436	0.0083669041	0.0588538061	0.0278636601	0.0049901852	0.0583369663	-0.0523050625	0.0115132666	0.0262911481	0.0050894892	0.0100453451	0.0285278201	0.0513455664	0.0078531892	-0.0504978202	-0.0497068695	0.04198341	0.0033234606	-0.0371499417	-0.0573524034	-0.0462604104	0.0710759	-0.0207136	0.0004290532249599	0.00505178356081	0.0642333	-0.0406937	0.00165597721969	0.0041259168288899	0.353984	-0.108763	0.125304672256	0.011829390169	0.00278779	5.214999999999994e-05	2.719622499999993e-09	7.7717730841e-06	-0.00332036	1.4660000000000109e-05	1.10247905296e-05	2.1491560000000314e-10	-0.000234662	4.899999999999902e-07	2.400999999999904e-13	5.5066254244e-08	0.0	0.0	0.0	0.0	0.0	0.0	0.0	0.0	0.0	0.0	0.0	0.0	0.0	0.0	0.0	0.0	0.0	0.0	0.0	0.0	0.0	0.0	0.0	0.0	0.0	0.0	0.0	0.0	0.0	0.0	0.0	0.0	0.0	0.0	0.0	0.0	0.0	0.0	0.0	0.0	0.0	0.0	0.0	0.0	0.0	0.0	0.0	0.0	0.0	0.0	0.0	0.0	0.0	0.0	0.0	0.0	0.0	0.0	0.0	0.0	0.0	0.0	0.0	0.0	0.0	0.0	0.0	0.0	0.0	0.0	0.0	0.0	0.0	0.0	0.0	0.0	0.0	0.0
37277.93272295431	160.94133976456942	25902.11484521457	1389644268.097108	49077.016970666096	517.3100817350423	267609.7206647161	2408553594.739048	37228.907600473976	172.19879528721503	29652.425098368192	1385991561.124629	38270.87999703034	23742.56899488352	0.930854	33.842125	0.2337006	0.128632	-0.0115377554	0.0149231902	0.0043630344	-0.0142028635	-0.0098752584	0.1002975544	0.0009066429	-0.0028985719	0.001060242	-0.0029431104	-0.0006627142	0.023668449	0.0005711314	0.0195657704	0.010637579	-0.0315280902	0.0306359343	-0.0057022147	0.0009977688	0.0444930592	0.0685991411	0.0110508318	-0.0058761674	0.0634636009	-0.0354775987	-0.0297773297	-0.007244309	0.0319047478	0.0327674196	-0.0098157069	-0.0387187124	-0.0161333389	-0.0104682312	0.0187310868	0.0417753207	0.0027196922	-0.0378395465	-0.0574787968	-0.0453402941	0.0537601	-0.0173158	0.0002998369296399	0.0028901483520099	-0.0403423	-0.1045755999999999	0.0109360561153599	0.0016275011692899	0.29073	-0.063254	0.0845239328999999	0.004001068516	0.00314498	0.0003571899999999	1.2758469609999989e-07	9.8908992004e-06	-0.00273425	0.0005861099999999	7.4761230625e-06	3.435249320999999e-07	-0.000206858	2.7804000000000007e-05	7.730624160000004e-10	4.2790232164e-08	0.0	0.0	0.0	0.0	0.0	0.0	0.0	0.0	0.0	0.0	0.0	0.0	0.0	0.0	0.0	0.0	0.0	0.0	0.0	0.0	0.0	0.0	0.0	0.0	0.0	0.0	0.0	0.0	0.0	0.0	0.0	0.0	0.0	0.0	0.0	0.0	0.0	0.0	0.0	0.0	0.0	0.0	0.0	0.0	0.0	0.0	0.0	0.0	0.0	0.0	0.0	0.0	0.0	0.0	0.0	0.0	0.0	0.0	0.0	0.0	0.0	0.0	0.0	0.0	0.0	0.0	0.0	0.0	0.0	0.0	0.0	0.0	0.0	0.0	0.0	0.0	0.0	0.0
37189.92833359106	-88.00438936325372	7744.772547199165	1383090769.457639	47775.71518624111	-1301.3017844249844	1693386.3341476484	2282518961.556829	37209.25044247977	-19.657157994202866	386.4038604090535	1384528318.4911811	38141.509108187136	23870.575471194785	1.053078	38.285706	0.1491749999999999	0.0859015999999999	-0.0100418843	0.0117581352	-0.0054679442	0.0282630118	-0.0076387986	0.0452069712	-0.0339514289	-0.0165865559	-0.0362934873	-0.0105664682	-0.0017607756	0.0205208002	-0.0003017485	0.040311992	0.0041089698	-0.0062379854	0.0533160761	0.0270277598	-0.016694591	0.0683709593	0.0687238261	-0.0039994861	-0.0143752323	0.074506277	-0.0561218818	-0.0340077218	-0.0140896128	-0.0049703048	-0.0106302213	0.1049041577	0.0233109803	-0.0034235987	-0.0149817564	-0.0070820047	0.0415660861	0.0021156255	-0.038519815	-0.0575799782	-0.0443891039	0.056288	0.0025278999999999	6.390278409999998e-06	0.003168338944	-0.0632466	-0.0229043	0.00052460695849	0.00400013241156	0.220512	-0.0702179999999999	0.048625542144	0.0049305675239999	0.00376841	0.0006234299999999	3.886649649e-07	1.42009139281e-05	-0.00283714	-0.00010289	8.0493633796e-06	1.0586352100000004e-08	-0.000551034	-0.000344176	1.1845711897600007e-07	3.036384691560001e-07	0.0	0.0	0.0	0.0	0.0	0.0	0.0	0.0	0.0	0.0	0.0	0.0	0.0	0.0	0.0	0.0	0.0	0.0	0.0	0.0	0.0	0.0	0.0	0.0	0.0	0.0	0.0	0.0	0.0	0.0	0.0	0.0	0.0	0.0	0.0	0.0	0.0	0.0	0.0	0.0	0.0	0.0	0.0	0.0	0.0	0.0	0.0	0.0	0.0	0.0	0.0	0.0	0.0	0.0	0.0	0.0	0.0	0.0	0.0	0.0	0.0	0.0	0.0	0.0	0.0	0.0	0.0	0.0	0.0	0.0	0.0	0.0	0.0	0.0	0.0	0.0	0.0	0.0
37150.22140127106	-39.70693231999758	1576.640474264868	1380138950.1634583	48685.70620742002	909.9910211789102	828083.6586262357	2370297988.9152164	36990.99924092756	-218.2512015522152	47633.58697898567	1368334024.8423033	38032.84590620431	23528.80895472694	1.056644	38.41534	0.08824995	0.0382341	-0.011400623	0.0099944008	-0.0005178321	-0.011185637	-0.0002577338	0.0691374912	0.0045262913	-0.0005982897	0.0045306812	-0.002150377	-0.0005973799	0.0209687979	-0.0043955276	0.0422610183	0.0130513788	-0.0208324112	0.0299595935	0.0125232443	-0.0068395602	0.0930054919	0.0758304994	-0.0164248213	0.0034759911	0.0622488409	-0.0501266484	-0.0083102327	-0.0089926163	0.0420771238	0.1030848291	0.0503165045	0.0040348295	-0.0012387016	0.0015491991	0.0167721757	0.041355712	0.0015113268	-0.0391905793	-0.0576559031	-0.0434074915	0.0325953	-0.0236926999999999	0.0005613440332899	0.00106245358209	-0.0834337	-0.0201871	0.00040751900641	0.00696118229569	0.20085	-0.019662	0.0403407225	0.000386594244	0.00363159	-0.0001368199999999	1.871971239999993e-08	1.31884459281e-05	-0.00301904	-0.0001819	9.114602521600002e-06	3.308761000000001e-08	-0.000375591	0.000175443	3.078024624900002e-08	1.4106859928099998e-07	0.0	0.0	0.0	0.0	0.0	0.0	0.0	0.0	0.0	0.0	0.0	0.0	0.0	0.0	0.0	0.0	0.0	0.0	0.0	0.0	0.0	0.0	0.0	0.0	0.0	0.0	0.0	0.0	0.0	0.0	0.0	0.0	0.0	0.0	0.0	0.0	0.0	0.0	0.0	0.0	0.0	0.0	0.0	0.0	0.0	0.0	0.0	0.0	0.0	0.0	0.0	0.0	0.0	0.0	0.0	0.0	0.0	0.0	0.0	0.0	0.0	0.0	0.0	0.0	0.0	0.0	0.0	0.0	0.0	0.0	0.0	0.0	0.0	0.0	0.0	0.0	0.0	0.0
37137.964777155226	-12.256624115834711	150.224834716861	1379228427.7892222	48197.30303058353	-488.4031768364948	238537.66314398043	2322980019.421896	37018.05765575716	27.058414829603866	732.1578130909262	1370336592.6049614	38019.87869380482	23798.366613786417	0.8682029999999998	31.564386	0.0554895999999999	0.0282985	-0.0106060641	0.0101676148	0.0002117086	0.0013492953	-0.0063669826	0.0370372295	-0.0006110122	-0.0020926907	-0.0013003778	-0.0018460725	-6.48147e-05	0.0205115217	-0.003082999	0.0403115262	0.0112002341	-0.0179477038	0.0296540414	0.0153820196	-0.0105876497	0.0898106421	0.0744908904	-0.0143618447	0.0057324149	0.0646569564	-0.047116768	-0.0465919182	-0.0237020257	-0.0049045271	-0.0082534548	0.0828841094	-0.0316472315	-0.0110841033	0.0182448839	0.0375570563	0.0411442041	0.0009068624	-0.0398516739	-0.0577065382	-0.0423961298	0.0326822	8.690000000000087e-05	7.55161000000015e-09	0.00106812619684	-0.0833489	8.479999999999599e-05	7.191039999999321e-09	0.00694703913121	0.216581	0.0157309999999999	0.046907329561	0.0002474643609999	0.00394976	0.00031817	1.012321489e-07	1.56006040576e-05	-0.00313444	-0.0001153999999999	9.8247141136e-06	1.3317159999999973e-08	-0.0007337589999999	-0.0003581679999999	1.2828431622392837e-07	5.384022700808532e-07	0.0	0.0	0.0	0.0	0.0	0.0	0.0	0.0	0.0	0.0	0.0	0.0	0.0	0.0	0.0	0.0	0.0	0.0	0.0	0.0	0.0	0.0	0.0	0.0	0.0	0.0	0.0	0.0	0.0	0.0	0.0	0.0	0.0	0.0	0.0	0.0	0.0	0.0	0.0	0.0	0.0	0.0	0.0	0.0	0.0	0.0	0.0	0.0	0.0	0.0	0.0	0.0	0.0	0.0	0.0	0.0	0.0	0.0	0.0	0.0	0.0	0.0	0.0	0.0	0.0	0.0	0.0	0.0	0.0	0.0	0.0	0.0	0.0	0.0	0.0	0.0	0.0	0.0
37085.68493396818	-52.279843187046936	2733.182003662218	1375348027.0215545	47613.57557020142	-583.7274603821061	340737.74800414324	2267052578.579282	37146.80901748063	128.75136172346538	16576.913145646628	1379885420.18118	38088.70393343385	24076.937773180864	0.906787	32.967167	0.0411087	0.0287093	-0.0085512999	0.013539339	-0.0045819202	0.0232869838	-0.0027964112	0.0307982048	-0.0257726274	-0.0116456575	-0.0277479971	-0.0067479718	-0.00207473	0.0185366334	-0.0010921408	0.0425854324	0.0061305775	-0.0051920468	0.0477751899	0.0313543476	-0.0178762895	0.0755505693	0.0682728968	-0.013621496	-0.0262616811	0.0762166985	-0.0536286092	-0.0185301088	-0.0194692698	0.03461107	0.0478769994	0.0822847475	0.0228373068	0.010503586	-0.0043633516	0.0102014332	0.0409315682	0.0003022985	-0.0405029358	-0.0577318613	-0.041355712	0.0328146	0.0001323999999999	1.7529759999999416e-08	0.00107679797316	-0.0922057	-0.0088567999999999	7.844290623999996e-05	0.00850189111249	0.220523	0.003942	0.048630393529	1.5539364000000007e-05	0.00391681	-3.295000000000034e-05	1.0857025000000224e-09	1.5341400576099998e-05	-0.00366504	-0.0005306	1.34325182016e-05	2.8153636e-07	-0.0007337589999999	0.0	0.0	5.384022700808532e-07	0.0	0.0	0.0	0.0	0.0	0.0	0.0	0.0	0.0	0.0	0.0	0.0	0.0	0.0	0.0	0.0	0.0	0.0	0.0	0.0	0.0	0.0	0.0	0.0	0.0	0.0	0.0	0.0	0.0	0.0	0.0	0.0	0.0	0.0	0.0	0.0	0.0	0.0	0.0	0.0	0.0	0.0	0.0	0.0	0.0	0.0	0.0	0.0	0.0	0.0	0.0	0.0	0.0	0.0	0.0	0.0	0.0	0.0	0.0	0.0	0.0	0.0	0.0	0.0	0.0	0.0	0.0	0.0	0.0	0.0	0.0	0.0	0.0	0.0	0.0	0.0	0.0	0.0
37091.46495956952	5.780025601343368	33.408695952184765	1375776772.8469737	48016.50744918172	402.9318789803001	162354.0990985952	2305584987.617324	37119.81252464173	-26.996492838894483	728.8106256004811	1377880481.8645492	38074.91264414291	23555.94173919973	0.8910789999999998	32.396084	0.0962044499999999	0.0496054	-0.0089424792	0.0073747145	-0.0072482521	0.0142597444	-0.0130076196	0.0543854417	-0.0228596031	-0.010043181	-0.0234974705	-0.0052885117	-0.0020967085	0.0181989765	0.0004730334	0.0358085764	0.0085275205	-0.0095557139	0.0427018389	0.0257772786	-0.0115208624	0.0679661525	0.0582182656	-0.0033404603	0.0080361316	0.0823043983	-0.0446781796	-0.052830819	-0.0329871843	0.0005611179	0.0048014198	0.0604693952	-0.0433523952	-0.0186582332	0.024569568	0.0234644668	0.0407178101	-0.0003022985	-0.0411442041	-0.0577318613	-0.040286951	0.0327848	-2.9799999999996496e-05	8.880399999997911e-10	0.00107484311104	-0.0589163	0.0332894	0.00110818415236	0.0034711304056899	0.253059	0.0325359999999999	0.064038857481	0.0010585912959999	0.0041759	0.00025909	6.712762810000001e-08	1.7438140809999997e-05	-0.00345186	0.0002131799999999	1.19153374596e-05	4.544571239999996e-08	-0.000868474	-0.0001347150000001	1.8148131225026962e-08	7.542470886760001e-07	0.0	0.0	0.0	0.0	0.0	0.0	0.0	0.0	0.0	0.0	0.0	0.0	0.0	0.0	0.0	0.0	0.0	0.0	0.0	0.0	0.0	0.0	0.0	0.0	0.0	0.0	0.0	0.0	0.0	0.0	0.0	0.0	0.0	0.0	0.0	0.0	0.0	0.0	0.0	0.0	0.0	0.0	0.0	0.0	0.0	0.0	0.0	0.0	0.0	0.0	0.0	0.0	0.0	0.0	0.0	0.0	0.0	0.0	0.0	0.0	0.0	0.0	0.0	0.0	0.0	0.0	0.0	0.0	0.0	0.0	0.0	0.0	0.0	0.0	0.0	0.0	0.0	0.0
37017.4417664868	-74.02319308272126	5479.433114161833	1370290994.9352417	48490.74035470971	474.23290552799153	224896.84868552093	2351351900.147873	36997.74996973353	-122.06255490820332	14899.267310718147	1368833502.8229177	38025.72032711988	23782.439739812955	0.980405	35.6436	0.0740379999999999	0.044991	-0.0101710979	0.0078997245	0.0043185254	-0.0178724943	0.0112768473	0.0133276693	0.0151054878	-0.0008530956	0.0146888776	-0.0040723575	-0.0002865773	0.0206814716	-0.0049847855	0.0286280027	0.0181693833	-0.0307025725	0.0169089496	0.0003448578	-0.0041208553	0.0679039107	0.0520324287	-0.0069374141	-0.0008611907	0.0579373811	-0.0409874453	-0.02212586	0.0033308012	0.0098013147	0.0155581043	0.09002857	-0.0035531911	-0.00232941	-0.0109789122	0.004974308	0.0405029358	-0.0009068624	-0.0417753207	-0.0577065382	-0.0391905793	0.0327541	-3.070000000000156e-05	9.424900000000955e-10	0.00107283106681	-0.0400176	0.0188986999999999	0.0003571608616899	0.00160140830976	0.261384	0.008325	0.068321595456	6.930562500000044e-05	0.00340581	-0.0007700899999999	5.930386080999996e-07	1.15995417561e-05	-0.00347615	-2.428999999999973e-05	1.20836188225e-05	5.900040999999868e-10	-0.000727182	0.000141292	1.9963429264e-08	5.28793661124e-07	0.0	0.0	0.0	0.0	0.0	0.0	0.0	0.0	0.0	0.0	0.0	0.0	0.0	0.0	0.0	0.0	0.0	0.0	0.0	0.0	0.0	0.0	0.0	0.0	0.0	0.0	0.0	0.0	0.0	0.0	0.0	0.0	0.0	0.0	0.0	0.0	0.0	0.0	0.0	0.0	0.0	0.0	0.0	0.0	0.0	0.0	0.0	0.0	0.0	0.0	0.0	0.0	0.0	0.0	0.0	0.0	0.0	0.0	0.0	0.0	0.0	0.0	0.0	0.0	0.0	0.0	0.0	0.0	0.0	0.0	0.0	0.0	0.0	0.0	0.0	0.0	0.0	0.0
37001.72058674194	-15.721179744861727	247.1554925702507	1369127326.3793223	48222.00109226896	-268.7392624407512	72220.79117719895	2325361389.3427887	37020.68709207222	22.93712233869155	526.111581180103	1370531272.7691228	38021.49821340461	23551.0638915678	0.878552	31.940632	0.0643822	0.0341143	-0.0082179437	0.008506322	-0.0009493333	0.0054641336	-0.0046269862	0.0528019761	-0.0062479159	-0.0060731277	-0.0068927209	-0.0048447106	-0.0015353767	0.0199805056	0.0029276504	0.0290844768	0.0040266483	-0.0187932527	0.0319074242	0.0174842816	-0.0012039692	0.053488448	0.0450784088	0.0032369492	0.0154611692	0.0674416503	-0.0254655737	-0.0418670185	-0.0220860665	0.016780171	0.0027032731	0.0252102045	-0.0612544189	-0.014727809	0.0187619213	0.0280111116	0.040286951	-0.0015113268	-0.0423961298	-0.0576559031	-0.0380673484	0.027475	-0.0052791	2.786889681000002e-05	0.000754875625	-0.0169454	0.0230722	0.00053232641284	0.0002871465811599	0.28	0.018616	0.0784	0.000346555456	0.00340581	0.0	0.0	1.15995417561e-05	-0.00353445	-5.830000000000028e-05	1.24923368025e-05	3.3988900000000323e-09	-0.00101718	-0.0002899979999999	8.409884000399992e-08	1.0346551523999998e-06	0.0	0.0	0.0	0.0	0.0	0.0	0.0	0.0	0.0	0.0	0.0	0.0	0.0	0.0	0.0	0.0	0.0	0.0	0.0	0.0	0.0	0.0	0.0	0.0	0.0	0.0	0.0	0.0	0.0	0.0	0.0	0.0	0.0	0.0	0.0	0.0	0.0	0.0	0.0	0.0	0.0	0.0	0.0	0.0	0.0	0.0	0.0	0.0	0.0	0.0	0.0	0.0	0.0	0.0	0.0	0.0	0.0	0.0	0.0	0.0	0.0	0.0	0.0	0.0	0.0	0.0	0.0	0.0	0.0	0.0	0.0	0.0	0.0	0.0	0.0	0.0	0.0	0.0
36919.74659677637	-81.97398996556876	6719.735030875168	1363067688.7701805	48051.02865817535	-170.97243409360817	29231.57321989319	2308901355.108789	37133.02686323625	112.3397711640282	12620.224185186224	1378861684.025825	38084.95106519554	23796.289054902263	0.817768	29.730774	0.0463058499999999	0.0283971	-0.0074443624	0.0083493466	-0.0045248718	0.010411641	-0.0004839683	0.0169215438	-0.0223000153	-0.013721574	-0.0232975987	-0.0093867781	-0.0037915265	0.0182941427	0.0012218803	0.0279071989	0.0094670123	-0.0122400583	0.0433637027	0.0196905763	-0.0096074242	0.0446096806	0.0385769517	0.0061913472	-0.0153258927	0.0553455604	-0.0339797902	-0.0129334729	-0.0032560517	0.0121871952	0.0071805026	0.0854322245	-0.0061810626	-0.0148964361	-0.0029193275	0.0027926387	0.0400698617	-0.0021156255	-0.0430064784	-0.0575799782	-0.036918028	0.0275622	8.719999999999908e-05	7.603839999999841e-09	0.00075967486884	-0.0422711	-0.0253257	0.00064139108049	0.00178684589521	0.287249	0.0072489999999999	0.0825119880009999	5.254800099999928e-05	0.00328009	-0.00012572	1.5805518400000044e-08	1.07589904081e-05	-0.00347039	6.406000000000033e-05	1.20436067521e-05	4.103683600000042e-09	-0.000934081	8.309899999999989e-05	6.9054438009999824e-09	8.72507314561e-07	0.0	0.0	0.0	0.0	0.0	0.0	0.0	0.0	0.0	0.0	0.0	0.0	0.0	0.0	0.0	0.0	0.0	0.0	0.0	0.0	0.0	0.0	0.0	0.0	0.0	0.0	0.0	0.0	0.0	0.0	0.0	0.0	0.0	0.0	0.0	0.0	0.0	0.0	0.0	0.0	0.0	0.0	0.0	0.0	0.0	0.0	0.0	0.0	0.0	0.0	0.0	0.0	0.0	0.0	0.0	0.0	0.0	0.0	0.0	0.0	0.0	0.0	0.0	0.0	0.0	0.0	0.0	0.0	0.0	0.0	0.0	0.0	0.0	0.0	0.0	0.0	0.0	0.0
36899.77835783047	-19.96823894589761	398.7305666004621	1361593642.8570142	48347.12925336937	296.10059519401693	87675.56247425108	2337444907.042004	37003.3566684273	-129.6701948089467	16814.359421790185	1369248404.7308433	38012.17364491959	23504.601123688462	0.822059	29.886784	0.0729016499999999	0.033135	-0.0069666686	0.0073690052	-0.0038805571	0.0051063236	-0.0057872744	0.0577798615	-0.0138367726	-0.0052821955	-0.0137302665	-0.0025689197	-0.0019236899	0.0202353375	0.0038035742	0.0345664305	0.0007078267	-0.0102350733	0.0395607878	0.0236305791	-0.006405698	0.0494016885	0.0339685646	0.0012277525	0.0238214164	0.0570506102	-0.0195447062	-0.0276050315	-0.0223400324	0.043180459	0.0184885694	0.0272651092	-0.0677405175	-0.0185619737	0.0345494689	0.0212502112	0.0398516739	-0.0027196922	-0.0436062158	-0.0574787968	-0.0357434058	0.0197497	-0.0078125	6.103515625e-05	0.0003900506500899	-0.0637518	-0.0214807	0.0004614204724899	0.00406429200324	0.276212	-0.0110369999999999	0.076293068944	0.0001218153689999	0.00308501	-0.0001950799999999	3.8056206399999934e-08	9.5172867001e-06	-0.00359295	-0.00012256	1.29092897025e-05	1.502095360000007e-08	-0.00126787	-0.0003337889999999	1.1141509652099997e-07	1.6074943369e-06	0.0	0.0	0.0	0.0	0.0	0.0	0.0	0.0	0.0	0.0	0.0	0.0	0.0	0.0	0.0	0.0	0.0	0.0	0.0	0.0	0.0	0.0	0.0	0.0	0.0	0.0	0.0	0.0	0.0	0.0	0.0	0.0	0.0	0.0	0.0	0.0	0.0	0.0	0.0	0.0	0.0	0.0	0.0	0.0	0.0	0.0	0.0	0.0	0.0	0.0	0.0	0.0	0.0	0.0	0.0	0.0	0.0	0.0	0.0	0.0	0.0	0.0	0.0	0.0	0.0	0.0	0.0	0.0	0.0	0.0	0.0	0.0	0.0	0.0	0.0	0.0	0.0	0.0
36811.9042697903	-87.87408804017468	7721.855348892372	1355116295.9682052	47926.59785063685	-420.5314027325221	176846.66068418272	2296958781.536669	37053.92271897927	50.566050551969965	2556.925468424382	1372993188.8640883	38022.55205500731	23650.4030758342	0.8019579999999998	29.155983	0.0680997999999999	0.0373803	-0.0065879755	0.0078781479	-0.0057178819	0.0133449488	0.0052372379	0.0124651774	-0.0163363725	-0.0082656467	-0.0173676144	-0.0050913583	-0.0036948222	0.0195210641	0.0021060496	0.0285189661	0.0073172202	-0.0150071772	0.0381798579	0.015238688	-0.0122188488	0.0417384567	0.0188092029	0.0067229447	-0.0168777493	0.0437518086	-0.0235923445	-0.0085251346	-0.0096987092	0.0129904141	-0.0089720095	0.081804382	-0.0110968486	-0.0215711477	0.0103179896	-0.0060261267	0.0396323936	-0.0033234606	-0.0441951939	-0.0573524034	-0.0345442869	0.019244	-0.0005056999999999	2.557324899999978e-07	0.000370331536	-0.0402717	0.0234800999999999	0.0005513150960099	0.00162180982089	0.298657	0.0224449999999999	0.089196003649	0.0005037780249999	0.00298571	-9.930000000000008e-05	9.860490000000016e-09	8.914464204099999e-06	-0.00325887	0.00033408	1.06202336769e-05	1.1160944640000005e-07	-0.00126787	0.0	0.0	1.6074943369e-06	0.0	0.0	0.0	0.0	0.0	0.0	0.0	0.0	0.0	0.0	0.0	0.0	0.0	0.0	0.0	0.0	0.0	0.0	0.0	0.0	0.0	0.0	0.0	0.0	0.0	0.0	0.0	0.0	0.0	0.0	0.0	0.0	0.0	0.0	0.0	0.0	0.0	0.0	0.0	0.0	0.0	0.0	0.0	0.0	0.0	0.0	0.0	0.0	0.0	0.0	0.0	0.0	0.0	0.0	0.0	0.0	0.0	0.0	0.0	0.0	0.0	0.0	0.0	0.0	0.0	0.0	0.0	0.0	0.0	0.0	0.0	0.0	0.0	0.0	0.0	0.0	0.0	0.0
36815.12809988459	3.2238300942917704	10.393080476861286	1355353657.010912	48979.90491821868	1053.3070675818308	1109455.7786178354	2399031085.7977424	36934.56107774359	-119.36164123568597	14247.201398476607	1364161802.0055716	38007.7292578125	23378.4639349762	1.015387	36.915428	0.0876081	0.0554407	-0.0076192477	0.0038916899	0.0012836486	-0.0243323256	0.0029165736	0.0592675541	0.0178181771	0.0025503986	0.0184717672	-0.0004149312	0.0003446623	0.0220628244	-0.0040234887	0.0273429486	0.0130300782	-0.0277648118	0.012759177	-0.0013646024	0.0065209814	0.0610316744	0.0279357098	-0.0084899312	0.0487971054	0.0163603561	-0.0139413058	-0.0149721805	-0.0105552697	0.0574115373	0.0539816595	0.0287931811	-0.0594511901	-0.0189178823	0.0150325868	0.026321462	0.0394120267	-0.0039268646	-0.0447732676	-0.0572008532	-0.0333214931	0.0152488	-0.0039952	1.5961623040000005e-05	0.0002325259014399	-0.0905356	-0.0502638999999999	0.0025264596432099	0.0081966948673599	0.295417	-0.00324	0.0872712038889999	1.0497600000000131e-05	0.00263798	-0.00034773	1.2091615290000005e-07	6.958938480399999e-06	-0.00336162	-0.0001027499999999	1.13004890244e-05	1.0557562499999996e-08	-0.00141957	-0.0001517	2.3012890000000017e-08	2.0151789849e-06	0.0	0.0	0.0	0.0	0.0	0.0	0.0	0.0	0.0	0.0	0.0	0.0	0.0	0.0	0.0	0.0	0.0	0.0	0.0	0.0	0.0	0.0	0.0	0.0	0.0	0.0	0.0	0.0	0.0	0.0	0.0	0.0	0.0	0.0	0.0	0.0	0.0	0.0	0.0	0.0	0.0	0.0	0.0	0.0	0.0	0.0	0.0	0.0	0.0	0.0	0.0	0.0	0.0	0.0	0.0	0.0	0.0	0.0	0.0	0.0	0.0	0.0	0.0	0.0	0.0	0.0	0.0	0.0	0.0	0.0	0.0	0.0	0.0	0.0	0.0	0.0	0.0	0.0
36783.20334411105	-31.92475577354344	1019.1900312003952	1353004048.2542222	48349.955620788285	-629.9492974303939	396836.1173330469	2337718208.5321965	36917.79807869498	-16.762999048609345	280.9981371036778	1362923814.9792943	37944.32779822277	23580.169462971666	0.859734	31.256489	0.0716062	0.0367687	-0.0069290053	0.0074176341	0.0024087995	-0.0096094747	0.0082483795	-0.0096927682	0.0147391773	0.0013675033	0.0138340808	-0.0019699016	0.0001018003	0.0210706637	-0.000367757	0.0281252905	0.01266078	-0.0188426561	0.0183935973	-0.0039718094	-0.0013046046	0.0550581297	0.0177927493	-0.006674903	0.0086024882	0.0031647483	-0.0057361055	-0.0067005286	0.0087256806	0.0167322752	-0.0264887919	0.0964297506	-0.0439090661	-0.0098510621	0.0208573465	0.022880662	0.0391905793	-0.004529838	-0.0453402941	-0.0570242129	-0.0320758624	0.0152831	3.4300000000001e-05	1.1764900000000684e-09	0.00023357314561	-0.105219	-0.0146834	0.0002156022355599	0.0110710379609999	0.311994	0.016577	0.097340256036	0.000274796929	0.00259279	-4.518999999999964e-05	2.0421360999999675e-09	6.722559984100001e-06	-0.0031035	0.00025812	9.63171225e-06	6.662593440000009e-08	-0.00192249	-0.00050292	2.529285264e-07	3.6959678001e-06	0.0	0.0	0.0	0.0	0.0	0.0	0.0	0.0	0.0	0.0	0.0	0.0	0.0	0.0	0.0	0.0	0.0	0.0	0.0	0.0	0.0	0.0	0.0	0.0	0.0	0.0	0.0	0.0	0.0	0.0	0.0	0.0	0.0	0.0	0.0	0.0	0.0	0.0	0.0	0.0	0.0	0.0	0.0	0.0	0.0	0.0	0.0	0.0	0.0	0.0	0.0	0.0	0.0	0.0	0.0	0.0	0.0	0.0	0.0	0.0	0.0	0.0	0.0	0.0	0.0	0.0	0.0	0.0	0.0	0.0	0.0	0.0	0.0	0.0	0.0	0.0	0.0	0.0
36748.85293572772	-34.350408383324975	1179.950556101203	1350478192.091744	48927.62382442239	577.6682036341081	333700.5534898573	2393912373.1041856	36884.82497675106	-32.97310194392048	1087.2254518041727	1360490313.565559	37972.13793848227	23300.4367923974	0.884988	32.174644	0.1160044	0.0671616	-0.0068506524	0.0019945711	-0.0002836361	-0.0255516317	0.0018361659	0.0375421969	0.0216755269	0.0023766334	0.0219176806	-0.0012041835	0.0015148067	0.0253807962	-0.0068764302	0.0292866139	0.0189166498	-0.0282160993	0.0006894148	-0.0018476029	0.011051832	0.0481427371	0.0040347116	-0.0042615327	0.046454165	0.0003942402	-0.016544267	-0.001961285	-0.0064377046	0.0545765234	0.0692228463	0.026511535	-0.0326730364	-0.0129874474	0.0001836743	0.0206354771	0.0389680575	-0.0051323146	-0.0458961336	-0.0568225599	-0.0308082484	0.0132139	-0.0020692	4.281588640000001e-06	0.00017460715321	-0.0485853	0.0566336999999999	0.0032073759756899	0.0023605313760899	0.30356	-0.0084339999999999	0.0921486736	7.113235599999996e-05	0.00182386	-0.00076893	5.912533449000003e-07	3.3264652996000003e-06	-0.00331192	-0.0002084199999999	1.09688140864e-05	4.343889639999998e-08	-0.00192249	0.0	0.0	3.6959678001e-06	0.0	0.0	0.0	0.0	0.0	0.0	0.0	0.0	0.0	0.0	0.0	0.0	0.0	0.0	0.0	0.0	0.0	0.0	0.0	0.0	0.0	0.0	0.0	0.0	0.0	0.0	0.0	0.0	0.0	0.0	0.0	0.0	0.0	0.0	0.0	0.0	0.0	0.0	0.0	0.0	0.0	0.0	0.0	0.0	0.0	0.0	0.0	0.0	0.0	0.0	0.0	0.0	0.0	0.0	0.0	0.0	0.0	0.0	0.0	0.0	0.0	0.0	0.0	0.0	0.0	0.0	0.0	0.0	0.0	0.0	0.0	0.0	0.0	0.0	0.0	0.0	0.0	0.0
36696.49782387006	-52.35511185766518	2741.057737628633	1346632952.5373	48927.60608546542	-0.0177389569726074	0.000314670594476	2393910637.2544727	36735.14612305223	-149.67885369882424	22403.75924459403	1349470960.6819994	37812.3849071409	23283.564005365017	0.999964	36.354698	0.0793929999999999	0.0452684	-0.0074833115	0.0034293165	0.0074933871	-0.0427799405	0.0204884802	-0.0150303659	0.052685163	0.0112027394	0.0530706614	0.0008939877	0.0068032214	0.0239064417	-0.0134511956	0.0284840027	0.0226369738	-0.0425126844	-0.0106489961	-0.0203331234	0.0038676181	0.0562130786	0.0007980693	-0.0151592747	0.0291443179	-0.0134116357	0.0017186201	0.0124951271	0.0225577094	0.0162623811	-0.0553156254	0.0839637423	-0.0606111715	-0.00307929	0.0379756203	0.0277244455	0.0387444674	-0.0057342284	-0.046440649	-0.0565959827	-0.0295195201	0.0153222	0.0021082999999999	4.444928889999995e-06	0.0002347698128399	-0.065523	-0.0169377	0.00028688568129	0.0042932635289999	0.282223	-0.0213369999999999	0.079649821729	0.0004552675689999	0.00108232	-0.00074154	5.498815716000002e-07	1.1714165823999998e-06	-0.00327326	3.865999999999982e-05	1.07142310276e-05	1.4945955999999862e-09	-0.00192249	0.0	0.0	3.6959678001e-06	0.0	0.0	0.0	0.0	0.0	0.0	0.0	0.0	0.0	0.0	0.0	0.0	0.0	0.0	0.0	0.0	0.0	0.0	0.0	0.0	0.0	0.0	0.0	0.0	0.0	0.0	0.0	0.0	0.0	0.0	0.0	0.0	0.0	0.0	0.0	0.0	0.0	0.0	0.0	0.0	0.0	0.0	0.0	0.0	0.0	0.0	0.0	0.0	0.0	0.0	0.0	0.0	0.0	0.0	0.0	0.0	0.0	0.0	0.0	0.0	0.0	0.0	0.0	0.0	0.0	0.0	0.0	0.0	0.0	0.0	0.0	0.0	0.0	0.0	0.0	0.0	0.0	0.0
36692.663683448845	-3.834140421211487	14.700632769567797	1346351568.1866858	48639.06327754739	-288.5428079180274	83256.95200121964	2365758476.51726	36849.52094466753	114.37482161529624	13081.599819530837	1357887193.851491	37918.5962627924	23341.10037894137	0.929908	33.807732	0.0608407	0.0461444	-0.0057623478	0.0047923065	0.0008511721	-0.0241043791	0.0118283287	-0.0008361044	0.0255315495	0.0045139042	0.0258531204	-0.0007454746	0.0028050396	0.0255804682	-0.0069294032	0.038791447	0.0096565608	-0.0288592469	-0.0041707538	-0.0019203108	0.0080935311	0.0536071503	0.0023775775	-0.0152249789	0.0433561693	-0.0228659131	-0.0095684178	0.0119901712	-0.0018386788	0.0619526637	0.0542211198	0.0586602406	-0.0041977199	0.0004585976	0.0015451667	0.021182643	0.038519815	-0.0063355134	-0.0469737057	-0.0563445805	-0.0282105605	0.015266	-5.6199999999999306e-05	3.158439999999922e-09	0.000233050756	-0.10954	-0.044017	0.001937496289	0.0119990116	0.284261	0.0020379999999999	0.0808043161209999	4.153443999999936e-06	0.00110281	2.0490000000000175e-05	4.1984010000000724e-10	1.2161898961000002e-06	-0.00299916	0.0002741	8.994960705599999e-06	7.513081000000013e-08	-0.00192249	0.0	0.0	3.6959678001e-06	0.0	0.0	0.0	0.0	0.0	0.0	0.0	0.0	0.0	0.0	0.0	0.0	0.0	0.0	0.0	0.0	0.0	0.0	0.0	0.0	0.0	0.0	0.0	0.0	0.0	0.0	0.0	0.0	0.0	0.0	0.0	0.0	0.0	0.0	0.0	0.0	0.0	0.0	0.0	0.0	0.0	0.0	0.0	0.0	0.0	0.0	0.0	0.0	0.0	0.0	0.0	0.0	0.0	0.0	0.0	0.0	0.0	0.0	0.0	0.0	0.0	0.0	0.0	0.0	0.0	0.0	0.0	0.0	0.0	0.0	0.0	0.0	0.0	0.0	0.0	0.0	0.0	0.0
36711.32782992132	18.664146472474386	348.35036354597804	1347721591.0359557	48836.09392934501	197.03065179761325	38821.07774779232	2384964070.2758083	36795.53315196662	-53.98779270090745	2914.681760716156	1353911259.9374747	37857.62824629934	23147.57493698944	0.909846	33.078354	0.0742135	0.0353085	-0.0058004642	0.0026536078	0.0049715202	-0.0358727166	0.0104189425	-0.0153241512	0.0404404407	0.0075941189	0.0407655998	-0.0004081274	0.0053607241	0.0258766456	-0.0132050155	0.0310742387	0.0247874757	-0.033178825	-0.0076040683	-0.0137677973	0.0039703198	0.0526988934	-0.0064158651	-0.0140435161	0.0192857446	-0.0345621951	0.0033983143	-0.0062119992	0.0148547119	0.0101775541	-0.0364402652	0.0656630342	-0.0666043554	-0.0166710529	0.0411936881	0.0534898807	0.0382941066	-0.0069361036	-0.0474951725	-0.0560684638	-0.0268822669	0.0150621	-0.0002038999999999	4.1575209999999974e-08	0.00022686685641	-0.122807	-0.013267	0.000176013289	0.0150815592489999	0.295569	0.011308	0.087361033761	0.000127870864	0.000803628	-0.000299182	8.950986912400004e-08	6.45817962384e-07	-0.00263781	0.0003613499999999	6.9580415961e-06	1.305738224999999e-07	-0.00159433	0.00032816	1.0768898560000005e-07	2.5418881489e-06	0.0	0.0	0.0	0.0	0.0	0.0	0.0	0.0	0.0	0.0	0.0	0.0	0.0	0.0	0.0	0.0	0.0	0.0	0.0	0.0	0.0	0.0	0.0	0.0	0.0	0.0	0.0	0.0	0.0	0.0	0.0	0.0	0.0	0.0	0.0	0.0	0.0	0.0	0.0	0.0	0.0	0.0	0.0	0.0	0.0	0.0	0.0	0.0	0.0	0.0	0.0	0.0	0.0	0.0	0.0	0.0	0.0	0.0	0.0	0.0	0.0	0.0	0.0	0.0	0.0	0.0	0.0	0.0	0.0	0.0	0.0	0.0	0.0	0.0	0.0	0.0	0.0	0.0
36667.16517745427	-44.16265246705007	1950.3398729254432	1344481002.150715	47883.77100187908	-952.3229274659244	906918.9581772682	2292855525.360396	36879.91556377066	84.38241180403566	7120.391421865856	1360128171.990853	37883.84870157164	23277.26134122688	0.939513	34.156948	0.05549405	0.0260714	-0.0037452766	0.0054601233	-0.003043808	-0.0072892876	0.0081930111	-0.0547119295	0.0077476959	0.0001306105	0.007436379	-0.0016503386	0.0007102186	0.0253187711	-0.0023948297	0.042121891	-0.0001837132	-0.0248034659	0.0011443858	0.0088279031	0.0052788429	0.0377987849	-0.0081896235	-0.0107760801	0.0305948143	-0.0279292238	-0.0108214884	0.0099955467	0.0029943892	0.0321772827	0.0084443556	0.0913729755	0.0226116562	0.0014065909	0.000379076	0.0126406701	0.0380673484	-0.0075359332	-0.0480049204	-0.0557677536	-0.0255355494	0.0100004	-0.0050617	2.5620806890000005e-05	0.0001000080001599	-0.108522	0.014285	0.000204061225	0.0117770244839999	0.290789	-0.00478	0.084558242521	2.284840000000006e-05	0.000734181	-6.944700000000004e-05	4.822885809000006e-09	5.39021740761e-07	-0.00297695	-0.0003391399999999	8.8622313025e-06	1.1501593959999996e-07	-0.00181309	-0.00021876	4.785593760000006e-08	3.2872953481e-06	0.0	0.0	0.0	0.0	0.0	0.0	0.0	0.0	0.0	0.0	0.0	0.0	0.0	0.0	0.0	0.0	0.0	0.0	0.0	0.0	0.0	0.0	0.0	0.0	0.0	0.0	0.0	0.0	0.0	0.0	0.0	0.0	0.0	0.0	0.0	0.0	0.0	0.0	0.0	0.0	0.0	0.0	0.0	0.0	0.0	0.0	0.0	0.0	0.0	0.0	0.0	0.0	0.0	0.0	0.0	0.0	0.0	0.0	0.0	0.0	0.0	0.0	0.0	0.0	0.0	0.0	0.0	0.0	0.0	0.0	0.0	0.0	0.0	0.0	0.0	0.0	0.0	0.0
36745.60892160929	78.44374415501807	6153.420997057931	1350239775.0198522	48534.618497297095	650.8474954180128	423602.4622919002	2355609192.678173	36917.8468162884	37.93125251774472	1438.7799175649154	1362927413.5509355	37947.32319375914	23204.212138617848	0.839924	30.536283	0.0852224499999999	0.0558862	-0.0041994822	0.0045860795	0.0013115622	-0.0186527623	0.0047565494	0.00217889	0.0193252754	0.0033972591	0.0197187136	-0.0001927074	0.0004803105	0.0219070751	-0.0087796859	0.0290316455	0.0245521168	-0.0266966672	-0.0021833197	-0.0018139012	0.0005290231	0.0381354954	-0.0157733367	-0.0037111734	0.0127194506	-0.0264551366	-0.0006515404	0.0004528728	0.0058093352	0.0380514984	0.0180040588	0.0198453976	-0.056206997	-0.0197348669	0.0167412924	0.0449809683	0.0378395465	-0.0081349364	-0.0485028239	-0.0554425818	-0.0241713312	0.0111456	0.0011452	1.3114830400000016e-06	0.00012422439936	-0.0565947	0.0519272999999999	0.0026964444852899	0.0032029600680899	0.303362	0.012573	0.092028503044	0.000158080329	0.00100229	0.000268109	7.188243588100005e-08	1.0045852441000002e-06	-0.00300172	-2.4769999999999917e-05	9.010322958399998e-06	6.135528999999958e-10	-0.00171443	9.865999999999998e-05	9.733795599999996e-09	2.9392702249000004e-06	0.0	0.0	0.0	0.0	0.0	0.0	0.0	0.0	0.0	0.0	0.0	0.0	0.0	0.0	0.0	0.0	0.0	0.0	0.0	0.0	0.0	0.0	0.0	0.0	0.0	0.0	0.0	0.0	0.0	0.0	0.0	0.0	0.0	0.0	0.0	0.0	0.0	0.0	0.0	0.0	0.0	0.0	0.0	0.0	0.0	0.0	0.0	0.0	0.0	0.0	0.0	0.0	0.0	0.0	0.0	0.0	0.0	0.0	0.0	0.0	0.0	0.0	0.0	0.0	0.0	0.0	0.0	0.0	0.0	0.0	0.0	0.0	0.0	0.0	0.0	0.0	0.0	0.0
36783.07440313154	37.46548152225296	1403.6623056942778	1352994562.546311	47843.81549911138	-690.802998185718	477208.7823023772	2289030681.51301	37033.17254113026	115.32572484185948	13300.022810300285	1371455868.4611244	37989.39144439876	23352.882625595663	0.922546	33.540077	0.0954557	0.0703655	-0.0020870119	0.0074595003	-0.0044724102	0.008387434	0.0006991652	-0.0365390864	-0.0065765132	-0.0066884406	-0.0078021403	-0.0051773788	-0.0007551578	0.0230277754	-0.0012179664	0.0447265885	0.0013049653	-0.0109039179	0.0110139822	0.0125436507	-0.0013967293	0.0349703328	-0.0069574515	-0.0051711784	0.0103737639	-0.0365630059	-0.0115040943	-0.0185650356	-0.0049274699	0.0011477819	-0.0385728556	0.0924794172	0.008005712	0.0021354229	-0.0239395216	0.029222823	0.0376107072	-0.0087330475	-0.0489887601	-0.0550930911	-0.0227905472	0.0151428	0.0039971999999999	1.5977607839999996e-05	0.0002293043918399	-0.125158	-0.0685633	0.0047009261068899	0.0156645249639999	0.294638	-0.008724	0.086811551044	7.610817600000016e-05	0.000979396	-2.2894000000000083e-05	5.241352360000036e-10	9.59216524816e-07	-0.00294724	5.447999999999998e-05	8.686223617599999e-06	2.9680703999999973e-09	-0.00150838	0.00020605	4.2456602500000074e-08	2.2752102244e-06	0.0	0.0	0.0	0.0	0.0	0.0	0.0	0.0	0.0	0.0	0.0	0.0	0.0	0.0	0.0	0.0	0.0	0.0	0.0	0.0	0.0	0.0	0.0	0.0	0.0	0.0	0.0	0.0	0.0	0.0	0.0	0.0	0.0	0.0	0.0	0.0	0.0	0.0	0.0	0.0	0.0	0.0	0.0	0.0	0.0	0.0	0.0	0.0	0.0	0.0	0.0	0.0	0.0	0.0	0.0	0.0	0.0	0.0	0.0	0.0	0.0	0.0	0.0	0.0	0.0	0.0	0.0	0.0	0.0	0.0	0.0	0.0	0.0	0.0	0.0	0.0	0.0	0.0
36779.7742298102	-3.300173321338661	10.891143950875453	1352751792.3958106	47733.55335571868	-110.26214339269792	12157.740265551874	2278492115.963242	36999.881767904895	-33.29077322536614	1108.275581942755	1368991250.838941	37967.06746893275	23305.181415394298	0.7449639999999998	27.083904	0.093478717	0.0482861	-0.001934159	0.0056189804	-0.0059185399	0.0064456027	-0.0010064047	-0.0308034249	-0.0056708851	-0.0053146761	-0.0067074673	-0.0038188059	-0.001818819	0.0215422175	-0.00545665	0.0348953296	0.0205711306	-0.0126758619	0.0062096872	0.009433162	-0.0083413211	0.0329361112	-0.012645097	-0.0032275525	-0.0110135731	-0.0308707143	-0.0102167789	-0.0005123115	0.0031236339	0.0313052925	0.0489070375	0.0556980415	0.0143830413	0.0002097456	-0.0335175356	0.0342775603	0.0373808369	-0.009330201	-0.049462609	-0.0547194347	-0.0213941436	0.000506583	-0.014636217	0.000214218848071	2.56626335889e-07	-0.0853379999999999	0.03982	0.0015856324	0.0072825742439999	0.310098	0.0154599999999999	0.096160769604	0.0002390115999999	0.0008498359999999	-0.0001295600000001	1.678579360002591e-08	7.222212268958301e-07	-0.00302842	-8.118000000000014e-05	9.1713276964e-06	6.590192400000023e-09	-0.00176889	-0.00026051	6.786546010000003e-08	3.1289718321e-06	0.0	0.0	0.0	0.0	0.0	0.0	0.0	0.0	0.0	0.0	0.0	0.0	0.0	0.0	0.0	0.0	0.0	0.0	0.0	0.0	0.0	0.0	0.0	0.0	0.0	0.0	0.0	0.0	0.0	0.0	0.0	0.0	0.0	0.0	0.0	0.0	0.0	0.0	0.0	0.0	0.0	0.0	0.0	0.0	0.0	0.0	0.0	0.0	0.0	0.0	0.0	0.0	0.0	0.0	0.0	0.0	0.0	0.0	0.0	0.0	0.0	0.0	0.0	0.0	0.0	0.0	0.0	0.0	0.0	0.0	0.0	0.0	0.0	0.0	0.0	0.0	0.0	0.0
36877.26114521184	97.48691540164144	9503.6986745268	1359932389.5721512	47950.49312356524	216.93976784656115	47062.86287331985	2299249790.793077	37034.99222258768	35.11045468278462	1232.7440280318724	1371590648.92713	38017.58911207054	23387.299258494608	0.803226	29.202101	0.063073667	0.0313127	-0.0012907346	0.0075594191	-0.0038471039	0.0102541847	-0.0094809402	-0.0004432609	-0.0122531586	-0.0060189504	-0.0127095723	-0.0029925583	-0.0019343579	0.0220707172	0.0030778142	0.0396776465	-0.0029282418	-0.0087458688	0.0100674189	0.0217257185	0.0015510379	0.0079163935	-0.0052426029	0.0099438837	0.024733622	-0.0215163361	-0.0189677431	-0.0193071529	-0.0239941129	0.0089904069	0.012716597	0.0119195195	-0.0206887934	-0.0246806299	0.0116351248	0.051709667	0.0371499417	-0.0099263312	-0.0499242538	-0.0543217765	-0.0199830776	0.0151862	0.014679617	0.0002154911552666	0.00023062067044	-0.095704	-0.010366	0.000107453956	0.0091592556159999	0.319019	0.008921	0.101773122361	7.958424100000022e-05	0.000512685	-0.0003371509999999	1.1367079680093257e-07	2.6284590922500005e-07	-0.00302065	7.769999999999826e-06	9.1243264225e-06	6.037289999999729e-11	-0.00153167	0.00023722	5.62733284e-08	2.3460129889e-06	0.0	0.0	0.0	0.0	0.0	0.0	0.0	0.0	0.0	0.0	0.0	0.0	0.0	0.0	0.0	0.0	0.0	0.0	0.0	0.0	0.0	0.0	0.0	0.0	0.0	0.0	0.0	0.0	0.0	0.0	0.0	0.0	0.0	0.0	0.0	0.0	0.0	0.0	0.0	0.0	0.0	0.0	0.0	0.0	0.0	0.0	0.0	0.0	0.0	0.0	0.0	0.0	0.0	0.0	0.0	0.0	0.0	0.0	0.0	0.0	0.0	0.0	0.0	0.0	0.0	0.0	0.0	0.0	0.0	0.0	0.0	0.0	0.0	0.0	0.0	0.0	0.0	0.0
37079.308201121225	202.04705590938104	40823.01280164854	1374875096.6737356	48596.19313837567	645.7000148104271	416928.5091261858	2361589987.54231	37226.675998472216	191.68377588453583	36742.66993735297	1385825405.8952274	38237.92631784539	23454.789704424384	0.912027	33.157665	0.271818	0.155337	-0.0027864841	0.0052098053	0.0032523115	-0.0055823261	0.0060073766	-0.0155417534	-0.0025740768	-0.0062571312	-0.002681189	-0.0054723067	0.000121379	0.0151903191	8.5586e-06	0.0054826639	0.0232885453	-0.0173193657	0.0044673196	-0.0145913276	-0.0015735421	-0.0388457097	0.0069497068	0.031331141	-0.0156367718	-0.0383361775	-0.0184179032	0.0295745331	0.0047532357	-0.0512236542	-0.0403388032	0.0239794926	0.0347610914	-0.0431858653	-0.0041461923	0.0162974679	0.036918028	-0.010521373	-0.0503735805	-0.0539002911	-0.0185583162	0.0308622	0.015676	0.000245736976	0.00095247538884	-0.0418707	0.0538333	0.00289802418889	0.0017531555184899	0.455667	0.136648	0.207632414889	0.0186726759039999	0.000101941	-0.000410744	1.68710633536e-07	1.0391967481e-08	-0.00251975	0.0005009	6.349140062499999e-06	2.509008100000003e-07	-0.0011301	0.0004015699999999	1.6125846489999997e-07	1.27712601e-06	0.0	0.0	0.0	0.0	0.0	0.0	0.0	0.0	0.0	0.0	0.0	0.0	0.0	0.0	0.0	0.0	0.0	0.0	0.0	0.0	0.0	0.0	0.0	0.0	0.0	0.0	0.0	0.0	0.0	0.0	0.0	0.0	0.0	0.0	0.0	0.0	0.0	0.0	0.0	0.0	0.0	0.0	0.0	0.0	0.0	0.0	0.0	0.0	0.0	0.0	0.0	0.0	0.0	0.0	0.0	0.0	0.0	0.0	0.0	0.0	0.0	0.0	0.0	0.0	0.0	0.0	0.0	0.0	0.0	0.0	0.0	0.0	0.0	0.0	0.0	0.0	0.0	0.0
36973.71035293468	-105.59784818654587	11150.905541628792	1367055257.2627091	48747.601717546655	151.40857917098765	22924.557846577238	2376328673.212558	37016.76762098019	-209.9083774920291	44061.52694133619	1370241085.105647	38075.429269234286	23544.29732411069	0.897549	32.631306	0.10354705	0.046516	-0.0040093648	0.004530485	0.0063492279	-0.0223435688	0.0064231661	-0.0064793451	0.0230671949	0.003449976	0.0235898588	-0.0006541764	0.0022793319	0.0073513383	0.0065599869	0.0032994265	-0.0050373263	-0.0247172547	-0.0054657871	-0.0216519298	0.0192016834	-0.0117466737	0.0302486886	0.0117694922	0.0278003361	-0.0313527671	-0.015711498	0.0563459909	0.020251285	0.0346309588	-0.0032952088	0.0051581131	0.0463510432	-0.004106327	-0.027425775	-0.0127935021	0.0366851022	-0.0111152609	-0.0508104782	-0.0534551631	-0.0171208358	0.0406661	0.0098038999999999	9.611645520999994e-05	0.0016537316892099	-0.0709294	-0.0290587	0.00084440804569	0.00503097978436	0.47351	0.0178429999999999	0.2242117200999999	0.0003183726489999	0.00072051	0.000618569	3.82627607761e-07	5.191346601000001e-07	-0.00251975	0.0	6.349140062499999e-06	0.0	-0.00144836	-0.00031826	1.0128942760000009e-07	2.0977466896e-06	0.0	0.0	0.0	0.0	0.0	0.0	0.0	0.0	0.0	0.0	0.0	0.0	0.0	0.0	0.0	0.0	0.0	0.0	0.0	0.0	0.0	0.0	0.0	0.0	0.0	0.0	0.0	0.0	0.0	0.0	0.0	0.0	0.0	0.0	0.0	0.0	0.0	0.0	0.0	0.0	0.0	0.0	0.0	0.0	0.0	0.0	0.0	0.0	0.0	0.0	0.0	0.0	0.0	0.0	0.0	0.0	0.0	0.0	0.0	0.0	0.0	0.0	0.0	0.0	0.0	0.0	0.0	0.0	0.0	0.0	0.0	0.0	0.0	0.0	0.0	0.0	0.0	0.0
36936.152680036124	-37.5576728985543	1410.5787935548003	1364279374.8029397	48172.323966509925	-575.2777510367305	330944.49083787843	2320572796.3343863	37092.3304849814	75.56286400121462	5709.746416066057	1375840980.8070805	38070.076598135965	23333.27085494468	0.95429	34.694183	0.1832236	0.0990862	-0.0020235973	0.0054751489	0.0013063065	0.0010811057	-0.0018309023	0.0267559343	-0.0030175038	-0.0028318817	-0.0031558289	-0.0014009828	-0.001111603	0.009036532	0.0048964061	0.0041401141	0.01272359	-0.0112426804	0.0143053857	0.0030758149	-0.0017992793	-0.0084873639	0.0051205626	0.0253922881	-0.0241405479	0.0089609254	-0.0149073473	0.0143367564	0.0152162247	0.0360633103	0.0201120823	-0.0391094101	-0.0221267209	-0.0128365814	0.0044170581	0.009648456	0.0364511706	-0.01170793	-0.0512348393	-0.052986588	-0.0156716217	0.041063	0.0003969	1.5752961000000444e-07	0.001686169969	-0.0241592	0.0467702	0.00218745160804	0.00058366694464	0.423196	-0.0503139999999999	0.179094854416	0.0025314985959999	0.00183587	0.00111536	1.2440279296000003e-06	3.3704186569000003e-06	-0.0029211	-0.0004013499999999	8.532825209999999e-06	1.610818225e-07	-0.0016465	-0.0001981399999999	3.925945959999994e-08	2.71096225e-06	0.0	0.0	0.0	0.0	0.0	0.0	0.0	0.0	0.0	0.0	0.0	0.0	0.0	0.0	0.0	0.0	0.0	0.0	0.0	0.0	0.0	0.0	0.0	0.0	0.0	0.0	0.0	0.0	0.0	0.0	0.0	0.0	0.0	0.0	0.0	0.0	0.0	0.0	0.0	0.0	0.0	0.0	0.0	0.0	0.0	0.0	0.0	0.0	0.0	0.0	0.0	0.0	0.0	0.0	0.0	0.0	0.0	0.0	0.0	0.0	0.0	0.0	0.0	0.0	0.0	0.0	0.0	0.0	0.0	0.0	0.0	0.0	0.0	0.0	0.0	0.0	0.0	0.0
36968.64998813083	32.49730809470202	1056.0750334019856	1366681081.9449253	48139.80120010737	-32.5227664025515	1057.7303344749323	2317440459.58586	37019.96529506865	-72.3651899127508	5236.720711108489	1370477830.4480872	38010.06147615131	23427.167747571424	0.820273	29.821831	0.1565755	0.0761084999999999	-0.0012436611	0.0037326337	-0.0032038069	4.88402e-05	-0.0007945736	-0.0093503782	-0.0095034979	-0.0054671393	-0.0091296846	-0.0032950228	-0.0017708558	0.0126274205	0.0080596714	0.0177676258	-0.0057032841	-0.0203462703	0.0084132253	0.0195617798	0.0043918874	-0.0202404619	-0.001110559	0.0275880415	0.0160443897	0.0230274908	-0.0270690361	0.0154070151	0.007018596	-0.0261463453	-0.0529444432	0.0243692974	0.015340028	-0.0065220418	-0.0051353179	-0.016624464	0.0362162398	-0.0122993151	-0.0516465589	-0.0524947712	-0.014211667	0.0423835	0.0013204999999999	1.7437202499999876e-06	0.0017963610722499	0.0216547	0.0458139	0.00209891343321	0.0004689260320899	0.380594	-0.042602	0.144851792836	0.001814930404	0.000807258	-0.001028612	1.058042646544e-06	6.51665478564e-07	-0.00304833	-0.00012723	9.2923157889e-06	1.618747290000008e-08	-0.00146556	0.0001809399999999	3.2739283599999964e-08	2.1478661136e-06	0.0	0.0	0.0	0.0	0.0	0.0	0.0	0.0	0.0	0.0	0.0	0.0	0.0	0.0	0.0	0.0	0.0	0.0	0.0	0.0	0.0	0.0	0.0	0.0	0.0	0.0	0.0	0.0	0.0	0.0	0.0	0.0	0.0	0.0	0.0	0.0	0.0	0.0	0.0	0.0	0.0	0.0	0.0	0.0	0.0	0.0	0.0	0.0	0.0	0.0	0.0	0.0	0.0	0.0	0.0	0.0	0.0	0.0	0.0	0.0	0.0	0.0	0.0	0.0	0.0	0.0	0.0	0.0	0.0	0.0	0.0	0.0	0.0	0.0	0.0	0.0	0.0	0.0
37013.647677872905	44.99768974207837	2024.7920821243445	1370010114.4217062	48505.10419019365	365.3029900862748	133446.274565973	2352745132.501541	37116.9274009081	96.96210583944776	9401.64996882027	1377666299.6842823	38136.862404513886	23676.84402453157	0.8324059999999999	30.262959	0.1590632499999999	0.0885384	-0.0016373088	0.0059265564	0.003406694	-0.0058279408	-0.0019069633	0.0157149774	0.0101319286	0.000413156	0.0098772806	-0.0011494484	0.0015237944	0.011188022	-0.0050191921	0.0042491348	0.0281393951	-0.0213025255	-0.0079754762	-0.0094693841	0.0010802156	-0.0155077638	0.0193998445	0.0201163672	-0.0192369009	-0.0085306043	-0.0159084211	0.0373473973	0.0112130675	-0.0022826433	0.0269011982	0.0107056485	0.0359444158	-0.013752324	-0.0139100433	0.0130750124	0.035980316	-0.0128893515	-0.0520455355	-0.0519799285	-0.0127419724	0.0423881	4.600000000000437e-06	2.1160000000004017e-11	0.0017967510216099	-0.0439433	-0.0655979999999999	0.0043030976039999	0.00193101361489	0.425409	0.0448149999999999	0.1809728172809999	0.0020083842249999	0.000348025	-0.000459233	2.1089494828900005e-07	1.21121400625e-07	-0.00292843	0.0001199	8.5757022649e-06	1.437601000000001e-08	-0.00185934	-0.0003937799999999	1.550626883999999e-07	3.4571452356e-06	0.0	0.0	0.0	0.0	0.0	0.0	0.0	0.0	0.0	0.0	0.0	0.0	0.0	0.0	0.0	0.0	0.0	0.0	0.0	0.0	0.0	0.0	0.0	0.0	0.0	0.0	0.0	0.0	0.0	0.0	0.0	0.0	0.0	0.0	0.0	0.0	0.0	0.0	0.0	0.0	0.0	0.0	0.0	0.0	0.0	0.0	0.0	0.0	0.0	0.0	0.0	0.0	0.0	0.0	0.0	0.0	0.0	0.0	0.0	0.0	0.0	0.0	0.0	0.0	0.0	0.0	0.0	0.0	0.0	0.0	0.0	0.0	0.0	0.0	0.0	0.0	0.0	0.0
37045.929118129694	32.28144025678921	1042.091385052651	1372400864.2254896	49044.46551369039	539.3613234967415	290910.6372841567	2405359597.523566	37018.27330304186	-98.65409786623786	9732.631025801238	1370352558.3387015	38096.81631122076	23345.867041623445	0.8780059999999998	31.920788	0.08821355	0.0459388	-0.0023712786	0.002883633	0.0076743137	-0.0286999513	0.0045229158	0.0474213542	0.0233929737	0.0044486161	0.0252103717	0.0002522299	0.0026731573	0.0098846712	0.0054643232	0.0106690018	-0.0059965112	-0.0235854805	-0.0253676841	-0.009955607	0.0219910361	-0.0110945709	0.0280789545	0.0109445071	0.0564263792	0.003706673	0.0020862983	0.0235169283	-0.0035005704	0.0077381696	-0.0159758444	-0.0254488404	-0.0416385833	-0.0237127232	0.0163114598	0.0111639216	0.0357434058	-0.0134779744	-0.0524316706	-0.0514422857	-0.011263545	0.0389781	-0.0034099999999999	1.1628099999999976e-05	0.00151929227961	-0.080987	-0.0370437	0.00137223570969	0.006558894169	0.431244	0.005835	0.185971387536	3.40472250000004e-05	0.000471432	0.0001234069999999	1.5229287648999992e-08	2.2224813062400003e-07	-0.00251975	0.00040868	6.349140062499999e-06	1.670193424000002e-07	-0.00216575	-0.00030641	9.388708810000015e-08	4.6904730625e-06	0.0	0.0	0.0	0.0	0.0	0.0	0.0	0.0	0.0	0.0	0.0	0.0	0.0	0.0	0.0	0.0	0.0	0.0	0.0	0.0	0.0	0.0	0.0	0.0	0.0	0.0	0.0	0.0	0.0	0.0	0.0	0.0	0.0	0.0	0.0	0.0	0.0	0.0	0.0	0.0	0.0	0.0	0.0	0.0	0.0	0.0	0.0	0.0	0.0	0.0	0.0	0.0	0.0	0.0	0.0	0.0	0.0	0.0	0.0	0.0	0.0	0.0	0.0	0.0	0.0	0.0	0.0	0.0	0.0	0.0	0.0	0.0	0.0	0.0	0.0	0.0	0.0	0.0
37003.57311082246	-42.35600730723672	1794.0313550106907	1369264422.9679828	48524.837932279326	-519.6275814110631	270012.82336311106	2354659896.3539743	37091.07391983509	72.80061679323262	5299.929805475103	1375747764.526671	38098.39419659174	23726.07161255727	1.003745	36.492153	0.13775412	0.0954255	-0.0007107394	0.0085831166	0.0071471656	-0.0063128497	0.0077697638	0.0015009259	0.0086888403	-0.0017761447	0.0081504813	-0.0036200959	0.0011095604	0.0077048521	-0.0018280598	0.0014921607	0.0244126731	-0.0136048726	-0.0064254509	-0.001726318	-0.012700392	-0.0163288219	-0.0026457138	0.0222776388	-0.062499309	0.030116037	0.0128068098	0.0180927494	0.0060399886	-0.0106934138	-0.0427662232	0.0115754756	0.0079989747	-0.0056342135	0.0022390621	-0.0221011391	0.0355055157	-0.0140651193	-0.052804869	-0.0508820785	-0.0097773982	0.0375169	-0.0014612	2.135105440000008e-06	0.0014075177856099	0.0072320199999999	0.0882190199999999	0.0077825954897603	5.230211328039855e-05	0.425525	-0.005719	0.1810715256249999	3.2706961000000336e-05	0.00100637	0.000534938	2.86158663844e-07	1.0127805768999995e-06	-0.00230191	0.0002178399999999	5.2987896481e-06	4.745426559999998e-08	-0.00207143	9.432000000000015e-05	8.896262400000031e-09	4.2908222449e-06	0.0	0.0	0.0	0.0	0.0	0.0	0.0	0.0	0.0	0.0	0.0	0.0	0.0	0.0	0.0	0.0	0.0	0.0	0.0	0.0	0.0	0.0	0.0	0.0	0.0	0.0	0.0	0.0	0.0	0.0	0.0	0.0	0.0	0.0	0.0	0.0	0.0	0.0	0.0	0.0	0.0	0.0	0.0	0.0	0.0	0.0	0.0	0.0	0.0	0.0	0.0	0.0	0.0	0.0	0.0	0.0	0.0	0.0	0.0	0.0	0.0	0.0	0.0	0.0	0.0	0.0	0.0	0.0	0.0	0.0	0.0	0.0	0.0	0.0	0.0	0.0	0.0	0.0
37046.92553478048	43.35242395802197	1879.4326630360772	1372474691.5795698	48497.97529551429	-26.86263676503586	721.6012539702562	2352053607.7643147	37135.61708839739	44.54316856229707	1984.09386556921	1379054056.5360725	38161.19194558662	23618.628900847165	1.097222	39.890614	0.22855608	0.109153	0.0013824545	0.0057495624	-0.0029435332	0.0073839895	-0.0105429108	0.056245942	-0.0223924118	-0.0116733946	-0.0225746095	-0.0062115817	-0.0031715554	0.0143240032	0.0082583666	0.0327662283	-0.0182776891	0.0078585204	-0.0159403281	0.022041042	0.0129148329	-0.0002758197	0.0134349476	0.0138383404	0.0627154603	0.0074633149	0.0284608444	0.00040756	-0.0451504574	0.0304638473	0.0748102455	-0.0008593595	0.0017275134	-0.0143496015	-0.0255271384	-0.0148890441	0.0352666522	-0.0146507218	-0.0531650386	-0.0502995528	-0.0082845504	0.00387949	-0.03363741	0.0011314753515081	1.5050442660100002e-05	-0.0729428	-0.0801748199999999	0.0064280017620323	0.00532065207184	0.373535	-0.0519899999999999	0.139528396225	0.0027029600999999	0.000624223	-0.0003821469999999	1.460363296089999e-07	3.8965435372900003e-07	-0.00196523	0.0003366799999999	3.8621289529e-06	1.1335342239999989e-07	-0.00260768	-0.0005362499999999	2.875640624999998e-07	6.799994982399999e-06	0.0	0.0	0.0	0.0	0.0	0.0	0.0	0.0	0.0	0.0	0.0	0.0	0.0	0.0	0.0	0.0	0.0	0.0	0.0	0.0	0.0	0.0	0.0	0.0	0.0	0.0	0.0	0.0	0.0	0.0	0.0	0.0	0.0	0.0	0.0	0.0	0.0	0.0	0.0	0.0	0.0	0.0	0.0	0.0	0.0	0.0	0.0	0.0	0.0	0.0	0.0	0.0	0.0	0.0	0.0	0.0	0.0	0.0	0.0	0.0	0.0	0.0	0.0	0.0	0.0	0.0	0.0	0.0	0.0	0.0	0.0	0.0	0.0	0.0	0.0	0.0	0.0	0.0
36995.24168958629	-51.6838451941876	2671.2198540567483	1368647907.6709037	48529.08351923504	31.108223720751997	967.721583060357	2355071947.2168903	37052.5363714623	-83.08071693508828	6902.405526448264	1372890451.5585368	38055.06722998904	23605.279279653463	1.347517	48.990345	0.1546576199999999	0.0932089	-0.0004839441	0.0056988108	0.0094282214	-0.0124168945	0.0093008325	0.0066091022	0.0238543706	0.0001890095	0.0224406725	-0.0047321448	0.0130853335	0.0121816781	-0.0388738069	-0.0135492063	0.0727554919	-2.72466e-05	-0.0184796472	-0.0192885155	-0.0199384998	-0.0103297213	4.47077e-05	0.0226491423	-0.1539231976	-0.0087351867	0.0470473448	0.0078010509	-0.0176187938	-0.0353681555	-0.0353030945	-8.25519e-05	-0.0260979364	-0.0663736549	0.0719249748	0.033458409	0.0350268219	-0.0152347176	-0.0535120905	-0.0496949641	-0.0067860248	0.0080763099999999	0.0041968199999999	1.7613298112399165e-05	6.52267832160984e-05	-0.0927155	-0.0197727	0.00039095966529	0.00859616394025	0.450955	0.0774199999999999	0.203360412025	0.0059938563999999	4.7431e-05	-0.000576792	3.32689011264e-07	2.249699761e-09	-0.00198331	-1.8079999999999746e-05	3.9335185561e-06	3.268863999999908e-10	-0.00213719	0.0004704899999999	2.2136084009999965e-07	4.567581096100001e-06	0.0	0.0	0.0	0.0	0.0	0.0	0.0	0.0	0.0	0.0	0.0	0.0	0.0	0.0	0.0	0.0	0.0	0.0	0.0	0.0	0.0	0.0	0.0	0.0	0.0	0.0	0.0	0.0	0.0	0.0	0.0	0.0	0.0	0.0	0.0	0.0	0.0	0.0	0.0	0.0	0.0	0.0	0.0	0.0	0.0	0.0	0.0	0.0	0.0	0.0	0.0	0.0	0.0	0.0	0.0	0.0	0.0	0.0	0.0	0.0	0.0	0.0	0.0	0.0	0.0	0.0	0.0	0.0	0.0	0.0	0.0	0.0	0.0	0.0	0.0	0.0	0.0	0.0
36469.821751386975	-525.4199381993167	276066.1114573738	1330047898.5779386	46169.499598498594	-2359.583920736448	5567636.278997988	2131622693.175762	37393.05732737932	340.520955917018	115954.52141863972	1398240736.2886765	38124.90269759686	23803.2648181203	3.415735	124.182472	0.23103914	0.114439	0.0055115731	0.0083775721	-0.0174663649	0.0923560806	-0.0082072412	-0.0044488009	-0.1711362397	-0.0531283489	-0.1683947101	-0.0193733707	0.0693165499	0.0015067039	-0.1182756543	0.0139342681	-0.1147446507	0.111806261	0.1165191107	0.1720556374	0.0885928496	-0.067671239	-0.0347189918	0.067596653	-0.3153938938	0.1141095836	0.0940065711	0.1626300191	-0.0711084654	0.1549068888	-0.0245585994	-0.0536843895	0.1020757886	-0.1121822412	0.306448879	-0.2779425877	0.0347860312	-0.0158170429	-0.0538459391	-0.0490685775	-0.0052828484	0.0429094	0.0348330900000001	0.0012133441589481	0.00184121660836	-0.0181509	0.0745646	0.00555987957316	0.00032945517081	0.43892	-0.012035	0.1926507663999999	0.000144841225	0.00120321	0.001155779	1.335825096841e-06	1.4477143040999998e-06	-0.00251975	-0.00053644	6.349140062499999e-06	2.877678736e-07	-0.00163728	0.00049991	2.499100081000001e-07	2.6806857984000003e-06	0.0	0.0	0.0	0.0	0.0	0.0	0.0	0.0	0.0	0.0	0.0	0.0	0.0	0.0	0.0	0.0	0.0	0.0	0.0	0.0	0.0	0.0	0.0	0.0	0.0	0.0	0.0	0.0	0.0	1.0	0.0	0.0	0.0	0.0	0.0	0.0	0.0	0.0	0.0	0.0	0.0	0.0	0.0	0.0	0.0	0.0	0.0	0.0	0.0	0.0	0.0	0.0	0.0	0.0	0.0	0.0	0.0	0.0	0.0	0.0	0.0	0.0	0.0	0.0	0.0	0.0	0.0	0.0	0.0	0.0	0.0	0.0	0.0	0.0	0.0	0.0	0.0	0.0
36972.51566981522	502.6939184282455	252701.1756247436	1366966914.954732	48981.55572885812	2812.056130359524	7907659.680292581	2399192801.6192336	36895.761383408186	-497.295943971134	247303.2558901412	1361297208.0613947	37972.43698190789	23066.512078038555	3.905257	141.979553	0.1046429399999999	0.0635737	-0.0011533572	-0.0018216187	0.0026323503	-0.0266302045	0.0052445326	0.047889964	0.0264222475	0.0048044964	0.0274776217	0.0005915536	0.0121309361	0.0058686611	-0.0203164331	0.0043782624	-0.026332471	-0.0279746551	-0.0510902047	-0.0088377088	0.0479107704	0.027318851	0.0040340222	-0.0056890384	0.0953489277	0.020003479	0.0174608263	-0.0113983112	-0.0409536816	0.0139298184	0.0096446434	-0.0075625522	-0.013641592	-0.0251769002	-0.0265015234	-0.0566379657	0.0345442869	-0.0163976336	-0.054166502	-0.0484206678	-0.0037760514	0.0151198	-0.0277896	0.00077226186816	0.0002286083520399	-0.00886771	0.00928319	8.617761657610003e-05	7.863628064409998e-05	0.44125	0.0023299999999999	0.1947015624999999	5.428899999999994e-06	0.000866827	-0.0003363829999999	1.1315352268899993e-07	7.51389047929e-07	-0.00251975	0.0	6.349140062499999e-06	0.0	-0.0026057	-0.0009684199999999	9.378372963999996e-07	6.78967249e-06	0.0	0.0	0.0	0.0	0.0	0.0	0.0	0.0	0.0	0.0	0.0	0.0	0.0	0.0	0.0	0.0	0.0	0.0	0.0	0.0	0.0	0.0	0.0	0.0	0.0	0.0	0.0	0.0	0.0	0.0	1.0	0.0	0.0	0.0	0.0	0.0	0.0	0.0	0.0	0.0	0.0	0.0	0.0	0.0	0.0	0.0	0.0	0.0	0.0	0.0	0.0	0.0	0.0	0.0	0.0	0.0	0.0	0.0	0.0	0.0	0.0	0.0	0.0	0.0	0.0	0.0	0.0	0.0	0.0	0.0	0.0	0.0	0.0	0.0	0.0	0.0	0.0	0.0
36996.1569909616	23.641321146380506	558.9120655462981	1368715632.0998769	48181.17695567054	-800.3787731875782	640606.1805692527	2321425812.8336377	37041.57309514065	145.81171173246548	21261.05527835161	1372078137.3626478	38029.407991593565	23570.859109248035	1.35556	49.282749	0.1467980899999999	0.0633475	0.0005231008	0.0051791358	0.009796192	0.0051713426	0.0015950429	-0.0025521026	0.0098644488	-0.0011708854	0.0075298578	-0.0032036452	0.0010255807	0.0098407746	-0.0012156413	0.0115945683	0.0228542999	-0.0108475662	-0.0355987434	0.0018259227	0.0025659032	-0.0017596792	-0.0035052251	0.011705252	-0.0406514471	0.0048339999	0.032695198	-0.0067135794	-0.0162575537	-0.0187228723	-0.0262879743	0.0155863093	0.0071967239	-0.0039735884	-0.0035909084	0.0089104802	0.0343015956	-0.0169764261	-0.0544737002	-0.0477515192	-0.0022666665	0.00355135	-0.01156845	0.0001338290354025	1.26120868225e-05	-0.0365476	-0.02767989	0.000766176310412	0.00133572706576	0.403117	-0.0381329999999999	0.162503315689	0.0014541256889999	0.000143172	-0.000723655	5.23676559025e-07	2.0498221584e-08	-0.00213234	0.0003874099999999	4.5468738756e-06	1.5008650809999994e-07	-0.00232843	0.00027727	7.687865290000001e-08	5.421586264899999e-06	0.0	0.0	0.0	0.0	0.0	0.0	0.0	0.0	0.0	0.0	0.0	0.0	0.0	0.0	0.0	0.0	0.0	0.0	0.0	0.0	0.0	0.0	0.0	0.0	0.0	0.0	0.0	0.0	0.0	0.0	0.0	0.0	0.0	0.0	0.0	0.0	0.0	0.0	0.0	0.0	0.0	0.0	0.0	0.0	0.0	0.0	0.0	0.0	0.0	0.0	0.0	0.0	0.0	0.0	0.0	0.0	0.0	0.0	0.0	0.0	0.0	0.0	0.0	0.0	0.0	0.0	0.0	0.0	0.0	0.0	0.0	0.0	0.0	0.0	0.0	0.0	0.0	0.0
36967.74501017896	-28.411980782642782	807.240651993263	1366614171.1376112	50854.89063136386	2673.713675693318	7148744.819589472	2586219901.1279798	36560.85278199783	-480.72031314281776	231092.0194681288	1336695956.1469188	37823.13006716009	22918.084817255847	2.371774	86.228226	0.12730645	0.0950481	-0.0046630009	-0.0093304402	0.0177826727	-0.0973976435	0.0292491064	0.0610701135	0.0987228056	0.0269194475	0.1029034272	0.007945456	0.0321078081	0.0144945872	-0.0592046845	-0.015066366	0.0772593743	-0.0541598674	-0.0823512227	-0.061468706	-0.0020551895	0.0103197591	0.0061180766	-0.0018852283	0.064359707	-0.0330358294	0.0285521987	0.0748734739	0.0102098475	-0.0172740762	0.0403087852	0.0015203066	0.0025268343	-0.0049954855	0.0373918697	-0.0282202694	0.0340579638	-0.017553357	-0.0547674578	-0.0470614252	-0.0007557282	0.0148477	0.01129635	0.0001276075233225	0.00022045419529	-0.0372966	-0.0007489999999999	5.610009999999995e-07	0.00139103637156	0.41663	0.0135129999999999	0.1735805569	0.0001826011689999	-0.00162443	-0.001767602	3.1244168304040004e-06	2.6387728249e-06	-0.0019969	0.00013544	3.987609609999999e-06	1.8343993600000036e-08	-0.00219651	0.0001319199999999	1.740288639999994e-08	4.8246561801e-06	0.0	0.0	0.0	0.0	0.0	0.0	0.0	0.0	0.0	0.0	0.0	0.0	0.0	0.0	0.0	0.0	0.0	0.0	0.0	0.0	0.0	0.0	0.0	0.0	0.0	0.0	0.0	0.0	0.0	0.0	0.0	1.0	0.0	0.0	0.0	0.0	0.0	0.0	0.0	0.0	0.0	0.0	0.0	0.0	0.0	0.0	0.0	0.0	0.0	0.0	0.0	0.0	0.0	0.0	0.0	0.0	0.0	0.0	0.0	0.0	0.0	0.0	0.0	0.0	0.0	0.0	0.0	0.0	0.0	0.0	0.0	0.0	0.0	0.0	0.0	0.0	0.0	0.0
36833.96782893279	-133.77718124616513	17896.334222169316	1356741186.022856	51499.83172752055	644.94109615669	415949.0175117929	2652232667.962932	36642.735547624965	81.88276562713145	6704.787306747739	1342690068.4131782	37936.48684141996	23296.52192284886	2.114509	76.87509199999998	0.1273878	0.0591711	-0.0090057351	-0.002549148	0.0628534104	-0.1520297313	0.0710579645	0.0232766459	0.2073484151	0.0330097496	0.2057345223	-0.0077047508	0.0734537005	0.0133594364	-0.0881553509	-0.0097146564	-0.0064668657	-0.0828442012	-0.1251708662	-0.0674577683	0.0586489446	0.0827374113	0.011488698	-0.0377686011	0.0241785575	-0.0249124504	0.0682909428	0.0549443348	-0.0003438469	0.0090341863	-0.0975156901	-0.0644711734	-0.0701514004	0.0343657857	0.0913657417	-0.015216384	0.0338133983	-0.0181283629	-0.0550477023	-0.0463506885	0.0007557282	0.0417098	0.0268621	0.00072157241641	0.0017397074160399	-0.0794037999999999	-0.0421071999999999	0.0017730162918399	0.0063049634544399	0.388756	-0.027874	0.151131227536	0.000776959876	-0.00141661	0.00020782	4.3189152400000026e-08	2.0067838921e-06	-0.00174607	0.0002508299999999	3.0487604449e-06	6.291568889999994e-08	-0.00234875	-0.00015224	2.3177017600000032e-08	5.5166265625e-06	0.0	0.0	0.0	0.0	0.0	0.0	0.0	0.0	0.0	0.0	0.0	0.0	0.0	0.0	0.0	0.0	0.0	0.0	0.0	0.0	0.0	0.0	0.0	0.0	0.0	0.0	0.0	0.0	0.0	0.0	0.0	0.0	1.0	0.0	0.0	0.0	0.0	0.0	0.0	0.0	0.0	0.0	0.0	0.0	0.0	0.0	0.0	0.0	0.0	0.0	0.0	0.0	0.0	0.0	0.0	0.0	0.0	0.0	0.0	0.0	0.0	0.0	0.0	0.0	0.0	0.0	0.0	0.0	0.0	0.0	0.0	0.0	0.0	0.0	0.0	0.0	0.0	0.0
37002.83571951265	168.8678905798588	28516.364468891163	1369209851.2852414	48417.905327241	-3081.926400279546	9498270.33674004	2344293556.277673	36880.48424188109	237.7486942561227	56524.44162049131	1360170117.9156392	37906.80408031798	23399.50092388485	3.032065	110.233757	0.18420308	0.10245	0.0004511671	0.0028403431	0.0100593673	-0.0129707691	0.0078063332	-0.0018850659	0.0191265414	0.0043168029	0.0190553814	0.0008522145	0.0089583745	0.0098233119	0.0002768437	0.0233615353	-0.0308481306	-0.0314828788	-0.052259569	0.0022883817	0.018594973	0.0057337114	0.0054949032	0.0111449421	0.0273746752	0.0277543609	0.0168903948	0.0254775325	-0.0222959331	-0.0220248577	-0.0442495611	0.0316569365	0.038685705	0.006407527	0.008679404	-0.0416670037	0.0335679058	-0.0187013809	-0.0553143646	-0.0456196209	0.0022666665	0.0147761	-0.0269336999999999	0.0007254241956899	0.00021833313121	-0.00401642	0.0753873799999998	0.0056832570632643	1.6131629616399997e-05	0.376834	-0.0119219999999999	0.142003863556	0.0001421340839999	-0.00033968	0.00107693	1.1597782249e-06	1.153825024e-07	-0.00197418	-0.0002281099999999	3.8973866724e-06	5.203417209999995e-08	-0.00225459	9.416000000000024e-05	8.866105600000047e-09	5.0831760681e-06	0.0	0.0	0.0	0.0	0.0	0.0	0.0	0.0	0.0	0.0	0.0	0.0	0.0	0.0	0.0	0.0	0.0	0.0	0.0	0.0	0.0	0.0	0.0	0.0	0.0	0.0	0.0	0.0	0.0	0.0	0.0	0.0	0.0	1.0	0.0	0.0	0.0	0.0	0.0	0.0	0.0	0.0	0.0	0.0	0.0	0.0	0.0	0.0	0.0	0.0	0.0	0.0	0.0	0.0	0.0	0.0	0.0	0.0	0.0	0.0	0.0	0.0	0.0	0.0	0.0	0.0	0.0	0.0	0.0	0.0	0.0	0.0	0.0	0.0	0.0	0.0	0.0	0.0
37173.928457354	171.09273784134712	29272.72494204793	1381900956.9524734	49503.264997871	1085.3596706300011	1178005.614630065	2450573245.4494405	37012.95808039847	132.47383851738414	17549.31789152997	1369959065.8613346	38101.94916986477	23575.673495512947	1.001487	36.410046	0.13634158	0.0723824	0.0002345333	0.0030509767	0.014871004	-0.0388726049	0.0097784032	0.0732663241	0.0485022077	0.0105857342	0.048796486	0.0015077756	0.0101076896	0.0117621837	-0.0273505591	0.0035443895	0.0350245676	-0.0353322359	-0.0760390983	-0.013467039	0.028135622	0.0127984322	0.0101934807	0.0027836138	0.0027294073	0.0005501349	0.0120470379	-0.0030947441	-0.0078593022	-0.0022023255	0.0716979107	-0.0386445981	-0.0004158284	-0.0010631727	-0.0193962934	0.0279811873	0.0333214931	-0.019272348	-0.055567379	-0.044868543	0.0037760514	0.0149404	0.0001642999999999	2.699448999999973e-08	0.0002232155521599	-0.0565829	-0.05256648	0.0027632348195903	0.0032016245724099	0.372513	-0.004321	0.138765935169	1.867104100000017e-05	-0.000935036	-0.000595356	3.544487667360001e-07	8.742923212959999e-07	-0.00246567	-0.00049149	6.0795285489e-06	2.415624201000002e-07	-0.00175564	0.00049895	2.489511025e-07	3.0822718096e-06	0.0	0.0	0.0	0.0	0.0	0.0	0.0	0.0	0.0	0.0	0.0	0.0	0.0	0.0	0.0	0.0	0.0	0.0	0.0	0.0	0.0	0.0	0.0	0.0	0.0	0.0	0.0	0.0	0.0	0.0	0.0	0.0	0.0	0.0	0.0	0.0	0.0	0.0	0.0	0.0	0.0	0.0	0.0	0.0	0.0	0.0	0.0	0.0	0.0	0.0	0.0	0.0	0.0	0.0	0.0	0.0	0.0	0.0	0.0	0.0	0.0	0.0	0.0	0.0	0.0	0.0	0.0	0.0	0.0	0.0	0.0	0.0	0.0	0.0	0.0	0.0	0.0	0.0
37118.30523493108	-55.623222422917024	3093.942872709299	1377768583.513512	49138.46308732597	-364.8019105450367	133080.43393730893	2414588554.5844965	36891.495760015256	-121.46232038321614	14753.095272875042	1360982459.4112236	37971.50052425987	23241.081781031186	1.036726	37.691219	0.134889	0.071292	-6.85544e-05	-0.0024282531	0.0105836371	-0.0355810061	0.0144073368	0.0313735713	0.0393501056	0.0110203541	0.0405711897	0.0034702475	0.0145904293	0.0116908609	-0.0324820354	-0.0018811718	0.0425428522	-0.0359431809	-0.0728559786	-0.027771502	0.0034395431	-0.0164657215	0.0216457856	0.0137613102	0.012160681	-0.0003038517	0.0137704758	0.018191411	-0.0031598202	-0.0822381689	-0.0547904557	0.02574914	0.001207925	-0.0216523841	0.0318493558	-0.0121702381	0.0330741668	-0.0198412017	-0.0558066829	-0.0440977843	0.0052828484	0.0147384	-0.0002019999999999	4.0803999999999615e-08	0.00021722043456	-0.0771706999999999	-0.0205877999999999	0.0004238575088399	0.0059553169384899	0.412638	0.040125	0.170270119044	0.001610015625	-0.00174868	-0.000813644	6.620165587360002e-07	3.0578817424000003e-06	-0.00202036	0.00044531	4.0818545296e-06	1.983009961e-07	-0.00153511	0.00022053	4.863348090000001e-08	2.3565627121e-06	0.0	0.0	0.0	0.0	0.0	0.0	0.0	0.0	0.0	0.0	0.0	0.0	0.0	0.0	0.0	0.0	0.0	0.0	0.0	0.0	0.0	0.0	0.0	0.0	0.0	0.0	0.0	0.0	0.0	0.0	0.0	0.0	0.0	0.0	0.0	0.0	0.0	0.0	0.0	0.0	0.0	0.0	0.0	0.0	0.0	0.0	0.0	0.0	0.0	0.0	0.0	0.0	0.0	0.0	0.0	0.0	0.0	0.0	0.0	0.0	0.0	0.0	0.0	0.0	0.0	0.0	0.0	0.0	0.0	0.0	0.0	0.0	0.0	0.0	0.0	0.0	0.0	0.0
37002.27737698891	-116.02785794217198	13462.46381864884	1369168531.0836253	51288.293010404326	2149.82992307836	4621768.698163105	2630488999.921089	36672.20482045821	-219.29093955704596	48088.51617181197	1344850606.3936384	37955.65868923611	23569.31396864262	2.320622	84.36854599999998	0.1743817	0.0926537	-0.0063557771	-0.001849451	0.0501832699	-0.1335175401	0.0667410971	0.0388414987	0.1769566784	0.0321836554	0.1771555395	-0.0031104655	0.060963058	0.0097271704	-0.0994329285	-0.0241654403	0.0343762735	-0.0780044591	-0.1244419241	-0.0672528087	0.0505608897	0.0786597955	0.0136157182	-0.0334652472	4.79349e-05	-0.0096426054	0.0422215908	0.0435458743	0.0059317769	0.0020001545	-0.0191223786	-0.0205858492	0.0004732327	0.0284477463	0.0295476789	-0.0567703548	0.0328259338	-0.0204078796	-0.0560322174	-0.0433076828	0.0067860248	0.0328987	0.0181603	0.00032979649609	0.00108232446169	-0.0138532	0.0633174999999999	0.0040091058062499	0.0001919111502399	0.377821	-0.0348169999999999	0.142748708041	0.0012122234889999	-0.0008823919999999	0.0008662880000001	7.504548989441734e-07	7.786156416638236e-07	-0.00202036	0.0	4.0818545296e-06	0.0	-0.00183056	-0.00029545	8.729070250000004e-08	3.3509499136e-06	0.0	0.0	0.0	0.0	0.0	0.0	0.0	0.0	0.0	0.0	0.0	0.0	0.0	0.0	0.0	0.0	0.0	0.0	0.0	0.0	0.0	0.0	0.0	0.0	0.0	0.0	0.0	0.0	0.0	0.0	0.0	0.0	0.0	0.0	1.0	0.0	0.0	0.0	0.0	0.0	0.0	0.0	0.0	0.0	0.0	0.0	0.0	0.0	0.0	0.0	0.0	0.0	0.0	0.0	0.0	0.0	0.0	0.0	0.0	0.0	0.0	0.0	0.0	0.0	0.0	0.0	0.0	0.0	0.0	0.0	0.0	0.0	0.0	0.0	0.0	0.0	0.0	0.0
37177.07903108114	174.80165409223264	30555.61827338055	1382135205.2832532	48411.02796856487	-2877.265041839455	8278654.120991401	2343627628.9731703	37156.79644751954	484.59162706133066	234829.04501794776	1380627522.2424006	38148.44906021565	23822.439565233835	3.022481	109.885323	0.12027977	0.0591054	0.0025613188	0.0080078166	0.0145958136	0.0009637487	-0.0034735308	0.0594578853	0.0055560529	-0.0042933823	0.003873243	-0.0047888312	0.0057109168	0.0053955772	0.009425062	0.0294507477	-0.0580206002	-0.0233615683	-0.0515875801	0.0300184246	0.0313927184	0.0075297373	0.0244531419	0.0137781816	0.0307361211	0.0694988462	0.0323065124	-0.0213909497	-0.0483291425	-0.0088991224	-0.0578961934	-0.0318576703	-0.0306579913	0.0068861355	0.0094999671	0.0077364165	0.0325768008	-0.0209723196	-0.0562439267	-0.0424985851	0.0082845504	-0.00215122	-0.03504992	0.0012284968920064	4.6277474884e-06	-0.0135885	0.0002646999999999	7.006608999999982e-08	0.00018464733225	0.357185	-0.020636	0.1275811242249999	0.000425844496	-0.000190469	0.0006919229999999	4.787574379288617e-07	3.6278439961e-08	-0.00244509	-0.0004247299999999	5.9784651081e-06	1.803955728999999e-07	-0.00166063	0.00016993	2.88762049e-08	2.7576919969e-06	0.0	0.0	0.0	0.0	0.0	0.0	0.0	0.0	0.0	0.0	0.0	0.0	0.0	0.0	0.0	0.0	0.0	0.0	0.0	0.0	0.0	0.0	0.0	0.0	0.0	0.0	0.0	0.0	0.0	0.0	0.0	0.0	0.0	0.0	0.0	1.0	0.0	0.0	0.0	0.0	0.0	0.0	0.0	0.0	0.0	0.0	0.0	0.0	0.0	0.0	0.0	0.0	0.0	0.0	0.0	0.0	0.0	0.0	0.0	0.0	0.0	0.0	0.0	0.0	0.0	0.0	0.0	0.0	0.0	0.0	0.0	0.0	0.0	0.0	0.0	0.0	0.0	0.0
37102.86718208665	-74.21184899449145	5507.398531181201	1376622753.1315627	48512.77118353821	101.74321497333584	10351.681793110432	2353488967.906335	36921.82371091607	-234.97273660347128	55212.18694692429	1363221066.139964	37939.03561015168	23563.964667144817	1.212217	44.071358	0.06103368	0.0304311	0.0026432691	0.0001657062	-0.0011228126	-0.0051903261	0.0110912259	0.0402059206	-0.0016109866	0.0014437784	-0.0003668334	0.0014809958	0.0032555357	0.0066585506	-0.0232131531	-0.0042576331	0.0714162384	-0.013750668	-0.0353866677	0.0002273362	-0.0320712191	-0.0260954928	0.0082184247	0.0233050155	-0.0441724106	0.0422255615	0.0020339086	0.0061848882	-0.0078897405	-0.0469181043	0.029502278	0.0345143051	0.0298477097	-0.020412807	-0.0102762056	-0.0295768005	0.0323267747	-0.0215344597	-0.0564417587	-0.0416708462	0.0097773982	0.00365522	0.0058064399999999	3.3714745473599994e-05	1.33606332484e-05	-0.0072571099999999	0.0063313900000001	4.008649933210126e-05	5.266564555209855e-05	0.375794	0.018609	0.141221130436	0.000346294881	-0.000496216	-0.000305747	9.348122800899998e-08	2.46230318656e-07	-0.00250011	-5.501999999999981e-05	6.250550012099999e-06	3.027200399999979e-09	-0.00141566	0.0002449699999999	6.001030089999999e-08	2.0040932356e-06	0.0	0.0	0.0	0.0	0.0	0.0	0.0	0.0	0.0	0.0	0.0	0.0	0.0	0.0	0.0	0.0	0.0	0.0	0.0	0.0	0.0	0.0	0.0	0.0	0.0	0.0	0.0	0.0	0.0	0.0	0.0	0.0	0.0	0.0	0.0	0.0	0.0	0.0	0.0	0.0	0.0	0.0	0.0	0.0	0.0	0.0	0.0	0.0	0.0	0.0	0.0	0.0	0.0	0.0	0.0	0.0	0.0	0.0	0.0	0.0	0.0	0.0	0.0	0.0	0.0	0.0	0.0	0.0	0.0	0.0	0.0	0.0	0.0	0.0	0.0	0.0	0.0	0.0
37074.70943068239	-28.157751404258303	792.8589641440107	1374534079.36953	50849.40549964362	2336.63431610541	5459859.927201398	2585662039.6671867	36769.17900583473	-152.64470508133672	23300.405989368264	1351972524.7631176	38018.07027138158	23457.61605678785	2.213986	80.491669	0.14490397	0.0839214999999999	-0.0029044814	-0.0027898156	0.0327788191	-0.0973687443	0.0311535994	0.0902561291	0.1277080832	0.0230320069	0.1276445278	-0.0014899833	0.0433919894	0.0090374184	-0.0774510857	-0.0201882518	0.0268247991	-0.0702165226	-0.126833245	-0.047770686	0.0616443848	0.0477895925	0.0274557538	-0.0183137026	0.0303337116	0.0014275653	0.0297522355	0.0005975453	-0.0217000379	-0.0316608226	-0.00854762	-0.0498433483	-0.0478046675	-0.006957958	0.0303382132	-0.0141225342	0.0320758624	-0.0220942383	-0.0566256646	-0.040824829	0.011263545	0.0149734	0.01131818	0.0001281011985124	0.00022420270756	-0.0501312	-0.0428740900000001	0.0018381875933281	0.00251313721344	0.398877	0.0230829999999999	0.159102861129	0.0005328248889999	-0.00167513	-0.001178914	1.3898382193960002e-06	2.8060605169e-06	-0.00266245	-0.0001623399999999	7.088640002499999e-06	2.635427559999999e-08	-0.00142698	-1.1319999999999992e-05	1.2814239999999984e-10	2.0362719204e-06	0.0	0.0	0.0	0.0	0.0	0.0	0.0	0.0	0.0	0.0	0.0	0.0	0.0	0.0	0.0	0.0	0.0	0.0	0.0	0.0	0.0	0.0	0.0	0.0	0.0	0.0	0.0	0.0	0.0	0.0	0.0	0.0	0.0	0.0	0.0	0.0	1.0	0.0	0.0	0.0	0.0	0.0	0.0	0.0	0.0	0.0	0.0	0.0	0.0	0.0	0.0	0.0	0.0	0.0	0.0	0.0	0.0	0.0	0.0	0.0	0.0	0.0	0.0	0.0	0.0	0.0	0.0	0.0	0.0	0.0	0.0	0.0	0.0	0.0	0.0	0.0	0.0	0.0
37028.8483604818	-45.86107020058989	2103.2377599434344	1371135610.903556	49859.43994429891	-989.9655553447084	980031.8007689568	2485963751.5591497	36818.80220216719	49.62319633246079	2462.4616142499503	1355624195.6023118	37949.0454527595	23830.066788669443	1.081864	39.332245	0.1163291499999999	0.0661943	-0.0011343584	0.0020255009	0.0278465061	-0.0662483902	0.0352977577	0.0257062728	0.0980663597	0.0189404899	0.0967990829	-0.0006997154	0.0277621225	0.0060066518	-0.0461759919	-0.0039606303	0.011574438	-0.0606095588	-0.1066181756	-0.030080235	0.043473642	0.0404824999	0.0204543164	-0.0161241846	0.0188823256	0.0256507895	0.0316911462	0.0008152785	0.0046724422	-0.0303596239	-0.062317099	-3.03797e-05	-0.0111417195	0.0379069444	-0.000256404	-0.0200595578	0.0318240706	-0.022651594	-0.0567955989	-0.0399609048	0.0127419724	0.0148176	-0.0001557999999999	2.4273639999999795e-08	0.00021956126976	-0.0216421	0.0284891	0.00081162881881	0.00046838049241	0.375736	-0.0231409999999999	0.141177541696	0.0005355058809999	-0.0007461949999999	0.000928935	8.629202342251857e-07	5.568069780248507e-07	-0.00236491	0.0002975399999999	5.5927993081e-06	8.853005159999989e-08	-0.00136259	6.439000000000011e-05	4.146072100000013e-09	1.8566515081e-06	0.0	0.0	0.0	0.0	0.0	0.0	0.0	0.0	0.0	0.0	0.0	0.0	0.0	0.0	0.0	0.0	0.0	0.0	0.0	0.0	0.0	0.0	0.0	0.0	0.0	0.0	0.0	0.0	0.0	0.0	0.0	0.0	0.0	0.0	0.0	0.0	0.0	0.0	0.0	0.0	0.0	0.0	0.0	0.0	0.0	0.0	0.0	0.0	0.0	0.0	0.0	0.0	0.0	0.0	0.0	0.0	0.0	0.0	0.0	0.0	0.0	0.0	0.0	0.0	0.0	0.0	0.0	0.0	0.0	0.0	0.0	0.0	0.0	0.0	0.0	0.0	0.0	0.0
37047.58505085554	18.736690373734746	351.0635661612043	1372523558.1003747	49037.34180844564	-822.0981358532663	675845.3449734155	2404660891.638331	37004.22975521119	185.42755304399907	34383.37742788509	1369313019.7764573	38065.27315492508	23671.23745360315	1.44802	52.644203	0.11336145	0.0551161	0.0026386878	0.003188239	0.0099292652	-0.0171634001	0.0046326118	0.0682812104	0.0218514895	0.0027304936	0.0217895701	-0.0011355225	0.0031983689	0.0024414779	-0.00201915	0.0107421431	-0.0003091422	-0.029144685	-0.060688462	0.0145366619	0.0186592664	-0.0020231664	0.0103059374	0.0136998893	0.0279380843	0.0532052774	0.0145241935	0.0055009715	-0.0160642364	0.0034492528	0.0560212715	-0.0453662303	-0.006051391	0.0091198139	-0.0256805637	0.0005516124	0.0315714065	-0.0232064657	-0.0569515197	-0.0390794523	0.014211667	-0.00326425	-0.01808185	0.0003269532994225	1.06553280625e-05	0.0151154	0.0367575	0.0013511138062499	0.00022847531716	0.359366	-0.0163699999999999	0.129143921956	0.0002679768999999	-0.000797167	-5.09720000001e-05	2.598144784010195e-09	6.35475225889e-07	-0.00301729	-0.00065238	9.1040389441e-06	4.255996644000002e-07	-0.00150228	-0.00013969	1.951329610000001e-08	2.2568451984e-06	0.0	0.0	0.0	0.0	0.0	0.0	0.0	0.0	0.0	0.0	0.0	0.0	0.0	0.0	0.0	0.0	0.0	0.0	0.0	0.0	0.0	0.0	0.0	0.0	0.0	0.0	0.0	0.0	0.0	0.0	0.0	0.0	0.0	0.0	0.0	0.0	0.0	0.0	0.0	0.0	0.0	0.0	0.0	0.0	0.0	0.0	0.0	0.0	0.0	0.0	0.0	0.0	0.0	0.0	0.0	0.0	0.0	0.0	0.0	0.0	0.0	0.0	0.0	0.0	0.0	0.0	0.0	0.0	0.0	0.0	0.0	0.0	0.0	0.0	0.0	0.0	0.0	0.0
37053.04326229305	5.458211437515274	29.792072096622555	1372928014.9973607	48321.26781185204	-716.0739965936009	512761.9685975324	2334944922.9447284	37030.87675759823	26.64700238703517	710.0627362146582	1371285833.4364283	38028.02413605629	23695.826790161977	0.8481539999999999	30.835476	0.1413137	0.0878375	0.0039317752	0.0032805758	0.0027563025	-0.0007727275	0.0046852766	0.0288215866	0.0051242171	-0.0002373293	0.0050490099	-0.0014533394	0.0004003975	0.0045447549	-0.0051207312	0.0124761071	0.0256477919	-0.011733633	-0.0428874381	0.0173554044	-0.0132048851	-0.0104820822	0.005652844	0.0121827588	-0.012035278	0.0452025773	0.009844651	-0.0290505426	-0.0137155502	-0.0422543705	-0.0246008951	0.0324439337	-0.0161777701	-0.0020113055	0.0005896237	-0.004001459	0.0313178767	-0.0237587926	-0.0570933886	-0.0381808583	0.0156716217	0.00355705	0.0068213	4.653013369e-05	1.26526047025e-05	-0.0692497	-0.0843651	0.00711747009801	0.00479552095009	0.348008	-0.011358	0.1211095680639999	0.000129004164	-0.000543821	0.000253346	6.4184195716e-08	2.95741280041e-07	-0.00263487	0.00038242	6.942539916900001e-06	1.4624505640000005e-07	-0.0016419	-0.00013962	1.9493744400000007e-08	2.69583561e-06	0.0	0.0	0.0	0.0	0.0	0.0	0.0	0.0	0.0	0.0	0.0	0.0	0.0	0.0	0.0	0.0	0.0	0.0	0.0	0.0	0.0	0.0	0.0	0.0	0.0	0.0	0.0	0.0	0.0	0.0	0.0	0.0	0.0	0.0	0.0	0.0	0.0	0.0	0.0	0.0	0.0	0.0	0.0	0.0	0.0	0.0	0.0	0.0	0.0	0.0	0.0	0.0	0.0	0.0	0.0	0.0	0.0	0.0	0.0	0.0	0.0	0.0	0.0	0.0	0.0	0.0	0.0	0.0	0.0	0.0	0.0	0.0	0.0	0.0	0.0	0.0	0.0	0.0
37016.99431177173	-36.04895052132633	1299.526833689034	1370257867.8777404	49173.52290409323	852.2550922411901	726338.7422510395	2418035354.7993817	36907.427991238255	-123.44876635997208	15239.597915798971	1362158240.928437	38015.187763843205	23742.75568243214	1.12755	40.993225	0.1231386	0.0653758	0.0021510385	8.2868e-05	0.0081728338	-0.0364614595	0.0121885049	0.0320593502	0.0433207977	0.0093794186	0.043742506	0.0008416123	0.0120729455	0.0056821068	-0.0305754329	-0.0048910326	0.041393714	-0.0395318787	-0.079886672	-0.0150161423	0.010578758	-0.0026771798	0.0031336309	0.0005912557	0.0208145947	0.0089719679	-0.0004986197	0.0033756022	-0.0121921941	-0.0338383854	0.047271136	0.0034086243	0.0271440967	-0.0010800108	-0.0185864754	-0.0172767108	0.0310634884	-0.024308514	-0.0572211706	-0.037265517	0.0171208358	0.0127588	0.00920175	8.467220306250003e-05	0.00016278697744	-0.0439703	0.0252794	0.00063904806436	0.0019333872820899	0.380574	0.032566	0.144836569476	0.001060544356	-0.00143819	-0.000894369	7.99895908161e-07	2.0683904761e-06	-0.00257615	5.871999999999995e-05	6.6365488225e-06	3.448038399999994e-09	-0.00147316	0.0001687399999999	2.847318759999997e-08	2.1702003856e-06	0.0	0.0	0.0	0.0	0.0	0.0	0.0	0.0	0.0	0.0	0.0	0.0	0.0	0.0	0.0	0.0	0.0	0.0	0.0	0.0	0.0	0.0	0.0	0.0	0.0	0.0	0.0	0.0	0.0	0.0	0.0	0.0	0.0	0.0	0.0	0.0	0.0	0.0	0.0	0.0	0.0	0.0	0.0	0.0	0.0	0.0	0.0	0.0	0.0	0.0	0.0	0.0	0.0	0.0	0.0	0.0	0.0	0.0	0.0	0.0	0.0	0.0	0.0	0.0	0.0	0.0	0.0	0.0	0.0	0.0	0.0	0.0	0.0	0.0	0.0	0.0	0.0	0.0
36912.3309876527	-104.6633241190284	10954.411415644792	1362520178.9420257	50318.685731137535	1145.1628270443034	1311397.900444101	2531970133.7089844	36637.24564082428	-270.18235041397566	72998.50247522033	1342287768.1460977	37838.65576411733	23221.43778001883	1.525856	55.474022	0.025312	0.0127355	-0.0017971156	-0.0023014258	0.0322061245	-0.0924374471	0.0375212116	0.0256340731	0.1219288469	0.0255594107	0.1219978926	0.0014340098	0.0314972454	0.0040726714	-0.0482591655	-0.0119624794	0.031168561	-0.0645844546	-0.1054289426	-0.0373017996	0.0245616099	0.0322019642	0.0027284215	-0.0191074172	0.0358075019	0.0059533775	0.0330334215	0.0150226137	0.0075886643	-0.02147964	-0.0536941884	-0.0390730155	-0.0705309247	0.014455771	0.0566373301	-0.0028774545	0.0308082484	-0.0248555698	-0.0573348341	-0.0363338297	0.0185583162	0.0148799	0.0021210999999999	4.499065209999996e-06	0.00022141142401	-0.0536497	-0.0096794	9.369078436000008e-05	0.00287829031009	0.375614	-0.00496	0.141085876996	2.46016000000002e-05	-0.00155617	-0.0001179799999999	1.3919280399999989e-08	2.4216650689e-06	-0.00253616	3.999000000000016e-05	6.4321075456e-06	1.599200100000013e-09	-0.00148622	-1.3059999999999851e-05	1.7056359999999608e-10	2.2088498883999995e-06	0.0	0.0	0.0	0.0	0.0	0.0	0.0	0.0	0.0	0.0	0.0	0.0	0.0	0.0	0.0	0.0	0.0	0.0	0.0	0.0	0.0	0.0	0.0	0.0	0.0	0.0	0.0	0.0	0.0	0.0	0.0	0.0	0.0	0.0	0.0	0.0	0.0	1.0	0.0	0.0	0.0	0.0	0.0	0.0	0.0	0.0	0.0	0.0	0.0	0.0	0.0	0.0	0.0	0.0	0.0	0.0	0.0	0.0	0.0	0.0	0.0	0.0	0.0	0.0	0.0	0.0	0.0	0.0	0.0	0.0	0.0	0.0	0.0	0.0	0.0	0.0	0.0	0.0
36928.762663515896	16.431675863197597	269.9999716731905	1363733511.8582857	48576.42812372723	-1742.2576074103054	3035461.570579082	2359669369.259638	36869.56667329137	232.3210324670872	53973.062126573386	1359364946.6762774	37927.352222679096	23809.10610611573	1.646767	59.869862	0.10960804	0.0554208	0.0029851189	0.0058566692	0.0134184912	-0.0251180654	0.019402705	-0.0099064798	0.0359057163	0.0058660107	0.0350072999	-0.0014966217	0.0059747398	0.0021092314	0.0012728231	0.0162159609	-0.0150701029	-0.0352188278	-0.0660837731	0.0096284527	0.0141111166	0.0085879437	0.0008955954	-0.0003222443	0.0156587384	0.032192615	0.0116716058	0.0106725247	-0.0018291468	-0.0190525045	-0.0343639247	0.0253186497	0.0195122504	0.0223760302	-0.0070397438	-0.0129058039	0.0305521639	-0.0253998998	-0.0574343511	-0.0353862052	0.0199830776	-0.00164684	-0.0165267399999999	0.0002731331350275	2.7120819856e-06	-0.0428089	0.0108408	0.00011752294464	0.0018326019192099	0.35417	-0.021444	0.1254363889	0.000459845136	-0.00084382	0.0007123499999999	5.074425224999999e-07	7.120321924e-07	-0.00261836	-8.220000000000015e-05	6.855809089600001e-06	6.7568400000000265e-09	-0.0019076	-0.00042138	1.7756110440000005e-07	3.63893776e-06	0.0	0.0	0.0	0.0	0.0	0.0	0.0	0.0	0.0	0.0	0.0	0.0	0.0	0.0	0.0	0.0	0.0	0.0	0.0	0.0	0.0	0.0	0.0	0.0	0.0	0.0	0.0	0.0	0.0	0.0	0.0	0.0	0.0	0.0	0.0	0.0	0.0	0.0	1.0	0.0	0.0	0.0	0.0	0.0	0.0	0.0	0.0	0.0	0.0	0.0	0.0	0.0	0.0	0.0	0.0	0.0	0.0	0.0	0.0	0.0	0.0	0.0	0.0	0.0	0.0	0.0	0.0	0.0	0.0	0.0	0.0	0.0	0.0	0.0	0.0	0.0	0.0	0.0
36989.84718427131	61.08452075541573	3731.3186759188143	1368248794.7157445	48289.16346892587	-287.2646548013581	82520.98189814344	2331843308.528645	37034.13162273296	164.56494944159203	27081.622584713743	1371526905.0499094	38033.083816474784	23590.45803313829	1.140168	41.451954	0.08284654	0.0393528	0.0058031518	0.004443801	-3.70348e-05	0.0098100248	-0.0093225875	0.0523964896	-0.0142906236	-0.0056338591	-0.0151816835	-0.0028630538	-0.0025198615	0.0015883094	0.0010492357	0.0146669897	0.0146348113	0.0017289267	-0.0219239985	0.0392469455	-0.0169660455	-0.025631697	-0.0122980262	0.0183431632	-0.009924532	0.0385408281	0.0004247385	-0.0052766102	-0.0152235917	0.0189846867	0.064775178	-0.0466074923	-0.0160434039	-0.0060959439	0.0124657604	0.0153403964	0.0302952417	-0.0259414445	-0.057519697	-0.0344230592	0.0213941436	0.0150644	0.01671124	0.0002792655423375	0.00022693614736	-0.068003	-0.0251940999999999	0.0006347426748099	0.0046244080089999	0.356709	0.002539	0.127241310681	6.446521000000069e-06	-0.000455846	0.000387974	1.5052382467600006e-07	2.07795575716e-07	-0.00292776	-0.0003094	8.5717786176e-06	9.572836000000004e-08	-0.00183693	7.066999999999989e-05	4.994248899999985e-09	3.3743118249e-06	0.0	0.0	0.0	0.0	0.0	0.0	0.0	0.0	0.0	0.0	0.0	0.0	0.0	0.0	0.0	0.0	0.0	0.0	0.0	0.0	0.0	0.0	0.0	0.0	0.0	0.0	0.0	0.0	0.0	0.0	0.0	0.0	0.0	0.0	0.0	0.0	0.0	0.0	0.0	0.0	0.0	0.0	0.0	0.0	0.0	0.0	0.0	0.0	0.0	0.0	0.0	0.0	0.0	0.0	0.0	0.0	0.0	0.0	0.0	0.0	0.0	0.0	0.0	0.0	0.0	0.0	0.0	0.0	0.0	0.0	0.0	0.0	0.0	0.0	0.0	0.0	0.0	0.0
36933.99463003133	-55.85255423998024	3119.5078151299344	1364119959.3311832	47911.204519262814	-377.95894966305787	142852.96763040192	2295483518.486629	37001.19910116609	-32.93252156687231	1084.5509767525098	1369088734.924134	37979.38964798063	23691.723646994946	0.866517	31.503103	0.19062363	0.0907778	0.0053320898	0.0030343965	-0.0009981255	0.010443637	-0.003981705	-0.0058098043	-0.0158013618	-0.0062122102	-0.0161834997	-0.0027258516	-0.0012636923	-0.0008304102	0.0038126886	0.0076353528	0.0040990086	-0.0122011292	-0.0347306627	0.0266031932	-0.009748694	-0.0438455149	-0.0162158672	0.0242356794	0.0008465734	0.0280767046	-0.0114376632	-0.0120430321	-0.0181144603	-0.0730989096	-0.0369431379	0.0088730161	0.0200871839	-0.017476849	0.0086192023	-0.0138002106	0.030037489	-0.0264801444	-0.0575908508	-0.0334448141	0.0227905472	0.0147955	-0.0002689	7.230721000000039e-08	0.00021890682025	-0.00967197	0.0583310299999999	0.0034025090608608	9.35470036809e-05	0.400843	0.044134	0.160675110649	0.001947809956	-0.00107521	-0.000619364	3.836117644960001e-07	1.1560765441000002e-06	-0.002248	0.00067976	5.053504e-06	4.620736576000002e-07	-0.00137826	0.00045867	2.103781689e-07	1.8996006276000005e-06	0.0	0.0	0.0	0.0	0.0	0.0	0.0	0.0	0.0	0.0	0.0	0.0	0.0	0.0	0.0	0.0	0.0	0.0	0.0	0.0	0.0	0.0	0.0	0.0	0.0	0.0	0.0	0.0	0.0	0.0	0.0	0.0	0.0	0.0	0.0	0.0	0.0	0.0	0.0	0.0	0.0	0.0	0.0	0.0	0.0	0.0	0.0	0.0	0.0	0.0	0.0	0.0	0.0	0.0	0.0	0.0	0.0	0.0	0.0	0.0	0.0	0.0	0.0	0.0	0.0	0.0	0.0	0.0	0.0	0.0	0.0	0.0	0.0	0.0	0.0	0.0	0.0	0.0
36905.81311590994	-28.18151412138832	794.1977381740091	1362039041.7464705	49245.52678488781	1334.3222656249927	1780415.9085426135	2425121908.3211026	36811.093636969454	-190.10546419663297	36140.0875174173	1355056614.749733	37916.577991822	23814.238606770832	1.276444	46.406399	0.16139963	0.0757201	0.0034884656	0.0034739796	0.0102279803	-0.0416294549	0.0079658133	0.0130689738	0.0467591371	0.0110962889	0.0475127188	0.0022121788	0.0061257296	0.0009941157	-0.0140118359	0.0036907213	0.0288241621	-0.0364022018	-0.0726841305	0.0010048591	0.001899618	-0.012282421	-0.0153628639	-0.0001080062	0.0135964677	0.0122300116	0.0001202664	0.0227563676	0.0125336376	0.0083805723	0.0490522085	-0.0414927963	0.0150071938	0.0275631349	-0.0071673842	-0.0052444636	0.0297789127	-0.0270159404	-0.0576477949	-0.032451899	0.0241713312	0.0149808	0.0001853	3.43360900000004e-08	0.00022442436864	-0.0524328	-0.04276083	0.0018284885822889	0.00274919851584	0.363808	-0.0370349999999999	0.132356260864	0.0013715912249999	-0.00195135	-0.0008761399999999	7.676212995999997e-07	3.8077668225e-06	-0.00265968	-0.00041168	7.073897702400001e-06	1.6948042240000017e-07	-0.00171881	-0.00034055	1.159743025e-07	2.9543078161000005e-06	0.0	0.0	0.0	0.0	0.0	0.0	0.0	0.0	0.0	0.0	0.0	0.0	0.0	0.0	0.0	0.0	0.0	0.0	0.0	0.0	0.0	0.0	0.0	0.0	0.0	0.0	0.0	0.0	0.0	0.0	0.0	0.0	0.0	0.0	0.0	0.0	0.0	0.0	0.0	0.0	0.0	0.0	0.0	0.0	0.0	0.0	0.0	0.0	0.0	0.0	0.0	0.0	0.0	0.0	0.0	0.0	0.0	0.0	0.0	0.0	0.0	0.0	0.0	0.0	0.0	0.0	0.0	0.0	0.0	0.0	0.0	0.0	0.0	0.0	0.0	0.0	0.0	0.0
36843.88796902466	-61.92514688528172	3834.723816763716	1357472080.67404	47608.00702453902	-1637.5197603487832	2681470.9655327364	2266522332.848557	36969.52064709185	158.4270101223956	25099.117536321635	1366745456.8757503	37905.08893389072	23506.357267218835	1.452242	52.797699	0.1544710999999999	0.103214	0.0062221565	0.0038793838	-0.0013155123	0.0227451286	-0.0078572415	-0.0015641236	-0.02041184	-0.0083295999	-0.0219835569	-0.0042320587	-0.0029643877	-0.0024887519	0.0092128899	0.0143909608	-0.0145715156	-0.01081847	-0.0267190913	0.0444077441	-0.0077488734	-0.0375498165	-0.0328441281	0.0219844676	-0.0072298931	0.0524370569	-0.0008860549	-0.0156737494	-0.0184030945	-0.0393934191	-0.0372223837	-0.0342139046	-0.0205366329	-0.0048932986	0.0276045364	0.0020952651	0.0295195201	-0.0275487739	-0.0576905153	-0.0314447493	0.0255355494	0.0150824	0.0001015999999999	1.0322559999999708e-08	0.0002274787897599	0.0279324	0.0803652	0.0064585653710399	0.00078021896976	0.365471	0.0016629999999999	0.1335690518409999	2.7655689999999005e-06	-0.000842424	0.0011089259999999	1.2297168734759997e-06	7.096781957760001e-07	-0.00299758	-0.0003378999999999	8.985485856400001e-06	1.1417640999999995e-07	-0.00171881	0.0	0.0	2.9543078161000005e-06	0.0	0.0	0.0	0.0	0.0	0.0	0.0	0.0	0.0	0.0	0.0	0.0	0.0	0.0	0.0	0.0	0.0	0.0	0.0	0.0	0.0	0.0	0.0	0.0	0.0	0.0	0.0	0.0	0.0	0.0	0.0	0.0	0.0	0.0	0.0	0.0	0.0	0.0	0.0	0.0	0.0	0.0	0.0	0.0	0.0	0.0	0.0	0.0	0.0	0.0	0.0	0.0	0.0	0.0	0.0	0.0	0.0	0.0	0.0	0.0	0.0	0.0	0.0	0.0	0.0	0.0	0.0	0.0	0.0	0.0	0.0	0.0	0.0	0.0	0.0	0.0	0.0	0.0
36823.21847587317	-20.669493151493956	427.2279471396554	1355949418.921887	48035.52405768661	427.5170331475893	182770.8136313169	2307411571.496589	36920.5528996353	-48.96774745654693	2397.8402909681586	1363127226.4147687	37925.04134228801	23525.690313864216	0.907681	32.999668	0.0771456499999999	0.0642918	0.005665015	0.0023321982	-0.0022305208	0.0009723117	0.0027958718	-0.0308988191	-0.003664877	0.0008465366	-0.003312852	0.001377468	-0.0034327419	-0.0019381326	-0.0028632144	0.0077501742	0.0216790751	-0.0113524381	-0.033932833	0.0278046426	-0.0136909783	-0.021987466	-0.027323353	0.0091946959	-0.0095874987	0.0262351003	-0.019735134	0.0030006411	0.009474996	-0.0162029383	0.0132287973	0.0330896826	0.0381368447	0.0071705055	-0.0107781882	-0.0351910571	0.0292593182	-0.0280785863	-0.0577190014	-0.030423807	0.0268822669	0.0150633	-1.909999999999933e-05	3.648099999999743e-10	0.00022690300689	-0.0361999	-0.0641323	0.00411295190329	0.00131043276001	0.362143	-0.0033279999999999	0.131147552449	1.1075583999999984e-05	-0.0007484689999999	9.395500000010002e-05	8.827542025018795e-09	5.602058439608503e-07	-0.00298486	1.271999999999992e-05	8.909389219600001e-06	1.6179839999999794e-10	-0.00163216	8.665000000000018e-05	7.508222500000031e-09	2.6639462656e-06	0.0	0.0	0.0	0.0	0.0	0.0	0.0	0.0	0.0	0.0	0.0	0.0	0.0	0.0	0.0	0.0	0.0	0.0	0.0	0.0	0.0	0.0	0.0	0.0	0.0	0.0	0.0	0.0	0.0	0.0	0.0	0.0	0.0	0.0	0.0	0.0	0.0	0.0	0.0	0.0	0.0	0.0	0.0	0.0	0.0	0.0	0.0	0.0	0.0	0.0	0.0	0.0	0.0	0.0	0.0	0.0	0.0	0.0	0.0	0.0	0.0	0.0	0.0	0.0	0.0	0.0	0.0	0.0	0.0	0.0	0.0	0.0	0.0	0.0	0.0	0.0	0.0	0.0
36863.65810370355	40.43962783038296	1635.363499059884	1358929288.7867484	48174.33737920246	138.81332151584502	19269.13823026136	2320766781.925224	36947.35407086748	26.80117123217497	718.3027794163629	1365106972.8380475	37956.79192091557	23397.752268009	0.818949	29.773706	0.04523965	0.0277996	0.0059165937	0.0035062284	0.0018612316	0.0018913825	-0.0040227856	0.0131689994	0.0070996565	-0.0005640304	0.0061599668	-0.001335441	-0.0003053301	0.000609074	-0.0009977335	0.0102588766	0.0067141898	-0.0219093604	-0.0567844941	0.025541589	0.0025674461	-0.0157442091	-0.0368185596	0.0099757373	0.0151649277	0.0175461661	-0.0141495348	-0.0245011312	-0.0172690018	-0.0191116808	0.0447323814	-0.0520637811	-0.0117358587	-0.0076969528	0.0060016174	0.0205329945	0.0289983141	-0.0286053196	-0.0577332462	-0.0293895198	0.0282105605	0.0150857	2.2400000000000544e-05	5.017600000000243e-10	0.00022757834449	-0.0165067	0.0196932	0.00038782212624	0.00027247114489	0.361751	-0.000392	0.130863786001	1.5366400000000274e-07	-0.00115003	-0.0004015610000001	1.6125123672108034e-07	1.3225690009e-06	-0.00297043	1.4430000000000172e-05	8.8234543849e-06	2.082249000000049e-10	-0.00171881	-8.665000000000018e-05	7.508222500000031e-09	2.9543078161000005e-06	0.0	0.0	0.0	0.0	0.0	0.0	0.0	0.0	0.0	0.0	0.0	0.0	0.0	0.0	0.0	0.0	0.0	0.0	0.0	0.0	0.0	0.0	0.0	0.0	0.0	0.0	0.0	0.0	0.0	0.0	0.0	0.0	0.0	0.0	0.0	0.0	0.0	0.0	0.0	0.0	0.0	0.0	0.0	0.0	0.0	0.0	0.0	0.0	0.0	0.0	0.0	0.0	0.0	0.0	0.0	0.0	0.0	0.0	0.0	0.0	0.0	0.0	0.0	0.0	0.0	0.0	0.0	0.0	0.0	0.0	0.0	0.0	0.0	0.0	0.0	0.0	0.0	0.0
36856.47767495493	-7.180428748622944	51.55855701405086	1358399946.604451	48380.14953092602	205.81215172356315	42358.64179708298	2340638868.6347613	36816.75314289204	-130.6009279754362	17056.602388045074	1355473311.984651	37841.918728527045	23461.738600692643	0.8677089999999998	31.546446	0.1376199999999999	0.0620594	0.0046195016	0.0014603493	0.0040346234	-0.0150871359	0.0092827984	-0.0233576452	0.0254927317	0.0050603979	0.0252580838	3.46653e-05	0.0006351502	-0.0018271624	-0.0108452937	-0.001450482	0.0261913768	-0.0297644213	-0.0589658549	0.008128372	0.0013522133	-0.0250342616	-0.0307145356	0.0079313977	0.0026330245	0.0008226504	-0.0168386115	0.0070713969	0.0150304591	-0.0561181328	-0.0366244704	0.0119756568	0.0201424536	0.0054251174	-0.0021177158	-0.0123881335	0.028736515	-0.0291289159	-0.0577332462	-0.0283423414	0.0295195201	0.0254206	0.0103349	0.00010681015801	0.00064620690436	-0.0383853	-0.0218785999999999	0.0004786731379599	0.0014734312560899	0.389711	0.0279599999999999	0.151874663521	0.0007817615999999	-0.00163044	-0.0004804099999999	2.3079376809999994e-07	2.6583345936e-06	-0.00250218	0.0004682499999999	6.2609047524e-06	2.1925806249999998e-07	-0.00111854	0.00060027	3.603240729000002e-07	1.2511317315999998e-06	0.0	0.0	0.0	0.0	0.0	0.0	0.0	0.0	0.0	0.0	0.0	0.0	0.0	0.0	0.0	0.0	0.0	0.0	0.0	0.0	0.0	0.0	0.0	0.0	0.0	0.0	0.0	0.0	0.0	0.0	0.0	0.0	0.0	0.0	0.0	0.0	0.0	0.0	0.0	0.0	0.0	0.0	0.0	0.0	0.0	0.0	0.0	0.0	0.0	0.0	0.0	0.0	0.0	0.0	0.0	0.0	0.0	0.0	0.0	0.0	0.0	0.0	0.0	0.0	0.0	0.0	0.0	0.0	0.0	0.0	0.0	0.0	0.0	0.0	0.0	0.0	0.0	0.0
36863.76519350227	7.287518547345826	53.10792657790942	1358937184.2416697	48089.77117890996	-290.37835201605776	84319.58731956156	2312626092.0399194	36941.30974601876	124.55660312671534	15514.347382466074	1364660365.7513003	37946.36496322186	23652.728158700185	0.916423	33.317486	0.1097383999999999	0.059578	0.0061540183	0.0052358209	0.003866485	0.0024156534	-0.0050951359	-0.0043959284	0.000556685	-0.0018716791	-0.0002193316	-0.0018850221	-0.002408582	-0.0019146055	0.0026391957	0.0125551553	-0.0012033535	-0.0180437409	-0.0474828507	0.0328146668	-0.0015906029	-0.015801984	-0.0367342936	0.0096630778	0.004320838	0.0211108671	-0.0160622586	0.0031611745	-0.0058718823	0.0151213118	0.0485237921	-0.0421239435	0.0303759951	0.0179017155	-0.0186818811	-0.0015048575	0.0284739281	-0.029649318	-0.0577190014	-0.0272827311	0.0308082484	0.0149578	-0.0104628	0.00010947018384	0.00022373578084	-0.0328622	0.0055230999999999	3.0504633609999955e-05	0.00107992418884	0.343504	-0.046207	0.1179949980159999	0.0021350868489999	-0.00122856	0.0004018799999999	1.615075343999999e-07	1.5093596736e-06	-0.00264798	-0.0001457999999999	7.0117980804e-06	2.125763999999993e-08	-0.00152177	-0.00040323	1.625944329000001e-07	2.3157839329e-06	0.0	0.0	0.0	0.0	0.0	0.0	0.0	0.0	0.0	0.0	0.0	0.0	0.0	0.0	0.0	0.0	0.0	0.0	0.0	0.0	0.0	0.0	0.0	0.0	0.0	0.0	0.0	0.0	0.0	0.0	0.0	0.0	0.0	0.0	0.0	0.0	0.0	0.0	0.0	0.0	0.0	0.0	0.0	0.0	0.0	0.0	0.0	0.0	0.0	0.0	0.0	0.0	0.0	0.0	0.0	0.0	0.0	0.0	0.0	0.0	0.0	0.0	0.0	0.0	0.0	0.0	0.0	0.0	0.0	0.0	0.0	0.0	0.0	0.0	0.0	0.0	0.0	0.0
36831.20480668522	-32.56038681705104	1060.178789675991	1356537647.5119927	47421.33329476452	-668.4378841454454	446809.20496084	2248782851.4531417	36950.14031296069	8.830566941935103	77.97891251599708	1365312869.1474829	37878.7890362299	23520.852219619857	0.983421	35.753258	0.0109771	0.00618887	0.0076461682	0.0031140031	-0.0059780545	0.0328707538	-0.0128538523	-0.0016431577	-0.0320637219	-0.0093720281	-0.0335547091	-0.0026747418	-0.004482096	-0.0029822489	0.0041091805	0.014820718	0.0104290086	0.003217551	-0.0165025411	0.0519757775	-0.0285877967	-0.0384694068	-0.0493671461	0.0184278589	-0.0282915866	0.0421361799	-0.016269549	-0.0218369127	-0.0181262943	-0.0254043435	-0.0174896504	-0.0169315067	-0.0005995146	-0.0152032341	0.0259171272	-0.0079739326	0.0282105605	-0.0301664687	-0.0576905153	-0.0262111537	0.0320758624	0.0149302	-2.7600000000000888e-05	7.61760000000049e-10	0.00022291087204	-0.0278212	0.005041	2.5411681000000004e-05	0.00077401916944	0.346374	0.00287	0.119974947876	8.236900000000224e-06	-0.00122856	0.0	0.0	1.5093596736e-06	-0.00261686	3.111999999999993e-05	6.847956259599999e-06	9.684543999999955e-10	-0.00149212	2.964999999999999e-05	8.791224999999992e-10	2.2264220944e-06	0.0	0.0	0.0	0.0	0.0	0.0	0.0	0.0	0.0	0.0	0.0	0.0	0.0	0.0	0.0	0.0	0.0	0.0	0.0	0.0	0.0	0.0	0.0	0.0	0.0	0.0	0.0	0.0	0.0	0.0	0.0	0.0	0.0	0.0	0.0	0.0	0.0	0.0	0.0	0.0	0.0	0.0	0.0	0.0	0.0	0.0	0.0	0.0	0.0	0.0	0.0	0.0	0.0	0.0	0.0	0.0	0.0	0.0	0.0	0.0	0.0	0.0	0.0	0.0	0.0	0.0	0.0	0.0	0.0	0.0	0.0	0.0	0.0	0.0	0.0	0.0	0.0	0.0
36789.49083382591	-41.71397285931016	1740.055531707265	1353466635.8121607	47432.05550670172	10.722211937201791	114.9658288262726	2249799889.5908327	36936.89444580748	-13.245867153214933	175.4529966406182	1364334171.3007233	37878.52385713633	23694.62937308875	0.784918	28.536495	0.08456561	0.0340704	0.0075390483	0.0058985005	-0.0031729604	0.0210173197	-0.0012589367	-0.0422063506	-0.0269151996	-0.0080673022	-0.0276068077	-0.0033115478	-0.0047012045	-0.0042995173	0.0097457892	0.020683932	-0.0113208154	-0.0029198419	-0.0195335254	0.0587139145	-0.0202597573	-0.0449498797	-0.0428468893	0.0195998623	-0.0164874968	0.0436773186	-0.0173371167	0.0170292549	-0.0101419495	-0.0126910925	0.0121398817	0.010444014	0.0594289445	0.0049002706	0.0144007086	-0.0330559934	0.0279464196	-0.0306803113	-0.0576477949	-0.0251280792	0.0333214931	0.00268259	-0.0122476099999999	0.000150003950712	7.1962891081e-06	-0.0053677	0.0224535	0.00050415966225	2.8812203290000005e-05	0.332259	-0.0141149999999999	0.110396043081	0.0001992332249999	-0.00157663	-0.00034807	1.211527249e-07	2.4857621569000004e-06	-0.00281605	-0.00019919	7.9301376025e-06	3.9676656100000056e-08	-0.00132439	0.00016773	2.8133352900000016e-08	1.7540088721e-06	0.0	0.0	0.0	0.0	0.0	0.0	0.0	0.0	0.0	0.0	0.0	0.0	0.0	0.0	0.0	0.0	0.0	0.0	0.0	0.0	0.0	0.0	0.0	0.0	0.0	0.0	0.0	0.0	0.0	0.0	0.0	0.0	0.0	0.0	0.0	0.0	0.0	0.0	0.0	0.0	0.0	0.0	0.0	0.0	0.0	0.0	0.0	0.0	0.0	0.0	0.0	0.0	0.0	0.0	0.0	0.0	0.0	0.0	0.0	0.0	0.0	0.0	0.0	0.0	0.0	0.0	0.0	0.0	0.0	0.0	0.0	0.0	0.0	0.0	0.0	0.0	0.0	0.0
36826.6276385881	37.13680476218724	1379.1422679448128	1356200503.231221	47781.162857995776	349.10735129405657	121875.94272755182	2283039524.062315	36894.26968418944	-42.62476161803352	1816.8703029941832	1361187135.5297005	37875.52559895833	23304.31304399799	0.8933189999999999	32.47752	0.14902131	0.0858017999999999	0.0065466794	0.0011613148	-0.0029800874	0.0147174774	-0.0087316135	-0.0008519297	-0.0205703058	-0.0030878071	-0.0201297546	0.0012710195	-0.0036161786	-0.0048401879	0.0033399078	0.0065001529	0.0120619076	-0.0012072199	-0.0266158557	0.0392402704	-0.0201999209	-0.0463951543	-0.0351763832	0.0201211399	-0.00840917	0.0270124261	-0.0208233343	-0.0131027315	-0.0197935779	-0.0122291309	0.021832613	-0.0531891703	-0.011772678	-0.0228636046	0.0322196549	-0.0045465491	0.0276815125	-0.0311907894	-0.0575908508	-0.0240339827	0.0345442869	0.0149192	0.01223661	0.0001497346242921	0.00022258252864	-0.0733083999999999	-0.0679406999999999	0.0046159387164899	0.0053741215105599	0.379639	0.0473799999999999	0.144125770321	0.0022448643999999	-0.00160437	-2.773999999999984e-05	7.69507599999991e-10	2.5740030969e-06	-0.00269268	0.00012337	7.250525582399999e-06	1.522015690000006e-08	-0.00104622	0.0002781699999999	7.737854889999995e-08	1.0945762884e-06	0.0	0.0	0.0	0.0	0.0	0.0	0.0	0.0	0.0	0.0	0.0	0.0	0.0	0.0	0.0	0.0	0.0	0.0	0.0	0.0	0.0	0.0	0.0	0.0	0.0	0.0	0.0	0.0	0.0	0.0	0.0	0.0	0.0	0.0	0.0	0.0	0.0	0.0	0.0	0.0	0.0	0.0	0.0	0.0	0.0	0.0	0.0	0.0	0.0	0.0	0.0	0.0	0.0	0.0	0.0	0.0	0.0	0.0	0.0	0.0	0.0	0.0	0.0	0.0	0.0	0.0	0.0	0.0	0.0	0.0	0.0	0.0	0.0	0.0	0.0	0.0	0.0	0.0
36805.03106194008	-21.596576648022165	466.4121229138962	1354610311.470374	48144.334845231046	363.1719872352696	131893.89231241486	2317876977.6897283	36859.37474152968	-34.894942659761	1217.657023228008	1358613506.3365164	37864.03480308845	23554.371866355465	1.014677	36.889603	0.1319462	0.0672194	0.0055624824	0.0029576226	0.0040629714	-0.0067112534	0.0076548019	-0.0335653385	0.0182020155	0.0038893434	0.0174249616	0.0003356894	6.91843e-05	-0.0030705179	-0.0067251509	0.0035992533	0.0095095799	-0.030203456	-0.0609639918	0.0176754002	0.0042198144	-0.0053813374	-0.0449516613	-0.0045700557	0.0004312151	0.0174168076	-0.0231439367	-0.0108567074	0.0092147209	-0.0337483456	-0.0235477594	0.0272764037	0.0281064726	0.0154119963	-0.0249106782	-0.0213178454	0.0274158465	-0.0316978472	-0.057519697	-0.0229293442	0.0357434058	0.0226857	0.0077664999999999	6.031852224999999e-05	0.00051464098449	-0.0228702	0.0504381999999999	0.0025440120192399	0.00052304604804	0.354658	-0.024981	0.1257822969639999	0.000624050361	-0.0012408	0.0003635699999999	1.3218314489999996e-07	1.53958464e-06	-0.00258525	0.0001074299999999	6.6835175625e-06	1.1541204899999986e-08	-0.00155043	-0.0005042099999999	2.542277241e-07	2.4038331849e-06	0.0	0.0	0.0	0.0	0.0	0.0	0.0	0.0	0.0	0.0	0.0	0.0	0.0	0.0	0.0	0.0	0.0	0.0	0.0	0.0	0.0	0.0	0.0	0.0	0.0	0.0	0.0	0.0	0.0	0.0	0.0	0.0	0.0	0.0	0.0	0.0	0.0	0.0	0.0	0.0	0.0	0.0	0.0	0.0	0.0	0.0	0.0	0.0	0.0	0.0	0.0	0.0	0.0	0.0	0.0	0.0	0.0	0.0	0.0	0.0	0.0	0.0	0.0	0.0	0.0	0.0	0.0	0.0	0.0	0.0	0.0	0.0	0.0	0.0	0.0	0.0	0.0	0.0
36819.80958139969	14.778519459614472	218.40463741820363	1355698377.6105323	48004.011640069606	-140.32320516143955	19690.60190677945	2304385133.5399384	36962.55128104858	103.17653951889952	10645.398307095034	1366230197.204146	37954.67260416667	23473.532450104816	0.959982	34.9011	0.1193523	0.060452	0.0066340147	0.0026813044	0.0001350361	0.008809818	-0.0157334863	0.0202139103	-0.0109989569	-0.0026074773	-0.0119478302	-0.0003452838	-0.0047791411	-0.0030176912	0.0041741514	0.0151426414	0.0073104267	-0.009249771	-0.0320041585	0.0476329231	-0.0142297271	-0.0203980271	-0.0391947888	0.0065676278	0.0027227135	0.0305726818	-0.0243160787	-0.0071115765	0.0006407401	0.0242475033	0.0693952972	-0.0436387796	0.000278639	0.010287983	0.0083257757	0.0086272395	0.0271494288	-0.0322014289	-0.0574343511	-0.021814648	0.036918028	0.0128191	-0.0098666	9.734979556e-05	0.00016432932481	-0.0642219	-0.0413517	0.0017099630928899	0.00412445243961	0.319698	-0.0349599999999999	0.1022068112039999	0.0012222015999999	-0.00105462	0.0001861799999999	3.4662992399999995e-08	1.1122233444e-06	-0.00302685	-0.0004416	9.1618209225e-06	1.950105600000003e-07	-0.00151473	3.5700000000000055e-05	1.274490000000004e-09	2.2944069729e-06	0.0	0.0	0.0	0.0	0.0	0.0	0.0	0.0	0.0	0.0	0.0	0.0	0.0	0.0	0.0	0.0	0.0	0.0	0.0	0.0	0.0	0.0	0.0	0.0	0.0	0.0	0.0	0.0	0.0	0.0	0.0	0.0	0.0	0.0	0.0	0.0	0.0	0.0	0.0	0.0	0.0	0.0	0.0	0.0	0.0	0.0	0.0	0.0	0.0	0.0	0.0	0.0	0.0	0.0	0.0	0.0	0.0	0.0	0.0	0.0	0.0	0.0	0.0	0.0	0.0	0.0	0.0	0.0	0.0	0.0	0.0	0.0	0.0	0.0	0.0	0.0	0.0	0.0
36792.58173174574	-27.227849653951125	741.3557967781665	1353694070.4871905	47833.53871190944	-170.47292816016852	29061.01923550198	2288047425.7037387	36826.79503249494	-135.75624855364003	18429.75902135769	1356212832.365394	37807.35636832968	23406.16049933005	0.856523	31.139748	0.0366482	0.0221842	0.0062910086	0.0003755529	0.0002355586	0.0049802201	-0.0020590504	-0.0319309966	-0.0077377411	-0.0011886316	-0.00777124	0.0002526972	-0.0033387244	-0.0025299969	0.0007820967	0.0134034508	0.0031364802	-0.0084620947	-0.0365548334	0.0416387863	-0.0208727245	-0.0300074611	-0.0458011289	0.0071350607	0.0004787284	0.0214567894	-0.0289910687	-0.0162408791	-0.0016570276	-0.0548536747	-0.0261892193	0.0254486702	0.0129320874	-0.0051266812	0.0289657746	-0.0112738811	0.0268822669	-0.0327014793	-0.0573348341	-0.0206903832	0.0380673484	0.015007	0.0021878999999999	4.786906409999998e-06	0.000225210049	-0.0642847	-6.280000000000174e-05	3.943840000000219e-09	0.00413252265409	0.33367	0.013972	0.1113356689	0.000195216784	-0.00130746	-0.00025284	6.392806560000002e-08	1.7094516516000002e-06	-0.00302704	-1.89999999999739e-07	9.1629711616e-06	3.6099999999900823e-14	-0.00135925	0.0001554799999999	2.4174030399999985e-08	1.8475605625e-06	0.0	0.0	0.0	0.0	0.0	0.0	0.0	0.0	0.0	0.0	0.0	0.0	0.0	0.0	0.0	0.0	0.0	0.0	0.0	0.0	0.0	0.0	0.0	0.0	0.0	0.0	0.0	0.0	0.0	0.0	0.0	0.0	0.0	0.0	0.0	0.0	0.0	0.0	0.0	0.0	0.0	0.0	0.0	0.0	0.0	0.0	0.0	0.0	0.0	0.0	0.0	0.0	0.0	0.0	0.0	0.0	0.0	0.0	0.0	0.0	0.0	0.0	0.0	0.0	0.0	0.0	0.0	0.0	0.0	0.0	0.0	0.0	0.0	0.0	0.0	0.0	0.0	0.0
36803.69575863605	11.114026890310925	123.52159371855431	1354512021.4942453	48707.219930205865	873.6812182964277	763318.8712039301	2372393273.3294435	36813.73741477176	-13.057617723185103	170.50138060483772	1355251262.443766	37871.26413125914	23454.31236189002	1.022182	37.162434	0.0508711	0.0278155	0.0051007583	0.0020819957	0.0089114904	-0.0224471268	0.0043451094	-0.0041327181	0.0307724238	0.0103196157	0.0310485334	0.0039805733	0.0016770258	-0.0029009459	-0.0117677233	0.0025796279	0.0201612167	-0.0304727183	-0.0661154205	0.0188311052	-0.0004066951	-0.0048404866	-0.0410344826	-0.0077187909	0.0179344186	0.0089452372	-0.0295890973	0.0121545566	0.0161209298	0.0020783588	0.0587568374	-0.0210934112	0.0209975588	0.0264622413	-0.0064310642	-0.0044480672	0.0266143679	-0.0331979437	-0.0572211706	-0.0195570429	0.0391905793	0.030218	0.0152109999999999	0.0002313745209999	0.0009131275239999	-0.0643883	-0.0001035999999999	1.073295999999904e-08	0.00414585317689	0.333624	-4.6000000000046e-05	0.1113049733759999	2.1160000000042324e-09	-0.00163833	-0.0003308699999999	1.094749568999999e-07	2.6841251889e-06	-0.00300726	1.9780000000000055e-05	9.0436127076e-06	3.9124840000000225e-10	-0.00171881	-0.00035956	1.2928339360000005e-07	2.9543078161000005e-06	0.0	0.0	0.0	0.0	0.0	0.0	0.0	0.0	0.0	0.0	0.0	0.0	0.0	0.0	0.0	0.0	0.0	0.0	0.0	0.0	0.0	0.0	0.0	0.0	0.0	0.0	0.0	0.0	0.0	0.0	0.0	0.0	0.0	0.0	0.0	0.0	0.0	0.0	0.0	0.0	0.0	0.0	0.0	0.0	0.0	0.0	0.0	0.0	0.0	0.0	0.0	0.0	0.0	0.0	0.0	0.0	0.0	0.0	0.0	0.0	0.0	0.0	0.0	0.0	0.0	0.0	0.0	0.0	0.0	0.0	0.0	0.0	0.0	0.0	0.0	0.0	0.0	0.0
36805.59742624319	1.9016676071405527	3.616339688047676	1354652001.9026794	47987.73897201755	-719.4809581883164	517652.849195578	2302823091.646492	36902.18927125832	88.4518564865648	7823.730915919854	1361771573.0117726	37879.96037988852	23561.54593051684	1.036089	37.66806	0.06008	0.0305678	0.0068154869	0.0035868886	0.0030812422	0.0047268255	-0.0042718568	-0.0117783347	-0.0008543733	0.0003063041	-0.0015655223	0.0006529578	-0.0045061433	-0.0039134993	0.0045510217	0.0144329946	-0.0019746762	-0.0132531186	-0.0402718157	0.0412074472	-0.0126676225	-0.0208018259	-0.0474705911	-0.0010321588	0.0003665356	0.0275821266	-0.0188175545	-0.0151374653	0.0052584233	-0.0269294892	-0.029033923	-0.0026506381	-0.0202811237	0.0047742039	0.0338930275	0.008749783	0.0263457393	-0.0336907675	-0.0570933886	-0.0184151243	0.040286951	0.0150512	-0.0151667999999999	0.0002300318222399	0.00022653862144	-0.081233	-0.0168447	0.00028374391809	0.006598800289	0.319219	-0.014405	0.1019007699609999	0.000207504025	-0.00137206	0.0002662699999999	7.089971289999995e-08	1.8825486436e-06	-0.00300026	7.000000000000062e-06	9.0015600676e-06	4.900000000000087e-11	-0.00171881	0.0	0.0	2.9543078161000005e-06	0.0	0.0	0.0	0.0	0.0	0.0	0.0	0.0	0.0	0.0	0.0	0.0	0.0	0.0	0.0	0.0	0.0	0.0	0.0	0.0	0.0	0.0	0.0	0.0	0.0	0.0	0.0	0.0	0.0	0.0	0.0	0.0	0.0	0.0	0.0	0.0	0.0	0.0	0.0	0.0	0.0	0.0	0.0	0.0	0.0	0.0	0.0	0.0	0.0	0.0	0.0	0.0	0.0	0.0	0.0	0.0	0.0	0.0	0.0	0.0	0.0	0.0	0.0	0.0	0.0	0.0	0.0	0.0	0.0	0.0	0.0	0.0	0.0	0.0	0.0	0.0	0.0	0.0
36779.07996908819	-26.517457155001463	703.1755339673384	1352700723.372584	47688.40745219009	-299.33151982745767	89599.35876221568	2274184205.3260994	36949.57874452525	47.38947326692869	2245.762176516949	1365271369.3978722	37927.72678385417	23585.94748410216	0.788705	28.674177	0.0502430999999999	0.02684	0.0075482203	0.0040273934	-0.0022570675	0.0131100345	-0.0013160345	-0.0295197945	-0.01144956	-0.0034753161	-0.0121505555	-0.0015231116	-0.0043289101	-0.0031182122	-0.0004390203	0.0136716513	0.009268739	-0.0091947779	-0.0367653968	0.0477810535	-0.0231528517	-0.0169174548	-0.0500436128	-0.0044362323	-0.0092294149	0.0266713396	-0.0437277813	-0.0175680319	-0.0020933253	-0.010134655	0.0359750239	0.0223948627	0.0432415334	0.0134511378	-0.0017239758	-0.0182378212	0.0260763885	-0.0341798968	-0.0569515197	-0.0172651282	0.041355712	0.0233611	0.0083098999999999	6.905443800999998e-05	0.00054574099321	-0.0712988	0.0099342	9.868832964000008e-05	0.0050835188814399	0.311029	-0.0081899999999999	0.096739038841	6.707609999999959e-05	-0.00130358	6.84800000000001e-05	4.6895104000000145e-09	1.6993208163999998e-06	-0.00340796	-0.0004077	1.1614191361599998e-05	1.6621928999999998e-07	-0.00171881	0.0	0.0	2.9543078161000005e-06	0.0	0.0	0.0	0.0	0.0	0.0	0.0	0.0	0.0	0.0	0.0	0.0	0.0	0.0	0.0	0.0	0.0	0.0	0.0	0.0	0.0	0.0	0.0	0.0	0.0	0.0	0.0	0.0	0.0	0.0	0.0	0.0	0.0	0.0	0.0	0.0	0.0	0.0	0.0	0.0	0.0	0.0	0.0	0.0	0.0	0.0	0.0	0.0	0.0	0.0	0.0	0.0	0.0	0.0	0.0	0.0	0.0	0.0	0.0	0.0	0.0	0.0	0.0	0.0	0.0	0.0	0.0	0.0	0.0	0.0	0.0	0.0	0.0	0.0	0.0	0.0	0.0	0.0
36807.55086345231	28.470894364116248	810.5918258926663	1354795800.5656283	47754.00878443424	65.6013322441504	4303.534792207407	2280445354.983823	36917.80252652736	-31.776217997889034	1009.728030249367	1362924143.38767	37881.51410544591	23618.559827960213	0.769144	27.963013	0.0561707999999999	0.0261506	0.0078342998	0.0040963951	-0.0027675938	0.0169223736	-0.0150402233	-0.0045616707	-0.0140894794	-0.0036425625	-0.0149967192	-0.0002848959	-0.0053568961	-0.0038408863	0.0070000883	0.0158983382	-0.0055192968	-0.004832766	-0.0302251921	0.0541957937	-0.0191288747	-0.0226756928	-0.055912322	0.0047434479	-0.0017106113	0.0311653338	-0.0242433433	-0.0213078942	-0.0071593106	-0.025217773	-0.0081771064	-0.0167367236	-0.0172731843	0.0005231865	0.032364184	0.0124456553	0.0258063227	-0.0346652779	-0.0567955989	-0.016107559	0.0423961298	0.0150784	-0.0082826999999999	6.860311928999998e-05	0.00022735814656	-0.0643797	0.0069190999999999	4.7873944809999965e-05	0.00414474577209	0.321285	0.0102559999999999	0.1032240512249999	0.0001051855359999	-0.00153162	-0.00022804	5.2002241600000055e-08	2.3458598244e-06	-0.00308131	0.0003266499999999	9.4944713161e-06	1.0670022249999997e-07	-0.00165924	5.957000000000011e-05	3.548584900000013e-09	2.7530773776e-06	0.0	0.0	0.0	0.0	0.0	0.0	0.0	0.0	0.0	0.0	0.0	0.0	0.0	0.0	0.0	0.0	0.0	0.0	0.0	0.0	0.0	0.0	0.0	0.0	0.0	0.0	0.0	0.0	0.0	0.0	0.0	0.0	0.0	0.0	0.0	0.0	0.0	0.0	0.0	0.0	0.0	0.0	0.0	0.0	0.0	0.0	0.0	0.0	0.0	0.0	0.0	0.0	0.0	0.0	0.0	0.0	0.0	0.0	0.0	0.0	0.0	0.0	0.0	0.0	0.0	0.0	0.0	0.0	0.0	0.0	0.0	0.0	0.0	0.0	0.0	0.0	0.0	0.0
36719.74957144626	-87.80129200605006	7709.06687793167	1348340008.5897276	47494.07181784101	-259.9369665932318	67567.2266016909	2255686857.83824	36891.70819878591	-26.09432774144807	680.9139402781062	1360998133.8243678	37853.51650493421	23691.54169013524	0.8229769999999998	29.920139	0.0762869	0.0476444	0.0084467532	0.0041976732	-0.0080076265	0.0180190999	-0.0051633842	-0.0353532604	-0.0220800118	-0.0023928035	-0.0220399387	0.0018148648	-0.0047092188	-0.003697848	0.0014408466	0.0174953611	0.0040685094	-0.000438004	-0.0229296549	0.0531836526	-0.0317061306	-0.0261420323	-0.0482852269	-0.0009812241	-0.0189259321	0.0270849898	-0.033665351	-0.0013560412	0.0030666154	-0.0047109197	0.0259607496	0.028067008	0.0460440225	0.0109128018	0.0211945568	-0.0250653645	0.0255355494	-0.0351468575	-0.0566256646	-0.0149429245	0.0434074915	0.0150678	-1.0600000000001232e-05	1.1236000000002616e-10	0.0002270385968399	-0.106467	-0.0420873	0.00177134082129	0.011335222089	0.300627	-0.020658	0.0903765931289999	0.000426752964	-0.00138343	0.00014819	2.1960276100000023e-08	1.9138785649e-06	-0.00301845	6.285999999999965e-05	9.1110404025e-06	3.9513795999999565e-09	-0.00171881	-5.957000000000011e-05	3.548584900000013e-09	2.9543078161000005e-06	0.0	0.0	0.0	0.0	0.0	0.0	0.0	0.0	0.0	0.0	0.0	0.0	0.0	0.0	0.0	0.0	0.0	0.0	0.0	0.0	0.0	0.0	0.0	0.0	0.0	0.0	0.0	0.0	0.0	0.0	0.0	0.0	0.0	0.0	0.0	0.0	0.0	0.0	0.0	0.0	0.0	0.0	0.0	0.0	0.0	0.0	0.0	0.0	0.0	0.0	0.0	0.0	0.0	0.0	0.0	0.0	0.0	0.0	0.0	0.0	0.0	0.0	0.0	0.0	0.0	0.0	0.0	0.0	0.0	0.0	0.0	0.0	0.0	0.0	0.0	0.0	0.0	0.0
36775.37708334738	55.62751190112613	3094.420080309929	1352428359.622392	48443.41914548467	949.3473276436634	901260.3485041652	2346764858.505111	36841.86177006908	-49.84642871683173	2484.6664558221864	1357322778.6848776	37878.89146404422	23227.21064169476	1.108857	40.313618	0.1385792	0.0781749	0.0059729572	0.0004833154	0.0031229477	-0.0117577845	-0.002987183	-0.0018538161	0.0166217568	0.0045914131	0.0165740441	0.0018064043	-0.0002154046	-0.0032090469	-0.0063028086	0.0012773001	0.0117551509	-0.0252438694	-0.05898798	0.02369485	-0.002188637	-0.0200931314	-0.0517407449	0.0004886375	0.019937646	0.0023061724	-0.0337177475	-0.0258399101	-0.0019820101	-0.0495896347	-0.0029259239	-0.0388442331	-0.0268509979	-0.0069463443	0.030211362	0.0287253326	0.0252640761	-0.0356245829	-0.0564417587	-0.0137717356	0.0443891039	0.0275938	0.012526	0.000156900676	0.00076141779844	-0.0788158	0.0276512	0.00076458886144	0.00621193032964	0.354937	0.05431	0.125980273969	0.0029495761	-0.00218608	-0.00080265	6.442470225000001e-07	4.7789457664e-06	-0.00301845	0.0	9.1110404025e-06	0.0	-0.00163962	7.919000000000003e-05	6.271056100000005e-09	2.6883537444e-06	0.0	0.0	0.0	0.0	0.0	0.0	0.0	0.0	0.0	0.0	0.0	0.0	0.0	0.0	0.0	0.0	0.0	0.0	0.0	0.0	0.0	0.0	0.0	0.0	0.0	0.0	0.0	0.0	0.0	0.0	0.0	0.0	0.0	0.0	0.0	0.0	0.0	0.0	0.0	0.0	0.0	0.0	0.0	0.0	0.0	0.0	0.0	0.0	0.0	0.0	0.0	0.0	0.0	0.0	0.0	0.0	0.0	0.0	0.0	0.0	0.0	0.0	0.0	0.0	0.0	0.0	0.0	0.0	0.0	0.0	0.0	0.0	0.0	0.0	0.0	0.0	0.0	0.0
36713.807204459394	-61.56987888798904	3790.849986281638	1347903639.4462144	48271.18678609116	-172.23235939351434	29663.98562225669	2330107473.737702	36832.18602203185	-9.675748037232552	93.62010008000958	1356609927.1615584	37865.9511289291	23514.15280451056	0.827496	30.084452	0.0613721	0.0332205	0.0059948944	0.0016010587	0.0037941207	-0.0148848434	0.0060505901	-0.043840591	0.0247044785	0.0066978189	0.024143497	0.0013536536	-0.0006778837	-0.0035240895	-0.0078074587	0.0031424717	0.0137952668	-0.0291599909	-0.0616260551	0.0202788217	-0.0030462479	0.0015016749	-0.0566924787	-0.0151673918	-0.0007331624	-0.0047731285	-0.0297441492	-0.0069955354	0.0169720908	-0.0171146535	0.0008573581	0.0146239321	0.0254323458	0.0187320074	-0.0060586348	-0.0037449919	0.0249919101	-0.0360984016	-0.0562439267	-0.0125945059	0.0453402941	0.0228714	-0.0047224	2.2301061760000016e-05	0.00052310093796	-0.086341	-0.0075251999999999	5.6628635039999936e-05	0.007454768281	0.333603	-0.021334	0.1112909616089999	0.000455139556	-0.00178603	0.0004000499999999	1.600400024999999e-07	3.1899031609e-06	-0.00294188	7.65700000000002e-05	8.6546579344e-06	5.86296490000003e-09	-0.00171881	-7.919000000000003e-05	6.271056100000005e-09	2.9543078161000005e-06	0.0	0.0	0.0	0.0	0.0	0.0	0.0	0.0	0.0	0.0	0.0	0.0	0.0	0.0	0.0	0.0	0.0	0.0	0.0	0.0	0.0	0.0	0.0	0.0	0.0	0.0	0.0	0.0	0.0	0.0	0.0	0.0	0.0	0.0	0.0	0.0	0.0	0.0	0.0	0.0	0.0	0.0	0.0	0.0	0.0	0.0	0.0	0.0	0.0	0.0	0.0	0.0	0.0	0.0	0.0	0.0	0.0	0.0	0.0	0.0	0.0	0.0	0.0	0.0	0.0	0.0	0.0	0.0	0.0	0.0	0.0	0.0	0.0	0.0	0.0	0.0	0.0	0.0
36741.57234757871	27.76514311931533	770.9031724360632	1349943138.5723605	47986.68603978451	-284.5007463066504	80940.67464904104	2302722037.0808496	36960.45729025602	128.27126822416903	16453.51825183672	1366075403.104839	37935.920386056285	23310.371967658622	1.016237	36.946323	0.0696342999999999	0.0358964	0.0079296187	0.0027584203	-0.0017306641	0.0134361376	-0.0150548949	0.0107497127	-0.0138315586	-0.0023126794	-0.0143857788	0.0006334679	-0.0056250991	-0.0046658813	0.0063836365	0.0169597162	-0.0060235183	-0.0037753522	-0.0295861621	0.0528786642	-0.0173046305	-0.0173932417	-0.0614577108	-0.0027685338	0.0068704513	0.013268463	-0.0252617416	-0.0255171286	-0.011454551	0.0033370434	0.0315559954	-0.0440859108	-0.0191878322	0.0020365639	0.0346809189	0.0324899433	0.024719059	-0.0365682617	-0.0560322174	-0.0114117519	0.0462604104	0.0150871	-0.0077842999999999	6.059532648999999e-05	0.00022762058641	-0.112209	-0.025868	0.000669153424	0.012590859681	0.313331	-0.0202719999999999	0.098176315561	0.0004109539839999	-0.00160909	0.00017694	3.13077636e-08	2.5891706281e-06	-0.00307914	-0.00013726	9.4811031396e-06	1.8840307600000044e-08	-0.00171881	0.0	0.0	2.9543078161000005e-06	0.0	0.0	0.0	0.0	0.0	0.0	0.0	0.0	0.0	0.0	0.0	0.0	0.0	0.0	0.0	0.0	0.0	0.0	0.0	0.0	0.0	0.0	0.0	0.0	0.0	0.0	0.0	0.0	0.0	0.0	0.0	0.0	0.0	0.0	0.0	0.0	0.0	0.0	0.0	0.0	0.0	0.0	0.0	0.0	0.0	0.0	0.0	0.0	0.0	0.0	0.0	0.0	0.0	0.0	0.0	0.0	0.0	0.0	0.0	0.0	0.0	0.0	0.0	0.0	0.0	0.0	0.0	0.0	0.0	0.0	0.0	0.0	0.0	0.0	0.0	0.0	0.0	0.0
36684.88186139134	-56.69048618736997	3213.8112241603853	1345780557.1842394	47344.33486374407	-642.3511760404363	412615.0333605316	2241486043.6903324	36954.903524142464	-5.553766113553138	30.84431804405113	1365664894.478677	37882.582546144	23335.79117703471	0.798991	29.048132	0.0527440999999999	0.0384753	0.008354671	0.0025803095	-0.0060723547	0.0315203145	-0.0084846274	-0.0372750497	-0.0256832061	-0.005788469	-0.027122802	-0.0008047855	-0.0071232779	-0.0036219499	0.0037524496	0.0141970148	0.0042423863	0.0005719441	-0.0217519842	0.0543688673	-0.0269169251	-0.0263195246	-0.0727930646	-0.003055045	-0.0175024389	0.0076060655	-0.0345944251	-0.0151863791	-0.0003641547	-0.0187095208	-0.0019407682	0.0247879846	0.0309398356	0.0060250918	0.0093853896	-0.0084494875	0.0244455302	-0.0370341117	-0.0558066829	-0.0102239922	0.0471488222	0.0150544	-3.270000000000009e-05	1.069290000000006e-09	0.00022663495936	-0.0749161	0.0372929	0.00139076039041	0.0056124220392099	0.316511	0.0031799999999999	0.1001792131209999	1.011239999999975e-05	-0.00149694	0.00011215	1.2577622500000022e-08	2.2408293636e-06	-0.00301845	6.068999999999996e-05	9.1110404025e-06	3.6832760999999956e-09	-0.00164688	7.193e-05	5.1739249e-09	2.7122137344000004e-06	0.0	0.0	0.0	0.0	0.0	0.0	0.0	0.0	0.0	0.0	0.0	0.0	0.0	0.0	0.0	0.0	0.0	0.0	0.0	0.0	0.0	0.0	0.0	0.0	0.0	0.0	0.0	0.0	0.0	0.0	0.0	0.0	0.0	0.0	0.0	0.0	0.0	0.0	0.0	0.0	0.0	0.0	0.0	0.0	0.0	0.0	0.0	0.0	0.0	0.0	0.0	0.0	0.0	0.0	0.0	0.0	0.0	0.0	0.0	0.0	0.0	0.0	0.0	0.0	0.0	0.0	0.0	0.0	0.0	0.0	0.0	0.0	0.0	0.0	0.0	0.0	0.0	0.0
36728.28979623649	43.4079348451487	1884.248807520675	1348967271.3563292	48110.9651376444	766.6302739003295	587721.9768604942	2314664966.475635	36887.36213701659	-67.54138712587155	4561.838974886848	1360677485.4274054	37891.69672765899	23147.28135906974	0.843353	30.660942	0.0314790999999999	0.0217609	0.0074605229	-0.0002900545	-0.003060272	0.0073979378	-0.0109821899	0.010377683	-0.0058461034	0.0022836664	-0.0057992906	0.0036951599	-0.0047544245	-0.0025360059	-0.0017015608	0.0116528661	0.0077386474	-0.0122767358	-0.0424519541	0.0441127545	-0.014192657	-0.0137007699	-0.0701278764	-0.001823548	0.0155762966	0.0001452417	-0.0330785627	-0.0152519056	-0.0067014018	-0.0068628874	0.0566400475	-0.0407500566	-0.0043790939	0.0017722602	0.0160683655	0.0333999623	0.0241713312	-0.0374959006	-0.055567379	-0.0090317481	0.0480049204	0.0150678	1.3399999999998484e-05	1.7955999999995934e-10	0.0002270385968399	-0.0750398	-0.0001237	1.5301690000001083e-08	0.00563097158404	0.309568	-0.0069429999999999	0.095832346624	4.820524899999968e-05	-0.00191299	-0.00041605	1.7309760250000005e-07	3.6595307401e-06	-0.00301845	0.0	9.1110404025e-06	0.0	-0.00171881	-7.193e-05	5.1739249e-09	2.9543078161000005e-06	0.0	0.0	0.0	0.0	0.0	0.0	0.0	0.0	0.0	0.0	0.0	0.0	0.0	0.0	0.0	0.0	0.0	0.0	0.0	0.0	0.0	0.0	0.0	0.0	0.0	0.0	0.0	0.0	0.0	0.0	0.0	0.0	0.0	0.0	0.0	0.0	0.0	0.0	0.0	0.0	0.0	0.0	0.0	0.0	0.0	0.0	0.0	0.0	0.0	0.0	0.0	0.0	0.0	0.0	0.0	0.0	0.0	0.0	0.0	0.0	0.0	0.0	0.0	0.0	0.0	0.0	0.0	0.0	0.0	0.0	0.0	0.0	0.0	0.0	0.0	0.0	0.0	0.0
36769.68754125114	41.39774501465581	1713.77329229846	1352009921.8812397	48729.93247255443	618.9673349100267	383120.5616856212	2374606318.7797146	36867.9687708919	-19.39336612469197	376.10264964634985	1359247121.2914605	37908.76491570724	23219.458069945107	1.078472	39.20892	0.1558599	0.0797786999999999	0.0049811777	-0.0012401201	0.0066598979	-0.028126781	0.0079920794	-0.03240462	0.037514332	0.010927221	0.0378399644	0.0036832381	0.0029028916	-0.0025627806	-0.0150953011	-0.0050628596	0.022883874	-0.0352437309	-0.0712999613	0.0025234217	0.0023398641	-0.0060934974	-0.0620219217	-0.0129946443	0.0142900418	-0.0304184998	-0.0326358661	-0.0007853174	0.0182406093	-0.0553874196	-0.0283797787	0.0167558653	0.0306346368	0.0109923411	0.0049211676	0.0127389346	0.0238964696	-0.0379535775	-0.0553143646	-0.0078355422	0.0488281186	0.0148161	-0.0002516999999999	6.33528899999994e-08	0.00021951681921	-0.100657	-0.0256171999999999	0.0006562409358399	0.0101318316489999	0.36213	0.052562	0.1311381369	0.0027627638439999	-0.00257598	-0.0006629899999999	4.395557400999998e-07	6.6356729604e-06	-0.0024743	0.00054415	6.12216049e-06	2.960992225000002e-07	-0.00137737	0.00034144	1.165812736000001e-07	1.8971481169e-06	0.0	0.0	0.0	0.0	0.0	0.0	0.0	0.0	0.0	0.0	0.0	0.0	0.0	0.0	0.0	0.0	0.0	0.0	0.0	0.0	0.0	0.0	0.0	0.0	0.0	0.0	0.0	0.0	0.0	0.0	0.0	0.0	0.0	0.0	0.0	0.0	0.0	0.0	0.0	0.0	0.0	0.0	0.0	0.0	0.0	0.0	0.0	0.0	0.0	0.0	0.0	0.0	0.0	0.0	0.0	0.0	0.0	0.0	0.0	0.0	0.0	0.0	0.0	0.0	0.0	0.0	0.0	0.0	0.0	0.0	0.0	0.0	0.0	0.0	0.0	0.0	0.0	0.0
36758.62187360272	-11.065667648421368	122.44900050531928	1351196282.0465045	48246.11084215788	-483.8216303965455	234083.37003957148	2327687211.3937845	36964.43083548323	96.462064591331	9304.929905222114	1366369146.9912236	37979.52241616411	23318.574419330263	1.008726	36.673252	0.1128454	0.056705	0.0070578275	0.0025453202	0.0032101388	-0.0004594068	-0.0064073421	0.0112269353	0.0079005244	0.0023153536	0.007515785	0.0009739374	-0.0027588249	-0.0038563961	0.0011388207	0.0101676608	-0.0026610403	-0.017935722	-0.052631708	0.0342711648	0.0013691482	-0.0069255267	-0.0675777771	-0.0080573434	0.0106404623	-0.0083854595	-0.0288766488	-0.0002808121	0.0015558107	0.0179413374	0.0592726148	-0.0652398377	0.0130673777	0.0254508041	-0.0142514823	0.0348061691	0.0236209528	-0.0384070924	-0.0550477023	-0.0066358995	0.0496178523	0.0127311	-0.002085	4.3472250000000005e-06	0.00016208090721	-0.0912416	0.0094153999999999	8.864975715999982e-05	0.00832502957056	0.326204	-0.035926	0.1064090496159999	0.001290677476	-0.00215319	0.0004227899999999	1.7875138409999978e-07	4.636227176100001e-06	-0.00301845	-0.00054415	9.1110404025e-06	2.960992225000002e-07	-0.00171881	-0.00034144	1.165812736000001e-07	2.9543078161000005e-06	0.0	0.0	0.0	0.0	0.0	0.0	0.0	0.0	0.0	0.0	0.0	0.0	0.0	0.0	0.0	0.0	0.0	0.0	0.0	0.0	0.0	0.0	0.0	0.0	0.0	0.0	0.0	0.0	0.0	0.0	0.0	0.0	0.0	0.0	0.0	0.0	0.0	0.0	0.0	0.0	0.0	0.0	0.0	0.0	0.0	0.0	0.0	0.0	0.0	0.0	0.0	0.0	0.0	0.0	0.0	0.0	0.0	0.0	0.0	0.0	0.0	0.0	0.0	0.0	0.0	0.0	0.0	0.0	0.0	0.0	0.0	0.0	0.0	0.0	0.0	0.0	0.0	0.0
36715.61217829056	-43.00969531216106	1849.8338908449289	1348036177.6266382	47410.18754396845	-835.9232981894311	698767.7604558965	2247725882.9542613	36934.11661109778	-30.31422438545269	918.9522000915744	1364128969.8421688	37845.48598707054	23245.74546364432	1.01113	36.760662	0.08970665	0.05818	0.0085964475	0.0015869885	-0.00827622	0.0281251646	-0.0130007266	-0.0283883026	-0.0289615449	-0.0032438857	-0.0296269554	0.0025152786	-0.007453047	-0.0031591245	0.0028614887	0.0164849438	0.0070396846	-0.001950929	-0.0215191023	0.0585637953	-0.0309300849	-0.031820634	-0.0810520023	0.0032561729	-0.0195307178	0.0169742979	-0.0305058253	-0.0027462121	0.0001324831	-0.0237846065	-0.0292988872	0.0143547804	0.0246826442	0.0138788315	0.0218658708	-0.0048182724	0.0233447884	-0.0388563956	-0.0547674578	-0.005433346	0.0503735805	0.00362555	-0.00910555	8.29110408025e-05	1.31446128025e-05	-0.0457555	0.0454861	0.00206898529321	0.00209356578025	0.291089	-0.035115	0.0847328059209999	0.001233063225	-0.00215319	0.0	0.0	4.636227176100001e-06	-0.00301845	0.0	9.1110404025e-06	0.0	-0.00171881	0.0	0.0	2.9543078161000005e-06	0.0	0.0	0.0	0.0	0.0	0.0	0.0	0.0	0.0	0.0	0.0	0.0	0.0	0.0	0.0	0.0	0.0	0.0	0.0	0.0	0.0	0.0	0.0	0.0	0.0	0.0	0.0	0.0	0.0	0.0	0.0	0.0	0.0	0.0	0.0	0.0	0.0	0.0	0.0	0.0	0.0	0.0	0.0	0.0	0.0	0.0	0.0	0.0	0.0	0.0	0.0	0.0	0.0	0.0	0.0	0.0	0.0	0.0	0.0	0.0	0.0	0.0	0.0	0.0	0.0	0.0	0.0	0.0	0.0	0.0	0.0	0.0	0.0	0.0	0.0	0.0	0.0	0.0
36779.64011742611	64.0279391355507	4099.576989945785	1352741927.1673803	48112.71905546504	702.5315114965852	493550.52464567655	2314833734.9101086	36880.06145888688	-54.05515221090173	2921.9594805437537	1360138933.2112732	37886.32831894189	23341.917957606653	0.923146	33.561882	0.02233432	0.0113615	0.007283695	0.0036026315	0.0003378521	0.0018249184	-0.0109190256	-0.0146411134	0.0003355472	0.0039396141	0.0008263832	0.0041317479	-0.0056033343	-0.0021407159	0.0029185289	0.0133708979	-0.0022754524	-0.0138890223	-0.0416720356	0.0471189717	-0.0088270588	-0.0125862384	-0.0643492863	-0.0060755337	0.0114172378	0.0013035095	-0.0351190826	0.0125325893	-0.00621276	0.0056016235	0.0646526821	-0.0301290961	0.0407021595	0.0226974717	-0.0117953308	0.0256844115	0.023067984	-0.0393014377	-0.0544737002	-0.0042284093	0.0510947851	0.00439347	0.00076792	5.897011264000001e-07	1.93025786409e-05	-0.0480454	-0.0022899	5.24364201000002e-06	0.00230836046116	0.298993	0.007904	0.089396814049	6.247321600000035e-05	-0.00198256	0.00017063	2.9114596900000058e-08	3.9305441536e-06	-0.00307527	-5.681999999999996e-05	9.4572855729e-06	3.2285123999999954e-09	-0.00171881	0.0	0.0	2.9543078161000005e-06	0.0	0.0	0.0	0.0	0.0	0.0	0.0	0.0	0.0	0.0	0.0	0.0	0.0	0.0	0.0	0.0	0.0	0.0	0.0	0.0	0.0	0.0	0.0	0.0	0.0	0.0	0.0	0.0	0.0	0.0	0.0	0.0	0.0	0.0	0.0	0.0	0.0	0.0	0.0	0.0	0.0	0.0	0.0	0.0	0.0	0.0	0.0	0.0	0.0	0.0	0.0	0.0	0.0	0.0	0.0	0.0	0.0	0.0	0.0	0.0	0.0	0.0	0.0	0.0	0.0	0.0	0.0	0.0	0.0	0.0	0.0	0.0	0.0	0.0	0.0	0.0	0.0	0.0
36864.03645933789	84.39634191177902	7122.742528089908	1358957184.0753932	47684.73936426244	-427.9796912025995	183166.61608187243	2273834368.2376394	37049.43095226361	169.36949337673286	28686.02528669116	1372660333.8865488	37981.68259320175	23380.86505574376	0.930985	33.846909	0.1662739	0.105986	0.0077102475	0.0023980994	-0.0041409517	0.0222956667	-0.0120807862	-0.0192616407	-0.0254860086	-0.0036047015	-0.0257383319	0.001408562	-0.00614069	-0.0039505306	0.0023897543	0.0059507436	0.0067190502	0.002834669	-0.0201096925	0.0396351286	-0.0258619609	-0.0392926398	-0.054850179	0.0093740182	-0.014279926	-0.0070477944	-0.029811477	0.0130308258	0.0004010797	-0.0359054259	-0.0223501399	-0.0005256799	0.0248762837	-0.0042585255	0.0277987741	0.0174560491	0.0227905472	-0.03974217	-0.054166502	-0.0030216178	0.0517809719	0.00352317	-0.0008703	7.574220900000001e-07	1.24127268489e-05	-0.132133	-0.0840876	0.0070707244737599	0.017459129689	0.361756	0.062763	0.130867403536	0.003939194169	-0.00197662	5.939999999999852e-06	3.528359999999824e-11	3.9070266244e-06	-0.00296087	0.0001144	8.7667511569e-06	1.308736000000004e-08	-0.00146809	0.00025072	6.286051840000004e-08	2.1552882481e-06	0.0	0.0	0.0	0.0	0.0	0.0	0.0	0.0	0.0	0.0	0.0	0.0	0.0	0.0	0.0	0.0	0.0	0.0	0.0	0.0	0.0	0.0	0.0	0.0	0.0	0.0	0.0	0.0	0.0	0.0	0.0	0.0	0.0	0.0	0.0	0.0	0.0	0.0	0.0	0.0	0.0	0.0	0.0	0.0	0.0	0.0	0.0	0.0	0.0	0.0	0.0	0.0	0.0	0.0	0.0	0.0	0.0	0.0	0.0	0.0	0.0	0.0	0.0	0.0	0.0	0.0	0.0	0.0	0.0	0.0	0.0	0.0	0.0	0.0	0.0	0.0	0.0	0.0
36889.00843993243	24.9719805945424	623.5998148142023	1360798943.6814065	48508.043112226005	823.3037479635677	677829.0614108578	2353030246.5775766	36876.77057852355	-172.66037374005828	29811.604660056604	1359896208.3010602	37925.274245476976	23350.66404156401	1.176255	42.76392	0.0760973799999999	0.0550654	0.0058113673	0.0030659233	0.0050008932	-0.0193555227	-0.0002841609	-0.0124832279	0.0278632697	0.0123098604	0.0285799778	0.00676976	-0.0024329997	-0.0037229065	-6.20899e-05	-0.001219798	0.0034182597	-0.0238424545	-0.0560477299	0.0130568592	0.0005749438	-0.0127507874	-0.0468126354	-0.0026859485	0.0267774738	-0.0103089158	-0.031972793	0.0388036874	0.0177869317	-0.0047144299	0.0283740167	-0.0115984594	0.0435645783	0.0351428667	-0.0098617627	0.0017927962	0.0225124856	-0.040178544	-0.0538459391	-0.001813501	0.0524316706	0.00620965	0.0026864799999999	7.217174790399999e-06	3.85597531225e-05	-0.0792970999999999	0.0528359000000001	0.00279163232881	0.0062880300684099	0.361769	1.2999999999985246e-05	0.130876809361	1.6899999999961638e-10	-0.00196407	1.255000000000006e-05	1.5750250000000155e-10	3.8575709649e-06	-0.0028129	0.0001479699999999	7.91240641e-06	2.1895120899999966e-08	-0.00171881	-0.00025072	6.286051840000004e-08	2.9543078161000005e-06	0.0	0.0	0.0	0.0	0.0	0.0	0.0	0.0	0.0	0.0	0.0	0.0	0.0	0.0	0.0	0.0	0.0	0.0	0.0	0.0	0.0	0.0	0.0	0.0	0.0	0.0	0.0	0.0	0.0	0.0	0.0	0.0	0.0	0.0	0.0	0.0	0.0	0.0	0.0	0.0	0.0	0.0	0.0	0.0	0.0	0.0	0.0	0.0	0.0	0.0	0.0	0.0	0.0	0.0	0.0	0.0	0.0	0.0	0.0	0.0	0.0	0.0	0.0	0.0	0.0	0.0	0.0	0.0	0.0	0.0	0.0	0.0	0.0	0.0	0.0	0.0	0.0	0.0
36940.79665878611	51.78821885367506	2682.019612036145	1364622457.7857828	48173.985034526806	-334.0580776991992	111594.79927608422	2320732834.1068125	36988.18883520682	111.41825668326784	12414.027922338557	1368126113.3089185	37966.19074561403	23579.369547526043	0.957551	34.812733	0.08725117	0.0520329	0.0073797567	0.0048811355	-0.000566455	0.0009342421	-0.0054811361	0.0039992909	-0.0020794547	0.0036889762	-0.0015149231	0.0039269844	-0.0058779658	-0.0023319333	0.0028295794	0.0064560241	0.0071553079	-0.0114613051	-0.0382474288	0.0354083383	-0.0171705356	-0.0150948966	-0.0516214675	0.0001971916	-0.0086747431	0.0163077152	-0.0289210191	0.0035626634	0.0116712671	-0.0194629459	-0.0200728126	-0.0072005597	-0.0024121895	0.0242298755	0.0179499824	0.0236368183	0.0222338067	-0.0406105121	-0.0535120905	-0.0006045887	0.0530464353	-0.00053682	-0.00674647	4.55148574609e-05	2.881757124e-07	-0.0897718	-0.0104747000000001	0.00010971934009	0.0080589760752399	0.31674	-0.0450289999999999	0.1003242276	0.0020276108409999	-0.0016696	0.00029447	8.671258090000002e-08	2.78756416e-06	-0.00301845	-0.00020555	9.1110404025e-06	4.2250802500000044e-08	-0.00171881	0.0	0.0	2.9543078161000005e-06	0.0	0.0	0.0	0.0	0.0	0.0	0.0	0.0	0.0	0.0	0.0	0.0	0.0	0.0	0.0	0.0	0.0	0.0	0.0	0.0	0.0	0.0	0.0	0.0	0.0	0.0	0.0	0.0	0.0	0.0	0.0	0.0	0.0	0.0	0.0	0.0	0.0	0.0	0.0	0.0	0.0	0.0	0.0	0.0	0.0	0.0	0.0	0.0	0.0	0.0	0.0	0.0	0.0	0.0	0.0	0.0	0.0	0.0	0.0	0.0	0.0	0.0	0.0	0.0	0.0	0.0	0.0	0.0	0.0	0.0	0.0	0.0	0.0	0.0	0.0	0.0	0.0	0.0
36937.65043628163	-3.146222504481557	9.8987160477062	1364390019.7529364	48089.08402487226	-84.90100965454621	7208.18144036135	2312560002.3512244	37010.93732295452	22.74848774770362	517.4936948074218	1369809481.523668	38015.71917671784	23578.559614548216	0.781858	28.425215	0.01784637	0.0103304	0.0071448476	0.0041466289	0.000493945	-0.001485468	-0.0051448606	-0.0135920087	0.0032473575	0.0027936971	0.0036553508	0.002138377	-0.0054791675	-0.0019796589	-0.0002615486	0.0072722245	0.0037811921	-0.0127896711	-0.0409825223	0.0339355544	-0.0109399685	-0.0116170093	-0.0374517857	-0.0062351015	0.0085761321	0.0161465026	-0.0389795396	0.0199040562	0.0069821615	-0.0190216948	0.0359692885	0.0241326431	0.0526102673	0.0262681319	-0.0202893743	0.0117075696	0.0219545184	-0.0410380268	-0.0531650386	0.0006045887	0.0536248445	-0.00159919	-0.00106237	1.1286300169e-06	2.5574086561e-06	-0.0944723	-0.0047004999999999	2.209470024999997e-05	0.00892501546729	0.309811	-0.006929	0.095982855721	4.8011041000000255e-05	-0.00156651	0.00010309	1.0627548100000026e-08	2.4539535801e-06	-0.00301845	0.0	9.1110404025e-06	0.0	-0.00171881	0.0	0.0	2.9543078161000005e-06	0.0	0.0	0.0	0.0	0.0	0.0	0.0	0.0	0.0	0.0	0.0	0.0	0.0	0.0	0.0	0.0	0.0	0.0	0.0	0.0	0.0	0.0	0.0	0.0	0.0	0.0	0.0	0.0	0.0	0.0	0.0	0.0	0.0	0.0	0.0	0.0	0.0	0.0	0.0	0.0	0.0	0.0	0.0	0.0	0.0	0.0	0.0	0.0	0.0	0.0	0.0	0.0	0.0	0.0	0.0	0.0	0.0	0.0	0.0	0.0	0.0	0.0	0.0	0.0	0.0	0.0	0.0	0.0	0.0	0.0	0.0	0.0	0.0	0.0	0.0	0.0	0.0	0.0
37065.12305587618	127.472619594555	16249.268746298128	1373823347.1472442	48217.7137364392	128.62971156693675	16545.60269779334	2324947917.9691973	37059.125373643634	48.18805068911024	2322.088229216258	1373378773.4594374	38024.658580500734	23795.22467691044	0.830061	30.177685	0.14732011	0.0802687	0.0064691118	0.0062865349	0.0016627182	0.0063280748	-0.0143301421	0.0109768587	-0.0055604848	0.0001437106	-0.0055686532	0.0014729542	-0.0059997992	-0.0069227608	0.0070311597	-0.00744617	0.0056082748	-0.0043834842	-0.0240631227	0.0278623366	-0.0135514898	-0.0088829842	-0.0328075371	0.0103180771	0.0033745751	0.0364150754	-0.0308706301	-0.0015786204	-0.0049263964	-0.0227136918	-0.0015687734	-0.0177827236	-0.0041058285	-0.0087742047	0.0245184813	0.0154271568	0.0216746281	-0.0414610411	-0.052804869	0.001813501	0.054166502	-0.0016675	-6.831000000000003e-05	4.666256100000004e-09	2.78055625e-06	-0.070634	0.0238382999999999	0.0005682645468899	0.004989161956	0.362909	0.0530979999999999	0.131702942281	0.0028193976039999	-0.00038542	0.0011810899999999	1.3949735880999998e-06	1.485485764e-07	-0.00279323	0.00022522	7.802133832899999e-06	5.0724048400000166e-08	-0.00171881	0.0	0.0	2.9543078161000005e-06	0.0	0.0	0.0	0.0	0.0	0.0	0.0	0.0	0.0	0.0	0.0	0.0	0.0	0.0	0.0	0.0	0.0	0.0	0.0	0.0	0.0	0.0	0.0	0.0	0.0	0.0	0.0	0.0	0.0	0.0	0.0	0.0	0.0	0.0	0.0	0.0	0.0	0.0	0.0	0.0	0.0	0.0	0.0	0.0	0.0	0.0	0.0	0.0	0.0	0.0	0.0	0.0	0.0	0.0	0.0	0.0	0.0	0.0	0.0	0.0	0.0	0.0	0.0	0.0	0.0	0.0	0.0	0.0	0.0	0.0	0.0	0.0	0.0	0.0	0.0	0.0	0.0	0.0
36970.75225714445	-94.37079873173208	8905.847653265082	1366836522.4591515	47844.44338251629	-373.2703539229042	139330.75711773016	2289090762.582807	37057.47374423598	-1.6516294076573104	2.727879700238438	1373256360.3047388	38026.03888089364	23858.63175658336	0.798425	29.027559	0.0542208799999999	0.0364875	0.0066370036	0.0057365399	-0.0005922387	0.0142395968	-0.008918948	-0.005720609	-0.0128777346	-0.0021197749	-0.0137007701	0.0001834249	-0.0067093609	-0.0101521326	0.0091303882	-0.008542047	-0.0022601675	-0.0052822469	-0.0158708217	0.0330080679	-0.0143699624	-0.0049824266	-0.0273655534	0.001626864	-0.0024986844	0.0482683312	-0.0399512156	0.0186901397	0.001278918	0.0072176645	0.0206246851	0.0211205172	0.0405410461	0.0198645854	-0.0207356784	-0.0283173139	0.0213941436	-0.0418795088	-0.0524316706	0.0030216178	0.0546710365	-0.00166408	3.4199999999998554e-06	1.1696399999999011e-11	2.7691622464000005e-06	-0.0464757	0.0241583	0.00058362345889	0.00215999069049	0.3582	-0.0047089999999999	0.12830724	2.217468099999965e-05	9.14432e-05	0.0004768631999999	2.2739851151424e-07	8.361858826239999e-09	-0.00282337	-3.0140000000000115e-05	7.9714181569e-06	9.084196000000071e-10	-0.00171881	0.0	0.0	2.9543078161000005e-06	0.0	0.0	0.0	0.0	0.0	0.0	0.0	0.0	0.0	0.0	0.0	0.0	0.0	0.0	0.0	0.0	0.0	0.0	0.0	0.0	0.0	0.0	0.0	0.0	0.0	0.0	0.0	0.0	0.0	0.0	0.0	0.0	0.0	0.0	0.0	0.0	0.0	0.0	0.0	0.0	0.0	0.0	0.0	0.0	0.0	0.0	0.0	0.0	0.0	0.0	0.0	0.0	0.0	0.0	0.0	0.0	0.0	0.0	0.0	0.0	0.0	0.0	0.0	0.0	0.0	0.0	0.0	0.0	0.0	0.0	0.0	0.0	0.0	0.0	0.0	0.0	0.0	0.0
36982.43239958193	11.680142437478937	136.42572735979635	1367700306.1896472	48325.507487364855	481.0641048485632	231422.67297374932	2335354673.911357	37022.22700658684	-35.24673764913314	1242.3325149068194	1370645292.527248	38018.4659343019	23471.81906309432	0.84769	30.818628	0.089937265	0.0481472	0.0060781206	0.0025554668	-0.0020513267	0.0035040165	-0.0162255298	0.0264649458	-0.0086852389	0.0016793733	-0.0084546942	0.0039565286	-0.0066687322	-0.0071767079	0.0034260983	-0.0017110994	0.0076751599	-0.0053274491	-0.0201399201	0.0364659962	-0.0197397529	0.0081397536	-0.0300356622	6.59845e-05	-5.9152e-05	0.0600822913	-0.0291064832	-0.0191171471	-0.0025758996	0.0016730147	0.0009062958	0.0008841799	-0.0345999175	0.0055134203	0.0249659215	0.0061313184	0.0211130726	-0.042293384	-0.0520455355	0.0042284093	0.0551381022	-0.00413619	-0.0024721099999999	6.111327852099998e-06	1.7108067716099996e-05	-0.0658914	-0.0194157	0.00037696940649	0.00434167659396	0.316785	-0.041415	0.1003527362249999	0.001715202225	-4.88959e-05	-0.0001403391	1.969506298881e-08	2.39080903681e-09	-0.00294255	-0.0001191799999999	8.6586005025e-06	1.4203872399999997e-08	-0.00199198	-0.0002731699999999	7.462184889999995e-08	3.9679843204e-06	0.0	0.0	0.0	0.0	0.0	0.0	0.0	0.0	0.0	0.0	0.0	0.0	0.0	0.0	0.0	0.0	0.0	0.0	0.0	0.0	0.0	0.0	0.0	0.0	0.0	0.0	0.0	0.0	0.0	0.0	0.0	0.0	0.0	0.0	0.0	0.0	0.0	0.0	0.0	0.0	0.0	0.0	0.0	0.0	0.0	0.0	0.0	0.0	0.0	0.0	0.0	0.0	0.0	0.0	0.0	0.0	0.0	0.0	0.0	0.0	0.0	0.0	0.0	0.0	0.0	0.0	0.0	0.0	0.0	0.0	0.0	0.0	0.0	0.0	0.0	0.0	0.0	0.0
36950.05130931205	-32.38109026987513	1048.535007065802	1365306291.7607934	48400.43682658842	74.92933922356315	5614.405876479799	2342602285.004576	36911.07250347127	-111.15450311557652	12355.32356287071	1362427273.3565123	37933.991964318346	23576.074502061183	0.958756	34.856522	0.0815227349999999	0.0507472	0.0051961969	0.0032138691	0.0071407256	-0.0154271164	0.0068250997	-0.0180105695	0.0218249511	0.0083951791	0.0223679883	0.0034378933	-0.0021795227	-0.0023777079	-0.0044128181	-0.0003150782	0.0093003265	-0.0209329663	-0.0482402966	0.0213510971	-0.0059822314	0.0192740638	-0.0239178387	-0.0148709305	0.0236717839	0.0366893824	-0.039560856	0.009020572	0.0135019316	-0.024161705	0.0157787378	0.0578380758	0.032780012	0.0288949807	-0.0147214082	-0.0042748096	0.0208314228	-0.0427026212	-0.0516465589	0.005433346	0.055567379	-0.00158096	0.0025552299999999	6.529200352899998e-06	2.4994345216e-06	-0.0658965	-5.099999999993998e-06	2.6009999999938778e-11	0.00434234871225	0.286574	-0.0302109999999999	0.082124657476	0.0009127045209999	-0.000931734	-0.0008828381	7.794031108116101e-07	8.681282467560001e-07	-0.00301405	-7.149999999999995e-05	9.0844974025e-06	5.1122499999999926e-09	-0.00197129	2.0689999999999854e-05	4.2807609999999404e-10	3.8859842641e-06	0.0	0.0	0.0	0.0	0.0	0.0	0.0	0.0	0.0	0.0	0.0	0.0	0.0	0.0	0.0	0.0	0.0	0.0	0.0	0.0	0.0	0.0	0.0	0.0	0.0	0.0	0.0	0.0	0.0	0.0	0.0	0.0	0.0	0.0	0.0	0.0	0.0	0.0	0.0	0.0	0.0	0.0	0.0	0.0	0.0	0.0	0.0	0.0	0.0	0.0	0.0	0.0	0.0	0.0	0.0	0.0	0.0	0.0	0.0	0.0	0.0	0.0	0.0	0.0	0.0	0.0	0.0	0.0	0.0	0.0	0.0	0.0	0.0	0.0	0.0	0.0	0.0	0.0
37016.895042444354	66.84373313230026	4468.084659062175	1370250518.5833414	48538.1256074589	137.6887808704778	18958.20037759845	2355949637.485457	36977.1611697751	66.08866630383272	4367.711813819355	1367310448.1755235	38002.14987047698	23481.08865765879	0.88097	32.028561	0.1310546299999999	0.071143	0.0057061857	0.0042236481	0.0042301665	-0.0039160795	-0.0108738713	0.0285619563	0.0087975379	0.0046012137	0.0083699841	0.0030883903	-0.0033539963	-0.0027132112	0.0006899684	-0.0067947726	0.0102465365	-0.0136298347	-0.041771279	0.0227604362	-0.0047839362	-0.0050402951	-0.0198914003	0.0011035451	0.0119484508	0.0399625162	-0.0378115294	-0.0177060858	-0.0077492517	-0.0197602713	0.0180867309	-0.0421400907	-0.0319259305	0.0002336637	0.0189146277	0.0344872652	0.0205492018	-0.0431071756	-0.0512348393	0.0066358995	0.0559585727	0.0084093699999999	0.0099903299999999	9.9806693508898e-05	7.071750379689833e-05	-0.101972	-0.0360754999999999	0.0013014417002499	0.0103982887839999	0.341925	0.0553509999999999	0.1169127056249999	0.0030637332009999	-0.00111523	-0.000183496	3.3670782016e-08	1.2437379529e-06	-0.00287841	0.0001356399999999	8.2852441281e-06	1.8398209599999948e-08	-0.00169767	0.00027362	7.486790440000002e-08	2.8820834289000004e-06	0.0	0.0	0.0	0.0	0.0	0.0	0.0	0.0	0.0	0.0	0.0	0.0	0.0	0.0	0.0	0.0	0.0	0.0	0.0	0.0	0.0	0.0	0.0	0.0	0.0	0.0	0.0	0.0	0.0	0.0	0.0	0.0	0.0	0.0	0.0	0.0	0.0	0.0	0.0	0.0	0.0	0.0	0.0	0.0	0.0	0.0	0.0	0.0	0.0	0.0	0.0	0.0	0.0	0.0	0.0	0.0	0.0	0.0	0.0	0.0	0.0	0.0	0.0	0.0	0.0	0.0	0.0	0.0	0.0	0.0	0.0	0.0	0.0	0.0	0.0	0.0	0.0	0.0
36951.96388779238	-64.9311546519748	4216.054844438668	1365447635.164712	48831.678189101374	293.5525816424779	86173.11818896365	2384532794.763959	36880.879056243146	-96.28211353195366	9270.245386180011	1360199239.9612343	37935.743944170325	23569.00073174652	0.924582	33.614124	0.0793869299999999	0.0502568	0.0049105108	0.003008341	0.0067206982	-0.0278824733	0.008263309	-0.0059826279	0.0245013531	0.0120841334	0.026464191	0.0071668834	-0.0031868781	-0.0043050727	0.0006670176	-0.0067509376	0.008245118	-0.0213781896	-0.0426100502	0.0166292996	-0.006887716	-0.019606149	-0.0196349074	-0.0004508533	0.0204855678	0.0316284662	-0.0343261672	0.0422615278	0.027917223	-0.0368443991	-0.016680506	0.0276258729	0.0342485326	0.0271247288	0.0025700295	-0.0220588516	0.0202664175	-0.0435070027	-0.0508104782	0.0078355422	0.0563114151	0.0134492	0.00503983	2.5399886428901e-05	0.00018088098064	-0.0679644	0.0340076	0.00115651685776	0.0046191596673599	0.341776	-0.0001489999999999	0.116810834176	2.2200999999986512e-08	-0.00188084	-0.0007656099999999	5.861586720999999e-07	3.5375591056e-06	-0.00285779	2.0620000000000277e-05	8.166963684099999e-06	4.2518440000001125e-10	-0.00171525	-1.7579999999999896e-05	3.0905639999999634e-10	2.9420825625e-06	0.0	0.0	0.0	0.0	0.0	0.0	0.0	0.0	0.0	0.0	0.0	0.0	0.0	0.0	0.0	0.0	0.0	0.0	0.0	0.0	0.0	0.0	0.0	0.0	0.0	0.0	0.0	0.0	0.0	0.0	0.0	0.0	0.0	0.0	0.0	0.0	0.0	0.0	0.0	0.0	0.0	0.0	0.0	0.0	0.0	0.0	0.0	0.0	0.0	0.0	0.0	0.0	0.0	0.0	0.0	0.0	0.0	0.0	0.0	0.0	0.0	0.0	0.0	0.0	0.0	0.0	0.0	0.0	0.0	0.0	0.0	0.0	0.0	0.0	0.0	0.0	0.0	0.0
36960.91356597001	8.94967817763245	80.09673948319049	1366109131.631106	48316.77141032287	-514.9067787785025	265128.9908320537	2334510399.5173936	37016.13980753737	135.2607512942268	18295.470840678678	1370194606.251153	38006.296641995614	23457.6668321285	1.021028	37.120506	0.09802469	0.0580922	0.0066753959	0.0053921267	0.0028853966	0.0049817224	-0.0154130248	0.0405632996	-0.0021300995	0.0014398064	-0.0023211079	0.0022889253	-0.006062867	-0.0021929661	0.0029037341	0.0009045879	0.0007137931	-0.0160820853	-0.0440246029	0.0321556092	-0.0034393643	8.40791e-05	-0.0287274326	5.3645e-06	-0.0045269618	0.0477279238	-0.0391960325	-0.0002902273	0.0056468331	0.0273721491	0.0713626737	-0.0600292438	-0.0020260975	0.0278129508	-0.0072766304	0.0262498063	0.0199830776	-0.0439020589	-0.0503735805	0.0090317481	0.0566256646	-0.00168309	-0.01513229	0.0002289862006441	2.8327919481e-06	-0.0677095	0.0002548999999999	6.497400999999413e-08	0.00458457639025	0.313091	-0.028685	0.098025974281	0.000822829225	-0.00103599	0.0008448499999999	7.137715224999997e-07	1.0732752801e-06	-0.00289284	-3.505000000000001e-05	8.368523265599999e-06	1.2285025000000006e-09	-0.0015161	0.0001991499999999	3.966072249999997e-08	2.29855921e-06	0.0	0.0	0.0	0.0	0.0	0.0	0.0	0.0	0.0	0.0	0.0	0.0	0.0	0.0	0.0	0.0	0.0	0.0	0.0	0.0	0.0	0.0	0.0	0.0	0.0	0.0	0.0	0.0	0.0	0.0	0.0	0.0	0.0	0.0	0.0	0.0	0.0	0.0	0.0	0.0	0.0	0.0	0.0	0.0	0.0	0.0	0.0	0.0	0.0	0.0	0.0	0.0	0.0	0.0	0.0	0.0	0.0	0.0	0.0	0.0	0.0	0.0	0.0	0.0	0.0	0.0	0.0	0.0	0.0	0.0	0.0	0.0	0.0	0.0	0.0	0.0	0.0	0.0
36984.51863081979	23.60506484977668	557.1990865621626	1367854618.353456	48046.69883576163	-270.0725745612435	72939.19553013844	2308485269.0143776	36945.56466632954	-70.57514120783162	4980.850556505373	1364974748.513938	37925.24448670504	23474.13616124492	0.89763	32.634243	0.0708262099999999	0.0491147	0.007181505	0.0046454055	-0.0018310951	0.00713599	-0.0071168088	-0.0007519734	-0.0092608503	0.0016040193	-0.0088583307	0.003304558	-0.0071448565	-7.4862e-05	0.0053463253	0.0046956063	0.0062722212	-0.0032407357	-0.0271362793	0.0477401103	-0.0210749483	-0.0293086459	-0.0267796723	0.0044351658	0.0095022462	0.0501246886	-0.0371612032	0.0158068683	0.0085243589	-0.0548184709	-0.0227250027	0.0343565856	0.0272799062	0.0261510237	0.0002374623	0.0005442189	0.0196991898	-0.0442923007	-0.0499242538	0.0102239922	0.0569011056	-0.0017062	-2.311000000000001e-05	5.340721000000007e-10	2.91111844e-06	-0.0679416	-0.0002320999999999	5.387040999999953e-08	0.00461606101056	0.291628	-0.021463	0.085046890384	0.000460660369	-0.00196122	-0.00092523	8.560505529e-07	3.8463838884e-06	-0.00286366	2.9179999999999744e-05	8.2005485956e-06	8.51472399999985e-10	-0.00154385	-2.775e-05	7.700624999999997e-10	2.3834728225e-06	0.0	0.0	0.0	0.0	0.0	0.0	0.0	0.0	0.0	0.0	0.0	0.0	0.0	0.0	0.0	0.0	0.0	0.0	0.0	0.0	0.0	0.0	0.0	0.0	0.0	0.0	0.0	0.0	0.0	0.0	0.0	0.0	0.0	0.0	0.0	0.0	0.0	0.0	0.0	0.0	0.0	0.0	0.0	0.0	0.0	0.0	0.0	0.0	0.0	0.0	0.0	0.0	0.0	0.0	0.0	0.0	0.0	0.0	0.0	0.0	0.0	0.0	0.0	0.0	0.0	0.0	0.0	0.0	0.0	0.0	0.0	0.0	0.0	0.0	0.0	0.0	0.0	0.0
37079.39038655497	94.8717557351847	9000.650036276553	1374881191.4385452	48251.804479228376	205.105643466748	42068.32498190875	2328236635.501684	37089.91736315269	144.35269682314538	20837.701080114926	1375661970.005495	38093.70196843019	23666.88747987444	0.932429	33.89938	0.07490951	0.0540168	0.0071556168	0.0076210734	-0.000923426	0.0068875534	-0.018669514	0.0278998091	-0.00749455	0.002188217	-0.0072500334	0.0036802621	-0.0033488459	0.0017000299	-0.0002759147	-0.000698664	0.0060680086	-0.0103777495	-0.0505503753	0.0251917631	-0.0091226974	-0.0299366378	-0.0269003549	0.0131874433	-0.0163569182	0.0260022266	-0.0515578611	0.0068007003	-0.0183168748	-0.0254325568	0.0785003488	-0.0553749863	0.0511824525	0.0147594738	-0.0063131643	0.0136065827	0.019414762	-0.0446776853	-0.049462609	0.0114117519	0.0571375495	0.00479741	0.00650361	4.22969430321e-05	2.30151427081e-05	-0.0680435	-0.0001019	1.0383610000000406e-08	0.00462991789225	0.34303	0.051402	0.1176695809	0.002642165604	-0.00208266	-0.00012144	1.4747673600000001e-08	4.3374726756000005e-06	-0.00281414	4.9519999999999946e-05	7.9193839396e-06	2.4522303999999947e-09	-0.00137677	0.00016708	2.7915726400000002e-08	1.8954956329e-06	0.0	0.0	0.0	0.0	0.0	0.0	0.0	0.0	0.0	0.0	0.0	0.0	0.0	0.0	0.0	0.0	0.0	0.0	0.0	0.0	0.0	0.0	0.0	0.0	0.0	0.0	0.0	0.0	0.0	0.0	0.0	0.0	0.0	0.0	0.0	0.0	0.0	0.0	0.0	0.0	0.0	0.0	0.0	0.0	0.0	0.0	0.0	0.0	0.0	0.0	0.0	0.0	0.0	0.0	0.0	0.0	0.0	0.0	0.0	0.0	0.0	0.0	0.0	0.0	0.0	0.0	0.0	0.0	0.0	0.0	0.0	0.0	0.0	0.0	0.0	0.0	0.0	0.0
37384.81614084154	305.4257542865671	93284.89138151846	1397624477.884526	50441.49725775696	2189.6927785285807	4794754.464340216	2544344645.6043024	37140.558074398745	50.640711246058345	2564.48163550666	1379421054.0777855	38331.3044268549	23537.90566581842	1.914062	69.587662	0.43531059	0.277379	-0.0005820797	-0.0016830003	0.0231257023	-0.0650162991	-0.0043498393	0.0364809791	0.0601602311	0.0186764257	0.0637877686	0.0088794753	0.0191737275	-0.0235972965	-0.0305583152	-0.0810302305	0.0434179385	-0.0076253941	-0.0655261814	-0.057247395	0.0275382	-0.0237132539	0.0469255865	-0.0090200014	0.0475031766	-0.0482070592	-0.0046484357	0.0695063217	-0.0323610868	-0.1582575382	0.0110978592	-0.0473110395	0.0234559512	-0.122061425	0.0276258921	0.0210323329	0.0191298019	-0.0450581706	-0.0489887601	0.0125945059	0.0573348341	0.034755	0.02995759	0.0008974571986081	0.001207910025	-0.107528	-0.0394844999999999	0.0015590257402499	0.011562270784	0.615969	0.272939	0.3794178089609999	0.074495697721	-0.00121171	0.00087095	7.585539025000002e-07	1.4682411241e-06	-0.00196084	0.0008533	3.844893505600001e-06	7.281208899999999e-07	-0.00151111	-0.0001343399999999	1.8047235599999985e-08	2.2834534321e-06	0.0	0.0	0.0	0.0	0.0	0.0	0.0	0.0	0.0	0.0	0.0	0.0	0.0	0.0	0.0	0.0	0.0	0.0	0.0	0.0	0.0	0.0	0.0	0.0	0.0	0.0	0.0	0.0	0.0	0.0	0.0	0.0	0.0	0.0	0.0	0.0	0.0	0.0	0.0	1.0	0.0	0.0	0.0	0.0	0.0	0.0	0.0	0.0	0.0	0.0	0.0	0.0	0.0	0.0	0.0	0.0	0.0	0.0	0.0	0.0	0.0	0.0	0.0	0.0	0.0	0.0	0.0	0.0	0.0	0.0	0.0	0.0	0.0	0.0	0.0	0.0	0.0	0.0
37679.75327125871	294.93713041717274	86987.91089871636	1419763806.5829318	52591.11231510108	2149.6150573441264	4620844.894760592	2765825094.539577	37253.90131388637	113.34323948762176	12846.68993754838	1387853163.1047845	38648.22422400402	24026.86365522752	2.234063	81.22158799999998	1.7655277	0.977911	-0.0070893871	-0.005520643	0.0681827585	-0.1405326124	0.0225940919	0.0150078054	0.125352928	0.0286587573	0.1292292079	0.0046832188	0.0397119154	-0.1291031387	0.0011035098	-0.107968798	-0.0484599639	0.0213273063	-0.1322172816	0.0034595294	-0.0459619422	-0.0470930312	0.1233505649	-0.1756303577	0.0376539813	-0.1233690289	0.0849815038	0.1468058269	0.0200557936	0.1296063276	-0.0747605142	0.0646222258	0.0297158463	-0.0686418591	0.0774810554	0.0389991246	0.0188443174	-0.0454337147	-0.0485028239	0.0137717356	0.0574928243	0.0727194	0.0379644	0.00144129566736	0.00528811113636	0.0312868	0.1388148	0.0192695486990399	0.0009788638542399	1.28678	0.670811	1.6558027684	0.449987397721	0.0139145	0.01512621	0.000228802228964	0.0001936133102499	0.00126741	0.00322825	1.6063281081000002e-06	1.04215980625e-05	-0.00150682	4.289999999999893e-06	1.840409999999908e-11	2.2705065124000003e-06	0.0	0.0	0.0	0.0	0.0	0.0	0.0	0.0	0.0	0.0	0.0	0.0	0.0	0.0	0.0	0.0	0.0	0.0	0.0	0.0	0.0	0.0	0.0	0.0	0.0	0.0	0.0	0.0	0.0	0.0	0.0	0.0	0.0	0.0	0.0	0.0	0.0	0.0	0.0	0.0	1.0	0.0	0.0	0.0	0.0	0.0	0.0	0.0	0.0	0.0	0.0	0.0	0.0	0.0	0.0	0.0	0.0	0.0	0.0	0.0	0.0	0.0	0.0	0.0	0.0	0.0	0.0	0.0	0.0	0.0	0.0	0.0	0.0	0.0	0.0	0.0	0.0	0.0
37155.12863899713	-524.6246322615843	275231.0047756026	1380503584.1804247	46844.22673953088	-5746.8855755702025	33026693.818696856	2194381578.82458	37385.82014000788	131.91882612151676	17402.57668527897	1397699547.541019	38209.04309461806	23819.98184647303	2.963421	107.738152	0.4157020199999999	0.225457	0.0005225356	-0.0004382607	0.0222645763	0.0551858411	-0.0199034344	-0.0146396797	-0.0344645782	-0.0083207081	-0.0366423029	-0.0019676263	0.0024436756	-0.1140109232	0.0336790404	-0.0952144536	-0.0769880838	0.0608690155	-0.0611150254	0.0432851988	-0.0469352722	-0.0428796282	0.0804003054	-0.1393270423	-0.0863789649	-0.0579966551	0.0817766861	0.0397124337	-0.0252914399	0.1721814497	-0.0845022104	0.0396569411	0.065084389	0.0271048614	-0.0362878432	-0.0153641088	0.0185583162	-0.0458042765	-0.0480049204	0.0149429245	0.0576114118	0.0157891	-0.0569303	0.00324105905809	0.00024929567881	0.00011873	-0.0311680699999999	0.0009714485875248	1.40968129e-08	1.08336	-0.2034199999999999	1.1736688896000005	0.0413796963999999	0.0118451	-0.0020693999999999	4.282416359999996e-06	0.00014030639401	0.000983187	-0.000284223	9.66656676969e-07	8.078271372900006e-08	-0.00137677	0.00013005	1.6913002500000013e-08	1.8954956329e-06	0.0	0.0	0.0	0.0	0.0	0.0	0.0	0.0	0.0	0.0	0.0	0.0	0.0	0.0	0.0	0.0	0.0	0.0	0.0	0.0	0.0	0.0	0.0	0.0	0.0	0.0	0.0	0.0	0.0	0.0	0.0	0.0	0.0	0.0	0.0	0.0	0.0	0.0	0.0	0.0	0.0	1.0	0.0	0.0	0.0	0.0	0.0	0.0	0.0	0.0	0.0	0.0	0.0	0.0	0.0	0.0	0.0	0.0	0.0	0.0	0.0	0.0	0.0	0.0	0.0	0.0	0.0	0.0	0.0	0.0	0.0	0.0	0.0	0.0	0.0	0.0	0.0	0.0
37112.58724094278	-42.541398054345336	1809.7705484182568	1377344131.716589	47233.7371380702	389.5103985393216	151718.35057026116	2231025924.028312	37168.26908314548	-217.5510568624013	47328.462341947765	1381480226.6371083	38075.23014185856	23518.767818551176	0.996576	36.231522	0.2524505800000002	0.126773	0.0005835151	-0.001043025	0.0134585024	0.037727974	-0.0129252053	0.0012209117	-0.0224993206	-0.000529036	-0.0225457251	0.0042645043	-0.00324907	-0.1009932487	0.0322473812	-0.1173062818	-0.0218699909	0.0905305429	-0.0269467365	0.0148884735	-0.0356721774	-0.0199938667	0.0688141823	-0.0982376287	-0.0106041416	-0.0674409133	0.1361759853	0.0520528737	-0.0459294376	0.0929532016	0.0339615584	0.0376109333	0.0084836145	-0.0079886177	-0.0735950032	0.0329947805	0.0182718062	-0.0461698153	-0.0474951725	0.016107559	0.0576905153	-0.0683231	-0.0841122	0.0070748621888399	0.00466804599361	-0.0449885	-0.04510723	0.0020346621982729	0.00202396513225	1.02781	-0.0555500000000002	1.0563933960999998	0.0030858025	0.0117279	-0.0001172	1.3735840000000313e-08	0.0001375436384099	0.00126741	0.000284223	1.6063281081000002e-06	8.078271372900006e-08	-0.00232897	-0.0009522	9.0668484e-07	5.424101260900001e-06	0.0	0.0	0.0	0.0	0.0	0.0	0.0	0.0	0.0	0.0	0.0	0.0	0.0	0.0	0.0	0.0	0.0	0.0	0.0	0.0	0.0	0.0	0.0	0.0	0.0	0.0	0.0	0.0	0.0	0.0	0.0	0.0	0.0	0.0	0.0	0.0	0.0	0.0	0.0	0.0	0.0	0.0	0.0	0.0	0.0	0.0	0.0	0.0	0.0	0.0	0.0	0.0	0.0	0.0	0.0	0.0	0.0	0.0	0.0	0.0	0.0	0.0	0.0	0.0	0.0	0.0	0.0	0.0	0.0	0.0	0.0	0.0	0.0	0.0	0.0	0.0	0.0	0.0
37201.61541739337	89.0281764505853	7926.016202116552	1383960189.66364	47143.506660063686	-90.23047800651692	8141.539161284536	2222510220.207469	37238.7647689677	70.49568582222128	4969.64171954533	1386725601.5185103	38121.78922971492	23611.65134409882	0.8833769999999999	32.11607	0.3181814999999999	0.157972	0.0003332736	0.0005839779	0.0199200264	0.0349286256	-0.0124243861	-0.0144712695	-0.0190990904	-0.002305953	-0.0199552242	0.0017582207	-0.0027367111	-0.0822500503	0.0342964939	-0.0946660073	-0.0379227816	0.0827358787	-0.017187325	0.0039147329	-0.0281733914	-0.0014152034	0.0663754961	-0.0774278937	-0.0320204545	-0.0436208752	0.1580234334	0.034911169	-0.0384049294	0.073274832	-0.0760969509	0.0554823907	-0.0232629036	0.0209106577	-0.0462365023	0.0023946978	0.0179847953	-0.0465302911	-0.0469737057	0.0172651282	0.0577300806	-0.0966444	-0.0283213	0.00080209603369	0.00934014005136	-0.0331953	0.0117932	0.00013907956624	0.0011019279420899	0.9100450000000002	-0.1177649999999996	0.8281819020250004	0.0138685952249999	0.00955122	-0.00217668	4.737935822400001e-06	9.122580348839998e-05	0.00210722	0.0008398099999999	4.4403761284e-06	7.052808360999997e-07	-0.00213942	0.00018955	3.592920250000005e-08	4.5771179364e-06	0.0	0.0	0.0	0.0	0.0	0.0	0.0	0.0	0.0	0.0	0.0	0.0	0.0	0.0	0.0	0.0	0.0	0.0	0.0	0.0	0.0	0.0	0.0	0.0	0.0	0.0	0.0	0.0	0.0	0.0	0.0	0.0	0.0	0.0	0.0	0.0	0.0	0.0	0.0	0.0	0.0	0.0	0.0	0.0	0.0	0.0	0.0	0.0	0.0	0.0	0.0	0.0	0.0	0.0	0.0	0.0	0.0	0.0	0.0	0.0	0.0	0.0	0.0	0.0	0.0	0.0	0.0	0.0	0.0	0.0	0.0	0.0	0.0	0.0	0.0	0.0	0.0	0.0
37276.82501474959	75.20959735622455	5656.483534485419	1389561683.180261	47427.28397373001	283.7773136663236	80529.56375167501	2249347265.1248274	37253.86614156567	15.101372597964655	228.05145434255772	1387850542.4936929	38171.39298496893	23923.34029910772	0.7551689999999999	27.454935	0.1985586999999999	0.0957366	0.0008457263	0.0042068906	0.0152185869	0.0295686618	-0.0047190865	-0.00826953	-0.0192832036	-0.0007718189	-0.0190737265	0.0032819095	-0.0027857009	-0.0720369145	0.033651563	-0.0987197522	-0.0189750796	0.0797948873	0.005843446	-0.0080407276	-0.0252940704	0.0095691501	0.0730241568	-0.0579623164	-0.0236860498	-0.0307145329	0.1335822025	0.0333754658	-0.0424133196	0.0504583299	-0.0121721898	0.0369127145	0.011981359	0.0124599386	-0.0872854174	-0.0089883103	0.0176972914	-0.0468856643	-0.046440649	0.0184151243	0.0577300806	-0.0853291	0.0113153	0.00012803601409	0.00728105530681	-0.0530352	-0.0198399	0.00039362163201	0.0028127324390399	0.8318839999999998	-0.0781610000000003	0.6920309894559997	0.006109141921	0.00855002	-0.0010011999999999	1.002401439999998e-06	7.31028420004e-05	0.0016439	-0.0004633199999999	2.70240721e-06	2.1466542239999995e-07	-0.00181909	0.0003203299999999	1.0261130889999999e-07	3.3090884281e-06	0.0	0.0	0.0	0.0	0.0	0.0	0.0	0.0	0.0	0.0	0.0	0.0	0.0	0.0	0.0	0.0	0.0	0.0	0.0	0.0	0.0	0.0	0.0	0.0	0.0	0.0	0.0	0.0	0.0	0.0	0.0	0.0	0.0	0.0	0.0	0.0	0.0	0.0	0.0	0.0	0.0	0.0	0.0	0.0	0.0	0.0	0.0	0.0	0.0	0.0	0.0	0.0	0.0	0.0	0.0	0.0	0.0	0.0	0.0	0.0	0.0	0.0	0.0	0.0	0.0	0.0	0.0	0.0	0.0	0.0	0.0	0.0	0.0	0.0	0.0	0.0	0.0	0.0
37421.83216879294	145.00715404334915	21027.07472375159	1400393522.8693063	48571.01296837974	1143.728994649733	1308116.0132024891	2359143300.774513	37363.44194783238	109.57580626671552	12006.857319000772	1396026794.189041	38339.5582063231	24289.265846495146	0.8373859999999999	30.444025	0.376777	0.205468	0.0015255721	0.0077382677	0.0162854384	0.0032598413	-0.0109213484	0.0538129382	-0.0138060877	-0.0020378403	-0.0126165094	0.0010594916	-0.0028619282	-0.0487147882	0.0271548911	-0.0760048064	-0.0278226662	0.0631872728	0.0124101385	-0.0101797916	-0.0174609156	0.02659466	0.0695346872	-0.0316812941	-0.0152975376	0.0282911439	0.117348612	-0.0062457529	-0.0297491326	0.0355857573	-0.0527805288	0.0261314268	-0.0570624478	0.0213522748	-0.0443518476	-0.0287706592	0.0174093022	-0.047235896	-0.0458961336	0.0195570429	0.0576905153	-0.0720664	0.0132627	0.00017589921129	0.00519356600896	-0.0788876	-0.0258524	0.00066834658576	0.00622325343376	0.664216	-0.1676679999999998	0.441182894656	0.0281125582239999	0.00593665	-0.00261337	6.829702756900002e-06	3.52438132225e-05	0.000895842	-0.000748058	8.02532888964e-07	5.59590771364e-07	-0.00185754	-3.844999999999999e-05	1.4784024999999991e-09	3.4504548516e-06	0.0	0.0	0.0	0.0	0.0	0.0	0.0	0.0	0.0	0.0	0.0	0.0	0.0	0.0	0.0	0.0	0.0	0.0	0.0	0.0	0.0	0.0	0.0	0.0	0.0	0.0	0.0	0.0	0.0	0.0	0.0	0.0	0.0	0.0	0.0	0.0	0.0	0.0	0.0	0.0	0.0	0.0	0.0	0.0	0.0	0.0	0.0	0.0	0.0	0.0	0.0	0.0	0.0	0.0	0.0	0.0	0.0	0.0	0.0	0.0	0.0	0.0	0.0	0.0	0.0	0.0	0.0	0.0	0.0	0.0	0.0	0.0	0.0	0.0	0.0	0.0	0.0	0.0
37260.70728425465	-161.12488453829428	25961.228417478666	1388360307.3229074	47885.58941332198	-685.423555057765	469805.449828025	2293029673.4612536	37184.800545278646	-178.64140255373786	31912.75070636662	1382709391.592155	38137.66462399488	24354.59157350152	0.783238	28.475401	0.184131	0.106139	0.0023208769	0.0087210182	0.0084922712	0.0188759395	-0.0029997403	0.0219611018	-0.0167296432	-0.0023825001	-0.0164708901	0.0005000032	-0.0035981971	-0.0375612218	0.0225584634	-0.0660375796	-0.0109105664	0.0581155602	0.0274371351	-0.0062721599	-0.0193184066	0.0443890033	0.0733865234	-0.0165846325	-0.0080436533	0.0505251726	0.0806921243	-0.0048138051	-0.0266618016	0.0191247851	0.0011701787	0.0443003921	-0.0239480827	0.0258665396	-0.0683415707	-0.033812808	0.0171208358	-0.0475809477	-0.0453402941	0.0206903832	0.0576114118	-0.0505103	0.0215561	0.00046466544721	0.00255129040609	-0.0771575	0.0017300999999999	2.9932460099999943e-06	0.00595327980625	0.563559	-0.100657	0.317598746481	0.0101318316489999	0.00533631	-0.0006003399999999	3.6040811559999947e-07	2.8476204416100003e-05	0.000601166	-0.000294676	3.61400559556e-07	8.6833944976e-08	-0.0015488	0.00030874	9.532038760000005e-08	2.39878144e-06	0.0	0.0	0.0	0.0	0.0	0.0	0.0	0.0	0.0	0.0	0.0	0.0	0.0	0.0	0.0	0.0	0.0	0.0	0.0	0.0	0.0	0.0	0.0	0.0	0.0	0.0	0.0	0.0	0.0	0.0	0.0	0.0	0.0	0.0	0.0	0.0	0.0	0.0	0.0	0.0	0.0	0.0	0.0	0.0	0.0	0.0	0.0	0.0	0.0	0.0	0.0	0.0	0.0	0.0	0.0	0.0	0.0	0.0	0.0	0.0	0.0	0.0	0.0	0.0	0.0	0.0	0.0	0.0	0.0	0.0	0.0	0.0	0.0	0.0	0.0	0.0	0.0	0.0
37261.3701081512	0.6628238965495257	0.4393355178370963	1388409702.3366237	48130.10028625777	244.5108729357962	59785.56698382508	2316506553.5652304	37238.83914922818	54.03860394953517	2920.170716814718	1386731141.182089	38200.786247715645	24061.0593184053	0.786782	28.60424	0.1253158000000001	0.0673274	0.0027850989	0.0073834268	0.0092644502	0.0135003721	-0.012153951	0.0551740388	-0.0186227829	-0.0032574274	-0.0181627267	0.0008110155	-0.004487206	-0.0279792252	0.0202228347	-0.0539007928	-0.0204824522	0.0482296366	0.0214263444	-0.001653689	-0.0146636504	0.0407984349	0.06463457	-0.0076442716	0.0008700795	0.0652108521	0.0677103784	-0.0367952609	-0.0254987502	0.0030749834	-0.013206605	0.0197257921	-0.0801330094	0.0075267107	-0.0273789877	-0.0216224253	0.0168319	-0.0479207816	-0.0447732676	0.021814648	0.0574928243	-0.0509102	-0.0003999	1.5992001000000133e-07	0.00259184846404	-0.0788103	-0.0016527999999999	2.7317478399999864e-06	0.0062110633860899	0.515662	-0.047897	0.2659072982439999	0.002294122609	0.00483673	-0.00049958	2.495801764000004e-07	2.33939570929e-05	-0.000237916	-0.000839082	5.6604023056e-08	7.04058602724e-07	-0.00138014	0.0001686599999999	2.8446195599999985e-08	1.9047864196e-06	0.0	0.0	0.0	0.0	0.0	0.0	0.0	0.0	0.0	0.0	0.0	0.0	0.0	0.0	0.0	0.0	0.0	0.0	0.0	0.0	0.0	0.0	0.0	0.0	0.0	0.0	0.0	0.0	0.0	0.0	0.0	0.0	0.0	0.0	0.0	0.0	0.0	0.0	0.0	0.0	0.0	0.0	0.0	0.0	0.0	0.0	0.0	0.0	0.0	0.0	0.0	0.0	0.0	0.0	0.0	0.0	0.0	0.0	0.0	0.0	0.0	0.0	0.0	0.0	0.0	0.0	0.0	0.0	0.0	0.0	0.0	0.0	0.0	0.0	0.0	0.0	0.0	0.0
37141.69517198107	-119.67493617012951	14322.090347324573	1379505520.2483618	47808.79421375149	-321.3060725062824	103237.59222941236	2285680804.172838	37088.77673654562	-150.06241268256417	22518.7277001122	1375577359.8133273	38043.14625890899	24237.98871955502	0.778385	28.298952	0.1430996499999999	0.0753642	0.0023519959	0.007346968	0.0068004438	0.0159153019	0.0006001935	-0.0008344599	-0.0106231777	0.0005420858	-0.010328995	0.0021294843	-0.0045958241	-0.0216826738	0.0161208874	-0.0475829071	-0.0036934325	0.0418631138	0.0266912204	-0.006544343	-0.014963521	0.0518616963	0.0631801292	-0.0071943983	0.0016856474	0.0551431977	0.0524276597	-0.0193006117	-0.0141883442	0.0022283718	0.0025336941	0.0549472174	-0.019623388	0.0134513478	-0.0596997821	-0.0313825607	0.0165425028	-0.0482553605	-0.0441951939	0.0229293442	0.0573348341	-0.0469936	0.0039165999999999	1.5339755559999996e-05	0.00220839844096	-0.118573	-0.0397627	0.0015810723112899	0.014059556329	0.47563	-0.0400319999999999	0.2262238969	0.0016025610239999	0.00380796	-0.00102877	1.0583677129e-06	1.45005593616e-05	-0.000100889	0.000137027	1.0178590321e-08	1.8776398729e-08	-0.00140211	-2.1970000000000062e-05	4.826809000000027e-10	1.9659124521e-06	0.0	0.0	0.0	0.0	0.0	0.0	0.0	0.0	0.0	0.0	0.0	0.0	0.0	0.0	0.0	0.0	0.0	0.0	0.0	0.0	0.0	0.0	0.0	0.0	0.0	0.0	0.0	0.0	0.0	0.0	0.0	0.0	0.0	0.0	0.0	0.0	0.0	0.0	0.0	0.0	0.0	0.0	0.0	0.0	0.0	0.0	0.0	0.0	0.0	0.0	0.0	0.0	0.0	0.0	0.0	0.0	0.0	0.0	0.0	0.0	0.0	0.0	0.0	0.0	0.0	0.0	0.0	0.0	0.0	0.0	0.0	0.0	0.0	0.0	0.0	0.0	0.0	0.0
37174.764829060725	33.06965707965719	1093.6022193661208	1381963140.0959702	47913.155031611	104.36081785950957	10891.180304305728	2295670425.0831904	37174.47351522859	85.69677868297003	7343.937876637948	1381941481.1344316	38137.08889094481	24102.133403435124	0.8250619999999999	29.995937	0.1619277499999999	0.0721595	0.0036004605	0.009189484	0.0052842454	0.0224609194	-0.0124973216	0.0494752715	-0.0219746716	-0.0044554602	-0.0219864188	-2.86e-08	-0.0044067403	-0.0214814438	0.0213416869	-0.0461814527	-0.0202377952	0.051897758	0.0305293936	0.0028554211	-0.0114476829	0.0320521705	0.0640542584	-0.0016006781	0.0050529474	0.0502784769	0.0366335477	-0.0580073643	-0.0373246331	-0.006678256	0.0152545139	0.0017125587	-0.0790286616	-0.0145118954	-0.0169686479	0.0032446779	0.016252652	-0.0485846476	-0.0436062158	0.0240339827	0.0571375495	-0.0331309	0.0138627	0.00019217445129	0.00109765653481	-0.152881	-0.0343079999999999	0.0011770388639999	0.023372600161	0.515019	0.039389	0.265244570361	0.001551493321	0.00419648	0.0003885199999999	1.5094779039999986e-07	1.76104443904e-05	-0.00097942	-0.0008785309999999	9.592635363999998e-07	7.718167179609998e-07	-0.0011818	0.00022031	4.8536496100000026e-08	1.39665124e-06	0.0	0.0	0.0	0.0	0.0	0.0	0.0	0.0	0.0	0.0	0.0	0.0	0.0	0.0	0.0	0.0	0.0	0.0	0.0	0.0	0.0	0.0	0.0	0.0	0.0	0.0	0.0	0.0	0.0	0.0	0.0	0.0	0.0	0.0	0.0	0.0	0.0	0.0	0.0	0.0	0.0	0.0	0.0	0.0	0.0	0.0	0.0	0.0	0.0	0.0	0.0	0.0	0.0	0.0	0.0	0.0	0.0	0.0	0.0	0.0	0.0	0.0	0.0	0.0	0.0	0.0	0.0	0.0	0.0	0.0	0.0	0.0	0.0	0.0	0.0	0.0	0.0	0.0
37086.84798659994	-87.91684246078512	7729.371188274509	1375434293.581172	47697.38088945868	-215.7741421523242	46558.48042157141	2275040143.714098	37143.25181223858	-31.221702990005724	974.7947375961324	1379621155.1873646	38061.1963153326	24368.608868146504	0.8214289999999999	29.863857	0.19170982	0.0862948	0.0028336531	0.0089753822	0.0045784555	0.0233898995	0.0044417981	0.00260516	-0.0221869672	-0.0049706704	-0.0224204074	-0.0009414074	-0.0051157277	-0.02683409	0.0185239827	-0.0611814805	-0.0138243874	0.0507817188	0.0317598767	-0.0018588142	-0.0112435122	0.0116793756	0.0606180572	-0.0005607374	-0.0122590691	0.0430997913	0.0265960347	-0.0139013774	-0.0083798829	-0.0070101088	-0.01905683	0.0359388475	-0.0185223811	-0.0092257614	-0.0374900487	-0.0466716367	0.0159623556	-0.0489086069	-0.0430064784	0.0251280792	0.0569011056	-0.00488908	0.0282418199999999	0.0007976003969123	2.39031032464e-05	-0.129101	0.0237799999999999	0.0005654883999999	0.0166670682009999	0.572196	0.057177	0.327408262416	0.003269209329	0.0037936	-0.00040288	1.623122944e-07	1.439140096e-05	-0.00179083	-0.00081141	3.2070720889e-06	6.583861881000001e-07	-0.00161773	-0.0004359299999999	1.9003496489999998e-07	2.6170503529e-06	0.0	0.0	0.0	0.0	0.0	0.0	0.0	0.0	0.0	0.0	0.0	0.0	0.0	0.0	0.0	0.0	0.0	0.0	0.0	0.0	0.0	0.0	0.0	0.0	0.0	0.0	0.0	0.0	0.0	0.0	0.0	0.0	0.0	0.0	0.0	0.0	0.0	0.0	0.0	0.0	0.0	0.0	0.0	0.0	0.0	0.0	0.0	0.0	0.0	0.0	0.0	0.0	0.0	0.0	0.0	0.0	0.0	0.0	0.0	0.0	0.0	0.0	0.0	0.0	0.0	0.0	0.0	0.0	0.0	0.0	0.0	0.0	0.0	0.0	0.0	0.0	0.0	0.0
37035.18322907858	-51.66475752135739	2669.2471697406545	1371604796.8114235	48185.27899140996	487.89810195128666	238044.5578876681	2321821111.4800143	37120.1071486732	-23.144663565377414	535.6754515545088	1377902354.728979	38093.36227796053	23894.49083037528	0.848318	30.841457	0.14617462	0.0754721	0.0033782974	0.0078048049	0.0034783575	0.0119716809	-0.0111401328	0.0477958333	-0.0149685722	-0.0019161416	-0.0145075043	0.0017445679	-0.0052880744	-0.0203526752	0.0181836352	-0.0452545459	-0.0200239063	0.0438637823	0.0207988923	-0.0012675381	-0.0100636837	0.038501183	0.0451731283	-0.0113651837	0.0017300108	0.0449201464	0.0293832923	-0.0379804781	-0.011280586	0.0556377193	0.027435285	-0.015108232	-0.0777205084	0.0100615042	-0.0171096809	-0.0206031379	0.0156716217	-0.0492272028	-0.0423961298	0.0262111537	0.0566256646	-0.0316212	-0.02673212	0.0007146062396944	0.00099990028944	-0.158579	-0.029478	0.000868952484	0.025147299241	0.512654	-0.0595419999999999	0.262814123716	0.0035452497639999	0.00394713	0.00015353	2.357146090000008e-08	1.55798352369e-05	-0.00158878	0.00020205	2.5242218884e-06	4.082420250000002e-08	-0.0018706	-0.00025287	6.394323690000005e-08	3.49914436e-06	0.0	0.0	0.0	0.0	0.0	0.0	0.0	0.0	0.0	0.0	0.0	0.0	0.0	0.0	0.0	0.0	0.0	0.0	0.0	0.0	0.0	0.0	0.0	0.0	0.0	0.0	0.0	0.0	0.0	0.0	0.0	0.0	0.0	0.0	0.0	0.0	0.0	0.0	0.0	0.0	0.0	0.0	0.0	0.0	0.0	0.0	0.0	0.0	0.0	0.0	0.0	0.0	0.0	0.0	0.0	0.0	0.0	0.0	0.0	0.0	0.0	0.0	0.0	0.0	0.0	0.0	0.0	0.0	0.0	0.0	0.0	0.0	0.0	0.0	0.0	0.0	0.0	0.0
36992.348258673184	-42.83497040539805	1834.8346896313271	1368433829.690961	47809.93616937574	-375.3428220342248	140882.23405261576	2285789996.5197825	37022.73280623243	-97.37434244077303	9481.762565772931	1370682744.441679	37975.27202234101	24259.67094334857	0.833596	30.306234	0.2842988500000001	0.125824	0.0042621685	0.0101324854	-0.0017513606	0.0175198906	-0.0008296496	-0.0006937516	-0.0189085807	-0.0018436376	-0.0188094261	0.0012761136	-0.0066618615	-0.0088873175	0.0162722042	-0.035203295	-0.0064142974	0.0318181902	0.0256183797	0.0020466385	-0.0170920173	0.0135600074	0.0276893801	0.0059331351	-0.0043074495	0.0451326876	0.0137586326	-0.038730242	0.0026942986	-0.0164911849	-0.0263821646	0.0279872173	-0.02818535	-0.011708552	-0.0138482524	-0.0274134245	0.0153804581	-0.0495404004	-0.0417753207	0.0272827311	0.0563114151	-0.0242252	0.007396	5.470081600000005e-05	0.00058686031504	-0.126806	0.0317729999999999	0.0010095235289999	0.016079761636	0.4562	-0.056454	0.20811844	0.003187054116	0.00214254	-0.00180459	3.2565450681e-06	4.5904776516e-06	-0.000715633	0.0008731469999999	5.12130590689e-07	7.623856836089998e-07	-0.0007748199999999	0.0010957800000001	1.200733808400219e-06	6.00346032399845e-07	0.0	0.0	0.0	0.0	0.0	0.0	0.0	0.0	0.0	0.0	0.0	0.0	0.0	0.0	0.0	0.0	0.0	0.0	0.0	0.0	0.0	0.0	0.0	0.0	0.0	0.0	0.0	0.0	0.0	0.0	0.0	0.0	0.0	0.0	0.0	0.0	0.0	0.0	0.0	0.0	0.0	0.0	0.0	0.0	0.0	0.0	0.0	0.0	0.0	0.0	0.0	0.0	0.0	0.0	0.0	0.0	0.0	0.0	0.0	0.0	0.0	0.0	0.0	0.0	0.0	0.0	0.0	0.0	0.0	0.0	0.0	0.0	0.0	0.0	0.0	0.0	0.0	0.0
36942.85380631906	-49.494452354127134	2449.700813834961	1364774447.3550625	48254.70035961567	444.76419023993367	197815.1849197839	2328516106.796293	37019.90713790584	-2.8256683265935862	7.984401491914198	1370473524.4991715	38022.16362024854	24236.91209958236	0.8029779999999999	29.193073	0.16277615	0.0824313	0.004503466	0.0104601946	-0.0018288762	0.0069742384	-0.0083410461	0.0253318777	-0.0181274304	-0.0009639926	-0.0170418064	0.0029285006	-0.0066123639	-0.0108209862	0.0171275389	-0.0377599466	-0.0187209246	0.0321773747	0.0288246959	0.0041442451	-0.0053387252	0.012501273	0.0224062672	0.0119748773	0.0099695555	0.0453534711	0.0079167363	-0.0271488144	-0.0079203269	0.0274360656	0.0505744831	-0.0386338947	-0.0473919113	-0.0175425543	-0.0078622948	-0.0220014204	0.0150888728	-0.0498481654	-0.0411442041	0.0283423414	0.0559585727	-0.020541	0.0036841999999999	1.3573329639999987e-05	0.000421932681	-0.0827120999999999	0.0440939000000001	0.00194427201721	0.0068412914864099	0.464433	0.0082329999999999	0.2156980114889999	6.778228899999984e-05	0.0029106	0.00076806	5.899161636000002e-07	8.47159236e-06	-0.00174199	-0.0010263569999999	3.0345291601e-06	1.0534086914489997e-06	-0.000433936	0.0003408839999999	1.1620190145593182e-07	1.88300452096e-07	0.0	0.0	0.0	0.0	0.0	0.0	0.0	0.0	0.0	0.0	0.0	0.0	0.0	0.0	0.0	0.0	0.0	0.0	0.0	0.0	0.0	0.0	0.0	0.0	0.0	0.0	0.0	0.0	0.0	0.0	0.0	0.0	0.0	0.0	0.0	0.0	0.0	0.0	0.0	0.0	0.0	0.0	0.0	0.0	0.0	0.0	0.0	0.0	0.0	0.0	0.0	0.0	0.0	0.0	0.0	0.0	0.0	0.0	0.0	0.0	0.0	0.0	0.0	0.0	0.0	0.0	0.0	0.0	0.0	0.0	0.0	0.0	0.0	0.0	0.0	0.0	0.0	0.0
36865.19359226539	-77.66021405367064	6031.108846861944	1359042498.5952048	47512.52273979006	-742.177619825612	550827.6193700108	2257439817.099068	37023.852299877006	3.945161971169	15.56430297875807	1370765639.123108	37944.2378105583	24237.37126090022	0.853394	31.025978	0.1884907	0.117537	0.0036653307	0.009236246	-0.002022986	0.0222643386	-0.0009893599	-0.031408297	-0.0247888737	-0.0050494965	-0.0253011919	-0.000177388	-0.0060623387	-0.0171422339	0.0187791433	-0.0526509471	-0.01630361	0.0500692987	0.036359818	-0.0032543439	-0.0118487997	-0.0077182203	0.0180659112	0.0083426719	-0.0129427263	0.0153776563	0.0272040645	-0.0232073611	-0.0153739005	-0.0182968823	-0.0555508906	0.0006497208	-0.0416474998	-0.0339586915	0.0093519727	-0.0295089497	0.0147968739	-0.0501504639	-0.0405029358	0.0293895198	0.055567379	-0.0239611	-0.0034200999999999	1.1697084009999993e-05	0.0005741343132099	-0.103425	-0.0207129000000001	0.00042902422641	0.010696730625	0.571784	0.1073509999999999	0.3269369426559999	0.0115242372009999	0.00260411	-0.00030649	9.393612009999998e-08	6.781388892100001e-06	-0.00124923	0.0004927599999999	1.5605755929000002e-06	2.428124175999999e-07	-0.0007748199999999	-0.0003408839999999	1.1620190145593182e-07	6.00346032399845e-07	0.0	0.0	0.0	0.0	0.0	0.0	0.0	0.0	0.0	0.0	0.0	0.0	0.0	0.0	0.0	0.0	0.0	0.0	0.0	0.0	0.0	0.0	0.0	0.0	0.0	0.0	0.0	0.0	0.0	0.0	0.0	0.0	0.0	0.0	0.0	0.0	0.0	0.0	0.0	0.0	0.0	0.0	0.0	0.0	0.0	0.0	0.0	0.0	0.0	0.0	0.0	0.0	0.0	0.0	0.0	0.0	0.0	0.0	0.0	0.0	0.0	0.0	0.0	0.0	0.0	0.0	0.0	0.0	0.0	0.0	0.0	0.0	0.0	0.0	0.0	0.0	0.0	0.0
36700.92692118882	-164.26667107656976	26983.539226577963	1346958036.874442	47636.25325135145	123.73051156139265	15309.239491243916	2269212623.826892	36956.94350936815	-66.90879050885269	4476.786247357536	1365815673.5546288	37914.06558365314	24000.009520471343	0.8361769999999998	30.400061	0.1445188	0.0698951	0.0038903136	0.008425328	-0.0073505708	0.019320849	-0.0094891862	-0.0223209013	-0.0219004636	-0.0049945116	-0.022771949	0.0001108945	-0.0078044176	-0.0159172017	0.0213986846	-0.0475645939	-0.0188105255	0.0426562836	0.0241100477	-0.0081218342	-0.0047702906	0.0239063525	0.0044984311	-0.009037763	-0.0026060331	0.0091021971	0.0298240031	-0.0214921865	-0.0177229005	0.063270864	0.0374118302	-0.0177151219	-0.0193763465	-0.0068849566	-0.0417724714	-0.0397504926	0.0145044693	-0.0504472628	-0.0398516739	0.030423807	0.0551381022	-0.0532569	-0.0292958	0.00085824389764	0.00283629739761	-0.105904	-0.0024789999999999	6.145440999999976e-06	0.011215657216	0.544982	-0.0268019999999999	0.297005380324	0.0007183472039999	0.00343546	0.0008313499999999	6.911428224999997e-07	1.18023854116e-05	-0.001685	-0.00043577	2.8392250000000003e-06	1.8989549290000007e-07	-0.00122654	-0.00045172	2.040509584000903e-07	1.5044003715999995e-06	0.0	0.0	0.0	0.0	0.0	0.0	0.0	0.0	0.0	0.0	0.0	0.0	0.0	0.0	0.0	0.0	0.0	0.0	0.0	0.0	0.0	0.0	0.0	0.0	0.0	0.0	0.0	0.0	0.0	0.0	0.0	0.0	0.0	0.0	0.0	0.0	0.0	0.0	0.0	0.0	0.0	0.0	0.0	0.0	0.0	0.0	0.0	0.0	0.0	0.0	0.0	0.0	0.0	0.0	0.0	0.0	0.0	0.0	0.0	0.0	0.0	0.0	0.0	0.0	0.0	0.0	0.0	0.0	0.0	0.0	0.0	0.0	0.0	0.0	0.0	0.0	0.0	0.0
36635.13630337269	-65.79061781612836	4328.405392627867	1342133211.9666955	47436.28008830717	-199.9731630442839	39989.265937935736	2250200668.616328	36835.5704544578	-121.3730549103566	14731.418458272436	1356859250.7053242	37796.7771843019	23714.19268233219	0.857661	31.181122	0.0696833999999999	0.0380546	0.0033834098	0.0058765531	-0.0053187221	0.0135445759	-0.0050080806	-0.0587469805	-0.0111209923	-3.52403e-05	-0.0113446209	0.0024702038	-0.0068869749	-0.0104123869	0.019411753	-0.0486959499	-0.0082746331	0.0399187405	0.0292431846	-0.013233953	-0.0074006358	0.0220593633	-0.0072905043	-0.0020004369	0.0035237381	-0.0069453958	0.0314735039	-0.0383481513	-0.0085505627	0.0070774186	-0.0482717553	0.007709893	-0.0683884896	-0.0256466476	0.0029306122	-0.0114002828	0.014211667	-0.0507385297	-0.0391905793	0.0314447493	0.0546710365	-0.047978	0.0052789	2.786678521000003e-05	0.002301888484	-0.105871	3.299999999999137e-05	1.0889999999994303e-09	0.011208668641	0.536018	-0.0089639999999999	0.287315296324	8.03532959999995e-05	0.00286453	-0.0005709299999999	3.2596106489999986e-07	8.205532120900001e-06	-0.00121556	0.00046944	1.4775861136000002e-06	2.203739136e-07	-0.00115876	6.777999999999992e-05	4.594128399999989e-09	1.3427247376e-06	0.0	0.0	0.0	0.0	0.0	0.0	0.0	0.0	0.0	0.0	0.0	0.0	0.0	0.0	0.0	0.0	0.0	0.0	0.0	0.0	0.0	0.0	0.0	0.0	0.0	0.0	0.0	0.0	0.0	0.0	0.0	0.0	0.0	0.0	0.0	0.0	0.0	0.0	0.0	0.0	0.0	0.0	0.0	0.0	0.0	0.0	0.0	0.0	0.0	0.0	0.0	0.0	0.0	0.0	0.0	0.0	0.0	0.0	0.0	0.0	0.0	0.0	0.0	0.0	0.0	0.0	0.0	0.0	0.0	0.0	0.0	0.0	0.0	0.0	0.0	0.0	0.0	0.0
36565.2097980324	-69.92650534028508	4889.716149104917	1337014567.5741248	47537.64575311019	101.3656648030228	10274.998000958778	2259827763.748196	36858.83667059149	23.26621613369207	541.3168131796731	1358573840.70934	37828.07559393275	24007.93773738708	0.86627	31.494127	0.0984701999999999	0.0575392	0.0039163698	0.010085191	-0.0075019741	0.0031736311	0.0030984785	-0.089060427	-0.0033605421	0.0025260438	-0.0037122914	0.0031037943	-0.0069974458	-0.006548025	0.0158683155	-0.0390795773	-0.0145752043	0.0281060319	0.0205985462	-0.0166062174	-0.0059335762	0.038440185	-0.018360112	-0.0202986519	0.0085560754	-0.021156043	0.0098645336	-0.0203143556	0.0090841509	0.0492859566	-8.2048e-06	0.039458619	-0.0032193184	0.0079989768	-0.0272510507	-0.0400443342	0.0139184751	-0.0510242324	-0.038519815	0.032451899	0.054166502	-0.0477343	0.0002436999999999	5.938968999999975e-08	0.00227856339649	-0.118874	-0.0130029999999999	0.0001690780089999	0.0141310278759999	0.488895	-0.0471229999999999	0.239018321025	0.0022205771289999	0.00303417	0.0001696399999999	2.8777729599999998e-08	9.2061875889e-06	-0.00172824	-0.00051268	2.9868134976e-06	2.628407824e-07	-0.00107907	7.96900000000001e-05	6.3504961000000165e-09	1.1643920649e-06	0.0	0.0	0.0	0.0	0.0	0.0	0.0	0.0	0.0	0.0	0.0	0.0	0.0	0.0	0.0	0.0	0.0	0.0	0.0	0.0	0.0	0.0	0.0	0.0	0.0	0.0	0.0	0.0	0.0	0.0	0.0	0.0	0.0	0.0	0.0	0.0	0.0	0.0	0.0	0.0	0.0	0.0	0.0	0.0	0.0	0.0	0.0	0.0	0.0	0.0	0.0	0.0	0.0	0.0	0.0	0.0	0.0	0.0	0.0	0.0	0.0	0.0	0.0	0.0	0.0	0.0	0.0	0.0	0.0	0.0	0.0	0.0	0.0	0.0	0.0	0.0	0.0	0.0
36540.892061384	-24.31773664840148	591.3523157010084	1335236792.6417165	47485.95143337159	-51.694319738599006	2672.302693236507	2254915583.532525	36846.01375356769	-12.822917023797345	164.42720099919177	1357628729.5280995	37809.32181423612	23179.550528836284	0.982325	35.713398	0.1049807999999999	0.063599	0.0039345111	0.0070833905	-0.0061279552	0.0109644165	-0.0096159443	-0.0754675392	-0.0101999508	0.0022024228	-0.0104192282	0.004382218	-0.0074424822	-0.0031424299	0.0173789758	-0.0372498065	-0.012768517	0.0385373994	0.0336568787	-0.0106148324	-0.0089547553	0.0217877104	-0.0291010089	-0.0034786517	0.0098498393	-0.0373923078	0.012056866	-0.0336477801	0.0005152461	0.021820179	-0.0195990381	-0.020707532	-0.0739142236	-0.0324658165	0.030659747	0.0062783954	0.0136249017	-0.0513043398	-0.0378395465	0.0334448141	0.0536248445	-0.0466817	0.0010526	1.1079667600000016e-06	0.00217918111489	-0.155833	-0.036959	0.001365967681	0.024283923889	0.501064	0.0121689999999999	0.2510651320959999	0.0001480845609999	0.0021592	-0.00087497	7.655725009000001e-07	4.66214464e-06	-0.00168982	3.841999999999995e-05	2.8554916324000005e-06	1.4760963999999959e-09	-0.000896456	0.0001826139999999	3.3347872995999964e-08	8.03633359936e-07	0.0	0.0	0.0	0.0	0.0	0.0	0.0	0.0	0.0	0.0	0.0	0.0	0.0	0.0	0.0	0.0	0.0	0.0	0.0	0.0	0.0	0.0	0.0	0.0	0.0	0.0	0.0	0.0	0.0	0.0	0.0	0.0	0.0	0.0	0.0	0.0	0.0	0.0	0.0	0.0	0.0	0.0	0.0	0.0	0.0	0.0	0.0	0.0	0.0	0.0	0.0	0.0	0.0	0.0	0.0	0.0	0.0	0.0	0.0	0.0	0.0	0.0	0.0	0.0	0.0	0.0	0.0	0.0	0.0	0.0	0.0	0.0	0.0	0.0	0.0	0.0	0.0	0.0
36459.61886803911	-81.27319334488857	6605.331956475639	1329303808.0026736	47348.25773150548	-137.69370186611195	18959.55553359372	2241857510.2090683	36802.27248370431	-43.741269863377966	1913.2986892608571	1354407259.9648197	37759.71171098319	23397.605041419487	0.8404319999999998	30.554741	0.0682145	0.0416297	0.0040278486	0.0071900948	-0.0092307427	0.0062215078	0.0023099365	-0.1185761408	-0.0077426311	0.0019409174	-0.0076074475	0.0031275393	-0.0081307086	0.0008471365	0.0168956224	-0.0289331283	-0.0178048054	0.0323372049	0.0253270541	-0.0162507959	-0.001153096	0.0251639818	-0.0449976563	-0.0052137993	0.0110478242	-0.0632086369	-0.002902956	-0.0071771772	0.0155588193	0.0151082735	-0.0226122688	0.0445769806	0.0095303647	-0.0232870552	-0.013053595	-0.0313906183	0.0133309547	-0.0515788212	-0.0371499417	0.0344230592	0.0530464353	-0.0470608	-0.0003791	1.437168100000002e-07	0.00221471889664	-0.1631	-0.0072669999999999	5.280928899999994e-05	0.0266016099999999	0.50564	0.004576	0.2556718095999999	2.0939776000000224e-05	0.0015626	-0.0005966	3.559315600000001e-07	2.44171876e-06	-0.00119327	0.00049655	1.4238932929e-06	2.4656190250000013e-07	-0.000923154	-2.669800000000002e-05	7.12783204000001e-10	8.522133077160001e-07	0.0	0.0	0.0	0.0	0.0	0.0	0.0	0.0	0.0	0.0	0.0	0.0	0.0	0.0	0.0	0.0	0.0	0.0	0.0	0.0	0.0	0.0	0.0	0.0	0.0	0.0	0.0	0.0	0.0	0.0	0.0	0.0	0.0	0.0	0.0	0.0	0.0	0.0	0.0	0.0	0.0	0.0	0.0	0.0	0.0	0.0	0.0	0.0	0.0	0.0	0.0	0.0	0.0	0.0	0.0	0.0	0.0	0.0	0.0	0.0	0.0	0.0	0.0	0.0	0.0	0.0	0.0	0.0	0.0	0.0	0.0	0.0	0.0	0.0	0.0	0.0	0.0	0.0
36484.99704371289	25.378175673773512	644.0518005289097	1331155009.2797382	47339.695988225714	-8.561743279766233	73.30344798862225	2241046816.2576337	36845.41563474955	43.14315104523848	1861.3314821122624	1357584653.2974467	37788.99707213999	23155.89880691887	0.806273	29.312872	0.0576884499999999	0.0469446	0.0044251284	0.0082657588	-0.007574932	0.0175913119	-0.0122252403	-0.0659132571	-0.0113907962	0.0017400275	-0.0118964901	0.0043404481	-0.0076111685	0.0025083437	0.0199350633	-0.0319910416	-0.0138051303	0.0347065535	0.0316415829	-0.013361536	0.0008629517	0.0191403189	-0.0556117688	0.0016309492	0.0115102224	-0.0643498005	0.0002824049	-0.0185023382	0.0055800799	0.0489990397	0.0348415029	-0.0446130693	-0.0265869636	-0.031435387	0.0010151424	0.0025669818	0.0130366422	-0.0518476463	-0.0364511706	0.0353862052	0.0524316706	-0.0486964	-0.0016356	2.675187360000003e-06	0.00237133937296	-0.116626	0.046474	0.002159832676	0.0136016238759999	0.50327	-0.0023699999999999	0.2532806929	5.616899999999921e-06	0.00160707	4.447000000000001e-05	1.977580900000001e-09	2.5826739849e-06	-0.00112032	7.295000000000001e-05	1.2551169023999998e-06	5.321702500000001e-09	-0.0008963969999999	2.675700000010005e-05	7.159370490053539e-10	8.035275816088207e-07	0.0	0.0	0.0	0.0	0.0	0.0	0.0	0.0	0.0	0.0	0.0	0.0	0.0	0.0	0.0	0.0	0.0	0.0	0.0	0.0	0.0	0.0	0.0	0.0	0.0	0.0	0.0	0.0	0.0	0.0	0.0	0.0	0.0	0.0	0.0	0.0	0.0	0.0	0.0	0.0	0.0	0.0	0.0	0.0	0.0	0.0	0.0	0.0	0.0	0.0	0.0	0.0	0.0	0.0	0.0	0.0	0.0	0.0	0.0	0.0	0.0	0.0	0.0	0.0	0.0	0.0	0.0	0.0	0.0	0.0	0.0	0.0	0.0	0.0	0.0	0.0	0.0	0.0
36489.24022487178	4.243181158890366	18.004586347162185	1331464652.1884005	46989.96962936907	-349.72635885664204	122308.52607912476	2208057245.769028	36943.83397848241	98.4183437328611	9686.1703831196	1364846869.0296717	37824.72585594846	23262.06889746364	0.8414479999999999	30.591682	0.0567342	0.0380089	0.0049200011	0.0085508108	-0.0126588846	0.0298624655	-0.0070046794	-0.1017459747	-0.0304530415	-0.0044155657	-0.0307764821	0.0021043295	-0.0086169698	0.0023546111	0.0188378712	-0.025571709	-0.0184202591	0.0424996231	0.0454214169	-0.0095425381	-0.0103937758	0.0216289483	-0.0592617478	-0.0045002354	-0.0086701943	-0.0717710492	-0.0092197087	-0.0223795273	0.0080436841	0.022216703	-0.0366093024	0.0400996445	0.0150039981	-0.0298475436	-0.004352395	-0.0313908081	0.0127419724	-0.0521107857	-0.0357434058	0.0363338297	0.0517809719	-0.0469635	0.0017329	3.0029424100000084e-06	0.0022055703322499	-0.153089	-0.036463	0.001329550369	0.023436241921	0.494456	-0.0088139999999999	0.244486735936	7.76865959999998e-05	0.00165992	5.285000000000012e-05	2.7931225000000123e-09	2.7553344064e-06	-0.00119327	-7.295000000000001e-05	1.4238932929e-06	5.321702500000001e-09	-0.0008277109999999	6.868599999999999e-05	4.717766595999998e-09	6.851054995208345e-07	0.0	0.0	0.0	0.0	0.0	0.0	0.0	0.0	0.0	0.0	0.0	0.0	0.0	0.0	0.0	0.0	0.0	0.0	0.0	0.0	0.0	0.0	0.0	0.0	0.0	0.0	0.0	0.0	0.0	0.0	0.0	0.0	0.0	0.0	0.0	0.0	0.0	0.0	0.0	0.0	0.0	0.0	0.0	0.0	0.0	0.0	0.0	0.0	0.0	0.0	0.0	0.0	0.0	0.0	0.0	0.0	0.0	0.0	0.0	0.0	0.0	0.0	0.0	0.0	0.0	0.0	0.0	0.0	0.0	0.0	0.0	0.0	0.0	0.0	0.0	0.0	0.0	0.0
36548.59011775856	59.3498928867848	3522.409785672829	1335799439.595919	47701.41683019846	711.4472008293887	506157.1195679726	2275425167.608341	36804.32528316563	-139.50869531678472	19462.676068991477	1354558359.5490646	37772.46927814328	23133.054825272306	0.905923	32.935726	0.0258069	0.0125422	0.003810336	0.0089908643	-0.0059463637	-0.0017192459	-0.0058825318	-0.0803066617	6.73048e-05	0.0050377824	0.0008266545	0.0051097986	-0.0079968065	0.0070961041	0.0162650564	-0.0278949001	-0.0135378096	0.032625683	0.0261479504	-0.0234358109	0.0020667102	0.0289165338	-0.0514254995	-0.0046823463	0.0227881481	-0.0842043276	-0.0065351714	-0.0011332562	0.0219345035	0.0525245794	0.0442804227	-0.0183736763	-0.0021613171	-0.0157227158	0.0011118463	-0.0078238681	0.0124469532	-0.0523682106	-0.0350268219	0.037265517	0.0510947851	-0.0458385	0.001125	1.2656250000000022e-06	0.00210116808225	-0.160848	-0.0077589999999999	6.0202080999999816e-05	0.025872079104	0.486764	-0.007692	0.2369391916959999	5.9166864000000494e-05	0.00155421	-0.0001057099999999	1.1174604099999992e-08	2.4155687241e-06	-0.00119327	0.0	1.4238932929e-06	0.0	-0.000906619	-7.89080000001e-05	6.226472464015782e-09	8.21958011161e-07	0.0	0.0	0.0	0.0	0.0	0.0	0.0	0.0	0.0	0.0	0.0	0.0	0.0	0.0	0.0	0.0	0.0	0.0	0.0	0.0	0.0	0.0	0.0	0.0	0.0	0.0	0.0	0.0	0.0	0.0	0.0	0.0	0.0	0.0	0.0	0.0	0.0	0.0	0.0	0.0	0.0	0.0	0.0	0.0	0.0	0.0	0.0	0.0	0.0	0.0	0.0	0.0	0.0	0.0	0.0	0.0	0.0	0.0	0.0	0.0	0.0	0.0	0.0	0.0	0.0	0.0	0.0	0.0	0.0	0.0	0.0	0.0	0.0	0.0	0.0	0.0	0.0	0.0
36598.90622169255	50.31610393399024	2531.7103150961075	1339479936.624246	47436.86676864263	-264.550061555834	69986.73506919554	2250256328.825951	36885.29248020091	80.96719703527924	6555.686995749732	1360524801.3499656	37816.41923245614	23335.990961056363	0.755857	27.479931	0.0599876999999999	0.0308199	0.0041650886	0.0091720167	-0.0066012445	0.0122956156	-0.0066842267	-0.0858016627	-0.0098599734	0.0010931083	-0.0103564419	0.0032305551	-0.0082228934	0.0086896495	0.0165582573	-0.0217787552	-0.0166637481	0.0307717223	0.0360235	-0.0162567426	-0.0037196027	0.0261137201	-0.0566077313	-0.0079087428	0.0072308884	-0.0663215317	-0.0035187252	-0.010684623	0.0212508044	0.0270526991	-0.0314995012	0.0229923812	-0.0153163301	-0.0207292135	0.0152945822	-0.0152818509	0.0121515927	-0.0526198927	-0.0343015956	0.0381808583	0.0503735805	-0.0497342	-0.0038957	1.5176478490000014e-05	0.00247349064964	-0.153523	0.0073249999999999	5.3655624999999976e-05	0.023569311529	0.462777	-0.0239869999999999	0.214162551729	0.0005753761689999	0.001557	2.7899999999999106e-06	7.784099999999502e-12	2.424249e-06	-0.000998478	0.000194792	9.969583164839998e-07	3.794392326400002e-08	-0.000608601	0.000298018	8.881472832400004e-08	3.703951772009999e-07	0.0	0.0	0.0	0.0	0.0	0.0	0.0	0.0	0.0	0.0	0.0	0.0	0.0	0.0	0.0	0.0	0.0	0.0	0.0	0.0	0.0	0.0	0.0	0.0	0.0	0.0	0.0	0.0	0.0	0.0	0.0	0.0	0.0	0.0	0.0	0.0	0.0	0.0	0.0	0.0	0.0	0.0	0.0	0.0	0.0	0.0	0.0	0.0	0.0	0.0	0.0	0.0	0.0	0.0	0.0	0.0	0.0	0.0	0.0	0.0	0.0	0.0	0.0	0.0	0.0	0.0	0.0	0.0	0.0	0.0	0.0	0.0	0.0	0.0	0.0	0.0	0.0	0.0
36616.87155347751	17.965331784958835	322.7531461436522	1340795282.3638706	47760.43084225045	323.5640736078203	104693.70972968696	2281058754.237388	36869.21817654407	-16.07430365683831	258.3832380522455	1359339248.9496076	37838.25052860015	23340.721736079595	0.74216	26.981987	0.0727146499999999	0.0316994	0.0044795807	0.0107652852	-0.0069334924	0.0027356099	-0.0022144504	-0.0583714965	-0.0057180777	0.0031861457	-0.0052928944	0.0038417539	-0.0080901256	0.0113743992	0.0128516693	-0.021114876	-0.0081573885	0.0325249542	0.0287299144	-0.0191412503	-0.0020612523	0.0320062477	-0.0459687591	-0.0077437757	0.0157654683	-0.0705335437	-0.0131659369	-0.0100253497	0.0131639909	0.0494952576	0.0454253302	-0.005869316	0.001750321	-0.0161479585	-0.0093327399	0.0014773988	0.0118558991	-0.0528658045	-0.0335679058	0.0390794523	0.0496178523	-0.0463301	0.0034041	1.158789681e-05	0.00214647816601	-0.172673	-0.01915	0.0003667225	0.029815964929	0.446776	-0.0160009999999999	0.199608794176	0.0002560320009999	0.00130871	-0.0002482899999999	6.164792409999998e-08	1.7127218641e-06	-0.00119327	-0.000194792	1.4238932929e-06	3.794392326400002e-08	-0.00084871	-0.000240109	5.765233188100004e-08	7.203086641000001e-07	0.0	0.0	0.0	0.0	0.0	0.0	0.0	0.0	0.0	0.0	0.0	0.0	0.0	0.0	0.0	0.0	0.0	0.0	0.0	0.0	0.0	0.0	0.0	0.0	0.0	0.0	0.0	0.0	0.0	0.0	0.0	0.0	0.0	0.0	0.0	0.0	0.0	0.0	0.0	0.0	0.0	0.0	0.0	0.0	0.0	0.0	0.0	0.0	0.0	0.0	0.0	0.0	0.0	0.0	0.0	0.0	0.0	0.0	0.0	0.0	0.0	0.0	0.0	0.0	0.0	0.0	0.0	0.0	0.0	0.0	0.0	0.0	0.0	0.0	0.0	0.0	0.0	0.0
36636.02553293241	19.153979454902583	366.8749289588303	1342198366.8496757	47533.546881942384	-226.88396030806325	51476.33144507082	2259438079.1778145	36966.10109618203	96.88291963795928	9386.300117575274	1366492630.2531502	37890.00348090278	23401.4293822398	0.78656	28.596176	0.0438847	0.022249	0.0047778872	0.0113375538	-0.0068863069	0.0142474088	-0.002593193	-0.0590571704	-0.017749936	-0.002930427	-0.0182749112	0.0004485742	-0.0093603804	0.0128545847	0.0148247452	-0.018816808	-0.0137387788	0.0315666046	0.0352042887	-0.0128472216	-0.0010811078	0.0221465045	-0.0479222585	-0.0020127251	0.0039971931	-0.0555377102	-0.011901361	-0.0224925818	0.0138397805	0.0099615669	-0.0335821101	0.0240926721	-0.0143052936	-0.0164419742	0.0031274372	-0.0081729283	0.0115598805	-0.0531059189	-0.0328259338	0.0399609048	0.0488281186	-0.0342388	0.0120913	0.00014619953569	0.00117229542544	-0.158815	0.0138579999999999	0.0001920441639999	0.025222204225	0.445565	-0.001211	0.198528169225	1.4665210000000426e-06	0.00104188	-0.00026683	7.119824890000002e-08	1.0855139344e-06	-0.00119327	0.0	1.4238932929e-06	0.0	-0.000916368	-6.765799999999995e-05	4.577604963999994e-09	8.39730311424e-07	0.0	0.0	0.0	0.0	0.0	0.0	0.0	0.0	0.0	0.0	0.0	0.0	0.0	0.0	0.0	0.0	0.0	0.0	0.0	0.0	0.0	0.0	0.0	0.0	0.0	0.0	0.0	0.0	0.0	0.0	0.0	0.0	0.0	0.0	0.0	0.0	0.0	0.0	0.0	0.0	0.0	0.0	0.0	0.0	0.0	0.0	0.0	0.0	0.0	0.0	0.0	0.0	0.0	0.0	0.0	0.0	0.0	0.0	0.0	0.0	0.0	0.0	0.0	0.0	0.0	0.0	0.0	0.0	0.0	0.0	0.0	0.0	0.0	0.0	0.0	0.0	0.0	0.0
36643.650976634126	7.625443701712356	58.14739164798465	1342757156.8973792	47469.78598470824	-63.76089723414043	4065.4520161026167	2253380581.434004	36966.11304688572	0.0119507036943105	0.0001428193187892	1366493513.7951348	37924.130492964185	23404.38348616604	0.758027	27.558825	0.0462282	0.0214092	0.0047357929	0.0124709166	-0.0075734709	0.0170045492	-0.0056601213	-0.0508105385	-0.0157767969	-0.0018614718	-0.0156924138	0.0017243351	-0.0087108812	0.0136146009	0.0136016227	-0.0205875529	-0.0102953368	0.0359504138	0.0328878768	-0.0141018791	-0.0021716481	0.023979086	-0.038973304	-0.0046814528	0.0064588881	-0.0616182086	-0.0123347262	-0.0159623656	0.0055443802	0.0421969301	0.0371358	0.0006498368	0.0159876982	-0.0127443671	-0.0107360236	-0.0080692678	0.011263545	-0.0533402097	-0.0320758624	0.040824829	0.0480049204	-0.0294042	0.0048346	2.337335716000001e-05	0.00086460697764	-0.162062	-0.003247	1.0543008999999998e-05	0.026264091844	0.453359	0.007794	0.205534382881	6.074643600000036e-05	0.00139913	0.0003572499999999	1.2762756249999996e-07	1.9575647569e-06	-0.00127278	-7.951000000000008e-05	1.6199689284000002e-06	6.321840100000013e-09	-0.00108666	-0.0001702919999999	2.899936526399998e-08	1.1808299556e-06	0.0	0.0	0.0	0.0	0.0	0.0	0.0	0.0	0.0	0.0	0.0	0.0	0.0	0.0	0.0	0.0	0.0	0.0	0.0	0.0	0.0	0.0	0.0	0.0	0.0	0.0	0.0	0.0	0.0	0.0	0.0	0.0	0.0	0.0	0.0	0.0	0.0	0.0	0.0	0.0	0.0	0.0	0.0	0.0	0.0	0.0	0.0	0.0	0.0	0.0	0.0	0.0	0.0	0.0	0.0	0.0	0.0	0.0	0.0	0.0	0.0	0.0	0.0	0.0	0.0	0.0	0.0	0.0	0.0	0.0	0.0	0.0	0.0	0.0	0.0	0.0	0.0	0.0
36631.68778180098	-11.963194833144373	143.11803061577217	1341880549.7433474	47616.58658082791	146.80059611966865	21550.415021090063	2267339317.609481	36917.24151708422	-48.87152980150131	2388.426425139031	1362882721.230727	37854.169727247805	23381.61153005597	0.793608	28.852428	0.0571784999999999	0.0285124	0.0042782818	0.0103510115	-0.0069416482	0.0146625085	-0.0037482035	-0.0561164727	-0.0161956625	-0.0012110128	-0.0159093556	0.0021751161	-0.0088528327	0.0167284083	0.0164250365	-0.0174254977	-0.0160273693	0.0338043293	0.0355897638	-0.0157272189	-0.002420845	0.0181165328	-0.0431786302	-0.0009995818	0.0011562051	-0.046051842	-0.0056434943	-0.0204782951	0.0104795706	0.0219413188	-0.0331579487	0.0057345087	-0.0228769953	-0.0262349812	0.0179503005	-0.0101679892	0.0109669007	-0.0535686511	-0.0313178767	0.0416708462	0.0471488222	-0.0465431	-0.0171389	0.00029374189321	0.00216626015761	-0.163217	-0.0011549999999999	1.3340249999999751e-06	0.026639789089	0.456846	0.0034869999999999	0.2087082677159999	1.2159168999999738e-05	0.00103186	-0.00036727	1.3488725290000006e-07	1.0647350595999998e-06	-0.00110239	0.00017039	1.2152637121e-06	2.9032752100000028e-08	-0.000916368	0.0001702919999999	2.899936526399998e-08	8.39730311424e-07	0.0	0.0	0.0	0.0	0.0	0.0	0.0	0.0	0.0	0.0	0.0	0.0	0.0	0.0	0.0	0.0	0.0	0.0	0.0	0.0	0.0	0.0	0.0	0.0	0.0	0.0	0.0	0.0	0.0	0.0	0.0	0.0	0.0	0.0	0.0	0.0	0.0	0.0	0.0	0.0	0.0	0.0	0.0	0.0	0.0	0.0	0.0	0.0	0.0	0.0	0.0	0.0	0.0	0.0	0.0	0.0	0.0	0.0	0.0	0.0	0.0	0.0	0.0	0.0	0.0	0.0	0.0	0.0	0.0	0.0	0.0	0.0	0.0	0.0	0.0	0.0	0.0	0.0
36621.00725858116	-10.680523219823954	114.07357624919864	1341098172.6330538	47283.10305742743	-333.48352340048586	111211.2603796024	2235691834.7393026	36941.80797609966	24.56645901544107	603.5109085573458	1364697176.5430207	37872.89198739035	23488.934499737963	0.743903	27.045328	0.0707964999999999	0.0398035	0.0047378979	0.0130957849	-0.0076391576	0.0181122642	0.0060316716	-0.0744669551	-0.0121056056	-0.0012839699	-0.012837941	0.0004499816	-0.0081623733	0.0179680409	0.0120950118	-0.0180774195	-0.0071409032	0.033240881	0.0310863614	-0.018630146	-0.0032387891	0.0281589222	-0.0332253449	-0.0080731965	-1.66176e-05	-0.0503257534	-0.0164222661	-0.0217371457	0.0134382146	0.0361617346	0.0131025772	0.0339828981	0.0229695284	0.0004011913	-0.0187530168	-0.0204396345	0.0106699557	-0.0537912181	-0.0305521639	0.0424985851	0.0462604104	-0.0456896	0.0008535	7.284622500000002e-07	0.00208753954816	-0.173245	-0.010028	0.000100560784	0.030013830025	0.430609	-0.0262369999999999	0.185424110881	0.0006883801689999	0.00121404	0.00018218	3.3189552400000044e-08	1.4738931216e-06	-0.00159377	-0.00049138	2.5401028129e-06	2.414543044e-07	-0.000916368	0.0	0.0	8.39730311424e-07	0.0	0.0	0.0	0.0	0.0	0.0	0.0	0.0	0.0	0.0	0.0	0.0	0.0	0.0	0.0	0.0	0.0	0.0	0.0	0.0	0.0	0.0	0.0	0.0	0.0	0.0	0.0	0.0	0.0	0.0	0.0	0.0	0.0	0.0	0.0	0.0	0.0	0.0	0.0	0.0	0.0	0.0	0.0	0.0	0.0	0.0	0.0	0.0	0.0	0.0	0.0	0.0	0.0	0.0	0.0	0.0	0.0	0.0	0.0	0.0	0.0	0.0	0.0	0.0	0.0	0.0	0.0	0.0	0.0	0.0	0.0	0.0	0.0	0.0	0.0	0.0	0.0	0.0
36670.61089591126	49.60363733010308	2460.5208363763963	1344733703.4793258	47696.9488461752	413.8457887477707	171268.33686426445	2274998929.234653	36955.22923157441	13.421255474750067	180.1300985185087	1365688967.558212	37898.96386810125	23448.067277963724	0.739785	26.895622	0.0187497999999999	0.0116585	0.0047157408	0.0129065266	-0.0087144093	0.0124551783	-0.0051156949	-0.0440747878	-0.0101667179	0.0004446931	-0.0105560801	0.0022657072	-0.0089656505	0.020687648	0.0119668615	-0.0149024197	-0.0093098631	0.0316816718	0.0316051365	-0.0171830316	0.0030732888	0.02700707	-0.0371296698	-0.0040411872	0.0072822877	-0.0461113365	-0.0095867193	-0.0293024211	0.0123667131	0.0213113223	-0.0228067595	0.0122757865	-0.0309146298	-0.0216395144	0.0142064669	0.0017385031	0.0103727182	-0.0540078863	-0.0297789127	0.0433076828	0.0453402941	-0.0456728	1.6799999999997373e-05	2.822399999999117e-10	0.00208600465984	-0.172038	0.001207	1.4568490000000329e-06	0.0295970734439999	0.434893	0.0042839999999999	0.1891319214489999	1.835265599999961e-05	0.00103029	-0.00018375	3.3764062500000045e-08	1.0614974840999998e-06	-0.00167486	-8.109000000000002e-05	2.8051560196e-06	6.575588100000004e-09	-0.000916368	0.0	0.0	8.39730311424e-07	0.0	0.0	0.0	0.0	0.0	0.0	0.0	0.0	0.0	0.0	0.0	0.0	0.0	0.0	0.0	0.0	0.0	0.0	0.0	0.0	0.0	0.0	0.0	0.0	0.0	0.0	0.0	0.0	0.0	0.0	0.0	0.0	0.0	0.0	0.0	0.0	0.0	0.0	0.0	0.0	0.0	0.0	0.0	0.0	0.0	0.0	0.0	0.0	0.0	0.0	0.0	0.0	0.0	0.0	0.0	0.0	0.0	0.0	0.0	0.0	0.0	0.0	0.0	0.0	0.0	0.0	0.0	0.0	0.0	0.0	0.0	0.0	0.0	0.0	0.0	0.0	0.0	0.0
36640.55519149588	-30.05570441538293	903.3453679048692	1342530284.7410555	47542.41463871816	-154.53420745703625	23880.82127437432	2260281189.679803	36905.36887545855	-49.86035611585976	2486.055112000354	1362006251.833665	37859.431523894375	23606.532121376047	0.752621	27.362299	0.0519807999999999	0.0351965	0.0052349239	0.0158310084	-0.0084645505	0.0108117463	0.0090052828	-0.0624981839	-0.0104376973	-0.000885292	-0.0111324269	0.0006225945	-0.0082582185	0.0227526456	0.0108221873	-0.0108379334	-0.0069595206	0.0366522911	0.033214401	-0.0154637241	-0.001972731	0.0274057592	-0.0273697817	-0.0073915241	0.0007120196	-0.0449553522	-0.0109383826	-0.0159609754	0.013467797	0.0298882721	0.0109916224	0.0417737685	0.0188525242	0.0039999108	-0.0127605402	-0.0205844318	0.0100751963	-0.0542186319	-0.0289983141	0.0440977843	0.0443891039	-0.0483146	-0.0026417999999999	6.979107239999998e-06	0.00233430057316	-0.179059	-0.0070209999999999	4.929444099999999e-05	0.032062125481	0.404098	-0.0307949999999999	0.163295193604	0.0009483320249999	0.0012569	0.00022661	5.1352092100000066e-08	1.57979761e-06	-0.00167101	3.850000000000121e-06	2.7922744201e-06	1.482250000000093e-11	-0.000916368	0.0	0.0	8.39730311424e-07	0.0	0.0	0.0	0.0	0.0	0.0	0.0	0.0	0.0	0.0	0.0	0.0	0.0	0.0	0.0	0.0	0.0	0.0	0.0	0.0	0.0	0.0	0.0	0.0	0.0	0.0	0.0	0.0	0.0	0.0	0.0	0.0	0.0	0.0	0.0	0.0	0.0	0.0	0.0	0.0	0.0	0.0	0.0	0.0	0.0	0.0	0.0	0.0	0.0	0.0	0.0	0.0	0.0	0.0	0.0	0.0	0.0	0.0	0.0	0.0	0.0	0.0	0.0	0.0	0.0	0.0	0.0	0.0	0.0	0.0	0.0	0.0	0.0	0.0	0.0	0.0	0.0	0.0
36663.807859745415	23.25266824953724	540.6865807230371	1344234806.7763298	47541.4124032694	-1.0022354487591656	1.004475894749486	2260185893.2977376	36898.48675024856	-6.882125209995138	47.36364740605063	1361498324.4582684	37841.55283054642	23351.419475803403	0.795073	28.905661	0.1215671999999999	0.0648084	0.0050394519	0.0127295909	-0.0125097141	0.0133955641	-0.0040351195	-0.0530199349	-0.018091341	-0.0006819358	-0.0176007721	0.0029241826	-0.0089897197	0.0253700633	0.0125665272	-0.0104842259	-0.0160527113	0.0357082376	0.0361074918	-0.014282908	0.0005373243	0.0059684889	-0.0303596223	0.0068970003	0.0070170646	-0.0391598933	0.0020480438	-0.0059973322	0.0125214147	0.0213083484	-0.0246703651	-0.003418166	-0.040782238	-0.0223006225	0.0309496437	0.0015972181	0.0097773982	-0.0544234319	-0.0282105605	0.044868543	0.0434074915	-0.0458094	0.0025051999999999	6.276027039999995e-06	0.00209850112836	-0.16454	0.014519	0.000210801361	0.0270734115999999	0.438534	0.0344359999999999	0.192312069156	0.0011858380959999	0.000430292	-0.000826608	6.832807856640001e-07	1.85151205264e-07	-0.00119327	0.0004777399999999	1.4238932929e-06	2.282355076e-07	-0.00101416	-9.779200000000008e-05	9.563275264000016e-09	1.0285205056000002e-06	0.0	0.0	0.0	0.0	0.0	0.0	0.0	0.0	0.0	0.0	0.0	0.0	0.0	0.0	0.0	0.0	0.0	0.0	0.0	0.0	0.0	0.0	0.0	0.0	0.0	0.0	0.0	0.0	0.0	0.0	0.0	0.0	0.0	0.0	0.0	0.0	0.0	0.0	0.0	0.0	0.0	0.0	0.0	0.0	0.0	0.0	0.0	0.0	0.0	0.0	0.0	0.0	0.0	0.0	0.0	0.0	0.0	0.0	0.0	0.0	0.0	0.0	0.0	0.0	0.0	0.0	0.0	0.0	0.0	0.0	0.0	0.0	0.0	0.0	0.0	0.0	0.0	0.0
36635.07016949188	-28.73769025353249	825.8548411079763	1342128366.323594	47472.24809547171	-69.16430779769144	4783.7014731338	2253614339.2380176	36833.41103370989	-65.07571653866762	4234.848883021018	1356700168.3782215	37792.14242347405	23482.00843754052	0.7731989999999999	28.110428	0.0920065	0.0524255	0.0050465471	0.0147643042	-0.0084072399	0.0046452161	0.0122072238	-0.0771232003	-0.0069085129	0.002225492	-0.0068819958	0.0028478954	-0.0079009284	0.0281703649	0.0093299968	-0.0069612521	-0.0065690159	0.0317488921	0.0298705577	-0.0186197158	0.0001648503	0.0269831839	-0.0245092827	-0.0044402762	0.0005788057	-0.039588417	0.0002058096	-0.0033362098	0.0216999449	0.029466458	-0.0048661876	0.0521891443	0.0170126638	0.0046128398	-0.007919427	-0.0245491291	0.009479332	-0.0546222637	-0.0274158465	0.0456196209	0.0423961298	-0.0599306	-0.0141212	0.00019940828944	0.00359167681636	-0.187748	-0.023208	0.000538611264	0.035249311504	0.394958	-0.043576	0.1559918217639999	0.001898867776	0.000554526	0.0001242339999999	1.5434086755999996e-08	3.07499084676e-07	-0.00119327	0.0	1.4238932929e-06	0.0	-0.000916368	9.779200000000008e-05	9.563275264000016e-09	8.39730311424e-07	0.0	0.0	0.0	0.0	0.0	0.0	0.0	0.0	0.0	0.0	0.0	0.0	0.0	0.0	0.0	0.0	0.0	0.0	0.0	0.0	0.0	0.0	0.0	0.0	0.0	0.0	0.0	0.0	0.0	0.0	0.0	0.0	0.0	0.0	0.0	0.0	0.0	0.0	0.0	0.0	0.0	0.0	0.0	0.0	0.0	0.0	0.0	0.0	0.0	0.0	0.0	0.0	0.0	0.0	0.0	0.0	0.0	0.0	0.0	0.0	0.0	0.0	0.0	0.0	0.0	0.0	0.0	0.0	0.0	0.0	0.0	0.0	0.0	0.0	0.0	0.0	0.0	0.0
36699.70058172078	64.63041222890024	4177.0901848775775	1346868022.7879567	47762.23683260515	289.98873713344074	84093.46766424779	2281231267.2538643	36926.82741842516	93.41638471526676	8726.620933270724	1363590583.190156	37879.754539016816	23380.02246363892	0.778953	28.319609	0.04848315	0.0248947	0.0051020597	0.0135093215	-0.010464134	0.008007469	-0.0082648071	-0.0362939544	-0.012311295	0.0010065225	-0.0114918017	0.0038476103	-0.009081493	0.0305015708	0.0094367548	-0.004018388	-0.0122852529	0.0319775573	0.0248918104	-0.0162502279	0.002321088	0.0227697288	-0.0333778321	-0.0018808689	0.0102448928	-0.0399972968	-0.0007891887	-0.0347206331	0.0043082208	0.017603534	-0.0126915208	0.0021152225	-0.0395180994	-0.0169983339	0.015374894	0.0131568352	0.009181006	-0.0548151055	-0.0266143679	0.0463506885	0.041355712	-0.0458108	0.0141198	0.00019936875204	0.00209862939664	-0.169917	0.0178309999999999	0.0003179445609999	0.028871786889	0.401916	0.006958	0.161536471056	4.841376400000027e-05	0.000446919	-0.0001076069999999	1.1579266448999992e-08	1.99736592561e-07	-0.00127715	-8.387999999999994e-05	1.6311121224999998e-06	7.035854399999989e-09	-0.000916368	0.0	0.0	8.39730311424e-07	0.0	0.0	0.0	0.0	0.0	0.0	0.0	0.0	0.0	0.0	0.0	0.0	0.0	0.0	0.0	0.0	0.0	0.0	0.0	0.0	0.0	0.0	0.0	0.0	0.0	0.0	0.0	0.0	0.0	0.0	0.0	0.0	0.0	0.0	0.0	0.0	0.0	0.0	0.0	0.0	0.0	0.0	0.0	0.0	0.0	0.0	0.0	0.0	0.0	0.0	0.0	0.0	0.0	0.0	0.0	0.0	0.0	0.0	0.0	0.0	0.0	0.0	0.0	0.0	0.0	0.0	0.0	0.0	0.0	0.0	0.0	0.0	0.0	0.0	0.0	0.0	0.0	0.0
36644.7786373804	-54.92194434038538	3016.4199701283897	1342839801.3826108	47376.74276718935	-385.4940654157981	148605.67447079963	2244555755.228429	36847.71684080157	-79.11057762358541	6258.483491937333	1357754236.3798916	37795.26709064328	23575.727355703773	0.8159389999999999	29.664295	0.0903139	0.048051	0.0052949309	0.016110938	-0.0085824544	0.00751287	0.0088640432	-0.0783837674	-0.0047082626	0.0022830004	-0.0048489356	0.0022529602	-0.0094146617	0.0325342048	0.0089519637	-0.0017747308	-0.0030293548	0.0279451533	0.0276534336	-0.0184998242	-0.0013067015	0.0247512946	-0.0288492213	-0.0026306918	-0.0051740395	-0.0314527414	-0.0054525601	-0.0072860618	0.0202032468	0.0204251193	-0.0081900557	0.0491579365	0.0212680553	0.0035392992	-0.0086967698	-0.015375577	0.0088824282	-0.0550019363	-0.0258063227	0.0470614252	0.040286951	-0.0605414	-0.0147306	0.00021699057636	0.00366526111396	-0.148933	0.020984	0.000440328256	0.022181038489	0.365133	-0.036783	0.133322107689	0.001352989089	0.000637125	0.000190206	3.6178322436000004e-08	4.05928265625e-07	-0.00144327	-0.00016612	2.0830282929e-06	2.7595854400000024e-08	-0.000916368	0.0	0.0	8.39730311424e-07	0.0	0.0	0.0	0.0	0.0	0.0	0.0	0.0	0.0	0.0	0.0	0.0	0.0	0.0	0.0	0.0	0.0	0.0	0.0	0.0	0.0	0.0	0.0	0.0	0.0	0.0	0.0	0.0	0.0	0.0	0.0	0.0	0.0	0.0	0.0	0.0	0.0	0.0	0.0	0.0	0.0	0.0	0.0	0.0	0.0	0.0	0.0	0.0	0.0	0.0	0.0	0.0	0.0	0.0	0.0	0.0	0.0	0.0	0.0	0.0	0.0	0.0	0.0	0.0	0.0	0.0	0.0	0.0	0.0	0.0	0.0	0.0	0.0	0.0	0.0	0.0	0.0	0.0
36669.82599368232	25.047356301925905	627.3700577156272	1344676138.4069395	47424.09831346268	47.35554627332749	2242.5477628452613	2249045100.844974	36842.13600896102	-5.580831840554311	31.14568403254481	1357342985.702782	37781.20536229898	23235.56844649572	0.9021340000000002	32.797989	0.1659913549999999	0.0881182999999999	0.0056245235	0.0154222307	-0.0137817222	0.0226138645	-0.0088939858	-0.0407590066	-0.023790316	-0.0020636486	-0.0236728568	0.0026386375	-0.0084210387	0.0334529987	0.0133975956	-0.0031991279	-0.0155174119	0.0420938105	0.0398350629	-0.0120841512	-0.0015986628	-0.0009356362	-0.0161788454	0.0096434481	0.0016149257	-0.0394292466	0.0026676289	-0.0168864533	0.0033546005	0.0196348414	-0.0127722226	-0.0232133534	-0.0362500163	-0.026779499	0.0423185886	0.0160613405	0.008583607	-0.0551827354	-0.0249919101	0.0477515192	0.0391905793	-0.0482758	0.0122656	0.00015044494336	0.00233055286564	-0.191058	-0.0421249999999999	0.0017745156249999	0.036503159364	0.423407	0.0582739999999999	0.1792734876489999	0.0033958590759999	-4.02601e-05	-0.0006773851	4.5885057370201e-07	1.6208756520099996e-09	-0.00105412	0.00038915	1.1111689744e-06	1.514377225e-07	-0.000916368	0.0	0.0	8.39730311424e-07	0.0	0.0	0.0	0.0	0.0	0.0	0.0	0.0	0.0	0.0	0.0	0.0	0.0	0.0	0.0	0.0	0.0	0.0	0.0	0.0	0.0	0.0	0.0	0.0	0.0	0.0	0.0	0.0	0.0	0.0	0.0	0.0	0.0	0.0	0.0	0.0	0.0	0.0	0.0	0.0	0.0	0.0	0.0	0.0	0.0	0.0	0.0	0.0	0.0	0.0	0.0	0.0	0.0	0.0	0.0	0.0	0.0	0.0	0.0	0.0	0.0	0.0	0.0	0.0	0.0	0.0	0.0	0.0	0.0	0.0	0.0	0.0	0.0	0.0	0.0	0.0	0.0	0.0
36665.95979589575	-3.86619778657041	14.94748532488194	1344392607.7542436	47585.48266948682	161.38435602413665	26044.91036932529	2264378160.88803	36860.8862701098	18.750261148779828	351.5722931474422	1358724936.617969	37821.41017521016	23535.97739639388	0.860761	31.293831	0.096489005	0.0635454	0.005737174	0.0175987938	-0.009695909	0.0068424814	0.0073358952	-0.0629103467	-0.009511927	0.0016830061	-0.0093274812	0.002931149	-0.0093238517	0.0362056828	0.008629602	0.0045239863	-0.0097529768	0.0337331636	0.0305034155	-0.0187237449	0.0037980374	0.0183079687	-0.0181352005	-0.005752808	-0.0042238887	-0.038012677	0.0017431255	-0.0036838955	0.0255589629	0.024829426	-0.0092712966	0.0526560338	0.0235520418	0.0050734719	-0.0026130091	-0.0196506857	0.0082845504	-0.0553574832	-0.0241713312	0.0484206678	0.0380673484	-0.0486822	-0.0004064	1.6516096000000097e-07	0.00236995659684	-0.227613	-0.036555	0.001336268025	0.051807677769	0.371909	-0.0514979999999999	0.138316304281	0.0026520440039999	-6.17022e-05	-2.1442100000000003e-05	4.5976365241000007e-10	3.80716148484e-09	-0.00119327	-0.00013915	1.4238932929e-06	1.93627225e-08	-0.000916368	0.0	0.0	8.39730311424e-07	0.0	0.0	0.0	0.0	0.0	0.0	0.0	0.0	0.0	0.0	0.0	0.0	0.0	0.0	0.0	0.0	0.0	0.0	0.0	0.0	0.0	0.0	0.0	0.0	0.0	0.0	0.0	0.0	0.0	0.0	0.0	0.0	0.0	0.0	0.0	0.0	0.0	0.0	0.0	0.0	0.0	0.0	0.0	0.0	0.0	0.0	0.0	0.0	0.0	0.0	0.0	0.0	0.0	0.0	0.0	0.0	0.0	0.0	0.0	0.0	0.0	0.0	0.0	0.0	0.0	0.0	0.0	0.0	0.0	0.0	0.0	0.0	0.0	0.0	0.0	0.0	0.0	0.0
36740.108842873226	74.14904697747261	5498.081167667439	1349835597.7861714	47876.34819081384	290.8655213270249	84602.75149684199	2292144716.088044	36912.52873332933	51.642463219533965	2666.9440073809183	1362534777.4888637	37895.24273026316	23189.75922534146	0.8304009999999998	30.190071	0.04782831	0.0325122	0.005761265	0.0165383655	-0.0108866188	0.0084244956	-0.0034792831	-0.0086700904	-0.0133926412	0.0033833216	-0.0122729049	0.0058539569	-0.0094004016	0.0399307102	0.007483208	0.0085648837	-0.010756671	0.0372819211	0.0344355494	-0.0118787928	0.0010589365	0.0225488332	-0.0208793691	-0.00046651	0.0151441724	-0.0317028458	0.0039534805	-0.0211937342	0.0052015635	0.0370613056	0.0183656408	-0.0157710322	-0.043694034	-0.0090461799	0.0265637663	0.0165315419	0.0079852667	-0.0555261604	-0.0233447884	0.0490685775	0.036918028	-0.0486822	0.0	0.0	0.00236995659684	-0.199683	0.02793	0.0007800849	0.039873300489	0.361836	-0.0100729999999999	0.130925290896	0.0001014653289999	0.000134804	0.0001965062	3.861468663844e-08	1.8172118416000006e-08	-0.00119327	0.0	1.4238932929e-06	0.0	-0.000916368	0.0	0.0	8.39730311424e-07	0.0	0.0	0.0	0.0	0.0	0.0	0.0	0.0	0.0	0.0	0.0	0.0	0.0	0.0	0.0	0.0	0.0	0.0	0.0	0.0	0.0	0.0	0.0	0.0	0.0	0.0	0.0	0.0	0.0	0.0	0.0	0.0	0.0	0.0	0.0	0.0	0.0	0.0	0.0	0.0	0.0	0.0	0.0	0.0	0.0	0.0	0.0	0.0	0.0	0.0	0.0	0.0	0.0	0.0	0.0	0.0	0.0	0.0	0.0	0.0	0.0	0.0	0.0	0.0	0.0	0.0	0.0	0.0	0.0	0.0	0.0	0.0	0.0	0.0	0.0	0.0	0.0	0.0
36774.50560271087	34.39675983764755	1183.1370873288035	1352364262.3238134	47698.90736541025	-177.44082540359523	31485.246519909164	2275185763.853988	36923.77729419869	11.248560869360515	126.53012163170864	1363365329.671583	37890.74562682749	23342.78174925576	0.8120969999999998	29.524616	0.0512763	0.0400843	0.0052311296	0.0174980857	-0.007428477	0.0062855867	0.0030158399	-0.0607025415	-0.0069586412	0.0042704753	-0.0058510578	0.0052192186	-0.0076508616	0.0418563586	0.007430777	0.0064407824	-0.0067885114	0.0360259741	0.0286769224	-0.0215192832	0.0011470277	0.0208169748	-0.0136167776	-0.0052997694	0.0043900258	-0.0520506973	-0.0076281958	-0.0199939676	0.015717283	-0.0058333621	-0.0156930374	0.0588791047	0.0177935924	-0.0065553222	-0.0064147232	0.004198581	0.0076857641	-0.0556887485	-0.0225124856	0.0496949641	0.0357434058	-0.0486822	0.0	0.0	0.00236995659684	-0.238651	-0.038968	0.001518505024	0.056954299801	0.371991	0.010155	0.138377304081	0.000103124025	0.000177869	4.306499999999998e-05	1.8545942249999981e-09	3.163738116099999e-08	-0.00119327	0.0	1.4238932929e-06	0.0	-0.000916369	-1.000000000015745e-09	1.0000000000314906e-18	8.39732144161e-07	0.0	0.0	0.0	0.0	0.0	0.0	0.0	0.0	0.0	0.0	0.0	0.0	0.0	0.0	0.0	0.0	0.0	0.0	0.0	0.0	0.0	0.0	0.0	0.0	0.0	0.0	0.0	0.0	0.0	0.0	0.0	0.0	0.0	0.0	0.0	0.0	0.0	0.0	0.0	0.0	0.0	0.0	0.0	0.0	0.0	0.0	0.0	0.0	0.0	0.0	0.0	0.0	0.0	0.0	0.0	0.0	0.0	0.0	0.0	0.0	0.0	0.0	0.0	0.0	0.0	0.0	0.0	0.0	0.0	0.0	0.0	0.0	0.0	0.0	0.0	0.0	0.0	0.0
36827.65544813558	53.14984542470484	2824.9060686700177	1356276205.80659	47757.65161827051	58.74425286026235	3450.8872441104413	2280793288.092096	36960.44942981178	36.67213561308745	1344.8455304246768	1366074822.0536735	37935.85257241411	23166.59223129673	0.834275	30.330906	0.1770277999999999	0.106909	0.0056903625	0.0169190602	-0.010299119	0.0124915141	-0.0057685541	-0.0041265719	-0.0126161361	0.0010168464	-0.0121451143	0.003920684	-0.0082196609	0.0428591239	0.0092491271	-0.0022188309	-0.0059588475	0.0320513318	0.0164487643	-0.0248598058	0.0130912919	-0.0058190935	-0.0111915108	0.0112202018	0.0134081228	-0.0420737422	-0.003286796	-0.0146394891	0.0016821276	0.0152809444	0.0467382728	-0.0541471844	-0.0100657213	-0.0154255578	0.0069784316	0.0316418497	0.0073860507	-0.0558452297	-0.0216746281	0.0502995528	0.0345442869	-0.0486822	0.0	0.0	0.00236995659684	-0.161	0.077651	0.006029677801	0.025921	0.428545	0.0565539999999999	0.183650817025	0.0031983549159999	-0.000678587	-0.000856456	7.335168799360001e-07	4.6048031656900003e-07	-0.00119327	0.0	1.4238932929e-06	0.0	-0.000916369	0.0	0.0	8.39732144161e-07	0.0	0.0	0.0	0.0	0.0	0.0	0.0	0.0	0.0	0.0	0.0	0.0	0.0	0.0	0.0	0.0	0.0	0.0	0.0	0.0	0.0	0.0	0.0	0.0	0.0	0.0	0.0	0.0	0.0	0.0	0.0	0.0	0.0	0.0	0.0	0.0	0.0	0.0	0.0	0.0	0.0	0.0	0.0	0.0	0.0	0.0	0.0	0.0	0.0	0.0	0.0	0.0	0.0	0.0	0.0	0.0	0.0	0.0	0.0	0.0	0.0	0.0	0.0	0.0	0.0	0.0	0.0	0.0	0.0	0.0	0.0	0.0	0.0	0.0	0.0	0.0	0.0	0.0
36843.94347677258	16.288028637005482	265.29987687991064	1357476170.919613	47838.99077819535	81.33915992484253	6616.05893727911	2288569038.67626	36958.1337103161	-2.3157194956802414	5.362556782673551	1365903647.3496032	37914.2187006579	23408.67193561306	0.9001219999999999	32.724846	0.0821413	0.0565754	0.0049295608	0.0183023675	-0.0075804615	0.0046249478	0.0085126368	-0.038797006	-0.0013757581	0.0045802946	-0.0006797543	0.0043867941	-0.0088734385	0.0416203392	0.0070826465	0.0006282982	-0.0016880482	0.0233078617	0.0213556062	-0.0389758289	0.0074990905	0.0077871756	0.0022398343	-0.0011136218	-0.0107922191	-0.041641699	-0.000714899	0.0069216648	0.0322799121	-0.0035643697	-0.0553210982	0.05288448	0.0202216336	0.0124266104	-0.0285656492	-0.0104656404	0.0070861349	-0.0559955869	-0.0208314228	0.0508820785	0.0333214931	-0.0486822	0.0	0.0	0.00236995659684	-0.209484	-0.048484	0.002350698256	0.043883546256	0.399648	-0.028897	0.159718523904	0.000835036609	-0.000773793	-9.520600000000002e-05	9.064182436000005e-09	5.987556068490001e-07	-0.00119327	0.0	1.4238932929e-06	0.0	-0.000916369	0.0	0.0	8.39732144161e-07	0.0	0.0	0.0	0.0	0.0	0.0	0.0	0.0	0.0	0.0	0.0	0.0	0.0	0.0	0.0	0.0	0.0	0.0	0.0	0.0	0.0	0.0	0.0	0.0	0.0	0.0	0.0	0.0	0.0	0.0	0.0	0.0	0.0	0.0	0.0	0.0	0.0	0.0	0.0	0.0	0.0	0.0	0.0	0.0	0.0	0.0	0.0	0.0	0.0	0.0	0.0	0.0	0.0	0.0	0.0	0.0	0.0	0.0	0.0	0.0	0.0	0.0	0.0	0.0	0.0	0.0	0.0	0.0	0.0	0.0	0.0	0.0	0.0	0.0	0.0	0.0	0.0	0.0
36941.23199832312	97.28852155053757	9465.05642548941	1364654621.553932	48113.73623555983	274.7454573644791	75485.06634241679	2314931614.545023	36990.1130527783	31.97934246220393	1022.6783443149194	1368268463.6573198	37981.76394120066	23292.39775066455	0.843727	30.67454	0.15395103	0.0993589	0.0053369302	0.0197764099	-0.005471529	-0.0015342475	0.0054265415	-0.0007764612	0.0018647571	0.0059327421	0.0028535191	0.0049357638	-0.008229295	0.0488679603	0.0007273308	0.0148159938	-0.0012902615	0.0263672425	0.0148831548	-0.0202375397	0.0058258548	0.0384602231	-0.0041768879	-0.0167419102	0.0176411599	-0.0277081237	-0.0115544732	-0.008971765	0.0269407173	0.0429317448	0.0577948563	0.023034351	0.014230241	0.0306258289	-0.0152561121	0.0166147036	0.0067860248	-0.0561398035	-0.0199830776	0.0514422857	0.0320758624	-0.0485217	0.0001605	2.5760250000000292e-08	0.00235435537089	-0.21462	-0.005136	2.6378496000000018e-05	0.0460617444	0.316814	-0.082834	0.1003711105959999	0.006861471556	-4.94334e-05	0.0007243596	5.2469683011216e-07	2.44366103556e-09	-0.00166633	-0.00047306	2.7766556689e-06	2.2378576360000003e-07	-0.00103536	-0.0001189909999999	1.4158858080999985e-08	1.0719703296e-06	0.0	0.0	0.0	0.0	0.0	0.0	0.0	0.0	0.0	0.0	0.0	0.0	0.0	0.0	0.0	0.0	0.0	0.0	0.0	0.0	0.0	0.0	0.0	0.0	0.0	0.0	0.0	0.0	0.0	0.0	0.0	0.0	0.0	0.0	0.0	0.0	0.0	0.0	0.0	0.0	0.0	0.0	0.0	0.0	0.0	0.0	0.0	0.0	0.0	0.0	0.0	0.0	0.0	0.0	0.0	0.0	0.0	0.0	0.0	0.0	0.0	0.0	0.0	0.0	0.0	0.0	0.0	0.0	0.0	0.0	0.0	0.0	0.0	0.0	0.0	0.0	0.0	0.0
37104.11481397679	162.88281565366924	26530.8116352672	1376715336.1287718	47784.06495297689	-329.67128258293815	108683.15455987946	2283316863.4303145	37133.14425161992	143.03119884161424	20457.92384206939	1378870402.0116134	38075.00663011696	23809.269547796182	0.8993799999999998	32.697872	0.1137491799999999	0.072116	0.0071033937	0.0238315003	-0.0083213813	0.0093444004	-0.0106665295	0.0037871249	-0.0180634151	9.40741e-05	-0.017383373	0.0034133759	-0.0083234497	0.052903413	0.0022359331	0.0292719733	-0.0131382226	0.0352071587	0.0253531818	0.0005716497	-0.007469556	0.0321247762	0.0060509529	-0.0149219858	-0.0015642386	-0.0089494878	-0.0035111817	-0.0234810542	0.0127363943	0.0045581061	-0.0134407648	0.0492896139	-0.0067872188	0.0197049914	0.0011778024	0.0284301457	0.0064857287	-0.0562778638	-0.0191298019	0.0519799285	0.0308082484	-0.0485398	-1.810000000000006e-05	3.276100000000022e-10	0.00235611218404	-0.206709	0.007911	6.258392100000003e-05	0.042728610681	0.245402	-0.0714119999999999	0.060222141604	0.0050996737439999	-0.000441635	-0.0003922016	1.5382209504256e-07	1.95041473225e-07	-0.00148429	0.0001820399999999	2.2031168041000004e-06	3.313856159999994e-08	-0.00114928	-0.00011392	1.29777664e-08	1.3208445184e-06	0.0	0.0	0.0	0.0	0.0	0.0	0.0	0.0	0.0	0.0	0.0	0.0	0.0	0.0	0.0	0.0	0.0	0.0	0.0	0.0	0.0	0.0	0.0	0.0	0.0	0.0	0.0	0.0	0.0	0.0	0.0	0.0	0.0	0.0	0.0	0.0	0.0	0.0	0.0	0.0	0.0	0.0	0.0	0.0	0.0	0.0	0.0	0.0	0.0	0.0	0.0	0.0	0.0	0.0	0.0	0.0	0.0	0.0	0.0	0.0	0.0	0.0	0.0	0.0	0.0	0.0	0.0	0.0	0.0	0.0	0.0	0.0	0.0	0.0	0.0	0.0	0.0	0.0
37053.618132602	-50.49668137478875	2549.914829866937	1372970616.7166915	48094.12070381924	310.0557508423444	96134.56863040997	2313044446.2735343	37069.4071662974	-63.73708532251476	4062.4160454095263	1374140947.660741	38046.72308822186	23579.48506352384	0.873306	31.749901	0.0802047499999999	0.045016	0.0062962681	0.020014942	-0.0088653851	0.0040759102	-0.0008919336	0.0352216707	-0.0088749125	0.0036966336	-0.0078705662	0.0048177148	-0.0067475723	0.0560755043	-0.0026645826	0.0250647467	0.0049136013	0.0301309687	0.0150636241	-0.0098144471	-0.0016430303	0.0104063887	0.0139187961	-0.0102313114	0.0132067127	-0.0192060413	-0.0165536708	-0.0080202593	0.0060296492	-0.0003892692	0.0521871669	0.0323182618	0.0394710177	0.0249161656	-0.0105784699	0.0209690516	0.0061852547	-0.0564097525	-0.0182718062	0.0524947712	0.0295195201	-0.0486822	-0.0001424	2.027776000000025e-08	0.00236995659684	-0.205709	0.001	1.000000000000002e-06	0.042316192681	0.271285	0.0258829999999999	0.073595551225	0.0006699296889999	-0.000981291	-0.000539656	2.91228598336e-07	9.62932026681e-07	-0.00119327	0.00029102	1.4238932929e-06	8.469264040000008e-08	-0.000916369	0.0002329109999999	5.424753392099997e-08	8.39732144161e-07	0.0	0.0	0.0	0.0	0.0	0.0	0.0	0.0	0.0	0.0	0.0	0.0	0.0	0.0	0.0	0.0	0.0	0.0	0.0	0.0	0.0	0.0	0.0	0.0	0.0	0.0	0.0	0.0	0.0	0.0	0.0	0.0	0.0	0.0	0.0	0.0	0.0	0.0	0.0	0.0	0.0	0.0	0.0	0.0	0.0	0.0	0.0	0.0	0.0	0.0	0.0	0.0	0.0	0.0	0.0	0.0	0.0	0.0	0.0	0.0	0.0	0.0	0.0	0.0	0.0	0.0	0.0	0.0	0.0	0.0	0.0	0.0	0.0	0.0	0.0	0.0	0.0	0.0
37234.31738724398	180.6992546419788	32652.220628166684	1386394391.2940197	48404.46034508294	310.3396412637012	96310.69293968276	2342991781.2987065	37287.33796106821	217.93079477080755	47493.83130943584	1390345572.2229185	38266.11193028143	23739.49739752172	0.957728	34.819153	0.2678629	0.15636	0.0061527143	0.0245771881	-0.0002184903	-0.0010950941	-0.0012453339	0.0420997524	-0.0017080738	0.0037874838	-0.000250902	0.0041970706	-0.0069742901	0.0562702842	0.0035113296	0.0111567079	-0.0032906061	0.02106137	-0.0065061565	-0.025704717	0.0218394326	-0.0443400026	0.0338334921	0.0124715362	0.002138829	-0.0209873947	-0.0107592904	0.0031164307	-0.0100963827	-0.0500271504	0.0049375578	-0.0565833699	0.0226022682	-0.0008578259	0.0221606256	0.0721174992	0.0058846112	-0.0565354553	-0.0174093022	0.052986588	0.0282105605	-0.0299934	0.0186888	0.00034927124544	0.00089960404356	-0.168453	0.037256	0.001388009536	0.0283764132089999	0.380832	0.109547	0.145033012224	0.012000545209	-0.00270664	-0.001725349	2.9768291718010006e-06	7.325900089600001e-06	-0.00119327	0.0	1.4238932929e-06	0.0	-0.000594296	0.000322073	1.0373101732899998e-07	3.531877356160001e-07	0.0	0.0	0.0	0.0	0.0	0.0	0.0	0.0	0.0	0.0	0.0	0.0	0.0	0.0	0.0	0.0	0.0	0.0	0.0	0.0	0.0	0.0	0.0	0.0	0.0	0.0	0.0	0.0	0.0	0.0	0.0	0.0	0.0	0.0	0.0	0.0	0.0	0.0	0.0	0.0	0.0	0.0	0.0	0.0	0.0	0.0	0.0	0.0	0.0	0.0	0.0	0.0	0.0	0.0	0.0	0.0	0.0	0.0	0.0	0.0	0.0	0.0	0.0	0.0	0.0	0.0	0.0	0.0	0.0	0.0	0.0	0.0	0.0	0.0	0.0	0.0	0.0	0.0
37173.42596275656	-60.89142448741768	3707.7655761068895	1381863597.8085437	48776.11599225229	371.6556471693548	138127.92007287193	2379109491.28965	37154.2653386738	-133.07262239440752	17708.322830924568	1380439432.8565774	38171.66635325293	23344.11927029305	1.04335	37.932018	0.1586916	0.0749285999999999	0.0049247293	0.0171296523	-0.0053484118	-0.0098476182	0.0113751747	0.0494566821	-0.0056368024	0.001411105	-0.0039173846	0.0021194575	-0.0027583751	0.0529217875	-0.0040132061	-0.0002697064	0.023144481	0.0146756533	0.0044211988	-0.0408967981	0.0011997033	-0.0733253142	0.0349166592	0.0181747686	2.82627e-05	-0.0089257794	0.0008931291	0.0800077755	0.0271760629	-0.044674277	-0.0537169951	-0.0243765652	0.0514741312	0.0284884112	0.0126152457	-0.0011034876	0.0055838063	-0.0566549584	-0.0165425028	0.0534551631	0.0268822669	-0.0196522	0.0103411999999999	0.0001069404174399	0.00038620896484	-0.124218	0.044235	0.0019567352249999	0.015430111524	0.422445	0.041613	0.178459778025	0.001731641769	-0.00332213	-0.0006154899999999	3.788279400999998e-07	1.10365477369e-05	-0.00072407	0.0004691999999999	5.242773649000001e-07	2.201486399999999e-07	-0.000759654	-0.000165358	2.7343268164e-08	5.77074199716e-07	0.0	0.0	0.0	0.0	0.0	0.0	0.0	0.0	0.0	0.0	0.0	0.0	0.0	0.0	0.0	0.0	0.0	0.0	0.0	0.0	0.0	0.0	0.0	0.0	0.0	0.0	0.0	0.0	0.0	0.0	0.0	0.0	0.0	0.0	0.0	0.0	0.0	0.0	0.0	0.0	0.0	0.0	0.0	0.0	0.0	0.0	0.0	0.0	0.0	0.0	0.0	0.0	0.0	0.0	0.0	0.0	0.0	0.0	0.0	0.0	0.0	0.0	0.0	0.0	0.0	0.0	0.0	0.0	0.0	0.0	0.0	0.0	0.0	0.0	0.0	0.0	0.0	0.0
37145.03076182434	-28.395200932223812	806.2874359813642	1379753310.2968764	50820.84184315759	2044.725850905299	4180903.805360399	2582757965.647238	36833.66650845961	-320.5988302141923	102783.60993470848	1356718988.4564192	38075.34027709247	23558.81905937986	2.264008	82.310265	0.1423352	0.0814348	-0.0010222602	0.0168067217	0.0274017123	-0.120921348	0.0571344553	0.0423254086	0.120397134	0.032654547	0.1256042444	0.00792259	0.0241839032	0.0593397043	-0.0183569846	0.0047058802	0.0091881861	-0.0285537462	-0.0434568514	-0.0811616703	0.0018508836	-0.0043864792	0.0377348815	-0.0026671532	0.0653463527	-0.0227666143	0.0357008797	0.1482907676	0.0657119356	0.0040568988	-0.0407295383	-0.0178204035	0.0205759126	0.096979072	0.0325591222	0.0011971791	0.0052828484	-0.0567682486	-0.0156716217	0.0539002911	0.0255355494	-0.0488834	-0.0292312	0.0008544630534399	0.00238958679556	-0.0882426	0.0359753999999999	0.0012942294051599	0.00778675645476	0.356397	-0.066048	0.127018821609	0.0043623383039999	-0.00334872	-2.6589999999999947e-05	7.070280999999971e-10	1.12139256384e-05	-0.000685763	3.830700000000001e-05	4.702708921690001e-07	1.4674262490000011e-09	-0.000916369	-0.0001567149999999	2.4559591224999997e-08	8.39732144161e-07	0.0	0.0	0.0	0.0	0.0	0.0	0.0	0.0	0.0	0.0	0.0	0.0	0.0	0.0	0.0	0.0	0.0	0.0	0.0	0.0	0.0	0.0	0.0	0.0	0.0	0.0	0.0	0.0	0.0	0.0	0.0	0.0	0.0	0.0	0.0	0.0	0.0	0.0	0.0	0.0	0.0	0.0	1.0	0.0	0.0	0.0	0.0	0.0	0.0	0.0	0.0	0.0	0.0	0.0	0.0	0.0	0.0	0.0	0.0	0.0	0.0	0.0	0.0	0.0	0.0	0.0	0.0	0.0	0.0	0.0	0.0	0.0	0.0	0.0	0.0	0.0	0.0	0.0
37255.372266082064	110.34150425772532	12175.247561857615	1387962762.6843567	48177.81522025881	-2643.026622898782	6985589.729351741	2321101879.3974013	37314.50354251663	480.8370340570182	231204.25332075005	1392372174.624486	38260.83730834248	23827.44417385244	2.515924	91.468948	0.08015675	0.052491	0.0070020535	0.0285643905	0.0009487114	0.0098992491	0.0005364103	0.0801086084	-0.0122054632	-0.0034174091	-0.0124596536	-0.0010535804	-0.0033476965	0.0623744719	0.0090722583	0.0282704797	-0.0301886214	0.0103131512	-0.013156693	-0.0187188164	0.0243912905	-0.0198199831	0.0312841813	0.0145395466	-0.0225538303	0.0240236692	0.0189535528	0.0090979987	-0.0050511807	-0.0047741544	0.018631704	-0.0914441689	0.0207645637	0.0513153982	-0.021540794	0.0506068039	0.0049817457	-0.0568753135	-0.0147968739	0.0543217765	0.0241713312	-0.0488335	4.989999999999856e-05	2.4900099999998562e-09	0.00238471072225	-0.0880810999999999	0.0001615000000001	2.6082250000034244e-08	0.0077582801772099	0.317432	-0.038965	0.100763074624	0.001518271225	-0.00285692	0.0004917999999999	2.418672399999997e-07	8.1619918864e-06	-0.00101357	-0.000327807	1.0273241449000005e-06	1.0745742924900005e-07	-0.000916369	0.0	0.0	8.39732144161e-07	0.0	0.0	0.0	0.0	0.0	0.0	0.0	0.0	0.0	0.0	0.0	0.0	0.0	0.0	0.0	0.0	0.0	0.0	0.0	0.0	0.0	0.0	0.0	0.0	0.0	0.0	0.0	0.0	0.0	0.0	0.0	0.0	0.0	0.0	0.0	0.0	0.0	0.0	0.0	0.0	0.0	0.0	0.0	1.0	0.0	0.0	0.0	0.0	0.0	0.0	0.0	0.0	0.0	0.0	0.0	0.0	0.0	0.0	0.0	0.0	0.0	0.0	0.0	0.0	0.0	0.0	0.0	0.0	0.0	0.0	0.0	0.0	0.0	0.0	0.0	0.0	0.0	0.0
37302.11180499695	46.73953891488782	2184.5844979763124	1391447545.112493	48114.78706887774	-63.02815138106962	3972.547866515028	2315032734.6834445	37197.82833927592	-116.67520324070938	13613.10305126084	1383678433.1582386	38140.12918813962	24016.32821178304	0.98101	35.665615	0.10239975	0.060148	0.0079792466	0.0264051581	-0.0099866616	0.0116099727	0.0008948019	0.0680735144	-0.0257483689	-0.0046928381	-0.0252524935	0.0003544771	-0.0067946024	0.0667254685	-0.0059089619	0.027086386	0.0144518773	0.0331590456	0.009996532	-0.0054905183	-0.0050551559	-0.0381032887	0.0362290682	0.0108098503	-0.0166108191	0.0328626161	0.0100997387	-0.001541897	0.0025633535	-0.0506209551	-0.0073389108	0.0085164893	0.0364637225	0.0382037511	-0.03796311	0.0116402067	0.0046805063	-0.0569761414	-0.0139184751	0.0547194347	0.0227905472	-0.0437366	0.0050969	2.597838961000001e-05	0.00191289017956	-0.128972	-0.0408909000000001	0.00167206570281	0.016633776784	0.275622	-0.04181	0.0759674868839999	0.0017480761	-0.00267168	0.00018524	3.431385760000005e-08	7.1378740224e-06	-0.000906771	0.000106799	8.22233646441e-07	1.1406026401000018e-08	-0.000916369	0.0	0.0	8.39732144161e-07	0.0	0.0	0.0	0.0	0.0	0.0	0.0	0.0	0.0	0.0	0.0	0.0	0.0	0.0	0.0	0.0	0.0	0.0	0.0	0.0	0.0	0.0	0.0	0.0	0.0	0.0	0.0	0.0	0.0	0.0	0.0	0.0	0.0	0.0	0.0	0.0	0.0	0.0	0.0	0.0	0.0	0.0	0.0	0.0	0.0	0.0	0.0	0.0	0.0	0.0	0.0	0.0	0.0	0.0	0.0	0.0	0.0	0.0	0.0	0.0	0.0	0.0	0.0	0.0	0.0	0.0	0.0	0.0	0.0	0.0	0.0	0.0	0.0	0.0	0.0	0.0	0.0	0.0
37313.2464628968	11.134657899849117	123.98060654667236	1392278361.6008806	48909.93660674615	795.1495378684122	632262.7875723494	2392181898.8759274	37116.84283959519	-80.9854996807262	6558.651158536904	1377660022.3792088	38140.78094846491	24122.19067315277	0.910047	33.085655	0.1061420499999999	0.0645984	0.0072373764	0.0279849119	-0.0020770529	-0.0165996643	0.0009706356	0.1215677647	-1.06943e-05	0.0006072869	0.00125103	0.000697297	-0.0056607334	0.0709304546	-0.0043230681	0.0350851827	-0.0045809984	0.023984822	-0.0117854359	-0.0160341058	0.0179412545	-0.0182847393	0.0564972419	0.0027655257	0.0014062538	0.0251190331	0.016233242	-0.0121379404	0.0018764822	-0.0179328605	0.057437005	-0.0446753482	0.0009930773	0.0503366018	-0.0331605087	0.0534851946	0.0043791387	-0.0570707212	-0.0130366422	0.0550930911	0.0213941436	-0.0432565	0.0004800999999999	2.304960099999973e-07	0.00187112479225	-0.184556	-0.0555839999999999	0.0030895810559999	0.034060917136	0.250454	-0.0251679999999999	0.062727206116	0.0006334282239999	-0.00277483	-0.0001031499999999	1.0639922499999952e-08	7.6996815289e-06	-0.00130182	-0.0003950489999999	1.6947353124e-06	1.5606371240099998e-07	-0.000916369	0.0	0.0	8.39732144161e-07	0.0	0.0	0.0	0.0	0.0	0.0	0.0	0.0	0.0	0.0	0.0	0.0	0.0	0.0	0.0	0.0	0.0	0.0	0.0	0.0	0.0	0.0	0.0	0.0	0.0	0.0	0.0	0.0	0.0	0.0	0.0	0.0	0.0	0.0	0.0	0.0	0.0	0.0	0.0	0.0	0.0	0.0	0.0	0.0	0.0	0.0	0.0	0.0	0.0	0.0	0.0	0.0	0.0	0.0	0.0	0.0	0.0	0.0	0.0	0.0	0.0	0.0	0.0	0.0	0.0	0.0	0.0	0.0	0.0	0.0	0.0	0.0	0.0	0.0	0.0	0.0	0.0	0.0
37293.2748949343	-19.97156796250056	398.8635268807787	1390788352.389137	48172.6123764255	-737.3242303206498	543647.0206179386	2320600583.1693435	37170.65177511528	53.80893552008638	2895.4015418048134	1381657353.3868806	38141.26873446637	24137.944529088865	0.874283	31.785442	0.15601535	0.0796628999999999	0.0065413835	0.0272491511	-0.0052306608	0.0045064217	0.0018538622	0.0628417505	-0.0133625747	-0.002196566	-0.0123507281	0.0002361634	-0.005188128	0.0688162662	-0.0020648795	0.0214961305	0.0069376461	0.0390836591	0.0143889591	-0.0210101619	0.001022963	-0.0341058304	0.0710931149	0.0193430557	-0.0121399469	0.0330547747	0.0083329179	-0.0243967306	-0.0015042027	-0.0750955229	-0.0102684529	0.0088894334	0.0091916095	0.0117661522	-0.0117012498	0.0248269868	0.0040776509	-0.0571590425	-0.0121515927	0.0554425818	0.0199830776	-0.0300158	0.0132407	0.00017531613649	0.0009009482496399	-0.19213	-0.0075739999999999	5.736547599999996e-05	0.0369139369	0.318823	0.068369	0.101648105329	0.004674320161	-0.00193104	0.0008437899999999	7.119815640999998e-07	3.7289154816e-06	-0.00120951	9.230999999999996e-05	1.4629144401e-06	8.521136099999993e-09	-0.000515836	0.000400533	1.60426684089e-07	2.66086778896e-07	0.0	0.0	0.0	0.0	0.0	0.0	0.0	0.0	0.0	0.0	0.0	0.0	0.0	0.0	0.0	0.0	0.0	0.0	0.0	0.0	0.0	0.0	0.0	0.0	0.0	0.0	0.0	0.0	0.0	0.0	0.0	0.0	0.0	0.0	0.0	0.0	0.0	0.0	0.0	0.0	0.0	0.0	0.0	0.0	0.0	0.0	0.0	0.0	0.0	0.0	0.0	0.0	0.0	0.0	0.0	0.0	0.0	0.0	0.0	0.0	0.0	0.0	0.0	0.0	0.0	0.0	0.0	0.0	0.0	0.0	0.0	0.0	0.0	0.0	0.0	0.0	0.0	0.0
37316.0876634754	22.812768541101832	520.4224085098854	1392490398.508181	48793.36854589381	620.75616946831	385338.2219329692	2380792814.0554194	37297.73766413536	127.0858890200834	16150.82318802496	1391121234.8626616	38312.48715277778	24214.279043279414	0.842921	30.645248	0.1684718999999999	0.102813	0.005800695	0.0284285898	-0.0045572312	-0.0040680846	-0.0029114881	0.0968497123	-0.0114425359	-0.0014357931	-0.0102468783	0.0011664627	-0.0056499332	0.0644892773	0.0016484768	0.0045596384	-0.0095444945	0.0346282577	0.0129237977	-0.0402051634	0.0206239767	-0.0416551665	0.0872689174	0.0305800869	0.0062177904	0.0168036001	0.0018529175	-0.0041878766	-0.0047940851	-0.0191982306	0.0673846462	-0.0654917595	0.026551043	0.0056311893	-0.0175952759	0.0170865772	0.0037760514	-0.0572410958	-0.011263545	0.0557677536	0.0185583162	-0.0213177	0.0086981	7.565694361e-05	0.0004544443332899	-0.177798	0.0143319999999999	0.0002054062239999	0.031612128804	0.418999	0.1001759999999999	0.175560162001	0.0100352309759999	-0.00131206	0.0006189799999999	3.831362404e-07	1.7215014436000002e-06	-0.00113579	7.371999999999999e-05	1.2900189241e-06	5.434638399999999e-09	-0.00030322	0.000212616	4.5205563456e-08	9.19423684e-08	0.0	0.0	0.0	0.0	0.0	0.0	0.0	0.0	0.0	0.0	0.0	0.0	0.0	0.0	0.0	0.0	0.0	0.0	0.0	0.0	0.0	0.0	0.0	0.0	0.0	0.0	0.0	0.0	0.0	0.0	0.0	0.0	0.0	0.0	0.0	0.0	0.0	0.0	0.0	0.0	0.0	0.0	0.0	0.0	0.0	0.0	0.0	0.0	0.0	0.0	0.0	0.0	0.0	0.0	0.0	0.0	0.0	0.0	0.0	0.0	0.0	0.0	0.0	0.0	0.0	0.0	0.0	0.0	0.0	0.0	0.0	0.0	0.0	0.0	0.0	0.0	0.0	0.0
37194.49052928629	-121.5971341891127	14785.86304300508	1383430125.7331674	48688.40290781898	-104.96563807483471	11017.785176457191	2370560577.714116	37059.93812032879	-237.79954380657	56548.62303461281	1373439013.4825993	38068.86187934028	23946.736278992965	0.940174	34.18095	0.0792536499999999	0.0359806	0.0043283431	0.0249170926	-0.0025022858	-0.0173285498	0.0129378004	0.0633652156	0.0119063975	0.0062671665	0.0131058311	0.0033419021	-0.0036998823	0.0630417188	-0.0024342928	-0.003952519	0.0065291699	0.0258702707	0.0066462293	-0.0554457708	0.023147359	-0.0389116496	0.0808449855	0.0225659311	-0.0055497802	0.0155094836	0.010119441	0.002157257	0.0276629137	-0.054029015	-0.0558251038	-0.0144806306	-0.0176498435	0.0124860499	-0.0013627283	0.0110947798	0.0034743484	-0.0573168719	-0.0103727182	0.0560684638	0.0171208358	-0.0130645	0.0082531999999999	6.811531023999998e-05	0.0001706811602499	-0.19202	-0.0142219999999999	0.0002022652839999	0.0368716803999999	0.442916	0.0239169999999999	0.1961745830559999	0.0005720228889999	-0.00152124	-0.00020918	4.37562724e-08	2.3141711376000005e-06	-0.00137951	-0.00024372	1.9030478401e-06	5.93994384e-08	-0.000507549	-0.000204329	4.175034024100002e-08	2.5760598740100005e-07	0.0	0.0	0.0	0.0	0.0	0.0	0.0	0.0	0.0	0.0	0.0	0.0	0.0	0.0	0.0	0.0	0.0	0.0	0.0	0.0	0.0	0.0	0.0	0.0	0.0	0.0	0.0	0.0	0.0	0.0	0.0	0.0	0.0	0.0	0.0	0.0	0.0	0.0	0.0	0.0	0.0	0.0	0.0	0.0	0.0	0.0	0.0	0.0	0.0	0.0	0.0	0.0	0.0	0.0	0.0	0.0	0.0	0.0	0.0	0.0	0.0	0.0	0.0	0.0	0.0	0.0	0.0	0.0	0.0	0.0	0.0	0.0	0.0	0.0	0.0	0.0	0.0	0.0
37140.2378866049	-54.2526426813929	2943.3492379148947	1379397270.2736018	47976.99347704847	-711.4094307705091	506103.3781892197	2301791903.096751	37186.46464795538	126.52652762658543	16008.96219324109	1382833153.0136352	38131.64477544773	24232.59609601244	1.06402	38.683502	0.19801945	0.112068	0.006711542	0.0298685845	-0.0079201492	0.014316163	0.0064597843	0.0543019651	-0.0236812973	-0.0060941413	-0.0239423287	-0.002231508	-0.0057347645	0.0663586718	0.0038772188	0.0138086884	-0.0151982424	0.0316054994	0.0266165292	-0.0257459214	0.0117866475	-0.0252536896	0.0690974225	0.0158473485	-0.0272902855	0.0385021349	-0.0164732611	-0.0213193173	0.0109906886	0.0089635408	0.0329945232	-0.0251367418	0.0449462197	0.0376565088	-0.0346204261	-0.0136366927	0.0031725501	-0.0573863625	-0.009479332	0.0563445805	0.0156716217	-0.004324	0.0087405	7.639634025e-05	1.8696976e-05	-0.172606	0.0194139999999999	0.0003769033959999	0.029792831236	0.364776	-0.0781399999999999	0.133061530176	0.0061058595999999	-0.00039298	0.00112826	1.2729706276000002e-06	1.544332804e-07	-0.0019871	-0.0006075899999999	3.94856641e-06	3.691656080999999e-07	-0.000606198	-9.864899999999992e-05	9.731625200999984e-09	3.6747601520400005e-07	0.0	0.0	0.0	0.0	0.0	0.0	0.0	0.0	0.0	0.0	0.0	0.0	0.0	0.0	0.0	0.0	0.0	0.0	0.0	0.0	0.0	0.0	0.0	0.0	0.0	0.0	0.0	0.0	0.0	0.0	0.0	0.0	0.0	0.0	0.0	0.0	0.0	0.0	0.0	0.0	0.0	0.0	0.0	0.0	0.0	0.0	0.0	0.0	0.0	0.0	0.0	0.0	0.0	0.0	0.0	0.0	0.0	0.0	0.0	0.0	0.0	0.0	0.0	0.0	0.0	0.0	0.0	0.0	0.0	0.0	0.0	0.0	0.0	0.0	0.0	0.0	0.0	0.0
37153.43006254069	13.192175935793784	174.03350592093662	1380377365.4121022	48060.101774242816	83.10829719434696	6906.989062543898	2309773382.5505776	37092.71236082779	-93.7522871275869	8789.491341653496	1375869310.2831068	38055.7546804185	23926.213774663946	0.8825739999999999	32.086864	0.0313128	0.0241903	0.0064812443	0.0265226268	-0.0108691761	0.0061663298	-0.003705774	0.0692021344	-0.0191968775	-0.0038175657	-0.0186413897	-0.0002439798	-0.0067723158	0.0728715364	7.4309e-05	0.0117259311	0.003112336	0.0347886602	0.0286324589	-0.026920228	0.0093846657	-0.038634852	0.0600799393	0.0275949464	-0.0075103712	0.0358357239	-0.0146346397	-0.0434928206	0.0053591645	-0.0543358388	-0.0110179946	-0.0333846089	-0.0214011222	-0.0043049324	0.0054033215	0.0097047528	0.0028706649	-0.0574495601	-0.008583607	0.0565959827	0.014211667	-0.0064357	-0.0021117	4.4592768900000005e-06	4.141823449e-05	-0.17368	-0.0010739999999999	1.153475999999982e-06	0.0301647424	0.364679	-9.700000000001374e-05	0.132990773041	9.409000000002664e-09	-0.000850336	-0.000457356	2.0917451073600002e-07	7.23071312896e-07	-0.0018945	9.259999999999996e-05	3.5891302499999995e-06	8.574759999999995e-09	-0.000616844	-1.0646000000000006e-05	1.1333731600000014e-10	3.8049652033600005e-07	0.0	0.0	0.0	0.0	0.0	0.0	0.0	0.0	0.0	0.0	0.0	0.0	0.0	0.0	0.0	0.0	0.0	0.0	0.0	0.0	0.0	0.0	0.0	0.0	0.0	0.0	0.0	0.0	0.0	0.0	0.0	0.0	0.0	0.0	0.0	0.0	0.0	0.0	0.0	0.0	0.0	0.0	0.0	0.0	0.0	0.0	0.0	0.0	0.0	0.0	0.0	0.0	0.0	0.0	0.0	0.0	0.0	0.0	0.0	0.0	0.0	0.0	0.0	0.0	0.0	0.0	0.0	0.0	0.0	0.0	0.0	0.0	0.0	0.0	0.0	0.0	0.0	0.0
37054.48623734055	-98.94382520014187	9789.88054523623	1373034950.31326	47904.606767554986	-155.49500668783003	24178.697104848303	2294851349.554075	37122.41240400439	29.700043176599134	882.092564691853	1378073502.692979	38086.51318073831	24312.363619771408	0.871459	31.682751	0.11839882	0.0580016	0.0069555409	0.0300224601	-0.0103900643	0.0077274771	0.0115775625	0.0330037089	-0.0150904979	-0.0033640608	-0.0150036413	-0.0011775599	-0.0069046429	0.0724175801	0.0037335514	0.0133414592	-0.0092268552	0.0299029924	0.0206687934	-0.0347701377	0.0169669888	-0.0479359739	0.0617568979	0.0256635759	-0.0293650605	0.0168701824	-0.0148173006	-0.0039070475	0.0153251783	-0.032070978	0.00491497	-0.0209031247	0.0509100884	0.0261915185	-0.0167960925	-0.0095045122	0.0025687009	-0.0575064577	-0.0076857641	0.0568225599	0.0127419724	0.00215187	0.00858757	7.374635850489998e-05	4.630544496900001e-06	-0.156963	0.016717	0.000279458089	0.0246373833689999	0.390642	0.025963	0.152601172164	0.000674077369	-0.00155329	-0.0007029539999999	4.941443261159998e-07	2.4127098241e-06	-0.00132795	0.0005665499999999	1.7634512025e-06	3.209789024999999e-07	-0.000543723	7.3121e-05	5.346680640999999e-09	2.95634700729e-07	0.0	0.0	0.0	0.0	0.0	0.0	0.0	0.0	0.0	0.0	0.0	0.0	0.0	0.0	0.0	0.0	0.0	0.0	0.0	0.0	0.0	0.0	0.0	0.0	0.0	0.0	0.0	0.0	0.0	0.0	0.0	0.0	0.0	0.0	0.0	0.0	0.0	0.0	0.0	0.0	0.0	0.0	0.0	0.0	0.0	0.0	0.0	0.0	0.0	0.0	0.0	0.0	0.0	0.0	0.0	0.0	0.0	0.0	0.0	0.0	0.0	0.0	0.0	0.0	0.0	0.0	0.0	0.0	0.0	0.0	0.0	0.0	0.0	0.0	0.0	0.0	0.0	0.0
37019.409230610574	-35.07700672997453	1230.3964011346784	1370436659.7834153	48064.14496862041	159.53820106542116	25452.43759919075	2310162031.5645585	37069.56290257088	-52.84950143351307	2793.0698017709	1374152493.787659	38032.02377284357	23611.829884973635	0.935147	33.998222	0.1297019633999999	0.0587647	0.0070369617	0.0264658306	-0.0132336794	0.0107723897	-0.0003373314	0.0787561177	-0.0283282977	-0.0051506602	-0.0269628168	0.0006300493	-0.0062257378	0.0749382071	0.0004076407	0.0182311894	-0.0055014701	0.0317004429	0.03278221	-0.021545992	0.0113052006	-0.0543855507	0.0445305559	0.0306607452	-0.018326405	0.0428486499	-0.000462749	-0.0189177093	0.0080767842	-0.0126453271	-0.0102381594	-0.0820191947	-0.0296096806	0.0095605124	0.0238211923	0.0083133974	0.0022666665	-0.0575570491	-0.0067860248	0.0570242129	0.011263545	-7.674339999999998e-05	-0.0022286134	4.96671768665956e-06	5.889549443559997e-09	-0.115183	0.04178	0.0017455683999999	0.0132671234889999	0.36425	-0.0263919999999999	0.1326780625	0.0006965376639999	-0.00190981	-0.00035652	1.271065104000001e-07	3.6473742361e-06	-0.00178481	-0.0004568599999999	3.1855467361e-06	2.0872105959999998e-07	-0.00091637	-0.000372647	1.3886578660900005e-07	8.397339769e-07	0.0	0.0	0.0	0.0	0.0	0.0	0.0	0.0	0.0	0.0	0.0	0.0	0.0	0.0	0.0	0.0	0.0	0.0	0.0	0.0	0.0	0.0	0.0	0.0	0.0	0.0	0.0	0.0	0.0	0.0	0.0	0.0	0.0	0.0	0.0	0.0	0.0	0.0	0.0	0.0	0.0	0.0	0.0	0.0	0.0	0.0	0.0	0.0	0.0	0.0	0.0	0.0	0.0	0.0	0.0	0.0	0.0	0.0	0.0	0.0	0.0	0.0	0.0	0.0	0.0	0.0	0.0	0.0	0.0	0.0	0.0	0.0	0.0	0.0	0.0	0.0	0.0	0.0
36988.383877484455	-31.02535312611872	962.5725366003644	1368140541.868152	48056.87576944794	-7.269199172464141	52.84125660895335	2309463308.720153	37008.46294633674	-61.09995623413852	3733.204651813642	1369626329.6503794	37977.46315720943	23972.272772613567	0.8912299999999999	32.401546	0.1138336766	0.0577823	0.006685731	0.0290796005	-0.0094355782	-0.0020993817	0.0151559061	0.0217207347	-0.0050390842	-0.000762207	-0.0045715546	-0.0002988398	-0.0059223285	0.0800321358	-0.0022604488	0.0223988304	-0.0026459501	0.0160802891	0.0098530538	-0.0415631626	0.0229487436	-0.030982142	0.0431977622	0.0128862027	-0.0109239134	0.0080264393	-0.0051978698	-0.0178946817	0.0204837927	-0.0522489461	-0.0275499389	0.008351724	0.0277542632	0.0276092488	-0.0415430382	0.0066979515	0.00196457	-0.0576013287	-0.0058846112	0.0572008532	0.0097773982	-0.00446692	-0.0043901766	1.927365057918756e-05	1.99533742864e-05	-0.157229	-0.042046	0.001767866116	0.024720958441	0.34234	-0.02191	0.1171966755999999	0.0004800481	-0.0023627	-0.00045289	2.051093521000001e-07	5.58235129e-06	-0.00132795	0.0004568599999999	1.7634512025e-06	2.0872105959999998e-07	-0.00091637	0.0	0.0	8.397339769e-07	0.0	0.0	0.0	0.0	0.0	0.0	0.0	0.0	0.0	0.0	0.0	0.0	0.0	0.0	0.0	0.0	0.0	0.0	0.0	0.0	0.0	0.0	0.0	0.0	0.0	0.0	0.0	0.0	0.0	0.0	0.0	0.0	0.0	0.0	0.0	0.0	0.0	0.0	0.0	0.0	0.0	0.0	0.0	0.0	0.0	0.0	0.0	0.0	0.0	0.0	0.0	0.0	0.0	0.0	0.0	0.0	0.0	0.0	0.0	0.0	0.0	0.0	0.0	0.0	0.0	0.0	0.0	0.0	0.0	0.0	0.0	0.0	0.0	0.0	0.0	0.0	0.0	0.0
37009.52467792114	21.140800436682184	446.9334431036216	1369704916.8856535	48255.08161933501	198.20584988706835	39285.55892945507	2328552902.088684	37023.61134767768	15.148401340942655	229.47406318627324	1370747797.2238874	38010.01093658626	23757.274287771223	0.8548289999999998	31.078184	0.10834113	0.0481524	0.0075118551	0.0292330371	-0.0128719262	0.0045536469	0.0001084265	0.0731664587	-0.0203017775	-0.0020250042	-0.0190162596	0.00216117	-0.0059842636	0.0823963545	0.0005996497	0.024744701	-0.004737441	0.0409384485	0.0320201734	-0.0298481628	0.0171947738	-0.04169116	0.0442283031	0.0252874792	-0.0069300625	-0.0003571924	0.0029990334	-0.0119728505	0.0051051523	-0.0037676129	0.0677187298	-0.0787158186	0.001934352	0.0012641278	0.0010352793	0.0361087352	0.0016624196	-0.0576392917	-0.0049817457	0.0573524034	0.0082845504	-0.0220485	-0.01758158	0.0003091119552963	0.0004861363522499	-0.170324	-0.0130949999999999	0.0001714790249999	0.029010264976	0.359688	0.017348	0.129375457344	0.000300953104	-0.00156946	0.00079324	6.292296976000003e-07	2.4632046916e-06	-0.00144201	-0.00011406	2.0793928401e-06	1.3009683600000009e-08	-0.000617339	0.000299031	8.941953896100003e-08	3.811074409209999e-07	0.0	0.0	0.0	0.0	0.0	0.0	0.0	0.0	0.0	0.0	0.0	0.0	0.0	0.0	0.0	0.0	0.0	0.0	0.0	0.0	0.0	0.0	0.0	0.0	0.0	0.0	0.0	0.0	0.0	0.0	0.0	0.0	0.0	0.0	0.0	0.0	0.0	0.0	0.0	0.0	0.0	0.0	0.0	0.0	0.0	0.0	0.0	0.0	0.0	0.0	0.0	0.0	0.0	0.0	0.0	0.0	0.0	0.0	0.0	0.0	0.0	0.0	0.0	0.0	0.0	0.0	0.0	0.0	0.0	0.0	0.0	0.0	0.0	0.0	0.0	0.0	0.0	0.0
37008.75636628182	-0.76831163931638	0.5903027751090232	1369648047.7788053	47854.36946344602	-400.7121558889921	160570.23187720394	2290040676.7439947	37055.564156085005	31.952808407324483	1020.9819651151862	1373114834.925732	38006.92969823648	23911.528106225145	0.865016	31.448524	0.1158580499999999	0.0784084	0.0072308822	0.0294412579	-0.0136455098	0.0094267439	0.0049126939	0.0130394592	-0.0209782861	-0.0060726951	-0.0207885254	-0.0016546873	-0.0065207415	0.0805485431	0.0034360046	0.0129804172	-0.0066598585	0.0323493898	0.0265325614	-0.0481574987	0.0224300034	-0.0535099046	0.0451523445	0.0316459271	-0.0164023423	-0.0139982141	0.0014238515	-0.0189515909	0.0041631224	-0.067144192	-0.0541892294	-0.0227225498	0.0130205837	-0.0168390171	0.0012728703	0.0126080609	0.0013602237	-0.0576709338	-0.0040776509	0.0574787968	0.0067860248	-0.0152809	0.0067675999999999	4.580040975999998e-05	0.00023350590481	-0.157065	0.0132589999999999	0.0001758010809999	0.024669414225	0.432961	0.0732729999999999	0.187455227521	0.0053689325289999	-0.00184975	-0.00028029	7.856248410000007e-08	3.4215750625e-06	-0.00132795	0.00011406	1.7634512025e-06	1.3009683600000009e-08	-0.00056052	5.6818999999999945e-05	3.228398760999994e-09	3.141826704e-07	0.0	0.0	0.0	0.0	0.0	0.0	0.0	0.0	0.0	0.0	0.0	0.0	0.0	0.0	0.0	0.0	0.0	0.0	0.0	0.0	0.0	0.0	0.0	0.0	0.0	0.0	0.0	0.0	0.0	0.0	0.0	0.0	0.0	0.0	0.0	0.0	0.0	0.0	0.0	0.0	0.0	0.0	0.0	0.0	0.0	0.0	0.0	0.0	0.0	0.0	0.0	0.0	0.0	0.0	0.0	0.0	0.0	0.0	0.0	0.0	0.0	0.0	0.0	0.0	0.0	0.0	0.0	0.0	0.0	0.0	0.0	0.0	0.0	0.0	0.0	0.0	0.0	0.0
36942.4101496261	-66.34621665572195	4401.820464527997	1364741667.6631975	48101.99126184834	247.6217984023242	61316.55504400129	2313801563.354934	36960.2763671875	-95.28778889750538	9079.76271297555	1366062029.1388788	37946.71204838267	23937.050819407526	0.8733889999999999	31.752939	0.1017474999999999	0.058016	0.0067185365	0.0302072557	-0.0113936673	-0.0045577563	0.011065493	0.0268402128	0.0033002671	0.002541964	0.0036029774	0.001787273	-0.0064070152	0.0828688723	-0.0044402029	0.0148638391	0.0080370043	0.0213283326	0.0129007895	-0.0566237234	0.0282656011	-0.0219489064	0.0425833743	0.006095541	-0.0091360061	-0.0212136618	0.0072299415	-0.0093274435	0.028252791	0.0083166122	0.0188346713	-0.026337772	0.0300148477	0.026962618	-0.0471913628	0.0073827874	0.0010579904	-0.0576962517	-0.0031725501	0.0575799782	0.0052828484	-0.0210468	-0.0057659	3.324560281000001e-05	0.00044296779024	-0.174111	-0.0170459999999999	0.0002905661159999	0.0303146403209999	0.386484	-0.0464769999999999	0.149369882256	0.0021601115289999	-0.0014243	0.0004254499999999	1.810077025e-07	2.02863049e-06	-0.00132795	0.0	1.7634512025e-06	0.0	-0.000784242	-0.0002237219999999	5.005153328399999e-08	6.15035514564e-07	0.0	0.0	0.0	0.0	0.0	0.0	0.0	0.0	0.0	0.0	0.0	0.0	0.0	0.0	0.0	0.0	0.0	0.0	0.0	0.0	0.0	0.0	0.0	0.0	0.0	0.0	0.0	0.0	0.0	0.0	0.0	0.0	0.0	0.0	0.0	0.0	0.0	0.0	0.0	0.0	0.0	0.0	0.0	0.0	0.0	0.0	0.0	0.0	0.0	0.0	0.0	0.0	0.0	0.0	0.0	0.0	0.0	0.0	0.0	0.0	0.0	0.0	0.0	0.0	0.0	0.0	0.0	0.0	0.0	0.0	0.0	0.0	0.0	0.0	0.0	0.0	0.0	0.0
36906.70382055741	-35.70632906868559	1274.9419355612615	1362104786.8983471	47752.12340325089	-349.8678585974558	122407.5184795693	2280265289.519301	36939.26220033513	-21.014166852372	441.5952084993301	1364509091.9051075	37891.90470303362	23615.341716507824	0.922702	33.545746	0.0785045	0.0417325	0.0077208318	0.0297067289	-0.0164960854	0.0105246576	0.0026661397	0.0297768743	-0.0206097964	-0.0048541273	-0.0203806596	-0.000778068	-0.0072065036	0.0874674972	0.0009837908	0.0272753118	-0.0093818405	0.0347244793	0.0354139938	-0.0349273917	0.0170522456	-0.0365952111	0.0240879514	0.0221649016	-0.0176021839	0.0017421389	0.00927751	-0.0312946647	0.0021775233	-0.0227111882	-0.0355204292	-0.043342754	-0.0294356015	0.0034492869	0.0135775674	0.0170191536	0.0007557282	-0.0577152426	-0.0022666665	0.0576559031	0.0037760514	-0.0209347	0.0001121	1.2566410000000088e-08	0.00043826166409	-0.149785	0.0243259999999999	0.0005917542759999	0.022435546225	0.354801	-0.031683	0.125883749601	0.001003812489	-0.00151631	-9.201e-05	8.465840100000001e-09	2.2991960161e-06	-0.00155148	-0.00022353	2.4070901904000003e-06	4.99656609e-08	-0.00091637	-0.000132128	1.7457808384000006e-08	8.397339769e-07	0.0	0.0	0.0	0.0	0.0	0.0	0.0	0.0	0.0	0.0	0.0	0.0	0.0	0.0	0.0	0.0	0.0	0.0	0.0	0.0	0.0	0.0	0.0	0.0	0.0	0.0	0.0	0.0	0.0	0.0	0.0	0.0	0.0	0.0	0.0	0.0	0.0	0.0	0.0	0.0	0.0	0.0	0.0	0.0	0.0	0.0	0.0	0.0	0.0	0.0	0.0	0.0	0.0	0.0	0.0	0.0	0.0	0.0	0.0	0.0	0.0	0.0	0.0	0.0	0.0	0.0	0.0	0.0	0.0	0.0	0.0	0.0	0.0	0.0	0.0	0.0	0.0	0.0
36871.92086556376	-34.78295499365049	1209.8539580903157	1359538548.3163965	47913.53542758164	161.41202433075523	26053.84159855232	2295706877.170121	36849.30357835427	-89.95862198085524	8092.5536686944115	1357871174.209713	37840.60476768092	23723.891125944145	0.8125569999999999	29.541327	0.0262399999999999	0.024259	0.0069695705	0.0295019524	-0.015375531	-0.0034491848	0.0162250554	-0.0098224398	-0.0049914599	0.0010340054	-0.0044709001	0.0012133906	-0.0066418936	0.0894872055	-0.0053953397	0.0257146053	0.0027094875	0.028499042	0.025343433	-0.0484439714	0.0230697404	-0.028293697	0.028956768	0.0136945263	-0.0052363229	-0.0227716141	0.0037344642	-0.0109238096	0.0225257416	-0.0296185274	-0.0101777253	0.0117406674	0.0257556268	0.0078446597	-0.0174963114	-0.0006600615	0.0004534452	-0.0577279043	-0.0013602237	0.0577065382	0.0022666665	-0.0209497	-1.5000000000001124e-05	2.2500000000003368e-10	0.00043888993009	-0.173867	-0.0240819999999999	0.0005799427239999	0.0302297336889999	0.354796	-4.999999999977245e-06	0.125880201616	2.499999999977245e-11	-0.00154718	-3.08699999999999e-05	9.529568999999936e-10	2.3937659524e-06	-0.00156337	-1.188999999999986e-05	2.4441257569e-06	1.413720999999967e-10	-0.00091637	0.0	0.0	8.397339769e-07	0.0	0.0	0.0	0.0	0.0	0.0	0.0	0.0	0.0	0.0	0.0	0.0	0.0	0.0	0.0	0.0	0.0	0.0	0.0	0.0	0.0	0.0	0.0	0.0	0.0	0.0	0.0	0.0	0.0	0.0	0.0	0.0	0.0	0.0	0.0	0.0	0.0	0.0	0.0	0.0	0.0	0.0	0.0	0.0	0.0	0.0	0.0	0.0	0.0	0.0	0.0	0.0	0.0	0.0	0.0	0.0	0.0	0.0	0.0	0.0	0.0	0.0	0.0	0.0	0.0	0.0	0.0	0.0	0.0	0.0	0.0	0.0	0.0	0.0	0.0	0.0	0.0	0.0
36877.220886906	5.300021342234686	28.090226228143163	1359929420.341656	47908.86256155584	-4.672866025801341	21.83567689508841	2295259111.942047	36936.12190826634	86.81832991206466	7537.4224087201	1364277101.6223123	37900.47722199379	23523.10077807584	0.8074799999999999	29.356737	0.0947262499999999	0.0623801	0.0073668652	0.0293044799	-0.0144387709	0.0068792428	0.0055062634	0.0221831264	-0.0127373914	-0.0008465531	-0.0124705994	0.0017357379	-0.0065160078	0.090740276	0.003912527	0.0234917288	-0.0061788394	0.0334189099	0.0273824388	-0.0504158689	0.0277880639	-0.0430947118	0.0303183644	0.0236473953	-0.0034889089	-0.0294746809	0.0066353593	-0.0366226479	-0.0017856673	-0.027461902	-0.0042400572	-0.0684100548	-0.0258820511	-0.0096491515	0.0137920604	0.0336497799	0.0001511498	-0.0577342355	-0.0004534452	0.0577318613	0.0007557282	-0.0210301	-8.039999999999783e-05	6.4641599999996515e-09	0.00044226510601	-0.174209	-0.000342	1.1696400000000613e-07	0.030348775681	0.409612	0.0548159999999999	0.1677819905439999	0.0030047938559999	-0.00188824	-0.00034106	1.1632192360000001e-07	3.5654502976e-06	-0.00137713	0.0001862399999999	1.8964870369e-06	3.4685337599999945e-08	-0.000653913	0.000262457	6.888367684900002e-08	4.27602211569e-07	0.0	0.0	0.0	0.0	0.0	0.0	0.0	0.0	0.0	0.0	0.0	0.0	0.0	0.0	0.0	0.0	0.0	0.0	0.0	0.0	0.0	0.0	0.0	0.0	0.0	0.0	0.0	0.0	0.0	0.0	0.0	0.0	0.0	0.0	0.0	0.0	0.0	0.0	0.0	0.0	0.0	0.0	0.0	0.0	0.0	0.0	0.0	0.0	0.0	0.0	0.0	0.0	0.0	0.0	0.0	0.0	0.0	0.0	0.0	0.0	0.0	0.0	0.0	0.0	0.0	0.0	0.0	0.0	0.0	0.0	0.0	0.0	0.0	0.0	0.0	0.0	0.0	0.0
36823.10545499494	-54.115431911057385	2928.479970920288	1355941095.349678	48107.381809325016	198.5192477691744	39409.89173483886	2314320184.548176	36843.4927703305	-92.6291379358372	8580.157194736355	1357442959.5173955	37844.22822482639	23714.553383052928	0.848021	30.830669	0.1004896499999999	0.0586991	0.0064195783	0.0289540167	-0.0141139071	-0.0115631769	0.0199175937	-0.0118836923	0.0042470077	0.004002372	0.0053203275	0.0028059896	-0.0069354645	0.0931526654	-0.0038897482	0.0253783581	0.0050785922	0.0251091836	0.0253131492	-0.0564823091	0.0239369856	-0.0243546606	0.0295490856	0.007497414	-0.0035747743	-0.0328198202	0.0050425147	-0.0093583483	0.0344437997	-0.015790286	-0.0292800678	0.0118245883	0.0116513703	0.0157397549	-0.016470393	-0.0048114938	-0.0001511498	-0.0577342355	0.0004534452	0.0577318613	-0.0007557282	-0.0209713	5.880000000000121e-05	3.4574400000001423e-09	0.0004397954236899	-0.188771	-0.0145619999999999	0.0002120518439999	0.035634490441	0.359543	-0.0500689999999999	0.129271168849	0.0025069047609999	-0.00156285	0.00032539	1.0587865210000005e-07	2.4425001225e-06	-0.00150528	-0.0001281499999999	2.2658678784e-06	1.6422422499999957e-08	-0.00091637	-0.000262457	6.888367684900002e-08	8.397339769e-07	0.0	0.0	0.0	0.0	0.0	0.0	0.0	0.0	0.0	0.0	0.0	0.0	0.0	0.0	0.0	0.0	0.0	0.0	0.0	0.0	0.0	0.0	0.0	0.0	0.0	0.0	0.0	0.0	0.0	0.0	0.0	0.0	0.0	0.0	0.0	0.0	0.0	0.0	0.0	0.0	0.0	0.0	0.0	0.0	0.0	0.0	0.0	0.0	0.0	0.0	0.0	0.0	0.0	0.0	0.0	0.0	0.0	0.0	0.0	0.0	0.0	0.0	0.0	0.0	0.0	0.0	0.0	0.0	0.0	0.0	0.0	0.0	0.0	0.0	0.0	0.0	0.0	0.0
36810.689661530094	-12.415793464846502	154.1519273617251	1355026873.3574786	47986.52560815314	-120.856201171875	14606.22136169672	2302706639.941937	36941.73982135817	98.24705102766892	9652.483035633382	1364692141.02892	37918.05448373538	23626.12472006559	0.861502	31.320776	0.04079075	0.0247607	0.0079882704	0.0320472608	-0.0165945475	0.0045406598	0.0024358222	0.0307212088	-0.0108935011	-0.0009788763	-0.0102361328	0.001408202	-0.0063160324	0.0958123798	-0.0003556715	0.0333365572	-0.0081858485	0.0329078982	0.0302449853	-0.043595893	0.0266294378	-0.0252930912	0.0219995048	0.0153420772	-0.0024523482	-0.031066109	0.0035944722	-0.0381811839	0.0029422586	0.008257712	0.0295172674	-0.0708167933	-0.0242639336	-0.0008526205	-0.0001643118	0.0302635664	-0.0004534452	-0.0577279043	0.0013602237	0.0577065382	-0.0022666665	-0.0210112	-3.9900000000002434e-05	1.592010000000194e-09	0.00044147052544	-0.178856	0.009915	9.830722500000014e-05	0.031989468736	0.355631	-0.003912	0.1264734081609999	1.5303744000000208e-05	-0.00151967	4.317999999999987e-05	1.8645123999999886e-09	2.3093969089e-06	-0.00157237	-6.709000000000012e-05	2.4723474169e-06	4.501068100000016e-09	-0.000488163	0.000428207	1.83361234849e-07	2.38303114569e-07	0.0	0.0	0.0	0.0	0.0	0.0	0.0	0.0	0.0	0.0	0.0	0.0	0.0	0.0	0.0	0.0	0.0	0.0	0.0	0.0	0.0	0.0	0.0	0.0	0.0	0.0	0.0	0.0	0.0	0.0	0.0	0.0	0.0	0.0	0.0	0.0	0.0	0.0	0.0	0.0	0.0	0.0	0.0	0.0	0.0	0.0	0.0	0.0	0.0	0.0	0.0	0.0	0.0	0.0	0.0	0.0	0.0	0.0	0.0	0.0	0.0	0.0	0.0	0.0	0.0	0.0	0.0	0.0	0.0	0.0	0.0	0.0	0.0	0.0	0.0	0.0	0.0	0.0
36749.61655613598	-61.073105394112645	3729.924202480391	1350534317.0230238	47780.46944770994	-206.0561604432005	42459.14125659398	2282973260.6435432	36888.11454949559	-53.62527186257648	2875.669782335237	1360732995.0167084	37840.80599849232	23586.802088736167	0.839384	30.516634	0.0903285	0.0490062	0.0067618662	0.0290910935	-0.0159949787	0.0035344683	0.0163355016	-0.0209243398	-0.0084243003	0.0006195609	-0.0078267235	0.0015491722	-0.0072095078	0.0968752633	-0.0018985653	0.0256224684	0.0019563715	0.0308098342	0.038898113	-0.0527078181	0.0216145397	-0.0424854482	0.0149547714	0.017418917	-0.0106462965	-0.0320066679	0.0040539086	-0.0125989467	0.0294916502	-0.0248549652	-0.0411876122	0.0021140578	0.0109883358	0.0006664079	0.0026713095	-0.0109504437	-0.0007557282	-0.0577152426	0.0022666665	0.0576559031	-0.0037760514	-0.0209941	1.709999999999906e-05	2.9240999999996787e-10	0.00044075223481	-0.141444	0.037412	0.001399657744	0.0200064051359999	0.376375	0.020744	0.141658140625	0.000430313536	-0.00143996	7.97100000000002e-05	6.353684100000032e-09	2.0734848016e-06	-0.00143718	0.00013519	2.0654863524e-06	1.8276336100000024e-08	-0.000916371	-0.000428208	1.83362091264e-07	8.397358096410001e-07	0.0	0.0	0.0	0.0	0.0	0.0	0.0	0.0	0.0	0.0	0.0	0.0	0.0	0.0	0.0	0.0	0.0	0.0	0.0	0.0	0.0	0.0	0.0	0.0	0.0	0.0	0.0	0.0	0.0	0.0	0.0	0.0	0.0	0.0	0.0	0.0	0.0	0.0	0.0	0.0	0.0	0.0	0.0	0.0	0.0	0.0	0.0	0.0	0.0	0.0	0.0	0.0	0.0	0.0	0.0	0.0	0.0	0.0	0.0	0.0	0.0	0.0	0.0	0.0	0.0	0.0	0.0	0.0	0.0	0.0	0.0	0.0	0.0	0.0	0.0	0.0	0.0	0.0
36751.402251307976	1.7856951719950305	3.1887072472863607	1350665567.437445	47790.65379702311	10.184349313167331	103.72097093261188	2283946590.346919	36955.39357879354	67.279029297948	4526.467783274145	1365701114.563535	37913.7326626462	23564.05744480328	0.817875	29.73468	0.0851288499999999	0.0458849	0.0070614724	0.0303741821	-0.0167073386	0.0042541762	0.0051327862	0.0080095229	-0.0120261283	-0.003856744	-0.0118956793	-0.0011737439	-0.007610807	0.0967075245	0.00335484	0.0217425492	-0.0093678779	0.032611347	0.0364258511	-0.0532279118	0.0340110144	-0.0426451986	0.0189203953	0.0264061749	-0.0031134076	-0.04359319	-0.0041259914	-0.0151566897	0.0085622591	0.0100658249	0.0522266878	-0.0842469312	0.0147647252	-0.0118521236	-0.0075821005	0.0131122234	-0.0010579904	-0.0576962517	0.0031725501	0.0575799782	-0.0052828484	-0.0144516	0.0065425	4.280430625000002e-05	0.00020884874256	-0.130447	0.0109969999999999	0.0001209340089999	0.017016419809	0.414062	0.0376869999999999	0.1714473398439999	0.0014203099689999	-0.0013517	8.825999999999994e-05	7.78982759999999e-09	1.82709289e-06	-0.00151415	-7.696999999999999e-05	2.2926502225e-06	5.924380899999999e-09	-0.000483554	0.000432817	1.87330555489e-07	2.3382447091600006e-07	0.0	0.0	0.0	0.0	0.0	0.0	0.0	0.0	0.0	0.0	0.0	0.0	0.0	0.0	0.0	0.0	0.0	0.0	0.0	0.0	0.0	0.0	0.0	0.0	0.0	0.0	0.0	0.0	0.0	0.0	0.0	0.0	0.0	0.0	0.0	0.0	0.0	0.0	0.0	0.0	0.0	0.0	0.0	0.0	0.0	0.0	0.0	0.0	0.0	0.0	0.0	0.0	0.0	0.0	0.0	0.0	0.0	0.0	0.0	0.0	0.0	0.0	0.0	0.0	0.0	0.0	0.0	0.0	0.0	0.0	0.0	0.0	0.0	0.0	0.0	0.0	0.0	0.0
36706.39500127853	-45.00725002944819	2025.652555213264	1347359433.989885	47462.72043700015	-327.9333600229584	107540.28861594724	2252709831.280832	36932.54613521239	-22.84744358115131	522.0056781938922	1364012964.0295916	37843.37875845212	23494.070756714373	0.862915	31.372124	0.06219521	0.0318085	0.0071000652	0.0295810682	-0.0194104697	0.0129617434	0.0159800306	-0.0288816405	-0.0136758918	-0.0042484063	-0.0140020043	-0.0021189654	-0.0087255411	0.096629226	0.0004086518	0.0191072588	-0.0010382777	0.026980352	0.040311142	-0.0634248567	0.0247381497	-0.0492805221	0.0165898022	0.0237752002	-0.0193215984	-0.0425697762	-0.0040154718	-0.0134114217	0.027794268	-0.0231059781	-0.0685548528	-0.0295821554	0.0040352879	-0.0115196755	0.0038894946	-0.0091635507	-0.0013602237	-0.0576709338	0.0040776509	0.0574787968	-0.0067860248	-0.00582179	0.00862981	7.44736206361e-05	3.3893238804100005e-05	-0.138315	-0.0078679999999999	6.190542399999978e-05	0.0191310392249999	0.425985	0.011923	0.181463220225	0.000142157929	-0.00180073	-0.00044903	2.016279409e-07	3.2426285329e-06	-0.00132892	0.00018523	1.7660283663999998e-06	3.43101529e-08	-0.000442326	4.122800000000003e-05	1.6997479840000024e-09	1.95652290276e-07	0.0	0.0	0.0	0.0	0.0	0.0	0.0	0.0	0.0	0.0	0.0	0.0	0.0	0.0	0.0	0.0	0.0	0.0	0.0	0.0	0.0	0.0	0.0	0.0	0.0	0.0	0.0	0.0	0.0	0.0	0.0	0.0	0.0	0.0	0.0	0.0	0.0	0.0	0.0	0.0	0.0	0.0	0.0	0.0	0.0	0.0	0.0	0.0	0.0	0.0	0.0	0.0	0.0	0.0	0.0	0.0	0.0	0.0	0.0	0.0	0.0	0.0	0.0	0.0	0.0	0.0	0.0	0.0	0.0	0.0	0.0	0.0	0.0	0.0	0.0	0.0	0.0	0.0
36689.8809016964	-16.51409958212753	272.7154850084246	1346147360.5806663	47639.653632719936	176.93319571978645	31305.35574761626	2269536598.245526	36947.56944173623	15.02330652384262	225.69973890933224	1365122887.651921	37912.01640190972	23580.446706769213	0.864102	31.415302	0.15034586	0.0758428	0.0068088379	0.0315358584	-0.0162924913	0.0042184861	0.0143728493	-0.0279393894	-0.0088018425	-0.0005638591	-0.0084744655	0.0009411813	-0.0066051941	0.0994689169	0.0008085566	0.0295937846	-0.0072602474	0.0310166685	0.0425340765	-0.0556132419	0.0282121763	-0.0303221142	0.0207010813	0.015655185	-0.0031460793	-0.0507698593	-0.0032221406	0.0093706292	0.0283342021	0.0291764827	0.02361788	-0.0330121165	0.0287321726	0.0104922468	-0.0060064059	-0.0104283336	-0.0016624196	-0.0576392917	0.0049817457	0.0573524034	-0.0082845504	-0.0210529	-0.0152311099999999	0.000231986711832	0.00044322459841	-0.168693	-0.030378	0.000922822884	0.028457328249	0.386863	-0.0391219999999999	0.149662980769	0.0015305308839999	-0.000882098	0.000918632	8.43884751424e-07	7.78096881604e-07	-0.00132892	0.0	1.7660283663999998e-06	0.0	-0.000835989	-0.000393663	1.54970557569e-07	6.98877608121e-07	0.0	0.0	0.0	0.0	0.0	0.0	0.0	0.0	0.0	0.0	0.0	0.0	0.0	0.0	0.0	0.0	0.0	0.0	0.0	0.0	0.0	0.0	0.0	0.0	0.0	0.0	0.0	0.0	0.0	0.0	0.0	0.0	0.0	0.0	0.0	0.0	0.0	0.0	0.0	0.0	0.0	0.0	0.0	0.0	0.0	0.0	0.0	0.0	0.0	0.0	0.0	0.0	0.0	0.0	0.0	0.0	0.0	0.0	0.0	0.0	0.0	0.0	0.0	0.0	0.0	0.0	0.0	0.0	0.0	0.0	0.0	0.0	0.0	0.0	0.0	0.0	0.0	0.0
36743.22058878207	53.33968708566681	2845.1222183968507	1350064259.2358985	47740.08928373075	100.43565101081184	10087.319993965591	2279116124.8185835	36907.18508109272	-40.38436064351117	1630.8965845851742	1362140310.610033	37862.422991822	23439.9048260152	0.980674	35.653393	0.0830774	0.0424982	0.0065875071	0.0291977716	-0.0175337036	-0.0007936985	0.0118146346	-0.0253104742	-0.007005736	0.0006027644	-0.0063171633	0.0016177246	-0.0073598445	0.1021172233	0.0006318254	0.0233308237	-0.0033504724	0.031800533	0.045886491	-0.0604159224	0.0266673111	-0.0368670306	0.0147395374	0.0221392319	-0.0051662765	-0.0489089821	0.0015992711	-0.0148125988	0.0241639678	-0.0236922987	-0.0349562502	-0.0387008091	-0.022388248	-0.0326522683	0.0278411425	0.0040965636	-0.00196457	-0.0576013287	0.0058846112	0.0572008532	-0.0097773982	-0.0134979	0.0075549999999999	5.707802499999999e-05	0.00018219330441	-0.154821	0.013872	0.000192432384	0.0239695420409999	0.407275	0.0204119999999999	0.165872925625	0.0004166497439999	-0.00147376	-0.000591662	3.50063922244e-07	2.1719685376e-06	-0.00147652	-0.0001476	2.1801113104e-06	2.1785760000000037e-08	-0.000750483	8.550599999999995e-05	7.3112760359999925e-09	5.63224733289e-07	0.0	0.0	0.0	0.0	0.0	0.0	0.0	0.0	0.0	0.0	0.0	0.0	0.0	0.0	0.0	0.0	0.0	0.0	0.0	0.0	0.0	0.0	0.0	0.0	0.0	0.0	0.0	0.0	0.0	0.0	0.0	0.0	0.0	0.0	0.0	0.0	0.0	0.0	0.0	0.0	0.0	0.0	0.0	0.0	0.0	0.0	0.0	0.0	0.0	0.0	0.0	0.0	0.0	0.0	0.0	0.0	0.0	0.0	0.0	0.0	0.0	0.0	0.0	0.0	0.0	0.0	0.0	0.0	0.0	0.0	0.0	0.0	0.0	0.0	0.0	0.0	0.0	0.0
37097.90863927418	354.6880504921137	125803.6131618962	1376254825.407934	48162.55089695645	422.4616132256997	178473.8146492607	2319631308.9019203	37309.830575245134	402.6454941524135	162123.3939612412	1392023457.5534966	38346.08997315881	23847.472572506053	1.645825	59.835621	0.8483003	0.515721	0.0008361685	0.0249090035	-0.0012978871	-0.0056205025	0.0018357249	-0.0494182913	-0.01472154	-0.0038459059	-0.0116353948	0.0006183539	0.0013419492	0.0421307621	0.0162505394	-0.0412432937	-0.0162227229	0.0622514283	0.1000424226	-0.0725145424	0.0034331223	0.0657229183	0.040338881	-0.0424263534	0.0111930886	-0.0473211148	0.0749460485	0.0865286849	-0.0720728906	-0.0776116696	0.0601246428	0.0490323178	0.0525545213	-0.1083949198	-0.0314772398	-0.0527109754	-0.0022666665	-0.0575570491	0.0067860248	0.0570242129	-0.011263545	-0.0214427	-0.0079447999999999	6.311984703999998e-05	0.0004597893832899	-0.0306361	0.1241848999999999	0.0154218893880099	0.00093857062321	0.585106	0.177831	0.342349031236	0.031623864561	0.00794934	0.0094230999999999	8.879481360999997e-05	6.319200643559999e-05	-0.000615883	0.000860637	3.7931186968900003e-07	7.40696045769e-07	-0.000267428	0.000483055	2.3334213302500002e-07	7.1517735184e-08	0.0	0.0	0.0	0.0	0.0	0.0	0.0	0.0	0.0	0.0	0.0	0.0	0.0	0.0	0.0	0.0	0.0	0.0	0.0	0.0	0.0	0.0	0.0	0.0	0.0	0.0	0.0	0.0	0.0	0.0	0.0	0.0	0.0	0.0	0.0	0.0	0.0	0.0	0.0	0.0	0.0	0.0	0.0	0.0	1.0	0.0	0.0	0.0	0.0	0.0	0.0	0.0	0.0	0.0	0.0	0.0	0.0	0.0	0.0	0.0	0.0	0.0	0.0	0.0	0.0	0.0	0.0	0.0	0.0	0.0	0.0	0.0	0.0	0.0	0.0	0.0	0.0	0.0
37274.39627970441	176.48764043022675	31147.88722462901	1389380618.0164418	49514.240199663065	1351.689302706618	1827063.9710515032	2451659982.54993	37720.858221659866	411.0276464147319	168943.72611723383	1422863144.9785647	38809.842617758586	13553.154321356598	3.152966	114.629242	3.90938715	2.41208	-0.0457649602	-0.272458864	-0.0395298345	-0.0260094141	-0.0471518643	0.0427106834	-0.020686682	-0.0101078178	-0.0182662903	-0.0042521013	0.0182793972	-0.1375512563	-0.0234420833	0.1243688779	0.0211994602	0.0129252305	0.0721125049	-0.1229406358	0.0487344986	-0.0250910349	-0.0424877593	-0.1038695847	0.0483216183	0.0214242634	-0.0278727679	0.1375276287	-0.199291486	-0.2065566727	0.12718167	0.0027033922	-0.0428052927	-0.2345654826	-0.0123606187	0.0322263905	-0.0025687009	-0.0575064577	0.0076857641	0.0568225599	-0.0127419724	0.03604	0.0574827	0.00330426079929	0.0012988816	0.60732	0.6379561	0.40698798552721	0.3688375824	1.5245	0.939394	2.32410025	0.8824610872359999	0.051392	0.04344266	0.0018872647078756	0.002641137664	-9.4108e-05	0.000521775	8.856315664000001e-09	2.7224915062500005e-07	-0.00179408	-0.0015266519999999	2.330666329104e-06	3.2187230464e-06	0.0	0.0	0.0	0.0	0.0	0.0	0.0	0.0	0.0	0.0	0.0	0.0	0.0	0.0	0.0	0.0	0.0	0.0	0.0	0.0	0.0	0.0	0.0	0.0	0.0	0.0	0.0	0.0	0.0	0.0	0.0	0.0	0.0	0.0	0.0	0.0	0.0	0.0	0.0	0.0	0.0	0.0	0.0	0.0	0.0	1.0	0.0	0.0	0.0	0.0	0.0	0.0	0.0	0.0	0.0	0.0	0.0	0.0	0.0	0.0	0.0	0.0	0.0	0.0	0.0	0.0	0.0	0.0	0.0	0.0	0.0	0.0	0.0	0.0	0.0	0.0	0.0	0.0
36981.43313299078	-292.9631467136278	85827.40533235061	1367626396.5698683	47557.411724072495	-1956.8284755905695	3829177.682882113	2261707409.892948	37587.60656369995	-133.2516579599178	17756.004349066923	1412828167.1874995	38484.60195723684	12953.773035664117	2.299306	83.593575	1.7050191	0.911651	-0.0473332141	-0.2821496537	-0.0296301306	0.0005334189	-0.002935135	-0.0230921751	-0.011297935	-0.0115214823	-0.0123102627	-0.010227798	0.0181323971	-0.1278076572	-0.0293180287	0.1349436162	0.0054553288	0.0258869823	0.0782278724	-0.1701380747	0.0813036213	-0.1023864634	-0.0964037985	-0.2899948388	-0.0261737019	0.1497423301	-0.2113651696	0.092077463	-0.1056009791	0.0192948262	-0.0569350426	0.0705824057	-0.0440049942	0.1067911039	0.0646358373	0.2227502064	-0.0028706649	-0.0574495601	0.008583607	0.0565959827	-0.014211667	0.114565	0.078525	0.006166175625	0.013125139225	1.1547	0.5473800000000001	0.2996248644000001	1.33333209	1.85693	0.33243	3.4481890249	0.1105097049	0.0641868	0.0127948	0.00016370690704	0.00411994529424	-0.00209124	-0.001997132	4.373284737599999e-06	3.988536225424e-06	-0.00193583	-0.0001417499999999	2.0093062499999985e-08	3.7474377889e-06	0.0	0.0	0.0	0.0	0.0	0.0	0.0	0.0	0.0	0.0	0.0	0.0	0.0	0.0	0.0	0.0	0.0	0.0	0.0	0.0	0.0	0.0	0.0	0.0	0.0	0.0	0.0	0.0	0.0	0.0	0.0	0.0	0.0	0.0	0.0	0.0	0.0	0.0	0.0	0.0	0.0	0.0	0.0	0.0	0.0	0.0	1.0	0.0	0.0	0.0	0.0	0.0	0.0	0.0	0.0	0.0	0.0	0.0	0.0	0.0	0.0	0.0	0.0	0.0	0.0	0.0	0.0	0.0	0.0	0.0	0.0	0.0	0.0	0.0	0.0	0.0	0.0	0.0
36758.88406293684	-222.5490700539376	49528.08858187243	1351215557.5524323	46759.955932038654	-797.4557920338411	635935.7402483209	2186493478.7661967	37363.257318594005	-224.34924510594283	50332.583779606415	1396012997.4554684	38220.26272341009	13045.824931755436	1.677701	60.994484	0.8569874499999999	0.518195	-0.0473774057	-0.2808685988	-0.0361395291	0.023022086	-0.0052670647	-0.0317312551	-0.0165842503	-0.0100550933	-0.0181989257	-0.0070538431	0.0119231517	-0.1231433774	-0.0276447619	0.1196135741	0.0156575785	-0.0442039124	0.0915842347	-0.1175046814	0.0760181876	-0.1303047236	-0.0687903655	-0.2508230715	-0.0423379746	0.0767655417	-0.1401685692	0.0471958008	-0.1094413652	0.0257425418	0.011250634	0.0481644427	-0.0695229857	0.1869689928	0.0262753566	0.0091133508	-0.0031725501	-0.0573863625	0.009479332	0.0563445805	-0.0156716217	0.119969	0.005404	2.9203216000000067e-05	0.014392560961	1.29663	0.1419299999999999	0.0201441248999999	1.6812493568999998	1.69571	-0.1612199999999999	2.8754324041	0.0259918883999999	0.0544752	-0.0097116	9.431517456000002e-05	0.00296754741504	-0.00202296	6.827999999999999e-05	4.0923671616e-06	4.662158399999999e-09	-0.000747041	0.001188789	1.413219286521e-06	5.580702556810001e-07	0.0	0.0	0.0	0.0	0.0	0.0	0.0	0.0	0.0	0.0	0.0	0.0	0.0	0.0	0.0	0.0	0.0	0.0	0.0	0.0	0.0	0.0	0.0	0.0	0.0	0.0	0.0	0.0	0.0	0.0	0.0	0.0	0.0	0.0	0.0	0.0	0.0	0.0	0.0	0.0	0.0	0.0	0.0	0.0	0.0	0.0	0.0	1.0	0.0	0.0	0.0	0.0	0.0	0.0	0.0	0.0	0.0	0.0	0.0	0.0	0.0	0.0	0.0	0.0	0.0	0.0	0.0	0.0	0.0	0.0	0.0	0.0	0.0	0.0	0.0	0.0	0.0	0.0
36942.58024744352	183.69618450667625	33744.28820231083	1364754235.338804	46867.56333771475	107.607405676099	11579.353756340544	2196568493.214704	37433.183186090064	69.92586749605834	4889.626945076309	1401243203.4433758	38297.38482090643	13880.360373849197	1.872678	68.083069	1.068037525	0.607059	-0.0420628845	-0.2484578069	-0.0395252534	0.0276856424	-0.0114075964	0.000703818	-0.0178419486	-0.0095428285	-0.0198827056	-0.0063294112	0.0099471931	-0.1306656825	-0.0213806976	0.0987522149	0.0107044859	-0.1086813217	0.0934262376	-0.0412557682	0.0499905858	-0.0941320173	-0.0154673318	-0.1225292929	-0.0234548833	-0.0176631432	-0.0366037795	-0.0235637375	-0.0841121074	0.0157558034	0.0312669959	-0.0150236748	-0.084819562	0.0934206555	0.0025564997	-0.1017449109	-0.0034743484	-0.0573168719	0.0103727182	0.0560684638	-0.0171208358	0.112869	-0.0071	5.041000000000013e-05	0.0127394111609999	1.057	-0.23963	0.0574225369	1.117249	1.47524	-0.2204699999999999	2.1763330576000004	0.0486070208999999	0.0442114	-0.0102638	0.00010534559044	0.0019546478899599	-0.00312111	-0.00109815	9.7413276321e-06	1.2059334225e-06	-9.22405e-05	0.0006548005	4.2876369480025014e-07	8.508309840250002e-09	0.0	0.0	0.0	0.0	0.0	0.0	0.0	0.0	0.0	0.0	0.0	0.0	0.0	0.0	0.0	0.0	0.0	0.0	0.0	0.0	0.0	0.0	0.0	0.0	0.0	0.0	0.0	0.0	0.0	0.0	0.0	0.0	0.0	0.0	0.0	0.0	0.0	0.0	0.0	0.0	0.0	0.0	0.0	0.0	0.0	0.0	0.0	0.0	1.0	0.0	0.0	0.0	0.0	0.0	0.0	0.0	0.0	0.0	0.0	0.0	0.0	0.0	0.0	0.0	0.0	0.0	0.0	0.0	0.0	0.0	0.0	0.0	0.0	0.0	0.0	0.0	0.0	0.0
36865.79116448526	-76.78908295826113	5896.56326157071	1359086558.1834393	46474.78220573534	-392.7811319794128	154277.01763902887	2159905381.070534	37276.53770452637	-156.6454815636971	24537.80689432257	1389540263.236976	38122.97605080409	15330.805077348345	1.157242	42.072689	0.295056725	0.169222	-0.0371329675	-0.2148191808	-0.0333597818	0.0313113074	-0.0054538598	-0.0176046332	-0.0177987749	-0.0085265322	-0.0199172972	-0.0053967257	0.0111005702	-0.1341837428	-0.0210721145	0.086279216	0.0200856446	-0.1068094324	0.0864239985	-0.0229970342	0.0289814119	-0.0767892882	-0.0025779173	-0.0579756359	-0.0199655788	-0.0400430647	-0.00506319	0.0015903404	-0.0766070822	-0.0688368439	0.0284079602	0.0265563914	-0.0356627734	0.0318461335	-0.0281847434	-0.1274431125	-0.0037760514	-0.0572410958	0.011263545	0.0557677536	-0.0185583162	0.115456	0.002587	6.692569000000031e-06	0.013330087936	0.917923	-0.1390769999999999	0.0193424119289999	0.8425826339290001	1.41178	-0.06346	1.9931227684	0.0040271716	0.0428048	-0.0014066	1.9785235600000027e-06	0.0018322509030399	-0.00294306	0.0001780499999999	8.6616021636e-06	3.1701802499999973e-08	0.000121764	0.0002140045	4.5797926020250004e-08	1.4826471696e-08	0.0	0.0	0.0	0.0	0.0	0.0	0.0	0.0	0.0	0.0	0.0	0.0	0.0	0.0	0.0	0.0	0.0	0.0	0.0	0.0	0.0	0.0	0.0	0.0	0.0	0.0	0.0	0.0	0.0	0.0	0.0	0.0	0.0	0.0	0.0	0.0	0.0	0.0	0.0	0.0	0.0	0.0	0.0	0.0	0.0	0.0	0.0	0.0	0.0	0.0	0.0	0.0	0.0	0.0	0.0	0.0	0.0	0.0	0.0	0.0	0.0	0.0	0.0	0.0	0.0	0.0	0.0	0.0	0.0	0.0	0.0	0.0	0.0	0.0	0.0	0.0	0.0	0.0
36922.75548307612	56.96431859086442	3244.9335925215023	1363289872.4630277	47905.67884284286	1430.896637107522	2047465.186085616	2294954065.3936024	37269.44546892142	-7.092235604948655	50.299805876101416	1389011565.5609071	38241.19212719298	14043.539991112337	1.278296	46.473717	0.2448076999999999	0.119623	-0.0442401593	-0.2532302723	-0.0328198911	-0.0053956788	-0.011228551	0.0513193899	0.0151226243	0.0031891676	0.0142734388	-0.0004088352	0.0125188332	-0.127330647	-0.0270392482	0.0933827097	0.0162156058	-0.1151549756	0.0793941588	-0.0496023297	0.0537688369	-0.0936818059	0.0063450436	-0.0966161241	-0.0020767035	-0.0315652197	-0.014466672	0.00042908	-0.0639744074	-0.0133790739	0.0802689522	-0.0160798723	-0.0516692785	0.0304280512	0.0006157872	-0.0868220091	-0.0040776509	-0.0571590425	0.0121515927	0.0554425818	-0.0199830776	0.131247	0.015791	0.000249355681	0.017225775009	0.972696	0.0547729999999999	0.0030000815289999	0.946137508416	1.49583	0.0840499999999999	2.2375073889	0.0070644024999999	0.0441431	0.0013383	1.7910468900000016e-06	0.0019486132776099	-0.00285162	9.143999999999992e-05	8.1317366244e-06	8.361273599999986e-09	0.000495898	0.000374134	1.3997624995600004e-07	2.459148264040001e-07	0.0	0.0	0.0	0.0	0.0	0.0	0.0	0.0	0.0	0.0	0.0	0.0	0.0	0.0	0.0	0.0	0.0	0.0	0.0	0.0	0.0	0.0	0.0	0.0	0.0	0.0	0.0	0.0	0.0	0.0	0.0	0.0	0.0	0.0	0.0	0.0	0.0	0.0	0.0	0.0	0.0	0.0	0.0	0.0	0.0	0.0	0.0	0.0	0.0	0.0	0.0	0.0	0.0	0.0	0.0	0.0	0.0	0.0	0.0	0.0	0.0	0.0	0.0	0.0	0.0	0.0	0.0	0.0	0.0	0.0	0.0	0.0	0.0	0.0	0.0	0.0	0.0	0.0
36907.71844419283	-15.037038883288917	226.11253837754276	1362179680.755812	47054.860724137296	-850.818118705567	723891.4711176803	2214159917.767958	37303.87390183592	34.42843291450117	1185.3169929483076	1391579008.084075	38184.60051603618	14996.91411939861	1.178799	42.856415	0.1446628499999998	0.0809707	-0.0393251047	-0.2257567752	-0.029380025	0.0201495269	-0.0130644984	0.0189523741	-0.0117139602	-0.0059644291	-0.013171108	-0.0039245263	0.0086720376	-0.1270087935	-0.0213519906	0.0962419137	0.0197070161	-0.1149524988	0.0905634303	-0.0327531459	0.0392908101	-0.0843496671	0.0087973955	-0.0806153442	-0.0307893161	-0.0070699009	0.0058293058	-0.014804452	-0.0738389299	-0.0417956544	0.0096494734	0.0077964571	-0.0699088133	0.0545719699	-0.0049459805	-0.1189730395	-0.0043791387	-0.0570707212	0.0130366422	0.0550930911	-0.0213941436	0.112865	-0.018382	0.000337897924	0.0127385082249999	0.970473	-0.0022229999999999	4.941728999999889e-06	0.941817843729	1.42099	-0.07484	2.0192125801	0.0056010256	0.0435076	-0.0006354999999999	4.038602499999964e-07	0.00189291125776	-0.00257877	0.0002728499999999	6.650054712900001e-06	7.44471224999999e-08	0.000571905	7.6007e-05	5.7770640490000015e-09	3.270753290250001e-07	0.0	0.0	0.0	0.0	0.0	0.0	0.0	0.0	0.0	0.0	0.0	0.0	0.0	0.0	0.0	0.0	0.0	0.0	0.0	0.0	0.0	0.0	0.0	0.0	0.0	0.0	0.0	0.0	0.0	0.0	0.0	0.0	0.0	0.0	0.0	0.0	0.0	0.0	0.0	0.0	0.0	0.0	0.0	0.0	0.0	0.0	0.0	0.0	0.0	0.0	0.0	0.0	0.0	0.0	0.0	0.0	0.0	0.0	0.0	0.0	0.0	0.0	0.0	0.0	0.0	0.0	0.0	0.0	0.0	0.0	0.0	0.0	0.0	0.0	0.0	0.0	0.0	0.0
36946.57021043776	38.85176624493033	1509.459740350708	1365049050.3148072	47252.19940735152	197.33868321422776	38942.555892725344	2232770348.832112	37311.296206459134	7.422304623214586	55.09060591979262	1392132824.6061318	38211.60727796053	16083.977869648492	1.056011	38.392353	0.1873905499999998	0.107428	-0.0330196041	-0.1891448161	-0.0266843264	0.0152148006	-0.0082128085	0.0186974354	-0.013048134	-0.0078130212	-0.0144238783	-0.0055102141	0.0090748295	-0.1217770279	-0.0244269229	0.0921409081	0.0209953001	-0.1177212412	0.0801174287	-0.0185364346	0.0345183709	-0.0638054044	0.0183585627	-0.0540033211	-0.0203166065	-0.0172178917	0.0191075475	-0.0243091068	-0.0540970644	-0.0245685047	0.0490468232	0.004787124	-0.0305204797	0.068604379	-0.0202410047	-0.130660079	-0.0046805063	-0.0569761414	0.0139184751	0.0547194347	-0.0227905472	0.103295	-0.0095699999999999	9.158489999999992e-05	0.010669857025	0.980702	0.0102289999999999	0.0001046324409999	0.961776412804	1.31968	-0.10131	1.7415553024	0.0102637161	0.0427304	-0.0007771999999999	6.04039839999998e-07	0.00182588708416	-0.00248048	9.829e-05	6.152781030400001e-06	9.660924100000002e-09	0.000121764	-0.000450141	2.0262691988100006e-07	1.4826471696e-08	0.0	0.0	0.0	0.0	0.0	0.0	0.0	0.0	0.0	0.0	0.0	0.0	0.0	0.0	0.0	0.0	0.0	0.0	0.0	0.0	0.0	0.0	0.0	0.0	0.0	0.0	0.0	0.0	0.0	0.0	0.0	0.0	0.0	0.0	0.0	0.0	0.0	0.0	0.0	0.0	0.0	0.0	0.0	0.0	0.0	0.0	0.0	0.0	0.0	0.0	0.0	0.0	0.0	0.0	0.0	0.0	0.0	0.0	0.0	0.0	0.0	0.0	0.0	0.0	0.0	0.0	0.0	0.0	0.0	0.0	0.0	0.0	0.0	0.0	0.0	0.0	0.0	0.0
37154.631024829534	208.0608143917707	43289.30248536685	1380466606.5912254	48555.510984014	1303.311576662476	1698621.065862429	2357637646.918704	37301.47049956288	-9.825706896255724	96.5445160111273	1391399701.4297595	38341.45106188322	18299.128585625487	1.30394	47.406036	0.36106755	0.208811	-0.026512529	-0.1359442206	-0.0062886703	-0.0226783199	-0.0120184679	0.0433187054	0.0166384301	0.0016797883	0.0167289436	-0.0018487802	0.0110416498	-0.1220111023	-0.024795302	0.072120899	0.0300410934	-0.1222650307	0.0631630104	0.0042578707	0.0214693394	-0.0302797265	0.0309150288	-0.0094368835	-0.0043775968	-0.0169875763	0.051274557	-0.0175467005	-0.0178866198	-0.0372759428	0.0098998677	0.0017988902	-0.0645915091	0.031483975	-0.0031559629	-0.079970354	-0.0049817457	-0.0568753135	0.0147968739	0.0543217765	-0.0241713312	0.097841	-0.005454	2.9746116000000007e-05	0.009572861281	0.8411469999999999	-0.1395550000000001	0.019475598025	0.7075282756089998	1.24527	-0.0744099999999998	1.5506973729000002	0.0055368480999999	0.0400287	-0.0027017	7.299182890000007e-06	0.00160229682369	-0.0025596	-7.91199999999998e-05	6.55155216e-06	6.259974399999968e-09	0.000173915	5.2151e-05	2.7197268009999996e-09	3.0246427224999994e-08	0.0	0.0	0.0	0.0	0.0	0.0	0.0	0.0	0.0	0.0	0.0	0.0	0.0	0.0	0.0	0.0	0.0	0.0	0.0	0.0	0.0	0.0	0.0	0.0	0.0	0.0	0.0	0.0	0.0	0.0	0.0	0.0	0.0	0.0	0.0	0.0	0.0	0.0	0.0	0.0	0.0	0.0	0.0	0.0	0.0	0.0	0.0	0.0	0.0	0.0	0.0	0.0	0.0	0.0	0.0	0.0	0.0	0.0	0.0	0.0	0.0	0.0	0.0	0.0	0.0	0.0	0.0	0.0	0.0	0.0	0.0	0.0	0.0	0.0	0.0	0.0	0.0	0.0
37058.062879132565	-96.56814569696871	9325.406763350977	1373300024.353743	47727.70770581865	-827.8032781953516	685258.2673909707	2277934082.852061	37254.46368291021	-47.00681665266893	2209.640811817633	1387895064.3012755	38237.4324385508	19652.152089141386	1.089765	39.619492	0.2369126500000001	0.13302	-0.0202303633	-0.101224893	-0.0014778862	-0.0006636814	-0.0010849971	0.0100671993	0.0072493236	-0.001134441	0.0060229394	-0.0038782688	0.009134139	-0.1159079268	-0.0183356355	0.0650477018	0.0151009406	-0.1187634283	0.0526130583	0.018437535	0.0108563896	-0.0247091785	0.0328900468	0.0123594501	-0.0024256222	-0.0222506593	0.0587295518	-0.0322016605	0.0070944375	-0.0066298926	0.0275188757	0.0069172988	0.0080920554	0.0033059168	-0.0014521133	-0.0588739336	-0.0052828484	-0.0567682486	0.0156716217	0.0539002911	-0.0255355494	0.103346	0.0055049999999999	3.030502499999996e-05	0.010680395716	0.783856	-0.0572909999999998	0.0032822586809999	0.614430228736	1.22906	-0.01621	1.5105884836	0.0002627641	0.0378308	-0.0021979	4.830764410000012e-06	0.0014311694286399	-0.00209124	0.00046836	4.373284737599999e-06	2.193610896000001e-07	0.000665788	0.000491873	2.41939048129e-07	4.432736609439999e-07	0.0	0.0	0.0	0.0	0.0	0.0	0.0	0.0	0.0	0.0	0.0	0.0	0.0	0.0	0.0	0.0	0.0	0.0	0.0	0.0	0.0	0.0	0.0	0.0	0.0	0.0	0.0	0.0	0.0	0.0	0.0	0.0	0.0	0.0	0.0	0.0	0.0	0.0	0.0	0.0	0.0	0.0	0.0	0.0	0.0	0.0	0.0	0.0	0.0	0.0	0.0	0.0	0.0	0.0	0.0	0.0	0.0	0.0	0.0	0.0	0.0	0.0	0.0	0.0	0.0	0.0	0.0	0.0	0.0	0.0	0.0	0.0	0.0	0.0	0.0	0.0	0.0	0.0
36989.167449537046	-68.89542959551909	4746.580219151128	1368198508.609891	47961.61847068461	233.91076486596285	54714.24592017976	2300316846.327515	37153.40066650525	-101.06301640495803	10213.733284868817	1380375181.085873	38138.31963061952	19235.57037564564	0.9100450000000002	33.085609	0.16617525	0.0887427999999999	-0.0189216972	-0.0952328231	-0.0001985393	-2.5958e-06	-0.0081133152	0.0315990412	0.0057060496	0.0006370604	0.0050084369	-0.0012119938	0.0074609262	-0.1125263429	-0.0172869461	0.0583054663	0.0231951978	-0.1223463069	0.0599740936	0.0202338115	0.0107003327	-0.0319231397	0.0284464113	0.0093121232	-0.0064756894	-0.013517556	0.0802664037	-0.0489752519	-0.0004332701	-0.0104849786	0.0058304548	-0.0099108884	-0.0246127167	-0.0042560113	0.0185753194	-0.0420608772	-0.0055838063	-0.0566549584	0.0165425028	0.0534551631	-0.0268822669	0.0953988	-0.0079471999999999	6.31579878399998e-05	0.00910093104144	0.8566209999999999	0.0727649999999998	0.0052947452249999	0.7337995376409997	1.23761	0.00855	1.5316785121000005	7.310250000000099e-05	0.0369177	-0.0009131	8.337516100000001e-07	0.00136291657329	-0.00238921	-0.00029797	5.7083244241e-06	8.878612090000016e-08	0.000338597	-0.0003271909999999	1.0705395048099997e-07	1.14647928409e-07	0.0	0.0	0.0	0.0	0.0	0.0	0.0	0.0	0.0	0.0	0.0	0.0	0.0	0.0	0.0	0.0	0.0	0.0	0.0	0.0	0.0	0.0	0.0	0.0	0.0	0.0	0.0	0.0	0.0	0.0	0.0	0.0	0.0	0.0	0.0	0.0	0.0	0.0	0.0	0.0	0.0	0.0	0.0	0.0	0.0	0.0	0.0	0.0	0.0	0.0	0.0	0.0	0.0	0.0	0.0	0.0	0.0	0.0	0.0	0.0	0.0	0.0	0.0	0.0	0.0	0.0	0.0	0.0	0.0	0.0	0.0	0.0	0.0	0.0	0.0	0.0	0.0	0.0
36965.80785101788	-23.359598519164138	545.6708429765354	1366470950.078375	47160.627516615445	-800.990954069166	641586.5085006328	2224124787.760946	37243.901318439726	90.50065193447516	8190.368000565025	1387108185.4176764	38152.50089158443	20564.16808524864	1.088873	39.587074	0.2267787499999999	0.114788	-0.013141342	-0.0640591023	1.62866e-05	0.023882308	-0.0069100885	0.0048570961	-0.0172520608	-0.0103777769	-0.0193277316	-0.0073813087	0.0068933984	-0.1082885717	-0.0134224104	0.0555827955	0.011631205	-0.1110482961	0.0557194966	0.0412906484	-0.0008996893	-0.0142907172	0.0216250921	0.0286031351	-0.0132873534	-0.0158499182	0.0594587491	-0.037154524	0.0101707619	0.0077581602	0.0031426086	0.0046981987	0.0271618065	0.0053440022	-0.0055443226	-0.0383836754	-0.0058846112	-0.0565354553	0.0174093022	0.052986588	-0.0282105605	0.0854942999999999	-0.0099045000000001	9.809912025000212e-05	0.0073092753324899	0.767439	-0.0891819999999998	0.0079534291239999	0.588962618721	1.18239	-0.05522	1.3980461121	0.0030492484	0.0361	-0.0008176999999999	6.686332899999961e-07	0.00130321	-0.00274729	-0.0003580799999999	7.547602344099999e-06	1.2822128639999985e-07	0.000612262	0.000273665	7.489253222500001e-08	3.748647566440001e-07	0.0	0.0	0.0	0.0	0.0	0.0	0.0	0.0	0.0	0.0	0.0	0.0	0.0	0.0	0.0	0.0	0.0	0.0	0.0	0.0	0.0	0.0	0.0	0.0	0.0	0.0	0.0	0.0	0.0	0.0	0.0	0.0	0.0	0.0	0.0	0.0	0.0	0.0	0.0	0.0	0.0	0.0	0.0	0.0	0.0	0.0	0.0	0.0	0.0	0.0	0.0	0.0	0.0	0.0	0.0	0.0	0.0	0.0	0.0	0.0	0.0	0.0	0.0	0.0	0.0	0.0	0.0	0.0	0.0	0.0	0.0	0.0	0.0	0.0	0.0	0.0	0.0	0.0
37030.71983161382	64.91198059593444	4213.565224886969	1371274211.2474768	47994.06645484671	833.4389382312656	694620.4637600594	2303430414.8722425	37273.075357626505	29.174039186778828	851.1245624717067	1389282146.6153042	38257.043916529605	20909.657725987097	0.923062	33.558834	0.1058004000000002	0.0652936	-0.0110603731	-0.0497221859	0.0061990822	0.0054844762	-0.0133390079	0.0315323436	-0.0099908741	-0.0056911897	-0.010738269	-0.0041696612	0.0061778019	-0.1042491278	-0.013823872	0.049137721	0.0213316404	-0.1049383575	0.0482242561	0.0449325729	-0.0094597253	0.0062208844	0.0174031305	0.0375787627	0.0007494808	-0.011813978	0.0688974031	-0.0326833451	0.0049996116	-0.0031851943	-0.0003184783	-0.0188568349	-0.009947437	-0.0117741939	-0.0030928625	-0.018143638	-0.0061852547	-0.0564097525	0.0182718062	0.0524947712	-0.0295195201	0.0871134999999999	0.0016192	2.621808640000004e-06	0.0075887618822499	0.731691	-0.035748	0.001277919504	0.5353717194809999	1.12904	-0.05335	1.2747313216	0.0028462225	0.036138	3.800000000000331e-05	1.4440000000002512e-09	0.001305955044	-0.00280099	-5.370000000000028e-05	7.8455449801e-06	2.883690000000029e-09	0.000402298	-0.000209964	4.4084881296000023e-08	1.61843680804e-07	0.0	0.0	0.0	0.0	0.0	0.0	0.0	0.0	0.0	0.0	0.0	0.0	0.0	0.0	0.0	0.0	0.0	0.0	0.0	0.0	0.0	0.0	0.0	0.0	0.0	0.0	0.0	0.0	0.0	0.0	0.0	0.0	0.0	0.0	0.0	0.0	0.0	0.0	0.0	0.0	0.0	0.0	0.0	0.0	0.0	0.0	0.0	0.0	0.0	0.0	0.0	0.0	0.0	0.0	0.0	0.0	0.0	0.0	0.0	0.0	0.0	0.0	0.0	0.0	0.0	0.0	0.0	0.0	0.0	0.0	0.0	0.0	0.0	0.0	0.0	0.0	0.0	0.0
36934.15142694471	-96.56840466910944	9325.456780336875	1364131541.6284816	47776.05573001518	-218.01072483153257	47528.67614157021	2282551501.117516	37137.116708057634	-135.9586495688709	18484.75439259104	1379165437.3878934	38117.65886821546	20689.42107673107	0.901317	32.768272	0.1059464999999999	0.0613768	-0.0130727487	-0.0603947313	0.0040015487	-0.0009733391	-0.0029237726	-0.0090165054	0.0032714163	-0.002123368	0.0028017453	-0.0033576712	0.0066923548	-0.1025748161	-0.0144928155	0.051286549	0.0145285425	-0.1127577135	0.0441051293	0.0376174488	-0.0007420332	-0.0088688119	0.0158606331	0.0330001552	0.0025165338	-0.034263279	0.0586071469	-0.0398907166	0.0237374543	-0.0104973404	0.0053179684	0.0117028339	0.0323754584	-0.016844893	0.0107849272	-0.0186951207	-0.0064857287	-0.0562778638	0.0191298019	0.0519799285	-0.0308082484	0.0896943999999999	0.0025808999999999	6.661044809999985e-06	0.0080450853913599	0.746028	0.014337	0.000205549569	0.5565577767840001	1.18098	0.0519399999999998	1.3947137603999995	0.0026977635999999	0.0357386	-0.0003994	1.5952036000000092e-07	0.00127724752996	-0.0026964	0.00010459	7.270572959999999e-06	1.0939068100000068e-08	0.00064008	0.000237782	5.6540279524000014e-08	4.097024064e-07	0.0	0.0	0.0	0.0	0.0	0.0	0.0	0.0	0.0	0.0	0.0	0.0	0.0	0.0	0.0	0.0	0.0	0.0	0.0	0.0	0.0	0.0	0.0	0.0	0.0	0.0	0.0	0.0	0.0	0.0	0.0	0.0	0.0	0.0	0.0	0.0	0.0	0.0	0.0	0.0	0.0	0.0	0.0	0.0	0.0	0.0	0.0	0.0	0.0	0.0	0.0	0.0	0.0	0.0	0.0	0.0	0.0	0.0	0.0	0.0	0.0	0.0	0.0	0.0	0.0	0.0	0.0	0.0	0.0	0.0	0.0	0.0	0.0	0.0	0.0	0.0	0.0	0.0
36953.1395654553	18.988138510590943	360.54940409738686	1365534523.7440178	48025.84801031176	249.79228029658407	62396.18329576722	2306482077.109566	37019.11313072117	-118.00357733646524	13924.844264203131	1370414736.9851325	38041.95220440424	21316.676569219777	1.071745	38.964378	0.1681016000000001	0.129733	-0.0091812429	-0.0337331661	0.0099504281	-0.003958558	-0.0101128048	0.021025215	0.0100519323	0.0021624466	0.0099218833	5.73459e-05	0.0060795337	-0.0951886325	-0.0134285165	0.0328263793	0.0185853295	-0.1135021665	0.0372194646	0.0386535197	0.0020131689	-0.016532235	0.0169101447	0.0265461279	0.0122289101	-0.029000005	0.0663796453	-0.0530228874	0.0411889295	0.0345455684	0.0085693063	-0.0158703519	0.0145385703	-0.0385750818	0.0304403189	0.0242071417	-0.0067860248	-0.0561398035	0.0199830776	0.0514422857	-0.0320758624	0.0963575	0.0066631000000001	4.4396901610001366e-05	0.00928476780625	0.7444889999999998	-0.0015390000000001	2.3685210000005512e-06	0.5542638711209997	1.19692	0.01594	1.4326174864	0.0002540836	0.033306	-0.0024326	5.91754276e-06	0.001109289636	-0.00273397	-3.757000000000023e-05	7.4745919609e-06	1.4115049000000166e-09	0.0010491	0.00040902	1.6729736040000006e-07	1.10061081e-06	0.0	0.0	0.0	0.0	0.0	0.0	0.0	0.0	0.0	0.0	0.0	0.0	0.0	0.0	0.0	0.0	0.0	0.0	0.0	0.0	0.0	0.0	0.0	0.0	0.0	0.0	0.0	0.0	0.0	0.0	0.0	0.0	0.0	0.0	0.0	0.0	0.0	0.0	0.0	0.0	0.0	0.0	0.0	0.0	0.0	0.0	0.0	0.0	0.0	0.0	0.0	0.0	0.0	0.0	0.0	0.0	0.0	0.0	0.0	0.0	0.0	0.0	0.0	0.0	0.0	0.0	0.0	0.0	0.0	0.0	0.0	0.0	0.0	0.0	0.0	0.0	0.0	0.0
36983.09013396175	29.95056850645051	897.0365538595851	1367748955.8567388	47925.0730397012	-100.77497061056056	10155.594701559345	2296812625.860695	36996.70207772645	-22.411052994721103	502.25529633219776	1368755964.6280484	38013.99212890625	22942.07418337831	1.127722	40.999462	0.2186675	0.108664	-0.0045551056	-0.0014537887	0.0153067647	-0.010471171	0.0010687285	-0.021784593	0.0189197188	0.0046308914	0.0181579659	0.0002608153	0.0060728067	-0.0873714212	-0.0112995941	0.0175876958	0.008867459	-0.1110914032	0.0236471772	0.0419420508	-0.0075131214	0.0105109383	0.0033608316	0.0320337167	0.0046947981	-0.0216781713	0.0742401996	-0.0447556903	0.0774555662	0.0142583593	-0.0326975524	0.0210276989	0.0695293805	-0.0237189616	0.0155906769	0.0329932188	-0.0070861349	-0.0559955869	0.0208314228	0.0508820785	-0.0333214931	0.090444	-0.0059135	3.496948225000002e-05	0.008180117136	0.689913	-0.0545759999999998	0.0029785397759999	0.475979947569	1.13151	-0.0654099999999999	1.2803148801	0.0042784680999999	0.0319141	-0.0013919	1.937385610000004e-06	0.00101850977881	-0.00252757	0.0002064	6.388610104899999e-06	4.26009600000001e-08	0.00130616	0.0002570599999999	6.607984359999996e-08	1.7060539456e-06	0.0	0.0	0.0	0.0	0.0	0.0	0.0	0.0	0.0	0.0	0.0	0.0	0.0	0.0	0.0	0.0	0.0	0.0	0.0	0.0	0.0	0.0	0.0	0.0	0.0	0.0	0.0	0.0	0.0	0.0	0.0	0.0	0.0	0.0	0.0	0.0	0.0	0.0	0.0	0.0	0.0	0.0	0.0	0.0	0.0	0.0	0.0	0.0	0.0	0.0	0.0	0.0	0.0	0.0	0.0	0.0	0.0	0.0	0.0	0.0	0.0	0.0	0.0	0.0	0.0	0.0	0.0	0.0	0.0	0.0	0.0	0.0	0.0	0.0	0.0	0.0	0.0	0.0
36952.485145556864	-30.604988404884352	936.6653152631056	1365486158.4326007	48422.38626749482	497.3132277936165	247320.44653850552	2344727491.838471	37020.01470950614	23.31263177969231	543.4788004955199	1370481489.092051	38069.50199961166	22888.390858672632	0.8544	31.06258	0.1312948999999999	0.0704954	-0.0034349486	0.0050173669	0.0169847695	-0.0227459658	-0.0066003996	0.00295649	0.0229254115	0.0047978032	0.0232121274	0.0002382149	0.0069812001	-0.0812600646	-0.0124448232	0.013510298	0.0140283098	-0.1110983558	0.0237324722	0.0454371729	-0.0028385926	0.0203519328	-0.0055735073	0.0363845019	0.0165629858	-0.0240224047	0.0832016653	-0.038513175	0.0649446703	0.0236621886	0.0398758743	-0.0349915583	0.0619961269	-0.0267401659	0.0212255876	0.0611040146	-0.0073860507	-0.0558452297	0.0216746281	0.0502995528	-0.0345442869	0.0851891	-0.0052548999999999	2.7613974009999924e-05	0.00725718275881	0.7377399999999998	0.0478269999999998	0.0022874219289999	0.5442603075999998	1.08372	-0.04779	1.1744490384	0.0022838841	0.0318504	-6.369999999999987e-05	4.057689999999983e-09	0.00101444798016	-0.00281698	-0.00028941	7.9353763204e-06	8.375814810000023e-08	0.00105081	-0.00025535	6.520362250000005e-08	1.1042016560999997e-06	0.0	0.0	0.0	0.0	0.0	0.0	0.0	0.0	0.0	0.0	0.0	0.0	0.0	0.0	0.0	0.0	0.0	0.0	0.0	0.0	0.0	0.0	0.0	0.0	0.0	0.0	0.0	0.0	0.0	0.0	0.0	0.0	0.0	0.0	0.0	0.0	0.0	0.0	0.0	0.0	0.0	0.0	0.0	0.0	0.0	0.0	0.0	0.0	0.0	0.0	0.0	0.0	0.0	0.0	0.0	0.0	0.0	0.0	0.0	0.0	0.0	0.0	0.0	0.0	0.0	0.0	0.0	0.0	0.0	0.0	0.0	0.0	0.0	0.0	0.0	0.0	0.0	0.0
36995.02270171575	42.53755615888804	1809.4436839705536	1368631704.7004638	47695.973271808354	-726.4129956864635	527675.8403021821	2274905866.345057	37089.32987509857	69.31516559243028	4804.59218110603	1375618390.5838792	38077.07632035819	23700.320799726007	0.975477	35.464447	0.2463279	0.14147	-0.0003303085	0.0207724964	0.0148641423	-0.0016828923	-0.0063441587	-0.0314438797	0.0083703672	0.0007410897	0.0073083162	-0.0011001622	0.0042711036	-0.0725571569	-0.0043064966	-0.001686712	0.0011919213	-0.0919818298	0.0213895279	0.0558562265	-0.0149484198	0.0251333844	-0.0149212105	0.0380420164	0.0120718004	-0.0072738157	0.0835228727	-0.0378398481	0.0774792837	-0.0088058917	-0.0443152881	0.0049358265	0.0670388719	-0.0186392913	0.0446113639	0.0833017779	-0.0076857641	-0.0556887485	0.0225124856	0.0496949641	-0.0357434058	0.0737658999999999	-0.0114232000000001	0.00013048949824	0.0054414080028099	0.660234	-0.0775059999999998	0.0060071800359999	0.435908934756	1.04677	-0.03695	1.0957274329	0.0013653025	0.0296646	-0.0021858	4.777721640000007e-06	0.00087998849316	-0.00290197	-8.498999999999963e-05	8.421429880899999e-06	7.223300099999937e-09	0.000912626	-0.0001381839999999	1.909481785599996e-08	8.328862158760001e-07	0.0	0.0	0.0	0.0	0.0	0.0	0.0	0.0	0.0	0.0	0.0	0.0	0.0	0.0	0.0	0.0	0.0	0.0	0.0	0.0	0.0	0.0	0.0	0.0	0.0	0.0	0.0	0.0	0.0	0.0	0.0	0.0	0.0	0.0	0.0	0.0	0.0	0.0	0.0	0.0	0.0	0.0	0.0	0.0	0.0	0.0	0.0	0.0	0.0	0.0	0.0	0.0	0.0	0.0	0.0	0.0	0.0	0.0	0.0	0.0	0.0	0.0	0.0	0.0	0.0	0.0	0.0	0.0	0.0	0.0	0.0	0.0	0.0	0.0	0.0	0.0	0.0	0.0
36934.84308241517	-60.17961930057936	3621.586579162664	1364182633.522632	47639.7247597934	-56.24851201495767	3163.895103896837	2269543375.188872	36989.08585446808	-100.2440206304891	10048.863672165926	1368192472.3492107	37985.35592333699	23742.322005697966	0.8260199999999999	30.030771	0.0918193999999998	0.0582198	-0.0008779843	0.0186406452	0.0133110497	0.0017223917	-0.0056637505	-0.0269225575	0.0107501355	0.0034989883	0.0101079421	0.0005924495	0.0042806262	-0.0736625008	-0.0068531207	0.0006819113	0.010659983	-0.0894172479	0.0202665052	0.0511914391	-0.0132503102	0.033060099	-0.0101931818	0.0400255112	0.0124720757	-0.0239096903	0.0659629781	-0.0079007213	0.0682351761	0.0019928729	0.016693995	0.0037547038	0.0999013142	-0.0204453521	0.0106086907	0.0650987014	-0.0079852667	-0.0555261604	0.0233447884	0.0490685775	-0.036918028	0.0811265999999999	0.0073606999999999	5.4179904489999965e-05	0.0065815252275599	0.640434	-0.0198	0.00039204	0.4101557083559999	1.04316	-0.0036099999999998	1.0881827856	1.3032099999999214e-05	0.0307227	0.0010580999999999	1.1195756099999986e-06	0.0009438842952899	-0.00292354	-2.157000000000027e-05	8.5470861316e-06	4.6526490000001165e-10	0.00105393	0.0001413039999999	1.9966820415999997e-08	1.1107684449e-06	0.0	0.0	0.0	0.0	0.0	0.0	0.0	0.0	0.0	0.0	0.0	0.0	0.0	0.0	0.0	0.0	0.0	0.0	0.0	0.0	0.0	0.0	0.0	0.0	0.0	0.0	0.0	0.0	0.0	0.0	0.0	0.0	0.0	0.0	0.0	0.0	0.0	0.0	0.0	0.0	0.0	0.0	0.0	0.0	0.0	0.0	0.0	0.0	0.0	0.0	0.0	0.0	0.0	0.0	0.0	0.0	0.0	0.0	0.0	0.0	0.0	0.0	0.0	0.0	0.0	0.0	0.0	0.0	0.0	0.0	0.0	0.0	0.0	0.0	0.0	0.0	0.0	0.0
36938.264553635614	3.4214712204411626	11.706465312307138	1364435388.234373	47575.91595892884	-63.80880086455727	4071.563067772725	2263467779.33106	37051.30802377606	62.22216930797731	3871.5983533905937	1372799426.2727325	38014.24891116137	22996.30885882661	0.917511	33.357044	0.0895235999999998	0.0447734	-0.0006957632	0.0133504139	0.011785092	0.0056633832	-0.0079153319	-0.0143050669	0.0025953838	0.0008044686	0.0017794412	0.0002131453	0.0034092819	-0.0732874332	-0.0061181372	0.0095171811	0.0032967136	-0.0869466022	0.0186638965	0.0544335678	-0.0149509004	0.0210679957	-0.0082675435	0.04817366	0.0102281431	-0.0244658599	0.0607266706	-0.0447629542	0.0587932583	0.0006905854	-0.023884314	-0.0273665761	0.0390958853	-0.0378636386	0.0395019224	0.089886482	-0.0082845504	-0.0553574832	0.0241713312	0.0484206678	-0.0380673484	0.0875002	0.0063736000000001	4.0622776960001326e-05	0.00765628500004	0.610278	-0.0301559999999999	0.0009093843359999	0.3724392372839999	1.06917	0.0260099999999998	1.1431244888999998	0.0006765200999999	0.0307922	6.950000000000012e-05	4.830250000000016e-09	0.00094815958084	-0.00280819	0.00011535	7.8859310761e-06	1.330562250000004e-08	0.00140876	0.00035483	1.259043289e-07	1.9846047376e-06	0.0	0.0	0.0	0.0	0.0	0.0	0.0	0.0	0.0	0.0	0.0	0.0	0.0	0.0	0.0	0.0	0.0	0.0	0.0	0.0	0.0	0.0	0.0	0.0	0.0	0.0	0.0	0.0	0.0	0.0	0.0	0.0	0.0	0.0	0.0	0.0	0.0	0.0	0.0	0.0	0.0	0.0	0.0	0.0	0.0	0.0	0.0	0.0	0.0	0.0	0.0	0.0	0.0	0.0	0.0	0.0	0.0	0.0	0.0	0.0	0.0	0.0	0.0	0.0	0.0	0.0	0.0	0.0	0.0	0.0	0.0	0.0	0.0	0.0	0.0	0.0	0.0	0.0
36940.897423033806	2.6328693981922697	6.932001267937324	1364629902.4191058	47879.3617886367	303.44582970786	92079.37156709154	2292433285.287164	37023.435850075424	-27.87217370063445	776.8580667983385	1370734802.1446502	38014.97550963998	23471.55719905869	0.822559	29.904951	0.1297788	0.0906372	-0.0011306275	0.0157242566	0.0128604496	-0.0116940709	0.0021758971	-0.0410204726	0.0120794584	0.0017182455	0.0119221961	-0.000833573	0.0042611227	-0.0693644252	-0.0075779241	0.0069510893	0.0159500073	-0.096665225	0.0239266477	0.0492488256	-0.0145912029	0.0237064374	-0.010256651	0.0503231796	0.0045298401	-0.0202223094	0.0721171559	-0.026264913	0.0811743729	-0.0145248011	-0.015916075	0.0010358115	0.1011185672	-0.0122945623	0.0050184173	0.0525790757	-0.008583607	-0.0551827354	0.0249919101	0.0477515192	-0.0391905793	0.0875994999999999	9.929999999989948e-05	9.860489999980034e-09	0.0076736724002499	0.695334	0.085056	0.007234523136	0.483489371556	1.04386	-0.0253099999999999	1.0896436996	0.0006405960999999	0.0308662	7.400000000000115e-05	5.47600000000017e-09	0.0009527223024399	-0.00312046	-0.0003122699999999	9.7372706116e-06	9.751255289999995e-08	0.00140876	0.0	0.0	1.9846047376e-06	0.0	0.0	0.0	0.0	0.0	0.0	0.0	0.0	0.0	0.0	0.0	0.0	0.0	0.0	0.0	0.0	0.0	0.0	0.0	0.0	0.0	0.0	0.0	0.0	0.0	0.0	0.0	0.0	0.0	0.0	0.0	0.0	0.0	0.0	0.0	0.0	0.0	0.0	0.0	0.0	0.0	0.0	0.0	0.0	0.0	0.0	0.0	0.0	0.0	0.0	0.0	0.0	0.0	0.0	0.0	0.0	0.0	0.0	0.0	0.0	0.0	0.0	0.0	0.0	0.0	0.0	0.0	0.0	0.0	0.0	0.0	0.0	0.0	0.0	0.0	0.0	0.0	0.0
36987.31167613083	46.41425309702026	2154.282890554255	1368061225.027244	47862.702110254366	-16.659678382333368	277.54488380278576	2290838253.294948	37114.5348519782	91.09900190277403	8299.028147681627	1377488697.2787044	38086.78395033808	23356.46448494949	0.882142	32.071152	0.1689005999999998	0.0771067	0.0008779514	0.0221184728	0.0126604116	0.0053351019	-0.0147228463	0.0129821952	-0.0012974927	-0.0035356911	-0.0023064969	-0.0029011125	0.0030998404	-0.0636809496	-0.00462185	0.0068139993	0.0031950871	-0.0830938701	0.0169485843	0.0601489782	-0.0130510329	0.0337077347	-0.0137259756	0.0469484621	0.0100309325	-0.0082398174	0.0632204272	-0.0352321523	0.0652726328	0.0226921594	0.0214812852	-0.0561390052	0.0634948354	-0.0108104048	0.0324757198	0.0895431476	-0.0088824282	-0.0550019363	0.0258063227	0.0470614252	-0.040286951	0.0788529	-0.0087465999999998	7.650301155999818e-05	0.00621777983841	0.64717	-0.0481639999999999	0.0023197708959999	0.4188290089	1.00404	-0.0398199999999999	1.0080963216	0.0015856323999999	0.030093	-0.0007731999999999	5.978382399999972e-07	0.000905588649	-0.00348534	-0.00036488	1.21475949156e-05	1.3313741440000014e-07	0.00110344	-0.00030532	9.322030240000001e-08	1.2175798336e-06	0.0	0.0	0.0	0.0	0.0	0.0	0.0	0.0	0.0	0.0	0.0	0.0	0.0	0.0	0.0	0.0	0.0	0.0	0.0	0.0	0.0	0.0	0.0	0.0	0.0	0.0	0.0	0.0	0.0	0.0	0.0	0.0	0.0	0.0	0.0	0.0	0.0	0.0	0.0	0.0	0.0	0.0	0.0	0.0	0.0	0.0	0.0	0.0	0.0	0.0	0.0	0.0	0.0	0.0	0.0	0.0	0.0	0.0	0.0	0.0	0.0	0.0	0.0	0.0	0.0	0.0	0.0	0.0	0.0	0.0	0.0	0.0	0.0	0.0	0.0	0.0	0.0	0.0
36982.43730522018	-4.874370910649304	23.759491774584127	1367700669.0345411	47441.544142013474	-421.15796824089193	177374.03421279613	2250700110.578613	37047.1849115469	-67.349940431297	4536.014476099254	1372493909.8703485	37991.82082979258	23622.905426363068	0.793004	28.830463	0.0986796	0.0473964	0.0006436022	0.0221035726	0.0082562	0.0108098968	-0.0006029537	-0.0302324929	-0.0067725613	-0.0023866973	-0.0072102044	-0.001503977	0.0035265293	-0.0609594249	-0.0010581214	-0.0030866336	0.0066281987	-0.0703083262	0.0303984972	0.0623871149	-0.0239940716	0.0285997388	-0.0150955906	0.0557265311	0.0058901253	0.0044618765	0.0669413356	-0.015747958	0.0701957342	-0.0363808604	-0.0364196813	-0.0046116443	0.0892119195	-0.0100409814	0.027632401	0.0780499221	-0.009181006	-0.0548151055	0.0266143679	0.0463506885	-0.041355712	0.0733608	-0.0054921	3.016316241e-05	0.00538180697664	0.635522	-0.0116479999999999	0.0001356759039999	0.403888212484	0.99228	-0.0117599999999999	0.9846195984	0.0001382975999999	0.0293365	-0.0007565	5.722922500000004e-07	0.00086063023225	-0.00315157	0.00033377	9.9323934649e-06	1.1140241290000013e-07	0.00140876	0.00030532	9.322030240000001e-08	1.9846047376e-06	0.0	0.0	0.0	0.0	0.0	0.0	0.0	0.0	0.0	0.0	0.0	0.0	0.0	0.0	0.0	0.0	0.0	0.0	0.0	0.0	0.0	0.0	0.0	0.0	0.0	0.0	0.0	0.0	0.0	0.0	0.0	0.0	0.0	0.0	0.0	0.0	0.0	0.0	0.0	0.0	0.0	0.0	0.0	0.0	0.0	0.0	0.0	0.0	0.0	0.0	0.0	0.0	0.0	0.0	0.0	0.0	0.0	0.0	0.0	0.0	0.0	0.0	0.0	0.0	0.0	0.0	0.0	0.0	0.0	0.0	0.0	0.0	0.0	0.0	0.0	0.0	0.0	0.0
37010.3309087337	27.893603513519334	778.0531169694184	1369764593.9739687	47607.19029431095	165.6461522974787	27438.647770959506	2266444567.7187347	37192.390763207964	145.2058516610632	21084.739356614693	1383273930.6831572	38128.25483849598	23596.8593701881	0.7591259999999999	27.598776	0.0782965999999999	0.0456944	0.0013810573	0.0233737579	0.0079876101	0.0123949026	-0.0188484832	0.014530228	-0.0135955203	-0.0051717916	-0.0140416349	-0.0022387525	0.0042414356	-0.060719485	-0.0041334514	0.0027988852	-0.0019955531	-0.073160392	0.0249114137	0.0596081487	-0.0156927538	0.020128711	-0.0015642683	0.0568105949	0.0117155798	-0.0130789876	0.0536409122	-0.0305331486	0.0613834926	0.0167326564	0.0319954816	-0.0444214693	0.0913091108	-0.0256106994	0.0232477931	0.0954564443	-0.009479332	-0.0546222637	0.0274158465	0.0456196209	-0.0423961298	0.0876879	0.0143270999999999	0.0002052657944099	0.00768916780641	0.615477	-0.0200449999999999	0.0004018020249999	0.378811937529	1.03123	0.03895	1.0634353129000005	0.0015171025	0.0294167	8.019999999999902e-05	6.432039999999843e-09	0.00086534223889	-0.00317086	-1.929000000000037e-05	1.00543531396e-05	3.7210410000001406e-10	0.00140876	0.0	0.0	1.9846047376e-06	0.0	0.0	0.0	0.0	0.0	0.0	0.0	0.0	0.0	0.0	0.0	0.0	0.0	0.0	0.0	0.0	0.0	0.0	0.0	0.0	0.0	0.0	0.0	0.0	0.0	0.0	0.0	0.0	0.0	0.0	0.0	0.0	0.0	0.0	0.0	0.0	0.0	0.0	0.0	0.0	0.0	0.0	0.0	0.0	0.0	0.0	0.0	0.0	0.0	0.0	0.0	0.0	0.0	0.0	0.0	0.0	0.0	0.0	0.0	0.0	0.0	0.0	0.0	0.0	0.0	0.0	0.0	0.0	0.0	0.0	0.0	0.0	0.0	0.0	0.0	0.0	0.0	0.0
37016.4079828643	6.07707413060416	36.93082998885831	1370214459.95386	47851.05534239855	243.8650480875949	59470.16167876498	2289723497.3812885	37113.83004866207	-78.56071454589255	6171.785869961213	1377436380.8809717	38087.988801283806	23456.245247052088	0.8754729999999998	31.828682	0.0901649999999999	0.0548544	-0.0001422829	0.0187816808	0.0108165261	-0.0022592476	-0.004004057	-0.0056013044	0.0075831119	-0.0008722732	0.006831526	-0.0026198036	0.003438364	-0.0567489301	-0.0060644661	-0.0021965657	0.008668748	-0.0881537498	0.0219807926	0.049860675	-0.0141280988	0.0194445573	-0.0048902251	0.0419646357	0.0065926035	-0.0048982194	0.0779317407	-0.0417652826	0.0792403484	-0.0265588624	-0.0403475187	-0.0051339285	0.0870290416	-0.0214994374	0.0244745747	0.0861542866	-0.0097773982	-0.0544234319	0.0282105605	0.044868543	-0.0434074915	0.0874514	-0.0002365	5.5932250000000286e-08	0.00764774736196	0.666045	0.0505679999999999	0.0025571226239999	0.443615942025	1.02181	-0.0094199999999999	1.0440956761000002	8.87363999999997e-05	0.0291689	-0.0002477999999999	6.140483999999971e-08	0.00085082472721	-0.00281985	0.00035101	7.9515540225e-06	1.232080201000001e-07	0.00140876	0.0	0.0	1.9846047376e-06	0.0	0.0	0.0	0.0	0.0	0.0	0.0	0.0	0.0	0.0	0.0	0.0	0.0	0.0	0.0	0.0	0.0	0.0	0.0	0.0	0.0	0.0	0.0	0.0	0.0	0.0	0.0	0.0	0.0	0.0	0.0	0.0	0.0	0.0	0.0	0.0	0.0	0.0	0.0	0.0	0.0	0.0	0.0	0.0	0.0	0.0	0.0	0.0	0.0	0.0	0.0	0.0	0.0	0.0	0.0	0.0	0.0	0.0	0.0	0.0	0.0	0.0	0.0	0.0	0.0	0.0	0.0	0.0	0.0	0.0	0.0	0.0	0.0	0.0	0.0	0.0	0.0	0.0
37048.91556870878	32.507585844476125	1056.7431374359846	1372622144.8173115	47611.6630500685	-239.3922923300488	57308.669627035546	2266870458.393258	37162.88715105167	49.05710238959728	2406.5992948634307	1381080181.401801	38108.31991684942	23810.25276549196	0.8204369999999999	29.827822	0.1914910000000002	0.111088	0.0017592875	0.0284971687	0.0126704907	0.0054277504	-0.0031934394	-0.008096367	8.86262e-05	-0.0039504725	-0.0012440254	-0.004486208	0.0027970964	-0.046891005	-0.0021602986	-6.36975e-05	-0.0004049589	-0.0698777082	0.0148567407	0.0551819317	-0.0176723709	0.0414394651	-0.0130144738	0.0363092705	-0.002419437	0.0169198978	0.0679188012	-0.0235451941	0.0753517776	0.0076516152	-0.0072460064	-0.0207559913	0.1217692774	0.0381267206	0.0151320422	0.0760096268	-0.0100751963	-0.0542186319	0.0289983141	0.0440977843	-0.0443891039	0.0712554	-0.016196	0.000262310416	0.0050773320291599	0.618887	-0.047158	0.002223876964	0.3830211187689999	0.923536	-0.098274	0.852918743296	0.009657779076	0.028619	-0.0005499	3.023900100000028e-07	0.000819047161	-0.00286721	-4.735999999999976e-05	8.2208931841e-06	2.2429695999999773e-09	0.00140876	0.0	0.0	1.9846047376e-06	0.0	0.0	0.0	0.0	0.0	0.0	0.0	0.0	0.0	0.0	0.0	0.0	0.0	0.0	0.0	0.0	0.0	0.0	0.0	0.0	0.0	0.0	0.0	0.0	0.0	0.0	0.0	0.0	0.0	0.0	0.0	0.0	0.0	0.0	0.0	0.0	0.0	0.0	0.0	0.0	0.0	0.0	0.0	0.0	0.0	0.0	0.0	0.0	0.0	0.0	0.0	0.0	0.0	0.0	0.0	0.0	0.0	0.0	0.0	0.0	0.0	0.0	0.0	0.0	0.0	0.0	0.0	0.0	0.0	0.0	0.0	0.0	0.0	0.0	0.0	0.0	0.0	0.0
37223.924222984126	175.00865427534882	30628.029071268567	1385620534.5584643	48171.67160540396	560.0085553354584	313609.5820489071	2320509945.258882	37240.63092526484	77.74377421317331	6044.094428908871	1386864591.7117922	38250.20311689053	23616.06951423107	1.024362	37.241703	0.5680068999999999	0.326596	0.0015305935	0.0281187642	0.0095203797	-0.0029097821	-0.0076175946	0.0086328493	-0.0038885971	-0.0056381918	-0.0034234632	-0.0044731912	0.0029118868	-0.0227421785	0.0070301381	-0.0485682823	0.0015855463	0.0046612214	0.00322093	0.0294557118	-0.0253104591	0.0682921639	-0.0431597563	0.0211157509	0.0263830803	0.0504259823	0.0648779696	0.0007726383	0.0098288417	-0.0831742737	-0.0004843304	-0.0358479867	0.0452033723	-0.0422480311	0.0192054424	0.0616743139	-0.0103727182	-0.0540078863	0.0297789127	0.0433076828	-0.0453402941	0.0404944	-0.0307609999999999	0.0009462391209999	0.00163979643136	0.473626	-0.1452609999999999	0.0211007581209999	0.2243215878759999	0.8610689999999999	-0.0624670000000001	0.7414398227609997	0.003902126089	0.0231627	-0.0054562999999999	2.977120968999997e-05	0.00053651067129	-0.00314782	-0.00028061	9.9087707524e-06	7.874197210000008e-08	0.000555312	-0.000853448	7.283734887040001e-07	3.08371417344e-07	0.0	0.0	0.0	0.0	0.0	0.0	0.0	0.0	0.0	0.0	0.0	0.0	0.0	0.0	0.0	0.0	0.0	0.0	0.0	0.0	0.0	0.0	0.0	0.0	0.0	0.0	0.0	0.0	0.0	0.0	0.0	0.0	0.0	0.0	0.0	0.0	0.0	0.0	0.0	0.0	0.0	0.0	0.0	0.0	0.0	0.0	0.0	0.0	0.0	1.0	0.0	0.0	0.0	0.0	0.0	0.0	0.0	0.0	0.0	0.0	0.0	0.0	0.0	0.0	0.0	0.0	0.0	0.0	0.0	0.0	0.0	0.0	0.0	0.0	0.0	0.0	0.0	0.0
37206.61789194641	-17.306331037718337	299.509093987093	1384332414.9573066	47468.79592389292	-702.8756815110391	494034.22365960776	2253286586.464193	37238.02039638902	-2.610528875819	6.814861011484812	1386670163.041885	38185.20600306104	21630.26861344333	1.595063	57.990128	0.9997886	0.661362	-0.007711491	-0.0293917983	0.006517876	0.0070114014	-0.0079108259	-0.0137443129	-0.0096432227	-0.0083891881	-0.0100211494	-0.0053904299	0.0073042117	-0.0757397945	-0.0153650549	0.0608070103	0.014056796	-0.0178331606	-0.0064853438	0.0306182423	-0.0166427055	0.0712976594	-0.0072961569	0.1035657986	0.0027116702	-0.0384437415	0.0029287926	0.0608208394	-0.0306800232	-0.0375819359	-0.0242984275	-0.0249357754	-0.0089766332	-0.0687895162	-0.1104567717	-0.0760136112	-0.0106699557	-0.0537912181	0.0305521639	0.0424985851	-0.0462604104	0.0480785	0.0075841	5.751857281000005e-05	0.00231154216225	0.507956	0.0343299999999999	0.0011785488999999	0.258019297936	1.06968	0.2086110000000001	1.1442153024	0.043518549321	0.0358305	0.0126678	0.00016047315684	0.00128382473025	-0.00470167	-0.0015538499999999	2.21057007889e-05	2.4144498224999995e-06	-0.000208308	-0.00076362	5.831155044e-07	4.3392222864000004e-08	0.0	0.0	0.0	0.0	0.0	0.0	0.0	0.0	0.0	0.0	0.0	0.0	0.0	0.0	0.0	0.0	0.0	0.0	0.0	0.0	0.0	0.0	0.0	0.0	0.0	0.0	0.0	0.0	0.0	0.0	0.0	0.0	0.0	0.0	0.0	0.0	0.0	0.0	0.0	0.0	0.0	0.0	0.0	0.0	0.0	0.0	0.0	0.0	0.0	0.0	1.0	0.0	0.0	0.0	0.0	0.0	0.0	0.0	0.0	0.0	0.0	0.0	0.0	0.0	0.0	0.0	0.0	0.0	0.0	0.0	0.0	0.0	0.0	0.0	0.0	0.0	0.0	0.0
37176.12114426943	-30.496747676974337	930.0516188730396	1382063983.333397	47980.71424670468	511.91832281176175	262060.36923040712	2302148939.623929	37230.05914336773	-7.961253021290759	63.38154966901124	1386077303.8186593	38189.15546635143	21132.127853034774	1.109183	40.325451	0.3310822999999998	0.199477	-0.0075324794	-0.0332343379	0.0053738758	0.0013991435	-0.016558934	0.0438463242	-0.0102653224	-0.0063196007	-0.0101891151	-0.0037852954	0.0076448177	-0.0733752554	-0.0240724865	0.0800444472	0.0310889493	0.0133290358	-0.0258328425	0.0356046168	-0.0178300931	0.0635122253	0.0318190977	0.1294703038	-0.0037942719	-0.071994735	-0.0980703756	0.050879953	-0.017437421	0.0441954608	-0.0547977935	-0.0581444882	-0.1145494472	-0.0078354707	-0.1024159477	-0.0655389791	-0.0109669007	-0.0535686511	0.0313178767	0.0416708462	-0.0471488222	0.0489318	0.0008532999999999	7.281208899999903e-07	0.0023943210512399	0.335362	-0.1725939999999999	0.0297886888359999	0.1124676710439999	1.0495	-0.0201799999999998	1.1014502500000003	0.0004072323999999	0.0368367	0.0010061999999999	1.0124384399999976e-06	0.00135694246689	-0.00642618	-0.00172451	4.12957893924e-05	2.973934740100001e-06	-0.000226698	-1.838999999999999e-05	3.381920999999997e-10	5.1391983204e-08	0.0	0.0	0.0	0.0	0.0	0.0	0.0	0.0	0.0	0.0	0.0	0.0	0.0	0.0	0.0	0.0	0.0	0.0	0.0	0.0	0.0	0.0	0.0	0.0	0.0	0.0	0.0	0.0	0.0	0.0	0.0	0.0	0.0	0.0	0.0	0.0	0.0	0.0	0.0	0.0	0.0	0.0	0.0	0.0	0.0	0.0	0.0	0.0	0.0	0.0	0.0	0.0	0.0	0.0	0.0	0.0	0.0	0.0	0.0	0.0	0.0	0.0	0.0	0.0	0.0	0.0	0.0	0.0	0.0	0.0	0.0	0.0	0.0	0.0	0.0	0.0	0.0	0.0
37135.04441698997	-41.07672727946192	1687.2975239912912	1379011523.851818	47209.5867671153	-771.1274795893769	594637.5897778649	2228745082.7217884	37222.484921939285	-7.574221428447345	57.36883024715094	1385513383.7639976	38124.14059381853	22735.759566648703	1.243307	45.201687	0.3725791499999999	0.242813	-0.0020234852	0.0019102441	0.0090402144	0.025273333	-0.0130599423	-0.0056495696	-0.0202865617	-0.0116549897	-0.0219629916	-0.0066115386	0.0073905701	-0.0569321536	-0.0144837813	0.0399675477	0.009256985	0.020281047	-0.0344764982	0.062108168	-0.0289086964	0.0586062153	0.0237700617	0.121087623	-0.0158800159	-0.0565000021	-0.1202952028	0.0487093113	-0.0232742782	0.0197385195	-0.0908670828	-0.0025042772	-0.0875991588	-0.0068408041	-0.0930209775	-0.0256571121	-0.011263545	-0.0533402097	0.0320758624	0.040824829	-0.0480049204	0.0596966	0.0107648	0.00011588091904	0.00356368405156	0.280572	-0.05479	0.0030019441	0.0787206471839999	1.07117	0.0216699999999998	1.1474051689	0.0004695888999999	0.0325144	-0.0043223	1.868227729000001e-05	0.00105718620736	-0.00755934	-0.00113316	5.71436212356e-05	1.2840515856000006e-06	-0.000478325	-0.000251627	6.3316147129e-08	2.2879480562500003e-07	0.0	0.0	0.0	0.0	0.0	0.0	0.0	0.0	0.0	0.0	0.0	0.0	0.0	0.0	0.0	0.0	0.0	0.0	0.0	0.0	0.0	0.0	0.0	0.0	0.0	0.0	0.0	0.0	0.0	0.0	0.0	0.0	0.0	0.0	0.0	0.0	0.0	0.0	0.0	0.0	0.0	0.0	0.0	0.0	0.0	0.0	0.0	0.0	0.0	0.0	0.0	0.0	0.0	0.0	0.0	0.0	0.0	0.0	0.0	0.0	0.0	0.0	0.0	0.0	0.0	0.0	0.0	0.0	0.0	0.0	0.0	0.0	0.0	0.0	0.0	0.0	0.0	0.0
37098.62691996373	-36.41749702623929	1326.2340896561475	1376308119.3466578	48096.11834340751	886.5315762922037	785938.2357631393	2313236599.70306	37112.2231865829	-110.26173535638372	12157.6502838012	1377317109.8507416	38101.06533397296	23076.472214737045	0.944981	34.355717	0.2188541499999997	0.105875	-0.0007686531	0.0108736805	0.0057248893	0.0055109929	-0.0164280975	0.0399997366	-0.0128949419	-0.0071375964	-0.0125993394	-0.0035717465	0.0057249107	-0.0555678551	-0.0152056322	0.0359921648	0.0205656193	0.0194408283	-0.0411175487	0.0576407553	-0.0282733404	0.0668648949	0.0087927598	0.1217016251	-0.0073197268	-0.0401407138	-0.1087467171	0.0885839269	-0.0269644852	0.0641026062	-0.0310672111	-0.0452110585	-0.0742903661	-0.0373503725	-0.1118460883	-0.0400440909	-0.0115598805	-0.0531059189	0.0328259338	0.0399609048	-0.0488281186	0.0557322	-0.0039644	1.5716467359999998e-05	0.00310607811684	0.366506	0.085934	0.007384652356	0.134326648036	1.02584	-0.0453299999999998	1.0523477056	0.0020548088999999	0.0318048	-0.0007095999999999	5.035321599999968e-07	0.00101154530304	-0.00802623	-0.00046689	6.44203680129e-05	2.1798627210000017e-07	-0.00097435	-0.000496025	2.46040800625e-07	9.493579225e-07	0.0	0.0	0.0	0.0	0.0	0.0	0.0	0.0	0.0	0.0	0.0	0.0	0.0	0.0	0.0	0.0	0.0	0.0	0.0	0.0	0.0	0.0	0.0	0.0	0.0	0.0	0.0	0.0	0.0	0.0	0.0	0.0	0.0	0.0	0.0	0.0	0.0	0.0	0.0	0.0	0.0	0.0	0.0	0.0	0.0	0.0	0.0	0.0	0.0	0.0	0.0	0.0	0.0	0.0	0.0	0.0	0.0	0.0	0.0	0.0	0.0	0.0	0.0	0.0	0.0	0.0	0.0	0.0	0.0	0.0	0.0	0.0	0.0	0.0	0.0	0.0	0.0	0.0
37121.21069177329	22.58377180955722	510.0267491461514	1377984283.2230237	47203.0895301855	-893.0288132220085	797500.4612447089	2228131661.194708	37189.98259436712	77.759407784215	6046.525498951836	1383094805.3693292	38094.37444535819	21197.256548911868	1.308036	47.554966	0.5208550000000001	0.232568	-0.0083024374	-0.0342594614	0.0081122462	0.0205728965	-0.0096910652	0.0014902787	-0.0147784761	-0.0108604733	-0.0159552227	-0.006898174	0.0089810731	-0.0605177695	-0.0182062159	0.0667880613	0.0200494276	0.0491144286	-0.0469945857	0.0349375093	-0.0133254285	0.060105701	0.0313391326	0.1363135313	-0.0240266119	-0.070049244	-0.1732435801	0.107535361	-0.0446006218	0.05574063	-0.1280340311	-0.0350731364	-0.1671925762	-0.0208013193	-0.1348692138	-0.0646421468	-0.0118558991	-0.0528658045	0.0335679058	0.0390794523	-0.0496178523	0.0508882	-0.004844	2.346433600000001e-05	0.00258960889924	0.265042	-0.101464	0.010294943296	0.070247261764	1.09921	0.0733699999999999	1.2082626241	0.0053831568999999	0.0349336	0.0031288	9.789389440000007e-06	0.00122035640896	-0.0103333	-0.0023070699999999	0.00010677708889	5.3225719848999984e-06	-0.00236202	-0.0013876699999999	1.925628028899999e-06	5.579138480399999e-06	0.0	0.0	0.0	0.0	0.0	0.0	0.0	0.0	0.0	0.0	0.0	0.0	0.0	0.0	0.0	0.0	0.0	0.0	0.0	0.0	0.0	0.0	0.0	0.0	0.0	0.0	0.0	0.0	0.0	0.0	0.0	0.0	0.0	0.0	0.0	0.0	0.0	0.0	0.0	0.0	0.0	0.0	0.0	0.0	0.0	0.0	0.0	0.0	0.0	0.0	0.0	1.0	0.0	0.0	0.0	0.0	0.0	0.0	0.0	0.0	0.0	0.0	0.0	0.0	0.0	0.0	0.0	0.0	0.0	0.0	0.0	0.0	0.0	0.0	0.0	0.0	0.0	0.0
37133.355434379424	12.144742606134969	147.49477296927	1378886085.815956	47371.49363498778	168.40410480228456	28359.942514258844	2244058409.209688	37189.4707609795	-0.5118333876162069	0.2619734166786823	1383056735.4817493	38117.7748238761	22878.14474246709	1.182482	42.990337	0.2253462	0.169542	-0.001928719	0.0028835148	0.0068103886	0.0153531193	-0.004951399	3.80647e-05	-0.017246946	-0.0087329581	-0.0174005254	-0.0048085345	0.0056519994	-0.0499450055	-0.0179466251	0.0462361209	0.0226220949	0.0423608891	-0.056336712	0.0453684471	-0.0231643396	0.0520635044	0.028120839	0.1195133398	-0.029661783	-0.0663624436	-0.1611715123	0.0995924826	-0.0216312526	0.1018314029	-0.0843334073	0.0036386357	-0.1101935704	0.0060058534	-0.1466217851	-0.0624606584	-0.0121515927	-0.0526198927	0.0343015956	0.0381808583	-0.0503735805	0.050573	-0.0003152	9.9351040000001e-08	0.002557628329	0.269374	0.004332	1.8766224000000023e-05	0.072562351876	1.08101	-0.0181999999999999	1.1685826201	0.0003312399999999	0.0316574	-0.0032762	1.073348644e-05	0.00100219097476	-0.00965592	0.00067738	9.32367910464e-05	4.588436644e-07	-0.00226562	9.639999999999996e-05	9.292959999999991e-09	5.1330339844e-06	0.0	0.0	0.0	0.0	0.0	0.0	0.0	0.0	0.0	0.0	0.0	0.0	0.0	0.0	0.0	0.0	0.0	0.0	0.0	0.0	0.0	0.0	0.0	0.0	0.0	0.0	0.0	0.0	0.0	0.0	0.0	0.0	0.0	0.0	0.0	0.0	0.0	0.0	0.0	0.0	0.0	0.0	0.0	0.0	0.0	0.0	0.0	0.0	0.0	0.0	0.0	0.0	0.0	0.0	0.0	0.0	0.0	0.0	0.0	0.0	0.0	0.0	0.0	0.0	0.0	0.0	0.0	0.0	0.0	0.0	0.0	0.0	0.0	0.0	0.0	0.0	0.0	0.0
37243.16584733653	109.81041295710747	12058.326793810476	1387053402.332214	47971.29937541654	599.805740428761	359766.92625129427	2301245563.76584	37205.69943195454	16.228670975040586	263.3697616161248	1384264070.2209425	38179.7765900265	23514.22968770261	1.163181	42.288616	0.3224110000000002	0.187497	0.0017948363	0.0279539822	0.0132313539	0.0072240514	-0.0084416668	0.0385932924	-0.0094012311	-0.0072644079	-0.0097070962	-0.0049793387	0.0048618847	-0.0353756141	-0.0074288512	0.0127474691	0.0066172548	0.049962476	-0.0578546914	0.0477388059	-0.0221323582	0.0664217475	0.0231557879	0.1039090447	-0.0151239701	-0.0295227386	-0.1340884368	0.0881898585	-0.0332909111	0.0882928385	-0.0533679514	-0.0398978347	-0.1346266704	0.0100374442	-0.1136449509	0.0018520777	-0.0124469532	-0.0523682106	0.0350268219	0.037265517	-0.0510947851	0.032523	-0.0180499999999999	0.0003258024999999	0.001057745529	0.218862	-0.050512	0.002551462144	0.047900575044	1.02219	-0.05882	1.0448723961	0.0034597924	0.0282527	-0.0034047	1.1591982090000025e-05	0.0007982150572899	-0.00933688	0.0003190399999999	8.71773281344e-05	1.0178652159999976e-07	-0.00208878	0.0001768399999999	3.12723855999999e-08	4.363001888400001e-06	0.0	0.0	0.0	0.0	0.0	0.0	0.0	0.0	0.0	0.0	0.0	0.0	0.0	0.0	0.0	0.0	0.0	0.0	0.0	0.0	0.0	0.0	0.0	0.0	0.0	0.0	0.0	0.0	0.0	0.0	0.0	0.0	0.0	0.0	0.0	0.0	0.0	0.0	0.0	0.0	0.0	0.0	0.0	0.0	0.0	0.0	0.0	0.0	0.0	0.0	0.0	0.0	0.0	0.0	0.0	0.0	0.0	0.0	0.0	0.0	0.0	0.0	0.0	0.0	0.0	0.0	0.0	0.0	0.0	0.0	0.0	0.0	0.0	0.0	0.0	0.0	0.0	0.0
37222.26885622901	-20.89699110751826	436.68423734769726	1385497298.8053963	47373.782152510365	-597.5172229061791	357026.8316695125	2244275235.4335093	37129.44557766645	-76.25385428809386	5814.65029378985	1378595728.9048946	38052.46396678545	23993.31638063929	0.914828	33.259487	0.2299685999999998	0.122583	0.0026406267	0.0302121986	0.0072671444	0.0202187017	-0.0077623822	-0.0018880022	-0.0190944316	-0.0085986538	-0.0198390775	-0.0046453994	0.0054665392	-0.031965276	-0.0070389342	0.0053011247	0.0097630789	0.0444290893	-0.0536426017	0.0589823413	-0.0355725568	0.0551788222	0.0015134335	0.0970173231	-0.0177193313	-0.0126165819	-0.1057021606	0.0745265875	-0.031171907	0.0343226323	-0.0693045114	0.0105836565	-0.0761874507	-0.0071564335	-0.0958613532	-0.0215024375	-0.0127419724	-0.0521107857	0.0357434058	0.0363338297	-0.0517809719	0.0295529	-0.0029701	8.821494010000019e-06	0.00087337389841	0.327545	0.1086829999999999	0.0118119944889999	0.1072857270249999	1.0	-0.0221899999999999	1.0	0.0004923960999999	0.0277607	-0.0004919999999999	2.420639999999994e-07	0.0007706564644899	-0.00849763	0.0008392499999999	7.220971561690002e-05	7.043405624999996e-07	-0.00149752	0.00059126	3.4958838760000015e-07	2.2425661504e-06	0.0	0.0	0.0	0.0	0.0	0.0	0.0	0.0	0.0	0.0	0.0	0.0	0.0	0.0	0.0	0.0	0.0	0.0	0.0	0.0	0.0	0.0	0.0	0.0	0.0	0.0	0.0	0.0	0.0	0.0	0.0	0.0	0.0	0.0	0.0	0.0	0.0	0.0	0.0	0.0	0.0	0.0	0.0	0.0	0.0	0.0	0.0	0.0	0.0	0.0	0.0	0.0	0.0	0.0	0.0	0.0	0.0	0.0	0.0	0.0	0.0	0.0	0.0	0.0	0.0	0.0	0.0	0.0	0.0	0.0	0.0	0.0	0.0	0.0	0.0	0.0	0.0	0.0
37323.13144377191	100.86258754289884	10173.261565848932	1393016140.7690756	48014.3257472323	640.5435947219376	410296.0967393018	2305375476.9613347	37208.57782233527	79.13224466882093	6261.912146326139	1384478263.56078	38187.706504248905	23577.24183243241	0.905367	32.915527	0.2394998	0.112457	0.000818952	0.0229871503	0.0109476968	0.0018733093	-0.0123474793	0.0409772163	-0.0076962144	-0.0045434991	-0.0070876957	-0.0022595243	0.0070894505	-0.0415263974	-0.0090616692	0.0184090196	0.0056533568	0.0193574683	-0.0493313574	0.050679176	-0.0233850561	0.0566493177	0.0343499621	0.1010208711	-0.0073576089	-0.0291569931	-0.091682172	0.0824545143	-0.0315248286	0.0591375567	-0.0111249793	-0.0123681323	-0.0695579095	-0.0347119585	-0.101810303	-0.0022005888	-0.0130366422	-0.0518476463	0.0364511706	0.0353862052	-0.0524316706	0.0438993	0.0143464	0.00020581919296	0.00192714854049	0.31103	-0.016515	0.000272745225	0.0967396608999999	1.04254	0.04254	1.0868896516	0.0018096516	0.0295168	0.0017561	3.08388721e-06	0.0008712414822399	-0.0074633299999999	0.0010343000000001	5.570129468889851e-05	1.0697764900002083e-06	-0.000965952	0.000531568	2.825645386240001e-07	9.33063266304e-07	0.0	0.0	0.0	0.0	0.0	0.0	0.0	0.0	0.0	0.0	0.0	0.0	0.0	0.0	0.0	0.0	0.0	0.0	0.0	0.0	0.0	0.0	0.0	0.0	0.0	0.0	0.0	0.0	0.0	0.0	0.0	0.0	0.0	0.0	0.0	0.0	0.0	0.0	0.0	0.0	0.0	0.0	0.0	0.0	0.0	0.0	0.0	0.0	0.0	0.0	0.0	0.0	0.0	0.0	0.0	0.0	0.0	0.0	0.0	0.0	0.0	0.0	0.0	0.0	0.0	0.0	0.0	0.0	0.0	0.0	0.0	0.0	0.0	0.0	0.0	0.0	0.0	0.0
37351.90211220479	28.770668432880484	827.7513620747455	1395164591.3997288	47934.96336964973	-79.36237758256902	6298.386975558255	2297760713.249662	37253.01344474252	44.435622407254414	1974.5245387200905	1387787010.714167	38203.78241262335	23508.58573067271	0.90116	32.762585	0.2480879949999999	0.138678	0.0002401074	0.0162364024	0.0104050822	0.0031164522	-0.0108784673	0.0425499764	-0.01201177	-0.0066276215	-0.0119457181	-0.0035405103	0.0069274273	-0.0463044451	-0.0168057856	0.0355209213	0.0187796321	-0.0008271109	-0.031520017	0.0495273843	-0.0315793184	0.0512690405	0.0448838808	0.0958489186	-0.0194917344	-0.0218935059	-0.0677014362	0.0509938028	-0.0090749069	0.0282169364	-0.056162485	0.008326568	-0.0594858425	-0.0150813332	-0.0679125168	-0.0001212582	-0.0133309547	-0.0515788212	0.0371499417	0.0344230592	-0.0530464353	0.0431288	-0.0007705	5.936702500000005e-07	0.00186009338944	0.327249	0.016219	0.000263055961	0.107091908001	1.0198	-0.0227399999999999	1.03999204	0.0005171075999999	0.0316838	0.0021669999999999	4.695888999999995e-06	0.00100386318244	-0.00636428	0.0010990499999999	4.05040599184e-05	1.2079109024997804e-06	-6.48321e-05	0.0009011199	8.120170741760101e-07	4.20320119041e-09	0.0	0.0	0.0	0.0	0.0	0.0	0.0	0.0	0.0	0.0	0.0	0.0	0.0	0.0	0.0	0.0	0.0	0.0	0.0	0.0	0.0	0.0	0.0	0.0	0.0	0.0	0.0	0.0	0.0	0.0	0.0	0.0	0.0	0.0	0.0	0.0	0.0	0.0	0.0	0.0	0.0	0.0	0.0	0.0	0.0	0.0	0.0	0.0	0.0	0.0	0.0	0.0	0.0	0.0	0.0	0.0	0.0	0.0	0.0	0.0	0.0	0.0	0.0	0.0	0.0	0.0	0.0	0.0	0.0	0.0	0.0	0.0	0.0	0.0	0.0	0.0	0.0	0.0
37309.01102278278	-42.89108942200983	1839.6455518068435	1391962303.4981272	47678.7737151955	-256.1896544542324	65633.13904937898	2273265462.984817	37213.91687380005	-39.09657094247086	1528.541859459657	1384875609.0901003	38168.55876439145	23878.89955234132	0.908547	33.031132	0.3519895049999998	0.169136	0.0017016803	0.0266408385	0.011071814	0.008812944	-0.0043630386	0.0285637733	-0.0081754221	-0.0064182987	-0.0082158375	-0.0052157222	0.0056658947	-0.0426426762	-0.0084064585	0.0298215215	0.003541762	-0.0396030402	-0.0072018677	0.0598166275	-0.0267712519	0.0302151869	0.0595021382	0.0914674646	-0.017121971	-0.0012884502	-0.0301188369	0.0133201095	0.0203684733	0.0092328196	-0.0228518709	-0.0078459534	0.0364787731	0.0147982351	-0.0527467228	0.0413359968	-0.0136249017	-0.0513043398	0.0378395465	0.0334448141	-0.0536248445	0.0669427	0.0238138999999999	0.0005671018332099	0.0044813250832899	0.467623	0.140374	0.019704859876	0.218671270129	0.989213	-0.030587	0.978542359369	0.000935564569	0.0306667	-0.0010170999999999	1.0344924099999928e-06	0.00094044648889	-0.00549853	0.00086575	3.02338321609e-05	7.495230625000004e-07	0.00119661	0.0012614421	1.59123617165241e-06	1.4318754921e-06	0.0	0.0	0.0	0.0	0.0	0.0	0.0	0.0	0.0	0.0	0.0	0.0	0.0	0.0	0.0	0.0	0.0	0.0	0.0	0.0	0.0	0.0	0.0	0.0	0.0	0.0	0.0	0.0	0.0	0.0	0.0	0.0	0.0	0.0	0.0	0.0	0.0	0.0	0.0	0.0	0.0	0.0	0.0	0.0	0.0	0.0	0.0	0.0	0.0	0.0	0.0	0.0	0.0	0.0	0.0	0.0	0.0	0.0	0.0	0.0	0.0	0.0	0.0	0.0	0.0	0.0	0.0	0.0	0.0	0.0	0.0	0.0	0.0	0.0	0.0	0.0	0.0	0.0
37424.5164242144	115.50540143161923	13341.49775987951	1400594429.5862937	48442.00761232783	763.2338971323261	582525.9817317982	2346628101.512827	37326.53063984932	112.61376604926772	12681.860303799203	1393269889.60761	38329.6959906113	23717.61981796328	1.001429	36.40797	0.41698245	0.297476	0.0018355167	0.0279585196	0.0105873237	-0.0038274144	-0.0068909994	0.0611571371	-0.0124661058	-0.0062554036	-0.0113914024	-0.0036533129	0.0033293604	-0.0190825293	0.0005619292	-0.0222028545	0.0039189072	-0.029994238	-0.0031371893	0.0485362766	-0.0275008448	0.0051437766	0.0538793787	0.0337538597	-0.0020209046	0.0406689237	-0.0168978767	-0.0235635414	0.0250630484	0.0139335076	-0.0193956446	-0.0132303764	0.0144012133	-0.0015121142	0.0047049262	0.109574889	-0.0139184751	-0.0510242324	0.038519815	0.032451899	-0.054166502	0.0643992	-0.0025434999999999	6.46939224999995e-06	0.00414725696064	0.424374	-0.043249	0.001870476001	0.1800932918759999	0.943378	-0.0458349999999999	0.889962050884	0.0021008472249999	0.0249517	-0.005715	3.2661225000000014e-05	0.00062258733289	-0.00527652	0.0002220099999999	2.78416633104e-05	4.928844009999996e-08	0.000626521	-0.000570089	3.250014679210001e-07	3.92528563441e-07	0.0	0.0	0.0	0.0	0.0	0.0	0.0	0.0	0.0	0.0	0.0	0.0	0.0	0.0	0.0	0.0	0.0	0.0	0.0	0.0	0.0	0.0	0.0	0.0	0.0	0.0	0.0	0.0	0.0	0.0	0.0	0.0	0.0	0.0	0.0	0.0	0.0	0.0	0.0	0.0	0.0	0.0	0.0	0.0	0.0	0.0	0.0	0.0	0.0	0.0	0.0	0.0	0.0	0.0	0.0	0.0	0.0	0.0	0.0	0.0	0.0	0.0	0.0	0.0	0.0	0.0	0.0	0.0	0.0	0.0	0.0	0.0	0.0	0.0	0.0	0.0	0.0	0.0
37391.07988563948	-33.43653857491881	1118.0021118720338	1398092855.0142736	48841.158466935725	399.1508546078985	159321.40473421573	2385458760.392328	37210.16918851567	-116.36145133365062	13539.987356473544	1384596691.0379608	38279.47198373538	23903.74259980388	1.053349	38.295544	0.3335090500000001	0.220461	-5.1749e-05	0.0289898036	0.0201496458	-0.0289032794	0.0110814486	0.03718023	0.0247717039	0.004329888	0.0260435464	-0.0010357256	0.0038556021	0.0031243279	0.0054252768	-0.0580537491	-0.0147818384	-0.0363107889	0.0005196447	0.0047590041	-0.007051659	-0.0074647629	0.0581494228	-0.0227944234	0.005359082	0.0672976847	-0.0040759339	0.0123564002	0.0534631774	-0.0134507205	-0.0323568823	0.031185827	0.0664138641	0.0107470427	-0.0016637054	0.0636444087	-0.014211667	-0.0507385297	0.0391905793	0.0314447493	-0.0546710365	0.0919529	0.0275537	0.00075920638369	0.00845533581841	0.410586	-0.0137879999999999	0.0001901089439999	0.168580863396	0.8773849999999999	-0.0659930000000001	0.7698044382249998	0.004355076049	0.0207265	-0.0042252	1.7852315040000016e-05	0.0004295878022499	-0.00498103	0.0002954899999999	2.48106598609e-05	8.73143400999999e-08	0.000623724	-2.797000000000021e-06	7.823209000000116e-12	3.89031628176e-07	0.0	0.0	0.0	0.0	0.0	0.0	0.0	0.0	0.0	0.0	0.0	0.0	0.0	0.0	0.0	0.0	0.0	0.0	0.0	0.0	0.0	0.0	0.0	0.0	0.0	0.0	0.0	0.0	0.0	0.0	0.0	0.0	0.0	0.0	0.0	0.0	0.0	0.0	0.0	0.0	0.0	0.0	0.0	0.0	0.0	0.0	0.0	0.0	0.0	0.0	0.0	0.0	0.0	0.0	0.0	0.0	0.0	0.0	0.0	0.0	0.0	0.0	0.0	0.0	0.0	0.0	0.0	0.0	0.0	0.0	0.0	0.0	0.0	0.0	0.0	0.0	0.0	0.0
37332.395900935495	-58.68398470398824	3443.810060737926	1393707783.7041852	48386.35362901733	-454.8048379183965	206847.4405939789	2341239217.5123186	37276.93100315414	66.76181463847024	4457.13989382146	1389569585.0139143	38315.07531546967	23956.119742808994	0.885781	32.203457	0.3540272000000002	0.196134	0.0004646449	0.0297608287	0.0191227196	-0.0144679158	0.0012876355	0.0501800129	0.0157102414	-0.0004143404	0.0159035361	-0.0039670056	0.0039140623	-0.0092833636	0.0061804416	-0.0360459767	-0.003527681	-0.0218577141	-0.0028336722	0.0181358948	-0.0115597972	0.0107428313	0.046164168	-0.0048869569	0.0065851426	0.0700719198	0.035065388	0.0681320104	0.0225688052	0.0291481238	0.0397085306	0.0108643128	0.0579172743	0.0170888968	0.0035719653	0.0679602213	-0.0145044693	-0.0504472628	0.0398516739	0.030423807	-0.0551381022	0.0635489	-0.028404	0.0008067872159999	0.00403846269121	0.413668	0.0030819999999999	9.498723999999836e-06	0.1711212142239999	0.910429	0.0330440000000001	0.8288809640410001	0.001091905936	0.023727	0.0030005	9.00300025000002e-06	0.000562970529	-0.00436866	0.00061237	1.90851901956e-05	3.749970169000001e-07	-0.00155335	-0.002177074	4.739651201476001e-06	2.4128962225e-06	0.0	0.0	0.0	0.0	0.0	0.0	0.0	0.0	0.0	0.0	0.0	0.0	0.0	0.0	0.0	0.0	0.0	0.0	0.0	0.0	0.0	0.0	0.0	0.0	0.0	0.0	0.0	0.0	0.0	0.0	0.0	0.0	0.0	0.0	0.0	0.0	0.0	0.0	0.0	0.0	0.0	0.0	0.0	0.0	0.0	0.0	0.0	0.0	0.0	0.0	0.0	0.0	0.0	0.0	0.0	0.0	0.0	0.0	0.0	0.0	0.0	0.0	0.0	0.0	0.0	0.0	0.0	0.0	0.0	0.0	0.0	0.0	0.0	0.0	0.0	0.0	0.0	0.0
37275.42441850581	-56.97148242968251	3245.749810235623	1389457265.579739	48243.00473470824	-143.34889430908515	20548.905499637265	2327387505.833082	37337.78639476481	60.85539161066845	3703.378688087816	1394110292.861084	38327.6329200932	23294.503773880533	0.867097	31.524185	0.1456208	0.0828064	0.0005828358	0.0245773244	0.017026994	-0.0049549471	-0.0023228475	0.0597679737	0.0019011738	-0.0022087354	0.0027422352	-0.0025318494	0.0025009086	-0.0130707172	0.0030121477	-0.0193231365	-0.005406946	-0.0206752279	-0.0094060782	0.0351940834	-0.0174345322	0.0289917675	0.0408904625	0.0118294986	0.0002752631	0.0649574535	0.0177831688	0.0331087875	-0.0040714621	0.0117607161	0.0136283101	-0.0202440455	0.0168209008	0.0189037504	0.0178976793	0.0877028571	-0.0147968739	-0.0501504639	0.0405029358	0.0293895198	-0.055567379	0.0637882	0.0002392999999999	5.7264489999998974e-08	0.00406893445924	0.424789	0.011121	0.000123676641	0.180445694521	0.8736009999999998	-0.0368280000000001	0.7631787072009998	0.001356301584	0.0248571	0.0011300999999999	1.2771260099999963e-06	0.00061787542041	-0.00506791	-0.00069925	2.56837117681e-05	4.889505625000003e-07	-0.00167265	-0.0001192999999999	1.423248999999998e-08	2.7977580225e-06	0.0	0.0	0.0	0.0	0.0	0.0	0.0	0.0	0.0	0.0	0.0	0.0	0.0	0.0	0.0	0.0	0.0	0.0	0.0	0.0	0.0	0.0	0.0	0.0	0.0	0.0	0.0	0.0	0.0	0.0	0.0	0.0	0.0	0.0	0.0	0.0	0.0	0.0	0.0	0.0	0.0	0.0	0.0	0.0	0.0	0.0	0.0	0.0	0.0	0.0	0.0	0.0	0.0	0.0	0.0	0.0	0.0	0.0	0.0	0.0	0.0	0.0	0.0	0.0	0.0	0.0	0.0	0.0	0.0	0.0	0.0	0.0	0.0	0.0	0.0	0.0	0.0	0.0
37289.98468921244	14.560270706628216	212.00148305029572	1390542958.121698	48212.57156097268	-30.43317373556056	926.178063618813	2324452056.521912	37094.86805960299	-242.9183351618194	59009.31755779003	1376029236.359354	38106.613731382495	23957.546565518835	0.85829	31.204	0.1059187999999999	0.0645854	0.000920181	0.0274664442	0.0127272201	-0.009317565	0.008791764	0.0338410394	0.0152598099	0.0021698911	0.0150940867	-0.0014387822	0.0056138828	-0.0113115428	-0.0027252345	-0.0175163944	0.009814862	-0.0285001035	-0.0164937273	0.0372134566	-0.0165015771	0.0323576016	0.0257227014	0.0234482523	0.0041376622	0.0757718913	0.0191175629	0.0303903887	0.0262452753	-0.0187491303	-0.0068546673	0.0121829869	0.0390273585	0.0328780088	0.0133148574	0.0638003752	-0.0150888728	-0.0498481654	0.0411442041	0.0283423414	-0.0559585727	0.0637559	-3.2299999999999e-05	1.043289999999935e-09	0.00406481478481	0.477146	0.0523569999999999	0.0027412554489999	0.227668305316	0.865878	-0.0077229999999998	0.7497447108840001	5.964472899999712e-05	0.0254545	0.0005974	3.568867600000017e-07	0.00064793157025	-0.0052905	-0.0002225899999999	2.798939025e-05	4.954630809999997e-08	-0.00176879	-9.613999999999998e-05	9.242899599999997e-09	3.1286180641e-06	0.0	0.0	0.0	0.0	0.0	0.0	0.0	0.0	0.0	0.0	0.0	0.0	0.0	0.0	0.0	0.0	0.0	0.0	0.0	0.0	0.0	0.0	0.0	0.0	0.0	0.0	0.0	0.0	0.0	0.0	0.0	0.0	0.0	0.0	0.0	0.0	0.0	0.0	0.0	0.0	0.0	0.0	0.0	0.0	0.0	0.0	0.0	0.0	0.0	0.0	0.0	0.0	0.0	0.0	0.0	0.0	0.0	0.0	0.0	0.0	0.0	0.0	0.0	0.0	0.0	0.0	0.0	0.0	0.0	0.0	0.0	0.0	0.0	0.0	0.0	0.0	0.0	0.0
37339.893251869966	49.90856265752518	2490.864626540117	1394267628.0610442	48666.15497607191	453.5834150992305	205737.91445308083	2368394640.155049	37175.87999745012	81.01193784713541	6562.934073748132	1382046053.5848122	38226.31837285271	24032.899677450725	0.8032979999999998	29.204693	0.1721736999999998	0.0881519	0.0010779367	0.0268780292	0.0159249233	-0.0165944174	-0.0064716868	0.070546501	0.0147693018	0.0013145275	0.0149219919	-0.0017542681	0.0033467511	-0.010225347	0.0001818492	-0.0176822383	-0.0022805478	-0.0302626629	-0.0281884655	0.0443317644	-0.0087394444	0.0124419727	0.0277452584	0.0261421618	0.0140431505	0.0760543585	0.0242636333	0.006534789	0.013244443	0.0205137017	0.0310217867	-0.021366552	0.0103940012	-0.0090346866	0.0339926333	0.0738350574	-0.0153804581	-0.0495404004	0.0417753207	0.0272827311	-0.0563114151	0.0641751	0.0004191999999999	1.7572863999999546e-07	0.00411844346001	0.532573	0.0554269999999999	0.0030721523289999	0.2836340003289999	0.899165	0.0332869999999999	0.808497697225	0.0011080243689999	0.0245157	-0.0009388	8.813454400000001e-07	0.00060101954649	-0.0059724	-0.0006819	3.566956176e-05	4.649876100000001e-07	-0.0018089	-4.01100000000001e-05	1.6088121000000083e-09	3.27211921e-06	0.0	0.0	0.0	0.0	0.0	0.0	0.0	0.0	0.0	0.0	0.0	0.0	0.0	0.0	0.0	0.0	0.0	0.0	0.0	0.0	0.0	0.0	0.0	0.0	0.0	0.0	0.0	0.0	0.0	0.0	0.0	0.0	0.0	0.0	0.0	0.0	0.0	0.0	0.0	0.0	0.0	0.0	0.0	0.0	0.0	0.0	0.0	0.0	0.0	0.0	0.0	0.0	0.0	0.0	0.0	0.0	0.0	0.0	0.0	0.0	0.0	0.0	0.0	0.0	0.0	0.0	0.0	0.0	0.0	0.0	0.0	0.0	0.0	0.0	0.0	0.0	0.0	0.0
37268.80417293269	-71.08907893727883	5053.65714415066	1388963764.4804049	48241.461459336126	-424.6935167357879	180364.5831574109	2327238603.7326126	37163.74399598876	-12.136001461360138	147.2825314701354	1381143867.7993908	38167.45342230903	24113.13372595907	0.837763	30.457718	0.21131	0.124243	0.0011532192	0.0251280302	0.0115622458	-0.0094719451	0.012761835	0.0361573605	0.0043077683	-0.001527815	0.004822442	-0.0028122519	0.0040156459	-0.011190464	-0.0056505644	-0.0263161757	0.0132512069	-0.0200146809	-0.0336599648	0.0342095393	-0.0229470518	-0.0073019642	0.0388153431	0.0134619308	0.0006230859	0.0598432057	0.0074620557	0.008374466	0.0074431596	0.0224475372	-0.0248175886	0.0480406277	0.0141388709	-0.0393833743	0.0276598389	0.0411818235	-0.0156716217	-0.0492272028	0.0423961298	0.0262111537	-0.0566256646	0.0642541	7.899999999999574e-05	6.240999999999327e-09	0.0041285893668099	0.442289	-0.0902839999999999	0.0081512006559999	0.195619559521	0.972696	0.073531	0.946137508416	0.005406807961	0.0240114	-0.0005043	2.543184900000027e-07	0.0005765473299599	-0.00587249	9.990999999999992e-05	3.44861388001e-05	9.982008099999986e-09	-0.00146479	0.0003441099999999	1.1841169209999995e-07	2.1456097441000003e-06	0.0	0.0	0.0	0.0	0.0	0.0	0.0	0.0	0.0	0.0	0.0	0.0	0.0	0.0	0.0	0.0	0.0	0.0	0.0	0.0	0.0	0.0	0.0	0.0	0.0	0.0	0.0	0.0	0.0	0.0	0.0	0.0	0.0	0.0	0.0	0.0	0.0	0.0	0.0	0.0	0.0	0.0	0.0	0.0	0.0	0.0	0.0	0.0	0.0	0.0	0.0	0.0	0.0	0.0	0.0	0.0	0.0	0.0	0.0	0.0	0.0	0.0	0.0	0.0	0.0	0.0	0.0	0.0	0.0	0.0	0.0	0.0	0.0	0.0	0.0	0.0	0.0	0.0
37185.31109783614	-83.49307509655046	6971.093589078214	1382747361.4428554	48945.36656962752	703.9051102913945	495482.4042943403	2395648908.6352115	36932.94809112298	-230.79590486578672	53266.74970281727	1364042654.7015843	38030.01956505848	23845.72038596168	1.037693	37.726383	0.1985205	0.0872016	-0.0004686708	0.0242621189	0.0208877831	-0.0398561949	0.0134603409	0.039824749	0.0472859533	0.0100428518	0.0470630821	-2.75393e-05	0.00723472	-0.0026471379	-0.0074209758	-0.023262782	-0.0002236005	-0.0178629355	-0.0555158569	0.0166659676	-0.0060424968	0.012721685	0.0198324935	0.0065588116	0.0289842866	0.0624553631	0.0558222373	0.0110304759	0.0293696813	0.0718466509	0.032573231	0.0053149876	-0.0050927331	-0.0212183444	0.0395387567	0.0230293004	-0.0159623556	-0.0489086069	0.0430064784	0.0251280792	-0.0569011056	0.0400766	-0.0241774999999999	0.0005845515062499	0.0016061338675599	0.47173	0.0294409999999999	0.0008667724809999	0.2225291928999999	0.934603	-0.038093	0.8734827676089999	0.001451076649	0.0231623	-0.0008490999999999	7.209708099999974e-07	0.00053649214129	-0.00476839	0.0011041	2.27375431921e-05	1.2190368100000004e-06	-0.00164777	-0.0001829799999999	3.3481680399999966e-08	2.7151459729e-06	0.0	0.0	0.0	0.0	0.0	0.0	0.0	0.0	0.0	0.0	0.0	0.0	0.0	0.0	0.0	0.0	0.0	0.0	0.0	0.0	0.0	0.0	0.0	0.0	0.0	0.0	0.0	0.0	0.0	0.0	0.0	0.0	0.0	0.0	0.0	0.0	0.0	0.0	0.0	0.0	0.0	0.0	0.0	0.0	0.0	0.0	0.0	0.0	0.0	0.0	0.0	0.0	0.0	0.0	0.0	0.0	0.0	0.0	0.0	0.0	0.0	0.0	0.0	0.0	0.0	0.0	0.0	0.0	0.0	0.0	0.0	0.0	0.0	0.0	0.0	0.0	0.0	0.0
37116.046985360445	-69.26411247569195	4797.517277045305	1377600943.8194842	47776.53593148327	-1168.8306381442526	1366165.0606647008	2282597385.612312	37019.940397010425	86.99230588744831	7567.661283615374	1370475986.9982045	38002.614735243056	24131.323843590617	1.10796	40.281006	0.1134594999999999	0.0613932	0.0026619902	0.0309403228	0.0066699574	0.0016634614	0.0086698906	0.0130621443	0.0009825274	-0.0006927787	0.0009735614	-0.001038177	0.0030594393	0.0007503795	0.0046698812	-0.0242260852	-0.0090297589	0.005036858	-0.0236263591	0.0312370156	-0.0212877372	0.0126414484	0.0184659923	0.0153030022	-0.0047586594	0.0727387197	0.0425775063	0.0024254162	0.004586372	0.0109495272	-0.0450998312	0.0264987631	-0.0174022719	-0.0017123211	0.0287788364	0.0349642783	-0.016252652	-0.0485846476	0.0436062158	0.0240339827	-0.0571375495	0.0377221	-0.0023544999999999	5.543670249999979e-06	0.00142295682841	0.421879	-0.0498509999999999	0.0024851222009999	0.177981890641	0.916166	-0.0184369999999999	0.8393601395560001	0.0003399229689999	0.0226179	-0.0005444	2.963713600000005e-07	0.00051156940041	-0.00496166	-0.0001932699999999	2.4618069955599995e-05	3.735329289999989e-08	-0.00176644	-0.0001186699999999	1.4082568899999994e-08	3.1203102736e-06	0.0	0.0	0.0	0.0	0.0	0.0	0.0	0.0	0.0	0.0	0.0	0.0	0.0	0.0	0.0	0.0	0.0	0.0	0.0	0.0	0.0	0.0	0.0	0.0	0.0	0.0	0.0	0.0	0.0	0.0	0.0	0.0	0.0	0.0	0.0	0.0	0.0	0.0	0.0	0.0	0.0	0.0	0.0	0.0	0.0	0.0	0.0	0.0	0.0	0.0	0.0	0.0	0.0	0.0	0.0	0.0	0.0	0.0	0.0	0.0	0.0	0.0	0.0	0.0	0.0	0.0	0.0	0.0	0.0	0.0	0.0	0.0	0.0	0.0	0.0	0.0	0.0	0.0
37070.55378627348	-45.49319908696634	2069.6311631663552	1374225958.020995	47797.23483319757	20.698901714305972	428.4445321784988	2284575657.699836	37072.30342059363	52.36302358320245	2741.886238775016	1374355680.908558	38062.32238715278	24041.827775588503	0.826234	30.038574	0.1907546	0.106685	0.0031965324	0.0305419477	0.0045305255	0.0012309242	0.0005621376	0.0187063146	-0.0088465995	-0.0072650195	-0.0091781177	-0.0052645571	0.0019544775	0.0089692397	0.0057570705	-0.0283284411	-0.009416693	0.0272615744	-0.0329323235	0.023470266	-0.0192426805	0.0295227198	0.0095593288	-0.0003664751	0.0057512715	0.0634073632	0.0094908379	-0.0010756506	-0.0301307919	0.0291797919	0.0486375677	0.0086970571	0.0126072436	0.0015334216	0.001326622	0.0044419239	-0.0165425028	-0.0482553605	0.0441951939	0.0229293442	-0.0573348341	0.0314845	-0.0062376	3.890765376000003e-05	0.00099127374025	0.331605	-0.090274	0.008149395076	0.1099618760249999	0.8702189999999999	-0.0459470000000001	0.7572811079609998	0.002111126809	0.0222625	-0.0003553999999999	1.2630915999999912e-07	0.00049561890625	-0.00550615	-0.0005444899999999	3.03176878225e-05	2.964693600999999e-07	-0.00183247	-6.603000000000013e-05	4.359960900000016e-09	3.3579463009000003e-06	0.0	0.0	0.0	0.0	0.0	0.0	0.0	0.0	0.0	0.0	0.0	0.0	0.0	0.0	0.0	0.0	0.0	0.0	0.0	0.0	0.0	0.0	0.0	0.0	0.0	0.0	0.0	0.0	0.0	0.0	0.0	0.0	0.0	0.0	0.0	0.0	0.0	0.0	0.0	0.0	0.0	0.0	0.0	0.0	0.0	0.0	0.0	0.0	0.0	0.0	0.0	0.0	0.0	0.0	0.0	0.0	0.0	0.0	0.0	0.0	0.0	0.0	0.0	0.0	0.0	0.0	0.0	0.0	0.0	0.0	0.0	0.0	0.0	0.0	0.0	0.0	0.0	0.0
37021.39892181693	-49.15486445654824	2416.2006997416293	1370583978.1283078	47424.4207318202	-372.8141013773711	138990.35418581674	2249075681.7486978	37035.6339728041	-36.66944778952893	1344.648401188988	1371638183.7675211	37981.52654628106	23835.88264872655	0.769876	27.989611	0.1941543	0.0903823	0.0028276079	0.0270988747	0.0025933851	0.0075199367	0.0040942542	-0.0034193154	-0.0036186738	-0.0046512918	-0.0044038203	-0.0034239436	0.0028051041	0.0046737104	0.002771316	-0.0280263103	-0.0046387115	0.0169699336	-0.029406023	0.0297733802	-0.0221236503	0.009837402	9.25623e-05	0.0070799535	0.0056514624	0.0478308152	0.0185873817	-0.0113629165	-0.0135564619	-0.0035200505	-0.0237358864	0.0360197256	-0.0115859047	-0.0276539118	0.0352256985	0.0287803592	-0.0168319	-0.0479207816	0.0447732676	0.021814648	-0.0574928243	0.0419253	0.0104408	0.00010901030464	0.0017577307800899	0.38505	0.053445	0.002856368025	0.1482635025	0.931972	0.0617530000000001	0.8685718087840001	0.003813433009	0.0227619	0.0004994	2.4940036000000056e-07	0.00051810409161	-0.00505272	0.0004534299999999	2.55299793984e-05	2.055987648999995e-07	-0.00141499	0.00041748	1.7428955040000002e-07	2.0021967001e-06	0.0	0.0	0.0	0.0	0.0	0.0	0.0	0.0	0.0	0.0	0.0	0.0	0.0	0.0	0.0	0.0	0.0	0.0	0.0	0.0	0.0	0.0	0.0	0.0	0.0	0.0	0.0	0.0	0.0	0.0	0.0	0.0	0.0	0.0	0.0	0.0	0.0	0.0	0.0	0.0	0.0	0.0	0.0	0.0	0.0	0.0	0.0	0.0	0.0	0.0	0.0	0.0	0.0	0.0	0.0	0.0	0.0	0.0	0.0	0.0	0.0	0.0	0.0	0.0	0.0	0.0	0.0	0.0	0.0	0.0	0.0	0.0	0.0	0.0	0.0	0.0	0.0	0.0
36960.52776274213	-60.871159074798925	3705.2980071094753	1366080612.5004318	47552.56088820905	128.1401563888503	16419.899679359012	2261246047.026829	36945.16791946654	-90.46605333755724	8184.106806473752	1364945432.5975797	37931.82222187957	23993.253085061227	0.7613799999999998	27.680737	0.1459301999999999	0.0776459	0.0025093529	0.0273821453	0.0039401925	0.0018148019	0.0054804313	-0.0012789895	0.0050556966	-0.0001724135	0.0048150759	-0.0011503646	0.0025293418	0.0018719232	-0.0006239177	-0.0164519986	-0.0044054325	0.0111494732	-0.0377191	0.029310907	-0.0181203707	0.0233342662	-0.0006417677	0.0032189913	0.0105231273	0.037685715	0.0080488117	0.0160954002	0.0028217619	0.0548602631	0.0210740243	0.037873896	0.020876061	0.0012893465	0.0211152987	-0.000587834	-0.0171208358	-0.0475809477	0.0453402941	0.0206903832	-0.0576114118	0.0443365	0.0024112	5.813885440000011e-06	0.00196572523225	0.361821	-0.023229	0.000539586441	0.130914436041	0.901954	-0.0300179999999999	0.8135210181160001	0.0009010803239999	0.023942	0.0011801	1.3926360099999998e-06	0.000573219364	-0.00522205	-0.0001693299999999	2.72698062025e-05	2.8672648899999885e-08	-0.001871	-0.0004560099999999	2.079451201e-07	3.500641e-06	0.0	0.0	0.0	0.0	0.0	0.0	0.0	0.0	0.0	0.0	0.0	0.0	0.0	0.0	0.0	0.0	0.0	0.0	0.0	0.0	0.0	0.0	0.0	0.0	0.0	0.0	0.0	0.0	0.0	0.0	0.0	0.0	0.0	0.0	0.0	0.0	0.0	0.0	0.0	0.0	0.0	0.0	0.0	0.0	0.0	0.0	0.0	0.0	0.0	0.0	0.0	0.0	0.0	0.0	0.0	0.0	0.0	0.0	0.0	0.0	0.0	0.0	0.0	0.0	0.0	0.0	0.0	0.0	0.0	0.0	0.0	0.0	0.0	0.0	0.0	0.0	0.0	0.0
36924.72476303485	-35.80299970728083	1281.8547880395513	1363435298.825879	47610.31175600748	57.75086779842968	3335.162731471702	2266741785.5042243	36918.56991555386	-26.598003912680724	707.4538121389791	1362980804.6096387	37887.67927163286	23676.57024606201	0.737674	26.818886	0.0620099	0.0412448	0.0026766399	0.0249625902	0.0016939827	0.0022226179	-0.0026245919	-0.0069239816	0.0025300333	-0.0008506371	0.0016805178	-0.0010508627	0.0021629787	0.002476562	-0.0005628722	-0.0179673407	0.0011633213	0.0045652913	-0.0344876472	0.0306376432	-0.0198993978	0.0197719061	-0.0159116112	0.0106521971	0.0057505805	0.0387848605	0.0185254589	-0.0069582056	-0.0013361112	0.0168076873	-0.0232305159	0.0218211895	-0.0228313074	-0.0151592323	0.0533415934	0.0291287618	-0.0174093022	-0.047235896	0.0458961336	0.0195570429	-0.0576905153	0.0433721	-0.0009644	9.30067360000008e-07	0.0018811390584099	0.401878	0.040057	0.001604563249	0.161505926884	0.906531	0.0045769999999999	0.8217984539609999	2.0948928999999476e-05	0.0238558	-8.620000000000155e-05	7.430440000000268e-09	0.00056909919364	-0.00530635	-8.429999999999983e-05	2.8157350322499998e-05	7.106489999999971e-09	-0.00171327	0.00015773	2.487875290000001e-08	2.9352940929000003e-06	0.0	0.0	0.0	0.0	0.0	0.0	0.0	0.0	0.0	0.0	0.0	0.0	0.0	0.0	0.0	0.0	0.0	0.0	0.0	0.0	0.0	0.0	0.0	0.0	0.0	0.0	0.0	0.0	0.0	0.0	0.0	0.0	0.0	0.0	0.0	0.0	0.0	0.0	0.0	0.0	0.0	0.0	0.0	0.0	0.0	0.0	0.0	0.0	0.0	0.0	0.0	0.0	0.0	0.0	0.0	0.0	0.0	0.0	0.0	0.0	0.0	0.0	0.0	0.0	0.0	0.0	0.0	0.0	0.0	0.0	0.0	0.0	0.0	0.0	0.0	0.0	0.0	0.0
36903.32912009113	-21.395642943716663	457.7735369750128	1361855700.1457665	47597.3004711567	-13.01128485078516	169.2935334682714	2265503012.1415734	36971.43503529125	52.86511973739107	2794.720884848695	1366887008.568761	37967.22405770285	24077.26968117868	0.783429	28.482347	0.1951647	0.104081	0.0025286492	0.028007057	0.0036847059	-0.003681172	0.0060513311	-0.0184770121	0.0065582359	-4.31648e-05	0.0063993188	-0.0014322763	0.0010286235	0.0085468565	0.0030046688	-0.0208140267	-0.0069236455	0.0160659396	-0.0361500897	0.0232809163	-0.0138016293	0.0269492388	-0.0099435105	-0.0090676443	0.0104820783	0.028772274	-0.0095523691	0.025141437	-0.0039198305	0.0475430674	0.0164409988	0.0424969378	0.0135705255	0.0061313742	0.019101501	0.0007648575	-0.0176972914	-0.0468856643	0.046440649	0.0184151243	-0.0577300806	0.0466418	0.0032697	1.0690938090000002e-05	0.0021754575072399	0.317364	-0.084514	0.007142616196	0.1007199084959999	0.88554	-0.0209909999999999	0.7841810915999999	0.0004406220809999	0.0229592	-0.0008966	8.038915600000015e-07	0.0005271248646399	-0.00560214	-0.00029579	3.13839725796e-05	8.749172410000038e-08	-0.00224868	-0.0005354099999999	2.866638680999998e-07	5.0565617424e-06	0.0	0.0	0.0	0.0	0.0	0.0	0.0	0.0	0.0	0.0	0.0	0.0	0.0	0.0	0.0	0.0	0.0	0.0	0.0	0.0	0.0	0.0	0.0	0.0	0.0	0.0	0.0	0.0	0.0	0.0	0.0	0.0	0.0	0.0	0.0	0.0	0.0	0.0	0.0	0.0	0.0	0.0	0.0	0.0	0.0	0.0	0.0	0.0	0.0	0.0	0.0	0.0	0.0	0.0	0.0	0.0	0.0	0.0	0.0	0.0	0.0	0.0	0.0	0.0	0.0	0.0	0.0	0.0	0.0	0.0	0.0	0.0	0.0	0.0	0.0	0.0	0.0	0.0
36870.32999792037	-32.99912217076053	1088.942064040779	1359421234.155547	47146.36479469046	-450.93567646623706	203342.9843100628	2222779713.354028	36948.05920604344	-23.375829247808724	546.4293930227097	1365159079.0932915	37876.45192959613	23393.826882516696	0.936908	34.062225	0.0567968999999999	0.0381591	0.0033467991	0.0246124501	0.0018691833	0.0139750937	-0.0070139167	-0.0191382663	-0.0142329385	-0.0045998842	-0.0149413307	-0.0012410421	0.000563141	0.0125383139	0.0047369384	-0.020841469	-0.0078532602	0.0342996914	-0.021552843	0.0284030811	-0.0259482473	0.021296632	-0.0247926361	0.0013856193	-0.0021208954	0.0227771464	-0.0149968525	-0.002327433	-0.032568956	0.00196509	-0.0197487926	0.0134555712	-0.0378599514	-0.008672073	0.0565471453	0.021861311	-0.0179847953	-0.0465302911	0.0469737057	0.0172651282	-0.0577300806	0.0448064	-0.0018353999999999	3.3686931599999778e-06	0.00200761348096	0.281019	-0.0363449999999999	0.0013209590249999	0.078971678361	0.8920519999999998	0.0065119999999998	0.7957567707039997	4.240614399999806e-05	0.0229669	7.699999999999374e-06	5.928999999999034e-11	0.0005274784956099	-0.00554062	6.152000000000067e-05	3.069846998439999e-05	3.784710400000083e-09	-0.00207581	0.0001728699999999	2.9884036899999965e-08	4.3089871561e-06	0.0	0.0	0.0	0.0	0.0	0.0	0.0	0.0	0.0	0.0	0.0	0.0	0.0	0.0	0.0	0.0	0.0	0.0	0.0	0.0	0.0	0.0	0.0	0.0	0.0	0.0	0.0	0.0	0.0	0.0	0.0	0.0	0.0	0.0	0.0	0.0	0.0	0.0	0.0	0.0	0.0	0.0	0.0	0.0	0.0	0.0	0.0	0.0	0.0	0.0	0.0	0.0	0.0	0.0	0.0	0.0	0.0	0.0	0.0	0.0	0.0	0.0	0.0	0.0	0.0	0.0	0.0	0.0	0.0	0.0	0.0	0.0	0.0	0.0	0.0	0.0	0.0	0.0
36817.30378997933	-53.02620794104587	2811.778728607036	1355513858.3636262	47318.863477950974	172.49868326051364	29755.79572661101	2239074840.8449626	36923.40489524051	-24.65431080293638	607.8350411677854	1363337829.0578706	37903.04045550073	23910.7808550865	0.915221	33.273788	0.1603439999999998	0.0950078	0.002591881	0.0266280059	0.0017582761	0.0019688992	0.0079269382	-0.0463124501	0.0049504625	-0.0002014818	0.0044543241	-0.0009828018	0.0012733982	0.0134172129	0.0024619589	-0.0250534219	-0.0079505587	0.0099666752	-0.0284398412	0.0168741245	-0.0132002039	0.016388014	-0.0337298806	-0.0120994173	0.0107819307	0.0208041686	-0.0049829461	0.009496526	0.0035643173	0.0258868748	0.0100148508	0.0547559756	0.0346435721	-0.0046289148	0.0310804234	-0.0104841185	-0.0182718062	-0.0461698153	0.0474951725	0.016107559	-0.0576905153	0.0457774	0.0009709999999999	9.428409999999992e-07	0.00209557035076	0.364537	0.0835179999999999	0.0069752563239999	0.132887224369	0.882425	-0.0096269999999998	0.778673880625	9.267912899999672e-05	0.0220488	-0.0009180999999999	8.429076099999965e-07	0.00048614958144	-0.00554244	-1.820000000000467e-06	3.07186411536e-05	3.3124000000017007e-12	-0.00167117	0.0004046399999999	1.6373352959999998e-07	2.7928091689e-06	0.0	0.0	0.0	0.0	0.0	0.0	0.0	0.0	0.0	0.0	0.0	0.0	0.0	0.0	0.0	0.0	0.0	0.0	0.0	0.0	0.0	0.0	0.0	0.0	0.0	0.0	0.0	0.0	0.0	0.0	0.0	0.0	0.0	0.0	0.0	0.0	0.0	0.0	0.0	0.0	0.0	0.0	0.0	0.0	0.0	0.0	0.0	0.0	0.0	0.0	0.0	0.0	0.0	0.0	0.0	0.0	0.0	0.0	0.0	0.0	0.0	0.0	0.0	0.0	0.0	0.0	0.0	0.0	0.0	0.0	0.0	0.0	0.0	0.0	0.0	0.0	0.0	0.0
36825.13782150736	7.8340315280293	61.37204998215709	1356090775.5730116	47480.79430863078	161.9308306798048	26221.593924651606	2254425828.178505	36924.12832502657	0.7234297860632068	0.5233506553634573	1363391252.5630295	37881.91305212902	23143.57277433572	0.9379360000000002	34.099586	0.1484893999999999	0.0952825	0.0019713405	0.021693048	0.0060561846	0.0042737573	-0.0003326128	-0.0267786849	0.0035659365	-0.0027810561	0.0021345434	-0.0029955858	0.0003995689	0.0147096311	0.0024055971	-0.0315441693	-0.001998958	0.0184482369	-0.0307906215	0.0082760653	-0.013172282	0.0181551591	-0.0307853983	-0.0182242646	0.0027464781	0.0003594145	-0.0070274859	-0.0230500744	-0.0150862895	0.0198399879	-0.0153948887	0.0139207222	-0.0357201144	-0.0267547298	0.0487723698	0.0238843357	-0.0185583162	-0.0458042765	0.0480049204	0.0149429245	-0.0576114118	0.0493833	0.0036058999999999	1.3002514809999963e-05	0.0024387103188899	0.274678	-0.089859	0.008074639881	0.0754480036839999	0.913555	0.0311299999999999	0.834582738025	0.0009690768999999	0.0223154	0.0002665999999999	7.107555999999935e-08	0.00049797707716	-0.00533115	0.00021129	2.84211603225e-05	4.4643464100000115e-08	-0.00167117	0.0	0.0	2.7928091689e-06	0.0	0.0	0.0	0.0	0.0	0.0	0.0	0.0	0.0	0.0	0.0	0.0	0.0	0.0	0.0	0.0	0.0	0.0	0.0	0.0	0.0	0.0	0.0	0.0	0.0	0.0	0.0	0.0	0.0	0.0	0.0	0.0	0.0	0.0	0.0	0.0	0.0	0.0	0.0	0.0	0.0	0.0	0.0	0.0	0.0	0.0	0.0	0.0	0.0	0.0	0.0	0.0	0.0	0.0	0.0	0.0	0.0	0.0	0.0	0.0	0.0	0.0	0.0	0.0	0.0	0.0	0.0	0.0	0.0	0.0	0.0	0.0	0.0	0.0	0.0	0.0	0.0	0.0
36754.318862894346	-70.81895861301018	5015.324899031249	1350879955.0753112	47357.32727802873	-123.46703060204892	15244.107645687282	2242716446.918324	36909.05558103058	-15.072743995988276	227.18761156860063	1362278383.8836048	37875.60155793129	23544.62574879922	0.860079	31.269026	0.2079067	0.114835	0.0021575505	0.0233736834	0.0045796949	-0.0038743466	0.0103915772	-0.0624571174	0.0122423115	0.0006895258	0.0112050869	-0.001998698	0.0006060994	0.018150935	0.0013676549	-0.0275333089	-0.004078093	0.0055533327	-0.0331101165	0.0063915737	-0.0055154343	0.0229104637	-0.0468016806	-0.0209867471	0.0105390149	0.0073645348	-0.0021509215	-0.0069944773	0.0113965846	0.0196413292	-7.6011e-06	0.0499769506	0.0362914311	-0.0012469557	0.0151732581	-0.0182935566	-0.0188443174	-0.0454337147	0.0485028239	0.0137717356	-0.0574928243	0.0398711	-0.0095121999999999	9.048194883999995e-05	0.00158970461521	0.378212	0.103534	0.010719289156	0.143044316944	0.872298	-0.0412569999999999	0.760903800804	0.0017021400489999	0.0218339	-0.0004814999999999	2.318422499999993e-07	0.00047671918921	-0.0054766	-0.00014545	2.999314756e-05	2.1155702500000027e-08	-0.00211629	-0.0004451199999999	1.9813181439999985e-07	4.478683364099999e-06	0.0	0.0	0.0	0.0	0.0	0.0	0.0	0.0	0.0	0.0	0.0	0.0	0.0	0.0	0.0	0.0	0.0	0.0	0.0	0.0	0.0	0.0	0.0	0.0	0.0	0.0	0.0	0.0	0.0	0.0	0.0	0.0	0.0	0.0	0.0	0.0	0.0	0.0	0.0	0.0	0.0	0.0	0.0	0.0	0.0	0.0	0.0	0.0	0.0	0.0	0.0	0.0	0.0	0.0	0.0	0.0	0.0	0.0	0.0	0.0	0.0	0.0	0.0	0.0	0.0	0.0	0.0	0.0	0.0	0.0	0.0	0.0	0.0	0.0	0.0	0.0	0.0	0.0
36814.87578415761	60.55692126326176	3667.140712884884	1355335079.0029542	47639.6302287748	282.3029507460669	79694.95599993628	2269534368.334393	36900.25436962168	-8.80121140889969	77.46132226414606	1361628772.542784	37883.78967459338	23030.233156998293	0.872955	31.737169	0.1040227	0.0679951	0.0020708609	0.0215582815	0.0060642456	-0.0025534687	0.0020259759	-0.0264013428	0.0089972107	0.0003384274	0.0081543237	-0.0010941678	0.001015006	0.0162909321	0.0023384883	-0.0258360505	-0.0017245129	0.01767644	-0.0261651116	0.0099097978	-0.010699594	0.0297910245	-0.0453683198	-0.0167430664	0.0142914424	0.0010665672	0.001088529	-0.0042336287	-0.0117983427	0.0140163017	-0.0049798973	-0.0046018295	-0.0423448045	-0.0103528846	0.0562823079	0.0272294973	-0.0191298019	-0.0450581706	0.0489887601	0.0125945059	-0.0573348341	0.0409958	0.0011246999999999	1.2649500899999985e-06	0.00168065561764	0.315693	-0.0625189999999999	0.0039086253609999	0.099662070249	0.8724429999999999	0.0001449999999998	0.7611567882489998	2.1024999999953517e-08	0.0223986	0.0005647	3.188860900000015e-07	0.00050169728196	-0.00554115	-6.455000000000002e-05	3.07043433225e-05	4.166702500000003e-09	-0.00194086	0.0001754299999999	3.077568489999995e-08	3.7669375396e-06	0.0	0.0	0.0	0.0	0.0	0.0	0.0	0.0	0.0	0.0	0.0	0.0	0.0	0.0	0.0	0.0	0.0	0.0	0.0	0.0	0.0	0.0	0.0	0.0	0.0	0.0	0.0	0.0	0.0	0.0	0.0	0.0	0.0	0.0	0.0	0.0	0.0	0.0	0.0	0.0	0.0	0.0	0.0	0.0	0.0	0.0	0.0	0.0	0.0	0.0	0.0	0.0	0.0	0.0	0.0	0.0	0.0	0.0	0.0	0.0	0.0	0.0	0.0	0.0	0.0	0.0	0.0	0.0	0.0	0.0	0.0	0.0	0.0	0.0	0.0	0.0	0.0	0.0
36736.06379031251	-78.81199384509819	6211.330373839794	1349538382.80591	47310.84535947682	-328.7848692979751	108099.49027928656	2238316088.6283293	36913.1923458499	12.937976228218758	167.39122888195368	1362583769.1617117	37866.05616730629	23482.5513943874	0.863585	31.396515	0.0560751	0.0256128	0.0025186618	0.0221173449	0.003451689	-0.0005698301	0.0081357354	-0.0663456965	0.0026083273	-0.0029229994	0.0013990483	-0.003199105	0.0003573528	0.0193985587	0.0041008993	-0.0225375591	-0.0079224199	0.0156436347	-0.0298406648	0.011770337	-0.0111555685	0.0237220451	-0.0543081335	-0.0187232242	0.0053242528	-0.0053912456	-0.0177695927	-0.0016082129	-0.0077782932	0.002634342	-0.006908275	0.0564751588	0.0388508398	-0.0109923008	0.0266712981	-0.0179289972	-0.019414762	-0.0446776853	0.049462609	0.0114117519	-0.0571375495	0.0374467	-0.0035490999999999	1.2596110809999996e-05	0.0014022553408899	0.331442	0.015749	0.000248031001	0.109853799364	0.8752799999999998	0.0028369999999999	0.7661150783999997	8.048568999999878e-06	0.022134	-0.0002646	7.001316000000015e-08	0.000489913956	-0.00568566	-0.00014451	3.23267296356e-05	2.088314010000013e-08	-0.00167117	0.0002696899999999	7.273269609999997e-08	2.7928091689e-06	0.0	0.0	0.0	0.0	0.0	0.0	0.0	0.0	0.0	0.0	0.0	0.0	0.0	0.0	0.0	0.0	0.0	0.0	0.0	0.0	0.0	0.0	0.0	0.0	0.0	0.0	0.0	0.0	0.0	0.0	0.0	0.0	0.0	0.0	0.0	0.0	0.0	0.0	0.0	0.0	0.0	0.0	0.0	0.0	0.0	0.0	0.0	0.0	0.0	0.0	0.0	0.0	0.0	0.0	0.0	0.0	0.0	0.0	0.0	0.0	0.0	0.0	0.0	0.0	0.0	0.0	0.0	0.0	0.0	0.0	0.0	0.0	0.0	0.0	0.0	0.0	0.0	0.0
36778.39196658502	42.328176272509154	1791.674506556607	1352650115.6477654	47746.760373083904	435.9150136070821	190021.89908806252	2279753126.124696	36876.1650653113	-37.02728053859755	1371.019504084005	1359851549.924086	37887.509220577485	22963.20932948112	0.881449	32.045979	0.1122965999999999	0.05182	0.0020821763	0.021566917	0.0058265474	-0.0045242896	0.0092290739	-0.0142623333	0.0108134394	0.0021642369	0.0102539593	-4.24715e-05	-8.7076e-06	0.0215817019	0.0029690135	-0.0254184245	-0.0042053804	0.0188578559	-0.0234102851	0.0035414546	-0.0077473095	0.029803724	-0.0535729116	-0.0266568333	0.0144977222	0.0017325751	-0.0027450745	0.0036143713	-0.0074701697	0.036264142	0.0225101988	-0.0164539125	-0.0299735364	-0.0094964322	0.0565246692	0.0165124583	-0.0196991898	-0.0442923007	0.0499242538	0.0102239922	-0.0569011056	0.0412518	0.0038050999999999	1.447878600999999e-05	0.00170171100324	0.306812	-0.02463	0.0006066369	0.0941336033439999	0.850184	-0.0250959999999997	0.722812833856	0.0006298092159999	0.0217346	-0.0003994	1.5952036000000092e-07	0.00047239283716	-0.00556255	0.00012311	3.0941962502500004e-05	1.5156072100000015e-08	-0.00232397	-0.0006527999999999	4.261478399999998e-07	5.400836560899999e-06	0.0	0.0	0.0	0.0	0.0	0.0	0.0	0.0	0.0	0.0	0.0	0.0	0.0	0.0	0.0	0.0	0.0	0.0	0.0	0.0	0.0	0.0	0.0	0.0	0.0	0.0	0.0	0.0	0.0	0.0	0.0	0.0	0.0	0.0	0.0	0.0	0.0	0.0	0.0	0.0	0.0	0.0	0.0	0.0	0.0	0.0	0.0	0.0	0.0	0.0	0.0	0.0	0.0	0.0	0.0	0.0	0.0	0.0	0.0	0.0	0.0	0.0	0.0	0.0	0.0	0.0	0.0	0.0	0.0	0.0	0.0	0.0	0.0	0.0	0.0	0.0	0.0	0.0
36763.964947199485	-14.42701938553364	208.13888835056343	1351589118.6389124	47535.30881243521	-211.4515606486966	44711.76250076942	2259605583.8935804	36878.67451862915	2.509453317848965	6.297355954463181	1360036634.250987	37863.17466385691	23333.68165362557	0.8309149999999998	30.208735	0.096231	0.0482545	0.0020631004	0.0214803094	0.0049414961	-0.0017000587	0.0141694136	-0.0573156415	0.0083923912	-0.0005827993	0.007378857	-0.0022887853	0.0007827915	0.0252583736	0.0032794921	-0.0245252787	-0.0082083169	0.0154853239	-0.0250867197	0.0045577393	-0.0074271219	0.0315481887	-0.0630562406	-0.0289558657	0.010343885	-0.0066636341	-0.0136285004	7.00751e-05	0.0041960041	-0.0126836535	-0.0205336048	0.0511445878	0.0263084838	0.0102849249	0.032622529	-0.0164936128	-0.0199830776	-0.0439020589	0.0503735805	0.0090317481	-0.0566256646	0.0489763	0.0077245	5.966790025000003e-05	0.00239867796169	0.349117	0.042305	0.001789713025	0.121882679689	0.834457	-0.015727	0.696318484849	0.000247338529	0.0214974	-0.0002371999999999	5.626383999999996e-08	0.00046213820676	-0.00576606	-0.0002035099999999	3.32474479236e-05	4.141632009999985e-08	-0.00215519	0.0001687799999999	2.848668839999996e-08	4.6448439361e-06	0.0	0.0	0.0	0.0	0.0	0.0	0.0	0.0	0.0	0.0	0.0	0.0	0.0	0.0	0.0	0.0	0.0	0.0	0.0	0.0	0.0	0.0	0.0	0.0	0.0	0.0	0.0	0.0	0.0	0.0	0.0	0.0	0.0	0.0	0.0	0.0	0.0	0.0	0.0	0.0	0.0	0.0	0.0	0.0	0.0	0.0	0.0	0.0	0.0	0.0	0.0	0.0	0.0	0.0	0.0	0.0	0.0	0.0	0.0	0.0	0.0	0.0	0.0	0.0	0.0	0.0	0.0	0.0	0.0	0.0	0.0	0.0	0.0	0.0	0.0	0.0	0.0	0.0
36809.43689219379	45.471944994307705	2067.6977815653454	1354934644.3203974	47750.41832628296	215.109513847754	46272.10294781707	2280102450.33502	36948.633504611214	69.95898598206259	4894.2597196384295	1365201517.8580785	37936.6701120477	23043.609251747817	0.7893139999999998	28.696318	0.0987138000000001	0.0586835	0.0019825205	0.0216341958	0.0055726115	-0.0034670099	0.0018004528	-0.0244088908	0.0080150067	0.0014552367	0.0075248712	2.83155e-05	-0.0001063892	0.0277013794	0.0045341835	-0.0265145219	-0.0077328003	0.0247646433	-0.0168794031	0.0002408628	-0.0047651227	0.0312888527	-0.051134605	-0.0238209645	0.0206764452	-0.0091474992	-0.011635186	0.0183965433	-0.0105212706	0.0326606928	0.0528929766	-0.0247991941	-0.010375782	0.003036322	0.0380091645	0.0129401137	-0.0202664175	-0.0435070027	0.0508104782	0.0078355422	-0.0563114151	0.042235	-0.0067412999999999	4.544512568999998e-05	0.001783795225	0.296245	-0.052872	0.002795448384	0.0877611000249999	0.8283479999999999	-0.0061090000000001	0.6861604091039998	3.731988100000174e-05	0.0212276	-0.0002698	7.279204000000032e-08	0.00045061100176	-0.00582645	-6.039000000000044e-05	3.39475196025e-05	3.6469521000000533e-09	-0.00248483	-0.0003296399999999	1.086625296e-07	6.1743801289e-06	0.0	0.0	0.0	0.0	0.0	0.0	0.0	0.0	0.0	0.0	0.0	0.0	0.0	0.0	0.0	0.0	0.0	0.0	0.0	0.0	0.0	0.0	0.0	0.0	0.0	0.0	0.0	0.0	0.0	0.0	0.0	0.0	0.0	0.0	0.0	0.0	0.0	0.0	0.0	0.0	0.0	0.0	0.0	0.0	0.0	0.0	0.0	0.0	0.0	0.0	0.0	0.0	0.0	0.0	0.0	0.0	0.0	0.0	0.0	0.0	0.0	0.0	0.0	0.0	0.0	0.0	0.0	0.0	0.0	0.0	0.0	0.0	0.0	0.0	0.0	0.0	0.0	0.0
36816.89348776708	7.456595573290542	55.60081754361611	1355483646.0895865	47154.40119362781	-596.0171326551499	355236.42241846654	2223537551.929608	36985.93416158119	37.30065696997917	1391.3390103920558	1367959325.8048189	37900.55901475695	23392.480181724368	0.848851	30.860828	0.1038898999999999	0.0497113	0.0030595	0.0235463537	0.0010366546	0.0148421791	0.0066755608	-0.0447724105	-0.0082503549	-0.0044512927	-0.0093692937	-0.0025179991	-0.000582509	0.0310167841	0.0093818532	-0.0255542513	-0.0122504159	0.0310095309	-0.0032046597	0.0048417031	-0.0147622991	0.0148093938	-0.0579879116	-0.0247737219	-0.0038737389	0.0026017904	-0.037386018	-0.0069821319	-0.0102779187	-0.0141655284	-0.029305319	0.0225467308	0.0069235318	0.0174682751	0.0464622752	-0.0192104727	-0.0205492018	-0.0431071756	0.0512348393	0.0066358995	-0.0559585727	0.0566964	0.0144614	0.0002091320899599	0.00321448177296	0.287428	-0.0088169999999999	7.773948899999936e-05	0.082614855184	0.8176099999999998	-0.010738	0.6684861120999998	0.000115304644	0.020482	-0.0007455999999999	5.559193599999986e-07	0.000419512324	-0.00609448	-0.0002680299999999	3.7142686470400006e-05	7.184008089999993e-08	-0.00210099	0.0003838399999999	1.473331455999999e-07	4.414158980100001e-06	0.0	0.0	0.0	0.0	0.0	0.0	0.0	0.0	0.0	0.0	0.0	0.0	0.0	0.0	0.0	0.0	0.0	0.0	0.0	0.0	0.0	0.0	0.0	0.0	0.0	0.0	0.0	0.0	0.0	0.0	0.0	0.0	0.0	0.0	0.0	0.0	0.0	0.0	0.0	0.0	0.0	0.0	0.0	0.0	0.0	0.0	0.0	0.0	0.0	0.0	0.0	0.0	0.0	0.0	0.0	0.0	0.0	0.0	0.0	0.0	0.0	0.0	0.0	0.0	0.0	0.0	0.0	0.0	0.0	0.0	0.0	0.0	0.0	0.0	0.0	0.0	0.0	0.0
36830.860629506176	13.967141739092767	195.08104835990733	1356512294.710108	47320.543313555245	166.14211992743367	27603.20401398175	2239233819.490058	37001.24786366909	15.313702087893034	234.50947163673948	1369092343.468676	37952.05798839547	23233.738387618323	0.777888	28.28089	0.1086351000000001	0.0583003	0.0034152843	0.0237099329	-0.001327433	0.0121163122	-0.0033236328	-0.0201297138	-0.0093509564	-0.0044722407	-0.0096243063	-0.0020839841	-0.0005663008	0.031220029	0.0088278086	-0.0324528954	-0.0130655794	0.026800454	-0.007069804	-2.91085e-05	-0.0042376165	0.0017571404	-0.0431368281	-0.0307850722	0.009131567	-0.0126958501	-0.0448950493	0.0008966017	-0.0149045681	0.0227103232	0.0528477853	-0.0149941415	0.0158037894	-0.0121460164	0.0235043324	-0.0084682441	-0.0208314228	-0.0427026212	0.0516465589	0.005433346	-0.055567379	0.0680405	0.0113441	0.00012868860481	0.00462950964025	0.284771	-0.002657	7.0596490000001084e-06	0.081094522441	0.8523819999999999	0.034772	0.7265550739239998	0.001209091984	0.0197742	-0.0007078	5.009808400000021e-07	0.0003910189856399	-0.00636483	-0.0002703499999999	4.05110609289e-05	7.308912249999998e-08	-0.0018819	0.00021909	4.8000428100000065e-08	3.54154761e-06	0.0	0.0	0.0	0.0	0.0	0.0	0.0	0.0	0.0	0.0	0.0	0.0	0.0	0.0	0.0	0.0	0.0	0.0	0.0	0.0	0.0	0.0	0.0	0.0	0.0	0.0	0.0	0.0	0.0	0.0	0.0	0.0	0.0	0.0	0.0	0.0	0.0	0.0	0.0	0.0	0.0	0.0	0.0	0.0	0.0	0.0	0.0	0.0	0.0	0.0	0.0	0.0	0.0	0.0	0.0	0.0	0.0	0.0	0.0	0.0	0.0	0.0	0.0	0.0	0.0	0.0	0.0	0.0	0.0	0.0	0.0	0.0	0.0	0.0	0.0	0.0	0.0	0.0
36826.14038796626	-4.720241539915151	22.28068019514055	1356164615.8742	47276.90301253332	-43.64030102192192	1904.475873283959	2235105558.4564824	36966.4190819134	-34.82878175568476	1213.0440385851196	1366516139.7396512	37892.04270993239	23265.366794274887	0.831404	30.22654	0.1154105000000001	0.0671721	0.0027321417	0.0216161586	0.0005483367	0.006463044	0.0042551216	-0.0366620708	0.0024267532	-0.0010135926	0.0011815291	-0.0015257066	-0.0006428045	0.0292988851	0.0079321678	-0.0245002908	-0.0099625046	0.0254596355	-0.012616093	0.0020178744	-0.0065990955	0.0146797609	-0.0542384024	-0.0330253201	0.0001010042	-0.000648637	-0.0301127899	0.0052698062	-0.006021994	-0.0050619185	-0.0360465685	0.0209651725	-0.0094669628	0.0053363997	0.0505033091	-0.0156263786	-0.0211130726	-0.042293384	0.0520455355	0.0042284093	-0.0551381022	0.0632355	-0.004805	2.3088025000000035e-05	0.00399872846025	0.284394	-0.000377	1.4212900000001224e-07	0.0808799472359999	0.8223289999999999	-0.0300529999999999	0.6762249842409997	0.0009031828089999	0.0206613	0.0008871	7.869464100000031e-07	0.00042688931769	-0.0064381	-7.327000000000028e-05	4.144913161000001e-05	5.368492900000041e-09	-0.00252504	-0.00064314	4.136290596000002e-07	6.375827001600001e-06	0.0	0.0	0.0	0.0	0.0	0.0	0.0	0.0	0.0	0.0	0.0	0.0	0.0	0.0	0.0	0.0	0.0	0.0	0.0	0.0	0.0	0.0	0.0	0.0	0.0	0.0	0.0	0.0	0.0	0.0	0.0	0.0	0.0	0.0	0.0	0.0	0.0	0.0	0.0	0.0	0.0	0.0	0.0	0.0	0.0	0.0	0.0	0.0	0.0	0.0	0.0	0.0	0.0	0.0	0.0	0.0	0.0	0.0	0.0	0.0	0.0	0.0	0.0	0.0	0.0	0.0	0.0	0.0	0.0	0.0	0.0	0.0	0.0	0.0	0.0	0.0	0.0	0.0
36840.184648840506	14.044260874245085	197.2412635038513	1357199204.9606638	46920.08579865225	-356.8172138810696	127318.52412184898	2201494451.352889	37056.367154822925	89.94807290952303	8090.655820136872	1373174346.7130392	37952.835539108186	23215.482792982257	0.7644339999999998	27.791756	0.1399674	0.0644936	0.0032349644	0.0229695425	0.0007201429	0.0202832329	0.004021557	-0.0401704029	-0.0155498054	-0.008343221	-0.0172040848	-0.0054668753	0.0003722523	0.0283315585	0.0074628703	-0.0163363895	-0.012862346	0.0316672204	-0.0007174327	0.0156505541	-0.0171024231	0.0186301968	-0.051312436	-0.0146426328	-0.0046983907	0.0090128589	-0.0181973677	0.0319696687	-0.0174936689	0.0062524212	0.015243569	0.0056441099	0.0344037425	0.0250309055	0.0488006355	-0.0169951753	-0.0213941436	-0.0418795088	0.0524316706	0.0030216178	-0.0546710365	0.0502656	-0.0129699	0.0001682183060099	0.00252663054336	0.309518	0.025124	0.000631215376	0.095801392324	0.8086029999999998	-0.013726	0.6538388116089997	0.000188403076	0.0212952	0.0006338999999999	4.018292099999997e-07	0.00045348554304	-0.00575176	0.00068634	3.30827430976e-05	4.710625956000008e-07	-0.00296775	-0.0004427099999999	1.9599214409999985e-07	8.807540062499999e-06	0.0	0.0	0.0	0.0	0.0	0.0	0.0	0.0	0.0	0.0	0.0	0.0	0.0	0.0	0.0	0.0	0.0	0.0	0.0	0.0	0.0	0.0	0.0	0.0	0.0	0.0	0.0	0.0	0.0	0.0	0.0	0.0	0.0	0.0	0.0	0.0	0.0	0.0	0.0	0.0	0.0	0.0	0.0	0.0	0.0	0.0	0.0	0.0	0.0	0.0	0.0	0.0	0.0	0.0	0.0	0.0	0.0	0.0	0.0	0.0	0.0	0.0	0.0	0.0	0.0	0.0	0.0	0.0	0.0	0.0	0.0	0.0	0.0	0.0	0.0	0.0	0.0	0.0
36938.23156454441	98.04691570390423	9613.197679048502	1364432951.115905	47517.10013005406	597.014331401806	356426.1118991454	2257874804.769584	37014.95186345053	-41.41529137239559	1715.2263594604242	1370106661.45356	37950.725729395104	23610.720632550463	0.745498	27.103325	0.0559888999999999	0.027024	0.0034355717	0.0235341209	-0.0011424265	0.0038979533	-0.000858371	-0.0100372408	-0.0072246658	-0.0055370754	-0.00776764	-0.0035311955	-0.0001298731	0.0288177008	0.0079806827	-0.0179997859	-0.0102964304	0.0320487539	-0.0106334641	0.0044298291	-0.0099309626	0.0254684199	-0.0527758349	-0.0244845582	0.0054001769	0.008695751	-0.0048909821	0.0022506516	-0.0208102245	-0.0100862924	-0.0106733189	0.0148195423	-0.0125654838	0.0118302846	0.0630696385	-0.0082262072	-0.0216746281	-0.0414610411	0.052804869	0.001813501	-0.054166502	0.0367047	-0.0135609	0.00018389800881	0.00134723500209	0.299422	-0.0100959999999999	0.0001019292159999	0.089653534084	0.808428	-0.0001749999999998	0.6535558311840001	3.0624999999934975e-08	0.0210317	-0.0002634999999999	6.943224999999992e-08	0.00044233240489	-0.00553692	0.00021484	3.06574830864e-05	4.61562256e-08	-0.00313255	-0.0001648	2.7159040000000038e-08	9.8128695025e-06	0.0	0.0	0.0	0.0	0.0	0.0	0.0	0.0	0.0	0.0	0.0	0.0	0.0	0.0	0.0	0.0	0.0	0.0	0.0	0.0	0.0	0.0	0.0	0.0	0.0	0.0	0.0	0.0	0.0	0.0	0.0	0.0	0.0	0.0	0.0	0.0	0.0	0.0	0.0	0.0	0.0	0.0	0.0	0.0	0.0	0.0	0.0	0.0	0.0	0.0	0.0	0.0	0.0	0.0	0.0	0.0	0.0	0.0	0.0	0.0	0.0	0.0	0.0	0.0	0.0	0.0	0.0	0.0	0.0	0.0	0.0	0.0	0.0	0.0	0.0	0.0	0.0	0.0
36873.73289677857	-64.49866776583804	4160.078143567955	1359672177.7429702	47045.7748190351	-471.32531101896166	222147.5488071209	2213304928.323357	36998.20740301872	-16.744460431807966	280.3769551523826	1368867351.0367894	37936.49065926535	23728.50351386908	0.7407209999999999	26.929638	0.0807583000000001	0.0357678	0.0036567837	0.0252401544	-0.0005542154	0.0163436555	0.0105207821	-0.0372177112	-0.0115692406	-0.005485333	-0.0122073182	-0.0032396253	-0.0003208667	0.029657279	0.0085393585	-0.0170570011	-0.0090806193	0.0349537663	0.0010747983	0.0118496012	-0.0142672989	0.0131103792	-0.0460928984	-0.0133786732	-0.0017287421	0.0150888724	-0.0005859848	0.0271117243	-0.0191413326	-0.0020077545	0.0150756156	0.0113951375	0.0338153741	0.0208446256	0.0493300065	-0.0161631105	-0.0219545184	-0.0410380268	0.0531650386	0.0006045887	-0.0536248445	0.041522	0.0048173	2.3206379290000037e-05	0.001724076484	0.319456	0.0200339999999999	0.0004013611559999	0.102052135936	0.794641	-0.0137869999999999	0.6314543188810001	0.0001900813689999	0.0208001	-0.0002316	5.36385600000009e-08	0.0004326441600099	-0.00537629	0.00016063	2.89044941641e-05	2.5801996900000052e-08	-0.00268238	0.00045017	2.0265302890000014e-07	7.195162464399999e-06	0.0	0.0	0.0	0.0	0.0	0.0	0.0	0.0	0.0	0.0	0.0	0.0	0.0	0.0	0.0	0.0	0.0	0.0	0.0	0.0	0.0	0.0	0.0	0.0	0.0	0.0	0.0	0.0	0.0	0.0	0.0	0.0	0.0	0.0	0.0	0.0	0.0	0.0	0.0	0.0	0.0	0.0	0.0	0.0	0.0	0.0	0.0	0.0	0.0	0.0	0.0	0.0	0.0	0.0	0.0	0.0	0.0	0.0	0.0	0.0	0.0	0.0	0.0	0.0	0.0	0.0	0.0	0.0	0.0	0.0	0.0	0.0	0.0	0.0	0.0	0.0	0.0	0.0
36903.175757926256	29.44286114768329	866.882072561758	1361844381.020396	47464.57990572238	418.80508668728	175397.7006351401	2252886345.6267047	36962.63991574671	-35.56748727201193	1265.0461508447306	1366236749.541152	37914.677899876646	23351.238072227807	0.8535509999999998	31.031687	0.1149916999999999	0.0695336	0.0026438364	0.0186396296	-0.0018670419	0.005092113	0.0058427178	-0.0182284112	-0.0002194113	-0.0038462016	-0.0012848644	-0.0036658128	-0.0012947435	0.026595542	0.0017621627	-0.0260090289	-0.0045868196	0.0181450613	-0.0229104124	-0.0009559503	-0.0073165091	0.0081592539	-0.0334231208	-0.0257242625	0.0091279516	0.0003661753	-0.0085408426	-0.0168447408	-0.0144765968	0.0032211089	0.0017573579	0.0241164158	-0.0152652811	-0.0270219597	0.0496820528	-0.00188644	-0.0222338067	-0.0406105121	0.0535120905	-0.0006045887	-0.0530464353	0.0471442	0.0056221999999999	3.1609132839999934e-05	0.0022225755936399	0.284709	-0.034747	0.001207354009	0.081059214681	0.8524819999999999	0.0578409999999998	0.7267255603239997	0.0033455812809999	0.0207732	-2.689999999999984e-05	7.236099999999915e-10	0.0004315258382399	-0.00542113	-4.4839999999999984e-05	2.9388650476899995e-05	2.0106255999999987e-09	-0.00241849	0.0002638899999999	6.963793209999986e-08	5.849093880100001e-06	0.0	0.0	0.0	0.0	0.0	0.0	0.0	0.0	0.0	0.0	0.0	0.0	0.0	0.0	0.0	0.0	0.0	0.0	0.0	0.0	0.0	0.0	0.0	0.0	0.0	0.0	0.0	0.0	0.0	0.0	0.0	0.0	0.0	0.0	0.0	0.0	0.0	0.0	0.0	0.0	0.0	0.0	0.0	0.0	0.0	0.0	0.0	0.0	0.0	0.0	0.0	0.0	0.0	0.0	0.0	0.0	0.0	0.0	0.0	0.0	0.0	0.0	0.0	0.0	0.0	0.0	0.0	0.0	0.0	0.0	0.0	0.0	0.0	0.0	0.0	0.0	0.0	0.0
36862.79452230621	-40.3812356200433	1630.6441902014535	1358865619.993769	47497.33960076644	32.75969504406385	1073.1976193800613	2255997269.150536	36927.35764043644	-35.282275310266414	1244.8389510694349	1363629742.3046997	37900.54702485381	23591.042250848244	0.88895	32.318653	0.1263316000000001	0.0757295	0.0019760571	0.0222075353	0.0071638894	-0.0115153059	0.0191215993	-0.0520539991	0.0286501785	0.0030521682	0.026577917	-0.003462698	0.0030525471	0.0303596025	-0.0049136301	-0.0218741192	0.0064241129	0.0133209387	-0.0322750176	-0.0100151997	0.0003399738	0.036546513	-0.0293056714	-0.0326957884	-0.0027498608	-0.0011504065	-0.0089917628	0.0039122922	0.0011369748	0.011527294	0.0069235946	0.0292415144	0.0229124248	0.0311106053	0.0110438696	-0.0244311673	-0.0225124856	-0.040178544	0.0538459391	-0.001813501	-0.0524316706	0.0557118	0.0085676	7.340376976000003e-05	0.0031038046592399	0.273322	-0.0113869999999999	0.0001296637689999	0.074704915684	0.783574	-0.0689079999999998	0.613988213476	0.0047483124639999	0.0210759	0.0003027	9.16272900000018e-08	0.00044419356081	-0.00563398	-0.00021285	3.17417306404e-05	4.5305122500000234e-08	-0.00265232	-0.0002338299999999	5.467646889999999e-08	7.0348013824e-06	0.0	0.0	0.0	0.0	0.0	0.0	0.0	0.0	0.0	0.0	0.0	0.0	0.0	0.0	0.0	0.0	0.0	0.0	0.0	0.0	0.0	0.0	0.0	0.0	0.0	0.0	0.0	0.0	0.0	0.0	0.0	0.0	0.0	0.0	0.0	0.0	0.0	0.0	0.0	0.0	0.0	0.0	0.0	0.0	0.0	0.0	0.0	0.0	0.0	0.0	0.0	0.0	0.0	0.0	0.0	0.0	0.0	0.0	0.0	0.0	0.0	0.0	0.0	0.0	0.0	0.0	0.0	0.0	0.0	0.0	0.0	0.0	0.0	0.0	0.0	0.0	0.0	0.0
36869.76405525144	6.96953294522973	48.574389474642594	1359379501.4899113	47307.409003813686	-189.93059695275588	36073.6316588302	2237990946.6541123	36989.157103889534	61.79946345309145	3819.1736830899854	1368197743.2562215	37917.357142269735	23241.38306322533	1.062912	38.64325	0.1107389999999999	0.0830915	0.0034324747	0.0205606542	-0.0007500954	0.0146440989	0.0003531513	-0.0087810069	-0.0155338379	-0.0058017776	-0.0163275297	-0.0023294196	-0.0008755015	0.0275449134	0.0066522368	-0.0108804939	-0.0142525865	0.0266725741	-0.0072556155	0.0170130684	-0.0127697881	0.0130284571	-0.0455455068	-0.0102778302	2.66868e-05	0.0284025839	-2.63149e-05	-0.0021569846	-0.0194683419	0.0036454756	-0.0131188189	-0.0247936253	-0.020079399	0.0212098871	0.0729378233	-0.0089066718	-0.0227905472	-0.03974217	0.054166502	-0.0030216178	-0.0517809719	0.0519068	-0.0038049999999999	1.4478024999999969e-05	0.00269431588624	0.352191	0.0788689999999999	0.0062203191609999	0.1240385004809999	0.777996	-0.0055779999999999	0.6052777760160001	3.1114083999999685e-05	0.0214646	0.0003886999999999	1.5108768999999904e-07	0.00046072905316	-0.00561942	1.4560000000000267e-05	3.15778811364e-05	2.1199360000000775e-10	-0.00260584	4.648000000000022e-05	2.16039040000002e-09	6.7904021056e-06	0.0	0.0	0.0	0.0	0.0	0.0	0.0	0.0	0.0	0.0	0.0	0.0	0.0	0.0	0.0	0.0	0.0	0.0	0.0	0.0	0.0	0.0	0.0	0.0	0.0	0.0	0.0	0.0	0.0	0.0	0.0	0.0	0.0	0.0	0.0	0.0	0.0	0.0	0.0	0.0	0.0	0.0	0.0	0.0	0.0	0.0	0.0	0.0	0.0	0.0	0.0	0.0	0.0	0.0	0.0	0.0	0.0	0.0	0.0	0.0	0.0	0.0	0.0	0.0	0.0	0.0	0.0	0.0	0.0	0.0	0.0	0.0	0.0	0.0	0.0	0.0	0.0	0.0
36835.72707311336	-34.03698213808093	1158.5161530680402	1356870789.0048966	47090.48467930799	-216.9243245056932	47056.162562251295	2217513747.332141	36951.56906541415	-37.588038475383655	1412.860636426922	1365418456.396072	37883.20641081871	23438.036108330904	0.803919	29.22728	0.1877828	0.121457	0.0031838383	0.021600162	-0.0009131823	0.011765821	0.0122956597	-0.0543700795	-0.0064862987	-0.0036772981	-0.0076153888	-0.0028729549	-0.0012754744	0.0351198085	0.0096643749	-0.0178219332	-0.0109122826	0.0338224846	0.0004355197	0.0007830782	-0.0096454069	0.0159032081	-0.0329286678	-0.0201590407	-0.0017493401	0.0132406749	-0.0213328396	0.0210962663	-0.0121701553	-0.0172154813	0.0056981749	0.0279100587	0.0228591712	0.0215787961	0.025297905	-0.0342489836	-0.023067984	-0.0393014377	0.0544737002	-0.0042284093	-0.0510947851	0.043991	-0.0079158	6.265988964000001e-05	0.001935208081	0.266328	-0.0858629999999999	0.0073724547689999	0.070930603584	0.7667279999999999	-0.0112680000000001	0.5878718259839998	0.000126967824	0.0198894	-0.0015751999999999	2.4812550399999964e-06	0.00039558823236	-0.00568982	-7.039999999999998e-05	3.23740516324e-05	4.956159999999997e-09	-0.00259672	9.120000000000048e-06	8.317440000000088e-11	6.7429547584e-06	0.0	0.0	0.0	0.0	0.0	0.0	0.0	0.0	0.0	0.0	0.0	0.0	0.0	0.0	0.0	0.0	0.0	0.0	0.0	0.0	0.0	0.0	0.0	0.0	0.0	0.0	0.0	0.0	0.0	0.0	0.0	0.0	0.0	0.0	0.0	0.0	0.0	0.0	0.0	0.0	0.0	0.0	0.0	0.0	0.0	0.0	0.0	0.0	0.0	0.0	0.0	0.0	0.0	0.0	0.0	0.0	0.0	0.0	0.0	0.0	0.0	0.0	0.0	0.0	0.0	0.0	0.0	0.0	0.0	0.0	0.0	0.0	0.0	0.0	0.0	0.0	0.0	0.0
36885.2828181114	49.55574499804061	2455.7718623108267	1360524088.5720642	47696.94790432465	606.4632250166542	367797.6432976009	2274998839.38786	36941.73027054477	-9.838794869378034	96.80188448169952	1364691435.381684	37919.17285224781	23016.73071930649	0.87544	31.827486	0.0875413999999999	0.0488677	0.002598613	0.0166706288	-0.0009480597	0.0017465451	0.0003969602	0.0018798074	-0.0057381916	-0.0025620829	-0.00519024	-0.000747228	0.0002476818	0.0330958316	0.0023387594	-0.0241723119	-0.0043623732	0.0252908257	-0.0193857872	-0.0104744269	-0.0047361509	0.0057103001	-0.0315791564	-0.0294599474	0.0021836516	0.0038058802	-0.0211882423	-0.022839598	-0.029863054	0.0100483101	0.0353571088	-0.0130105982	-0.0236015429	-0.0265671204	0.0546987723	-0.015664049	-0.0233447884	-0.0388563956	0.0547674578	-0.005433346	-0.0503735805	0.0424266	-0.0015644	2.447347360000002e-06	0.00180001638756	0.252512	-0.0138159999999999	0.0001908818559999	0.063762310144	0.8126299999999999	0.045902	0.6603675168999997	0.002106993604	0.0201058	0.0002163999999999	4.6828959999999374e-08	0.00040424319364	-0.00555927	0.00013055	3.09054829329e-05	1.7043302500000028e-08	-0.00241849	0.0001782299999999	3.1765932899999896e-08	5.849093880100001e-06	0.0	0.0	0.0	0.0	0.0	0.0	0.0	0.0	0.0	0.0	0.0	0.0	0.0	0.0	0.0	0.0	0.0	0.0	0.0	0.0	0.0	0.0	0.0	0.0	0.0	0.0	0.0	0.0	0.0	0.0	0.0	0.0	0.0	0.0	0.0	0.0	0.0	0.0	0.0	0.0	0.0	0.0	0.0	0.0	0.0	0.0	0.0	0.0	0.0	0.0	0.0	0.0	0.0	0.0	0.0	0.0	0.0	0.0	0.0	0.0	0.0	0.0	0.0	0.0	0.0	0.0	0.0	0.0	0.0	0.0	0.0	0.0	0.0	0.0	0.0	0.0	0.0	0.0
36903.57619281165	18.293374700246204	334.6475579236079	1361873935.8186543	48169.5624444609	472.6145401362519	223364.50354820085	2320306746.090818	36860.52751838487	-81.20275215990114	6593.886958342329	1358698488.9336083	37889.17068370797	23321.228526768347	1.260306	45.819706	0.1303269	0.0774451	0.0004560268	0.0190549968	0.0141812982	-0.0305919369	0.0280278253	-0.0470232925	0.0530529905	0.009822892	0.0506563636	-0.0017788265	0.0109391124	0.0424927367	-0.022255067	-0.0359615057	0.0068652114	-0.0009696067	-0.0401709249	-0.0437125908	0.0267431747	0.0507691947	-0.030441626	-0.0631240789	-0.0149062866	-0.0022261884	-0.0070361267	-0.0198866857	0.0111196516	-0.0135047442	-0.0155313059	0.048428823	0.0133959017	0.010987051	-0.0222583173	-0.0485974064	-0.0236209528	-0.0384070924	0.0550477023	-0.0066358995	-0.0496178523	0.0445345	0.0021078999999999	4.443242409999983e-06	0.0019833216902499	0.257011	0.0044989999999999	2.0241000999999777e-05	0.0660546541209999	0.7564999999999998	-0.05613	0.5722922499999997	0.0031505769	0.0189024	-0.0012034	1.4481715600000008e-06	0.00035730072576	-0.00570767	-0.0001483999999999	3.25774968289e-05	2.2022559999999977e-08	-0.00241849	0.0	0.0	5.849093880100001e-06	0.0	0.0	0.0	0.0	0.0	0.0	0.0	0.0	0.0	0.0	0.0	0.0	0.0	0.0	0.0	0.0	0.0	0.0	0.0	0.0	0.0	0.0	0.0	0.0	0.0	0.0	0.0	0.0	0.0	0.0	0.0	0.0	0.0	0.0	0.0	0.0	0.0	0.0	0.0	0.0	0.0	0.0	0.0	0.0	0.0	0.0	0.0	0.0	0.0	0.0	0.0	0.0	0.0	0.0	0.0	0.0	0.0	0.0	0.0	0.0	0.0	0.0	0.0	0.0	0.0	0.0	0.0	0.0	0.0	0.0	0.0	0.0	0.0	0.0	0.0	0.0	0.0	0.0
36930.41718942584	26.84099661419168	720.4390992430493	1363855713.7850394	47485.53175100896	-684.0306934519394	467897.9895843411	2254875725.67608	37011.32032107104	150.79280268617003	22738.469341950207	1369837831.9089262	37969.75653680099	23117.966760743537	1.355411	49.277317	0.1172016999999999	0.0765722	0.0031464801	0.0213763194	0.0011481844	0.0119369751	-0.0046787903	0.0042679136	-0.0112359245	-0.0054957229	-0.0120898672	-0.0029200521	-0.0012927279	0.0429588042	0.0088761614	-0.0081660729	-0.0231364922	0.0359925026	0.0077607017	-0.0030005112	0.007169637	0.036404502	-0.0288585903	-0.0270350463	0.0108959613	0.0310175288	-0.011925239	0.0348628612	-0.025513248	0.0215282348	0.0522655281	-0.052077967	0.0167125784	0.0451481744	0.0319274754	-0.0253070457	-0.0238964696	-0.0379535775	0.0553143646	-0.0078355422	-0.0488281186	0.0253143	-0.0192201999999999	0.0003694160880399	0.00064081378449	0.263409	0.006398	4.0934404000000186e-05	0.069384301281	0.68846	-0.0680399999999998	0.4739771715999999	0.0046294415999999	0.0192905	0.0003880999999999	1.5062160999999912e-07	0.0003721233902499	-0.00579044	-8.277000000000024e-05	3.35291953936e-05	6.850872900000039e-09	-0.00241849	0.0	0.0	5.849093880100001e-06	0.0	0.0	0.0	0.0	0.0	0.0	0.0	0.0	0.0	0.0	0.0	0.0	0.0	0.0	0.0	0.0	0.0	0.0	0.0	0.0	0.0	0.0	0.0	0.0	0.0	0.0	0.0	0.0	0.0	0.0	0.0	0.0	0.0	0.0	0.0	0.0	0.0	0.0	0.0	0.0	0.0	0.0	0.0	0.0	0.0	0.0	0.0	0.0	0.0	0.0	0.0	0.0	0.0	0.0	0.0	0.0	0.0	0.0	0.0	0.0	0.0	0.0	0.0	0.0	0.0	0.0	0.0	0.0	0.0	0.0	0.0	0.0	0.0	0.0	0.0	0.0	0.0	0.0
37030.33330477338	99.91611534754338	9983.230106143594	1371245584.6626089	47505.35986096712	19.82810995815817	393.153944512811	2256759215.5199857	36952.16648649633	-59.153834574710345	3499.176144892197	1365462608.0457425	37904.60290455958	23381.658055897737	0.830698	30.200863	0.0659849999999999	0.0330792	0.0026430196	0.0204178675	-0.00082557	0.0019889668	0.0039825869	-0.0271517729	0.0018761553	0.000690859	0.0014097217	0.0003860489	-0.0014989318	0.0446149021	0.0057372891	-0.0138910953	0.0043979405	0.0366267251	0.0073610454	-0.0179053255	-0.0027099594	0.0472239904	-0.0253546096	-0.0288747628	-0.0058093076	0.0305305999	-0.0111308824	0.0178846879	-0.0273162745	-0.0539420727	-0.0035231207	0.0118949465	0.0053536895	0.0365754455	0.0285985242	-0.0294219783	-0.0241713312	-0.0374959006	0.055567379	-0.0090317481	-0.0480049204	0.0159443	-0.00937	8.779689999999999e-05	0.00025422070249	0.245786	-0.017623	0.000310570129	0.060410757796	0.663856	-0.0246039999999999	0.440704788736	0.0006053568159999	0.019177	-0.0001134999999999	1.2882249999999778e-08	0.000367757329	-0.00561618	0.0001742599999999	3.15414777924e-05	3.036654759999995e-08	-0.00241849	0.0	0.0	5.849093880100001e-06	0.0	0.0	0.0	0.0	0.0	0.0	0.0	0.0	0.0	0.0	0.0	0.0	0.0	0.0	0.0	0.0	0.0	0.0	0.0	0.0	0.0	0.0	0.0	0.0	0.0	0.0	0.0	0.0	0.0	0.0	0.0	0.0	0.0	0.0	0.0	0.0	0.0	0.0	0.0	0.0	0.0	0.0	0.0	0.0	0.0	0.0	0.0	0.0	0.0	0.0	0.0	0.0	0.0	0.0	0.0	0.0	0.0	0.0	0.0	0.0	0.0	0.0	0.0	0.0	0.0	0.0	0.0	0.0	0.0	0.0	0.0	0.0	0.0	0.0	0.0	0.0	0.0	0.0
37067.572787359255	37.23948258587188	1386.779063263455	1374004952.3461764	47826.55333257739	321.1934716102696	103165.24620505708	2287379203.673869	37033.241278970105	81.07479247377341	6573.121974665426	1371460959.6264153	37999.23686186495	23359.570376321	0.771239	28.039164	0.1407088	0.0972258	0.0028298277	0.0198753411	0.0015808644	0.0003239422	-0.0089102439	0.0169147579	-0.0023627046	-0.0005769193	-0.0024241723	0.0001698539	-0.0010630554	0.0385007416	0.0069823737	-0.0186052317	-0.0115997661	0.0280483451	-0.0139733808	-0.0098885518	0.0044875512	0.0131125693	-0.0156765874	-0.0271786803	0.0195827095	0.0186405026	-0.0144270201	0.0089638148	-0.0287333127	-0.0062110398	0.0685694917	-0.0133692001	0.0185650814	0.0071800671	0.0221597924	-0.0147275888	-0.0244455302	-0.0370341117	0.0558066829	-0.0102239922	-0.0471488222	0.0319111	0.0159667999999999	0.0002549387022399	0.00101831830321	0.263203	0.017417	0.000303351889	0.069275819209	0.7590219999999999	0.0951659999999998	0.5761143964839998	0.0090565675559999	0.0194136	0.0002366	5.597956e-08	0.0003768878649599	-0.0056096	6.579999999999954e-06	3.146761216e-05	4.32963999999994e-11	-0.00241849	0.0	0.0	5.849093880100001e-06	0.0	0.0	0.0	0.0	0.0	0.0	0.0	0.0	0.0	0.0	0.0	0.0	0.0	0.0	0.0	0.0	0.0	0.0	0.0	0.0	0.0	0.0	0.0	0.0	0.0	0.0	0.0	0.0	0.0	0.0	0.0	0.0	0.0	0.0	0.0	0.0	0.0	0.0	0.0	0.0	0.0	0.0	0.0	0.0	0.0	0.0	0.0	0.0	0.0	0.0	0.0	0.0	0.0	0.0	0.0	0.0	0.0	0.0	0.0	0.0	0.0	0.0	0.0	0.0	0.0	0.0	0.0	0.0	0.0	0.0	0.0	0.0	0.0	0.0	0.0	0.0	0.0	0.0
37098.42707696857	30.854289609313128	951.987187295368	1376293291.5851543	48137.84680349341	311.2934709160254	96903.62503494637	2317252294.8766007	36960.538261108064	-72.70301786204072	5285.728806248213	1366081388.5508332	37959.31505585252	23442.49022492004	0.914748	33.25658	0.1004868	0.0536295	0.0015578321	0.0182613632	0.0073454751	-0.0175372964	0.0080147755	0.0011180825	0.0260625419	0.0067133065	0.0255650585	0.0014130215	0.0027143354	0.0375463262	-0.0047780211	-0.0302703485	0.0066200002	0.0118820294	-0.0248576752	-0.031255357	0.0082185814	0.0192374886	-0.0023308449	-0.0433278025	-0.0023371448	0.0163315969	-0.0008500712	-0.0131066728	-0.0046725155	-0.0210441753	-0.0102545021	0.0345391657	-0.0164950488	-0.002992351	0.007846231	-0.0238364107	-0.024719059	-0.0365682617	0.0560322174	-0.0114117519	-0.0462604104	0.0380944	0.0061833	3.823319889000004e-05	0.00145118331136	0.22442	-0.038783	0.001504121089	0.0503643364	0.771938	0.0129160000000001	0.5958882758440001	0.000166823056	0.0189404	-0.0004732	2.2391824e-07	0.0003587387521599	-0.00523071	0.0003788899999999	2.7360327104100004e-05	1.4355763209999985e-07	-0.00241849	0.0	0.0	5.849093880100001e-06	0.0	0.0	0.0	0.0	0.0	0.0	0.0	0.0	0.0	0.0	0.0	0.0	0.0	0.0	0.0	0.0	0.0	0.0	0.0	0.0	0.0	0.0	0.0	0.0	0.0	0.0	0.0	0.0	0.0	0.0	0.0	0.0	0.0	0.0	0.0	0.0	0.0	0.0	0.0	0.0	0.0	0.0	0.0	0.0	0.0	0.0	0.0	0.0	0.0	0.0	0.0	0.0	0.0	0.0	0.0	0.0	0.0	0.0	0.0	0.0	0.0	0.0	0.0	0.0	0.0	0.0	0.0	0.0	0.0	0.0	0.0	0.0	0.0	0.0	0.0	0.0	0.0	0.0
37023.520312862405	-74.90676410616288	5611.023308856332	1370741056.356935	47159.04549809316	-978.8013054002512	958051.995453236	2223975572.2912207	37064.93830407038	104.40004296231928	10899.368970534111	1373809651.4845438	37984.756267132674	23542.14875221516	1.067466	38.808781	0.1289886	0.0720603999999999	0.0036609503	0.0222159282	-0.0001741824	0.0205857601	-0.0018026781	-0.0051810949	-0.0181993691	-0.0069031039	-0.0192297436	-0.003337501	-0.0009033926	0.0367330623	0.0102710139	-0.00581192	-0.0159641871	0.0401613355	-0.0019752322	0.0034083404	-0.0075546059	0.0182888348	-0.0029339024	-0.0201393443	-0.0038646117	0.0356367487	-0.0067533034	0.0158344883	-0.0322592761	0.0082498317	0.0284482408	-0.0025720642	0.0350906964	0.0473064824	0.0149198979	-0.0299484999	-0.0249919101	-0.0360984016	0.0562439267	-0.0125945059	-0.0453402941	0.0159308	-0.0221636	0.00049122516496	0.0002537903886399	0.226748	0.0023279999999999	5.419583999999985e-06	0.051414655504	0.726591	-0.045347	0.527934481281	0.002056350409	0.0197956	0.0008552	7.313670400000007e-07	0.00039186577936	-0.00527987	-4.915999999999948e-05	2.78770272169e-05	2.416705599999949e-09	-0.00213985	0.00027864	7.764024960000009e-08	4.5789580225e-06	0.0	0.0	0.0	0.0	0.0	0.0	0.0	0.0	0.0	0.0	0.0	0.0	0.0	0.0	0.0	0.0	0.0	0.0	0.0	0.0	0.0	0.0	0.0	0.0	0.0	0.0	0.0	0.0	0.0	0.0	0.0	0.0	0.0	0.0	0.0	0.0	0.0	0.0	0.0	0.0	0.0	0.0	0.0	0.0	0.0	0.0	0.0	0.0	0.0	0.0	0.0	0.0	0.0	0.0	0.0	0.0	0.0	0.0	0.0	0.0	0.0	0.0	0.0	0.0	0.0	0.0	0.0	0.0	0.0	0.0	0.0	0.0	0.0	0.0	0.0	0.0	0.0	0.0
37095.07349632256	71.55318346015702	5119.858063282887	1376044477.6975727	47792.400735430245	633.355237337084	401138.856662314	2284113568.055953	36942.76851183231	-122.16979223806992	14925.458135493172	1364768145.318829	37905.05141561586	23561.30753107981	0.799405	29.063185	0.1273693	0.0774388	0.0030986058	0.0193105196	-0.0046926763	0.0022242643	-0.0049743977	0.0208774673	-0.0078711591	7.21274e-05	-0.0072489382	0.0019248901	-0.0013351924	0.0375218385	0.0036844704	-0.0135509377	0.0022450396	0.0264141314	-0.0022519784	-0.0036586549	-0.007817344	0.0263175124	-0.0153409367	-0.0142571604	-0.0032960787	0.0536214731	0.0091306075	-0.001843585	-0.0201807406	-0.0440210264	0.0025084616	-0.008103477	-0.0100803796	0.0256357553	0.0304813631	-0.0160050544	-0.0252640761	-0.0356245829	0.0564417587	-0.0137717356	-0.0443891039	0.015925	-5.79999999999678e-06	3.363999999996265e-11	0.000253605625	0.298521	0.0717729999999999	0.0051513635289999	0.0891147874409999	0.701053	-0.0255379999999999	0.491475308809	0.0006521894439999	0.0195791	-0.0002165	4.687225000000061e-08	0.0003833411568099	-0.00538578	-0.0001059099999999	2.90066262084e-05	1.1216928099999971e-08	-0.00241849	-0.00027864	7.764024960000009e-08	5.849093880100001e-06	0.0	0.0	0.0	0.0	0.0	0.0	0.0	0.0	0.0	0.0	0.0	0.0	0.0	0.0	0.0	0.0	0.0	0.0	0.0	0.0	0.0	0.0	0.0	0.0	0.0	0.0	0.0	0.0	0.0	0.0	0.0	0.0	0.0	0.0	0.0	0.0	0.0	0.0	0.0	0.0	0.0	0.0	0.0	0.0	0.0	0.0	0.0	0.0	0.0	0.0	0.0	0.0	0.0	0.0	0.0	0.0	0.0	0.0	0.0	0.0	0.0	0.0	0.0	0.0	0.0	0.0	0.0	0.0	0.0	0.0	0.0	0.0	0.0	0.0	0.0	0.0	0.0	0.0
37091.430172124514	-3.643324198048504	13.273811212085771	1375774192.2135887	47846.93877971342	54.53804428317381	2974.398274233427	2289329550.589644	37042.42556322425	99.65705139193597	9931.527892134964	1372141291.6070094	38023.765301078216	23827.812523299726	0.793081	28.833254	0.1409079000000001	0.0703325	0.0032284264	0.0216819155	0.0001742861	0.0004695132	-0.00342092	0.0237601487	-0.0036220782	-5.24234e-05	-0.0035235743	0.0010415398	-0.0009927437	0.0321709538	0.0103457252	-0.0121110927	-0.012192713	0.0316855599	-0.0086342095	0.0031780838	-0.0016769968	0.0024298576	0.0065724491	-0.0121723155	0.0103282609	0.0413060954	-0.0024439215	0.0159010379	-0.0271003135	-0.0052774688	0.0477428183	0.002504698	0.0215108106	0.0162873902	0.0215043684	-0.0182208966	-0.0255355494	-0.0351468575	0.0566256646	-0.0149429245	-0.0434074915	0.0308519	0.0149269	0.0002228123436099	0.00095183973361	0.251334	-0.0471869999999999	0.0022266129689999	0.063168779556	0.75043	0.049377	0.5631451849000001	0.002438088129	0.0199846	0.0004055	1.644302500000025e-07	0.00039938423716	-0.00526383	0.00012195	2.77079062689e-05	1.4871802500000002e-08	-0.0023576	6.089000000000008e-05	3.7075921000000094e-09	5.55827776e-06	0.0	0.0	0.0	0.0	0.0	0.0	0.0	0.0	0.0	0.0	0.0	0.0	0.0	0.0	0.0	0.0	0.0	0.0	0.0	0.0	0.0	0.0	0.0	0.0	0.0	0.0	0.0	0.0	0.0	0.0	0.0	0.0	0.0	0.0	0.0	0.0	0.0	0.0	0.0	0.0	0.0	0.0	0.0	0.0	0.0	0.0	0.0	0.0	0.0	0.0	0.0	0.0	0.0	0.0	0.0	0.0	0.0	0.0	0.0	0.0	0.0	0.0	0.0	0.0	0.0	0.0	0.0	0.0	0.0	0.0	0.0	0.0	0.0	0.0	0.0	0.0	0.0	0.0
37105.55379869701	14.123626572494686	199.476827559278	1376822122.707998	48117.85212020513	270.9133404917084	73394.03805637632	2315327692.661929	37013.66995026656	-28.755612957691483	826.8852765725543	1370011763.1872656	38010.4738114492	23372.66860577806	0.933406	33.934917	0.1502363999999999	0.0824508999999999	0.0018106683	0.0149501339	0.0039388516	-0.0118693103	0.0066033289	0.0172200262	0.0117765846	0.0028197855	0.0121220119	0.0007088285	-0.0007909374	0.029350101	-0.0021085006	-0.0267575998	0.0075917692	0.0159376829	-0.0265085282	-0.0181621449	-0.0028448404	-0.0043688392	0.0155285993	-0.0274592606	-0.0010021832	0.0083909092	-0.0078735085	-0.0284817817	-0.0147493863	-0.0145714043	-0.004181278	0.0313243515	-0.0312215415	-0.0276137494	0.0147177547	-0.0020328431	-0.0258063227	-0.0346652779	0.0567955989	-0.016107559	-0.0423961298	0.0384368	0.0075848999999999	5.753070800999998e-05	0.00147738759424	0.210255	-0.041079	0.001687484241	0.044207165025	0.8124749999999998	0.0620449999999997	0.6601156256249997	0.0038495820249999	0.0196937	-0.0002909	8.462281000000012e-08	0.00038784181969	-0.00522336	4.046999999999992e-05	2.72834896896e-05	1.637820899999993e-09	-0.00189842	0.00045918	2.108462724e-07	3.6039984964e-06	0.0	0.0	0.0	0.0	0.0	0.0	0.0	0.0	0.0	0.0	0.0	0.0	0.0	0.0	0.0	0.0	0.0	0.0	0.0	0.0	0.0	0.0	0.0	0.0	0.0	0.0	0.0	0.0	0.0	0.0	0.0	0.0	0.0	0.0	0.0	0.0	0.0	0.0	0.0	0.0	0.0	0.0	0.0	0.0	0.0	0.0	0.0	0.0	0.0	0.0	0.0	0.0	0.0	0.0	0.0	0.0	0.0	0.0	0.0	0.0	0.0	0.0	0.0	0.0	0.0	0.0	0.0	0.0	0.0	0.0	0.0	0.0	0.0	0.0	0.0	0.0	0.0	0.0
37050.0322408212	-55.52155787580705	3082.6433889565915	1372704889.0458906	47871.582105302135	-246.27001490299156	60648.92024031967	2291688373.264684	37080.891432820215	67.22148255365755	4518.727716711686	1374992509.4525998	38084.56401544225	23847.69871797469	0.848161	30.835739	0.1745561999999998	0.106612	0.0021504348	0.0197182003	0.0051496702	-0.0097716627	0.0092343563	-0.0044362671	0.0164444948	0.0028962658	0.0162661407	-0.000401047	0.0003401807	0.0247263904	0.0043238885	-0.0187945972	-0.0078293964	-0.0004265396	-0.0231815679	-0.0010255793	0.003675364	-0.0028320369	0.0063445652	-0.0137160589	0.0079852191	0.021967925	-0.0026380418	-0.0111002793	0.0148028118	0.0021037384	0.018285119	0.0222828321	0.0382002372	0.0171433745	-0.0203214291	-0.0072953188	-0.0260763885	-0.0341798968	0.0569515197	-0.0172651282	-0.041355712	0.0416345	0.0031976999999999	1.0225285289999986e-05	0.0017334315902499	0.301115	0.09086	0.0082555396	0.090670243225	0.798815	-0.0136599999999997	0.6381054042250001	0.0001865955999999	0.0205363	0.0008425999999999	7.099747599999982e-07	0.00042173961769	-0.00537812	-0.00015476	2.89241747344e-05	2.3950657600000097e-08	-0.00155901	0.00033941	1.1519914810000005e-07	2.4305121801e-06	0.0	0.0	0.0	0.0	0.0	0.0	0.0	0.0	0.0	0.0	0.0	0.0	0.0	0.0	0.0	0.0	0.0	0.0	0.0	0.0	0.0	0.0	0.0	0.0	0.0	0.0	0.0	0.0	0.0	0.0	0.0	0.0	0.0	0.0	0.0	0.0	0.0	0.0	0.0	0.0	0.0	0.0	0.0	0.0	0.0	0.0	0.0	0.0	0.0	0.0	0.0	0.0	0.0	0.0	0.0	0.0	0.0	0.0	0.0	0.0	0.0	0.0	0.0	0.0	0.0	0.0	0.0	0.0	0.0	0.0	0.0	0.0	0.0	0.0	0.0	0.0	0.0	0.0
37021.68822540491	-28.34401541628904	803.3832099188307	1370605399.059085	47828.81057927281	-42.7715260293262	1829.4034388773284	2287595121.4279585	37010.42128895536	-70.47014386485534	4966.04117633341	1369771283.9859602	37975.158403006215	23353.51082812635	0.860452	31.282589	0.0742048999999999	0.0460786	0.0023697267	0.0150844768	0.0001583135	-0.0004942028	-0.0025868074	0.0175566258	-0.0018109409	0.0010912014	-0.0010585153	0.0018806725	-0.0011478976	0.0218112774	0.002655723	-0.0182778986	0.0036281514	0.002329952	-0.0126113413	0.0070630516	-0.0127179988	-0.0136655707	-0.0125984225	-0.0021021576	-0.0018596555	0.0405607828	0.0144507712	-0.022371637	0.0089359702	-0.0116689878	-0.0164733825	-0.0150576486	-0.0078674262	-0.0058498633	0.036098495	0.006634659	-0.0263457393	-0.0336907675	0.0570933886	-0.0184151243	-0.040286951	0.0365981	-0.0050363999999999	2.5365324959999964e-05	0.00133942092361	0.342062	0.0409469999999999	0.0016766568089999	0.1170064118439999	0.800205	0.00139	0.640328042025	1.9321000000000065e-06	0.0208535	0.0003172	1.0061584000000009e-07	0.00043486846225	-0.005218	0.0001601199999999	2.722752400000001e-05	2.5638414399999905e-08	-0.0014997	5.930999999999992e-05	3.5176760999999903e-09	2.2491000900000003e-06	0.0	0.0	0.0	0.0	0.0	0.0	0.0	0.0	0.0	0.0	0.0	0.0	0.0	0.0	0.0	0.0	0.0	0.0	0.0	0.0	0.0	0.0	0.0	0.0	0.0	0.0	0.0	0.0	0.0	0.0	0.0	0.0	0.0	0.0	0.0	0.0	0.0	0.0	0.0	0.0	0.0	0.0	0.0	0.0	0.0	0.0	0.0	0.0	0.0	0.0	0.0	0.0	0.0	0.0	0.0	0.0	0.0	0.0	0.0	0.0	0.0	0.0	0.0	0.0	0.0	0.0	0.0	0.0	0.0	0.0	0.0	0.0	0.0	0.0	0.0	0.0	0.0	0.0
36980.85467902813	-40.83354637677985	1667.378509704631	1367583612.7913969	47489.93975627592	-338.87082299689064	114833.43467858998	2255294378.054716	37032.33369670958	21.91240775422193	480.1536135872854	1371393739.024452	37990.51490748355	23790.6523341262	0.8177029999999998	29.728415	0.1580253999999999	0.0783352999999999	0.0025448359	0.0182169535	0.0038649652	-0.0003308921	0.0074014477	-0.0299846196	0.0040954348	-0.0006960167	0.0035996447	-0.001643696	-0.001643903	0.0282780559	0.0070079154	-0.0132392996	-0.010912209	0.007118014	-0.0116251114	0.0034933062	0.0026153955	-0.0038378374	-0.0056612373	-0.0108633837	0.0021683508	0.0284736695	-0.0050032843	0.0021364285	0.0040023404	-0.0039679445	0.0046716125	0.0231690261	0.0430411922	0.0222697535	0.0001284535	-0.025763934	-0.0266143679	-0.0331979437	0.0572211706	-0.0195570429	-0.0391905793	0.0337152	-0.0028829	8.311112410000005e-06	0.00113671471104	0.296148	-0.0459139999999999	0.0021080953959999	0.087703637904	0.757613	-0.042592	0.573977457769	0.001814078464	0.0200255	-0.0008279999999999	6.855839999999981e-07	0.00040102065025	-0.00572273	-0.0005047299999999	3.2749638652899995e-05	2.5475237289999924e-07	-0.0014997	0.0	0.0	2.2491000900000003e-06	0.0	0.0	0.0	0.0	0.0	0.0	0.0	0.0	0.0	0.0	0.0	0.0	0.0	0.0	0.0	0.0	0.0	0.0	0.0	0.0	0.0	0.0	0.0	0.0	0.0	0.0	0.0	0.0	0.0	0.0	0.0	0.0	0.0	0.0	0.0	0.0	0.0	0.0	0.0	0.0	0.0	0.0	0.0	0.0	0.0	0.0	0.0	0.0	0.0	0.0	0.0	0.0	0.0	0.0	0.0	0.0	0.0	0.0	0.0	0.0	0.0	0.0	0.0	0.0	0.0	0.0	0.0	0.0	0.0	0.0	0.0	0.0	0.0	0.0	0.0	0.0	0.0	0.0
37075.58828343787	94.7336044097392	8974.455804460958	1374599246.5629957	48368.01084169505	878.0710854191348	771008.8310491374	2339464472.78233	36959.33837274582	-72.99532396376162	5328.317320574512	1365992692.9511216	37972.5254360837	23197.69132875308	0.938409	34.116795	0.2497337000000001	0.122748	0.0015351439	0.0128779499	0.001235717	-0.0162819637	0.004466619	0.0268009401	0.0090960049	0.0050536967	0.0105789497	0.0031273329	0.0001858379	0.029325328	-0.0001542626	-0.026157646	0.0064871316	0.0192676001	-0.0138479183	-0.0197714156	-0.0031191343	-0.0116499729	0.0081191912	-0.021945529	0.015641044	-0.00182929	0.0227953444	-0.0061887346	-0.0029317927	-0.0058668539	0.0013046919	0.0224306583	-0.0441262806	-0.0325892416	0.0316017011	0.0014339371	-0.0268822669	-0.0327014793	0.0573348341	-0.0206903832	-0.0380673484	0.011972	-0.0217432	0.00047276674624	0.000143328784	0.207556	-0.088592	0.007848542464	0.043079493136	0.814069	0.056456	0.662708336761	0.003187279936	0.0197548	-0.0002707	7.327849000000118e-08	0.0003902521230399	-0.00486104	0.00086169	2.36297098816e-05	7.425096561e-07	-0.00202616	-0.0005264599999999	2.7716013159999984e-07	4.1053243456e-06	0.0	0.0	0.0	0.0	0.0	0.0	0.0	0.0	0.0	0.0	0.0	0.0	0.0	0.0	0.0	0.0	0.0	0.0	0.0	0.0	0.0	0.0	0.0	0.0	0.0	0.0	0.0	0.0	0.0	0.0	0.0	0.0	0.0	0.0	0.0	0.0	0.0	0.0	0.0	0.0	0.0	0.0	0.0	0.0	0.0	0.0	0.0	0.0	0.0	0.0	0.0	0.0	0.0	0.0	0.0	0.0	0.0	0.0	0.0	0.0	0.0	0.0	0.0	0.0	0.0	0.0	0.0	0.0	0.0	0.0	0.0	0.0	0.0	0.0	0.0	0.0	0.0	0.0
37033.32337738376	-42.26490605411527	1786.3222837631895	1371467040.3738782	48641.90443340862	273.89359171356773	75017.69958175854	2366034866.9088573	36895.75190705568	-63.58646569013945	4043.238618963281	1361296508.7870028	37978.22845920139	23752.436131563096	1.15023	41.817776	0.03046694	0.0152179	-0.0003098879	0.0145923115	0.0161447099	-0.047114194	0.02727913	-0.0228593763	0.0571583681	0.0151753115	0.0576928028	0.003096329	0.0077331265	0.0306949868	-0.0083149152	-0.0219255154	-0.0044153365	-0.000866481	-0.0444826722	-0.0365500153	0.0201040975	0.0192452738	0.008686889	-0.0414476427	0.0149421227	-0.0198793436	0.0323909334	0.0040703484	0.0149057247	0.013166442	0.0078053837	0.0655420884	0.010730498	-0.0082725709	-0.011617934	-0.0323272256	-0.0271494288	-0.0322014289	0.0574343511	-0.021814648	-0.036918028	0.00522356	-0.00674844	4.554144243359999e-05	2.7285579073600005e-05	0.199242	-0.0083139999999999	6.912259599999981e-05	0.039697374564	0.8057839999999998	-0.0082850000000002	0.6492878546559997	6.864122500000346e-05	0.0197566	1.7999999999997185e-06	3.2399999999989865e-12	0.0003903232435599	-0.0047335	0.0001275399999999	2.240602225e-05	1.626645159999994e-08	-0.00203921	-1.3050000000000127e-05	1.703025000000033e-10	4.1583774241e-06	0.0	0.0	0.0	0.0	0.0	0.0	0.0	0.0	0.0	0.0	0.0	0.0	0.0	0.0	0.0	0.0	0.0	0.0	0.0	0.0	0.0	0.0	0.0	0.0	0.0	0.0	0.0	0.0	0.0	0.0	0.0	0.0	0.0	0.0	0.0	0.0	0.0	0.0	0.0	0.0	0.0	0.0	0.0	0.0	0.0	0.0	0.0	0.0	0.0	0.0	0.0	0.0	0.0	0.0	0.0	0.0	0.0	0.0	0.0	0.0	0.0	0.0	0.0	0.0	0.0	0.0	0.0	0.0	0.0	0.0	0.0	0.0	0.0	0.0	0.0	0.0	0.0	0.0
37027.47407290628	-5.849304477473197	34.21436287018799	1371033836.219747	48080.37087853599	-561.5335548726289	315319.9332478917	2311722063.817572	37043.64919121555	147.8972841598661	21873.60666186418	1372231945.4018445	38036.64561129386	23149.46498270417	1.283586	46.66605	0.18224745	0.099836	0.0021044654	0.0145410221	0.006538878	-0.0016561484	-0.0010524993	0.0331017018	0.0021084543	0.0010817656	0.0024663927	0.0009159433	-0.0010500693	0.021346202	0.0056434462	-0.0100677232	-0.003234616	0.0144668229	-0.0237709332	0.0017673252	-0.0015018844	0.0057435546	-0.0096501041	-0.0115592837	0.0053941797	0.017049753	0.0355873305	-0.0014546879	-0.0175168386	0.0203100177	0.0147488587	-0.0252265132	-0.0318854049	0.0007540186	0.0251146578	0.0199723049	-0.0274158465	-0.0316978472	0.057519697	-0.0229293442	-0.0357434058	-0.00613039	-0.01135395	0.0001289121806025	3.7581681552100006e-05	0.263951	0.0647089999999999	0.0041872546809999	0.069670130401	0.797219	-0.0085649999999998	0.635558133961	7.335922499999696e-05	0.02102	0.0012634	1.5961795600000034e-06	0.0004418404	-0.00511842	-0.00038492	2.61982232964e-05	1.4816340640000034e-07	-0.00234328	-0.00030407	9.245856490000002e-08	5.490961158400001e-06	0.0	0.0	0.0	0.0	0.0	0.0	0.0	0.0	0.0	0.0	0.0	0.0	0.0	0.0	0.0	0.0	0.0	0.0	0.0	0.0	0.0	0.0	0.0	0.0	0.0	0.0	0.0	0.0	0.0	0.0	0.0	0.0	0.0	0.0	0.0	0.0	0.0	0.0	0.0	0.0	0.0	0.0	0.0	0.0	0.0	0.0	0.0	0.0	0.0	0.0	0.0	0.0	0.0	0.0	0.0	0.0	0.0	0.0	0.0	0.0	0.0	0.0	0.0	0.0	0.0	0.0	0.0	0.0	0.0	0.0	0.0	0.0	0.0	0.0	0.0	0.0	0.0	0.0
37045.25550358236	17.781430676077434	316.1792768881476	1372350955.325699	47842.81696279806	-237.55391573793167	56431.86288242434	2288935134.9357977	37020.93261450905	-22.71657670649438	516.0428572620431	1370549451.64802	38009.60279730903	23474.439920301425	0.826712	30.055944	0.1508673399999999	0.0878446999999999	0.0021877067	0.014025644	0.0020481058	-0.0058342613	0.007911629	-0.0150991713	0.002202011	0.0021512713	0.0030431466	0.0017146516	-0.0013119877	0.0298717959	0.0072506681	-0.012206623	-0.0031112391	0.026873411	-0.0145555779	-0.0142233104	-0.0026543294	0.001096613	-0.0060397312	-0.0215492432	0.0015036533	-0.0016759786	0.0107798346	-0.0041210173	-0.0167392695	-0.0203438358	-0.0090588035	0.0526788693	0.0236056817	0.0062108143	0.0046388414	-0.0188367251	-0.0276815125	-0.0311907894	0.0575908508	-0.0240339827	-0.0345442869	-0.00631723	-0.0001868399999999	3.4909185599999905e-08	3.99073948729e-05	0.205293	-0.0586579999999999	0.0034407609639999	0.042145215849	0.783371	-0.0138479999999999	0.613670123641	0.0001917671039999	0.019859	-0.0011609999999999	1.3479209999999972e-06	0.000394379881	-0.00476724	0.00035118	2.27265772176e-05	1.233273924000003e-07	-0.00239459	-5.130999999999973e-05	2.632716099999972e-09	5.734061268099999e-06	0.0	0.0	0.0	0.0	0.0	0.0	0.0	0.0	0.0	0.0	0.0	0.0	0.0	0.0	0.0	0.0	0.0	0.0	0.0	0.0	0.0	0.0	0.0	0.0	0.0	0.0	0.0	0.0	0.0	0.0	0.0	0.0	0.0	0.0	0.0	0.0	0.0	0.0	0.0	0.0	0.0	0.0	0.0	0.0	0.0	0.0	0.0	0.0	0.0	0.0	0.0	0.0	0.0	0.0	0.0	0.0	0.0	0.0	0.0	0.0	0.0	0.0	0.0	0.0	0.0	0.0	0.0	0.0	0.0	0.0	0.0	0.0	0.0	0.0	0.0	0.0	0.0	0.0
37099.985539999936	54.73003641757532	2995.376886269121	1376408927.0682044	48725.75745380998	882.9404910119192	779583.910668369	2374199439.447519	36973.61521134034	-47.31740316871583	2238.936642630799	1367048221.7962575	38033.18569832785	23205.79136579627	0.921081	33.486839	0.13322243	0.06797	0.0008797211	0.0118128358	0.0086371218	-0.0304874399	0.0031354998	0.0392100396	0.0279474302	0.009629143	0.0292068183	0.0043295984	0.0029743963	0.0315818414	-0.0081903955	-0.030109827	0.0085677724	0.0036687141	-0.0349124829	-0.0336345422	0.0148478659	-0.0030981846	-0.0050205994	-0.0293316206	0.0136523804	-0.0104175959	0.0235097849	-0.0261424295	-0.0034560182	0.0113559788	0.0626108129	-0.0087767054	-0.0176071589	-0.0373080238	-0.0067966272	-8.7397e-05	-0.0279464196	-0.0306803113	0.0576477949	-0.0251280792	-0.0333214931	0.0051472	0.01146443	0.0001314331552249	2.649366784e-05	0.255517	0.0502239999999999	0.0025224501759999	0.065288937289	0.812002	0.0286309999999999	0.659347248004	0.0008197341609999	0.0192642	-0.0005948	3.537870400000036e-07	0.0003711094016399	-0.0047362	3.103999999999954e-05	2.243159044e-05	9.634815999999712e-10	-0.00216237	0.00023222	5.39261284e-08	4.675844016899999e-06	0.0	0.0	0.0	0.0	0.0	0.0	0.0	0.0	0.0	0.0	0.0	0.0	0.0	0.0	0.0	0.0	0.0	0.0	0.0	0.0	0.0	0.0	0.0	0.0	0.0	0.0	0.0	0.0	0.0	0.0	0.0	0.0	0.0	0.0	0.0	0.0	0.0	0.0	0.0	0.0	0.0	0.0	0.0	0.0	0.0	0.0	0.0	0.0	0.0	0.0	0.0	0.0	0.0	0.0	0.0	0.0	0.0	0.0	0.0	0.0	0.0	0.0	0.0	0.0	0.0	0.0	0.0	0.0	0.0	0.0	0.0	0.0	0.0	0.0	0.0	0.0	0.0	0.0
37063.61937928802	-36.36616071191384	1322.4976449247454	1373711881.492735	48760.33907777325	34.58162396326952	1195.8887159369767	2377570666.979421	36938.99098969762	-34.62422164271993	1198.836724364195	1364489055.3369615	38012.46467173794	23442.032864519173	0.936355	34.042122	0.1036918999999999	0.0583411	-0.0005827578	0.0114249481	0.0151288342	-0.0422649809	0.0245590326	-0.0056818414	0.0569463113	0.0150579537	0.0568618728	0.0030197679	0.0091259482	0.0315713944	-0.0173002755	-0.0286189075	0.0038899077	-0.0084235529	-0.0480119591	-0.0463171446	0.0261212433	0.01649724	0.005393877	-0.0443539522	0.0098649554	-0.0155028313	0.0300913309	-0.0183763834	0.017612873	-0.0117930785	-0.0321884248	0.0613176763	-0.0113367487	-0.0155672132	-0.0185996569	-0.0352808343	-0.0282105605	-0.0301664687	0.0576905153	-0.0262111537	-0.0320758624	0.0149221	0.0097749	9.554867001e-05	0.00022266906841	0.209046	-0.0464709999999999	0.0021595538409999	0.043700230116	0.7811169999999998	-0.0308850000000001	0.6101437676889997	0.000953883225	0.0192413	-2.289999999999931e-05	5.244099999999683e-10	0.0003702276256899	-0.00466157	7.463000000000001e-05	2.1730234864900003e-05	5.569636900000001e-09	-0.00192868	0.0002336899999999	5.461101609999987e-08	3.719806542400001e-06	0.0	0.0	0.0	0.0	0.0	0.0	0.0	0.0	0.0	0.0	0.0	0.0	0.0	0.0	0.0	0.0	0.0	0.0	0.0	0.0	0.0	0.0	0.0	0.0	0.0	0.0	0.0	0.0	0.0	0.0	0.0	0.0	0.0	0.0	0.0	0.0	0.0	0.0	0.0	0.0	0.0	0.0	0.0	0.0	0.0	0.0	0.0	0.0	0.0	0.0	0.0	0.0	0.0	0.0	0.0	0.0	0.0	0.0	0.0	0.0	0.0	0.0	0.0	0.0	0.0	0.0	0.0	0.0	0.0	0.0	0.0	0.0	0.0	0.0	0.0	0.0	0.0	0.0
37064.41252083361	0.7931415455896058	0.6290735113402688	1373770675.514527	48518.05326199644	-242.285815776806	58702.41652663236	2354001492.333924	36970.9611790961	31.970189398482034	1022.0930101748132	1366851970.5062308	38031.69762929459	23232.27313105793	0.841229	30.583721	0.1290398	0.0684248	0.0004598015	0.0126017173	0.0126865883	-0.0290463842	0.012900845	0.0145371354	0.0421750105	0.0111781754	0.0420670831	0.0026854257	0.0051981143	0.027436223	-0.0098022401	-0.0235317757	0.0009515147	-0.0039434792	-0.0451154919	-0.0280909008	0.0233493886	0.0126825412	-0.0009800934	-0.0321587161	0.0153433401	-0.0042202857	0.0204228728	-0.0122104507	0.0079545941	0.0215734491	0.0560846734	0.0032925838	0.0113821249	-0.0007288942	-0.0224104741	-0.0137915032	-0.0284739281	-0.029649318	0.0577190014	-0.0272827311	-0.0308082484	0.0147618	-0.0001603	2.5696090000000122e-08	0.00021791073924	0.263198	0.0541519999999999	0.0029324391039999	0.069273187204	0.788869	0.0077520000000002	0.6223142991610001	6.009350400000315e-05	0.0196455	0.0004042	1.633776400000003e-07	0.00038594567025	-0.00518115	-0.0005195799999999	2.68443153225e-05	2.699633763999995e-07	-0.00234441	-0.0004157299999999	1.7283143289999982e-07	5.496258248099999e-06	0.0	0.0	0.0	0.0	0.0	0.0	0.0	0.0	0.0	0.0	0.0	0.0	0.0	0.0	0.0	0.0	0.0	0.0	0.0	0.0	0.0	0.0	0.0	0.0	0.0	0.0	0.0	0.0	0.0	0.0	0.0	0.0	0.0	0.0	0.0	0.0	0.0	0.0	0.0	0.0	0.0	0.0	0.0	0.0	0.0	0.0	0.0	0.0	0.0	0.0	0.0	0.0	0.0	0.0	0.0	0.0	0.0	0.0	0.0	0.0	0.0	0.0	0.0	0.0	0.0	0.0	0.0	0.0	0.0	0.0	0.0	0.0	0.0	0.0	0.0	0.0	0.0	0.0
37118.38229522971	53.96977439610055	2912.73654836599	1377774304.2148223	47984.52869057316	-533.5245714232806	284648.4683123952	2302514993.656439	37059.867929430366	88.90675033426669	7904.4102549996305	1373433810.9468217	38044.64163080227	23635.36070781196	0.992222	36.073238	0.0674707999999999	0.0384325	0.0020904919	0.0147544437	0.0056774452	-0.0104707027	0.005125503	0.0076762775	0.0072173525	0.0034832272	0.0082442958	0.0020605483	-0.0007136934	0.0240258187	0.008369161	-0.0187498898	-0.0126326891	0.014281611	-0.0210478886	-0.0042547861	0.0059610881	-0.0218705475	0.0023567531	-0.0152420018	0.0103059232	0.0044442067	0.0080742235	-0.0147321164	-0.0086138156	-0.0203663602	-0.0275752765	0.0207256255	-0.0193643148	-0.0183996967	0.0163999922	0.002407825	-0.028736515	-0.0291289159	0.0577332462	-0.0283423414	-0.0295195201	0.0151461	0.0003842999999999	1.4768648999999917e-07	0.0002294043452099	0.24418	-0.0190179999999999	0.0003616843239999	0.0596238724	0.816214	0.0273449999999999	0.666205293796	0.0007477490249999	0.0193866	-0.0002588999999999	6.70292099999997e-08	0.00037584025956	-0.00520136	-2.021000000000054e-05	2.7054145849600005e-05	4.0844410000002177e-10	-0.00220905	0.0001353599999999	1.832232959999993e-08	4.879901902500001e-06	0.0	0.0	0.0	0.0	0.0	0.0	0.0	0.0	0.0	0.0	0.0	0.0	0.0	0.0	0.0	0.0	0.0	0.0	0.0	0.0	0.0	0.0	0.0	0.0	0.0	0.0	0.0	0.0	0.0	0.0	0.0	0.0	0.0	0.0	0.0	0.0	0.0	0.0	0.0	0.0	0.0	0.0	0.0	0.0	0.0	0.0	0.0	0.0	0.0	0.0	0.0	0.0	0.0	0.0	0.0	0.0	0.0	0.0	0.0	0.0	0.0	0.0	0.0	0.0	0.0	0.0	0.0	0.0	0.0	0.0	0.0	0.0	0.0	0.0	0.0	0.0	0.0	0.0
37097.19784056303	-21.18445466668345	448.7811195247662	1376202087.6218743	47598.63461404954	-385.8940765236257	148914.23829602188	2265630017.1217947	37098.66863675517	38.8007073248009	1505.494888904858	1376311214.6197617	38060.26746630574	23687.94812467583	0.8016799999999998	29.14588	0.14061148	0.0823331	0.0028117614	0.0143620634	-0.00016446	0.0019314248	0.0014408767	0.0014376637	-0.0065594458	-0.0018000807	-0.006630398	-0.00015684	-0.0015576508	0.0284501812	0.0039671115	-0.0227786528	0.0010140917	0.0176510514	-0.0164151906	-0.0209366619	-0.0033618759	-0.0282506825	0.0153763319	-0.0232820918	-0.0136844665	-0.0043509461	-0.0147212874	-0.0198673405	-0.0147110773	0.0105463913	0.0307718196	0.0401338234	0.0267670448	-0.0249717813	-0.0300712213	-0.0382215992	-0.0289983141	-0.0286053196	0.0577332462	-0.0293895198	-0.0282105605	0.00943712	-0.0057089799999999	3.259245264039999e-05	8.90592338944e-05	0.176083	-0.068097	0.004637201409	0.0310052228889999	0.810053	-0.0061609999999999	0.656185862809	3.7957920999999656e-05	0.0186269	-0.0007597	5.771440900000031e-07	0.0003469614036099	-0.00537418	-0.0001728199999999	2.88818106724e-05	2.986675239999991e-08	-0.00192868	0.00028037	7.860733690000003e-08	3.719806542400001e-06	0.0	0.0	0.0	0.0	0.0	0.0	0.0	0.0	0.0	0.0	0.0	0.0	0.0	0.0	0.0	0.0	0.0	0.0	0.0	0.0	0.0	0.0	0.0	0.0	0.0	0.0	0.0	0.0	0.0	0.0	0.0	0.0	0.0	0.0	0.0	0.0	0.0	0.0	0.0	0.0	0.0	0.0	0.0	0.0	0.0	0.0	0.0	0.0	0.0	0.0	0.0	0.0	0.0	0.0	0.0	0.0	0.0	0.0	0.0	0.0	0.0	0.0	0.0	0.0	0.0	0.0	0.0	0.0	0.0	0.0	0.0	0.0	0.0	0.0	0.0	0.0	0.0	0.0
37152.67384926089	55.47600869786402	3077.587541045484	1380321174.1495545	48711.84166844083	1113.2070543912923	1239229.9459465377	2372843518.7312484	36976.02179346801	-122.6468432871552	15042.248168304008	1367226187.6710212	38045.316303568165	23248.151823389413	1.066427	38.771034	0.1006665800000001	0.0563258	0.0001948717	0.0108643198	0.0131086429	-0.0366055332	0.0105185103	0.0250822879	0.0380620164	0.0113239762	0.0389835769	0.0039467773	0.0037882635	0.0265269793	-0.0069766969	-0.0221304646	-0.0010213595	0.0023896421	-0.0372799732	-0.0253209926	0.0202986236	-0.0027210671	0.0163135082	-0.0290551836	0.0169734476	0.0037504027	0.0118769424	-0.023481902	0.0074939906	-0.0018304934	0.0038159023	0.0101095419	-0.0446446334	-0.0145826972	-0.0023616818	-0.0064239307	-0.0292593182	-0.0280785863	0.0577190014	-0.030423807	-0.0268822669	0.0165307	0.0070935799999999	5.031887721639998e-05	0.0002732640424899	0.201513	0.02543	0.0006466849	0.040607489169	0.7796189999999998	-0.0304340000000001	0.6078057851609997	0.000926228356	0.0192793	0.0006524	4.256257600000012e-07	0.0003716914084899	-0.0052724	0.00010178	2.779820176e-05	1.0359168400000021e-08	-0.00192868	0.0	0.0	3.719806542400001e-06	0.0	0.0	0.0	0.0	0.0	0.0	0.0	0.0	0.0	0.0	0.0	0.0	0.0	0.0	0.0	0.0	0.0	0.0	0.0	0.0	0.0	0.0	0.0	0.0	0.0	0.0	0.0	0.0	0.0	0.0	0.0	0.0	0.0	0.0	0.0	0.0	0.0	0.0	0.0	0.0	0.0	0.0	0.0	0.0	0.0	0.0	0.0	0.0	0.0	0.0	0.0	0.0	0.0	0.0	0.0	0.0	0.0	0.0	0.0	0.0	0.0	0.0	0.0	0.0	0.0	0.0	0.0	0.0	0.0	0.0	0.0	0.0	0.0	0.0	0.0	0.0	0.0	0.0
37120.63985943453	-32.03398982636281	1026.176504195516	1377941903.5738397	47711.79594703421	-1000.0457214066192	1000091.4449036852	2276415472.4914303	37054.24752939866	78.2257359306459	6119.265761891144	1373017259.9699464	38013.51772420961	23528.39243140425	0.991138	36.03381	0.1187632	0.0692045	0.0020893836	0.01371339	0.0060457152	0.0049106454	0.003475018	-0.0041790722	-0.0005986797	-0.0006810346	-0.0011787341	-0.0003585862	-0.0002329794	0.0190274627	0.0037814827	-0.0147007579	-0.0029725239	0.0110397414	-0.0231454753	0.0047505829	-0.0034943124	-0.0162867414	0.0034756552	-0.0046449637	-0.0079407151	0.0222455226	-0.0050016206	-0.0014441778	-0.006789641	-0.0167345082	-0.0065807847	0.0225589804	0.0146810215	0.0037896183	-0.0063767137	-0.0170894154	-0.0295195201	-0.0275487739	0.0576905153	-0.0314447493	-0.0255355494	0.0187474	0.0022167	4.9137588900000085e-06	0.00035146500676	0.25489	0.053377	0.002849104129	0.0649689121	0.79322	0.0136010000000001	0.6291979684000001	0.000184987201	0.02003	0.0007507	5.6355049e-07	0.0004012009	-0.00551307	-0.00024067	3.03939408249e-05	5.7922048900000064e-08	-0.00192868	0.0	0.0	3.719806542400001e-06	0.0	0.0	0.0	0.0	0.0	0.0	0.0	0.0	0.0	0.0	0.0	0.0	0.0	0.0	0.0	0.0	0.0	0.0	0.0	0.0	0.0	0.0	0.0	0.0	0.0	0.0	0.0	0.0	0.0	0.0	0.0	0.0	0.0	0.0	0.0	0.0	0.0	0.0	0.0	0.0	0.0	0.0	0.0	0.0	0.0	0.0	0.0	0.0	0.0	0.0	0.0	0.0	0.0	0.0	0.0	0.0	0.0	0.0	0.0	0.0	0.0	0.0	0.0	0.0	0.0	0.0	0.0	0.0	0.0	0.0	0.0	0.0	0.0	0.0	0.0	0.0	0.0	0.0
37180.65893083053	60.019071395996434	3602.2889312377174	1382401398.530748	48546.49540529658	834.6994582623665	696723.1856234882	2356762216.136482	37035.934643702	-18.31288569665776	335.3617825388523	1371660454.932566	38075.54948350695	23467.805572551977	0.817006	29.70306	0.1475621	0.0914484	0.0020762777	0.0131039508	0.003900597	-0.0153235531	-0.0002551584	0.0586636285	0.0102787857	0.0044876661	0.0115833156	0.0030799857	-0.002015167	0.0269096967	0.004777968	-0.0166325783	-0.007621587	0.0134540969	-0.0228029699	-0.0113788796	0.0111916643	-0.0242497624	0.0160970594	-0.0173650359	0.0177656742	0.0146840335	-0.0067124288	-0.0247691347	-0.010395051	0.0137322526	0.0424365362	-0.0128236308	-0.0262221318	-0.014684575	-0.0028397999	-0.013390193	-0.0297789127	-0.0270159404	0.0576477949	-0.032451899	-0.0241713312	0.0171148	-0.0016326	2.6653827600000047e-06	0.0002929163790399	0.211652	-0.043238	0.0018695246439999	0.044796569104	0.7668859999999998	-0.0263340000000001	0.5881141369959998	0.000693479556	0.0185257	-0.0015043	2.2629184900000003e-06	0.0003432015604899	-0.00553592	-2.2849999999999607e-05	3.06464102464e-05	5.22122499999982e-10	-0.00192868	0.0	0.0	3.719806542400001e-06	0.0	0.0	0.0	0.0	0.0	0.0	0.0	0.0	0.0	0.0	0.0	0.0	0.0	0.0	0.0	0.0	0.0	0.0	0.0	0.0	0.0	0.0	0.0	0.0	0.0	0.0	0.0	0.0	0.0	0.0	0.0	0.0	0.0	0.0	0.0	0.0	0.0	0.0	0.0	0.0	0.0	0.0	0.0	0.0	0.0	0.0	0.0	0.0	0.0	0.0	0.0	0.0	0.0	0.0	0.0	0.0	0.0	0.0	0.0	0.0	0.0	0.0	0.0	0.0	0.0	0.0	0.0	0.0	0.0	0.0	0.0	0.0	0.0	0.0	0.0	0.0	0.0	0.0
37152.702925085	-27.95600574552373	781.5382572437555	1380323334.6396198	48213.02145197719	-333.47395331938606	111204.87754246008	2324495437.528813	37011.04815476293	-24.88648893906793	619.3373317143505	1369817685.514181	38013.9228086166	23511.562117918234	0.8271699999999998	30.072584	0.0780924999999999	0.042921	0.0011729255	0.0117573295	0.0060910916	-0.0131936738	0.0130347344	0.0129380273	0.0170558992	0.0053380117	0.017235135	0.0016903016	0.0010522274	0.028943325	-0.0020319508	-0.0270694861	0.0075970114	0.0041216158	-0.0156085253	-0.0313852159	0.0024777613	-0.0244134503	0.0210047062	-0.0241389062	-0.0092981872	0.0181572534	-0.001755678	-0.0174746301	0.0095321365	-0.0344581152	-0.0209736265	0.0530624066	-0.0061801497	-0.0178176727	-0.0182725295	-0.0387632169	-0.030037489	-0.0264801444	0.0575908508	-0.0334448141	-0.0227905472	0.0213553	0.0042405	1.798184025000001e-05	0.00045604883809	0.205789	-0.005863	3.4374769000000085e-05	0.042349112521	0.7674039999999999	0.000518	0.5889088992159998	2.683240000000191e-07	0.0178718	-0.0006538999999999	4.275852099999986e-07	0.00031940123524	-0.00515714	0.0003787799999999	2.6596092979600003e-05	1.4347428839999968e-07	-0.00161194	0.00031674	1.0032422760000003e-07	2.5983505636000003e-06	0.0	0.0	0.0	0.0	0.0	0.0	0.0	0.0	0.0	0.0	0.0	0.0	0.0	0.0	0.0	0.0	0.0	0.0	0.0	0.0	0.0	0.0	0.0	0.0	0.0	0.0	0.0	0.0	0.0	0.0	0.0	0.0	0.0	0.0	0.0	0.0	0.0	0.0	0.0	0.0	0.0	0.0	0.0	0.0	0.0	0.0	0.0	0.0	0.0	0.0	0.0	0.0	0.0	0.0	0.0	0.0	0.0	0.0	0.0	0.0	0.0	0.0	0.0	0.0	0.0	0.0	0.0	0.0	0.0	0.0	0.0	0.0	0.0	0.0	0.0	0.0	0.0	0.0
37146.9790065001	-5.723918584903004	32.763243966598004	1379898049.309359	49023.91871852784	810.8972665506517	657554.3768993187	2403344606.5208244	36964.408669710814	-46.63948505211738	2175.2415659266803	1366367508.301392	38061.55319421601	23425.38208885773	1.062213	38.617821	0.1246299999999998	0.0684061	-0.0006969954	0.0095028503	0.0143328985	-0.0445296941	0.0194811354	0.0355859665	0.0561560789	0.0122315677	0.056465844	0.000953909	0.0097120315	0.0297411831	-0.0251841809	-0.0275177865	0.0116125546	-0.0140427907	-0.0547429595	-0.0440845581	0.0350437023	0.0253378079	0.0166907597	-0.0415799538	0.0045916532	0.0068724157	-0.0011774716	-0.032634863	0.0035850002	0.0058635207	0.07315233	0.0011157126	0.0163267819	0.0013215255	-0.0520723175	-0.0472334601	-0.0302952417	-0.0259414445	0.057519697	-0.0344230592	-0.0213941436	0.0252448	0.0038895	1.5128210250000003e-05	0.00063729992704	0.219182	0.0133929999999999	0.0001793724489999	0.0480407491239999	0.720812	-0.0465919999999998	0.519569939344	0.0021708144639999	0.0186081	0.0007362999999999	5.421376899999982e-07	0.00034626138561	-0.0053757	-0.0002185599999999	2.889815049e-05	4.776847359999982e-08	-0.00187219	-0.0002602499999999	6.773006249999992e-08	3.5050953961e-06	0.0	0.0	0.0	0.0	0.0	0.0	0.0	0.0	0.0	0.0	0.0	0.0	0.0	0.0	0.0	0.0	0.0	0.0	0.0	0.0	0.0	0.0	0.0	0.0	0.0	0.0	0.0	0.0	0.0	0.0	0.0	0.0	0.0	0.0	0.0	0.0	0.0	0.0	0.0	0.0	0.0	0.0	0.0	0.0	0.0	0.0	0.0	0.0	0.0	0.0	0.0	0.0	0.0	0.0	0.0	0.0	0.0	0.0	0.0	0.0	0.0	0.0	0.0	0.0	0.0	0.0	0.0	0.0	0.0	0.0	0.0	0.0	0.0	0.0	0.0	0.0	0.0	0.0
37179.23179041119	32.25278391109168	1040.2420700155744	1382295276.5251222	48269.08275441536	-754.8359641124844	569777.3327176238	2329904349.952598	36990.19768507011	25.78901535929617	665.0733132020139	1368274724.7805662	37992.39809130574	23606.854160081963	1.021861	37.150795	0.0837466999999999	0.055863	0.0007231312	0.0120190484	0.0112623856	-0.0232935424	0.0088897001	0.0101326043	0.0332545758	0.0078275462	0.0332476835	0.0015987131	0.0038036331	0.0244361965	-0.0026168269	-0.0213170233	-0.0011828159	-0.0010621213	-0.0313264422	-0.0123446645	0.0166628412	-0.0011554886	0.0079817491	-0.0156602549	0.0089778497	0.0310257819	0.0110503744	-0.0184432489	0.0070461307	-0.0471770336	-0.0248803501	0.0049288016	-0.0319122901	-0.0002012845	0.0121807172	-0.0019208475	-0.0305521639	-0.0253998998	0.0574343511	-0.0353862052	-0.0199830776	0.0208231	-0.0044217	1.9551430890000004e-05	0.00043360149361	0.273686	0.054504	0.0029706860159999	0.074904026596	0.727233	0.006421	0.528867836289	4.122924100000013e-05	0.0184344	-0.0001736999999999	3.0171689999999604e-08	0.00033982710336	-0.00551351	-0.00013781	3.03987925201e-05	1.89915961000001e-08	-0.00192868	-5.6490000000000186e-05	3.191120100000021e-09	3.719806542400001e-06	0.0	0.0	0.0	0.0	0.0	0.0	0.0	0.0	0.0	0.0	0.0	0.0	0.0	0.0	0.0	0.0	0.0	0.0	0.0	0.0	0.0	0.0	0.0	0.0	0.0	0.0	0.0	0.0	0.0	0.0	0.0	0.0	0.0	0.0	0.0	0.0	0.0	0.0	0.0	0.0	0.0	0.0	0.0	0.0	0.0	0.0	0.0	0.0	0.0	0.0	0.0	0.0	0.0	0.0	0.0	0.0	0.0	0.0	0.0	0.0	0.0	0.0	0.0	0.0	0.0	0.0	0.0	0.0	0.0	0.0	0.0	0.0	0.0	0.0	0.0	0.0	0.0	0.0
37130.157502645554	-49.07428776563757	2408.2857197046046	1378648596.1712658	47801.2654745816	-467.8172798337546	218853.00731105343	2284960980.9714274	37120.31626589927	130.11858082916297	16930.845076995414	1377917879.680386	38068.90601608187	23853.25475517052	1.03651	37.683346	0.0898640999999998	0.0513361	0.0026514031	0.0129537673	-0.0022421538	0.001819428	0.0056778333	0.0019060602	-0.008731409	-0.0008206649	-0.0080430443	0.0009811338	-0.0012834407	0.0208722119	0.0050857288	-0.0102179541	-0.0075908774	0.0193007291	-0.014968745	0.005583519	-0.0018038734	-0.0327166236	0.0214508475	-0.0059889524	-0.0095812154	0.0257096945	-0.0175328292	0.0041575648	-0.0092527924	-0.0023856713	0.0247499807	0.0366674058	0.0287188975	0.0081734221	0.0040618098	-0.0438071291	-0.0308082484	-0.0248555698	0.0573348341	-0.0363338297	-0.0185583162	0.019317	-0.0015060999999999	2.268337209999999e-06	0.000373146489	0.227618	-0.046068	0.0021222606239999	0.0518099539239999	0.7469869999999998	0.0197539999999998	0.5579895781689997	0.0003902205159999	0.0186548	0.0002203999999999	4.857615999999959e-08	0.0003480015630399	-0.00574383	-0.00023032	3.29915830689e-05	5.30473024e-08	-0.00192868	0.0	0.0	3.719806542400001e-06	0.0	0.0	0.0	0.0	0.0	0.0	0.0	0.0	0.0	0.0	0.0	0.0	0.0	0.0	0.0	0.0	0.0	0.0	0.0	0.0	0.0	0.0	0.0	0.0	0.0	0.0	0.0	0.0	0.0	0.0	0.0	0.0	0.0	0.0	0.0	0.0	0.0	0.0	0.0	0.0	0.0	0.0	0.0	0.0	0.0	0.0	0.0	0.0	0.0	0.0	0.0	0.0	0.0	0.0	0.0	0.0	0.0	0.0	0.0	0.0	0.0	0.0	0.0	0.0	0.0	0.0	0.0	0.0	0.0	0.0	0.0	0.0	0.0	0.0	0.0	0.0	0.0	0.0
37208.2425079652	78.08500531964819	6097.268055769486	1384453310.5315485	48475.55903227747	674.2935576958698	454671.8019501533	2349879823.491818	37055.15110577088	-65.16516012839566	4246.498094559447	1373084223.4715128	38068.52897261056	23414.97008635757	0.959972	34.90073	0.0608217999999998	0.0375598	0.0014427386	0.0110450566	0.0039224907	-0.018768544	0.0041640587	0.0382620508	0.0194014784	0.0060826351	0.0195059206	0.0025712737	0.0011560988	0.0248153882	-0.0024929755	-0.0230814621	0.0045406259	0.0063213182	-0.0286649515	-0.0200475586	0.0115693505	-0.017918536	0.0263330033	-0.0263535493	0.0080818677	0.0233480273	0.0003215067	-0.0363964543	-0.0059465857	-0.0187081556	-0.0034919312	0.0121597344	-0.0454878665	-0.0219428062	-0.0046263546	-0.0186128214	-0.0310634884	-0.024308514	0.0572211706	-0.037265517	-0.0171208358	0.0201133	0.0007962999999999	6.340936899999997e-07	0.00040454483689	0.205695	-0.0219229999999999	0.0004806179289999	0.042310433025	0.7405089999999999	-0.0064779999999999	0.5483535790809998	4.196448399999979e-05	0.0180872	-0.0005675999999999	3.221697599999977e-07	0.00032714680384	-0.00567894	6.488999999999974e-05	3.22503595236e-05	4.2107120999999666e-09	-0.00192868	0.0	0.0	3.719806542400001e-06	0.0	0.0	0.0	0.0	0.0	0.0	0.0	0.0	0.0	0.0	0.0	0.0	0.0	0.0	0.0	0.0	0.0	0.0	0.0	0.0	0.0	0.0	0.0	0.0	0.0	0.0	0.0	0.0	0.0	0.0	0.0	0.0	0.0	0.0	0.0	0.0	0.0	0.0	0.0	0.0	0.0	0.0	0.0	0.0	0.0	0.0	0.0	0.0	0.0	0.0	0.0	0.0	0.0	0.0	0.0	0.0	0.0	0.0	0.0	0.0	0.0	0.0	0.0	0.0	0.0	0.0	0.0	0.0	0.0	0.0	0.0	0.0	0.0	0.0	0.0	0.0	0.0	0.0
37111.80075196574	-96.44175599946176	9301.012300259716	1377285755.0536048	47834.39444215603	-641.1645901214433	411092.0316255984	2288129291.6477675	37075.84558527325	20.694479502373724	428.26148187416624	1374618325.863026	38049.50558536641	23882.42855560598	0.859893	31.262262	0.0563243999999999	0.0347847	0.0023919142	0.0132753874	0.0008223086	-0.0014041982	0.0115125492	0.0028897653	0.0019236636	-0.0014360479	0.0013834009	-0.0019449469	-0.0015172925	0.0230476429	0.0059997141	-0.0120863106	-0.0037402735	0.0142800765	-0.0180279352	-0.0031512656	0.0025317401	-0.0132068077	0.0123301147	-0.0141039209	-0.0142278287	0.0315719775	-0.0125817644	-0.0152400119	-0.0143562312	-0.0116000201	0.0050788102	0.01888955	0.0203633365	0.0105233151	-0.0241796107	-0.0461060395	-0.0313178767	-0.0237587926	0.0570933886	-0.0381808583	-0.0156716217	0.0150244	-0.0050889	2.5896903210000004e-05	0.00022573259536	0.215915	0.01022	0.0001044484	0.046619287225	0.711114	-0.0293949999999998	0.505683120996	0.0008640660249999	0.0182905	0.0002033	4.1330890000000006e-08	0.00033454239025	-0.00570805	-2.9109999999999726e-05	3.25818348025e-05	8.47392099999984e-10	-0.00192868	0.0	0.0	3.719806542400001e-06	0.0	0.0	0.0	0.0	0.0	0.0	0.0	0.0	0.0	0.0	0.0	0.0	0.0	0.0	0.0	0.0	0.0	0.0	0.0	0.0	0.0	0.0	0.0	0.0	0.0	0.0	0.0	0.0	0.0	0.0	0.0	0.0	0.0	0.0	0.0	0.0	0.0	0.0	0.0	0.0	0.0	0.0	0.0	0.0	0.0	0.0	0.0	0.0	0.0	0.0	0.0	0.0	0.0	0.0	0.0	0.0	0.0	0.0	0.0	0.0	0.0	0.0	0.0	0.0	0.0	0.0	0.0	0.0	0.0	0.0	0.0	0.0	0.0	0.0	0.0	0.0	0.0	0.0
37106.584859256975	-5.21589270876575	27.20553674935572	1376898639.917239	47796.59183968639	-37.80260246963735	1429.0367534774318	2284514191.489576	37137.57546262171	61.7298773484581	3810.577757455681	1379199511.241922	38097.73654913651	23440.289901627875	0.894613	32.524559	0.1401303700000001	0.0783858999999999	0.003428478	0.0118375521	-0.0048946063	0.0134544679	-0.0074546676	0.0444808782	-0.0259164623	-0.0060686027	-0.0250707204	-0.0003726007	-0.0020087596	0.0231152414	0.0080281124	-0.0111532208	-0.005273305	0.0236039535	0.0094217731	0.0122334647	-0.0051344486	-0.0315920017	-2.76534e-05	0.0043069559	-0.0089120623	0.0606977335	0.0053534242	-0.0187500392	-0.0276573125	-0.0205446341	0.009505941	-0.0404633999	-0.0242045845	-0.0061618485	0.0278477852	-0.023887745	-0.0315714065	-0.0232064657	0.0569515197	-0.0390794523	-0.014211667	0.00975253	-0.00527187	2.77926132969e-05	9.51118414009e-05	0.286316	0.070401	0.004956300801	0.081976851856	0.697256	-0.013858	0.4861659295359999	0.000192044164	0.0176954	-0.0005951	3.541440100000014e-07	0.00031312718116	-0.00574318	-3.5129999999999537e-05	3.29841165124e-05	1.2341168999999672e-09	-0.00231044	-0.0003817599999999	1.457406975999999e-07	5.3381329936e-06	0.0	0.0	0.0	0.0	0.0	0.0	0.0	0.0	0.0	0.0	0.0	0.0	0.0	0.0	0.0	0.0	0.0	0.0	0.0	0.0	0.0	0.0	0.0	0.0	0.0	0.0	0.0	0.0	0.0	0.0	0.0	0.0	0.0	0.0	0.0	0.0	0.0	0.0	0.0	0.0	0.0	0.0	0.0	0.0	0.0	0.0	0.0	0.0	0.0	0.0	0.0	0.0	0.0	0.0	0.0	0.0	0.0	0.0	0.0	0.0	0.0	0.0	0.0	0.0	0.0	0.0	0.0	0.0	0.0	0.0	0.0	0.0	0.0	0.0	0.0	0.0	0.0	0.0
37090.01239353148	-16.57246572549775	274.64662022279765	1375669019.3523183	48064.54497625704	267.9531365706498	71798.88339804931	2310200483.7746363	37063.97449045187	-73.60097216984286	5417.103104345983	1373738205.0288668	38059.31453227796	23679.010683600503	0.985828	35.840748	0.10643217	0.0540028	0.0015010534	0.0077161481	-0.001235237	-0.0067730699	0.0113929463	-0.004496454	0.0036971469	0.0001315258	0.0040184861	-0.0009271773	-0.0008171339	0.0204272925	0.0022263609	-0.0189066315	-0.0018812484	0.0041110153	-0.0198183913	-0.0090761442	0.007142474	-0.0278027102	0.0044808711	-0.0138170152	0.0066028622	0.028116057	0.0011239047	-0.0214949795	-0.0014198824	-0.034309343	-0.0004005831	0.0486112647	0.0202508706	-0.0157438155	-0.0169293976	-0.0506291294	-0.0318240706	-0.022651594	0.0567955989	-0.0399609048	-0.0127419724	0.0141652	0.0044126699999999	1.9471656528899988e-05	0.0002006528910399	0.267144	-0.019172	0.000367565584	0.071365916736	0.7438749999999998	0.0466189999999998	0.5533500156249997	0.0021733311609999	0.0178961	0.0002007	4.0280490000000633e-08	0.00032027039521	-0.00539396	0.0003492199999999	2.90948044816e-05	1.2195460839999994e-07	-0.00213579	0.00017465	3.050262250000005e-08	4.5615989241e-06	0.0	0.0	0.0	0.0	0.0	0.0	0.0	0.0	0.0	0.0	0.0	0.0	0.0	0.0	0.0	0.0	0.0	0.0	0.0	0.0	0.0	0.0	0.0	0.0	0.0	0.0	0.0	0.0	0.0	0.0	0.0	0.0	0.0	0.0	0.0	0.0	0.0	0.0	0.0	0.0	0.0	0.0	0.0	0.0	0.0	0.0	0.0	0.0	0.0	0.0	0.0	0.0	0.0	0.0	0.0	0.0	0.0	0.0	0.0	0.0	0.0	0.0	0.0	0.0	0.0	0.0	0.0	0.0	0.0	0.0	0.0	0.0	0.0	0.0	0.0	0.0	0.0	0.0
37115.717164092646	25.704770561169425	660.7352296023623	1377576460.6049216	48434.422740484304	369.8777642272617	136809.56046975777	2345893306.2039437	37075.95290697425	11.97841652238276	143.48246238369225	1374626283.9601722	38104.11644222862	23569.169119553942	0.8669869999999998	31.52018	0.1045665000000001	0.0558736	0.0011796768	0.0098301606	0.0045578383	-0.0172921574	0.0013509211	0.0430932754	0.0233211536	0.0054919693	0.0229017187	0.00088124	0.0007827006	0.0252402476	-0.0013414802	-0.0244585484	0.0050966511	0.0029008894	-0.0249371545	-0.0223570492	0.016186941	-0.0197747203	0.0099971112	-0.0202469356	0.0047620021	0.0166436467	0.0096861555	-0.035160555	0.0024283269	0.0143177412	0.0468996689	-0.0349394773	-0.0374168378	-0.0205675688	-0.0153235936	-0.0189381074	-0.0320758624	-0.0220942383	0.0566256646	-0.040824829	-0.011263545	0.0138427	-0.0003224999999999	1.0400624999999993e-07	0.0001916203432899	0.239034	-0.0281099999999999	0.0007901720999999	0.057137253156	0.7277709999999998	-0.016104	0.5296506284409997	0.000259338816	0.0170347	-0.0008614	7.42009960000003e-07	0.00029018100409	-0.00552605	-0.00013209	3.05372286025e-05	1.7447768100000135e-08	-0.00192868	0.0002071099999999	4.2894552099999887e-08	3.719806542400001e-06	0.0	0.0	0.0	0.0	0.0	0.0	0.0	0.0	0.0	0.0	0.0	0.0	0.0	0.0	0.0	0.0	0.0	0.0	0.0	0.0	0.0	0.0	0.0	0.0	0.0	0.0	0.0	0.0	0.0	0.0	0.0	0.0	0.0	0.0	0.0	0.0	0.0	0.0	0.0	0.0	0.0	0.0	0.0	0.0	0.0	0.0	0.0	0.0	0.0	0.0	0.0	0.0	0.0	0.0	0.0	0.0	0.0	0.0	0.0	0.0	0.0	0.0	0.0	0.0	0.0	0.0	0.0	0.0	0.0	0.0	0.0	0.0	0.0	0.0	0.0	0.0	0.0	0.0
37025.19561864807	-90.5215454445788	8194.150189674945	1370865110.599156	47326.93620524474	-1107.4865352395643	1226526.425736935	2239838890.575305	37070.097940701286	-5.854966272963793	34.280630057543526	1374192161.3331857	37996.78947562591	23929.782653386497	1.085997	39.482506	0.11086573	0.0601523	0.0030684689	0.0117800186	-0.0064671877	0.0198579613	-0.0015453007	-0.0126355005	-0.0203501368	-0.0045901571	-0.0205729192	-0.0007177435	-0.0022814709	0.0195907673	0.0097415792	-0.0078701427	-0.0114269033	0.0218853966	0.0044795408	0.0069157699	-0.0053359011	-0.0277467648	-0.0014448637	-0.0046301072	-0.0161700516	0.0375368236	0.00089172	0.0018403237	-0.0148305856	-0.0260875032	-0.0293332114	0.0248524871	0.0064672027	0.007344237	0.0066492981	-0.0469558224	-0.0323267747	-0.0215344597	0.0564417587	-0.0416708462	-0.0097773982	-0.00594803	-0.01979073	0.0003916729939329	3.53790608809e-05	0.2291	-0.0099339999999999	9.868435599999997e-05	0.05248681	0.700244	-0.0275269999999998	0.4903416595359999	0.0007577357289999	0.0179031	0.0008684	7.541185600000032e-07	0.00032052098961	-0.00572993	-0.00020388	3.28320978049e-05	4.1567054400000015e-08	-0.00192868	0.0	0.0	3.719806542400001e-06	0.0	0.0	0.0	0.0	0.0	0.0	0.0	0.0	0.0	0.0	0.0	0.0	0.0	0.0	0.0	0.0	0.0	0.0	0.0	0.0	0.0	0.0	0.0	0.0	0.0	0.0	0.0	0.0	0.0	0.0	0.0	0.0	0.0	0.0	0.0	0.0	0.0	0.0	0.0	0.0	0.0	0.0	0.0	0.0	0.0	0.0	0.0	0.0	0.0	0.0	0.0	0.0	0.0	0.0	0.0	0.0	0.0	0.0	0.0	0.0	0.0	0.0	0.0	0.0	0.0	0.0	0.0	0.0	0.0	0.0	0.0	0.0	0.0	0.0	0.0	0.0	0.0	0.0
37027.389437524165	2.1938188760977937	4.812841261122987	1371027568.558076	47839.4019943165	512.4657890717572	262621.1849689387	2288608383.1738133	37089.51812185015	19.42018114886741	377.14343585482527	1375632354.511051	38063.540569490135	23491.56452099812	0.8307139999999998	30.201448	0.0859237599999998	0.0539203	0.0023850523	0.0080469688	-0.0060761578	0.0066107008	-0.0077011508	0.0229781274	-0.0082953074	-0.0021826174	-0.0084902078	-7.428e-07	-0.0021828023	0.0177649328	0.0046357374	-0.0124401655	0.0056288393	0.0116525015	-0.0147985747	0.0017553408	0.0004346308	-0.0140692941	-0.010499193	-0.0067638455	0.0003455178	0.026655293	-0.0072128455	-0.0101925144	-0.01901737	-0.0045081194	0.0675217465	-0.0261257208	0.0131200759	0.0013332553	-0.0129140978	-0.0245266495	-0.0325768008	-0.0209723196	0.0562439267	-0.0424985851	-0.0082845504	-0.00592827	1.9759999999999743e-05	3.9045759999998974e-10	3.5144385192900005e-05	0.274499	0.0453989999999999	0.0020610692009999	0.075349701001	0.70121	0.000966	0.4916954641	9.331560000000432e-07	0.0182278	0.0003246999999999	1.054300899999982e-07	0.0003322526928399	-0.00578523	-5.529999999999945e-05	3.34688861529e-05	3.058089999999939e-09	-0.00233946	-0.0004107799999999	1.6874020839999974e-07	5.473073091599999e-06	0.0	0.0	0.0	0.0	0.0	0.0	0.0	0.0	0.0	0.0	0.0	0.0	0.0	0.0	0.0	0.0	0.0	0.0	0.0	0.0	0.0	0.0	0.0	0.0	0.0	0.0	0.0	0.0	0.0	0.0	0.0	0.0	0.0	0.0	0.0	0.0	0.0	0.0	0.0	0.0	0.0	0.0	0.0	0.0	0.0	0.0	0.0	0.0	0.0	0.0	0.0	0.0	0.0	0.0	0.0	0.0	0.0	0.0	0.0	0.0	0.0	0.0	0.0	0.0	0.0	0.0	0.0	0.0	0.0	0.0	0.0	0.0	0.0	0.0	0.0	0.0	0.0	0.0
37024.84243020661	-2.547007317552925	6.487246275668147	1370838956.981628	47939.00485272882	99.6028584123269	9920.729403906038	2298148186.269957	37015.78481447991	-73.73330737023934	5436.600615754192	1370168325.4318817	38005.29591716923	23704.3176347197	0.830144	30.180704	0.08053674	0.0387263	0.0016795301	0.0071429188	-0.0024822231	-0.0069488069	0.0042493011	-0.0097376527	0.0092964366	0.0049025079	0.0097405671	0.0028826017	-0.0014883386	0.0149923665	0.0052296712	-0.0157635224	-0.0021669792	0.0051263141	-0.0221484603	-0.0005083035	0.003923644	-0.023312088	-0.0114576898	-0.0088818127	0.0069022639	0.0217385907	-0.0013042353	-0.0146978743	-0.0013840166	-0.0343192506	-0.0252493036	0.01724949	-0.0197300603	-0.0094437682	0.0159288346	-0.0239380984	-0.0328259338	-0.0204078796	0.0560322174	-0.0433076828	-0.0067860248	-0.00600701	-7.873999999999989e-05	6.199987599999982e-09	3.60841691401e-05	0.256259	-0.0182399999999999	0.0003326975999999	0.065668675081	0.7268139999999998	0.0256039999999998	0.5282585905959998	0.0006555648159999	0.0183793	0.0001515	2.2952250000000704e-08	0.00033779866849	-0.00561523	0.00017	3.15308079529e-05	2.8900000000000004e-08	-0.00192868	0.0004107799999999	1.6874020839999974e-07	3.719806542400001e-06	0.0	0.0	0.0	0.0	0.0	0.0	0.0	0.0	0.0	0.0	0.0	0.0	0.0	0.0	0.0	0.0	0.0	0.0	0.0	0.0	0.0	0.0	0.0	0.0	0.0	0.0	0.0	0.0	0.0	0.0	0.0	0.0	0.0	0.0	0.0	0.0	0.0	0.0	0.0	0.0	0.0	0.0	0.0	0.0	0.0	0.0	0.0	0.0	0.0	0.0	0.0	0.0	0.0	0.0	0.0	0.0	0.0	0.0	0.0	0.0	0.0	0.0	0.0	0.0	0.0	0.0	0.0	0.0	0.0	0.0	0.0	0.0	0.0	0.0	0.0	0.0	0.0	0.0
36999.281673602665	-25.560756603947084	653.3522781662244	1368946844.36259	47751.33458257739	-187.67027015143685	35220.13029871329	2280189954.417251	37043.938301391936	28.153486912022345	792.6188253054135	1372253364.8773324	38036.76296829313	23962.66902871877	0.764688	27.800985	0.07765755	0.0340947	0.0020330978	0.0099043544	-0.0024030142	-0.0013745965	0.0004869946	-0.013871121	0.0075173366	0.0026883305	0.0071156431	0.0013297335	-0.0005685487	0.0175959395	0.0002713482	-0.0184294733	0.0070887041	6.7837e-06	-0.0247900798	-0.0110454011	0.007313744	-0.0201620786	-0.0093947438	-0.0223435286	-0.004988217	0.0100984181	-0.0095912105	-0.0194903709	0.0072849426	0.0134473831	0.0398605527	0.0121626521	0.0224340291	0.0055447849	-0.0290519982	-0.046491022	-0.0330741668	-0.0198412017	0.0558066829	-0.0440977843	-0.0052828484	0.00829554	0.01430255	0.0002045629365025	6.881598389160001e-05	0.244113	-0.012146	0.000147525316	0.0595911567689999	0.719554	-0.0072599999999998	0.5177579589160001	5.2707599999997415e-05	0.0179222	-0.0004571	2.089404100000018e-07	0.00032120525284	-0.00573641	-0.00012118	3.29063996881e-05	1.468459240000006e-08	-0.00222938	-0.0003006999999999	9.042048999999992e-08	4.9701351844e-06	0.0	0.0	0.0	0.0	0.0	0.0	0.0	0.0	0.0	0.0	0.0	0.0	0.0	0.0	0.0	0.0	0.0	0.0	0.0	0.0	0.0	0.0	0.0	0.0	0.0	0.0	0.0	0.0	0.0	0.0	0.0	0.0	0.0	0.0	0.0	0.0	0.0	0.0	0.0	0.0	0.0	0.0	0.0	0.0	0.0	0.0	0.0	0.0	0.0	0.0	0.0	0.0	0.0	0.0	0.0	0.0	0.0	0.0	0.0	0.0	0.0	0.0	0.0	0.0	0.0	0.0	0.0	0.0	0.0	0.0	0.0	0.0	0.0	0.0	0.0	0.0	0.0	0.0
36957.52662091941	-41.75505268325651	1743.4844245815266	1365858773.9359667	47908.26764176355	156.93305918616534	24627.98506552847	2295202108.434849	36934.36010407381	-109.57819731812924	12007.381327490866	1364146956.2973988	37926.45986556561	23216.426887142872	0.889599	32.342251	0.0415253599999999	0.0248428	0.0007685449	0.0033012021	-0.0007952584	-0.0083272336	0.0009170798	-0.0122408939	0.0135497675	0.005285209	0.0136904238	0.0031697843	-0.0030443119	0.0159185957	0.0029497835	-0.0169517287	0.0010660787	-0.0012864227	-0.0251087242	-0.0098476802	0.0106466747	-0.0131561052	-0.0178005807	-0.0173699143	0.0045786802	0.0175517688	-0.0049513477	-0.0252649739	0.0058722128	-0.0154931629	-0.0138571292	-0.0080001034	-0.0374731876	-0.0074064026	0.0096634602	-0.0286018816	-0.0333214931	-0.019272348	0.055567379	-0.044868543	-0.0037760514	0.0124049	0.0041093599999999	1.6886839609599996e-05	0.00015388154401	0.244413	0.0002999999999999	8.999999999999685e-08	0.059737714569	0.69738	-0.022174	0.4863388644	0.000491686276	0.0179708	4.859999999999934e-05	2.361959999999936e-09	0.0003229496526399	-0.00588625	-0.00014984	3.46479390625e-05	2.2452025600000013e-08	-0.00232978	-0.0001004	1.0080160000000013e-08	5.4278748484e-06	0.0	0.0	0.0	0.0	0.0	0.0	0.0	0.0	0.0	0.0	0.0	0.0	0.0	0.0	0.0	0.0	0.0	0.0	0.0	0.0	0.0	0.0	0.0	0.0	0.0	0.0	0.0	0.0	0.0	0.0	0.0	0.0	0.0	0.0	0.0	0.0	0.0	0.0	0.0	0.0	0.0	0.0	0.0	0.0	0.0	0.0	0.0	0.0	0.0	0.0	0.0	0.0	0.0	0.0	0.0	0.0	0.0	0.0	0.0	0.0	0.0	0.0	0.0	0.0	0.0	0.0	0.0	0.0	0.0	0.0	0.0	0.0	0.0	0.0	0.0	0.0	0.0	0.0
36968.344016122806	10.81739520339761	117.0160389864896	1366658459.2944028	47939.31816730228	31.0505255387252	964.1351362310256	2298178226.345838	36902.003728936674	-32.356375137133	1046.9350120148786	1361757879.210456	37920.76642817983	23502.02237634936	0.775707	28.201593	0.0674002	0.0382574	0.0005378884	0.0058472797	0.0022610809	-0.0152881683	0.0101289297	-0.0373014848	0.0253210521	0.0067451696	0.0249028439	0.0013237644	0.0007325565	0.0161375873	-0.0031622361	-0.0182516591	0.0097965218	-0.0019008481	-0.0297686932	-0.019236988	0.0128110726	0.0019654056	-0.0134056404	-0.0214645816	-0.0067322552	-0.0034376497	-0.0254827583	-0.0195331686	0.0004842481	-0.028936722	0.0163400698	0.0188146491	0.0160889943	0.0111402056	-0.0338507232	-0.0384737972	-0.0335679058	-0.0187013809	0.0553143646	-0.0456196209	-0.0022666665	0.0142791	0.0018741999999999	3.512625639999998e-06	0.0002038926968099	0.213293	-0.0311199999999999	0.0009684543999999	0.045493903849	0.69234	-0.00504	0.4793346755999999	2.5401600000000448e-05	0.0179053	-6.549999999999959e-05	4.2902499999999456e-09	0.0003205997680899	-0.00628481	-0.00039856	3.94988367361e-05	1.5885007360000005e-07	-0.00245304	-0.00012326	1.5193027600000008e-08	6.0174052416e-06	0.0	0.0	0.0	0.0	0.0	0.0	0.0	0.0	0.0	0.0	0.0	0.0	0.0	0.0	0.0	0.0	0.0	0.0	0.0	0.0	0.0	0.0	0.0	0.0	0.0	0.0	0.0	0.0	0.0	0.0	0.0	0.0	0.0	0.0	0.0	0.0	0.0	0.0	0.0	0.0	0.0	0.0	0.0	0.0	0.0	0.0	0.0	0.0	0.0	0.0	0.0	0.0	0.0	0.0	0.0	0.0	0.0	0.0	0.0	0.0	0.0	0.0	0.0	0.0	0.0	0.0	0.0	0.0	0.0	0.0	0.0	0.0	0.0	0.0	0.0	0.0	0.0	0.0
37016.813519234216	48.46950311140972	2349.2927318669567	1370244483.1177611	47904.451432214526	-34.866735087751294	1215.6892156794272	2294836467.0214005	37024.424424347744	122.42069541107048	14986.826664930091	1370808003.9542377	38019.15365782621	23207.272074972447	0.821261	29.85775	0.1261696900000002	0.0637325	0.0016446428	0.0053942726	8.9033e-06	-0.0064490975	-0.0001849639	-0.0022177176	0.0055186927	0.0037694421	0.0064266709	0.0036216022	-0.0023558472	0.012551079	0.0071707797	-0.0136433859	-0.006164906	0.0149467826	-0.0224240392	-0.0040621029	0.0070380367	-0.0178530471	-0.0095991916	-0.0161010998	0.0110047568	-0.006102499	-0.0151281198	-0.0359844124	-0.0257713414	-0.0137669024	0.0158026351	-0.0215974061	-0.0388089026	-0.015106248	0.0074071421	-0.0137821749	-0.0338133983	-0.0181283629	0.0550477023	-0.0463506885	-0.0007557282	0.00998191	-0.0042971899999999	1.8465841896099995e-05	9.96385272481e-05	0.172596	-0.040697	0.001656245809	0.029789379216	0.734886	0.042546	0.5400574329960001	0.001810162116	0.0180802	0.0001749	3.0590010000000756e-08	0.00032689363204	-0.00580887	0.00047594	3.37429706769e-05	2.265188836000002e-07	-0.00233129	0.0001217499999999	1.4823062499999977e-08	5.434913064100001e-06	0.0	0.0	0.0	0.0	0.0	0.0	0.0	0.0	0.0	0.0	0.0	0.0	0.0	0.0	0.0	0.0	0.0	0.0	0.0	0.0	0.0	0.0	0.0	0.0	0.0	0.0	0.0	0.0	0.0	0.0	0.0	0.0	0.0	0.0	0.0	0.0	0.0	0.0	0.0	0.0	0.0	0.0	0.0	0.0	0.0	0.0	0.0	0.0	0.0	0.0	0.0	0.0	0.0	0.0	0.0	0.0	0.0	0.0	0.0	0.0	0.0	0.0	0.0	0.0	0.0	0.0	0.0	0.0	0.0	0.0	0.0	0.0	0.0	0.0	0.0	0.0	0.0	0.0
37059.45429890747	42.64077967325284	1818.2360911428923	1373403152.9328113	47874.67343125185	-29.778000962673104	886.7293413329603	2291984356.149012	37082.74335905359	58.31893470584328	3401.0981452244114	1375129855.033433	38056.01940184119	23680.38942421983	0.763636	27.762768	0.1327573770000001	0.0796622	0.0011281084	0.005793452	0.0015587451	-0.0082566928	0.0026889085	-0.0371834575	0.0071705381	0.0027101834	0.0070258752	0.001248892	-0.0025682468	0.0107755321	0.0064606141	-0.0209143701	0.0017629328	0.0071766188	-0.0222735029	-0.0056992672	-0.0003917228	-0.0370118103	-0.0129709928	-0.0100808682	-0.0080414407	-0.0116595499	0.00446154	-0.0197740966	0.0104588294	-0.0167226085	-0.0079318154	0.0335105724	0.0141354636	-0.0194966896	-0.022543568	-0.0289881134	-0.0340579638	-0.017553357	0.0547674578	-0.0470614252	0.0007557282	0.000568533	-0.009413377	8.861166654412901e-05	3.23229772089e-07	0.244342	0.071746	0.005147488516	0.059703012964	0.76382	0.028934	0.5834209924000001	0.000837176356	0.0179894	-9.0800000000002e-05	8.244640000000362e-09	0.00032361851236	-0.00551036	0.00029851	3.03640673296e-05	8.910822010000007e-08	-0.00226732	6.397e-05	4.0921608999999995e-09	5.1407399824000005e-06	0.0	0.0	0.0	0.0	0.0	0.0	0.0	0.0	0.0	0.0	0.0	0.0	0.0	0.0	0.0	0.0	0.0	0.0	0.0	0.0	0.0	0.0	0.0	0.0	0.0	0.0	0.0	0.0	0.0	0.0	0.0	0.0	0.0	0.0	0.0	0.0	0.0	0.0	0.0	0.0	0.0	0.0	0.0	0.0	0.0	0.0	0.0	0.0	0.0	0.0	0.0	0.0	0.0	0.0	0.0	0.0	0.0	0.0	0.0	0.0	0.0	0.0	0.0	0.0	0.0	0.0	0.0	0.0	0.0	0.0	0.0	0.0	0.0	0.0	0.0	0.0	0.0	0.0
36991.33291312806	-68.12138577940641	4640.523200506714	1368358710.6898715	47900.51369733042	25.84026607856504	667.719351011039	2294459212.468139	37068.675476442506	-14.067882611081586	197.90532115917168	1374086701.57781	38046.3100813231	23345.41564350471	0.785061	28.541668	0.0715621529999999	0.0405146	0.0014101159	0.0034499901	-0.0002850628	0.0020664358	-0.0081916835	0.017346003	-0.0071093414	-0.0001950037	-0.0065558099	0.0017416534	-0.0041605172	0.0042084227	0.0099391531	-0.0137988776	-0.0090262901	0.0105710317	-0.0190180229	0.0068520708	0.0025580793	-0.0315238017	-0.0113624227	-0.0009775751	0.0054742248	-0.0024677074	0.0084927639	-0.0031108878	-0.0075766871	0.0315495527	0.0402305284	-0.0282436824	-0.01492501	-0.0150068527	-0.0082706252	-0.003613952	-0.0343015956	-0.0169764261	0.0544737002	-0.0477515192	0.0022666665	-0.00920162	-0.009770153	9.5455889643409e-05	8.466981062440001e-05	0.22849	-0.015852	0.000251285904	0.0522076801	0.764039	0.0002189999999999	0.583755593521	4.796099999998652e-08	0.0186911	0.0007016999999999	4.923828899999994e-07	0.0003493572192099	-0.00538028	0.0001300799999999	2.8947412878400003e-05	1.6920806399999852e-08	-0.00234996	-8.263999999999971e-05	6.829369599999952e-09	5.5223120016e-06	0.0	0.0	0.0	0.0	0.0	0.0	0.0	0.0	0.0	0.0	0.0	0.0	0.0	0.0	0.0	0.0	0.0	0.0	0.0	0.0	0.0	0.0	0.0	0.0	0.0	0.0	0.0	0.0	0.0	0.0	0.0	0.0	0.0	0.0	0.0	0.0	0.0	0.0	0.0	0.0	0.0	0.0	0.0	0.0	0.0	0.0	0.0	0.0	0.0	0.0	0.0	0.0	0.0	0.0	0.0	0.0	0.0	0.0	0.0	0.0	0.0	0.0	0.0	0.0	0.0	0.0	0.0	0.0	0.0	0.0	0.0	0.0	0.0	0.0	0.0	0.0	0.0	0.0
36999.11327468898	7.78036156091548	60.53402601857117	1368934383.1132662	47729.219558788136	-171.29413854228187	29341.681898942457	2278078399.691004	36995.158594714245	-73.51688172826107	5404.731899047126	1368641759.448059	37963.07905142087	23559.35161348926	0.753256	27.385387	0.10283258	0.0483967	0.0016823569	0.0052722395	-0.0034023292	-0.0011403789	-0.0021038785	-0.0232313139	-0.0006314359	0.0028263884	5.41021e-05	0.0030779782	-0.0027552294	0.0082287709	0.007334334	-0.0148165372	0.0026159328	0.015418991	-0.0175618011	0.0020755734	-0.0042681095	-0.0283022862	-0.0175226344	-0.0044478647	-0.010297521	-0.000909713	-0.0050521688	-0.0249971263	-0.008927811	-0.0276649003	-0.0178344582	0.0233463658	-0.0073205511	-0.0045546856	-0.0041629904	-0.0213746448	-0.0345442869	-0.0163976336	0.054166502	-0.0484206678	0.0037760514	-0.0162272	-0.00702558	4.93587743364e-05	0.00026332201984	0.198984	-0.029506	0.000870604036	0.039594632256	0.7395009999999999	-0.0245380000000001	0.5468617290009998	0.000602113444	0.0182384	-0.0004527	2.049372900000003e-07	0.0003326392345599	-0.00575674	-0.0003764599999999	3.3140055427599994e-05	1.417221315999996e-07	-0.00234386	6.099999999999769e-06	3.7209999999997176e-11	5.493679699600001e-06	0.0	0.0	0.0	0.0	0.0	0.0	0.0	0.0	0.0	0.0	0.0	0.0	0.0	0.0	0.0	0.0	0.0	0.0	0.0	0.0	0.0	0.0	0.0	0.0	0.0	0.0	0.0	0.0	0.0	0.0	0.0	0.0	0.0	0.0	0.0	0.0	0.0	0.0	0.0	0.0	0.0	0.0	0.0	0.0	0.0	0.0	0.0	0.0	0.0	0.0	0.0	0.0	0.0	0.0	0.0	0.0	0.0	0.0	0.0	0.0	0.0	0.0	0.0	0.0	0.0	0.0	0.0	0.0	0.0	0.0	0.0	0.0	0.0	0.0	0.0	0.0	0.0	0.0
36984.56149084083	-14.551783848146442	211.75441316317568	1367857788.6697867	48063.24932311723	334.02976432909054	111575.88345774775	2310075935.496129	37046.29308392331	51.13448920906376	2614.735986671858	1372427831.259944	38069.92144496985	23679.899912811743	0.75076	27.294636	0.0941200000000001	0.0549574	0.0012901654	0.0038929437	-0.0021181337	-0.0061817593	-0.0087871748	0.0018590718	-0.0020316938	0.0022595839	-0.0006426872	0.0034308978	-0.0036462769	0.0040048828	0.0102201528	-0.0179578362	-0.0107955339	0.0037779919	-0.0163434574	0.0069777291	0.004842128	-0.0462442032	-0.0121168406	0.0027724974	0.0134858787	-0.0008041123	-0.0038456418	-0.0108556134	0.0003205291	0.0181808661	0.0464870523	-0.0317474406	-0.0050030492	-0.0209366236	-0.0106268794	-0.0088783265	-0.0347860312	-0.0158170429	0.0538459391	-0.0490685775	0.0052828484	0.0012858	0.017513	0.000306705169	1.6532816399999998e-06	0.246845	0.047861	0.002290675321	0.060932454025	0.756792	0.0172910000000001	0.5727341312640001	0.000298978681	0.018244	5.600000000001437e-06	3.1360000000016093e-11	0.000332843536	-0.00580822	-5.148000000000045e-05	3.37354195684e-05	2.650190400000046e-09	-0.00217184	0.00017202	2.959088040000005e-08	4.7168889856e-06	0.0	0.0	0.0	0.0	0.0	0.0	0.0	0.0	0.0	0.0	0.0	0.0	0.0	0.0	0.0	0.0	0.0	0.0	0.0	0.0	0.0	0.0	0.0	0.0	0.0	0.0	0.0	0.0	0.0	0.0	0.0	0.0	0.0	0.0	0.0	0.0	0.0	0.0	0.0	0.0	0.0	0.0	0.0	0.0	0.0	0.0	0.0	0.0	0.0	0.0	0.0	0.0	0.0	0.0	0.0	0.0	0.0	0.0	0.0	0.0	0.0	0.0	0.0	0.0	0.0	0.0	0.0	0.0	0.0	0.0	0.0	0.0	0.0	0.0	0.0	0.0	0.0	0.0
36936.00460200968	-48.55688883115363	2357.771452961012	1364268435.95968	47726.723674466826	-336.5256486504004	113249.51219957274	2277840152.698912	37010.55796270742	-35.7351212158901	1276.998888314359	1369781400.7109256	37982.97819969847	23503.145463239107	0.792246	28.802896	0.10477548	0.0453204	0.0009780837	0.002115809	-0.0020301637	-0.0036251307	0.0023868832	-0.0373581025	0.0074152002	0.0047822111	0.0073764572	0.0031347298	-0.0028902099	0.0008996136	0.0049472104	-0.023733546	0.0029923155	-0.0023929695	-0.0221207265	0.0010490163	-0.0020697694	-0.0476321323	-0.0201682937	-0.0084471298	-0.0076392937	-0.0065585453	0.004892444	-0.0332525769	0.0132086587	-0.0173868003	-0.0315893077	0.0182257928	-0.0157757733	-0.0276512398	-0.0050124918	-0.0095147848	-0.0350268219	-0.0152347176	0.0535120905	-0.0496949641	0.0067860248	0.00706828	0.0057824799999999	3.34370749504e-05	4.99605821584e-05	0.224872	-0.021973	0.000482812729	0.0505674163839999	0.781451	0.0246589999999999	0.610665665401	0.0006080662809999	0.0185292	0.0002851999999999	8.133903999999964e-08	0.0003433312526399	-0.00528936	0.00051886	2.79773292096e-05	2.692156996000004e-07	-0.00192868	0.0002431599999999	5.9126785599999936e-08	3.719806542400001e-06	0.0	0.0	0.0	0.0	0.0	0.0	0.0	0.0	0.0	0.0	0.0	0.0	0.0	0.0	0.0	0.0	0.0	0.0	0.0	0.0	0.0	0.0	0.0	0.0	0.0	0.0	0.0	0.0	0.0	0.0	0.0	0.0	0.0	0.0	0.0	0.0	0.0	0.0	0.0	0.0	0.0	0.0	0.0	0.0	0.0	0.0	0.0	0.0	0.0	0.0	0.0	0.0	0.0	0.0	0.0	0.0	0.0	0.0	0.0	0.0	0.0	0.0	0.0	0.0	0.0	0.0	0.0	0.0	0.0	0.0	0.0	0.0	0.0	0.0	0.0	0.0	0.0	0.0
36852.09182405885	-83.91277795082715	7041.354303424823	1358076671.8088653	47705.34170315277	-21.38197131405468	457.1886972750573	2275799627.014567	37006.04927649736	-4.508686210057931	20.32825134076655	1369447683.054551	37990.50675084521	23472.33324519958	0.7939129999999999	28.863489	0.1567527699999999	0.0910986	0.0011888298	0.0023849318	-0.003110217	-0.0006021657	-0.0064100868	-0.0177187967	-0.0014142885	0.0054955947	-0.0001465868	0.0057688141	-0.0037939474	-0.0045603543	0.012214961	-0.0145412771	-0.0118839084	-0.0030373807	-0.0232943898	0.0209041944	0.0006321336	-0.0458211406	-0.0324543641	0.0042788545	0.0126659726	0.00515292	0.0131997866	0.001103182	0.0131147939	0.0260826674	0.0439100067	-0.0227958169	0.0239098176	-0.0083190651	-0.0005943944	-0.0125217361	-0.0352666522	-0.0146507218	0.0531650386	-0.0502995528	0.0082845504	-0.00321399	-0.01028227	0.0001057250763528	1.03297317201e-05	0.305655	0.080783	0.006525893089	0.093424979025	0.774757	-0.0066939999999999	0.600248409049	4.48096359999997e-05	0.0188646	0.0003353999999999	1.1249315999999973e-07	0.0003558731331599	-0.00559535	-0.0003059899999999	3.13079416225e-05	9.362988009999994e-08	-0.00246716	-0.0005384799999999	2.899607103999998e-07	6.086878465599999e-06	0.0	0.0	0.0	0.0	0.0	0.0	0.0	0.0	0.0	0.0	0.0	0.0	0.0	0.0	0.0	0.0	0.0	0.0	0.0	0.0	0.0	0.0	0.0	0.0	0.0	0.0	0.0	0.0	0.0	0.0	0.0	0.0	0.0	0.0	0.0	0.0	0.0	0.0	0.0	0.0	0.0	0.0	0.0	0.0	0.0	0.0	0.0	0.0	0.0	0.0	0.0	0.0	0.0	0.0	0.0	0.0	0.0	0.0	0.0	0.0	0.0	0.0	0.0	0.0	0.0	0.0	0.0	0.0	0.0	0.0	0.0	0.0	0.0	0.0	0.0	0.0	0.0	0.0
36874.7190383403	22.627214281448687	511.9908261385954	1359744904.1565366	47654.563514745634	-50.77818840713735	2578.424417910738	2270957423.7809258	36923.61674502023	-82.43253147713403	6795.122245728693	1363353473.533138	37894.69353070176	23415.211562202843	0.793863	28.861677	0.1387723600000001	0.0864309	0.0009338414	0.0008997624	-0.003236602	-0.0045737683	0.0001914722	-0.0299471791	0.0062614702	0.0055443065	0.0068994231	0.0044233871	-0.002330313	-0.0042228417	0.0052165902	-0.0199708775	0.0030229847	0.0016617583	-0.0298293034	0.0100972643	-0.0058784875	-0.0317830781	-0.0383632526	-0.0034365248	-0.0013001004	-0.0082402198	-0.0047400819	-0.0212962026	0.0025066918	-0.0250802667	-0.0263659479	0.0086966118	-0.0303957659	-0.0201167023	0.0170222135	-0.000714557	-0.0355055157	-0.0140651193	0.052804869	-0.0508820785	0.0097773982	0.00235087	0.00556486	3.0967666819599995e-05	5.526589756900001e-06	0.225705	-0.07995	0.0063920025	0.0509427470249999	0.7743	-0.000457	0.59954049	2.088490000000372e-07	0.0190766	0.000212	4.494400000000016e-08	0.0003639166675599	-0.00619065	-0.0005953	3.83241474225e-05	3.5438209e-07	-0.00271587	-0.00024871	6.185666410000004e-08	7.3759498569e-06	0.0	0.0	0.0	0.0	0.0	0.0	0.0	0.0	0.0	0.0	0.0	0.0	0.0	0.0	0.0	0.0	0.0	0.0	0.0	0.0	0.0	0.0	0.0	0.0	0.0	0.0	0.0	0.0	0.0	0.0	0.0	0.0	0.0	0.0	0.0	0.0	0.0	0.0	0.0	0.0	0.0	0.0	0.0	0.0	0.0	0.0	0.0	0.0	0.0	0.0	0.0	0.0	0.0	0.0	0.0	0.0	0.0	0.0	0.0	0.0	0.0	0.0	0.0	0.0	0.0	0.0	0.0	0.0	0.0	0.0	0.0	0.0	0.0	0.0	0.0	0.0	0.0	0.0
36827.15162012821	-47.56741821209289	2262.659275364146	1356239096.4519117	47449.92138324756	-204.6421314980762	41878.40198407591	2251495039.276374	37041.753128964105	118.13638394387816	13956.205211335397	1372091474.867122	38014.28050906889	23809.122339778914	0.842341	30.624163	0.052956622	0.0264726	0.0019697623	0.0040156213	-0.0052386047	0.0058439819	-0.0010091647	-0.0357845261	-0.0041405834	0.0010853261	-0.0041580943	0.0021805008	-0.0041072725	-0.00599512	0.0124760897	-0.0118074326	-0.0111027246	0.005681019	-0.0298493917	0.022734667	-0.0010033193	-0.0424544966	-0.0399878162	-0.002651228	0.004338352	-0.0147645738	-0.008011336	-0.0056821687	-0.0070479267	0.017705943	0.0246604307	0.0025432509	0.032936165	-0.0007179788	-0.0051027767	-0.0236086105	-0.0357434058	-0.0134779744	0.0524316706	-0.0514422857	0.011263545	0.000293248	-0.002057622	4.2338082948840015e-06	8.599438950400001e-08	0.243664	0.017959	0.000322525681	0.059372144896	0.7777279999999999	0.0034279999999998	0.6048608419839998	1.1751183999999148e-05	0.0192055	0.0001289	1.6615210000000322e-08	0.00036885123025	-0.00587326	0.0003173899999999	3.44951830276e-05	1.0073641209999992e-07	-0.00257192	0.0001439499999999	2.0721602499999973e-08	6.6147724864e-06	0.0	0.0	0.0	0.0	0.0	0.0	0.0	0.0	0.0	0.0	0.0	0.0	0.0	0.0	0.0	0.0	0.0	0.0	0.0	0.0	0.0	0.0	0.0	0.0	0.0	0.0	0.0	0.0	0.0	0.0	0.0	0.0	0.0	0.0	0.0	0.0	0.0	0.0	0.0	0.0	0.0	0.0	0.0	0.0	0.0	0.0	0.0	0.0	0.0	0.0	0.0	0.0	0.0	0.0	0.0	0.0	0.0	0.0	0.0	0.0	0.0	0.0	0.0	0.0	0.0	0.0	0.0	0.0	0.0	0.0	0.0	0.0	0.0	0.0	0.0	0.0	0.0	0.0
36812.985187346894	-14.166432781312324	200.6878177474404	1355195878.403822	47478.67870746631	28.75732421875	826.9836962223053	2254224931.8068147	36932.23153102287	-109.52159794123143	11994.980415600752	1363989725.8610802	37884.54637563962	23066.92548409405	0.936471	34.046337	0.0829046383	0.0457118	0.0009796319	-0.0026865849	-0.0057316776	0.0054037839	-0.0024487554	-0.0351872888	-0.005468519	0.0027278712	-0.0052123828	0.0040586096	-0.0042475304	-0.0092365265	0.0082396665	-0.0212725514	-0.0029908092	0.003555068	-0.025823918	0.0133145868	-0.0091531954	-0.049679033	-0.0416439903	-0.0012972886	-0.0009028354	-0.0243724237	0.0003013227	-0.02322353	-0.003698488	-0.0076455076	-0.0251924106	0.0019201869	-0.0324305285	-0.0498610836	0.0349618834	0.0047187562	-0.035980316	-0.0128893515	0.0520455355	-0.0519799285	0.0127419724	-6.68903e-05	-0.0003601383	1.2969959512689005e-07	4.47431223409e-09	0.231727	-0.011937	0.000142491969	0.0536974025289999	0.808833	0.0311050000000001	0.654210821889	0.000967521025	0.018855	-0.0003505	1.2285025000000008e-07	0.000355511025	-0.00545854	0.00041472	2.97956589316e-05	1.719926784000003e-07	-0.00254709	2.482999999999999e-05	6.165288999999996e-10	6.487667468100001e-06	0.0	0.0	0.0	0.0	0.0	0.0	0.0	0.0	0.0	0.0	0.0	0.0	0.0	0.0	0.0	0.0	0.0	0.0	0.0	0.0	0.0	0.0	0.0	0.0	0.0	0.0	0.0	0.0	0.0	0.0	0.0	0.0	0.0	0.0	0.0	0.0	0.0	0.0	0.0	0.0	0.0	0.0	0.0	0.0	0.0	0.0	0.0	0.0	0.0	0.0	0.0	0.0	0.0	0.0	0.0	0.0	0.0	0.0	0.0	0.0	0.0	0.0	0.0	0.0	0.0	0.0	0.0	0.0	0.0	0.0	0.0	0.0	0.0	0.0	0.0	0.0	0.0	0.0
36753.39345676223	-59.59173058466695	3551.17435407553	1350811930.5875726	47521.40472267477	42.72601520846365	1825.512375593867	2258283906.816256	36875.112803414704	-57.11872760816914	3262.549043576223	1359773944.264559	37863.653322825296	23524.818898983187	0.8864269999999999	32.226925	0.1340930097	0.0701486	0.0007544518	0.0003358272	-0.0020092401	-0.0071846237	0.0018116486	-0.0671617419	0.0109935122	0.0060545952	0.0106616358	0.0036228669	-0.0041420148	-0.0058093361	0.0086644566	-0.0111575506	-0.0092549034	0.0034028411	-0.0342371318	0.0103368048	0.0012218801	-0.0288381673	-0.045098006	-0.0113198984	0.0043562455	-0.0285270457	-0.0114113481	0.0063559474	0.0084128802	0.0223886327	0.0010327309	0.0231917787	0.0297867589	0.0062120557	-0.0038501988	-0.0353756266	-0.0362162398	-0.0122993151	0.0516465589	-0.0524947712	0.014211667	-0.0091549	-0.0090880097	8.259192030729409e-05	8.381219401e-05	0.196568	-0.0351589999999999	0.0012361552809999	0.0386389786239999	0.755127	-0.053706	0.570216786129	0.002884334436	0.0187907	-6.429999999999977e-05	4.134489999999971e-09	0.00035309040649	-0.00596975	-0.00051121	3.56379150625e-05	2.613356641000007e-07	-0.00269438	-0.00014729	2.16943441e-08	7.259683584400001e-06	0.0	0.0	0.0	0.0	0.0	0.0	0.0	0.0	0.0	0.0	0.0	0.0	0.0	0.0	0.0	0.0	0.0	0.0	0.0	0.0	0.0	0.0	0.0	0.0	0.0	0.0	0.0	0.0	0.0	0.0	0.0	0.0	0.0	0.0	0.0	0.0	0.0	0.0	0.0	0.0	0.0	0.0	0.0	0.0	0.0	0.0	0.0	0.0	0.0	0.0	0.0	0.0	0.0	0.0	0.0	0.0	0.0	0.0	0.0	0.0	0.0	0.0	0.0	0.0	0.0	0.0	0.0	0.0	0.0	0.0	0.0	0.0	0.0	0.0	0.0	0.0	0.0	0.0
36795.49359213288	42.10013537065242	1772.4213982272593	1353908348.688692	47486.715563444166	-34.68915923060558	1203.3377681263084	2254988155.0034504	36956.916579706354	81.80377629165014	6691.857815574341	1365813683.0793743	37908.83439338907	22905.0362469474	0.939947	34.172714	0.1122120999999999	0.0729602	0.0015082161	-0.0019287089	-0.0071102249	0.0121803229	-0.0112741043	-0.0259022761	-0.0110029987	0.0023496418	-0.0111141	0.0043386652	-0.0035734955	-0.0085213447	0.0123637569	-0.0155866123	0.0008630422	0.0057304198	-0.0238516323	0.0185906437	-0.0083851619	-0.030863438	-0.0681153793	0.0018289562	-0.0056185292	-0.0092485837	-0.0032239954	-0.0292482114	-0.0184689189	-0.0167642235	-0.0072810559	-0.0367215383	-0.0299451804	-0.0258808631	0.0257924935	0.0062676964	-0.0364511706	-0.01170793	0.0512348393	-0.052986588	0.0156716217	-0.013311	-0.0041560999999999	1.7273167209999995e-05	0.000177182721	0.265639	0.069071	0.004770803041	0.070564078321	0.7614849999999999	0.0063579999999998	0.5798594052249998	4.0424163999998265e-05	0.0190496	0.0002588999999999	6.70292099999997e-08	0.00036288726016	-0.00617042	-0.00020067	3.80740829764e-05	4.0268448900000006e-08	-0.00288735	-0.0001929699999999	3.723742089999992e-08	8.3367900225e-06	0.0	0.0	0.0	0.0	0.0	0.0	0.0	0.0	0.0	0.0	0.0	0.0	0.0	0.0	0.0	0.0	0.0	0.0	0.0	0.0	0.0	0.0	0.0	0.0	0.0	0.0	0.0	0.0	0.0	0.0	0.0	0.0	0.0	0.0	0.0	0.0	0.0	0.0	0.0	0.0	0.0	0.0	0.0	0.0	0.0	0.0	0.0	0.0	0.0	0.0	0.0	0.0	0.0	0.0	0.0	0.0	0.0	0.0	0.0	0.0	0.0	0.0	0.0	0.0	0.0	0.0	0.0	0.0	0.0	0.0	0.0	0.0	0.0	0.0	0.0	0.0	0.0	0.0
36763.7252447006	-31.76834743227664	1009.227898577838	1351571493.8678365	47375.685968046506	-111.02959539766016	12327.571054168118	2244455620.9429584	36978.75912360078	21.842543894425035	477.0967237798844	1367428626.321288	37930.2173354121	23367.944563278685	0.7991089999999998	29.052404	0.09366973	0.0495466	0.0011668248	-0.0013266655	-0.0049494389	0.0050035439	-0.0015988876	-0.0720535714	-0.0058998148	0.0013583151	-0.0059274706	0.0029026968	-0.0046095801	-0.010399147	0.0116721654	-0.0161356871	-0.0096968885	0.0055500583	-0.0291954612	0.0176859841	-0.0015785317	-0.0389035217	-0.0566805876	-0.0044088941	0.0045167092	-0.0345382897	-0.0208339666	-0.0139068361	-0.0044440539	-0.0091052583	-0.0018170667	0.0220720382	0.0333754627	-0.0192384345	-0.0071701954	-0.0249104235	-0.0366851022	-0.0111152609	0.0508104782	-0.0534551631	0.0171208358	-0.00277977	0.0105312299999999	0.0001109068053128	7.7271212529e-06	0.226749	-0.03889	0.0015124321	0.051415109001	0.782537	0.0210520000000001	0.6123641563690001	0.000443186704	0.0187996	-0.00025	6.250000000000013e-08	0.00035342496016	-0.00600598	0.00016444	3.6071795760400005e-05	2.7040513600000024e-08	-0.00283786	4.948999999999969e-05	2.449260099999969e-09	8.053449379600001e-06	0.0	0.0	0.0	0.0	0.0	0.0	0.0	0.0	0.0	0.0	0.0	0.0	0.0	0.0	0.0	0.0	0.0	0.0	0.0	0.0	0.0	0.0	0.0	0.0	0.0	0.0	0.0	0.0	0.0	0.0	0.0	0.0	0.0	0.0	0.0	0.0	0.0	0.0	0.0	0.0	0.0	0.0	0.0	0.0	0.0	0.0	0.0	0.0	0.0	0.0	0.0	0.0	0.0	0.0	0.0	0.0	0.0	0.0	0.0	0.0	0.0	0.0	0.0	0.0	0.0	0.0	0.0	0.0	0.0	0.0	0.0	0.0	0.0	0.0	0.0	0.0	0.0	0.0
36808.91303941576	45.187794715158816	2041.936791219335	1354896079.1432717	47646.78765782361	271.1016897771042	73496.12620000124	2270216374.109732	36912.19049879148	-66.56862480929703	4431.381809000956	1362509807.4190722	37888.69044796236	22868.471300813668	0.792054	28.795927	0.0821968599999998	0.0403032	0.0010233555	-0.0037628153	-0.0047334138	0.0079356562	-0.0098923203	-0.0175246306	-0.0022364033	0.0029439518	-0.0022762121	0.0038029653	-0.0048712945	-0.0113432166	0.0066311043	-0.0240016788	0.0007453028	-0.0014871538	-0.0314521853	0.0079711474	-0.0028640023	-0.0482374151	-0.0626255683	-0.002041679	0.0011065993	-0.0273711191	-0.0059600746	-0.0348548311	0.0002657147	0.0055503653	0.0113492961	-0.0331483583	-0.0265291713	-0.050111118	0.0171294656	0.001375276	-0.036918028	-0.010521373	0.0503735805	-0.0539002911	0.0185583162	-0.00191091	0.0008688599999999	7.549176995999999e-07	3.6515770281e-06	0.25548	0.0287309999999999	0.0008254703609999	0.0652700304	0.7932949999999999	0.0107579999999998	0.6293169570249998	0.0001157345639999	0.0183905	-0.0004090999999999	1.6736280999999925e-07	0.00033821049025	-0.00586648	0.0001394999999999	3.4415587590400003e-05	1.9460249999999964e-08	-0.00254968	0.00028818	8.304771240000018e-08	6.5008681024e-06	0.0	0.0	0.0	0.0	0.0	0.0	0.0	0.0	0.0	0.0	0.0	0.0	0.0	0.0	0.0	0.0	0.0	0.0	0.0	0.0	0.0	0.0	0.0	0.0	0.0	0.0	0.0	0.0	0.0	0.0	0.0	0.0	0.0	0.0	0.0	0.0	0.0	0.0	0.0	0.0	0.0	0.0	0.0	0.0	0.0	0.0	0.0	0.0	0.0	0.0	0.0	0.0	0.0	0.0	0.0	0.0	0.0	0.0	0.0	0.0	0.0	0.0	0.0	0.0	0.0	0.0	0.0	0.0	0.0	0.0	0.0	0.0	0.0	0.0	0.0	0.0	0.0	0.0
36779.91391982111	-28.999119594649528	840.9489372647862	1352762067.9494507	47669.81947362819	23.03181580457749	530.4645392559855	2272411688.648301	36945.84767071362	33.65717192213924	1132.8052217964382	1364995660.1075752	37922.40319901316	23302.937637434625	0.799293	29.059113	0.0799193299999999	0.0387235	0.0004345911	-0.0025497827	-0.0001097851	8.94389e-05	0.0021294479	-0.0524305036	0.0108838019	0.0057537306	0.0102650637	0.0035653745	-0.0032444059	-0.0128119015	0.0046738393	-0.0203903465	-0.0072602255	-0.0050516914	-0.0408385677	0.0099797046	0.0040618993	-0.0326038499	-0.0584844315	-0.0133081492	0.0082601214	-0.0312460343	-0.0101772999	0.0002365964	0.0216729732	-0.0001679179	-0.0145451991	0.0307133998	0.0202897612	-0.0132443746	-0.0128274796	-0.0292496991	-0.0371499417	-0.0099263312	0.0499242538	-0.0543217765	0.0199830776	0.00298092	0.00489183	2.39300007489e-05	8.885884046400001e-06	0.233485	-0.0219949999999999	0.0004837800249999	0.054515245225	0.774518	-0.0187769999999998	0.5998781323240001	0.0003525757289999	0.0188124	0.0004218999999999	1.7799960999999946e-07	0.00035390639376	-0.00583561	3.087000000000055e-05	3.40543440721e-05	9.52956900000034e-10	-0.00278202	-0.00023234	5.398187560000007e-08	7.7396352804e-06	0.0	0.0	0.0	0.0	0.0	0.0	0.0	0.0	0.0	0.0	0.0	0.0	0.0	0.0	0.0	0.0	0.0	0.0	0.0	0.0	0.0	0.0	0.0	0.0	0.0	0.0	0.0	0.0	0.0	0.0	0.0	0.0	0.0	0.0	0.0	0.0	0.0	0.0	0.0	0.0	0.0	0.0	0.0	0.0	0.0	0.0	0.0	0.0	0.0	0.0	0.0	0.0	0.0	0.0	0.0	0.0	0.0	0.0	0.0	0.0	0.0	0.0	0.0	0.0	0.0	0.0	0.0	0.0	0.0	0.0	0.0	0.0	0.0	0.0	0.0	0.0	0.0	0.0
36824.775608929645	44.86168910853303	2012.5711496706708	1356064098.6480198	47545.624264685466	-124.19520894272137	15424.449924326216	2260586386.7186475	36976.820415620285	30.972744906663134	959.3109270532274	1367285248.0490332	37943.332955786274	22885.235818570087	0.846893	30.789644	0.07653922	0.0356871	0.0014113351	-0.0035142262	-0.0059865002	0.014301739	-0.016875321	-0.0072829654	-0.0121637941	0.0021900774	-0.0117119562	0.0047708246	-0.0044992393	-0.013934854	0.010083864	-0.0159821315	-0.0008295877	0.0065746908	-0.02600455	0.0237411283	-0.0069293974	-0.0385438076	-0.0575435369	0.0040291584	-0.0032577699	-0.0159593871	-0.02132069	-0.0069107003	-0.0114153513	0.0097109106	0.0321610906	-0.0484786766	-0.0197086028	-0.0216620629	0.0190520453	0.0050428157	-0.0373808369	-0.009330201	0.049462609	-0.0547194347	0.0213941436	-0.0121233	-0.01510422	0.0002281374618084	0.00014697440289	0.225055	-0.0084299999999999	7.106489999999988e-05	0.050649753025	0.757112	-0.017406	0.573218580544	0.000302968836	0.0189358	0.0001233999999999	1.5227559999999803e-08	0.00035856452164	-0.00631674	-0.00048113	3.99012042276e-05	2.314860769000006e-07	-0.00288947	-0.0001074499999999	1.1545502499999962e-08	8.349036880899999e-06	0.0	0.0	0.0	0.0	0.0	0.0	0.0	0.0	0.0	0.0	0.0	0.0	0.0	0.0	0.0	0.0	0.0	0.0	0.0	0.0	0.0	0.0	0.0	0.0	0.0	0.0	0.0	0.0	0.0	0.0	0.0	0.0	0.0	0.0	0.0	0.0	0.0	0.0	0.0	0.0	0.0	0.0	0.0	0.0	0.0	0.0	0.0	0.0	0.0	0.0	0.0	0.0	0.0	0.0	0.0	0.0	0.0	0.0	0.0	0.0	0.0	0.0	0.0	0.0	0.0	0.0	0.0	0.0	0.0	0.0	0.0	0.0	0.0	0.0	0.0	0.0	0.0	0.0
36835.70541245648	10.929803526836622	119.46060513525026	1356869193.2332757	47525.2201350063	-20.404129679169277	416.3285079643564	2258646548.880808	36983.14541460248	6.324998982192483	40.00561212473594	1367753044.7576325	37949.6037416621	23264.748654356303	0.833551	30.304577	0.0810660599999999	0.0367871	0.0002270664	-0.0033065546	-0.0004673219	5.87838e-05	0.0037608896	-0.0614358237	0.0037284289	0.0049539541	0.0045011795	0.0045431459	-0.0059951704	-0.015787093	0.0113208372	-0.0180117314	-0.0100469965	-0.0016569251	-0.0355619587	0.0208711746	-0.002816099	-0.0466589334	-0.0530242366	-0.0016790234	0.0068330297	-0.0295618074	-0.0193173502	-0.0088204392	0.0092810427	-0.0143516452	-0.0240211439	0.0314082592	0.0208834373	-0.0149988428	0.0036105039	-0.0192619402	-0.0376107072	-0.0087330475	0.0489887601	-0.0550930911	0.0227905472	0.00465926	0.01678256	0.0002816543201536	2.1708703747600003e-05	0.236462	0.011407	0.000130119649	0.055914277444	0.779062	0.02195	0.6069375998440001	0.0004818025	0.018797	-0.0001387999999999	1.9265439999999436e-08	0.000353327209	-0.00594717	0.00036957	3.53688310089e-05	1.3658198490000037e-07	-0.00277931	0.0001101599999999	1.213522559999995e-08	7.7245640761e-06	0.0	0.0	0.0	0.0	0.0	0.0	0.0	0.0	0.0	0.0	0.0	0.0	0.0	0.0	0.0	0.0	0.0	0.0	0.0	0.0	0.0	0.0	0.0	0.0	0.0	0.0	0.0	0.0	0.0	0.0	0.0	0.0	0.0	0.0	0.0	0.0	0.0	0.0	0.0	0.0	0.0	0.0	0.0	0.0	0.0	0.0	0.0	0.0	0.0	0.0	0.0	0.0	0.0	0.0	0.0	0.0	0.0	0.0	0.0	0.0	0.0	0.0	0.0	0.0	0.0	0.0	0.0	0.0	0.0	0.0	0.0	0.0	0.0	0.0	0.0	0.0	0.0	0.0
36860.14754692485	24.44213446836511	597.4179373696419	1358670477.18107	47580.30787405584	55.087739049544325	3034.658993590691	2263885697.3899403	36997.26272263268	14.117308030203276	199.2983860196419	1368797448.9675057	37960.97412669042	22996.75820623163	0.766961	27.883627	0.06211626	0.0318557	0.0007722723	-0.0037692374	-0.0028945528	0.0087267388	-0.0144884229	-0.0090534613	-0.005519021	0.004797119	-0.0049943383	0.0065051166	-0.0043875535	-0.0175300794	0.0089576463	-0.021681099	-0.0002573106	-0.0037047151	-0.0332882051	0.0223560888	-0.0060444587	-0.0527381345	-0.054124972	0.0089306682	0.0036124115	-0.0151557059	-0.0050261881	-0.0059055141	0.0114645265	0.025904837	0.0463384608	-0.0419744478	-0.0005970346	-0.0309322846	0.0100508842	-0.0022908036	-0.0378395465	-0.0081349364	0.0485028239	-0.0554425818	0.0241713312	-0.011969	-0.01662826	0.0002764990306275	0.000143256961	0.261641	0.025179	0.000633982041	0.068456012881	0.784359	0.0052969999999999	0.615219040881	2.805820899999996e-05	0.0187714	-2.5600000000000626e-05	6.553600000000317e-10	0.00035236545796	-0.00580629	0.0001408799999999	3.3713003564100005e-05	1.9847174399999853e-08	-0.00264555	0.00013376	1.7891737600000034e-08	6.9989348025e-06	0.0	0.0	0.0	0.0	0.0	0.0	0.0	0.0	0.0	0.0	0.0	0.0	0.0	0.0	0.0	0.0	0.0	0.0	0.0	0.0	0.0	0.0	0.0	0.0	0.0	0.0	0.0	0.0	0.0	0.0	0.0	0.0	0.0	0.0	0.0	0.0	0.0	0.0	0.0	0.0	0.0	0.0	0.0	0.0	0.0	0.0	0.0	0.0	0.0	0.0	0.0	0.0	0.0	0.0	0.0	0.0	0.0	0.0	0.0	0.0	0.0	0.0	0.0	0.0	0.0	0.0	0.0	0.0	0.0	0.0	0.0	0.0	0.0	0.0	0.0	0.0	0.0	0.0
36892.97266881664	32.82512189179397	1077.4886272111316	1361091432.3420515	47996.06793357524	415.7600595194017	172856.42709157645	2303622537.0843697	36896.9447612752	-100.317961357483	10063.693370921452	1361384532.7165933	37903.80117347405	23212.880252569048	0.8804349999999999	32.009098	0.1551990399999999	0.0695626	-0.0006276456	-0.0052223391	0.0015664726	-0.0157554935	0.0040476807	-0.0535641848	0.0192710785	0.0113445844	0.0203796649	0.0074712402	-0.0038828889	-0.0190238231	0.0059653818	-0.0191585625	-0.0031739072	-0.007807255	-0.0453020793	0.0150564833	0.0006025604	-0.0351395887	-0.0453931861	-0.0048627747	0.0122116024	-0.0210996799	-0.0167345156	0.0140888165	0.0232194178	-0.0114195363	-0.0274552508	0.0278466944	-0.0008486817	-0.0052536549	-0.0026943551	-0.0210355391	-0.0380673484	-0.0075359332	0.0480049204	-0.0557677536	0.0255355494	0.00262254	0.01459154	0.0002129130395716	6.8777160516e-06	0.212596	-0.049045	0.002405412025	0.045197059216	0.7553149999999998	-0.0290440000000001	0.5705007492249997	0.000843553936	0.0190633	0.0002918999999999	8.520560999999868e-08	0.0003634094068899	-0.00631064	-0.0005043499999999	3.9824177209600005e-05	2.5436892249999976e-07	-0.00309967	-0.00045412	2.062249744000001e-07	9.6079541089e-06	0.0	0.0	0.0	0.0	0.0	0.0	0.0	0.0	0.0	0.0	0.0	0.0	0.0	0.0	0.0	0.0	0.0	0.0	0.0	0.0	0.0	0.0	0.0	0.0	0.0	0.0	0.0	0.0	0.0	0.0	0.0	0.0	0.0	0.0	0.0	0.0	0.0	0.0	0.0	0.0	0.0	0.0	0.0	0.0	0.0	0.0	0.0	0.0	0.0	0.0	0.0	0.0	0.0	0.0	0.0	0.0	0.0	0.0	0.0	0.0	0.0	0.0	0.0	0.0	0.0	0.0	0.0	0.0	0.0	0.0	0.0	0.0	0.0	0.0	0.0	0.0	0.0	0.0
36941.391323824144	48.41865500750282	2344.366152735578	1364666392.9399097	47655.80101613411	-340.26691744113486	115781.5751048921	2271075370.489369	37082.95367890325	186.0089176280526	34599.317437159654	1375145453.551684	38044.72846616868	23193.10231349412	0.941455	34.227547	0.0535377499999999	0.0289212	0.0006489672	-0.0023179599	-6.59631e-05	0.008050182	-0.0168568032	-0.0108299387	-0.0073897551	0.0026694255	-0.0070700963	0.0045377966	-0.0038042822	-0.0183524818	0.0091132617	-0.0136139456	0.0012635853	0.0095721683	-0.0368760747	0.0263006433	-0.006315262	-0.0262873462	-0.0382596189	0.0064559627	-0.0111313846	-0.0150653117	-0.0304735939	0.0025854147	-0.0089222474	0.0122939906	0.0550936109	-0.0434828018	0.0040655263	0.0037304622	-0.006654492	0.005962918	-0.0382941066	-0.0069361036	0.0474951725	-0.0560684638	0.0268822669	0.00054979	-0.00207275	4.2962925625e-06	3.022690441e-07	0.211309	-0.001287	1.6563690000000266e-06	0.044651493481	0.733337	-0.0219779999999998	0.537783155569	0.0004830324839999	0.0189078	-0.0001554999999999	2.418024999999981e-08	0.0003575049008399	-0.00666437	-0.00035373	4.4413827496900005e-05	1.251249129e-07	-0.0030449	5.476999999999999e-05	2.999752899999999e-09	9.27141601e-06	0.0	0.0	0.0	0.0	0.0	0.0	0.0	0.0	0.0	0.0	0.0	0.0	0.0	0.0	0.0	0.0	0.0	0.0	0.0	0.0	0.0	0.0	0.0	0.0	0.0	0.0	0.0	0.0	0.0	0.0	0.0	0.0	0.0	0.0	0.0	0.0	0.0	0.0	0.0	0.0	0.0	0.0	0.0	0.0	0.0	0.0	0.0	0.0	0.0	0.0	0.0	0.0	0.0	0.0	0.0	0.0	0.0	0.0	0.0	0.0	0.0	0.0	0.0	0.0	0.0	0.0	0.0	0.0	0.0	0.0	0.0	0.0	0.0	0.0	0.0	0.0	0.0	0.0
36947.544672421616	6.153348597472359	37.86369896201505	1365121057.320591	47316.90135214566	-338.8996639884499	114852.98225148424	2238889153.568684	37074.64852106761	-8.305157835638965	68.9756466748753	1374529562.9607008	38005.796174045136	23364.599660701937	0.8263009999999998	30.041	0.07986706	0.044739	0.0010277884	-0.0043816107	-0.0041206688	0.0164519256	-0.0079104484	-0.0386537733	-0.0196242084	-0.001191247	-0.0190983287	0.0031271053	-0.0060277046	-0.0190836287	0.0114370908	-0.015699557	-0.008254729	0.0094765994	-0.0299262912	0.0290125632	-0.0086556475	-0.04969028	-0.0420269279	0.0060024842	0.0013771355	-0.010898589	-0.0270209728	-0.0118954953	-0.0108723254	-0.0254213573	-0.0188865271	0.0149987896	0.0025625551	-0.012856984	0.0008505498	-0.0202724091	-0.038519815	-0.0063355134	0.0469737057	-0.0563445805	0.0282105605	-0.00228677	-0.00283656	8.0460726336e-06	5.2293170329000005e-06	0.212309	0.001	1.000000000000002e-06	0.045075111481	0.75234	0.0190029999999999	0.5660154756	0.0003611140089999	0.0185858	-0.0003219999999999	1.036839999999996e-07	0.00034543196164	-0.00598197	0.0006824	3.5783965080899994e-05	4.656697600000008e-07	-0.00290875	0.00013615	1.8536822500000067e-08	8.4608265625e-06	0.0	0.0	0.0	0.0	0.0	0.0	0.0	0.0	0.0	0.0	0.0	0.0	0.0	0.0	0.0	0.0	0.0	0.0	0.0	0.0	0.0	0.0	0.0	0.0	0.0	0.0	0.0	0.0	0.0	0.0	0.0	0.0	0.0	0.0	0.0	0.0	0.0	0.0	0.0	0.0	0.0	0.0	0.0	0.0	0.0	0.0	0.0	0.0	0.0	0.0	0.0	0.0	0.0	0.0	0.0	0.0	0.0	0.0	0.0	0.0	0.0	0.0	0.0	0.0	0.0	0.0	0.0	0.0	0.0	0.0	0.0	0.0	0.0	0.0	0.0	0.0	0.0	0.0
37026.01946916799	78.47479674637725	6158.293724385222	1370926117.7312074	48113.63986365151	796.7385115058496	634792.2557165568	2314922340.929156	37039.795670233645	-34.85285083396593	1214.7212112546797	1371946463.292659	38066.13254477339	23382.04202899432	0.886382	32.2253	0.0871595579999998	0.0525866	0.0002003962	-0.0028505575	0.0002665038	-0.0058824211	-0.0087735697	-0.0040809037	0.0080179483	0.0063725089	0.0087706212	0.0048155692	-0.0020962568	-0.0167430546	0.00634275	-0.0246270255	0.00530131	0.0021459183	-0.0424367998	0.0062550624	-4.04785e-05	-0.041079295	-0.0179857991	-0.0060839516	0.0047912719	-0.0213096276	-0.0169699159	-0.0071379486	0.0013865539	0.0062726085	0.0615450887	-0.0022668643	0.0119964413	-0.0173522482	-0.0273917087	-0.0132105502	-0.0387444674	-0.0057342284	0.046440649	-0.0565959827	0.0295195201	-0.000883712	0.001403058	1.968571751364e-06	7.809468989440001e-07	0.166437	-0.0458719999999999	0.0021042403839999	0.027701274969	0.7598789999999999	0.0075389999999998	0.5774160946409997	5.683652099999776e-05	0.0182321	-0.0003536999999999	1.251036899999989e-07	0.00033240947041	-0.00583372	0.0001482499999999	3.4032289038399994e-05	2.1978062499999985e-08	-0.00276379	0.0001449599999999	2.1013401599999993e-08	7.6385351641e-06	0.0	0.0	0.0	0.0	0.0	0.0	0.0	0.0	0.0	0.0	0.0	0.0	0.0	0.0	0.0	0.0	0.0	0.0	0.0	0.0	0.0	0.0	0.0	0.0	0.0	0.0	0.0	0.0	0.0	0.0	0.0	0.0	0.0	0.0	0.0	0.0	0.0	0.0	0.0	0.0	0.0	0.0	0.0	0.0	0.0	0.0	0.0	0.0	0.0	0.0	0.0	0.0	0.0	0.0	0.0	0.0	0.0	0.0	0.0	0.0	0.0	0.0	0.0	0.0	0.0	0.0	0.0	0.0	0.0	0.0	0.0	0.0	0.0	0.0	0.0	0.0	0.0	0.0
36978.704665652505	-47.314803515488165	2238.690631709251	1367424598.7495503	47959.16956087085	-154.47030278066086	23861.07444114904	2300081944.968361	37045.32939726327	5.533727029622241	30.6221348383718	1372356430.151738	38025.09673839547	23209.706471212343	0.82642	30.045324	0.086706377	0.0514379	-0.0005401399	-0.0073454764	0.000960422	-0.0020375765	-0.0078375867	-0.0176982576	0.0084957267	0.0053451551	0.0085620574	0.0041529779	-0.0040253697	-0.0190480071	0.0025418435	-0.0208912488	0.004446592	-0.005904129	-0.0478271436	0.0100121033	0.004449438	-0.0296082442	-0.034299945	-0.0106499874	-0.0009712605	-0.0010757995	-0.0154761093	-0.0264106935	-0.0024237794	-0.0206816132	-0.0184404867	0.0107052174	-0.0148080871	-0.013101785	-0.0133963643	-0.0222223021	-0.0389680575	-0.0051323146	0.0458961336	-0.0568225599	0.0308082484	-0.000585335	0.000298377	8.902883412900005e-08	3.42617062225e-07	0.1973	0.030863	0.000952524769	0.03892729	0.719	-0.0408789999999998	0.516961	0.0016710926409999	0.0181358	-9.630000000000057e-05	9.273690000000106e-09	0.00032890724164	-0.00587108	-3.736000000000017e-05	3.44695803664e-05	1.3957696000000127e-09	-0.00292345	-0.00015966	2.5491315600000087e-08	8.5465599025e-06	0.0	0.0	0.0	0.0	0.0	0.0	0.0	0.0	0.0	0.0	0.0	0.0	0.0	0.0	0.0	0.0	0.0	0.0	0.0	0.0	0.0	0.0	0.0	0.0	0.0	0.0	0.0	0.0	0.0	0.0	0.0	0.0	0.0	0.0	0.0	0.0	0.0	0.0	0.0	0.0	0.0	0.0	0.0	0.0	0.0	0.0	0.0	0.0	0.0	0.0	0.0	0.0	0.0	0.0	0.0	0.0	0.0	0.0	0.0	0.0	0.0	0.0	0.0	0.0	0.0	0.0	0.0	0.0	0.0	0.0	0.0	0.0	0.0	0.0	0.0	0.0	0.0	0.0
36997.03857274207	18.33390708956722	336.1321491688832	1368780863.1529648	48190.84913729265	231.6795764218041	53675.42613098656	2322357940.5733	36946.19203407844	-99.13736318482552	9828.216779239998	1365021105.8190012	37970.96195015534	23183.041410876176	0.865936	31.481972	0.133073653	0.0749405999999999	-0.0016721965	-0.0063056007	0.0068990118	-0.0226356344	0.0066650736	-0.041232794	0.0376261202	0.0135445512	0.0373455741	0.0056688263	0.0017675643	-0.0141120765	-0.0121751769	-0.0264493403	0.016717811	-0.0197109955	-0.0604470835	-0.0061391975	0.0130414131	-0.0079364331	-0.028968095	-0.012495039	-0.0121629339	-0.0013033064	-0.0151719635	-0.0091492861	0.0171017727	-0.0281463554	0.0295624714	0.0091228278	0.0299424807	0.0021836638	-0.0338626551	-0.0357917683	-0.0391905793	-0.004529838	0.0453402941	-0.0570242129	0.0320758624	-0.000247682	0.000337653	1.14009548409e-07	6.1346373124e-08	0.255327	0.058027	0.003367132729	0.065191876929	0.672396	-0.0466039999999999	0.452116380816	0.0021719328159999	0.0178287	-0.0003071	9.43104100000007e-08	0.00031786254369	-0.00611484	-0.0002437599999999	3.73912682256e-05	5.94189376e-08	-0.00293469	-1.1240000000000036e-05	1.2633760000000079e-10	8.612405396100002e-06	0.0	0.0	0.0	0.0	0.0	0.0	0.0	0.0	0.0	0.0	0.0	0.0	0.0	0.0	0.0	0.0	0.0	0.0	0.0	0.0	0.0	0.0	0.0	0.0	0.0	0.0	0.0	0.0	0.0	0.0	0.0	0.0	0.0	0.0	0.0	0.0	0.0	0.0	0.0	0.0	0.0	0.0	0.0	0.0	0.0	0.0	0.0	0.0	0.0	0.0	0.0	0.0	0.0	0.0	0.0	0.0	0.0	0.0	0.0	0.0	0.0	0.0	0.0	0.0	0.0	0.0	0.0	0.0	0.0	0.0	0.0	0.0	0.0	0.0	0.0	0.0	0.0	0.0
37072.43842574175	75.3998529996752	5685.137832372629	1374365690.830413	47924.53328411952	-266.3158531731315	70924.13365133292	2296760890.5006795	37131.36724160467	185.1752075262266	34289.857482381085	1378738433.2309122	38115.56073030885	23435.21713927969	0.934637	33.979664	0.1402933180000001	0.0655043	0.0002562056	-0.0030941055	0.0023349331	0.0015712034	-0.012895365	0.0020076761	0.0055095854	0.0029358991	0.0054162311	0.002661331	-0.0030496887	-0.0215768504	0.0091851629	-0.0144286533	-0.0096764764	0.0030854753	-0.044640614	0.0228675421	0.0065506763	-0.0244933661	-0.0231010047	-0.0025458182	0.0193235663	0.0109792315	-0.0084040885	-0.0125036308	-0.0141473843	-0.0240496444	-0.0155253207	-0.0105016629	-0.0236058115	0.0082850715	-0.008749496	-0.0041672831	-0.0394120267	-0.0039268646	0.0447732676	-0.0572008532	0.0333214931	-0.0100865	-0.009838818	9.680233963712398e-05	0.00010173748225	0.203905	-0.051422	0.002644222084	0.041577249025	0.702906	0.03051	0.494076844836	0.0009308601	0.0183525	0.0005238	2.743664400000014e-07	0.00033681425625	-0.00623115	-0.00011631	3.88272303225e-05	1.3528016100000126e-08	-0.00326503	-0.0003303399999999	1.091245155999998e-07	1.06604209009e-05	0.0	0.0	0.0	0.0	0.0	0.0	0.0	0.0	0.0	0.0	0.0	0.0	0.0	0.0	0.0	0.0	0.0	0.0	0.0	0.0	0.0	0.0	0.0	0.0	0.0	0.0	0.0	0.0	0.0	0.0	0.0	0.0	0.0	0.0	0.0	0.0	0.0	0.0	0.0	0.0	0.0	0.0	0.0	0.0	0.0	0.0	0.0	0.0	0.0	0.0	0.0	0.0	0.0	0.0	0.0	0.0	0.0	0.0	0.0	0.0	0.0	0.0	0.0	0.0	0.0	0.0	0.0	0.0	0.0	0.0	0.0	0.0	0.0	0.0	0.0	0.0	0.0	0.0
37054.26964711904	-18.16877862270485	330.1045166408568	1373018899.0814075	48230.47328569313	305.94000157361006	93599.28456286051	2326178553.3619585	36977.20932400233	-154.15791760233697	23764.663559488912	1367314009.391085	37994.77411298428	23241.65176581545	0.874629	31.798008	0.0923626400000001	0.0460921	-0.0011997341	-0.0097179098	-0.0004108945	-0.0133124557	-0.0012610669	-0.0160951332	0.0148439561	0.0091047843	0.0157895764	0.005960547	-7.07019e-05	-0.0167009659	-0.0095689206	-0.0307442128	0.0319354306	-0.006036309	-0.0513299545	-0.0039342612	-0.0132294962	-0.0323907846	-0.0207531798	0.0026881366	-0.0314338019	-0.0046050831	-0.0194726491	-0.0125574507	0.0024993228	-0.0439045779	0.0290911207	0.0317152836	0.0219371383	-0.0226051265	-0.0195037599	-0.0340219036	-0.0396323936	-0.0033234606	0.0441951939	-0.0573524034	0.0345442869	-0.00941286	0.0006736399999999	4.5379084959999965e-07	8.860193337960001e-05	0.229584	0.025679	0.000659411041	0.052708813056	0.701583	-0.001323	0.4922187058889999	1.750329000000196e-06	0.0177819	-0.0005706	3.255843600000011e-07	0.00031619596761	-0.00598077	0.00025038	3.5769609792899995e-05	6.269014440000029e-08	-0.00279227	0.00047276	2.2350201760000002e-07	7.7967717529e-06	0.0	0.0	0.0	0.0	0.0	0.0	0.0	0.0	0.0	0.0	0.0	0.0	0.0	0.0	0.0	0.0	0.0	0.0	0.0	0.0	0.0	0.0	0.0	0.0	0.0	0.0	0.0	0.0	0.0	0.0	0.0	0.0	0.0	0.0	0.0	0.0	0.0	0.0	0.0	0.0	0.0	0.0	0.0	0.0	0.0	0.0	0.0	0.0	0.0	0.0	0.0	0.0	0.0	0.0	0.0	0.0	0.0	0.0	0.0	0.0	0.0	0.0	0.0	0.0	0.0	0.0	0.0	0.0	0.0	0.0	0.0	0.0	0.0	0.0	0.0	0.0	0.0	0.0
37052.53829361671	-1.7313535023349689	2.997584950047562	1372890593.9999323	49723.35414969639	1492.8808640032585	2228693.274107116	2472411947.896129	36871.84209418284	-105.36722981949424	11102.253119834117	1359532739.4183533	38062.47944901316	23242.79829476384	1.57886	57.401024	0.219483604	0.14452	-0.0046520771	-0.0090451877	0.0204082996	-0.0688750077	0.017454301	0.0300897153	0.0979103272	0.0262675683	0.0982228012	0.0071402349	0.0238660512	-0.0085308089	-0.0540726534	-0.0418346391	0.0087040678	-0.0361361539	-0.0803693369	-0.0437711858	0.0610225981	0.0075913683	0.0075813091	-0.0431208355	0.0023650707	-0.0242945238	0.0093510911	-0.0418296676	0.0286672719	0.0316224121	0.0249743229	-0.0251532541	-0.0497857378	-0.0271624653	-0.0456404641	-0.0373044675	-0.0398516739	-0.0027196922	0.0436062158	-0.0574787968	0.0357434058	-0.000547256	0.008865604	7.859893428481601e-05	2.99489129536e-07	0.154641	-0.074943	0.005616453249	0.023913838881	0.68912	-0.012463	0.4748863743999999	0.000155326369	0.015457	-0.0023248999999999	5.405160009999998e-06	0.000238918849	-0.00584143	0.0001393399999999	3.41223044449e-05	1.9415635599999983e-08	-0.00279227	0.0	0.0	7.7967717529e-06	0.0	0.0	0.0	0.0	0.0	0.0	0.0	0.0	0.0	0.0	0.0	0.0	0.0	0.0	0.0	0.0	0.0	0.0	0.0	0.0	0.0	0.0	0.0	0.0	0.0	0.0	0.0	0.0	0.0	0.0	0.0	0.0	0.0	0.0	0.0	0.0	0.0	0.0	0.0	0.0	0.0	0.0	0.0	0.0	0.0	0.0	0.0	0.0	0.0	0.0	0.0	0.0	1.0	0.0	0.0	0.0	0.0	0.0	0.0	0.0	0.0	0.0	0.0	0.0	0.0	0.0	0.0	0.0	0.0	0.0	0.0	0.0	0.0	0.0	0.0	0.0	0.0	0.0
37150.48783056497	97.94953694826108	9594.111788378765	1380158746.048956	47379.05346563981	-2344.3006840565795	5495745.697268146	2244774707.2999554	37302.39722898382	430.5551348009831	185377.7241034927	1391468839.0289	38223.04173862391	23680.469455745377	2.223465	80.836304	0.1312786439999999	0.0617964	0.0003395801	0.000612552	-0.0002093153	0.0221260565	-0.0085789768	-0.0092542356	-0.0177368827	-0.0035032784	-0.0183222197	-4.52755e-05	-0.0024900531	-0.0123172849	0.0198720489	-0.0060512161	-0.0385442451	-0.0001828272	0.0218954544	0.0125252223	0.0137688476	-0.0308108489	0.025841121	0.0217774373	-0.0173653037	0.0149127126	-0.0008016014	-0.0136027975	0.0034970541	-0.0554550865	-0.0799343949	-0.0206482176	0.0021914994	0.0418452375	-0.0526183993	0.0443581891	-0.0400698617	-0.0021156255	0.0430064784	-0.0575799782	0.036918028	-0.0150439	-0.014496644	0.0002101526872627	0.00022631892721	0.160015	0.0053739999999999	2.887987599999989e-05	0.025604800225	0.66076	-0.0283599999999999	0.4366037776	0.0008042895999999	0.0161816	0.0007246	5.250451600000008e-07	0.00026184417856	-0.0053836	0.00045783	2.8983148959999995e-05	2.096083089000002e-07	-0.00231374	0.00047853	2.289909609e-07	5.3533927876e-06	0.0	0.0	0.0	0.0	0.0	0.0	0.0	0.0	0.0	0.0	0.0	0.0	0.0	0.0	0.0	0.0	0.0	0.0	0.0	0.0	0.0	0.0	0.0	0.0	0.0	0.0	0.0	0.0	0.0	0.0	0.0	0.0	0.0	0.0	0.0	0.0	0.0	0.0	0.0	0.0	0.0	0.0	0.0	0.0	0.0	0.0	0.0	0.0	0.0	0.0	0.0	0.0	0.0	1.0	0.0	0.0	0.0	0.0	0.0	0.0	0.0	0.0	0.0	0.0	0.0	0.0	0.0	0.0	0.0	0.0	0.0	0.0	0.0	0.0	0.0	0.0	0.0	0.0
37091.09353143125	-59.39429913371714	3527.6827695854727	1375749219.357381	48356.91415275104	977.860687111228	956211.5233976428	2338391146.376533	37053.40917647336	-248.98805251046	61995.05029295157	1372955131.5991602	38092.05569101791	23291.06141909524	1.344046	48.864151	0.2453125	0.11295	5.56021e-05	-0.0078837649	-0.0121039484	-0.0053654133	-0.0041149851	0.0428467885	-0.0097705975	0.0030628701	-0.0071647295	0.0048189749	-0.0053274346	-0.003355758	0.003003984	-0.0164403358	0.0242183885	-0.0075730994	0.0229662372	-0.0103385262	-0.0043906544	-0.0502260583	-0.0008450584	0.0079566522	0.0028463225	0.0239589067	-0.0029335401	0.027031557	0.0340195976	0.0076564747	0.0419890844	-0.0100351192	0.0338459009	0.0156064664	-0.0280815442	-0.0516450959	-0.040286951	-0.0015113268	0.0423961298	-0.0576559031	0.0380673484	-0.0245879	-0.0095439999999999	9.108793599999998e-05	0.0006045648264099	0.22945	0.069435	0.0048212192249999	0.0526473024999999	0.601441	-0.059319	0.361731276481	0.003518743761	0.0148947	-0.0012869	1.6561116100000014e-06	0.00022185208809	-0.00529629	8.73099999999993e-05	2.80506877641e-05	7.623036099999877e-09	-0.00307982	-0.00076608	5.868785664000002e-07	9.4852912324e-06	0.0	0.0	0.0	0.0	0.0	0.0	0.0	0.0	0.0	0.0	0.0	0.0	0.0	0.0	0.0	0.0	0.0	0.0	0.0	0.0	0.0	0.0	0.0	0.0	0.0	0.0	0.0	0.0	0.0	0.0	0.0	0.0	0.0	0.0	0.0	0.0	0.0	0.0	0.0	0.0	0.0	0.0	0.0	0.0	0.0	0.0	0.0	0.0	0.0	0.0	0.0	0.0	0.0	0.0	0.0	0.0	0.0	0.0	0.0	0.0	0.0	0.0	0.0	0.0	0.0	0.0	0.0	0.0	0.0	0.0	0.0	0.0	0.0	0.0	0.0	0.0	0.0	0.0
37141.636942253805	50.54341082255269	2554.636377577336	1379501194.7501926	50253.04422647919	1896.1300737281565	3595309.2564963438	2525368454.028474	36746.99403670118	-306.4151397721798	93890.2378816045	1350341570.7333522	37977.49235962628	23076.76180747469	2.203672	80.11669899999998	0.3224870000000001	0.182607	-0.006839645	-0.0114415874	0.0266865642	-0.0960963478	0.0254985889	0.0262671356	0.1111812406	0.0313993513	0.1137055017	0.008728374	0.0217741958	0.0133898567	-0.0027042763	-0.0079961111	0.0020897538	-0.0509486816	0.0032965789	-0.0636940843	0.0173914642	-0.0131560413	0.0375799653	-0.0028286189	0.0652821339	0.0183413084	0.0358168064	0.0675821605	0.0750030891	-0.0093719934	-0.0538581049	-0.0319136656	-0.0677404792	-0.0015288753	0.0590983884	-0.0214285161	-0.0405029358	-0.0009068624	0.0417753207	-0.0577065382	0.0391905793	-0.0246779	-8.99999999999998e-05	8.099999999999965e-09	0.0006089987484099	0.15207	-0.0773799999999999	0.0059876643999999	0.0231252849	0.532121	-0.06932	0.283152758641	0.0048052624	0.0118942	-0.0030004999999999	9.003000249999997e-06	0.00014147199364	-0.00499608	0.00030021	2.49608153664e-05	9.012604410000024e-08	-0.00286659	0.00021323	4.546703290000001e-08	8.2173382281e-06	0.0	0.0	0.0	0.0	0.0	0.0	0.0	0.0	0.0	0.0	0.0	0.0	0.0	0.0	0.0	0.0	0.0	0.0	0.0	0.0	0.0	0.0	0.0	0.0	0.0	0.0	0.0	0.0	0.0	0.0	0.0	0.0	0.0	0.0	0.0	0.0	0.0	0.0	0.0	0.0	0.0	0.0	0.0	0.0	0.0	0.0	0.0	0.0	0.0	0.0	0.0	0.0	0.0	0.0	1.0	0.0	0.0	0.0	0.0	0.0	0.0	0.0	0.0	0.0	0.0	0.0	0.0	0.0	0.0	0.0	0.0	0.0	0.0	0.0	0.0	0.0	0.0	0.0
37214.28628977261	72.64934751880355	5277.927694907888	1384903104.0571575	48539.42273007072	-1713.621496408472	2936498.6329532107	2356075558.9685063	37309.07935762222	562.08532092104	315939.9079949085	1391967402.5133524	38329.141576891445	23924.353812949787	2.204888	80.16091199999998	0.5787414	0.289013	6.79511e-05	0.0007322741	0.0046714052	-0.0084739996	-0.0035555094	0.0406205186	0.0016844106	0.0038050709	0.0020724201	0.0027751365	-0.0065830109	-0.0008516166	0.0071342585	0.0343626298	-0.0063723723	-0.0293865137	0.0133713556	-0.0083515542	0.0064938279	0.0336769308	0.0596527106	-0.0417126788	-0.0415169421	-0.0031602155	-0.0812292636	0.0532207839	0.0179470094	0.0597105226	-0.0342664411	0.0145642732	0.064880488	0.1014361187	0.0016241888	-0.0337267553	-0.0407178101	-0.0003022985	0.0411442041	-0.0577318613	0.040286951	-0.0128603	0.0118176	0.00013965566976	0.00016538731609	-0.0382838	-0.1903538	0.03623456917444	0.00146564934244	0.408966	-0.1231549999999999	0.167253189156	0.0151671540249999	0.0149236	0.0030294	9.177264359999998e-06	0.00022271383696	-0.00593054	-0.0009344599999999	3.51713046916e-05	8.732154915999996e-07	-0.00176215	0.00110444	1.2197877135999998e-06	3.1051726225000005e-06	0.0	0.0	0.0	0.0	0.0	0.0	0.0	0.0	0.0	0.0	0.0	0.0	0.0	0.0	0.0	0.0	0.0	0.0	0.0	0.0	0.0	0.0	0.0	0.0	0.0	0.0	0.0	0.0	0.0	0.0	0.0	0.0	0.0	0.0	0.0	0.0	0.0	0.0	0.0	0.0	0.0	0.0	0.0	0.0	0.0	0.0	0.0	0.0	0.0	0.0	0.0	0.0	0.0	0.0	0.0	1.0	0.0	0.0	0.0	0.0	0.0	0.0	0.0	0.0	0.0	0.0	0.0	0.0	0.0	0.0	0.0	0.0	0.0	0.0	0.0	0.0	0.0	0.0
37843.85592836144	629.5696385888295	396357.92983286944	1432157431.5265772	49921.0226113559	1381.5998812851758	1908818.231967212	2492108498.5635066	37477.86947302052	168.79011539829662	28490.10305617029	1404590700.2367632	38592.072080249454	26865.71229665078	1.645103	59.809376	1.1653041	0.705911	0.0343938932	-0.0101073583	0.0157808027	-0.0575921224	-0.0229703042	0.1153825368	0.0258344159	0.0066664292	0.0280911506	0.0016614983	-0.0025065365	0.0163316229	-0.0383394842	0.170295233	0.0704507409	0.0414776701	-0.0046150109	-0.0168347562	-0.0338950299	0.1348173381	0.2074385214	-0.1573049364	-0.0476698014	-0.0925520906	-0.0972411595	0.1608183819	0.0851901348	0.0339248822	-0.0667910116	-0.160572307	0.2037641046	0.0354350482	0.1816633127	-0.0793376216	-0.0409315682	0.0003022985	0.0405029358	-0.0577318613	0.041355712	-0.0940257	-0.0811654	0.0065878221571599	0.00884083226049	-0.3515	-0.3132162	0.09810438794244	0.1235522499999999	-0.202884	-0.61185	0.041161917456	0.3743604225	0.0154258	0.0005021999999999	2.522048399999995e-07	0.00023795530564	-0.00545602	0.00047452	2.97681542404e-05	2.251692304e-07	-0.00396688	-0.00220473	4.8608343729e-06	1.57361369344e-05	0.0	0.0	0.0	0.0	0.0	0.0	0.0	0.0	0.0	0.0	0.0	0.0	0.0	0.0	0.0	0.0	0.0	0.0	0.0	0.0	0.0	0.0	0.0	0.0	0.0	0.0	0.0	0.0	0.0	0.0	0.0	0.0	0.0	0.0	0.0	0.0	0.0	0.0	0.0	0.0	0.0	0.0	0.0	0.0	0.0	0.0	0.0	0.0	0.0	0.0	0.0	0.0	0.0	0.0	0.0	0.0	1.0	0.0	0.0	0.0	0.0	0.0	0.0	0.0	0.0	0.0	0.0	0.0	0.0	0.0	0.0	0.0	0.0	0.0	0.0	0.0	0.0	0.0
37407.31470736808	-436.54122099335655	190568.23762637057	1399307193.6160765	47410.987040876775	-2510.035570479122	6300278.56507045	2247801692.190185	37397.96324632302	-79.90622669749428	6385.005065031347	1398607654.9733276	38336.09060626828	23788.7142258007	1.503398	54.657547	0.8506273999999998	0.471612	0.0003252542	-0.0019562245	-0.003840995	0.0060512486	-0.0174440291	0.0386734763	-2.70154e-05	0.0030044788	0.0004358525	0.0028483612	-0.0005742453	0.0322764685	-0.0089779217	0.1206505336	0.0124988637	0.0413001552	0.0421182817	-0.0217075337	0.0245811739	0.1280042713	0.1725036264	-0.0464998227	0.0168075719	-0.0858611261	-0.0351219325	0.0781369653	-0.019896073	-0.0942853096	0.0348528059	-0.0424124213	0.1030242749	-0.0147758056	0.103794644	0.1330977333	-0.0411442041	0.0009068624	0.0398516739	-0.0577065382	0.0423961298	-0.0991911	-0.0051654	2.6681357160000005e-05	0.00983887431921	-0.192602	0.1588979999999999	0.0252485744039999	0.037095530404	0.162324	0.365208	0.026349080976	0.133376883264	0.0121901	-0.0032356999999999	1.0469754489999997e-05	0.00014859853801	-0.00276289	0.0026931299999999	7.6335611521e-06	7.2529491968999985e-06	-0.00446517	-0.00049829	2.482929241000002e-07	1.99377431289e-05	0.0	0.0	0.0	0.0	0.0	0.0	0.0	0.0	0.0	0.0	0.0	0.0	0.0	0.0	0.0	0.0	0.0	0.0	0.0	0.0	0.0	0.0	0.0	0.0	0.0	0.0	0.0	0.0	0.0	0.0	0.0	0.0	0.0	0.0	0.0	0.0	0.0	0.0	0.0	0.0	0.0	0.0	0.0	0.0	0.0	0.0	0.0	0.0	0.0	0.0	0.0	0.0	0.0	0.0	0.0	0.0	0.0	1.0	0.0	0.0	0.0	0.0	0.0	0.0	0.0	0.0	0.0	0.0	0.0	0.0	0.0	0.0	0.0	0.0	0.0	0.0	0.0	0.0
37269.34064988369	-137.97405748438905	19036.84053870549	1389003752.477073	47389.681388384925	-21.3056524918502	453.9308281034825	2245781902.0926366	37292.2968725894	-105.66637373362028	11165.382538013117	1390715406.0333414	38218.54045024671	23342.51714944377	1.115969	40.57217	0.3106220999999999	0.187496	0.0005135782	-0.0028301979	-0.0061863277	0.0159619434	-0.0019316209	0.0376990512	-0.0092274922	0.0010930204	-0.0094950081	0.0034376319	-0.0073630429	0.0204079627	-0.0034456985	0.0677184448	0.0325902235	0.0264751419	0.0667345261	-0.029655332	0.0106008868	0.0771390628	0.092799827	-0.0001151134	-0.013057277	-0.029296828	0.0499410677	0.0727937861	-0.0236564063	0.0161566023	-0.0128959562	-0.007891104	-0.0098207673	0.0457215852	0.0227320684	0.0753479686	-0.041355712	0.0015113268	0.0391905793	-0.0576559031	0.0434074915	-0.121026	-0.0218348999999999	0.0004767628580099	0.0146472926759999	-0.0889388	0.1036632	0.01074605903424	0.00791011014544	0.314231	0.151907	0.098741121361	0.0230757366489999	0.0122078	1.7699999999998967e-05	3.1328999999996336e-10	0.00014903038084	-0.00234936	0.00041353	5.5194924096e-06	1.7100706090000008e-07	-0.00469828	-0.0002331099999999	5.4340272099999965e-08	2.20738349584e-05	0.0	0.0	0.0	0.0	0.0	0.0	0.0	0.0	0.0	0.0	0.0	0.0	0.0	0.0	0.0	0.0	0.0	0.0	0.0	0.0	0.0	0.0	0.0	0.0	0.0	0.0	0.0	0.0	0.0	0.0	0.0	0.0	0.0	0.0	0.0	0.0	0.0	0.0	0.0	0.0	0.0	0.0	0.0	0.0	0.0	0.0	0.0	0.0	0.0	0.0	0.0	0.0	0.0	0.0	0.0	0.0	0.0	0.0	0.0	0.0	0.0	0.0	0.0	0.0	0.0	0.0	0.0	0.0	0.0	0.0	0.0	0.0	0.0	0.0	0.0	0.0	0.0	0.0
37419.62809314029	150.287443256595	22586.315600604263	1400228566.628934	47523.64334410175	133.9619557168262	17945.805579476902	2258496676.6973867	37394.42786401193	102.1309914225276	10430.739408948404	1398343235.2767918	38320.42844823648	23937.6993613342	0.894294	32.512947	0.4205684	0.207527	-0.0006240351	-0.0044368274	-0.0046483037	0.0155729913	-0.0072600099	0.031958065	-0.0140703551	-0.0019619087	-0.0138302113	0.0015905388	-0.0046841773	0.0144158331	0.0091528932	0.0325118735	-0.0017312247	0.011659893	0.0552013176	-0.0256544741	0.0247281689	0.0261385345	0.0787881307	0.0222649195	0.0035751403	0.0004769727	0.0527922033	0.0221135145	-0.0380392319	-0.054304704	-0.0175747486	0.0072531305	0.0081609262	0.0102822834	-0.0137861501	0.0657912459	-0.0415660861	0.0021156255	0.038519815	-0.0575799782	0.0443891039	-0.0932347	0.0277912999999999	0.0007723563556899	0.00869270928409	0.0478718	0.1368106	0.01871714027236	0.00229170923524	0.454204	0.139973	0.206301273616	0.019592440729	0.0129966	0.0007888	6.222054400000015e-07	0.00016891161156	-0.00313809	-0.00078873	9.8476088481e-06	6.220950129000001e-07	-0.00395594	0.00074234	5.510686756000003e-07	1.56494612836e-05	0.0	0.0	0.0	0.0	0.0	0.0	0.0	0.0	0.0	0.0	0.0	0.0	0.0	0.0	0.0	0.0	0.0	0.0	0.0	0.0	0.0	0.0	0.0	0.0	0.0	0.0	0.0	0.0	0.0	0.0	0.0	0.0	0.0	0.0	0.0	0.0	0.0	0.0	0.0	0.0	0.0	0.0	0.0	0.0	0.0	0.0	0.0	0.0	0.0	0.0	0.0	0.0	0.0	0.0	0.0	0.0	0.0	0.0	0.0	0.0	0.0	0.0	0.0	0.0	0.0	0.0	0.0	0.0	0.0	0.0	0.0	0.0	0.0	0.0	0.0	0.0	0.0	0.0
37365.86409834813	-53.76399479215616	2890.567136010994	1396207799.8162217	48794.78026880924	1271.1369247074908	1615789.0813548171	2380930581.481376	37192.019986586325	-202.40787742560497	40968.94884393873	1383246350.6826367	38235.62645890442	24145.143143396654	1.086551	39.502651	0.2012473	0.0988507	-0.0017139754	-0.0050583591	0.0004383767	-0.0290380662	-0.0062013372	0.094793482	0.0246643639	0.011844583	0.0265075171	0.007472341	-0.0048860227	-0.0030192511	-0.0012586416	-0.0009381158	0.0262960405	-0.0117091587	0.0227947073	-0.0346625917	0.0181580439	0.0067917882	0.0766964353	-0.0013701267	-0.0048847934	0.0235562161	0.0580258565	0.0188053859	0.0069975049	0.0271370413	0.0033765995	-0.0207558585	-0.0761717331	0.0283535347	-0.0527328009	0.0395700902	-0.0417753207	0.0027196922	0.0378395465	-0.0574787968	0.0453402941	-0.0610543	0.0321804	0.00103557814416	0.00372762754849	0.0438669	-0.0040048999999999	1.603922400999999e-05	0.00192430491561	0.520978	0.066774	0.271418076484	0.004458767076	0.0138993	0.0009026999999999	8.148672899999988e-07	0.00019319054049	-0.00420115	-0.0010630599999999	1.76496613225e-05	1.1300965635999995e-06	-0.00395594	0.0	0.0	1.56494612836e-05	0.0	0.0	0.0	0.0	0.0	0.0	0.0	0.0	0.0	0.0	0.0	0.0	0.0	0.0	0.0	0.0	0.0	0.0	0.0	0.0	0.0	0.0	0.0	0.0	0.0	0.0	0.0	0.0	0.0	0.0	0.0	0.0	0.0	0.0	0.0	0.0	0.0	0.0	0.0	0.0	0.0	0.0	0.0	0.0	0.0	0.0	0.0	0.0	0.0	0.0	0.0	0.0	0.0	0.0	0.0	0.0	0.0	0.0	0.0	0.0	0.0	0.0	0.0	0.0	0.0	0.0	0.0	0.0	0.0	0.0	0.0	0.0	0.0	0.0	0.0	0.0	0.0	0.0
37129.90734414919	-235.9567541989381	55675.58985209811	1378630019.3851042	47750.76556714677	-1044.0147016624687	1089966.6972873737	2280135612.24861	37209.5534013088	17.533414722478483	307.42063183042524	1384550864.3248515	38162.25797902961	24185.953654372344	1.017022	36.974865	0.1289896	0.0850929	-0.0006457394	-0.0046777677	-0.0053362506	0.0115591718	-0.0005199839	0.0427453912	-0.0077366759	0.0016217499	-0.0078675705	0.0025666536	-0.0078359228	0.0002865643	0.0122731522	0.0285845818	-0.0032495198	0.0071920165	0.0408923043	-0.0092373028	0.0140382667	0.0234965476	0.0798344012	0.0104337315	-0.0211827698	0.0339292816	0.0479964045	0.0183356738	-0.0126483486	-0.016578238	-0.06139645	-0.0068265605	-0.0221666138	0.0754519991	-0.027036625	0.0451798046	-0.04198341	0.0033234606	0.0371499417	-0.0573524034	0.0462604104	-0.0812697	-0.0202154	0.00040866239716	0.00660476413809	0.0423052	-0.0015616999999999	2.4389068899999973e-06	0.00178972994704	0.444458	-0.07652	0.197542913764	0.0058553104	0.0142874	0.0003881	1.506216100000005e-07	0.00020412979876	-0.0044269	-0.00022575	1.959744361e-05	5.0963062500000125e-08	-0.00395594	0.0	0.0	1.56494612836e-05	0.0	0.0	0.0	0.0	0.0	0.0	0.0	0.0	0.0	0.0	0.0	0.0	0.0	0.0	0.0	0.0	0.0	0.0	0.0	0.0	0.0	0.0	0.0	0.0	0.0	0.0	0.0	0.0	0.0	0.0	0.0	0.0	0.0	0.0	0.0	0.0	0.0	0.0	0.0	0.0	0.0	0.0	0.0	0.0	0.0	0.0	0.0	0.0	0.0	0.0	0.0	0.0	0.0	0.0	0.0	0.0	0.0	0.0	0.0	0.0	0.0	0.0	0.0	0.0	0.0	0.0	0.0	0.0	0.0	0.0	0.0	0.0	0.0	0.0	0.0	0.0	0.0	0.0
37011.53682285087	-118.37052129832593	14011.580312437429	1369853857.9892457	48075.05204245039	324.2864753036192	105161.71806484484	2311210628.8843136	37118.25831390565	-91.29508740315214	8334.792983949188	1377765100.257826	38094.00583104898	23702.048250696967	0.806682	29.32774	0.1057701	0.0661706	-0.0006927085	-0.0086742674	-0.0108058151	0.0071951358	-0.0074830813	0.0742549659	-0.0124441517	0.002018517	-0.0117405944	0.0042130087	-0.0080063263	-0.0033260875	0.0057380496	0.0183181103	0.0178558266	0.0035056883	0.0472370256	-0.0046139492	0.0062247765	0.0192221118	0.0587105932	0.018288832	-0.0152882967	0.0428431354	0.0379334861	0.0239747973	-0.0120576739	0.0013831731	0.0188954712	-0.0601978584	-0.0422865548	0.0562521158	-0.0300261983	0.0507054348	-0.0421903482	0.0039268646	0.0364511706	-0.0572008532	0.0471488222	-0.0669954	0.0142743	0.00020375564049	0.00448838362116	0.104063	0.0617578	0.00381402586084	0.010829107969	0.453869	0.009411	0.205997069161	8.856692100000005e-05	0.0143854	9.799999999999912e-05	9.603999999999827e-09	0.00020693973316	-0.00411836	0.00030854	1.6960889089599998e-05	9.519693160000025e-08	-0.00395594	0.0	0.0	1.56494612836e-05	0.0	0.0	0.0	0.0	0.0	0.0	0.0	0.0	0.0	0.0	0.0	0.0	0.0	0.0	0.0	0.0	0.0	0.0	0.0	0.0	0.0	0.0	0.0	0.0	0.0	0.0	0.0	0.0	0.0	0.0	0.0	0.0	0.0	0.0	0.0	0.0	0.0	0.0	0.0	0.0	0.0	0.0	0.0	0.0	0.0	0.0	0.0	0.0	0.0	0.0	0.0	0.0	0.0	0.0	0.0	0.0	0.0	0.0	0.0	0.0	0.0	0.0	0.0	0.0	0.0	0.0	0.0	0.0	0.0	0.0	0.0	0.0	0.0	0.0	0.0	0.0	0.0	0.0
36975.421657401865	-36.11516544900224	1304.3051754088046	1367181806.742663	47798.88553160175	-276.16651084864134	76267.94171431274	2284733458.063167	37086.58398946405	-31.67432444159931	1003.2628288316956	1375414712.0075717	38057.71716991045	23779.571612894943	0.782973	28.465767	0.2153545999999998	0.11539	-0.001386159	-0.0090494255	-0.0063831176	0.0040431652	-0.008666215	0.0076325004	-0.0074706689	0.0030194069	-0.0066321442	0.0048500896	-0.0070902183	-0.0006000983	0.0125573827	0.0165000941	-0.0058466322	0.0027069473	0.045253261	-0.0153656211	0.019185454	0.0073262954	0.0681119798	0.0133014992	-0.0056685313	0.0024150602	0.0211344718	0.0004255627	-0.0162848742	-0.0471967881	-0.0529797171	0.002092547	-0.0409633771	0.0288835223	-0.023745416	0.0576865505	-0.0423961298	0.004529838	0.0357434058	-0.0570242129	0.0480049204	-0.05499	0.0120054	0.0001441296291599	0.0030239000999999	0.0133798	-0.0906832	0.00822344276224	0.00017901904804	0.502925	0.0490559999999999	0.252933555625	0.0024064911359999	0.0137745	-0.0006108999999999	3.731988099999992e-07	0.00018973685025	-0.00443575	-0.0003173899999999	1.9675878062499995e-05	1.0073641209999992e-07	-0.00361203	0.0003439099999999	1.1827408809999987e-07	1.30467607209e-05	0.0	0.0	0.0	0.0	0.0	0.0	0.0	0.0	0.0	0.0	0.0	0.0	0.0	0.0	0.0	0.0	0.0	0.0	0.0	0.0	0.0	0.0	0.0	0.0	0.0	0.0	0.0	0.0	0.0	0.0	0.0	0.0	0.0	0.0	0.0	0.0	0.0	0.0	0.0	0.0	0.0	0.0	0.0	0.0	0.0	0.0	0.0	0.0	0.0	0.0	0.0	0.0	0.0	0.0	0.0	0.0	0.0	0.0	0.0	0.0	0.0	0.0	0.0	0.0	0.0	0.0	0.0	0.0	0.0	0.0	0.0	0.0	0.0	0.0	0.0	0.0	0.0	0.0
36927.05289620942	-48.36876119244698	2339.5370592919653	1363607235.5994484	48193.33783740003	394.4523057982806	155592.62154958025	2322597811.9097733	37053.02757731075	-33.55641215330252	1126.032796602309	1372926852.6449509	38062.38935809576	23684.716538551933	0.7598629999999998	27.625568	0.1097031999999999	0.0546721	-0.0007959835	-0.0084563932	-0.0101921525	-0.0004791048	-0.0075252379	0.0446718636	-0.007366389	0.0055242961	-0.0057651541	0.0073188726	-0.00869412	-0.0056435822	0.0071034766	0.0007130788	0.0128323717	-0.0010967138	0.0503298938	-0.0140461166	0.0092219626	-0.0073158664	0.0445673396	0.0115186171	-0.0075565334	-0.0016555334	0.023415584	0.0115416166	0.0099077038	0.0223690118	0.0260786733	-0.0346502917	-0.0408223603	0.024700121	-0.0477918549	0.0473826915	-0.0426007491	0.0051323146	0.0350268219	-0.0568225599	0.0488281186	-0.0490944	0.0058955999999999	3.4758099359999925e-05	0.00241026011136	0.0437359	0.0303561	0.00092149280721	0.00191282894881	0.539306	0.036381	0.2908509616359999	0.0013235771609999	0.0140066	0.0002320999999999	5.387040999999953e-08	0.0001961848435599	-0.00441362	2.2129999999999542e-05	1.94800415044e-05	4.897368999999799e-10	-0.00312485	0.0004871799999999	2.373443523999998e-07	9.7646875225e-06	0.0	0.0	0.0	0.0	0.0	0.0	0.0	0.0	0.0	0.0	0.0	0.0	0.0	0.0	0.0	0.0	0.0	0.0	0.0	0.0	0.0	0.0	0.0	0.0	0.0	0.0	0.0	0.0	0.0	0.0	0.0	0.0	0.0	0.0	0.0	0.0	0.0	0.0	0.0	0.0	0.0	0.0	0.0	0.0	0.0	0.0	0.0	0.0	0.0	0.0	0.0	0.0	0.0	0.0	0.0	0.0	0.0	0.0	0.0	0.0	0.0	0.0	0.0	0.0	0.0	0.0	0.0	0.0	0.0	0.0	0.0	0.0	0.0	0.0	0.0	0.0	0.0	0.0
36830.09391929444	-96.9589769149752	9401.043204398697	1356455818.1040494	47525.153361966826	-668.1844754332051	446470.4932099474	2258640202.078467	37108.030338255965	55.00276094521541	3025.303711596514	1377005915.5849252	38032.82323716192	23489.689764801067	0.816289	29.677017	0.0656834	0.0357565	-0.0009942177	-0.0105517799	-0.0104210388	0.0128754589	-0.0060700175	-0.0099045939	-0.0177166602	-7.61411e-05	-0.0175897678	0.0031486372	-0.0096288151	-0.00726796	0.0164239315	0.010843181	-0.0111597637	-0.0017777644	0.0503623778	-0.0065265689	0.0116859601	0.0045727806	0.026614844	0.0138994921	-0.0092000359	-0.0082893853	0.0209692025	0.0010466921	-0.00426415	-0.0364433378	-0.0679213763	-0.009687706	-0.0316579755	0.0371027275	-0.0221926921	0.0406186096	-0.0428042005	0.0057342284	0.0343015956	-0.0565959827	0.0496178523	-0.0558771	-0.0067826999999999	4.600501928999994e-05	0.00312225030441	0.0565361	0.0128001999999999	0.0001638451200399	0.00319633060321	0.515995	-0.0233109999999999	0.266250840025	0.0005434027209999	0.0143657	0.0003591	1.2895281000000077e-07	0.00020637333649	-0.00451031	-9.668999999999996e-05	2.03428962961e-05	9.348956099999994e-09	-0.00312485	0.0	0.0	9.7646875225e-06	0.0	0.0	0.0	0.0	0.0	0.0	0.0	0.0	0.0	0.0	0.0	0.0	0.0	0.0	0.0	0.0	0.0	0.0	0.0	0.0	0.0	0.0	0.0	0.0	0.0	0.0	0.0	0.0	0.0	0.0	0.0	0.0	0.0	0.0	0.0	0.0	0.0	0.0	0.0	0.0	0.0	0.0	0.0	0.0	0.0	0.0	0.0	0.0	0.0	0.0	0.0	0.0	0.0	0.0	0.0	0.0	0.0	0.0	0.0	0.0	0.0	0.0	0.0	0.0	0.0	0.0	0.0	0.0	0.0	0.0	0.0	0.0	0.0	0.0	0.0	0.0	0.0	0.0
36798.28979885064	-31.804120443805004	1011.5020772040556	1354114132.120195	47716.619739984446	191.4663780176197	36659.37391118605	2276875799.410273	36986.66600598258	-121.3643322733842	14729.301148164408	1368013462.2381074	37968.40514642726	23395.3266223364	0.795734	28.929705	0.0533493999999999	0.0333027	-0.0008773431	-0.0095703229	-0.0138582437	0.0040759576	-0.0103822711	-0.016746371	-0.0122385669	0.0050118684	-0.0106577543	0.0073187909	-0.0088549993	-0.0096135946	0.0097962063	0.0081172163	0.0121963618	0.0045799035	0.0504515193	-0.0096585118	0.0013539898	0.0078088906	0.0237583956	0.0041641157	-0.0068576392	-0.0317116702	0.0074685744	0.0280481139	0.008706168	0.0053376431	0.0293920167	-0.0297789577	-0.0032049969	0.0452907609	-0.0306095114	0.0451838302	-0.0430064784	0.0063355134	0.0335679058	-0.0563445805	0.0503735805	-0.0569209	-0.0010438	1.0895184400000092e-06	0.00323998885681	0.034495	-0.0220411	0.00048581008921	0.001189905025	0.516693	0.0006979999999999	0.2669716562489999	4.87203999999967e-07	0.0148796	0.0005138999999999	2.640932099999994e-07	0.0002214024961599	-0.00458774	-7.742999999999986e-05	2.10473583076e-05	5.9954048999999794e-09	-0.00312485	0.0	0.0	9.7646875225e-06	0.0	0.0	0.0	0.0	0.0	0.0	0.0	0.0	0.0	0.0	0.0	0.0	0.0	0.0	0.0	0.0	0.0	0.0	0.0	0.0	0.0	0.0	0.0	0.0	0.0	0.0	0.0	0.0	0.0	0.0	0.0	0.0	0.0	0.0	0.0	0.0	0.0	0.0	0.0	0.0	0.0	0.0	0.0	0.0	0.0	0.0	0.0	0.0	0.0	0.0	0.0	0.0	0.0	0.0	0.0	0.0	0.0	0.0	0.0	0.0	0.0	0.0	0.0	0.0	0.0	0.0	0.0	0.0	0.0	0.0	0.0	0.0	0.0	0.0	0.0	0.0	0.0	0.0
36807.55584657455	9.26604772391147	85.85964042180493	1354796167.3987043	47599.67142374482	-116.94831623962818	13676.908671284082	2265728719.648469	37062.20370300929	75.5376970267098	5705.943672099002	1373606943.3233557	38003.56290250365	23371.33924203031	0.825439	30.009653	0.1541072	0.0865444999999999	-0.0010966404	-0.0118632039	-0.0090549806	0.0085470862	-0.007157595	-0.0290954463	-0.0155597895	0.0013984853	-0.0147907569	0.0044336739	-0.0101126259	-0.0108206468	0.020566192	-0.000347613	-0.0137189347	-0.0031686639	0.045935251	-0.0027333379	0.0160539064	-0.0178741258	-0.0033637675	0.0144599262	-0.0071755726	-0.0293237126	0.0056443892	-0.0164551397	-0.0025871226	-0.0433245778	-0.0543731854	-0.0286823716	-0.0289403255	-0.0004945513	-0.0119832599	0.0555287723	-0.0432075772	0.0069361036	0.0328259338	-0.0560684638	0.0510947851	-0.038487	0.0184339	0.00033980866921	0.001481249169	0.0732583	0.0387633	0.00150259342689	0.0053667785188899	0.58022	0.063527	0.3366552483999999	0.004035679729	0.0142183	-0.0006613	4.373176900000001e-07	0.00020216005489	-0.00458138	6.359999999999526e-06	2.09890427044e-05	4.0449599999993966e-11	-0.00312485	0.0	0.0	9.7646875225e-06	0.0	0.0	0.0	0.0	0.0	0.0	0.0	0.0	0.0	0.0	0.0	0.0	0.0	0.0	0.0	0.0	0.0	0.0	0.0	0.0	0.0	0.0	0.0	0.0	0.0	0.0	0.0	0.0	0.0	0.0	0.0	0.0	0.0	0.0	0.0	0.0	0.0	0.0	0.0	0.0	0.0	0.0	0.0	0.0	0.0	0.0	0.0	0.0	0.0	0.0	0.0	0.0	0.0	0.0	0.0	0.0	0.0	0.0	0.0	0.0	0.0	0.0	0.0	0.0	0.0	0.0	0.0	0.0	0.0	0.0	0.0	0.0	0.0	0.0	0.0	0.0	0.0	0.0
36741.44780926734	-66.1080373072109	4370.2725966115895	1349933987.1211157	47244.27747796949	-355.3939457753295	126304.85669375784	2232021754.415375	37056.85678360061	-5.346919408679241	28.58954716291077	1373210634.6802866	37977.728823099416	23580.24825741674	0.829118	30.143414	0.1009149999999999	0.0538119	0.0004822398	-0.0082499883	-0.0168602222	0.0213473046	-0.0070723133	-0.0326527829	-0.0261220967	-0.0014759727	-0.026091195	0.0033770851	-0.0108082529	-0.0151014922	0.0106418524	-0.0028791245	0.009960581	0.0012225736	0.0350133082	0.002024424	-0.0061662927	-0.012739189	-0.027025847	0.0001542328	-0.0235543813	-0.024493779	0.0066553988	0.0108421863	0.0080085642	0.0262220454	-0.0043115396	-0.0090395218	0.025014519	0.0318607161	-0.0378259028	-0.0133329436	-0.0434074915	0.0075359332	0.0320758624	-0.0557677536	0.0517809719	-0.0404815	-0.0019944999999999	3.978030249999985e-06	0.0016387518422499	0.0941998	0.0209415	0.00043854642225	0.00887360232004	0.554532	-0.0256879999999999	0.307505739024	0.0006598733439999	0.0148952	0.0006769	4.581936100000015e-07	0.00022186698304	-0.00466925	-8.786999999999944e-05	2.18018955625e-05	7.721136899999901e-09	-0.0028438	0.00028105	7.898910250000007e-08	8.08719844e-06	0.0	0.0	0.0	0.0	0.0	0.0	0.0	0.0	0.0	0.0	0.0	0.0	0.0	0.0	0.0	0.0	0.0	0.0	0.0	0.0	0.0	0.0	0.0	0.0	0.0	0.0	0.0	0.0	0.0	0.0	0.0	0.0	0.0	0.0	0.0	0.0	0.0	0.0	0.0	0.0	0.0	0.0	0.0	0.0	0.0	0.0	0.0	0.0	0.0	0.0	0.0	0.0	0.0	0.0	0.0	0.0	0.0	0.0	0.0	0.0	0.0	0.0	0.0	0.0	0.0	0.0	0.0	0.0	0.0	0.0	0.0	0.0	0.0	0.0	0.0	0.0	0.0	0.0
36727.30772203038	-14.140087236955878	199.9420670687225	1348895132.5087123	47427.41422217491	183.1367442054252	33539.06707816334	2249359619.8017592	36940.95722141988	-115.89956218073348	13432.708513685708	1364634320.4347734	37884.72668951024	23072.8047163714	0.873343	31.751244	0.1012463000000001	0.0513724	-0.000439917	-0.0120211316	-0.01300595	0.0169521661	-0.0088014738	-0.0243677868	-0.0214066053	-0.0012769298	-0.0205539806	0.0033196361	-0.0098822323	-0.0091243567	0.0166652695	0.0070198648	-0.0128105916	0.0061760288	0.0374128685	0.00294986	0.0101191708	-0.0021865351	-0.0381285054	0.0136673483	0.0001057612	-0.0212642167	0.0101627698	-0.0280733921	-0.0093351093	-0.0254620652	-0.0439683736	-0.0464371238	-0.0349119552	0.0057673885	0.0054666827	0.0227024894	-0.0436062158	0.0081349364	0.0313178767	-0.0554425818	0.0524316706	-0.0516666	-0.0111851	0.00012510646201	0.00266943755556	0.10036	0.0061602	3.794806404000006e-05	0.0100721296	0.536276	-0.018256	0.287591948176	0.000333281536	0.0140255	-0.0008697	7.563780900000018e-07	0.00019671465025	-0.00474438	-7.513000000000051e-05	2.2509141584400004e-05	5.644516900000076e-09	-0.00321187	-0.0003680699999999	1.3547552489999988e-07	1.03161088969e-05	0.0	0.0	0.0	0.0	0.0	0.0	0.0	0.0	0.0	0.0	0.0	0.0	0.0	0.0	0.0	0.0	0.0	0.0	0.0	0.0	0.0	0.0	0.0	0.0	0.0	0.0	0.0	0.0	0.0	0.0	0.0	0.0	0.0	0.0	0.0	0.0	0.0	0.0	0.0	0.0	0.0	0.0	0.0	0.0	0.0	0.0	0.0	0.0	0.0	0.0	0.0	0.0	0.0	0.0	0.0	0.0	0.0	0.0	0.0	0.0	0.0	0.0	0.0	0.0	0.0	0.0	0.0	0.0	0.0	0.0	0.0	0.0	0.0	0.0	0.0	0.0	0.0	0.0
36690.83844751737	-36.46927451300871	1330.007983505187	1346217625.9818192	47286.95059912804	-140.463623046875	19730.029399454597	2236055696.9643755	36917.08475014357	-23.872471276306896	569.8948848380978	1362871146.4492831	37863.74253917672	23228.58877787188	0.826666	30.054277	0.1738327999999999	0.0920858	-9.47028e-05	-0.0094630551	-0.0174428557	0.0100507188	-0.0008447234	-0.0626886282	-0.0170462844	0.0026859652	-0.0156664107	0.005891147	-0.0107024372	-0.0038681396	0.0112333525	0.0077573341	0.0122980789	-0.0002711857	0.0537756149	-0.0136743605	-0.0001699764	-0.0032301623	-0.0181918419	0.0108951958	-0.0124361043	-0.0401435192	-0.0031087543	0.0181739466	0.0233614017	0.0053198389	-0.0173623189	0.0168581139	0.0169233513	0.0095875006	-0.0219560048	-0.0058250226	-0.0438037445	0.0087330475	0.0305521639	-0.0550930911	0.0530464353	-0.0556671	-0.0040004999999999	1.6004000249999977e-05	0.0030988260224099	0.0583827	-0.0419773	0.00176209371529	0.00340853965929	0.495985	-0.0402909999999999	0.246001120225	0.0016233646809999	0.0125952	-0.0014302999999999	2.045758089999997e-06	0.00015863906304	-0.00458372	0.0001606599999999	2.1010489038400003e-05	2.5811635599999993e-08	-0.00337219	-0.00016032	2.570250240000008e-08	1.1371665396100002e-05	0.0	0.0	0.0	0.0	0.0	0.0	0.0	0.0	0.0	0.0	0.0	0.0	0.0	0.0	0.0	0.0	0.0	0.0	0.0	0.0	0.0	0.0	0.0	0.0	0.0	0.0	0.0	0.0	0.0	0.0	0.0	0.0	0.0	0.0	0.0	0.0	0.0	0.0	0.0	0.0	0.0	0.0	0.0	0.0	0.0	0.0	0.0	0.0	0.0	0.0	0.0	0.0	0.0	0.0	0.0	0.0	0.0	0.0	0.0	0.0	0.0	0.0	0.0	0.0	0.0	0.0	0.0	0.0	0.0	0.0	0.0	0.0	0.0	0.0	0.0	0.0	0.0	0.0
36774.70912808004	83.87068056266435	7034.291058044483	1352379231.4548934	47751.269008256815	464.3184091287767	215591.58505587807	2280183691.898908	37081.17788838581	164.09313824224228	26926.55801818764	1375013753.590113	38041.778703399126	23114.46351612983	0.840462	30.555822	0.1981679	0.130447	0.0001788786	-0.0095829028	-0.0146885776	0.0098435144	-0.0124485233	-0.008688565	-0.0166846388	0.000943642	-0.0156744955	0.0051724754	-0.009257593	0.003675909	0.0142109729	0.0265166464	-0.0099679158	0.0004666034	0.0557382508	-0.0188889652	0.0218347224	0.0183346939	0.001398539	0.0099906466	0.0083680739	-0.0534882658	-0.0081219215	-0.0244460728	-0.008834543	0.0132772545	0.0004272702	-0.0447843983	-0.0330473709	-0.0096110586	0.0012751305	0.0423427873	-0.0440000724	0.009330201	0.0297789127	-0.0547194347	0.0536248445	-0.0555244	0.0001426999999999	2.0363289999998748e-08	0.00308295899536	-0.0631035	-0.1214862	0.01475889679044	0.00398205171225	0.474336	-0.021649	0.224994640896	0.000468679201	0.0119243	-0.0006709	4.501068100000005e-07	0.00014218893049	-0.00471608	-0.0001323599999999	2.2241410566400003e-05	1.7519169599999938e-08	-0.00366673	-0.0002945399999999	8.675381159999989e-08	1.34449088929e-05	0.0	0.0	0.0	0.0	0.0	0.0	0.0	0.0	0.0	0.0	0.0	0.0	0.0	0.0	0.0	0.0	0.0	0.0	0.0	0.0	0.0	0.0	0.0	0.0	0.0	0.0	0.0	0.0	0.0	0.0	0.0	0.0	0.0	0.0	0.0	0.0	0.0	0.0	0.0	0.0	0.0	0.0	0.0	0.0	0.0	0.0	0.0	0.0	0.0	0.0	0.0	0.0	0.0	0.0	0.0	0.0	0.0	0.0	0.0	0.0	0.0	0.0	0.0	0.0	0.0	0.0	0.0	0.0	0.0	0.0	0.0	0.0	0.0	0.0	0.0	0.0	0.0	0.0
36827.9157285392	53.20660045916157	2830.9423324208515	1356295376.908385	47762.1370519846	10.868043727787152	118.11437446909368	2281221735.7725606	37041.72500176778	-39.45288661803352	1556.530262495408	1372089391.106588	38019.55026726974	23001.454574732696	0.87585	31.842396	0.2424219	0.127385	-0.0011886586	-0.0128696353	-0.0121075647	0.0003521025	-0.0012788053	-0.0596907194	-0.0034016772	0.0071879076	-0.0020076448	0.0076825613	-0.0088188226	-0.0004841332	0.0072467839	-0.0033193363	0.0153471243	-0.0105785796	0.0412339301	-0.0301417983	0.0113401491	-0.0202460129	-0.014470968	0.0063608276	-0.001677651	-0.0719811341	-0.0099371001	-0.004190015	0.0281481103	-0.0160503385	-0.0333300313	0.0295023074	0.0047703706	-0.0257683976	-0.0332508712	0.0062938454	-0.0441951939	0.0099263312	0.0289983141	-0.0543217765	0.054166502	-0.0367867	0.0187377	0.00035110140129	0.00135326129689	0.0326707	0.0957742	0.00917269738564	0.0010673746384899	0.550985	0.0766489999999999	0.3035844702249999	0.0058750692009999	0.0122576	0.0003332999999999	1.1108888999999995e-07	0.00015024875776	-0.00443948	0.0002766	1.97089826704e-05	7.650756000000007e-08	-0.00325141	0.0004153199999999	1.7249070239999988e-07	1.05716669881e-05	0.0	0.0	0.0	0.0	0.0	0.0	0.0	0.0	0.0	0.0	0.0	0.0	0.0	0.0	0.0	0.0	0.0	0.0	0.0	0.0	0.0	0.0	0.0	0.0	0.0	0.0	0.0	0.0	0.0	0.0	0.0	0.0	0.0	0.0	0.0	0.0	0.0	0.0	0.0	0.0	0.0	0.0	0.0	0.0	0.0	0.0	0.0	0.0	0.0	0.0	0.0	0.0	0.0	0.0	0.0	0.0	0.0	0.0	0.0	0.0	0.0	0.0	0.0	0.0	0.0	0.0	0.0	0.0	0.0	0.0	0.0	0.0	0.0	0.0	0.0	0.0	0.0	0.0
36814.91001290008	-13.005715639119444	169.14863928563608	1355337599.2579305	48030.31942156028	268.1823695756757	71921.78335122431	2306911583.7371106	37027.37113633734	-14.353865430442966	206.0334527952656	1371026213.2680674	38037.66736156798	23101.188090935124	0.7976379999999998	28.998938	0.097099	0.0469686	-0.0017198413	-0.0115298191	-0.006747504	-0.0067127259	-0.003831554	-0.0149601788	0.0070441846	0.010256724	0.0083924226	0.0090483015	-0.0087513584	-0.0015226415	0.0121440006	0.0079917334	-0.0110616529	-0.01657283	0.0344019167	-0.0262572482	0.0318566069	0.004231281	-0.0097678022	0.0035666596	0.0116094051	-0.0620821805	-0.0002216883	0.003643373	0.0255420753	0.0485251236	0.0244142692	-0.0383106681	-0.0034644413	0.0006213698	-0.0397113596	0.0180359076	-0.0443891039	0.010521373	0.0282105605	-0.0539002911	0.0546710365	-0.04667	-0.0098833	9.767961889000008e-05	0.0021780889	0.00151	-0.0311606999999999	0.0009709892244899	2.2801e-06	0.522423	-0.0285619999999999	0.272925790929	0.0008157878439999	0.0120983	-0.0001593	2.5376490000000356e-08	0.0001463688628899	-0.00452692	-8.744000000000026e-05	2.04930046864e-05	7.645753600000045e-09	-0.00355453	-0.00030312	9.188173440000002e-08	1.2634683520900002e-05	0.0	0.0	0.0	0.0	0.0	0.0	0.0	0.0	0.0	0.0	0.0	0.0	0.0	0.0	0.0	0.0	0.0	0.0	0.0	0.0	0.0	0.0	0.0	0.0	0.0	0.0	0.0	0.0	0.0	0.0	0.0	0.0	0.0	0.0	0.0	0.0	0.0	0.0	0.0	0.0	0.0	0.0	0.0	0.0	0.0	0.0	0.0	0.0	0.0	0.0	0.0	0.0	0.0	0.0	0.0	0.0	0.0	0.0	0.0	0.0	0.0	0.0	0.0	0.0	0.0	0.0	0.0	0.0	0.0	0.0	0.0	0.0	0.0	0.0	0.0	0.0	0.0	0.0
36828.89490864522	13.98489574513951	195.5773090024212	1356367500.1920338	47133.24118201088	-897.0782395493952	804749.3678730421	2221542424.3216066	37071.99137941194	44.62024307460524	1990.966092036857	1374332544.8351934	37966.778136536	23183.70114534624	1.027289	37.348106	0.1425002999999998	0.0884202999999999	0.0004263194	-0.0096857666	-0.0174226772	0.0286348984	-0.008647124	-0.0346643957	-0.0312760622	-0.0009527482	-0.031194154	0.0047701268	-0.0109770731	-0.0025378397	0.0123245271	0.0125562664	0.0102371004	0.0013919025	0.0646817813	-0.0022586312	-0.0023030402	-0.0119039078	-0.0297992872	0.0223655788	-0.0259775292	-0.0308933237	-0.0045683193	0.0083522402	0.0098918778	-0.0115288588	-0.0545383259	-0.0129495665	-0.0057708971	9.78834e-05	-0.000345315	0.0143209393	-0.0445817969	0.0111152609	0.0274158465	-0.0534551631	0.0551381022	-0.0471565	-0.0004864999999999	2.3668224999999405e-07	0.0022237354922499	0.0774953	0.0759853	0.00577376581609	0.00600552152209	0.480914	-0.0415089999999999	0.231278275396	0.0017229970809999	0.012078	-2.0299999999999135e-05	4.12089999999965e-10	0.000145878084	-0.00483213	-0.0003052099999999	2.3349480336899995e-05	9.31531440999996e-08	-0.00371941	-0.0001648799999999	2.718541439999988e-08	1.3834010748099998e-05	0.0	0.0	0.0	0.0	0.0	0.0	0.0	0.0	0.0	0.0	0.0	0.0	0.0	0.0	0.0	0.0	0.0	0.0	0.0	0.0	0.0	0.0	0.0	0.0	0.0	0.0	0.0	0.0	0.0	0.0	0.0	0.0	0.0	0.0	0.0	0.0	0.0	0.0	0.0	0.0	0.0	0.0	0.0	0.0	0.0	0.0	0.0	0.0	0.0	0.0	0.0	0.0	0.0	0.0	0.0	0.0	0.0	0.0	0.0	0.0	0.0	0.0	0.0	0.0	0.0	0.0	0.0	0.0	0.0	0.0	0.0	0.0	0.0	0.0	0.0	0.0	0.0	0.0
36851.69647064872	22.80156200350029	519.9112297994683	1358047532.7648232	47353.44913312722	220.20795111633925	48491.54173485605	2242349144.803667	37043.240246160174	-28.751133251767897	826.6276632609137	1372201647.9347408	37988.08042786001	23319.693855253987	0.800725	29.111168	0.1268956	0.0938502	3.72786e-05	-0.0091998832	-0.0154469701	0.0197020691	-0.0063796644	-0.0205887589	-0.0226860507	0.0004892271	-0.0218431349	0.0055107668	-0.010507481	-0.0017768625	0.016515875	0.0257868622	-0.0152573851	0.0024653255	0.0569290887	-0.003793955	0.0163398052	0.0061880182	-0.0037026071	0.0145678945	-0.000804957	-0.0425239358	-0.0145032366	0.0236225312	-0.0014545257	0.0123966216	0.0152233472	-0.0025899954	0.0494536182	0.0148084646	-0.0141015698	-0.0019154632	-0.0447732676	0.01170793	0.0266143679	-0.052986588	0.055567379	-0.0485081	-0.0013516	1.826822560000004e-06	0.0023530357656099	-0.0142502	-0.0917455	0.00841723677025	0.00020306820004	0.467453	-0.013461	0.218512307209	0.000181198521	0.0119998	-7.820000000000049e-05	6.115240000000077e-09	0.00014399520004	-0.00465068	0.0001814499999999	2.16288244624e-05	3.292410249999988e-08	-0.00357231	0.0001470999999999	2.163840999999995e-08	1.27613987361e-05	0.0	0.0	0.0	0.0	0.0	0.0	0.0	0.0	0.0	0.0	0.0	0.0	0.0	0.0	0.0	0.0	0.0	0.0	0.0	0.0	0.0	0.0	0.0	0.0	0.0	0.0	0.0	0.0	0.0	0.0	0.0	0.0	0.0	0.0	0.0	0.0	0.0	0.0	0.0	0.0	0.0	0.0	0.0	0.0	0.0	0.0	0.0	0.0	0.0	0.0	0.0	0.0	0.0	0.0	0.0	0.0	0.0	0.0	0.0	0.0	0.0	0.0	0.0	0.0	0.0	0.0	0.0	0.0	0.0	0.0	0.0	0.0	0.0	0.0	0.0	0.0	0.0	0.0
37032.64917745434	180.95270680561956	32743.882100280505	1371417105.1004095	47773.54166358116	420.09253045394144	176477.7341431957	2282311283.0819254	37119.44471761648	76.20447145630897	5807.121469935408	1377853176.1441865	38068.13117301718	23141.66519574473	0.8814619999999999	32.046432	0.1588203	0.0841669	-0.001151922	-0.0113225873	-0.0104878301	0.0057494273	-0.0112629449	-0.0218067564	-0.0110090326	0.003185769	-0.0098400941	0.0057810885	-0.0090364342	-0.0098700097	0.0115957396	-0.0036380225	0.0129141119	-0.0026778877	0.0437144342	-0.0138288745	0.005080102	-0.0128380207	-0.0065588142	0.0144631289	-0.0049944972	-0.0439863526	-0.001089613	-0.0047518473	0.0075151889	-0.0271331629	-0.0286323646	-0.0123216211	-0.0316149155	-0.0218405662	-0.0069340586	0.0435320955	-0.0449635109	0.0122993151	0.0258063227	-0.0524947712	0.0559585727	-0.0441887	0.0043194	1.865721636000001e-05	0.0019526412076899	0.0350432	0.0492933999999999	0.0024298392835599	0.0012280258662399	0.532023	0.06457	0.283048472529	0.0041692849	0.0124861	0.0004863	2.364876900000003e-07	0.00015590269321	-0.00452772	0.00012296	2.05002483984e-05	1.511916160000002e-08	-0.00336882	0.00020349	4.140818010000008e-08	1.13489481924e-05	0.0	0.0	0.0	0.0	0.0	0.0	0.0	0.0	0.0	0.0	0.0	0.0	0.0	0.0	0.0	0.0	0.0	0.0	0.0	0.0	0.0	0.0	0.0	0.0	0.0	0.0	0.0	0.0	0.0	0.0	0.0	0.0	0.0	0.0	0.0	0.0	0.0	0.0	0.0	0.0	0.0	0.0	0.0	0.0	0.0	0.0	0.0	0.0	0.0	0.0	0.0	0.0	0.0	0.0	0.0	0.0	0.0	0.0	0.0	0.0	0.0	0.0	0.0	0.0	0.0	0.0	0.0	0.0	0.0	0.0	0.0	0.0	0.0	0.0	0.0	0.0	0.0	0.0
36994.84864128343	-37.80053617090744	1428.8805348080814	1368618825.9914706	47812.43344795986	38.8917843786985	1512.570892159177	2286028792.215591	37169.53976987838	50.09505226189504	2509.514261121995	1381574686.7045703	38141.54080831963	23491.98708642139	0.795448	28.91931	0.0534909	0.0349577	-0.0014573791	-0.0104226002	-0.0043147279	-0.0015480538	-0.0020198681	-0.0320087988	-0.0023786133	0.0030363266	-0.0016752428	0.0036129513	-0.0090294189	-0.0122477804	0.0154449327	0.0039383043	-0.0114194363	-0.0078349713	0.0280037987	-0.0120370897	0.021287562	-0.0002020299	0.0032029118	0.0042952757	-0.0004472242	-0.0391550244	-0.0018374726	0.0086019535	0.0172231823	0.0024056983	-0.0119993258	0.010065842	0.0339074475	0.0237523112	-0.0577046369	-0.0021007586	-0.0451525215	0.0128893515	0.0249919101	-0.0519799285	0.0563114151	-0.0391407	0.0050479999999999	2.548230399999997e-05	0.00153199439649	0.0330413	-0.0020018999999999	4.007603609999976e-06	0.00109172750569	0.525797	-0.006226	0.2764624852089999	3.876307600000081e-05	0.0131178	0.0006317	3.990448900000009e-07	0.00017207667684	-0.00447253	5.51900000000001e-05	2.00035246009e-05	3.045936100000011e-09	-0.00325141	0.0001174099999999	1.3785108099999918e-08	1.05716669881e-05	0.0	0.0	0.0	0.0	0.0	0.0	0.0	0.0	0.0	0.0	0.0	0.0	0.0	0.0	0.0	0.0	0.0	0.0	0.0	0.0	0.0	0.0	0.0	0.0	0.0	0.0	0.0	0.0	0.0	0.0	0.0	0.0	0.0	0.0	0.0	0.0	0.0	0.0	0.0	0.0	0.0	0.0	0.0	0.0	0.0	0.0	0.0	0.0	0.0	0.0	0.0	0.0	0.0	0.0	0.0	0.0	0.0	0.0	0.0	0.0	0.0	0.0	0.0	0.0	0.0	0.0	0.0	0.0	0.0	0.0	0.0	0.0	0.0	0.0	0.0	0.0	0.0	0.0
37011.02343986862	16.17479858519073	261.624109271488	1369815856.0665047	47925.40910447831	112.9756565184507	12763.498965774954	2296844837.8316126	37074.84087495286	-94.69889492551738	8967.880700114181	1374543825.9030757	38051.41718350237	23087.329674094213	0.810489	29.466125	0.2309652000000001	0.146073	-0.0009133879	-0.0115074947	-0.0115270618	0.0040373784	-0.0140680047	0.0270014823	-0.0075676749	0.006339357	-0.0065416429	0.0079791445	-0.0103439212	-0.0133953859	0.009760517	0.0021854911	0.0191163461	-0.0127951161	0.0343005522	-0.0018465872	0.0025616703	-0.003640173	-0.0148717932	0.0201239361	-0.0037991024	0.0080492663	0.0114939685	0.0074551807	0.0154201683	0.001948693	0.0143984306	-0.0698099011	-0.0179899154	0.0226407586	-0.0099141351	0.0194485065	-0.0453402941	0.0134779744	0.0241713312	-0.0514422857	0.0566256646	-0.0556482	-0.0165075	0.00027249755625	0.00309672216324	0.166471	0.1334297	0.01780348484209	0.027712593841	0.466448	-0.0593489999999999	0.217573736704	0.0035223038009999	0.0128455	-0.0002723	7.414729000000074e-08	0.0001650068702499	-0.00463381	-0.00016128	2.1472195116100005e-05	2.60112384000002e-08	-0.00325141	0.0	0.0	1.05716669881e-05	0.0	0.0	0.0	0.0	0.0	0.0	0.0	0.0	0.0	0.0	0.0	0.0	0.0	0.0	0.0	0.0	0.0	0.0	0.0	0.0	0.0	0.0	0.0	0.0	0.0	0.0	0.0	0.0	0.0	0.0	0.0	0.0	0.0	0.0	0.0	0.0	0.0	0.0	0.0	0.0	0.0	0.0	0.0	0.0	0.0	0.0	0.0	0.0	0.0	0.0	0.0	0.0	0.0	0.0	0.0	0.0	0.0	0.0	0.0	0.0	0.0	0.0	0.0	0.0	0.0	0.0	0.0	0.0	0.0	0.0	0.0	0.0	0.0	0.0	0.0	0.0	0.0	0.0
37052.25497941952	41.23153955089947	1700.0398537373871	1372869599.0599189	48230.74207642181	305.3329719434987	93228.22375584937	2326204481.2423253	37037.59411909027	-37.246755862594	1387.3208222876806	1371783378.1304698	38050.79910544591	23437.670160190693	0.8568909999999998	31.153137	0.1714706999999999	0.130342	-0.002416614	-0.0108987561	-0.0026533957	-0.0167999432	0.0037595465	-0.0144746306	0.0144472429	0.0099967473	0.0158848727	0.0071349721	-0.0080414273	-0.0105582462	0.0086977506	0.0109586623	-0.0026834474	-0.0174490984	0.0220275388	-0.0152011216	0.0192079351	0.0234385409	0.0217601209	0.002012258	0.0064815524	-0.013116757	-0.0042732738	0.0128400316	0.0197462582	-0.0233801181	-0.0346786909	0.0130256594	0.0190017102	0.04261958	-0.0378334823	0.0022634275	-0.0455268238	0.0140651193	0.0233447884	-0.0508820785	0.0569011056	-0.0407926	0.0148556	0.00022068885136	0.00166403621476	0.0391509	-0.1273201	0.01621040786401	0.00153279297081	0.443672	-0.0227759999999999	0.196844843584	0.0005187461759999	0.0127991	-4.6399999999998526e-05	2.152959999999863e-09	0.00016381696081	-0.00454983	8.397999999999999e-05	2.0700953028900004e-05	7.052640399999999e-09	-0.00325141	0.0	0.0	1.05716669881e-05	0.0	0.0	0.0	0.0	0.0	0.0	0.0	0.0	0.0	0.0	0.0	0.0	0.0	0.0	0.0	0.0	0.0	0.0	0.0	0.0	0.0	0.0	0.0	0.0	0.0	0.0	0.0	0.0	0.0	0.0	0.0	0.0	0.0	0.0	0.0	0.0	0.0	0.0	0.0	0.0	0.0	0.0	0.0	0.0	0.0	0.0	0.0	0.0	0.0	0.0	0.0	0.0	0.0	0.0	0.0	0.0	0.0	0.0	0.0	0.0	0.0	0.0	0.0	0.0	0.0	0.0	0.0	0.0	0.0	0.0	0.0	0.0	0.0	0.0	0.0	0.0	0.0	0.0
37122.3659246651	70.11094524557848	4915.544643228503	1378070051.8447366	48392.77516615448	162.0330897326712	26254.72216831588	2341860688.281978	37111.96238975504	74.36827066477417	5530.63968166911	1377297752.4185927	38121.85283625731	23472.32611345684	0.878981	31.956226	0.10383067	0.0564937	-0.0006249341	-0.0088983818	-0.0078865966	-0.0046348673	-0.0216809603	0.0473331387	-0.0050878885	0.0059321207	-0.0036203193	0.0070376767	-0.0081480836	-0.0094544552	0.0097622571	0.0050856268	0.0160170996	-0.0006109607	0.0335124021	-0.0046634786	1.70613e-05	-0.0034987804	0.0241205704	0.014336079	-0.00804428	-0.0102059688	-0.0002078303	-0.0050782808	-0.0058108243	0.0030944175	0.0449728881	-0.0466216522	-0.0261638808	-0.00210005	-0.0054040151	0.0426079491	-0.0457121053	0.0146507218	0.0225124856	-0.0502995528	0.0571375495	-0.055637	-0.0148444	0.00022035621136	0.003095475769	0.00851763	-0.03063327	0.0009383972308929	7.25500208169e-05	0.481036	0.037364	0.231395633296	0.001396068496	0.0124368	-0.0003623	1.3126129000000084e-07	0.0001546739942399	-0.00460731	-5.747999999999951e-05	2.12273054361e-05	3.3039503999999442e-09	-0.00325141	0.0	0.0	1.05716669881e-05	0.0	0.0	0.0	0.0	0.0	0.0	0.0	0.0	0.0	0.0	0.0	0.0	0.0	0.0	0.0	0.0	0.0	0.0	0.0	0.0	0.0	0.0	0.0	0.0	0.0	0.0	0.0	0.0	0.0	0.0	0.0	0.0	0.0	0.0	0.0	0.0	0.0	0.0	0.0	0.0	0.0	0.0	0.0	0.0	0.0	0.0	0.0	0.0	0.0	0.0	0.0	0.0	0.0	0.0	0.0	0.0	0.0	0.0	0.0	0.0	0.0	0.0	0.0	0.0	0.0	0.0	0.0	0.0	0.0	0.0	0.0	0.0	0.0	0.0	0.0	0.0	0.0	0.0
37042.7265958281	-79.63932883700181	6342.422697608108	1372163593.6532702	47993.99750074052	-398.77766541395977	159023.62643300803	2303423796.101088	37205.191680791024	93.2292910359829	8691.700707072001	1384226288.0044017	38164.34224026864	23652.93915563137	0.8330769999999998	30.287336	0.15878197	0.0743413	-0.0013196512	-0.0107823394	-0.0052742905	0.0048214138	-0.0056147616	-0.0016141625	-0.0114713393	0.0012766857	-0.0106055971	0.0036641077	-0.0089786535	-0.0180258841	0.0165871686	-1.49468e-05	-0.017143198	-0.0043399955	0.0276132512	0.0003700604	0.0092984459	-0.0183397397	0.0185918007	0.0112801667	-0.001187252	0.0037796529	0.0074930862	-0.0067105353	0.0014896873	-0.0251450203	-0.0491270793	0.0168598174	0.0070067041	0.008360471	-0.0281638483	-0.0054977031	-0.0458961336	0.0152347176	0.0216746281	-0.0496949641	0.0573348341	-0.0381529	0.0174841	0.00030569375281	0.0014556437784099	0.0584815	0.04996387	0.0024963883053769	0.00342008584225	0.522728	0.0416919999999999	0.273244561984	0.0017382228639999	0.0130258	0.000589	3.469210000000012e-07	0.00016967146564	-0.00434968	0.00025763	1.89197161024e-05	6.63732169e-08	-0.0031052	0.00014621	2.13773641000001e-08	9.642267039999998e-06	0.0	0.0	0.0	0.0	0.0	0.0	0.0	0.0	0.0	0.0	0.0	0.0	0.0	0.0	0.0	0.0	0.0	0.0	0.0	0.0	0.0	0.0	0.0	0.0	0.0	0.0	0.0	0.0	0.0	0.0	0.0	0.0	0.0	0.0	0.0	0.0	0.0	0.0	0.0	0.0	0.0	0.0	0.0	0.0	0.0	0.0	0.0	0.0	0.0	0.0	0.0	0.0	0.0	0.0	0.0	0.0	0.0	0.0	0.0	0.0	0.0	0.0	0.0	0.0	0.0	0.0	0.0	0.0	0.0	0.0	0.0	0.0	0.0	0.0	0.0	0.0	0.0	0.0
37028.9897160596	-13.736879768497602	188.70186577415876	1371146079.3920476	48160.36860721823	166.37110647770896	27679.34507061717	2319421104.3831315	37061.77588747728	-143.4157933137467	20568.08977181131	1373575231.933592	38063.01934655976	23306.82403564453	0.786105	28.579641	0.0582503999999999	0.0349944	-0.0013390426	-0.0109821282	-0.0080242612	0.0013958404	-0.0192880417	0.0203680773	-0.0040567772	0.0057779753	-0.0030286943	0.0064306425	-0.0086370756	-0.0199734713	0.0086890106	-0.0056004951	0.0178770863	-0.0018873928	0.0233529546	-0.0045693118	-0.0033629563	-0.0022545676	0.0149772119	0.0066898156	-0.010393369	0.0037074981	0.0074165071	0.011555083	0.0063970244	0.0035764073	0.0458871106	-0.0295462301	0.0027982133	0.0290696926	-0.032358899	0.0167247435	-0.0460789037	0.0158170429	0.0208314228	-0.0490685775	0.0574928243	-0.0438735	-0.0057206	3.272526436000007e-05	0.00192488400225	0.0565942	-0.0018873	3.561901290000005e-06	0.0032029034736399	0.495659	-0.0270689999999999	0.245677844281	0.0007327307609999	0.0133406	0.0003147999999999	9.909903999999922e-08	0.0001779716083599	-0.00433922	1.0459999999999464e-05	1.88288302084e-05	1.0941159999998875e-10	-0.00325141	-0.00014621	2.13773641000001e-08	1.05716669881e-05	0.0	0.0	0.0	0.0	0.0	0.0	0.0	0.0	0.0	0.0	0.0	0.0	0.0	0.0	0.0	0.0	0.0	0.0	0.0	0.0	0.0	0.0	0.0	0.0	0.0	0.0	0.0	0.0	0.0	0.0	0.0	0.0	0.0	0.0	0.0	0.0	0.0	0.0	0.0	0.0	0.0	0.0	0.0	0.0	0.0	0.0	0.0	0.0	0.0	0.0	0.0	0.0	0.0	0.0	0.0	0.0	0.0	0.0	0.0	0.0	0.0	0.0	0.0	0.0	0.0	0.0	0.0	0.0	0.0	0.0	0.0	0.0	0.0	0.0	0.0	0.0	0.0	0.0
37017.87311216095	-11.116603898648464	123.57888223944622	1370322929.7480488	47842.64848841084	-317.72011880738864	100946.07389498116	2288919014.38564	37154.6918417658	92.91595428852452	8633.374561347178	1380471125.856578	38103.56604143823	23753.016764660595	0.7673069999999999	27.896221	0.08936785	0.0572691	-0.0010701761	-0.0095033948	-0.0071152502	0.0088166343	-0.0127705378	0.0024192533	-0.01556735	0.0004640147	-0.0146131739	0.0042031059	-0.0092724368	-0.0207775651	0.0188069128	0.0084739092	-0.0148254631	0.0049077431	0.0301099515	0.0097034376	0.0054194567	0.0033177557	0.0233399623	0.0095394388	-0.0030135852	0.000366402	0.0063189267	0.0019656874	-0.0098483389	-0.0256280426	-0.0291445009	-0.0064590254	-0.0090925501	0.0336078522	-0.0046724057	0.0255406172	-0.0462604104	0.0163976336	0.0199830776	-0.0484206678	0.0576114118	-0.0556885	-0.0118149999999999	0.000139594225	0.00310120903225	0.00168285	-0.05491135	0.0030152563588225	2.8319841225e-06	0.493189	-0.00247	0.2432353897209999	6.100900000000137e-06	0.0135817	0.0002411	5.81292100000005e-08	0.00018446257489	-0.00450155	-0.0001623299999999	2.02639524025e-05	2.6351028899999867e-08	-0.00325141	0.0	0.0	1.05716669881e-05	0.0	0.0	0.0	0.0	0.0	0.0	0.0	0.0	0.0	0.0	0.0	0.0	0.0	0.0	0.0	0.0	0.0	0.0	0.0	0.0	0.0	0.0	0.0	0.0	0.0	0.0	0.0	0.0	0.0	0.0	0.0	0.0	0.0	0.0	0.0	0.0	0.0	0.0	0.0	0.0	0.0	0.0	0.0	0.0	0.0	0.0	0.0	0.0	0.0	0.0	0.0	0.0	0.0	0.0	0.0	0.0	0.0	0.0	0.0	0.0	0.0	0.0	0.0	0.0	0.0	0.0	0.0	0.0	0.0	0.0	0.0	0.0	0.0	0.0	0.0	0.0	0.0	0.0
37018.19042731022	0.3173151492665056	0.1006889039540247	1370346422.512602	48019.73455550207	177.08606709122978	31359.475157839533	2305894906.78088	37137.868198346645	-16.823643419156724	283.03497789493537	1379221254.3177671	38119.973049844666	23765.58357747396	0.7538829999999999	27.408182	0.04938315	0.0320838	-4.77502e-05	-0.0087171293	-0.0125706856	0.0112608137	-0.0166765117	0.0351380866	-0.0255358855	-6.5409e-05	-0.0242669359	0.005161438	-0.0081756673	-0.0187605492	0.0094116886	0.0065325741	0.0168923379	0.012965886	0.0388686488	0.0111633353	-0.0146480392	0.0028374589	0.0158665638	0.0100257979	-0.0153040903	-0.0009629563	-0.0016996037	0.0110817523	-0.0162471718	-0.0053208926	0.0507051138	-0.0351439346	0.0120271389	0.0287222524	-0.0104037115	0.0237511797	-0.046440649	0.0169764261	0.0191298019	-0.0477515192	0.0576905153	-0.0556097	7.880000000000387e-05	6.2094400000006105e-09	0.0030924387340899	0.0206737	0.01899085	0.0003606523837225	0.0004274018716899	0.468068	-0.025121	0.2190876526239999	0.000631064641	0.0136196	3.790000000000043e-05	1.4364100000000327e-09	0.00018549350416	-0.0045675	-6.595000000000038e-05	2.0862056250000003e-05	4.34940250000005e-09	-0.00325141	0.0	0.0	1.05716669881e-05	0.0	0.0	0.0	0.0	0.0	0.0	0.0	0.0	0.0	0.0	0.0	0.0	0.0	0.0	0.0	0.0	0.0	0.0	0.0	0.0	0.0	0.0	0.0	0.0	0.0	0.0	0.0	0.0	0.0	0.0	0.0	0.0	0.0	0.0	0.0	0.0	0.0	0.0	0.0	0.0	0.0	0.0	0.0	0.0	0.0	0.0	0.0	0.0	0.0	0.0	0.0	0.0	0.0	0.0	0.0	0.0	0.0	0.0	0.0	0.0	0.0	0.0	0.0	0.0	0.0	0.0	0.0	0.0	0.0	0.0	0.0	0.0	0.0	0.0	0.0	0.0	0.0	0.0
36970.35068225429	-47.83974505592778	2288.6412070161664	1366806829.5688603	47884.254186259626	-135.4803692424466	18354.930450069674	2292901798.9743223	37120.33816757663	-17.53003077001631	307.3019787977186	1377919505.6752462	38085.49320609467	23385.100990305964	0.8789209999999998	31.954058	0.1588890999999998	0.0950735	-0.0023224233	-0.0139059404	-0.0041412776	0.0010552143	-0.0031167222	-0.0207167942	-0.0063208265	0.002312063	-0.0053547274	0.0039698098	-0.0094492874	-0.024539462	0.0177139103	-0.0042735795	-0.0201234208	-0.0056437718	0.0154053271	0.0061973959	0.0133307586	-0.0132686546	0.00082515	0.0099945447	0.0105931743	-0.0032678892	0.0045711867	-0.010398461	0.0001310307	-0.0449744304	-0.0294149162	-0.004783368	-0.0082346322	0.010071983	-0.0078203408	0.0202613745	-0.0466196143	0.017553357	0.0182718062	-0.0470614252	0.0577300806	-0.0323478	0.0232618999999999	0.0005411159916099	0.00104638016484	0.0813278999999999	0.0606541999999998	0.0036789319776399	0.0066142273184099	0.537276	0.0692079999999999	0.2886655001759999	0.0047897472639999	0.0136295	9.899999999998452e-06	9.800999999996936e-11	0.0001857632702499	-0.0045377	2.9799999999999965e-05	2.0590721290000005e-05	8.880399999999978e-10	-0.00317581	7.560000000000032e-05	5.715360000000048e-09	1.00857691561e-05	0.0	0.0	0.0	0.0	0.0	0.0	0.0	0.0	0.0	0.0	0.0	0.0	0.0	0.0	0.0	0.0	0.0	0.0	0.0	0.0	0.0	0.0	0.0	0.0	0.0	0.0	0.0	0.0	0.0	0.0	0.0	0.0	0.0	0.0	0.0	0.0	0.0	0.0	0.0	0.0	0.0	0.0	0.0	0.0	0.0	0.0	0.0	0.0	0.0	0.0	0.0	0.0	0.0	0.0	0.0	0.0	0.0	0.0	0.0	0.0	0.0	0.0	0.0	0.0	0.0	0.0	0.0	0.0	0.0	0.0	0.0	0.0	0.0	0.0	0.0	0.0	0.0	0.0
36966.0565460093	-4.294136244992842	18.439606090561224	1366489336.562757	47891.590778658174	7.336592398547509	53.82558802242509	2293604467.3104568	37092.72159826265	-27.61656931397738	762.674900673717	1375869995.5662203	38082.95023665936	23470.433889935124	0.809574	29.432873	0.089333	0.0527577	-0.0012803263	-0.0099243021	-0.0085296536	0.0046057667	-0.0105738982	-0.004496662	-0.0075470237	0.0050180962	-0.0066702117	0.0063161094	-0.0088780359	-0.027030348	0.0087054119	-0.0063162646	0.021640656	-0.0042563351	0.0250381603	0.0030475467	-0.0093221756	0.0026463487	-0.0045107666	0.0029117301	-0.0165993392	0.0027254834	0.0037008204	0.0233341893	0.0159350444	0.0118200717	0.0415787615	-0.0363667299	0.0166745684	0.0461610682	-0.0379587152	0.0122509145	-0.0467973015	0.0181283629	0.0174093022	-0.0463506885	0.0577300806	-0.0351659	-0.0028180999999999	7.941687609999983e-06	0.00123664052281	0.0627205	-0.0186073999999999	0.0003462353347599	0.0039338611202499	0.495746	-0.0415299999999999	0.245764096516	0.0017247408999999	0.0140534	0.0004239	1.7969121000000118e-07	0.00019749805156	-0.00456575	-2.804999999999995e-05	2.0846073062500003e-05	7.868024999999971e-10	-0.00325141	-7.560000000000032e-05	5.715360000000048e-09	1.05716669881e-05	0.0	0.0	0.0	0.0	0.0	0.0	0.0	0.0	0.0	0.0	0.0	0.0	0.0	0.0	0.0	0.0	0.0	0.0	0.0	0.0	0.0	0.0	0.0	0.0	0.0	0.0	0.0	0.0	0.0	0.0	0.0	0.0	0.0	0.0	0.0	0.0	0.0	0.0	0.0	0.0	0.0	0.0	0.0	0.0	0.0	0.0	0.0	0.0	0.0	0.0	0.0	0.0	0.0	0.0	0.0	0.0	0.0	0.0	0.0	0.0	0.0	0.0	0.0	0.0	0.0	0.0	0.0	0.0	0.0	0.0	0.0	0.0	0.0	0.0	0.0	0.0	0.0	0.0
36967.35035686703	1.2938108577291132	1.6739465355777436	1366584992.4073567	47746.08383858486	-145.50694007331185	21172.26960949837	2279688521.9211745	37142.39124773939	49.669649476738414	2467.074079142061	1379557227.6001475	38109.33247898392	23416.571116171766	0.8449759999999998	30.719936	0.13642843	0.0759093	-0.0014657908	-0.0129506965	-0.008546891	0.0092320228	-0.0137751151	-0.005441777	-0.0202706376	0.0005867857	-0.0188587794	0.0048933485	-0.0101889364	-0.0231018594	0.0182891956	0.0153151295	-0.0193862137	0.0039505408	0.0345977384	0.0160074131	0.003913571	0.0194851689	0.0059905432	0.0091912348	-0.0030995269	-0.0008688489	-0.0102450601	0.003836881	-0.0158684014	-0.0392850358	-0.0410362509	-0.0225638294	0.0021567379	0.0386321715	0.0116437508	0.0273454574	-0.0469737057	0.0187013809	0.0165425028	-0.0456196209	0.0576905153	-0.0369813	-0.0018154	3.295677160000006e-06	0.00136761654969	0.00596697	-0.0567535299999999	0.0032209631674608	3.56047309809e-05	0.450544	-0.045202	0.202989895936	0.002043220804	0.0135858	-0.0004676	2.186497600000003e-07	0.00018457396164	-0.00462113	-5.537999999999984e-05	2.1354842476900003e-05	3.066944399999982e-09	-0.00338158	-0.0001301699999999	1.6944228899999942e-08	1.14350832964e-05	0.0	0.0	0.0	0.0	0.0	0.0	0.0	0.0	0.0	0.0	0.0	0.0	0.0	0.0	0.0	0.0	0.0	0.0	0.0	0.0	0.0	0.0	0.0	0.0	0.0	0.0	0.0	0.0	0.0	0.0	0.0	0.0	0.0	0.0	0.0	0.0	0.0	0.0	0.0	0.0	0.0	0.0	0.0	0.0	0.0	0.0	0.0	0.0	0.0	0.0	0.0	0.0	0.0	0.0	0.0	0.0	0.0	0.0	0.0	0.0	0.0	0.0	0.0	0.0	0.0	0.0	0.0	0.0	0.0	0.0	0.0	0.0	0.0	0.0	0.0	0.0	0.0	0.0
36991.056476614925	23.7061197478979	561.9801135016749	1368338259.256115	47617.1959431002	-128.88789548465866	16612.089602464293	2267397349.483598	37043.5230544818	-98.8681932575928	9774.919638020718	1372222600.2879243	38022.54973878381	23627.571927166908	0.819521	29.794502	0.08798463	0.0626157	-0.0007777548	-0.009434287	-0.0110929232	0.0108124599	-0.0150911736	-0.0186636727	-0.0122068846	0.0051677153	-0.0113719659	0.0073501671	-0.007748857	-0.0228909281	0.0062668317	0.0035584739	0.023333725	0.0037559617	0.027371481	0.0071097571	-0.0117383521	0.0127577794	-0.0043548797	0.000703919	-0.0154203878	-0.0048328819	-0.0168251932	0.0147516929	0.0037749377	-0.0272379961	0.0365596218	-0.0100864434	0.0479976964	0.0494163877	-0.0295622809	0.01613099	-0.0471488222	0.019272348	0.0156716217	-0.044868543	0.0576114118	-0.0346064	0.0023748999999999	5.640150009999996e-06	0.00119760292096	0.0665072	0.06054023	0.0036651194484529	0.00442320765184	0.457697	0.007153	0.209486543809	5.116540900000029e-05	0.0136626	7.680000000000013e-05	5.89824000000002e-09	0.00018666663876	-0.00486477	-0.0002436399999999	2.36659871529e-05	5.936044959999992e-08	-0.00334369	3.789000000000006e-05	1.4356521000000043e-09	1.1180262816099998e-05	0.0	0.0	0.0	0.0	0.0	0.0	0.0	0.0	0.0	0.0	0.0	0.0	0.0	0.0	0.0	0.0	0.0	0.0	0.0	0.0	0.0	0.0	0.0	0.0	0.0	0.0	0.0	0.0	0.0	0.0	0.0	0.0	0.0	0.0	0.0	0.0	0.0	0.0	0.0	0.0	0.0	0.0	0.0	0.0	0.0	0.0	0.0	0.0	0.0	0.0	0.0	0.0	0.0	0.0	0.0	0.0	0.0	0.0	0.0	0.0	0.0	0.0	0.0	0.0	0.0	0.0	0.0	0.0	0.0	0.0	0.0	0.0	0.0	0.0	0.0	0.0	0.0	0.0
37010.31135046922	19.25487385429733	370.7501671449029	1369763146.258671	47962.07457975415	344.8786366539498	118941.27402028712	2300360597.9939	37040.41929592147	-3.103758560326241	9.633317200798423	1371992661.6176715	38027.09363532529	23378.68741304812	0.85651	31.139294	0.1822715	0.101698	-0.0022241379	-0.0130465712	-0.0044228345	0.0015641706	-0.0082993006	-0.0106635663	-0.0065719073	0.0042194804	-0.0048757872	0.0064406162	-0.0100499509	-0.0248123764	0.0205673581	-0.0039451032	-0.0244012635	-0.0034483122	0.020081137	0.0052130456	0.0158773516	-0.0116335993	0.0070151847	0.0102929942	0.014046247	-0.0157787895	-0.0008513217	-0.0030350716	-0.0005365256	-0.0322898584	-0.0265970469	-0.0106016628	-0.0186768658	-0.0015926581	0.0022858634	0.0288471811	-0.047322646	0.0198412017	0.0147968739	-0.0440977843	0.0574928243	-0.0331402	0.0014662	2.1497424400000023e-06	0.00109827285604	0.0151149	-0.0513923	0.00264116849929	0.00022846020201	0.532013	0.0743159999999999	0.2830378321689999	0.0055228678559999	0.0131586	-0.000504	2.54016000000001e-07	0.0001731487539599	-0.00435911	0.0005056599999999	1.9001839992100003e-05	2.5569203559999976e-07	-0.00325141	9.22799999999997e-05	8.515598399999946e-09	1.05716669881e-05	0.0	0.0	0.0	0.0	0.0	0.0	0.0	0.0	0.0	0.0	0.0	0.0	0.0	0.0	0.0	0.0	0.0	0.0	0.0	0.0	0.0	0.0	0.0	0.0	0.0	0.0	0.0	0.0	0.0	0.0	0.0	0.0	0.0	0.0	0.0	0.0	0.0	0.0	0.0	0.0	0.0	0.0	0.0	0.0	0.0	0.0	0.0	0.0	0.0	0.0	0.0	0.0	0.0	0.0	0.0	0.0	0.0	0.0	0.0	0.0	0.0	0.0	0.0	0.0	0.0	0.0	0.0	0.0	0.0	0.0	0.0	0.0	0.0	0.0	0.0	0.0	0.0	0.0
36996.399685804274	-13.911664664949058	193.53441374999215	1368733589.7117786	47791.64875222156	-170.42582753259194	29044.962690168773	2284041690.455721	36988.59415337442	-51.825142547051655	2685.845400022224	1368156097.4430442	37972.2051427723	23776.893490782088	0.87402	31.775869	0.1285357999999999	0.0709331	-0.0009751331	-0.0075264611	-0.0084366434	-0.0008305286	-0.0092374059	-0.0170571677	-0.0031829853	0.0075370116	-0.0020817969	0.0077576158	-0.0079929369	-0.0189869977	0.003617453	-0.0044144729	0.0245769218	-0.0070513115	0.0280146237	-0.0093454123	-0.0099878973	-0.007012343	0.0078885178	0.0035698508	-0.0188144115	-0.0138941229	-0.0037282426	0.0172043291	0.0330919063	0.0091280813	0.0166383093	0.0247087329	0.029702447	0.0299153863	-0.0436707732	-0.0088338095	-0.0474951725	0.0204078796	0.0139184751	-0.0433076828	0.0573348341	-0.0306595	0.0024807	6.1538724900000114e-06	0.00094000494025	-0.0086957	-0.0238106	0.00056694467236	7.561519849000002e-05	0.481821	-0.0501919999999999	0.232151476041	0.0025192368639999	0.0121794	-0.0009791999999999	9.58832639999999e-07	0.00014833778436	-0.00429726	6.185000000000045e-05	1.84664435076e-05	3.8254225000000564e-09	-0.00325141	0.0	0.0	1.05716669881e-05	0.0	0.0	0.0	0.0	0.0	0.0	0.0	0.0	0.0	0.0	0.0	0.0	0.0	0.0	0.0	0.0	0.0	0.0	0.0	0.0	0.0	0.0	0.0	0.0	0.0	0.0	0.0	0.0	0.0	0.0	0.0	0.0	0.0	0.0	0.0	0.0	0.0	0.0	0.0	0.0	0.0	0.0	0.0	0.0	0.0	0.0	0.0	0.0	0.0	0.0	0.0	0.0	0.0	0.0	0.0	0.0	0.0	0.0	0.0	0.0	0.0	0.0	0.0	0.0	0.0	0.0	0.0	0.0	0.0	0.0	0.0	0.0	0.0	0.0	0.0	0.0	0.0	0.0
36974.24851345444	-22.15117234983336	490.674436472022	1367095053.134688	47961.27886181872	169.63010959715757	28774.37408194369	2300284270.061139	37069.76039211421	81.16623873978824	6587.958311164301	1374167135.5287592	38061.43865542763	23182.30560707947	0.958923	34.862621	0.0930524	0.0514259	-0.0021766622	-0.0131251966	-0.0067142396	0.0022729556	-0.007328003	-0.0039564166	-0.006363002	0.0050714584	-0.0044008957	0.0070758879	-0.0095721021	-0.0216583567	0.0183171221	0.0063460765	-0.020493484	-0.0043225505	0.0241275829	0.0048349505	0.0177422821	0.0124306554	0.0115415937	0.0164112559	0.010459389	-0.0047027346	0.0020903286	-0.010696634	-0.0009457203	-0.0379463498	-0.033751382	-0.0360708214	-0.0231173243	0.0245302554	-0.0199617035	0.0421204988	-0.0476663968	0.0209723196	0.0130366422	-0.0424985851	0.0571375495	-0.0381364	-0.0074769	5.590403361000002e-05	0.00145438500496	0.0241248	0.0328205	0.00107718522025	0.0005820059750399	0.477995	-0.0038259999999999	0.228479220025	1.463827599999997e-05	0.0127886	0.0006092	3.711246400000009e-07	0.00016354828996	-0.00466664	-0.0003693799999999	2.17775288896e-05	1.3644158439999993e-07	-0.00325141	0.0	0.0	1.05716669881e-05	0.0	0.0	0.0	0.0	0.0	0.0	0.0	0.0	0.0	0.0	0.0	0.0	0.0	0.0	0.0	0.0	0.0	0.0	0.0	0.0	0.0	0.0	0.0	0.0	0.0	0.0	0.0	0.0	0.0	0.0	0.0	0.0	0.0	0.0	0.0	0.0	0.0	0.0	0.0	0.0	0.0	0.0	0.0	0.0	0.0	0.0	0.0	0.0	0.0	0.0	0.0	0.0	0.0	0.0	0.0	0.0	0.0	0.0	0.0	0.0	0.0	0.0	0.0	0.0	0.0	0.0	0.0	0.0	0.0	0.0	0.0	0.0	0.0	0.0	0.0	0.0	0.0	0.0
37028.18048420819	53.93197075375065	2908.657469383415	1371086149.9710965	47686.66912581457	-274.6097360041458	75410.50710826665	2274018412.3149166	36975.200565742	-94.55982637220586	8941.56076354172	1367165456.8768475	37957.69380116959	23517.551281856468	0.88787	32.2794	0.0480804899999999	0.0264589	-0.0009890608	-0.0091087816	-0.0089056489	0.0068336684	-0.0068002847	-0.0313026395	-0.0112659306	0.007641352	-0.0099447336	0.0092732066	-0.0082235495	-0.0205393796	0.0057956514	0.0012503904	0.0269939774	0.0084854768	0.0352079906	0.0004956303	-0.0186878583	-0.0065097253	0.0124477977	0.0174937123	-0.0259668099	-0.0105518211	-0.0057139596	0.0239449562	0.0176107245	-0.0270304649	0.0061889769	0.025059716	0.0373527857	0.0296096367	-0.0305347349	0.00434423	-0.0478363144	0.0215344597	0.0121515927	-0.0416708462	0.0569011056	-0.0386645	-0.0005280999999999	2.7888960999999645e-07	0.0014949435602499	0.00580791	-0.01831689	0.000335508459272	3.37318185681e-05	0.473448	-0.004547	0.2241530087039999	2.0675209000000213e-05	0.0125064	-0.0002821999999999	7.96368399999999e-08	0.00015641004096	-0.00445507	0.0002115699999999	1.9847648704900003e-05	4.4761864899999774e-08	-0.00325141	0.0	0.0	1.05716669881e-05	0.0	0.0	0.0	0.0	0.0	0.0	0.0	0.0	0.0	0.0	0.0	0.0	0.0	0.0	0.0	0.0	0.0	0.0	0.0	0.0	0.0	0.0	0.0	0.0	0.0	0.0	0.0	0.0	0.0	0.0	0.0	0.0	0.0	0.0	0.0	0.0	0.0	0.0	0.0	0.0	0.0	0.0	0.0	0.0	0.0	0.0	0.0	0.0	0.0	0.0	0.0	0.0	0.0	0.0	0.0	0.0	0.0	0.0	0.0	0.0	0.0	0.0	0.0	0.0	0.0	0.0	0.0	0.0	0.0	0.0	0.0	0.0	0.0	0.0	0.0	0.0	0.0	0.0
37056.05267811557	27.87219390738028	776.8591932106063	1373151040.0832765	48033.9334271327	347.2643013181296	120592.4949699687	2307258760.4822164	37111.763525096	136.56295935399976	18649.44186752219	1377282991.942646	38104.851009457234	23250.98942631343	0.899715	32.710026	0.0822472900000001	0.050375	-0.0014567114	-0.0121807199	-0.0059212304	0.0089787592	-0.0143955459	0.0239854358	-0.0167173516	0.0032314317	-0.0143889611	0.0072489061	-0.0101160028	-0.0226187568	0.0203615266	0.0024232466	-0.0329574033	-0.0025375708	0.0155471678	0.0076388201	0.0202029894	-0.0100125938	0.014520964	0.0210922049	0.0204913969	0.0027096258	-0.0018159628	-0.020770324	-0.0233511191	-0.0112002691	0.0024429172	-0.0455596433	-0.0198491369	-0.0167531631	-0.0103216388	0.0199613514	-0.0480049204	0.0220942383	0.011263545	-0.040824829	0.0566256646	-0.0378657	0.0007987999999999	6.380814399999926e-07	0.00143381123649	0.0294104	0.02360249	0.0005570775342001	0.00086497162816	0.511896	0.038448	0.262037514816	0.001478248704	0.0121427	-0.0003637	1.3227769000000114e-07	0.00014744516329	-0.00447933	-2.4259999999999907e-05	2.00643972489e-05	5.885475999999954e-10	-0.00325141	0.0	0.0	1.05716669881e-05	0.0	0.0	0.0	0.0	0.0	0.0	0.0	0.0	0.0	0.0	0.0	0.0	0.0	0.0	0.0	0.0	0.0	0.0	0.0	0.0	0.0	0.0	0.0	0.0	0.0	0.0	0.0	0.0	0.0	0.0	0.0	0.0	0.0	0.0	0.0	0.0	0.0	0.0	0.0	0.0	0.0	0.0	0.0	0.0	0.0	0.0	0.0	0.0	0.0	0.0	0.0	0.0	0.0	0.0	0.0	0.0	0.0	0.0	0.0	0.0	0.0	0.0	0.0	0.0	0.0	0.0	0.0	0.0	0.0	0.0	0.0	0.0	0.0	0.0	0.0	0.0	0.0	0.0
37139.2850451861	83.23236707053002	6927.6269281634495	1379326493.667584	47920.84936176318	-113.08406536951952	12788.005840497764	2296407803.5527987	36987.758850666825	-124.0046744291758	15377.159280285883	1368094304.795082	37985.079566885965	23515.065627513584	0.931026	33.848373	0.04258499	0.0253332	-0.0013886574	-0.0095421037	-0.0069328947	0.0083021459	-0.0099224343	-0.0081530804	-0.0059349314	0.0060627327	-0.0052975228	0.0066282797	-0.0076027363	-0.024501616	0.0037445342	-0.0153096025	0.0325990903	0.0003030624	0.0191926057	-0.0068434682	-0.0191160724	-0.0208410122	0.0151784287	0.0111180191	-0.028933382	0.0026769304	0.0078275656	0.0258131921	0.030536494	-0.0245067996	-0.0116643901	0.0461952258	0.0242782733	0.0215278858	-0.0622276291	-0.0099272499	-0.0481722105	0.022651594	0.0103727182	-0.0399609048	0.0563114151	-0.0374035	0.0004622	2.1362884000000266e-07	0.00139902181225	0.00650511	-0.02290529	0.0005246523099841	4.23164561121e-05	0.515382	0.0034859999999999	0.265618605924	1.2152195999999925e-05	0.0123695	0.0002268	5.1438240000000434e-08	0.00015300453025	-0.0043915	8.783000000000055e-05	1.928527225e-05	7.714108900000096e-09	-0.00325141	0.0	0.0	1.05716669881e-05	0.0	0.0	0.0	0.0	0.0	0.0	0.0	0.0	0.0	0.0	0.0	0.0	0.0	0.0	0.0	0.0	0.0	0.0	0.0	0.0	0.0	0.0	0.0	0.0	0.0	0.0	0.0	0.0	0.0	0.0	0.0	0.0	0.0	0.0	0.0	0.0	0.0	0.0	0.0	0.0	0.0	0.0	0.0	0.0	0.0	0.0	0.0	0.0	0.0	0.0	0.0	0.0	0.0	0.0	0.0	0.0	0.0	0.0	0.0	0.0	0.0	0.0	0.0	0.0	0.0	0.0	0.0	0.0	0.0	0.0	0.0	0.0	0.0	0.0	0.0	0.0	0.0	0.0
37129.01134591564	-10.273699270459474	105.54889669983952	1378563483.5251324	47872.83910322868	-48.01025853450119	2304.9849245496443	2291808723.8036213	37242.89441232687	255.13556166004128	65094.15482358472	1387033184.2077277	38207.40168676901	23239.598909707816	0.908479	33.028667	0.0957806099999999	0.052392	-0.001860576	-0.0113940106	-0.0021831227	0.0117049353	-0.0157412711	0.0183417595	-0.0170830819	0.0018600026	-0.0154374598	0.0059615718	-0.0093098709	-0.0260079415	0.0216678383	0.010551861	-0.0350500724	0.0045419419	0.0095914822	0.0131557934	0.0157177407	0.0086473786	0.0276550794	0.0158972239	0.0100293872	0.0030799495	0.0016587514	0.0155102829	-0.0214411218	0.0024680825	0.0324690176	-0.0373598867	0.0345978482	0.0360217158	-0.0395798548	0.0108535389	-0.0483381798	0.0232064657	0.009479332	-0.0390794523	0.0559585727	-0.0528397	-0.0154362	0.00023827627044	0.00279203389609	-0.0105103	-0.01701541	0.0002895241774681	0.00011046640609	0.481957	-0.0334249999999999	0.232282549849	0.0011172306249999	0.0129445	0.0005749999999999	3.30624999999999e-07	0.0001675600802499	-0.00436842	2.3079999999999976e-05	1.90830932964e-05	5.326863999999989e-10	-0.00325141	0.0	0.0	1.05716669881e-05	0.0	0.0	0.0	0.0	0.0	0.0	0.0	0.0	0.0	0.0	0.0	0.0	0.0	0.0	0.0	0.0	0.0	0.0	0.0	0.0	0.0	0.0	0.0	0.0	0.0	0.0	0.0	0.0	0.0	0.0	0.0	0.0	0.0	0.0	0.0	0.0	0.0	0.0	0.0	0.0	0.0	0.0	0.0	0.0	0.0	0.0	0.0	0.0	0.0	0.0	0.0	0.0	0.0	0.0	0.0	0.0	0.0	0.0	0.0	0.0	0.0	0.0	0.0	0.0	0.0	0.0	0.0	0.0	0.0	0.0	0.0	0.0	0.0	0.0	0.0	0.0	0.0	0.0
37335.3434409808	206.3320950651614	42572.9334539788	1393927869.8559885	48221.86520660545	349.0261033767674	121819.22083836996	2325348284.004025	37092.23416715236	-150.6602451745057	22698.509476042163	1375833835.510865	38078.15108392727	23851.496948917546	0.931755	33.874901	0.1185337	0.0623265	-0.0002481747	-0.0048055805	-0.0083411295	0.001566252	-0.018304097	0.0391096583	-0.015822908	0.0074800262	-0.0140651235	0.0102778359	-0.006425483	-0.0228123722	0.0014193145	0.0004357581	0.0413453681	0.0197723117	0.0244425674	0.013046779	-0.0333914504	0.002142906	0.0233385458	0.0203922175	-0.0315751817	0.031727801	0.0054359207	0.0266820352	0.0032254241	-0.0326343424	0.0070206294	-0.0012397075	0.0027547259	0.0379913507	-0.0057950245	0.0059168783	-0.0485028239	0.0237587926	0.008583607	-0.0381808583	0.055567379	-0.0556882	-0.0028484999999999	8.113952249999981e-06	0.00310117561924	0.0288354	0.0393457	0.0015480841084899	0.00083148029316	0.434985	-0.046972	0.189211950225	0.002206368784	0.0127382	-0.0002062999999999	4.2559689999999814e-08	0.00016226173924	-0.00460068	-0.00023226	2.1166256462400003e-05	5.3944707600000295e-08	-0.0034002	-0.0001487899999999	2.2138464099999934e-08	1.156136004e-05	0.0	0.0	0.0	0.0	0.0	0.0	0.0	0.0	0.0	0.0	0.0	0.0	0.0	0.0	0.0	0.0	0.0	0.0	0.0	0.0	0.0	0.0	0.0	0.0	0.0	0.0	0.0	0.0	0.0	0.0	0.0	0.0	0.0	0.0	0.0	0.0	0.0	0.0	0.0	0.0	0.0	0.0	0.0	0.0	0.0	0.0	0.0	0.0	0.0	0.0	0.0	0.0	0.0	0.0	0.0	0.0	0.0	0.0	0.0	0.0	0.0	0.0	0.0	0.0	0.0	0.0	0.0	0.0	0.0	0.0	0.0	0.0	0.0	0.0	0.0	0.0	0.0	0.0
37240.6682042154	-94.6752367654044	8963.400456585383	1386867368.2964597	48333.12004776362	111.2548411581738	12377.639681130484	2336090493.55153	37212.3572011708	120.1230340184411	14429.543301795558	1384759528.4675283	38225.606952439695	23801.830614272	0.933766	33.947983	0.1010942	0.0556067	-0.0014410725	-0.0099975948	-0.0023932305	0.0027764075	-0.0198293161	0.0703577494	-0.0161181437	0.0026661245	-0.0140918343	0.007128312	-0.0081749054	-0.0217435105	0.0190841227	0.0098043497	-0.0402301832	0.0009318237	-0.0041272931	0.013666351	0.0260579763	0.002975349	0.0420583363	0.0184031638	0.0263553695	0.0390874903	0.0046981463	-0.0170690779	-0.0410771502	-0.002334256	0.0473057022	-0.0295568511	0.0156958691	0.0038787984	-0.0254523768	-0.0100228724	-0.0486661384	0.024308514	0.0076857641	-0.037265517	0.0551381022	-0.0557021	-1.3899999999997248e-05	1.9320999999992348e-10	0.00310272394441	0.0163156	-0.0125198	0.00015674539204	0.00026619880336	0.46369	0.0287049999999999	0.2150084161	0.0008239770249999	0.0120103	-0.0007279	5.298384100000001e-07	0.00014424730609	-0.00444174	0.00015894	1.97290542276e-05	2.5261923600000205e-08	-0.00308993	0.00031027	9.626747290000005e-08	9.5476674049e-06	0.0	0.0	0.0	0.0	0.0	0.0	0.0	0.0	0.0	0.0	0.0	0.0	0.0	0.0	0.0	0.0	0.0	0.0	0.0	0.0	0.0	0.0	0.0	0.0	0.0	0.0	0.0	0.0	0.0	0.0	0.0	0.0	0.0	0.0	0.0	0.0	0.0	0.0	0.0	0.0	0.0	0.0	0.0	0.0	0.0	0.0	0.0	0.0	0.0	0.0	0.0	0.0	0.0	0.0	0.0	0.0	0.0	0.0	0.0	0.0	0.0	0.0	0.0	0.0	0.0	0.0	0.0	0.0	0.0	0.0	0.0	0.0	0.0	0.0	0.0	0.0	0.0	0.0
37271.56036344548	30.892159230083053	954.3255018968056	1389169211.9259603	48513.12490743483	180.00485967120767	32401.74950525117	2353523288.2843738	36971.21953237495	-241.13766879585452	58147.37531229925	1366871073.711063	37990.71023391813	23613.916584442264	1.139179	41.416	0.07571067	0.0350596	-0.0017944384	-0.0089321258	-0.001520579	-0.0179370714	-0.0101487789	0.0342343599	0.0202235428	0.0132914549	0.0204411152	0.0086058215	-0.0011033677	-0.0222129366	-0.0186687739	-0.0177730782	0.0670828582	-0.0035424129	-0.0121583137	-0.0178845761	-0.0235086543	0.0075263407	0.0368304521	-0.0030874666	-0.0344647636	0.0364319618	0.0135316613	-0.0041282395	0.0189487382	-0.0280226663	0.0035143143	0.0370859474	-0.0244153124	0.0146103711	-0.0392387288	-0.0155487899	-0.0488281186	0.0248555698	0.0067860248	-0.0363338297	0.0546710365	-0.0376731	0.0180289999999999	0.0003250448409999	0.00141926246361	-0.00886257	-0.02517817	0.0006339402445489	7.854514700490001e-05	0.453478	-0.0102119999999999	0.2056422964839999	0.0001042849439999	0.0120941	8.38000000000002e-05	7.0224400000000335e-09	0.00014626725481	-0.00464229	-0.00020055	2.15508564441e-05	4.0220302500000295e-08	-0.00325141	-0.00016148	2.6075790400000097e-08	1.05716669881e-05	0.0	0.0	0.0	0.0	0.0	0.0	0.0	0.0	0.0	0.0	0.0	0.0	0.0	0.0	0.0	0.0	0.0	0.0	0.0	0.0	0.0	0.0	0.0	0.0	0.0	0.0	0.0	0.0	0.0	0.0	0.0	0.0	0.0	0.0	0.0	0.0	0.0	0.0	0.0	0.0	0.0	0.0	0.0	0.0	0.0	0.0	0.0	0.0	0.0	0.0	0.0	0.0	0.0	0.0	0.0	0.0	0.0	0.0	0.0	0.0	0.0	0.0	0.0	0.0	0.0	0.0	0.0	0.0	0.0	0.0	0.0	0.0	0.0	0.0	0.0	0.0	0.0	0.0
37157.87631445747	-113.68404898801236	12924.062994308795	1380707772.200519	48018.909177373374	-494.2157300614562	244249.1878401782	2305815638.5848327	37272.57088542024	301.35135304529103	90812.63798222764	1389244540.4086764	38271.29548588268	23646.212999019383	1.108798	40.311455	0.1600681299999999	0.0760046	-0.0021967557	-0.009572146	0.006099705	0.0039184207	-0.007351133	0.022523065	-0.007383542	0.0003584931	-0.0067546196	0.0022608225	-0.0074330536	-0.0272799245	0.0225018565	0.0269507302	-0.055274623	0.0066867208	-0.0189216985	0.0222545163	0.028264135	0.0414901721	0.045121118	-0.0017059892	0.019674146	0.044270984	0.0057006902	0.0113532706	-0.0470582522	-0.0069561698	0.0221948738	-0.0132399317	0.0513698908	0.0671282719	-0.0243790992	-0.018247855	-0.0489887601	0.0253998998	0.0058846112	-0.0353862052	0.054166502	-0.0555536	-0.0178805	0.00031971228025	0.00308620247296	-0.0338422	-0.02497963	0.0006239819149369	0.00114529450084	0.421594	-0.0318839999999999	0.177741500836	0.0010165894559999	0.0130782	0.0009841	9.684528099999998e-07	0.0001710393152399	-0.00481908	-0.0001767899999999	2.32235320464e-05	3.125470409999985e-08	-0.003797	-0.0005455899999999	2.976684480999999e-07	1.4417209e-05	0.0	0.0	0.0	0.0	0.0	0.0	0.0	0.0	0.0	0.0	0.0	0.0	0.0	0.0	0.0	0.0	0.0	0.0	0.0	0.0	0.0	0.0	0.0	0.0	0.0	0.0	0.0	0.0	0.0	0.0	0.0	0.0	0.0	0.0	0.0	0.0	0.0	0.0	0.0	0.0	0.0	0.0	0.0	0.0	0.0	0.0	0.0	0.0	0.0	0.0	0.0	0.0	0.0	0.0	0.0	0.0	0.0	0.0	0.0	0.0	0.0	0.0	0.0	0.0	0.0	0.0	0.0	0.0	0.0	0.0	0.0	0.0	0.0	0.0	0.0	0.0	0.0	0.0
37332.996228458745	175.1199140012759	30666.984279814267	1393752607.394115	48087.5595541136	68.6503767402246	4712.874226574771	2312413383.870422	37033.04715329085	-239.52373212938983	57371.61825319169	1371446581.457863	38024.17901909722	23873.83831761784	1.085172	39.452507	0.09336547	0.0466756	0.0002949081	-0.0045070675	-0.010582375	0.007616759	-0.0218958433	0.0540573344	-0.0167343609	0.0051498785	-0.0159469801	0.00757272	-0.0031667806	-0.0246730077	-0.0135051092	0.004552469	0.078406871	0.0300698103	0.0151233405	0.0175493598	-0.0588656435	0.0176599582	0.0278942841	0.0007895147	-0.050947538	0.0500794607	0.0051491363	0.0270391	-0.0023363835	-0.0407860048	0.0278115257	-0.0099130134	-0.0173545983	0.0504271488	0.0382013328	0.0163740201	-0.0491480586	0.0259414445	0.0049817457	-0.0344230592	0.0536248445	-0.0556105	-5.689999999999862e-05	3.2376099999998424e-09	0.00309252771025	-0.00407763	0.02976457	0.0008859296272849	1.6627066416899997e-05	0.388227	-0.033367	0.1507202035289999	0.001113356689	0.0128741	-0.0002041	4.165681000000019e-08	0.0001657424508099	-0.004658	0.00016108	2.1696964e-05	2.5946766400000025e-08	-0.00403536	-0.0002383599999999	5.681548959999999e-08	1.62841303296e-05	0.0	0.0	0.0	0.0	0.0	0.0	0.0	0.0	0.0	0.0	0.0	0.0	0.0	0.0	0.0	0.0	0.0	0.0	0.0	0.0	0.0	0.0	0.0	0.0	0.0	0.0	0.0	0.0	0.0	0.0	0.0	0.0	0.0	0.0	0.0	0.0	0.0	0.0	0.0	0.0	0.0	0.0	0.0	0.0	0.0	0.0	0.0	0.0	0.0	0.0	0.0	0.0	0.0	0.0	0.0	0.0	0.0	0.0	0.0	0.0	0.0	0.0	0.0	0.0	0.0	0.0	0.0	0.0	0.0	0.0	0.0	0.0	0.0	0.0	0.0	0.0	0.0	0.0
37106.181558336175	-226.81467012257053	51444.89458281049	1376868709.8402076	47844.82721670431	-242.73233740928845	58918.987624176654	2289127491.3962893	37365.01837416004	331.9712208691926	110204.89148538226	1396144598.1013174	38328.36938402321	24374.579958924944	1.264811	45.983479	0.1563692699999999	0.101953	-0.0007378378	-0.0060339812	-0.003598397	0.0164713382	-0.0176996609	0.0410214921	-0.0308468003	-0.0085942117	-0.0301834798	-0.0009605318	-0.0087905212	-0.01726061	0.0296283595	0.042296827	-0.0819626043	0.0026770902	0.0051243736	0.0331568638	0.0374079582	0.0251996993	0.0507574442	0.0181050411	0.0308566218	0.0481376297	-0.0064132964	-0.0094720908	-0.0710733415	0.0064527223	0.0167941242	-0.0155133432	0.0521813771	0.0179993966	-0.0063238155	-0.0200985345	-0.0493060097	0.0264801444	0.0040776509	-0.0334448141	0.0530464353	-0.055715	-0.0001045	1.0920250000000087e-08	0.003104161225	-0.0143474	-0.01026977	0.0001054681758529	0.0002058478867599	0.374844	-0.0133829999999999	0.140508024336	0.0001791046889999	0.0109586	-0.0019154999999999	3.669140249999996e-06	0.00012009091396	-0.00428821	0.00036979	1.83887450041e-05	1.3674464410000005e-07	-0.00366841	0.00036695	1.346523025e-07	1.34572319281e-05	0.0	0.0	0.0	0.0	0.0	0.0	0.0	0.0	0.0	0.0	0.0	0.0	0.0	0.0	0.0	0.0	0.0	0.0	0.0	0.0	0.0	0.0	0.0	0.0	0.0	0.0	0.0	0.0	0.0	0.0	0.0	0.0	0.0	0.0	0.0	0.0	0.0	0.0	0.0	0.0	0.0	0.0	0.0	0.0	0.0	0.0	0.0	0.0	0.0	0.0	0.0	0.0	0.0	0.0	0.0	0.0	0.0	0.0	0.0	0.0	0.0	0.0	0.0	0.0	0.0	0.0	0.0	0.0	0.0	0.0	0.0	0.0	0.0	0.0	0.0	0.0	0.0	0.0
37196.81542210087	90.63386376469862	8214.49726091795	1383603077.5458417	47944.41091528436	99.5836985800488	9916.913022882014	2298666538.013638	36928.65739557264	-436.3609785873996	190410.903633753	1363725737.039582	37878.76974735015	23263.351809173204	1.51536	55.092442	0.0854090999999999	0.0446554	0.0002324259	-0.009152814	-0.0153406023	0.0143249145	-0.0216455494	0.0467183496	-0.0171400178	0.0076783908	-0.0166480803	0.0093786554	0.0010110681	-0.0196967895	-0.0286493109	-0.0057518399	0.1172584872	0.0250831425	0.0382242734	-0.0004793691	-0.0848301402	0.0078045853	0.0309076573	0.0075237662	-0.0801579863	0.0486272598	0.0093549724	0.0253062059	0.0138908282	-0.0135790215	0.015129202	-0.0004961072	-0.052925806	0.0147884556	0.0240366661	0.0219848538	-0.049462609	0.0270159404	0.0031725501	-0.032451899	0.0524316706	-0.0556813	3.369999999999762e-05	1.1356899999998396e-09	0.00310040716969	-0.0487518	-0.0344044	0.00118366273936	0.0023767380032399	0.390187	0.0153429999999999	0.152245894969	0.0002354076489999	0.0115009	0.0005422999999999	2.9408928999999897e-07	0.00013227070081	-0.00445847	-0.00017026	1.98779547409e-05	2.8988467600000068e-08	-0.00366841	0.0	0.0	1.34572319281e-05	0.0	0.0	0.0	0.0	0.0	0.0	0.0	0.0	0.0	0.0	0.0	0.0	0.0	0.0	0.0	0.0	0.0	0.0	0.0	0.0	0.0	0.0	0.0	0.0	0.0	0.0	0.0	0.0	0.0	0.0	0.0	0.0	0.0	0.0	0.0	0.0	0.0	0.0	0.0	0.0	0.0	0.0	0.0	0.0	0.0	0.0	0.0	0.0	0.0	0.0	0.0	0.0	0.0	0.0	0.0	0.0	0.0	0.0	1.0	0.0	0.0	0.0	0.0	0.0	0.0	0.0	0.0	0.0	0.0	0.0	0.0	0.0	0.0	0.0	0.0	0.0	0.0	0.0
36975.91936552782	-220.8960565730522	48795.06780952508	1367218612.9260154	48016.12193377888	71.71101849451952	5142.470173521321	2305547965.559521	37352.9933370903	424.3359415176601	180060.99126367905	1395246111.2407124	38376.43475466009	23793.48025472596	1.95775	71.175964	0.2250213	0.129171	-0.00276811	-0.0122263507	0.0055879751	-0.0054344141	0.0005047947	-0.0272329513	0.0076637786	0.0006707295	0.0090142211	0.0015893	-0.0081712105	-0.0020801286	0.0276552237	0.0632050081	-0.1363095117	-0.0346381009	-0.0320934803	0.0168866792	0.0805557131	0.0359293547	0.0434272461	0.0126767813	0.0730073038	0.0307487052	-0.011173216	-0.0440430589	-0.0539433756	0.0260389042	-0.0394317314	0.0282715103	0.080238905	0.0136614065	0.0206478705	-0.0671366707	-0.0496178523	0.0275487739	0.0022666665	-0.0314447493	0.0517809719	-0.0487516	0.0069297	4.802074209000006e-05	0.00237671850256	-0.0219477	0.0268040999999999	0.0007184597768099	0.00048170153529	0.33554	-0.054647	0.1125870916	0.002986294609	0.00909679	-0.0024041099999999	5.779744892099996e-06	8.275158830410001e-05	-0.00412977	0.0003287	1.7055000252899998e-05	1.0804369000000022e-07	-0.00366841	0.0	0.0	1.34572319281e-05	0.0	0.0	0.0	0.0	0.0	0.0	0.0	0.0	0.0	0.0	0.0	0.0	0.0	0.0	0.0	0.0	0.0	0.0	0.0	0.0	0.0	0.0	0.0	0.0	0.0	0.0	0.0	0.0	0.0	0.0	0.0	0.0	0.0	0.0	0.0	0.0	0.0	0.0	0.0	0.0	0.0	0.0	0.0	0.0	0.0	0.0	0.0	0.0	0.0	0.0	0.0	0.0	0.0	0.0	0.0	0.0	0.0	0.0	0.0	1.0	0.0	0.0	0.0	0.0	0.0	0.0	0.0	0.0	0.0	0.0	0.0	0.0	0.0	0.0	0.0	0.0	0.0	0.0
37280.56503998841	304.64567446058936	92808.9869675474	1389840529.700806	48602.34267971527	586.2207459363926	343654.7629662206	2362187713.956473	36381.492463648094	-971.500873442208	943813.9470989732	1323612993.882483	37413.019749177634	23321.84147641933	3.434965	124.881615	0.2746902	0.191885	0.0046067036	0.0057126301	-0.0186561312	-0.0033673478	-0.0017798072	0.1220131018	0.0015662166	0.0024985379	-0.0012749049	-0.0028536086	0.0690392658	0.0276011648	-0.1835255625	-0.0502960669	0.3442493257	0.0107192177	0.0690107387	-0.0713066101	-0.2416039421	-0.0518736472	0.0054540287	0.0262042328	-0.2086200384	0.0326612348	0.0284646572	-0.019343525	0.0706513283	0.079022782	0.0799788723	0.0037941254	-0.1205025768	-0.0897643737	0.0663937886	0.0340759834	-0.0497717353	0.0280785863	0.0013602237	-0.030423807	0.0510947851	-0.0558455	-0.0070939	5.032341721e-05	0.00311871987025	-0.07049	-0.0485423	0.0023563548892899	0.0049688401	0.3253	-0.01024	0.1058200899999999	0.0001048576	0.00555962	-0.00353717	1.25115716089e-05	3.09093745444e-05	-0.00391967	0.0002100999999999	1.53638129089e-05	4.41420099999998e-08	-0.0032394	0.00042901	1.840495801000001e-07	1.049371236e-05	0.0	0.0	0.0	0.0	0.0	0.0	0.0	0.0	0.0	0.0	0.0	0.0	0.0	0.0	0.0	0.0	0.0	0.0	0.0	0.0	0.0	0.0	0.0	0.0	0.0	0.0	0.0	0.0	0.0	0.0	0.0	0.0	0.0	0.0	0.0	0.0	0.0	0.0	0.0	0.0	0.0	0.0	0.0	0.0	0.0	0.0	0.0	0.0	0.0	0.0	0.0	0.0	0.0	0.0	0.0	0.0	0.0	0.0	0.0	0.0	1.0	0.0	0.0	0.0	0.0	0.0	0.0	0.0	0.0	0.0	0.0	0.0	0.0	0.0	0.0	0.0	0.0	0.0
33586.228366815805	-3694.3366731726055	13648123.454748034	1128034735.9079027	40133.75295975423	-8468.58971996104	71717011.84502982	1610718126.6345816	45558.273109858725	9176.780646210633	84213303.028666	2075556248.7524765	45247.2110348136	29980.74206509201	11.759545	427.53006	0.9299215	0.495224	-0.0226177997	-0.0170301518	0.4336318025	0.3951453264	0.6399064418	0.1571096114	-0.2654341366	-0.6306730093	-0.3574550967	-0.6000563838	0.4928794053	0.0568447655	-0.5613642117	0.0110242699	-0.4083057667	0.044950338	0.1598335036	0.0131988672	-0.3526461306	-0.0812954879	-0.0331403382	0.0084841424	0.1111950774	0.0101358301	-0.0263231073	0.0109006362	0.0800732561	-0.0490452284	0.0744891816	0.0605933204	-0.0204271689	0.0487198864	-0.1341282944	0.0672069307	-0.0499242538	0.0286053196	0.0004534452	-0.0293895198	0.0503735805	0.3064	0.3622455	0.13122180227025	0.09388096	-0.2809	-0.2104099999999999	0.0442723680999999	0.0789048099999999	0.528135	0.202835	0.278926578225	0.041142037225	0.0031135	-0.00244612	5.983503054400002e-06	9.69388225e-06	-0.00441716	-0.0004974899999999	1.95113024656e-05	2.4749630009999974e-07	-0.00338441	-0.00014501	2.102790010000003e-08	1.14542310481e-05	0.0	0.0	0.0	0.0	0.0	0.0	0.0	0.0	0.0	0.0	0.0	0.0	0.0	0.0	0.0	0.0	0.0	0.0	0.0	0.0	0.0	0.0	0.0	0.0	0.0	0.0	0.0	0.0	0.0	0.0	0.0	0.0	0.0	0.0	0.0	0.0	0.0	0.0	0.0	0.0	0.0	0.0	0.0	0.0	0.0	0.0	0.0	0.0	0.0	0.0	0.0	0.0	0.0	0.0	0.0	0.0	0.0	0.0	0.0	0.0	0.0	1.0	0.0	0.0	0.0	0.0	0.0	0.0	0.0	0.0	0.0	0.0	0.0	0.0	0.0	0.0	0.0	0.0
36346.24800844159	2760.0196416257822	7617708.422160111	1321049744.291144	47811.78602867669	7678.0330689224575	58952191.80746681	2285966883.251963	37687.47942522627	-7870.793684632452	61949393.22605009	1420346105.4268537	38718.25246207968	23903.339863572703	11.231094	408.317688	0.9440333	0.490723	-0.004437222	-0.0163182654	0.0294607036	-0.0030087581	0.0454845982	-0.0278885075	-0.0077081755	-0.0284726973	-0.0059529883	-0.0207780168	0.048171055	0.0191967049	-0.0007117191	0.1016724965	-0.3686872355	-0.0750806879	-0.0575964849	0.0128944128	0.1411803623	0.0552961441	0.0621186047	0.0304544308	0.1735548724	0.0121772948	-0.0020871584	-0.1439103436	-0.2157587556	0.067124034	-0.1740603714	-0.0622539253	0.0788468137	-0.101035602	0.0645059706	-0.066631475	-0.0500754035	0.0291289159	-0.0004534452	-0.0283423414	0.0496178523	-0.0465305	-0.3529305	0.12455993783025	0.00216508743025	-0.0822332	0.1986667999999999	0.0394684974222399	0.00676229918224	0.384298	-0.143837	0.1476849528039999	0.020689082569	0.00705218	0.00393868	1.55132001424e-05	4.97332427524e-05	-0.00382499	0.0005921699999999	1.46305485001e-05	3.506653088999999e-07	-0.00294328	0.00044113	1.945956769000001e-07	8.6628971584e-06	0.0	0.0	0.0	0.0	0.0	0.0	0.0	0.0	0.0	0.0	0.0	0.0	0.0	0.0	0.0	0.0	0.0	0.0	0.0	0.0	0.0	0.0	0.0	0.0	0.0	0.0	0.0	0.0	0.0	0.0	0.0	0.0	0.0	0.0	0.0	0.0	0.0	0.0	0.0	0.0	0.0	0.0	0.0	0.0	0.0	0.0	0.0	0.0	0.0	0.0	0.0	0.0	0.0	0.0	0.0	0.0	0.0	0.0	0.0	0.0	0.0	0.0	1.0	0.0	0.0	0.0	0.0	0.0	0.0	0.0	0.0	0.0	0.0	0.0	0.0	0.0	0.0	0.0
37186.3922534596	840.1442450180111	705842.352436884	1382827768.82816	49399.990011061534	1588.2039823848463	2522391.8896630853	2440359013.0929794	36571.88180406396	-1115.5976211623129	1244558.0523430114	1337502538.6904244	37679.84286572551	23253.20806623065	3.575079	129.975601	0.1383011999999999	0.0826178	-0.000930408	-0.0072389703	-0.014108429	-0.0548958308	0.0015832465	0.0403336513	0.0661233848	0.0326229683	0.0674030851	0.0172536565	0.0091577782	0.01616269	-0.069633527	-0.018204482	0.1738132051	-0.0426133534	-0.0051684649	-0.073232535	-0.0450692367	-0.0373423511	0.0158629919	0.0175943621	-0.0560326777	-0.0077071168	0.023667947	0.005325767	0.0925009691	0.0344676575	0.0228416974	0.0684371889	-0.0292062032	-0.0731530467	-0.0189755851	-0.0249873723	-0.0502251805	0.029649318	-0.0013602237	-0.0272827311	0.0488281186	-0.0507431	-0.0042125999999999	1.7745998759999973e-05	0.00257486219761	-0.0418656	0.0403676	0.00162954312976	0.00175272846336	0.381512	-0.0027859999999999	0.145551406144	7.76179599999975e-06	0.00562785	-0.0014243299999999	2.028715948899999e-06	3.16726956225e-05	-0.00348949	0.0003354999999999	1.21765404601e-05	1.1256024999999992e-07	-0.00300215	-5.886999999999993e-05	3.465676899999991e-09	9.0129046225e-06	0.0	0.0	0.0	0.0	0.0	0.0	0.0	0.0	0.0	0.0	0.0	0.0	0.0	0.0	0.0	0.0	0.0	0.0	0.0	0.0	0.0	0.0	0.0	0.0	0.0	0.0	0.0	0.0	0.0	0.0	0.0	0.0	0.0	0.0	0.0	0.0	0.0	0.0	0.0	0.0	0.0	0.0	0.0	0.0	0.0	0.0	0.0	0.0	0.0	0.0	0.0	0.0	0.0	0.0	0.0	0.0	0.0	0.0	0.0	0.0	0.0	0.0	0.0	1.0	0.0	0.0	0.0	0.0	0.0	0.0	0.0	0.0	0.0	0.0	0.0	0.0	0.0	0.0
36802.18116915156	-384.2110843080373	147618.1573051577	1354400538.8070538	48405.651449339086	-994.3385617224484	988709.1753282676	2343107092.234904	37221.20473340862	649.3229293446566	421620.2665727259	1385418081.80632	38268.19016995614	23470.87965960786	1.977427	71.891342	0.1564223	0.0898927999999999	-0.0017952868	-0.0097112658	0.0073317603	-0.0212200721	0.0072006219	0.0267967662	0.0196604255	0.0040451666	0.0208406476	0.0019612961	-0.0008072335	0.0117577714	0.0143503249	0.0612976423	-0.1127224546	-0.0505899191	-0.0285615907	-0.0043921044	0.0847001598	0.0281664645	0.0276006269	0.0229655965	0.0775248205	0.0082692996	0.0254877273	-0.0412451084	-0.0388759895	0.086777623	-0.0169743201	-0.0388250216	0.00101866	-0.0487139446	0.0051541896	-0.0140121832	-0.0503735805	0.0301664687	-0.0022666665	-0.0262111537	0.0480049204	-0.0731708999999999	-0.0224277999999999	0.0005030062128399	0.0053539806068099	-0.0416316	0.000234	5.4756000000002366e-08	0.0017331901185599	0.3477	-0.033812	0.12089529	0.001143251344	0.00702794	0.0014000899999999	1.960252008099999e-06	4.93919406436e-05	-0.00379073	-0.0003012399999999	1.43696339329e-05	9.074553759999997e-08	-0.00329979	-0.00029764	8.858956960000005e-08	1.08886140441e-05	0.0	0.0	0.0	0.0	0.0	0.0	0.0	0.0	0.0	0.0	0.0	0.0	0.0	0.0	0.0	0.0	0.0	0.0	0.0	0.0	0.0	0.0	0.0	0.0	0.0	0.0	0.0	0.0	0.0	0.0	0.0	0.0	0.0	0.0	0.0	0.0	0.0	0.0	0.0	0.0	0.0	0.0	0.0	0.0	0.0	0.0	0.0	0.0	0.0	0.0	0.0	0.0	0.0	0.0	0.0	0.0	0.0	0.0	0.0	0.0	0.0	0.0	0.0	0.0	1.0	0.0	0.0	0.0	0.0	0.0	0.0	0.0	0.0	0.0	0.0	0.0	0.0	0.0
37019.40230854121	217.2211393896505	47185.02339773797	1370436147.2816265	47774.34362040877	-631.3078289303157	398549.5748687088	2282387908.3608923	36752.34487173444	-468.85986167417286	219829.5698891245	1350734853.570905	37732.59901932566	23184.34903870051	1.476558	53.681751	0.0917287	0.0579066	0.0013123176	-0.0080550896	-0.0226215198	0.004683793	-0.0138627366	0.0084967596	-0.0079840829	0.0110337169	-0.0068616932	0.0111105603	-0.0073644905	0.0093247057	-0.0202643497	0.0203831729	0.1002935072	-0.0133646228	0.0297955564	-0.0105128938	-0.0396803	-0.0212701608	-0.0017519474	0.0342166237	-0.0453449442	0.0230805631	0.0093730327	-0.0007458695	0.0477359983	0.0131362278	-0.000574089	0.0466128635	-0.0259963178	-0.0461738819	0.0178036693	0.0002936398	-0.0505205994	0.0306803113	-0.0031725501	-0.0251280792	0.0471488222	-0.0731088	6.209999999989835e-05	3.856409999987375e-09	0.00534489663744	0.010895	0.0525266	0.00275904370756	0.000118701025	0.328086	-0.019614	0.107640423396	0.000384708996	0.00708391	5.5969999999999805e-05	3.132640899999978e-09	5.01817808881e-05	-0.00396512	-0.0001743899999999	1.5722176614399998e-05	3.0411872099999995e-08	-0.00345995	-0.0001601599999999	2.5651225599999972e-08	1.1971254002499998e-05	0.0	0.0	0.0	0.0	0.0	0.0	0.0	0.0	0.0	0.0	0.0	0.0	0.0	0.0	0.0	0.0	0.0	0.0	0.0	0.0	0.0	0.0	0.0	0.0	0.0	0.0	0.0	0.0	0.0	0.0	0.0	0.0	0.0	0.0	0.0	0.0	0.0	0.0	0.0	0.0	0.0	0.0	0.0	0.0	0.0	0.0	0.0	0.0	0.0	0.0	0.0	0.0	0.0	0.0	0.0	0.0	0.0	0.0	0.0	0.0	0.0	0.0	0.0	0.0	0.0	0.0	0.0	0.0	0.0	0.0	0.0	0.0	0.0	0.0	0.0	0.0	0.0	0.0
36872.026515735786	-147.3757928054256	21719.624305027733	1359546339.3771229	48927.04877027177	1152.7051498630026	1328729.162520687	2393856101.3685527	37002.1949080542	249.85003631976	62425.04064898537	1369162428.0136323	38091.23270787647	23344.266465478584	1.355323	49.274124	0.1091408	0.0620347	-0.0020664972	-0.0117948358	0.000455783	-0.035292179	0.0011002746	0.040759904	0.0270752786	0.0121315984	0.0299478413	0.0082356716	-0.0029602883	0.0088842994	0.0016521161	0.0369528305	-0.050849053	-0.0456767233	-0.0268420346	-0.0204349225	0.0657463834	0.0148007574	0.0186211364	0.0190129501	0.0645830318	-0.0094962477	0.0193988196	-0.0406375087	-0.0079403288	0.0518025081	0.0153094141	-0.0025654327	-0.0159178941	-0.0668856076	-0.0009528837	-0.0143008454	-0.0506662333	0.0311907894	-0.0040776509	-0.0240339827	0.0462604104	-0.0595248	0.0135839999999999	0.0001845250559999	0.00354320181504	-0.0264818	-0.0373768	0.00139702517824	0.00070128573124	0.374318	0.0462319999999999	0.1401139651239999	0.0021373978239999	0.00708806	4.1500000000005074e-06	1.7222500000004212e-11	5.02405945636e-05	-0.00373031	0.0002348099999999	1.39152126961e-05	5.51357360999999e-08	-0.00345995	0.0	0.0	1.1971254002499998e-05	0.0	0.0	0.0	0.0	0.0	0.0	0.0	0.0	0.0	0.0	0.0	0.0	0.0	0.0	0.0	0.0	0.0	0.0	0.0	0.0	0.0	0.0	0.0	0.0	0.0	0.0	0.0	0.0	0.0	0.0	0.0	0.0	0.0	0.0	0.0	0.0	0.0	0.0	0.0	0.0	0.0	0.0	0.0	0.0	0.0	0.0	0.0	0.0	0.0	0.0	0.0	0.0	0.0	0.0	0.0	0.0	0.0	0.0	0.0	0.0	0.0	0.0	0.0	0.0	0.0	0.0	0.0	0.0	0.0	0.0	0.0	0.0	0.0	0.0	0.0	0.0	0.0	0.0
36974.78031015223	102.75379441644328	10558.342266976688	1367134378.984021	48406.464740771255	-520.5840295005182	271007.7317709964	2343185828.6995306	36841.320556506704	-160.87435154749983	25880.55698582856	1357282900.3472834	37859.79377661276	23339.430951932325	1.144006	41.591499	0.1031969999999999	0.0464984	-0.0007594553	-0.0075576624	-0.0091200503	-0.0190675731	-0.0043347813	-0.0045308304	0.0250689632	0.0169443607	0.0259373482	0.0109171146	-0.0033121597	0.003308648	-0.0200955109	0.0065760581	0.0686878549	-0.0244764039	0.0061163134	-0.0335310357	-0.0119604044	-0.010054538	0.0113011578	0.0145990481	-0.0195885189	-0.0059474891	0.018232986	-0.020115774	0.0513342584	0.0203874621	-0.0185162146	0.0566836996	-0.0337596817	-0.0470206668	-0.0105358228	-0.0047485127	-0.0508104782	0.0316978472	-0.0049817457	-0.0229293442	0.0453402941	-0.0515202	0.0080046	6.407362116e-05	0.00265433100804	-0.0584577	-0.0319759	0.00102245818081	0.00341730268929	0.388063	0.013745	0.150592891969	0.000188925025	0.0076035699999999	0.0005155099999998	2.6575056009989655e-07	5.781427674489848e-05	-0.00361196	0.00011835	1.30462550416e-05	1.4006722500000032e-08	-0.00310438	0.0003555699999999	1.2643002489999994e-07	9.6371751844e-06	0.0	0.0	0.0	0.0	0.0	0.0	0.0	0.0	0.0	0.0	0.0	0.0	0.0	0.0	0.0	0.0	0.0	0.0	0.0	0.0	0.0	0.0	0.0	0.0	0.0	0.0	0.0	0.0	0.0	0.0	0.0	0.0	0.0	0.0	0.0	0.0	0.0	0.0	0.0	0.0	0.0	0.0	0.0	0.0	0.0	0.0	0.0	0.0	0.0	0.0	0.0	0.0	0.0	0.0	0.0	0.0	0.0	0.0	0.0	0.0	0.0	0.0	0.0	0.0	0.0	0.0	0.0	0.0	0.0	0.0	0.0	0.0	0.0	0.0	0.0	0.0	0.0	0.0
36803.294845168086	-171.48546498414362	29407.264700827945	1354482511.4603758	48060.99574663063	-345.468994140625	119348.8259125352	2309859312.157648	37041.93958222624	200.619025719534	40247.99348065503	1372105288.013299	38045.0937627924	23329.78340032849	1.122683	40.816261	0.1276608	0.0616186	-0.0005465478	-0.0089228024	-0.0068635804	-0.0016039287	-0.0111432426	0.0192043698	-0.0054714758	0.0040993532	-0.0039502416	0.0063052426	-0.0087896859	0.001540576	0.0141515824	0.0406714105	-0.0452396887	-0.0209718805	0.0037847525	0.0050227487	0.0387705923	0.0166612647	0.0047712634	0.0210798566	0.0363998513	0.0059254123	0.0102727258	-0.0263156706	-0.0144395503	0.0689853964	0.0239422687	-0.0215322429	0.004096197	-0.0347956034	0.0030527023	-0.0101569901	-0.0509533301	0.0322014289	-0.0058846112	-0.021814648	0.0443891039	-0.0731286	-0.0216084	0.00046692295056	0.00534779213796	-0.0234363	0.0350214	0.00122649845796	0.00054926015769	0.363009	-0.0250539999999999	0.131775534081	0.0006277029159999	0.00816652	0.0005629500000001	3.169127025001128e-07	6.66920489104e-05	-0.00396183	-0.00034987	1.5696096948900002e-05	1.224090169000003e-07	-0.00309766	6.71999999999999e-06	4.515839999999987e-11	9.5954974756e-06	0.0	0.0	0.0	0.0	0.0	0.0	0.0	0.0	0.0	0.0	0.0	0.0	0.0	0.0	0.0	0.0	0.0	0.0	0.0	0.0	0.0	0.0	0.0	0.0	0.0	0.0	0.0	0.0	0.0	0.0	0.0	0.0	0.0	0.0	0.0	0.0	0.0	0.0	0.0	0.0	0.0	0.0	0.0	0.0	0.0	0.0	0.0	0.0	0.0	0.0	0.0	0.0	0.0	0.0	0.0	0.0	0.0	0.0	0.0	0.0	0.0	0.0	0.0	0.0	0.0	0.0	0.0	0.0	0.0	0.0	0.0	0.0	0.0	0.0	0.0	0.0	0.0	0.0
36924.94015341396	121.64530824587564	14797.5810182341	1363451205.3332026	47723.741766328494	-337.25398030213546	113740.24722963315	2277555528.179207	36822.814154477936	-219.12542774830217	48015.9530858764	1355919642.255221	37794.583109923246	23220.78449338963	0.943485	34.301327	0.0529361	0.0267121	0.0001850695	-0.0080630542	-0.0178686534	0.0036191092	-0.017146328	-0.0257356674	-0.0067780323	0.01068567	-0.0058967149	0.0110426302	-0.0074490974	0.0008086725	-0.0075279756	0.0211361969	0.0558342041	-0.0039630756	0.0289163336	-0.0033798532	-0.0206719587	0.0065292641	0.0023157778	0.0219416725	-0.0186929423	-0.0030204737	0.0077864729	-0.0054870043	0.0197303075	-0.0008658422	-0.0154768164	0.0416965467	-0.0156838129	-0.034673669	0.0170342903	0.0160055471	-0.0510947851	0.0327014793	-0.0067860248	-0.0206903832	0.0434074915	-0.0629405	0.0101881	0.00010379738161	0.0039615065402499	-0.0338448	-0.0104085	0.00010833687225	0.00114547048704	0.345496	-0.017513	0.119367486016	0.000306705169	0.00840358	0.00023706	5.619744360000036e-08	7.062015681640002e-05	-0.00398499	-2.31599999999995e-05	1.58801453001e-05	5.363855999999767e-10	-0.00313397	-3.63099999999999e-05	1.3184160999999926e-09	9.8217679609e-06	0.0	0.0	0.0	0.0	0.0	0.0	0.0	0.0	0.0	0.0	0.0	0.0	0.0	0.0	0.0	0.0	0.0	0.0	0.0	0.0	0.0	0.0	0.0	0.0	0.0	0.0	0.0	0.0	0.0	0.0	0.0	0.0	0.0	0.0	0.0	0.0	0.0	0.0	0.0	0.0	0.0	0.0	0.0	0.0	0.0	0.0	0.0	0.0	0.0	0.0	0.0	0.0	0.0	0.0	0.0	0.0	0.0	0.0	0.0	0.0	0.0	0.0	0.0	0.0	0.0	0.0	0.0	0.0	0.0	0.0	0.0	0.0	0.0	0.0	0.0	0.0	0.0	0.0
36877.44222405922	-47.49792935474397	2256.0532929882493	1359945744.9888256	48283.74994330384	560.0081769753451	313609.15827924944	2331320508.5874934	37102.27652307323	279.46236859529745	78099.21546089389	1376578923.1945913	38123.952066657526	23394.527340710905	0.938172	34.10817	0.1237347999999998	0.0793268	-0.0008612473	-0.0091783417	-0.0069002249	-0.0073632537	-0.0126457885	0.0196047671	-0.0046573694	0.004576949	-0.0024631299	0.0068601465	-0.0091410288	-0.0026678135	0.0127360501	0.0275748139	-0.0338205583	-0.0120560333	0.0069654509	-0.0008940172	0.037406205	0.0017713059	0.0095016042	0.0231405933	0.0338070758	-0.0192669918	0.008673838	-0.0225205159	-0.0138825903	0.051963569	0.040061769	-0.0116299885	0.0041251216	-0.0445618224	-0.0090036948	0.0019274737	-0.0512348393	0.0331979437	-0.0076857641	-0.0195570429	0.0423961298	-0.0592361	0.0037043999999999	1.3722579359999974e-05	0.00350891554321	-0.0648757	-0.0310308999999999	0.0009629167548099	0.0042088564504899	0.419531	0.0740349999999999	0.176006259961	0.0054811812249999	0.0086117199999999	0.0002081399999998	4.3322259599957714e-08	7.416172135839826e-05	-0.00393497	5.001999999999958e-05	1.54839889009e-05	2.5020003999999574e-09	-0.0031751	-4.113000000000033e-05	1.6916769000000272e-09	1.0081260010000002e-05	0.0	0.0	0.0	0.0	0.0	0.0	0.0	0.0	0.0	0.0	0.0	0.0	0.0	0.0	0.0	0.0	0.0	0.0	0.0	0.0	0.0	0.0	0.0	0.0	0.0	0.0	0.0	0.0	0.0	0.0	0.0	0.0	0.0	0.0	0.0	0.0	0.0	0.0	0.0	0.0	0.0	0.0	0.0	0.0	0.0	0.0	0.0	0.0	0.0	0.0	0.0	0.0	0.0	0.0	0.0	0.0	0.0	0.0	0.0	0.0	0.0	0.0	0.0	0.0	0.0	0.0	0.0	0.0	0.0	0.0	0.0	0.0	0.0	0.0	0.0	0.0	0.0	0.0
36898.05945093809	20.61722687887232	425.0700441748951	1361466791.2449615	47904.7183612263	-379.0315820775359	143664.9402121998	2294862041.2684126	36872.97801904056	-229.29850403267483	52577.80395162259	1359616507.992648	37855.19170550073	23215.82745437305	0.963624	35.033504	0.1568627999999999	0.0760258999999999	-0.0001721619	-0.0078705538	-0.0141229293	-0.0053040305	-0.0067811043	-0.0246768478	0.0039865867	0.012920138	0.0057094909	0.0113623215	-0.0072515135	-0.0034772993	-0.0057645275	0.0115406878	0.0451395553	-0.01162608	0.0195273198	-0.0108954076	-0.0182052041	0.00299986	-0.0161037666	0.0185077047	-0.0184061618	0.0006103122	0.0137625375	-0.0115890993	0.0323160712	0.00568671	-0.0455032539	0.0373807859	-0.02953335	-0.0256664034	-0.0019510231	-0.0150864137	-0.0513734888	0.0336907675	-0.008583607	-0.0184151243	0.041355712	-0.0417286	0.0175075	0.00030651255625	0.0017412760579599	-0.0134014	0.0514742999999999	0.0026496035604899	0.00017959752196	0.375761	-0.0437699999999999	0.141196329121	0.0019158128999999	0.00872195	0.00011023	1.215065290002204e-08	7.607241180249999e-05	-0.00352595	0.00040902	1.24323234025e-05	1.6729736040000033e-07	-0.00281213	0.00036297	1.3174722090000017e-07	7.908075136899999e-06	0.0	0.0	0.0	0.0	0.0	0.0	0.0	0.0	0.0	0.0	0.0	0.0	0.0	0.0	0.0	0.0	0.0	0.0	0.0	0.0	0.0	0.0	0.0	0.0	0.0	0.0	0.0	0.0	0.0	0.0	0.0	0.0	0.0	0.0	0.0	0.0	0.0	0.0	0.0	0.0	0.0	0.0	0.0	0.0	0.0	0.0	0.0	0.0	0.0	0.0	0.0	0.0	0.0	0.0	0.0	0.0	0.0	0.0	0.0	0.0	0.0	0.0	0.0	0.0	0.0	0.0	0.0	0.0	0.0	0.0	0.0	0.0	0.0	0.0	0.0	0.0	0.0	0.0
36802.47506097552	-95.58438996256882	9136.375604516426	1354422170.6137252	47558.68956536026	-346.02879586604104	119735.9275685023	2261828953.174307	37099.25770804049	226.27968899992996	51202.49765390501	1376354922.4876015	38057.21770524945	23355.451028699863	1.027519	37.356495	0.14991353	0.0741518	0.0003106107	-0.0065725395	-0.0101263821	0.0169338949	-0.0130072261	-0.0090624648	-0.0221413707	-0.0022920078	-0.0216603101	0.0030719488	-0.0099964521	-0.0046397185	0.0148309847	0.0421238134	-0.0269912474	-0.0038778161	0.0156273236	0.0225845225	0.0116106509	0.0306898139	-0.0069037869	0.013644132	0.0082318644	0.0057684349	-0.0106271903	-0.0069696236	-0.0178714627	0.0480202269	0.0396610357	-0.0283258622	0.0426095031	0.0027879758	0.0036706942	-0.0131291135	-0.0515107299	0.0341798968	-0.009479332	-0.0172651282	0.040286951	-0.0560295	-0.0143009	0.00020451574081	0.00313930487025	-0.00554877	0.00785263	6.166379791690002e-05	3.0788848512899995e-05	0.329259	-0.0465019999999999	0.108411489081	0.0021624360039999	0.00940254	0.00068059	4.632027481e-07	8.840775845159998e-05	-0.00415525	-0.0006293	1.72661025625e-05	3.960184900000002e-07	-0.0031274	-0.0003152699999999	9.939517289999993e-08	9.780630759999998e-06	0.0	0.0	0.0	0.0	0.0	0.0	0.0	0.0	0.0	0.0	0.0	0.0	0.0	0.0	0.0	0.0	0.0	0.0	0.0	0.0	0.0	0.0	0.0	0.0	0.0	0.0	0.0	0.0	0.0	0.0	0.0	0.0	0.0	0.0	0.0	0.0	0.0	0.0	0.0	0.0	0.0	0.0	0.0	0.0	0.0	0.0	0.0	0.0	0.0	0.0	0.0	0.0	0.0	0.0	0.0	0.0	0.0	0.0	0.0	0.0	0.0	0.0	0.0	0.0	0.0	0.0	0.0	0.0	0.0	0.0	0.0	0.0	0.0	0.0	0.0	0.0	0.0	0.0
36909.55975574077	107.08469476524624	11467.131852965957	1362315601.3625984	47692.42689203199	133.7373266717259	17885.672545299927	2274567582.851816	36970.69755677241	-128.56015126808052	16527.712494071744	1366832477.8343372	37923.09686357822	23310.79398777541	0.8966269999999998	32.597767	0.0555032299999999	0.0296714	0.0006965098	-0.0075734638	-0.0178642645	0.0097954527	-0.018172677	-0.0151411515	-0.0171271786	0.0041791234	-0.0160448321	0.0074852282	-0.0091461339	-0.0023139756	-0.0016031403	0.0253087466	0.0384564172	-0.0010849867	0.0273937958	0.0101132212	-0.0199048806	0.0139978926	-0.011716986	0.0124292614	-0.0129789846	-6.50335e-05	-0.0147180966	-0.0181509958	0.0062716596	-0.0137422661	-0.0153364499	0.0264015041	-0.0087784881	-0.0222279365	0.029136316	0.0155795479	-0.0516465589	0.0346652779	-0.0103727182	-0.016107559	0.0391905793	-0.0473205	0.008709	7.584668100000002e-05	0.00223922972025	-0.016585	-0.01103623	0.0001217983726128	0.000275062225	0.334894	0.005635	0.112153991236	3.1753225000000015e-05	0.00895041	-0.0004521299999999	2.0442153689999865e-07	8.010983916810001e-05	-0.00406961	8.563999999999967e-05	1.6561725552100005e-05	7.334209599999944e-09	-0.00306271	6.468999999999963e-05	4.1847960999999515e-09	9.3801925441e-06	0.0	0.0	0.0	0.0	0.0	0.0	0.0	0.0	0.0	0.0	0.0	0.0	0.0	0.0	0.0	0.0	0.0	0.0	0.0	0.0	0.0	0.0	0.0	0.0	0.0	0.0	0.0	0.0	0.0	0.0	0.0	0.0	0.0	0.0	0.0	0.0	0.0	0.0	0.0	0.0	0.0	0.0	0.0	0.0	0.0	0.0	0.0	0.0	0.0	0.0	0.0	0.0	0.0	0.0	0.0	0.0	0.0	0.0	0.0	0.0	0.0	0.0	0.0	0.0	0.0	0.0	0.0	0.0	0.0	0.0	0.0	0.0	0.0	0.0	0.0	0.0	0.0	0.0
36864.31703403756	-45.2427217032091	2046.903867114028	1358977870.3860316	47808.06400996927	115.63711793727998	13371.9430448404	2285610984.381319	37117.6842630944	146.98670632199355	21605.09183538798	1377722485.0547657	38095.36375034265	23592.33379899021	0.904351	32.87859	0.1545149999999999	0.0852838999999999	-9.99765e-05	-0.0052435943	-0.0088146283	0.0037243176	-0.0073746483	-0.0109790626	-0.0023844329	0.0048686751	-0.001352971	0.0061478931	-0.0089328538	-0.0010050576	0.0122792762	0.0278333792	-0.0238478513	-0.0170703737	0.0111575949	-0.0008784411	0.022899092	0.007256966	0.0013753271	0.0109971934	0.0232002114	-0.0203187307	-0.0039550699	-0.0136390283	-0.0024777294	0.0468882696	0.0400585287	0.0201322489	0.040254142	-0.0305365003	-0.009100813	-0.0063641911	-0.0517809719	0.0351468575	-0.011263545	-0.0149429245	0.0380673484	-0.0556415	-0.008321	6.923904100000003e-05	0.00309597652225	-0.0665565	-0.0499715	0.00249715081225	0.00442976769225	0.392787	0.0578929999999999	0.154281627369	0.0033515994489999	0.00850527	-0.00044514	1.981496196000001e-07	7.233961777290001e-05	-0.00378044	0.00028917	1.42917265936e-05	8.361928890000027e-08	-0.00303043	3.227999999999998e-05	1.0419983999999988e-09	9.1835059849e-06	0.0	0.0	0.0	0.0	0.0	0.0	0.0	0.0	0.0	0.0	0.0	0.0	0.0	0.0	0.0	0.0	0.0	0.0	0.0	0.0	0.0	0.0	0.0	0.0	0.0	0.0	0.0	0.0	0.0	0.0	0.0	0.0	0.0	0.0	0.0	0.0	0.0	0.0	0.0	0.0	0.0	0.0	0.0	0.0	0.0	0.0	0.0	0.0	0.0	0.0	0.0	0.0	0.0	0.0	0.0	0.0	0.0	0.0	0.0	0.0	0.0	0.0	0.0	0.0	0.0	0.0	0.0	0.0	0.0	0.0	0.0	0.0	0.0	0.0	0.0	0.0	0.0	0.0
36896.505439842986	32.188405805427465	1036.0934682948764	1361352113.672363	47710.71164793765	-97.35236203161912	9477.482393135437	2276312005.9526534	37030.74853810255	-86.93572499185393	7557.820279859256	1371276337.292184	37970.20697208516	23149.252105755106	0.958631	34.851974	0.0980626	0.0533444	0.0008975911	-0.0076699899	-0.0174242159	0.0117388351	-0.0179941507	-0.0055697703	-0.0159485024	0.0033732941	-0.0155398405	0.0065648549	-0.0088545017	0.0011261768	-0.0017770035	0.0250861302	0.032506492	-0.0097514111	0.0311680815	0.0035948061	-0.0146714428	0.0045560381	-0.0106189426	0.0162809259	-0.0199318811	-0.0039778342	0.0007027026	-0.0180224336	0.0160008686	0.0263504759	-0.0299291196	0.0214986808	-0.0254709582	-0.0390482947	0.025057405	0.0088354141	-0.0519139653	0.0356245829	-0.0121515927	-0.0137717356	0.036918028	-0.0494352	0.0062063	3.851815969000006e-05	0.00244383899904	-0.0580877	0.0084688	7.17205734400001e-05	0.0033741808912899	0.342921	-0.049866	0.1175948122409999	0.002486617956	0.00809109	-0.00041418	1.715450724000001e-07	6.546573738810001e-05	-0.00399695	-0.00021651	1.59756093025e-05	4.687658010000002e-08	-0.00307017	-3.973999999999992e-05	1.579267599999993e-09	9.4259438289e-06	0.0	0.0	0.0	0.0	0.0	0.0	0.0	0.0	0.0	0.0	0.0	0.0	0.0	0.0	0.0	0.0	0.0	0.0	0.0	0.0	0.0	0.0	0.0	0.0	0.0	0.0	0.0	0.0	0.0	0.0	0.0	0.0	0.0	0.0	0.0	0.0	0.0	0.0	0.0	0.0	0.0	0.0	0.0	0.0	0.0	0.0	0.0	0.0	0.0	0.0	0.0	0.0	0.0	0.0	0.0	0.0	0.0	0.0	0.0	0.0	0.0	0.0	0.0	0.0	0.0	0.0	0.0	0.0	0.0	0.0	0.0	0.0	0.0	0.0	0.0	0.0	0.0	0.0
36831.89236352798	-64.61307631500677	4174.849630888888	1356588295.0785108	47621.58008853858	-89.13155939906574	7944.434880909183	2267814890.1290946	37051.02644245192	20.27790434937197	411.1934048022785	1372778560.4392712	38035.5773290159	23346.824567401723	0.832782	30.276636	0.0758229	0.0454311	-6.48568e-05	-0.0059801193	-0.0093395982	0.0062340972	0.000676021	-0.0342481536	-0.0064720791	0.0007492406	-0.0058939986	0.0023273922	-0.0093730016	0.0022036986	0.0077048425	0.0469119047	-0.0140812176	-0.0147768467	0.014231003	0.0104560627	0.0130582432	0.0356666083	-0.0014583277	0.0075428995	0.0083602631	-0.008403973	-0.0072911072	-0.0032938765	0.0003152049	0.0354986614	-0.002172551	0.0339278381	0.0481103534	-0.0051040686	0.0068877509	-0.0129041456	-0.0520455355	0.0360984016	-0.0130366422	-0.0125945059	0.0357434058	-0.055237	-0.0058018	3.366088324000003e-05	0.003051126169	-0.0508581	0.0072295999999999	5.226711615999994e-05	0.00258654633561	0.303208	-0.039713	0.0919350912639999	0.0015771223689999	0.00824089	0.0001498	2.2440040000000083e-08	6.791226799210001e-05	-0.00402499	-2.804000000000001e-05	1.62005445001e-05	7.862416000000005e-10	-0.0033539	-0.0002837299999999	8.05027128999999e-08	1.124864521e-05	0.0	0.0	0.0	0.0	0.0	0.0	0.0	0.0	0.0	0.0	0.0	0.0	0.0	0.0	0.0	0.0	0.0	0.0	0.0	0.0	0.0	0.0	0.0	0.0	0.0	0.0	0.0	0.0	0.0	0.0	0.0	0.0	0.0	0.0	0.0	0.0	0.0	0.0	0.0	0.0	0.0	0.0	0.0	0.0	0.0	0.0	0.0	0.0	0.0	0.0	0.0	0.0	0.0	0.0	0.0	0.0	0.0	0.0	0.0	0.0	0.0	0.0	0.0	0.0	0.0	0.0	0.0	0.0	0.0	0.0	0.0	0.0	0.0	0.0	0.0	0.0	0.0	0.0
36963.05771262651	131.16534909853362	17204.348804140194	1366267635.4669583	47754.15099229858	132.57090375999542	17575.044523741966	2280458936.995251	37055.86964390557	4.843201453652	23.456600320656847	1373137475.0661223	38002.36433479532	23412.005213736167	0.83006	30.177652	0.0480646	0.023006	0.0014020995	-0.0056050523	-0.0175891541	0.0111992139	-0.0172881098	0.0085522549	-0.021436816	0.0008279613	-0.0209678284	0.0045987638	-0.0084047382	0.0026107829	-0.0012578604	0.0396144777	0.0290077559	0.0014625206	0.0335847382	0.017473601	-0.0194619739	0.0240985867	-0.0061330939	0.0141350346	-0.0206965755	0.0002445533	-0.0041449299	-0.0030259032	0.0011623545	0.0121579625	-0.0211398775	0.0034730427	-0.0177292454	-0.0275331459	0.0527606841	0.0309330997	-0.0521756788	0.0365682617	-0.0139184751	-0.0114117519	0.0345442869	-0.0582514	-0.0030144	9.086607360000002e-06	0.00339322560196	-0.0445599	0.0062982	3.9667323240000045e-05	0.00198558468801	0.298985	-0.0042229999999999	0.089392030225	1.7833728999999805e-05	0.0081262999999999	-0.0001145900000001	1.313086810002294e-08	6.603675168999839e-05	-0.00435237	-0.00032738	1.89431246169e-05	1.0717766440000025e-07	-0.00360251	-0.00024861	6.180693210000012e-08	1.29780783001e-05	0.0	0.0	0.0	0.0	0.0	0.0	0.0	0.0	0.0	0.0	0.0	0.0	0.0	0.0	0.0	0.0	0.0	0.0	0.0	0.0	0.0	0.0	0.0	0.0	0.0	0.0	0.0	0.0	0.0	0.0	0.0	0.0	0.0	0.0	0.0	0.0	0.0	0.0	0.0	0.0	0.0	0.0	0.0	0.0	0.0	0.0	0.0	0.0	0.0	0.0	0.0	0.0	0.0	0.0	0.0	0.0	0.0	0.0	0.0	0.0	0.0	0.0	0.0	0.0	0.0	0.0	0.0	0.0	0.0	0.0	0.0	0.0	0.0	0.0	0.0	0.0	0.0	0.0
36929.99295865454	-33.064753971972095	1093.2779552270445	1363824379.9262738	47953.75097424837	199.59998194978837	39840.15279435583	2299562232.500226	37180.775804445366	124.90616053979466	15601.548940792956	1382410089.42043	38168.01226790936	23509.155864372624	0.884934	32.172657	0.0903024	0.0678496	-0.0005564258	-0.0073129022	-0.0077842649	-0.0016492787	-0.0034709813	-0.027133695	0.0004007955	0.002462069	0.0007205286	0.0028131234	-0.0080517389	0.0017767291	0.0069831996	0.0283582487	-0.0115074342	-0.0187449436	0.006342415	-0.003159883	0.0216104641	0.0115469239	-0.0018181304	0.0121183815	0.0156296981	-0.0159887614	-0.0010327883	-0.0117921148	-0.0077839003	0.0173454453	0.0069891126	0.0485051047	0.0326830005	-0.0318032402	-0.0101203751	-0.008006071	-0.0523043917	0.0370341117	-0.0147968739	-0.0102239922	0.0333214931	-0.0600754	-0.0018239999999999	3.3269759999999973e-06	0.00360905368516	-0.0355685	0.0089913999999999	8.084527395999994e-05	0.00126511819225	0.364606	0.0656209999999999	0.132937535236	0.0043061156409999	0.00806427	-6.20299999999005e-05	3.8477208999876555e-09	6.50324506329e-05	-0.00413708	0.00021529	1.7115430926399996e-05	4.6349784100000345e-08	-0.00360251	0.0	0.0	1.29780783001e-05	0.0	0.0	0.0	0.0	0.0	0.0	0.0	0.0	0.0	0.0	0.0	0.0	0.0	0.0	0.0	0.0	0.0	0.0	0.0	0.0	0.0	0.0	0.0	0.0	0.0	0.0	0.0	0.0	0.0	0.0	0.0	0.0	0.0	0.0	0.0	0.0	0.0	0.0	0.0	0.0	0.0	0.0	0.0	0.0	0.0	0.0	0.0	0.0	0.0	0.0	0.0	0.0	0.0	0.0	0.0	0.0	0.0	0.0	0.0	0.0	0.0	0.0	0.0	0.0	0.0	0.0	0.0	0.0	0.0	0.0	0.0	0.0	0.0	0.0	0.0	0.0	0.0	0.0
36962.0252911995	32.03233254495717	1026.0703282707225	1366191313.6272714	48337.38122732154	383.63025307317	147172.1710729845	2336502423.9154167	36962.42245595559	-218.353348489778	47678.18479669844	1366220673.8125298	37975.52912531981	23237.947273222737	0.826654	30.053833	0.1297234	0.0605209	-0.0008851337	-0.007282265	-0.0087935904	-0.009856472	-0.0071738375	0.015517475	0.0043233169	0.0098156375	0.0058193475	0.0084424894	-0.0070710765	-0.0037684703	0.003138924	0.0066967285	0.0260559149	-0.0100436288	0.0196702629	-0.0067300538	-0.005262122	-0.0103855922	-0.0052194345	0.0165185592	0.0066665236	-0.0027827674	0.0209259453	-0.0072061205	0.0129159116	0.0234372291	-0.0168483823	0.0082794644	-0.0449256188	-0.0414645352	0.0332473395	0.0118943098	-0.0524316706	0.0374959006	-0.0156716217	-0.0090317481	0.0320758624	-0.0508963	0.0091791	8.425587681000005e-05	0.0025904333536899	-0.0349597	0.0006087999999999	3.7063743999999954e-07	0.00122218062409	0.40688	0.042274	0.1655513344	0.001787091076	0.0087057899999999	0.0006415199999999	4.115479103998726e-07	7.579077952409827e-05	-0.00366459	0.0004724899999999	1.34292198681e-05	2.232468000999995e-07	-0.00316329	0.00043922	1.9291420840000013e-07	1.00064036241e-05	0.0	0.0	0.0	0.0	0.0	0.0	0.0	0.0	0.0	0.0	0.0	0.0	0.0	0.0	0.0	0.0	0.0	0.0	0.0	0.0	0.0	0.0	0.0	0.0	0.0	0.0	0.0	0.0	0.0	0.0	0.0	0.0	0.0	0.0	0.0	0.0	0.0	0.0	0.0	0.0	0.0	0.0	0.0	0.0	0.0	0.0	0.0	0.0	0.0	0.0	0.0	0.0	0.0	0.0	0.0	0.0	0.0	0.0	0.0	0.0	0.0	0.0	0.0	0.0	0.0	0.0	0.0	0.0	0.0	0.0	0.0	0.0	0.0	0.0	0.0	0.0	0.0	0.0
36854.16210077955	-107.86319041995012	11634.46784757042	1358229264.1505356	47936.53910531139	-400.8421220101445	160674.40677759558	2297911781.395048	37114.65165271016	152.22919675457524	23173.728344543186	1377497367.3020213	38097.84221890991	23437.897009885164	0.778715	28.310976	0.1426537999999999	0.0839610999999999	-0.0008278271	-0.0059578718	-0.0060468192	0.0005319093	-0.0022734507	-0.0321957398	-0.0045061451	0.0010115112	-0.0038752744	0.0024141566	-0.0078002726	-0.0096649548	0.0136729881	0.0088226733	-0.0150779129	-0.0184219707	0.007031242	0.0072167635	0.0153606914	-0.0012199285	-0.0173120289	0.0108972698	0.0054480966	0.006412681	0.0056317033	-0.0050316555	0.0072041153	0.016797718	-0.0132927798	0.0223433968	0.0252646562	-0.0042254721	-0.008298658	-0.0183845539	-0.0525575121	0.0379535775	-0.0165425028	-0.0078355422	0.0308082484	-0.0404172	0.0104790999999999	0.0001098115368099	0.00163355005584	0.0357305	0.0706902	0.00499710437604	0.0012766686302499	0.413788	0.0069079999999999	0.1712205089439999	4.772046399999958e-05	0.00942762	0.00072183	5.210385489001423e-07	8.88800188644e-05	-0.00392104	-0.0002564499999999	1.5374554681599997e-05	6.576660249999982e-08	-0.00327654	-0.00011325	1.2825562500000016e-08	1.07357143716e-05	0.0	0.0	0.0	0.0	0.0	0.0	0.0	0.0	0.0	0.0	0.0	0.0	0.0	0.0	0.0	0.0	0.0	0.0	0.0	0.0	0.0	0.0	0.0	0.0	0.0	0.0	0.0	0.0	0.0	0.0	0.0	0.0	0.0	0.0	0.0	0.0	0.0	0.0	0.0	0.0	0.0	0.0	0.0	0.0	0.0	0.0	0.0	0.0	0.0	0.0	0.0	0.0	0.0	0.0	0.0	0.0	0.0	0.0	0.0	0.0	0.0	0.0	0.0	0.0	0.0	0.0	0.0	0.0	0.0	0.0	0.0	0.0	0.0	0.0	0.0	0.0	0.0	0.0
36902.3182627769	48.156161997350864	2319.0159383150994	1361781093.167277	47704.29070784582	-232.24839746556967	53939.318125325255	2275699351.9386654	37058.38331390565	-56.26833880451159	3166.125951819304	1373323773.8403609	38009.08310238487	23446.82347147033	0.8318449999999998	30.242567	0.1142398	0.0580744	0.0010073594	-0.0047022469	-0.0164399774	0.0166637732	-0.0181079425	0.0117881645	-0.0237466997	-0.0002100143	-0.023418412	0.00464479	-0.0088727018	-0.0070804184	0.0074623712	0.0126663814	0.0178434661	-0.007423552	0.0349021011	0.0206924618	-0.0123360364	-0.0096371053	-0.0235424989	0.0206507769	-0.0172098118	0.030897651	0.006466661	-8.42419e-05	0.0076388192	0.0245175645	-0.0168890496	-0.0217027443	-0.0278594037	-0.0129360904	0.0386424514	0.0084291842	-0.0526819127	0.0384070924	-0.0174093022	-0.0066358995	0.0295195201	-0.042735	-0.0023178	5.372196840000008e-06	0.001826280225	0.0555985	0.019868	0.000394737424	0.00309119320225	0.36194	-0.051848	0.1310005635999999	0.002688215104	0.0089508799999999	-0.00047674	2.272810276000941e-07	8.011825277439822e-05	-0.00405595	-0.00013491	1.64507304025e-05	1.8200708100000063e-08	-0.00308407	0.00019247	3.7044700900000064e-08	9.5114877649e-06	0.0	0.0	0.0	0.0	0.0	0.0	0.0	0.0	0.0	0.0	0.0	0.0	0.0	0.0	0.0	0.0	0.0	0.0	0.0	0.0	0.0	0.0	0.0	0.0	0.0	0.0	0.0	0.0	0.0	0.0	0.0	0.0	0.0	0.0	0.0	0.0	0.0	0.0	0.0	0.0	0.0	0.0	0.0	0.0	0.0	0.0	0.0	0.0	0.0	0.0	0.0	0.0	0.0	0.0	0.0	0.0	0.0	0.0	0.0	0.0	0.0	0.0	0.0	0.0	0.0	0.0	0.0	0.0	0.0	0.0	0.0	0.0	0.0	0.0	0.0	0.0	0.0	0.0
36837.9050372725	-64.41322550439509	4149.063619880054	1357031247.535107	47935.53805469676	231.24734685093424	53475.3354255963	2297815808.593281	37122.32741655024	63.944102644585655	4088.848263021306	1378067192.8215573	38111.16491764894	23537.906689993408	0.913034	33.194252	0.1567249	0.0964154	-0.0005547307	-0.0065563661	-0.0098017988	0.001427091	-0.0010920103	-0.0301692754	-0.0053339433	0.0034981781	-0.0045849802	0.0043365166	-0.0078612735	-0.0035833457	0.0070866032	0.0166005601	-0.0084021805	-0.019765691	0.0101775682	-0.0023994761	0.0142071688	-0.0013967604	-0.0018671542	0.01156482	0.0131618637	-0.0080391089	-0.0127041848	-0.0079554886	0.0065757137	0.0163120307	0.0037412368	0.0472832448	0.0370748377	-0.0280759024	-0.0033014304	-0.0272953575	-0.052804869	0.0388563956	-0.0182718062	-0.005433346	0.0282105605	-0.0381564	0.0045786	2.0963577960000014e-05	0.00145591086096	-0.0305493	-0.0861478	0.00742144344484	0.00093325973049	0.386639	0.024699	0.149489716321	0.000610040601	0.0084995699999999	-0.0004513099999999	2.0368071609999998e-07	7.224269018489832e-05	-0.00391559	0.0001403599999999	1.53318450481e-05	1.9700929599999993e-08	-0.00284975	0.00023432	5.490586240000005e-08	8.121075062499999e-06	0.0	0.0	0.0	0.0	0.0	0.0	0.0	0.0	0.0	0.0	0.0	0.0	0.0	0.0	0.0	0.0	0.0	0.0	0.0	0.0	0.0	0.0	0.0	0.0	0.0	0.0	0.0	0.0	0.0	0.0	0.0	0.0	0.0	0.0	0.0	0.0	0.0	0.0	0.0	0.0	0.0	0.0	0.0	0.0	0.0	0.0	0.0	0.0	0.0	0.0	0.0	0.0	0.0	0.0	0.0	0.0	0.0	0.0	0.0	0.0	0.0	0.0	0.0	0.0	0.0	0.0	0.0	0.0	0.0	0.0	0.0	0.0	0.0	0.0	0.0	0.0	0.0	0.0
36864.41103148898	26.50599421647348	702.5677294037257	1358984800.6985662	48791.83736994594	856.2993152491836	733248.5172962206	2380643393.935253	36803.13868151742	-319.188735032818	101881.44857185046	1354471016.8110037	37874.80569193165	23036.51356567552	1.046259	38.037811	0.0893461	0.0483301	-0.0018028395	-0.0077592266	-0.0045732939	-0.0301728335	0.0027549692	0.011234894	0.0329984358	0.0159658141	0.0343526941	0.0093924061	-0.0024384386	0.002686915	-0.0048818003	0.0066679279	0.0309045563	-0.0339000923	-0.0008863048	-0.0205532422	0.0022578338	-0.001550571	-0.0062864581	0.0079303081	0.0195344662	-0.0035188653	0.0107608923	-0.0113450282	0.0386880258	0.0438370187	-0.0155537857	0.0059947666	-0.0541242111	-0.0436284694	0.0348894178	-0.0018621602	-0.0529263776	0.0393014377	-0.0191298019	-0.0042284093	0.0268822669	-0.0440109	-0.0058544999999999	3.4275170249999983e-05	0.00193695931881	-0.0307214	-0.0001720999999999	2.961840999999929e-08	0.00094380441796	0.379231	-0.007408	0.1438161513609999	5.487846400000038e-05	0.00771145	-0.0007881199999999	6.211331343998438e-07	5.94664611025e-05	-0.00347735	0.0004382399999999	1.20919630225e-05	1.9205429759999994e-07	-0.00255788	0.00029187	8.518809690000003e-08	6.542750094399999e-06	0.0	0.0	0.0	0.0	0.0	0.0	0.0	0.0	0.0	0.0	0.0	0.0	0.0	0.0	0.0	0.0	0.0	0.0	0.0	0.0	0.0	0.0	0.0	0.0	0.0	0.0	0.0	0.0	0.0	0.0	0.0	0.0	0.0	0.0	0.0	0.0	0.0	0.0	0.0	0.0	0.0	0.0	0.0	0.0	0.0	0.0	0.0	0.0	0.0	0.0	0.0	0.0	0.0	0.0	0.0	0.0	0.0	0.0	0.0	0.0	0.0	0.0	0.0	0.0	0.0	0.0	0.0	0.0	0.0	0.0	0.0	0.0	0.0	0.0	0.0	0.0	0.0	0.0
36809.97529808447	-54.4357334045053	2963.249071286374	1354974281.445589	48208.10101405139	-583.7363558945508	340748.1331930497	2324021003.380983	36891.862105410895	88.72342389347614	7871.845947381453	1361009489.6046524	37937.72563710709	23351.11079305435	0.832964	30.283247	0.1628013999999999	0.0851283	-0.0017765858	-0.0061746464	-0.001625522	-0.0218205404	0.0077260227	-0.0352193395	0.0285668793	0.0122878768	0.0294990874	0.0064877179	-0.0030277461	0.0020274619	0.0001313309	0.0236389086	-0.0038232581	-0.0419829615	-0.0131577611	-0.0157241346	0.0257878922	0.0338129949	-0.0165550847	0.0027136564	0.014558751	0.0018165026	-7.36211e-05	-0.0027640076	0.0224450018	0.0226136789	-0.0251338059	0.0314950556	0.0302205851	-0.0115737827	-0.0083040885	-0.0166752113	-0.0530464353	0.03974217	-0.0199830776	-0.0030216178	0.0255355494	-0.0531562	-0.0091453	8.363651209000004e-05	0.00282558159844	0.0278337	0.0585551	0.00342869973601	0.00077471485569	0.326957	-0.0522739999999999	0.106900879849	0.0027325710759999	0.0077755999999999	6.414999999990005e-05	4.115222499987177e-09	6.0459955359998446e-05	-0.00395232	-0.0004749699999999	1.56208333824e-05	2.255965008999995e-07	-0.0028753	-0.00031742	1.0075545640000009e-07	8.26735009e-06	0.0	0.0	0.0	0.0	0.0	0.0	0.0	0.0	0.0	0.0	0.0	0.0	0.0	0.0	0.0	0.0	0.0	0.0	0.0	0.0	0.0	0.0	0.0	0.0	0.0	0.0	0.0	0.0	0.0	0.0	0.0	0.0	0.0	0.0	0.0	0.0	0.0	0.0	0.0	0.0	0.0	0.0	0.0	0.0	0.0	0.0	0.0	0.0	0.0	0.0	0.0	0.0	0.0	0.0	0.0	0.0	0.0	0.0	0.0	0.0	0.0	0.0	0.0	0.0	0.0	0.0	0.0	0.0	0.0	0.0	0.0	0.0	0.0	0.0	0.0	0.0	0.0	0.0
36896.95828861844	86.98299053397204	7566.04064223307	1361385530.9520493	47748.20397659953	-459.89703745186125	211505.28505699863	2279890982.990955	37103.941237239866	212.07913182897028	44977.55815732975	1376702455.336549	38070.78250479715	23338.102451266423	1.212141	44.068596	0.1086904999999999	0.0594037	0.0019915024	-0.0012568186	-0.0144125047	0.0174578606	-0.0187693423	0.0281786834	-0.0235263757	-0.0017164236	-0.0234750823	0.0032260648	-0.0081187641	0.0034662462	0.0041712709	0.0352802204	0.0169758848	-0.0030632934	0.0299837938	0.0177937738	-0.0083027426	0.0167246744	-0.0117355006	0.017375781	-0.0122951541	0.0140196047	0.0121557943	-0.0073278675	-0.0056609943	0.0509106573	0.0077518628	-0.0259525585	-0.0269141494	-0.0212851096	0.0387265187	0.0305825006	-0.0531650386	0.040178544	-0.0208314228	-0.001813501	0.0241713312	-0.065322	-0.0121658	0.00014800668964	0.004266963684	-0.0239975	-0.0518312	0.00268647329344	0.00057588000625	0.307415	-0.019542	0.0945039822249999	0.000381889764	0.00771145	-6.414999999990005e-05	4.115222499987177e-09	5.94664611025e-05	-0.00375192	0.0002003999999999	1.4076903686400002e-05	4.0160159999999777e-08	-0.00311378	-0.00023848	5.6872710400000056e-08	9.6956258884e-06	0.0	0.0	0.0	0.0	0.0	0.0	0.0	0.0	0.0	0.0	0.0	0.0	0.0	0.0	0.0	0.0	0.0	0.0	0.0	0.0	0.0	0.0	0.0	0.0	0.0	0.0	0.0	0.0	0.0	0.0	0.0	0.0	0.0	0.0	0.0	0.0	0.0	0.0	0.0	0.0	0.0	0.0	0.0	0.0	0.0	0.0	0.0	0.0	0.0	0.0	0.0	0.0	0.0	0.0	0.0	0.0	0.0	0.0	0.0	0.0	0.0	0.0	0.0	0.0	0.0	0.0	0.0	0.0	0.0	0.0	0.0	0.0	0.0	0.0	0.0	0.0	0.0	0.0
36864.611051028274	-32.34723759016924	1046.343779714858	1358999547.943596	47615.2672842306	-132.93669236893038	17672.16417799163	2267213678.548721	37109.36824789795	5.427010658087966	29.452444683000373	1377105211.758097	38070.24149328399	23316.723724850646	0.875634	31.834539	0.1596318	0.0912318	0.0006487504	-0.0058453116	-0.0151365066	0.0170522975	-0.0116755762	-0.0242689811	-0.0253684648	-0.0025475895	-0.0242319989	0.0030219167	-0.0077177651	0.0047454298	0.0043382362	0.0289352711	-0.0086235046	-0.0042029246	0.024942759	0.0013858033	0.0043099369	-0.0004258663	-0.0035976505	0.0214131757	0.0034909308	-0.021233447	0.0002427856	-0.0090245743	-0.0087101356	0.0017524696	-0.0200633965	0.0659298356	0.0289858991	-0.0520267427	0.0203540717	-0.0063844968	-0.0532821844	0.0406105121	-0.0216746281	-0.0006045887	0.0227905472	-0.0529514	0.0123706	0.00015303174436	0.00280385076196	-0.0809422	-0.0569447	0.00324269885809	0.00655163974084	0.376331	0.068916	0.141625021561	0.004749415056	0.00776308	5.1630000000000426e-05	2.6656569000000438e-09	6.026541108640001e-05	-0.00347735	0.00027457	1.20919630225e-05	7.538868490000001e-08	-0.00301197	0.0001018099999999	1.0365276099999984e-08	9.0719632809e-06	0.0	0.0	0.0	0.0	0.0	0.0	0.0	0.0	0.0	0.0	0.0	0.0	0.0	0.0	0.0	0.0	0.0	0.0	0.0	0.0	0.0	0.0	0.0	0.0	0.0	0.0	0.0	0.0	0.0	0.0	0.0	0.0	0.0	0.0	0.0	0.0	0.0	0.0	0.0	0.0	0.0	0.0	0.0	0.0	0.0	0.0	0.0	0.0	0.0	0.0	0.0	0.0	0.0	0.0	0.0	0.0	0.0	0.0	0.0	0.0	0.0	0.0	0.0	0.0	0.0	0.0	0.0	0.0	0.0	0.0	0.0	0.0	0.0	0.0	0.0	0.0	0.0	0.0
36928.22587473546	63.61482370718295	4046.8457952959657	1363693866.2554812	48766.002557112704	1150.735272882106	1324191.668255055	2378123005.400323	36912.48963627734	-196.87861162061017	38761.187713659056	1362531891.1482823	37965.86102407712	23242.01483618603	1.208231	43.926437	0.1368185389999999	0.0873562999999999	-0.0012666686	-0.0057944415	-0.0021164719	-0.0277906096	-0.0057106036	0.0268764009	0.031973309	0.0145353518	0.03293398	0.0084191291	-0.0025220949	0.0024604892	-0.009453461	0.0028407904	0.0274154359	-0.0285666896	-0.0115795679	-0.0260379773	0.0185917567	0.0107127588	-0.0146940014	0.0078799427	0.0193872195	-0.0163951517	0.0269344988	-0.017113468	0.0236970254	0.0460936309	0.0159890763	-0.0208007149	-0.0552999589	-0.0357846243	-0.0033617528	0.0117082797	-0.0533978694	0.0410380268	-0.0225124856	0.0006045887	0.0213941436	-0.0557622	-0.0028107999999999	7.900596639999973e-06	0.0031094229488399	0.000453539	0.081395739	0.0066252663273561	2.05697624521e-07	0.397758	0.0214269999999999	0.158211426564	0.0004591163289999	0.00786562	0.0001025399999999	1.0514451599999984e-08	6.18679779844e-05	-0.00390363	-0.0004262799999999	1.52383271769e-05	1.8171463839999987e-07	-0.00310685	-9.487999999999988e-05	9.002214399999977e-09	9.6525169225e-06	0.0	0.0	0.0	0.0	0.0	0.0	0.0	0.0	0.0	0.0	0.0	0.0	0.0	0.0	0.0	0.0	0.0	0.0	0.0	0.0	0.0	0.0	0.0	0.0	0.0	0.0	0.0	0.0	0.0	0.0	0.0	0.0	0.0	0.0	0.0	0.0	0.0	0.0	0.0	0.0	0.0	0.0	0.0	0.0	0.0	0.0	0.0	0.0	0.0	0.0	0.0	0.0	0.0	0.0	0.0	0.0	0.0	0.0	0.0	0.0	0.0	0.0	0.0	0.0	0.0	0.0	0.0	0.0	0.0	0.0	0.0	0.0	0.0	0.0	0.0	0.0	0.0	0.0
36820.31178463154	-107.91409010391362	11645.450842955588	1355735359.9174764	47906.18390847156	-859.8186486411432	739288.1085510817	2295002456.6722994	36995.9344128197	83.4447765423538	6963.030732203358	1368699163.0776567	37978.35299890351	23425.755478475105	0.987982	35.91906	0.090271811	0.0546855	-0.0003443142	-0.0035722127	-0.0061342249	0.0020851467	0.0012183125	-0.0274733832	-0.0019295576	0.0041455369	-0.0016968788	0.0041015713	-0.0082735048	-0.0002352549	0.0109799886	0.0250852228	-0.0107843924	-0.0166196869	0.0140729309	0.0022177105	0.0124412001	0.0203497739	-0.0132812151	0.0191474219	0.0035098059	0.0018807076	0.0224850538	0.0033445837	0.0132202291	0.0268995311	-0.0559998222	0.0288430955	0.0010007867	0.0006286549	0.0024589635	0.0013388524	-0.0535120905	0.0414610411	-0.0233447884	0.001813501	0.0199830776	-0.073142	-0.0173798	0.00030205744804	0.0053497521639999	0.00645305	0.005999511	3.5994132239121e-05	4.16418543025e-05	0.347979	-0.049779	0.121089384441	0.002477948841	0.0079559699999999	9.034999999990058e-05	8.163122499982035e-09	6.329745864089843e-05	-0.00388326	2.0370000000000024e-05	1.50797082276e-05	4.1493690000000094e-10	-0.0028753	0.00023155	5.361540250000003e-08	8.26735009e-06	0.0	0.0	0.0	0.0	0.0	0.0	0.0	0.0	0.0	0.0	0.0	0.0	0.0	0.0	0.0	0.0	0.0	0.0	0.0	0.0	0.0	0.0	0.0	0.0	0.0	0.0	0.0	0.0	0.0	0.0	0.0	0.0	0.0	0.0	0.0	0.0	0.0	0.0	0.0	0.0	0.0	0.0	0.0	0.0	0.0	0.0	0.0	0.0	0.0	0.0	0.0	0.0	0.0	0.0	0.0	0.0	0.0	0.0	0.0	0.0	0.0	0.0	0.0	0.0	0.0	0.0	0.0	0.0	0.0	0.0	0.0	0.0	0.0	0.0	0.0	0.0	0.0	0.0
36864.19089337928	43.87910874773661	1925.3761844956955	1358968570.223508	47942.60926392181	36.42535545025021	1326.8065196770726	2298493783.033081	37024.81633553895	28.881922719250724	834.1654599607712	1370837024.6803918	37995.265553042766	23265.37130243452	0.841657	30.5993	0.10502495	0.0494869	0.0013477031	-0.0028414113	-0.0140518325	0.010394034	-0.0197268563	0.0292656747	-0.0189595307	-0.0001565066	-0.0186093517	0.0035595831	-0.0086979659	0.0022862855	0.003662919	0.0305184486	0.0204266256	0.0032671381	0.0281785082	0.0139867248	-0.0076542447	0.0241851132	-0.005107382	0.0153012942	-0.0092338258	0.0028889214	0.0124882156	-0.0050004456	-0.0062429542	0.0475827169	0.0357487507	-0.0311949129	-0.0253626852	-0.0122249369	0.0257610637	0.0345323352	-0.0536248445	0.0418795088	-0.0241713312	0.0030216178	0.0185583162	-0.0639634	0.0091785999999999	8.424669795999991e-05	0.00409131653956	-0.0283888	-0.03484185	0.0012139545114225	0.0008059239654399	0.322884	-0.0250949999999999	0.104254077456	0.0006297590249999	0.00811737	0.0001614	2.6049960000032173e-08	6.589169571690001e-05	-0.00402556	-0.0001423	1.6205133313600002e-05	2.0249290000000044e-08	-0.00328979	-0.00041449	1.718019601e-07	1.08227182441e-05	0.0	0.0	0.0	0.0	0.0	0.0	0.0	0.0	0.0	0.0	0.0	0.0	0.0	0.0	0.0	0.0	0.0	0.0	0.0	0.0	0.0	0.0	0.0	0.0	0.0	0.0	0.0	0.0	0.0	0.0	0.0	0.0	0.0	0.0	0.0	0.0	0.0	0.0	0.0	0.0	0.0	0.0	0.0	0.0	0.0	0.0	0.0	0.0	0.0	0.0	0.0	0.0	0.0	0.0	0.0	0.0	0.0	0.0	0.0	0.0	0.0	0.0	0.0	0.0	0.0	0.0	0.0	0.0	0.0	0.0	0.0	0.0	0.0	0.0	0.0	0.0	0.0	0.0
36818.34379171617	-45.84710166310833	2101.956730907391	1355590439.5650048	47733.59059121372	-209.01867270809453	43688.80554065354	2278495670.7296066	37003.4828048932	-21.33353064574476	455.1195298129308	1369257739.6920269	37975.77347222222	23346.146772413664	0.844025	30.685362	0.1459595199999999	0.0787393	0.0002931419	-0.0037699408	-0.0100145296	0.0080209832	-0.0046565891	-0.035808732	-0.0140941745	-8.9347e-05	-0.0130237605	0.0029083396	-0.0084408337	0.0018241388	0.0117948899	0.0208700277	-0.0122985065	-0.0029347472	0.0218326088	0.0069348961	0.0078951689	-0.0045383439	-0.015241019	0.0244674978	0.0078979246	-0.0077630046	0.0141723288	-0.0074599607	-0.0064927525	-0.0108497094	-0.0419095583	0.040644516	0.0086528383	-0.0346712535	0.0217742265	0.0010739722	-0.0537361284	0.042293384	-0.0249919101	0.0042284093	0.0171208358	-0.056241	0.0077224	5.963546176000006e-05	0.003163050081	0.00609832	0.0344871199999999	0.0011893614458943	3.71895068224e-05	0.389301	0.066417	0.151555268601	0.004411217889	0.00820943	9.205999999999973e-05	8.475043599999948e-09	6.73947409249e-05	-0.00366825	0.00035731	1.34560580625e-05	1.276704361e-07	-0.0029925	0.0002972899999999	8.838134409999997e-08	8.95505625e-06	0.0	0.0	0.0	0.0	0.0	0.0	0.0	0.0	0.0	0.0	0.0	0.0	0.0	0.0	0.0	0.0	0.0	0.0	0.0	0.0	0.0	0.0	0.0	0.0	0.0	0.0	0.0	0.0	0.0	0.0	0.0	0.0	0.0	0.0	0.0	0.0	0.0	0.0	0.0	0.0	0.0	0.0	0.0	0.0	0.0	0.0	0.0	0.0	0.0	0.0	0.0	0.0	0.0	0.0	0.0	0.0	0.0	0.0	0.0	0.0	0.0	0.0	0.0	0.0	0.0	0.0	0.0	0.0	0.0	0.0	0.0	0.0	0.0	0.0	0.0	0.0	0.0	0.0
36843.451326523056	25.10753480688436	630.3883040789096	1357439905.6498735	48258.50752786212	524.9169366484057	275537.7903803464	2328883548.8167253	36892.49302531884	-110.98977957436	12318.73116996502	1361056041.6231997	37904.33495042946	23193.68093589265	0.8464169999999999	30.772352	0.0522410799999999	0.0262335	-0.0002672541	-0.0043508003	-0.0086886147	-0.0060097119	-0.0127535	0.0151540716	0.0010986772	0.0086664166	0.0024433462	0.0083658621	-0.0078474628	0.0012844387	0.0040662425	0.0029508622	0.0169972038	-0.0139221927	0.0135516972	-0.0031256663	0.0054481166	-0.0073487248	-0.0217896899	0.0169502465	0.0153560409	-0.0010924811	0.0178156008	0.0067113604	0.0170005472	0.0636780893	0.0543187886	-0.0327008947	-0.0200415684	-0.0317290414	-0.0051815377	0.0048047339	-0.0538459391	0.0427026212	-0.0258063227	0.005433346	0.0156716217	-0.0486172	0.0076238	5.812232644e-05	0.00236363213584	0.0251886	0.0190902799999999	0.0003644387904783	0.00063446556996	0.403468	0.0141669999999999	0.162786427024	0.0002007038889999	0.00830581	9.638000000000008e-05	9.289104400000016e-09	6.89864797561e-05	-0.00368187	-1.3619999999999778e-05	1.35561666969e-05	1.85504399999994e-10	-0.0028753	0.0001172	1.3735840000000008e-08	8.26735009e-06	0.0	0.0	0.0	0.0	0.0	0.0	0.0	0.0	0.0	0.0	0.0	0.0	0.0	0.0	0.0	0.0	0.0	0.0	0.0	0.0	0.0	0.0	0.0	0.0	0.0	0.0	0.0	0.0	0.0	0.0	0.0	0.0	0.0	0.0	0.0	0.0	0.0	0.0	0.0	0.0	0.0	0.0	0.0	0.0	0.0	0.0	0.0	0.0	0.0	0.0	0.0	0.0	0.0	0.0	0.0	0.0	0.0	0.0	0.0	0.0	0.0	0.0	0.0	0.0	0.0	0.0	0.0	0.0	0.0	0.0	0.0	0.0	0.0	0.0	0.0	0.0	0.0	0.0
36798.77912269497	-44.67220382808591	1995.6057948580535	1354150144.9208913	47548.19556011182	-710.3119677503055	504543.09152931103	2260830901.022637	36967.78716053338	75.29413521453534	5669.206797704732	1366617287.5464964	37936.77968133224	23279.233751985543	0.829704	30.164705	0.1203753999999999	0.0749755	-0.0002162992	-0.004368882	-0.0077114975	0.004842853	-0.0099335108	-0.0470737524	-0.0053553201	0.0041824027	-0.0048952135	0.005232691	-0.007629085	-0.0002784709	0.0074257773	0.0189886243	-0.0081226124	-0.0117245271	0.0167870431	-0.0001401917	0.0103231337	0.0147133535	-0.0141808367	0.0093738285	0.0032405846	-0.0150159341	0.0131189843	-0.0074865688	0.0066412973	0.0004487201	-0.0599598718	0.0455991862	-0.0052810809	-0.0129651486	0.0154409291	0.0049745244	-0.0539542736	0.0431071756	-0.0266143679	0.0066358995	0.014211667	-0.0521997	-0.0035825	1.2834306250000016e-05	0.00272480868009	-0.0436563	-0.0688449	0.00473962025601	0.00190587252969	0.379684	-0.0237839999999999	0.144159939856	0.0005656786559999	0.00864148	0.0003356699999999	1.1267434889999981e-07	7.46751765904e-05	-0.00382948	-0.00014761	1.46649170704e-05	2.1788712100000086e-08	-0.0028753	0.0	0.0	8.26735009e-06	0.0	0.0	0.0	0.0	0.0	0.0	0.0	0.0	0.0	0.0	0.0	0.0	0.0	0.0	0.0	0.0	0.0	0.0	0.0	0.0	0.0	0.0	0.0	0.0	0.0	0.0	0.0	0.0	0.0	0.0	0.0	0.0	0.0	0.0	0.0	0.0	0.0	0.0	0.0	0.0	0.0	0.0	0.0	0.0	0.0	0.0	0.0	0.0	0.0	0.0	0.0	0.0	0.0	0.0	0.0	0.0	0.0	0.0	0.0	0.0	0.0	0.0	0.0	0.0	0.0	0.0	0.0	0.0	0.0	0.0	0.0	0.0	0.0	0.0	0.0	0.0	0.0	0.0
36823.80930977692	25.030187081953045	626.5102653575691	1355992932.0828135	47632.01928132405	83.82372121223307	7026.416237866172	2268809260.8164263	36897.39881194717	-70.38834858620976	4954.519616693778	1361418039.0878804	37874.26607616046	23169.536227024444	0.795242	28.91181	0.0836584	0.039633	0.000194778	-0.0029970857	-0.0112376185	0.007009204	-0.011672287	-0.0334136796	-0.0039660782	0.0055113139	-0.0035993928	0.0057861321	-0.0070508212	0.0005614315	0.0053015924	0.0181050772	0.0176982667	-0.0037340955	0.0148888183	0.0065455599	-0.0026381148	0.0187166938	-0.0196813595	0.0044355988	0.0035729046	-0.0120632854	0.0038459758	0.0083568374	0.0071259542	0.046952944	0.0461785097	0.0074096584	0.0253990429	0.0021066843	0.0009464552	0.0036611825	-0.0540611289	0.0435070027	-0.0274158465	0.0078355422	0.0127419724	-0.0576318	-0.0054320999999999	2.9507710409999948e-05	0.0033214243712399	-0.017349	0.0263073	0.00069207403329	0.000300987801	0.365849	-0.013835	0.1338454908009999	0.000191407225	0.00889326	0.00025178	6.339316840000002e-08	7.90900734276e-05	-0.00402699	-0.00019751	1.62166484601e-05	3.9010200100000055e-08	-0.00318769	-0.00031239	9.758751210000005e-08	1.01613675361e-05	0.0	0.0	0.0	0.0	0.0	0.0	0.0	0.0	0.0	0.0	0.0	0.0	0.0	0.0	0.0	0.0	0.0	0.0	0.0	0.0	0.0	0.0	0.0	0.0	0.0	0.0	0.0	0.0	0.0	0.0	0.0	0.0	0.0	0.0	0.0	0.0	0.0	0.0	0.0	0.0	0.0	0.0	0.0	0.0	0.0	0.0	0.0	0.0	0.0	0.0	0.0	0.0	0.0	0.0	0.0	0.0	0.0	0.0	0.0	0.0	0.0	0.0	0.0	0.0	0.0	0.0	0.0	0.0	0.0	0.0	0.0	0.0	0.0	0.0	0.0	0.0	0.0	0.0
36866.11654715417	42.307237377244746	1789.902334494535	1359110549.2683544	47772.54699880591	140.52771748186206	19748.03938066204	2282216246.75312	36966.013637323005	68.61482537583652	4707.994261356539	1366486164.2347505	37928.682432268826	23237.37508256208	0.840943	30.573311	0.12538153	0.0649785	-0.0004363576	-0.00535876	-0.0085062256	0.0052518615	-0.0078289732	-0.0375533372	-0.010918212	0.0014064281	-0.0101067069	0.0040459269	-0.0072803551	6.06063e-05	0.0084079283	0.0073816928	-0.0069388258	-0.0106288702	0.0134252109	-6.77285e-05	0.0097724988	-0.0009851885	-0.0282107286	0.0156567993	0.0045846189	-0.0118689352	0.0046367493	-0.0162924503	-0.0072964239	-0.018234826	-0.0365708198	0.0171740775	-0.0123210052	-0.0391897907	0.0196721914	0.0095551571	-0.054166502	0.0439020589	-0.0282105605	0.0090317481	0.011263545	-0.0415757	0.0160560999999999	0.0002577983472099	0.00172853883049	0.00871393	0.0260629299999999	0.0006792763201848	7.59325760449e-05	0.418497	0.052648	0.175139739009	0.002771811904	0.00875474	-0.0001385199999999	1.9187790399999893e-08	7.66454724676e-05	-0.00386561	0.00016138	1.4942940672099998e-05	2.604350440000015e-08	-0.0028753	0.00031239	9.758751210000005e-08	8.26735009e-06	0.0	0.0	0.0	0.0	0.0	0.0	0.0	0.0	0.0	0.0	0.0	0.0	0.0	0.0	0.0	0.0	0.0	0.0	0.0	0.0	0.0	0.0	0.0	0.0	0.0	0.0	0.0	0.0	0.0	0.0	0.0	0.0	0.0	0.0	0.0	0.0	0.0	0.0	0.0	0.0	0.0	0.0	0.0	0.0	0.0	0.0	0.0	0.0	0.0	0.0	0.0	0.0	0.0	0.0	0.0	0.0	0.0	0.0	0.0	0.0	0.0	0.0	0.0	0.0	0.0	0.0	0.0	0.0	0.0	0.0	0.0	0.0	0.0	0.0	0.0	0.0	0.0	0.0
36889.96534888125	23.848801727079262	568.7653438175388	1360869543.4416592	48172.6642846564	400.11728585048695	160093.84243636028	2320605584.2822104	36915.43182543798	-50.581811885022034	2558.5196935717563	1362749106.8585596	37943.669418631216	23363.59504735585	0.962796	35.003426	0.07565663	0.0507166	-0.0012649389	-0.00312659	-0.0025501349	-0.0169189293	0.0042483403	-0.0339007214	0.0271513846	0.0119855662	0.0273336464	0.0065231093	-0.0032253086	0.0008713618	-0.0042866014	-0.0019626292	0.0246173907	-0.0234740958	-0.006472944	-0.0229075578	0.0125293069	0.0113546878	-0.0147618551	-0.0067595693	0.0053160481	-0.0268494974	0.0093437484	7.67257e-05	0.0287052763	0.0417023723	0.018717179	0.0347085668	0.0102412722	-0.0098591906	-0.0327576331	-0.0177257595	-0.0542703902	0.0442923007	-0.0289983141	0.0102239922	0.0097773982	-0.0391687	0.0024069999999999	5.793648999999997e-06	0.00153418705969	-0.0374622	-0.04617613	0.0021322349817769	0.00140341642884	0.409007	-0.0094899999999999	0.167286726049	9.006009999999997e-05	0.00843106	-0.0003236799999999	1.047687423999999e-07	7.108277272360001e-05	-0.0038936	-2.7990000000000303e-05	1.516012096e-05	7.83440100000017e-10	-0.0028753	0.0	0.0	8.26735009e-06	0.0	0.0	0.0	0.0	0.0	0.0	0.0	0.0	0.0	0.0	0.0	0.0	0.0	0.0	0.0	0.0	0.0	0.0	0.0	0.0	0.0	0.0	0.0	0.0	0.0	0.0	0.0	0.0	0.0	0.0	0.0	0.0	0.0	0.0	0.0	0.0	0.0	0.0	0.0	0.0	0.0	0.0	0.0	0.0	0.0	0.0	0.0	0.0	0.0	0.0	0.0	0.0	0.0	0.0	0.0	0.0	0.0	0.0	0.0	0.0	0.0	0.0	0.0	0.0	0.0	0.0	0.0	0.0	0.0	0.0	0.0	0.0	0.0	0.0	0.0	0.0	0.0	0.0
36897.62117648058	7.655827599330223	58.61169623066637	1361434448.483068	47581.37569655288	-591.2885881035181	349622.1944214519	2263987313.176513	37078.11816031267	162.6863348746847	26466.843554958046	1374786846.310108	38025.36766744335	23311.418438121327	1.137596	41.358437	0.0903401999999999	0.0495458	0.0005649001	-0.0013992434	-0.006804104	0.0191543595	-0.0204906711	-0.0063573429	-0.0232162767	-0.0025902986	-0.023217368	0.0025960578	-0.0069063247	-0.0019582966	0.0121495448	0.0196727844	-0.018241868	0.0032293115	0.02601732	0.0165668096	0.0046234669	0.0123090974	-0.0157440973	0.011858431	-0.0047290414	0.0057530939	0.0153798775	-0.0011780931	-0.0125904045	0.021058919	-0.0356014005	-0.005838471	-0.0253981459	-0.0100136622	0.0417001351	0.0170978549	-0.0543727905	0.0446776853	-0.0297789127	0.0114117519	0.0082845504	-0.0437392	-0.0045704999999999	2.0889470249999984e-05	0.00191311761664	-0.0415944	-0.0041321999999999	1.7075076839999964e-05	0.0017300941113599	0.38585	-0.0231569999999999	0.1488802225	0.0005362466489999	0.0091436	0.0007125399999999	5.077132515999991e-07	8.360542096e-05	-0.00405859	-0.0001649899999999	1.64721527881e-05	2.7221700099999943e-08	-0.00316738	-0.00029208	8.531072640000007e-08	1.00322960644e-05	0.0	0.0	0.0	0.0	0.0	0.0	0.0	0.0	0.0	0.0	0.0	0.0	0.0	0.0	0.0	0.0	0.0	0.0	0.0	0.0	0.0	0.0	0.0	0.0	0.0	0.0	0.0	0.0	0.0	0.0	0.0	0.0	0.0	0.0	0.0	0.0	0.0	0.0	0.0	0.0	0.0	0.0	0.0	0.0	0.0	0.0	0.0	0.0	0.0	0.0	0.0	0.0	0.0	0.0	0.0	0.0	0.0	0.0	0.0	0.0	0.0	0.0	0.0	0.0	0.0	0.0	0.0	0.0	0.0	0.0	0.0	0.0	0.0	0.0	0.0	0.0	0.0	0.0
36923.81730585164	26.19612937106285	686.2371940254618	1363368284.435909	48210.09675836789	628.7210618150057	395290.17356978817	2324213429.451194	36952.05161076565	-126.06654954701662	15892.774914690395	1365454118.2446885	37983.45022420961	23170.692916342497	0.95744	34.808685	0.0683843	0.0323024	-0.0010185753	-0.0052277763	-0.005836972	-0.011047907	-0.000945752	-0.018703861	0.0087134069	0.0067770855	0.0096258476	0.0048942151	-0.0056741018	0.0013989569	-0.0041909976	0.0112064471	0.0251128167	-0.009232665	0.0059471043	-0.0052925376	0.0007449483	0.0317132092	-0.0126123314	-0.0072899372	0.0057347583	-0.0113567155	-0.0002617371	0.0027488097	0.0173053004	0.0114741495	0.0067434408	0.0512817324	0.0125524772	-0.0009962967	-0.0031813344	-0.0013238709	-0.0544737002	0.0450581706	-0.0305521639	0.0125945059	0.0067860248	-0.04742	-0.0036807999999999	1.3548288639999985e-05	0.0022486563999999	-0.0325119	0.0090824999999999	8.249180624999988e-05	0.00105702364161	0.359448	-0.026402	0.129202864704	0.000697065604	0.00889709	-0.00024651	6.076718010000007e-08	7.91582104681e-05	-0.00410438	-4.5790000000000414e-05	1.6845935184400004e-05	2.096724100000038e-09	-0.0028753	0.00029208	8.531072640000007e-08	8.26735009e-06	0.0	0.0	0.0	0.0	0.0	0.0	0.0	0.0	0.0	0.0	0.0	0.0	0.0	0.0	0.0	0.0	0.0	0.0	0.0	0.0	0.0	0.0	0.0	0.0	0.0	0.0	0.0	0.0	0.0	0.0	0.0	0.0	0.0	0.0	0.0	0.0	0.0	0.0	0.0	0.0	0.0	0.0	0.0	0.0	0.0	0.0	0.0	0.0	0.0	0.0	0.0	0.0	0.0	0.0	0.0	0.0	0.0	0.0	0.0	0.0	0.0	0.0	0.0	0.0	0.0	0.0	0.0	0.0	0.0	0.0	0.0	0.0	0.0	0.0	0.0	0.0	0.0	0.0
36975.64902947915	51.831723627510655	2686.527574198646	1367198621.1512225	47915.40911952014	-294.6876388477467	86840.80448966	2295886431.090994	37088.26755053698	136.2159397713258	18554.782247785457	1375539589.9002142	38071.2669339364	23616.108152101973	0.907805	33.004177	0.07361992	0.0343826	0.000325926	-1.77949e-05	-0.0035368361	0.006127606	-0.0163692412	0.0019383322	-0.0099872837	0.0006941348	-0.0098009363	0.0028617226	-0.0074659051	-2.8471e-06	0.0119054522	0.0183099287	-0.0139788548	0.0020857076	0.012738729	0.0132114554	0.009772151	0.0238417988	-0.0121214386	0.0085243707	0.0065277833	0.0027160109	0.0157801214	-0.0155869606	-0.0188083739	0.0021512692	-0.0191856831	-0.0084992974	-0.03191849	-0.0096271974	0.030243358	0.035671128	-0.0545731164	0.0454337147	-0.0313178767	0.0137717356	0.0052828484	-0.0373586	0.0100613999999999	0.0001012317699599	0.0013956649939599	-0.00935138	0.02316052	0.0005364096866704	8.74483079044e-05	0.369787	0.0103389999999999	0.1367424253689999	0.0001068949209999	0.00913386	0.00023677	5.606003290000034e-08	8.342739849960002e-05	-0.00411391	-9.529999999999782e-06	1.6924255488100002e-05	9.082089999999583e-11	-0.00323018	-0.00035488	1.259398144000001e-07	1.04340628324e-05	0.0	0.0	0.0	0.0	0.0	0.0	0.0	0.0	0.0	0.0	0.0	0.0	0.0	0.0	0.0	0.0	0.0	0.0	0.0	0.0	0.0	0.0	0.0	0.0	0.0	0.0	0.0	0.0	0.0	0.0	0.0	0.0	0.0	0.0	0.0	0.0	0.0	0.0	0.0	0.0	0.0	0.0	0.0	0.0	0.0	0.0	0.0	0.0	0.0	0.0	0.0	0.0	0.0	0.0	0.0	0.0	0.0	0.0	0.0	0.0	0.0	0.0	0.0	0.0	0.0	0.0	0.0	0.0	0.0	0.0	0.0	0.0	0.0	0.0	0.0	0.0	0.0	0.0
36896.15912672089	-79.48990275825781	6318.644640517283	1361326558.3043094	48265.995760515405	350.58664099526504	122910.99284434284	2329606346.7540917	36952.44050468407	-135.82704585290776	18448.986385127908	1365482859.252216	37972.24577142727	23409.582912756363	1.003338	36.477356	0.0999077200000001	0.0453268	-0.000588009	-0.0060700531	-0.0100768091	-0.0081891863	-0.0035196056	-0.0127040349	0.0006725256	0.0069465298	0.0017850254	0.0063214747	-0.0056434876	0.00228234	-0.0028231054	0.0026147451	0.030716284	-0.0066640951	0.011719469	-0.0079806112	-0.0086131802	-0.0019403647	-0.0103798083	0.0006063431	0.0081897176	-0.0039731448	0.0131037944	0.0098418111	0.0174919411	0.0283078156	-0.0012277342	0.0584706055	0.0082841351	-0.014597375	0.0046644294	-0.0329484642	-0.0546710365	0.0458042765	-0.0320758624	0.0149429245	0.0037760514	-0.0459067	-0.0085481	7.307001361000005e-05	0.00210742510489	-0.027284	-0.01793262	0.0003215788600644	0.000744416656	0.390423	0.020636	0.152430118929	0.000425844496	0.00866907	-0.00046479	2.160297441000013e-07	7.515277466489999e-05	-0.00387776	0.00023615	1.50370226176e-05	5.5766822500000043e-08	-0.0028753	0.00035488	1.259398144000001e-07	8.26735009e-06	0.0	0.0	0.0	0.0	0.0	0.0	0.0	0.0	0.0	0.0	0.0	0.0	0.0	0.0	0.0	0.0	0.0	0.0	0.0	0.0	0.0	0.0	0.0	0.0	0.0	0.0	0.0	0.0	0.0	0.0	0.0	0.0	0.0	0.0	0.0	0.0	0.0	0.0	0.0	0.0	0.0	0.0	0.0	0.0	0.0	0.0	0.0	0.0	0.0	0.0	0.0	0.0	0.0	0.0	0.0	0.0	0.0	0.0	0.0	0.0	0.0	0.0	0.0	0.0	0.0	0.0	0.0	0.0	0.0	0.0	0.0	0.0	0.0	0.0	0.0	0.0	0.0	0.0
36949.22832142587	53.06919470497815	2816.3394266348805	1365245473.5488598	49833.03787998001	1567.0421194646042	2455621.004176119	2483331664.3475223	36892.01138555095	-60.42911913312128	3651.678439204964	1361020504.0716207	38068.86584955227	23281.65347125421	1.539434	55.967655	0.222422	0.109172	-0.0036175133	-0.0037174381	0.015915857	-0.0732795431	0.0228106289	0.0226528669	0.0787229571	0.0202619991	0.080476401	0.0047104524	0.0078104171	0.011930476	-0.0165684419	0.0197711319	0.0087609854	-0.0383421623	-0.0277320852	-0.0345983916	0.0188417697	0.0416332396	0.0069918741	-0.0123520806	0.0553632095	-0.0223496834	0.0435074226	0.0183477609	0.0345264212	0.0561974848	-0.0162503344	0.0071600365	-0.0767114862	-0.0094452545	0.0685975394	0.022193972	-0.0547674578	0.0461698153	-0.0328259338	0.016107559	0.0022666665	-0.043299	0.0026077	6.800099290000023e-06	0.0018748034009999	-0.0746867999999999	-0.0474027999999999	0.0022470254478399	0.0055781180942399	0.326067	-0.064356	0.106319688489	0.004141694736	0.00719246	-0.0014766099999999	2.1803770920999967e-06	5.17314808516e-05	-0.00371559	0.00016217	1.38056090481e-05	2.629910890000004e-08	-0.00339763	-0.00052233	2.7282862890000013e-07	1.15438896169e-05	0.0	0.0	0.0	0.0	0.0	0.0	0.0	0.0	0.0	0.0	0.0	0.0	0.0	0.0	0.0	0.0	0.0	0.0	0.0	0.0	0.0	0.0	0.0	0.0	0.0	0.0	0.0	0.0	0.0	0.0	0.0	0.0	0.0	0.0	0.0	0.0	0.0	0.0	0.0	0.0	0.0	0.0	0.0	0.0	0.0	0.0	0.0	0.0	0.0	0.0	0.0	0.0	0.0	0.0	0.0	0.0	0.0	0.0	0.0	0.0	0.0	0.0	0.0	0.0	0.0	1.0	0.0	0.0	0.0	0.0	0.0	0.0	0.0	0.0	0.0	0.0	0.0	0.0
36864.71232698302	-84.51599444285239	7142.953316664256	1359007014.9512138	47931.39505424319	-1901.642825736817	3616245.436676306	2297418631.8459287	37039.12858135414	147.11719580319186	21643.469300994693	1371897046.066085	38021.81079061586	23467.588041482293	1.565144	56.902393	0.1030026999999999	0.0443476	0.0005602364	0.0004590192	-0.005852879	-0.0001994278	-0.0032649907	-0.0285190659	-0.0004428427	0.0025065663	-0.0004431895	0.0020747859	-0.0043968713	0.0103376884	0.0057360119	0.0262588011	0.0041710126	-0.0052739315	0.0096268827	-0.0005387179	0.0040540729	0.0231357168	-0.0015703392	0.0036093493	-0.0062435696	-0.0122101371	0.0133205234	-0.0038922858	0.0003556846	0.0172887591	-0.0304335392	0.0491215502	0.0144133056	-0.0107157946	0.0107927782	0.012602381	-0.0548623775	0.0465302911	-0.0335679058	0.0172651282	0.0007557282	-0.0507499	-0.0074509	5.551591081000005e-05	0.00257555235001	-0.0602895	0.0143972999999998	0.0002072822472899	0.00363482381025	0.349327	0.02326	0.122029352929	0.0005410276	0.00766486	0.0004723999999999	2.2316175999999963e-07	5.87500788196e-05	-0.00422888	-0.00051329	1.78834260544e-05	2.634666241e-07	-0.00322543	0.0001721999999999	2.9652839999999983e-08	1.04033986849e-05	0.0	0.0	0.0	0.0	0.0	0.0	0.0	0.0	0.0	0.0	0.0	0.0	0.0	0.0	0.0	0.0	0.0	0.0	0.0	0.0	0.0	0.0	0.0	0.0	0.0	0.0	0.0	0.0	0.0	0.0	0.0	0.0	0.0	0.0	0.0	0.0	0.0	0.0	0.0	0.0	0.0	0.0	0.0	0.0	0.0	0.0	0.0	0.0	0.0	0.0	0.0	0.0	0.0	0.0	0.0	0.0	0.0	0.0	0.0	0.0	0.0	0.0	0.0	0.0	0.0	0.0	1.0	0.0	0.0	0.0	0.0	0.0	0.0	0.0	0.0	0.0	0.0	0.0
36867.70851722659	2.9961902435679804	8.977155975651954	1359227931.3111818	48059.97371843528	128.57866419208585	16532.47288542118	2309761073.816689	37053.96560684012	14.837025485976485	220.1373252715157	1372996367.1928902	38062.17906432749	23199.388913314207	0.8261309999999998	30.034813	0.0637582999999999	0.0312426	0.0011660738	-0.0006324913	-0.0100903623	0.0055835079	-0.01580153	0.0237527945	-0.0087088988	0.0018144863	-0.0078892201	0.0040244263	-0.0077894214	0.0089362907	0.0073565963	0.0239729097	-0.0008903974	0.0009401108	0.0168357362	0.009104456	0.0066692774	0.0102707614	-0.0114379409	0.0121569885	0.0092908501	-0.0064094405	0.018177718	-0.0064678659	-0.0149340707	0.0458857285	0.0391763471	-0.0248409985	-0.0260685154	-0.0316377021	0.0340005227	0.0280257597	-0.0549557932	0.0468856643	-0.0343015956	0.0184151243	-0.0007557282	-0.0525391	-0.0017891999999999	3.201236639999992e-06	0.0027603570288099	-0.0362644	0.0240251	0.00057720543001	0.00131510670736	0.360378	0.0110509999999999	0.1298723028839999	0.0001221246009999	0.00782973	0.00016487	2.7182116900000044e-08	6.13046718729e-05	-0.00402809	0.00020079	1.62255090481e-05	4.0316624100000077e-08	-0.00339763	-0.0001721999999999	2.9652839999999983e-08	1.15438896169e-05	0.0	0.0	0.0	0.0	0.0	0.0	0.0	0.0	0.0	0.0	0.0	0.0	0.0	0.0	0.0	0.0	0.0	0.0	0.0	0.0	0.0	0.0	0.0	0.0	0.0	0.0	0.0	0.0	0.0	0.0	0.0	0.0	0.0	0.0	0.0	0.0	0.0	0.0	0.0	0.0	0.0	0.0	0.0	0.0	0.0	0.0	0.0	0.0	0.0	0.0	0.0	0.0	0.0	0.0	0.0	0.0	0.0	0.0	0.0	0.0	0.0	0.0	0.0	0.0	0.0	0.0	0.0	0.0	0.0	0.0	0.0	0.0	0.0	0.0	0.0	0.0	0.0	0.0
36879.46031722906	11.75180000247201	138.10480329810113	1360094593.290073	47629.84205605747	-430.1316623778112	185013.24697989933	2268601854.284981	37086.5038692874	32.53826244728407	1058.7385230883367	1375408769.2466693	38028.793219800806	23449.75277422936	0.848403	30.844551	0.1292296	0.0715774	0.0009738725	0.0011651493	-0.0095546038	0.0172023856	-0.0047737206	-0.0275370193	-0.0180407093	-0.0026142045	-0.0185849476	0.000815546	-0.0068967594	0.0060818173	0.0089382806	0.0097411218	0.000848301	0.0031172338	0.0312093159	0.0060514377	-0.0030923567	-0.0173360627	-0.0128427525	0.0173682749	-0.007920312	-0.008914449	0.0224308409	0.0084200017	0.000634573	0.0057796788	-0.0512920824	0.0491292522	0.0077637382	-0.0323602253	0.0141898812	0.0014110851	-0.0550477023	0.047235896	-0.0350268219	0.0195570429	-0.0022666665	-0.0478052	0.0047338999999999	2.240980920999999e-05	0.00228533714704	-0.0308937	0.0053707	2.884441849000003e-05	0.0009544206996899	0.415359	0.054981	0.1725230988809999	0.003022910361	0.00776878	-6.094999999999972e-05	3.7149024999999653e-09	6.035394268840001e-05	-0.00337554	0.00065255	1.13942702916e-05	4.258215025e-07	-0.00282825	0.00056938	3.241935844e-07	7.9989980625e-06	0.0	0.0	0.0	0.0	0.0	0.0	0.0	0.0	0.0	0.0	0.0	0.0	0.0	0.0	0.0	0.0	0.0	0.0	0.0	0.0	0.0	0.0	0.0	0.0	0.0	0.0	0.0	0.0	0.0	0.0	0.0	0.0	0.0	0.0	0.0	0.0	0.0	0.0	0.0	0.0	0.0	0.0	0.0	0.0	0.0	0.0	0.0	0.0	0.0	0.0	0.0	0.0	0.0	0.0	0.0	0.0	0.0	0.0	0.0	0.0	0.0	0.0	0.0	0.0	0.0	0.0	0.0	0.0	0.0	0.0	0.0	0.0	0.0	0.0	0.0	0.0	0.0	0.0
36844.87704167733	-34.58327555172582	1196.0029478865968	1357544964.2163217	47639.6226812426	9.78062518513616	95.66062901211971	2269533649.2111645	37134.3181887578	47.81431947040255	2286.2091464177165	1378957587.3439083	38092.0229034174	23245.800855538982	0.8006879999999998	29.109804	0.1583030999999999	0.0830029	0.001121583	-7.21835e-05	-0.0101407949	0.0179137872	-0.0092223767	0.0041030288	-0.02216577	-0.0041329515	-0.0217578216	0.0007234583	-0.0075070177	0.0014162091	0.0101762818	0.0157586124	-0.0072376504	0.0090254121	0.0316101878	0.0129266135	-0.000884875	0.008957967	-0.0180866422	0.0122773158	-0.0032005873	-0.0044115257	0.0212677166	0.0286553886	-0.0092329144	0.0607035966	0.0422983039	-0.015172666	0.0170427555	0.0012875915	0.0070673347	0.006873579	-0.0551381022	0.0475809477	-0.0357434058	0.0206903832	-0.0037760514	-0.0455776	0.0022275999999999	4.962201759999983e-06	0.00207731762176	-0.0190787	0.0118149999999999	0.000139594225	0.00036399679369	0.389646	-0.0257129999999999	0.151824005316	0.0006611583689999	0.0089458899999999	0.0011771099999999	1.385587952099766e-06	8.002894789209823e-05	-0.004	-0.00062446	1.6e-05	3.899502916000004e-07	-0.00339763	-0.00056938	3.241935844e-07	1.15438896169e-05	0.0	0.0	0.0	0.0	0.0	0.0	0.0	0.0	0.0	0.0	0.0	0.0	0.0	0.0	0.0	0.0	0.0	0.0	0.0	0.0	0.0	0.0	0.0	0.0	0.0	0.0	0.0	0.0	0.0	0.0	0.0	0.0	0.0	0.0	0.0	0.0	0.0	0.0	0.0	0.0	0.0	0.0	0.0	0.0	0.0	0.0	0.0	0.0	0.0	0.0	0.0	0.0	0.0	0.0	0.0	0.0	0.0	0.0	0.0	0.0	0.0	0.0	0.0	0.0	0.0	0.0	0.0	0.0	0.0	0.0	0.0	0.0	0.0	0.0	0.0	0.0	0.0	0.0
36886.17389002554	41.29684834820364	1705.4296834945296	1360589824.2452016	47751.9669079532	112.3442267106002	12621.225275202734	2280250343.578258	36970.05486642039	-164.26332233741414	26982.43906532522	1366784956.826134	37927.15262541118	23455.57138631354	0.808494	29.393627	0.07488862	0.0357694	0.0010182223	0.0002950331	-0.012103161	0.0102985021	-0.0134614797	-0.0019199861	-0.0173512162	-0.0003335566	-0.0165366156	0.0030366598	-0.0065647533	0.001796621	0.007231003	0.0157496081	0.0048547939	0.0042161107	0.0281476509	0.0108371222	-0.0079367672	0.0201903079	-0.0251259963	0.0080272885	-0.0014308066	0.0029921353	0.0225279293	0.009253485	-0.0028658811	0.0053185182	-0.0381114483	0.024138456	-0.0190588678	-0.0006986115	0.0304979829	0.0192356857	-0.0552269905	0.0479207816	-0.0364511706	0.021814648	-0.0052828484	-0.0554399	-0.0098622999999999	9.726496128999996e-05	0.00307358251201	0.00709212	0.02617082	0.0006849118194724	5.0298166094400005e-05	0.372555	-0.0170909999999999	0.138797228025	0.0002921022809999	0.00895809	1.2200000000099284e-05	1.488400000024225e-10	8.024737644810001e-05	-0.00379645	0.00020355	1.44130326025e-05	4.14326025000001e-08	-0.00317809	0.0002195399999999	4.819781159999993e-08	1.01002560481e-05	0.0	0.0	0.0	0.0	0.0	0.0	0.0	0.0	0.0	0.0	0.0	0.0	0.0	0.0	0.0	0.0	0.0	0.0	0.0	0.0	0.0	0.0	0.0	0.0	0.0	0.0	0.0	0.0	0.0	0.0	0.0	0.0	0.0	0.0	0.0	0.0	0.0	0.0	0.0	0.0	0.0	0.0	0.0	0.0	0.0	0.0	0.0	0.0	0.0	0.0	0.0	0.0	0.0	0.0	0.0	0.0	0.0	0.0	0.0	0.0	0.0	0.0	0.0	0.0	0.0	0.0	0.0	0.0	0.0	0.0	0.0	0.0	0.0	0.0	0.0	0.0	0.0	0.0
36867.29718278159	-18.87670724394411	356.33007637357207	1359197601.5635357	47704.41893374186	-47.54797421134572	2260.8098516027976	2275711585.8059487	37073.38863812654	103.33377170615132	10677.868375018998	1374436145.11357	38037.08626713268	23556.640684768867	0.7584699999999999	27.57494	0.11815892	0.0730887999999999	0.0009541266	0.0014336676	-0.008172439	0.0141274789	-0.005375743	-0.0103718696	-0.0120371848	-0.0042770121	-0.0127183898	-0.0017921057	-0.0058088812	0.0030872559	0.00606497	0.0227896887	0.0014180173	0.0060262417	0.0186792428	0.0066070194	7.05171e-05	0.0397735269	-0.0100545911	-0.0038937537	-0.0107652884	-0.0167718157	0.013124455	0.0084225882	-0.0152570197	0.0282803342	0.0176872701	0.0229776389	0.0312095872	0.0230936461	-0.0035692707	0.018875245	-0.0553143646	0.0482553605	-0.0371499417	0.0229293442	-0.0067860248	-0.0581299	-0.0026899999999999	7.236099999999989e-06	0.00337908527401	-0.0615113	-0.06860342	0.0047064292356964	0.0037836400276899	0.351963	-0.020592	0.123877953369	0.000424030464	0.00910533	0.0001472399999999	2.167961759999996e-08	8.29070344089e-05	-0.00395514	-0.00015869	1.56431324196e-05	2.5182516100000123e-08	-0.00339763	-0.0002195399999999	4.819781159999993e-08	1.15438896169e-05	0.0	0.0	0.0	0.0	0.0	0.0	0.0	0.0	0.0	0.0	0.0	0.0	0.0	0.0	0.0	0.0	0.0	0.0	0.0	0.0	0.0	0.0	0.0	0.0	0.0	0.0	0.0	0.0	0.0	0.0	0.0	0.0	0.0	0.0	0.0	0.0	0.0	0.0	0.0	0.0	0.0	0.0	0.0	0.0	0.0	0.0	0.0	0.0	0.0	0.0	0.0	0.0	0.0	0.0	0.0	0.0	0.0	0.0	0.0	0.0	0.0	0.0	0.0	0.0	0.0	0.0	0.0	0.0	0.0	0.0	0.0	0.0	0.0	0.0	0.0	0.0	0.0	0.0
36921.98606848338	54.68888570178388	2990.8742193027806	1363233055.2412806	47976.73125208272	272.31231834086066	74153.99872017423	2301766741.6345706	37019.98049607018	-53.40814205635979	2852.4296379123075	1370478955.929417	37993.96281192891	23456.683055323683	0.8055409999999998	29.286232	0.190101314	0.10768	0.0007911898	-3.04576e-05	-0.0109329097	0.0055564994	-0.0162816875	-0.0088387735	-0.0166415118	-0.0012874028	-0.0155749143	0.0024083381	-0.0063625952	0.0021005992	0.009529746	0.0017074041	0.0021904541	0.0088145977	0.0280773448	0.0084429343	-0.0002894742	-0.0028766265	-0.0178404923	0.0112349478	0.0074521594	-0.0075628679	0.0303825829	0.0003744588	-0.0129933196	0.0015797864	-0.0223385145	0.0037927722	-0.0323551402	-0.0263408622	0.0347194673	0.0304614816	-0.0554002224	0.0485846476	-0.0378395465	0.0240339827	-0.0082845504	-0.0577247	0.0004052	1.6418704000000116e-07	0.0033321409900899	0.000899314	0.0624106139999999	0.0038950847398569	8.08765670596e-07	0.43243	0.0804669999999999	0.1869957048999999	0.0064749380889999	0.00887723	-0.0002281	5.2029610000000084e-08	7.88052124729e-05	-0.00383957	0.00011557	1.47422977849e-05	1.3356424900000038e-08	-0.00280493	0.0005926999999999	3.512932899999998e-07	7.8676323049e-06	0.0	0.0	0.0	0.0	0.0	0.0	0.0	0.0	0.0	0.0	0.0	0.0	0.0	0.0	0.0	0.0	0.0	0.0	0.0	0.0	0.0	0.0	0.0	0.0	0.0	0.0	0.0	0.0	0.0	0.0	0.0	0.0	0.0	0.0	0.0	0.0	0.0	0.0	0.0	0.0	0.0	0.0	0.0	0.0	0.0	0.0	0.0	0.0	0.0	0.0	0.0	0.0	0.0	0.0	0.0	0.0	0.0	0.0	0.0	0.0	0.0	0.0	0.0	0.0	0.0	0.0	0.0	0.0	0.0	0.0	0.0	0.0	0.0	0.0	0.0	0.0	0.0	0.0
36811.4662963232	-110.51977216017984	12214.620038338066	1355084050.8853383	47596.21950903436	-380.5117430483588	144789.1865977002	2265400111.552183	37013.13232716505	-6.848168905133207	46.897417353233344	1369971964.6682303	37971.722732090646	23618.26649772676	0.781154	28.399651	0.0710628139999999	0.040029	0.0007193309	0.0026069448	-0.0058912541	0.0098341563	-0.0033929036	-0.0305070976	-0.0107098804	-0.001136527	-0.0112418171	0.00059241	-0.0066377267	0.00096759	0.010974319	0.007460647	-0.0039181458	0.0003968964	0.0206220507	0.0021275846	0.0015168223	0.0155320589	-0.0199427111	-0.0013285296	-0.0149362666	-0.0049698575	0.0268867408	0.016638997	-0.0031870472	0.0343731659	-0.0133494037	0.032132932	0.0210321009	0.0100183021	-0.0154894403	-0.0010435982	-0.0554845612	0.0489086069	-0.038519815	0.0251280792	-0.0097773982	-0.0616403	-0.0039156	1.5331923360000042e-05	0.00379952658409	-0.0169094	-0.017808714	0.0003171502943337	0.00028592780836	0.398371	-0.034059	0.158699453641	0.001160015481	0.00882779	-4.9439999999999554e-05	2.444313599999956e-09	7.79298762841e-05	-0.00404763	-0.0002080599999999	1.63833086169e-05	4.328896359999997e-08	-0.00285302	-4.8089999999999765e-05	2.312648099999977e-09	8.1397231204e-06	0.0	0.0	0.0	0.0	0.0	0.0	0.0	0.0	0.0	0.0	0.0	0.0	0.0	0.0	0.0	0.0	0.0	0.0	0.0	0.0	0.0	0.0	0.0	0.0	0.0	0.0	0.0	0.0	0.0	0.0	0.0	0.0	0.0	0.0	0.0	0.0	0.0	0.0	0.0	0.0	0.0	0.0	0.0	0.0	0.0	0.0	0.0	0.0	0.0	0.0	0.0	0.0	0.0	0.0	0.0	0.0	0.0	0.0	0.0	0.0	0.0	0.0	0.0	0.0	0.0	0.0	0.0	0.0	0.0	0.0	0.0	0.0	0.0	0.0	0.0	0.0	0.0	0.0
36822.08343897305	10.61714264985494	112.7237180473688	1355865828.7866936	47659.54729154325	63.32778250888805	4010.408037493027	2271432448.0348477	36932.3236597577	-80.80866740734928	6530.040728151593	1363996530.909098	37888.49135805007	23215.754768339924	0.828176	30.109173	0.0790839929999999	0.0407995	0.0011029418	0.000382489	-0.01155245	0.0187654978	-0.0115388176	-0.0045284313	-0.0219777253	-0.0018298766	-0.0219839472	0.0025671654	-0.0066108653	0.0001514731	0.0115920863	0.0085701423	0.003533372	0.0135338079	0.0302686613	0.0110686236	-0.0085894963	0.0206851212	-0.0281554621	0.0073782593	0.004028377	0.0002007319	0.0362260352	-0.0018638379	-0.0208347887	0.0184079443	-0.0113456583	-0.0082530669	-0.0431201734	-0.005190061	0.0341547816	0.0292591072	-0.055567379	0.0492272028	-0.0391905793	0.0262111537	-0.011263545	-0.0730278	-0.0113875	0.00012967515625	0.00533305957284	0.000622593	0.017531993	0.000307370778552	3.8762204364900006e-07	0.394139	-0.0042319999999999	0.155345551321	1.7909823999999646e-05	0.00913211	0.00030432	9.261066240000019e-08	8.339543305210001e-05	-0.00397791	6.971999999999968e-05	1.5823767968100002e-05	4.860878399999955e-09	-0.00339763	-0.00054461	2.9660005210000005e-07	1.15438896169e-05	0.0	0.0	0.0	0.0	0.0	0.0	0.0	0.0	0.0	0.0	0.0	0.0	0.0	0.0	0.0	0.0	0.0	0.0	0.0	0.0	0.0	0.0	0.0	0.0	0.0	0.0	0.0	0.0	0.0	0.0	0.0	0.0	0.0	0.0	0.0	0.0	0.0	0.0	0.0	0.0	0.0	0.0	0.0	0.0	0.0	0.0	0.0	0.0	0.0	0.0	0.0	0.0	0.0	0.0	0.0	0.0	0.0	0.0	0.0	0.0	0.0	0.0	0.0	0.0	0.0	0.0	0.0	0.0	0.0	0.0	0.0	0.0	0.0	0.0	0.0	0.0	0.0	0.0
36725.52039822757	-96.56304074548098	9324.42083801342	1348763848.5206294	47208.72306353673	-450.8242280065169	203242.484557672	2228663533.289705	37012.62562247155	80.3019627138492	6448.405215696428	1369934455.469237	37932.00321043495	23319.285080610305	0.8779289999999998	31.917988	0.034187577	0.0159328	0.0016690487	0.0015768838	-0.0081050921	0.0271012804	-0.0092035307	-0.0511207922	-0.0264985911	-0.0062461965	-0.0275637396	-0.0013480796	-0.0055779878	0.0026340991	0.011893459	0.0160776134	-0.0040540456	0.0181534507	0.0262947004	0.0237994975	-0.0096597273	0.0095771758	-0.0415937563	0.0017953288	-0.0346834234	0.0039265723	0.0237060504	0.0264308532	-0.0310877552	0.0220280023	-0.0147250925	0.0241072882	0.033130241	0.0015980456	0.0429453059	-0.003446044	-0.0556486733	0.0495404004	-0.0398516739	0.0272827311	-0.0127419724	-0.0641732	0.0088546	7.840394116000007e-05	0.0041181995982399	0.00448957	0.003866977	1.4953511118529002e-05	2.01562387849e-05	0.389205	-0.0049339999999999	0.151480532025	2.434435599999994e-05	0.00894378	-0.00018833	3.5468188900000165e-08	7.999120068840001e-05	-0.00412022	-0.0001423099999999	1.69762128484e-05	2.0252136099999904e-08	-0.00339763	0.0	0.0	1.15438896169e-05	0.0	0.0	0.0	0.0	0.0	0.0	0.0	0.0	0.0	0.0	0.0	0.0	0.0	0.0	0.0	0.0	0.0	0.0	0.0	0.0	0.0	0.0	0.0	0.0	0.0	0.0	0.0	0.0	0.0	0.0	0.0	0.0	0.0	0.0	0.0	0.0	0.0	0.0	0.0	0.0	0.0	0.0	0.0	0.0	0.0	0.0	0.0	0.0	0.0	0.0	0.0	0.0	0.0	0.0	0.0	0.0	0.0	0.0	0.0	0.0	0.0	0.0	0.0	0.0	0.0	0.0	0.0	0.0	0.0	0.0	0.0	0.0	0.0	0.0	0.0	0.0	0.0	0.0
36656.43204895045	-69.08834927711723	4773.200005836945	1343694010.559322	46940.0412377814	-268.6818257553314	72189.92349121824	2203367471.4046183	36873.74726530359	-138.87835716795962	19287.19808967136	1359673237.3854835	37756.6247912098	22935.51045685025	1.079574	39.248993	0.0881772299999999	0.0438477	0.0032514003	0.0001431283	-0.0200319316	0.0523644509	-0.0267685492	0.0094451821	-0.0613805591	-0.00983339	-0.0612797639	0.0027938985	0.0013734266	0.00173701	-0.0017738176	0.0149000954	-0.0171490112	0.0426906266	0.0453095094	0.0489876397	-0.0200458887	-0.0268701497	-0.0517765173	0.0141914875	-0.0327018754	0.0287919505	0.0351066705	0.0601607388	-0.0451417326	0.0620821604	0.0249059757	-0.0355066614	-0.0081910819	-0.040893485	0.131499621	-0.0449932896	-0.055728442	0.0498481654	-0.0405029358	0.0283423414	-0.014211667	-0.067341	-0.0031677999999999	1.003495683999999e-05	0.0045348102809999	0.0266885	0.02219893	0.0004927924931449	0.00071227603225	0.407022	0.0178169999999999	0.165666908484	0.0003174454889999	0.00859732	-0.0003464599999999	1.2003453159999989e-07	7.391391118240001e-05	-0.00411853	1.6900000000003718e-06	1.6962289360899995e-05	2.8561000000012564e-12	-0.00284591	0.0005517199999999	3.043949583999999e-07	8.099203728100001e-06	0.0	0.0	0.0	0.0	0.0	0.0	0.0	0.0	0.0	0.0	0.0	0.0	0.0	0.0	0.0	0.0	0.0	0.0	0.0	0.0	0.0	0.0	0.0	0.0	0.0	0.0	0.0	0.0	0.0	0.0	0.0	0.0	0.0	0.0	0.0	0.0	0.0	0.0	0.0	0.0	0.0	0.0	0.0	0.0	0.0	0.0	0.0	0.0	0.0	0.0	0.0	0.0	0.0	0.0	0.0	0.0	0.0	0.0	0.0	0.0	0.0	0.0	0.0	0.0	0.0	0.0	0.0	0.0	0.0	0.0	0.0	0.0	0.0	0.0	0.0	0.0	0.0	0.0
36845.07218342956	188.6401344791084	35585.1003362961	1357559344.2021348	47905.96931927577	965.9280814943704	933017.0586193952	2294981896.419391	37041.84964178423	168.10237648064503	28258.40897844052	1372098624.8845506	38027.42178111294	23225.64275603868	1.564233	56.869267	0.2031208999999999	0.113416	-7.87228e-05	0.0011399889	-0.0053300958	-0.0018672047	0.0017658215	-0.0453825619	-1.32488e-05	0.0016895736	0.000628307	0.0018212013	-0.0040231733	0.0035137074	0.0059841549	0.0131291216	-0.0091071301	0.0011439218	0.0144284864	-0.0101724374	0.0116142524	0.051937065	-0.0044412421	-0.0131124987	0.0051381998	-0.0368459992	0.0149680991	-0.0079921597	-0.006532697	-0.0077022913	-0.0540834077	0.0658862409	0.0076016275	0.020497601	-0.0276125662	0.0325108498	-0.0558066829	0.0501504639	-0.0411442041	0.0293895198	-0.0156716217	-0.0546772	0.0126637999999999	0.0001603718304399	0.00298959619984	-0.0787331	-0.1054216	0.01111371374656	0.00619890103561	0.388143	-0.0188789999999999	0.150654988449	0.0003564166409999	0.00924995	0.0006526299999999	4.259259168999994e-07	8.55615750025e-05	-0.0037414	0.0003771299999999	1.3998073960000002e-05	1.4222703689999958e-07	-0.00313928	-0.0002933699999999	8.60659568999999e-08	9.8550789184e-06	0.0	0.0	0.0	0.0	0.0	0.0	0.0	0.0	0.0	0.0	0.0	0.0	0.0	0.0	0.0	0.0	0.0	0.0	0.0	0.0	0.0	0.0	0.0	0.0	0.0	0.0	0.0	0.0	0.0	0.0	0.0	0.0	0.0	0.0	0.0	0.0	0.0	0.0	0.0	0.0	0.0	0.0	0.0	0.0	0.0	0.0	0.0	0.0	0.0	0.0	0.0	0.0	0.0	0.0	0.0	0.0	0.0	0.0	0.0	0.0	0.0	0.0	0.0	0.0	0.0	0.0	0.0	1.0	0.0	0.0	0.0	0.0	0.0	0.0	0.0	0.0	0.0	0.0
36811.09382433607	-33.978359093489416	1154.528886686115	1355056628.544073	47817.67350877518	-88.29581050058914	7796.150151955948	2286529899.79182	36891.09865182949	-150.750989954744	22725.86097233533	1360953159.7390156	37874.64731062682	23061.06822126502	0.94662	34.415314	0.0956275	0.0490841	0.0009400526	-0.0001368633	-0.0072611688	0.002877608	0.0008930968	-0.0396470884	-0.0007340613	0.0046873771	7.84919e-05	0.0043661109	-0.0048879718	0.0090847816	0.0006603758	0.0182113274	0.020369084	0.004972675	0.0145523743	0.000227247	-0.0083518268	0.0191596087	-0.0169206125	-0.0144517266	0.0060049904	-0.0271836356	0.0060580868	0.0519302011	0.0059381254	0.0508006717	0.0390667756	0.0395476311	0.0443350984	0.0142321721	0.0395810776	-0.0044250302	-0.0558833938	0.0504472628	-0.0417753207	0.030423807	-0.0171208358	-0.0416418	0.0130354	0.00016992165316	0.00173403950724	-0.0766099999999999	0.0021231000000001	4.507553610000424e-06	0.0058690920999999	0.369747	-0.018396	0.136712844009	0.000338412816	0.0083736799999999	-0.00087627	7.678491129001736e-07	7.011851674239834e-05	-0.00350108	0.00024032	1.22575611664e-05	5.775370240000001e-08	-0.00326415	-0.00012487	1.5592516900000006e-08	1.06546752225e-05	0.0	0.0	0.0	0.0	0.0	0.0	0.0	0.0	0.0	0.0	0.0	0.0	0.0	0.0	0.0	0.0	0.0	0.0	0.0	0.0	0.0	0.0	0.0	0.0	0.0	0.0	0.0	0.0	0.0	0.0	0.0	0.0	0.0	0.0	0.0	0.0	0.0	0.0	0.0	0.0	0.0	0.0	0.0	0.0	0.0	0.0	0.0	0.0	0.0	0.0	0.0	0.0	0.0	0.0	0.0	0.0	0.0	0.0	0.0	0.0	0.0	0.0	0.0	0.0	0.0	0.0	0.0	0.0	0.0	0.0	0.0	0.0	0.0	0.0	0.0	0.0	0.0	0.0
36998.979989075815	187.88616473974253	35301.210900609665	1368924520.2320323	49352.49219212826	1534.818683353078	2355668.3907696763	2435668485.574081	36902.02210282887	10.923450999383933	119.3217817359418	1361759235.2776706	38036.8042699196	23269.514060879148	1.306495	47.498936	0.1991148	0.119723	-0.0020934151	0.0002595461	0.0114654298	-0.0526084185	0.0023271636	0.0120785414	0.0555055776	0.0161793983	0.0577051287	0.0054391158	0.0031239997	0.0030059371	-0.0031746948	0.033480598	0.0079770079	-0.0120247704	-0.0018160543	-0.0137204278	-0.0049393868	0.077545064	-0.0031855399	-0.0414938612	0.0403639494	-0.0114273901	0.0435630517	0.129662658	0.012363686	0.0573040916	0.0172887696	0.0043456283	0.0051018207	0.0290844699	0.09139636	-0.0029749724	-0.0559585727	0.0507385297	-0.0423961298	0.0314447493	-0.0185583162	-0.0465909	-0.0049490999999999	2.449359080999998e-05	0.0021707119628099	-0.0635763	0.0130336999999998	0.0001698773356899	0.00404194592169	0.267194	-0.102553	0.071392633636	0.010517117809	0.00908394	0.00071026	5.044692676001415e-07	8.251796592360001e-05	-0.00289242	0.00060866	8.3660934564e-06	3.7046699560000004e-07	-0.00351681	-0.00025266	6.383707560000002e-08	1.23679525761e-05	0.0	0.0	0.0	0.0	0.0	0.0	0.0	0.0	0.0	0.0	0.0	0.0	0.0	0.0	0.0	0.0	0.0	0.0	0.0	0.0	0.0	0.0	0.0	0.0	0.0	0.0	0.0	0.0	0.0	0.0	0.0	0.0	0.0	0.0	0.0	0.0	0.0	0.0	0.0	0.0	0.0	0.0	0.0	0.0	0.0	0.0	0.0	0.0	0.0	0.0	0.0	0.0	0.0	0.0	0.0	0.0	0.0	0.0	0.0	0.0	0.0	0.0	0.0	0.0	0.0	0.0	0.0	0.0	0.0	0.0	0.0	0.0	0.0	0.0	0.0	0.0	0.0	0.0
37100.95539257555	101.9754034997386	10398.9829189345	1376480891.041881	47595.46294153584	-1757.029250592415	3087151.7874373444	2265328092.6191115	37233.12988066974	331.1077778408653	109632.36054671582	1386305960.7108216	38161.47124611659	23374.00182615837	1.661564	60.407845	0.3290173999999999	0.174201	0.0004293173	0.0054472958	0.0036070174	0.01427439	-0.0179945838	-0.0260061618	-0.0158546904	-0.0068282116	-0.0169669599	-0.0030200204	-0.0024325523	-0.0111566046	0.00937248	0.0246657903	0.0040276857	0.0502675961	0.0116356082	0.0175412136	-0.023542086	0.0912597878	-0.0093709628	-0.0218788379	-0.018203169	-0.0252676719	0.0346966148	0.0385971805	-0.0452513353	-0.0608057813	-0.0298249451	-0.0055721918	-0.0071489397	0.083219683	0.0558763526	0.0745065438	-0.0560322174	0.0510242324	-0.0430064784	0.032451899	-0.0199830776	-0.0574121	-0.0108212	0.00011709836944	0.00329614922641	-0.110491	-0.0469147	0.00220098907609	0.012208261081	0.35777	0.0905759999999999	0.1279993729	0.0082040117759999	0.0121533	0.00306936	9.4209708096e-06	0.00014770270089	-0.0033427	-0.0004502799999999	1.117364329e-05	2.027520784e-07	-0.00361128	-9.447000000000014e-05	8.924580900000027e-09	1.30413432384e-05	0.0	0.0	0.0	0.0	0.0	0.0	0.0	0.0	0.0	0.0	0.0	0.0	0.0	0.0	0.0	0.0	0.0	0.0	0.0	0.0	0.0	0.0	0.0	0.0	0.0	0.0	0.0	0.0	0.0	0.0	0.0	0.0	0.0	0.0	0.0	0.0	0.0	0.0	0.0	0.0	0.0	0.0	0.0	0.0	0.0	0.0	0.0	0.0	0.0	0.0	0.0	0.0	0.0	0.0	0.0	0.0	0.0	0.0	0.0	0.0	0.0	0.0	0.0	0.0	0.0	0.0	0.0	0.0	1.0	0.0	0.0	0.0	0.0	0.0	0.0	0.0	0.0	0.0
37058.18533876037	-42.77005381518393	1829.2775033537291	1373309100.601914	47696.13980348416	100.67686194831911	10135.830531760908	2274921752.1535063	37021.59148671061	-211.53839395912652	44748.49211880663	1370598236.2088835	37993.76141150402	23491.69369705221	0.8872729999999999	32.257687	0.2298693999999999	0.115145	0.0009689205	0.0057340707	-0.0021728571	0.0105967085	0.0001252872	-0.0230893945	-0.0166979376	-0.0044230462	-0.0159343416	-0.0009136992	-0.0025883722	-0.0120995749	0.0001923269	0.036032792	0.0122705644	0.0725697513	-0.0112310204	0.0261445181	-0.0215430667	0.1062271044	-0.0082573405	-0.0255276965	-0.0072273531	-0.0251798158	0.0192089184	0.0831456486	-0.0602110951	-0.06392934	0.0059780546	0.0062725607	0.0474709492	0.0828900302	0.0377638428	-0.0009058039	-0.0561043259	0.0513043398	-0.0436062158	0.0334448141	-0.0213941436	-0.0725525	-0.0151404	0.00022923171216	0.00526386525625	-0.127834	-0.0173429999999999	0.0003007796489999	0.016341531556	0.317208	-0.0405619999999999	0.100620915264	0.0016452758439999	0.0119111	-0.0002421999999999	5.866083999999987e-08	0.00014187430321	-0.00495285	-0.0016101499999999	2.45307231225e-05	2.5925830225e-06	-0.00489541	-0.00128413	1.6489898569000003e-06	2.39650390681e-05	0.0	0.0	0.0	0.0	0.0	0.0	0.0	0.0	0.0	0.0	0.0	0.0	0.0	0.0	0.0	0.0	0.0	0.0	0.0	0.0	0.0	0.0	0.0	0.0	0.0	0.0	0.0	0.0	0.0	0.0	0.0	0.0	0.0	0.0	0.0	0.0	0.0	0.0	0.0	0.0	0.0	0.0	0.0	0.0	0.0	0.0	0.0	0.0	0.0	0.0	0.0	0.0	0.0	0.0	0.0	0.0	0.0	0.0	0.0	0.0	0.0	0.0	0.0	0.0	0.0	0.0	0.0	0.0	0.0	0.0	0.0	0.0	0.0	0.0	0.0	0.0	0.0	0.0
37322.058242073865	263.87290331349504	69628.9091030931	1392936031.4247537	48042.40049013255	346.2606866483912	119896.46311821532	2308072244.8542886	37211.43678860395	189.845301893336	36041.238650971885	1384691027.8722672	38192.80783602887	23864.26014821328	1.08186	39.332096	0.6882668	0.328075	0.0017853507	0.0085786921	0.0044178404	0.0135704198	-0.0215430081	0.0311666434	-0.0223017624	-0.0042752656	-0.0218772129	0.0009245691	0.0033065135	-0.0460366127	0.0087625744	0.0021812281	0.0089862834	0.1235124251	-0.0602027542	0.0512907613	-0.0311298102	0.0701632909	-0.0233543179	0.0043484191	-0.0025444361	-0.0409258215	0.0047443558	0.0951860335	-0.1118270275	-0.1124624286	0.0433787664	-0.0806912114	-0.0419329545	0.121911774	0.0572235169	0.0530688168	-0.0561748964	0.0515788212	-0.0441951939	0.0344230592	-0.0227905472	-0.0716978	0.0008546999999999	7.305120899999998e-07	0.00514057452484	-0.0782244	0.0496096	0.00246111241216	0.00611905675536	0.517133	0.1999249999999999	0.2674265396889999	0.0399700056249999	0.0164236	0.0045124999999999	2.0362656249999996e-05	0.00026973463696	-0.0076502	-0.00269735	5.852556004e-05	7.275697022500001e-06	-0.00644311	-0.0015477	2.39537529e-06	4.15136664721e-05	0.0	0.0	0.0	0.0	0.0	0.0	0.0	0.0	0.0	0.0	0.0	0.0	0.0	0.0	0.0	0.0	0.0	0.0	0.0	0.0	0.0	0.0	0.0	0.0	0.0	0.0	0.0	0.0	0.0	0.0	0.0	0.0	0.0	0.0	0.0	0.0	0.0	0.0	0.0	0.0	0.0	0.0	0.0	0.0	0.0	0.0	0.0	0.0	0.0	0.0	0.0	0.0	0.0	0.0	0.0	0.0	0.0	0.0	0.0	0.0	0.0	0.0	0.0	0.0	0.0	0.0	0.0	0.0	0.0	1.0	0.0	0.0	0.0	0.0	0.0	0.0	0.0	0.0
37195.44064297498	-126.61759909888497	16032.016401565956	1383500804.6250749	48094.33381428651	51.933324153957074	2697.070157679981	2313064945.040023	37277.48276096664	66.04597236269183	4362.070465333452	1389610720.994165	38247.8071125731	23763.94130292077	1.078738	39.21862	0.6235706000000001	0.269552	0.0001094521	0.003097885	0.0061908873	0.0114522594	-0.0094819696	0.0009458554	-0.021866662	-0.0097897443	-0.021859295	-0.0039529988	-0.0009308478	-0.0617015662	0.0115404141	-0.0220264519	-0.0077330485	0.0771529553	-0.0576658843	0.056331939	-0.0454296294	0.0185061615	0.0119210048	-0.0215754659	-0.01533883	-0.051876901	0.011901752	0.0417232791	-0.0654936778	-0.093477997	-0.0294909197	0.0484604589	-0.0185379816	0.1316674385	0.008827391	0.0709594268	-0.0562439267	0.0518476463	-0.0447732676	0.0353862052	-0.0241713312	-0.0284438	0.043254	0.001870908516	0.00080904975844	-0.149699	-0.0714746	0.00510861844516	0.022409790601	0.640545	0.123412	0.410297897025	0.015230521744	0.0184252	0.0020015999999999	4.006402559999997e-06	0.0003394879950399	-0.00515	0.0025002	2.65225e-05	6.251000040000001e-06	-0.00323631	0.0032068	1.028356624e-05	1.04737024161e-05	0.0	0.0	0.0	0.0	0.0	0.0	0.0	0.0	0.0	0.0	0.0	0.0	0.0	0.0	0.0	0.0	0.0	0.0	0.0	0.0	0.0	0.0	0.0	0.0	0.0	0.0	0.0	0.0	0.0	0.0	0.0	0.0	0.0	0.0	0.0	0.0	0.0	0.0	0.0	0.0	0.0	0.0	0.0	0.0	0.0	0.0	0.0	0.0	0.0	0.0	0.0	0.0	0.0	0.0	0.0	0.0	0.0	0.0	0.0	0.0	0.0	0.0	0.0	0.0	0.0	0.0	0.0	0.0	0.0	0.0	1.0	0.0	0.0	0.0	0.0	0.0	0.0	0.0
37049.20637797536	-146.2342649996208	21384.46025997932	1372643693.23781	47485.0027989392	-609.331015347314	371284.2862641885	2254825490.8152637	37264.39538353247	-13.087377434167138	171.2794481043472	1388635163.3002362	38204.90469823648	23652.61871228145	1.002245	36.437634	0.4086842	0.192481	0.0005359183	0.0060046651	0.0021675345	0.0242351154	-0.0124024838	-0.0080048853	-0.0203830564	-0.0093136359	-0.0221453087	-0.0051479009	-0.0016120131	-0.0327348277	0.0146946417	-0.0191307294	0.0002187903	0.052915653	-0.0198109477	0.0375755025	-0.0315089506	0.0312668293	0.0051039744	-0.028817232	-0.0265427757	-0.0210029861	0.0185685819	0.0004769361	-0.0478978497	-0.0289919004	0.0277436796	0.0011189651	0.0209577703	0.1324242298	-0.0185160361	0.0654424874	-0.0563114151	0.0521107857	-0.0453402941	0.0363338297	-0.0255355494	-0.0385299	-0.0100860999999999	0.0001017294132099	0.00148455319401	-0.0884434	0.0612555999999999	0.0037522485313599	0.00782223500356	0.547727	-0.092818	0.3000048665289999	0.008615181124	0.0152154	-0.0032097999999999	1.0302816039999992e-05	0.00023150839716	-0.00413913	0.0010108699999999	1.7132397156900003e-05	1.0218581568999991e-06	-0.00256649	0.00066982	4.486588324000003e-07	6.586870920099999e-06	0.0	0.0	0.0	0.0	0.0	0.0	0.0	0.0	0.0	0.0	0.0	0.0	0.0	0.0	0.0	0.0	0.0	0.0	0.0	0.0	0.0	0.0	0.0	0.0	0.0	0.0	0.0	0.0	0.0	0.0	0.0	0.0	0.0	0.0	0.0	0.0	0.0	0.0	0.0	0.0	0.0	0.0	0.0	0.0	0.0	0.0	0.0	0.0	0.0	0.0	0.0	0.0	0.0	0.0	0.0	0.0	0.0	0.0	0.0	0.0	0.0	0.0	0.0	0.0	0.0	0.0	0.0	0.0	0.0	0.0	0.0	0.0	0.0	0.0	0.0	0.0	0.0	0.0
37050.82443426593	1.6180562905719853	2.618106159459573	1372763591.2587974	47754.1329791173	269.130180178101	72431.0538826971	2280457216.5872183	37274.924238731226	10.528855198754172	110.85679179633276	1389419977.0031526	38212.60762975146	23470.71723669957	1.06857	38.848953	0.5370747	0.276577	0.0015382557	0.0059351433	-0.0037515083	0.021473505	-0.0086773821	0.0194952953	-0.0268618557	-0.0113717795	-0.0272583583	-0.0051951041	-0.0043111059	-0.0111569351	0.0086739302	0.0025593284	0.0015252545	0.0346769318	0.014502011	0.0217135111	-0.0158416873	0.0474429706	-0.0099159857	-0.0088802422	-0.0086979195	0.026842108	0.0440317121	0.0071072715	-0.0458114946	-0.034041099	-0.0121636624	-0.0113664886	-0.0283285352	0.0397632156	0.0106436251	0.0325341876	-0.0563773597	0.0523682106	-0.0458961336	0.037265517	-0.0268822669	-0.0492944	-0.0107645	0.00011587446025	0.00242993787136	0.0264383	0.1148817	0.01319780499489	0.00069898370689	0.389389	-0.1583379999999999	0.1516237933209999	0.0250709222439999	0.0107591	-0.0044563	1.985860969e-05	0.00011575823281	-0.00368899	0.00045014	1.36086472201e-05	2.026260196000003e-07	-0.00272186	-0.00015537	2.4139836900000052e-08	7.4085218596e-06	0.0	0.0	0.0	0.0	0.0	0.0	0.0	0.0	0.0	0.0	0.0	0.0	0.0	0.0	0.0	0.0	0.0	0.0	0.0	0.0	0.0	0.0	0.0	0.0	0.0	0.0	0.0	0.0	0.0	0.0	0.0	0.0	0.0	0.0	0.0	0.0	0.0	0.0	0.0	0.0	0.0	0.0	0.0	0.0	0.0	0.0	0.0	0.0	0.0	0.0	0.0	0.0	0.0	0.0	0.0	0.0	0.0	0.0	0.0	0.0	0.0	0.0	0.0	0.0	0.0	0.0	0.0	0.0	0.0	0.0	0.0	1.0	0.0	0.0	0.0	0.0	0.0	0.0
37260.00187294878	209.17743868284745	43755.2008539164	1388307739.5721464	47890.11942873408	135.98644961677928	18492.31447937685	2293463538.898413	37025.766898334645	-249.15734039658128	62079.380273497874	1370907414.4098134	38001.9029431652	23769.21908489137	1.509724	54.887516	0.8784284	0.581357	0.000603476	0.0051559217	0.0104043743	0.0085418977	-0.0133021226	-0.0157664147	-0.0125215362	-0.0062473982	-0.0132847371	-0.0032357946	0.0066555333	-0.0707932713	0.0010928616	0.0119845424	0.0184134204	0.1049365454	-0.0755382091	0.0457263753	-0.0634381603	0.1158995376	-0.046447499	0.0068675814	-0.0153750255	-0.001207827	0.0131605193	0.1742970589	-0.080716017	-0.2046676155	0.0149250293	-0.094997206	0.0874703859	0.052096712	-0.0096693874	-0.0225618608	-0.0564417587	0.0526198927	-0.046440649	0.0381808583	-0.0282105605	-0.0323894	0.016905	0.000285779025	0.00104907323236	-0.0545781	-0.0810164	0.00656365706896	0.00297876899961	0.486586	0.097197	0.236765935396	0.009447256809	0.0219634	0.0112043	0.00012553633849	0.00048239093956	-0.00604746	-0.00235847	3.6571772451600005e-05	5.562380740900001e-06	-0.00261843	0.0001034299999999	1.0697764899999969e-08	6.856175664900001e-06	0.0	0.0	0.0	0.0	0.0	0.0	0.0	0.0	0.0	0.0	0.0	0.0	0.0	0.0	0.0	0.0	0.0	0.0	0.0	0.0	0.0	0.0	0.0	0.0	0.0	0.0	0.0	0.0	0.0	0.0	0.0	0.0	0.0	0.0	0.0	0.0	0.0	0.0	0.0	0.0	0.0	0.0	0.0	0.0	0.0	0.0	0.0	0.0	0.0	0.0	0.0	0.0	0.0	0.0	0.0	0.0	0.0	0.0	0.0	0.0	0.0	0.0	0.0	0.0	0.0	0.0	0.0	0.0	0.0	0.0	0.0	0.0	1.0	0.0	0.0	0.0	0.0	0.0
37317.15212482817	57.15025187939318	3266.151289878084	1392569842.7075677	47887.14699464048	-2.97243409359362	8.835364440757724	2293178847.286305	37210.24081024153	184.4739119068836	34030.624174228644	1384602021.1561642	38155.14095874452	23838.560872902348	1.535085	55.80954	0.7044221	0.354279	0.0012938286	0.0042678197	0.0082890951	0.0160279843	-0.025145224	-0.007568022	-0.0250786988	-0.0112804803	-0.0252612798	-0.0052015737	0.0064528465	-0.1035146496	0.0017838663	-0.0052043925	-0.0003411788	0.0820586755	-0.1555433125	0.1362016701	-0.0726977902	0.0093400869	-0.0294516855	0.0719368041	0.003738231	-0.0800957007	-0.0815789383	0.0502963376	-0.0748028739	-0.0693232215	0.0336661688	-0.0397161831	-0.0094459184	0.1197060977	0.0485245673	0.076911029	-0.0565046103	0.0528658045	-0.0469737057	0.0390794523	-0.0295195201	0.0152835	0.0476729	0.0022727053944099	0.00023358537225	0.0956906	0.1502687	0.02258068219969	0.00915669092836	0.7508679999999999	0.2642819999999998	0.5638027534239998	0.0698449755239999	0.0258839	0.0039205	1.537032025e-05	0.00066997627921	-0.00696225	-0.0009147899999999	4.84729250625e-05	8.368407440999991e-07	-0.00260975	8.68000000000006e-06	7.534240000000103e-11	6.8107950625e-06	0.0	0.0	0.0	0.0	0.0	0.0	0.0	0.0	0.0	0.0	0.0	0.0	0.0	0.0	0.0	0.0	0.0	0.0	0.0	0.0	0.0	0.0	0.0	0.0	0.0	0.0	0.0	0.0	0.0	0.0	0.0	0.0	0.0	0.0	0.0	0.0	0.0	0.0	0.0	0.0	0.0	0.0	0.0	0.0	0.0	0.0	0.0	0.0	0.0	0.0	0.0	0.0	0.0	0.0	0.0	0.0	0.0	0.0	0.0	0.0	0.0	0.0	0.0	0.0	0.0	0.0	0.0	0.0	0.0	0.0	0.0	0.0	0.0	1.0	0.0	0.0	0.0	0.0
37169.01809510269	-148.1340297254792	21943.690762709157	1381535906.154071	47499.57362980413	-387.573364836353	150213.11313057278	2256209495.013184	37235.49719244977	25.25638220824476	637.8848422489424	1386482251.1689348	38155.77069707146	23547.21261837275	1.375903	50.022343	0.9061192	0.618101	6.21798e-05	0.0037282894	0.007605016	0.0206063569	-0.0124702334	-0.0291313758	-0.0215479356	-0.0087122433	-0.0221783995	-0.0034334375	3.56375e-05	-0.0496595689	0.0137810753	-0.0633530179	-0.0191862403	0.0444618737	-0.05282571	0.0521545038	-0.0318404051	-0.1090300333	0.0313311603	-0.0170257429	-0.0122962706	-0.0622826748	-0.0805283139	-0.0586222788	-0.0042253248	-0.0539498032	-0.0331027799	0.0140891063	-0.0360255858	0.0234940777	0.0087895492	0.0929769765	-0.0565659128	0.0531059189	-0.0474951725	0.0399609048	-0.0308082484	0.0637292	0.0484457	0.00234698584849	0.00406141093264	-0.0662514	-0.161942	0.026225211364	0.00438924800196	0.7985139999999998	0.0476459999999999	0.6376246081959998	0.0022701413159999	0.0147837	-0.0111002	0.00012321444004	0.00021855778569	-0.00650866	0.0004535899999999	4.2362654995600006e-05	2.0574388809999945e-07	-0.00120183	0.00140792	1.9822387264e-06	1.4443953489000002e-06	0.0	0.0	0.0	0.0	0.0	0.0	0.0	0.0	0.0	0.0	0.0	0.0	0.0	0.0	0.0	0.0	0.0	0.0	0.0	0.0	0.0	0.0	0.0	0.0	0.0	0.0	0.0	0.0	0.0	0.0	0.0	0.0	0.0	0.0	0.0	0.0	0.0	0.0	0.0	0.0	0.0	0.0	0.0	0.0	0.0	0.0	0.0	0.0	0.0	0.0	0.0	0.0	0.0	0.0	0.0	0.0	0.0	0.0	0.0	0.0	0.0	0.0	0.0	0.0	0.0	0.0	0.0	0.0	0.0	0.0	0.0	0.0	0.0	0.0	1.0	0.0	0.0	0.0
36932.98585888007	-236.0322362226216	55711.21653625144	1364045444.4522352	47309.69809986856	-189.8755299355689	36052.71686831313	2238207534.300707	37144.63845599201	-90.85873645776157	8255.309990700967	1379724166.0263605	38069.806846331325	23622.183664324537	1.049251	38.146557	0.3555762	0.215366	0.0002494922	0.0041034297	0.0025703387	0.0232575871	0.0086165882	-0.025184305	-0.0140241816	-0.0035578341	-0.015113756	-0.0012024706	-0.0022358276	-0.0329960105	0.0147223947	-0.0783023563	-0.0231434161	-0.005065746	-0.0408717862	0.014060412	-0.0031924465	-0.1229220562	0.0036976501	-0.0292730269	-0.0244669572	-0.0259259226	-0.0452301726	-0.0119743878	0.0336408286	0.0115148071	-0.0197234152	-0.0177275712	0.049959915	-0.013087069	-0.073212369	-0.0276714129	-0.0566256646	0.0533402097	-0.0480049204	0.040824829	-0.0320758624	0.0567627	-0.0069665	4.853212225000001e-05	0.00322200411129	0.0888608	0.1551122	0.02405979458884	0.00789624177664	0.786748	-0.0117659999999998	0.618972415504	0.0001384387559999	0.0116721	-0.0031116	9.682054560000005e-06	0.0001362379184099	-0.00613195	0.00037671	3.76008108025e-05	1.4191042410000045e-07	-0.00134815	-0.0001463199999999	2.140954239999997e-08	1.8175084225e-06	0.0	0.0	0.0	0.0	0.0	0.0	0.0	0.0	0.0	0.0	0.0	0.0	0.0	0.0	0.0	0.0	0.0	0.0	0.0	0.0	0.0	0.0	0.0	0.0	0.0	0.0	0.0	0.0	0.0	0.0	0.0	0.0	0.0	0.0	0.0	0.0	0.0	0.0	0.0	0.0	0.0	0.0	0.0	0.0	0.0	0.0	0.0	0.0	0.0	0.0	0.0	0.0	0.0	0.0	0.0	0.0	0.0	0.0	0.0	0.0	0.0	0.0	0.0	0.0	0.0	0.0	0.0	0.0	0.0	0.0	0.0	0.0	0.0	0.0	0.0	0.0	0.0	0.0
36978.37607769131	45.39021881124063	2060.2719637323025	1367400297.343173	48434.68673865151	1124.9886387829465	1265599.437390707	2345918879.4713044	37104.34928635405	-40.28916963795928	1623.2171901162596	1376732735.9637623	38131.14196408991	23332.896196674013	1.039336	37.786098	0.3564256	0.18935	-0.0008370763	0.0044057273	0.0089051469	-0.0142097159	0.0024417387	0.022688079	0.0202841792	0.0050081443	0.0202039319	0.0016121747	-0.0007055394	-0.010006554	0.0066588864	-0.0605614472	-0.0014596234	-0.0203383216	-0.0303639098	-0.0145435461	0.0159299203	-0.0690899179	-0.0065750514	-0.0160025785	0.00513786	0.0056003826	-0.0148765922	-0.0351524317	0.0324354525	0.0112850837	-0.0236709122	-0.0640856268	-0.0426384026	-0.020259432	-0.0405957574	-0.0087057303	-0.0566838639	0.0535686511	-0.0485028239	0.0416708462	-0.0333214931	0.0287108	-0.0280518999999999	0.0007869090936099	0.00082431003664	0.0663676	-0.0224932	0.00050594404624	0.00440465832976	0.621054	-0.165694	0.385708070916	0.027454501636	0.0096782	-0.0019939	3.97563721e-06	9.366755524e-05	-0.00540829	0.00072366	2.9249600724099995e-05	5.236837956000002e-07	-0.00143432	-8.617e-05	7.425268899999999e-09	2.0572738624e-06	0.0	0.0	0.0	0.0	0.0	0.0	0.0	0.0	0.0	0.0	0.0	0.0	0.0	0.0	0.0	0.0	0.0	0.0	0.0	0.0	0.0	0.0	0.0	0.0	0.0	0.0	0.0	0.0	0.0	0.0	0.0	0.0	0.0	0.0	0.0	0.0	0.0	0.0	0.0	0.0	0.0	0.0	0.0	0.0	0.0	0.0	0.0	0.0	0.0	0.0	0.0	0.0	0.0	0.0	0.0	0.0	0.0	0.0	0.0	0.0	0.0	0.0	0.0	0.0	0.0	0.0	0.0	0.0	0.0	0.0	0.0	0.0	0.0	0.0	0.0	0.0	0.0	0.0
36791.65099367376	-186.7250840175548	34866.25700136289	1353625582.840295	48088.38830161434	-346.2984370371705	119922.60749438716	2312493089.446839	36880.43414176066	-223.9151445933894	50137.991978278485	1360166422.4847455	37903.4785546875	23339.472429373123	0.877127	31.888845	0.0960863	0.0517496	-0.0018985256	-0.0005056006	0.0051562503	-0.0159444212	0.0173146644	-0.0291627243	0.0213541966	0.008174749	0.0222293988	0.0038669127	-0.0007792858	-0.0055076021	0.0084777189	-0.0575946948	-0.0063986575	-0.0279510863	-0.0255053965	-0.0229785391	0.0135058655	-0.0806270162	-0.0081982218	-0.003690541	0.008184205	-0.0042064154	-0.033851892	0.0111257122	0.0430654285	-0.0264093194	-0.0356188467	-0.0038209746	0.0247025977	-0.0402998079	-0.0364470691	-0.0545221996	-0.0567405092	0.0537912181	-0.0489887601	0.0424985851	-0.0345442869	0.0331878	0.004477	2.004352900000001e-05	0.00110143006884	0.0808939	0.0145263	0.00021101339169	0.00654382305721	0.613373	-0.007681	0.3762264371289999	5.899776100000075e-05	0.00874773	-0.0009304699999999	8.657744208999985e-07	7.65227801529e-05	-0.00556577	-0.00015748	3.09777956929e-05	2.4799950400000203e-08	-0.00113423	0.00030009	9.005400810000003e-08	1.2864776929e-06	0.0	0.0	0.0	0.0	0.0	0.0	0.0	0.0	0.0	0.0	0.0	0.0	0.0	0.0	0.0	0.0	0.0	0.0	0.0	0.0	0.0	0.0	0.0	0.0	0.0	0.0	0.0	0.0	0.0	0.0	0.0	0.0	0.0	0.0	0.0	0.0	0.0	0.0	0.0	0.0	0.0	0.0	0.0	0.0	0.0	0.0	0.0	0.0	0.0	0.0	0.0	0.0	0.0	0.0	0.0	0.0	0.0	0.0	0.0	0.0	0.0	0.0	0.0	0.0	0.0	0.0	0.0	0.0	0.0	0.0	0.0	0.0	0.0	0.0	0.0	0.0	0.0	0.0
36831.62392629877	39.972932625016256	1597.835342644089	1356568521.0483043	49317.34416191499	1228.9558603006517	1510332.506567315	2432200435.1847706	36763.99528164427	-116.43886011639552	13558.008145205522	1351591349.068762	37899.37528120431	23131.299978422427	1.104002	40.137085	0.1585156	0.0665702	-0.0041640822	-0.0014826742	0.018697781	-0.055568964	0.0202198602	0.018262103	0.0683093171	0.0233556113	0.0702925547	0.0099100227	0.0095383547	-0.0080256027	-0.0057629317	-0.0641757559	-0.0004661639	-0.0364159892	-0.0542582136	-0.0359434528	0.0248707898	-0.0571260695	0.0001840766	-0.0215352256	0.0217808897	-0.01849327	-0.0265393179	-0.0033803295	0.049624302	0.0304594391	0.0376311872	-0.0898652158	-0.0328977208	-0.0249368961	-0.0277335333	-0.0182499926	-0.0567955989	0.0540078863	-0.049462609	0.0433076828	-0.0357434058	0.0612467	0.0280588999999999	0.0007873018692099	0.00375115826089	0.0377677	-0.0431262	0.00185986912644	0.00142639916329	0.628544	0.015171	0.395067559936	0.000230159241	0.00949004	0.0007423099999999	5.510241360999992e-07	9.006085920159999e-05	-0.00582281	-0.00025704	3.39051162961e-05	6.606956160000004e-08	-0.00157807	-0.00044384	1.9699394560000006e-07	2.4903049249e-06	0.0	0.0	0.0	0.0	0.0	0.0	0.0	0.0	0.0	0.0	0.0	0.0	0.0	0.0	0.0	0.0	0.0	0.0	0.0	0.0	0.0	0.0	0.0	0.0	0.0	0.0	0.0	0.0	0.0	0.0	0.0	0.0	0.0	0.0	0.0	0.0	0.0	0.0	0.0	0.0	0.0	0.0	0.0	0.0	0.0	0.0	0.0	0.0	0.0	0.0	0.0	0.0	0.0	0.0	0.0	0.0	0.0	0.0	0.0	0.0	0.0	0.0	0.0	0.0	0.0	0.0	0.0	0.0	0.0	0.0	0.0	0.0	0.0	0.0	0.0	0.0	0.0	0.0
36772.47808475818	-59.14584154059412	3498.230571545069	1352215144.4940205	47090.1401644883	-2227.203997426688	4960437.646153419	2217481300.7111545	36973.82271506874	209.82743342447063	44027.551817500665	1367063566.165333	37885.92341305738	23433.9381498598	1.538843	55.946182	0.1791323	0.111877	-0.0002249349	0.0034460099	0.0045591268	0.0248594888	0.0048613661	-0.0353412894	-0.00880903	-0.0007194086	-0.0101158476	0.0006908387	-0.0034120207	-0.0163690055	0.0213616739	-0.0555243252	-0.0339994213	-0.0135407116	-0.0156068909	0.0112529159	0.0070555113	-0.0799721135	-0.0304362139	-0.0053583304	-0.0193686103	0.0185086352	-0.024765296	-0.0238360496	0.0207585661	-0.0381260726	-0.0696925593	-0.0378715406	0.0178761118	-0.0055145838	-0.0214928011	-0.0281518535	-0.0568491315	0.0542186319	-0.0499242538	0.0440977843	-0.036918028	0.0597267	-0.00152	2.3104000000000016e-06	0.00356727869289	0.129039	0.0912712999999999	0.0083304502036899	0.0166510635209999	0.636511	0.007967	0.405146253121	6.347308900000091e-05	0.0105308	0.00104076	1.0831813776e-06	0.00011089774864	-0.00529609	0.00052672	2.80485692881e-05	2.7743395840000054e-07	-0.00157807	0.0	0.0	2.4903049249e-06	0.0	0.0	0.0	0.0	0.0	0.0	0.0	0.0	0.0	0.0	0.0	0.0	0.0	0.0	0.0	0.0	0.0	0.0	0.0	0.0	0.0	0.0	0.0	0.0	0.0	0.0	0.0	0.0	0.0	0.0	0.0	0.0	0.0	0.0	0.0	0.0	0.0	0.0	0.0	0.0	0.0	0.0	0.0	0.0	0.0	0.0	0.0	0.0	0.0	0.0	0.0	0.0	0.0	0.0	0.0	0.0	0.0	0.0	0.0	0.0	0.0	0.0	0.0	0.0	0.0	0.0	0.0	0.0	0.0	0.0	0.0	0.0	0.0	0.0	0.0	1.0	0.0	0.0
36823.37710928488	50.89902452669776	2590.71069776938	1355961101.7326057	47882.96920472637	792.8290402380662	628577.8870448133	2292778739.8607736	36918.54015637856	-55.28255869017448	3056.161295332586	1362978607.2781365	37921.68050575658	23266.744859877464	0.8462389999999999	30.765856	0.2093722999999999	0.115463	-0.0004008948	0.0033258258	-0.0001121329	0.0073173111	0.0058885036	-0.0011794902	-0.0015124494	0.0039590985	-0.0010367902	0.0039296588	-0.0041811754	-0.0080611469	0.0092035101	-0.0469145104	-7.26971e-05	-0.0067835599	-0.0051171625	0.0007228552	0.0005617527	-0.0488585326	-0.0185288053	-0.0134051701	-0.0008692914	0.0091602638	-0.0280443197	0.0074424677	0.0328334127	0.0134979049	0.0476884983	-0.0310853678	0.0215385754	0.00913221	-0.0434211058	-0.0323189801	-0.0569011056	0.0544234319	-0.0503735805	0.044868543	-0.0380673484	0.046792	-0.0129347	0.00016730646409	0.002189491264	0.0468204	-0.0822185999999999	0.0067598981859599	0.0021921498561599	0.558552	-0.077959	0.311980336704	0.006077605681	0.0101737	-0.0003570999999999	1.2752040999999936e-07	0.00010350417169	-0.00515056	0.0001455299999999	2.6528268313600004e-05	2.117898089999989e-08	-0.00180064	-0.00022257	4.9537404900000034e-08	3.2423044096e-06	0.0	0.0	0.0	0.0	0.0	0.0	0.0	0.0	0.0	0.0	0.0	0.0	0.0	0.0	0.0	0.0	0.0	0.0	0.0	0.0	0.0	0.0	0.0	0.0	0.0	0.0	0.0	0.0	0.0	0.0	0.0	0.0	0.0	0.0	0.0	0.0	0.0	0.0	0.0	0.0	0.0	0.0	0.0	0.0	0.0	0.0	0.0	0.0	0.0	0.0	0.0	0.0	0.0	0.0	0.0	0.0	0.0	0.0	0.0	0.0	0.0	0.0	0.0	0.0	0.0	0.0	0.0	0.0	0.0	0.0	0.0	0.0	0.0	0.0	0.0	0.0	0.0	0.0
36885.23885198354	61.86174269866024	3826.8752097152433	1360520845.1678758	47542.93595416173	-340.03325056463655	115622.6114895529	2260330759.1415243	36997.06786279056	78.52770641199459	6166.600674328416	1368783030.44393	37948.786375182746	23432.8020871322	0.822636	29.907772	0.0909847	0.0436063	0.0002653315	0.0045006037	0.003494194	0.0144624995	-0.0099139278	-0.0188587622	-0.0093201383	-0.0015316839	-0.0102045005	0.0007701618	-0.0038348674	-0.0033282758	0.0150492471	-0.0359116715	-0.0184037659	0.0017185307	-0.0024999326	0.004974451	0.0054563977	-0.0328205041	-0.0245704118	-0.0071148688	-0.0096090449	0.006667775	-0.0234037946	-0.0234973273	-0.0008640164	-0.0440385733	-0.0269553619	-0.024058935	-0.0087856632	-0.0163073608	-0.0110620156	-0.0029751198	-0.0569515197	0.0546222637	-0.0508104782	0.0456196209	-0.0391905793	0.0284692	-0.0183228	0.00033572499984	0.00081049534864	0.017843	-0.0289773999999999	0.0008396897107599	0.000318372649	0.535166	-0.023386	0.286402647556	0.000546904996	0.0101737	0.0	0.0	0.00010350417169	-0.00496716	0.0001834	2.46726784656e-05	3.363556000000008e-08	-0.00157807	0.00022257	4.9537404900000034e-08	2.4903049249e-06	0.0	0.0	0.0	0.0	0.0	0.0	0.0	0.0	0.0	0.0	0.0	0.0	0.0	0.0	0.0	0.0	0.0	0.0	0.0	0.0	0.0	0.0	0.0	0.0	0.0	0.0	0.0	0.0	0.0	0.0	0.0	0.0	0.0	0.0	0.0	0.0	0.0	0.0	0.0	0.0	0.0	0.0	0.0	0.0	0.0	0.0	0.0	0.0	0.0	0.0	0.0	0.0	0.0	0.0	0.0	0.0	0.0	0.0	0.0	0.0	0.0	0.0	0.0	0.0	0.0	0.0	0.0	0.0	0.0	0.0	0.0	0.0	0.0	0.0	0.0	0.0	0.0	0.0
36861.98819634635	-23.25065563718817	540.5929875591103	1358806173.7875776	48073.33325889551	530.3973047337786	281321.3008688568	2311045370.620829	36938.023726504645	-59.04413628591283	3486.210029749448	1364417596.8198202	37947.83955455044	23399.505730635563	0.913413	33.208046	0.0260811	0.0218389	-0.0010642344	0.0023499781	0.0018430417	-0.0090410929	0.0066839668	-0.0210715881	0.013936247	0.0082837251	0.0143574974	0.0054210193	-0.0023557976	-0.0058711629	0.0044401502	-0.0481408674	0.00812831	-0.0090118724	-0.0176765801	-0.0122842364	0.0030076401	-0.0382551737	-0.0155250443	-0.0230280065	0.0091608279	-0.0067688875	-0.0272251139	0.0057955956	0.0248710328	-0.0065332742	0.0334810453	0.0075586682	0.0308863863	0.0015067658	-0.0398243742	-0.0386913949	-0.0570003725	0.0548151055	-0.0512348393	0.0463506885	-0.040286951	0.0285162	4.699999999999843e-05	2.208999999999852e-09	0.0008131736624399	0.0178431	9.999999999940613e-08	9.999999999881224e-15	0.00031837621761	0.556551	0.0213849999999999	0.309749015601	0.0004573182249999	0.0101737	0.0	0.0	0.00010350417169	-0.00506014	-9.298000000000032e-05	2.5605016819600003e-05	8.645280400000059e-09	-0.00157807	0.0	0.0	2.4903049249e-06	0.0	0.0	0.0	0.0	0.0	0.0	0.0	0.0	0.0	0.0	0.0	0.0	0.0	0.0	0.0	0.0	0.0	0.0	0.0	0.0	0.0	0.0	0.0	0.0	0.0	0.0	0.0	0.0	0.0	0.0	0.0	0.0	0.0	0.0	0.0	0.0	0.0	0.0	0.0	0.0	0.0	0.0	0.0	0.0	0.0	0.0	0.0	0.0	0.0	0.0	0.0	0.0	0.0	0.0	0.0	0.0	0.0	0.0	0.0	0.0	0.0	0.0	0.0	0.0	0.0	0.0	0.0	0.0	0.0	0.0	0.0	0.0	0.0	0.0	0.0	0.0	0.0	0.0
36916.58101869565	54.59282234930288	2980.376252062544	1362833954.10992	48541.80131465677	468.4680557612592	219462.31926873425	2356306474.871613	36863.671350024	-74.35237648064503	5528.275888319577	1358930265.4025805	37911.40884034631	23207.13819608781	0.92047	33.4646	0.0799825	0.0430167	-0.0023217795	0.0018885379	0.012529911	-0.0282131003	0.0064271468	-0.0113186989	0.036543984	0.0135809917	0.0368490627	0.0061961387	0.0016009905	-0.0034434941	0.0041681663	-0.0430938976	-0.0103072155	-0.0158691618	-0.0308748152	-0.0211714102	0.017688759	-0.0107161435	-0.0082980969	-0.0301357357	0.012230775	-0.004006229	-0.005704737	-0.0151211374	0.0210975092	-0.0133725435	-0.0278920956	-0.016454115	-0.0352134018	-0.0065647006	-0.0043040571	-0.0046380372	-0.0570476625	0.0550019363	-0.0516465589	0.0470614252	-0.041355712	0.028504	-1.2199999999996936e-05	1.4883999999992522e-10	0.000812478016	-0.0179362	-0.0357793	0.00128015830849	0.00032170727044	0.546883	-0.009668	0.299081015689	9.34702240000002e-05	0.0103306	0.0001568999999999	2.461760999999992e-08	0.00010672129636	-0.00491358	0.00014656	2.41432684164e-05	2.1479833600000133e-08	-0.00196507	-0.000387	1.4976900000000018e-07	3.861500104900001e-06	0.0	0.0	0.0	0.0	0.0	0.0	0.0	0.0	0.0	0.0	0.0	0.0	0.0	0.0	0.0	0.0	0.0	0.0	0.0	0.0	0.0	0.0	0.0	0.0	0.0	0.0	0.0	0.0	0.0	0.0	0.0	0.0	0.0	0.0	0.0	0.0	0.0	0.0	0.0	0.0	0.0	0.0	0.0	0.0	0.0	0.0	0.0	0.0	0.0	0.0	0.0	0.0	0.0	0.0	0.0	0.0	0.0	0.0	0.0	0.0	0.0	0.0	0.0	0.0	0.0	0.0	0.0	0.0	0.0	0.0	0.0	0.0	0.0	0.0	0.0	0.0	0.0	0.0
36886.57322796984	-30.007790725809173	900.467504243959	1360619284.5023816	48151.84969499778	-389.95161965899024	152062.2656746698	2318600629.049658	36915.11853529553	51.44718527152872	2646.812872363002	1362725976.4749196	37933.2105365954	23316.63018387284	0.8468599999999998	30.788448	0.0858825999999999	0.056641	-0.0009978459	0.0036680047	0.0058407553	-0.0110142917	0.0069152525	-0.0254573528	0.0151512641	0.007940082	0.015763064	0.004655139	-0.0014251938	-0.0006683977	0.0050449502	-0.0355269234	0.0013736997	-0.0076013026	-0.0169078529	-0.0103448113	0.0035962675	-0.0114859594	-0.0129335611	-0.0256909027	-0.0009094996	-0.0022988755	-0.0183277712	-0.0071388032	0.0215997505	-0.0100205941	0.0149040513	0.0169201451	0.0256324874	0.0195912397	-0.0368874414	-0.0311435663	-0.0570933886	0.0551827354	-0.0520455355	0.0477515192	-0.0423961298	0.0285004	-3.6000000000029064e-06	1.2960000000020926e-11	0.00081227280016	0.0235243	0.0414605	0.0017189730602499	0.00055339269049	0.508685	-0.0381979999999999	0.258760429225	0.0014590872039999	0.0103376	7.000000000000062e-06	4.900000000000087e-11	0.00010686597376	-0.00497153	-5.795000000000019e-05	2.47161105409e-05	3.3582025000000213e-09	-0.00202453	-5.9459999999999895e-05	3.5354915999999874e-09	4.098721720900001e-06	0.0	0.0	0.0	0.0	0.0	0.0	0.0	0.0	0.0	0.0	0.0	0.0	0.0	0.0	0.0	0.0	0.0	0.0	0.0	0.0	0.0	0.0	0.0	0.0	0.0	0.0	0.0	0.0	0.0	0.0	0.0	0.0	0.0	0.0	0.0	0.0	0.0	0.0	0.0	0.0	0.0	0.0	0.0	0.0	0.0	0.0	0.0	0.0	0.0	0.0	0.0	0.0	0.0	0.0	0.0	0.0	0.0	0.0	0.0	0.0	0.0	0.0	0.0	0.0	0.0	0.0	0.0	0.0	0.0	0.0	0.0	0.0	0.0	0.0	0.0	0.0	0.0	0.0
36989.46111537289	102.8878874030488	10585.91737426245	1368220233.605683	48502.82164081013	350.9719458123509	123181.30674730775	2352523707.1202397	36997.85997845456	82.74144315902959	6846.146416038924	1368841642.9853296	38028.21998857822	23244.502449172825	0.783898	28.499395	0.18940215	0.100573	-0.0005223925	0.0049026068	0.0077241996	-0.0170203102	0.0030828522	0.0134773968	0.0180417491	0.0055087041	0.0184270239	0.0022731049	-0.0009249062	0.0110677629	0.0037700428	-0.0242816006	-0.0057598642	-0.0106258817	-0.0203058472	-0.018541854	0.0146342967	-0.0111851918	-0.0063133992	-0.0134331396	0.009824567	0.0033764898	-0.0088763979	-0.0405473968	0.005481593	-0.0140150481	-0.0074417865	-0.0207581193	-0.0355197689	-0.0230803991	-0.004847975	-0.0035689424	-0.0571375495	0.0553574832	-0.0524316706	0.0484206678	-0.0434074915	0.00989275	-0.0186076499999999	0.0003462446385224	9.78665025625e-05	-0.0184877	-0.042012	0.001765008144	0.0003417950512899	0.480448	-0.028237	0.230830280704	0.000797328169	0.00870806	-0.00162954	2.655400611600001e-06	7.583030896360001e-05	-0.00459016	0.0003813699999999	2.1069568825600003e-05	1.4544307689999985e-07	-0.00202453	0.0	0.0	4.098721720900001e-06	0.0	0.0	0.0	0.0	0.0	0.0	0.0	0.0	0.0	0.0	0.0	0.0	0.0	0.0	0.0	0.0	0.0	0.0	0.0	0.0	0.0	0.0	0.0	0.0	0.0	0.0	0.0	0.0	0.0	0.0	0.0	0.0	0.0	0.0	0.0	0.0	0.0	0.0	0.0	0.0	0.0	0.0	0.0	0.0	0.0	0.0	0.0	0.0	0.0	0.0	0.0	0.0	0.0	0.0	0.0	0.0	0.0	0.0	0.0	0.0	0.0	0.0	0.0	0.0	0.0	0.0	0.0	0.0	0.0	0.0	0.0	0.0	0.0	0.0	0.0	0.0	0.0	0.0
36937.882253476375	-51.57886189651617	2660.378994539888	1364407145.371685	48431.01162618483	-71.81001462529821	5156.678200485542	2345562887.13565	36936.49131191503	-61.36866653952893	3766.113232839898	1364304390.4351745	37970.43879111842	23270.919055099803	0.810326	29.460197	0.11686401	0.06415	-0.0016634886	0.0016496213	0.0076407151	-0.0224314605	0.0117300783	-0.0250378896	0.0275956981	0.0104842472	0.0283279528	0.0048950871	0.0016743423	0.0071886622	-0.0016844428	-0.0395521716	0.009385093	-0.0174281872	-0.0242315295	-0.0306288309	0.017692284	-0.0271998355	-0.0045546275	-0.0161431466	0.0102888441	-0.0124487341	-0.009117882	-0.0025661764	0.0272352986	-0.0254371088	0.0036849279	0.0258952777	0.0243833493	-0.0273577776	-0.03612573	-0.0431590668	-0.0571801438	0.0555261604	-0.052804869	0.0490685775	-0.0443891039	0.00977394	-0.00011881	1.4115816100000106e-08	9.55299031236e-05	0.011007	0.0294947	0.0008699373280899	0.0001211540489999	0.527575	0.047127	0.278335380625	0.002220954129	0.00868056	-2.7499999999999747e-05	7.56249999999986e-10	7.53521219136e-05	-0.00441855	0.00017161	1.9523584102500003e-05	2.94499921e-08	-0.00142117	0.00060336	3.640432896000001e-07	2.0197241689e-06	0.0	0.0	0.0	0.0	0.0	0.0	0.0	0.0	0.0	0.0	0.0	0.0	0.0	0.0	0.0	0.0	0.0	0.0	0.0	0.0	0.0	0.0	0.0	0.0	0.0	0.0	0.0	0.0	0.0	0.0	0.0	0.0	0.0	0.0	0.0	0.0	0.0	0.0	0.0	0.0	0.0	0.0	0.0	0.0	0.0	0.0	0.0	0.0	0.0	0.0	0.0	0.0	0.0	0.0	0.0	0.0	0.0	0.0	0.0	0.0	0.0	0.0	0.0	0.0	0.0	0.0	0.0	0.0	0.0	0.0	0.0	0.0	0.0	0.0	0.0	0.0	0.0	0.0
36967.61663193248	29.73437845610169	884.1332621706846	1366604679.445531	49247.02157231191	816.0099461270802	665872.2321783203	2425269133.743755	36828.936596827	-107.5547150880302	11568.016737667353	1356370570.8531032	37943.61057908443	23205.06807614296	0.8995619999999999	32.704483	0.1009638599999999	0.0553338	-0.0023406381	0.0044391023	0.015255093	-0.0471113024	0.0169819857	0.0275264924	0.0532257614	0.0192109739	0.0553012159	0.008696726	0.0043827101	0.0075129152	-0.000222806	-0.0351134577	-0.0053955534	-0.0245550493	-0.0365907787	-0.0344087458	0.0212825504	-0.0197462218	0.0060471223	-0.0248070381	0.0312819066	-0.0051916225	0.0098923694	-0.001570007	0.0256562329	0.0243441417	0.0036432776	-0.037927759	-0.0539553642	-0.0128530363	0.0090752621	-0.0176236363	-0.0572211706	0.0556887485	-0.0531650386	0.0496949641	-0.0453402941	0.0180202	0.00824626	6.80008039876e-05	0.00032472760804	-0.0396126	-0.0506196	0.00256234390416	0.0015691580787599	0.514564	-0.0130109999999999	0.264776110096	0.0001692861209999	0.00882133	0.00014077	1.981619290000004e-08	7.78158629689e-05	-0.00456438	-0.0001458299999999	2.08335647844e-05	2.1266388899999877e-08	-0.00171631	-0.0002951399999999	8.710761959999998e-08	2.9457200161e-06	0.0	0.0	0.0	0.0	0.0	0.0	0.0	0.0	0.0	0.0	0.0	0.0	0.0	0.0	0.0	0.0	0.0	0.0	0.0	0.0	0.0	0.0	0.0	0.0	0.0	0.0	0.0	0.0	0.0	0.0	0.0	0.0	0.0	0.0	0.0	0.0	0.0	0.0	0.0	0.0	0.0	0.0	0.0	0.0	0.0	0.0	0.0	0.0	0.0	0.0	0.0	0.0	0.0	0.0	0.0	0.0	0.0	0.0	0.0	0.0	0.0	0.0	0.0	0.0	0.0	0.0	0.0	0.0	0.0	0.0	0.0	0.0	0.0	0.0	0.0	0.0	0.0	0.0
36955.61256500008	-12.00406693239347	144.09762291738238	1365717300.054392	48383.96277260441	-863.0587997074981	744870.4917525473	2341007853.580769	36929.395777264464	100.45918043746497	10092.046934167143	1363780272.4738386	37960.12359375	23328.31570751143	0.90012	32.724758	0.1084589	0.0673019	-0.0012390259	0.0043345691	0.0078131051	-0.0207341983	0.0110023089	-0.0241239731	0.0223473191	0.0098626653	0.0236700044	0.004995446	0.0015158885	0.0046997137	0.005280883	-0.0364014591	0.0005230998	-0.0134436555	-0.0192454665	-0.0199107904	0.006837051	-0.0222882747	-0.0022677418	-0.0172028803	0.0069797927	0.0042926773	-0.0112479228	-0.0064377666	0.0284225304	-0.0255107003	-0.0232748094	0.019874705	0.0113192655	0.0058932285	-0.0294445396	-0.0310853884	-0.0572606286	0.0558452297	-0.0535120905	0.0502995528	-0.0462604104	0.0253696	0.0073493999999999	5.401368035999999e-05	0.00064361660416	0.0139094	0.053522	0.002864604484	0.00019347140836	0.511778	-0.002786	0.2619167212839999	7.761796000000369e-06	0.00950581	0.0006844799999999	4.685128703999993e-07	9.03604237561e-05	-0.00449777	6.660999999999993e-05	2.02299349729e-05	4.436892099999991e-09	-0.00157137	0.0001449399999999	2.100760359999996e-08	2.4692036769e-06	0.0	0.0	0.0	0.0	0.0	0.0	0.0	0.0	0.0	0.0	0.0	0.0	0.0	0.0	0.0	0.0	0.0	0.0	0.0	0.0	0.0	0.0	0.0	0.0	0.0	0.0	0.0	0.0	0.0	0.0	0.0	0.0	0.0	0.0	0.0	0.0	0.0	0.0	0.0	0.0	0.0	0.0	0.0	0.0	0.0	0.0	0.0	0.0	0.0	0.0	0.0	0.0	0.0	0.0	0.0	0.0	0.0	0.0	0.0	0.0	0.0	0.0	0.0	0.0	0.0	0.0	0.0	0.0	0.0	0.0	0.0	0.0	0.0	0.0	0.0	0.0	0.0	0.0
36937.35201842828	-18.26054657180066	333.4475611009008	1364367974.133288	48021.03673911434	-362.9260334900755	131715.3057848394	2306019969.499369	37102.23384118512	172.8380639206589	29872.99633984177	1376575756.0059826	38081.070307474416	23307.02289746972	0.9444030000000002	34.334736	0.1035720199999999	0.0563395	0.0013141582	0.0089115897	0.0011371897	0.009029537	-0.0076194905	0.0346137631	-0.0067553964	-0.0030331738	-0.0073333094	-0.0009246556	-0.0036591198	0.0049998103	0.0123971004	-0.0216069926	-0.0125766024	0.0011315631	-0.0055884591	0.0059395005	0.0085497464	-0.0114455762	-0.0085293111	-0.010653924	-0.0035935094	0.0298658981	-0.0021830209	-0.0194190487	-0.0029452147	0.0234220789	0.0397601532	-0.0615358848	-0.022595546	0.0113316407	-0.0122975016	0.0003656567	-0.0572985168	0.0559955869	-0.0538459391	0.0508820785	-0.0471488222	0.00989958	-0.01547002	0.0002393215188004	9.80016841764e-05	0.0212149	0.0073054999999999	5.337033024999997e-05	0.0004500719820099	0.464314	-0.0474639999999999	0.215587490596	0.0022528312959999	0.0094145	-9.13100000000007e-05	8.337516100000127e-09	8.863281024999999e-05	-0.00461995	-0.00012218	2.13439380025e-05	1.4927952400000094e-08	-0.00202453	-0.00045316	2.0535398560000002e-07	4.098721720900001e-06	0.0	0.0	0.0	0.0	0.0	0.0	0.0	0.0	0.0	0.0	0.0	0.0	0.0	0.0	0.0	0.0	0.0	0.0	0.0	0.0	0.0	0.0	0.0	0.0	0.0	0.0	0.0	0.0	0.0	0.0	0.0	0.0	0.0	0.0	0.0	0.0	0.0	0.0	0.0	0.0	0.0	0.0	0.0	0.0	0.0	0.0	0.0	0.0	0.0	0.0	0.0	0.0	0.0	0.0	0.0	0.0	0.0	0.0	0.0	0.0	0.0	0.0	0.0	0.0	0.0	0.0	0.0	0.0	0.0	0.0	0.0	0.0	0.0	0.0	0.0	0.0	0.0	0.0
36903.55151525759	-33.80050317069254	1142.474014591996	1361872114.4392707	47664.33172462789	-356.7050144864479	127238.46735977702	2271888518.7553687	36937.72091043696	-164.51293074816203	27064.50438334956	1364395226.057332	37895.51986008315	23215.55928977924	0.881673	32.054115	0.0651402999999999	0.0391712	0.0007485564	0.0047739798	-0.0057332666	0.0149126339	0.0018472817	-0.0243623799	-0.0164918229	-0.0002577228	-0.0161614864	0.0027744996	-0.0017018336	0.005904561	0.0073939324	-0.0261687806	-0.0006651964	0.0126185839	0.0138970155	0.0058317585	-0.0100147024	-0.0403248446	-0.0094722003	0.0013623285	-0.0066910666	0.0231734789	-0.0056736756	0.0051738892	0.0003064935	-0.0497281299	-0.0197093759	0.0250355343	0.0088721567	-0.0184264493	0.0156064825	-0.027705951	-0.0573348341	0.0561398035	-0.054166502	0.0514422857	-0.0480049204	0.00983028	-6.929999999999957e-05	4.80248999999994e-09	9.66344048784e-05	0.0109344	-0.0102804999999999	0.0001056886802499	0.00011956110336	0.499	0.0346859999999999	0.249001	0.0012031185959999	0.00930632	-0.0001081799999999	1.1702912399999868e-08	8.66075919424e-05	-0.00443425	0.0001857	1.96625730625e-05	3.4484490000000176e-08	-0.00191632	0.00010821	1.1709404100000015e-08	3.6722823424e-06	0.0	0.0	0.0	0.0	0.0	0.0	0.0	0.0	0.0	0.0	0.0	0.0	0.0	0.0	0.0	0.0	0.0	0.0	0.0	0.0	0.0	0.0	0.0	0.0	0.0	0.0	0.0	0.0	0.0	0.0	0.0	0.0	0.0	0.0	0.0	0.0	0.0	0.0	0.0	0.0	0.0	0.0	0.0	0.0	0.0	0.0	0.0	0.0	0.0	0.0	0.0	0.0	0.0	0.0	0.0	0.0	0.0	0.0	0.0	0.0	0.0	0.0	0.0	0.0	0.0	0.0	0.0	0.0	0.0	0.0	0.0	0.0	0.0	0.0	0.0	0.0	0.0	0.0
36989.98842642211	86.436911164521	7471.339611663297	1368259243.7868416	49213.62612929502	1549.2944046671328	2400313.152332885	2421980996.7940297	36938.79059725127	1.0696868143058964	1.1442298806998974	1364474250.7875786	38059.08328033626	23342.05713376497	1.410186	51.268738	0.0349552899999999	0.0174134	-0.0018275006	0.0057184232	0.0145022758	-0.0468683147	0.005240391	0.0327021038	0.0531479417	0.013815858	0.0541428212	0.0039137987	0.0070068587	0.0127226348	-0.0104622505	-0.0342949796	0.0006240539	-0.0232878335	-0.0429689557	-0.0336461845	0.0291931493	-0.0040878156	0.0055204091	-0.0265696309	0.0247158002	-0.0114520438	0.0053921608	-0.0169718751	0.0201159894	0.0395991714	0.0582480014	-0.0402388996	-0.0237435678	-0.0080320776	-0.0215918096	-0.010445591	-0.0573695795	0.0562778638	-0.0544737002	0.0519799285	-0.0488281186	0.00978198	-4.830000000000112e-05	2.332890000000108e-09	9.56871327204e-05	0.00719091	-0.00374349	1.4013717380100003e-05	5.17091866281e-05	0.491742	-0.0072579999999999	0.241810194564	5.2678563999999806e-05	0.00913586	-0.0001704599999999	2.9056611599999664e-08	8.346393793960002e-05	-0.00417688	0.0002573699999999	1.74463265344e-05	6.623931689999991e-08	-0.00186604	5.027999999999999e-05	2.528078399999998e-09	3.4821052816e-06	0.0	0.0	0.0	0.0	0.0	0.0	0.0	0.0	0.0	0.0	0.0	0.0	0.0	0.0	0.0	0.0	0.0	0.0	0.0	0.0	0.0	0.0	0.0	0.0	0.0	0.0	0.0	0.0	0.0	0.0	0.0	0.0	0.0	0.0	0.0	0.0	0.0	0.0	0.0	0.0	0.0	0.0	0.0	0.0	0.0	0.0	0.0	0.0	0.0	0.0	0.0	0.0	0.0	0.0	0.0	0.0	0.0	0.0	0.0	0.0	0.0	0.0	0.0	0.0	0.0	0.0	0.0	0.0	0.0	0.0	0.0	0.0	0.0	0.0	0.0	0.0	0.0	0.0
36921.75849156595	-68.22993485615734	4655.324010475475	1363216250.1095226	47488.15105246594	-1725.4750768290833	2977264.2407583306	2255124490.3818216	37107.58812847127	168.79753121999966	28492.60654596676	1376973096.7122617	38022.3526491685	23462.625804093863	1.491506	54.225212	0.12265714	0.0612759	0.0015712275	0.0084748165	-0.0022069318	0.0191004359	-0.0007166177	-0.0247077274	-0.0162979384	-0.0050227277	-0.0179013036	-0.0023030379	-0.0030668353	0.0127427361	0.0136445159	-0.0135469816	-0.0140594474	0.0032856331	0.011410321	0.0029212519	-0.0009834133	-0.0282264753	-0.0062018475	0.0037186301	-0.0197953577	0.0294785795	-0.0066473968	-0.0138910403	0.0006056654	-0.0277689936	-0.0632042411	0.0143342305	0.0040843014	-0.0085081323	-0.0093024976	-0.0203397523	-0.0574027522	0.0564097525	-0.0547674578	0.0524947712	-0.0496178523	0.00345597	-0.0063260099999999	4.001840252009999e-05	1.19437286409e-05	0.00191928	-0.00527163	2.77900828569e-05	3.6836357184e-06	0.4588	-0.032942	0.2104974399999999	0.001085175364	0.00821379	-0.00092207	8.502130849000009e-07	6.746634616410001e-05	-0.00473121	-0.0005543299999999	2.23843480641e-05	3.072817488999996e-07	-0.00178009	8.595e-05	7.3874025e-09	3.1687204081e-06	0.0	0.0	0.0	0.0	0.0	0.0	0.0	0.0	0.0	0.0	0.0	0.0	0.0	0.0	0.0	0.0	0.0	0.0	0.0	0.0	0.0	0.0	0.0	0.0	0.0	0.0	0.0	0.0	0.0	0.0	0.0	0.0	0.0	0.0	0.0	0.0	0.0	0.0	0.0	0.0	0.0	0.0	0.0	0.0	0.0	0.0	0.0	0.0	0.0	0.0	0.0	0.0	0.0	0.0	0.0	0.0	0.0	0.0	0.0	0.0	0.0	0.0	0.0	0.0	0.0	0.0	0.0	0.0	0.0	0.0	0.0	0.0	0.0	0.0	0.0	0.0	0.0	0.0
36939.87172217183	18.113230605878925	328.08912298174903	1364554122.85051	47982.93747917284	494.7864267069017	244813.6080533842	2302362289.130209	37064.368752249895	-43.21937622137193	1867.9144809644893	1373767431.0027585	38058.44468727156	23323.274631526627	0.945924	34.390003	0.0866842999999999	0.047403	0.0007317444	0.0082384247	-0.0007140571	-0.0003063414	0.0060825932	-0.0109152985	0.0063687468	-4.7769e-06	0.0062939007	-0.0015185981	-0.0028749991	0.0120239685	0.0031448503	-0.0201914037	0.003067455	-0.0063295717	-0.0080788875	-0.0061129837	0.0057560527	-0.0075031595	-0.0019625617	-0.0107952273	-0.0019760086	0.0141201229	-0.023027583	-0.0066998343	0.0047764764	0.0068962929	0.0562637533	-0.004722733	0.040796023	0.0121803985	-0.0443745995	-0.0299548263	-0.0574343511	0.0565354553	-0.0550477023	0.052986588	-0.0503735805	0.010082	0.00662603	4.3904273560900005e-05	0.000101646724	0.00209305	0.0001737699999999	3.0196012899999994e-08	4.3808583025e-06	0.451965	-0.0068349999999999	0.204272361225	4.671722499999973e-05	0.0088393399999999	0.0006255499999999	3.913128024998751e-07	7.813393163559824e-05	-0.00532221	-0.000591	2.83259192841e-05	3.492810000000005e-07	-0.00202453	-0.00024444	5.975091360000003e-08	4.098721720900001e-06	0.0	0.0	0.0	0.0	0.0	0.0	0.0	0.0	0.0	0.0	0.0	0.0	0.0	0.0	0.0	0.0	0.0	0.0	0.0	0.0	0.0	0.0	0.0	0.0	0.0	0.0	0.0	0.0	0.0	0.0	0.0	0.0	0.0	0.0	0.0	0.0	0.0	0.0	0.0	0.0	0.0	0.0	0.0	0.0	0.0	0.0	0.0	0.0	0.0	0.0	0.0	0.0	0.0	0.0	0.0	0.0	0.0	0.0	0.0	0.0	0.0	0.0	0.0	0.0	0.0	0.0	0.0	0.0	0.0	0.0	0.0	0.0	0.0	0.0	0.0	0.0	0.0	0.0
37013.16471896669	73.29299679485848	5371.863379171135	1369974362.5133605	47552.74023900326	-430.1972401695821	185069.66544952508	2261263104.23812	37107.1287672385	42.76001498860569	1828.4188818257835	1376939005.3484192	38044.77652206689	23543.91158356937	0.912576	33.177616	0.0582042499999999	0.0357766	0.0019281872	0.0094576479	-0.0044201902	0.0166920376	-0.0074579407	-0.00939456	-0.0151578037	-0.0063394002	-0.0160091649	-0.0028699918	-0.0022370646	0.0138951674	0.0088634921	-0.0151368677	-0.0003108209	0.0092558112	0.0068259802	0.0048797901	-0.0028792628	-0.0130532952	0.001033316	-0.0033256369	-0.0086827765	0.0186599851	-0.0237692817	-0.0313873143	-0.0117442851	-0.0359571129	-0.0184821196	6.55783e-05	-0.0183966381	-0.0147179303	-0.0038147498	0.0065396211	-0.0574643754	0.0566549584	-0.0553143646	0.0534551631	-0.0510947851	0.0100253	-5.670000000000154e-05	3.2148900000001752e-09	0.0001005066400899	-0.0303795	-0.03247255	0.0010544665035025	0.00092291402025	0.447435	-0.0045299999999999	0.200198079225	2.052089999999981e-05	0.00870809	-0.0001312499999999	1.722656249997389e-08	7.58308314481e-05	-0.00510515	0.0002170599999999	2.60625565225e-05	4.711504359999992e-08	-0.00194994	7.459000000000003e-05	5.5636681000000044e-09	3.8022660036e-06	0.0	0.0	0.0	0.0	0.0	0.0	0.0	0.0	0.0	0.0	0.0	0.0	0.0	0.0	0.0	0.0	0.0	0.0	0.0	0.0	0.0	0.0	0.0	0.0	0.0	0.0	0.0	0.0	0.0	0.0	0.0	0.0	0.0	0.0	0.0	0.0	0.0	0.0	0.0	0.0	0.0	0.0	0.0	0.0	0.0	0.0	0.0	0.0	0.0	0.0	0.0	0.0	0.0	0.0	0.0	0.0	0.0	0.0	0.0	0.0	0.0	0.0	0.0	0.0	0.0	0.0	0.0	0.0	0.0	0.0	0.0	0.0	0.0	0.0	0.0	0.0	0.0	0.0
37020.91678262022	7.75206365352642	60.09449088832539	1370548279.4256914	48424.09773261626	871.3574936130026	759263.8816755338	2344893241.217972	37080.04548059946	-27.083286639041035	733.5044151724586	1374929772.8433244	38116.50495408443	23727.34870558194	1.091953	39.699039	0.1166407599999999	0.0540752	0.000226448	0.0087967342	0.0028037263	-0.0190128058	0.0087799284	0.0025347581	0.0224104346	0.006054395	0.0230217795	0.0016809879	0.0009234265	0.0148640011	-0.004349569	-0.0309874015	0.0054194472	-0.0175864501	-0.0261367633	-0.0217107153	0.0198693374	-0.0194226989	0.0038864334	-0.0155962444	0.0073520821	-0.0056160756	-0.0311771094	-0.0119931624	0.0200242044	-0.0076871105	0.035115051	0.0193403833	0.0350816603	-0.0081957283	-0.0466157458	-0.0353435792	-0.0574928243	0.0567682486	-0.055567379	0.0539002911	-0.0517809719	0.017848	0.0078227	6.119463529e-05	0.000318551104	-0.00504494	0.02533456	0.0006418399303936	2.5451419603600005e-05	0.481443	0.0340079999999999	0.231787362249	0.0011565440639999	0.00835173	-0.00035636	1.2699244960000001e-07	6.97513939929e-05	-0.00489529	0.00020986	2.39638641841e-05	4.4041219600000034e-08	-0.00152665	0.00042329	1.7917442409999998e-07	2.3306602225e-06	0.0	0.0	0.0	0.0	0.0	0.0	0.0	0.0	0.0	0.0	0.0	0.0	0.0	0.0	0.0	0.0	0.0	0.0	0.0	0.0	0.0	0.0	0.0	0.0	0.0	0.0	0.0	0.0	0.0	0.0	0.0	0.0	0.0	0.0	0.0	0.0	0.0	0.0	0.0	0.0	0.0	0.0	0.0	0.0	0.0	0.0	0.0	0.0	0.0	0.0	0.0	0.0	0.0	0.0	0.0	0.0	0.0	0.0	0.0	0.0	0.0	0.0	0.0	0.0	0.0	0.0	0.0	0.0	0.0	0.0	0.0	0.0	0.0	0.0	0.0	0.0	0.0	0.0
36991.63038686962	-29.28639575059788	857.6929760606373	1368380718.6787758	48397.780275751626	-26.31745686463546	692.6085358219481	2342345135.619933	36994.36096198102	-85.68451861843641	7341.836730873177	1368582742.9853456	38011.47648231908	23329.56258273092	0.97341	35.389294	0.0469351799999999	0.0215117	0.000154104	0.0084219293	0.0055012697	-0.0087914866	0.0070163494	0.0185989121	0.0143394144	0.006320447	0.0145050067	0.0029917344	-0.0018249787	0.0130993201	0.0126593034	-0.0192534962	-0.0065125504	-0.0067608955	-0.0037252507	-0.0066119004	0.0071965531	-0.023843876	0.0092884313	-0.0057721898	0.0069348849	0.0324457892	-0.0034482145	-0.0105778539	0.0056376858	0.0043955545	-0.0218079626	-0.0370339541	-0.0397730363	-0.0113952775	0.0013347004	-6.63056e-05	-0.057519697	0.0568753135	-0.0558066829	0.0543217765	-0.0524316706	0.00989373	-0.00795427	6.32704112329e-05	9.78858933129e-05	-0.00784135	-0.00279641	7.819908888100001e-06	6.14867698225e-05	0.465934	-0.0155089999999999	0.217094492356	0.0002405290809999	0.00823661	-0.0001151199999999	1.3252614399999956e-08	6.78417442921e-05	-0.00472263	0.0001726599999999	2.2303234116900003e-05	2.981147559999994e-08	-0.00165238	-0.0001257299999999	1.5808032899999974e-08	2.7303596644e-06	0.0	0.0	0.0	0.0	0.0	0.0	0.0	0.0	0.0	0.0	0.0	0.0	0.0	0.0	0.0	0.0	0.0	0.0	0.0	0.0	0.0	0.0	0.0	0.0	0.0	0.0	0.0	0.0	0.0	0.0	0.0	0.0	0.0	0.0	0.0	0.0	0.0	0.0	0.0	0.0	0.0	0.0	0.0	0.0	0.0	0.0	0.0	0.0	0.0	0.0	0.0	0.0	0.0	0.0	0.0	0.0	0.0	0.0	0.0	0.0	0.0	0.0	0.0	0.0	0.0	0.0	0.0	0.0	0.0	0.0	0.0	0.0	0.0	0.0	0.0	0.0	0.0	0.0
36988.864554994914	-2.765831874705327	7.649825959135985	1368176101.067759	48369.73453930317	-28.04573644845368	786.5633329361233	2339631219.4026585	36991.93434800123	-2.426613979791	5.888455406917116	1368403206.8068333	38010.27404513889	23378.390314083703	0.848959	30.864761	0.08086934	0.041279	0.0001686312	0.0074075596	4.09402e-05	-0.0161442491	0.0116046533	-0.0116828282	0.012545678	0.0060210171	0.0133891713	0.0033526235	-0.0006055675	0.0174094494	-0.002122662	-0.0173861578	0.008630489	-0.0123582488	-0.0130707999	-0.0201828811	0.0105081603	0.0007934128	0.0081656848	-0.010780063	-0.0044512687	0.0109445418	-0.0164195566	-0.0041835603	0.018857198	-0.0137117847	0.0080604984	0.0416995003	0.0227962877	0.000508948	-0.0328011349	-0.0339646415	-0.0575449928	0.0569761414	-0.0560322174	0.0547194347	-0.0530464353	0.00989502	1.2899999999992778e-06	1.6640999999981368e-12	9.791142080039998e-05	-0.0254269	-0.01758555	0.0003092515688024	0.0006465272436099	0.434317	-0.031617	0.188631256489	0.000999634689	0.00805021	-0.0001863999999999	3.474495999999991e-08	6.480588104410001e-05	-0.00479739	-7.47600000000001e-05	2.3014950812100003e-05	5.5890576000000155e-09	-0.00202453	-0.00037215	1.3849562250000008e-07	4.098721720900001e-06	0.0	0.0	0.0	0.0	0.0	0.0	0.0	0.0	0.0	0.0	0.0	0.0	0.0	0.0	0.0	0.0	0.0	0.0	0.0	0.0	0.0	0.0	0.0	0.0	0.0	0.0	0.0	0.0	0.0	0.0	0.0	0.0	0.0	0.0	0.0	0.0	0.0	0.0	0.0	0.0	0.0	0.0	0.0	0.0	0.0	0.0	0.0	0.0	0.0	0.0	0.0	0.0	0.0	0.0	0.0	0.0	0.0	0.0	0.0	0.0	0.0	0.0	0.0	0.0	0.0	0.0	0.0	0.0	0.0	0.0	0.0	0.0	0.0	0.0	0.0	0.0	0.0	0.0
37084.24148217064	95.37692717572644	9096.758237483828	1375240966.3079455	48607.28144207272	237.5469027695508	56428.53101540642	2362667809.188867	37100.29383549609	108.35948749486124	11741.77853014899	1376431802.6801493	38129.9310418951	23502.032165105247	0.8569609999999999	31.155663	0.1049513099999999	0.0568118	0.000847165	0.0107226981	0.0063157034	-0.016570844	0.0014208221	0.0348130391	0.0199856004	0.0033622115	0.0194333212	-0.0005202119	0.0004250087	0.0201192476	0.0011982949	-0.0014828231	0.0013927084	-0.0058392396	-0.0134814543	-0.0078034649	0.0174922257	0.0208105478	0.0204407446	-0.0134849045	0.0085374806	0.0227930895	-0.0074892722	-0.0259408102	-0.0020027606	0.0089744761	0.0259872405	-0.0335081248	-0.0305504508	0.0120995516	-0.0136690607	0.0200191621	-0.0575687109	0.0570707212	-0.0562439267	0.0550930911	-0.0536248445	-0.00530189	-0.01519691	0.000230946073548	2.81100375721e-05	-0.0499678	-0.0245409	0.00060225577281	0.00249678103684	0.389925	-0.0443919999999999	0.152041505625	0.0019706496639999	0.00805021	0.0	0.0	6.480588104410001e-05	-0.00521382	-0.0004164299999999	2.71839189924e-05	1.734139448999998e-07	-0.00202453	0.0	0.0	4.098721720900001e-06	0.0	0.0	0.0	0.0	0.0	0.0	0.0	0.0	0.0	0.0	0.0	0.0	0.0	0.0	0.0	0.0	0.0	0.0	0.0	0.0	0.0	0.0	0.0	0.0	0.0	0.0	0.0	0.0	0.0	0.0	0.0	0.0	0.0	0.0	0.0	0.0	0.0	0.0	0.0	0.0	0.0	0.0	0.0	0.0	0.0	0.0	0.0	0.0	0.0	0.0	0.0	0.0	0.0	0.0	0.0	0.0	0.0	0.0	0.0	0.0	0.0	0.0	0.0	0.0	0.0	0.0	0.0	0.0	0.0	0.0	0.0	0.0	0.0	0.0	0.0	0.0	0.0	0.0
37016.49083179437	-67.75065037627064	4590.150626407662	1370220593.5003166	47588.75288571905	-1018.5285563536744	1037400.4201079004	2264689401.218033	37132.0473056946	31.75347019850597	1008.2828696474064	1378788937.1123416	38071.53510713633	23518.78662604283	0.978852	35.587162	0.0916521799999999	0.0520242	0.0022806791	0.0110637755	-0.0033085603	0.019604553	0.0047727884	-0.0026998562	-0.0198342569	-0.0081066397	-0.0209740813	-0.0043270234	-0.0026613052	0.021516252	0.0041973945	0.0011746861	0.0055619887	0.0146905591	0.0111910527	0.0029348277	-0.0077940996	0.003895598	0.0156016966	-0.0046416794	-0.019715477	0.0197279142	-0.0107283785	-0.0203160754	-0.0204991429	-0.0194540691	0.000320573	0.0400053331	0.0194864905	-0.0055871228	-0.0090268995	-0.012722825	-0.0575908508	0.0571590425	-0.0564417587	0.0554425818	-0.054166502	-0.00830487	-0.00300298	9.017888880400004e-06	6.897086571690001e-05	-0.0759665	-0.0259987	0.00067593240169	0.00577090912225	0.400723	0.0107979999999999	0.1605789227289999	0.0001165968039999	0.0082398999999999	0.0001896899999999	3.598229609996222e-08	6.789595200999837e-05	-0.00436646	0.00084736	1.90659729316e-05	7.180189696000002e-07	-0.00202453	0.0	0.0	4.098721720900001e-06	0.0	0.0	0.0	0.0	0.0	0.0	0.0	0.0	0.0	0.0	0.0	0.0	0.0	0.0	0.0	0.0	0.0	0.0	0.0	0.0	0.0	0.0	0.0	0.0	0.0	0.0	0.0	0.0	0.0	0.0	0.0	0.0	0.0	0.0	0.0	0.0	0.0	0.0	0.0	0.0	0.0	0.0	0.0	0.0	0.0	0.0	0.0	0.0	0.0	0.0	0.0	0.0	0.0	0.0	0.0	0.0	0.0	0.0	0.0	0.0	0.0	0.0	0.0	0.0	0.0	0.0	0.0	0.0	0.0	0.0	0.0	0.0	0.0	0.0	0.0	0.0	0.0	0.0
37054.698085426855	38.207253632484935	1459.7942301370333	1373050650.2021365	48154.19509960012	565.4422138810696	319724.8972387253	2318826505.690352	37114.79576880057	-17.251536894029414	297.615525206058	1377508064.9597766	38113.84460960344	23603.83737229048	0.815202	29.637495	0.0641861499999999	0.0338956	0.0025972889	0.0131696057	-0.0010676776	0.0037119822	-0.0067506498	0.037011591	-0.0041008923	-0.0015615597	-0.0047641207	-0.0007593609	-0.0044055753	0.0224662031	0.008995683	0.0088275589	-0.0105979603	0.0102552411	-0.000877652	0.0101727887	0.0137326479	0.0100586511	0.0167553083	-0.0029118045	0.0085745619	0.0300975636	-0.0030346833	-0.0264106496	-0.0170357354	0.0168765638	0.0432337479	-0.0265463468	-0.015948992	0.0030745548	-0.0108766663	0.010148108	-0.0576114118	0.0572410958	-0.0566256646	0.0557677536	-0.0546710365	-0.0082218199999999	8.305000000010006e-05	6.897302500016621e-09	6.759832411239836e-05	-0.0484109	0.0275556	0.00075931109136	0.00234361523881	0.386331	-0.014392	0.149251641561	0.000207129664	0.00805021	-0.0001896899999999	3.598229609996222e-08	6.480588104410001e-05	-0.00461988	-0.0002534199999999	2.13432912144e-05	6.422169639999994e-08	-0.00202453	0.0	0.0	4.098721720900001e-06	0.0	0.0	0.0	0.0	0.0	0.0	0.0	0.0	0.0	0.0	0.0	0.0	0.0	0.0	0.0	0.0	0.0	0.0	0.0	0.0	0.0	0.0	0.0	0.0	0.0	0.0	0.0	0.0	0.0	0.0	0.0	0.0	0.0	0.0	0.0	0.0	0.0	0.0	0.0	0.0	0.0	0.0	0.0	0.0	0.0	0.0	0.0	0.0	0.0	0.0	0.0	0.0	0.0	0.0	0.0	0.0	0.0	0.0	0.0	0.0	0.0	0.0	0.0	0.0	0.0	0.0	0.0	0.0	0.0	0.0	0.0	0.0	0.0	0.0	0.0	0.0	0.0	0.0
37003.823953259234	-50.8741321676207	2588.1773238085398	1369282987.163802	48175.59145438389	21.39635478377022	457.8039980329668	2320887611.979706	36953.720667233785	-161.07510156678472	25945.18834475001	1365577471.1519413	37962.22247829861	23234.87716028997	1.085335	39.458462	0.15267107	0.0787010999999999	0.0001295856	0.0036925983	-0.0024839245	-0.005048271	0.0022836917	-0.0084644792	0.0013092279	0.00101047	0.0018019317	0.0011457853	0.0025316659	0.02400854	-0.0137443371	-0.0220571675	0.0367118697	-0.0050699386	-0.0026383391	-0.0218608586	-0.0119798648	-0.0330803074	0.0149351452	0.0047695496	-0.0097438464	0.0180580466	-0.0161373435	-0.007055202	0.0032375309	-0.0466661601	-0.0091326235	0.0394329817	0.0008530797	-0.0456438352	0.0113596926	-0.0330370211	-0.0576303933	0.0573168719	-0.0567955989	0.0560684638	-0.0551381022	0.00213645	0.0103582699999999	0.0001072937573928	4.5644186025e-06	-0.0238466	0.0245643	0.00060340483449	0.00056866033156	0.440545	0.054214	0.194079897025	0.002939157796	0.00744521	-0.000605	3.660250000000006e-07	5.54311519441e-05	-0.00463603	-1.6150000000000365e-05	2.14927741609e-05	2.608225000000118e-10	-0.00137499	0.00064954	4.219022116000002e-07	1.8905975001e-06	0.0	0.0	0.0	0.0	0.0	0.0	0.0	0.0	0.0	0.0	0.0	0.0	0.0	0.0	0.0	0.0	0.0	0.0	0.0	0.0	0.0	0.0	0.0	0.0	0.0	0.0	0.0	0.0	0.0	0.0	0.0	0.0	0.0	0.0	0.0	0.0	0.0	0.0	0.0	0.0	0.0	0.0	0.0	0.0	0.0	0.0	0.0	0.0	0.0	0.0	0.0	0.0	0.0	0.0	0.0	0.0	0.0	0.0	0.0	0.0	0.0	0.0	0.0	0.0	0.0	0.0	0.0	0.0	0.0	0.0	0.0	0.0	0.0	0.0	0.0	0.0	0.0	0.0
37007.481591045405	3.657637786171108	13.378314174826684	1369553693.7115643	51165.24480940832	2989.653355024435	8938027.18320886	2617882276.4066854	36697.704053082576	-256.01661415120907	65544.50672144907	1346721482.7676334	38013.7737308114	23429.930106473003	2.579267	93.771851	0.20046455	0.0946674	-0.0069169999	0.002029669	0.0388847889	-0.1297426779	0.049439225	0.0388848073	0.1558857343	0.0351560333	0.1578036694	0.0043305049	0.0439580139	0.0252803408	-0.0643477747	-0.0480056273	0.0154927084	-0.0576724686	-0.0879826191	-0.086366449	0.0463517973	0.0128944553	0.0328198024	-0.0412498446	0.0443997516	-0.0390049624	0.0182245257	0.0216468589	0.0403095043	0.0353729382	0.0317391883	-0.0335546655	-0.0312507463	-0.0171531764	0.0048009944	-0.0452851434	-0.0576477949	0.0573863625	-0.0569515197	0.0563445805	-0.055567379	0.041654	0.03951755	0.0015616367580024	0.0017350557159999	-0.0684711	-0.0446245	0.00199134600025	0.0046882915352099	0.499261	0.0587159999999999	0.249261546121	0.0034475686559999	0.00694483	-0.0005003799999999	2.503801443999999e-07	4.82306637289e-05	-0.00463382	2.2099999999998857e-06	2.14722877924e-05	4.884099999999495e-12	-0.00202453	-0.00064954	4.219022116000002e-07	4.098721720900001e-06	0.0	0.0	0.0	0.0	0.0	0.0	0.0	0.0	0.0	0.0	0.0	0.0	0.0	0.0	0.0	0.0	0.0	0.0	0.0	0.0	0.0	0.0	0.0	0.0	0.0	0.0	0.0	0.0	0.0	0.0	0.0	0.0	0.0	0.0	0.0	0.0	0.0	0.0	0.0	0.0	0.0	0.0	0.0	0.0	0.0	0.0	0.0	0.0	0.0	0.0	0.0	0.0	0.0	0.0	0.0	0.0	0.0	0.0	0.0	0.0	0.0	0.0	0.0	0.0	0.0	0.0	0.0	0.0	0.0	0.0	0.0	0.0	0.0	0.0	0.0	0.0	1.0	0.0
36950.30767678636	-57.17391425904498	3268.8564717006266	1365325237.409177	47921.08181603599	-3244.1629933723307	10524593.52756652	2296430082.419215	37076.22075722967	378.5167041470922	143274.89531837736	1374646145.638828	38053.45557268823	23341.99307761713	2.572892	93.540085	0.1935416999999999	0.114596	8.7427e-05	0.0104383409	0.0140126472	0.0018091516	0.0063574567	-0.0008531859	0.0137349355	0.0020986721	0.012143973	-0.0012562637	0.0022587038	0.0170031614	0.0108442235	-0.0135571786	-0.0483513902	-0.0235218858	-0.0285579243	-0.006262704	0.0341685914	-0.0240696253	0.0103224817	-0.0086199067	0.0058810543	0.0394155415	-0.0111941325	-0.0363484575	0.0027729612	0.0120317153	-0.068623957	-0.0410480481	-0.0273401153	-1.5634e-06	-0.001589839	-0.0102194354	-0.0576636161	0.0574495601	-0.0570933886	0.0565959827	-0.0559585727	0.0449125	0.0032585	1.0617822250000028e-05	0.00201713265625	0.0270506	0.0955216999999999	0.0091243951708899	0.00073173496036	0.464525	-0.0347359999999999	0.215783475625	0.0012065896959999	0.00761778	0.00067295	4.528617025000004e-07	5.8030572128400006e-05	-0.00516138	-0.0005275599999999	2.66398435044e-05	2.7831955359999985e-07	-0.00202453	0.0	0.0	4.098721720900001e-06	0.0	0.0	0.0	0.0	0.0	0.0	0.0	0.0	0.0	0.0	0.0	0.0	0.0	0.0	0.0	0.0	0.0	0.0	0.0	0.0	0.0	0.0	0.0	0.0	0.0	0.0	0.0	0.0	0.0	0.0	0.0	0.0	0.0	0.0	0.0	0.0	0.0	0.0	0.0	0.0	0.0	0.0	0.0	0.0	0.0	0.0	0.0	0.0	0.0	0.0	0.0	0.0	0.0	0.0	0.0	0.0	0.0	0.0	0.0	0.0	0.0	0.0	0.0	0.0	0.0	0.0	0.0	0.0	0.0	0.0	0.0	0.0	0.0	0.0	0.0	0.0	0.0	1.0
36981.71785015721	31.41017337085213	986.5989911869884	1367647455.1486366	48511.06635533916	589.9845393031646	348081.75661676744	2353323558.932119	36821.46486785604	-254.75588937362767	64900.56317054805	1355820275.014757	37886.59325657895	23184.47697058292	1.109282	40.32906	0.1352394	0.0760807	-0.000657646	0.004875771	0.0019942008	-0.0237526901	0.0177502482	-0.0142673549	0.0245742431	0.0097796813	0.0261030522	0.0046723977	0.0018275304	0.0211159402	-0.01320612	-0.0205618076	0.0384907439	-0.0169309752	-0.0153083581	-0.0317803248	-0.0025298085	-0.0026028605	0.0093582252	-0.0173075327	-0.0109531638	0.0152723832	-0.0265860084	0.0163564745	0.0334621221	-0.0109406594	0.0185036414	0.054971016	0.0297251779	-0.0152486976	-0.0265098472	-0.0462269909	-0.0576778563	0.0575064577	-0.0572211706	0.0568225599	-0.0563114151	0.0449014	-1.11e-05	1.2320999999999998e-10	0.00201613572196	-0.0275137	-0.0545642999999999	0.0029772628344899	0.0007570036876899	0.417991	-0.046534	0.174716476081	0.002165413156	0.00749892	-0.00011886	1.4127699600000034e-08	5.62338011664e-05	-0.00521936	-5.798000000000001e-05	2.7241718809600003e-05	3.361680400000001e-09	-0.00253029	-0.00050576	2.5579317760000005e-07	6.402367484100001e-06	0.0	0.0	0.0	0.0	0.0	0.0	0.0	0.0	0.0	0.0	0.0	0.0	0.0	0.0	0.0	0.0	0.0	0.0	0.0	0.0	0.0	0.0	0.0	0.0	0.0	0.0	0.0	0.0	0.0	0.0	0.0	0.0	0.0	0.0	0.0	0.0	0.0	0.0	0.0	0.0	0.0	0.0	0.0	0.0	0.0	0.0	0.0	0.0	0.0	0.0	0.0	0.0	0.0	0.0	0.0	0.0	0.0	0.0	0.0	0.0	0.0	0.0	0.0	0.0	0.0	0.0	0.0	0.0	0.0	0.0	0.0	0.0	0.0	0.0	0.0	0.0	0.0	0.0
37076.429025647645	94.71117549043264	8970.206762779531	1374661589.2938871	49547.81533249407	1036.748977154915	1074848.4416317632	2454986004.2229347	36901.097842670046	79.63297481400514	6341.410677727977	1361691021.994308	38042.09984534905	23425.283016051824	1.121297	40.765862	0.1545681	0.0778581	-0.0021066003	0.0085576254	0.0208186557	-0.0587694672	0.0124333822	0.0378946479	0.0710882018	0.0179850801	0.0718385134	0.0042064758	0.0136210784	0.0246211242	-0.023464496	-0.0091133811	-0.0027110436	-0.033240111	-0.0528246792	-0.0408409589	0.0407733886	0.0572815293	0.0216546843	-0.0385236234	0.0208822558	-0.0073916133	-0.0089122594	-0.0097880044	0.0158863985	0.0254178128	0.04864293	-0.0198729734	-0.0193684168	0.0146374178	-0.0151562289	0.0069886307	-0.0576905153	0.0575570491	-0.0573348341	0.0570242129	-0.0566256646	0.0276386	-0.0172628	0.00029800426384	0.00076389220996	-0.0899945	-0.0624808	0.00390385036864	0.00809901003025	0.389825	-0.028166	0.1519635306249999	0.000793323556	0.0080389199999999	0.0005399999999999	2.9159999999989284e-07	6.46242347663984e-05	-0.00512202	9.734000000000043e-05	2.62350888804e-05	9.475075600000087e-09	-0.00282612	-0.0002958299999999	8.751538889999997e-08	7.9869542544e-06	0.0	0.0	0.0	0.0	0.0	0.0	0.0	0.0	0.0	0.0	0.0	0.0	0.0	0.0	0.0	0.0	0.0	0.0	0.0	0.0	0.0	0.0	0.0	0.0	0.0	0.0	0.0	0.0	0.0	0.0	0.0	0.0	0.0	0.0	0.0	0.0	0.0	0.0	0.0	0.0	0.0	0.0	0.0	0.0	0.0	0.0	0.0	0.0	0.0	0.0	0.0	0.0	0.0	0.0	0.0	0.0	0.0	0.0	0.0	0.0	0.0	0.0	0.0	0.0	0.0	0.0	0.0	0.0	0.0	0.0	0.0	0.0	0.0	0.0	0.0	0.0	0.0	0.0
37098.5463158041	22.117290156456875	489.1745238649042	1376302138.745862	48101.77022780288	-1446.0451046911912	2091046.4448013585	2313780299.048344	37003.65407295666	102.55623028661648	10517.780370601511	1369270414.751042	38002.71746550621	23564.80311932702	1.267647	46.086567	0.0744799	0.0430388	0.0005731206	0.0102198561	0.0053299941	-0.0113545483	0.0017208037	-0.003745357	0.0142216726	0.0047362892	0.0140882308	0.001412642	0.0007997246	0.0205255679	0.0014930537	0.0038599821	0.0079939495	0.0033669915	-0.0018759937	-0.0027311961	-0.0017442018	0.0291483143	0.0227510912	-0.0103309968	-0.0049063562	0.0221918896	-0.0176500688	-0.0077885406	0.002718663	-0.0397724929	-0.0400945556	0.0174423827	-0.0035645997	0.0266953905	-0.002694613	0.0168222059	-0.0577015927	0.0576013287	-0.0574343511	0.0572008532	-0.0569011056	0.0253036	-0.002335	5.452225000000001e-06	0.0006402721729599	-0.0567141	0.0332804	0.00110758502416	0.00321648913881	0.367222	-0.0226029999999999	0.134851997284	0.0005108956089999	0.0082267	0.00018778	3.526132840003722e-08	6.767859289e-05	-0.00519581	-7.379000000000066e-05	2.6996441556100003e-05	5.444964100000098e-09	-0.00276246	6.36600000000001e-05	4.052595600000013e-09	7.6311852516e-06	0.0	0.0	0.0	0.0	0.0	0.0	0.0	0.0	0.0	0.0	0.0	0.0	0.0	0.0	0.0	0.0	0.0	0.0	0.0	0.0	0.0	0.0	0.0	0.0	0.0	0.0	0.0	0.0	0.0	0.0	0.0	0.0	0.0	0.0	0.0	0.0	0.0	0.0	0.0	0.0	0.0	0.0	0.0	0.0	0.0	0.0	0.0	0.0	0.0	0.0	0.0	0.0	0.0	0.0	0.0	0.0	0.0	0.0	0.0	0.0	0.0	0.0	0.0	0.0	0.0	0.0	0.0	0.0	0.0	0.0	0.0	0.0	0.0	0.0	0.0	0.0	0.0	0.0
37059.62833370709	-38.91798209700937	1514.609330503142	1373416052.2325056	47603.33423892921	-498.4359888736726	248438.43500447588	2266077430.66321	37128.71905212905	125.06497917238448	15641.249015388965	1378541778.4519303	38076.9087723867	23899.723066190138	0.952737	34.637699	0.0362697	0.0235307	0.0031778829	0.0153801226	-0.0018878071	0.0149108162	0.000317477	0.005373882	-0.0177952286	-0.0058712394	-0.0184693627	-0.0024312326	-0.0017568191	0.0232514275	0.0035635218	0.0164397406	-0.0027217098	0.0183238765	0.0042484098	0.0169602017	-0.0061586361	0.0244454157	0.0144721127	-0.0098705368	-0.0294857885	0.0314626178	-0.0283251117	-0.0114239536	-0.018350897	0.0005173634	0.0324598595	0.0048771215	0.0507973127	0.0395476766	-0.016954599	-0.0101328659	-0.0577110881	0.0576392917	-0.057519697	0.0573524034	-0.0571375495	0.0198395	-0.0054640999999999	2.9856388809999997e-05	0.00039360576025	-0.0597812	-0.0030670999999999	9.407102409999976e-06	0.00357379187344	0.345037	-0.022185	0.1190505313689999	0.000492174225	0.0082267	0.0	0.0	6.767859289e-05	-0.0051484	4.7410000000000334e-05	2.650602256e-05	2.2477081000000315e-09	-0.00282612	-6.36600000000001e-05	4.052595600000013e-09	7.9869542544e-06	0.0	0.0	0.0	0.0	0.0	0.0	0.0	0.0	0.0	0.0	0.0	0.0	0.0	0.0	0.0	0.0	0.0	0.0	0.0	0.0	0.0	0.0	0.0	0.0	0.0	0.0	0.0	0.0	0.0	0.0	0.0	0.0	0.0	0.0	0.0	0.0	0.0	0.0	0.0	0.0	0.0	0.0	0.0	0.0	0.0	0.0	0.0	0.0	0.0	0.0	0.0	0.0	0.0	0.0	0.0	0.0	0.0	0.0	0.0	0.0	0.0	0.0	0.0	0.0	0.0	0.0	0.0	0.0	0.0	0.0	0.0	0.0	0.0	0.0	0.0	0.0	0.0	0.0
37122.42821044673	62.79987673963478	3943.824518513322	1378074676.2397711	48041.97972822868	438.6454892994734	192409.86528277444	2308031816.207536	37035.1874081292	-93.53164399984962	8748.168429314606	1371605106.3552516	38018.05422012061	23526.8927678996	0.846487	30.774874	0.2412768	0.123513	0.0036812715	0.0135135603	-0.005196922	0.0089933609	-0.0053652276	0.0467107501	-0.0156711698	-0.0031853076	-0.0153653881	0.0001600578	-0.0038059958	0.0363101627	-0.0015667022	0.0246241948	0.0102097352	0.0105766184	0.0007243488	0.0203676157	-0.0072338228	-0.004042679	0.0148678918	0.0064779426	-0.0114725053	0.0535228502	-0.0118403208	-0.0520010983	-0.0119382069	-0.0126797767	0.0026565538	-0.0141309699	-0.0258163133	-0.0075335534	0.0324478583	0.0064357473	-0.0577190014	0.0576709338	-0.0575908508	0.0574787968	-0.0573348341	0.013934	-0.0059054999999999	3.4874930249999995e-05	0.000194156356	-0.0258784	0.0339028	0.0011493998478399	0.0006696915865599	0.30555	-0.0394869999999999	0.0933608024999999	0.0015592231689999	0.00599092	-0.0022357799999999	4.998712208399999e-06	3.58911224464e-05	-0.00453038	0.00061802	2.0524342944399995e-05	3.819487204000005e-07	-0.00244029	0.00038583	1.4886478890000014e-07	5.9550152841e-06	0.0	0.0	0.0	0.0	0.0	0.0	0.0	0.0	0.0	0.0	0.0	0.0	0.0	0.0	0.0	0.0	0.0	0.0	0.0	0.0	0.0	0.0	0.0	0.0	0.0	0.0	0.0	0.0	0.0	0.0	0.0	0.0	0.0	0.0	0.0	0.0	0.0	0.0	0.0	0.0	0.0	0.0	0.0	0.0	0.0	0.0	0.0	0.0	0.0	0.0	0.0	0.0	0.0	0.0	0.0	0.0	0.0	0.0	0.0	0.0	0.0	0.0	0.0	0.0	0.0	0.0	0.0	0.0	0.0	0.0	0.0	0.0	0.0	0.0	0.0	0.0	0.0	0.0
37062.00743354926	-60.42077689746657	3650.6702808934297	1373592395.0044606	47833.347202680685	-208.6325255479969	43527.530716535584	2288029104.6122003	37042.71953264279	7.532124513592862	56.73289968826651	1372163070.3740356	38031.89807885599	23870.876591135027	0.8160469999999999	29.6682	0.18939251	0.0946716	0.0042707211	0.0161280743	-0.0045198757	0.0094491918	0.0034380438	0.0052086266	-0.0173199193	-0.0060528279	-0.0173657285	-0.0027467166	-0.003915188	0.0432487045	-0.0006682879	0.0280780736	-0.0072366224	0.0037526574	-0.0007368238	0.0107573547	0.0012723128	-0.0442133159	0.0137670111	0.0269732083	-0.0185755342	0.0476928405	-0.0005460699	-0.0181839338	-0.0036460764	-0.0095676798	0.0020465821	0.039364443	0.0508861877	-0.0387201499	0.0095268241	-0.045446737	-0.0577253323	0.0576962517	-0.0576477949	0.0575799782	-0.0574928243	-0.00199941	-0.01593341	0.0002538735542281	3.997640348100001e-06	-0.026149	-0.0002705999999999	7.322435999999963e-08	0.000683770201	0.332255	0.026705	0.110393385025	0.000713157025	0.00489474	-0.00109618	1.2016105924000009e-06	2.39584796676e-05	-0.00348162	0.0010487599999999	1.21216778244e-05	1.0998975375999993e-06	-0.00165556	0.00078473	6.158011728999999e-07	2.7408789136e-06	0.0	0.0	0.0	0.0	0.0	0.0	0.0	0.0	0.0	0.0	0.0	0.0	0.0	0.0	0.0	0.0	0.0	0.0	0.0	0.0	0.0	0.0	0.0	0.0	0.0	0.0	0.0	0.0	0.0	0.0	0.0	0.0	0.0	0.0	0.0	0.0	0.0	0.0	0.0	0.0	0.0	0.0	0.0	0.0	0.0	0.0	0.0	0.0	0.0	0.0	0.0	0.0	0.0	0.0	0.0	0.0	0.0	0.0	0.0	0.0	0.0	0.0	0.0	0.0	0.0	0.0	0.0	0.0	0.0	0.0	0.0	0.0	0.0	0.0	0.0	0.0	0.0	0.0
37070.179317916685	8.171884367424354	66.77969411455454	1374198194.662498	48314.85025038877	481.5030477080873	231845.18495217653	2334324754.717492	37039.92881914684	-2.7907134959532414	7.788081816495562	1371956326.9274645	38040.03464158443	23527.77822204843	0.816256	29.675804	0.2128203099999999	0.096962	0.0034603287	0.0132946554	-0.0037666427	0.0024559757	-0.0065521703	0.0662543968	-0.0083314401	-0.0017790316	-0.0079065199	0.0003262391	-0.0022673357	0.0326760072	0.0009376443	0.0067074143	0.0031390369	0.0046264865	-0.0006291243	0.0022913039	0.0035493461	-0.0341729637	0.0250128362	0.0151398646	0.0030413675	0.0410106622	-0.0033363438	-0.023005171	-0.0094337471	0.0187412988	0.0586282022	-0.0369704281	-0.0127426408	-0.0472308533	-0.0010620413	-0.0201325032	-0.0577300806	0.0577152426	-0.0576905153	0.0576559031	-0.0576114118	0.0194177	0.02141711	0.0004586926007521	0.00037704707329	-0.0647097	-0.0385606999999999	0.0014869275844899	0.0041873452740899	0.399416	0.0671609999999999	0.159533141056	0.0045105999209999	0.00611141	0.00121667	1.480285888900001e-06	3.73493321881e-05	-0.00397858	-0.0004969599999999	1.58290988164e-05	2.4696924159999986e-07	-0.00165556	0.0	0.0	2.7408789136e-06	0.0	0.0	0.0	0.0	0.0	0.0	0.0	0.0	0.0	0.0	0.0	0.0	0.0	0.0	0.0	0.0	0.0	0.0	0.0	0.0	0.0	0.0	0.0	0.0	0.0	0.0	0.0	0.0	0.0	0.0	0.0	0.0	0.0	0.0	0.0	0.0	0.0	0.0	0.0	0.0	0.0	0.0	0.0	0.0	0.0	0.0	0.0	0.0	0.0	0.0	0.0	0.0	0.0	0.0	0.0	0.0	0.0	0.0	0.0	0.0	0.0	0.0	0.0	0.0	0.0	0.0	0.0	0.0	0.0	0.0	0.0	0.0	0.0	0.0	0.0	0.0	0.0	0.0
36993.01488436185	-77.16443355483352	5954.3498058383175	1368483150.2346177	47516.35276584716	-798.4974845416145	637598.232819286	2257803780.168431	37077.98952405033	38.06070490349521	1448.6172577509442	1374777307.1455865	38016.94248994883	23686.206174900588	0.8339029999999998	30.317366	0.0832831	0.0481202	0.0040012654	0.0143717508	-0.004542839	0.020940407	-0.0052876963	0.0154473039	-0.0229744606	-0.0092018024	-0.0239625382	-0.0040730576	-0.0037516635	0.0350058967	0.0021934521	0.0188380615	-0.006447114	0.0028626367	0.001378371	0.0098466032	-0.0036662734	-0.0256291252	0.0170180732	0.0102992262	-0.0273607625	0.0384771652	-0.0199854586	-0.0557791473	-0.0011942306	-0.0157120494	-0.0349027278	0.0347761235	0.0205725879	-0.014368154	-0.0040493907	-0.0306667437	-0.0577332462	0.0577279043	-0.0577190014	0.0577065382	-0.0576905153	0.0194473	2.9600000000001157e-05	8.761600000000681e-10	0.00037819747729	-0.0828227	-0.018113	0.000328080769	0.0068595996352899	0.356692	-0.0427239999999999	0.127229182864	0.0018253401759999	0.00589825	-0.00021316	4.543718560000018e-08	3.47893530625e-05	-0.00421375	-0.0002351699999999	1.7755689062499996e-05	5.5304928899999924e-08	-0.00165556	0.0	0.0	2.7408789136e-06	0.0	0.0	0.0	0.0	0.0	0.0	0.0	0.0	0.0	0.0	0.0	0.0	0.0	0.0	0.0	0.0	0.0	0.0	0.0	0.0	0.0	0.0	0.0	0.0	0.0	0.0	0.0	0.0	0.0	0.0	0.0	0.0	0.0	0.0	0.0	0.0	0.0	0.0	0.0	0.0	0.0	0.0	0.0	0.0	0.0	0.0	0.0	0.0	0.0	0.0	0.0	0.0	0.0	0.0	0.0	0.0	0.0	0.0	0.0	0.0	0.0	0.0	0.0	0.0	0.0	0.0	0.0	0.0	0.0	0.0	0.0	0.0	0.0	0.0	0.0	0.0	0.0	0.0
37010.51059030918	17.495705947330862	306.0997265954685	1369777894.155388	48141.4300924726	625.07732662544	390721.66426120704	2317597291.3484263	36945.2688487812	-132.72067526913452	17614.777643895053	1364952890.3087225	37971.19495591192	23577.839960924	0.935987	34.028736	0.0741851	0.03751	0.0020828869	0.0114416032	-0.0036190775	-0.0052543138	-0.0013650968	0.026339376	0.0049860763	0.0011394022	0.0053666734	0.0002744988	-0.0019048547	0.0326510218	-0.0057739449	0.0146033384	0.0102468061	-0.0025570379	-0.0061969062	0.0005793398	0.0047903931	0.001433922	0.0302113505	0.0014751034	0.0119890481	0.0290398346	-0.0124960299	0.0093448032	0.0076704175	-0.0113754052	0.0739361764	0.0307115815	0.0365284074	-0.016265445	-0.0135556768	-0.0207206245	-0.0577348291	0.0577342355	-0.0577332462	0.0577318613	-0.0577300806	0.02109	0.0016427	2.6984632900000014e-06	0.0004447881	-0.0649523	0.0178703999999999	0.0003193511961599	0.00421880127529	0.332905	-0.023787	0.110825739025	0.000565821369	0.00618598	0.0002877299999999	8.278855289999997e-08	3.82663485604e-05	-0.00433626	-0.00012251	1.88031507876e-05	1.5008700100000037e-08	-0.00186302	-0.00020746	4.3039651600000015e-08	3.4708435204e-06	0.0	0.0	0.0	0.0	0.0	0.0	0.0	0.0	0.0	0.0	0.0	0.0	0.0	0.0	0.0	0.0	0.0	0.0	0.0	0.0	0.0	0.0	0.0	0.0	0.0	0.0	0.0	0.0	0.0	0.0	0.0	0.0	0.0	0.0	0.0	0.0	0.0	0.0	0.0	0.0	0.0	0.0	0.0	0.0	0.0	0.0	0.0	0.0	0.0	0.0	0.0	0.0	0.0	0.0	0.0	0.0	0.0	0.0	0.0	0.0	0.0	0.0	0.0	0.0	0.0	0.0	0.0	0.0	0.0	0.0	0.0	0.0	0.0	0.0	0.0	0.0	0.0	0.0
