trans_x	trans_y	trans_z	rot_x	rot_y	rot_z	dvars_std	dvars_nstd	dvars_vstd	framewise_displacement	aqi	aor
0.0	-0.0	0.0	-0.0	0.0	-0.0	n/a	n/a	n/a	n/a	0.0200532	0.00571
-0.0162	-0.1848	0.0619	0.0005707226654021458	-0.00028797932657906436	4.0142572795869576e-05	1.18605506	28.6912384	1.1267814	0.307842228238854	0.0187846	0.00303
-0.009	-0.1279	-0.0564	0.0014189526818713899	-0.00039095375244672985	-8.901179185171081e-05	1.18511653	28.66853333	1.17277677	0.23641794034922448	0.0206791	0.00265
-0.0081	-0.1331	-0.1352	0.0016231562043547262	0.0003525565089028545	-6.45771823237902e-05	1.10366154	26.69809914	1.05589665	0.13350741966804203	0.0218402	0.00282
-0.0097	-0.0858	-0.1657	0.001933824811209717	0.0005899212871740833	-6.108652381980153e-05	1.01730406	24.60906982	0.94119242	0.1069762021815104	0.0237545	0.0043
-0.0112	-0.0995	-0.0698	0.0011239920382843482	0.00029321531433504735	5.585053606381854e-05	1.31411517	31.78907204	1.02276559	0.17227379028240122	0.0194638	0.00238
-0.0268	-0.0957	0.0418	0.00037524578917878077	6.9813170079773176e-06	-7.330382858376184e-05	1.21112001	29.29757118	1.03403546	0.18920673055401088	0.0189369	0.00191
-0.0297	-0.1018	0.0718	0.00016231562043547262	-0.00042236967898262774	4.0142572795869576e-05	1.03170991	24.95755386	0.94796541	0.07678637830567724	0.0175659	0.00157
-0.0353	-0.1795	0.1216	0.00020594885173533088	-0.00031415926535897925	9.773843811168246e-05	1.06673014	25.80471039	0.98252423	0.14357197551196596	0.0170036	0.00146
-0.0271	-0.1777	0.0249	0.000879645943005142	-0.0005358160803622592	-0.0001658062789394613	1.04692507	25.32561684	1.01838235	0.16464493116621176	0.0193757	0.00118
-0.0241	-0.1527	-0.0311	0.0013421581947836393	-0.00017453292519943296	-0.0002513274122871834	1.10875571	26.82132912	0.97810274	0.12946582701445228	0.0175915	0.00124
-0.03	-0.182	-0.05	0.0017662732030182616	0.0001937315469713706	-0.00034906585039886593	1.1316725	27.37569809	0.99343632	0.0986058959258554	0.0201524	0.00201
-0.0363	-0.1061	-0.0826	0.0024591689160600103	0.0005515240436302081	-0.0005497787143782138	1.11592591	26.99477959	1.01362759	0.17737005368399672	0.0220065	0.00281
-0.0416	-0.1201	0.051	0.0015132004614790836	0.0003298672286269283	-0.0005602506898901797	1.26698196	30.64889908	1.06304705	0.2118048622548086	0.0194663	0.00207
-0.0437	-0.1203	0.0004	0.0019757127132575807	0.00030368728984701333	-0.0006702064327658224	1.09218085	26.42037582	1.00531708	0.08283239667170275	0.020137	0.0026
-0.0369	-0.0735	-0.1451	0.0023282692221604354	0.0007627088831215222	-0.000609119908946021	1.25237429	30.29553223	1.07043313	0.24273323129985827	0.0228783	0.00428
-0.0289	-0.078	-0.1319	0.0019722220547535923	0.0007731808586334879	-0.0004363323129985824	1.05571401	25.53822517	0.98760845	0.052665336943312394	0.0218745	0.00356
-0.0316	-0.1104	0.0062	0.0008011061266653974	0.0003595378259108319	-0.0003089232776029963	1.24151707	30.03289032	1.09283752	0.2588083998103219	0.0166366	0.00155
-0.0335	-0.1273	0.0476	0.000705113017805709	-0.0001064650843716541	-0.00062482787221397	1.12221277	27.14686394	1.04931542	0.1040950306876574	0.0173624	0.00132
-0.0285	-0.1834	-0.0842	0.0016057029118347831	0.00021642082724729686	-0.0007382742735936014	1.17590737	28.44576073	1.04287934	0.25974611035138284	0.0190759	0.00195
-0.0299	-0.0542	-0.1964	0.002579596634447619	0.0006562437987498679	-0.00041189770347066176	1.20484841	29.14585876	1.09351979	0.32980466321191726	0.0263152	0.00664
-0.0209	-0.1186	-0.1592	0.0029548424236264	0.0004328416544945937	-0.0003054326190990077	1.14335287	27.65825081	0.98640974	0.14585565089028543	0.024399	0.00538
-0.0274	-0.1338	0.0055	0.002022836603061428	2.96705972839036e-05	-0.00022863813201125715	1.22381198	29.60459709	1.12145192	0.25699856824317063	0.0207865	0.00234
-0.0362	-0.1501	0.0327	0.0027419122548830916	-0.00021118483949131387	-0.00031415926535897925	1.19049597	28.798666	1.02691842	0.10457261109723016	0.021602	0.00337
-0.0365	-0.2338	-0.0584	0.003316125578789226	0.00014137166941154068	-0.0004625122517784973	1.10498309	26.73006821	1.03068859	0.22885614096142531	0.0238058	0.00441
-0.0377	-0.1832	-0.1181	0.0031084313978019013	0.0003874630939427412	-0.0005026548245743669	1.02271676	24.74000549	0.94294232	0.1361964089157197	0.0235144	0.00497
-0.0306	-0.1782	-0.1156	0.002892010570554604	0.00035604716740684323	-0.0005131268000863328	1.27385712	30.81521034	0.94231018	0.027515436464758063	0.0242693	0.00532
-0.0444	-0.1246	-0.0218	0.002165953601724963	0.0005358160803622592	-0.00016929693744344995	1.32591903	32.07461548	1.04301018	0.223682787221397	0.0215978	0.00388
-0.0508	-0.1994	0.0563	0.002647664475275398	7.853981633974481e-05	1.2217304763960308e-05	1.13032055	27.34299469	1.06187226	0.215325068989018	0.0218505	0.0035
-0.0513	-0.1662	-0.0315	0.003485422516232676	8.901179185171081e-05	-0.00022689280275926284	1.07803011	26.07806206	1.01814532	0.17586700619962337	0.0233989	0.00477
-0.0511	-0.2399	-0.0995	0.003897320219703338	0.0004572762640225143	-0.0004747295565424576	1.15762126	28.00341034	0.9834419	0.19329994647123305	0.0265442	0.00687
-0.049	-0.1606	-0.1491	0.0037297686115118824	0.0006108652381980154	-0.0004921828490624009	1.17468143	28.41610336	1.0091441	0.147929693744345	0.0268827	0.00684
-0.0562	-0.1725	-0.0547	0.003153809958353753	0.0006736970912698113	-0.00019547687622336493	1.13861477	27.54363632	1.07157044	0.16027482395344805	0.0245138	0.00496
-0.0455	-0.1115	-0.1026	0.00364424747816416	0.0007243116395776468	-0.00023911010752322313	1.1001389	26.61288643	1.00902513	0.148834264970905	0.0247287	0.00602
-0.0475	-0.1056	-0.1355	0.0037699111843077517	0.0008220500776893293	-0.00028623399732707005	1.0910815	26.39378357	0.94509663	0.05432630170295608	0.0265124	0.00763
-0.0498	-0.1289	-0.1361	0.0038048177693476384	0.0006911503837897545	-0.0002373647782712288	1.20039713	29.0381794	0.95005491	0.03693377489976511	0.0260984	0.00709
-0.0562	-0.1706	-0.0134	0.002775073510670984	0.0008482300164692441	-2.792526803190927e-05	1.17886806	28.51738167	1.09217935	0.24061317007977315	0.0213324	0.00375
-0.057	-0.1347	0.0806	0.0022636920398366456	0.0004747295565424576	0.00011519173063162575	1.10872614	26.82061386	1.00278901	0.182099946471233	0.0211243	0.00372
-0.0401	-0.2385	0.1315	0.0027366762671271086	0.0005602506898901797	8.901179185171081e-05	1.14993775	27.81754303	1.03785952	0.20083426497090504	0.0235051	0.00521
-0.0234	-0.2315	-0.0455	0.00217293491873294	-0.00015184364492350666	-0.0005916666164260777	1.30155993	31.48535538	1.19591396	0.29852570457428207	0.0198272	0.00195
-0.0063	-0.1861	-0.2248	0.0021205750411731105	-0.00016929693744344995	0.0001012290966156711	1.26283085	30.54848099	1.1266251	0.2799354441560761	0.0241428	0.00472
0.001	-0.02	-0.3322	0.0018797196043978928	0.00032637657012293966	0.0004625122517784973	1.33074796	32.19142914	1.09176366	0.3356906049752217	0.0301313	0.00838
0.0148	-0.0248	-0.3268	0.0021676989309769574	-0.00033335788713091696	0.0002024581932313422	1.06642926	25.79743385	0.97212262	0.08438839211900383	0.0318111	0.00896
0.004	-0.0606	-0.1526	0.0015463617172669759	-0.0005445427266222308	-0.0003717551306747922	1.31160963	31.72846413	1.15215986	0.2911367688553715	0.0215204	0.00342
-0.0075	-0.0552	-0.0318	0.0011885692206081383	-0.0007888888219014368	-0.00026354471705114377	1.10699391	26.77871132	1.00062517	0.1732174502780846	0.0182062	0.00224
-0.0157	-0.1255	-0.0133	0.0016650441064025902	-0.000874409955249159	-0.00038571776469074686	1.0671761	25.81550026	0.96026147	0.13120845333908887	0.0179402	0.00146
-0.0131	-0.1438	-0.1196	0.0024312436480281013	-0.0004677482395344803	-0.0005619960191421741	1.07588422	26.02615166	0.99827511	0.19465697558958087	0.0213376	0.0029
-0.0248	-0.101	-0.15	0.002874557278034661	1.3962634015954635e-05	-0.0005881759579220891	1.10913336	26.83046532	0.98900653	0.13246022211684547	0.0235755	0.00486
-0.0229	-0.1484	-0.1496	0.00301941960595019	0.00015533430342749534	-0.0006178465552059926	1.04625261	25.30934906	0.96177365	0.06549522973054864	0.0230367	0.00411
-0.0264	-0.0916	-0.1206	0.002844886680750757	0.0002007128639793479	-0.000582939970166106	1.30008686	31.44972038	0.96628236	0.10204090353955862	0.0238782	0.00419
-0.0228	-0.1099	-0.1812	0.0028780479365386495	0.00014311699866353502	-0.0004921828490624009	1.27739167	30.90071487	0.9689569	0.0915757121103705	0.0243105	0.00475
-0.0249	-0.0456	-0.2125	0.0028605946440187057	0.0003647738136668148	-0.00041015237421866745	1.06382811	25.73450851	0.95459774	0.11375702911834781	0.0260614	0.00661
-0.0194	-0.0739	-0.1958	0.0026563911215353696	0.00037350045992678646	-0.0003211405823669566	1.00593507	24.33404922	0.91945977	0.06559709802975092	0.0245135	0.00587
-0.0148	-0.1407	-0.059	0.0021676989309769574	-0.0002495820830351891	-0.0002722713633111154	1.22844899	29.71676636	1.13916808	0.26623219762881145	0.0204857	0.00245
-0.0415	-0.1331	0.0728	0.00152367243699105	-0.00042411500823462205	-0.00034033920413889426	1.20442963	29.13572884	1.06251184	0.21043136300065596	0.0196211	0.00209
-0.049	-0.191	0.1105	0.0017540558982543013	-0.00042411500823462205	-0.0003874630939427412	1.04044056	25.16875267	0.97262263	0.11697536755335491	0.0201923	0.00171
-0.0435	-0.1827	-0.0243	0.002726204291615143	-0.0002251474735072685	-0.0005951572749300663	1.13978016	27.57182693	1.0760656	0.217540505453776	0.0203035	0.0018
-0.0375	-0.1732	-0.1317	0.0033056536032772606	0.00039269908169872416	-0.0006579891280018621	1.10307312	26.68386459	0.99029853	0.18590638599699527	0.023203	0.00392
-0.0353	-0.1331	-0.1767	0.0033405601883171464	0.000783652834145454	-0.0005619960191421741	1.11122727	26.88111877	0.99852401	0.11339267231731516	0.0258394	0.00532
-0.0421	-0.1463	-0.1041	0.0028675759610266834	0.0007696902001294993	-0.0005532693728822024	1.12425494	27.19626427	0.98758397	0.11738367537831948	0.0212737	0.00353
-0.0344	-0.0308	-0.174	0.0032777283352453507	0.0007801621756414653	-0.0005445427266222308	1.11514068	26.9757843	1.02785981	0.21456754979953024	0.0255371	0.00733
-0.0309	-0.0787	-0.2043	0.003193952531149623	0.0008779006137531476	-0.0004415683007545654	1.16880167	28.27387047	0.96757993	0.0959244334037538	0.0269505	0.00726
-0.0271	-0.0843	-0.0723	0.0021799162357409173	0.000460766922526503	-0.0004415683007545654	1.32979202	32.16830444	1.05108886	0.21295849933176753	0.0205473	0.00333
-0.0369	-0.1415	0.0424	0.0015655603390389136	8.203047484373349e-05	-0.0003193952531149623	1.1448319	27.69402885	1.06213073	0.2374632696012188	0.0186109	0.00143
-0.0352	-0.1086	-0.0046	0.002136283004441059	-4.537856055185256e-05	-0.0005061454830783556	1.06773698	25.82906723	0.98957801	0.12584409653805623	0.0195152	0.00188
-0.0218	-0.2188	-0.1125	0.0027296949501191318	0.00042236967898262774	-0.0006597344572538566	1.14470911	27.69105911	1.07089165	0.2922374579694027	0.0206984	0.00275
-0.02	-0.1312	-0.1486	0.0032515483964654355	0.0006946410422937432	-0.0005462880558742252	1.05094612	25.4228878	0.95719124	0.17087856055185255	0.0233514	0.00405
-0.0141	-0.1146	-0.1453	0.0032096604944175725	0.0006108652381980154	-0.0004258603374866164	1.0496099	25.39056396	0.93264704	0.03810457122656	0.0235216	0.00438
0.012	-0.132	-0.1043	0.0017924531417981763	0.0005218534463463045	0.00028623399732707005	1.12009656	27.0956707	1.0141161	0.19541567396423967	0.0196373	0.00163
0.0483	-0.1011	0.1466	-0.003494149162492647	6.632251157578452e-05	0.0020280725908174107	1.93464255	46.79992676	1.60427304	0.6922985916275843	0.0169489	0.00548
0.0338	-0.1254	0.3372	-0.006578145950766627	-0.0009180431865490173	0.0016999506914424768	1.56625962	37.88856888	1.30446141	0.4492242192886858	0.0258583	0.01294
0.0283	-0.2295	0.291	-0.006258750697651665	-0.0010088003076527223	0.0015306537539990272	1.24615908	30.14518356	1.12752059	0.18477246558310584	0.0228224	0.004
0.0312	-0.2866	0.1354	-0.004942772441647941	-0.0002129301687433082	0.001439896632895322	1.20621574	29.1789341	1.0849897	0.3257302758008422	0.0151956	0.00088
0.0279	-0.2133	0.0406	-0.004782202150464463	0.0001012290966156711	0.0016667894356545846	1.07109463	25.91029167	0.97016318	0.206481117965086	0.0108669	0.00053
0.0379	-0.16	0.0242	-0.004277801996638102	6.981317007977319e-05	0.0017313666179783749	1.19063425	28.80200958	0.95096303	0.10971966313430244	0.0105812	0.00036
0.0363	-0.1376	0.1591	-0.0054436819369703135	-0.0004747295565424576	0.001635373509118687	1.30241024	31.50592613	1.04995862	0.24922078879070647	0.0127494	0.00085
0.0285	-0.2083	0.249	-0.005230751768227006	-0.0009791297103688187	0.0016179202165987434	1.13169861	27.37632942	1.01133396	0.20513918075448065	0.0169285	0.00104
0.034	-0.2367	0.1035	-0.0038065630985996326	-0.0008185594191853405	0.0013543754995475996	1.17733824	28.48037338	1.07644544	0.2718151838930998	0.0113533	0.00028
0.0202	-0.14	-0.1393	-0.0006038839211900379	0.000783652834145454	0.0017366026057343581	1.53923452	37.2348175	1.2710318	0.6126559268463574	0.0145136	0.00121
0.0255	-0.0218	-0.231	-0.00045902159327450867	0.0005742133239061344	0.0016249015336067207	1.33285511	32.24240112	1.14339743	0.23850014551412432	0.0188313	0.00168
0.0395	-0.1253	-0.1128	-0.0024155356847601517	-0.0005340707511102648	0.0010803588069844899	1.331406	32.20734787	1.15985772	0.4161670446562137	0.0113428	0.00044
0.0444	-0.097	0.0053	-0.0033562681515850955	-0.0012897983172238095	0.0007993607974134029	1.38690519	33.54990005	1.0680567	0.2501729021254788	0.0127723	0.00061
0.0384	-0.0891	-0.0545	-0.0027384215963791032	-0.0009232791743050004	0.0010175269539126942	1.3552146	32.78328705	0.99156107	0.13382659273120465	0.0124412	0.00083
0.0313	-0.1129	-0.0696	-0.0023701571242082994	-0.0007033676885537148	0.0010262536001726657	1.08769071	26.31175613	0.93105798	0.07584513020910302	0.0123338	0.00113
0.0311	-0.0941	-0.021	-0.002853613327010729	-0.0009023352232810684	0.0009791297103688187	1.12907863	27.31295204	0.97648563	0.1040773813666815	0.0125468	0.00066
0.0148	-0.0981	0.0904	-0.003186971214141646	-0.0012025318546240932	0.0009913470151327792	1.27067554	30.73824883	1.08988386	0.16398859116189515	0.0127424	0.00072
0.026	-0.1022	0.0055	-0.002380629099720265	-0.001361356816555577	0.0008726646259971648	1.09437549	26.47346687	0.98929912	0.15439247327442393	0.0104715	0.00039
0.0286	-0.1314	-0.0085	-0.002169444260228951	-0.0010838494654884787	0.0008028514559173916	1.03557086	25.05095482	0.93417838	0.07372526803190926	0.0109069	0.00035
0.0214	-0.0877	0.0305	-0.0023998277214922034	-0.0009634217471008699	0.0007033676885537148	1.11834931	27.05340385	0.97247644	0.11241474735072685	0.0115939	0.00039
0.0196	-0.1258	0.0119	-0.002237512101056731	-0.001059414855960558	0.000635299847725936	1.07051027	25.8961544	0.98284972	0.07481882850614696	0.0102382	0.00025
0.0254	-0.1168	-0.07	-0.0022270401255447643	-0.0010332349171806431	0.0006178465552059926	1.14772713	27.7640686	0.96933825	0.0994052603405912	0.0108786	0.00039
0.0229	-0.1224	-0.0758	-0.002007128639793479	-0.0009651670763528643	0.0007487462491055673	1.17514443	28.42730522	0.95300763	0.03484395102393193	0.0111637	0.00052
0.0116	-0.1521	0.091	-0.0028675759610266834	-0.0012583823906879114	0.0009599310885968812	1.27009606	30.72422981	1.11877729	0.2760423737529783	0.0110157	0.00041
0.0026	-0.1488	0.1316	-0.0025394540616517493	-0.0013107422682477415	0.0009721483933608416	1.08848965	26.3310833	1.01053191	0.07253495408493625	0.0121759	0.00041
0.0141	-0.1574	-0.0799	-0.0018343410438460403	-0.0008290313946973065	0.0010663961729685354	1.28288817	31.03367615	1.13127068	0.2956535835481919	0.0100936	0.00022
0.007	-0.1033	-0.1	-0.0014660765716752368	-0.0006806784082777885	0.0010925761117484504	1.03818941	25.11429787	0.96863605	0.10843986986851183	0.0116575	0.00046
0.0041	-0.1649	0.0436	-0.0022916173078685546	-0.000932005820564972	0.0011379546723003027	1.22195637	29.55970764	1.11779563	0.26421233545161765	0.0109335	0.00041
-0.0077	-0.2157	0.2387	-0.0029653143991383657	-0.0016947147036864942	0.0012950343049797925	1.32981455	32.16884995	1.17352523	0.3373742803535412	0.0176436	0.00165
0.0029	-0.2206	0.064	-0.0013578661580515882	-0.0009930923443847736	0.0011397000015522971	1.30478537	31.5633812	1.12280013	0.31342024519079964	0.0115759	0.00024
0.0107	-0.2019	-0.0299	-0.0010384709049366262	-0.0006335545184739417	0.0012147491593880533	1.08111107	26.15259361	0.96506542	0.1580991118430775	0.010639	0.00022
0.0138	-0.1884	-0.0464	-0.0008918632477691023	-0.0006492624817418905	0.0011763519158441782	1.09578335	26.50752258	0.94183145	0.04313564319896736	0.0111229	0.00017
0.0096	-0.1984	0.0068	-0.0011763519158441782	-0.0002513274122871834	0.001048942880448592	1.09198403	26.41561508	0.96625259	0.10789163864626843	0.0105245	0.00031
0.012	-0.1127	-0.0073	-0.0009197885158010115	-0.000296705972839036	0.0010611601852125523	1.31719661	31.86361504	0.9557691	0.11790796326794896	0.0111603	0.00042
0.0104	-0.1291	-0.0583	-0.0007382742735936014	-0.00020769418098732522	0.0009250245035569946	1.23765612	29.93949127	0.9736401	0.08933308578573392	0.0116769	0.00027
0.0115	-0.1789	-0.0849	-0.0008464846872172499	-8.37758040957278e-05	0.0009913470151327792	1.09593868	26.51128006	0.95443237	0.09242256510455153	0.0114908	0.00027
0.0069	-0.1412	0.0188	-0.001541125729510993	-0.00017976891295541595	0.0010925761117484504	1.11010993	26.85408783	0.99916949	0.19059316238845517	0.00955892	0.0002
-0.0017	-0.1609	0.0883	-0.0020315632493213996	-0.0003577924966588376	0.0013927727430914749	1.13211215	27.38633347	0.95325728	0.14623288674284263	0.0116971	0.00039
-0.002	-0.1641	0.1278	-0.002469640891571976	-0.0009512044423369096	0.0013491395117916165	1.14665377	27.73810196	0.97985135	0.09675614096142532	0.0127246	0.00061
0.0039	-0.1885	-0.0269	-0.0012793263417118436	-0.0006440264939859076	0.0012147491593880533	1.17033982	28.31107903	1.04411527	0.2665941425307348	0.0111448	0.00035
-0.0031	-0.199	-0.0696	-0.0007749261878854823	-0.0001675516081914556	0.0012199851471440364	1.05058086	25.41405296	0.9460295	0.1095055513688398	0.0115656	0.00041
-0.0045	-0.1527	-0.1221	-0.0007749261878854823	3.665191429188092e-05	0.0013369222070276565	1.21107018	29.29636574	0.93891464	0.11625702911834784	0.0134008	0.00038
0.0028	-0.1542	-0.1093	-0.0009791297103688187	-0.00011344640137963142	0.001329940890019679	1.07914269	26.10497665	0.95635852	0.03966415775814131	0.011655	0.00027
0.0115	-0.1	0.0016	-0.002186897552748895	-0.0009930923443847736	0.0009581857593448868	1.22010541	29.51493263	1.04771041	0.29675844580300054	0.0109789	0.00027
-0.0033	-0.2272	0.148	-0.0016179202165987434	-0.0014870205226991688	0.0010559241974565693	1.26622713	30.63064003	1.13186348	0.34643219762881144	0.0143957	0.00113
-0.0209	-0.2438	0.2242	-0.0015376350710070042	-0.0008866272600131194	0.0011047934165124105	1.03710532	25.08807182	0.98763289	0.14687738136668146	0.018294	0.00138
-0.013	-0.2863	0.2597	-0.0016947147036864942	-0.001181587903600161	0.0017243853009703976	1.00584185	24.33179474	0.95620824	0.13948160803622592	0.0206014	0.00127
-0.0121	-0.2953	0.2627	-0.0016004669240788003	-0.0008779006137531476	0.001932079481957723	0.96761662	23.40710831	0.91384585	0.04318146252210164	0.0209488	0.00155
-0.0064	-0.3514	0.1793	-0.0008656833089891874	-0.0006928957130417488	0.0019530234329816546	1.0256027	24.80981827	0.95684242	0.19223662334124716	0.0191304	0.00168
0.0001	-0.3381	0.1032	-0.0005270894341022875	-0.0004415683007545654	0.0018849555921538759	1.06658292	25.80115128	0.9744979	0.12879945640009305	0.0173938	0.00108
0.0126	-0.2396	0.0307	-0.00035604716740684323	-0.000322885911618951	0.0017645278737662671	1.12639415	27.24801254	0.99787944	0.20400761871093331	0.0126154	0.00049
0.0186	-0.2219	-0.0368	0.00038571776469074686	-0.0001256637061435917	0.0015515977050229591	1.50146437	36.32114029	1.03414982	0.1487958653158129	0.016286	0.00122
0.012	-0.2497	-0.0041	0.0007435102613495844	0.0002303834612632515	0.001308996938995747	1.3753221	33.2696991	1.00633616	0.11492202150464464	0.0137107	0.00056
0.0114	-0.2665	0.0747	-7.67944870877505e-05	-7.330382858376184e-05	0.0011885692206081383	1.34213197	32.46681213	0.97978911	0.15842098783359784	0.0151591	0.00107
0.0155	-0.1989	0.0161	0.00019024088846738194	-0.00012217304763960306	0.0011117747335203881	1.32703125	32.10152054	1.02726332	0.1499349540849362	0.0129043	0.00042
0.0386	-0.1981	-0.1784	-0.0004310963252425994	-0.00023561944901923448	0.0010088003076527223	1.37052166	33.15357208	1.16280598	0.26028790204786395	0.0138758	0.00097
0.036	-0.1774	-0.1994	5.235987755982988e-06	0.0001675516081914556	0.0012147491593880533	1.32688951	32.09809113	1.04389792	0.09657261109723016	0.0160891	0.00082
0.0337	-0.0872	-0.0047	-0.0015341444125030156	-0.0004363323129985824	0.0013142329267517303	1.5508734	37.51636887	1.18579888	0.3993374044406357	0.0117765	0.00044
0.0112	-0.1288	0.2215	-0.002569124658935653	-0.0011606439525762293	0.0013142329267517303	1.43084705	34.61287308	1.23548224	0.37826459430051423	0.0153757	0.00099
0.0145	-0.2514	0.1251	-0.00102799892942466	-0.0008395033702092724	0.0013334315485236678	1.3756994	33.27882385	1.12198836	0.3163732466824944	0.0141628	0.00038
0.0165	-0.2819	0.0293	-0.0002617993877991494	-0.0003001966313430247	0.0014538592669112763	1.24103284	30.02117729	0.99362365	0.1995966999439683	0.012434	0.00027
0.0214	-0.2407	-0.0306	-0.0001186823891356144	2.4434609527920616e-05	0.0015323990832510211	1.11244607	26.91060066	0.97497078	0.13331440279371123	0.0118026	0.00038
0.036	-0.1408	-0.16	-0.00015009831567151235	0.00011344640137963142	0.00182212373908208	1.38536036	33.51252747	1.04433749	0.2644076187109334	0.0137678	0.00041
0.041	-0.1239	-0.2039	-0.0002024581932313422	-0.000460766922526503	0.00205599785884932	1.24899197	30.21371078	1.02058384	0.10882236606166024	0.0164861	0.00184
0.0547	0.0153	-0.3617	0.00039269908169872416	-0.0013892820845874865	0.0025202554398798117	1.33398151	32.26964951	1.33417447	0.41009650090107697	0.0287332	0.0065
0.0532	0.0219	-0.2345	-0.0007330382858376184	-0.000736528944341607	0.002398082392240209	1.264768	30.59534264	1.09138262	0.23033317777109127	0.0198708	0.00195
0.0392	0.0199	-0.0387	-0.0005166174585903216	-0.0013840460968315032	0.00209614043164519	1.35948455	32.88658142	1.19155314	0.2700939970166106	0.0143449	0.00151
0.0287	-0.1109	0.07	-0.0013264502315156904	-0.0018029251173101424	0.0016807520696705393	1.28906322	31.18305397	1.1328309	0.33220500776893286	0.0131153	0.00071
0.0271	-0.1196	0.0107	-0.0005881759579220891	-0.0016510814723866359	0.0013962634015954637	1.05707896	25.57124519	0.97066621	0.1283303293296092	0.0126781	0.00046
0.0282	-0.1765	-0.0695	-1.7453292519943294e-06	-0.001296779634231787	0.001308996938995747	1.02629507	24.8265686	0.95371777	0.189599946471233	0.0127571	0.00052
0.0212	-0.1257	-0.0729	4.18879020478639e-05	-0.000778416846389471	0.00124965574442794	1.02446079	24.78219604	0.93724615	0.09226686068549904	0.0121759	0.00047
0.03	-0.1167	-0.0332	-0.000731292956585624	-0.0009337511498169664	0.0014381513036433276	1.10825658	26.8092556	0.97756867	0.11335053606381856	0.0110657	0.0003
0.0212	-0.1737	0.1227	-0.0019442967867216831	-0.0014224433403753785	0.0015166911199830724	1.27872133	30.9328804	1.12301081	0.3107117918517108	0.0122113	0.00047
0.0242	-0.1849	0.0763	-0.0011711159280881952	-0.001356120828799594	0.0012723450247038664	1.1084528	26.81400299	0.99642284	0.11479247327442392	0.0112383	0.00027
0.0366	-0.2094	-0.055	-0.00029496064358704166	-0.0010873401239924673	0.0011938052083641214	1.13272786	27.40122795	1.01587694	0.2293737902824013	0.0116059	0.00031
0.0237	-0.1896	-0.0499	-0.00014137166941154068	-0.0004939281783143952	0.0012252211349000194	1.09176445	26.41030312	0.9546787	0.07672084231947357	0.0113428	0.00027
0.0229	-0.1487	-0.0622	-4.363323129985824e-05	-0.00034557519189487725	0.001059414855960558	1.04108989	25.18446159	0.93239016	0.07459488517353308	0.0117531	0.00046
0.0232	-0.1601	0.0446	-0.0010088003076527223	-0.00041538836197465044	0.0009843656981248017	1.28366351	31.05243301	1.04336541	0.17400147021341966	0.0118336	0.00031
0.0049	-0.197	0.2031	-0.0017156586547104257	-0.0007714355293814937	0.0008639379797371932	1.30985832	31.6860981	1.16199487	0.2728666616426078	0.0169923	0.00147
0.0093	-0.1879	0.0532	-0.0003159045946109737	-0.0003438298626428829	0.0009459684545809266	1.26955843	30.7112236	1.08869404	0.25886951008408976	0.012343	0.00039
0.0011	-0.2179	-0.0178	5.585053606381854e-05	0.00021467549799530252	0.0010245082709206715	1.08325994	26.20457649	0.96555464	0.15964001538263614	0.0120831	0.00041
0.0039	-0.2246	0.0227	-0.0002740166925631097	0.00010995574287564276	0.0010402162341886204	1.09243166	26.4264431	0.93068951	0.07251474735072681	0.0115773	0.00031
0.0023	-0.2193	0.0563	-0.0001605702911834783	-7.155849933176751e-05	0.0009616764178488756	1.07946789	26.11284447	0.95787544	0.05917502299633933	0.0128294	0.00027
0.0006	-0.2067	0.0008	0.0002373647782712288	-1.2217304763960308e-05	0.0007958701389094143	1.13906181	27.55444908	0.95699058	0.10095412714809876	0.0130497	0.00052
0.0033	-0.2258	-0.0365	0.00021118483949131387	1.9198621771937625e-05	0.0006998770300497262	1.0503788	25.40916443	0.94649165	0.06677944870877506	0.0117498	0.00033
0.0075	-0.2215	0.0142	-0.0005515240436302081	-0.00017453292519943296	0.0005846852994181004	1.23193991	29.80121422	0.97072672	0.11278160803622592	0.0122972	0.00039
-0.0016	-0.1967	0.0959	-0.0011711159280881952	-0.0002652900463031381	0.0005637413483941684	1.34773481	32.60234833	1.04089539	0.15216464782928119	0.0125074	0.00036
0.0009	-0.1518	0.0012	-0.00033684854563490564	-0.00015184364492350666	0.0005026548245743669	1.12945485	27.322052	1.00207277	0.19254001538263613	0.0111201	0.00024
0.0078	-0.1541	-0.0788	-0.000312413936106985	-1.7453292519943296e-05	0.0005916666164260777	1.08626854	26.27735519	0.93122139	0.10159183768915973	0.0115935	0.0003
0.0148	-0.1257	-0.0955	-0.0004939281783143952	-5.4105206811824215e-05	0.0006806784082777885	1.02858031	24.88184929	0.92626155	0.06745889741755008	0.0114728	0.00027
0.0095	-0.1504	0.0784	-0.0018168877513260971	-0.00037524578917878077	0.0006318091892219474	1.33949769	32.40308762	1.11186761	0.288548468721725	0.0109612	0.00027
-0.003	-0.1796	0.2098	-0.0027366762671271086	-0.0007243116395776468	0.0005445427266222308	1.1705116	28.31523323	1.03876793	0.24090604143997968	0.0152803	0.00078
0.0088	-0.2495	0.1198	-0.0017767451785302276	-0.0007661995416255106	0.0003385938748868999	1.11177468	26.8943615	1.03521438	0.23208839211900373	0.0127913	0.00033
0.013	-0.2041	0.0213	-0.0008604473212332044	-0.00020420352248333657	0.00040317105721069014	1.11562026	26.9873867	0.97166276	0.22524355293814935	0.010675	0.00028
0.0049	-0.1733	-0.0239	-0.00043458698374658803	0.00021118483949131387	0.0005427973973702365	1.11234915	26.90825844	0.94826388	0.13314375198104067	0.0116045	0.00031
0.0059	-0.2153	0.0419	-0.0010384709049366262	0.00015533430342749534	0.0005707226654021458	1.11035097	26.8599205	0.96813712	0.14318298626428827	0.0117061	0.00028
0.0044	-0.2239	0.0926	-0.0012374384396639797	2.094395102393195e-05	0.0007120943348136865	1.08341587	26.20834732	0.97908002	0.08453647782712288	0.0116311	0.00024
0.0097	-0.1789	0.0087	-0.0006702064327658224	0.00020943951023931956	0.0003351032163829112	1.10975075	26.84540176	0.96754557	0.190835934227216	0.0115378	0.0003
0.0118	-0.2127	0.002	-0.0007033676885537148	0.0002583087292951608	0.00022689280275926284	1.10314763	26.68566895	0.93905247	0.052112044423369086	0.0119337	0.0003
0.0109	-0.1733	0.0781	-0.001228711793404008	9.599310885968811e-05	0.000439822971502571	1.1195842	27.08327675	1.00746105	0.16142949470145368	0.0118599	0.00028
0.0103	-0.2109	0.0409	-0.000921533845053006	9.948376736367679e-05	0.00019547687622336493	1.05586505	25.54187965	0.96510145	0.10315073510670981	0.0109048	0.00033
0.0138	-0.1708	-0.0169	-0.0010419615634406148	0.00016929693744344995	0.00015707963267948963	1.1544261	27.92611885	0.93789045	0.11283190660056285	0.0109128	0.00016
0.0136	-0.1851	0.0439	-0.001583013631558857	0.00014660765716752367	0.00015184364492350666	1.19994962	29.02735329	0.95822337	0.10374886680750754	0.0104343	0.00044
0.0181	-0.214	0.1834	-0.0027925268031909274	-0.00033335788713091696	0.00037524578917878077	1.21716082	29.44370079	1.08375143	0.26854404300928925	0.0147638	0.00074
0.0201	-0.1938	0.25	-0.003715805977495928	-0.0011135200627723821	0.0001937315469713706	1.04124558	25.18822861	0.96068695	0.18304777960769375	0.0173282	0.00124
0.0239	-0.2603	0.1598	-0.0029408797896104456	-0.0010105456369047167	0.00026878070480712676	1.07519484	26.00947571	0.99143579	0.20814748857944515	0.0140636	0.00052
0.0288	-0.3378	0.0765	-0.0020420352248333657	-0.0006859143960337716	0.00019896753472735358	1.04933238	25.38385201	0.98276572	0.23036444878638992	0.0134304	0.00039
0.0128	-0.274	0.0202	-0.0020682151636132805	-0.0002129301687433082	0.0005742133239061344	1.10317516	26.68633461	0.96652086	0.17982049776245793	0.0119814	0.00028
-0.0032	-0.2268	0.0395	-0.0031171580440618727	-4.886921905584123e-05	0.0009459684545809266	1.08191526	26.17204666	0.96166222	0.1617379480405426	0.0107772	0.00027
0.0201	-0.1327	-0.156	-0.001001818990644745	-0.00032812189937493397	0.0013369222070276565	1.49936187	36.27027893	1.24283037	0.4521772743091476	0.0169598	0.00229
0.0335	-0.1013	-0.2841	-0.001932079481957723	-0.0003438298626428829	0.0014329153158873448	1.37241614	33.19940186	1.17864629	0.2249980781720308	0.0216457	0.00284
0.0428	-0.0788	-0.044	-0.003569198320328404	-0.0005899212871740833	0.001429424657383356	1.50635779	36.43951416	1.22544255	0.3662350460702936	0.0119395	0.00067
0.0307	-0.0554	0.1433	-0.003909537524467298	-0.0012583823906879114	0.0010925761117484504	1.27031243	30.72946548	1.12952763	0.2900824426643814	0.0127326	0.00093
0.0239	-0.1278	0.0776	-0.003026400922958167	-0.0010663961729685354	0.0008325220532012951	1.07091773	25.90600967	0.99099321	0.2116588438887831	0.0104333	0.00027
0.0184	-0.2298	-0.0073	-0.002139773662945048	-0.0004136430327226561	0.0008918632477691023	1.0500102	25.40024757	0.9976547	0.2723360797413403	0.00987226	0.00028
0.0204	-0.1277	-0.1104	-0.002124065699677099	0.0001658062789394613	0.001117010721276371	1.24348545	30.08050537	0.9937427	0.24821523742186677	0.011077	0.00027
0.0229	-0.1348	-0.0826	-0.0023474678439323734	0.0001361356816555577	0.0012095131716320703	1.15312362	27.89461136	0.96053344	0.05467875959474386	0.0101874	0.00024
0.022	-0.0961	0.0866	-0.0038013271108436495	-0.0005358160803622592	0.0009669124056048585	1.2522409	30.29230499	1.08587595	0.32722058974781526	0.0107901	0.00039
0.0128	-0.1449	0.1752	-0.0045308747381772796	-0.0008761552845011534	0.0006789330790257941	1.16490257	28.17954826	0.96290581	0.21449330790257945	0.0133451	0.00056
0.0136	-0.2034	0.2541	-0.005497787143782138	-0.0011449359893082802	0.0006928957130417488	1.06410289	25.74115753	0.95559155	0.20068278722139696	0.0181718	0.00151
0.0043	-0.2003	0.301	-0.005461135229490257	-0.0011362093430483087	0.0010419615634406148	1.12913716	27.31436729	0.97980629	0.07902222054753587	0.0199839	0.00228
0.0083	-0.2621	0.3049	-0.005106833391335408	-0.0012042771838760874	0.001281071670963838	0.9982236	24.14750481	0.95188719	0.10277398932529257	0.0209313	0.00209
0.0209	-0.2879	0.2588	-0.005300564938306779	-0.00102799892942466	0.0013526301702956054	0.979249	23.68850136	0.94723606	0.1065784150377283	0.0200226	0.0014
0.0141	-0.2836	0.2433	-0.004689699700108763	-0.0009302604913129776	0.001186823891356144	0.97604793	23.61106491	0.91846796	0.07032049776245797	0.0178733	0.00099
0.0173	-0.2461	0.1946	-0.0037315139407638766	-0.0009128071987930344	0.001158898623324235	1.00405741	24.28862762	0.93601027	0.13957821599483694	0.0146856	0.0006
0.0271	-0.3312	0.1388	-0.0024556782575560214	-0.000778416846389471	0.0011938052083641214	1.37251544	33.20180511	1.04802214	0.2229566310325652	0.0169918	0.00121
0.032	-0.3133	0.1144	-0.0013631021458075715	-0.0006370451769779302	0.0011257373675363424	1.23104739	29.77962494	1.00991408	0.11230078109938844	0.0145873	0.00058
0.0351	-0.2315	0.0046	-0.0018029251173101424	-0.00022340214425527416	0.0011187560505283654	1.46823299	35.51725769	1.11991555	0.23772236606166017	0.0142683	0.00133
0.0283	-0.1372	-0.08	-0.0017767451785302276	0.00033684854563490564	0.0012147491593880533	1.59900379	38.68066406	1.13414844	0.2198211868764892	0.011917	0.00056
0.0229	-0.1765	0.03	-0.0021886428820008896	0.0003298672286269283	0.001059414855960558	1.22116077	29.54046059	1.0970065	0.18341066619530677	0.00995779	0.00041
0.0189	-0.1693	0.1687	-0.002892010570554604	-0.00011519173063162575	0.001085594794740473	1.28710759	31.13574791	1.08384567	0.20863032932960915	0.0133104	0.00038
0.0151	-0.1986	0.0812	-0.0018989182261698304	0.00021467549799530252	0.0009512044423369096	1.24933147	30.22192383	0.99761088	0.1934674962707633	0.0110549	0.00033
0.023	-0.2333	0.021	-0.0019355701404617114	0.00032463124087094524	0.0008115781021773631	1.06274414	25.70828819	0.94862226	0.11711169986635352	0.00941157	0.00027
0.0292	-0.1734	0.022	-0.0019861846887695473	0.00034906585039886593	0.0008883725892651138	1.20288014	29.09824371	0.94398923	0.07469218224617535	0.0119363	0.00044
0.0195	-0.2421	0.1455	-0.0026162485487395003	6.45771823237902e-05	0.001192059879112127	1.33354437	32.25907516	1.04205052	0.26281199089460205	0.0125791	0.00058
0.0158	-0.2634	0.2452	-0.0037524578917878084	-0.0003665191429188092	0.0011711159280881952	1.1247946	27.20931816	1.00643322	0.204112480965742	0.0169417	0.00067
0.0198	-0.2823	0.1867	-0.0032864549815053226	-0.0007696902001294993	0.0007923794804054256	1.20978153	29.26519394	0.99756814	0.14379552075879723	0.0164514	0.001
0.016	-0.291	0.1392	-0.0026075219024795284	-0.0005724679946541401	0.000731292956585624	1.3082875	31.6480999	1.02066153	0.10686209041604774	0.0146508	0.00094
0.0155	-0.2623	0.0821	-0.0021380283336930534	-9.773843811168246e-05	0.0007120943348136865	1.1071918	26.78349686	0.98676157	0.13447108735504348	0.0126737	0.00042
0.0231	-0.2295	0.0609	-0.002036799237077382	6.108652381980153e-05	0.0007958701389094143	1.32458746	32.04240417	0.93253283	0.07879149313214413	0.0112791	0.00053
0.0199	-0.1869	0.1802	-0.002981022362406315	-0.0003089232776029963	0.0008883725892651138	1.3429184	32.48583603	1.04244955	0.23543676885537143	0.0147357	0.0006
0.0182	-0.2255	0.2443	-0.003274237676741362	-0.0006283185307179585	0.0008063421144213803	1.12530375	27.22163391	0.99388663	0.13913205211468713	0.0168525	0.00094
0.0236	-0.2763	0.1268	-0.002239257430308725	-0.00039269908169872416	0.0007208209810736582	1.19157338	28.82472801	1.01690329	0.2415060414399796	0.0133179	0.00055
0.0175	-0.2579	0.061	-0.0016598081186466073	3.665191429188092e-05	0.0006806784082777885	1.14531744	27.70577621	0.96738652	0.1427471440224296	0.0116653	0.00041
0.0134	-0.2127	0.1092	-0.0023492131731843676	6.9813170079773176e-06	0.0006771877497737998	1.11675191	27.01476288	0.96584872	0.13362831551628268	0.0116917	0.00028
0.0189	-0.2336	0.0862	-0.0020176006153054447	-2.4434609527920616e-05	0.0007557275661135446	1.09141386	26.40182114	0.93308054	0.07147841503772828	0.0105914	0.00025
0.0208	-0.1994	-0.0346	-0.0013386675362796509	0.00037524578917878077	0.0009389871375729493	1.16773641	28.24810219	1.00518718	0.21999365245959496	0.0101899	0.00028
0.0205	-0.2107	-0.0569	-0.0013997540600994523	0.0005794493116621174	0.0009930923443847736	1.11854088	27.0580368	0.94155331	0.04986976265574813	0.0103422	0.00036
0.0249	-0.1836	-0.0106	-0.0018186330805780916	0.0005235987755982988	0.0008866272600131194	1.16614866	28.20969391	0.95573738	0.10685973204570556	0.00930595	0.00027
0.0285	-0.1572	0.1612	-0.0028571039855147177	-0.0003630284844148205	0.0010890854532444615	1.29618156	31.3552494	1.12272293	0.3081778179090544	0.0133365	0.00047
0.0193	-0.2037	0.2638	-0.0035081117965086025	-0.0005044001538263612	0.0013718287920675431	1.23347783	29.83841896	1.02525088	0.21205614096142528	0.018382	0.00093
0.0166	-0.2678	0.2396	-0.003640756819660172	-0.0004258603374866164	0.0011676252695842063	1.06930637	25.8670311	0.98370639	0.11176941809873252	0.0168127	0.00083
0.0236	-0.2567	0.1238	-0.0026022859147235454	-0.0001361356816555577	0.0009197885158010115	1.18080819	28.56431389	1.00108931	0.21270161572754404	0.0119991	0.00033
0.0184	-0.2433	0.04	-0.0020804324683772408	0.0002495820830351891	0.0010262536001726657	1.21353042	29.35587883	0.98614988	0.15310181477043525	0.0103588	0.00033
0.012	-0.2127	0.0071	-0.0020943951023931952	0.0005358160803622592	0.0011676252695842063	1.06195676	25.68924141	0.95309297	0.09197841503772826	0.0103841	0.00027
0.016	-0.147	-0.0565	-0.0021258110289290935	0.0005846852994181004	0.0014329153158873448	1.22393227	29.6075058	0.9604261	0.15057875959474387	0.00925469	0.00025
0.0225	-0.1785	0.0483	-0.002466150233067988	0.00035081117965086024	0.0013997540600994523	1.19893682	29.0028553	0.99575697	0.17316872898470137	0.00890768	0.00025
0.016	-0.156	0.2103	-0.003452261260444784	-4.886921905584123e-05	0.0014538592669112763	1.22943437	29.7406044	1.10370309	0.26299483164476606	0.0146439	0.00082
0.0149	-0.2224	0.2687	-0.003728023282259888	-0.0002722713633111154	0.0012932889757277981	1.0573281	25.57727242	0.98412717	0.1588867228626928	0.01847	0.00113
0.0181	-0.2918	0.2187	-0.0031328660073298214	-0.0003089232776029963	0.0012095131716320703	1.01923573	24.65579987	0.96464902	0.15837924966588376	0.016804	0.00064
0.0208	-0.3106	0.1013	-0.0018308503853420514	0.00011170107212763708	0.0012025318546240932	1.06594324	25.78567505	0.99931587	0.225381064436319	0.0126852	0.00053
0.0264	-0.2576	0.0443	-0.0016406094968746698	0.00031415926535897925	0.001054178868204575	1.11177754	26.89442825	0.95471319	0.14265260340591207	0.011144	0.00027
0.0229	-0.2495	0.1156	-0.0024015730507441976	0.0002652900463031381	0.0011938052083641214	1.16269696	28.126194	0.97708195	0.13037295565424575	0.0121578	0.00038
0.0213	-0.2223	0.0683	-0.0018657569703819383	0.0004363323129985824	0.001322959573011702	1.10297418	26.68147087	0.96464288	0.1179006355852642	0.0100557	0.00024
0.032	-0.247	-0.0218	-0.0016318828506146981	0.0011449359893082802	0.0014870205226991688	1.39098823	33.6486702	0.99641773	0.18082693728822025	0.0127409	0.00085
0.0352	-0.2042	0.0168	-0.0023492131731843676	0.0013473941825396225	0.0016231562043547262	1.42961276	34.58301544	1.00929006	0.13739620987282847	0.00977653	0.00041
0.0384	-0.1455	0.1617	-0.0033929200658769764	0.0008936085770210966	0.0016667894356545846	1.2593478	30.46422577	1.05915334	0.28385628647554967	0.0121099	0.0005
0.032	-0.2108	0.2658	-0.004103269071438669	0.0005201081170943102	0.0018186330805780916	1.18200088	28.59316635	1.02612425	0.2375846555205993	0.0174444	0.00097
0.0308	-0.2146	0.2101	-0.0034348079679248403	0.0003630284844148205	0.001933824811209717	1.17549467	28.43577766	1.00467507	0.10773662334124716	0.0149972	0.00077
0.0374	-0.2458	0.0879	-0.002701769682087222	0.00035081117965086024	0.0016231562043547262	1.15202117	27.86794281	1.04240664	0.21279620987282843	0.0100896	0.00014
0.0324	-0.231	0.0129	-0.002165953601724963	0.0008552113334772215	0.0015707963267948967	1.16933763	28.28683662	0.95017471	0.14942880558742247	0.00953746	0.00036
0.026	-0.2109	-0.01	-0.002038544566329377	0.0012217304763960308	0.0017331119472303693	1.18927419	28.76911163	0.94333318	0.08221218993749341	0.00912285	0.00019
0.0355	-0.2126	0.0653	-0.002808234766458876	0.001069886831472524	0.0017523105690023068	1.11519158	26.97701645	0.98375261	0.13353662334124716	0.00923812	0.00014
0.041	-0.1885	0.1089	-0.0028885199120506156	0.000905825881785057	0.0017976891295541592	1.21170795	29.31179237	0.98740417	0.08768623279155294	0.0098893	0.0002
0.044	-0.2347	-0.0133	-0.0022985986248765322	0.0011606439525762293	0.0016510814723866359	1.16104412	28.08621025	0.99509243	0.22096735075663893	0.00846899	0.00011
0.0415	-0.2227	-0.041	-0.001932079481957723	0.0013159782560037243	0.0017139133254584315	1.04185915	25.20306969	0.91690852	0.07143426497090498	0.00928432	0.0002
0.0427	-0.153	0.0056	-0.0022968532956245376	0.0013124875974997359	0.0016720254234105676	1.07022583	25.88927269	0.94391246	0.13800761871093337	0.00799066	0.00016
0.0491	-0.2416	0.0171	-0.002530727415391778	0.001291543646475804	0.0017034413499464657	1.2514888	30.27411079	0.9474527	0.12081169986635353	0.00943315	0.00024
0.0433	-0.1926	-0.0338	-0.00204378055408536	0.0014172073526193955	0.0017191493132144146	1.13555348	27.4695816	0.93948156	0.1371159265358979	0.00885963	0.00022
0.0407	-0.1887	-0.0384	-0.002169444260228951	0.0013718287920675431	0.0016982053621904826	1.0646615	25.7546711	0.91044494	0.020699310885968766	0.00850701	0.00024
0.0342	-0.2347	0.1084	-0.003570943649580398	0.0011257373675363424	0.0014643312424232424	1.2249608	29.63238716	1.06148187	0.2933732466824944	0.0103241	0.00016
0.0295	-0.2073	0.2314	-0.004307472593922005	0.0010245082709206715	0.001626646862858715	1.34894872	32.63171387	1.0184459	0.20510368306963747	0.0156382	0.00082
0.0225	-0.2234	0.2856	-0.004686209041604775	0.0008203047484373349	0.0016528268016386303	1.18182397	28.58888626	0.95707875	0.10775599544730112	0.018601	0.00137
0.0188	-0.2434	0.2232	-0.003963642731279122	0.0007801621756414653	0.0015463617172669759	1.08693588	26.29349899	0.97075106	0.1295586983746589	0.0154581	0.00064
0.0258	-0.2826	0.1455	-0.0029618237406343773	0.0010349802464326373	0.0014172073526193955	1.09928846	26.59231377	0.98464583	0.19318957130417488	0.0136264	0.00038
0.041	-0.2565	0.0909	-0.002846632010002751	0.0009197885158010115	0.0012356931104119853	1.09192538	26.41419601	0.94906243	0.11649488517353312	0.0103821	0.00019
0.0399	-0.2229	0.0328	-0.002633701841259443	0.0011519173063162574	0.0013264502315156904	1.13889432	27.55039597	0.96972201	0.11959080401811296	0.00985289	0.00028
0.0432	-0.1948	0.0993	-0.003178244567881674	0.0011414453308042916	0.0012880529879718153	1.16996038	28.30190086	0.99399104	0.12757059728390355	0.00934446	0.00028
0.0519	-0.2067	0.1591	-0.003785619147575701	0.0007190756518216638	0.001256637061435917	1.36077285	32.91774368	1.00080904	0.1334580092606276	0.0133433	0.00069
0.053	-0.2449	0.0438	-0.0030281462522101614	0.0008237954069413235	0.0011501719770642632	1.42914295	34.57165146	1.02148639	0.20303288674284264	0.0102238	0.0003
0.0463	-0.2088	0.006	-0.002494075501099897	0.0012322024519079964	0.0012775810124598492	1.08782315	26.31496239	0.95635775	0.13409434157362615	0.0091238	0.00022
0.0552	-0.1349	-0.0032	-0.0026406831582674204	0.0012077678423800758	0.001308996938995747	1.23828018	29.95458984	0.94577948	0.1021229096615671	0.00874817	0.00016
0.0539	-0.1748	0.091	-0.003522074430524557	0.001064650843716541	0.0014067353771074296	1.28530276	31.0920887	0.9895918	0.1915123354516177	0.00968421	0.00017
0.0576	-0.1145	0.0107	-0.0027192229746071652	0.001192059879112127	0.0015114551322270892	1.12962842	27.32625198	0.99515603	0.19604901232163183	0.00865084	0.0003
0.0621	-0.1565	-0.0386	-0.002647664475275398	0.001298524963483781	0.0015812683023068625	1.28562617	31.09991074	0.95149046	0.10819183768915971	0.00888014	0.00028
0.0693	-0.2131	-0.0574	-0.0027611108766550296	0.0011135200627723821	0.0016423548261266642	1.23071265	29.77152634	0.95173193	0.1005768912955416	0.00964171	0.00027
0.0706	-0.1384	-0.0142	-0.0032480577379614467	0.0011623892818282235	0.0018064157758141308	1.12743926	27.27329254	0.98369349	0.15419385150248627	0.00771594	0.00013
0.0623	-0.1657	0.1292	-0.0038484510006474965	0.0008639379797371932	0.001973967384005587	1.28368223	31.05288696	1.0424456	0.2323198086484268	0.0103138	0.00028
0.0576	-0.2118	0.2105	-0.0038501963298994907	0.0008412486994612669	0.0019285888234537342	1.14887738	27.7918911	1.0014315	0.13559065850398863	0.0153595	0.00063
0.0518	-0.2736	0.2851	-0.0040334559013588955	0.0008290313946973065	0.0018832102629018814	1.15882063	28.03242493	1.01340061	0.15424277183876095	0.0197498	0.00118
0.0557	-0.288	0.2325	-0.0035796702958403696	0.0006998770300497262	0.001801179788058148	1.05145919	25.43530083	0.97739013	0.10414852225049195	0.0164359	0.00078
0.0593	-0.3153	0.1261	-0.002708750999095199	0.0008779006137531476	0.001762782544514273	1.24116695	30.02442169	0.99127751	0.19166700619962343	0.0138478	0.00063
0.071	-0.2848	0.0554	-0.002363175807200322	0.000705113017805709	0.0015306537539990272	1.28495681	31.08371925	1.01243089	0.15042457891787803	0.010915	0.00035
0.0755	-0.2615	0.0351	-0.002432988977280095	0.0008499753457212384	0.0015341444125030156	1.07344532	25.96715546	0.9389431	0.05900830782496452	0.0094564	0.00019
0.0792	-0.1663	0.1055	-0.0032463124087094525	0.0007068583470577034	0.0016441001553786586	1.33276808	32.24029541	0.98104673	0.2226198086484268	0.00989962	0.00027
0.0809	-0.1732	0.0419	-0.0028431413514987624	0.0007888888219014368	0.0016493361431346415	1.25705016	30.40864372	0.96791655	0.0967218759905203	0.00995451	0.00022
0.0754	-0.186	-0.0235	-0.002398082392240209	0.001296779634231787	0.001658062789394613	1.08173072	26.16758156	0.95759964	0.13178382089244378	0.00921053	0.00024
0.078	-0.2003	-0.0588	-0.002665117767795341	0.0013857914260834976	0.001853539665617978	1.02014232	24.67773056	0.9265558	0.0797762021815104	0.00933468	0.00024
0.0867	-0.1195	0.0106	-0.0031695179216217023	0.001165879940332212	0.0018570303241219666	1.25165653	30.27816772	0.99193742	0.19529011490408177	0.0086416	0.00017
0.0876	-0.1475	0.1252	-0.0038903389026953604	0.0008011061266653974	0.001932079481957723	1.26738989	30.65876579	1.07024313	0.20153219762881147	0.011786	0.00042
0.0876	-0.1969	0.0217	-0.002874557278034661	0.0008970992355250854	0.0017121679962064373	1.14450026	27.68600845	1.03877822	0.21948431096358367	0.00904268	0.00022
0.0768	-0.1876	-0.0158	-0.0026005405854715507	0.0011466813185602744	0.0016755160819145565	1.01200879	24.4809761	0.92453576	0.08561253449450902	0.00790417	0.00014
0.079	-0.1831	-0.0368	-0.0024853488548399255	0.0011938052083641214	0.001673770752662562	1.31157517	31.72762871	0.92827199	0.03590304748437331	0.00968695	0.00063
0.0794	-0.1669	0.0502	-0.003427826650916863	0.0010576695267085637	0.001647590813882647	1.33715057	32.34630966	1.01255953	0.1588396708256205	0.00909728	0.00024
0.0695	-0.2636	0.2086	-0.004218460802070294	0.0008970992355250854	0.0017383479349863521	1.31464171	31.80180931	1.15282947	0.31709807817203073	0.015256	0.00064
0.0707	-0.2711	0.1158	-0.0030595621787460597	0.000947713783832921	0.0015306537539990272	1.09826517	26.5675602	1.03012378	0.17236036763096976	0.0110932	0.00016
0.0777	-0.2427	0.0249	-0.0024975661596038853	0.0011938052083641214	0.0015481070465189703	1.1112659	26.88205338	0.97513238	0.1675770368096659	0.00972831	0.00027
0.0781	-0.1803	-0.011	-0.002366666465704311	0.0013334315485236678	0.0016336281798666925	1.14277673	27.64431572	0.97302261	0.11650235837034216	0.0100312	0.00041
0.0781	-0.2285	0.0875	-0.0030211649352021846	0.0011728612573401894	0.0017034413499464657	1.14953053	27.80769348	1.00475187	0.19094409653805627	0.0111604	0.00042
0.0753	-0.1875	0.1195	-0.0029565877528783943	0.0008866272600131194	0.0016109388995907662	1.12522864	27.21981812	0.98795672	0.097965681500328	0.0113388	0.00041
0.0831	-0.142	-0.008	-0.002466150233067988	0.0010332349171806431	0.0014346606451393388	1.16483235	28.17785072	1.02906229	0.22146617157146783	0.009251	0.00038
0.085	-0.1975	-0.0513	-0.0023457225146803788	0.0012007865253720988	0.001408480706359424	1.10718417	26.78331375	0.9321494	0.116407963267949	0.00915277	0.00022
0.0925	-0.1909	0.0243	-0.0029513517651224112	0.0010384709049366262	0.001500983156715123	1.0991838	26.58978081	0.97089966	0.13272236606166024	0.00880086	0.00036
0.0926	-0.2032	-0.0204	-0.002597049926967562	0.001228711793404008	0.001626646862858715	1.13939476	27.56250191	0.93390376	0.09061032163829116	0.00835556	0.00028
0.0891	-0.1593	-0.0929	-0.002310815929640492	0.001420698011123384	0.0016336281798666925	1.09058833	26.3818512	0.94768291	0.14416007660272115	0.0092991	0.00027
0.0881	-0.2143	-0.0811	-0.00238237442897226	0.0014137166941154068	0.001785471824790199	1.13093185	27.35778236	0.94314429	0.07931917306316259	0.00888604	0.00024
0.0816	-0.263	0.1113	-0.003947934768011174	0.0011780972450961724	0.0016859880574265225	1.3278507	32.12134171	1.15804251	0.34263317777109126	0.0116029	0.00047
0.0822	-0.1972	0.0806	-0.003225368457685521	0.0007923794804054256	0.0015917402778188286	1.2414633	30.03158951	1.02281093	0.15722659273120468	0.00940204	0.00028
0.0873	-0.2538	-0.0266	-0.002642428487519415	0.0011187560505283654	0.0014957471689591403	1.1458379	27.71836662	0.9978916	0.21916548245743675	0.00927222	0.00022
0.0788	-0.1644	-0.0759	-0.0023753931119642824	0.0013892820845874865	0.0016057029118347831	1.10877323	26.82175255	0.96064509	0.17957585762449485	0.00915056	0.00035
0.0748	-0.1307	0.0146	-0.003134611336581816	0.001382300767579509	0.0017680185322702558	1.10927522	26.83389664	0.97558579	0.17462575810304917	0.00826108	0.00014
0.0697	-0.2014	0.16	-0.00399505865781502	0.0010210176124166828	0.002078687139125246	1.40207601	33.91688919	1.10103339	0.29781995416255097	0.0138602	0.00083
0.0659	-0.2661	0.2562	-0.0040945424251786966	0.0007243116395776468	0.002176425577236929	1.23833442	29.9559021	1.04253922	0.18939640891571977	0.0188117	0.00138
0.0687	-0.3223	0.2433	-0.0033353242005611634	0.0006527531402458793	0.002258456052080662	1.0760262	26.0295887	0.99038882	0.11754035993965165	0.019123	0.00088
0.0782	-0.3582	0.1704	-0.002782054827678961	0.0009250245035569946	0.002183406894244906	1.08661544	26.28574753	0.99285612	0.16332949470145372	0.0161258	0.00072
0.0842	-0.2991	0.113	-0.0020141099568014562	0.0009424777960769379	0.0021327923459370708	1.04070413	25.17512894	0.97423104	0.16430063558526417	0.0122346	0.00033
0.0881	-0.2015	0.0016	-0.0017749998492782332	0.0012880529879718153	0.002007128639793479	1.37034655	33.14933777	1.09127195	0.24841745027808457	0.0113626	0.00049
0.0854	-0.2441	0.1108	-0.0026389378290154262	0.001298524963483781	0.0020996310901491783	1.28775096	31.15131187	1.06133412	0.2028456202802429	0.0120507	0.00028
0.0832	-0.2556	0.1735	-0.0029059732045705585	0.0013456488532876281	0.0021921335405048776	1.34305823	32.48921967	1.04457897	0.09673308578573392	0.0151612	0.00088
0.0845	-0.26	0.0512	-0.002239257430308725	0.0015254177662430443	0.00199142067652553	1.40302491	33.93984222	1.03891044	0.18035987755982988	0.011635	0.00036
0.0894	-0.2307	-0.0034	-0.002288126649364566	0.0019442967867216831	0.00204378055408536	1.12860572	27.30151176	0.96906706	0.11480540585471552	0.0101044	0.00028
0.102	-0.2305	0.057	-0.00301941960595019	0.0017156586547104257	0.002256710722828668	1.31567371	31.8267746	0.9748551	0.13184306286700945	0.0109569	0.00039
0.0801	-0.2574	0.2215	-0.0031311206780778272	0.0012164944886400475	0.0022968532956245376	1.49665642	36.20483398	1.20292579	0.24585039054969424	0.0165061	0.00088
0.0846	-0.2376	0.2122	-0.003563962332572421	0.000921533845053006	0.0020682151636132805	1.11712384	27.02375793	1.00992793	0.08142202150464464	0.0149337	0.00039
0.0879	-0.257	0.0773	-0.002748893571891069	0.0009372418083209549	0.002061233846605303	1.24315083	30.07241249	1.06500099	0.19948790204786396	0.00967699	0.00022
0.0913	-0.2518	0.056	-0.0016912240451825054	0.0016126842288427606	0.002410299697004169	1.12826025	27.29315376	0.97430073	0.13400888988146173	0.010739	0.00035
0.0861	-0.3114	0.0281	-0.0018762289458939042	0.0018413223608540175	0.002441715623540067	1.12321174	27.17102814	0.9622168	0.11495294796292768	0.0105494	0.00038
0.0936	-0.2525	0.0763	-0.0024609142453120045	0.001452113937659282	0.0026808257310632897	1.2603699	30.48895073	0.99117498	0.17525019150680296	0.0105619	0.00036
0.0823	-0.2107	0.2068	-0.0030508355324860886	0.0011519173063162574	0.002834414705238791	1.31598008	31.83418655	1.14169057	0.23578534463463047	0.0149106	0.00063
0.0888	-0.2488	0.1031	-0.002488839513343914	0.0010925761117484504	0.0025237460983838006	1.20508659	29.15161896	1.04986436	0.1949002910282486	0.0106819	0.0005
0.1026	-0.2703	-0.0287	-0.0020472712125893483	0.0007976154681614085	0.0025883232807075904	1.23614991	29.90305519	1.07896033	0.20715530633326984	0.0119358	0.00085
0.1066	-0.0841	-0.1868	-0.0019896753472735357	0.00020943951023931956	0.0026895523773232616	1.50235474	36.34267807	1.29910672	0.38565004599267855	0.014653	0.00099
0.0919	-0.1661	0.0538	-0.0029112091923265415	-0.00023212879051524583	0.002438224965036078	1.47703588	35.73020172	1.20282901	0.4180214779047377	0.00992429	0.00033
0.0867	-0.1787	0.0731	-0.0016859880574265225	-0.00012217304763960306	0.00238237442897226	1.1275245	27.27535439	1.01092968	0.106651370691974	0.00981796	0.00027
0.0871	-0.3064	0.0575	-0.0014556045961632708	0.0003385938748868999	0.0022444934180647076	1.20689917	29.195467	1.01259234	0.18515156973486532	0.0126691	0.0006
0.0719	-0.3523	0.2029	-0.00017802358370342162	0.000726056968829641	0.0023596851486963333	1.4665482	35.47650146	1.22712557	0.2955117918517108	0.0211577	0.00373
0.068	-0.3584	0.2175	-0.00199142067652553	0.0005044001538263612	0.0024172810140121463	1.17204905	28.35242653	1.06718367	0.12923248865706005	0.0180634	0.00099
0.0772	-0.3671	0.1921	-0.0018465583486100008	0.0001186823891356144	0.002256710722828668	1.30802357	31.641716	0.9698036	0.07785751918948772	0.0184118	0.00118
0.0843	-0.3502	0.0866	-0.0011135200627723821	0.0004677482395344803	0.002197369528260861	1.31367195	31.77835083	1.00751149	0.18657226654021447	0.0148242	0.00078
0.0748	-0.3079	0.0292	-0.0010000736613927507	0.0009616764178488756	0.0022602013813326567	1.09126019	26.39810562	0.96387733	0.14271032163829112	0.011579	0.00047
0.0762	-0.2905	0.1597	-0.0021676989309769574	0.0006230825429619757	0.002303834612632515	1.16617024	28.21021461	1.05935257	0.2267926187885483	0.0148609	0.00067
0.0787	-0.2939	0.1256	-0.001858775653373961	0.0007208209810736582	0.002324778563656447	1.18395245	28.64037514	0.95711122	0.0613802833369306	0.0131328	0.00044
0.0702	-0.2603	0.0075	-0.001481784534943186	0.0013159782560037243	0.002288126649364566	1.18869042	28.75498962	1.00517465	0.21064001538263608	0.0103602	0.00016
0.0843	-0.3044	0.0349	-0.0018133970928221085	0.0011536626355682519	0.002258456052080662	1.06413746	25.74199295	0.96466668	0.11177993877991498	0.0121223	0.00049
0.0779	-0.2736	0.2311	-0.0029722957161463434	0.0007470009198535729	0.0021956241990088664	1.33505726	32.29567337	1.19998401	0.31481960960553546	0.0173386	0.00135
0.0825	-0.27	0.1343	-0.0018273597268380628	0.0007120943348136865	0.0021938788697568722	1.19058311	28.80077362	1.0341638	0.16407939518000808	0.012771	0.00047
0.088	-0.2794	0.0204	-0.0011117747335203881	0.0011693705988362008	0.00214850030920502	1.09653378	26.52567673	0.99167667	0.18971199089460203	0.0109807	0.00028
0.093	-0.3043	0.0029	-0.0010663961729685354	0.0011623892818282235	0.0022218041377887812	1.08591092	26.26870346	0.92588402	0.05368318530717961	0.0116267	0.00041
0.0932	-0.3133	0.1316	-0.002001892652037496	0.0007679448708775049	0.002356194490192345	1.18677998	28.70877457	1.03026251	0.21111656212116212	0.0141352	0.00093
0.0879	-0.2496	0.0963	-0.0012479104151759456	0.0008587019919812101	0.0023003439541285265	1.14498854	27.69781876	0.97954378	0.1493294947014537	0.0114331	0.00033
0.0964	-0.3213	-0.0082	-0.0008063421144213803	0.0011606439525762293	0.002469640891571976	1.12684274	27.25886345	1.00034947	0.23034035993965163	0.0121658	0.00046
0.1029	-0.2596	-0.0077	-0.0011519173063162574	0.0008063421144213803	0.0023753931119642824	1.15536118	27.9487381	0.95792623	0.10840624048287097	0.0107042	0.00039
0.1048	-0.2962	0.1573	-0.0026127578902355115	0.0002844886680750757	0.0020682151636132805	1.25326777	30.31714439	1.0863712	0.317993598930828	0.0140573	0.00066
0.0862	-0.3092	0.1008	-0.0020525072003453313	0.00048520153205442357	0.0017959438003021652	1.08506405	26.24821854	0.98917573	0.13976174585903212	0.0120783	0.00052
0.0936	-0.2751	-0.091	-0.0017540558982543013	-9.599310885968811e-05	0.0019006635554218248	1.3380779	32.3687439	1.12149314	0.28251828490624004	0.0109059	0.00069
0.0955	-0.2186	-0.2019	-0.0019198621771937623	-0.00034557519189487725	0.0023230332344044524	1.20881724	29.24186516	1.02199812	0.2111879020478639	0.0139071	0.00104
0.1004	-0.1262	-0.1464	-0.0033545228223331013	-0.0013735741213195373	0.0014137166941154068	1.1469245	27.74465179	1.03953169	0.3213988057426522	0.0129644	0.00124
0.1048	-0.1135	0.0156	-0.003309144261781249	-0.0013997540600994523	0.0016947147036864942	1.22110462	29.53910255	1.09071982	0.19672782544514275	0.0104349	0.00075
0.0973	-0.2077	0.177	-0.004290019301402062	-0.0011117747335203881	0.0018500490071139892	1.23156333	29.79210472	1.09732839	0.3343094334813686	0.0150011	0.0013
0.1019	-0.2421	0.1694	-0.0035482543693044722	-0.001064650843716541	0.0017051866791984597	1.00665641	24.35149956	0.96728945	0.09328755749084834	0.0146497	0.0006
0.1093	-0.3464	0.1106	-0.0030647981665020423	-0.0008499753457212384	0.0017034413499464657	1.05630958	25.55263329	0.97048111	0.20549385150248628	0.0143248	0.00108
0.1105	-0.3374	0.0508	-0.0025115287936198403	-0.0006475171524898963	0.0017715091907742446	1.07763946	26.06861305	0.95328929	0.11118977034706617	0.0131831	0.00072
0.1178	-0.2747	-0.0002	-0.0024033183799961914	-6.45771823237902e-05	0.002038544566329377	1.12659729	27.25292587	1.00028039	0.16890928796724433	0.011636	0.00042
0.1139	-0.2049	0.1111	-0.0031311206780778272	0.00027925268031909274	0.002176425577236929	1.73075724	41.86784363	1.06758088	0.24547565858160353	0.0149881	0.00165
0.1074	-0.2667	0.0819	-0.002766346864411012	0.00039269908169872416	0.0023422318561763904	1.53448808	37.11999893	1.08754002	0.12970132469929535	0.0111909	0.00041
0.0984	-0.2378	-0.1289	-0.0020629791758572974	0.0006265732014659643	0.003159045946109736	1.37950146	33.37080002	1.17525085	0.33640279491271496	0.0122457	0.00085
0.0792	-0.0737	-0.3674	-0.0030072023011862297	0.0008290313946973065	0.003227113786937515	1.70839441	41.32687759	1.35591268	0.4825374579694027	0.0274835	0.00399
0.0923	0.0498	-0.3549	-0.005290092962794812	-0.0001884955592153876	0.002698279023583233	1.42190266	34.39650345	1.12804167	0.340562618943778	0.0293369	0.00643
0.0885	0.0487	-0.2396	-0.006105161723476165	-8.028514559173915e-05	0.0024033183799961914	1.16267526	28.12566948	1.05645358	0.1811119908946021	0.0208114	0.00339
0.0914	-0.0173	-0.0325	-0.005235987755982988	0.00024260076602721178	0.0030613075079980543	1.46117496	35.34651947	1.21459721	0.3685024503556995	0.0116385	0.00041
0.0851	-0.0566	0.048	-0.004897393881096089	-0.0001675516081914556	0.00324107642095347	1.29248452	31.26581764	1.03442351	0.17252575810304907	0.0102793	0.00031
0.0883	-0.0906	0.0485	-0.004729842272904633	-0.0002513274122871834	0.003223623128433527	1.05073988	25.41789818	0.94906494	0.05113903524035637	0.00946105	0.00022
0.0969	-0.1002	-0.0441	-0.00429700061841004	-0.00034208453339088857	0.0029653143991383657	1.07442427	25.99083519	0.94743593	0.14989537524467295	0.00961626	0.00027
0.0973	-0.1807	-0.1114	-0.004139920985730549	-0.00027925268031909274	0.0031764992386296795	1.09049046	26.37948608	0.97203619	0.16975481626213	0.0109795	0.00033
0.083	-0.1009	-0.1441	-0.003766420525803763	0.0001064650843716541	0.003506366467256608	1.10431218	26.71383858	0.94526165	0.18125427266222308	0.0116636	0.00024
0.0837	-0.0375	-0.1114	-0.004131194339470578	0.00021642082724729686	0.0036128315516282617	1.07369459	25.97318459	0.95823763	0.12585973204570558	0.0117282	0.00038
0.0922	-0.0523	-0.059	-0.004195771521794368	0.0004904375198104066	0.0033964107243809652	1.23878133	29.96671295	0.93797763	0.10345073510670984	0.0102548	0.0002
0.0888	-0.0477	-0.1728	-0.003916518841475275	0.0004904375198104066	0.0035517450278084606	1.15945494	28.04776955	0.98165357	0.14352934918732943	0.0126206	0.00024
0.0804	-0.0244	-0.2111	-0.0038571776469074684	0.000752236907609556	0.0036843900509600297	1.08505106	26.24790382	0.94763721	0.09268928027592624	0.0152978	0.00041
0.0816	-0.0019	-0.2021	-0.004108505059194652	0.0008604473212332044	0.0038397243543875246	1.02967691	24.90837479	0.928021	0.05844360646691637	0.0148615	0.00046
0.0915	-0.009	-0.1007	-0.004309217923174	0.0006073745796940267	0.0038152897448596045	1.28787148	31.1542263	0.9701302	0.14231101075232228	0.0118558	0.00058
0.0923	-0.0773	-0.0126	-0.004075343803406759	0.0002443460952792061	0.0038083084278516272	1.18364406	28.6329155	0.98972094	0.18739419605950197	0.00944281	0.00028
0.0844	-0.1015	0.046	-0.0051557026103912496	0.0002024581932313422	0.0035360370645405115	1.08158815	26.16413498	0.96222887	0.16042590361717352	0.0102399	0.00028
0.0816	-0.1429	0.0842	-0.00533721685259866	-0.00021467549799530252	0.0036651914291880917	1.00666034	24.35159302	0.92750997	0.11879011490408171	0.0109566	0.00038
0.0953	-0.1229	0.0445	-0.0050893800988154655	-0.00040840704496667313	0.003349286834577118	1.0070945	24.36209679	0.94099491	0.11127364476827693	0.0112664	0.00025
0.116	-0.1425	-0.0395	-0.004349360495969869	0.0002007128639793479	0.003427826650916863	1.05314612	25.47610664	0.97634091	0.19568396640656807	0.00919282	0.00024
0.1177	-0.1618	-0.0793	-0.0036198128686362394	0.0005462880558742252	0.003427826650916863	1.08780169	26.31444168	0.95590153	0.11455614096142536	0.00950569	0.00033
0.1124	-0.0855	-0.127	-0.003214896482173555	0.0008988445647770796	0.0036425021489121657	1.11665177	27.01233864	0.95540176	0.17790741966804205	0.0110456	0.00042
0.1115	-0.0963	-0.0484	-0.003886848244191372	0.0007417649320975902	0.0036948620264719957	1.20522046	29.15485954	0.98506727	0.1343695636128568	0.009561	0.00022
0.1131	-0.0266	-0.0331	-0.0038536869884034796	0.0008621926504851988	0.003707079331235956	1.15541601	27.95006561	1.02214866	0.09489031394697309	0.0111167	0.00033
0.1014	-0.0917	-0.1689	-0.0035831609543443585	0.0011903145498601325	0.00382576172037157	1.33935571	32.39965439	1.09903011	0.24846651612848344	0.0124047	0.00019
0.1057	-0.0396	-0.1824	-0.003626794185644217	0.0011484266478122688	0.004225442119078272	1.07789135	26.07470512	0.9834183	0.0941600766027212	0.0140216	0.00047
0.1002	0.0348	-0.2125	-0.0035377823937925057	0.0010978120995044332	0.0038606683054114572	1.01827836	24.63264084	0.93568621	0.13522000769131806	0.0157718	0.00049
0.1012	-0.005	-0.2318	-0.003712315318991939	0.0010349802464326373	0.0038851029149393774	1.24378574	30.08777046	0.95434166	0.07318996938995748	0.0175222	0.00052
0.0905	-0.0594	-0.0702	-0.0045204027626653135	0.000900589894029074	0.003675663404700058	1.39894176	33.84106827	1.11097453	0.2842958653158128	0.0110444	0.0003
0.0895	-0.0183	-0.0426	-0.003968878719035105	0.0007208209810736582	0.0035674529910764093	1.15156794	27.85697937	1.02799202	0.11167516851046363	0.0101928	0.00019
0.0964	-0.0839	-0.1471	-0.003502875808752619	0.0009285151620609833	0.0037419859162758423	1.09654868	26.52603531	1.01201792	0.21941150082346225	0.0111226	0.00024
0.1044	-0.0471	-0.1949	-0.003640756819660172	0.0009093165402890458	0.0037245326237558994	1.10317719	26.68638229	0.92776555	0.10132664625997163	0.0146636	0.00046
0.114	-0.0145	-0.1279	-0.004347615166717875	0.0006789330790257941	0.003710569989739945	1.25544536	30.36982346	1.00128725	0.1567602221168454	0.0131742	0.00025
0.1024	0.0152	0.0183	-0.004879940588576145	0.00034033920413889426	0.003598868917612307	1.21126342	29.30104065	1.0708041	0.23663101844364043	0.0111091	0.00044
0.095	0.0134	0.0796	-0.004754276882432553	0.0004049163864626844	0.003569198320328404	0.99977285	24.1849823	0.91353429	0.08149557428756429	0.0107802	0.00049
0.0906	-0.1147	0.0959	-0.004532620067429273	0.000582939970166106	0.0036425021489121657	1.07682991	26.0490303	0.96802398	0.17244921136452315	0.0100941	0.00022
0.0946	-0.1532	0.0152	-0.004382521751757761	0.0004904375198104066	0.003497639820996636	1.12685931	27.2592659	0.96142204	0.14257315469713705	0.00881112	0.00013
0.0976	-0.1164	-0.0617	-0.003640756819660172	0.0007592182246175333	0.0035238197597765512	1.05797064	25.59281349	0.95440446	0.16853627878423155	0.00944763	9e-05
0.1026	-0.0898	-0.1315	-0.003556981015564444	0.001244419756671957	0.0036512287951721376	1.07798076	26.07686996	0.95731916	0.1362193185772869	0.0113072	0.00039
0.1086	-0.0692	-0.1316	-0.00394269878025519	0.001322959573011702	0.0036477381366681488	1.58767116	38.40652466	1.03537811	0.050087411976723985	0.0132662	0.00096
0.1073	-0.0057	-0.0842	-0.0042935099599060505	0.0014329153158873448	0.0036512287951721376	1.43975067	34.8282547	1.00492722	0.13541287905152463	0.0119271	0.00044
0.1042	-0.0203	-0.217	-0.004272566008882118	0.0017435839227423352	0.00386590429316744	1.17569149	28.44053841	1.03046851	0.17781440279371125	0.015349	0.00042
0.1061	0.0113	-0.2559	-0.004422664324553631	0.0018744836166419098	0.003963642731279122	1.12907815	27.3129406	0.98060844	0.09133682238413852	0.019912	0.00082
0.1119	0.0273	-0.1313	-0.005094616086571448	0.0016301375213627037	0.004064871827894794	1.29736686	31.38392258	1.0516988	0.19727634769563476	0.0146638	0.0005
0.1132	0.0256	-0.0388	-0.005312782243070739	0.0014800392056911916	0.004096287754430691	1.1229341	27.16431236	1.0066448	0.11548401993533504	0.0117878	0.00035
0.1185	-0.0338	-0.161	-0.004850269991292241	0.0015585790220309364	0.004077089132658754	1.18669927	28.70682144	1.02184191	0.21491253449450903	0.0136297	0.00036
0.1077	0.0161	-0.1706	-0.004646066468808905	0.0017313666179783749	0.004185299546282402	1.14600253	27.72234726	0.94084955	0.09456007660272113	0.0150097	0.0005
0.1151	0.0038	-0.1513	-0.00481710873550435	0.0016929693744344998	0.004157374278250492	1.0270015	24.84365654	0.9225547	0.050868238913561487	0.013726	0.00035
0.1167	0.0453	-0.0394	-0.0052726396702748686	0.0015969762655748114	0.004136430327226561	1.32122326	31.96102142	1.02822186	0.1836233997327069	0.0129192	0.00042
0.1135	0.0348	-0.1532	-0.004553564018453206	0.0016947147036864942	0.004106759729942657	1.33168232	32.21403122	1.03364319	0.16982423436086244	0.0146836	0.00044
0.1074	-0.013	-0.1802	-0.004317944569433971	0.001954768762233649	0.0041661009245104645	1.07341862	25.96650887	0.95969048	0.10865073510670986	0.0144538	0.00031
0.1156	0.0064	-0.1536	-0.004740314248416599	0.001858775653373961	0.0041329396687225725	1.28446651	31.07185745	0.93179064	0.08177620218151038	0.0148287	0.00046
0.1167	0.0146	-0.1002	-0.004991641660703782	0.0017348572764823637	0.004180063558526419	1.25111639	30.26510239	0.98480478	0.08381848394913137	0.0131426	0.00035
0.1072	0.0362	-0.1865	-0.0047088983218807005	0.0021327923459370708	0.004256858045614169	1.11058724	26.86563492	0.96607638	0.15527364476827693	0.0159137	0.0006
0.1102	0.0369	-0.2173	-0.004878195259324152	0.0022008601867648495	0.004375540434749784	1.16654146	28.21919441	0.92178556	0.05230235837034222	0.0179623	0.00071
0.1116	0.1022	-0.1217	-0.005276130328778859	0.0020280725908174107	0.0044645522266014955	1.19720674	28.96100235	1.01732075	0.19528672286269289	0.0166497	0.00069
0.1068	-0.0137	-0.1704	-0.004888667234836118	0.002256710722828668	0.004379031093253773	1.20401001	29.12557602	1.03488814	0.204481117965086	0.01485	0.00049
0.0941	0.0193	-0.2433	-0.004743804906920588	0.0022706733568446224	0.00408756110817072	1.14716911	27.75056839	0.96562823	0.14111474735072685	0.0186254	0.00067
0.0929	0.084	-0.2327	-0.005016076270231703	0.0022846359908605773	0.004103269071438669	1.08601713	26.27127266	0.95417113	0.09159709802975095	0.0218157	0.00102
0.1041	0.0489	-0.0912	-0.005656612105713622	0.001785471824790199	0.0041835542170304075	1.27420306	30.8235817	1.08966068	0.24879925735720176	0.0146586	0.00058
0.1049	-0.025	0.0657	-0.006250024051391693	0.0015358897417550098	0.004251622057858187	1.20689166	29.1952858	1.05082119	0.2771530934770519	0.0124151	0.00061
0.1013	-0.0759	0.1014	-0.005803219762881146	0.0011955505376161158	0.004091051766674708	1.1080153	26.80341911	0.99054773	0.137585689191646	0.0120949	0.00061
0.1112	-0.132	0.0134	-0.004995132319207771	0.001296779634231787	0.0039339721339952186	1.20373559	29.11893845	1.02168377	0.2073198086484268	0.0110712	0.00033
0.1065	-0.1131	-0.0477	-0.004722860955896656	0.001635373509118687	0.0037734018428117405	1.0777297	26.07079697	0.94657854	0.12327177646907464	0.0100268	0.00027
0.1066	-0.068	-0.1573	-0.004522148091917307	0.0023352505391684127	0.0038065630985996326	1.08750868	26.30735397	0.99790097	0.20148755749084832	0.014792	0.00067
0.1085	0.0295	-0.2388	-0.004495968153137393	0.0023753931119642824	0.004035201230610889	1.1848433	28.66192436	1.0587843	0.1956480321793521	0.0187314	0.00113
0.1094	0.0842	-0.2288	-0.00428129265514209	0.0021799162357409173	0.0040282199136029125	1.04476368	25.2733326	0.94056104	0.08645668456133225	0.0194077	0.00085
0.1096	0.0403	-0.1171	-0.004797910113732411	0.001980948701013564	0.004181808887778414	1.12276697	27.16026878	1.0204657	0.1992586983746588	0.0151383	0.00094
0.1021	-0.0059	0.0473	-0.0054052846934264384	0.0016510814723866359	0.004029965242854907	1.23636115	29.90816689	1.08464215	0.2725542726622231	0.0124246	0.00108
0.106	-0.0464	0.051	-0.0050562188430275734	0.0013857914260834976	0.003876376268679406	1.03834581	25.11808205	0.96500723	0.08649724354387521	0.0113629	0.00053
0.1143	-0.1052	-0.0711	-0.004302236606166022	0.0016667894356545846	0.0038432150128915135	1.11366737	26.94014549	1.01740022	0.24260707511102647	0.0113262	0.00039
0.1139	-0.0774	-0.1805	-0.004256858045614169	0.0022689280275926286	0.004016002608838952	1.1896497	28.77819443	1.01712033	0.17861523742186675	0.0144892	0.00049
0.1213	-0.054	-0.1425	-0.00477696616270848	0.0020839231268812296	0.004016002608838952	1.09005141	26.36886406	0.98254981	0.10405565089028548	0.0132442	0.00033
0.1152	-0.0204	-0.0107	-0.005393067388662479	0.0015393804002589986	0.003944444109507185	1.19802308	28.98075104	1.02641906	0.2331101225953998	0.0118991	0.0003
0.1141	-0.0456	0.0817	-0.006016149931624455	0.0016947147036864942	0.004199262180298357	1.13627648	27.48707008	0.96669177	0.1703617458590322	0.0131035	0.00063
0.1012	-0.1855	0.1415	-0.006120869686744114	0.0015899949485668342	0.004187044875534397	1.25564241	30.37458992	1.01295811	0.22368284075016395	0.013527	0.00049
0.0897	-0.162	0.1315	-0.005768313177841259	0.0017749998492782332	0.004251622057858187	1.00271618	24.25618362	0.9220558	0.0751069295969022	0.0120977	0.00031
0.0991	-0.0849	0.0264	-0.005375614096142535	0.0017034413499464657	0.004159119607502487	1.11252522	26.91251755	1.01061417	0.2194380015693096	0.00998479	0.00024
0.0984	-0.1238	-0.008	-0.004796164784480418	0.001843067690106012	0.004181808887778414	0.98719394	23.88069344	0.94540437	0.11108824660487948	0.00925899	0.00024
0.096	-0.0894	-0.0878	-0.0038746309394274117	0.0024312436480281013	0.004241150082346221	1.22151637	29.54906273	0.99245108	0.19505254987714513	0.0112586	0.00027
0.098	-0.0743	-0.1224	-0.003783873818323706	0.002574360646691636	0.004251622057858187	1.17096019	28.32608604	0.95429075	0.0639173047639603	0.0120447	0.0003
0.1074	-0.0499	-0.0634	-0.004485496177625427	0.002373647782712288	0.004230678106834255	1.16828883	28.26146317	0.97474371	0.13896395871525002	0.0111673	0.00025
0.1102	-0.0653	-0.0132	-0.004700171675620729	0.00233001455141243	0.004284783313646079	1.21508241	29.39342308	1.01595208	0.08402069680534921	0.0128056	0.00067
0.1069	-0.0504	-0.1571	-0.004406956361285682	0.0027384215963791032	0.004220206131322289	1.3065784	31.60675621	1.04473168	0.20040997708127556	0.0138912	0.00036
0.1047	-0.0283	-0.1715	-0.004553564018453206	0.002981022362406315	0.004340633849709897	1.03302467	24.9893589	0.94807693	0.06418180707911723	0.0143706	0.00042
0.1116	0.0213	-0.0842	-0.005194099853935124	0.002698279023583233	0.0044156830075456534	1.19132566	28.81873512	0.98083807	0.19371641660703776	0.0142763	0.00038
0.1153	-0.0413	0.0424	-0.005677556056737554	0.002235766771804736	0.00451516677490933	1.31758392	31.87298393	1.07297581	0.2451726110972302	0.0114693	0.0003
0.1148	-0.0563	-0.06	-0.004682718383100785	0.0023125612588924867	0.00445058959258554	1.1170305	27.02150154	1.01673777	0.17471046715241548	0.0114169	0.0002
0.1092	-0.0648	-0.1293	-0.005129522671611334	0.0030281462522101614	0.004328416544945937	1.05406141	25.49824905	0.96464282	0.14762811647339133	0.0124524	0.00028
0.1134	-0.0466	-0.1498	-0.004858996637552213	0.0032637657012293962	0.00441393767829366	1.28503156	31.08552742	0.9145368	0.0724833308213039	0.0155349	0.00042
0.1103	-0.0209	-0.1446	-0.00488168591782814	0.0030944687637859463	0.0044540802510895285	1.14974511	27.81288338	0.93660986	0.04560643952576227	0.0144066	0.00035
0.1021	0.0073	-0.1497	-0.004965461721923867	0.003242821750205464	0.004565781323217166	1.09520888	26.49362564	0.93305372	0.05869149313214411	0.0145776	0.00031
0.1026	0.0335	-0.1395	-0.004806636759992383	0.0033108895910332428	0.004522148091917307	1.04197311	25.20582581	0.92450261	0.05042630170295608	0.0149147	0.00047
0.1109	-0.004	-0.0682	-0.005229006438975011	0.0030543261909900766	0.0046251225177849735	1.08375359	26.21651649	0.98255493	0.15619537524467303	0.0127788	0.0003
0.112	-0.0493	-0.1145	-0.0044924774946334045	0.0033108895910332428	0.0045308747381772796	1.15576684	27.95855141	0.9702243	0.14706700619962335	0.0128393	0.00033
0.1092	-0.0196	-0.1414	-0.004551818689201211	0.003492403833240653	0.004560545335461182	1.03841054	25.11964607	0.93338245	0.07292630170295596	0.0138686	0.00033
0.1151	0.0164	-0.057	-0.005262167694762903	0.0031433379828417875	0.004600687908257053	1.19812036	28.98310471	0.97639475	0.18127787143782137	0.0130935	0.00027
0.1113	-0.0102	0.0661	-0.005485569839018178	0.002748893571891069	0.004654793115068877	1.23619652	29.90418434	1.10142231	0.1870975881008909	0.0130941	0.00069
0.118	-0.0727	-0.0602	-0.004874704600820162	0.0028274333882308137	0.004525638750421296	1.18658268	28.70400238	1.07171232	0.23642797095926707	0.0114682	0.00028
0.1179	-0.0531	-0.1385	-0.0045640359939651725	0.003218387140677544	0.004494222823885398	1.07428026	25.98735237	0.95601695	0.1346519142918809	0.0132797	0.00025
0.1245	-0.0592	-0.1613	-0.004883431247080134	0.0032026791774095948	0.0046198865300289904	1.3577497	32.84461212	0.95965659	0.05853834612632512	0.0149274	0.00067
0.1029	-0.0239	-0.0042	-0.0048624872960562025	0.002398082392240209	0.004452334921837535	1.33010423	32.17585754	1.08885256	0.2636546172192386	0.0124207	0.00025
0.1096	-0.0631	-0.042	-0.004656538444320871	0.002570869988187647	0.00446629755585349	1.10366535	26.6981926	0.97588862	0.10333495408493625	0.0111035	0.00016
0.1055	-0.0109	-0.1234	-0.00443837228782158	0.003190461872645634	0.004611159883769018	1.05832756	25.60144997	0.95650189	0.18683101844364028	0.0130944	0.0003
0.1042	-0.0737	-0.1558	-0.004277801996638102	0.0034313173094208515	0.004790928796724435	1.20123971	29.05856133	0.93421921	0.12555973204570564	0.0139012	0.00024
0.1077	-0.0153	-0.0321	-0.005171410573659199	0.0030490902032340936	0.004677482395344803	1.2127496	29.33699226	1.03134903	0.2550641042293743	0.0116372	0.00025
0.1142	-0.0165	-0.0952	-0.004480260189869444	0.0031031954100459182	0.004508185457901353	1.0858922	26.26825142	0.96571914	0.11652762640225152	0.0132968	0.00019
0.1127	-0.034	-0.142	-0.004043927876870862	0.0034871678454846703	0.0044436082755775624	1.02069676	24.69114304	0.92735789	0.1100440965380562	0.0131737	0.0003
0.1216	-0.0328	-0.127	-0.004202752838802345	0.0032340951039454926	0.0044977134823893875	1.25016391	30.24206161	0.95508258	0.048400145514124304	0.0141409	0.00055
0.1102	-0.0142	0.0536	-0.005309291584566751	0.0027296949501191318	0.004431390970813603	1.36867499	33.10890198	1.1495871	0.2944630705583276	0.0130013	0.00082
0.1009	-0.045	0.1985	-0.005895722213236845	0.0024923301718479027	0.00450294947014537	1.20082057	29.04842186	1.04836168	0.22976769531365449	0.0163308	0.00196
0.0965	-0.1453	0.1608	-0.005241223743738971	0.0026389378290154262	0.004480260189869444	1.13839912	27.53841782	1.05789323	0.18358977034706617	0.0145585	0.00086
0.1115	-0.1358	-0.0031	-0.004981169685191816	0.0027419122548830916	0.004337143191205909	1.20408714	29.12744141	1.12055252	0.21370727415391777	0.0109102	0.00025
0.1239	-0.0973	-0.0858	-0.004714134309636684	0.0029740410453983376	0.004190535534038385	1.18864214	28.75382233	0.95566958	0.16588859116189503	0.0114764	0.00017
0.1224	-0.0432	-0.1637	-0.005164429256651221	0.002895501229058593	0.0042324234360862495	1.21782541	29.45977783	0.98648747	0.16203613327010727	0.0148434	0.00039
0.1196	0.0019	-0.1894	-0.0050789081233034985	0.0028605946440187057	0.0042987459476620336	1.0725069	25.94445419	0.94645746	0.08293751149816966	0.0158791	0.0005
0.1252	0.0523	-0.206	-0.00488168591782814	0.002893755899806598	0.0042603487041181585	1.18553126	28.67856598	0.92439499	0.08603903524035628	0.0177577	0.00058
0.1233	0.0242	-0.0847	-0.0053546701451186035	0.00222529479629277	0.004026474584350918	1.19203866	28.83598328	1.03031049	0.22006597252857657	0.0146431	0.00052
0.1084	-0.0093	0.0735	-0.006099925735720181	0.002005383310541485	0.004068362486398782	1.24173093	30.03806496	1.06960663	0.2569527489200364	0.0132973	0.00046
0.0936	-0.1491	0.2142	-0.0054768431927582064	0.0019093902016817967	0.0040055306333269865	1.22807825	29.707798	1.08756435	0.3343953752446729	0.0148234	0.00108
0.0968	-0.1361	0.2439	-0.005686282702997525	0.002169444260228951	0.004267330021126135	0.99163848	23.98820877	0.96114985	0.08246464782928109	0.0163711	0.0008
0.0971	-0.2601	0.2086	-0.005276130328778859	0.002331759880664424	0.0042935099599060505	1.03069544	24.93301582	0.97598962	0.1895323966717027	0.0159726	0.00093
0.1038	-0.2431	0.1456	-0.004729842272904633	0.00238237442897226	0.004333652532701919	1.04450357	25.26704025	0.9406495	0.11855225884889654	0.012984	0.00052
0.1049	-0.2264	0.0971	-0.004194026192542374	0.0023265238929084412	0.004190535534038385	1.07184899	25.92853737	0.95201553	0.10303918075448058	0.011713	0.00044
0.1054	-0.1706	0.0535	-0.0037699111843077517	0.0025237460983838006	0.004040437218366873	1.07789755	26.0748558	0.98116767	0.1384717764690747	0.00908673	0.00017
0.1115	-0.1109	-0.0683	-0.003577924966588375	0.0029181905093345183	0.0038327430373795474	1.45368052	35.16522598	1.03618608	0.22730624048287096	0.0125687	0.00072
0.1127	-0.0936	-0.1731	-0.003954916085019151	0.003186971214141646	0.004000294645571003	1.38376451	33.47392273	1.02468707	0.16396617157146792	0.0137442	0.00042
0.115	-0.0348	-0.0272	-0.005311036913818745	0.002808234766458876	0.003963642731279122	1.39957106	33.85629272	1.07509387	0.29557545953871234	0.0129716	0.00056
0.1078	-0.0428	0.1302	-0.005970771371072602	0.0025551620249196984	0.004235914094590238	1.44611299	34.98216248	1.11838687	0.23185392810520747	0.0137677	0.0005
0.1018	-0.0814	0.0469	-0.00476474885794452	0.0026441738167714093	0.004145156973486532	1.1564492	27.9750576	1.01731357	0.19718957130417492	0.0104886	0.00024
0.107	-0.1087	-0.1071	-0.004354596483725852	0.0032882003107573173	0.004125958351714595	1.27350032	30.80657959	1.03324691	0.24016887449882565	0.0144176	0.00044
0.1065	-0.0971	-0.1333	-0.00451865743341332	0.0033405601883171464	0.004108505059194652	1.16577542	28.20066452	0.9632253	0.04999370598836197	0.0136716	0.00033
0.1039	-0.0872	-0.033	-0.005152211951887261	0.00301941960595019	0.004082325120414737	1.19290888	28.85703659	1.03074906	0.16184375198104065	0.0118006	0.00036
0.102	-0.0447	0.1014	-0.0055431657043339905	0.002450442269800039	0.004118977034706617	1.28329551	31.04353142	1.05774056	0.22862915014443808	0.0117488	0.00025
0.112	-0.0545	-0.0509	-0.004766494187196514	0.0026267205242514655	0.004017747938090946	1.23397636	29.85047722	1.05202854	0.22480894341022872	0.0109744	0.00024
0.1011	-0.085	-0.0945	-0.004756022211684548	0.0029792770331543207	0.0038833575856873836	1.1505717	27.83287811	0.98720881	0.10987094184091922	0.0123722	0.00042
0.1117	-0.1002	-0.0648	-0.004855505979048225	0.00277332818141899	0.003858922976159462	1.05931795	25.62540817	0.93859107	0.07199336143134646	0.0107534	0.00035
0.1114	-0.0382	0.0745	-0.005710717312525446	0.0022602013813326567	0.0038746309394274117	1.24484777	30.11346054	1.08456245	0.27080230484157514	0.0122784	0.00036
0.1146	-0.0958	0.0872	-0.005328490206338688	0.0020263272615654165	0.0038851029149393774	1.20777416	29.21663284	1.01866497	0.10482866007329816	0.0115379	0.00041
0.1206	-0.1283	-0.0152	-0.005057964172279567	0.002384119758224254	0.003778637830567723	1.12603796	27.23939705	1.00159284	0.17763918075448065	0.0100203	0.0003
0.1168	-0.1126	-0.0965	-0.004633849164044945	0.0028396506929947744	0.003953170755767157	1.23181665	29.79823303	0.97198444	0.15350894341022883	0.0121484	0.0003
0.1118	-0.0626	-0.0028	-0.005475097863506211	0.0025586526834236872	0.00401076662108297	1.27824414	30.92133713	1.02125669	0.20769212871740833	0.0110795	0.00022
0.1137	-0.1145	0.0165	-0.005169665244407204	0.002513274122871834	0.00386590429316744	1.10131168	26.64125443	0.96875318	0.09788367537831949	0.0102488	0.00014
0.1104	-0.1263	-0.1152	-0.004511676116405342	0.003218387140677544	0.003778637830567723	1.32679331	32.09576416	0.99942173	0.2193184304203644	0.0126266	0.00035
0.1171	-0.0193	-0.1589	-0.0048136180770003605	0.0031031954100459182	0.003911282853719292	1.25213206	30.28967094	1.01246256	0.18488893571891063	0.0142445	0.0003
0.1166	-0.0037	-0.0311	-0.005593780252641826	0.002858849314766712	0.004003785304074992	1.14530599	27.70549965	1.01818569	0.19975053606381865	0.0128992	0.00047
0.1211	-0.1059	-0.0385	-0.005333726194094671	0.002670353755551324	0.0038030724400956446	1.10102618	26.63434982	1.00424164	0.14656312408709452	0.0121273	0.00038
0.1095	-0.0871	-0.1478	-0.005085889440311476	0.0031747539093776853	0.0037053340019839614	1.1170243	27.02135086	0.96864485	0.182198767286062	0.0129461	0.00035
0.1192	-0.0052	-0.1656	-0.0048467793327882525	0.0029914943379182805	0.0038501963298994907	1.0417372	25.20012093	0.93706137	0.1377616003449079	0.0150331	0.00046
0.1162	-0.0068	-0.0491	-0.005204571829447091	0.0025342180738957666	0.004038691889114879	1.18531919	28.67343712	1.04000178	0.171278215994837	0.0129442	0.00055
0.0925	-0.1398	0.0858	-0.005616469532917752	0.0024609142453120045	0.004146902302738527	1.22323585	29.5906601	1.09284519	0.32127059728390356	0.0122879	0.00053
0.0813	-0.1388	0.1649	-0.005553637679845957	0.0026354471705114374	0.004202752838802345	1.07070625	25.90089607	0.98820875	0.1059607657167523	0.0137033	0.00067
0.1017	-0.1652	0.0355	-0.004335397861953915	0.002584832622203602	0.004101523742186674	1.15761244	28.00319672	1.03844832	0.24470417314077736	0.00985569	0.00016
0.1138	-0.1438	-0.0651	-0.0038467056713955023	0.003159045946109736	0.0042935099599060505	1.11320662	26.92899895	0.96189212	0.19684458660919613	0.0100917	0.00022
0.1202	-0.1596	-0.0141	-0.004534365396681268	0.0029164451800825246	0.00420449816805434	1.13153982	27.37248802	0.99618681	0.1241636141582344	0.0107002	0.00028
0.126	-0.0679	0.0268	-0.005174901232163186	0.0022636920398366456	0.0041381756564785556	1.11358213	26.93808365	0.99877119	0.2063805743651791	0.0101152	0.00013
0.1346	-0.0745	-0.0779	-0.004389503068765739	0.0028675759610266834	0.004040437218366873	1.12943721	27.32162476	0.96680541	0.1942510261349584	0.0107382	0.00016
0.136	-0.0508	-0.1466	-0.004377285764001779	0.003153809958353753	0.004042182547618867	1.08936548	26.35227203	0.95486342	0.10880983156715118	0.0133204	0.00025
0.1372	-0.0756	-0.0346	-0.005469861875750229	0.0027279496208671367	0.004073598474154764	1.20900261	29.24635124	1.01189417	0.21549261878854817	0.0111933	0.00011
0.1252	-0.091	0.0904	-0.005955063407804653	0.002583087292951608	0.004262094033370152	1.14802361	27.77124023	1.03035904	0.193327970959267	0.0127186	0.00028
0.1125	-0.0828	0.1665	-0.0059411007737886976	0.0025394540616517493	0.004307472593922005	1.08679664	26.29012871	0.94089658	0.10214872129338336	0.0147876	0.00072
0.1068	-0.2353	0.244	-0.0058695422744569304	0.002129301687433082	0.004307472593922005	1.16008234	28.06294441	1.04567568	0.25978554367752166	0.0183544	0.00157
0.1028	-0.2358	0.251	-0.005768313177841259	0.002038544566329377	0.004234168765338243	1.04811907	25.35450172	0.9677602	0.024764502315156936	0.0184076	0.00158
0.1083	-0.2086	0.1715	-0.005387831400906495	0.0021991148575128553	0.004274311338134113	1.02038741	24.6836586	0.95739623	0.1412597320457056	0.0150549	0.00074
0.1081	-0.2255	0.1177	-0.004773475504204492	0.002357939819444339	0.004405211032033687	1.05459952	25.51126671	0.95619257	0.11610402762665306	0.0130671	0.00055
0.1146	-0.227	0.0445	-0.004026474584350918	0.002583087292951608	0.0042987459476620336	1.12789953	27.28442764	0.94807533	0.1351306738866248	0.0104197	0.0002
0.1197	-0.1766	-0.0506	-0.003426081321664869	0.0028710666195306722	0.004302236606166022	1.24678612	30.16035271	1.02069473	0.19519316238845513	0.0125324	0.00041
0.1203	-0.147	0.0141	-0.004284783313646079	0.002816961412718848	0.004356341812977846	1.22316551	29.58895683	1.01189372	0.14324562028024293	0.0100927	0.0003
0.127	-0.1612	0.0389	-0.004363323129985824	0.0025586526834236872	0.004302236606166022	1.27266955	30.78648376	0.96074582	0.0652476876223365	0.0120069	0.00071
0.1267	-0.149	-0.0378	-0.0032759830059933565	0.0026616271092913526	0.0042603487041181585	1.45325172	35.15485382	1.0307033	0.1508101225953998	0.0106245	0.00049
0.1094	-0.0944	-0.1248	-0.0037297686115118824	0.002967059728390361	0.004167846253762459	1.1529485	27.89037323	1.02237836	0.20148603374866164	0.0117467	0.00028
0.1174	-0.1292	-0.0539	-0.004283037984394084	0.0028221974004748306	0.0040613811693908045	1.27001035	30.72215652	1.01338678	0.15392983925846937	0.0113316	0.00031
0.1096	-0.1086	0.0215	-0.00451516677490933	0.0026616271092913526	0.004251622057858187	1.35113883	32.68469238	1.03963285	0.13294699850830533	0.0106176	0.00024
0.1138	-0.081	-0.0924	-0.004108505059194652	0.0030455995447301047	0.0041661009245104645	1.107548	26.79211426	0.98602783	0.18950776422505763	0.0112188	0.00027
0.1157	-0.1141	-0.1719	-0.004068362486398782	0.0034452799434368064	0.004150392961242515	1.32715189	32.10443878	0.96686507	0.137276546738526	0.014653	0.0006
0.1195	-0.0649	-0.0441	-0.004848524662040247	0.0029530970943744054	0.0042167154728183	1.38987434	33.62172318	1.04073587	0.24773337681398247	0.0113545	0.00036
0.1085	-0.0445	0.1085	-0.00533721685259866	0.0027872908154349444	0.0043703044469938016	1.22785091	29.70230103	1.09529846	0.22440437218366877	0.0127175	0.00052
0.1211	-0.1644	0.0417	-0.004722860955896656	0.0026878070480712674	0.004141666314982544	1.26373446	30.57034111	1.05139537	0.2464238898038469	0.0111108	0.00031
0.1202	-0.1146	-0.0684	-0.0042987459476620336	0.002858849314766712	0.004251622057858187	1.24420249	30.09785271	1.00901213	0.1960556508902855	0.0113483	0.0002
0.1116	-0.0848	-0.1168	-0.004401720373529699	0.0031922072018976287	0.004436626958569585	1.1173954	27.03032684	0.96605049	0.11786686068549898	0.0127165	0.00041
0.1217	-0.0126	-0.135	-0.004468042885105484	0.003089232776029963	0.004457570909593518	1.23117077	29.78260994	0.99593859	0.1100120444233692	0.0142831	0.00053
0.1171	-0.0205	-0.0989	-0.004270820679630125	0.0026319565120074486	0.004054399852382828	1.17090654	28.32478905	0.99007933	0.1014834763354282	0.0126494	0.00017
0.1172	0.0208	0.0896	-0.006803293424273897	0.0024678955623199817	0.0040055306333269865	1.38754535	33.56538391	1.17692194	0.367170145669354	0.0150225	0.001
0.1176	-0.0928	0.1683	-0.0063006385996995295	0.0024923301718479027	0.004197516851046362	1.15913165	28.03994751	1.03451949	0.22865378259108315	0.0142767	0.00066
0.1214	-0.1636	0.067	-0.005572836301617893	0.002310815929640492	0.003920009499979264	1.15126598	27.84967422	1.05668092	0.23524119456780723	0.0111408	0.00027
0.1282	-0.1911	0.0054	-0.004651302456564888	0.0024155356847601517	0.003897320219703338	1.12958384	27.32517242	0.96470248	0.14834714402242954	0.0116231	0.00031
0.1288	-0.1219	-0.0639	-0.0043214352279379595	0.0028815385950426383	0.003975860036043083	1.07013059	25.88696861	0.95468836	0.182820497762458	0.0106078	0.00025
0.1323	-0.0595	-0.087	-0.004323180557189954	0.002946115777366428	0.004082325120414737	0.98637682	23.86092567	0.91956042	0.09763937979737192	0.0109825	0.00022
0.1359	-0.0812	-0.0922	-0.004202752838802345	0.0029199358385865134	0.004071853144902771	1.10181963	26.65354347	0.92493101	0.03835398163397451	0.0115255	0.00013
0.1316	-0.0985	-0.0082	-0.004982915014443811	0.0027279496208671367	0.004157374278250492	1.19033194	28.79469872	0.98831314	0.15848347633542822	0.0111933	0.00022
0.128	-0.025	0.0284	-0.004935791124639963	0.0026354471705114374	0.004221951460574283	1.10517299	26.7346611	0.99312491	0.12391017612416688	0.0113892	0.00047
0.1262	-0.0996	-0.0806	-0.004309217923174	0.0030473448739821	0.004136430327226561	1.10993648	26.84989357	1.0101466	0.24159960191421745	0.0103568	0.00014
0.126	-0.0759	-0.1501	-0.004038691889114879	0.0036145768808802567	0.004267330021126135	1.1376245	27.51968002	0.94380104	0.14183288674284264	0.0139534	0.00028
0.1262	-0.0316	-0.0762	-0.004640830481052923	0.0033772121026090277	0.0043214352279379595	1.27627027	30.87358665	0.99007301	0.16308042885105486	0.0126579	0.00047
0.1282	-0.0649	0.0176	-0.005037020221255636	0.00294262511886244	0.004401720373529699	1.24277771	30.06338692	1.02271446	0.17465309347705205	0.0121307	0.00038
0.1375	-0.1128	-0.1203	-0.004422664324553631	0.003162536604613725	0.004312708581677988	1.23127651	29.78516579	1.05697177	0.24126395871525	0.0137588	0.00039
0.1242	-0.0489	-0.1571	-0.004366813788489812	0.0033772121026090277	0.004284783313646079	1.2694751	30.70920944	0.98951991	0.12892256510455152	0.0144342	0.0003
0.1323	-0.049	-0.1468	-0.004693190358612751	0.0032864549815053226	0.004319689898685966	1.22264755	29.57642746	0.96627518	0.04110201381332651	0.0141187	0.00042
0.1335	-0.0668	0.01	-0.005553637679845957	0.0029321531433504737	0.0043214352279379595	1.28804898	31.15851974	1.07470417	0.2366247244320024	0.0121661	0.00031
0.1354	-0.0105	-0.0691	-0.00481710873550435	0.0030176742766981957	0.004314453910929983	1.22740364	29.69147873	1.04837289	0.17875156973486525	0.0121222	0.00022
0.1345	-0.0337	-0.1468	-0.004448844263333546	0.003490658503988659	0.00436157780073383	1.08561194	26.26147079	0.95907387	0.1462186294632557	0.013737	0.00042
0.1392	0.0185	-0.1285	-0.004794419455228423	0.0033702307856010505	0.004584979944989103	1.10644758	26.7654953	0.97694725	0.10967025272688788	0.0148813	0.00041
0.1274	-0.0635	0.0578	-0.005729915934297383	0.00294262511886244	0.004618141200776996	1.3732754	33.22018814	1.19182185	0.34991317007977313	0.0139048	0.00052
0.1275	-0.0675	-0.0385	-0.00474904089467657	0.00334579617607313	0.004541346713689245	1.14357007	27.66350555	1.05690498	0.1734420291959627	0.0115468	0.00036
0.1238	-0.0782	-0.1505	-0.004342379178961892	0.003703588672731967	0.0046809730538487915	1.03764439	25.10111237	0.96462103	0.1716040276266531	0.0139044	0.00031
0.1311	-0.0794	-0.1164	-0.004745550236172582	0.0034766958699727043	0.0046582837735728655	1.02878547	24.88681221	0.94471338	0.07523765701229393	0.013651	0.00028
0.1217	-0.0594	0.0217	-0.005749114556069322	0.0030717794835100195	0.004534365396681268	1.20635581	29.18232346	1.07551626	0.2441199541625511	0.0138457	0.00066
0.1296	-0.0316	-0.0911	-0.004876449930072156	0.0030630528372500485	0.004337143191205909	1.12485921	27.21088219	1.02553143	0.2024306738866248	0.0135357	0.00044
0.1241	-0.0848	-0.2012	-0.00467224640758882	0.003569198320328404	0.004382521751757761	1.11156273	26.88923264	1.013815	0.2065863783056772	0.015346	0.00047
0.1277	-0.042	-0.204	-0.0048939032225921	0.0037140606482439333	0.004344124508213886	1.44558167	34.96931076	0.98169818	0.06944581932313422	0.0178087	0.00083
0.1257	-0.0306	-0.0872	-0.00558330827712986	0.0033929200658769764	0.0044261549830576195	1.35784066	32.8468132	1.0185819	0.18482880558742248	0.0142683	0.00035
0.1317	-0.0506	-0.1483	-0.005122541354603357	0.003419100004656891	0.00429700061841004	1.13206017	27.38507462	0.99334163	0.11790506129769988	0.0142999	0.00024
0.1274	-0.0274	-0.1856	-0.005110324049839397	0.0033649947978450674	0.004331907203449926	1.14013267	27.58035469	0.9436644	0.06986145483078347	0.0174649	0.0008
0.1287	-0.035	-0.1551	-0.0052726396702748686	0.003162536604613725	0.0044261549830576195	1.31215262	31.74159813	0.97118242	0.062351079663725405	0.0160073	0.00046
0.1088	-0.0182	0.0362	-0.005955063407804653	0.0030874874467779687	0.003904301536711315	1.30261207	31.51080894	1.15543962	0.29196631708559223	0.0133039	0.00041
0.0935	-0.0168	0.1261	-0.006169738905799955	0.0028728119487826664	0.003954916085019151	1.17746055	28.48333168	1.01383413	0.13059827721492198	0.0138405	0.00063
0.0965	-0.1577	0.1538	-0.006267477343911637	0.0027035150113392165	0.004073598474154764	1.18915319	28.76618385	1.00567546	0.19088588823453723	0.0142983	0.0005
0.0999	-0.0913	0.1725	-0.0063407811724954	0.0027593655474030345	0.004201007509550351	0.98761731	23.89093399	0.93600561	0.1013281700021584	0.0157335	0.00066
0.1085	-0.1916	0.13	-0.006105161723476165	0.0025918139392115793	0.004235914094590238	0.99264807	24.01263046	0.97889041	0.17330388211252884	0.0144148	0.00066
0.1121	-0.2146	0.0538	-0.005523967082562053	0.002707005669843205	0.004036946559862884	1.00776339	24.37827682	0.95719198	0.1475676953136546	0.0124512	0.00049
0.1188	-0.1297	-0.0294	-0.0050789081233034985	0.0029059732045705585	0.00400727596257898	1.06360483	25.72910881	0.95538372	0.20848485456349056	0.0108078	0.00022
0.1282	-0.116	-0.1215	-0.005160938598147233	0.003080506129769991	0.0039514254265151615	1.2386924	29.96455956	1.02360528	0.1308206968053493	0.0145766	0.0006
0.1276	-0.0556	-0.1347	-0.004916592502868026	0.003347541505325124	0.003954916085019151	1.18411589	28.64432907	1.01774913	0.09994360646691648	0.013199	0.00035
0.135	-0.0515	-0.1099	-0.0049462631001519295	0.0034313173094208515	0.0039706240482871	1.31114042	31.71711159	0.95210671	0.042757718232379005	0.0147292	0.00089
0.1229	-0.085	0.0014	-0.005899212871740834	0.0032026791774095948	0.004134684997974567	1.42812371	34.54699326	1.02241001	0.22418244266438145	0.0124581	0.00039
0.1295	-0.0772	-0.1268	-0.005492551156026155	0.0032794736644973454	0.004021238596594935	1.17586064	28.44462967	1.02266318	0.17244513020910313	0.0129865	0.00027
0.1169	-0.068	-0.1781	-0.005138249317871306	0.003600614246864302	0.004237659423842232	1.23896909	29.97125435	0.94335668	0.11769316238845512	0.0163671	0.00049
0.1163	-0.0558	-0.1843	-0.005333726194094671	0.0036128315516282617	0.0043039819354180175	1.28655505	31.12238121	0.95207358	0.032700834628155546	0.0170377	0.0005
0.125	-0.0379	-0.0547	-0.005965535383316617	0.0033248522250491977	0.004351105825221863	1.1766758	28.46434784	1.03361246	0.2045456202802428	0.0129863	0.00028
0.1301	0.0045	-0.07	-0.0055658549846099165	0.003214896482173555	0.004611159883769018	1.31601691	31.83507729	0.97102168	0.10128451000647493	0.014083	0.00064
0.1204	-0.0271	-0.146	-0.005291838292046808	0.0036180675393842456	0.004581489286485115	1.27173162	30.76379585	0.97543924	0.15264291735288507	0.0150936	0.0006
0.1211	-0.071	-0.164	-0.005157447939643243	0.0037000980142279784	0.004665265090580842	1.12047374	27.10479546	0.99008637	0.07760983156715123	0.0162209	0.00071
0.1365	-0.0362	-0.0859	-0.005862560957448953	0.0034732052114687163	0.004572762640225143	1.28451955	31.0731411	0.961781	0.17952541354603352	0.015723	0.00075
0.1387	-0.0102	-0.0694	-0.00566010276421761	0.0033440508468211352	0.0044436082755775624	1.296	31.35085869	1.00732987	0.06773834612632519	0.0146468	0.00052
0.1297	0.0131	-0.1481	-0.005838126347921033	0.0037734018428117405	0.0045640359939651725	1.12871969	27.30426788	0.98472623	0.14739011490408188	0.0184472	0.00066
0.1265	0.004	-0.1561	-0.005457644570986268	0.0037768925013157294	0.004626867847036967	1.02808964	24.86997795	0.91874448	0.042640214425527435	0.016908	0.00097
0.1284	-0.0286	-0.1383	-0.005396558047166466	0.0035953782591083183	0.004509930787153347	1.07310033	25.9588089	0.95336993	0.07027689129554163	0.0158293	0.00061
0.1232	-0.0003	-0.0135	-0.006188937527571893	0.0034016467121369483	0.0044820055191214375	1.22996867	29.7535305	1.08093481	0.20900181477043528	0.0142916	0.0006
0.1274	-0.0647	0.0356	-0.005749114556069322	0.0029513517651224112	0.004337143191205909	1.10128725	26.64066505	0.99663126	0.1694490123216318	0.0121455	0.00035
0.1441	-0.1001	-0.0947	-0.005269149011770881	0.00322885911618951	0.0041887902047863905	1.23789203	29.94519997	1.02864391	0.22769129408925287	0.0130493	0.00039
0.1396	-0.019	-0.1418	-0.005105088062083414	0.0035849062835963527	0.004338888520457902	1.18586314	28.68659592	0.96785595	0.16621032163829108	0.0149856	0.00036
0.124	-0.0756	-0.0047	-0.0060353485533963915	0.0033649947978450674	0.004333652532701919	1.17158341	28.34116173	1.0597265	0.26707039824101225	0.0129613	0.00036
0.1244	-0.079	-0.0191	-0.005352924815866608	0.0032724923474893677	0.004295255289158045	1.05023289	25.40563393	0.96535496	0.058866171571467854	0.0115489	0.00027
0.1288	-0.0184	-0.1617	-0.005119050696099368	0.003707079331235956	0.004230678106834255	1.14481413	27.69360161	1.00607513	0.24425191429188087	0.0156235	0.00053
0.1267	-0.0265	-0.2353	-0.005246459731494954	0.0037245326237558994	0.004342379178961892	1.11331332	26.9315815	0.99204509	0.09662817000215827	0.0191171	0.00066
0.1262	-0.0508	-0.1049	-0.006059783162924312	0.0034574972482007667	0.004258603374866164	1.22313392	29.58819389	1.02361158	0.21340673055401088	0.0148264	0.00041
0.1223	-0.0382	-0.0199	-0.00605105651666434	0.0032567843842214186	0.004354596483725852	1.12535858	27.22296143	1.01953403	0.11677163095495044	0.0134585	0.00069
0.1303	-0.0573	-0.1514	-0.0052447144022429604	0.003623303527140228	0.004340633849709897	1.13881648	27.54851532	1.00771382	0.2179411945678072	0.0157653	0.00042
0.1265	-0.0623	-0.1842	-0.00493404579538797	0.003920009499979264	0.00441393767829366	1.1366576	27.49629021	0.93461747	0.07563392041388946	0.0179332	0.00078
0.1293	-0.0532	-0.1319	-0.005358160803622591	0.003639011490408177	0.0044540802510895285	1.21757197	29.45364761	0.95912019	0.10146277953007884	0.014739	0.00039
0.1213	-0.0542	-0.0245	-0.005820673055401089	0.0034068826998929313	0.004344124508213886	1.12647414	27.24994659	0.99585555	0.15662983925846927	0.0122783	0.00038
0.1307	-0.0063	-0.0857	-0.005016076270231703	0.003438298626428829	0.004286528642898074	1.0505619	25.4135952	0.95401393	0.16318042885105483	0.0127218	0.00013
0.1327	-0.0397	-0.1136	-0.005037020221255636	0.0037768925013157294	0.004300491276914028	1.04001248	25.15839767	0.92465671	0.0819750229963394	0.0139208	0.00025
0.1295	-0.0506	-0.0291	-0.00558330827712986	0.0035901422713523357	0.004405211032033687	1.22175205	29.5547657	0.98952285	0.1404879020478639	0.0126129	0.00036
0.1329	-0.0033	-0.0728	-0.005220279792715039	0.0035622170033204267	0.004455825580341524	1.08428288	26.22932053	0.97363443	0.11647841503772832	0.0134406	0.00036
0.1408	-0.0761	-0.1539	-0.004731587602156627	0.004073598474154764	0.004473278872861466	1.04938424	25.38510513	0.96522015	0.21267634769563465	0.0142459	0.00046
0.1459	0.0231	-0.1526	-0.005218534463463045	0.004049163864626845	0.0044924774946334045	1.28126645	30.9944458	0.97664013	0.1321290046303138	0.0171275	0.00056
0.137	-0.0153	-0.0366	-0.0061121430404841425	0.003459242577452761	0.004221951460574283	1.2935915	31.29259682	1.03023132	0.2510027949127151	0.0136448	0.0005
0.1236	-0.0439	0.0767	-0.006632251157578452	0.0030752701420140084	0.004256858045614169	1.12265873	27.15764999	0.99834035	0.20224935687864737	0.0137648	0.00058
0.1212	-0.0959	0.1375	-0.0069481557521894255	0.00294262511886244	0.004569271981721155	1.01529908	24.56056976	0.95634584	0.1532481776934764	0.0150537	0.00074
0.1287	-0.15	0.0878	-0.006602580560294549	0.002790781473938933	0.004612905213021013	1.00548387	24.32313538	0.95791482	0.13835260340591213	0.0133854	0.0003
0.1423	-0.1705	-0.0231	-0.005836381018669037	0.002820452071222836	0.004560545335461182	1.062608	25.7049942	0.9774696	0.1874115008234623	0.0127475	0.00038
0.1494	-0.1036	-0.117	-0.005564109655357922	0.003269001688985379	0.00436157780073383	1.16387546	28.15470314	0.99153788	0.2138894257900505	0.0139903	0.00049
0.1477	-0.0437	-0.1593	-0.005918411493512772	0.003488913174736664	0.00434586983746588	1.09405005	26.46559334	0.95968844	0.13339606435870424	0.0162185	0.00041
0.1428	-0.0765	-0.0225	-0.006805038753525891	0.0031223940318178558	0.004194026192542374	1.23190045	29.80026054	1.02894228	0.24474950239277168	0.0135861	0.00028
0.1439	-0.0657	-0.0416	-0.006047565858160352	0.0030717794835100195	0.004242895411598215	1.07594514	26.02762794	0.96476961	0.0738478331364608	0.0128065	0.00027
0.1438	-0.0868	-0.1148	-0.005331980864842677	0.003577924966588375	0.004262094033370152	1.13812268	27.53173065	0.96757029	0.15644645490839842	0.0130971	0.00027
0.1451	-0.0432	-0.1242	-0.005255186377754926	0.003675663404700058	0.004316199240181977	1.05048215	25.41166496	0.93219328	0.06573190660056297	0.0137053	0.00031
0.1415	-0.0673	-0.0163	-0.006154030942532006	0.003443534614184812	0.004331907203449926	1.13587046	27.47724915	0.98899312	0.19293406592801376	0.0137689	0.00047
0.1387	-0.02	0.0101	-0.0060911990894602095	0.0032812189937493396	0.004340633849709897	1.12310398	27.16842079	0.98318265	0.088193705988362	0.0139225	0.00047
0.1375	-0.0483	-0.067	-0.005557128338349946	0.003563962332572421	0.004181808887778414	1.15921342	28.04192543	0.96476915	0.1553819525932414	0.0130166	0.00039
0.1365	-0.0468	-0.1092	-0.0054873151682701725	0.003824016391119576	0.004143411644234539	1.04769194	25.34416962	0.92655451	0.06311322360854017	0.0149357	0.00039
0.1392	0.0046	-0.114	-0.005344198169606637	0.0038187804033635933	0.004124213022462601	1.09249091	26.42787552	0.98741167	0.06727758040957274	0.0158913	0.00058
0.1377	0.0153	-0.038	-0.005948082090796675	0.003940953451003196	0.0043703044469938016	1.23031855	29.76199341	0.99618478	0.13680741966804208	0.0168272	0.00093
0.1331	-0.066	0.0695	-0.006541494036474748	0.003623303527140228	0.004455825580341524	1.32034147	31.93969154	1.05432049	0.24322915014443816	0.01557	0.00089
