trans_x	trans_y	trans_z	rot_x	rot_y	rot_z	dvars_std	dvars_nstd	dvars_vstd	framewise_displacement	aqi	aor
0.0	-0.0	0.0	-0.0	0.0	-0.0	n/a	n/a	n/a	n/a	0.0650941	0.04491
0.0049	-0.0595	0.0074	-0.000307177948351002	6.283185307179586e-05	0.000148352986419518	1.07744575	25.78526878	1.69404448	0.09771813939211581	0.0664169	0.04689
0.016	0.0041	0.0007	-0.0003717551306747922	0.00018500490071139895	0.0004188790204786391	1.06915236	25.58679199	1.5624502	0.10426381320112572	0.0679637	0.04858
0.0135	0.0698	0.0433	-0.0005270894341022875	0.00035081117965086024	0.0002373647782712288	1.07399559	25.70269966	1.09727081	0.13593274122871835	0.0659934	0.04591
0.0039	0.0888	0.058	-8.726646259971648e-06	0.00022863813201125715	0.00015009831567151235	1.08924735	26.06770134	2.58817055	0.07969011490408176	0.0601188	0.03877
0.0083	-0.0329	0.0144	0.0002251474735072685	0.0002024581932313422	0.00027576202181510406	1.13690448	27.20822525	1.13439239	0.18898588823453727	0.0626513	0.04097
0.0142	-0.0627	-0.0194	2.094395102393195e-05	0.0003595378259108319	0.00041015237421866745	1.19221747	28.53196716	1.0736915	0.09428367537831948	0.0673141	0.04711
0.016	-0.0181	-0.0238	-2.96705972839036e-05	0.00038048177693476387	0.00034906585039886593	1.35793972	32.49800873	1.10999717	0.05743225115757845	0.0685074	0.04976
0.0135	0.0133	0.0258	0.0001361356816555577	0.0003298672286269283	0.0002740166925631097	1.43497646	34.34164047	1.12382492	0.09807349925415264	0.0649482	0.04723
0.0108	-0.0017	0.0272	0.00040840704496667313	0.00029496064358704166	0.0002443460952792061	1.22567773	29.33273506	1.10076003	0.03594242728174528	0.0622954	0.04451
0.014	-0.0066	0.0065	9.948376736367679e-05	0.0003717551306747922	0.00034033920413889426	1.21766639	29.14100838	1.11448345	0.05288554367752176	0.066263	0.04891
0.0156	-0.0161	0.0065	-0.0003001966313430247	0.0003612831551628262	0.0002617993877991494	1.20928848	28.94050789	1.09242415	0.035534609527920605	0.0692137	0.05323
0.013	-0.0355	0.0283	-0.00034906585039886593	0.0002443460952792061	0.0002373647782712288	1.2567668	30.07675171	1.09347407	0.05331204442336909	0.0676245	0.05273
0.006	0.0107	0.1436	3.316125578789226e-05	0.0003473205211468716	0.00016929693744344995	1.46302092	35.01279449	1.24057352	0.19616346864411016	0.0585775	0.04733
-0.004	0.0373	0.2486	0.0007679448708775049	0.00013788101090755203	5.4105206811824215e-05	1.34273827	32.13420868	1.22870468	0.19457074279802788	0.0507229	0.04198
-0.0095	-0.0506	0.1551	0.0006422811647339132	-0.00024085543677521747	9.42477796076938e-05	1.41531372	33.87107468	2.2210425	0.21412713633111152	0.0549497	0.04476
-0.01	-0.1574	0.1688	-0.002848377339254746	-0.00020769418098732522	2.094395102393195e-05	1.62482345	38.88502884	2.46916199	0.3008561794180157	0.0702428	0.05743
-0.0037	-0.02	0.1471	-0.0018797196043978928	-0.00012042771838760874	9.773843811168246e-05	1.32415998	31.68959618	1.57552366	0.22203593422721604	0.0678651	0.05476
-0.0114	0.0397	0.1473	-0.0008272860654453122	-0.00028099800957108706	5.235987755982989e-05	1.21649492	29.11297226	1.20706084	0.13051911953439557	0.0650715	0.05666
0.0097	0.0154	-0.0328	0.0007382742735936014	-0.0005183627878423159	0.000582939970166106	1.5313555	36.64816666	2.5313468	0.34217526049582087	0.0727928	0.07158
0.0202	0.1105	-0.1813	3.839724354387525e-05	-0.001361356816555577	0.0009285151620609833	1.67211425	40.01678467	1.75473732	0.3485223125328932	0.0904183	0.091
0.0182	0.044	-0.0765	0.00020420352248333657	-0.0012007865253720988	0.0008517206749732328	1.43722928	34.39555359	1.28170662	0.1934585528605345	0.078358	0.07165
0.012	0.0993	-0.218	-0.0006335545184739417	-0.0012636183784438947	0.0010471975511965976	1.63410425	39.10713577	1.39286848	0.25780333851262194	0.0955729	0.09305
0.0086	0.0805	-0.1345	-0.0019024088846738192	-0.0011397000015522971	0.0011728612573401894	1.35598087	32.45112991	1.23609657	0.1816218224617533	0.0910954	0.07893
0.001	0.0687	-0.0179	-0.0008464846872172499	-0.0009704030641088471	0.0008168140899333463	1.37140536	32.82026672	1.29853867	0.21506341511534316	0.0742934	0.05665
-0.0038	0.045	-0.0416	-0.0009372418083209549	-0.0009581857593448868	0.0007731808586334879	1.24109769	29.70176125	1.1400998	0.059530382858376175	0.0754714	0.05603
0.0008	0.0045	-0.0812	-0.0015289084247470327	-0.001075122819228507	0.0009773843811168245	1.24160993	29.71401978	1.15900457	0.1303403599396517	0.0813041	0.0625
-0.0084	0.0575	0.0209	-0.0009896016858807848	-0.0010559241974565693	0.00047822021504644627	1.23001623	29.43656349	1.18480807	0.21718347633542817	0.0706894	0.05108
-0.0115	0.0943	0.0358	-0.0007592182246175333	-0.0010733774899765126	0.00042760566673861073	1.11601305	26.70825386	1.10631043	0.0697225651045515	0.0694323	0.05232
-0.014	-0.0144	0.005	-0.001514945790731078	-0.0012339477811599909	0.0006422811647339132	1.18648863	28.39486504	1.13844885	0.19854866776461627	0.0764357	0.06075
-0.0158	0.1113	0.0194	-0.0014782938764391971	-0.0013997540600994523	0.0006527531402458793	1.12112927	26.83069611	1.12231939	0.1525465084371654	0.0762613	0.06297
-0.0172	0.1339	0.0715	-0.0008255407361933179	-0.0017121679962064373	0.0005899212871740833	1.10367084	26.41288376	1.10840894	0.127499946471233	0.0682668	0.05388
-0.0162	0.0483	0.0301	-0.0010803588069844899	-0.0017453292519943296	0.0007871434926494425	1.08546567	25.97719955	1.21448943	0.15226007660272114	0.0714517	0.05713
-0.0169	0.0716	0.0248	-0.0011885692206081383	-0.0014765485471872027	0.0006911503837897545	1.01785553	24.35916519	1.0545785	0.05294921136452316	0.0740277	0.05837
-0.0247	0.133	0.0972	-0.0007853981633974483	-0.0013194689145077131	0.00041189770347066176	1.13025892	27.0491848	1.17190453	0.1835751685104636	0.0661443	0.05098
-0.0221	0.0717	0.0395	-0.0009354964790689606	-0.001322959573011702	0.0006562437987498679	1.09257209	26.1472702	1.50544367	0.14149675347273538	0.0698832	0.05309
-0.0266	-0.0141	0.031	-0.0009861110273767962	-0.0013945180723434693	0.0006544984694978735	1.07181466	25.65050697	1.11761064	0.10499591884457984	0.0691586	0.04958
-0.0261	0.0451	0.0892	-0.0008499753457212384	-0.001069886831472524	0.0005410520681182421	1.17496192	28.11901093	1.85097422	0.14661066619530674	0.0564366	0.03096
-0.0288	0.0961	0.1071	-0.00022165681500327985	-0.0011623892818282235	0.0004206243497306334	1.13631415	27.19409752	1.20078867	0.11366243497306334	0.0572463	0.03663
-0.0322	0.0227	0.044	-0.00027925268031909274	-0.001282817000215832	0.0003961897402027128	1.09969163	26.31765366	1.11886064	0.15002290966156712	0.0626115	0.04076
-0.0315	-0.0117	0.0744	-0.0004747295565424576	-0.0011274826967883368	0.00037524578917878077	1.0359329	24.79179001	1.02959221	0.0840877565337396	0.0624494	0.04265
-0.0408	0.0748	0.1349	-0.0002303834612632515	-0.0012356931104119853	0.00016406094968746698	1.13588643	27.18386078	1.11332959	0.1844870674197084	0.0585567	0.04319
-0.0458	0.0337	0.1095	0.00011344640137963142	-0.0013421581947836393	0.00013264502315156904	1.09325552	26.16362572	1.08498342	0.09558554367752174	0.0598182	0.04556
-0.0394	-0.0343	0.0866	-0.0004485496177625427	-0.0013945180723434693	0.0002617993877991494	1.12174582	26.84545135	1.08636253	0.13447551306747924	0.0639569	0.05016
-0.0415	0.0259	0.1527	-0.00047123889803846896	-0.001335176877775662	0.0001064650843716541	1.14112663	27.30926895	1.37384993	0.14026823891356147	0.0610085	0.04812
-0.0416	0.0085	0.1491	4.363323129985824e-05	-0.0014556045961632708	0.00019896753472735358	1.12189817	26.8490963	1.36175806	0.05749011490408176	0.0581222	0.04508
-0.033	-0.0103	0.0885	-0.0005166174585903216	-0.0019093902016817967	0.0005218534463463045	1.09524286	26.21118546	1.08829522	0.15484611035138285	0.0653878	0.05287
-0.0351	-0.0143	0.0959	-0.0005846852994181004	-0.001514945790731078	0.0005166174585903216	1.03148186	24.68526649	1.03180662	0.036887411976724016	0.0655681	0.05391
-0.0383	0.0294	0.1286	-0.0004310963252425994	-0.001043706892692609	0.00022340214425527416	1.10011184	26.32771111	1.06424976	0.12550215932745087	0.0634419	0.05245
-0.0459	0.063	0.1445	-0.00016406094968746698	-0.0009040805525330626	3.141592653589793e-05	1.12269413	26.8681469	1.07224126	0.08703239667170275	0.0606473	0.04954
-0.0446	0.0284	0.1241	-7.504915783575618e-05	-0.0009546951008408983	-2.96705972839036e-05	1.18360341	28.32581711	1.08334063	0.0663356431989674	0.0598215	0.04765
-0.0422	-0.0644	0.0979	-0.00017104226669544429	-0.001022762941668677	1.2217304763960308e-05	1.29167593	30.91219139	1.10933199	0.13169744258676652	0.0594608	0.04381
-0.0336	-0.114	0.0955	-0.00010297442586766544	-0.0010053096491487337	-5.585053606381854e-05	1.30289245	31.18062401	1.78315216	0.06827944870877506	0.0607362	0.0477
-0.0446	-0.029	0.103	0.0001186823891356144	-0.0009930923443847736	-0.0003211405823669566	1.37454998	32.89552307	2.13716853	0.12845820830351887	0.0522873	0.0297
-0.0433	0.0712	0.1252	0.0008639379797371932	-0.0012880529879718153	-2.6179938779914945e-05	1.35703599	32.47637939	1.50248699	0.19045884388878312	0.0516971	0.03319
-0.0247	-0.0742	-0.0099	0.002097885760897184	-0.0014922565104551516	0.0006806784082777885	1.72553802	41.29531479	2.1924736	0.4063504825350516	0.0566741	0.03874
-0.0219	-0.0318	-0.1719	0.0031555552876057474	-0.0016615534478986017	0.0007033676885537148	1.95726073	46.84086609	1.5890735	0.26968278722139694	0.070621	0.05277
-0.0246	0.0711	-0.0628	0.0019949113350295183	-0.001759291886010284	0.0006579891280018621	1.6311326	39.03601837	1.30179079	0.2798880475619882	0.0639845	0.04718
-0.0404	-0.0019	0.029	0.0014643312424232424	-0.001637118838370681	0.00035604716740684323	1.46620929	35.08909988	1.90172695	0.22833475504204487	0.0518351	0.03151
-0.0508	0.0736	0.1038	0.0019757127132575807	-0.0016807520696705393	0.00024260076602721178	1.55340469	37.1758461	2.12574776	0.19412305517569145	0.0350131	0.00841
-0.0458	-0.0746	0.0475	0.0013753194505715315	-0.0016912240451825054	0.00017627825445142725	1.58303785	37.88502121	1.45300463	0.24335938748869	0.0464575	0.02285
-0.0484	-0.0644	0.0513	0.0009407324668249436	-0.0017697638615222502	0.00014660765716752367	1.42033899	33.99133682	1.61727751	0.043739869868511805	0.0463278	0.02064
-0.0647	0.0001	0.1498	0.0012322024519079964	-0.0020193459445574393	-9.075712110370512e-05	1.3439486	32.16317368	1.32689357	0.21822084231947353	0.0357917	0.01059
-0.0681	-0.0069	0.1052	0.0011955505376161158	-0.002118829711921116	-3.665191429188092e-05	1.22849596	29.40017891	1.90402602	0.06451204442336907	0.0384983	0.01248
-0.0674	-0.1	0.046	0.0005201081170943102	-0.0020193459445574393	-0.0001064650843716541	1.43121505	34.25162125	1.31348425	0.1952369678982628	0.038802	0.00747
-0.0719	-0.0607	0.0559	0.0005340707511102648	-0.001853539665617978	-0.00024260076602721178	1.36966252	32.77855682	1.53701271	0.0694952297305487	0.0358297	0.00325
-0.0748	0.0192	0.1297	0.0009948376736367678	-0.001658062789394613	-0.0003298672286269283	1.40192819	33.55073166	2.38957153	0.19377551306747923	0.0304415	0.00229
-0.0855	0.0083	0.1371	0.0016318828506146981	-0.0014329153158873448	-0.00033335788713091696	1.2607249	30.17147636	1.48892568	0.07228416544945934	0.027947	0.00195
-0.0933	-0.0918	0.0945	0.001452113937659282	-0.0014608405839192536	-0.0003525565089028545	1.44913256	34.68041992	2.21631989	0.16184464013796312	0.028478	0.00153
-0.0911	-0.1123	0.0776	0.0014189526818713899	-0.001647590813882647	-0.00043458698374658803	1.43814886	34.41756058	2.42538284	0.05469709802975093	0.0319982	0.00393
-0.0916	-0.1199	0.0746	0.001165879940332212	-0.0017366026057343581	-0.0005166174585903216	1.2809999	30.65669632	1.268353	0.03230575041173114	0.0304337	0.00179
-0.0879	-0.1272	0.0703	0.0006754424205218055	-0.0016074482410867775	-0.0005061454830783556	1.32490849	31.70750809	1.96875334	0.046803192998497646	0.0354027	0.00382
-0.0899	-0.0524	0.0985	0.000614355896702004	-0.0015079644737231008	-0.0005201081170943102	1.48040628	35.42885971	1.45080932	0.11372664625997161	0.0320557	0.00202
-0.0874	-0.0338	0.0812	0.000900589894029074	-0.0017523105690023068	-0.00041713369122664475	1.37938237	33.01116943	1.19476316	0.07007772592369708	0.0322834	0.00217
-0.0854	-0.1204	0.056	0.0009651670763528643	-0.001785471824790199	-0.0004258603374866164	1.24347758	29.75871849	1.10807308	0.11912325421858268	0.0326189	0.00239
-0.0754	-0.1363	0.0485	0.0006492624817418905	-0.001593485607070823	-0.0003874630939427412	1.31887293	31.56306648	1.10877059	0.06071440279371128	0.0346093	0.00243
-0.0796	-0.0612	0.1433	0.0006510078109938849	-0.0015603243512829306	-0.000486946861306418	1.44469237	34.57415771	1.16672279	0.18081951762017817	0.0294641	0.00155
-0.0771	0.0303	0.198	0.0016109388995907662	-0.0016545721308906245	-0.0004328416544945937	1.49356163	35.74369049	1.14287332	0.20411420375082	0.0254555	0.00141
-0.0855	-0.0534	0.1839	0.0019285888234537342	-0.0018465583486100008	-0.0002251474735072685	1.35669076	32.46811676	1.5384118	0.14206651612848348	0.0274326	0.00538
-0.0826	-0.2077	0.1527	0.0013037609512397642	-0.0017505652397503124	-0.00030194196059501896	1.52855897	36.58124161	1.49925461	0.22828077340807043	0.0278504	0.00197
-0.0749	-0.1291	0.1262	0.001059414855960558	-0.0017924531417981763	-0.00019896753472735358	1.41841912	33.94539261	1.94700742	0.1322604211597368	0.0299012	0.00182
-0.0785	-0.0946	0.1908	0.0010035643198967395	-0.0019774580425095754	-0.0003298672286269283	1.31722271	31.52357483	1.25242152	0.1212877565337396	0.0271424	0.00108
-0.0858	-0.0362	0.1995	0.0012863076587198209	-0.0019390607989657003	-0.000439822971502571	1.22750223	29.37639618	2.4077925	0.09595481626212998	0.025665	0.00094
-0.0827	-0.1338	0.1302	0.0009459684545809266	-0.0018901915799098587	-0.0004572762640225143	1.38454783	33.13478851	1.09631759	0.19033308578573396	0.029115	0.00162
-0.0798	-0.1135	0.1297	0.000804596785169386	-0.0019861846887695473	-0.000296705972839036	1.33583355	31.96896744	1.16192322	0.04359675347273537	0.0302308	0.0019
-0.0752	-0.0036	0.1567	0.0005811946409141118	-0.001837831702350029	-0.0003159045946109737	1.33447444	31.93643951	1.81840181	0.16104768762233648	0.0304237	0.00197
-0.0787	-0.0338	0.1249	0.0008970992355250854	-0.0018779742751458986	-0.0003385938748868999	1.22603655	29.34132004	2.21756426	0.08443682238413848	0.0300232	0.00183
-0.0815	-0.1398	0.1056	0.0008936085770210966	-0.0019442967867216831	-0.0003787364476827695	1.38580465	33.1648674	1.0942049	0.13359778714378215	0.0304371	0.00182
-0.0811	-0.1171	0.1254	0.001054178868204575	-0.0018779742751458986	-0.00034557519189487725	1.31230581	31.40590477	1.04464919	0.055902702927357786	0.029514	0.00163
-0.0943	-0.0478	0.2024	0.0014381513036433276	-0.0018971728969178364	-0.0006649704450098395	1.39695883	33.43180847	1.79237155	0.19562831551628257	0.0254987	0.00115
-0.0903	-0.0346	0.1837	0.0016318828506146981	-0.0018448130193580064	-0.0005637413483941684	1.25588405	30.05562592	1.47557943	0.05326602605734356	0.0257367	0.00125
-0.0931	-0.1471	0.1593	0.0016318828506146981	-0.0017278759594743865	-0.0006108652381980154	1.36407435	32.64482117	1.16013398	0.14790304748437336	0.0254137	0.00128
-0.086	-0.1144	0.1271	0.0017313666179783749	-0.0017732545200262388	-0.0005148721293383271	1.38331008	33.10516739	1.25994303	0.08404277183876088	0.0273678	0.00125
-0.0758	-0.0773	0.1777	0.001452113937659282	-0.0017226399717184032	-0.0004799655442984406	1.4009757	33.52793884	2.76106057	0.11613869068334073	0.0275577	0.00149
-0.0693	-0.051	0.198	0.001811651763570114	-0.001801179788058148	-0.00019024088846738194	1.29315364	30.94755745	1.43053194	0.08949011490408179	0.0245274	0.00097
-0.07	-0.1763	0.1385	0.001129228026040331	-0.001780235837034216	-0.00029845130209103034	1.50243342	35.95600891	2.55834956	0.22607890510886816	0.0273927	0.00132
-0.0709	-0.0832	0.126	0.0010821041362364843	-0.0016406094968746698	-0.0002565634000431664	1.33299923	31.90113449	1.0809986	0.11793190660056287	0.0285999	0.00131
-0.0794	-0.051	0.1762	0.0012322024519079964	-0.0016528268016386303	-0.00040317105721069014	1.32433057	31.69367981	1.13542389	0.1063461638801498	0.0262287	0.00089
-0.085	-0.0742	0.1399	0.001223475805648025	-0.0016283921921107093	-0.0004433136300065597	1.22369456	29.2852726	1.12071818	0.06876519142918812	0.0274987	0.00125
-0.0882	-0.135	0.1166	0.0011100294042683937	-0.001579522973054868	-0.00046425758103049166	1.18594146	28.38177109	1.03372893	0.09646297857297025	0.0289685	0.00122
-0.0829	-0.0907	0.0874	0.0005846852994181004	-0.001574286985298885	-0.0004136430327226561	1.27391613	30.48716736	1.06911767	0.10785973204570556	0.0321835	0.00203
-0.0825	-0.1039	0.1032	0.00011344640137963142	-0.0014765485471872027	-0.0005742133239061344	1.04406238	24.98634148	0.97818069	0.06587738136668148	0.0336977	0.00249
-0.0863	-0.0018	0.1632	0.000890117918517108	-0.0014695672301792255	-0.000640535835481919	1.32142103	31.62404823	1.10605452	0.208398767286062	0.029359	0.00173
-0.0809	-0.0078	0.1653	0.0012688543661998775	-0.0016807520696705393	-0.000609119908946021	1.31460464	31.46092033	1.04116896	0.04456686068549905	0.0282804	0.00173
-0.0726	-0.127	0.1469	0.0010716321607245184	-0.0017540558982543013	-0.00041713369122664475	1.36999953	32.78662109	1.54226278	0.16902561258892485	0.029056	0.00196
-0.0501	-0.1244	0.039	0.002963569069886372	-0.0016249015336067207	0.0005462880558742252	1.51078141	36.15579224	1.87194438	0.2822256510455152	0.0327774	0.00398
-0.0415	-0.0559	-0.0224	0.0035674529910764093	-0.001165879940332212	0.000783652834145454	1.64598763	39.39152527	1.50292313	0.2035135146367888	0.0342734	0.00476
-0.0365	0.0052	0.0726	0.002103121748653167	-0.0011205013797803594	0.0007609635538695277	1.52846253	36.57893372	2.10977461	0.23771995416255107	0.0305386	0.00205
-0.0477	-0.1413	0.1725	0.0026040312439755396	-0.0014748032179352085	0.00033335788713091696	1.48706949	35.58832169	2.46063884	0.3217408500107916	0.0217093	0.00061
-0.0492	-0.0464	0.1078	0.0023544491609403502	-0.0014852751934471744	0.00029845130209103034	1.28305948	30.70598412	1.12441976	0.17584803217935208	0.0252702	0.00118
-0.0511	-0.1894	0.0878	0.0019792033717615696	-0.0013037609512397642	0.0003054326190990077	1.27683604	30.55704689	1.8185399	0.1930870674197085	0.0268707	0.00116
-0.0517	-0.1256	0.0907	0.0013945180723434693	-0.0010262536001726657	0.0001658062789394613	1.29634047	31.02382469	1.19943531	0.11739094953223728	0.0287775	0.00139
-0.0465	0.0294	0.1054	0.0014119713648634124	-0.0006859143960337716	0.0001972222054753592	1.37943816	33.01250458	1.13520798	0.19436042115973676	0.0299339	0.00185
-0.0542	0.0229	0.1076	0.0016650441064025902	-0.0011711159280881952	-9.948376736367679e-05	1.29659867	31.03000259	1.06711668	0.06814901232163187	0.0296779	0.00185
-0.0586	-0.1117	0.1096	0.0014765485471872027	-0.0012374384396639797	-0.00019198621771937622	1.30813098	31.30599213	1.12123003	0.15836602605734357	0.0277125	0.00132
-0.0526	-0.1699	0.1252	0.0009704030641088471	-0.001298524963483781	-1.3962634015954635e-05	1.18412578	28.33831787	1.06411303	0.11706277953007894	0.0289535	0.00151
-0.0495	-0.13	0.1199	0.0008709192967451704	-0.0013578661580515882	6.283185307179586e-05	1.29144466	30.90665817	1.11512902	0.06008097245096172	0.0284564	0.00175
-0.0469	-0.1624	0.1251	0.000645771823237902	-0.00147131255943122	0.00013439035240356338	1.25352621	29.99920082	1.16940352	0.06070761871093335	0.0303155	0.00152
-0.0448	-0.0932	0.1547	0.0004886921905584122	-0.0013805554383275148	5.759586531581287e-05	1.21573806	29.09486008	1.0536118	0.11713156204354724	0.0303195	0.00166
-0.0494	-0.0348	0.1659	0.0008220500776893293	-0.0014940018397071458	6.632251157578452e-05	1.1414789	27.31769943	1.02181189	0.09697654673852595	0.0282754	0.00129
-0.0417	-0.0917	0.1438	0.0008604473212332044	-0.0014800392056911916	9.250245035569947e-05	1.08593178	25.98835564	1.00217369	0.0906269908169872	0.0292583	0.00175
-0.0409	-0.112	0.1511	0.0005916666164260777	-0.001439896632895322	0.00015533430342749534	1.11321437	26.64127731	1.01862014	0.0469877565337396	0.0296388	0.00163
-0.0471	-0.0641	0.1912	0.0007400196028455958	-0.0014695672301792255	-7.330382858376184e-05	1.14469278	27.39461517	1.05900836	0.11453308578573392	0.0268727	0.00132
-0.0438	-0.039	0.1599	0.0010070549784007281	-0.0014276793281313615	7.853981633974481e-05	1.26065552	30.16981697	1.07923251	0.08273834612632516	0.0273278	0.00138
-0.0414	-0.1072	0.1498	0.0008918632477691023	-0.0015184364492350666	0.0001291543646475804	1.24716532	29.84697151	1.02213843	0.09352817000215832	0.0280035	0.00121
-0.0429	-0.1453	0.2219	0.0009791297103688187	-0.00152367243699105	0.0001308996938995747	1.24329913	29.75444603	2.56217622	0.11641238898038468	0.0250621	0.00082
-0.0346	-0.0085	0.1763	0.0012199851471440364	-0.001567305668290908	0.00021118483949131387	1.27732944	30.56885338	1.40031952	0.20893869068334073	0.0260596	0.00111
-0.0337	-0.1187	0.1364	0.0011711159280881952	-0.0016441001553786586	0.0002652900463031381	1.14435971	27.38664246	1.08074411	0.1599884456477708	0.0278992	0.00082
-0.0452	-0.0654	0.1819	0.00124965574442794	-0.0017383479349863521	0.00010471975511965978	1.08229351	25.90128517	1.09187719	0.12696789435654585	0.0255209	0.00082
-0.0493	-0.0537	0.1907	0.0016807520696705393	-0.0018709929581379211	0.00013264502315156904	1.0848608	25.96272469	1.32367169	0.05418333082130388	0.0230689	0.00053
-0.0457	-0.1481	0.1507	0.001446877949903299	-0.0017348572764823637	0.00017104226669544429	1.12025225	26.80970764	1.04097121	0.15842035224833365	0.025366	0.00062
-0.048	-0.1191	0.1481	0.0011047934165124105	-0.0016755160819145565	0.0002617993877991494	1.03712642	24.82035255	0.97754414	0.058509142453120055	0.0263446	0.00098
-0.0511	-0.0663	0.2012	0.0011676252695842063	-0.0016109388995907662	0.00011344640137963142	1.15023661	27.52728844	1.02811214	0.1227881010907552	0.0248122	0.00068
-0.05	-0.0345	0.1729	0.0012130038301360591	-0.0018151424220741027	0.00020594885173533088	1.17523897	28.12564087	1.06092267	0.07830422666954441	0.0255333	0.00077
-0.0448	-0.1165	0.1439	0.0016109388995907662	-0.001853539665617978	0.0003159045946109737	1.18353736	28.32423592	1.04436141	0.14351440279371125	0.0252599	0.00062
-0.0445	-0.0649	0.1793	0.0013648474750595659	-0.0018465583486100008	0.00027925268031909274	1.09863389	26.29233932	1.00410412	0.10178623279155288	0.0244499	0.00067
-0.0488	-0.0726	0.2501	0.0017680185322702558	-0.0019460421159736775	0.00024609142453120044	1.19937098	28.70316505	1.11169276	0.10959080401811296	0.0217106	0.00045
-0.0385	-0.0652	0.1904	0.0016615534478986017	-0.0019216075064457567	0.00038397243543875244	1.18748701	28.4187603	1.10905597	0.09083903524035632	0.0236864	0.00077
-0.0364	-0.1033	0.1635	0.001254891732183923	-0.002057743188101315	0.0005061454830783556	1.1616888	27.80135918	1.36502784	0.10034852225049203	0.0255537	0.00078
-0.044	-0.0393	0.2387	0.0013177235852557187	-0.00214850030920502	0.0004991641660703782	1.21162236	28.99636269	1.23015932	0.1548285145591739	0.0225494	0.00072
-0.0392	-0.0826	0.2188	0.002005383310541485	-0.002178170906488923	0.0006370451769779302	1.24570262	29.81196594	2.21260136	0.11076056667386106	0.020594	0.0005
-0.0399	-0.127	0.1793	0.0015498523757709647	-0.002209586833024821	0.0006736970912698113	1.25100863	29.93894768	1.05039324	0.11077993877991496	0.0230903	0.00054
-0.0376	-0.1251	0.2048	0.0017016960206944712	-0.002462659574563999	0.0006422811647339132	1.26434755	30.2581749	1.29644121	0.05151661564992917	0.0259005	0.00349
-0.0355	0.018	0.2248	0.0023003439541285265	-0.0027052603405912107	0.0006649704450098395	1.25483274	30.03046608	1.13335575	0.20839689898685965	0.0244612	0.00324
-0.0356	-0.1232	0.1672	0.0020280725908174107	-0.0026616271092913526	0.0007225663103256524	1.22153819	29.23366547	1.33618471	0.21757502299633932	0.0232453	0.00054
-0.0338	-0.0705	0.1636	0.0015585790220309364	-0.002541199390903744	0.0008272860654453122	1.0536288	25.21528435	0.99691083	0.09283205211468717	0.025035	0.0005
-0.0404	0.0088	0.2303	0.0016493361431346415	-0.0026249751949994717	0.000804596785169386	1.1130383	26.63706398	1.0411494	0.16246111027376797	0.0224338	0.00048
-0.0448	0.0059	0.203	0.002239257430308725	-0.0027628562059070234	0.0007679448708775049	1.08780289	26.03313255	1.00932672	0.0728227106186758	0.0223435	0.00062
-0.0406	-0.1167	0.198	0.002150245638457014	-0.002621484536495483	0.0008203047484373349	1.1721741	28.05229187	1.06640268	0.14593716694115405	0.021872	0.00041
-0.0444	-0.114	0.2253	0.0019774580425095754	-0.0026843163895672786	0.0008011061266653974	1.09034979	26.09408569	1.05873991	0.04654090353955859	0.0219083	0.00045
-0.0496	-0.1147	0.2799	0.00244695161129605	-0.002904227875318564	0.0009145525280450286	1.10528398	26.45148849	1.06437905	0.10064257279586952	0.0171962	0.0003
-0.0472	-0.1337	0.2373	0.0024923301718479027	-0.002804744107954888	0.0009302604913129776	1.09445846	26.19241524	1.02380979	0.07202851455917386	0.0191032	0.00033
-0.0412	-0.1229	0.2244	0.0023753931119642824	-0.0027349309378751144	0.0009843656981248017	1.09027195	26.09222221	1.0298915	0.041742771838760954	0.0202261	0.00091
-0.0393	-0.0845	0.292	0.0024068090385001802	-0.002823942729726825	0.0008726646259971648	1.13566053	27.17845535	1.14357502	0.11950643952576225	0.0187647	0.00135
-0.0406	-0.0532	0.2737	0.0026197392072434887	-0.002897246558310587	0.0009494591130849152	1.21338594	29.0385685	1.37525605	0.06905142422074104	0.0218695	0.00371
-0.0368	-0.134	0.2156	0.002054252529597326	-0.0028605946440187057	0.0010838494654884787	1.26925993	30.37573624	1.31428653	0.17952644721708036	0.0215415	0.00057
-0.0333	-0.1192	0.197	0.0017121679962064373	-0.002874557278034661	0.0010803588069844899	1.24457765	29.78504372	1.68443385	0.05487689129554165	0.024294	0.00267
-0.0375	-0.0435	0.2395	0.0015987215948268059	-0.0026755897433073067	0.0008307767239493009	1.21930325	29.1801815	1.54488276	0.15049980095710874	0.0236105	0.0028
-0.0472	-0.0603	0.2571	0.00205599785884932	-0.0026878070480712674	0.0007819075048934597	1.17968988	28.23216057	1.42072816	0.07001813939211582	0.018895	0.00034
-0.0522	-0.0228	0.2401	0.0022759093446006054	-0.002829178717482808	0.0007330382858376184	1.11147797	26.59972382	1.84335932	0.08000761871093334	0.0195494	0.00043
-0.0514	-0.1425	0.2485	0.0022113321622768156	-0.002897246558310587	0.0007417649320975902	1.24169791	29.7161274	1.27049551	0.13596858347057703	0.021155	0.00298
-0.0474	-0.161	0.249	0.0021223203704251047	-0.002848377339254746	0.0008255407361933179	1.42361188	34.069664	2.0514217	0.03408284075016401	0.0333919	0.01876
-0.0407	-0.0626	0.2292	0.0019669860669976093	-0.0027995081201989047	0.0009546951008408983	1.06216574	25.41959	1.0762696	0.14156789435654588	0.0370794	0.02328
-0.0382	-0.1011	0.2664	0.0018552849948699724	-0.002673844414055313	0.0009023352232810684	1.04734695	25.06494904	1.04102298	0.09268623279155296	0.0374411	0.02575
-0.0441	-0.0767	0.281	0.00233001455141243	-0.002782054827678961	0.0008220500776893293	1.05019879	25.13319969	1.03872655	0.07806125578789222	0.0362793	0.02774
-0.038	-0.109	0.248	0.002361430477948328	-0.00277332818141899	0.0009128071987930344	1.04949963	25.11646652	1.03785282	0.07794498469497872	0.03977	0.03322
-0.0368	-0.0506	0.2745	0.0020001473227855013	-0.0026110125609835172	0.0008429940287132613	1.0918833	26.13078499	1.06505113	0.11577059728390364	0.0423778	0.0386
-0.0432	-0.0534	0.3341	0.0027192229746071652	-0.002665117767795341	0.0008726646259971648	1.44014347	34.46529388	1.72537625	0.10894257279586957	0.0315181	0.02331
-0.0372	-0.1479	0.271	0.0027890361446869386	-0.002853613327010729	0.0009965830028887623	1.78979576	42.83312225	2.52604878	0.18271135530933796	0.016715	0.00037
-0.0284	-0.1486	0.2583	0.0026057765732275338	-0.002892010570554604	0.0012164944886400475	1.19917738	28.6985302	1.31815373	0.044278415037728315	0.0176678	0.00043
-0.0372	-0.1137	0.3154	0.0028221974004748306	-0.0029530970943744054	0.001155407964820246	1.15591347	27.66314507	1.12593993	0.11772969374434503	0.0163218	0.00055
-0.0336	-0.1141	0.2778	0.002975786374650332	-0.002921681167838507	0.0012269664641520136	1.05564392	25.26350975	2.81176194	0.05442817000215837	0.0167069	0.00047
-0.0379	-0.1295	0.2111	0.0028221974004748306	-0.0027331856086231197	0.0013002702927357754	1.05760908	25.31054115	1.01647777	0.10716941809873252	0.0191835	0.00045
-0.0468	-0.0565	0.236	0.0027331856086231197	-0.0029024825460665696	0.0011309733552923255	1.04294002	24.95948219	1.00712199	0.12818028333693052	0.0187874	0.00057
-0.0505	-0.0058	0.2497	0.0031974431896536117	-0.0029618237406343773	0.0010821041362364843	1.00365591	24.01934242	0.98610363	0.09672339973270705	0.0180132	0.00045
-0.0466	-0.1207	0.2459	0.003186971214141646	-0.0029914943379182805	0.0012618730491919003	1.0564009	25.28162575	1.01851582	0.13359557428756424	0.017612	0.0003
-0.0465	-0.0835	0.262	0.003232349774693498	-0.0030717794835100195	0.0012758356832078548	1.01943779	24.39703178	0.97238707	0.06038131700797728	0.0170308	0.00036
-0.0572	-0.1046	0.2966	0.0030473448739821	-0.0029513517651224112	0.00091106186954104	1.0650624	25.48891258	1.01154263	0.09991032163829103	0.0162605	0.00026
-0.0668	-0.0498	0.2631	0.0033772121026090277	-0.0029164451800825246	0.0006946410422937432	1.15574849	27.65919876	1.08385448	0.12695973204570554	0.0163137	0.00024
-0.046	-0.0785	0.2515	0.00308399678827398	-0.0034243359924128747	0.001192059879112127	1.20767283	28.90184212	1.07090892	0.1260262481741891	0.0174634	0.0004
-0.0339	-0.1179	0.1234	0.004790928796724435	-0.0031415926535897933	0.001965240737745615	1.67776191	40.15194321	3.17414014	0.31774281029535123	0.0229082	0.00205
-0.0478	-0.0327	0.1397	0.005146975964131278	-0.0029845130209103033	0.0016004669240788003	1.81527185	43.44281006	3.13485162	0.15929503068765735	0.0177281	0.00051
-0.0507	-0.1307	0.1665	0.0039235001584832525	-0.0030595621787460597	0.0012322024519079964	1.38178444	33.06865692	1.07702241	0.21103947178272933	0.016566	0.00041
-0.0723	-0.0957	0.2642	0.004408701690537677	-0.003199188518905606	0.0008813912722571365	1.32630885	31.74102211	1.12032621	0.2030819525932415	0.0135247	0.00043
-0.0684	-0.0956	0.2481	0.0048467793327882525	-0.003351032163829113	0.0010000736613927507	1.20804799	28.91082191	1.05129695	0.05553018381548484	0.0126495	0.00024
-0.0632	-0.1147	0.2283	0.004752531553180559	-0.0032934362985133003	0.001228711793404008	1.07895839	25.82146835	1.01770687	0.06312408884673817	0.0136569	0.00026
-0.0622	-0.0754	0.2603	0.004731587602156627	-0.003342305517569141	0.0012269664641520136	1.02262974	24.47341919	0.98308797	0.0758779249665883	0.0133719	0.00014
-0.0644	-0.0857	0.3065	0.004839798015780276	-0.0033545228223331013	0.0011623892818282235	1.08581221	25.98549271	1.02433838	0.06795024503556997	0.012224	0.00016
-0.0581	-0.0855	0.2868	0.004794419455228423	-0.003274237676741362	0.0013020156219877698	1.05244339	25.18691635	0.99095674	0.03946450231515691	0.0127977	0.00026
-0.0557	-0.1545	0.2791	0.004328416544945937	-0.0031747539093776853	0.0014119713648634124	1.11607862	26.70982552	1.00296601	0.1128721210260902	0.0141693	0.00043
-0.0661	-0.1719	0.3403	0.004199262180298357	-0.0032916909692613052	0.0013177235852557187	1.11879158	26.77475166	2.13131139	0.10601696020694468	0.0134497	0.00034
-0.0714	-0.1149	0.3623	0.004740314248416599	-0.00325329372571743	0.001382300767579509	1.16228712	27.81567955	1.14659175	0.11650132469929537	0.0123818	0.00047
-0.0635	-0.161	0.3178	0.004214970143566306	-0.003220132469929538	0.001424188669627373	1.1917361	28.52044868	1.73401214	0.12851966313430244	0.0132462	0.00033
-0.0604	-0.1739	0.2787	0.0026529004630313807	-0.0031747539093776853	0.001420698011123384	1.13097632	27.06635284	1.03539008	0.13564694497953833	0.0161101	0.00034
-0.069	-0.1606	0.3433	0.003227113786937515	-0.0030229102644541784	0.0013124875974997359	1.08297908	25.91769028	1.025808	0.12821336912266443	0.0143555	0.0003
-0.0692	-0.102	0.3425	0.0037995817815916558	-0.003321361566545209	0.001291543646475804	1.14618313	27.43028069	1.00529853	0.10419316238845512	0.0134761	0.00017
-0.0717	-0.2251	0.3298	0.003733259270015871	-0.003363249468593073	0.0013700834628155487	1.11879361	26.77479935	1.02164046	0.14763751149816975	0.014032	0.00026
-0.0692	-0.1758	0.3202	0.003598868917612307	-0.0034871678454846703	0.0014189526818713899	1.02385855	24.5028286	0.99833854	0.07675889741755008	0.0136711	0.0002
-0.0698	-0.0711	0.3638	0.004190535534038385	-0.0036093408931242737	0.0013002702927357754	1.08617866	25.9942627	1.02481233	0.1905261026600648	0.0127758	0.00027
-0.0656	-0.138	0.3615	0.004338888520457902	-0.003600614246864302	0.0012531464029319286	1.01090407	24.19280434	0.98892665	0.08361017612416684	0.0124012	0.00016
-0.0663	-0.2034	0.3348	0.00401076662108297	-0.0036634460999360975	0.0013543754995475996	1.0852679	25.97246742	1.00994703	0.11740914245311992	0.013256	0.00026
-0.0591	-0.1845	0.3438	0.004136430327226561	-0.003635520831904189	0.0014381513036433276	1.07779241	25.79356384	1.33456095	0.0469682389135614	0.0134172	0.00037
-0.0613	-0.097	0.4092	0.004358087142229841	-0.003750712562535814	0.0013735741213195373	1.1459738	27.42527199	1.20260969	0.17517128639793475	0.0126252	0.00037
-0.0586	-0.1779	0.37	0.004455825580341524	-0.0037245326237558994	0.0014974924982111347	1.13695407	27.20941353	1.04235094	0.1351918376891598	0.0121219	0.00038
-0.0584	-0.2353	0.3421	0.004295255289158045	-0.0036843900509600297	0.0014922565104551516	1.04829431	25.08761978	1.10824855	0.09579744258676656	0.0133615	0.0003
-0.0609	-0.1515	0.3366	0.00399505865781502	-0.0035465090400524776	0.0014590952546672592	1.0563401	25.28017235	1.02892041	0.11536194490192352	0.0143866	0.00045
-0.0578	-0.0722	0.3965	0.004452334921837535	-0.003707079331235956	0.0014416419621473165	1.21574938	29.09512901	1.46043811	0.17406499238629683	0.0143793	0.00067
-0.0596	-0.2471	0.3613	0.004694935687864747	-0.0036302848441482054	0.0014940018397071458	1.34861541	32.27486038	1.46555408	0.2304877565337396	0.0130477	0.00055
-0.0579	-0.2735	0.3371	0.004441862946325569	-0.0036948620264719957	0.0015306537539990272	1.23840344	29.63728333	1.11839085	0.07001509190774254	0.0141581	0.00036
-0.0587	-0.1766	0.3226	0.0042167154728183	-0.003637266161156183	0.0014870205226991688	1.21352863	29.04198456	1.05362131	0.128518828506147	0.0140097	0.00031
-0.0686	-0.0965	0.3773	0.004729842272904633	-0.003623303527140228	0.0011833332328521555	1.22093165	29.21915054	1.06936721	0.18623883619746504	0.0135487	0.0004
-0.0708	-0.1293	0.3432	0.005059709501531561	-0.0036896260387160127	0.0011623892818282235	1.11323798	26.64184189	1.01420638	0.08995668456133225	0.0125206	0.00021
-0.068	-0.2179	0.3083	0.00486597795456019	-0.0037210419652519105	0.001256637061435917	1.12079179	26.82261848	1.0109646	0.1422697626557481	0.0132182	0.00043
-0.0685	-0.1895	0.3139	0.004808382089244378	-0.0036651914291880917	0.0013596114873035826	1.06333876	25.44766235	0.98859861	0.04532104136236481	0.0124941	0.00017
-0.0758	-0.1084	0.3994	0.005262167694762903	-0.00376118453804778	0.001377064779823526	1.16614676	27.90804863	1.06482449	0.2022616003449078	0.0118713	0.00045
-0.0689	-0.1684	0.3699	0.005241223743738971	-0.003679154063204046	0.0014276793281313615	1.14138901	27.31554985	1.04315815	0.10407944870877502	0.011131	0.00023
-0.0665	-0.2005	0.3401	0.0049741883681838385	-0.0035918876006043304	0.0015515977050229591	1.13755751	27.22385406	1.02084369	0.08821101075232231	0.0117542	0.00028
-0.0798	-0.1648	0.4298	0.004906120527356061	-0.0037891098060796892	0.0012793263417118436	1.20614266	28.86522293	1.08348477	0.16557807048071263	0.011684	0.00047
-0.0717	-0.1203	0.4072	0.005307546255314756	-0.00408756110817072	0.0015341444125030156	1.20979834	28.9527092	1.07129549	0.1229347550420449	0.0111043	0.00023
-0.0743	-0.1717	0.283	0.004029965242854907	-0.004002039974822997	0.0016632987771505957	1.28778803	30.81914902	1.15091372	0.25281282552275763	0.0130747	0.00023
-0.0714	-0.1194	0.3525	0.004201007509550351	-0.0037524578917878084	0.0013910274138394805	1.16967809	27.99255753	1.05455448	0.1593447856520874	0.0124297	0.00031
-0.0502	-0.0894	0.3599	0.0047856928089684515	-0.003820525732615587	0.001635373509118687	1.19050348	28.49094963	1.29818633	0.1034549617762543	0.0111755	0.0003
-0.0527	-0.1992	0.3277	0.004527384079673291	-0.0038187804033635933	0.0017453292519943296	1.20559597	28.85214043	1.45767654	0.1630004900711398	0.0115877	0.00021
-0.0572	-0.2125	0.2856	0.004206243497306334	-0.0037978364523396607	0.001710422666954443	1.13328648	27.12164116	1.00986707	0.07874955592153879	0.0133578	0.00024
-0.0682	-0.1444	0.3407	0.004771730174952496	-0.0036093408931242737	0.0014311699866353504	1.29675484	31.03373909	2.11650263	0.1858617458590321	0.0123096	0.00033
-0.0687	-0.1273	0.3335	0.0046809730538487915	-0.0038449603421435077	0.0014416419621473165	1.20058644	28.73225403	1.00413982	0.04164242728174521	0.0127054	0.0003
-0.0585	-0.2198	0.3068	0.004429645641561609	-0.003920009499979264	0.0015812683023068625	1.25459027	30.02466393	1.05957601	0.15270014551412425	0.0140638	0.00036
-0.0535	-0.2288	0.2909	0.004590215932745087	-0.003974114706791089	0.0017226399717184032	1.14630425	27.43317986	0.99249652	0.04770235837034222	0.0146466	0.00037
-0.0605	-0.1457	0.3845	0.00476125819944053	-0.003867649622419434	0.001541125729510993	1.24414778	29.77475739	1.11179005	0.20665107966372545	0.0116119	0.00021
-0.0556	-0.1294	0.4184	0.005464625887994246	-0.0036721727461960694	0.001567305668290908	1.14992607	27.5198555	1.04002928	0.10135122517784977	0.010978	0.00034
-0.0535	-0.2545	0.3944	0.005532693728822024	-0.003600614246864302	0.001583013631558857	1.17567825	28.13615417	1.05630679	0.15896671517137478	0.0111149	0.00024
-0.0445	-0.2399	0.3797	0.005452408583230286	-0.0036093408931242737	0.001658062789394613	1.09409797	26.18378639	0.98828454	0.04650304748437332	0.0113009	0.00034
-0.0519	-0.1714	0.4463	0.005529203070318036	-0.0035116024550125905	0.0014835298641951804	1.17002332	28.00082207	1.03861519	0.1599532925199433	0.0108826	0.00016
-0.0484	-0.1821	0.4378	0.0059096848472528	-0.0035883969421003415	0.001504473815219112	1.03467977	24.76179886	0.97263273	0.0466110107523223	0.0111667	0.00024
-0.0529	-0.2533	0.3967	0.0058259090431570714	-0.003600614246864302	0.0014835298641951804	1.0628159	25.43514824	1.00483663	0.12264685299418109	0.0117573	0.00017
-0.056	-0.1491	0.4245	0.0056374134839416844	-0.003558726344816438	0.0013980087308474581	1.10522795	26.45014763	1.02659351	0.15089522973054867	0.0115001	0.00038
-0.0559	-0.1254	0.4696	0.006148794954776023	-0.0037646751965517687	0.0013334315485236678	1.1403805	27.29141426	1.03575444	0.10799537524467302	0.012319	0.00048
-0.055	-0.2461	0.4279	0.005489060497522166	-0.003586651612848347	0.001541125729510993	1.2448349	29.79120064	1.1017092	0.21557261109723017	0.0121035	0.00038
-0.0549	-0.252	0.4136	0.005344198169606637	-0.0035203291012725624	0.001726130630222392	1.22663343	29.35560608	1.45646942	0.04010948701013559	0.012049	0.00045
-0.0522	-0.135	0.4684	0.005246459731494954	-0.0034609879067047556	0.0017470745812463236	1.16685855	27.92508316	1.5861365	0.183401179185171	0.0122988	0.00028
-0.0714	-0.1268	0.4403	0.005312782243070739	-0.003864158963915446	0.0014573499254152652	1.12468982	26.91590691	1.23526628	0.09346091123087667	0.0111481	0.00027
-0.0746	-0.1975	0.4094	0.005600761569649804	-0.003984586682303054	0.001291543646475804	1.09931231	26.30857658	1.15585606	0.13351066619530677	0.0102998	0.00036
-0.068	-0.2205	0.4015	0.005876523591464907	-0.003855432317655474	0.001429424657383356	1.02158427	24.4484005	1.16573056	0.06463986986851172	0.0106593	0.00026
-0.0712	-0.2187	0.4703	0.006511823439190843	-0.0037489672332838195	0.0013735741213195373	1.06054604	25.38082695	1.04209573	0.11368077340807044	0.0109228	0.00034
-0.0695	-0.1829	0.4348	0.006630505828326458	-0.0037699111843077517	0.0013439035240356337	1.04098165	24.91261482	0.9917262	0.0814648468721725	0.00996625	0.00024
-0.0599	-0.239	0.4132	0.006606071218798537	-0.0037315139407638766	0.001500983156715123	1.04900753	25.10468864	0.99510932	0.09829557428756425	0.0102239	0.00018
-0.061	-0.266	0.4649	0.006368706440527309	-0.0037646751965517687	0.001452113937659282	1.03234076	24.70582199	0.9991131	0.09576976265574806	0.0110364	0.00028
-0.0594	-0.1625	0.468	0.006475171524898962	-0.00376118453804778	0.0014922565104551516	1.10553145	26.45741272	1.03537277	0.1157049157835756	0.0102875	0.0002
-0.0542	-0.1939	0.4182	0.006265732014659643	-0.003710569989739945	0.0015184364492350666	1.03245068	24.70845413	0.99537178	0.10071169986635346	0.00982141	0.00024
-0.0527	-0.2018	0.4346	0.0064071036840711824	-0.0037524578917878084	0.001467821900927231	0.98102307	23.47769547	0.96465921	0.03749370598836193	0.0100389	0.00027
-0.0576	-0.1782	0.4861	0.006356489135763348	-0.003626794185644217	0.0013892820845874865	0.98708683	23.62281227	0.97483312	0.0927409035395585	0.0111303	0.00038
-0.0494	-0.1192	0.4132	0.00644201026911107	-0.00398284135305106	0.0018325957145940458	1.13963389	27.27354431	1.06903149	0.1843440965380561	0.0104898	0.00036
-0.0345	-0.1824	0.1518	0.010560987303817687	-0.003886848244191372	0.002371902453460294	1.88937199	45.21616364	3.29252486	0.5772138441216276	0.0183825	0.00352
-0.0399	-0.1027	0.2291	0.009773843811168246	-0.003522074430524557	0.0022043508452688383	1.77842963	42.56110764	3.17142714	0.2283734457253856	0.0112349	0.00077
-0.0491	-0.1585	0.2776	0.008508480103472356	-0.0034732052114687163	0.001895427567665842	1.26936603	30.37827492	1.06806877	0.1946578102177364	0.00962591	0.00043
-0.0583	-0.113	0.3549	0.009032078879070655	-0.0034749505407207105	0.001614429558094755	1.23335683	29.51651001	1.09182251	0.17231710572106898	0.00933403	0.00044
-0.0551	-0.2128	0.3386	0.008997172294030768	-0.0035150931135165793	0.0017348572764823637	1.12552607	26.93592072	1.02306998	0.1290738438111682	0.00944912	0.00048
-0.0489	-0.2428	0.3247	0.00873537290623162	-0.003413864016900908	0.0018238690683340744	1.03877163	24.85972595	0.98329118	0.07270201381332654	0.0105952	0.0003
-0.0585	-0.2287	0.3616	0.008438666933392583	-0.003560471674068432	0.0016126842288427606	1.03153849	24.68662262	0.99546218	0.09332492347489368	0.00966299	0.00024
-0.0632	-0.1516	0.4058	0.00909491073214245	-0.0038135444156076103	0.001637118838370681	1.10362923	26.41188622	1.03339086	0.17268755749084827	0.00924176	0.00023
-0.0609	-0.1598	0.3591	0.008726646259971648	-0.0038048177693476384	0.0017819811662862105	1.01019406	24.17581177	0.97816778	0.08329267231731521	0.00855947	0.0002
-0.0588	-0.2329	0.3381	0.00799011731563004	-0.0035622170033204267	0.0017819811662862105	1.09450686	26.193573	1.02340973	0.145156485518441	0.00970185	0.00028
-0.0623	-0.1455	0.3935	0.00828856861772107	-0.0035116024550125905	0.0016336281798666925	1.11040521	26.574049	1.13994829	0.17117094184091927	0.00982749	0.00043
-0.059	-0.239	0.3689	0.008375835080320788	-0.0036041049053682902	0.0016859880574265225	1.10662615	26.48360825	1.28101707	0.13300643952576238	0.00894594	0.00041
-0.0633	-0.2857	0.3623	0.007606144880191289	-0.0035849062835963527	0.0017819811662862105	1.08892632	26.06002045	1.0124441	0.10184409653805623	0.0098561	0.00031
-0.069	-0.2329	0.3553	0.0071069807141209106	-0.0034400439556808234	0.001616174887346749	1.02764654	24.59348106	1.34460202	0.10599163864626852	0.00866038	0.0002
-0.0799	-0.1453	0.409	0.007525859734599549	-0.0034068826998929313	0.0013980087308474581	1.10585237	26.46509171	1.16998636	0.185710321638291	0.00849813	0.00016
-0.0792	-0.0931	0.3839	0.007358308126408092	-0.003371976114853045	0.0014119713648634124	1.05502629	25.24872971	1.00279273	0.08882104136236482	0.00941807	0.00028
-0.0813	-0.2143	0.3702	0.007361798784912082	-0.0033684854563490563	0.0012688543661998775	1.11554301	26.69700623	1.03121532	0.1445049157835757	0.00868517	0.00011
-0.0792	-0.274	0.366	0.007660250087003113	-0.0035953782591083183	0.0013491395117916165	1.02688777	24.5753231	0.96885585	0.0962814625221016	0.00909722	0.0002
-0.0733	-0.2228	0.3594	0.00753807703936351	-0.0036302848441482054	0.0016039575825827887	0.9666239	23.13309669	0.94866389	0.08429488517353313	0.00857699	0.00018
-0.0858	-0.1995	0.4273	0.007541567697867498	-0.0037524578917878084	0.001282817000215832	1.05908895	25.3459568	0.9942032	0.1260402144255274	0.00914299	0.00033
-0.0843	-0.1798	0.439	0.007894124206770353	-0.003837979025135531	0.0013892820845874865	1.11732388	26.73962593	1.00719033	0.060127136331111615	0.00935936	0.00027
-0.0784	-0.2429	0.412	0.007831292353698557	-0.0038833575856873836	0.0014800392056911916	1.14603126	27.42664719	0.99331334	0.10594837673636776	0.00904644	0.00018
-0.0804	-0.2431	0.4069	0.007492698478811657	-0.003914773512223281	0.0014782938764391971	1.0725323	25.66768074	0.96439506	0.02588775653373958	0.00916582	9e-05
-0.0871	-0.1646	0.4505	0.007566002307395418	-0.003925245487735247	0.0013316862192716734	1.09377384	26.17603111	1.00883147	0.14031917306316255	0.00899351	0.00013
-0.0905	-0.1559	0.4208	0.00808261976598574	-0.004122467693210606	0.0014416419621473165	1.1221894	26.85606575	1.0067831	0.08298977034706621	0.00839162	0.00013
-0.0831	-0.2116	0.3747	0.00801455192515796	-0.0039235001584832525	0.0015603243512829306	1.09750569	26.26534081	1.00003492	0.12848588823453738	0.00788409	0.00028
-0.0865	-0.2328	0.3727	0.0074508105767637925	-0.0037315139407638766	0.001408480706359424	1.12654257	26.96024513	1.26418118	0.07197856055185253	0.0083009	0.00023
-0.1013	-0.1617	0.4262	0.007641051465231174	-0.0039898226700590365	0.0011379546723003027	1.1410321	27.30700874	1.32278232	0.1753537825910832	0.00827819	0.00023
-0.1001	-0.1514	0.3999	0.007166321908688717	-0.0039898226700590365	0.0011501719770642632	1.12911355	27.02177429	0.99996905	0.062147343065320944	0.00819236	0.00016
-0.1015	-0.2259	0.3736	0.0070354222147891434	-0.0042882739721500675	0.0012095131716320703	1.19452167	28.58711243	1.00124901	0.12663460952792055	0.0087561	0.00018
-0.1058	-0.1809	0.4061	0.006415830330331155	-0.004249876728606192	0.0010803588069844899	1.16275847	27.82695961	0.99813697	0.1211571746324722	0.0090698	0.0003
-0.1153	-0.1308	0.4585	0.006988298324985294	-0.004213224814314312	0.000731292956585624	1.21281695	29.02495193	1.02030303	0.15990928796724427	0.00990856	0.00026
-0.1102	-0.1212	0.4214	0.007045894190301109	-0.004153883619746505	0.0007749261878854823	1.13918757	27.26286507	1.00239785	0.059828514559174005	0.00848544	0.00018
-0.1046	-0.2132	0.3823	0.006934193118173471	-0.004230678106834255	0.0009180431865490173	1.12670624	26.96416283	1.0885352	0.1532806278939462	0.00870973	0.00018
-0.0982	-0.1801	0.364	0.006585127267774605	-0.004054399852382828	0.001048942880448592	1.06551301	25.49969673	0.98400181	0.09061218993749336	0.00821555	0.0002
-0.1066	-0.1079	0.4442	0.00680852941202988	-0.003830997708127553	0.0009093165402890458	1.14551091	27.41419411	1.14917475	0.1901215314335048	0.00902957	0.00027
-0.1119	-0.1921	0.4357	0.0075886915876713455	-0.003947934768011174	0.0008709192967451704	1.14896619	27.4968853	1.02693545	0.14477482395344812	0.00908828	0.00021
-0.1036	-0.2779	0.4041	0.0077824231346427155	-0.004070107815650777	0.0011013027580084218	1.22207701	29.24656105	1.03111257	0.15301440279371115	0.0101624	0.00031
-0.0986	-0.2491	0.4183	0.007562511648891429	-0.004063126498642799	0.001322959573011702	1.1814667	28.27468109	0.99970259	0.07042748088812718	0.00924468	4e-05
-0.0982	-0.16	0.4719	0.007944738755078189	-0.004162610266006475	0.0012217304763960308	1.20740819	28.89550972	1.34806028	0.17224699850830527	0.00980192	0.00036
-0.091	-0.1797	0.4058	0.007939502767322205	-0.004235914094590238	0.001410226035611418	1.1127162	26.62935448	1.34889535	0.10635176877775668	0.00887966	0.00031
-0.0907	-0.2392	0.3823	0.007915068157794284	-0.004017747938090946	0.001256637061435917	1.00862253	24.13820267	0.98392196	0.10310948701013568	0.00932002	0.00024
-0.0929	-0.1571	0.4148	0.007468263869283736	-0.0038449603421435077	0.0011746065865921838	1.26168966	30.19456482	1.64452056	0.15188111796508602	0.0131341	0.00489
-0.0924	-0.0961	0.4193	0.007646287452987157	-0.0037594392087957856	0.001218239817892042	1.28487277	30.74938011	1.69211279	0.08135889741755004	0.00950658	0.00028
-0.0957	-0.3056	0.3784	0.007456046564519776	-0.003864158963915446	0.0012932889757277981	1.32717288	31.76170158	1.16801545	0.2722004900711398	0.00942773	0.00033
-0.0887	-0.1741	0.3536	0.0068591439603377154	-0.0039898226700590365	0.0014137166941154068	1.1433301	27.36200333	1.06282398	0.20544970143566288	0.00841671	0.00013
-0.0951	-0.1478	0.3633	0.006524040743954804	-0.0037192966359999168	0.0012164944886400475	1.13515031	27.16624641	1.02126464	0.0825425727958695	0.00850785	0.00013
-0.1013	-0.1172	0.4135	0.006665412413366345	-0.0035360370645405115	0.0009913470151327792	1.21175492	28.99953651	1.02253791	0.11448893571891068	0.00941241	0.0002
-0.1017	-0.1406	0.4094	0.007133160652900825	-0.0036477381366681488	0.0010978120995044332	1.17892134	28.21376801	0.99272348	0.062195719801688525	0.00897557	0.00028
-0.1012	-0.2587	0.4187	0.008126252997285598	-0.003954916085019151	0.0011501719770642632	1.31526089	31.47662544	1.06181823	0.19553150851478024	0.00920117	0.00023
-0.0953	-0.1769	0.4116	0.008084365095237734	-0.00394269878025519	0.0011693705988362008	1.19979179	28.71323395	1.95949019	0.09846519142918811	0.00823444	0.00017
-0.1013	-0.1515	0.4646	0.008204792813625343	-0.004157374278250492	0.0010838494654884787	1.16797853	27.95188522	1.06663145	0.10543121748653166	0.0088805	0.00026
-0.1004	-0.1959	0.45	0.00838107106807677	-0.004106759729942657	0.001223475805648025	1.10817218	26.5206089	1.27278179	0.07822595714594041	0.008524	0.0002
-0.0962	-0.2368	0.421	0.008393288372840731	-0.004049163864626845	0.0013491395117916165	1.0968591	26.24986649	1.40874939	0.0838738438111683	0.00866914	0.00027
-0.0975	-0.1696	0.4478	0.008506734774220362	-0.004213224814314312	0.0013491395117916165	1.04870045	25.09733963	0.9826682	0.10917536755335493	0.00896311	0.00016
-0.0975	-0.1844	0.4467	0.008922123136195012	-0.004187044875534397	0.0013788101090755204	1.05206585	25.17788124	0.97580741	0.039461944901923486	0.00991786	0.00023
-0.0925	-0.2295	0.3907	0.00813148898504158	-0.004085815778918725	0.0015865042900628454	1.15006447	27.52316856	1.0414999	0.16107787143782143	0.00929236	0.00024
-0.0989	-0.2336	0.3973	0.007751007208106817	-0.00386590429316744	0.0013404128655316449	1.13675976	27.20476151	0.99640602	0.05942423436086244	0.00887567	0.00027
-0.1065	-0.0746	0.4296	0.007436847942747837	-0.0034627332359567498	0.0010367255756846318	1.29345345	30.95473289	1.09756361	0.24995088062083415	0.00988466	0.00027
-0.1064	-0.0781	0.4245	0.007864453609486448	-0.003316125578789226	0.0009791297103688187	1.15569389	27.65789223	1.01261995	0.040290459461097376	0.00970221	0.0002
-0.1099	-0.2114	0.4202	0.007908086840786307	-0.0033999013828849537	0.000879645943005142	1.21047401	28.9688797	1.06278976	0.15244464013796313	0.00861579	0.00023
-0.1047	-0.1638	0.4138	0.008052949168701836	-0.0034662238944607386	0.0009372418083209549	1.10663235	26.48375893	1.17264083	0.07263903524035635	0.00815445	0.00017
-0.1007	-0.2093	0.409	0.00810705437551366	-0.003682644721708035	0.0012164944886400475	1.06103909	25.39262581	1.46209177	0.08178893571891073	0.00779301	0.00017
-0.0976	-0.2951	0.4292	0.008112290363269643	-0.0037803831598197174	0.0013753194505715315	1.05673778	25.28968811	1.97548361	0.12218996938995744	0.00960481	0.00027
-0.1082	-0.1888	0.4802	0.008515461420480335	-0.004017747938090946	0.001296779634231787	1.11791849	26.75385475	1.03874941	0.2038537825910832	0.00984097	0.00026
-0.0936	-0.1775	0.4468	0.00882787535658732	-0.003733259270015871	0.001350884841043611	1.07162011	25.64585114	0.98956328	0.09185039054969424	0.00913	0.00018
-0.0872	-0.2182	0.4224	0.00878424212528746	-0.0038501963298994907	0.0015585790220309364	1.09770274	26.27005577	0.98415679	0.08991322360854022	0.00949538	0.00017
-0.0887	-0.1612	0.4742	0.008660323748395862	-0.003958406743523139	0.0015393804002589986	1.14735425	27.45830727	1.0012353	0.12286637061435925	0.00941396	0.0002
-0.0942	-0.0932	0.4746	0.009152506597458265	-0.0041329396687225725	0.0014660765716752368	1.14267075	27.34622192	1.00819425	0.11090098014227992	0.0103194	0.00021
-0.0848	-0.2729	0.4292	0.008979719001510825	-0.004105014400690663	0.001656317460142619	1.20907164	28.93531799	1.10776299	0.25404768762233654	0.00888342	0.00017
-0.0904	-0.2121	0.4321	0.008929104453202991	-0.004241150082346221	0.0016982053621904826	0.97550839	23.34571838	0.95496526	0.08073190660056273	0.00879246	7e-05
-0.0877	-0.1249	0.4585	0.0087109382967037	-0.004139920985730549	0.0016859880574265225	1.1082803	26.52319527	1.02015711	0.1328806278939462	0.0094406	0.00027
-0.082	-0.1247	0.3503	0.010508627426257857	-0.00416435559525847	0.0022322761133007477	1.46957731	35.16970062	1.19974703	0.23252058974781517	0.0142503	0.00109
-0.0702	-0.1718	0.2769	0.011205013797803597	-0.003639011490408177	0.0025446900494077327	1.58822227	38.00909424	1.27754651	0.20900722062515092	0.0117608	0.00053
-0.0647	-0.129	0.3351	0.008504989444968369	-0.003225368457685521	0.0022741640153486112	1.38829958	33.22457504	1.18860999	0.2757096709808504	0.00840318	0.00018
-0.0868	-0.2221	0.3619	0.008883725892651137	-0.003262020371977402	0.0017749998492782332	1.22556508	29.33003807	1.26034196	0.18772762640225135	0.0077402	0.00028
-0.1014	-0.2218	0.4502	0.009665633397544596	-0.003199188518905606	0.0015358897417550098	1.22408438	29.29460144	1.10216091	0.15739247327442388	0.00982821	0.00051
-0.1114	-0.2455	0.4183	0.009936159431603718	-0.003375466773357033	0.0012671090369478833	1.27056623	30.40699959	1.3135319	0.10137924966588376	0.00996423	0.00036
-0.1077	-0.2606	0.3938	0.010108947027551158	-0.0033894294073729884	0.0014451326206513049	1.20737815	28.89479065	1.0055814	0.06153869068334085	0.00883937	0.00024
-0.0952	-0.2894	0.3897	0.010463248865706007	-0.0034627332359567498	0.001562069680534925	1.19726574	28.65278244	0.99916651	0.0726271363311115	0.00942695	0.00021
-0.1003	-0.211	0.4352	0.010157816246606997	-0.0036459928074161546	0.0014259339988793671	1.10775816	26.51070023	1.00688993	0.16024139361069858	0.00897789	0.00023
-0.103	-0.1323	0.4536	0.010531316706533785	-0.003897320219703338	0.0015027284859671175	1.08967733	26.07799339	1.01737472	0.13488111796508612	0.00993872	0.00026
-0.1009	-0.2258	0.3785	0.009122836000174361	-0.0038851029149393774	0.001647590813882647	1.1208483	26.82397079	1.05159921	0.2489780169519457	0.00859666	0.00027
-0.1046	-0.1498	0.3699	0.008206538142877338	-0.00365646478292812	0.0014608405839192536	1.07418692	25.7072773	1.02443087	0.1548843109635837	0.00826573	0.00017
-0.1193	-0.1145	0.4247	0.00846135621366851	-0.003757693879543791	0.0010978120995044332	1.11918068	26.78406143	1.028135	0.14075378259108315	0.00955802	0.00026
-0.124	-0.1529	0.4083	0.008449138908904549	-0.003687880709464018	0.0010192722831646884	1.10312688	26.3998661	1.26027143	0.06752851455917394	0.00838166	0.00014
-0.1226	-0.2177	0.3985	0.00823620874016124	-0.003757693879543791	0.0010873401239924673	1.12208092	26.85346985	1.19523687	0.09354055898254304	0.00808305	0.00031
-0.1199	-0.2368	0.3869	0.008112290363269643	-0.0037803831598197174	0.001022762941668677	1.18961036	28.46957397	1.27739977	0.043959241974565674	0.00857949	0.00038
-0.1171	-0.2367	0.3964	0.008035495876181893	-0.0036896260387160127	0.0011362093430483087	1.20067859	28.73445702	1.224153	0.026449900478554306	0.00890303	0.0002
-0.1155	-0.1681	0.447	0.008642870455875919	-0.0037891098060796892	0.0011327186845443199	1.18407023	28.33698845	1.04765443	0.1563174502780846	0.00896937	0.00023
-0.1085	-0.2131	0.4134	0.008967501696746864	-0.0038187804033635933	0.0012112585008840647	1.0828315	25.91415977	0.98874089	0.10724208272472972	0.0079996	0.00011
-0.0958	-0.2312	0.3934	0.009157742585214249	-0.0038275070496235643	0.0015289084247470327	1.05760741	25.31049919	0.97676695	0.07663087292951609	0.00833666	7e-05
-0.0963	-0.1799	0.4669	0.009592329568960835	-0.003913028182971286	0.0014556045961632708	1.1301229	27.04592896	1.02563924	0.15497059728390344	0.00926685	0.00018
-0.0946	-0.14	0.4526	0.009862855603019957	-0.00394269878025519	0.0014852751934471744	1.10852325	26.52901077	1.0104727	0.07239336143134643	0.00907761	0.0003
-0.0873	-0.1817	0.425	0.00952251639888106	-0.0038885935734433662	0.0017086773377024485	1.07041001	25.61688995	1.00220806	0.10749232776029977	0.00871474	0.00024
-0.09	-0.2231	0.4602	0.009623745495496733	-0.003949680097263168	0.0016196655458507376	1.04387188	24.98178482	1.15056708	0.09186637061435927	0.00935382	0.0004
-0.0953	-0.1904	0.4936	0.00955044166691297	-0.004040437218366873	0.0014835298641951804	1.0523386	25.18440819	1.16730253	0.08640983156715124	0.0100823	0.00034
-0.0878	-0.2212	0.4383	0.009416051314509406	-0.0038851029149393774	0.0016510814723866359	1.06542456	25.49757957	1.01976486	0.11646381320112574	0.00925016	0.00023
-0.0907	-0.1957	0.4042	0.0091106186954104	-0.0038938295611993493	0.0016493361431346415	1.06298399	25.43917084	1.010521	0.07829522973054864	0.00854629	0.00011
-0.0958	-0.1753	0.4306	0.008504989444968369	-0.003939208121751202	0.0016126842288427606	1.02607822	24.55594826	1.00738413	0.0862829862642882	0.00865304	0.00014
-0.1019	-0.1204	0.4389	0.00834441915378489	-0.003569198320328404	0.0013683381335635543	1.08379567	25.93723297	1.01999177	0.10804630939427418	0.00913429	0.00021
-0.102	-0.1232	0.4168	0.00890466984367507	-0.0035238197597765512	0.0013334315485236678	1.06489885	25.4849968	0.96704206	0.057026791774095954	0.00857139	4e-05
-0.096	-0.2304	0.3931	0.008813912722571364	-0.0037227872945039047	0.0014800392056911916	1.19919252	28.6988945	1.01506367	0.15871661564992912	0.00829172	0.0003
-0.0935	-0.2107	0.3726	0.008717919613711676	-0.003834488366631542	0.0015585790220309364	1.14020479	27.28720856	0.9882108	0.0570116998663535	0.0082376	4e-05
-0.0936	-0.1484	0.4383	0.009358455449193595	-0.003872885610175417	0.0014765485471872027	1.1605432	27.77394295	1.02647595	0.16614817769347642	0.00919133	0.0003
-0.0835	-0.1555	0.4287	0.00965865208053662	-0.003897320219703338	0.0016126842288427606	1.10540867	26.45447159	1.01060994	0.04983834612632512	0.00896007	0.00021
-0.0859	-0.2173	0.4008	0.009812241054712121	-0.003993313328563026	0.0016702800941585732	1.10759437	26.50678062	1.38925097	0.10745889741755014	0.0084151	0.00011
-0.0812	-0.2314	0.4311	0.00976337183565628	-0.0038990655489553323	0.0015969762655748114	1.04462361	24.99977493	1.12653089	0.05992104136236483	0.00864893	0.0002
-0.0861	-0.1845	0.4742	0.010426596951414126	-0.0038693949516714287	0.0014067353771074296	1.08721578	26.01908302	1.53208644	0.13905683007545655	0.0103118	0.00033
-0.0827	-0.2284	0.431	0.009967575358139616	-0.00364424747816416	0.0014014993893514465	1.06294107	25.43814468	1.06729928	0.12497025272688808	0.00880486	0.00024
-0.0866	-0.2059	0.4011	0.009756390518648303	-0.0036180675393842456	0.0015358897417550098	1.04210401	24.93947601	0.98146554	0.07488775653373951	0.00805384	0.00016
-0.0937	-0.1556	0.4682	0.00957487627644089	-0.0036302848441482054	0.0013072516097437528	1.12886083	27.01572609	1.02619561	0.1456184839491315	0.00947255	0.00027
-0.0899	-0.1827	0.4275	0.009107128036906413	-0.003532546406036523	0.0013753194505715315	1.14452708	27.3906498	1.1520688	0.10327772592369698	0.00983179	0.00168
-0.0915	-0.232	0.3805	0.009217083779782056	-0.003447025272688801	0.0014014993893514465	1.17929935	28.22281456	1.16450896	0.108982840750164	0.0081498	0.00017
-0.0939	-0.1523	0.3735	0.009065240134858547	-0.0036145768808802567	0.001553343034274953	1.18596077	28.38223267	1.01801139	0.1126619449019236	0.0079869	0.00026
-0.1019	-0.1176	0.4286	0.00924675437706596	-0.0037437312455278365	0.0012042771838760874	1.18224871	28.2933979	1.03128888	0.1307867228626929	0.00865376	0.00017
-0.1007	-0.1463	0.4052	0.009330530181161685	-0.0037297686115118824	0.0012618730491919003	1.1488601	27.49434471	1.01298615	0.06106671517137461	0.0082131	0.00013
-0.1038	-0.1607	0.3937	0.00953822436214901	-0.003864158963915446	0.0012479104151759456	1.08921385	26.06690216	0.98129866	0.0468023583703422	0.00765932	0.00018
-0.0982	-0.2239	0.3719	0.009370672753957556	-0.003965388060531117	0.001281071670963838	1.03830004	24.84844017	1.18643674	0.1056970980297508	0.00797009	0.00018
-0.0966	-0.1757	0.3592	0.008998917623282763	-0.00400727596257898	0.0013107422682477415	0.97782737	23.40121651	1.16420977	0.08466568150032798	0.0077166	7e-05
-0.1046	-0.1426	0.4138	0.008908160502179057	-0.003926990816987242	0.0011239920382843482	1.08277535	25.91281509	1.0003147	0.11358962483294184	0.00829452	0.00014
-0.1002	-0.135	0.4288	0.009066985464110541	-0.0037524578917878084	0.0011763519158441782	1.05754805	25.30908012	0.97356611	0.04628588823453739	0.00885576	0.00023
-0.1016	-0.1498	0.4117	0.009166469231474218	-0.003728023282259888	0.0011466813185602744	1.08156514	25.88385391	1.00080675	0.040979448708775054	0.00871122	0.00021
-0.1024	-0.2828	0.4266	0.009131562646434332	-0.003834488366631542	0.0012514010736799342	1.2570225	30.08287239	1.15663614	0.16100457122655995	0.00975341	0.00027
-0.094	-0.2593	0.428	0.008785987454539455	-0.003834488366631542	0.0013788101090755204	1.19321203	28.55576897	1.90146505	0.05694921136452322	0.00893313	0.0003
-0.1021	-0.1427	0.4722	0.009245009047813963	-0.003956661414271145	0.0014311699866353504	1.24498272	29.79473877	2.30566741	0.20057772592369705	0.00974607	0.00023
-0.0969	-0.1393	0.4231	0.009353219461437613	-0.004199262180298357	0.0014974924982111347	1.10276186	26.39112854	1.02786293	0.0785566845613323	0.00820732	0.0001
-0.0909	-0.2404	0.4015	0.009485864484589181	-0.004159119607502487	0.001595230936322817	1.03693318	24.81572914	1.00452794	0.14222630170295597	0.00862157	0.0002
-0.0964	-0.1858	0.4088	0.00928340629135784	-0.00420449816805434	0.0015446163880149814	0.98813123	23.64780617	0.97296005	0.08232256510455149	0.00807595	0.00023
-0.1016	-0.0827	0.4627	0.010149089600347026	-0.004290019301402062	0.001504473815219112	1.14490724	27.39974785	1.05584	0.21176735075663888	0.0101806	0.00018
-0.0946	-0.1746	0.4211	0.010056587149991327	-0.004201007509550351	0.0014573499254152652	1.08024573	25.85227585	1.02423984	0.1519319066005628	0.00856352	0.00016
-0.0818	-0.1708	0.4087	0.009906488834319814	-0.0043982297150257105	0.0018884462506578647	1.07339752	25.68838692	0.99583881	0.06792084231947354	0.00969821	0.00034
-0.0908	-0.152	0.4399	0.00972322926286041	-0.0040229839258469294	0.0015341444125030156	1.15467751	27.6335659	1.04850444	0.10464035993965172	0.00889373	0.0002
-0.0918	-0.1718	0.3993	0.009531243045141035	-0.003911282853719292	0.0015132004614790836	1.02774727	24.59589195	0.9674253	0.07763156204354729	0.00792456	7e-05
-0.0972	-0.2507	0.3771	0.009608037532228783	-0.00411199571769864	0.0014800392056911916	1.01893377	24.38496971	0.9701271	0.12203343034274942	0.00849068	0.00013
-0.0978	-0.1651	0.3595	0.009478883167581205	-0.004068362486398782	0.0015114551322270892	1.01047778	24.18260193	0.98324277	0.1140101761241667	0.00776821	0.00011
-0.102	-0.1393	0.4216	0.009609782861480778	-0.0042271874483302664	0.001244419756671957	1.01905572	24.38788795	0.97503127	0.11993800156930946	0.00849253	0.00017
-0.1048	-0.1592	0.4201	0.010065313796251299	-0.004059635840138811	0.0011327186845443199	1.03345513	24.73249054	0.96858581	0.06093918075448068	0.00874829	0.00021
-0.0988	-0.1989	0.4161	0.010168288222118963	-0.00416435559525847	0.0013892820845874865	1.01538908	24.30013847	0.97261557	0.07291287905152445	0.0090937	0.00017
-0.0951	-0.2265	0.4125	0.01028697061125458	-0.00411199571769864	0.0015132004614790836	1.06865442	25.57487488	0.96635888	0.0496480321793522	0.00928581	0.00024
-0.1008	-0.2608	0.4552	0.010124654990819104	-0.004213224814314312	0.0013194689145077131	1.05965281	25.35944939	2.3386285	0.10556381320112584	0.0101924	0.00023
-0.1011	-0.1534	0.4754	0.010421360963658142	-0.004185299546282402	0.0013910274138394805	1.1029979	26.39677811	1.2558535	0.14770948701013573	0.0103272	0.00024
-0.0991	-0.2012	0.4171	0.010117673673811127	-0.004150392961242515	0.0014974924982111347	1.09814095	26.28054428	1.77285575	0.1303529479629277	0.00878745	0.00011
-0.1008	-0.2437	0.4412	0.010274753306490617	-0.004159119607502487	0.0015219271077390555	1.00922632	24.15265274	0.96592088	0.07781204442336906	0.00957453	0.0003
-0.0961	-0.2062	0.4711	0.010700613643977234	-0.004209734155810323	0.001504473815219112	1.0280354	24.60278702	0.99307436	0.09679640891571983	0.0105793	0.00031
-0.0921	-0.2035	0.4061	0.010208430794914833	-0.0042271874483302664	0.0017121679962064373	1.10737228	26.50146484	1.0384932	0.10756651612848352	0.00972688	9e-05
-0.0972	-0.1834	0.4758	0.01019097750239489	-0.004225442119078272	0.0015899949485668342	1.19904041	28.69525337	1.07875433	0.101968583470577	0.0101392	0.00028
-0.1072	-0.2117	0.4999	0.010224138758182781	-0.0043982297150257105	0.0014346606451393388	1.08492982	25.96437645	1.02415691	0.08046415775814128	0.0112514	0.00028
-0.0965	-0.217	0.4388	0.00965516142203263	-0.004206243497306334	0.0018151424220741027	1.09430385	26.18871307	1.01480942	0.13417226654021455	0.00896549	0.00023
-0.1057	-0.2091	0.4393	0.009749409201640325	-0.004468042885105484	0.001621410875102732	1.0138849	24.26413918	0.9644497	0.04508893571891075	0.00932717	0.00023
-0.1084	-0.1533	0.4387	0.00911410935391439	-0.004583234615737109	0.0014887658519511632	1.04956818	25.11810684	0.9817151	0.10325683007545652	0.00876969	0.0002
-0.1099	-0.1066	0.4716	0.009599310885968814	-0.004359832471481835	0.0012758356832078548	1.08315933	25.9220047	0.98688185	0.12717669225265038	0.0100188	0.00017
-0.1166	-0.121	0.4443	0.010068804454755286	-0.004365068459237818	0.0012339477811599909	1.03555465	24.78273582	0.96999737	0.07423087292951598	0.010053	0.00011
-0.1158	-0.2008	0.4318	0.009812241054712121	-0.004307472593922005	0.0013369222070276565	1.05664456	25.28745651	0.98588371	0.11395668456133212	0.00892675	0.00014
-0.1143	-0.1984	0.4112	0.010402162341886203	-0.00437379510549779	0.001329940890019679	1.09054792	26.09882736	0.99245747	0.05766125578789223	0.00912249	0.00028
-0.1097	-0.218	0.4084	0.010405653000390192	-0.004495968153137393	0.0014887658519511632	1.02641284	24.56395531	0.97629727	0.04122443340375385	0.00970137	0.00021
-0.1119	-0.1794	0.4747	0.010817550703860854	-0.0047193702973926666	0.0014608405839192536	1.04534888	25.0171299	0.99876428	0.14026125578789225	0.0109497	0.0003
-0.0988	-0.1798	0.4477	0.010859438605908718	-0.004618141200776996	0.0017994344588061536	1.05679095	25.29096031	1.00700967	0.06458554367752177	0.0106327	0.0003
-0.0855	-0.2995	0.3614	0.011225957748827528	-0.004235914094590238	0.0025499260371637153	1.56627882	37.48394775	1.5112774	0.29426189137315645	0.0148056	0.00104
-0.093	-0.2356	0.3361	0.012116075667344635	-0.004536110725933263	0.002722713633111154	1.54735506	37.03106689	1.46714791	0.16485510729037847	0.0121731	0.00045
-0.0945	-0.2373	0.3837	0.011705923293125966	-0.004335397861953915	0.0026197392072434887	1.21608126	29.10307312	1.03731843	0.08649198320328406	0.010062	0.00026
-0.1031	-0.2555	0.4725	0.012583823906879114	-0.004347615166717875	0.002061233846605303	1.23668277	29.59610367	1.08994153	0.18803116395776467	0.0132347	0.00034
-0.1109	-0.2597	0.423	0.01286831257495419	-0.004626867847036967	0.001933824811209717	1.16781723	27.94802475	1.03868026	0.09605751918948768	0.0119292	0.00031
-0.1075	-0.3716	0.3687	0.012220795422464296	-0.004591961261997081	0.001970476725501598	1.10303938	26.39777184	1.03694223	0.20555378259108303	0.0123832	0.00027
-0.1114	-0.2843	0.4248	0.012458160200735523	-0.004557054676957195	0.0018675022996339327	1.06831896	25.56684685	1.01222448	0.1660622894589389	0.0117051	0.0004
-0.1142	-0.2592	0.4399	0.012938125745033963	-0.004872959271568168	0.0018273597268380628	1.03285348	24.71809387	0.99077742	0.08480063558526414	0.0126174	0.00028
-0.115	-0.3428	0.3836	0.012126547642856601	-0.004715879638888678	0.001858775653373961	1.05207062	25.17799377	1.01504568	0.1907036830696376	0.0117265	0.00023
-0.1179	-0.2481	0.3741	0.012041026509508878	-0.004806636759992383	0.0018273597268380628	1.00213671	23.98298264	0.98549564	0.11748470904936632	0.00993669	0.00016
-0.1191	-0.2266	0.4328	0.012712978271526697	-0.005014330940979708	0.001811651763570114	1.03282464	24.7174015	0.99300337	0.12616769531365468	0.011627	0.00017
-0.1108	-0.2373	0.408	0.01302888286613767	-0.004843288674284265	0.0018849555921538759	0.97649944	23.36943626	0.96334067	0.071812534494509	0.0114023	0.00041
-0.1057	-0.3391	0.3979	0.013091714719209465	-0.004799655442984407	0.001965240737745615	1.01028228	24.1779232	0.98205185	0.1263375114981696	0.0125151	0.00013
-0.1104	-0.2944	0.4599	0.013233086388621005	-0.004855505979048225	0.00182212373908208	1.00720429	24.10425949	0.99154581	0.12841696020694465	0.0132675	0.00026
-0.1096	-0.2669	0.4872	0.01378635576150321	-0.004703662334124718	0.0016615534478986017	0.99038547	23.70175552	0.9694612	0.0988841654494595	0.0141027	0.00021
-0.113	-0.2989	0.446	0.01333955147299266	-0.004850269991292241	0.0016720254234105676	0.99658066	23.85001755	0.97519347	0.10679419605950186	0.0130593	0.00013
-0.1138	-0.2437	0.455	0.01298524963483781	-0.004824090052512327	0.0017662732030182616	0.96815938	23.16984367	0.96080764	0.08873647782712296	0.0122353	0.00023
-0.1138	-0.2518	0.4849	0.013002702927357754	-0.0050230575872396805	0.001637118838370681	1.01244748	24.22974014	0.99047999	0.055278759594743966	0.013501	0.00024
-0.1107	-0.2745	0.4185	0.01291543646475804	-0.005129522671611334	0.001762782544514273	1.03687203	24.8142643	1.01479381	0.108169762655748	0.013061	0.00027
-0.1052	-0.2663	0.3838	0.012667599710974845	-0.00481710873550435	0.0018029251173101424	1.03960133	24.87958145	1.00438069	0.07841966313430253	0.0115307	0.00014
-0.1051	-0.2658	0.419	0.012454669542231536	-0.004504694799397364	0.0016231562043547262	1.01257765	24.23285484	1.00131854	0.07105565089028557	0.0120677	0.00024
-0.1122	-0.2372	0.3988	0.012236503385732244	-0.004513421445657336	0.0016720254234105676	0.98458451	23.56292725	0.95915268	0.0696881010907552	0.0110517	0.00024
-0.1094	-0.2519	0.3748	0.0128351513191663	-0.004668755749084832	0.0017680185322702558	0.99998236	23.931427	0.9661763	0.08399876728606201	0.0115446	0.00016
-0.1065	-0.2162	0.3602	0.012836896648418295	-0.004756022211684548	0.0019425514574696887	0.99336004	23.77294159	0.98234606	0.0663772358525572	0.0111167	0.0001
-0.1127	-0.263	0.4535	0.013063789451177558	-0.004759512870188536	0.0016772614111665507	1.0590533	25.34510422	1.02753835	0.17108367537831948	0.0126328	0.0002
-0.1118	-0.2559	0.4524	0.013515829727444088	-0.004722860955896656	0.0015463617172669759	0.98666835	23.61279678	0.97627494	0.040079594222899216	0.0130365	9e-05
-0.1093	-0.2948	0.4183	0.013793337078511186	-0.004745550236172582	0.0016772614111665507	0.98099595	23.47704697	0.97102333	0.09705481626213	0.0129791	0.00024
-0.1026	-0.2838	0.4315	0.01360135086079181	-0.004822344723260333	0.001895427567665842	0.9932785	23.77099037	0.99029989	0.05524734306532096	0.013778	0.00014
-0.1082	-0.2349	0.5004	0.013585642897523861	-0.0050125856117277144	0.0017278759594743865	1.02526116	24.53639603	1.02889436	0.14207502299633923	0.0144717	0.0003
-0.1082	-0.2553	0.446	0.013411109972324427	-0.004909611185860049	0.0018989182261698304	1.03085256	24.67020607	1.00649213	0.09722748088812717	0.0136223	0.00026
-0.1086	-0.3798	0.3885	0.012885765867474135	-0.004731587602156627	0.0019268434942017398	1.16851544	27.96473503	1.07481254	0.21896464782928116	0.0129563	0.00033
-0.0941	-0.2692	0.4195	0.012660618393966868	-0.004441862946325569	0.0021135937241651332	1.02348733	24.49394417	1.00322953	0.19118111796508597	0.0113367	0.00017
-0.1034	-0.1625	0.4091	0.01229933523880404	-0.0043039819354180175	0.0018291050560900572	1.05321383	25.20535469	1.02106365	0.1655826417072727	0.0108374	0.00016
-0.106	-0.2138	0.3842	0.012491321456523418	-0.0042882739721500675	0.001820378409830086	0.99690032	23.85766792	0.96955775	0.08962104136236491	0.010936	0.00017
-0.1051	-0.292	0.3712	0.012442452237467575	-0.00434586983746588	0.001801179788058148	1.01758337	24.35264969	0.97789023	0.09838318530717968	0.0108894	0.0003
-0.1172	-0.2802	0.3651	0.012500048102783386	-0.00447851486061745	0.0016999506914424768	0.98505503	23.57418823	0.94445304	0.044573499254152577	0.0102834	0.00014
-0.1169	-0.2901	0.3729	0.012123056984352612	-0.0044593162388455124	0.0016824973989225337	0.97321063	23.29072952	0.94483656	0.038682151636132776	0.0100254	0.00016
-0.1252	-0.2018	0.4081	0.01196423202242113	-0.004609414554517024	0.001446877949903299	1.02336228	24.49094963	0.9887118	0.15902713633111148	0.0102869	0.00018
-0.1245	-0.1814	0.394	0.01226791931226814	-0.004726351614400644	0.0014154620233674013	1.00556397	24.06500435	0.95216345	0.05780201381332646	0.0105054	0.0001
-0.1256	-0.285	0.3933	0.01224697536124421	-0.004771730174952496	0.0015079644737231008	1.02284348	24.4785347	0.97940234	0.11334124809657407	0.0107023	0.00011
-0.1189	-0.3052	0.3947	0.012580333248375129	-0.0048624872960562025	0.0016720254234105676	0.96117342	23.00265694	0.9476827	0.057708797896104634	0.0119051	0.00024
-0.1313	-0.22	0.4507	0.012986994964089806	-0.00506320016003555	0.0013962634015954637	1.04047191	24.90041733	1.01715404	0.19775683007545647	0.012386	0.00023
-0.1289	-0.2426	0.4447	0.013491395117916166	-0.0050073496239717305	0.0014800392056911916	0.97809726	23.40767479	0.96539587	0.0632013246992954	0.0130406	0.00014
-0.121	-0.3126	0.4158	0.013297663570944798	-0.005136503988619312	0.0015777776438028737	1.02351201	24.49453545	0.99714921	0.1278312174865315	0.0129561	0.00017
-0.1235	-0.3354	0.4219	0.012906709818498069	-0.005146975964131278	0.0013857914260834976	1.01076806	24.18954659	0.98954054	0.061070597283903565	0.013438	0.0003
-0.1359	-0.1957	0.4472	0.01226791931226814	-0.004927064478379992	0.0010978120995044332	1.19437754	28.58366203	1.12127324	0.23473406592801388	0.0118999	0.00021
-0.14	-0.2818	0.3943	0.012411036310931675	-0.00486597795456019	0.0010821041362364843	1.07268929	25.67143822	1.0074773	0.15409557428756426	0.0108244	0.00011
-0.1402	-0.3831	0.3905	0.012833405989914306	-0.005152211951887261	0.0012130038301360591	1.0257926	24.54911423	0.99241074	0.1472751685104638	0.012911	0.00024
-0.144	-0.2971	0.3843	0.012643165101446923	-0.005194099853935124	0.001298524963483781	1.08678532	26.00878143	1.03305739	0.1118824961931484	0.0117645	0.0002
-0.1377	-0.2886	0.4393	0.012360421762623844	-0.005267403682518886	0.001356120828799594	1.10038841	26.33432961	1.03913821	0.09048215163613277	0.0120694	0.00034
-0.136	-0.3001	0.3888	0.011892673523089361	-0.004810127418496373	0.001254891732183923	1.04852092	25.09304428	0.99241871	0.11501268000863332	0.0106418	0.0002
-0.132	-0.2699	0.3671	0.01202182788773694	-0.005085889440311476	0.0013316862192716734	1.00352156	24.01612663	0.96179383	0.07998554367752163	0.0103587	0.00014
-0.1367	-0.2949	0.3687	0.01194503340064919	-0.004942772441647941	0.0012112585008840647	0.98208642	23.50314331	0.96368186	0.04831696020694475	0.0105259	0.00016
-0.1364	-0.247	0.4132	0.012107349021084663	-0.00481710873550435	0.0010262536001726657	0.98967117	23.68465996	0.96876286	0.11634921136452318	0.0109313	0.00021
-0.1374	-0.2718	0.4155	0.012086405070060733	-0.0046582837735728655	0.0010873401239924673	0.98633718	23.60487175	0.95744262	0.04014277183876078	0.0117733	0.00026
-0.1345	-0.3224	0.39	0.012112585008840646	-0.004920083161372014	0.0012339477811599909	1.01421297	24.27199173	0.97570516	0.10072934918732925	0.0125102	0.00031
-0.1189	-0.3593	0.334	0.013238322376376987	-0.004839798015780276	0.0019792033717615696	1.24563539	29.81035614	1.09074707	0.20606390518648293	0.017754	0.00138
-0.1091	-0.3316	0.2931	0.013685126664887538	-0.004860741966804208	0.0020263272615654165	1.40813684	33.69931793	1.13982668	0.10414360646691648	0.0161336	0.00078
-0.1096	-0.2424	0.3107	0.012824679343654334	-0.004775220833456485	0.0020176006153054447	1.17778301	28.18652534	1.05456508	0.15503475504204484	0.0127103	0.0002
-0.1204	-0.2549	0.3798	0.014398966328953218	-0.004743804906920588	0.0016318828506146981	1.19260442	28.54122734	1.06976	0.19197103382627645	0.0156716	0.00045
-0.1175	-0.3488	0.3452	0.01395216204044267	-0.004885176576332128	0.0016406094968746698	1.21304858	29.03049469	1.06167194	0.16124513020910294	0.0158764	0.00053
-0.0992	-0.3682	0.276	0.013624040141067736	-0.005136503988619312	0.0025446900494077327	1.42149401	34.01897812	2.51187803	0.18107649320975913	0.0187597	0.00244
-0.0774	-0.2222	-0.2113	0.014435618243245098	-0.004180063558526419	0.00314857397059777	2.25476933	53.96080017	2.06006102	0.7736951226730145	0.0422258	0.02989
-0.0731	-0.0845	-0.1291	0.012871803233458181	-0.0032829643230013338	0.00249931148885588	1.63319635	39.08540726	2.18033133	0.37970883635269453	0.0313362	0.01197
-0.0832	-0.2551	-0.0574	0.012932889757277981	-0.003387684078120994	0.0019617500792416262	1.32820451	31.7863884	1.18694805	0.2875683844276856	0.0251217	0.0053
-0.0958	-0.1632	0.029	0.012753120844322565	-0.0035465090400524776	0.001439896632895322	1.2294656	29.42338371	1.08270218	0.23392236606166025	0.020335	0.00179
-0.0996	-0.1612	0.0379	0.013295918241692803	-0.003598868917612307	0.001218239817892042	1.00885677	24.14380646	0.97128544	0.055540704496667405	0.0199501	0.00178
-0.1084	-0.1654	0.0433	0.012932889757277981	-0.0038030724400956446	0.0011327186845443199	0.99743521	23.87046814	0.96426538	0.05103765701229406	0.0191846	0.00135
-0.1115	-0.2869	0.0591	0.012541936004831252	-0.0038938295611993493	0.0010611601852125523	1.10566258	26.46055031	1.0330163	0.16806346864411006	0.0184048	0.00136
-0.1225	-0.2253	0.0571	0.012477358822507462	-0.003940953451003196	0.0009965830028887623	0.99486077	23.80885696	0.990654	0.08341391272257132	0.018158	0.00126
-0.1302	-0.1696	0.116	0.012381365713647775	-0.004136430327226561	0.0007470009198535729	1.06023824	25.37346077	1.00494574	0.1493526034059121	0.0164755	0.00077
-0.1329	-0.1626	0.1377	0.01291543646475804	-0.0042987459476620336	0.0008604473212332044	1.00628197	24.08218765	0.97479917	0.07189163864626845	0.0168452	0.00092
-0.1407	-0.258	0.1675	0.013351768777756621	-0.004668755749084832	0.0009965830028887623	1.06222069	25.42090416	1.01217315	0.18012388980384691	0.0162264	0.00078
-0.1403	-0.3597	0.1605	0.01299572161034978	-0.004633849164044945	0.0011327186845443199	1.08263004	25.909338	1.01941994	0.1354544717051143	0.016616	0.00118
-0.1466	-0.2065	0.2259	0.013280210278424853	-0.004501204140893376	0.001022762941668677	1.15100276	27.54562378	1.10852043	0.25125447170511434	0.0147191	0.00067
-0.1455	-0.1549	0.2308	0.014364059743913332	-0.004591961261997081	0.0011955505376161158	1.07346928	25.69010544	1.02736949	0.12496970912698112	0.0157915	0.00091
-0.1236	-0.2418	0.1733	0.014414674292221166	-0.004609414554517024	0.0018657569703819383	1.08469856	25.95884132	1.05841843	0.20321371367968	0.0174709	0.00126
-0.1278	-0.3133	0.1963	0.01401324856426247	-0.00462337718853298	0.0019460421159736775	1.09185314	26.13006401	1.05500146	0.12348367537831952	0.0171779	0.00075
-0.1295	-0.2202	0.2656	0.014044664490798367	-0.00466002910282486	0.0017418385934903407	1.13300788	27.11497307	1.08403782	0.17771356816555567	0.0149018	0.00051
-0.1322	-0.1566	0.2119	0.014191272147965894	-0.004872959271568168	0.0017296212887263805	1.08786952	26.034729	1.02538313	0.13858775653373975	0.0155847	0.00055
-0.1342	-0.3206	0.1581	0.014055136466310337	-0.005077162794051505	0.0019216075064457567	1.17857134	28.20539093	1.09705524	0.2464162710929136	0.017077	0.00089
-0.1438	-0.1976	0.1314	0.014166837538437973	-0.00519235452468313	0.0017959438003021652	1.08220208	25.89909554	1.04012041	0.17692782544514263	0.0174926	0.00084
-0.1564	-0.1711	0.1979	0.014508922071828861	-0.00482932604026831	0.0012601277199399059	1.07565618	25.74244118	1.01382588	0.16764645490839838	0.0176293	0.00077
-0.1595	-0.2292	0.2252	0.013985323296230562	-0.0046251225177849735	0.0009337511498169664	1.04237568	24.94597626	1.01964937	0.14120894341022874	0.0153055	0.00051
-0.154	-0.1848	0.2215	0.013821262346543097	-0.0044820055191214375	0.000874409955249159	1.00765848	24.11513138	0.9695089	0.07192595714594041	0.0160874	0.00043
-0.1574	-0.2917	0.2288	0.013964379345206631	-0.004447098934081553	0.0007557275661135446	1.05688095	25.29311562	1.0273634	0.1324352986419517	0.0155985	0.00048
-0.1534	-0.2451	0.2153	0.01450019542556889	-0.004551818689201211	0.0008482300164692441	1.05866444	25.33579636	1.01641824	0.10075191429188082	0.0156865	0.00044
-0.1455	-0.2728	0.208	0.014856242592975733	-0.004480260189869444	0.0013735741213195373	1.06300831	25.43975258	1.0116665	0.0905474885794452	0.0165516	0.00057
-0.1427	-0.2725	0.2814	0.01522625239439853	-0.004590215932745087	0.001462585913171248	1.01542342	24.30096054	1.02780994	0.1049488668075075	0.0163208	0.00028
-0.1358	-0.2049	0.2743	0.015339698795778163	-0.004399975044277705	0.0015446163880149814	1.05299759	25.20017815	1.00101858	0.10088588823453738	0.0164354	0.00054
-0.141	-0.2893	0.2248	0.015107570005262918	-0.004541346713689245	0.0016545721308906245	1.04410803	24.98743629	1.01074417	0.16327281014012135	0.0169836	0.0005
-0.1417	-0.2255	0.2634	0.014973179652859353	-0.0045308747381772796	0.0017523105690023068	1.00217175	23.98382187	0.98484474	0.11523003830136064	0.015817	0.0004
-0.1499	-0.2284	0.3213	0.015837117632596546	-0.004668755749084832	0.0014974924982111347	1.02382755	24.50208473	1.01669107	0.1318318530717958	0.0167688	0.00033
-0.1532	-0.267	0.2558	0.015608479500585288	-0.004792674125976429	0.0015341444125030156	0.99802744	23.88464165	0.99295088	0.12686042115973678	0.0169367	0.00053
-0.1518	-0.2598	0.2225	0.015079644737231007	-0.004820599394008338	0.0016790067404185449	1.08653665	26.00283051	1.0602642	0.07698111796508605	0.0173817	0.00071
-0.1528	-0.1907	0.2884	0.014999359591639269	-0.004778711491960474	0.001500983156715123	1.09117198	26.11376381	1.0952494	0.15100983156715114	0.0154122	0.00036
-0.1515	-0.2036	0.2741	0.015123277968530868	-0.004700171675620729	0.0013997540600994523	0.99785256	23.88045692	0.98634364	0.04368436449235067	0.0157285	0.00048
-0.1527	-0.2565	0.2351	0.014894639836519608	-0.004801400772236401	0.001562069680534925	1.00142348	23.96591377	0.97300708	0.1177091424531202	0.0154368	0.00054
-0.1502	-0.2012	0.2001	0.014753268167108069	-0.0048415433450322695	0.0016859880574265225	0.98180443	23.49639511	0.97541849	0.10807163095495032	0.0164464	0.00065
-0.1525	-0.2004	0.2675	0.01507266342022303	-0.004815363406252355	0.0014329153158873448	1.01328397	24.24975967	1.00558371	0.10043239667170269	0.0161224	0.00057
-0.1483	-0.1504	0.2806	0.014837043971203796	-0.004743804906920588	0.0013142329267517303	1.00819182	24.12789345	1.00391317	0.08859301687433078	0.015916	0.0005
-0.1487	-0.1807	0.245	0.014894639836519608	-0.004888667234836118	0.0013945180723434693	0.9990316	23.90867233	0.97046518	0.08043716694115409	0.0160192	0.00055
-0.1476	-0.254	0.2248	0.01500808623789924	-0.0050562188430275734	0.0017331119472303693	1.01367486	24.25911331	0.96241974	0.1255795942228994	0.0164521	0.00058
-0.1469	-0.2124	0.2792	0.015018558213411207	-0.00493404579538797	0.0015027284859671175	0.98868239	23.66099739	1.03242323	0.11485142422074109	0.0158961	0.00058
-0.1489	-0.1012	0.2839	0.015432201246133863	-0.004941027112395947	0.001298524963483781	1.09293056	26.15584946	1.05223324	0.1491413936106985	0.0174223	0.0006
-0.1516	-0.2146	0.217	0.015081390066483001	-0.005003858965467743	0.0013857914260834976	1.13549137	27.17440796	1.08087014	0.20804547476611868	0.016344	0.00065
-0.1499	-0.2097	0.2021	0.014971434323607358	-0.005026548245743668	0.0015184364492350666	0.994362	23.79692078	0.96869649	0.034764502315156876	0.0167522	0.00064
-0.1539	-0.1456	0.2858	0.01534668011278614	-0.005042256209011618	0.0012758356832078548	1.06309962	25.44194031	1.03783802	0.18347772592369713	0.0167015	0.00051
-0.1469	-0.1882	0.2507	0.015680037999917056	-0.004902629868852071	0.0013892820845874865	1.00287461	24.00064278	0.97875868	0.11402153143350476	0.0166043	0.00044
-0.143	-0.2146	0.217	0.015655603390389135	-0.004820599394008338	0.0014416419621473165	0.97619969	23.36226273	0.97098129	0.07194124809657422	0.0170574	0.00058
-0.1486	-0.1841	0.216	0.014852751934471744	-0.004661774432076854	0.0013159782560037243	0.96414661	23.07381058	0.95922164	0.09146700619962339	0.0157255	0.00051
-0.149	-0.0993	0.238	0.014786429422895958	-0.004468042885105484	0.0010157816246606998	1.03126609	24.6801033	1.00123501	0.135212534494509	0.0167953	0.0005
-0.1567	-0.1384	0.23	0.014154620233674012	-0.004057890510886817	0.0007819075048934597	1.04844618	25.09125519	1.00354284	0.11859178416039264	0.0152972	0.00028
-0.1621	-0.1382	0.2236	0.014264575976549655	-0.004209734155810323	0.0006056292504420323	0.9920122	23.74068642	0.98517533	0.03390388211252881	0.0162134	0.00045
-0.1591	-0.2173	0.2338	0.014084807063594239	-0.004399975044277705	0.0006859143960337716	1.10126448	26.35529327	1.00963829	0.11481474735072691	0.0145086	0.00036
-0.1571	-0.2973	0.2566	0.013720033249927426	-0.004612905213021013	0.0010384709049366262	1.13141775	27.07691956	1.01738257	0.1513130245656488	0.0145419	0.00043
-0.1447	-0.2537	0.1927	0.01372177857917942	-0.005014330940979708	0.0016650441064025902	1.3322376	31.88290787	1.33338824	0.17138721293383272	0.0165327	0.00125
-0.1441	-0.0816	0.1546	0.016896532488557103	-0.005260422365510909	0.001553343034274953	1.75691354	42.04618835	1.53802513	0.387427320301826	0.0233178	0.00257
-0.1499	-0.1905	0.1891	0.016385151017722765	-0.005153957281139256	0.0013159782560037243	1.12248552	26.86315346	1.04221076	0.19196056667386105	0.0202298	0.00109
-0.1596	-0.274	0.2791	0.017058848108992577	-0.005026548245743668	0.001155407964820246	1.16960227	27.99074554	1.0987375	0.23128382089244393	0.0198644	0.0006
-0.1576	-0.2399	0.2609	0.01772556388325441	-0.005194099853935124	0.0014311699866353504	1.06339753	25.44906807	1.03004163	0.10980147021341968	0.0215708	0.00104
-0.16	-0.3007	0.2436	0.016940165719856962	-0.005206317158699085	0.0016982053621904826	0.98612827	23.59987259	0.96190991	0.13373254218582714	0.0201055	0.00105
-0.1601	-0.2516	0.2821	0.016751670160641576	-0.0050736721355475155	0.001609193570338772	1.00347805	24.01508522	0.98429163	0.10820761871093336	0.0194104	0.00067
-0.1673	-0.2339	0.3396	0.01756848425057492	-0.005227261109723017	0.001387536755335492	1.05290723	25.19801712	1.03815861	0.14200299395560628	0.0225133	0.0007
-0.1663	-0.2312	0.2667	0.01707630140151252	-0.005033529562751646	0.001520181778487061	1.08050895	25.85857773	1.04527877	0.11752797095926708	0.0216802	0.00114
-0.1653	-0.2959	0.2434	0.016428784249022624	-0.004670501078336825	0.0014486232791552935	1.03587329	24.79036331	0.98737924	0.14310520681182415	0.0208802	0.00158
-0.1723	-0.2442	0.3368	0.016900023147061093	-0.004750786223928565	0.001129228026040331	1.08191323	25.8921833	1.55864723	0.19564596483725852	0.0207391	0.00077
-0.1683	-0.1943	0.2915	0.017037904157968645	-0.004769984845700502	0.0012426744274199627	1.04935741	25.11306381	1.0873779	0.11272630170295606	0.020317	0.00074
-0.1684	-0.315	0.2512	0.01624203401905923	-0.004782202150464463	0.0013369222070276565	1.12956524	27.03258514	1.12754126	0.2062167611640535	0.0191046	0.00084
-0.1713	-0.249	0.229	0.016102407678899686	-0.00478918346747244	0.001499237827463129	1.0012145	23.9609127	1.02994622	0.1065461638801496	0.0188302	0.00097
-0.1682	-0.1098	0.2887	0.016345008444926895	-0.004831071369520303	0.0014224433403753785	1.14680159	27.44508171	1.10251927	0.2200641577581412	0.0198665	0.00085
-0.1643	-0.1944	0.3087	0.016980308292652832	-0.004886921905584123	0.0015428710587629874	1.04834938	25.08893967	1.91147223	0.14907890510886823	0.0195828	0.00051
-0.1736	-0.2743	0.2724	0.016975072304896848	-0.005077162794051505	0.0016493361431346415	1.02082253	24.43017006	0.98782119	0.14059709802975098	0.0202664	0.00067
-0.1662	-0.2227	0.2626	0.0168354459647373	-0.0050509828552715895	0.0018814649336498872	0.96969765	23.20665741	0.96001392	0.08869675347273534	0.0202898	0.00071
-0.1729	-0.164	0.3116	0.01658411855245012	-0.0049131018443640375	0.0013788101090755204	1.03032565	24.65759659	0.99187856	0.15899316238845507	0.0200563	0.00071
-0.1696	-0.1211	0.3265	0.015974998643504098	-0.004504694799397364	0.0011239920382843482	1.03789771	24.83881187	1.01345049	0.12471725123519332	0.0197567	0.00082
-0.1523	-0.1891	0.3118	0.015369369393062068	-0.004145156973486532	0.0013718287920675431	1.14197063	27.32946777	1.04384322	0.1606501915068028	0.0176207	0.00038
-0.1505	-0.2506	0.2897	0.015419983941369899	-0.00436157780073383	0.00147131255943122	1.12140512	26.83729744	1.00538942	0.10372595714594025	0.0182973	0.0005
-0.1563	-0.268	0.2997	0.015053464798451092	-0.004642575810304917	0.001361356816555577	1.1100235	26.5649147	1.33213045	0.07107364476827684	0.0158784	0.00041
-0.1695	-0.2655	0.2993	0.015006340908647246	-0.0048136180770003605	0.0011519173063162574	1.02759898	24.59234238	1.06052075	0.037480283336930494	0.015471	0.00038
-0.1752	-0.207	0.3185	0.015039502164435139	-0.004677482395344803	0.000905825881785057	1.05158889	25.16646576	1.10623996	0.10416941809873254	0.0160202	0.00045
-0.1799	-0.1357	0.312	0.015365878734558075	-0.004780456821212468	0.0008499753457212384	1.08323681	25.92386055	1.04048237	0.106760076602721	0.0167285	0.00045
-0.1781	-0.1644	0.2953	0.01538333202707802	-0.0047856928089684515	0.000853466004225227	0.98297083	23.52430916	1.00750839	0.048508996938995845	0.0168716	0.00038
-0.1799	-0.2526	0.2758	0.015299556222982293	-0.004810127418496373	0.0009407324668249436	1.06206346	25.41714096	1.04095884	0.11927384381116826	0.0166008	0.00048
-0.1761	-0.2411	0.2672	0.01506044611545907	-0.0048520153205442364	0.0010925761117484504	0.96190107	23.02007103	0.96417833	0.04554208272472968	0.0164305	0.00034
-0.1726	-0.1538	0.3246	0.015266394967194402	-0.004799655442984407	0.0008552113334772215	1.04931247	25.11198616	1.00742522	0.17298367537831957	0.0166984	0.0003
-0.1797	-0.1324	0.3158	0.015844098949604524	-0.005026548245743668	0.0007958701389094143	0.99713057	23.86317825	0.9695332	0.08049689898685952	0.0186207	0.00041
-0.1803	-0.2156	0.3011	0.015863297571376462	-0.005000368306963754	0.0009634217471008699	1.01005197	24.17241096	0.9796342	0.10914650843716545	0.0181264	0.00045
-0.1826	-0.2454	0.2909	0.015840608291100535	-0.00507541746479951	0.0010524335389525807	0.9881838	23.64906502	0.98677978	0.0516375114981697	0.0183994	0.0006
-0.1839	-0.2156	0.3133	0.01595056403397618	-0.0050405108797596234	0.0007923794804054256	0.9821521	23.50471497	0.98725374	0.07374581932313434	0.0188059	0.00064
-0.1882	-0.1031	0.3434	0.01654397597965425	-0.0050736721355475155	0.0007766715171374765	1.05311537	25.20299721	1.02714529	0.17901405823669547	0.0204988	0.00075
-0.1782	-0.2366	0.3106	0.01642005760276265	-0.004838052686528281	0.0009704030641088471	1.07361507	25.69359207	1.05338629	0.20396346864411016	0.0193137	0.00054
-0.1869	-0.2047	0.3087	0.016208872763271338	-0.0049846603436958055	0.0010995574287564276	0.98730242	23.62797165	0.9761316	0.06684734306532093	0.0185316	0.00065
-0.192	-0.1312	0.369	0.016451473529298547	-0.005030038904247658	0.0009180431865490173	1.03576291	24.78772163	1.00099056	0.1623746784393236	0.0196608	0.0007
-0.1827	-0.1497	0.3469	0.017283995582499843	-0.004995132319207771	0.0012618730491919003	1.04316318	24.96482277	1.01193584	0.11046292504420333	0.0213395	0.00054
-0.1904	-0.2941	0.3217	0.01716880385186822	-0.005052728184523583	0.001350884841043611	1.12026584	26.8100338	1.05784447	0.19038996938995725	0.0207799	0.0007
-0.1924	-0.2665	0.3116	0.016975072304896848	-0.005071926806295522	0.0012845623294678264	0.99759489	23.87429047	0.98635725	0.05366263401595475	0.0197507	0.00074
-0.1984	-0.1331	0.3544	0.017170549181120213	-0.005092870757319453	0.0009354964790689606	1.09952009	26.31354904	1.07776016	0.21047433388230807	0.0215473	0.00061
-0.1937	-0.1728	0.3427	0.017570229579826915	-0.0049131018443640375	0.0009232791743050004	1.003528	24.01628113	0.99679388	0.0856833308213039	0.0210981	0.00053
-0.1976	-0.1792	0.3108	0.017542304311795008	-0.004981169685191816	0.0011257373675363424	0.97391516	23.30759048	0.9745489	0.05712256510455137	0.021755	0.0006
-0.1924	-0.1676	0.2986	0.017638297420654692	-0.0047577675409365425	0.0012688543661998775	0.98443621	23.55937767	0.96850086	0.05212561258892471	0.0212159	0.00071
-0.1945	-0.1359	0.3666	0.017542304311795008	-0.004768239516448508	0.001001818990644745	1.0221169	24.46114731	0.99553917	0.12047502299633912	0.0217521	0.00067
-0.1996	-0.1473	0.4154	0.01807462973365328	-0.004949753758655919	0.0008412486994612669	1.03946865	24.87640572	1.01080674	0.109020497762458	0.0234777	0.00068
-0.1966	-0.2105	0.3852	0.01856332192421169	-0.0048467793327882525	0.0010454522219446034	1.04805291	25.08184242	0.99218253	0.13619350694547075	0.0234198	0.00061
-0.1983	-0.2493	0.3733	0.0187134202398832	-0.004876449930072156	0.0013107422682477415	1.00730443	24.10665703	1.07481239	0.07465294796292761	0.0235131	0.00074
-0.1976	-0.215	0.4142	0.018437658218068097	-0.00499862297771176	0.001085594794740473	0.99624574	23.84200287	1.14864401	0.1070541271480988	0.0234866	0.00082
-0.196	-0.151	0.4352	0.018800686702482916	-0.005206317158699085	0.0011780972450961724	1.03800011	24.84126091	1.45132238	0.11976125578789212	0.0248712	0.00088
-0.188	-0.2078	0.3678	0.01855284994869972	-0.005195845183187119	0.0015428710587629874	1.02638853	24.56337547	1.02664178	0.16335412714809888	0.0233636	0.00075
-0.1904	-0.2826	0.3503	0.01858077521673163	-0.0052778756580308525	0.0014573499254152652	0.98394769	23.54768753	0.98934232	0.10447384381116837	0.0230451	0.00068
-0.1935	-0.1948	0.3771	0.018551104619447728	-0.005347688828110626	0.0011850785621041497	1.01009941	24.17354584	0.99268345	0.1362877565337395	0.0236509	0.00057
-0.1953	-0.1651	0.4246	0.019223056381465542	-0.005328490206338688	0.0010192722831646884	1.04908001	25.10642433	1.01535708	0.12184783313646062	0.0266705	0.00121
-0.1984	-0.2083	0.3605	0.01943075056245287	-0.005290092962794812	0.0012252211349000194	1.01447415	24.27824211	1.01204112	0.1330020138133267	0.0267904	0.00133
-0.2069	-0.3056	0.349	0.01890715178685457	-0.005335471523346666	0.0012409290981679683	1.09313667	26.16078186	1.03757401	0.146534264970905	0.0248333	0.0008
-0.215	-0.1973	0.4108	0.01873087353240314	-0.005525712411814047	0.0009337511498169664	1.06915832	25.58693504	1.05077795	0.21188485456349063	0.0251508	0.0007
-0.2201	-0.1183	0.4384	0.019233528356977513	-0.005599016240397809	0.000582939970166106	1.06200075	25.41564178	1.02144831	0.1580384916404498	0.0279871	0.00148
-0.2205	-0.1572	0.3855	0.019086920699809985	-0.0055658549846099165	0.0006527531402458793	1.01706278	24.34019279	0.98613615	0.10467910415175977	0.0269782	0.00105
-0.2206	-0.2096	0.3782	0.01896300232291839	-0.00554665636283798	0.0007976154681614085	1.02432573	24.51400757	0.9803418	0.07419896632895305	0.0258524	0.00077
-0.2175	-0.279	0.3825	0.019566886244108427	-0.005534439058074019	0.0012095131716320703	1.08591282	25.98790169	1.02958774	0.128199946471233	0.0277538	0.00114
-0.2151	-0.1916	0.3905	0.019219565722961556	-0.005639158813193679	0.0014416419621473165	1.04309666	24.96323013	1.00548654	0.13200845333908887	0.0269206	0.00114
-0.2175	-0.2143	0.4376	0.019360937392373097	-0.005766567848589266	0.0012199851471440364	1.0171175	24.34150314	1.00129765	0.09672187599052035	0.0273722	0.00107
-0.2144	-0.2668	0.3961	0.019593066182888343	-0.005792747787369179	0.0014695672301792255	0.97519571	23.33823586	0.97525937	0.12249454061651736	0.0276195	0.00116
-0.2102	-0.2626	0.3802	0.01934173877060116	-0.005785766470361203	0.0018099064343181197	0.95224351	22.78894806	1.00757894	0.054232396671702696	0.027178	0.00109
-0.2159	-0.2291	0.4326	0.019390607989657003	-0.006042329870404369	0.00152367243699105	0.97908407	23.43129158	1.00363784	0.12118333082130396	0.0273958	0.00116
-0.2156	-0.1907	0.425	0.019453439842728796	-0.00602662190713642	0.0015027284859671175	1.055107	25.25065994	1.03734441	0.05127418836818371	0.028691	0.00165
-0.202	-0.2393	0.3526	0.019025834175990186	-0.006119124357492119	0.002171189589480946	1.27443802	30.49965858	1.1448089	0.1940284610304068	0.0273444	0.002
-0.1915	-0.2365	0.2396	0.018901915799098588	-0.006274458660919614	0.0024731315500759648	1.36703551	32.7156868	1.16389148	0.1553597320457057	0.0272207	0.00249
-0.2026	-0.1419	0.2546	0.019093902016817967	-0.006375687757535285	0.002368411794956305	1.32338023	31.67093468	1.11549878	0.14059675347273543	0.026608	0.0024
-0.2154	-0.2443	0.3136	0.01887573586031867	-0.0057142079710294355	0.0017505652397503124	1.15479255	27.63632011	1.09337613	0.24907462491055685	0.0248788	0.00114
-0.2521	-0.1444	0.401	0.01946391181824076	-0.005900958200992828	0.0009093165402890458	1.17257154	28.06180382	1.18773446	0.3048087443673374	0.0286514	0.00152
-0.2526	-0.1441	0.4018	0.01972222054753592	-0.005991715322096533	0.0008150687606813518	1.06197333	25.41498566	1.09097851	0.023765681500328	0.0299566	0.0016
-0.2477	-0.3181	0.3514	0.019826940302655582	-0.005876523591464907	0.000973893722612836	1.14764929	27.46536827	1.10967333	0.24823682238413852	0.0290231	0.00173
-0.2547	-0.3825	0.3434	0.02048667475990944	-0.006012659273120465	0.0010733774899765126	1.04797983	25.08009529	1.00774664	0.12416769531365462	0.0312716	0.00231
-0.248	-0.2926	0.3529	0.020572195893257164	-0.005998696639104511	0.0012042771838760874	1.06615281	25.51500702	1.02240392	0.11761917306316257	0.0306342	0.00175
-0.2522	-0.2202	0.4286	0.020352284407505875	-0.006180210881311922	0.0008569566627292158	1.06252325	25.42814445	1.06931648	0.1897373124552786	0.0316101	0.00189
-0.2429	-0.2853	0.4249	0.020762436781724545	-0.006044075199656362	0.0010000736613927507	1.03097665	24.67317581	1.01762547	0.1125702527268882	0.0325006	0.00205
-0.2332	-0.346	0.3917	0.020792107379008447	-0.005967280712568612	0.001410226035611418	1.00472093	24.04482841	0.99248683	0.12943087292951597	0.0324907	0.00214
-0.2223	-0.2804	0.39	0.02058266786876913	-0.005890486225480862	0.001509709802975095	0.98552692	23.58548164	0.98394289	0.09748588823453723	0.0307781	0.00176
-0.2186	-0.2866	0.478	0.020989329584483803	-0.005958554066308641	0.0013124875974997359	1.05054402	25.14146042	1.03962457	0.13149758810089063	0.0336468	0.00212
-0.217	-0.2361	0.4307	0.021422171238978403	-0.0058974675424888386	0.0013578661580515882	0.99516362	23.81610489	0.98690121	0.12636533694331276	0.0331576	0.0022
-0.2165	-0.3461	0.3926	0.021540853628114014	-0.0058171823968971	0.001410226035611418	1.35048187	32.31952667	1.09894189	0.161166370614359	0.034245	0.003
-0.227	-0.2881	0.378	0.020556487929989212	-0.005899212871740834	0.0011065387457644049	1.29441381	30.97771454	1.05817723	0.15160417314077743	0.0310527	0.00195
-0.2365	-0.2444	0.4532	0.02095093234093993	-0.006209881478595825	0.0008115781021773631	1.14305258	27.35536194	1.03776634	0.17840368306963755	0.0337449	0.00322
-0.2412	-0.2269	0.4201	0.021032962815783665	-0.006253514709895682	0.0009599310885968812	1.1036979	26.41353226	1.18929216	0.06900083462815551	0.0324692	0.0026
-0.2372	-0.3512	0.4121	0.020392426980301748	-0.0060964350772161925	0.00147131255943122	1.1846844	28.35168839	2.67121993	0.20174984694978723	0.0311414	0.0027
-0.2341	-0.2807	0.4489	0.02069087828239278	-0.006106907052728159	0.0015289084247470327	1.07252014	25.66739082	1.05186993	0.12872595714594043	0.0319621	0.00237
-0.2402	-0.1865	0.5179	0.02109928532735945	-0.00601091394386847	0.0013212142437597075	1.15600026	27.66522408	1.13264598	0.2049047167406843	0.0349023	0.00416
-0.2384	-0.2412	0.446	0.02146231381177427	-0.006127851003752092	0.0014329153158873448	1.11320996	26.64117241	2.62074937	0.1579833308213039	0.0338222	0.00325
-0.24	-0.3456	0.4009	0.021209241070235092	-0.006445500927615059	0.0014573499254152652	1.13460433	27.15317917	1.29136708	0.18085786374650328	0.033219	0.00294
-0.2417	-0.2139	0.3699	0.020973621621215858	-0.006515314097694833	0.0014765485471872027	1.24597001	29.8183651	1.08797806	0.18063156204354724	0.0326194	0.00283
-0.2419	-0.2503	0.4251	0.02138028333693054	-0.006250024051391693	0.001085594794740473	1.26705003	30.32284927	1.0737748	0.14494527572322755	0.034585	0.00321
-0.2456	-0.2137	0.3955	0.021411699263466432	-0.006222098783359784	0.0011344640137963143	1.0986129	26.29183769	1.00511663	0.07531052068118217	0.0336246	0.00246
-0.2367	-0.3581	0.3671	0.021219713045747057	-0.006124360345248102	0.001377064779823526	1.1409986	27.30620575	1.08269134	0.20831627109291345	0.0332762	0.00264
-0.232	-0.2215	0.361	0.020971876291963863	-0.006161012259539982	0.0014049900478554352	1.08956349	26.07526779	1.05098441	0.16302069680534903	0.0315568	0.00227
-0.2357	-0.2547	0.4072	0.020657717026604884	-0.005967280712568612	0.001090830782496456	1.09145916	26.12063408	1.00295875	0.1242025038844664	0.031847	0.00186
-0.2332	-0.2239	0.445	0.020621065112313004	-0.006033603224144398	0.0009686577348568529	1.03349257	24.73338699	1.01482458	0.08235737367536346	0.0325164	0.00196
-0.2392	-0.1532	0.4537	0.02110277598586344	-0.006115633698988131	0.0008499753457212384	1.05957806	25.3576622	1.00901928	0.11952118687648917	0.0354086	0.00349
-0.2465	-0.287	0.4537	0.021113247961375405	-0.006157521601035994	0.0008447393579652555	1.10729456	26.49960709	1.06310867	0.14397979326579047	0.03531	0.00311
-0.2433	-0.3479	0.45	0.0211149932906274	-0.0059306287982767315	0.0011833332328521555	1.10931551	26.54797173	1.55727388	0.0961616003449079	0.0352353	0.00352
-0.2396	-0.3102	0.4391	0.020669934331368843	-0.005892231554732856	0.0013107422682477415	0.97329968	23.29286003	1.97204843	0.08284326190990086	0.032519	0.00243
-0.2445	-0.2027	0.464	0.02001892652037496	-0.0059690260418206065	0.0011362093430483087	1.06967068	25.59919739	1.63762295	0.1824167611640532	0.0308712	0.00226
-0.2502	-0.2091	0.4824	0.020402898955813712	-0.006061528492176306	0.0007923794804054256	1.00087798	23.95285988	1.89105682	0.07151523742186663	0.0322023	0.00247
-0.2555	-0.2613	0.463	0.020540779966721264	-0.0059411007737886976	0.0005811946409141118	1.00379217	24.02260208	0.99252144	0.10037467843932366	0.0329579	0.0026
-0.2595	-0.3318	0.4532	0.020416861589829666	-0.006115633698988131	0.0006562437987498679	1.01816678	24.36661339	1.00330831	0.10297502299633944	0.0329727	0.00273
-0.2576	-0.3535	0.4663	0.02029817920069405	-0.006072000467688272	0.0008813912722571365	1.04663074	25.0478096	1.11321276	0.05607315469713711	0.0323825	0.0026
-0.2499	-0.3229	0.4561	0.020383700334041775	-0.006314601233715484	0.0010349802464326373	0.97927892	23.43595505	2.0938208	0.07258554367752176	0.0317857	0.00243
-0.25	-0.3006	0.5004	0.019905480118995327	-0.006251769380643689	0.0008970992355250854	0.98827463	23.6512394	1.95427517	0.10064665395128967	0.0315479	0.00224
-0.2626	-0.2106	0.5095	0.019854865570687493	-0.006391395720803235	0.0008656833089891874	1.03519249	24.77406883	1.23041176	0.12278284075016384	0.0319121	0.00251
-0.2602	-0.3274	0.484	0.019832176290411566	-0.0064280476350951155	0.0009878563566287904	1.03720975	24.82234764	1.03118216	0.15377571211037047	0.0315071	0.00237
-0.2543	-0.3704	0.463	0.020118410287738638	-0.006258750697651665	0.0011536626355682519	0.95529121	22.86188507	0.95701703	0.10096686068549908	0.0316493	0.00288
