trans_x	trans_y	trans_z	rot_x	rot_y	rot_z	dvars_std	dvars_nstd	dvars_vstd	framewise_displacement	aqi	aor
0.0	-0.0	0.0	-0.0	0.0	-0.0	n/a	n/a	n/a	n/a	0.020011	0.00361
0.0017	0.1178	-0.002	-0.00013439035240356338	2.094395102393195e-05	7.330382858376184e-05	1.28003073	32.35564041	1.07698546	0.13293190660056284	0.0214345	0.00352
0.0005	0.1014	-0.0202	-0.00021118483949131387	0.00014486232791552936	9.250245035569947e-05	1.18186879	29.8743782	1.00848914	0.04679557428756428	0.0216501	0.00327
0.0035	-0.032	0.004	1.9198621771937625e-05	0.0001832595714594046	7.504915783575618e-05	1.19116914	30.10946465	1.07220828	0.17491169986635352	0.0196119	0.00304
0.0031	-0.0328	0.0248	9.948376736367679e-05	0.00017627825445142725	0.00011170107212763708	1.15568364	29.21248817	0.98177632	0.028195918844579875	0.0191296	0.00229
0.0061	0.0204	0.0311	-1.3962634015954635e-05	0.0001012290966156711	8.901179185171081e-05	1.16664529	29.48957062	1.0007384	0.0730592419745657	0.0188519	0.00232
0.0249	0.1873	-0.2313	0.003077015471266003	0.0005742133239061344	0.00028274333882308137	1.8557452	46.90811157	1.79429809	0.6359846939771895	0.0493259	0.04581
0.0369	0.2849	-0.3529	0.0025028021473598684	0.00033684854563490564	-6.9813170079773176e-06	1.61145902	40.73323059	1.6336533	0.2862651379004211	0.0585788	0.05742
0.0461	0.2795	-0.2431	0.002129301687433082	0.0005270894341022875	-6.283185307179586e-05	1.21432829	30.69486427	1.21144096	0.15537959422289926	0.0519859	0.04787
0.0457	0.2678	-0.2925	0.002775073510670984	0.0007906341511534313	3.4906585039886588e-06	1.12182081	28.35653114	1.0921317	0.11028195259324154	0.0546749	0.05449
0.0363	0.0614	-0.1443	0.0011833332328521555	0.0006771877497737998	-0.00022689280275926284	1.57726908	39.8690033	1.44069765	0.46077850702308554	0.0326447	0.01623
0.0257	0.0856	-0.2386	0.0005881759579220891	0.0005201081170943102	-8.203047484373349e-05	1.38863528	35.10086441	1.17293943	0.17395496177625425	0.0367816	0.01882
0.0224	0.0328	-0.2067	0.00046949356878647465	0.00048171087355043494	0.0001308996938995747	1.29680443	32.77963257	1.07166426	0.10650049007113992	0.0331618	0.01483
0.0249	0.091	-0.1613	0.0002600540585471551	0.0006021385919380437	0.00033684854563490564	1.20169067	30.37541962	1.10199345	0.13289080401811296	0.0311769	0.01089
0.0264	0.1576	-0.1606	0.00022165681500327985	0.000598647933434055	0.0004328416544945937	1.41732872	35.8261528	1.09990001	0.0756940505453776	0.0312691	0.01015
0.0277	0.1158	-0.1474	4.363323129985824e-05	0.000640535835481919	0.0005969026041820607	1.32097185	33.39051819	1.02064731	0.07549862177193761	0.0291142	0.0092
0.0272	0.1527	-0.1333	-0.00016929693744344995	0.0006056292504420323	0.0006161012259539982	1.15050995	29.08171272	1.02043132	0.06485176877775663	0.0281336	0.00773
0.0278	0.1303	-0.1467	-0.00028797932657906436	0.0005305800926062762	0.0007190756518216638	1.26088166	31.87160492	0.98161119	0.05123529864195181	0.028273	0.00797
0.0204	0.1934	-0.1477	0.0001239183768915974	0.0004904375198104066	0.0007470009198535729	1.225927	30.98804855	1.03106402	0.095498277214922	0.0311028	0.00981
0.019	0.2073	-0.1595	-0.0002443460952792061	0.0005340707511102648	0.0007487462491055673	1.17771745	29.76944351	1.00891302	0.04778215163613284	0.0312673	0.0101
0.0123	0.1452	-0.1689	-0.0002251474735072685	0.000577703982410123	0.0007016223593017205	1.10180128	27.85049057	0.9860766	0.08369778714378213	0.0306849	0.00981
0.0084	0.1378	-0.1791	-0.0001064650843716541	0.0005724679946541401	0.0006719517620178169	1.15351975	29.15779114	0.98326354	0.02917944870877505	0.031394	0.01141
0.0088	0.1139	-0.1753	-3.490658503988659e-05	0.00062482787221397	0.000635299847725936	1.19307745	30.15770149	1.04063271	0.03612851455917392	0.0317118	0.01092
0.0064	0.1348	-0.1844	2.6179938779914945e-05	0.0006597344572538566	0.0007470009198535729	1.20217776	30.38773155	1.03562802	0.04278470904936624	0.0324008	0.01191
0.0093	0.167	-0.1842	-2.094395102393195e-05	0.0007278022980816354	0.0006841690667817771	1.1352843	28.69684982	1.01269771	0.04420117918517108	0.03394	0.01319
0.0135	0.1116	-0.1729	0.00017453292519943296	0.000635299847725936	0.0006126105674500097	1.28422415	32.4616394	1.05648322	0.0888768912955416	0.0337004	0.01312
0.0097	0.119	-0.1548	0.00010821041362364843	0.0006475171524898963	0.0005009094953223725	1.24510467	31.47280502	1.04569096	0.03881204442336909	0.0332165	0.01367
0.0101	0.0799	-0.1439	-1.9198621771937625e-05	0.0007400196028455958	0.000609119908946021	1.22331119	30.9219265	1.03049541	0.06680609496874669	0.0316235	0.01542
0.0103	0.1035	-0.1286	-0.0002844886680750757	0.0007539822368615504	0.0006422811647339132	1.12698686	28.48711395	1.01536596	0.054720696805349245	0.0317591	0.0147
0.0108	0.146	-0.1218	-0.000322885911618951	0.0007731808586334879	0.0007155849933176752	1.25129378	31.62924957	1.01094361	0.05634498469497873	0.0324087	0.01528
0.0077	0.1041	-0.1128	-0.00041713369122664475	0.0008377580409572782	0.0007435102613495844	1.23109543	31.11869049	1.05375364	0.06333751149816967	0.0304496	0.01369
0.0026	0.0879	-0.1055	-0.0005131268000863328	0.000879645943005142	0.0006963863715457374	1.22940874	31.07605743	1.07119606	0.037850245035569934	0.0293182	0.01228
-0.0056	0.1601	-0.0821	0.00016929693744344995	0.000736528944341607	0.0002897246558310587	1.16702485	29.49916458	1.07018554	0.16541012259539983	0.0289953	0.01033
-0.0118	0.2344	-0.1064	0.0001937315469713706	0.0006946410422937432	0.00014311699866353502	1.29443789	32.7198143	1.03817376	0.1154465084371654	0.0318038	0.01287
-0.0182	0.1537	-0.1254	0.0004991641660703782	0.0007679448708775049	2.6179938779914945e-05	1.27874506	32.32314301	1.11750507	0.13088367537831946	0.0303434	0.01191
-0.0104	0.0725	-0.1269	0.0005375614096142535	0.000466002910282486	0.0002513274122871834	1.39948785	35.37518692	1.1857108	0.11877433388230813	0.0302705	0.01026
-0.0033	0.1013	-0.115	0.0003961897402027128	0.0004049163864626844	0.00030368728984701333	1.1523509	29.12824821	1.0345054	0.060540903539558634	0.0288175	0.00848
-0.0084	0.1207	-0.1025	0.00010297442586766544	0.0003769911184307752	0.0003595378259108319	1.09936202	27.78883553	1.00448058	0.05584955592153877	0.0267703	0.00619
-0.0084	0.1764	-0.1266	-0.0004380776422505767	0.00046425758103049166	0.0005044001538263612	1.319417	33.35121536	1.01503497	0.1184590429316744	0.0277752	0.00673
-0.0097	0.281	-0.155	-0.0005497787143782138	0.0006003932626860494	0.0004991641660703782	1.25575185	31.74193764	1.08181547	0.1469536370769589	0.0315838	0.01131
-0.0095	0.1758	-0.1669	-0.00031415926535897925	0.0005235987755982988	0.0005550147021341969	1.18084776	29.84856796	1.05956427	0.1357132236085402	0.0297545	0.00934
-0.0108	0.0914	-0.1372	-0.0004729842272904633	0.00038571776469074686	0.00048171087355043494	1.16083777	29.34277153	1.05441517	0.1339004900711399	0.0271326	0.00688
-0.0108	0.1324	-0.1256	-0.0004572762640225143	0.0004328416544945937	0.000577703982410123	1.30960703	33.1032486	1.04725947	0.06054124809657419	0.0269253	0.00625
-0.011	0.1685	-0.1289	-0.00035430183815484887	0.0005061454830783556	0.000609119908946021	1.2195909	30.82788849	1.0121427	0.04998470904936628	0.0271776	0.00668
-0.002	0.2467	-0.1349	-0.0007853981633974483	0.0005567600313861911	0.0007120943348136865	1.18390357	29.92580986	1.04449642	0.122434264970905	0.0297677	0.00901
-0.007	0.2619	-0.1514	-0.0008621926504851988	0.0005445427266222308	0.0006754424205218055	1.15663457	29.23652649	1.02129206	0.042983185307179615	0.0302619	0.01006
-0.0087	0.1741	-0.1327	-0.0005759586531581287	0.0006562437987498679	0.0005916666164260777	1.23858106	31.3079071	1.04682826	0.1322855436775217	0.027445	0.00664
-0.0103	0.1417	-0.1321	-0.0004886921905584122	0.0005340707511102648	0.0005445427266222308	1.27141476	32.13785172	1.02174442	0.04742817000215836	0.0263996	0.00642
-0.0067	0.1515	-0.1217	-0.0007120943348136865	0.000466002910282486	0.0005637413483941684	1.12368965	28.40376854	0.99188567	0.039333430342749526	0.0257547	0.00605
-0.0034	0.2903	-0.1498	-0.0008552113334772215	0.00046425758103049166	0.000645771823237902	1.26676857	32.02040863	1.06459347	0.18154464013796312	0.0312694	0.01087
-0.008	0.1634	-0.1557	-0.0007016223593017205	0.0005724679946541401	0.0006335545184739417	1.21042335	30.59615707	1.06050548	0.1511008346281555	0.0281421	0.00819
-0.0058	0.0659	-0.1439	-0.0005969026041820607	0.0005201081170943102	0.0006859143960337716	1.22482741	30.96025276	1.03887639	0.12197197551196597	0.0260592	0.00629
-0.0098	0.2064	-0.1345	-0.0007906341511534313	0.0005009094953223725	0.0006562437987498679	1.18408835	29.93048286	1.07890961	0.1660300383013606	0.0274724	0.00801
-0.0093	0.2183	-0.1593	-0.0008133234314293575	0.00042411500823462205	0.000577703982410123	1.32858944	33.58306885	1.00227984	0.046101179185171065	0.029635	0.00901
-0.011	0.2074	-0.1826	-0.0007801621756414653	0.0004380776422505767	0.0005497787143782138	1.20354116	30.42219543	1.01043896	0.039652457891787805	0.0309474	0.01012
-0.0069	0.0915	-0.1599	-0.0005619960191421741	0.000445058959258554	0.0006213372137099814	1.22331083	30.92191887	1.07011869	0.1575352986419518	0.0282208	0.00806
-0.009	0.1559	-0.1285	-0.0005410520681182421	0.00048345620280242926	0.0006911503837897545	1.13913763	28.7942524	1.02953883	0.10435771823237902	0.0269195	0.00686
-0.0044	0.1964	-0.132	-0.0006771877497737998	0.00046425758103049166	0.000783652834145454	1.34496379	33.99696732	1.07315525	0.06099183768915972	0.0293717	0.00818
-0.0023	0.2354	-0.1543	-0.0008499753457212384	0.0004974188368183839	0.0007696902001294993	1.21996212	30.83727074	1.05268967	0.07439557428756426	0.0301989	0.00982
-0.0049	0.2159	-0.1501	-0.0007347836150896127	0.0005270894341022875	0.0007801621756414653	1.13582373	28.71048546	1.01025086	0.03406671517137474	0.0296071	0.0089
-0.0085	0.1427	-0.1232	-0.0006422811647339132	0.0005131268000863328	0.0007714355293814937	1.11671281	28.22741508	1.00823882	0.10945958653158132	0.0259441	0.00652
-0.0091	0.2131	-0.1319	-0.0007539822368615504	0.00045553093477052	0.0007976154681614085	1.2486372	31.56209755	1.01645358	0.08947384381116824	0.0290442	0.00799
-0.0052	0.221	-0.1488	-0.0010367255756846318	0.00042760566673861073	0.0008831366015091308	1.25681019	31.76869011	1.01680268	0.048509487010135625	0.0292283	0.00937
-0.0085	0.2017	-0.1449	-0.0010576695267085637	0.0005270894341022875	0.0007801621756414653	1.10013497	27.8083725	0.98963165	0.03767010721276372	0.0286667	0.00914
-0.009	0.1289	-0.1229	-0.0008429940287132613	0.0005515240436302081	0.0007871434926494425	1.16586018	29.46972275	1.01165074	0.10760457122656	0.026011	0.00608
-0.0119	0.1466	-0.1104	-0.0008063421144213803	0.0006178465552059926	0.0007871434926494425	1.16366875	29.41432953	0.99643032	0.038248721293383296	0.0255539	0.00589
-0.015	0.233	-0.1876	-0.0002007128639793479	0.0004206243497306334	0.0008639379797371932	1.36114991	34.40610886	1.1909616	0.21068229715025713	0.0351647	0.01706
-0.0288	0.1827	-0.2289	6.108652381980153e-05	0.00015707963267948963	0.0004572762640225143	1.30887139	33.08465195	1.17600345	0.15200029102824864	0.0358701	0.0172
-0.0306	0.2713	-0.2019	-0.0004136430327226561	0.0002024581932313422	0.00026354471705114377	1.18042719	29.8379364	1.03171004	0.153091983203284	0.0367106	0.0177
-0.0287	0.186	-0.19	-0.00039793506945470715	0.0001832595714594046	0.00034033920413889426	1.18670785	29.99669456	1.04545175	0.10468505360638183	0.03383	0.01359
-0.0253	0.2889	-0.1973	-0.00034557519189487725	0.00015707963267948963	0.00043458698374658803	1.24486148	31.46665764	1.08203195	0.12223937979737191	0.0360832	0.01638
-0.0252	0.2907	-0.1967	-0.0005201081170943102	0.000291469985083053	0.0004206243497306334	1.07640541	27.20855522	1.00067525	0.018644295580947556	0.0356093	0.01582
-0.0303	0.1766	-0.2052	-0.0003769911184307752	0.0003874630939427412	0.0003787364476827695	1.14538145	28.95207787	1.05000561	0.14174990047855435	0.0325887	0.01301
-0.0249	0.1334	-0.1816	-0.00033684854563490564	0.0005061454830783556	0.0004956735075663896	1.18814027	30.03290176	1.03898537	0.0859881010907552	0.0306141	0.01049
-0.0289	0.2067	-0.1772	-0.0004468042885105483	0.0005096361415823442	0.0005218534463463045	1.21340883	30.67162132	1.03031248	0.08868131700797732	0.0315827	0.01179
-0.0301	0.2508	-0.1859	-0.0007749261878854823	0.00048345620280242926	0.0006003932626860494	1.15628183	29.22760963	1.02653469	0.07564208272472973	0.0336363	0.01362
-0.0294	0.2951	-0.1975	-0.0007819075048934597	0.0005078908123303499	0.000609119908946021	1.15429258	29.1773262	0.99925154	0.05860712863979342	0.034959	0.01605
-0.0342	0.2117	-0.2123	-0.0004974188368183839	0.0005375614096142535	0.00048520153205442357	1.23995256	31.34257507	1.02986867	0.1249038821125288	0.0337668	0.01359
-0.0373	0.2145	-0.2084	-0.0005515240436302081	0.0006649704450098395	0.0005061454830783556	1.25841045	31.80913925	1.01227909	0.019922909661567092	0.0331559	0.01377
-0.0368	0.1826	-0.1938	-0.0005044001538263612	0.0005427973973702365	0.0005602506898901797	1.15509653	29.197649	1.02707045	0.058170107212763694	0.0320327	0.01214
-0.0366	0.1497	-0.1768	-0.0007330382858376184	0.0004747295565424576	0.0005253441048502931	1.12704885	28.48868179	0.99443	0.06668062789394613	0.0293615	0.00944
-0.039	0.3154	-0.1912	-0.0006684611035138282	0.0003630284844148205	0.0004485496177625427	1.2836715	32.44766998	1.1134421	0.19515363707695887	0.0352394	0.01611
-0.0472	0.2354	-0.2204	0.00015707963267948963	0.0005480333851262194	0.00022340214425527416	1.24911773	31.57424545	1.08425104	0.17918465552059928	0.0356287	0.0167
-0.0547	0.1573	-0.2141	0.0012479104151759456	0.000148352986419518	-0.00011519173063162575	1.33925498	33.85266495	1.21429061	0.18335525280450288	0.0385421	0.02163
-0.0526	0.1713	-0.1907	-0.0005166174585903216	5.759586531581287e-05	-6.283185307179586e-05	1.40767813	35.58221436	1.20106751	0.13488224362149012	0.0346653	0.01794
-0.0431	0.1818	-0.1899	4.18879020478639e-05	0.0003630284844148205	1.5707963267948964e-05	1.2766304	32.26968765	1.07567821	0.06792388980384688	0.034364	0.01684
-0.0336	0.1292	-0.1828	-0.00031415926535897925	0.00017627825445142725	0.00017802358370342162	1.10851014	28.02007294	0.99769563	0.10445565089028545	0.0333976	0.01565
-0.027	0.1259	-0.1895	-0.00027925268031909274	0.0001012290966156711	0.00029496064358704166	1.19529152	30.21366692	1.02643286	0.02794464013796314	0.0330731	0.0152
-0.0284	0.1457	-0.1853	-0.0002600540585471551	0.00020420352248333657	0.0002443460952792061	1.2164036	30.74732208	1.060238	0.034039379797371934	0.0326094	0.01398
-0.0295	0.1844	-0.171	-0.0004904375198104066	0.00028099800957108706	0.00026354471705114377	1.14033449	28.82450485	1.02866194	0.07041882850614696	0.0304007	0.01151
-0.0319	0.2615	-0.1987	-0.0006510078109938849	0.0003577924966588376	0.000322885911618951	1.39765167	35.3287735	1.05081643	0.12203529864195176	0.035367	0.01655
-0.0309	0.1521	-0.2014	-0.0005515240436302081	0.0003892084231947355	0.00032812189937493397	1.33579707	33.76525879	1.08050715	0.11990678408277788	0.032055	0.01248
-0.032	0.1399	-0.1586	-0.0006946410422937432	0.00041015237421866745	0.0002722713633111154	1.18711567	30.00700378	1.035085	0.06709557428756431	0.0278942	0.0085
-0.0336	0.2324	-0.1504	-0.0006806784082777885	0.0003944444109507184	0.00019547687622336493	1.15877783	29.29070091	1.00947619	0.10762325421858268	0.0292045	0.01012
-0.0331	0.2482	-0.1466	-0.0006702064327658224	0.0002530727415391778	0.000158824961931484	1.15692604	29.24389267	0.99962797	0.02952477796076939	0.0298674	0.00996
-0.0241	0.2547	-0.144	-0.0010262536001726657	0.0002583087292951608	0.0003351032163829112	1.25875676	31.81789207	1.10085343	0.04497807048071266	0.0305892	0.0101
-0.0299	0.2567	-0.163	-0.0010262536001726657	0.0003665191429188092	0.0002478367537831948	1.08273745	27.36861229	1.00183832	0.03657384381116826	0.0307674	0.01099
-0.024	0.0809	-0.1478	-0.0008621926504851988	0.00023911010752322313	0.0001832595714594046	1.19080079	30.10015297	1.09904933	0.21470235837034207	0.0260134	0.00719
-0.0328	0.1541	-0.1338	-0.0006597344572538566	0.00015533430342749534	8.726646259971648e-05	1.26659203	32.01594543	1.06848406	0.11511135530933787	0.0265659	0.00682
-0.031	0.2075	-0.1123	-0.000926769832808989	0.0001064650843716541	0.0001605702911834783	1.2723285	32.16094971	1.05813735	0.0961604211597368	0.0252821	0.00614
-0.0298	0.2746	-0.1278	-0.001298524963483781	0.00024260076602721178	0.00023212879051524583	1.13470781	28.68227959	1.02346033	0.11277246558310589	0.0287895	0.00871
-0.0315	0.1439	-0.1393	-0.0011344640137963143	0.0001972222054753592	0.00012740903539558605	1.18337536	29.91245842	1.07529285	0.159607963267949	0.0254681	0.00605
-0.0316	0.1631	-0.1184	-0.0010070549784007281	0.0001972222054753592	0.00017627825445142725	1.22914362	31.06935501	1.0304304	0.04901391272257137	0.0255837	0.00579
-0.0301	0.1841	-0.1219	-0.0010419615634406148	0.00021118483949131387	0.00029845130209103034	1.25033462	31.60500526	1.01508844	0.03455211333477223	0.0255104	0.00618
-0.0268	0.2149	-0.1186	-0.0014172073526193955	0.00034033920413889426	0.0003612831551628262	1.11551726	28.19719505	1.00702527	0.06576160034490783	0.0260642	0.00681
-0.0251	0.2262	-0.1387	-0.0014416419621473165	0.0002199114857512855	0.00034557519189487725	1.25232303	31.65526581	0.98751093	0.041128514559173934	0.0280207	0.00777
-0.0314	0.1801	-0.1454	-0.0011222467090323538	0.00039968039870670147	0.00019198621771937622	1.18835354	30.03829384	1.02415303	0.09173765701229401	0.0271071	0.00719
-0.0257	0.1006	-0.1264	-0.0011501719770642632	0.00021642082724729686	0.00032463124087094524	1.24039841	31.35384369	1.0306515	0.12139149313214416	0.0244139	0.00533
-0.03	0.165	-0.1143	-0.0013665928043115599	0.0002024581932313422	0.0002844886680750757	1.11065722	28.07434464	1.00280085	0.09432630170295608	0.0238525	0.00517
-0.0265	0.2378	-0.1241	-0.0014852751934471744	0.00013962634015954637	0.0003089232776029963	1.27736092	32.2881546	0.99812203	0.09639744258676657	0.02689	0.00761
-0.0327	0.2085	-0.1384	-0.0012671090369478833	0.00028099800957108706	0.00027576202181510406	1.16543353	29.45894051	1.00465077	0.0694349540849362	0.0266619	0.00722
-0.031	0.0659	-0.1192	-0.0012042771838760874	0.00028797932657906436	0.0002705260340591211	1.23572385	31.23568344	1.08201799	0.16725245789178783	0.0233313	0.00485
-0.0359	0.1405	-0.1041	-0.0012601277199399059	0.00030194196059501896	0.00030194196059501896	1.12154841	28.34964561	1.02077139	0.09966145483078355	0.0233772	0.00485
-0.0318	0.2641	-0.1276	-0.001387536755335492	0.00015533430342749534	0.000312413936106985	1.37637532	34.79096603	1.0669777	0.16542443340375376	0.028073	0.00817
-0.0312	0.2987	-0.0977	-0.0010192722831646884	0.00021118483949131387	9.948376736367679e-05	1.24301875	31.42007828	1.03418137	0.09695225884889651	0.0276075	0.00807
-0.0336	0.2098	-0.122	-0.000926769832808989	0.00042411500823462205	8.726646259971648e-05	1.14265645	28.88319778	1.06151293	0.1314824961931484	0.0268232	0.00671
-0.0332	0.0588	-0.1046	-0.0010000736613927507	0.000322885911618951	0.0001361356816555577	1.18259621	29.89276505	1.08699759	0.17997010721276363	0.0228322	0.00443
-0.0365	0.1148	-0.0942	-0.0010332349171806431	0.0003944444109507184	0.0002303834612632515	1.22437727	30.94887543	0.99823987	0.07964837673636768	0.0234066	0.00441
-0.0384	0.1589	-0.0912	-0.0010210176124166828	0.0005131268000863328	0.0001832595714594046	1.28070891	32.37278366	1.03471143	0.05790117918517109	0.0237414	0.00444
-0.0346	0.2243	-0.0777	-0.0015254177662430443	0.00041015237421866745	0.00020943951023931956	1.13480556	28.6847496	1.02315172	0.11437772592369708	0.0244571	0.00514
-0.036	0.2434	-0.0879	-0.00147131255943122	0.00027576202181510406	0.00011693705988362007	1.36917031	34.60884094	1.063191	0.044749900478554365	0.025945	0.00667
-0.0381	0.1737	-0.1239	-0.0011100294042683937	0.00038397243543875244	4.18879020478639e-05	1.19598484	30.23119354	1.0516522	0.13502713633111152	0.025804	0.00616
-0.0394	0.017	-0.0897	-0.0010838494654884787	0.00041015237421866745	-6.632251157578452e-05	1.28001535	32.35525131	1.10391944	0.20022851455917387	0.0216933	0.00374
-0.047	0.0813	0.0925	-0.001998401993533507	1.9198621771937625e-05	-0.000153588974175501	1.38629711	35.04175949	1.35491538	0.32373863715457374	0.0132545	0.00141
-0.0588	0.1312	0.1657	-0.0020839231268812296	-0.0001675516081914556	-0.0005253441048502931	1.29281759	32.6788559	1.09958765	0.1671013246992954	0.011737	0.0012
-0.0562	0.1449	0.0961	-0.0020472712125893483	0.00020420352248333657	-0.0004258603374866164	1.22974765	31.08462143	1.10054874	0.11129454061651747	0.0135083	0.00055
-0.0457	-0.0441	0.0751	-0.0018308503853420514	0.0004433136300065597	-0.00019896753472735358	1.30338502	32.94597244	1.17604298	0.25462118687648916	0.0129373	0.00078
-0.0471	0.0669	0.096	-0.0014538592669112763	0.0006475171524898963	8.028514559173915e-05	1.27792895	32.30251312	1.13789556	0.1763223660616602	0.0136977	0.00076
-0.0427	0.0134	0.1029	-0.0016510814723866359	0.0007330382858376184	5.235987755982988e-06	1.26440513	31.96066666	1.0439894	0.08268962483294189	0.0124393	0.00053
-0.0353	0.0662	0.1032	-0.0017976891295541592	0.0005724679946541401	0.0001186823891356144	1.20085764	30.35436249	1.00514578	0.08153121748653164	0.0126294	0.00049
-0.0334	0.1057	0.0848	-0.0022776546738526	0.0006527531402458793	0.00024085543677521747	1.17200506	29.62504959	1.0082186	0.09392118687648915	0.0129277	0.00055
-0.0373	0.0319	0.0855	-0.0020856684561332234	0.0007539822368615504	0.0002199114857512855	1.13166797	28.60543823	1.00878608	0.09410796326794899	0.0121392	0.00044
-0.0366	-0.0174	0.1161	-0.0018936822384138475	0.0008709192967451704	0.00017278759594743863	1.18097293	29.85173225	0.98674249	0.09840235837034211	0.0117612	0.00044
-0.0383	-0.0148	0.1177	-0.0018605209826259553	0.0008866272600131194	0.00018675022996339323	1.17390156	29.67298698	0.99291771	0.009041592653589794	0.0125823	0.00057
-0.0338	0.0893	0.1107	-0.002183406894244906	0.0006335545184739417	0.00028099800957108706	1.27800703	32.30448532	1.10136535	0.1491103216382911	0.0119151	0.00045
-0.0367	0.1668	0.0834	-0.002509783464367846	0.0007661995416255106	0.0003054326190990077	1.13120151	28.59364891	0.99896625	0.13187281014012148	0.0136102	0.00068
-0.0372	0.0685	0.0751	-0.002022836603061428	0.0007627088831215222	0.00023911010752322313	1.18423736	29.93424797	1.02970869	0.13493800156930957	0.0130513	0.00063
-0.0356	0.0041	0.116	-0.0017435839227423352	0.000932005820564972	0.0002181661564992912	1.1736064	29.66552734	1.02335803	0.1303746784393237	0.0124411	0.00071
-0.0342	-0.0187	0.1399	-0.001710422666954443	0.0009075712110370514	0.0002705260340591211	1.18666363	29.99557686	0.99657093	0.053597787143782126	0.0120735	0.00059
-0.0324	0.0497	0.1409	-0.0018413223608540175	0.0007382742735936014	0.0002478367537831948	1.12327087	28.39318466	1.00230218	0.08734429558094756	0.0116882	0.0004
-0.0306	0.1064	0.1177	-0.00222529479629277	0.0006736970912698113	0.00029845130209103034	1.16088021	29.34384537	0.99191805	0.10665820830351888	0.01174	0.00032
-0.0337	0.1137	0.078	-0.001956514091485643	0.000752236907609556	0.0002495820830351891	1.27494216	32.22701645	1.04303307	0.06990948701013565	0.0148299	0.00082
-0.0344	0.0406	0.086	-0.002645919146023404	0.0007539822368615504	5.4105206811824215e-05	1.49721289	37.84540558	1.17532806	0.126131363000656	0.0166423	0.00258
-0.0341	0.0652	0.0847	-0.0015062191444711063	0.0007295476273336296	5.93411945678072e-05	1.33952856	33.85958099	1.11492419	0.08466852994181005	0.0142189	0.00074
-0.0337	-0.0093	0.1284	-0.0018343410438460403	0.0007853981633974483	0.00014660765716752367	1.0977819	27.74889183	1.01285864	0.14216194490192346	0.0128084	0.00073
-0.0362	0.0024	0.136	-0.0019861846887695473	0.0008342673824532895	9.599310885968811e-05	1.078017	27.24929047	0.99123943	0.034366370614359217	0.0122136	0.00072
-0.0295	0.1186	0.1142	-0.0022148228207808044	0.000582939970166106	0.00029321531433504735	1.34184766	33.91820145	1.07399398	0.17855938748869	0.0131803	0.00062
-0.0315	0.0793	0.0999	-0.002209586833024821	0.0007330382858376184	0.0003089232776029963	1.17184627	29.62103462	1.0034518	0.06415211333477225	0.0129732	0.00058
-0.0308	-0.0306	0.112	-0.0018849555921538759	0.0009983283321407565	0.00034557519189487725	1.22957742	31.08031845	1.04769526	0.1540286600732982	0.0122243	0.00069
-0.0338	0.0141	0.1339	-0.001996656664281513	0.0010314895879286487	0.0003316125578789226	1.16625321	29.47965813	1.0557121	0.07754124809657417	0.0120241	0.00057
-0.0337	0.0606	0.132	-0.0020472712125893483	0.0009093165402890458	0.0003316125578789226	1.18302643	29.90363884	0.99018901	0.05713937979737189	0.0111734	0.00043
-0.0335	0.0864	0.1197	-0.0023788837704682713	0.0007243116395776468	0.000322885911618951	1.16336536	29.40666199	1.01424867	0.06456720524251469	0.0118743	0.00058
-0.0365	0.0841	0.0912	-0.0024399702942880727	0.0008150687606813518	0.000312413936106985	1.13915551	28.79470444	1.00391221	0.04191578102177363	0.0120953	0.00057
-0.0344	-0.0361	0.1112	-0.0020193459445574393	0.0009843656981248017	0.000312413936106985	1.16048634	29.3338871	1.04945853	0.17179606435870415	0.0121717	0.00049
-0.0379	-0.0191	0.1448	-0.0019181168479417679	0.0010821041362364843	0.000291469985083053	1.0783335	27.25729179	0.96934855	0.06509557428756432	0.0111163	0.00055
-0.0345	-0.0144	0.1456	-0.001970476725501598	0.0010332349171806431	0.00028099800957108706	1.15747416	29.25774765	0.95778976	0.01448505360638186	0.0114352	0.00071
-0.0367	0.0411	0.1399	-0.0019879300180215415	0.0009459684545809266	0.00030194196059501896	1.17933381	29.81029892	1.02026968	0.06968318530717961	0.0112332	0.00034
-0.0307	0.0674	0.1165	-0.00238237442897226	0.0008203047484373349	0.00041713369122664475	1.16176832	29.36629295	1.00043372	0.0874649923862968	0.0115715	0.00044
-0.0333	0.0821	0.0966	-0.0026197392072434887	0.0008237954069413235	0.00038571776469074686	1.11334908	28.1423893	0.97826142	0.05081356816555577	0.0121796	0.00059
-0.0323	0.0292	0.1026	-0.0021101030656611444	0.0008988445647770796	0.00038048177693476387	1.12077463	28.33008575	0.99441012	0.08939606435870416	0.0120283	0.00055
-0.0343	-0.0444	0.1386	-0.001980948701013564	0.0009861110273767962	0.0003647738136668148	1.18122244	29.85803986	1.02316498	0.12320643952576228	0.0120183	0.00073
-0.0307	-0.0579	0.1453	-0.0019879300180215415	0.0009826203688728075	0.0004415683007545654	1.21144795	30.62205696	0.99980245	0.028163323129985828	0.0119089	0.00079
-0.0322	-0.0103	0.1561	-0.002129301687433082	0.0009896016858807848	0.00038571776469074686	1.10612249	27.95972061	0.98362668	0.07011017612416678	0.0112335	0.00058
-0.0321	0.0977	0.1305	-0.0024312436480281013	0.0009023352232810684	0.0003612831551628262	1.27854002	32.31795883	1.02734073	0.1543821516361328	0.011866	0.00062
-0.0308	0.1134	0.1118	-0.0025987952562195565	0.000874409955249159	0.00043458698374658803	1.19208109	30.13251686	1.03322102	0.04913903524035634	0.0126095	0.00058
-0.0318	0.0352	0.0941	-0.0022759093446006054	0.0010000736613927507	0.000466002910282486	1.18106341	29.85401917	1.02622763	0.12089827721492202	0.0123395	0.00062
-0.034	0.0125	0.1319	-0.0021380283336930534	0.001158898623324235	0.00043458698374658803	1.14088511	28.83842278	0.99290076	0.07910609496874668	0.0114497	0.00043
-0.0334	0.0716	0.1207	-0.0023352505391684127	0.0009634217471008699	0.00039269908169872416	1.17401505	29.67585754	0.97928046	0.09262934918732937	0.0110665	0.00044
-0.0324	0.1049	0.1062	-0.0026581364507873638	0.000932005820564972	0.00041015237421866745	1.16727734	29.50554466	0.99668321	0.06738775653373962	0.0117341	0.00044
-0.0338	0.0741	0.08	-0.0023596851486963333	0.0009616764178488756	0.0004014257279586958	1.15242171	29.13003731	1.00251364	0.07524242728174528	0.0123262	0.00055
-0.0355	-0.0078	0.121	-0.002082177797629235	0.0010332349171806431	0.0003577924966588376	1.1531359	29.14808846	1.0255619	0.14423495408493622	0.0108529	0.00061
-0.0334	-0.035	0.1353	-0.0019774580425095754	0.0010419615634406148	0.00040840704496667313	1.14400911	28.91739082	0.96878586	0.05180304748437335	0.0108785	0.0005
-0.0307	0.0867	0.1252	-0.0021799162357409173	0.0009686577348568529	0.0003822271061867582	1.25462782	31.71352386	1.09302836	0.1495970980297509	0.0123317	0.00059
-0.0306	0.1205	0.0999	-0.002579596634447619	0.0009529497715889039	0.00046949356878647465	1.16392446	29.42079544	1.0107916	0.08433274122871837	0.0127243	0.00071
-0.0318	0.0944	0.0803	-0.0025202554398798117	0.0009372418083209549	0.00047647488579445195	1.07274795	27.11610413	0.99385002	0.05100152374218669	0.0128834	0.00057
-0.031	-0.0783	0.1184	-0.002134537675189065	0.0011100294042683937	0.00039793506945470715	1.21008122	30.58750916	1.10883064	0.2434522588488965	0.0115273	0.00055
-0.0325	-0.0176	0.1462	-0.001965240737745615	0.0011082840750163993	0.0004014257279586958	1.15277421	29.13894844	0.99927665	0.09872664625997164	0.0114843	0.00054
-0.0311	0.0291	0.1484	-0.0019408061282176943	0.0011047934165124105	0.0004014257279586958	1.16483748	29.44387245	1.00373153	0.051696263401595485	0.010993	0.00054
-0.0324	0.0181	0.1346	-0.001973967384005587	0.0010576695267085637	0.00042236967898262774	1.12687492	28.48428345	0.98684615	0.031161454830783572	0.0115003	0.00048
-0.0507	0.1638	0.0863	-0.0016912240451825054	0.0011239920382843482	0.0003892084231947355	1.23971307	31.33652115	1.1171615	0.23141135530933793	0.0152578	0.00136
-0.0226	0.1828	0.1289	-0.0018483036778619948	0.000726056968829641	8.552113334772214e-05	1.36339712	34.46291351	1.07604358	0.13263509959906047	0.0147854	0.0015
-0.0152	0.1833	0.1434	-0.0012304571226560022	0.0010611601852125523	-4.886921905584123e-05	1.22216463	30.89294624	1.05794153	0.07676700619962337	0.018397	0.00454
0.1083	-0.1004	0.1665	-0.0026965336943312393	-0.0010611601852125523	-0.003035127569218139	1.87698138	47.44490433	1.78975812	0.759032764613132	0.0233393	0.02692
0.0582	-0.2045	0.1585	-0.003295181627765294	-0.001296779634231787	-0.0018779742751458986	1.54456818	39.04241562	1.47249397	0.2617710338262765	0.0196192	0.01346
-0.0235	0.2451	0.083	-0.0014957471689591403	-0.0009616764178488756	-0.0013124875974997359	1.95426798	49.39849472	1.85036682	0.7418012176417613	0.0210985	0.00589
-0.0808	-0.0758	0.0623	-0.0014154620233674013	-0.0006544984694978735	-0.0009093165402890458	1.63609195	41.35588455	1.47679168	0.4384317075576716	0.0153762	0.0017
-0.0781	0.0016	0.1487	-0.0022724186860966175	-0.000582939970166106	-0.0006492624817418905	1.46886098	37.12874603	1.17601447	0.22592846103040695	0.0123988	0.00102
-0.0773	-0.0407	0.1995	-0.002261946710584651	-0.0005113814708343385	-0.0005742133239061344	1.38226724	34.93989563	1.12163323	0.1017539816339745	0.0101581	0.001
-0.082	-0.0531	0.2137	-0.0025272367568877894	-0.00046425758103049166	-0.0006021385919380437	1.12096941	28.33501053	1.00225909	0.04831696020694473	0.00964832	0.00074
-0.0793	0.0494	0.2174	-0.002579596634447619	-0.0004258603374866164	-0.0005707226654021458	1.34261692	33.93764496	1.03207694	0.11500865238198016	0.0096944	0.00072
-0.083	0.0244	0.2214	-0.002590068609959585	-0.00033684854563490564	-0.0005462880558742252	1.19034982	30.08875465	0.9814086	0.03889591884457989	0.00995278	0.00058
-0.0787	0.0602	0.2154	-0.0030002209841782524	-0.0004415683007545654	-0.0005078908123303499	1.15960884	29.31170654	1.00980937	0.07376346864411011	0.00919825	0.00063
-0.0837	0.0165	0.2248	-0.0027960174616949163	-0.0003665191429188092	-0.0006161012259539982	1.09928095	27.78678513	0.96643773	0.077473154697137	0.00914073	0.00053
-0.0822	0.0529	0.241	-0.002701769682087222	-0.0003630284844148205	-0.0005427973973702365	1.16813314	29.52717781	0.97601878	0.06265211333477223	0.0105237	0.00069
-0.0851	-0.027	0.255	-0.0027523842303950577	-0.00023212879051524583	-0.0005061454830783556	1.21545064	30.72323418	1.00626272	0.10770830782496456	0.0102949	0.00062
-0.0818	0.0389	0.2658	-0.0028152160834668534	-0.00022340214425527416	-0.0004677482395344803	1.14741206	29.00340652	1.00614121	0.08549778714378209	0.0103979	0.00091
-0.0848	-0.0425	0.2662	-0.0029077185338225527	-0.00023212879051524583	-0.0004468042885105483	1.14855111	29.03219795	0.99359319	0.09090865238198016	0.0106093	0.00069
-0.0854	0.0078	0.2597	-0.0027977627909469105	-0.00027925268031909274	-0.0004747295565424576	1.29386473	32.70532608	0.98756008	0.06665024503556993	0.0118243	0.00137
-0.0853	-0.0403	0.2698	-0.0028326693759867967	-8.203047484373349e-05	-0.00045553093477052	1.266518	32.01407623	1.00337807	0.07086637061435916	0.0122535	0.00189
-0.0794	0.0229	0.2789	-0.0033056536032772606	-0.00019198621771937622	-0.0003612831551628262	1.17776847	29.77073288	1.01676749	0.11205938748869002	0.0119298	0.00258
-0.0837	0.0841	0.2537	-0.003321361566545209	-0.00013962634015954637	-0.0004520402762665313	1.15941763	29.30687523	0.99409597	0.09864124809657417	0.0125994	0.00285
-0.0844	-0.0556	0.2625	-0.0029618237406343773	-0.00024260076602721178	-0.00047123889803846896	1.28835773	32.56612396	1.08539059	0.17328554367752175	0.0142151	0.004
-0.0855	-0.0693	0.2831	-0.002930407814098479	-0.00017104226669544429	-0.0004956735075663896	1.30238342	32.9206543	1.01338031	0.04177045176977933	0.0145988	0.00431
-0.0877	-0.0303	0.2982	-0.0030211649352021846	-0.0001832595714594046	-0.000445058959258554	1.15989625	29.31897163	1.00288651	0.06397944870877506	0.0146311	0.0042
-0.0861	-0.0139	0.3014	-0.0029373891311064567	-0.00014660765716752367	-0.0004799655442984406	1.12628233	28.46930504	0.97244002	0.02896671517137475	0.0139563	0.00427
-0.088	-0.0284	0.3066	-0.002949606435870417	-0.00019198621771937622	-0.000450294947014537	1.20326126	30.41511917	0.98886789	0.025963323129985803	0.014573	0.00391
-0.0868	-0.0144	0.3034	-0.0030595621787460597	-0.00013788101090755203	-0.0003787364476827695	1.23598313	31.24223709	0.98737923	0.03018097245096169	0.0137479	0.00396
-0.0846	0.0056	0.3061	-0.0031677725923697077	-0.0001064650843716541	-0.0003787364476827695	1.13286471	28.63568878	1.0039934	0.031881317007977285	0.0139945	0.00396
-0.0847	0.0067	0.3114	-0.0031084313978019013	-9.42477796076938e-05	-0.0003193952531149623	1.11339033	28.14343071	0.98047806	0.013044984694978726	0.013217	0.00324
-0.0859	0.0106	0.3145	-0.003152064629101759	-0.000153588974175501	-0.00035604716740684323	1.18910921	30.05739403	1.01293379	0.015181317007977289	0.0135323	0.00303
-0.0816	0.0529	0.298	-0.0033929200658769764	-0.0002181661564992912	-0.0003106686068549907	1.23433924	31.2006855	1.06936413	0.08064055898254302	0.0115265	0.00176
-0.0853	0.0143	0.2829	-0.003565707661824415	-0.00015533430342749534	-0.0004014257279586958	1.12479949	28.43182373	0.99866497	0.07371882850614697	0.0108065	0.00125
-0.0849	-0.0873	0.3097	-0.00314857397059777	-6.108652381980153e-05	-0.00032637657012293966	1.19290245	30.15327835	1.08002047	0.15812153143350471	0.0114852	0.0016
-0.0879	-0.0697	0.3129	-0.0031328660073298214	-0.00011170107212763708	-0.0003089232776029963	1.18110096	29.85496902	1.03239102	0.027988790204786416	0.0114888	0.00122
-0.0858	0.0073	0.3013	-0.0030490902032340936	-1.9198621771937625e-05	-0.00023212879051524583	1.19399881	30.18099022	1.02039277	0.10335363707695888	0.0101628	0.00073
-0.086	0.0096	0.3089	-0.0032306044454415038	-7.155849933176751e-05	-0.0002530727415391778	1.13062167	28.57899284	1.00189673	0.022840903539558588	0.00951761	0.00066
-0.0854	0.0665	0.292	-0.0036337755026521943	-0.00017453292519943296	-0.00023561944901923448	1.206249	30.49064064	0.9876329	0.10057993877991497	0.00821298	0.0003
-0.0906	0.0451	0.272	-0.003600614246864302	-0.000158824961931484	-0.000312413936106985	1.13566566	28.70648956	0.98484626	0.05288318530717956	0.00826949	0.00033
-0.0874	-0.1142	0.2965	-0.003235840433197487	-9.599310885968811e-05	-0.0003054326190990077	1.24706674	31.52240181	1.0880122	0.20872934918732933	0.00975859	0.00049
-0.0866	-0.0076	0.321	-0.0031730085801256907	-0.0001308996938995747	-0.00026354471705114377	1.15160716	29.10944557	1.0175299	0.13888131700797735	0.0091548	0.00043
-0.0905	0.0097	0.3172	-0.0033440508468211352	-0.00011344640137963142	-0.000307177948351002	1.05347526	26.6289444	0.9387877	0.03660643952576233	0.00843364	0.00037
-0.0933	0.0178	0.306	-0.003455751918948773	-0.00015009831567151235	-0.0003438298626428829	1.20586276	30.48087883	0.97450465	0.03135024503556996	0.0087114	0.00043
-0.0905	0.0109	0.2944	-0.003979350694547071	-0.00028623399732707005	-0.0003787364476827695	1.19381881	30.17644119	0.98107142	0.05603205211468713	0.0073458	0.00024
-0.0914	0.06	0.2742	-0.004073598474154764	-0.00019547687622336493	-0.0003438298626428829	1.09867537	27.77147865	0.97901726	0.0811955742875642	0.00776988	0.00026
-0.095	-0.0956	0.2934	-0.003710569989739945	-0.0001291543646475804	-0.0004136430327226561	1.19066739	30.09678078	1.06708291	0.2033582083035189	0.00890374	0.00039
-0.0941	-0.0264	0.2928	-0.0034732052114687163	-0.00010821041362364843	-0.00034208453339088857	1.28341126	32.44108963	0.98654598	0.08719336143134641	0.00954807	0.00042
-0.0927	0.0495	0.2931	-0.0037699111843077517	-0.000158824961931484	-0.00034906585039886593	1.29437423	32.7182045	1.01323095	0.09531509190774241	0.0079208	0.00028
-0.0908	0.1319	0.2915	-0.004389503068765739	-0.0001884955592153876	-0.0003647738136668148	1.14771867	29.01115799	1.01160311	0.11914852225049202	0.00799632	0.00039
-0.0968	-0.0006	0.2577	-0.0038746309394274117	-0.00022863813201125715	-0.00046425758103049166	1.2243706	30.94870567	1.06627761	0.2050249234748936	0.00762564	0.00021
-0.0995	-0.1131	0.2857	-0.003375466773357033	-6.45771823237902e-05	-0.00046425758103049166	1.19508791	30.20851898	1.06199044	0.17636125578789233	0.00994605	0.0005
-0.1015	-0.024	0.2908	-0.003274237676741362	-1.3962634015954635e-05	-0.0004136430327226561	1.23189592	31.13892365	1.02159129	0.10632290966156711	0.00842446	0.0004
-0.0989	-0.0246	0.2938	-0.0034400439556808234	-0.00019024088846738194	-0.00038397243543875244	1.10403335	27.90691185	0.97181461	0.024787756533739626	0.0081408	0.00028
-0.0958	0.0597	0.2812	-0.0038519416591514853	-0.00021467549799530252	-0.000296705972839036	1.16763175	29.51450348	0.99058131	0.12617993877991496	0.00754541	0.00033
-0.0972	0.0793	0.2521	-0.0038397243543875246	-0.0001937315469713706	-0.0003054326190990077	1.18344402	29.91419601	1.00321736	0.052194395102393217	0.00820166	0.00039
-0.0971	-0.0646	0.2458	-0.003337069529813158	-0.00018500490071139895	-0.0004049163864626844	1.24581218	31.49069023	1.05507697	0.18084326190990077	0.00860512	0.0004
-0.0977	-0.0815	0.2722	-0.003186971214141646	-0.00015533430342749534	-0.0004485496177625427	1.13132739	28.59683037	0.9952888	0.05507010721276368	0.00938326	0.00063
-0.1014	-0.0038	0.2865	-0.003186971214141646	-0.00015009831567151235	-0.0004380776422505767	1.10898328	28.03203392	1.00315743	0.09648539816339743	0.00852877	0.00052
-0.0988	0.008	0.279	-0.003480186528476693	-0.00020943951023931956	-0.00042236967898262774	1.22926784	31.07249451	0.96664389	0.04031322360854012	0.00855988	0.00062
-0.0934	0.0669	0.2704	-0.003855432317655474	-0.00022689280275926284	-0.0003473205211468716	1.22109926	30.86601448	1.06054132	0.0962874119767241	0.00916415	0.00069
-0.0999	0.0104	0.2434	-0.0034574972482007667	-4.71238898038469e-05	-0.00039968039870670147	1.19967508	30.32447243	1.06947252	0.12150319299849761	0.00884086	0.00059
-0.0996	-0.0257	0.2773	-0.0033702307856010505	-1.9198621771937625e-05	-0.00039968039870670147	1.12925792	28.54452133	1.00455983	0.07605958653158126	0.00820071	0.00053
-0.1006	-0.0135	0.2753	-0.003307398932529255	-1.0471975511965975e-05	-0.0004136430327226561	1.25267589	31.66418457	0.96748924	0.019476056667386103	0.00867599	0.00047
-0.097	0.0183	0.2785	-0.0035395277230445004	-9.42477796076938e-05	-0.0003612831551628262	1.18477809	29.94791794	0.98969169	0.05701322360854019	0.00797188	0.00028
-0.0964	0.1231	0.2582	-0.004029965242854907	-9.773843811168246e-05	-0.0002600540585471551	1.17718387	29.75595665	1.03512211	0.15545786374650333	0.00822467	0.00037
-0.0997	-0.0378	0.2418	-0.003717551306747922	-4.71238898038469e-05	-0.00038048177693476387	1.19210207	30.1330452	1.08719801	0.20477281014012144	0.00745291	0.00028
-0.0992	-0.0921	0.2843	-0.003321361566545209	-1.7453292519943294e-06	-0.0003874630939427412	1.08747351	27.48832512	0.99341014	0.11972748088812718	0.00874811	0.00043
-0.0982	-0.0674	0.2959	-0.0031922072018976287	2.6179938779914945e-05	-0.00032463124087094524	1.1369462	28.73885918	0.97572246	0.04829557428756427	0.00897759	0.00054
-0.0991	-0.0361	0.2937	-0.0031922072018976287	7.67944870877505e-05	-0.000322885911618951	1.15865862	29.2876873	0.97609983	0.03701799387799147	0.00868154	0.0004
-0.0952	0.0076	0.2908	-0.0039287361462392355	-0.00011519173063162575	-0.000322885911618951	1.12828445	28.51991272	1.01374167	0.09692575810304915	0.00751156	0.0003
-0.099	0.0488	0.2607	-0.0041661009245104645	-5.759586531581287e-05	-0.0002844886680750757	1.21117628	30.6151886	0.98879139	0.09176789435654589	0.00735241	0.00033
-0.0987	-0.0129	0.2538	-0.0035081117965086025	2.792526803190927e-05	-0.00037524578917878077	1.17316902	29.65447235	0.99500075	0.11061336912266444	0.00823897	0.00042
-0.099	-0.1196	0.2873	-0.0033667401270970616	8.901179185171081e-05	-0.00038571776469074686	1.27002299	32.10267258	1.03410409	0.1511465084371654	0.00930768	0.00055
-0.0984	-0.0095	0.301	-0.003597123588360313	7.67944870877505e-05	-0.0003612831551628262	1.15619802	29.22549057	1.01902927	0.1377517687777566	0.00814718	0.00035
-0.0985	0.0836	0.292	-0.004202752838802345	-3.141592653589793e-05	-0.00034033920413889426	1.12449956	28.42424202	0.9991684	0.1389391807544806	0.00733942	0.00038
-0.1039	0.0403	0.2604	-0.003679154063204046	2.792526803190927e-05	-0.0004206243497306334	1.27910137	32.33214951	0.98969447	0.1134612557878922	0.00811499	0.00025
-0.104	-0.0712	0.286	-0.0034243359924128747	0.00018675022996339323	-0.0004136430327226561	1.28640473	32.51675797	1.02731375	0.1582312174865316	0.0084697	0.00042
-0.1008	-0.003	0.3042	-0.0034732052114687163	6.283185307179586e-05	-0.00039095375244672985	1.15868342	29.28831673	1.0057499	0.0993738438111683	0.00833672	0.00032
-0.1016	0.0627	0.3004	-0.004052654523130833	-4.18879020478639e-05	-0.00039095375244672985	1.13140953	28.59890747	1.01907639	0.10450845333908884	0.00725949	0.0003
-0.1002	0.0639	0.27	-0.003958406743523139	8.726646259971648e-06	-0.00042236967898262774	1.20870805	30.55279922	0.96722553	0.041813912722571345	0.00768095	0.00019
-0.0985	-0.0554	0.2981	-0.003452261260444784	0.00011344640137963142	-0.00048520153205442357	1.24034786	31.35256577	1.03054883	0.18278485456349047	0.00793552	0.00034
-0.1027	-0.0733	0.3121	-0.0034836771869806815	8.552113334772214e-05	-0.00048520153205442357	1.13864148	28.78170967	1.01507281	0.03906705972839034	0.00941461	0.00053
-0.1021	-0.0075	0.3113	-0.004084070449666731	-5.585053606381854e-05	-0.00042760566673861073	1.08937669	27.53643227	0.98840251	0.10716803987067013	0.00741577	0.00038
-0.1017	0.1148	0.2768	-0.004394739056521722	-1.7453292519943294e-06	-0.00043458698374658803	1.36448789	34.49048233	1.02861518	0.17578775653373963	0.0080319	0.0004
-0.1032	-0.0658	0.2846	-0.003745476574779831	0.00010471975511965978	-0.0004939281783143952	1.29141593	32.64342499	1.13621624	0.23065343803406765	0.00830275	0.00044
-0.1059	-0.0632	0.301	-0.003607595563872279	0.00023212879051524583	-0.00045553093477052	1.18014789	29.8308773	1.03544495	0.03688436449235062	0.00879663	0.00049
-0.1025	0.0273	0.2968	-0.004310963252425994	-1.7453292519943294e-06	-0.00045902159327450867	1.13457036	28.6788044	1.03536005	0.14513662334124716	0.00762171	0.0003
-0.1056	0.1021	0.267	-0.004309217923174	6.632251157578452e-05	-0.0004380776422505767	1.34515226	34.00173187	1.02350507	0.11223785605518528	0.00848991	0.00059
-0.1081	-0.0313	0.2831	-0.0036320301734002	0.0003054326190990077	-0.0004729842272904633	1.25767827	31.79063034	1.06382218	0.19956022211684543	0.00873625	0.00052
-0.1045	-0.0837	0.3094	-0.0036896260387160127	0.0001884955592153876	-0.0004363323129985824	1.19195688	30.12937737	1.01433314	0.09285924197456565	0.00950354	0.00047
-0.1091	0.0472	0.3117	-0.004003785304074992	0.00022165681500327985	-0.0005044001538263612	1.1607244	29.33990669	1.04571403	0.15856941809873248	0.00777984	0.00025
-0.1071	0.1317	0.2881	-0.004546582701445229	0.00010297442586766544	-0.0005253441048502931	1.29629755	32.766819	1.01108437	0.1442211868764891	0.00880998	0.00043
-0.1099	-0.0077	0.2702	-0.004134684997974567	0.0002670353755551324	-0.0005340707511102648	1.27823138	32.31015778	1.05330969	0.18933426497090505	0.00730115	0.00019
-0.1086	-0.1129	0.314	-0.0038484510006474965	0.00029496064358704166	-0.0004956735075663896	1.18436587	29.93749619	1.03627905	0.16792782544514273	0.00953901	0.00049
-0.109	-0.0207	0.3268	-0.003984586682303054	0.00028099800957108706	-0.0004991641660703782	1.10759532	27.99694824	1.00178435	0.11307944870877504	0.00806385	0.00025
-0.1107	0.0049	0.3152	-0.004701917004872723	0.00014137166941154068	-0.0005358160803622592	1.28703964	32.5328064	0.98582796	0.08358042885105478	0.00760537	0.00024
-0.108	0.0358	0.2882	-0.00495848040491589	0.0001239183768915974	-0.00048171087355043494	1.20527315	30.46597481	0.99606288	0.07700609496874672	0.00672656	0.0002
-0.1088	-0.0282	0.3015	-0.004300491276914028	0.00024609142453120044	-0.0004258603374866164	1.11890829	28.28290939	0.99706926	0.11990063558526413	0.00778961	0.0003
-0.1107	-0.0538	0.3266	-0.004309217923174	0.00024609142453120044	-0.0004974188368183839	1.09183073	27.59846497	0.97259081	0.056614257279586966	0.0078373	0.00015
-0.11	0.0508	0.306	-0.004920083161372014	6.108652381980153e-05	-0.0004886921905584122	1.27347231	32.1898613	1.01305304	0.16612983925846928	0.00749701	0.00037
-0.1137	0.0091	0.2863	-0.004729842272904633	0.000148352986419518	-0.00046425758103049166	1.18324971	29.90928268	0.98619961	0.08019709802975093	0.00691676	0.00028
-0.1085	-0.0741	0.3096	-0.004197516851046362	0.00012042771838760874	-0.000466002910282486	1.13440478	28.67461777	0.99859105	0.13979980095710867	0.00805962	0.00032
-0.1137	-0.0057	0.3271	-0.004242895411598215	0.00029496064358704166	-0.0005166174585903216	1.11129248	28.0904026	0.98546834	0.10462630170295607	0.0077126	0.00032
-0.1116	0.0143	0.3137	-0.004628613176288962	0.00013264502315156904	-0.00045553093477052	1.20434475	30.44250679	0.95932274	0.06595599544730109	0.00724834	0.00019
-0.111	0.0284	0.2937	-0.004860741966804208	7.330382858376184e-05	-0.0004380776422505767	1.16755009	29.51243973	0.99104805	0.050146163880149794	0.00671655	0.00023
-0.1142	-0.0437	0.2922	-0.004317944569433971	0.0001937315469713706	-0.0004991641660703782	1.14387763	28.91406441	0.9978695	0.11301558197888235	0.007976	0.00035
-0.1187	-0.0495	0.3219	-0.004384267081009755	0.00028623399732707005	-0.0006161012259539982	1.1080842	28.00930595	0.98689838	0.05378810109075518	0.00744009	0.00028
-0.114	-0.0192	0.3125	-0.00451516677490933	0.00017278759594743863	-0.0005445427266222308	1.28347838	32.44278717	0.95936712	0.06019522973054873	0.00779086	0.0002
-0.1137	0.1168	0.276	-0.004902629868852071	0.00011693705988362007	-0.0005235987755982988	1.28667688	32.52363586	1.08274423	0.19601287905152456	0.00779837	0.00047
-0.1157	-0.0118	0.2674	-0.004667010419832838	0.0001186823891356144	-0.0005305800926062762	1.20326257	30.4151516	1.05665933	0.15141730476396023	0.00694686	0.00025
-0.1154	-0.0905	0.308	-0.0042935099599060505	0.0002251474735072685	-0.0005689773361501514	1.13515687	28.69363022	1.00302282	0.14551813939211575	0.00792336	0.00023
-0.1158	0.0256	0.3102	-0.004249876728606192	0.00017453292519943296	-0.0005427973973702365	1.27228367	32.15981674	1.0105428	0.1247213859193804	0.00776941	0.00034
-0.1143	0.0621	0.3006	-0.00476474885794452	9.773843811168246e-05	-0.0005445427266222308	1.23105514	31.11767197	0.99888355	0.07727059728390363	0.00739247	0.00029
-0.1161	-0.0018	0.2831	-0.004768239516448508	8.37758040957278e-05	-0.0005410520681182421	1.11931074	28.29308128	0.99133175	0.0842471975511965	0.00709915	0.00023
-0.1143	-0.0832	0.3121	-0.004440117617073575	0.00010471975511965978	-0.0006003932626860494	1.11076593	28.07709312	0.98829242	0.13262035224833357	0.00754088	0.00026
-0.1145	-0.0016	0.3229	-0.004241150082346221	0.0001308996938995747	-0.0006056292504420323	1.15877259	29.29056931	0.9780777	0.10411917306316262	0.00744963	0.00024
-0.116	-0.0204	0.3203	-0.004457570909593518	4.0142572795869576e-05	-0.0006021385919380437	1.12087727	28.33267975	0.9726353	0.03843343034274958	0.00742006	0.00023
-0.114	0.0796	0.2892	-0.0049183378321200205	1.2217304763960308e-05	-0.0005288347633542819	1.18357933	29.91761589	1.05053497	0.16119980095710865	0.00730759	0.00043
-0.1118	-0.0344	0.2753	-0.004743804906920588	4.71238898038469e-05	-0.00048345620280242926	1.13742685	28.75100899	1.05348137	0.14284090353955864	0.00704348	0.00023
-0.1159	-0.0752	0.31	-0.0042324234360862495	0.00018675022996339323	-0.0005637413483941684	1.08921278	27.53228951	0.98034594	0.11616464782928122	0.00805122	0.0004
-0.1122	0.0168	0.2976	-0.004710643651132695	-1.0471975511965975e-05	-0.0005759586531581287	1.32937396	33.60290146	1.02846963	0.14248298626428826	0.00744104	0.00038
-0.111	0.0156	0.2512	-0.004139920985730549	-1.2217304763960308e-05	-0.0004677482395344803	1.27256083	32.16682053	1.04528273	0.08283392041388941	0.00797307	0.00034
-0.1132	-0.0195	0.2601	-0.004312708581677988	-0.00017104226669544429	-0.0005078908123303499	1.18388891	29.92543983	1.04060178	0.06478775653373961	0.0074271	0.00024
-0.1129	0.051	0.2677	-0.0042935099599060505	-0.0003106686068549907	-0.000593411945678072	1.104442	27.91724205	0.9917048	0.09061730476396031	0.00701582	0.00033
-0.1133	0.105	0.25	-0.004286528642898074	-0.0003316125578789226	-0.0006387905062299246	1.16689658	29.49592209	0.97340002	0.07576519142918808	0.00745928	0.00032
-0.1097	-0.0325	0.2825	-0.004169591583014453	-0.00033684854563490564	-0.0006684611035138282	1.17321444	29.65562057	1.03791155	0.1811921822461753	0.00771022	0.00032
-0.1117	0.0129	0.2962	-0.0043039819354180175	-0.0003089232776029963	-0.0006492624817418905	1.21698678	30.76206398	1.04663556	0.07017571211037062	0.00754732	0.00037
-0.1118	0.062	0.2791	-0.004754276882432553	-0.0002495820830351891	-0.0006824237375297829	1.11251748	28.12136841	1.0022904	0.09343986986851176	0.00751489	0.00019
-0.1195	-0.0416	0.2914	-0.0044628068973495	-0.00019024088846738194	-0.0008464846872172499	1.16716504	29.50270653	1.0313183	0.14934360646691636	0.00726324	0.00033
-0.1217	-0.0574	0.3065	-0.0043214352279379595	-0.00018675022996339323	-0.0008203047484373349	1.17702866	29.75203133	0.94918204	0.04165211333477222	0.00817251	0.00039
-0.1203	0.0777	0.2956	-0.00460766922526503	-0.00014486232791552936	-0.0008342673824532895	1.25990069	31.84680939	1.07044579	0.16450422666954448	0.00764126	0.00044
-0.1185	0.0083	0.2749	-0.004796164784480418	-7.504915783575618e-05	-0.0008011061266653974	1.16198063	29.37166023	1.01479235	0.10647349925415268	0.00729716	0.00043
-0.124	-0.077	0.3038	-0.004436626958569585	2.6179938779914945e-05	-0.0007888888219014368	1.13133895	28.59712219	0.99544147	0.14334921136452325	0.00760704	0.00029
-0.1227	0.0262	0.3031	-0.0042935099599060505	-3.490658503988659e-05	-0.000804596785169386	1.261711	31.89256859	0.9980474	0.11619557428756427	0.0082134	0.00039
-0.1196	0.0334	0.2989	-0.004822344723260333	-0.00010471975511965978	-0.0007504915783575615	1.28927505	32.58930969	0.99340978	0.04713765701229398	0.00717181	0.00021
-0.1208	0.0642	0.2804	-0.005188863866179142	-0.000148352986419518	-0.0007993607974134029	1.09731042	27.73697472	0.9758376	0.07345107966372544	0.00686067	0.00021
-0.1206	-0.0611	0.2885	-0.00451516677490933	-4.0142572795869576e-05	-0.0007644542123735164	1.2473526	31.52962685	1.04192541	0.17444070449666732	0.00766021	0.0002
-0.124	-0.1047	0.3107	-0.004309217923174	-1.2217304763960308e-05	-0.0008150687606813518	1.18497145	29.95280457	1.01098515	0.08342443340375377	0.00861013	0.00034
-0.121	0.0329	0.3103	-0.004839798015780276	-9.42477796076938e-05	-0.0007661995416255106	1.24772203	31.53896523	1.06607575	0.17407398932529247	0.00715858	0.0003
-0.1214	0.0555	0.2807	-0.005157447939643243	-7.330382858376184e-05	-0.0007731808586334879	1.12874746	28.53161812	0.98313969	0.06987875959474385	0.00665426	0.00023
-0.1215	-0.0427	0.2819	-0.004475024202113462	-9.075712110370512e-05	-0.0007853981633974483	1.20354354	30.42225647	1.02747991	0.13510471674068428	0.00746161	0.00026
-0.1184	-0.0918	0.3176	-0.004244640740850209	-2.6179938779914945e-05	-0.0007400196028455958	1.22953498	31.07924843	1.00320242	0.10491696020694474	0.00855875	0.00042
-0.1176	0.0522	0.3157	-0.004661774432076854	-7.853981633974481e-05	-0.0007278022980816354	1.25301981	31.67287827	1.11859167	0.1707855436775218	0.00761318	0.00026
-0.1186	0.0943	0.2908	-0.005101597403579425	-0.00013264502315156904	-0.0007190756518216638	1.09394348	27.65186882	0.97386955	0.09313274122871834	0.00746971	0.00023
-0.1193	-0.0188	0.2851	-0.0045483280306972225	-0.00013962634015954637	-0.0007225663103256524	1.20054913	30.34656525	1.01394942	0.1476870674197084	0.0069263	0.00026
-0.1215	-0.039	0.3159	-0.004365068459237818	3.141592653589793e-05	-0.0007766715171374765	1.14065015	28.8324852	0.99145185	0.07362035224833363	0.00791389	0.00028
-0.122	-0.0066	0.3106	-0.004455825580341524	9.773843811168246e-05	-0.0007068583470577034	1.14793372	29.01659203	0.974574	0.04954464013796323	0.00772554	0.00035
-0.12	0.0166	0.2924	-0.0052220251219670345	-8.203047484373349e-05	-0.0006859143960337716	1.10651493	27.96964073	0.99794055	0.09174562028024288	0.00729173	0.00029
-0.123	0.0068	0.2739	-0.004799655442984407	2.96705972839036e-05	-0.0007679448708775049	1.30239606	32.92097473	1.00130359	0.06210506129769992	0.00705081	0.00016
-0.1222	-0.0925	0.3036	-0.004351105825221863	6.806784082777885e-05	-0.000778416846389471	1.19464767	30.19739151	1.01728474	0.15467094184091923	0.00818235	0.00029
-0.1189	-0.0031	0.3097	-0.004571017310973149	-1.7453292519943296e-05	-0.000757472895365539	1.21609974	30.73964119	1.02266074	0.115118828506147	0.00753438	0.00026
-0.1162	0.1022	0.2897	-0.005166174585903216	-9.42477796076938e-05	-0.000752236907609556	1.1556561	29.2117939	1.04198268	0.16185938748869	0.00715089	0.00024
-0.1182	-0.0037	0.2755	-0.004612905213021013	-6.981317007977319e-05	-0.0007609635538695277	1.22191751	30.88669968	1.0170772	0.15142153143350476	0.00684136	0.0003
-0.1165	-0.039	0.3025	-0.004316199240181977	1.5707963267948964e-05	-0.0007609635538695277	1.17098081	29.59915924	0.98533239	0.08311135530933782	0.00751227	0.00032
-0.1155	0.0258	0.3051	-0.004796164784480418	-1.7453292519943296e-05	-0.0006422811647339132	1.17705238	29.75263214	0.99213065	0.09999045946109732	0.00693733	0.00024
-0.1181	0.0543	0.2894	-0.005181882549171164	-3.490658503988659e-05	-0.000710349005561692	1.06980884	27.0418129	0.9668652	0.07036194490192339	0.00704062	0.00015
-0.1234	-0.0902	0.305	-0.00451516677490933	6.806784082777885e-05	-0.0007592182246175333	1.160954	29.34570885	1.04477702	0.20632797095926703	0.00760645	0.00024
-0.1208	-0.0034	0.312	-0.004277801996638102	0.0001012290966156711	-0.0007417649320975902	1.17430496	29.68318367	0.98841071	0.11079896632895316	0.00748068	0.00032
-0.1204	0.0052	0.3091	-0.004906120527356061	0.0001012290966156711	-0.0007155849933176752	1.18297112	29.90224075	0.98169024	0.04462492347489369	0.00712955	0.00019
-0.1175	0.027	0.2834	-0.005157447939643243	7.504915783575618e-05	-0.0006702064327658224	1.11953068	28.29864311	0.9877628	0.06654429558094753	0.00705624	0.00018
-0.1191	-0.0169	0.2926	-0.004546582701445229	8.203047484373349e-05	-0.0007173303225696694	1.09463668	27.66939163	0.96731995	0.087948522250492	0.00677145	0.00039
-0.1208	-0.0141	0.3015	-0.0044540802510895285	4.18879020478639e-05	-0.0007435102613495844	1.28746068	32.5434494	0.96939549	0.021341248096574207	0.00825447	0.00032
-0.1186	0.0673	0.2917	-0.004892157893340105	3.141592653589793e-05	-0.0006824237375297829	1.30694592	33.03598022	1.02516645	0.11888180707911716	0.00729728	0.00029
-0.1176	0.0532	0.2761	-0.005134758659367318	3.4906585039886588e-06	-0.0007173303225696694	1.11421192	28.16419792	0.96899089	0.045971630954950445	0.00657165	0.00023
-0.1189	-0.0751	0.2939	-0.00449073216538141	1.7453292519943296e-05	-0.0008412486994612669	1.29753017	32.79797745	1.05099349	0.18649537524467305	0.00807512	0.00043
-0.1222	-0.0912	0.3128	-0.004251622057858187	0.00017627825445142725	-0.0008011061266653974	1.22567761	30.98174286	0.9912118	0.06020388211252884	0.00830817	0.00049
-0.1159	0.0166	0.3162	-0.004523893421169302	8.028514559173915e-05	-0.0007016223593017205	1.20502615	30.45973206	1.02379426	0.14088741197672394	0.0071215	0.00032
-0.113	0.0801	0.2881	-0.00493404579538797	-1.7453292519943294e-06	-0.0006318091892219474	1.20009696	30.33513641	0.98154441	0.12259980095710866	0.00697416	0.0002
-0.1162	0.0153	0.2779	-0.004440117617073575	6.9813170079773176e-06	-0.0007068583470577034	1.19804037	30.28314972	1.00191525	0.10708519912050617	0.00787967	0.00061
-0.1173	-0.1079	0.3101	-0.004310963252425994	0.0001012290966156711	-0.0006998770300497262	1.30249131	32.92338181	1.05442088	0.1680191730631626	0.00844812	0.00042
-0.119	-0.0603	0.3351	-0.004317944569433971	0.0002007128639793479	-0.0007243116395776468	1.10951436	28.04545784	0.97193314	0.08084498469497872	0.0084523	0.00032
-0.1177	-0.0363	0.3293	-0.0044820055191214375	2.792526803190927e-05	-0.0007731808586334879	1.13719058	28.74503708	0.94772235	0.05038588823453734	0.00802928	0.00026
-0.1186	0.0368	0.3129	-0.0050789081233034985	-1.7453292519943294e-06	-0.0007627088831215222	1.185426	29.96429443	1.00221586	0.12225225884889648	0.0077697	0.00034
-0.121	0.0388	0.2893	-0.004682718383100785	0.00018151424220741024	-0.000731292956585624	1.15220594	29.12458229	0.97791929	0.05854326190990081	0.00746763	0.00032
-0.1227	-0.1081	0.329	-0.004447098934081553	0.0001832595714594046	-0.0007295476273336296	1.20637643	30.49386406	1.06417621	0.20025550537616107	0.00918418	0.00058
-0.122	-0.023	0.3272	-0.004434881629317591	0.00021118483949131387	-0.0007888888219014368	1.16796267	29.52286911	0.97757106	0.09257418836818393	0.0077076	0.0003
-0.1191	0.0074	0.3248	-0.004953244417159907	3.316125578789226e-05	-0.0008098327729253688	1.17621136	29.73137283	1.00620102	0.0715665161284835	0.00825053	0.00028
-0.1228	-0.0007	0.2931	-0.004878195259324152	0.00011170107212763708	-0.000710349005561692	1.14244807	28.87792969	0.99019559	0.05615363707695881	0.00700581	0.00023
-0.1238	-0.1206	0.3248	-0.004461061568097506	0.00015533430342749534	-0.0007941248096574199	1.16906083	29.55062675	1.04153812	0.17982713633111147	0.00867999	0.00037
-0.1215	-0.0653	0.3376	-0.004431390970813603	9.42477796076938e-05	-0.0007714355293814937	1.19095147	30.10396194	0.96329309	0.07607232006898161	0.00803077	0.00029
-0.1201	0.0879	0.3312	-0.004815363406252355	0.00017104226669544429	-0.0006632251157578452	1.26686442	32.02283096	1.09733754	0.1894488668075076	0.00812823	0.00042
-0.1182	0.0359	0.3042	-0.004944517770899936	6.981317007977319e-05	-0.0007155849933176752	1.18229699	29.8852005	1.04180307	0.09503716694115406	0.00719333	0.00023
-0.1206	-0.0764	0.3347	-0.004583234615737109	0.00012740903539558605	-0.0007993607974134029	1.14919353	29.04843712	1.02372303	0.1703327412287183	0.00760317	0.00014
-0.12	-0.0488	0.3441	-0.00443837228782158	0.00012217304763960306	-0.0008290313946973065	1.25059509	31.61158752	0.95422876	0.04658844564777078	0.00821733	0.00029
-0.1209	0.0107	0.3458	-0.004735078260660616	0.00013788101090755203	-0.0007906341511534313	1.25288916	31.66957474	1.0252254	0.07964055898254296	0.00828892	0.00054
-0.1177	0.0471	0.3353	-0.0052447144022429604	-3.4906585039886588e-06	-0.0007958701389094143	1.18936515	30.06386375	1.05585583	0.08291218993749343	0.00769764	0.00034
-0.1183	-0.0815	0.339	-0.004721115626644662	0.0001239183768915974	-0.0008325220532012951	1.198403	30.29231644	1.062865	0.16728298626428828	0.00854439	0.00023
-0.1217	-0.0668	0.3589	-0.004534365396681268	0.0001972222054753592	-0.0008552113334772215	1.17083311	29.59542465	0.98697697	0.0521371669411541	0.00952393	0.00063
-0.1238	-0.0318	0.3625	-0.004766494187196514	0.00019024088846738194	-0.0008098327729253688	1.23077953	31.11070633	0.9849447	0.054924433403753775	0.00900513	0.0005
-0.1242	0.0421	0.3503	-0.005490805826774161	0.000148352986419518	-0.0007661995416255106	1.14412999	28.92044449	1.01510865	0.12699163864626845	0.00834256	0.0004
-0.1254	-0.0404	0.3379	-0.00486597795456019	0.0001064650843716541	-0.0008709192967451704	1.22751546	31.02820015	1.00555377	0.13467177646907477	0.00834948	0.0004
-0.127	-0.1127	0.3554	-0.004668755749084832	0.00027576202181510406	-0.0009128071987930344	1.18030441	29.83483315	1.02273122	0.11182035224833362	0.0100777	0.00053
-0.1252	-0.0274	0.3566	-0.004806636759992383	0.0001256637061435917	-0.0008272860654453122	1.19508827	30.20853043	1.00671284	0.10697502299633924	0.00812471	0.00034
-0.1231	0.0336	0.3459	-0.0054105206811824215	0.00010821041362364843	-0.0007906341511534313	1.09693313	27.72743797	0.98935577	0.10669945640009312	0.00763893	0.00019
-0.1254	-0.0466	0.3315	-0.004879940588576145	0.00011693705988362007	-0.0007749261878854823	1.1082499	28.01349449	0.97174337	0.1246507351067098	0.00719768	0.00033
-0.1281	-0.0734	0.3522	-0.004646066468808905	0.0002129301687433082	-0.000879645943005142	1.14295602	28.89076996	0.97473647	0.0719293491873294	0.00886613	0.00052
-0.1265	-0.0716	0.3591	-0.00481710873550435	0.00011519173063162575	-0.0008429940287132613	1.17755473	29.76532936	0.992405	0.025571630954950374	0.00804573	0.00034
-0.1212	0.0485	0.3406	-0.005518731094806069	-1.9198621771937625e-05	-0.0007086036763096977	1.18449175	29.94067764	1.05471861	0.19242015320544223	0.00733829	0.00018
-0.123	-0.0185	0.3275	-0.0052115531464550675	0.0	-0.0007696902001294993	1.12923133	28.54384804	0.9804906	0.10127315469713705	0.00690377	0.00035
-0.1255	-0.1137	0.3596	-0.005251695719250937	0.0001256637061435917	-0.0007976154681614085	1.21686733	30.75904274	1.040952	0.1394865773485685	0.00964129	0.00042
-0.1227	-0.075	0.3773	-0.005679301385989549	6.632251157578452e-05	-0.0007627088831215222	1.1892134	30.06002998	0.97943889	0.0852926723173153	0.00850821	0.00033
-0.1219	0.0313	0.3559	-0.006152285613280011	4.0142572795869576e-05	-0.0007138396640656808	1.18208528	29.87984848	1.03964047	0.15590166925631102	0.00789177	0.00025
-0.1258	-0.044	0.345	-0.0058869955669768725	6.981317007977319e-05	-0.0007225663103256524	1.12223101	28.36689758	1.0057662	0.10528436449235072	0.00821078	0.00023
-0.1294	-0.1062	0.3605	-0.0056042522281537915	0.00014311699866353502	-0.0008377580409572782	1.24630535	31.50315475	1.02891854	0.10486194490192344	0.00964665	0.0005
-0.1279	-0.0372	0.3667	-0.005743878568313338	0.00020943951023931956	-0.0008098327729253688	1.1881181	30.03234291	0.99447961	0.08839370598836205	0.00830823	0.00032
-0.123	0.0946	0.3556	-0.006359979794267337	0.0001186823891356144	-0.0007120943348136865	1.24646187	31.5071125	1.08241532	0.18802983925846928	0.0086388	0.00042
-0.126	0.0281	0.3344	-0.0060580378336723174	2.6179938779914945e-05	-0.0008203047484373349	1.13059986	28.57843971	0.97669969	0.11583274122871842	0.00730872	0.0003
-0.1305	-0.1137	0.3575	-0.0057037359955174685	0.00010821041362364843	-0.0008988445647770796	1.24251866	31.40743828	1.05703007	0.1951436064669164	0.00956959	0.00033
-0.1263	-0.0009	0.3612	-0.005836381018669037	0.0001064650843716541	-0.0008552113334772215	1.26235592	31.9088707	1.03212164	0.12960117918517108	0.00750577	0.00032
-0.1243	0.0357	0.3574	-0.006459463561631013	2.6179938779914945e-05	-0.0007714355293814937	1.1397289	28.80919838	0.99187657	0.08175717463247217	0.00795203	0.00028
-0.1257	0.0305	0.3424	-0.006082472443200237	-5.93411945678072e-05	-0.000874409955249159	1.09647965	27.71597672	0.94669517	0.04987433388230818	0.00696522	0.00019
-0.1266	-0.0693	0.3694	-0.005749114556069322	7.330382858376184e-05	-0.0009145525280450286	1.17124701	29.60588837	1.00479098	0.1530072741539177	0.00872785	0.0002
-0.1284	-0.0578	0.3773	-0.005794493116621174	4.886921905584123e-05	-0.0008412486994612669	1.20198178	30.38277817	0.97473603	0.02835584993317673	0.00829273	0.00034
-0.1243	0.0658	0.3751	-0.006386159733047251	-1.2217304763960308e-05	-0.0007627088831215222	1.22097409	30.86285019	1.08011376	0.1664646478292812	0.00865793	0.00026
-0.124	-0.0014	0.356	-0.006258750697651665	-0.0001186823891356144	-0.0008150687606813518	1.14116788	28.84556961	1.00221434	0.10091169986635348	0.00743359	0.00015
-0.1249	-0.0525	0.3717	-0.005818927726149094	-0.0001239183768915974	-0.0008569566627292158	1.12673533	28.48075676	0.97316449	0.09204734306532088	0.00817269	0.00019
-0.1265	0.0184	0.369	-0.005955063407804653	-4.71238898038469e-05	-0.0008237954069413235	1.19498217	30.20584679	1.00636508	0.08750457122656007	0.00808734	0.00025
-0.1207	0.0078	0.3538	-0.00654673002423073	-0.00010471975511965978	-0.0008185594191853405	1.1223762	28.37056923	0.98761095	0.06432492347489363	0.00811201	0.00024
-0.1254	-0.0325	0.3491	-0.0061295963330040846	-8.203047484373349e-05	-0.0007958701389094143	1.12684917	28.48363304	0.99533368	0.07282561258892489	0.00781095	0.00023
-0.1262	-0.0373	0.3619	-0.005813691738393112	-1.9198621771937625e-05	-0.0008429940287132613	1.16259468	29.38718033	0.95754558	0.039693016874330765	0.0085358	0.00033
-0.1312	-0.0181	0.3639	-0.005920156822764766	1.2217304763960308e-05	-0.0009180431865490173	1.20338786	30.4183197	0.98704315	0.03684650843716544	0.00860471	0.0003
-0.124	0.0	0.3694	-0.00661479786505851	-2.4434609527920616e-05	-0.0009529497715889039	1.18283534	29.89880943	1.00414338	0.06910997708127556	0.00846773	0.00038
-0.1243	-0.0208	0.3445	-0.006073745796940267	-0.00012740903539558605	-0.0008831366015091308	1.16047645	29.33363914	0.97660712	0.0816919832032841	0.00763959	0.00024
-0.1259	-0.0388	0.3608	-0.005782275811857213	-4.18879020478639e-05	-0.000874409955249159	1.16189408	29.3694706	0.97790269	0.055185888234537406	0.00867355	0.00038
-0.1234	0.0174	0.3666	-0.006161012259539982	-8.028514559173915e-05	-0.0008255407361933179	1.23941195	31.32891083	1.00462985	0.08780014551412424	0.00790119	0.00026
-0.124	0.0347	0.3568	-0.006518804756198821	-0.0001186823891356144	-0.0008255407361933179	1.08223021	27.35578918	0.98359792	0.04750948701013569	0.00782871	0.00025
-0.1261	-0.018	0.3666	-0.005982988675836561	-6.632251157578452e-05	-0.0009023352232810684	1.11201847	28.1087532	0.96650233	0.09784852225049198	0.00780404	0.00032
-0.1286	-0.0348	0.3814	-0.00585732496969297	5.235987755982988e-06	-0.0009494591130849152	1.17248142	29.63709068	0.9938739	0.04631730476396032	0.00884622	0.00039
-0.1246	0.0049	0.3787	-0.00598647933434055	-8.552113334772214e-05	-0.0008412486994612669	1.22095096	30.86226654	0.99594078	0.06280609496874673	0.008026	0.00029
-0.1258	0.0117	0.3652	-0.006586872597026601	-8.203047484373349e-05	-0.0008342673824532895	1.12096548	28.33490944	1.00257187	0.052043261909900766	0.00806201	0.00032
-0.1254	-0.0001	0.3492	-0.006101671064972177	-0.00014660765716752367	-0.0008168140899333463	1.31673217	33.2833519	1.03968015	0.056561600344907835	0.00818384	0.00024
-0.1282	-0.0867	0.3735	-0.005871287603708924	3.316125578789226e-05	-0.0009093165402890458	1.23481631	31.21274567	1.04379305	0.1388327412287184	0.00909209	0.00044
-0.1245	-0.0022	0.3833	-0.0062238441126117785	-6.45771823237902e-05	-0.000804596785169386	1.21463716	30.70267105	1.00590136	0.1257507351067098	0.00828791	0.00021
-0.1228	0.0636	0.3708	-0.006698573669154236	-8.901179185171081e-05	-0.0008464846872172499	1.11863267	28.27594185	0.98482345	0.10705260340591202	0.00829154	0.00025
-0.1245	0.0157	0.3454	-0.006169738905799955	-0.00012042771838760874	-0.0008831366015091308	1.22851241	31.05340004	0.99524206	0.104845130209103	0.0080409	0.00021
-0.1297	-0.1048	0.3786	-0.005923647481268755	6.632251157578452e-05	-0.0009285151620609833	1.27209175	32.15496445	1.03838568	0.18281101075232237	0.00951731	0.0004
-0.1285	-0.0073	0.3716	-0.005951572749300664	5.585053606381854e-05	-0.0009093165402890458	1.20084226	30.3539753	1.06922123	0.10857979326579063	0.00870186	0.00026
-0.1264	0.0384	0.381	-0.006585127267774605	-9.075712110370512e-05	-0.0008918632477691023	1.15030062	29.07642174	1.03767445	0.09708077340807043	0.00856346	0.00039
-0.1282	0.0977	0.3396	-0.0066374871453344355	-8.901179185171081e-05	-0.0008936085770210966	1.37009561	34.63223267	1.00507406	0.10529252680319091	0.00876147	0.00044
-0.1326	-0.0902	0.345	-0.006101671064972177	2.4434609527920616e-05	-0.0009424777960769379	1.33020639	33.62394333	1.11578445	0.2326065850398865	0.00844479	0.00026
-0.1317	-0.0805	0.3701	-0.005960299395560636	0.00010471975511965978	-0.0008604473212332044	1.16486776	29.44463921	1.00124328	0.050884364492350696	0.00906146	0.00042
-0.1341	0.044	0.3679	-0.006335545184739415	-7.155849933176751e-05	-0.000926769832808989	1.18706989	30.00584602	1.07124391	0.1599923277602995	0.0081287	0.00029
-0.1318	0.1071	0.343	-0.006639232474586429	-0.0001239183768915974	-0.0009093165402890458	1.30574763	33.00569153	0.99702371	0.10897502299633932	0.00894183	0.00032
-0.132	-0.0406	0.3417	-0.005963790054064624	4.886921905584123e-05	-0.0008412486994612669	1.33817565	33.82538223	1.11057596	0.19501489286485116	0.00801414	0.0003
-0.1321	-0.1147	0.3823	-0.006042329870404369	2.96705972839036e-05	-0.0008639379797371932	1.15424323	29.1760807	0.99515869	0.1208213859193804	0.00935447	0.00024
-0.1321	0.0194	0.3729	-0.006522295414702809	-2.268928027592628e-05	-0.0008604473212332044	1.16293907	29.39588737	1.02695585	0.17029080401811292	0.00826114	0.00035
-0.1311	0.0455	0.3456	-0.006714281632422186	-0.00011519173063162575	-0.0008674286382411819	1.17708814	29.75353622	0.97819907	0.06897349925415265	0.00819224	0.0003
-0.1357	-0.0903	0.3519	-0.006141813637768045	7.155849933176751e-05	-0.0009023352232810684	1.22887027	31.06244469	1.03794639	0.18640624048287097	0.00872046	0.00029
-0.1351	-0.0538	0.3763	-0.006080727113948244	0.00010297442586766544	-0.0008499753457212384	1.13142967	28.59941483	0.97054524	0.06874311639577647	0.00861073	0.00026
-0.1317	0.0706	0.3711	-0.006674139059626316	-4.0142572795869576e-05	-0.0008482300164692441	1.15462887	29.18582726	1.02260789	0.16991371367968003	0.00800151	0.0003
-0.131	0.0681	0.3348	-0.006632251157578452	-9.42477796076938e-05	-0.0008464846872172499	1.28494048	32.47974396	0.98836023	0.04438692190558415	0.00860935	0.00034
-0.1306	-0.0392	0.3392	-0.006031857894892403	6.9813170079773176e-06	-0.0008168140899333463	1.28168917	32.39756012	1.05405247	0.14866464782928115	0.00804067	0.00045
-0.1331	-0.1074	0.3669	-0.006176720222807932	0.00010297442586766544	-0.0008866272600131194	1.16804409	29.52492714	1.00916602	0.11393343034274953	0.00930709	0.00029
-0.1348	-0.056	0.3682	-0.006161012259539982	3.141592653589793e-05	-0.0009180431865490173	1.19476199	30.20028114	0.95989107	0.0603341194567808	0.00852489	0.00019
-0.1314	0.0119	0.3653	-0.006593853914034577	-4.0142572795869576e-05	-0.0009162978572970229	1.21023273	30.59134102	1.01589933	0.09950727415391789	0.00876206	0.00029
-0.1257	0.088	0.335	-0.006661921754862355	5.235987755982988e-06	-0.0008813912722571365	1.20496011	30.45806313	1.02267929	0.1195176493209758	0.00818604	0.00044
-0.1281	-0.0586	0.3569	-0.0062238441126117785	-0.00010297442586766544	-0.000900589894029074	1.1851387	29.95703316	1.05288949	0.19917433388230807	0.0081172	0.00023
-0.1309	-0.0255	0.369	-0.006080727113948244	-2.4434609527920616e-05	-0.0009669124056048585	1.21207023	30.63778496	0.97639585	0.06239896632895318	0.00885844	0.00029
-0.1272	0.0087	0.3729	-0.006511823439190843	-5.061454830783555e-05	-0.0008552113334772215	1.26957822	32.09143066	0.99896797	0.07024886680750754	0.00827354	0.00028
-0.1278	0.0365	0.3524	-0.006876597252857658	-0.00010471975511965978	-0.0007993607974134029	1.09527934	27.68563461	0.98187288	0.07263647782712288	0.00786185	0.0003
-0.131	-0.0398	0.3592	-0.006314601233715484	-6.632251157578452e-05	-0.0009180431865490173	1.10612226	27.95971489	0.97942063	0.12225378259108324	0.00776058	0.00028
-0.1356	-0.0597	0.3679	-0.006201154832335853	5.235987755982988e-06	-0.000900589894029074	1.13143885	28.59964752	0.96416575	0.04332290966156705	0.00878489	0.0004
-0.1293	0.0024	0.3603	-0.006724753607934152	-0.00010821041362364843	-0.0007609635538695277	1.21458268	30.70129395	1.01448776	0.11483357585687377	0.00818336	0.00026
-0.1324	-0.0154	0.3419	-0.006803293424273897	-7.853981633974481e-05	-0.0007976154681614085	1.09404194	27.65435791	0.9687712	0.04654311639577647	0.00797665	0.00023
-0.133	-0.0773	0.3525	-0.0063006385996995295	-1.9198621771937625e-05	-0.0008447393579652555	1.14706099	28.99453163	0.97467318	0.10355599544730106	0.0084154	0.0001
-0.1376	-0.0923	0.3605	-0.006276203990171609	-3.490658503988659e-05	-0.0009197885158010115	1.14129126	28.84869003	0.96538388	0.03335958653158128	0.00918436	0.00038
-0.1321	0.0206	0.3517	-0.006735225583446118	-0.0001361356816555577	-0.0008342673824532895	1.22902715	31.06641197	1.03958498	0.15948859116189507	0.00874722	0.00032
-0.1318	0.0552	0.3398	-0.007072074129081023	-0.00012217304763960306	-0.0008464846872172499	1.10364413	27.89707375	0.97481454	0.06495142422074102	0.00824618	0.00038
-0.1314	-0.0328	0.3391	-0.00642979296434711	-8.726646259971648e-05	-0.0009075712110370514	1.23265254	31.15805054	1.00642155	0.12601371367968003	0.00833869	0.00019
-0.1362	-0.0438	0.3614	-0.0062116268078478195	6.45771823237902e-05	-0.0009494591130849152	1.19577801	30.2259655	0.97422171	0.05869488517353304	0.00823992	0.00024
-0.1316	0.0297	0.3665	-0.006742206900454094	-2.4434609527920616e-05	-0.0008866272600131194	1.17892301	29.79991531	1.00505153	0.11732118687648901	0.00834745	0.00025
-0.1292	0.1119	0.3448	-0.007023204910025181	-0.00011344640137963142	-0.0008464846872172499	1.12397599	28.41100883	0.99521099	0.12680761871093335	0.00832736	0.0005
-0.1296	-0.0125	0.344	-0.00637743308678728	-8.028514559173915e-05	-0.000895353906273091	1.20443547	30.44479942	1.02040697	0.16199011490408172	0.00781679	0.00018
-0.1358	-0.1165	0.3718	-0.006326818538479445	3.839724354387525e-05	-0.0009494591130849152	1.17694438	29.74990082	1.01337057	0.14917010721276375	0.00961781	0.00043
-0.132	0.0006	0.3715	-0.006513568768442837	-8.901179185171081e-05	-0.0008761552845011534	1.19306469	30.15737915	1.02461679	0.14057315469713702	0.00826681	0.00025
-0.1281	0.0631	0.3539	-0.007033676885537148	-0.00017802358370342162	-0.0008098327729253688	1.11965775	28.30185318	0.99165054	0.11777212102609032	0.0085783	0.0003
-0.1299	-0.0559	0.3313	-0.006752678875966061	-0.00022689280275926284	-0.000905825881785057	1.26972032	32.09502029	1.01863795	0.16469301687433083	0.00826377	0.0004
-0.1313	-0.136	0.3564	-0.00628493063643158	-6.806784082777885e-05	-0.0009285151620609833	1.1731559	29.65414047	1.00626405	0.13906312408709456	0.0102891	0.00039
-0.1366	-0.0403	0.3633	-0.006192428186075881	0.00012217304763960306	-0.0009162978572970229	1.2133292	30.66960907	1.01765028	0.1226480321793521	0.00840497	0.00013
-0.1367	-0.0279	0.3663	-0.006742206900454094	-3.665191429188092e-05	-0.00091106186954104	1.11184907	28.10447311	0.9862812	0.051191983203283976	0.00875115	0.00039
-0.1324	-0.0007	0.3499	-0.007112216701876892	-0.00014486232791552936	-0.0009023352232810684	1.25274992	31.66605568	0.96443166	0.07224734306532093	0.00847304	0.0003
-0.134	-0.0366	0.3524	-0.0063721970990312975	-0.00011693705988362007	-0.0009721483933608416	1.1688894	29.54629517	0.99786716	0.08188790204786385	0.00906515	0.00037
-0.134	-0.0468	0.3694	-0.006279694648675598	6.9813170079773176e-06	-0.0009773843811168245	1.23149776	31.12886047	1.02030766	0.038282840750164	0.00883311	0.00025
-0.133	-0.0127	0.3784	-0.006921975813409511	-3.490658503988659e-05	-0.000932005820564972	1.10326767	27.88755798	0.98187744	0.08057738136668147	0.00903755	0.00047
-0.135	0.0406	0.3493	-0.006895795874629596	-2.268928027592628e-05	-0.0009075712110370514	1.34589493	34.020504	0.99057901	0.08754159265358982	0.00866002	0.00039
-0.1383	-0.0538	0.3614	-0.0063721970990312975	0.00020943951023931956	-0.0009302604913129776	1.24949765	31.58384895	1.02786184	0.14872084231947352	0.00933647	0.00043
-0.1325	-0.0002	0.3673	-0.006742206900454094	-1.2217304763960308e-05	-0.000890117918517108	1.24135554	31.37803841	1.06162106	0.09689045946109731	0.00877553	0.0003
-0.1347	0.0028	0.3663	-0.006990043654237291	-1.7453292519943296e-05	-0.000926769832808989	1.08067012	27.31635475	0.94894825	0.020686232791553023	0.00856328	0.00025
-0.1359	-0.0373	0.3626	-0.006410594342575173	-0.0	-0.0009861110273767962	1.22801054	31.04071236	0.98049355	0.07781218993749346	0.00930375	0.00043
-0.1366	-0.0425	0.3727	-0.006373942428283292	8.901179185171081e-05	-0.0009494591130849152	1.26387894	31.94736671	0.97854896	0.02411578102177362	0.00902796	0.00034
-0.1328	0.0077	0.3889	-0.006813765399785863	-2.96705972839036e-05	-0.0008936085770210966	1.16063082	29.33754158	0.99821745	0.1009177948351002	0.00924045	0.00037
-0.1331	0.0832	0.3598	-0.007030186227033159	-1.9198621771937625e-05	-0.0009145525280450286	1.13664234	28.73117828	0.98136715	0.11729183768915968	0.00880808	0.00052
-0.1367	-0.0331	0.3566	-0.006543239365726741	-1.2217304763960308e-05	-0.0009442231253289323	1.19301116	30.15602493	1.02364697	0.149279938779915	0.00923818	0.0004
-0.1401	-0.0182	0.3667	-0.006333799855487422	0.00023212879051524583	-0.0009512044423369096	1.20057249	30.34715462	0.97231854	0.05143834612632514	0.00892121	0.0004
-0.1346	0.0151	0.3829	-0.0068643799480936985	6.9813170079773176e-06	-0.000905825881785057	1.13743258	28.75115204	0.98779643	0.09505530633326986	0.00952131	0.00024
-0.134	0.0947	0.3634	-0.007305948248848264	-8.552113334772214e-05	-0.00091106186954104	1.11811149	28.26276779	0.9914473	0.12666533694331236	0.00903028	0.00044
-0.1374	0.0366	0.3333	-0.006752678875966061	-4.0142572795869576e-05	-0.0009669124056048585	1.21739233	30.77231407	0.98642686	0.12432492347489373	0.00872344	0.00038
-0.1376	-0.0766	0.3594	-0.006462954220135002	4.363323129985824e-05	-0.0009808750396208131	1.25185025	31.64331627	1.03463412	0.15887315469713703	0.00917226	0.00033
-0.1353	-0.0254	0.3778	-0.006625269840570476	-2.96705972839036e-05	-0.0009302604913129776	1.15091062	29.09184074	0.99245518	0.08621169986635356	0.00863063	0.00024
-0.1349	0.1024	0.3623	-0.007098254067860938	-0.00011170107212763708	-0.0009407324668249436	1.16094255	29.34542084	1.03306322	0.17197433388230812	0.00880116	0.00045
-0.1381	0.0483	0.3319	-0.006735225583446118	-0.0001291543646475804	-0.000932005820564972	1.26935506	32.08578873	1.01134438	0.10716042115973683	0.00870085	0.00043
-0.1394	-0.1067	0.3488	-0.006391395720803235	5.4105206811824215e-05	-0.0009564404300928925	1.30526066	32.9933815	1.08149506	0.20077620218151043	0.00917876	0.00035
-0.1384	0.0014	0.3619	-0.006785840131753953	-1.9198621771937625e-05	-0.0008621926504851988	1.18151641	29.86546898	1.03260107	0.15029980095710865	0.00871027	0.00029
-0.1384	0.1074	0.3344	-0.0070965087386089445	-8.901179185171081e-05	-0.000900589894029074	1.16253114	29.38557625	1.03539375	0.154443951023932	0.00875807	0.00057
-0.1381	-0.0196	0.3215	-0.0066043258895465435	-0.0002007128639793479	-0.000905825881785057	1.2350316	31.21818733	1.04635332	0.170655995447301	0.00850403	0.00042
-0.1387	-0.0597	0.3528	-0.006459463561631013	-9.599310885968811e-05	-0.0009023352232810684	1.20707321	30.51147461	0.98518612	0.08465363707695893	0.00904989	0.0005
-0.1383	-0.0129	0.3563	-0.006333799855487422	-5.759586531581287e-05	-0.0008813912722571365	1.17188382	29.62198448	1.00358859	0.059950245035569866	0.00902945	0.00042
-0.1369	0.0099	0.3527	-0.007042403531797119	-0.00015184364492350666	-0.0008587019919812101	1.13061154	28.57873726	1.01350423	0.06907703680966586	0.00945103	0.00039
-0.1404	0.046	0.3128	-0.0069254664719134995	-7.330382858376184e-05	-0.0008691739674931761	1.31116486	33.1426239	1.01638095	0.08979744258676654	0.00895566	0.00025
-0.1404	-0.0415	0.3317	-0.006403613025567195	0.0001256637061435917	-0.0008709192967451704	1.21959782	30.82806396	1.02719888	0.1425283155162826	0.0087539	0.00033
-0.1376	0.0003	0.3396	-0.006319837221471467	0.00012217304763960306	-0.000874409955249159	1.155442	29.20638084	0.98368522	0.05703785605518528	0.00883532	0.00042
-0.1378	0.013	0.3398	-0.007028440897781166	-0.00011344640137963142	-0.0009354964790689606	1.10994303	28.05629349	0.97187884	0.06336548245743673	0.00867194	0.00033
-0.1384	0.0908	0.3147	-0.006799802765769907	-4.363323129985824e-05	-0.0009442231253289323	1.32217157	33.42084503	0.99424301	0.11885889741755018	0.00880855	0.00061
-0.1415	-0.0422	0.3252	-0.006361725123519331	0.00014137166941154068	-0.0010105456369047167	1.28926992	32.58917999	1.07542532	0.181070252726888	0.00854433	0.00037
-0.1351	-0.0036	0.3451	-0.006675884388878311	6.981317007977319e-05	-0.0009093165402890458	1.19543755	30.21735954	1.01918499	0.0892473430653209	0.00816703	0.00019
-0.1363	0.0866	0.3315	-0.007007496946757234	-6.981317007977319e-05	-0.0009651670763528643	1.19380414	30.17607117	1.05042162	0.1313544717051144	0.00886697	0.00042
-0.1401	-0.0129	0.3242	-0.006487388829662923	-6.9813170079773176e-06	-0.0009843656981248017	1.2776581	32.29566574	1.05914264	0.14070692959690223	0.00806272	0.00026
-0.1415	-0.0809	0.3422	-0.006307619916707506	0.00014660765716752367	-0.0010245082709206715	1.26934028	32.08541489	1.00387888	0.10607502299633936	0.00860041	0.00024
-0.1384	-0.013	0.356	-0.006368706440527309	0.00017278759594743863	-0.0009721483933608416	1.15231967	29.12745667	0.99178005	0.09178131700797736	0.00788003	0.00016
-0.1376	0.0699	0.3494	-0.006965609044709369	-3.839724354387525e-05	-0.0009180431865490173	1.13763356	28.75623322	0.98349336	0.1334096325242599	0.00796384	0.00025
-0.1392	0.0569	0.3218	-0.00676838683923401	-0.00011693705988362007	-0.0009337511498169664	1.26344776	31.93646812	0.97871746	0.056773499254152655	0.00866717	0.00047
-0.1389	-0.0856	0.3364	-0.006398377037811212	8.901179185171081e-05	-0.000926769832808989	1.31429195	33.22166824	1.05949914	0.18654699850830528	0.00843465	0.00037
-0.1335	0.0051	0.3558	-0.0067928214487619305	-8.028514559173915e-05	-0.0009285151620609833	1.17154813	29.61349869	1.01109896	0.14377433388230815	0.00840849	0.0003
-0.1364	0.1149	0.3297	-0.007148868616168773	-0.00013962634015954637	-0.0009424777960769379	1.27479839	32.22338104	1.0770288	0.16026754979953023	0.00908089	0.00054
-0.136	0.0351	0.3188	-0.006750933546714066	-0.0001605702911834783	-0.0009634217471008699	1.19633853	30.24013329	1.01276987	0.11309114857512856	0.00861371	0.00037
-0.1389	-0.1095	0.3411	-0.006450736915371042	4.363323129985824e-05	-0.0010140362954087054	1.29848063	32.82200241	1.06591779	0.19755073510670984	0.00944	0.00038
-0.14	-0.0341	0.3613	-0.00684518132632176	2.792526803190927e-05	-0.0009913470151327792	1.14784312	29.01430321	0.99622366	0.11834208272472967	0.00873542	0.00033
-0.1401	0.0746	0.3367	-0.007093018080104955	-3.839724354387525e-05	-0.0009878563566287904	1.31689703	33.28751755	1.01531654	0.1492824961931484	0.00904876	0.00055
-0.1398	-0.0142	0.3317	-0.0065764006215146345	8.726646259971648e-05	-0.0009634217471008699	1.19630075	30.2391777	1.01841794	0.12743578871309164	0.00841808	0.00032
-0.1366	-0.023	0.3405	-0.006393141050055229	3.316125578789226e-05	-0.0009424777960769379	1.19372714	30.17412376	0.98719351	0.03371543646475813	0.00878018	0.00029
-0.1375	0.0252	0.3608	-0.007031931556285153	-0.00010821041362364843	-0.0009599310885968812	1.13951838	28.80387497	1.03149099	0.10928077340807042	0.00828534	0.00021
-0.1388	0.0848	0.3258	-0.0070581114950650685	-0.00011519173063162575	-0.0009686577348568529	1.29912651	32.83832932	0.97392742	0.09799439510239324	0.00856006	0.00029
-0.1367	-0.0351	0.3341	-0.006620033852814493	-5.585053606381854e-05	-0.0010192722831646884	1.2066288	30.50024223	1.03147802	0.157701669256311	0.00794393	0.00021
-0.1427	-0.0386	0.3531	-0.006358234465015343	9.250245035569947e-05	-0.000973893722612836	1.16714478	29.50219536	0.98609735	0.05127654673852603	0.00835532	0.00025
-0.1436	-0.0184	0.3597	-0.0065886179262785935	2.268928027592628e-05	-0.000926769832808989	1.09618771	27.70859718	0.96519276	0.045066026057343535	0.00807852	0.00015
-0.1413	0.0661	0.3357	-0.0070197142515211934	-4.537856055185256e-05	-0.0009389871375729493	1.3706032	34.64506149	1.03765773	0.13636907354171698	0.00882715	0.00039
-0.1462	0.0151	0.3172	-0.006611307206554521	0.00011170107212763708	-0.001001818990644745	1.19166124	30.12190437	0.99261081	0.1058159265358979	0.00785995	0.00019
-0.1415	0.0429	0.3242	-0.00645422757387503	0.00014311699866353502	-0.0009721483933608416	1.17340624	29.66046906	0.99556294	0.05040830782496466	0.00785154	0.00032
-0.144	0.0595	0.3302	-0.0068591439603377154	-3.4906585039886588e-06	-0.0009826203688728075	1.10836196	28.01632881	0.96344004	0.053199800957108766	0.00809348	0.00032
-0.1398	0.087	0.3166	-0.0071087260433729035	-0.0001186823891356144	-0.000921533845053006	1.25026894	31.60334396	0.98326978	0.06659301687433075	0.00920624	0.00043
-0.1433	-0.0231	0.3117	-0.006600835231042554	8.726646259971648e-05	-0.0009442231253289323	1.25747383	31.78546524	1.02692257	0.15532644721708033	0.00836414	0.00029
-0.1437	-0.0621	0.3463	-0.006471680866394974	0.00023561944901923448	-0.0009232791743050004	1.14378095	28.911623	0.99204168	0.08892256510455153	0.00904292	0.00039
-0.1428	0.0039	0.3441	-0.0067701321684860045	0.00014311699866353502	-0.0008936085770210966	1.10544455	27.94258308	0.96808992	0.09013121748653168	0.00848907	0.00038
-0.1415	0.0672	0.3309	-0.007082546104592989	2.6179938779914945e-05	-0.0009075712110370514	1.20821941	30.54044914	0.99744964	0.09996568150032797	0.00922424	0.00045
-0.1459	-0.0132	0.3114	-0.0065764006215146345	0.00020594885173533088	-0.0008988445647770796	1.20571315	30.47709656	1.01416012	0.1390320521146871	0.00831997	0.00028
-0.1489	-0.0075	0.3252	-0.0065764006215146345	0.00027925268031909274	-0.0009285151620609833	1.12666416	28.47895813	0.96701102	0.027648721293383263	0.00823528	0.00024
-0.1433	0.0451	0.324	-0.0071087260433729035	0.00010471975511965978	-0.0009372418083209549	1.21108401	30.61285782	0.96614394	0.09517924966588365	0.00855297	0.00028
-0.1418	0.0536	0.3108	-0.006824237375297828	7.330382858376184e-05	-0.0009040805525330626	1.1492877	29.05081749	0.97771204	0.04065329251994328	0.00805861	0.00032
-0.144	-0.0597	0.324	-0.006391395720803235	0.00019896753472735358	-0.0008970992355250854	1.20954442	30.57394218	1.02798591	0.15697433388230808	0.00861871	0.00028
-0.1459	-0.0047	0.3412	-0.0067648961807300215	0.000158824961931484	-0.0008866272600131194	1.13504744	28.69086266	0.9860194	0.0953057504117311	0.00833786	0.00019
-0.1446	0.0745	0.3225	-0.007021459580773188	2.4434609527920616e-05	-0.0008656833089891874	1.23386919	31.18880272	0.97743603	0.11979488517353308	0.00833207	0.00037
-0.142	0.0274	0.3184	-0.006595599243286571	0.00012740903539558605	-0.0009075712110370514	1.13736248	28.74938011	0.99220012	0.08233613327010732	0.00791717	0.00019
-0.1421	-0.0253	0.3309	-0.006387905062299246	0.0001884955592153876	-0.0008499753457212384	1.17732656	29.75956154	0.99175165	0.081618828506147	0.00812322	0.00021
-0.143	-0.0112	0.3476	-0.0065659286460026675	0.00012740903539558605	-0.0008848819307611251	1.10977948	28.05216026	0.9742102	0.04540083462815547	0.00852501	0.00016
-0.1406	0.068	0.3361	-0.007012732934513216	-1.2217304763960308e-05	-0.0009023352232810684	1.18435431	29.93720436	0.97589007	0.12329419605950188	0.00838667	0.00032
-0.1445	0.078	0.3172	-0.006679375047382299	6.283185307179586e-05	-0.000900589894029074	1.1411494	28.84510231	0.9742334	0.053307618710933376	0.00857365	0.00028
-0.1451	-0.041	0.3239	-0.00669159235214626	0.00011170107212763708	-0.0009250245035569946	1.22119868	30.86852837	1.03884538	0.13057605666738617	0.00850236	0.00016
-0.1384	0.0656	0.33	-0.007189011188964644	0.00012740903539558605	-0.0007993607974134029	1.18203568	29.87859726	1.05307038	0.15133952531149625	0.00941414	0.00038
-0.1348	0.1088	0.3521	-0.0070685834705770355	0.00014137166941154068	-0.0008237954069413235	1.15199304	29.11919975	0.98798677	0.07684124809657414	0.00949109	0.0005
-0.1355	0.2235	0.4279	-0.006866125277345693	0.0003106686068549907	-0.000890117918517108	1.49429572	37.77166748	1.14274072	0.2131038821125288	0.0164434	0.00579
-0.1245	0.0117	0.3696	-0.005595525581893821	0.00034906585039886593	-0.0010175269539126942	1.45935607	36.88848877	1.27346567	0.3529202987195667	0.011557	0.00163
-0.1284	-0.155	0.3409	-0.005265658353266893	-0.00010471975511965978	-0.0007731808586334879	1.39380491	35.23153687	1.19449888	0.250699946471233	0.0149153	0.00361
-0.1223	-0.112	0.3462	-0.006440264939859076	-0.00011170107212763708	-0.0007138396640656808	1.60887492	40.66791153	1.32078602	0.1164464549083984	0.0133623	0.00222
-0.1317	0.0086	0.359	-0.00574038790980935	-8.726646259971648e-05	-0.0007504915783575615	1.43309224	36.22461319	1.1582839	0.1808481776934764	0.0083937	0.00044
-0.1272	0.0084	0.3574	-0.005722934617289407	0.0001012290966156711	-0.0006649704450098395	1.06610775	26.94825935	0.95108228	0.020873499254152623	0.00899911	0.00045
-0.1248	-0.0216	0.3831	-0.005920156822764766	0.00023387411976724014	-0.0006754424205218055	1.1573211	29.25387955	0.98453095	0.07511696020694472	0.00924861	0.00082
-0.1258	-0.024	0.3872	-0.006154030942532006	0.00024260076602721178	-0.0006579891280018621	1.13058078	28.57795906	0.98967595	0.020502702927357726	0.00995505	0.00084
-0.1285	0.0065	0.3917	-0.006251769380643689	0.0002024581932313422	-0.0006894050545377602	1.13819993	28.77054977	0.98063149	0.04616484687217255	0.00889373	0.00063
-0.1275	-0.0502	0.3948	-0.006291911953439557	0.00011170107212763708	-0.0007120943348136865	1.26176786	31.89400673	0.99268319	0.06847944870877495	0.0106555	0.00084
-0.1268	0.0072	0.4046	-0.006620033852814493	0.00011170107212763708	-0.0007382742735936014	1.28120255	32.38526154	1.02028279	0.08561509190774257	0.00968522	0.00061
-0.1313	-0.0055	0.3996	-0.0070808007753409945	0.00018500490071139895	-0.0008255407361933179	1.12050664	28.32331085	1.00033692	0.053266860685499025	0.00975984	0.00062
-0.135	-0.0908	0.4023	-0.006761405522226033	0.00011519173063162575	-0.0008412486994612669	1.23568106	31.23460197	1.00489389	0.11194581932313416	0.0106883	0.00069
-0.1374	-0.0731	0.4204	-0.0066374871453344355	0.00020943951023931956	-0.0009442231253289323	1.18539989	29.96363449	0.98307518	0.05425702911834784	0.0112494	0.00071
-0.1366	-0.0128	0.4123	-0.006857398631085722	0.00013439035240356338	-0.0009023352232810684	1.18539548	29.96352386	0.99618432	0.08604242728174531	0.0102723	0.00086
-0.1388	0.0522	0.4018	-0.007154104603924756	0.000158824961931484	-0.0008552113334772215	1.08604288	27.4521637	0.97370569	0.09611322360854013	0.0100347	0.00062
-0.1378	-0.0523	0.4099	-0.006822492046045835	0.0002478367537831948	-0.0008988445647770796	1.27333498	32.18638992	1.03325331	0.13681287905152453	0.0119727	0.00092
-0.1443	-0.0226	0.4233	-0.006834709350809794	0.00040317105721069014	-0.0009250245035569946	1.23580027	31.23761749	1.01223485	0.059286577348568494	0.0116459	0.00092
-0.137	-0.0336	0.4398	-0.007428121296487867	0.00011693705988362007	-0.0009250245035569946	1.15253651	29.13293839	0.98446567	0.07878229715025714	0.0123454	0.00121
-0.1368	-0.0049	0.4272	-0.008009315937401978	4.537856055185256e-05	-0.0008970992355250854	1.14014268	28.81965637	0.96725332	0.07553392041388943	0.012219	0.00125
-0.1414	-0.0516	0.4216	-0.007689920684287015	0.0002007128639793479	-0.0009599310885968812	1.18341863	29.91355324	1.02824182	0.08377807048071276	0.0128518	0.00107
-0.1399	-0.073	0.4444	-0.007346090821644133	0.00028797932657906436	-0.0008656833089891874	1.22313225	30.91740227	1.01476941	0.07196720524251464	0.0130222	0.00117
-0.1413	-0.0816	0.4628	-0.007476990515543707	0.00026878070480712676	-0.0009075712110370514	1.11013019	28.06102371	0.9773862	0.03799931088596874	0.0133159	0.00095
-0.1394	-0.036	0.4474	-0.007475245186291714	0.00020943951023931956	-0.0008499753457212384	1.17745078	29.76270103	0.95970464	0.06883411945678063	0.0117961	0.00048
-0.1349	0.0052	0.434	-0.007874925584998414	0.0001239183768915974	-0.0007382742735936014	1.19101775	30.1056366	1.02486796	0.08894513020910298	0.0116516	0.00055
-0.1367	0.0176	0.4131	-0.008019787912913945	0.00015533430342749534	-0.0007452555906015787	1.12833679	28.52123642	0.9930999	0.044262978572970256	0.010772	0.00042
-0.1382	-0.0986	0.4228	-0.007670722062515079	9.075712110370512e-05	-0.0007993607974134029	1.14204967	28.86786079	1.01669601	0.150787411976724	0.0113251	0.00042
-0.1368	-0.0833	0.4389	-0.0074228853087318835	9.599310885968811e-05	-0.0009040805525330626	1.16188788	29.36931419	0.96449503	0.05068962483294187	0.0115007	0.00048
-0.1389	-0.0394	0.4391	-0.007541567697867498	9.773843811168246e-05	-0.0008936085770210966	1.16296542	29.39655304	0.98452913	0.05274498469497872	0.0108538	0.00039
-0.1323	0.0637	0.4232	-0.007960446718346137	3.316125578789226e-05	-0.0007295476273336296	1.23338461	31.17655563	1.09436035	0.1579758576244948	0.0107362	0.00045
-0.1376	0.0494	0.4036	-0.0078487456462185	0.0	-0.0008429940287132613	1.1365298	28.72833252	1.0258944	0.052115436464758094	0.00964725	0.0004
-0.1426	-0.0906	0.4272	-0.007480481174047695	0.00020420352248333657	-0.0009459684545809266	1.25760174	31.7886982	1.06947189	0.20237212102609037	0.0111539	0.00045
-0.1444	-0.0781	0.4259	-0.00740543201621194	0.0002251474735072685	-0.00091106186954104	1.1954726	30.21824455	0.974665	0.02214498469497872	0.0108811	0.0005
-0.141	-0.0145	0.4252	-0.007646287452987157	0.00011344640137963142	-0.000890117918517108	1.15418625	29.17464066	0.99813305	0.08637502299633933	0.0102305	0.00045
-0.1375	0.0557	0.4139	-0.008063421144213804	2.792526803190927e-05	-0.0008552113334772215	1.16622007	29.4788208	0.98307243	0.11187807048071276	0.00987804	0.00029
-0.1394	0.019	0.399	-0.007604399550939293	8.203047484373349e-05	-0.000895353906273091	1.16443205	29.43362617	0.98646988	0.08116346864411017	0.00979435	0.0004
-0.1405	-0.0889	0.4187	-0.007475245186291714	0.00017976891295541595	-0.0009162978572970229	1.25497425	31.7222805	1.02818775	0.14109183768915967	0.0108877	0.00029
-0.1379	0.0065	0.4201	-0.008117526351025627	7.155849933176751e-05	-0.0008482300164692441	1.14203978	28.86761093	1.01228999	0.140327970959267	0.0101272	0.00039
-0.137	0.0474	0.388	-0.007939502767322205	8.726646259971648e-06	-0.0007679448708775049	1.31764233	33.30635834	0.98597409	0.08995702911834777	0.0100352	0.00057
-0.14	-0.0676	0.4048	-0.007468263869283736	0.00022689280275926284	-0.0008970992355250854	1.28131795	32.38817596	1.03055833	0.17572797095926698	0.0100009	0.00044
-0.139	-0.0317	0.4258	-0.007398450699203962	0.0002181661564992912	-0.0007627088831215222	1.14613652	28.9711647	0.98261428	0.06854650843716548	0.0104179	0.00038
-0.1413	0.0364	0.4262	-0.007890633548266364	4.0142572795869576e-05	-0.000853466004225227	1.10431397	27.91400528	0.98948924	0.1088481776934764	0.010699	0.0004
-0.1392	0.0479	0.3952	-0.008080874436733746	-4.18879020478639e-05	-0.0007888888219014368	1.24750328	31.53343582	0.97257477	0.06144242728174536	0.0103496	0.00047
-0.1391	-0.0244	0.3947	-0.007543313027119492	0.0002303834612632515	-0.000804596785169386	1.20242262	30.3939209	1.00701834	0.11417703680966594	0.00976682	0.00037
-0.1389	-0.046	0.412	-0.007466518540031742	6.45771823237902e-05	-0.000736528944341607	1.11916196	28.2893219	0.97925703	0.0546334303427495	0.0106986	0.00024
-0.1412	-0.0031	0.4134	-0.007930776121062234	2.094395102393195e-05	-0.0007801621756414653	1.10221636	27.86098289	0.96628738	0.07417620218151043	0.0108809	0.00032
-0.143	0.0522	0.3897	-0.008011061266653973	2.268928027592628e-05	-0.0007470009198535729	1.3034339	32.9472084	0.99035465	0.0865595865315813	0.0110679	0.00057
-0.1406	-0.0217	0.3879	-0.007415903991723906	0.0001064650843716541	-0.0008604473212332044	1.24169981	31.38673973	1.00322234	0.1177189740202713	0.0102379	0.0003
-0.1403	-0.0129	0.4051	-0.007620107514207243	8.028514559173915e-05	-0.0008412486994612669	1.13737929	28.74980545	0.99841278	0.03877910415175946	0.0104159	0.00039
-0.1409	0.0448	0.3993	-0.008112290363269643	-1.5707963267948964e-05	-0.0008325220532012951	1.13528943	28.69698143	0.9664415	0.09394513020910301	0.0103905	0.00045
-0.145	0.0053	0.389	-0.007696902001294993	5.585053606381854e-05	-0.0009093165402890458	1.19633198	30.23996544	0.99529278	0.08208706741970838	0.0108248	0.00067
-0.1426	-0.0888	0.4013	-0.0075276050638515436	0.00012740903539558605	-0.0008779006137531476	1.28328478	32.43789291	1.04330922	0.12241356816555572	0.0113695	0.00055
-0.1454	-0.0409	0.4087	-0.007853981633974483	9.250245035569947e-05	-0.0009075712110370514	1.11593854	28.20784378	0.97898339	0.07764768762233652	0.0105399	0.00038
-0.1431	0.0491	0.3948	-0.008052949168701836	5.4105206811824215e-05	-0.0008377580409572782	1.34120405	33.90193176	1.00044958	0.12155889741755004	0.010421	0.0005
-0.1461	-0.03	0.382	-0.007630579489719209	0.0001605702911834783	-0.0008918632477691023	1.21433067	30.6949234	1.01140157	0.12404699850830524	0.00980455	0.00038
-0.1455	-0.1308	0.4061	-0.007529350393103537	0.0002251474735072685	-0.0008604473212332044	1.22560799	30.97998238	1.02912535	0.135361110273768	0.0120689	0.00066
-0.148	-0.0206	0.4153	-0.007796385768658669	0.00012740903539558605	-0.0009232791743050004	1.13256776	28.62818336	1.00713174	0.1432802833369305	0.0102898	0.00028
-0.1458	0.0813	0.392	-0.008290313946973065	7.853981633974481e-05	-0.0008203047484373349	1.31095386	33.13729095	1.0295225	0.15968859116189507	0.0108396	0.00092
-0.1435	-0.0243	0.3793	-0.007909832170038301	0.0001291543646475804	-0.000778416846389471	1.27220368	32.15779495	1.04843298	0.14424921136452315	0.0104429	0.00059
-0.1465	-0.1199	0.4173	-0.007855726963226478	0.0001239183768915974	-0.0008395033702092724	1.18066013	29.84382439	1.03668335	0.1426213859193804	0.0122049	0.00044
-0.1456	-0.0139	0.4184	-0.007824311036690578	6.806784082777885e-05	-0.0008604473212332044	1.19877911	30.30182266	0.99809604	0.11341052068118251	0.0107572	0.00042
-0.1461	0.0644	0.4006	-0.008311257897996997	9.773843811168246e-05	-0.000853466004225227	1.19472027	30.19922638	1.03768898	0.12277993877991496	0.0112862	0.00074
-0.147	0.0399	0.3758	-0.00808261976598574	0.000148352986419518	-0.0007923794804054256	1.14378691	28.91177177	0.98665165	0.06721696020694469	0.0108071	0.00055
-0.1475	-0.0611	0.3999	-0.007923794804054257	4.537856055185256e-05	-0.0008412486994612669	1.13643193	28.72585869	1.01171729	0.14113343034274944	0.0113668	0.00049
-0.1433	0.0169	0.3928	-0.008035495876181893	-5.585053606381854e-05	-0.0008098327729253688	1.29552817	32.74737167	0.99920945	0.10151730476396024	0.0110101	0.00044
-0.1418	0.0262	0.3729	-0.008185594191853404	3.839724354387525e-05	-0.0007906341511534313	1.20331419	30.41645813	0.98901122	0.04387723585255709	0.010892	0.00053
-0.1393	-0.0462	0.3865	-0.007874925584998414	-1.3962634015954635e-05	-0.000752236907609556	1.13076985	28.58273888	1.00012366	0.10857128639793476	0.0109956	0.00042
-0.1444	-0.0458	0.4089	-0.007881906902006392	4.537856055185256e-05	-0.0008342673824532895	1.07548189	27.18520927	0.95458865	0.035317649320975926	0.0111595	0.00048
-0.1444	0.0625	0.3876	-0.008398524360596713	5.235987755982988e-06	-0.0007923794804054256	1.2836076	32.44605255	1.03889556	0.1595323966717027	0.0113049	0.00067
-0.1447	0.0311	0.3696	-0.008269369995949134	5.585053606381854e-05	-0.0007731808586334879	1.20530522	30.46678543	1.01334691	0.059648376736367616	0.011061	0.00063
-0.1401	-0.0918	0.3894	-0.00786096295098246	-1.5707963267948964e-05	-0.0007086036763096977	1.15538728	29.20499802	1.03853298	0.1745271363311116	0.0114304	0.00066
-0.1397	-0.0209	0.3967	-0.00793775743807021	-7.853981633974481e-05	-0.0007225663103256524	1.14731002	29.00082779	0.99121008	0.08627944870877502	0.011063	0.0005
-0.1393	0.0562	0.4013	-0.008374089751068793	-0.00010471975511965978	-0.0007714355293814937	1.20518875	30.46384048	1.0343435	0.10766907354171693	0.0121691	0.00069
-0.1426	-0.026	0.3776	-0.008040731863937877	-4.363323129985824e-05	-0.0007347836150896127	1.18216789	29.88193703	1.02891178	0.13075481626212995	0.0114424	0.00049
-0.1425	-0.059	0.4011	-0.007876670914250409	-0.0001291543646475804	-0.000778416846389471	1.12586427	28.45873642	1.01207398	0.07126076571675247	0.0118842	0.00058
-0.1481	-0.0069	0.3959	-0.008154178265317507	-4.71238898038469e-05	-0.0007749261878854823	1.37513244	34.75954819	1.09404219	0.08105142422074109	0.0124533	0.00082
-0.1428	0.0562	0.3757	-0.008297295263981043	7.67944870877505e-05	-0.000757472895365539	1.22147226	30.8754425	1.03861454	0.10282443340375381	0.0114305	0.00068
-0.141	-0.023	0.3793	-0.007986626657126052	-5.061454830783555e-05	-0.0007173303225696694	1.16378212	29.41719627	1.00817569	0.10851101075232245	0.0105224	0.00045
-0.1448	-0.0487	0.4057	-0.007887142889762375	-1.3962634015954635e-05	-0.0008290313946973065	1.09117854	27.58197975	0.97214351	0.06829183768915975	0.0110175	0.00045
-0.1451	0.0078	0.4	-0.008068657131969784	4.71238898038469e-05	-0.0007470009198535729	1.23966837	31.33539009	1.00577662	0.07873156204354721	0.0114605	0.00061
-0.1422	0.0495	0.377	-0.008393288372840731	6.108652381980153e-05	-0.0007278022980816354	1.25945163	31.83545685	1.02425886	0.08548962483294198	0.011425	0.00063
-0.145	-0.0086	0.3821	-0.008058185156457818	8.901179185171081e-05	-0.0007592182246175333	1.10441065	27.9164505	0.98437179	0.085722220547536	0.0107371	0.00052
-0.1435	-0.0686	0.3995	-0.007916813487046278	8.726646259971648e-05	-0.0007853981633974483	1.25245607	31.65862846	1.01570189	0.08736484687217248	0.0121998	0.00058
-0.1436	0.016	0.3906	-0.008033750546929898	8.726646259971648e-05	-0.000783652834145454	1.21634817	30.74592018	1.01590379	0.09953411945678074	0.0110642	0.00049
-0.1399	0.0582	0.3789	-0.008363617775556827	0.000158824961931484	-0.0006754424205218055	1.18290639	29.90060425	1.00857192	0.08308180707911726	0.0119581	0.00079
-0.1472	-0.0342	0.3815	-0.008025023900669927	0.00012042771838760874	-0.0007714355293814937	1.1415683	28.85569382	1.01572016	0.1259492113645232	0.0107178	0.00043
-0.1453	-0.0177	0.3879	-0.007960446718346137	9.075712110370512e-05	-0.0008115781021773631	1.25164056	31.63801575	0.97683792	0.03151951762017813	0.0114679	0.00049
-0.1441	0.0547	0.3858	-0.008339183166028906	0.00011170107212763708	-0.0006719517620178169	1.32373309	33.4603157	1.03624412	0.1026653369433124	0.0114455	0.00077
-0.1428	0.0602	0.3705	-0.008539896030008255	0.00015707963267948963	-0.0006702064327658224	1.10217786	27.86001205	0.9758749	0.03449183768915975	0.011208	0.00066
-0.143	-0.0636	0.3835	-0.008058185156457818	8.37758040957278e-05	-0.0007609635538695277	1.18404782	29.92945671	1.04357577	0.16928859116189515	0.0114218	0.00044
-0.144	-0.0467	0.4049	-0.008077383778229757	0.00020594885173533088	-0.0007749261878854823	1.1624074	29.3824482	1.00084215	0.04706671517137483	0.0119661	0.00059
