trans_x	trans_y	trans_z	rot_x	rot_y	rot_z	dvars_std	dvars_nstd	dvars_vstd	framewise_displacement	aqi	aor
0.0	-0.0	0.0	-0.0	0.0	-0.0	n/a	n/a	n/a	n/a	0.0342558	0.02513
-0.0078	-0.038	0.059	-0.000153588974175501	0.00012042771838760874	2.6179938779914945e-05	1.09179091	26.52302933	1.02937278	0.11980983156715123	0.0326723	0.02372
-0.0103	-0.1245	0.0108	-9.599310885968811e-05	0.00010297442586766544	7.67944870877505e-05	1.14087021	27.71531868	1.06083073	0.14348318530717957	0.0285195	0.01626
-0.0132	-0.2583	-0.0486	-0.0003595378259108319	0.0005061454830783556	0.0003787364476827695	1.39890742	33.98385239	1.14065876	0.24453288674284265	0.0239487	0.01346
-0.0026	-0.1811	-0.0563	-0.0007400196028455958	0.0005131268000863328	0.0005061454830783556	1.32670701	32.22987747	1.08060472	0.12124360646691634	0.02397	0.00847
0.001	-0.1423	-0.0572	-0.0009529497715889039	0.0004485496177625427	0.0006876597252857658	1.28216219	31.14774323	1.03625033	0.06625107966372543	0.02604	0.00913
0.0054	-0.19	-0.0255	-0.001244419756671957	0.00035430183815484887	0.0008150687606813518	1.33767867	32.49641418	1.04960541	0.10945634000431664	0.0220286	0.00513
0.0086	-0.0693	-0.0213	-0.001785471824790199	0.0003944444109507184	0.0007871434926494425	1.28153956	31.13261795	1.07067783	0.15855599544730103	0.0241693	0.00698
-0.0024	-0.0214	-0.0134	-0.002082177797629235	0.00039968039870670147	0.00048520153205442357	1.13136113	27.48431396	1.01572063	0.0969941960595019	0.0268068	0.00735
-0.0198	-0.0862	0.055	-0.0023352505391684127	0.0005654866776461627	0.00034208453339088857	1.23551965	30.01465034	1.07029155	0.1786998009571087	0.0219557	0.004
-0.0279	-0.1427	0.0905	-0.002357939819444339	0.000645771823237902	0.0001605702911834783	1.20862901	29.36139107	1.03649219	0.11432443340375378	0.0193418	0.0029
-0.0227	-0.2127	0.0901	-0.0021223203704251047	0.000705113017805709	0.00017104226669544429	1.19804668	29.1043148	1.01510691	0.09087163095495036	0.0167548	0.00184
-0.0186	-0.2582	0.0681	-0.0019722220547535923	0.0004991641660703782	4.18879020478639e-05	1.14653373	27.85290337	1.0028546	0.09586007660272118	0.0160689	0.00179
-0.0163	-0.2871	0.0673	-0.0020263272615654165	0.0004188790204786391	0.0002530727415391778	1.29766381	31.52432632	1.04900504	0.04927875959474389	0.0173788	0.00216
-0.0221	-0.204	0.0968	-0.0027419122548830916	0.0006073745796940267	0.00015184364492350666	1.40685976	34.1770401	1.08381463	0.1686654824574367	0.0150813	0.00125
-0.0262	-0.1845	0.0865	-0.0026005405854715507	0.000577703982410123	0.0001291543646475804	1.16384137	28.2733593	1.01133986	0.043586577348568536	0.0152866	0.0013
-0.0196	-0.3066	0.0769	-0.002811725424962865	0.0005724679946541401	0.00019547687622336493	1.21659362	29.55487823	1.03936305	0.15243716694115403	0.013847	0.00076
-0.0201	-0.2645	0.0889	-0.0024190263432641405	0.0005550147021341969	0.0001937315469713706	1.22639012	29.79286575	1.00980595	0.0751948851735331	0.0142862	0.00115
-0.0233	-0.2563	0.0881	-0.0024975661596038853	0.0006108652381980154	0.0002199114857512855	1.18349922	28.75090981	0.98316881	0.020228514559173964	0.0132613	0.00103
-0.0279	-0.224	0.0704	-0.0028605946440187057	0.0006318091892219474	0.00019896753472735358	1.14357698	27.78107452	0.98852139	0.07484581932313418	0.0144013	0.00069
-0.0319	-0.1793	0.0685	-0.003040363556974122	0.0006928957130417488	0.0001675516081914556	1.26349843	30.69434357	1.02577776	0.0642135681655558	0.0152757	0.001
-0.0323	-0.2749	0.0691	-0.003298672286269283	0.000778416846389471	0.00012217304763960306	1.23362899	29.96871948	1.04013791	0.11606042115973676	0.0112504	0.00054
-0.0192	-0.2995	0.0323	-0.003164281933865719	0.000731292956585624	0.00041015237421866745	1.18086874	28.6870079	0.99337477	0.09797467843932381	0.0121651	0.00078
-0.0172	-0.3241	0.0504	-0.003232349774693498	0.0006946410422937432	0.00039095375244672985	1.22952676	29.86906433	1.01378676	0.05089591884457988	0.0125184	0.00079
-0.0246	-0.2327	0.0614	-0.0030962140930379405	0.0007539822368615504	0.00022165681500327985	1.373299	33.36174393	1.05128033	0.12803869068334076	0.0132636	0.00056
-0.0292	-0.1299	0.0454	-0.003565707661824415	0.0007871434926494425	4.363323129985824e-05	1.18380785	28.75840759	1.02247289	0.15743392041388943	0.0154776	0.00093
-0.0309	-0.1852	0.0424	-0.003570943649580398	0.000757472895365539	0.00015184364492350666	1.19437921	29.01521873	1.00209505	0.06715584993317678	0.0149719	0.00083
-0.0297	-0.2308	0.0367	-0.0031974431896536117	0.0008639379797371932	0.00011693705988362007	1.28602469	31.24157524	1.01790666	0.07824360646691635	0.0137783	0.00089
-0.0188	-0.2662	0.0393	-0.0033283428835531865	0.0006544984694978735	0.00022340214425527416	1.23221993	29.9344883	0.99250747	0.07124021442552742	0.0126244	0.00079
-0.0181	-0.1399	0.0131	-0.003454006589696778	0.000582939970166106	0.00023561944901923448	1.26881754	30.82356071	1.08186518	0.1636719755119659	0.0171015	0.00147
-0.0251	-0.0835	0.0093	-0.0036721727461960694	0.0008080874436733745	5.235987755982989e-05	1.33251297	32.37092209	1.06196941	0.0985286600732982	0.0184764	0.00157
-0.0225	-0.1749	0.0202	-0.0035412730522964946	0.0007644542123735164	5.93411945678072e-05	1.16640759	28.33570099	1.02725256	0.11397571211037053	0.0135433	0.00084
-0.0188	-0.3402	0.0372	-0.0035517450278084606	0.0006876597252857658	0.00019896753472735358	1.35696292	32.96488953	1.08490369	0.19734464013796316	0.0123303	0.00069
-0.0207	-0.3183	0.054	-0.003413864016900908	0.0006911503837897545	0.0002548180707911721	1.32427001	32.17067337	1.02488789	0.05046111027376796	0.0116053	0.00061
-0.0176	-0.1928	0.0442	-0.003478441199224699	0.0006963863715457374	8.726646259971648e-05	1.282076	31.14564896	1.07607133	0.15026823891356147	0.0140944	0.00106
-0.0205	-0.1903	0.0185	-0.0036582101121801144	0.0006946410422937432	0.00011519173063162575	1.20100141	29.17609215	1.01677974	0.04157197551196595	0.014585	0.001
-0.0269	-0.1254	0.0113	-0.0038938295611993493	0.0008220500776893293	5.235987755982989e-05	1.26727116	30.78599358	1.02104673	0.09979301687433081	0.0159063	0.00084
-0.0244	-0.1346	0.0022	-0.0038100537571036214	0.000874409955249159	-3.4906585039886588e-06	1.16012383	28.18304825	0.98157776	0.030399310885968794	0.0150934	0.00125
-0.0237	-0.2279	-0.0034	-0.003530801076784529	0.0008918632477691023	0.0001308996938995747	1.15761971	28.12221527	1.00617533	0.12115481626212996	0.0138882	0.00079
-0.0195	-0.3338	0.0213	-0.0034714598822167216	0.0008552113334772215	0.00019198621771937622	1.28910339	31.3163662	1.05390303	0.14265398163397447	0.0127334	0.00071
-0.0227	-0.2567	0.0384	-0.003565707661824415	0.0008499753457212384	0.00012042771838760874	1.33208585	32.36054611	1.01250053	0.1059521133347722	0.0123448	0.00052
-0.0208	-0.1957	0.0174	-0.003949680097263168	0.000804596785169386	3.316125578789226e-05	1.19080818	28.9284668	0.98885676	0.10973087292951604	0.0138102	0.00057
-0.0237	-0.1152	0.0033	-0.004141666314982544	0.0008377580409572782	3.490658503988659e-05	1.29636633	31.49280548	1.04431034	0.10884464013796313	0.0173581	0.00111
-0.0197	-0.1157	-0.0019	-0.003986332011555049	0.0009023352232810684	1.0471975511965975e-05	1.24464226	30.23626709	0.9945877	0.02191730476396029	0.0174134	0.00116
-0.0186	-0.2214	0.0112	-0.004246386070102203	0.0009389871375729493	1.3962634015954635e-05	1.22087419	29.65886497	1.02685791	0.1349098315671512	0.0119956	0.00069
-0.0079	-0.296	-0.0024	-0.0041277036809665895	0.0009407324668249436	0.0003787364476827695	1.18754745	28.84925461	1.00045464	0.12316007660272112	0.0131868	0.00057
-0.0019	-0.2389	0.0262	-0.004195771521794368	0.0007592182246175333	0.0005759586531581287	1.34459877	32.66452408	1.05312771	0.1140402144255274	0.0127094	0.00071
-0.01	-0.1276	0.0119	-0.004488986836129415	0.0007749261878854823	0.0002722713633111154	1.27156901	30.89040184	1.06810997	0.16433052837250048	0.0143973	0.00088
-0.0131	-0.1766	-0.0091	-0.004403465702781694	0.0009162978572970229	0.0003717551306747922	1.19307196	28.98346138	0.98324088	0.08941882850614696	0.0142041	0.00057
-0.0046	-0.2688	-0.0077	-0.004234168765338243	0.0008918632477691023	0.0007609635538695277	1.26685691	30.7759304	1.01550251	0.1312469985083053	0.0125242	0.00079
-0.0033	-0.2159	0.011	-0.004207988826558329	0.0009040805525330626	0.0006789330790257941	1.29693794	31.50669289	1.00698796	0.0789213859193804	0.01167	0.00052
-0.0109	-0.1972	-0.0044	-0.004516912104161324	0.000879645943005142	0.0004625122517784973	1.11806798	27.16137886	0.96382136	0.06918893571891066	0.0129765	0.00064
-0.0181	-0.1049	-0.013	-0.004574507969477138	0.0009337511498169664	0.000307177948351002	1.2844038	31.20219803	1.04479922	0.12145176877775664	0.0166997	0.00116
-0.0142	-0.22	0.0027	-0.004150392961242515	0.0009040805525330626	0.00035081117965086024	1.3116405	31.86386299	1.05675384	0.15957094184091924	0.0118636	0.00047
-0.0099	-0.2711	0.0124	-0.004377285764001779	0.0008237954069413235	0.0004415683007545654	1.19630289	29.06195068	0.9790419	0.08499675347273539	0.0106741	0.00035
-0.0124	-0.189	-0.0146	-0.004064871827894794	0.0009250245035569946	0.000445058959258554	1.29184103	31.38287163	1.04660469	0.13245668456133225	0.0153331	0.001
-0.0139	-0.0648	-0.0138	-0.004700171675620729	0.0009529497715889039	0.0002617993877991494	1.37560093	33.41766357	1.06874683	0.16882423436086247	0.0176995	0.00143
-0.0147	-0.0709	-0.0132	-0.005021312257987686	0.0008080874436733745	0.00019547687622336493	1.11054003	26.97850227	0.9620141	0.03411627109291355	0.0168988	0.00135
-0.0121	-0.1516	-0.0195	-0.004906120527356061	0.0009354964790689606	0.0003316125578789226	1.17825794	28.62358284	1.00039576	0.10853682238413846	0.0156575	0.00081
-0.0177	-0.2643	-0.0288	-0.004616395871525002	0.0011676252695842063	0.0006702064327658224	1.33004761	32.31103134	1.06476033	0.17062236606166015	0.0126279	0.00073
-0.0122	-0.2166	-0.005	-0.004581489286485115	0.0009337511498169664	0.0006073745796940267	1.24200737	30.17225838	1.01022091	0.09358062789394611	0.0122428	0.00052
-0.0108	-0.1443	-0.0114	-0.004953244417159907	0.0009162978572970229	0.0005026548245743669	1.22667861	29.79987335	1.05152025	0.10479640891571972	0.0158745	0.00106
-0.0165	-0.0858	-0.0125	-0.005225515780471023	0.0009756390518648303	0.0004136430327226561	1.27922535	31.07639885	1.03643401	0.08633121748653169	0.0171092	0.00128
-0.017	-0.213	-0.0093	-0.005400048705670456	0.0011100294042683937	0.0002740166925631097	1.22430432	29.74219513	1.05566202	0.15332748088812714	0.0113782	0.00052
-0.0123	-0.276	-0.0023	-0.005326744877086694	0.0009773843811168245	0.0003717551306747922	1.11663282	27.12651634	0.96861176	0.08988436449235072	0.0106648	0.00049
-0.005	-0.2603	-0.0014	-0.005033529562751646	0.0010454522219446034	0.0005148721293383271	1.19667542	29.07100296	1.00046928	0.04912000769131814	0.0124763	0.00081
-0.0119	-0.1561	0.0153	-0.004991641660703782	0.0010297442586766543	0.00039269908169872416	1.38630736	33.67775726	1.04827787	0.1367884456477708	0.0141282	0.00088
-0.0144	-0.1949	0.0072	-0.005342452840354642	0.001059414855960558	0.00029321531433504735	1.12239802	27.26657104	0.98361371	0.07339827721492198	0.0114626	0.00064
-0.0128	-0.2131	-0.0116	-0.005000368306963754	0.001090830782496456	0.0004049163864626844	1.17701864	28.59347725	0.98681136	0.06286007660272118	0.0132376	0.00067
-0.0108	-0.2243	0.002	-0.0048624872960562025	0.0010314895879286487	0.0004258603374866164	1.26824522	30.80965614	1.0143279	0.0377083078249645	0.0122591	0.00094
-0.0171	-0.2261	0.0046	-0.005122541354603357	0.0010960667702524388	0.00029496064358704166	1.19555163	29.04370117	1.00850617	0.033476546738525945	0.0113887	0.00064
-0.0163	-0.18	-0.0049	-0.005420992656694387	0.0010576695267085637	0.00035430183815484887	1.15597451	28.08224869	0.97964995	0.07620948701013562	0.0139419	0.00083
-0.0196	-0.0722	-0.0413	-0.005351179486614613	0.001129228026040331	0.00027750735106709843	1.30594194	31.72542953	1.083245	0.1584083078249645	0.0184345	0.00179
-0.0177	-0.0989	-0.0383	-0.005455899241734273	0.0011903145498601325	0.00021118483949131387	1.17081642	28.44280434	0.98357709	0.043206439525762315	0.0162216	0.00125
-0.0178	-0.2794	-0.0282	-0.005279620987282846	0.0011239920382843482	0.0003769911184307752	1.2906791	31.35464668	1.09837595	0.21112035224833364	0.0112446	0.00054
-0.0102	-0.237	-0.0256	-0.00518013721991917	0.0011623892818282235	0.000577703982410123	1.22163892	29.67744255	1.01567098	0.06952969374434495	0.0133632	0.00074
-0.0169	-0.1641	-0.0045	-0.0052778756580308525	0.0011536626355682519	0.0004520402762665313	1.36722708	33.21423721	1.02486768	0.11230643952576227	0.0140194	0.00069
-0.0194	-0.1593	-0.0126	-0.005733406592801372	0.0010716321607245184	0.0003874630939427412	1.15933311	28.16384125	0.98075943	0.04550692959690216	0.0135235	0.00074
-0.0133	-0.2379	-0.0164	-0.005391322059410484	0.001075122819228507	0.0004974188368183839	1.20450222	29.26113892	1.00147694	0.11127654673852598	0.012615	0.00059
-0.0156	-0.206	-0.0069	-0.005174901232163186	0.001075122819228507	0.0004991641660703782	1.29035449	31.3467617	1.00910353	0.054608307824964605	0.0126597	0.00057
-0.0163	-0.1307	-0.0107	-0.005455899241734273	0.0011013027580084218	0.0003717551306747922	1.18110633	28.69277954	1.00519265	0.10152934918732937	0.0159527	0.00093
-0.0201	-0.0879	-0.0231	-0.005728170605045389	0.0010419615634406148	0.00031415926535897925	1.18001926	28.6663723	1.00094785	0.07846042115973678	0.0172549	0.00128
-0.0189	-0.0905	-0.0273	-0.005883504908472884	0.0010210176124166828	0.00030194196059501896	1.20283914	29.22073746	0.99024136	0.017424777960769355	0.0166662	0.00118
-0.0192	-0.1098	-0.0263	-0.005609488215909776	0.0012339477811599909	0.00023911010752322313	1.17266357	28.48767853	0.97664733	0.048088935718910576	0.0147476	0.00076
-0.0158	-0.2581	-0.0143	-0.005539675045830002	0.0011501719770642632	0.0004328416544945937	1.25591636	30.51015091	1.06798459	0.1810660260573436	0.0111552	0.00054
-0.016	-0.2549	-0.0088	-0.005394812717914472	0.0011309733552923255	0.00041713369122664475	1.26486468	30.72753334	1.01248491	0.0178884456477708	0.0118666	0.00071
-0.0159	-0.1801	-0.0045	-0.005246459731494954	0.0011397000015522971	0.00034906585039886593	1.32514513	32.19193268	1.01735064	0.09045737367536345	0.0133671	0.00047
-0.0163	-0.0934	-0.0299	-0.0056374134839416844	0.001069886831472524	0.00024085543677521747	1.23322606	29.95893097	1.01619619	0.14094886680750762	0.0176722	0.00138
-0.0144	-0.1143	-0.0344	-0.005932374127528725	0.0011274826967883368	0.0001937315469713706	1.23893726	30.09767532	1.00151695	0.047284019935335035	0.016537	0.00115
-0.0119	-0.1224	-0.0318	-0.005670574739729577	0.0012164944886400475	0.00019198621771937622	1.25747728	30.54807091	1.0090754	0.03082782544514264	0.0156636	0.00113
-0.0079	-0.2677	-0.0126	-0.0056758107274855595	0.0010576695267085637	0.0003193952531149623	1.28309298	31.17035675	1.06825973	0.18307349925415256	0.0103149	0.00057
-0.0034	-0.2493	-0.0187	-0.005715953300281429	0.001165879940332212	0.0006771877497737998	1.21159923	29.43354797	1.00013814	0.05430727415391777	0.012426	0.00051
-0.005	-0.1881	-0.0041	-0.005705481324769463	0.0011885692206081383	0.0005044001538263612	1.35016441	32.79973221	1.01207615	0.08769744258676657	0.0123924	0.00062
-0.01	-0.1347	-0.0107	-0.006143558967020039	0.0011065387457644049	0.000296705972839036	1.1685493	28.38772964	0.99275079	0.10139011490408172	0.0134445	0.00073
-0.0049	-0.1461	-0.0211	-0.005852088981936987	0.0010890854532444615	0.0005201081170943102	1.20333278	29.23272896	1.00884481	0.05351627109291352	0.0149344	0.00083
-0.004	-0.2623	0.0094	-0.005811946409141117	0.0010733774899765126	0.0004677482395344803	1.33029866	32.31713104	1.06060186	0.1530105206811824	0.0101798	0.00052
-0.0066	-0.2286	0.0066	-0.006009168614616477	0.0010419615634406148	0.00038397243543875244	1.19243836	28.96807098	0.97935602	0.05472069680534927	0.0108712	0.00042
-0.0078	-0.1345	0.0015	-0.006089453760208215	0.001054178868204575	0.00034208453339088857	1.2296747	29.87265778	1.03307823	0.10711951762017809	0.0143674	0.001
-0.0087	-0.1661	-0.0096	-0.005796238445873169	0.0011397000015522971	0.0005235987755982988	1.25009251	30.36866951	1.00084812	0.07161253449450891	0.0129039	0.00084
-0.0053	-0.2185	-0.0131	-0.0058869955669768725	0.0011187560505283654	0.0005148721293383271	1.17302155	28.49637413	1.00377274	0.06532138591938036	0.0123201	0.00079
-0.007	-0.1469	-0.0323	-0.0057142079710294355	0.0011152653920243766	0.0005166174585903216	1.23508096	30.00399208	1.06132282	0.101401179185171	0.0158092	0.00123
-0.0143	-0.0741	-0.0302	-0.006005677956112489	0.001239183768915974	0.000312413936106985	1.31245935	31.88375664	1.02743442	0.11317959422289936	0.0187095	0.00194
-0.0092	-0.1401	-0.0185	-0.006635741816082441	0.0009948376736367678	0.00012740903539558605	1.12095249	27.23145485	1.00934134	0.13577074279802787	0.0137305	0.00074
-0.0054	-0.1942	-0.0342	-0.006194173515327876	0.0011833332328521555	0.000322885911618951	1.12953746	27.44001007	0.9799409	0.1148770368096659	0.0142152	0.00108
-0.0062	-0.2663	-0.0149	-0.0058747782622129135	0.0011903145498601325	0.000614355896702004	1.27861059	31.06146431	1.02398435	0.12309232776029956	0.011701	0.00064
-0.0055	-0.2672	-0.0009	-0.00596204472481263	0.0011274826967883368	0.0005899212871740833	1.22569525	29.77598381	0.98545785	0.024326646259971645	0.0104827	0.00032
-0.0024	-0.1477	-0.0161	-0.006024876577884425	0.0010035643198967395	0.0005707226654021458	1.33956802	32.54231262	1.09087698	0.14809744258676655	0.0159667	0.00153
-0.0051	-0.1691	-0.0004	-0.006382669074543263	0.0011222467090323538	0.00040317105721069014	1.34416187	32.65391159	1.03952622	0.07200132469929538	0.013504	0.00083
-0.0044	-0.1938	-0.0167	-0.006401867696315201	0.0011030480872604163	0.0003787364476827695	1.19542336	29.04058647	0.97685818	0.044841592653589835	0.012423	0.00067
0.0044	-0.2651	-0.0164	-0.006192428186075881	0.0011571532940722405	0.0006475171524898963	1.21866906	29.60529709	1.00031997	0.10701627109291353	0.0118884	0.00066
0.0008	-0.1761	0.0001	-0.006017895260876448	0.0010838494654884787	0.0006108652381980154	1.36779332	33.22799301	1.04202447	0.1233244334037538	0.0130855	0.00089
-0.006	-0.1723	-0.0013	-0.006431538293599104	0.0010629055144645468	0.000439822971502571	1.17963862	28.65712357	0.98777115	0.04228146252210162	0.0126541	0.00108
-0.0084	-0.1483	-0.0163	-0.00669159235214626	0.0011222467090323538	0.00028797932657906436	1.24461544	30.23561478	1.03807738	0.0649619449019235	0.0147554	0.00132
-0.0079	-0.0455	-0.0476	-0.006951646410693414	0.0011676252695842063	0.00022165681500327985	1.31801128	32.01863098	1.05310499	0.15318775653373953	0.0194917	0.00336
-0.0077	-0.0948	0.0117	-0.007316420224360229	0.000890117918517108	-0.0002373647782712288	1.221766	29.68053055	1.06803362	0.1638651379004211	0.0149605	0.0015
-0.0208	-0.2476	0.1431	-0.007126179335892847	0.0007347836150896127	-0.0010943214410004448	1.40984213	34.24948883	1.2766596	0.35742659273120464	0.0112375	0.00182
-0.0431	-0.4681	0.3795	-0.005859070298944964	0.0003700098014227979	-0.0021118483949131386	1.89264572	45.97830582	1.71075227	0.6116704902263695	0.0224695	0.02866
-0.0864	-0.6036	0.6668	-0.0038990655489553323	-8.203047484373349e-05	-0.0029688050576423546	1.95674968	47.53559113	1.8667509	0.629550084449269	0.052971	0.14181
-0.0811	-0.6731	0.6268	-0.004799655442984407	8.552113334772214e-05	-0.002258456052080662	1.67799664	40.76380539	1.40863972	0.20372452538911104	0.0534583	0.1121
-0.0543	-0.6003	0.4202	-0.005759586531581288	0.0003211405823669566	-0.0007766715171374765	1.75291491	42.58380508	1.58680332	0.4400667536279652	0.0282075	0.03077
-0.0274	-0.5229	0.2104	-0.0023404865269243957	0.0006003932626860494	0.00016231562043547262	1.77900386	43.21758652	1.55340644	0.5459669911274465	0.0191267	0.01204
-0.0162	-0.4399	0.1844	-0.0007086036763096977	0.0008098327729253688	0.0014695672301792255	1.54191887	37.45804977	1.28161476	0.2776286985298885	0.0225189	0.01346
0.0293	-0.0134	-0.0682	0.007063347482821051	-0.00034557519189487725	0.0026075219024795284	2.90804148	70.64545441	2.58187884	1.2278656898125648	0.0740103	0.13418
0.0208	-0.0885	0.0539	0.0036686820876920805	-0.0003385938748868999	0.0016318828506146981	1.66867483	40.5373497	1.60967528	0.4245642882000889	0.0467738	0.05533
0.0107	-0.2124	0.0857	0.0011344640137963143	-0.00013788101090755203	0.0012339477811599909	1.37858808	33.49023056	1.24482989	0.32244330036649105	0.0294361	0.01906
0.001	-0.1199	0.0483	-0.0002617993877991494	0.0004677482395344803	0.0009861110273767962	1.48325634	36.03295135	1.2116873	0.25208647029103454	0.0271829	0.01177
0.0021	-0.063	0.0	-0.0009285151620609833	0.0006161012259539982	0.0008429940287132613	1.23650491	30.03858566	1.06748771	0.15420928796724437	0.0264984	0.00897
0.0045	-0.3074	0.0383	-0.0012583823906879114	0.000609119908946021	0.000804596785169386	1.49830413	36.39850998	1.24226511	0.303862289458939	0.0177478	0.00297
0.0037	-0.2934	0.0645	-0.0011222467090323538	0.000598647933434055	0.0008255407361933179	1.32656395	32.22640228	1.04073308	0.04937758040957278	0.0186683	0.00278
0.0052	-0.2636	0.0799	-0.0011013027580084218	0.0005794493116621174	0.0006335545184739417	1.30273545	31.64753151	1.0163753	0.05830643952576228	0.0178857	0.00319
0.0041	-0.1897	0.0739	-0.0011379546723003027	0.0005585053606381855	0.0006702064327658224	1.31022942	31.82958412	1.0458118	0.08571238898038469	0.0217197	0.00525
0.0023	-0.2472	0.088	-0.0012531464029319286	0.0005462880558742252	0.0006492624817418905	1.33241904	32.3686409	1.04996016	0.0808176493209759	0.0199487	0.00405
0.0013	-0.1675	0.0854	-0.0018622663118779497	0.0005201081170943102	0.0005131268000863328	1.26442468	30.71684456	1.07298328	0.12187177646907466	0.019479	0.00435
-0.0076	-0.0881	0.0345	-0.002515019452123829	0.0007749261878854823	0.00043458698374658803	1.18410814	28.7657032	1.05334077	0.18850555136883984	0.0236112	0.00589
-0.0083	-0.1479	0.0323	-0.0026529004630313807	0.0008883725892651138	0.0005323254218582705	1.23482347	29.99773788	1.03957127	0.08015329251994328	0.0200503	0.00401
-0.0065	-0.2889	0.0638	-0.00243473430653209	0.000947713783832921	0.00062482787221397	1.35842323	33.0003624	1.10208229	0.19280049007113984	0.0151653	0.00191
-0.0024	-0.2892	0.0671	-0.002717477645355171	0.0009372418083209549	0.0007731808586334879	1.17167437	28.46364784	0.98821796	0.02977841503772828	0.0139207	0.00147
-0.0033	-0.2212	0.0537	-0.0026511551337793865	0.0008482300164692441	0.0008674286382411819	1.23404777	29.97889328	1.03192635	0.09477910415175948	0.0169371	0.00165
-0.0064	-0.1983	0.0599	-0.003068288825006031	0.0009232791743050004	0.0007016223593017205	1.33937395	32.53759766	1.03982436	0.06509945640009311	0.0153613	0.00138
-0.0027	-0.1326	0.0253	-0.0032934362985133003	0.0008237954069413235	0.0005602506898901797	1.18603253	28.81245232	1.02359051	0.12730014551412436	0.0169409	0.00207
-0.0043	-0.2571	0.0411	-0.0032882003107573173	0.0010053096491487337	0.0006597344572538566	1.31861758	32.03335953	1.0975381	0.15621169986635347	0.0160058	0.00196
-0.0007	-0.307	0.0851	-0.0031799898971336684	0.000947713783832921	0.0007120943348136865	1.32889771	32.28309631	1.05770532	0.10840830782496456	0.0137204	0.00155
-0.0008	-0.2702	0.0866	-0.0032829643230013338	0.0008883725892651138	0.0006684611035138282	1.18077743	28.68478966	0.99288206	0.04869744258676655	0.0135729	0.00133
-0.0021	-0.2396	0.0785	-0.003447025272688801	0.0008691739674931761	0.0006754424205218055	1.22476637	29.75341797	1.01056423	0.04951204442336911	0.0143969	0.00143
-0.0058	-0.1907	0.0949	-0.0038798669271833948	0.0008203047484373349	0.000582939970166106	1.29349506	31.42305374	1.02167762	0.09771066619530672	0.0133343	0.00105
-0.0062	-0.2653	0.0896	-0.004085815778918725	0.0008203047484373349	0.0004415683007545654	1.13540852	27.58263779	0.99849444	0.09766602605734351	0.0105212	0.00059
-0.0016	-0.3665	0.1023	-0.004262094033370152	0.0008482300164692441	0.0007243116395776468	1.22614563	29.78692436	1.01563437	0.1428473430653209	0.0110428	0.00076
-0.004	-0.3661	0.1281	-0.004159119607502487	0.0008255407361933179	0.0007557275661135446	1.26661766	30.77011871	1.00063799	0.036453981633974473	0.0108545	0.00067
-0.0034	-0.3295	0.1258	-0.004358087142229841	0.0006736970912698113	0.0005654866776461627	1.14152336	27.73118401	0.97774109	0.06655260340591208	0.0100917	0.00054
-0.0102	-0.2522	0.1153	-0.004403465702781694	0.0008377580409572782	0.00042760566673861073	1.20466447	29.26508141	1.02817087	0.11196602605734363	0.0112477	0.00056
-0.0102	-0.2167	0.0944	-0.004351105825221863	0.0008360127117052838	0.00032637657012293966	1.24758506	30.30775642	1.01679994	0.06416671517137477	0.0112146	0.00051
-0.0062	-0.2758	0.0929	-0.004207988826558329	0.0008290313946973065	0.0004363323129985824	1.14554214	27.82881355	0.97569664	0.07760270292735771	0.00993502	0.00047
-0.0017	-0.3897	0.0923	-0.004059635840138811	0.0008063421144213803	0.00062482787221397	1.2025733	29.21428108	1.01038485	0.13697689129554158	0.0103977	0.00057
-0.005	-0.269	0.1	-0.004136430327226561	0.0006998770300497262	0.0005340707511102648	1.3329581	32.38173676	1.04548572	0.14540083462815545	0.0102496	0.00042
-0.0021	-0.2505	0.0948	-0.004382521751757761	0.000752236907609556	0.0004014257279586958	1.14407039	27.7930603	0.96952429	0.048154816262129994	0.00909191	0.00037
0.0011	-0.3834	0.0963	-0.004389503068765739	0.0007016223593017205	0.000593411945678072	1.24721169	30.29868507	1.04033075	0.1500791041517595	0.00946391	0.0004
0.0024	-0.2612	0.0951	-0.0042324234360862495	0.0006963863715457374	0.000705113017805709	1.3451165	32.67710114	1.05445255	0.1384008346281555	0.0106301	0.00046
-0.0004	-0.2482	0.1124	-0.004541346713689245	0.0007086036763096977	0.0004520402762665313	1.21218586	29.44779778	0.9897683	0.06181066619530664	0.00918174	0.00035
-0.0064	-0.2105	0.081	-0.0047577675409365425	0.0007347836150896127	0.0003787364476827695	1.16357148	28.26680374	0.97869161	0.09089522973054873	0.0109302	0.00035
-0.0051	-0.2058	0.056	-0.004899139210348083	0.0008464846872172499	0.0004310963252425994	1.21018755	29.39925385	0.98850461	0.04627163095495036	0.011148	0.00052
-0.0072	-0.2998	0.0758	-0.004927064478379992	0.0009913470151327792	0.0005323254218582705	1.27761507	31.03728104	1.03084917	0.12960083462815547	0.00807244	0.0003
-0.0036	-0.4168	0.0877	-0.004782202150464463	0.0009494591130849152	0.000640535835481919	1.23135698	29.91352654	1.02538319	0.14724803217935206	0.00952876	0.00046
-0.0021	-0.3626	0.0854	-0.0046809730538487915	0.000973893722612836	0.0007504915783575615	1.2891016	31.31632233	1.02711074	0.06978097245096176	0.0097037	0.0004
-0.0042	-0.2605	0.1103	-0.0050893800988154655	0.0007016223593017205	0.0004363323129985824	1.32505965	32.18985748	1.04053289	0.1788418836818384	0.00848609	0.00025
-0.0046	-0.1849	0.0811	-0.005553637679845957	0.0007801621756414653	0.0003874630939427412	1.19915771	29.13130379	1.02885444	0.13478333082130384	0.0110153	0.00049
-0.0008	-0.3213	0.0672	-0.005501277802286126	0.0008587019919812101	0.0004415683007545654	1.26307011	30.68393707	1.07173399	0.16335024503556994	0.00800997	0.0004
0.0073	-0.4759	0.0755	-0.005960299395560636	0.0008726646259971648	0.000635299847725936	1.38353384	33.61037827	1.09346977	0.20433578871309177	0.00861442	0.00061
0.0095	-0.2959	0.0889	-0.005811946409141117	0.0006003932626860494	0.0005218534463463045	1.32497263	32.18774414	1.12962041	0.22230353755551327	0.00833094	0.00039
0.0152	-0.3316	0.0783	-0.005757841202329294	0.00047822021504644627	0.0005846852994181004	1.23915863	30.10305214	1.00278558	0.06395550537616114	0.00929999	0.0003
0.0051	-0.2496	0.0981	-0.006045820528908357	0.0007033676885537148	0.00026354471705114377	1.33950782	32.54084778	1.01305262	0.15361336912266443	0.00942701	0.00039
0.0039	-0.2895	0.0823	-0.006347762489503377	0.0007295476273336296	0.00016406094968746698	1.17980802	28.66123962	0.98241731	0.07828028333693057	0.00791168	0.00032
0.0099	-0.3483	0.0855	-0.006044075199656362	0.0007539822368615504	0.000466002910282486	1.17638242	28.578022	1.00538077	0.09950319299849776	0.00851059	0.00044
0.009	-0.3763	0.1007	-0.006023131248632432	0.0007906341511534313	0.0005148721293383271	1.29974163	31.57480431	0.99924416	0.04942325421858264	0.00818783	0.00029
0.0075	-0.3928	0.1089	-0.006511823439190843	0.000853466004225227	0.0004363323129985824	1.21081531	29.4145031	0.97444084	0.05770319299849757	0.00712419	0.00024
0.0042	-0.3869	0.1083	-0.006635741816082441	0.0007906341511534313	0.00034033920413889426	1.1978482	29.09949112	0.97627251	0.023937166941154036	0.00780141	0.00037
-0.0019	-0.2477	0.0915	-0.006757914863722044	0.0009197885158010115	0.00028797932657906436	1.36851358	33.24549103	1.07854387	0.17728436449235066	0.0090974	0.0003
0.0042	-0.2277	0.0691	-0.006794566778013924	0.0008656833089891874	0.00010821041362364843	1.17434072	28.52842331	0.97611236	0.06202630170295602	0.00928605	0.00039
0.0001	-0.3488	0.065	-0.006756169534470049	0.0009913470151327792	0.0002181661564992912	1.18479705	28.78244019	1.02221754	0.14300083462815544	0.00713348	0.0003
0.0054	-0.4676	0.0943	-0.006548475353482724	0.0008779006137531476	0.0004415683007545654	1.27150774	30.8889122	1.04294024	0.1806271363311116	0.008968	0.00062
0.0056	-0.3819	0.1149	-0.006370451769779303	0.0009232791743050004	0.0004328416544945937	1.39009488	33.76976776	1.06916271	0.11810643952576227	0.00837517	0.00032
0.0009	-0.3187	0.0904	-0.006633996486830446	0.000947713783832921	0.00034557519189487725	1.197703	29.09596443	0.99693632	0.11116228945893904	0.00912821	0.00029
0.0008	-0.3408	0.0874	-0.0069027771916375736	0.0009285151620609833	0.000307177948351002	1.24559224	30.25934601	0.99501454	0.04151882850614701	0.00855529	0.00059
0.0003	-0.2861	0.0786	-0.006780604143997971	0.0009843656981248017	0.0002495820830351891	1.26231039	30.66547966	0.99557002	0.07578097245096169	0.00816447	0.00047
0.0024	-0.3795	0.0806	-0.0064612088908830075	0.0010210176124166828	0.0004747295565424576	1.19634843	29.06305885	1.0078083	0.12655973204570564	0.00793767	0.00042
0.0108	-0.3798	0.0605	-0.006349507818755371	0.0008848819307611251	0.0006946410422937432	1.20956445	29.38411713	1.00295698	0.05218741197672404	0.0107265	0.00062
0.0035	-0.2658	0.0815	-0.006686356364390277	0.0009232791743050004	0.0003787364476827695	1.40682805	34.17626953	1.07246748	0.17685751918948775	0.00910604	0.00042
-0.0003	-0.2075	0.0669	-0.006873106594353669	0.0008499753457212384	0.00032812189937493397	1.17286682	28.49261475	0.98222023	0.09223343034274947	0.00987965	0.00054
0.0004	-0.3675	0.0788	-0.006752678875966061	0.0010262536001726657	0.00046425758103049166	1.29551613	31.47215271	1.06893612	0.19424208272472968	0.00946772	0.00035
0.0047	-0.429	0.1089	-0.006585127267774605	0.0009930923443847736	0.0005375614096142535	1.31288052	31.89398956	1.02486845	0.10960083462815548	0.00871879	0.00061
-0.0002	-0.3805	0.1023	-0.006705554986162213	0.001075122819228507	0.0003630284844148205	1.20575154	29.29148865	0.9875873	0.07884955592153872	0.00794578	0.00025
0.0004	-0.3344	0.1012	-0.006869615935849681	0.000921533845053006	0.0004380776422505767	1.22346127	29.72171402	0.98647049	0.06743495408493627	0.00845546	0.0004
-0.0011	-0.2868	0.1021	-0.007110471372624898	0.0010140362954087054	0.00032812189937493397	1.30133426	31.61349297	0.99135581	0.07216568150032797	0.00787795	0.00035
-0.0025	-0.3015	0.0882	-0.007297221602588292	0.0009773843811168245	0.00022340214425527416	1.10563648	26.85937881	0.96328266	0.04640609496874672	0.00734669	0.0003
-0.0018	-0.2921	0.0708	-0.0068643799480936985	0.0008691739674931761	0.00032812189937493397	1.12699413	27.37822533	0.95935471	0.059788591161895055	0.0086239	0.00024
-0.004	-0.4154	0.0901	-0.006558947328994691	0.001043706892692609	0.0005462880558742252	1.33948028	32.54018021	1.0663679	0.17970658503988657	0.00791764	0.00032
-0.0068	-0.3744	0.0976	-0.006581636609270616	0.00102799892942466	0.00040317105721069014	1.23220646	29.93416214	0.98097242	0.06037571211037044	0.00761509	0.00025
-0.0079	-0.2649	0.0638	-0.006250024051391693	0.0011431906600562858	0.00033335788713091696	1.30241609	31.63977432	1.062433	0.1702308729295161	0.0125573	0.00035
-0.0069	-0.2151	0.0738	-0.0067491882174620715	0.0009808750396208131	0.0003001966313430247	1.31616414	31.9737587	1.00903684	0.0955320521146872	0.00975001	0.00056
-0.0008	-0.2384	0.0787	-0.006960373056953386	0.000879645943005142	6.45771823237902e-05	1.15245771	27.99681473	0.98379139	0.06170166925631101	0.00883847	0.00027
0.0014	-0.3008	0.0753	-0.007161085920932734	0.0008691739674931761	0.000153588974175501	1.14192379	27.74091339	0.9687302	0.08300983156715122	0.00806129	0.00035
0.0024	-0.3936	0.0761	-0.006850417314077744	0.0010192722831646884	0.0003595378259108319	1.26688397	30.77658844	1.0124191	0.12793578871309166	0.00851876	0.00032
0.0023	-0.4688	0.1111	-0.00676838683923401	0.0010175269539126942	0.00047822021504644627	1.36425436	33.14202118	1.04585392	0.12042290966156712	0.00875407	0.00052
0.0021	-0.3785	0.0999	-0.006866125277345693	0.0009704030641088471	0.00048345620280242926	1.20800507	29.34623528	1.03342814	0.10920491578357566	0.00758022	0.00032
0.0014	-0.2724	0.1016	-0.006927211801165493	0.0009162978572970229	0.00037350045992678646	1.32105231	32.09250641	1.05213818	0.1197573736753634	0.00945443	0.00062
0.003	-0.297	0.111	-0.0070528755073090855	0.0009302604913129776	0.0002705260340591211	1.26389396	30.70395088	1.00000109	0.04773003830136064	0.00740308	0.00039
0.0004	-0.4878	0.1164	-0.007051130178057092	0.0010245082709206715	0.00034033920413889426	1.29091179	31.36029816	1.09163159	0.20709031394697308	0.00797772	0.00042
-0.0006	-0.3811	0.1017	-0.006782349473249965	0.0010367255756846318	0.00034208453339088857	1.26798177	30.80325699	1.04820526	0.13653716694115403	0.0083499	0.00049
-0.0055	-0.3401	0.125	-0.0070581114950650685	0.0010035643198967395	0.0002495820830351891	1.32894266	32.28418732	0.99704973	0.08927128639793473	0.00771582	0.00042
-0.0054	-0.3357	0.1111	-0.007298966931840286	0.0009564404300928925	0.00019198621771937622	1.10706604	26.89410973	0.94474665	0.03567875959474388	0.00688535	0.00019
0.0011	-0.42	0.0908	-0.0071087260433729035	0.0011833332328521555	0.0004310963252425994	1.23237693	29.93830299	1.00419848	0.14391218993749344	0.00891465	0.00039
-0.0004	-0.3597	0.1029	-0.006756169534470049	0.0010559241974565693	0.0003665191429188092	1.332798	32.37784576	1.01034545	0.1011271363311115	0.0083006	0.00044
-0.0004	-0.3021	0.1102	-0.007367034772668065	0.0009285151620609833	0.0002373647782712288	1.17104316	28.44831276	0.99857098	0.10827143191205912	0.00747687	0.00034
-0.0011	-0.3112	0.0949	-0.007470009198535731	0.0009075712110370514	0.0002652900463031381	1.1485914	27.90289116	0.97393086	0.03269218224617538	0.00766194	0.00029
-0.0051	-0.4427	0.0977	-0.007026695568529171	0.0010786134777324957	0.0004468042885105483	1.30741024	31.76109695	1.05022051	0.17809350694547071	0.00846374	0.00039
0.0008	-0.3787	0.1101	-0.007086036763096978	0.0010210176124166828	0.00033684854563490564	1.23687816	30.0476532	0.99389181	0.09364464013796317	0.00736439	0.00025
-0.0005	-0.3003	0.1029	-0.007379252077432025	0.0009634217471008699	0.0003385938748868999	1.18611538	28.81446648	0.98965635	0.10452782544514268	0.00830239	0.00037
0.002	-0.2654	0.0914	-0.007084291433844983	0.001001818990644745	0.00034557519189487725	1.25830114	30.56808281	0.99392944	0.06591696020694475	0.0087924	0.00051
0.0018	-0.469	0.1131	-0.007112216701876892	0.001001818990644745	0.00037350045992678646	1.37717807	33.45597839	1.14371641	0.22829252680319087	0.00758922	0.00034
0.0018	-0.4207	0.1022	-0.007230899091012506	0.0010140362954087054	0.0003193952531149623	1.17466688	28.53634453	0.98013692	0.06845024503556991	0.0086199	0.00037
-0.0008	-0.2827	0.1055	-0.007374016089676042	0.0009861110273767962	0.0002740166925631097	1.38353825	33.61048508	1.07073728	0.1547210413623649	0.00881362	0.00062
-0.0023	-0.3411	0.105	-0.0071069807141209106	0.0009512044423369096	0.0002583087292951608	1.27805388	31.04794121	1.02348526	0.07628249619314836	0.00694352	0.00035
-0.0012	-0.4365	0.0961	-0.007093018080104955	0.0010262536001726657	0.00033335788713091696	1.17519975	28.5492897	0.98541961	0.11360304748437336	0.00830442	0.00037
-0.0005	-0.3297	0.0766	-0.006904522520889568	0.0011222467090323538	0.00029496064358704166	1.28358948	31.18241692	1.03696407	0.14314429558094752	0.011402	0.00046
-0.0012	-0.2349	0.0909	-0.0075502943441274695	0.001075122819228507	0.0002617993877991494	1.35214114	32.84775162	1.02966621	0.14610284844148202	0.00958729	0.00046
0.0015	-0.3132	0.092	-0.007655014099247129	0.0009250245035569946	4.18879020478639e-05	1.12304068	27.28218269	0.97747091	0.10583647782712283	0.0074839	0.00037
0.002	-0.3175	0.0595	-0.007246607054280456	0.0010733774899765126	0.00032463124087094524	1.19908321	29.12949371	1.0045363	0.07927516851046362	0.00973272	0.00057
0.0087	-0.4033	0.0703	-0.006799802765769907	0.001001818990644745	0.0005323254218582705	1.34172845	32.59479523	1.04883618	0.13960284844148207	0.00910985	0.00049
0.0055	-0.3444	0.1029	-0.007103490055616921	0.00091106186954104	0.00034033920413889426	1.29789853	31.5300293	1.02380394	0.12402153143350476	0.00794232	0.00034
0.0016	-0.2765	0.0964	-0.007489207820307668	0.0008918632477691023	0.0001884955592153876	1.25679362	30.53146172	1.0080592	0.10613800156930948	0.00942647	0.00059
0.0053	-0.4108	0.0819	-0.007120943348136864	0.0009686577348568529	0.00042236967898262774	1.34217703	32.60569382	1.06615981	0.18644665395128968	0.00865519	0.00052
0.0038	-0.4235	0.0967	-0.0070581114950650685	0.0010122909661567112	0.0005427973973702365	1.31789386	32.01577759	0.99681366	0.04034464013796312	0.00768429	0.00027
0.0011	-0.2256	0.077	-0.00732863752912419	0.0009861110273767962	0.0003822271061867582	1.30768228	31.76770782	1.12600741	0.24316381320112568	0.0100908	0.00083
-0.0043	-0.2464	0.0743	-0.00736528944341607	0.0009913470151327792	0.00027750735106709843	1.21029091	29.40176582	1.02760221	0.036230382858376174	0.0101337	0.00051
-0.0058	-0.2573	0.0785	-0.007494443808063651	0.0009651670763528643	0.0002007128639793479	1.23211181	29.93186378	0.97613978	0.028206439525762263	0.0097366	0.00061
-0.0035	-0.3188	0.0823	-0.007581710270663368	0.0010471975511965976	9.599310885968811e-05	1.2315712	29.91872978	0.99842944	0.0813008346281555	0.00844657	0.00054
0.0036	-0.4483	0.0949	-0.007586946258419349	0.0008412486994612669	0.0003193952531149623	1.21007586	29.3965416	1.02142888	0.17092934918732933	0.00946748	0.00034
0.004	-0.4016	0.1038	-0.007506661112827611	0.0009250245035569946	0.000460766922526503	1.22493351	29.75747871	1.01110026	0.07127163095495029	0.00866872	0.00051
0.0044	-0.3636	0.1242	-0.007546803685623481	0.0009564404300928925	0.0004537856055185257	1.3276329	32.25236893	0.9956469	0.06272699081698728	0.00838143	0.00051
0.0026	-0.2223	0.094	-0.007693411342791005	0.0009599310885968812	0.00024609142453120044	1.22692502	29.80586052	1.04552443	0.19118962483294183	0.00962406	0.00056
0.0023	-0.2211	0.0855	-0.008047713180945854	0.000900589894029074	0.00015707963267948963	1.16162229	28.21945	0.96241349	0.035132741228718345	0.0113728	0.00089
0.0058	-0.3484	0.0961	-0.008023278571417934	0.0009512044423369096	0.00020594885173533088	1.28318655	31.1726284	1.04900209	0.14759591884457984	0.00940108	0.00056
0.0052	-0.4228	0.1063	-0.007276277651564359	0.0008552113334772215	0.0003438298626428829	1.35143185	32.83052063	1.03464778	0.13424375198104074	0.0083195	0.00061
0.0182	-0.2158	-0.012	-0.0024242623310201236	-2.792526803190927e-05	0.0008342673824532895	2.10251045	51.07657623	1.74803939	0.6495794720931888	0.0245511	0.02065
0.034	-0.2011	-0.0862	0.001408480706359424	-0.0007400196028455958	0.00039968039870670147	2.07659411	50.44698715	1.76993718	0.35367121779699107	0.039557	0.04232
0.0267	-0.0818	0.0131	0.00023561944901923448	-0.000783652834145454	0.00011693705988362007	1.5563978	37.80978775	1.34304012	0.30086189137315644	0.0330611	0.02274
0.0197	-0.1282	0.0495	-0.00048171087355043494	-0.000593411945678072	4.71238898038469e-05	1.30471361	31.69558716	1.08991111	0.13866921905584123	0.025463	0.01152
0.0184	-0.1566	0.0346	-0.001022762941668677	-0.0004485496177625427	-0.0001675516081914556	1.10639977	26.87792206	1.00396803	0.08962949470145366	0.0211726	0.00676
0.0163	-0.142	0.0362	-0.0017470745812463236	-0.0003665191429188092	-0.00029496064358704166	1.12826729	27.40915298	0.98922005	0.06498755749084831	0.0214998	0.00536
0.0142	-0.2405	0.0345	-0.0020699604928652747	-0.0002373647782712288	-0.00028274333882308137	1.23383534	29.97373199	1.03342706	0.12551287905152458	0.0185336	0.00253
0.0104	-0.3532	0.0666	-0.0026354471705114374	-0.00011344640137963142	-0.0001256637061435917	1.38766217	33.71067047	1.07396584	0.19092423436086248	0.0127717	0.00101
0.0141	-0.3919	0.086	-0.003321361566545209	-0.0001064650843716541	-9.250245035569947e-05	1.2334336	29.963974	1.00540338	0.09810284844148205	0.0104642	0.00069
0.0142	-0.2928	0.0804	-0.0034086280291449255	-1.3962634015954635e-05	0.00022340214425527416	1.30219996	31.6345253	1.072093	0.12958367537831947	0.0119208	0.00067
0.0135	-0.3039	0.0933	-0.003371976114853045	-8.552113334772214e-05	0.0001658062789394613	1.3180232	32.0189209	1.0054572	0.032990313946973035	0.0113817	0.00052
0.0135	-0.2596	0.095	-0.004375540434749784	-9.075712110370512e-05	1.3962634015954635e-05	1.144642	27.80694771	0.99620691	0.10403219762881143	0.00894487	0.00027
0.0073	-0.1672	0.0684	-0.004328416544945937	0.0001012290966156711	-0.00014311699866353502	1.21396077	29.49091721	1.03303371	0.14500948701013563	0.0144706	0.00074
0.0075	-0.1846	0.0725	-0.004480260189869444	0.0001291543646475804	-0.00015533430342749534	1.2442168	30.22593117	1.01237591	0.031299310885968795	0.0129666	0.00083
0.0067	-0.3703	0.0894	-0.0044156830075456534	0.0003106686068549907	-7.155849933176751e-05	1.33028352	32.31676102	1.12031833	0.2198933614313464	0.00822294	0.0004
0.0084	-0.4423	0.1259	-0.00529707427980279	0.0003438298626428829	0.0002478367537831948	1.20273757	29.21827126	1.01010567	0.1718973890579996	0.0085541	0.00037
0.004	-0.3545	0.1179	-0.005225515780471023	0.0004328416544945937	0.0003106686068549907	1.38746667	33.70592117	1.10795555	0.11137010721276373	0.0099389	0.00061
0.0029	-0.2746	0.1307	-0.005447172595474302	0.0003769911184307752	2.96705972839036e-05	1.34774995	32.74107742	1.03146182	0.1217252680319092	0.00795817	0.00027
0.0016	-0.3213	0.1162	-0.0057752944948492365	0.0003089232776029963	-1.0471975511965975e-05	1.24726188	30.29990578	0.99000257	0.08431661564992912	0.00814211	0.00032
0.0102	-0.3992	0.1196	-0.005448917924726297	0.0003385938748868999	0.0002007128639793479	1.26809692	30.80605507	1.01667576	0.11826160034490787	0.00855839	0.0003
0.0143	-0.4081	0.1511	-0.005550147021341968	0.00026878070480712676	0.00023911010752322313	1.30318236	31.65839005	0.99802457	0.05497197551196603	0.0076701	0.00032
0.0148	-0.3797	0.1506	-0.005822418384653083	0.00021467549799530252	5.585053606381854e-05	1.12244833	27.26779175	0.96953029	0.05488180707911722	0.00765216	0.0003
0.0079	-0.3164	0.162	-0.005918411493512772	0.00028797932657906436	-4.18879020478639e-05	1.2716738	30.89294815	1.03187314	0.0949517687777566	0.008412	0.00044
0.0051	-0.2802	0.1352	-0.005998696639104511	0.00027925268031909274	-0.00012042771838760874	1.27528942	30.98078346	0.99313466	0.07417758040957281	0.00837106	0.00027
0.0061	-0.3971	0.1049	-0.006185446869067903	0.0003892084231947355	-8.726646259971648e-05	1.20181656	29.19589615	1.04477847	0.16469336143134636	0.00746542	0.00034
0.0071	-0.4789	0.1213	-0.006274458660919614	0.0002670353755551324	0.0003316125578789226	1.17462766	28.53539276	1.01385431	0.13070319299849764	0.00865984	0.00035
0.0092	-0.4521	0.1376	-0.005914920835008782	0.00020769418098732522	0.00019896753472735358	1.22408545	29.73687744	1.00505926	0.0727762021815104	0.00831819	0.00044
-0.0053	-0.2599	0.1376	-0.005674065398233566	0.0002024581932313422	-0.00016929693744344995	1.44867158	35.19277954	1.12166711	0.23741779483510012	0.00940812	0.0003
-0.004	-0.2859	0.1129	-0.006190682856823887	0.00034208453339088857	-0.00018500490071139895	1.10014427	26.72595787	0.96580894	0.08559758810089081	0.00727469	0.00039
-0.0015	-0.2964	0.1015	-0.006124360345248102	0.0002583087292951608	-0.00017453292519943296	1.15674579	28.10098648	0.96856633	0.03242851455917394	0.00851715	0.00034
0.0086	-0.435	0.1209	-0.005928883469024737	0.00021467549799530252	0.00013264502315156904	1.32032764	32.07490158	1.06818714	0.19541440279371125	0.00773615	0.00022
0.0141	-0.4873	0.1365	-0.006019640590128442	0.0002513274122871834	0.0002303834612632515	1.22859108	29.84633446	1.00104919	0.08465737367536345	0.00771093	0.00037
0.0139	-0.3876	0.1189	-0.00632507320922745	0.00017453292519943296	0.00020943951023931956	1.25702143	30.53699684	1.04035187	0.13765855286053452	0.00776726	0.00024
0.0041	-0.2288	0.1269	-0.006361725123519331	0.0002705260340591211	-8.726646259971648e-06	1.41657937	34.41315842	1.09581802	0.19414055898254304	0.0102236	0.00066
0.0061	-0.304	0.1186	-0.006351253148007365	0.00041538836197465044	-0.00013264502315156904	1.19269514	28.97430801	1.02158967	0.09946263401595466	0.00769383	0.00029
0.0078	-0.4465	0.1062	-0.0062727133316676205	0.00042760566673861073	8.901179185171081e-05	1.33812308	32.50720978	1.04740557	0.17222069680534927	0.00915068	0.00049
0.0103	-0.4482	0.1275	-0.006176720222807932	0.00040840704496667313	0.000439822971502571	1.35421801	32.8982048	1.02547861	0.04880014551412429	0.00835532	0.00061
0.0084	-0.441	0.1344	-0.0062343160881237454	0.00038397243543875244	0.00031415926535897925	1.21416402	29.49585342	0.96512101	0.026384709049366267	0.00722152	0.00024
0.0052	-0.4664	0.1131	-0.005904448859496816	0.00034906585039886593	0.00028623399732707005	1.19579279	29.04955864	0.97332379	0.06953495408493622	0.00951701	0.00034
0.0007	-0.3792	0.147	-0.006448991586119048	0.00041189770347066176	0.0002129301687433082	1.31328785	31.90388298	1.0377552	0.15963392041388944	0.00800008	0.00044
0.0032	-0.3089	0.1384	-0.0065833819385226105	0.00027750735106709843	-0.00012217304763960306	1.15619874	28.08769608	1.00037432	0.11159419605950184	0.00698423	0.0003
0.0049	-0.3189	0.1298	-0.006654940437854378	0.00020420352248333657	-0.00015184364492350666	1.14526415	27.82205963	0.96763329	0.029026646259971638	0.00887132	0.00037
0.0034	-0.3577	0.1183	-0.0062727133316676205	0.0002617993877991494	-6.45771823237902e-05	1.25655329	30.52562332	0.98487162	0.0781544717051143	0.00955063	0.00037
0.0023	-0.4901	0.1384	-0.006326818538479445	0.0004206243497306334	0.00014486232791552936	1.29095125	31.36125755	1.05796875	0.17471848394913136	0.00884038	0.00047
0.0069	-0.4787	0.1473	-0.006492624817418905	0.00035430183815484887	0.0003944444109507184	1.18869174	28.87705421	0.98482309	0.04898554367752164	0.0092259	0.00056
0.0057	-0.3685	0.145	-0.006330309196983434	0.0003316125578789226	0.0003316125578789226	1.34164727	32.59282303	1.05045645	0.12609183768915963	0.0078668	0.00042
0.0065	-0.3504	0.1524	-0.006742206900454094	0.00029845130209103034	8.028514559173915e-05	1.17530978	28.55196381	0.98832558	0.061119318577286794	0.0068112	0.00022
0.0064	-0.379	0.1332	-0.006778858814745977	0.00021118483949131387	1.9198621771937625e-05	1.15619707	28.08765602	0.97536417	0.05715024503557006	0.00766927	0.00039
0.0053	-0.4243	0.1227	-0.006302383928951523	0.0003054326190990077	0.00015009831567151235	1.24099004	30.14754295	0.98642739	0.09198111796508611	0.00861758	0.00035
0.0096	-0.4174	0.1346	-0.00632507320922745	0.00028274333882308137	0.000153588974175501	1.24699605	30.29344749	0.98189701	0.025543460952792096	0.00751209	0.00032
0.0099	-0.4051	0.1305	-0.006415830330331155	0.00029321531433504735	0.00023561944901923448	1.13377166	27.54287148	0.96282454	0.025862978572970173	0.00763071	0.00046
0.0045	-0.3538	0.1463	-0.006709045644666203	0.00027925268031909274	0.00013264502315156904	1.28973579	31.33172989	1.0124237	0.09300761871093342	0.00821334	0.0004
0.0041	-0.2866	0.1233	-0.006784094802501958	0.0004328416544945937	3.316125578789226e-05	1.21882939	29.60919189	0.99823184	0.10700609496874663	0.00770432	0.00032
0.0016	-0.3992	0.1152	-0.0060685098091842835	0.0003874630939427412	-0.00012217304763960306	1.22070324	29.65471268	1.04380815	0.1690148928648511	0.00780982	0.00035
-0.0046	-0.4121	0.1027	-0.006150540284028017	0.0004468042885105483	6.981317007977319e-05	1.27347744	30.93676376	1.05401192	0.04826789435654585	0.00879407	0.00062
-0.005	-0.1961	0.0854	-0.006504842122182866	0.00046949356878647465	-9.599310885968811e-05	1.51688182	36.84981918	1.19712216	0.2608398698685118	0.00995958	0.00049
-0.0056	-0.181	0.04	-0.006633996486830446	0.00045902159327450867	-0.00016231562043547262	1.09600973	26.62551689	0.96799265	0.07139744258676656	0.0105082	0.00051
0.0059	-0.3307	0.0415	-0.006134832320760068	0.0004572762640225143	0.0001239183768915974	1.31046247	31.83524704	1.06994043	0.20205717463247216	0.00985396	0.00039
0.007	-0.4704	0.1056	-0.006113888369736136	0.00035081117965086024	0.00024260076602721178	1.40713787	34.18379593	1.1119391	0.21720457122655995	0.00864351	0.00042
0.0097	-0.3702	0.1114	-0.006295402611943547	0.0003054326190990077	0.0001605702911834783	1.23897004	30.09847069	1.04881872	0.12414616388014985	0.00683492	0.00029
0.011	-0.3607	0.1063	-0.00665144977935039	0.000312413936106985	0.00015184364492350666	1.23306882	29.95511055	0.99144073	0.034487756533739526	0.00767797	0.00032
0.0063	-0.2978	0.1046	-0.006960373056953386	0.0003717551306747922	-3.490658503988659e-05	1.33540475	32.44117355	1.0111846	0.09705073510670986	0.00741196	0.0002
0.009	-0.3707	0.0911	-0.006647959120846402	0.0004974188368183839	7.853981633974481e-05	1.16971004	28.41592789	0.97998658	0.11667620218151031	0.00639248	0.00025
0.0118	-0.452	0.1033	-0.00650658745143486	0.000466002910282486	0.00021642082724729686	1.25358725	30.4535675	0.9992265	0.1118334303427496	0.00814873	0.00029
0.0112	-0.3386	0.1198	-0.0064332836228510985	0.00038397243543875244	9.599310885968811e-05	1.38359678	33.61190796	1.03861592	0.1442881010907552	0.00698358	0.0002
0.0093	-0.3124	0.1134	-0.0069533917399454085	0.0003351032163829112	-1.7453292519943296e-05	1.12316179	27.28512383	0.96084683	0.06862118687648913	0.00682425	0.0002
0.0072	-0.3378	0.0985	-0.006862634618841703	0.0003961897402027128	-1.7453292519943294e-06	1.17719269	28.59770584	0.97366753	0.05077758040957277	0.00735933	0.00044
0.0099	-0.4444	0.1128	-0.0064280476350951155	0.00046949356878647465	6.632251157578452e-05	1.30740952	31.7610817	1.02443529	0.15239793265790644	0.00772631	0.00037
0.0091	-0.3866	0.1093	-0.006633996486830446	0.0003822271061867582	1.0471975511965975e-05	1.19354141	28.99486732	0.9879457	0.07955329251994332	0.00724816	0.00034
0.0111	-0.2918	0.0898	-0.006668903071870333	0.00032637657012293966	1.2217304763960308e-05	1.22393167	29.73314285	1.0255027	0.12092512251778494	0.00961804	0.00025
0.006	-0.2659	0.0797	-0.006878342582109652	0.0003682644721708035	-1.9198621771937625e-05	1.28530514	31.2240963	1.00678709	0.055237166941154034	0.00936091	0.00032
0.0058	-0.3426	0.0771	-0.007117452689632876	0.0003944444109507184	-9.599310885968811e-05	1.17896712	28.64081192	1.00967856	0.09660422666954446	0.00698906	0.00022
0.0098	-0.4225	0.077	-0.00680852941202988	0.00045902159327450867	6.108652381980153e-05	1.16152918	28.21718979	0.99222818	0.11052900463031377	0.00782961	0.00035
0.0124	-0.389	0.0399	-0.006468190207890985	0.000439822971502571	0.0003211405823669566	1.29726231	31.51457214	1.04402425	0.10417959422289932	0.00880373	0.00039
0.019	-0.2472	0.0414	-0.007040658202545125	0.00034208453339088857	8.901179185171081e-05	1.37707245	33.4534111	1.0752333	0.19501676116405336	0.00896966	0.00027
0.0158	-0.2415	0.0385	-0.006904522520889568	0.00034557519189487725	2.6179938779914945e-05	1.1417954	27.73779297	0.96491098	0.021922909661567055	0.00956672	0.00047
0.0184	-0.3824	0.0642	-0.006585127267774605	0.00034208453339088857	0.00019198621771937622	1.35058451	32.80993652	1.06506624	0.19363460952792064	0.00850105	0.00039
0.0204	-0.4193	0.1147	-0.00669159235214626	0.00038571776469074686	0.00017278759594743863	1.37693167	33.44999313	1.0216826	0.0978648468721725	0.00683498	0.00022
0.0174	-0.3799	0.1013	-0.006979571678725324	0.00019547687622336493	0.00012042771838760874	1.14010453	27.69671822	0.96486528	0.08232900463031377	0.0066644	0.00019
0.0124	-0.2443	0.0935	-0.007038912873293131	0.00027925268031909274	-2.4434609527920616e-05	1.35097957	32.8195343	1.06438279	0.16279896632895324	0.00934774	0.00059
0.0143	-0.3261	0.091	-0.006724753607934152	0.00027925268031909274	9.42477796076938e-05	1.30692661	31.74934769	1.01836479	0.10784208272472968	0.00720549	0.00039
0.0161	-0.4216	0.0983	-0.007037167544041136	0.00022165681500327985	0.0001291543646475804	1.25436985	30.47257996	1.03270964	0.12484581932313416	0.0075171	0.00024
0.011	-0.3452	0.1023	-0.007168067237940712	0.0002530727415391778	-4.363323129985824e-05	1.25550759	30.50021935	1.02364882	0.10225516081914555	0.00769192	0.00029
0.0088	-0.2744	0.0844	-0.007089527421600967	0.00023561944901923448	-0.00020420352248333657	1.30342746	31.66434479	1.01359	0.10372817000215832	0.00920635	0.00047
0.0076	-0.2614	0.0737	-0.007407177345463934	0.0003385938748868999	-0.00022863813201125715	1.11078143	26.98436737	0.96923404	0.04715294796292764	0.00798082	0.00044
0.0089	-0.2887	0.0736	-0.007419394650227894	0.00017104226669544429	-0.00024085543677521747	1.13821959	27.65092659	0.969827	0.038299310885968794	0.00909722	0.00032
0.0152	-0.3469	0.0723	-0.007065092812073046	0.00022340214425527416	-0.00013788101090755203	1.26161325	30.64854622	1.00063157	0.09128180707911712	0.00818807	0.00034
0.0241	-0.4403	0.1004	-0.007059856824317063	2.268928027592628e-05	0.00018675022996339323	1.28590739	31.23872757	1.03673051	0.15692900463031384	0.00671238	0.00015
0.0281	-0.4442	0.1035	-0.007154104603924756	6.283185307179586e-05	0.0002303834612632515	1.18628466	28.81857872	0.98340189	0.019901179185170995	0.00753301	0.00025
0.0263	-0.4292	0.1195	-0.007129669994396836	-1.5707963267948964e-05	0.00026354471705114377	1.2978189	31.52809334	0.98942647	0.03960678408277784	0.00732291	0.00019
0.0191	-0.311	0.1025	-0.007471754527787724	2.268928027592628e-05	-1.3962634015954635e-05	1.2227186	29.70367241	1.02630303	0.17529945640009312	0.00677729	0.00025
0.0188	-0.2883	0.0789	-0.007435102613495844	0.00017278759594743863	-0.00011519173063162575	1.13398099	27.54795647	0.99476924	0.06099896632895314	0.00851262	0.00047
0.0221	-0.4532	0.0967	-0.007086036763096978	0.00023212879051524583	8.203047484373349e-05	1.35020876	32.80080795	1.11933477	0.2162814625221016	0.00852561	0.00034
0.0249	-0.5017	0.1224	-0.007274532322312366	0.00022863813201125715	0.00011693705988362007	1.29398429	31.43494034	1.01451774	0.0883446401379632	0.0081507	0.00034
0.0301	-0.4395	0.1058	-0.007517133088339578	0.00020769418098732522	0.00020420352248333657	1.16820812	28.37944031	0.99220483	0.10154055898254304	0.00765318	0.00012
0.0255	-0.3286	0.1028	-0.007606144880191289	0.0001361356816555577	0.000158824961931484	1.31637335	31.97883987	1.04110735	0.1287974425867665	0.0081467	0.0004
0.0207	-0.2611	0.0855	-0.007847000316966505	0.00014660765716752367	-0.00012217304763960306	1.29343247	31.42153549	1.0477603	0.11621627109291344	0.00816947	0.00034
0.0224	-0.3086	0.059	-0.007770205829878755	0.00011344640137963142	-0.00013788101090755203	1.08706856	26.40830612	0.96245132	0.08198318530717957	0.00784683	0.0003
0.0208	-0.3596	0.057	-0.007297221602588292	0.00020769418098732522	0.00011693705988362007	1.17400193	28.52019119	0.99262222	0.0957025038844664	0.00837046	0.00035
0.0204	-0.384	0.0809	-0.007086036763096978	0.0003054326190990077	0.00022165681500327985	1.26141798	30.64380264	1.00606082	0.06938215163613284	0.00850385	0.00024
0.0212	-0.4234	0.0998	-0.007693411342791005	0.000153588974175501	0.00020594885173533088	1.15806675	28.13307571	0.9653071	0.09784630939427408	0.00703788	0.00027
0.0188	-0.2896	0.0819	-0.007906341511534314	8.901179185171081e-05	0.0001361356816555577	1.25289392	30.43672562	1.05900939	0.17146602605734362	0.00841856	0.00029
0.0181	-0.1987	0.0662	-0.007902850853030323	0.00015533430342749534	2.6179938779914945e-05	1.28204584	31.14491844	1.0153023	0.11628844564777097	0.010899	0.00076
0.02	-0.2898	0.0651	-0.007979645340118073	0.00012217304763960306	-7.853981633974481e-05	1.19185936	28.95400429	1.00376027	0.1048337748997651	0.00800002	0.00027
0.0225	-0.4988	0.0765	-0.00776846050062676	0.00024260076602721178	8.901179185171081e-05	1.30288923	31.65126801	1.11170104	0.24785820830351887	0.00815088	0.0003
0.0275	-0.437	0.0876	-0.007586946258419349	0.00014660765716752367	0.000317649923862968	1.25286484	30.43601799	1.01527546	0.10320727415391784	0.00838977	0.00042
0.0237	-0.3647	0.1028	-0.007679448708775049	0.0001256637061435917	0.00015533430342749534	1.3196913	32.05944443	1.0020808	0.1050881010907552	0.00700837	0.00027
0.0234	-0.2436	0.0909	-0.008161159582325484	0.00013788101090755203	-4.0142572795869576e-05	1.21863139	29.60437965	1.03385708	0.16777025272688803	0.00849438	0.00042
0.0188	-0.3156	0.0686	-0.008117526351025627	0.00020943951023931956	-2.96705972839036e-05	1.24399793	30.22061539	1.03354893	0.1051831853071795	0.00882202	0.00059
0.0197	-0.4312	0.0898	-0.007963937376850125	0.00029845130209103034	0.0001361356816555577	1.34259653	32.61588287	1.0740249	0.15812035224833376	0.00783139	0.00025
0.0235	-0.3727	0.0927	-0.008393288372840731	0.0001308996938995747	0.00017976891295541595	1.16402221	28.27775383	0.99273257	0.09722679177409603	0.0082255	0.00042
0.0209	-0.296	0.0942	-0.008365363104808822	0.00010821041362364843	4.363323129985824e-05	1.21055329	29.40813828	1.00410577	0.09013751149816963	0.00891608	0.00034
0.0243	-0.3277	0.1066	-0.008700466321191733	1.2217304763960308e-05	-0.00012740903539558605	1.23730576	30.05804062	0.99393022	0.07760692959690217	0.00951344	0.0004
0.021	-0.2883	0.143	-0.009117600012418377	-3.839724354387525e-05	-0.000450294947014537	1.15034211	27.94541931	0.98090084	0.11863170755767148	0.0100911	0.00086
0.0087	-0.4125	0.2865	-0.009395107363485476	-0.00017104226669544429	-0.000947713783832921	1.33171892	32.35163116	1.28822095	0.32537856055185255	0.0135008	0.00466
-0.0021	-0.5144	0.4461	-0.008885471221903132	-0.0007888888219014368	-0.0020943951023931952	1.32336235	32.14862442	1.30113248	0.3860082007674305	0.0243331	0.02589
-0.0003	-0.6239	0.423	-0.009693558665576505	-0.0006998770300497262	-0.00214850030920502	1.4601748	35.472229	1.19395384	0.18196022211684548	0.027062	0.02728
0.0084	-0.765	0.4027	-0.00986809159077594	-0.0008168140899333463	-0.0018901915799098587	1.38006306	33.52606201	1.15191414	0.19758893571891076	0.0301757	0.02979
0.026	-0.7295	0.3785	-0.008546877347016231	-0.0010053096491487337	-0.0013456488532876281	1.34961998	32.78650665	1.13756889	0.18001262647986627	0.026651	0.01538
0.0744	-0.5028	0.2281	-0.0008203047484373349	-0.0023701571242082994	-0.0003944444109507184	2.51591706	61.11952209	2.17784892	0.9276312257987683	0.0284055	0.02996
0.062	-0.6007	0.3077	-0.0017610372152622785	-0.0029862583501622975	-0.0009756390518648303	1.75926423	42.73804855	1.4986437	0.29680141668465265	0.0266715	0.02562
0.0643	-0.5349	0.2784	-0.0048520153205442364	-0.002707005669843205	-0.0012252211349000194	1.3333019	32.39008713	1.28345294	0.2783906434318119	0.0172682	0.00545
0.0614	-0.6209	0.2207	-0.005932374127528725	-0.0022270401255447643	-0.0005061454830783556	1.40862155	34.21983719	1.16485492	0.2605700001552296	0.0172375	0.00422
0.065	-0.5313	0.2112	-0.0065659286460026675	-0.001980948701013564	-0.0004049163864626844	1.27127063	30.88315392	1.05159417	0.15174375198104068	0.0122755	0.0013
0.0587	-0.4018	0.168	-0.0074019413577079505	-0.0017086773377024485	-0.0006562437987498679	1.29101479	31.36280251	1.09648987	0.2469805743651791	0.011277	0.00089
0.0491	-0.3686	0.1641	-0.007326892199872195	-0.001403244718603441	-0.0006597344572538566	1.24568081	30.26149559	1.01624165	0.06589862177193762	0.0110114	0.00076
0.0528	-0.5224	0.2088	-0.0072902402855803145	-0.0015777776438028737	-0.0006562437987498679	1.38723576	33.70030975	1.13052723	0.2129337748997651	0.0109027	0.00069
0.0547	-0.5054	0.2069	-0.007391469382195986	-0.001567305668290908	-0.0005323254218582705	1.132815	27.51963043	0.97716953	0.03258097245096177	0.00961798	0.00046
0.0559	-0.4985	0.1847	-0.0072291537617605135	-0.0015969762655748114	-0.0004258603374866164	1.22187459	29.68316841	0.99972766	0.04522256510455147	0.0115359	0.00079
0.0545	-0.444	0.2182	-0.0077213366108229145	-0.0017767451785302276	-0.000614355896702004	1.29058111	31.35226631	1.01151149	0.13242236606166025	0.0109954	0.00106
0.0532	-0.4042	0.2058	-0.007997098632638018	-0.0016824973989225337	-0.0006387905062299246	1.11402583	27.06318474	0.96924083	0.07322222054753587	0.0106869	0.00113
0.0575	-0.4176	0.1912	-0.008162904911577479	-0.0016929693744344998	-0.0007068583470577034	1.17060602	28.43769455	0.98566594	0.044517304763960326	0.0130083	0.00209
0.0556	-0.4016	0.1895	-0.008023278571417934	-0.0017051866791984597	-0.0006876597252857658	1.27049077	30.86420822	1.00349471	0.028152113334772157	0.0125352	0.0024
0.0529	-0.5139	0.2006	-0.00791332282854229	-0.0015393804002589986	-0.0005166174585903216	1.24183393	30.16804314	1.05189662	0.1484402144255274	0.0124017	0.00236
0.0517	-0.5629	0.2061	-0.007665486074759095	-0.0014433872913993105	-0.00020769418098732522	1.16625702	28.33204269	1.00204623	0.08833765701229396	0.0135542	0.00214
0.0518	-0.5146	0.2131	-0.007798131097910665	-0.001439896632895322	-0.00015009831567151235	1.26982868	30.84812355	1.03641378	0.06508657734856857	0.0126168	0.00138
0.0504	-0.4945	0.2154	-0.007916813487046278	-0.0013980087308474581	-0.00019198621771937622	1.17333639	28.5040226	0.97305031	0.033922909661567024	0.0109544	0.00091
0.0477	-0.4496	0.203	-0.008140215631301554	-0.0014608405839192536	-0.0003665191429188092	1.17710447	28.59556198	1.00112159	0.08303834612632519	0.0110737	0.00106
0.046	-0.4222	0.1926	-0.008428194957880617	-0.0014329153158873448	-0.0004136430327226561	1.22171354	29.67925644	0.99691127	0.05765142422074094	0.0111809	0.00115
0.0451	-0.5225	0.197	-0.008173376887089445	-0.0013055062804917586	-0.00037350045992678646	1.21329021	29.47462845	1.03374644	0.12671848394913135	0.011774	0.00123
0.0475	-0.5395	0.196	-0.00786096295098246	-0.0012531464029319286	-0.0002740166925631097	1.16803324	28.37519455	0.98497431	0.043612879051524577	0.0131471	0.00115
0.0462	-0.4636	0.1942	-0.007705628647554965	-0.0013281955607676848	-0.00016929693744344995	1.27153873	30.88966751	1.03634378	0.09575516081914551	0.0104926	0.00086
0.0463	-0.4439	0.1916	-0.007984881327874059	-0.0013369222070276565	-0.0003316125578789226	1.20447159	29.26039505	0.99068904	0.0449147473507269	0.010996	0.00074
0.0433	-0.4285	0.177	-0.008531169383748283	-0.0013526301702956054	-0.0003647738136668148	1.15887034	28.15259743	0.99108328	0.0627578637465033	0.00993913	0.00067
0.0425	-0.3767	0.1608	-0.008660323748395862	-0.0013665928043115599	-0.00043458698374658803	1.22189367	29.6836319	0.98222903	0.07944650843716534	0.0100812	0.00056
0.0433	-0.3811	0.1546	-0.00842470429937663	-0.001244419756671957	-0.00048171087355043494	1.19266343	28.97353935	0.97566103	0.03164581932313414	0.00896627	0.00051
0.05	-0.5816	0.1402	-0.007876670914250409	-0.0011955505376161158	-0.0001605702911834783	1.31713903	31.99744225	1.11125521	0.267502159327451	0.0128757	0.00062
0.0489	-0.5506	0.1699	-0.0077876591223986985	-0.0013316862192716734	-5.585053606381854e-05	1.24430597	30.22809601	1.0243092	0.07829336143134638	0.0113974	0.00083
0.048	-0.4335	0.1831	-0.007819075048934596	-0.0013456488532876281	-0.0001239183768915974	1.30141234	31.61539078	1.0427557	0.13687232006898156	0.00816774	0.00024
0.0473	-0.4586	0.1825	-0.008319984544256968	-0.001403244718603441	-0.00026878070480712676	1.13409233	27.55066299	0.96319758	0.06156838442768576	0.00929618	0.0004
0.042	-0.3708	0.1666	-0.008625417163355976	-0.0012042771838760874	-0.0003647738136668148	1.27456868	30.963274	1.04321731	0.13901966313430247	0.00913072	0.00044
0.0477	-0.3138	0.1331	-0.008765043503515523	-0.001223475805648025	-0.00046949356878647465	1.2262032	29.78832436	0.9896476	0.1093772358525572	0.00876367	0.00044
0.0527	-0.3815	0.1289	-0.008508480103472356	-0.0012164944886400475	-0.0004206243497306334	1.09298551	26.55204964	0.96635172	0.09252069680534926	0.00792933	0.00027
0.0556	-0.4792	0.1252	-0.00823620874016124	-0.0012217304763960308	-8.726646259971648e-05	1.19435465	29.01462173	1.00142885	0.1348432619099008	0.0094651	0.00046
0.0541	-0.5218	0.1643	-0.008192575508861382	-0.0012164944886400475	5.235987755982989e-05	1.30845881	31.7865696	1.02629637	0.09262477796076937	0.0102204	0.00056
0.0499	-0.4674	0.167	-0.008382816397328765	-0.001291543646475804	-8.552113334772214e-05	1.20106554	29.17765045	1.00277553	0.08145855286053462	0.00860882	0.00037
0.0506	-0.3998	0.1421	-0.008147196948309529	-0.0011711159280881952	-9.42477796076938e-05	1.20506752	29.27487183	0.99631437	0.11143869068334084	0.00897616	0.00042
0.0494	-0.4732	0.1804	-0.008817403381075353	-0.0012217304763960308	-0.00019547687622336493	1.32030547	32.07436371	1.05318384	0.1540025038844666	0.00956589	0.00071
0.0505	-0.4361	0.1618	-0.008576547944300135	-0.0011501719770642632	-0.0003385938748868999	1.12754977	27.39172173	0.99806284	0.07957654673852606	0.00785482	0.00029
0.0476	-0.4872	0.1525	-0.0085259333959923	-0.0010978120995044332	-6.283185307179586e-05	1.18275213	28.73276138	0.9848631	0.08223682238413853	0.00941795	0.00042
0.043	-0.4789	0.1601	-0.00836885376331281	-0.0010768681484805013	-4.886921905584123e-05	1.26379442	30.70153427	0.98422769	0.03009931088596884	0.00907296	0.00029
0.0428	-0.4791	0.1798	-0.009049532171590598	-0.0011431906600562858	-0.0002548180707911721	1.20152533	29.18882179	0.97191298	0.06774748857944525	0.00923634	0.0003
0.0462	-0.3837	0.1666	-0.009314822217893735	-0.0012356931104119853	-0.0004049163864626844	1.17338336	28.5051651	1.00190926	0.13739454061651743	0.00931031	0.00057
0.0472	-0.3546	0.1363	-0.008874999246391164	-0.0011082840750163993	-0.0003769911184307752	1.24212337	30.17507553	0.98282574	0.09015786374650323	0.0104715	0.00057
0.05	-0.5333	0.1641	-0.008585274590560106	-0.0011309733552923255	-0.0001012290966156711	1.39016414	33.77145004	1.15171675	0.23870879789610436	0.0101471	0.00052
0.0508	-0.5007	0.1681	-0.008604473212332044	-0.0011431906600562858	-0.0001186823891356144	1.1518786	27.98274612	0.99146781	0.039843460952792016	0.0102116	0.00034
0.0485	-0.4447	0.1676	-0.008672541053159824	-0.001239183768915974	-0.00016406094968746698	1.25663149	30.52752304	1.03501164	0.06927197551196611	0.00975835	0.00052
0.0478	-0.3502	0.1702	-0.009032078879070655	-0.0012932889757277981	-0.0003525565089028545	1.32854331	32.27448654	1.01680249	0.1279069295969021	0.00870907	0.00047
0.0446	-0.3771	0.1447	-0.00903731486682664	-0.00119729586686811	-0.00037524578917878077	1.09123635	26.50955582	0.94307914	0.06179591884457989	0.00802398	0.00027
0.0453	-0.4873	0.1271	-0.008402015019100702	-0.001022762941668677	-3.839724354387525e-05	1.26463783	30.7220211	1.08121701	0.18583406592801385	0.00979418	0.00049
0.0487	-0.4864	0.1537	-0.008210028801381325	-0.0011728612573401894	-1.5707963267948964e-05	1.29010797	31.34077263	1.02006746	0.049138690683340806	0.00919038	0.00044
0.0486	-0.3381	0.1408	-0.008309512568745004	-0.001254891732183923	-0.0001256637061435917	1.27991939	31.09325981	1.08080023	0.17587349925415272	0.00755143	0.00029
0.047	-0.3094	0.1167	-0.00873188224772763	-0.0012304571226560022	-0.000296705972839036	1.17959774	28.65612984	0.98731492	0.08529232776029953	0.00867581	0.00044
0.0459	-0.4589	0.1276	-0.00867079572390783	-0.0011274826967883368	-0.0001308996938995747	1.3142792	31.92796707	1.06757717	0.17799336143134628	0.00918972	0.00027
0.0457	-0.5058	0.157	-0.008522442737488312	-0.0011030480872604163	-0.00012740903539558605	1.2259984	29.78334808	0.99152312	0.08531391272257142	0.00882059	0.00029
0.0558	-0.4579	0.1459	-0.008426449628628624	-0.0011728612573401894	0.00031415926535897925	1.18286514	28.73550606	0.98343671	0.09946872898470135	0.00930303	0.00046
0.0488	-0.3892	0.1532	-0.00865159710213589	-0.0012199851471440364	-5.235987755982988e-06	1.31421506	31.92640877	1.00733564	0.11258333082130378	0.00823957	0.00049
0.0468	-0.3481	0.1324	-0.008841837990603275	-0.00119729586686811	-0.000322885911618951	1.17850518	28.62959099	0.97027986	0.0904290046303139	0.00781369	0.0003
0.0488	-0.3659	0.1143	-0.008838347332099284	-0.0011257373675363424	-0.00028274333882308137	1.09531212	26.60856819	0.94832865	0.043659586531581376	0.00924456	0.0003
0.0479	-0.501	0.1167	-0.00860272788308005	-0.000932005820564972	-0.00010821041362364843	1.27872849	31.06432724	1.03798707	0.16859419605950193	0.00989306	0.0004
0.0497	-0.4938	0.1398	-0.008438666933392583	-0.0009564404300928925	0.00010995574287564276	1.30349994	31.66610527	0.98607737	0.05243308578573391	0.00898993	0.00029
0.0568	-0.475	0.1389	-0.00867079572390783	-0.0012304571226560022	0.0004485496177625427	1.13390207	27.54604149	0.95873274	0.06903696789826287	0.00953281	0.00047
0.0529	-0.3184	0.1238	-0.008883725892651137	-0.0011711159280881952	5.759586531581287e-05	1.3680377	33.23392868	1.10806587	0.2087612557878922	0.00972182	0.00074
0.0474	-0.3941	0.1331	-0.008801695417807403	-0.0010995574287564276	-0.00019198621771937622	1.29627943	31.49069595	1.03515895	0.11065855286053453	0.00855255	0.00115
0.0468	-0.506	0.146	-0.008611454529340022	-0.0011693705988362008	-0.00020420352248333657	1.21760392	29.57942009	1.03590957	0.13901356816555568	0.0096882	0.00061
0.0523	-0.501	0.141	-0.008484045493944435	-0.0010978120995044332	-1.0471975511965975e-05	1.1930356	28.98258018	0.9912968	0.035134954084936304	0.00975788	0.00035
0.0465	-0.5058	0.1611	-0.008632398480363955	-0.0009878563566287904	-5.4105206811824215e-05	1.30758822	31.76542282	0.9909537	0.045797098029751085	0.00975382	0.00039
0.0466	-0.4454	0.162	-0.008998917623282763	-0.0011484266478122688	-0.0001972222054753592	1.165465	28.31280136	0.97209448	0.09491032163829108	0.00841016	0.00027
0.0417	-0.3974	0.1455	-0.008939576428714955	-0.0010210176124166828	-0.0002478367537831948	1.19671881	29.07205582	0.98364881	0.08126823891356147	0.00889361	0.00035
0.0435	-0.4933	0.1474	-0.008588765249064094	-0.0009023352232810684	-0.00013439035240356338	1.29579616	31.47895622	1.0240954	0.12874699850830543	0.00934571	0.00052
0.0427	-0.4827	0.1457	-0.008564330639536174	-0.0009756390518648303	-0.00017278759594743863	1.17581093	28.56413841	0.9686881	0.01990678408277784	0.00982624	0.00035
0.0402	-0.4038	0.1377	-0.009103637378402422	-0.0010506882097005862	-0.00015009831567151235	1.20603085	29.29827309	1.00602787	0.12125225884889652	0.00878239	0.00046
0.0415	-0.3584	0.1233	-0.009096656061394445	-0.0010367255756846318	-0.0002513274122871834	1.26393378	30.70491791	0.98320124	0.0672086523819801	0.00887382	0.00037
0.0416	-0.4	0.1182	-0.008822639368831335	-0.0008970992355250854	-0.0002373647782712288	1.16925406	28.40485191	0.97300115	0.06818028333693055	0.00781953	0.0003
0.0446	-0.5011	0.128	-0.00871966494296367	-0.0010035643198967395	-4.18879020478639e-05	1.17938781	28.65103149	0.99430151	0.13414581932313424	0.0103375	0.0004
0.0424	-0.4288	0.128	-0.008782496796035466	-0.0009302604913129776	-8.028514559173915e-05	1.31195974	31.87162018	1.02987104	0.08322664625997164	0.0102841	0.00062
0.0421	-0.3229	0.1289	-0.00915076126820627	-0.0010576695267085637	-0.0002600540585471551	1.31805694	32.01974106	1.02429731	0.14087212102609029	0.00898314	0.00051
0.0451	-0.3476	0.1075	-0.00907047612261453	-0.0010419615634406148	-0.0002530727415391778	1.09351921	26.56501389	0.94933338	0.05424872129338328	0.00862682	0.0004
0.0483	-0.4612	0.1143	-0.00857829327355213	-0.0010245082709206715	-0.0002024581932313422	1.23513985	30.00542259	1.02085739	0.15161253449450898	0.00954551	0.00042
0.0461	-0.5018	0.1407	-0.008363617775556827	-0.000947713783832921	-8.37758040957278e-05	1.32476759	32.18276215	1.01192807	0.08970761871093337	0.00964838	0.00046
0.0445	-0.4594	0.1416	-0.00871966494296367	-0.0010053096491487337	-0.00021467549799530252	1.16523576	28.30723381	0.96817773	0.07212713633111152	0.00882983	0.00037
0.0441	-0.3934	0.1259	-0.008923868465447005	-0.0010960667702524388	-0.00023561944901923448	1.22213686	29.68954086	0.99803831	0.09789522973054861	0.00944281	0.00062
0.0437	-0.4872	0.1293	-0.008520697408236317	-0.0009686577348568529	-0.0001308996938995747	1.28771222	31.28257179	1.02176523	0.12936499238629667	0.00937498	0.00035
0.0434	-0.5119	0.135	-0.008653342431387885	-0.0009843656981248017	-0.000158824961931484	1.18041468	28.67597771	0.9737122	0.03951391272257133	0.0106996	0.00039
0.0425	-0.326	0.109	-0.008868017929383189	-0.0010506882097005862	-0.00021642082724729686	1.3286581	32.27727509	1.14252362	0.22972969374434507	0.0099557	0.00049
0.0379	-0.3153	0.1106	-0.008936085770210968	-0.0009494591130849152	-0.0002844886680750757	1.28014278	31.09868622	1.04376513	0.028768238913561422	0.00940102	0.00064
0.0392	-0.4875	0.1163	-0.00881216739331937	-0.0008918632477691023	-0.00020943951023931956	1.30435014	31.68675804	1.1140489	0.19202817000215833	0.00887138	0.0003
0.046	-0.4799	0.1072	-0.008463101542920504	-0.0009459684545809266	-2.094395102393195e-05	1.20184469	29.19658089	0.99510982	0.053083330821303835	0.0113989	0.00062
0.0454	-0.4416	0.1247	-0.008588765249064094	-0.0010314895879286487	-6.981317007977319e-05	1.35634851	32.94996262	1.00421227	0.06940270292735765	0.0090878	0.00034
0.043	-0.3647	0.1219	-0.009182177194742168	-0.0009494591130849152	-0.00031415926535897925	1.25975263	30.60334587	1.01195432	0.12808942579005067	0.00877273	0.00032
0.0454	-0.4339	0.1069	-0.009337511498169663	-0.00102799892942466	-0.0003001966313430247	1.204373	29.25799942	1.03405084	0.09899183768915971	0.0103996	0.00057
0.0479	-0.5004	0.1232	-0.00878424212528746	-0.0009861110273767962	-1.3962634015954635e-05	1.28764069	31.2808342	0.99614085	0.1293695636128568	0.0111401	0.00061
0.0464	-0.4609	0.1439	-0.008724900930719653	-0.0010629055144645468	-4.537856055185256e-05	1.3339479	32.40578079	1.00625613	0.07007758040957278	0.00884718	0.00022
0.0469	-0.405	0.1287	-0.009075712110370514	-0.0010943214410004448	-0.000148352986419518	1.18184125	28.71063423	0.98835651	0.09586007660272118	0.00919503	0.00059
0.0438	-0.3561	0.1239	-0.00925548102332593	-0.0009913470151327792	-0.00013788101090755203	1.287866	31.28630829	1.00176991	0.07146076571675232	0.00979197	0.00059
0.0441	-0.4451	0.1331	-0.00900589894029074	-0.0009529497715889039	-0.00013264502315156904	1.26641929	30.76529884	1.00832083	0.11316076571675236	0.00878048	0.00035
0.045	-0.456	0.1316	-0.008878489904895155	-0.0009354964790689606	-8.901179185171081e-05	1.14301693	27.76746941	0.96083902	0.02272477796076931	0.00937873	0.00022
0.0438	-0.4556	0.1239	-0.008789478113043444	-0.0009389871375729493	-3.490658503988659e-05	1.25600672	30.51234436	1.01135493	0.016630382858376203	0.0108622	0.00083
0.0434	-0.3969	0.1493	-0.009299114254625788	-0.0009599310885968812	-0.0002303834612632515	1.3332628	32.38913727	1.01973306	0.12080284844148204	0.00917727	0.00029
0.0441	-0.3482	0.1129	-0.009302604913129776	-0.000879645943005142	-0.000322885911618951	1.14047348	27.70567894	0.972312	0.09461391272257128	0.00986344	0.00062
0.0585	-0.3889	0.0883	-0.008414232323864661	-0.0008639379797371932	0.0003577924966588376	1.22391725	29.7327919	1.00690915	0.15893794804054262	0.0115883	0.00034
0.0633	-0.4767	0.1242	-0.008208283472129332	-0.0009424777960769379	0.0004328416544945937	1.33946097	32.539711	1.0434298	0.1464768912955415	0.00930256	0.00056
0.0565	-0.4869	0.1332	-0.00887325391713917	-0.0010070549784007281	0.000153588974175501	1.18222618	28.71998405	0.97817402	0.07644001538263598	0.00975949	0.00032
0.0506	-0.3444	0.1228	-0.009077457439622507	-0.0010088003076527223	3.4906585039886588e-06	1.2990061	31.55693626	1.06899974	0.17660235837034227	0.00940824	0.00044
0.0452	-0.3144	0.1208	-0.009241518389309976	-0.0010524335389525807	-0.000153588974175501	1.25811851	30.56364632	0.9842914	0.05563869068334078	0.00949162	0.00037
0.0446	-0.5234	0.122	-0.009122836000174361	-0.0009756390518648303	-0.0001064650843716541	1.33995807	32.55178833	1.13785499	0.2229300383013605	0.00976551	0.00046
0.0426	-0.5112	0.1133	-0.008874999246391164	-0.0008464846872172499	-3.316125578789226e-05	1.14768839	27.88095284	0.98722977	0.04541474735072695	0.0104972	0.0004
0.0419	-0.4397	0.1214	-0.008618435846348	-0.0008726646259971648	2.96705972839036e-05	1.33339882	32.3924408	1.01785794	0.09757875959474381	0.00914985	0.00034
0.0417	-0.3573	0.1348	-0.009260717011081911	-0.000947713783832921	-0.00016406094968746698	1.25484478	30.48411751	1.0127655	0.14155309347705192	0.00835526	0.00025
0.0378	-0.4381	0.1157	-0.009128071987930345	-0.0008412486994612669	-0.00024260076602721178	1.21746361	29.57601166	0.98873208	0.11968249619314825	0.00985295	0.00054
0.0444	-0.4726	0.1131	-0.008552113334772213	-0.0009721483933608416	2.792526803190927e-05	1.277403	31.03212738	0.99300649	0.09256921905584138	0.0106507	0.00056
0.0447	-0.4354	0.1277	-0.00865159710213589	-0.0008237954069413235	3.839724354387525e-05	1.30646312	31.73808861	1.00397793	0.06501543646475805	0.00841802	0.00044
0.0416	-0.446	0.1448	-0.00917868653623818	-0.0009040805525330626	-0.0001361356816555577	1.17515266	28.54814529	0.98412735	0.06989537524467312	0.0097217	0.00047
0.026	-0.4586	0.1582	-0.009077457439622507	-0.0006806784082777885	-0.00011519173063162575	1.25756454	30.55018997	0.98874063	0.058878759594743965	0.00996494	0.00034
0.0318	-0.4622	0.1416	-0.008911651160683048	-0.000731292956585624	-0.00024085543677521747	1.21195221	29.44212341	0.98263617	0.04310422666954432	0.00879031	0.00029
0.0362	-0.4516	0.1369	-0.009206611804270088	-0.0008761552845011534	-0.000312413936106985	1.17703509	28.59387589	0.9664215	0.045269073541716845	0.00955832	0.00034
0.0343	-0.41	0.1504	-0.009382890058721515	-0.0008918632477691023	-0.00020769418098732522	1.28367126	31.18440437	1.0065985	0.07183529864195182	0.0109524	0.00054
0.031	-0.4013	0.1394	-0.009407324668249437	-0.0008761552845011534	-0.0002600540585471551	1.2211529	29.66563606	0.98065235	0.027625122517785004	0.00899148	0.00037
0.038	-0.4789	0.118	-0.009133307975686325	-0.0007853981633974483	-0.00021642082724729686	1.13941848	27.6800499	0.98623615	0.12642035224833373	0.00945663	0.0003
0.0377	-0.4256	0.1071	-0.008918632477691025	-0.0008499753457212384	-0.00010471975511965978	1.22734225	29.81599617	1.02632829	0.08404768762233639	0.0104687	0.00057
0.0356	-0.4017	0.1451	-0.009766862494160268	-0.0009075712110370514	-0.000307177948351002	1.32243431	32.12607956	1.02302465	0.11941420375081986	0.0100406	0.00049
0.0397	-0.3321	0.1403	-0.009794787762192178	-0.0010210176124166828	-0.0005026548245743669	1.10873055	26.93454552	0.97274728	0.09534242728174536	0.0111309	0.00074
0.036	-0.3861	0.2022	-0.010056587149991327	-0.0010663961729685354	-0.0006544984694978735	1.23413527	29.98101807	1.06587028	0.14255107966372535	0.0128585	0.00125
0.0259	-0.4312	0.2689	-0.009157742585214249	-0.0014154620233674013	-0.0009756390518648303	1.28807139	31.29129791	1.10167718	0.20035254987714504	0.0132339	0.00174
0.0205	-0.4875	0.3566	-0.009281660962105845	-0.0017610372152622785	-0.0018675022996339327	1.2901361	31.34145546	1.08991779	0.2174678408277788	0.0184973	0.00626
-0.0022	-0.6435	0.5754	-0.005555383009097951	-0.0024801128670839424	-0.0029024825460665696	1.94611657	47.2772789	1.85577578	0.6715166925631098	0.0438219	0.08274
-0.0274	-0.8193	0.785	-0.00342259066316088	-0.0032724923474893677	-0.0032061698359135836	1.92665768	46.80456161	1.86275936	0.5720429558094756	0.0758965	0.17998
0.0005	-0.7827	0.541	-0.005984734005088556	-0.0026529004630313807	-0.0025516713664157096	1.79958856	43.71765518	1.72895716	0.500311684794177	0.0455903	0.07835
0.0314	-0.7858	0.3809	-0.00606676447993229	-0.002356194490192345	-0.001616174887346749	1.55412972	37.75468826	1.34559883	0.25981164633758663	0.0331892	0.03082
0.0397	-0.8161	0.4007	-0.004085815778918725	-0.0026040312439755396	-0.0008587019919812101	1.53535676	37.29863358	1.21888202	0.20771291750811488	0.034725	0.03878
0.0715	-0.5685	0.2187	0.00460766922526503	-0.0032637657012293962	0.0004625122517784973	2.6022613	63.21709442	2.28235673	0.9951216852598661	0.0518969	0.09208
0.0665	-0.5442	0.2906	0.002642428487519415	-0.003755948550291797	-0.0005899212871740833	1.63336158	39.67947769	1.46842138	0.2766928562880298	0.0396542	0.06059
0.055	-0.5388	0.3036	0.0011938052083641214	-0.003679154063204046	-0.0013840460968315032	1.44587338	35.12480164	1.17844065	0.14587712879502324	0.0337707	0.0415
0.0576	-0.5081	0.2984	-0.0011100294042683937	-0.0033684854563490563	-0.0015655603390389136	1.24779224	30.31278992	1.10514745	0.1783008730847457	0.0245056	0.02201
0.0575	-0.462	0.2442	-0.0016650441064025902	-0.0030962140930379405	-0.001403244718603441	1.28120184	31.12441254	1.08497387	0.14988008429403915	0.0220474	0.01297
0.048	-0.5074	0.2074	-0.0019896753472735357	-0.002579596634447619	-0.00091106186954104	1.2912848	31.36936188	1.07267599	0.15837157742618335	0.019347	0.00729
0.0512	-0.7085	0.2618	-0.0027296949501191318	-0.002553416695667704	-0.0007190756518216638	1.43062246	34.75431061	1.21424936	0.3066092879672444	0.0240828	0.01594
0.0539	-0.5821	0.2481	-0.0031119220563058892	-0.002565634000431664	-0.0006859143960337716	1.29707754	31.51008415	1.11660365	0.16418028333693055	0.0198176	0.0068
0.0593	-0.5705	0.2771	-0.0034697145529647274	-0.0025202554398798117	-0.0003525565089028545	1.33867931	32.52072144	1.05150429	0.08282644721708034	0.0198951	0.00631
0.0582	-0.5731	0.2907	-0.0038903389026953604	-0.002562143341927676	-0.0006370451769779302	1.18114209	28.69364929	1.02469088	0.05465004599267869	0.0191466	0.00687
0.0507	-0.5461	0.2979	-0.004134684997974567	-0.002542944720155738	-0.0008569566627292158	1.24655151	30.28264999	1.0326571	0.06587281014012153	0.021716	0.00847
0.0506	-0.4717	0.2738	-0.0044645522266014955	-0.002522000769131806	-0.0009162978572970229	1.34756052	32.73647308	1.06178847	0.1191076187109334	0.0189835	0.00771
0.045	-0.5443	0.2666	-0.004239404753094226	-0.0022654373690886398	-0.0008761552845011534	1.24648941	30.28113937	1.04809561	0.11149267231731524	0.0193138	0.0082
0.0489	-0.6996	0.2648	-0.004447098934081553	-0.002097885760897184	-0.0006126105674500097	1.27706385	31.02388763	1.10807542	0.19293952531149633	0.0235761	0.0151
0.0499	-0.6729	0.2643	-0.004815363406252355	-0.0020664698343612863	-0.00039095375244672985	1.27523255	30.97940063	1.05332894	0.059266860685498954	0.0219048	0.01105
0.0474	-0.5737	0.2611	-0.004740314248416599	-0.0019757127132575807	-0.00041538836197465044	1.27915597	31.07471275	1.05160446	0.11441204442336916	0.0166317	0.00535
0.0464	-0.5463	0.2542	-0.004811872747748367	-0.00199142067652553	-0.00047647488579445195	1.14412749	27.79444695	0.98585971	0.04271764932097593	0.0163729	0.00425
0.041	-0.525	0.2731	-0.0050736721355475155	-0.002045525883337354	-0.000640535835481919	1.23059344	29.89497566	1.00639037	0.06959827721492201	0.0175753	0.00506
0.0399	-0.4148	0.2536	-0.005450663253978291	-0.0019146261894377795	-0.0006771877497737998	1.26976585	30.84659767	1.07283872	0.15802713633111157	0.0141812	0.00356
0.0348	-0.4892	0.2196	-0.0051399946471233	-0.0015865042900628454	-0.0005113814708343385	1.1235944	27.29563522	1.00251306	0.1537298392584693	0.0137913	0.00388
0.039	-0.5816	0.1795	-0.005101597403579425	-0.0014486232791552935	-6.108652381980153e-05	1.24405432	30.22198296	1.03729364	0.16802866007329817	0.0165382	0.00385
0.0405	-0.5623	0.1988	-0.005319763560078716	-0.0015027284859671175	6.981317007977319e-05	1.29304218	31.41205215	1.03193142	0.06025855286053447	0.014892	0.00246
0.0465	-0.4807	0.1992	-0.005483824509766183	-0.0016057029118347831	0.00011344640137963142	1.17110372	28.44978333	1.0252736	0.10353343034274956	0.0104545	0.00133
0.0454	-0.4501	0.1934	-0.0056758107274855595	-0.0016598081186466073	3.141592653589793e-05	1.18876863	28.8789196	1.0020028	0.05390609496874671	0.0106394	0.00081
0.0429	-0.4988	0.2003	-0.005674065398233566	-0.0017715091907742446	-0.0002617993877991494	1.26944542	30.83881378	1.02171049	0.07843308578573395	0.0111573	0.00094
0.0395	-0.4691	0.1969	-0.005949827420048669	-0.0016458454846306526	-0.0003647738136668148	1.08937633	26.46437073	0.97152611	0.061720007691318045	0.00994802	0.00081
0.0419	-0.3823	0.1946	-0.005810201079889122	-0.0016423548261266642	-0.0003665191429188092	1.11815619	27.16352463	0.99604246	0.09874311639577651	0.00979471	0.00074
0.0444	-0.5496	0.1924	-0.005508259119294104	-0.001626646862858715	-0.00022689280275926284	1.31909561	32.04497147	1.10904557	0.19486381320112567	0.0124485	0.00121
0.0436	-0.614	0.2069	-0.0053058009260627615	-0.001509709802975095	-0.000153588974175501	1.30498767	31.70224571	1.03330011	0.09933495408493623	0.0137225	0.00133
0.0453	-0.5514	0.1944	-0.005393067388662479	-0.0014451326206513049	-3.141592653589793e-05	1.1499064	27.93483543	1.00300044	0.09050083462815552	0.011114	0.00091
0.0434	-0.5727	0.1953	-0.005363396791378575	-0.0014765485471872027	2.6179938779914945e-05	1.25165379	30.40659904	1.01764478	0.030034119456780715	0.0126655	0.00089
0.0439	-0.5808	0.226	-0.005599016240397809	-0.0014974924982111347	-0.0002024581932313422	1.24107683	30.14965057	0.99229958	0.06356007660272117	0.0119113	0.00098
0.0431	-0.5028	0.2144	-0.006092944418712205	-0.001579522973054868	-0.00031415926535897925	1.18100464	28.69030952	0.99982405	0.12478298626428824	0.0104399	0.00054
0.0431	-0.5084	0.1954	-0.005878268920716902	-0.0014765485471872027	-0.00024609142453120044	1.23854983	30.08826256	1.00263444	0.04388588823453732	0.0104507	0.00066
0.0416	-0.5949	0.2166	-0.005804965092133139	-0.0013491395117916165	-0.0002181661564992912	1.30322695	31.65947342	1.03449429	0.12063190660056292	0.0123605	0.00098
0.0421	-0.5916	0.2066	-0.00607898178469625	-0.0013735741213195373	-0.00016406094968746698	1.12853801	27.41573143	0.9593064	0.03142782544514272	0.0119918	0.00083
0.0462	-0.4836	0.2096	-0.006023131248632432	-0.0013910274138394805	7.67944870877505e-05	1.27679777	31.01742554	1.05123759	0.13080796326794897	0.0100423	0.00071
0.0428	-0.4855	0.2146	-0.006468190207890985	-0.0014556045961632708	-0.0002565634000431664	1.30202842	31.63035583	1.00858479	0.052449701435663056	0.00961947	0.00052
0.0432	-0.4202	0.1657	-0.006080727113948244	-0.0013962634015954637	-0.0002617993877991494	1.10948837	26.95295334	0.9748044	0.13720201381332656	0.00880462	0.00034
0.0459	-0.4827	0.1795	-0.006536258048718765	-0.001541125729510993	-0.00037350045992678646	1.18649411	28.82366562	1.01325318	0.11460471674068436	0.00976491	0.00056
0.0466	-0.4509	0.1992	-0.006387905062299246	-0.001621410875102732	-0.00047822021504644627	1.26185286	30.65436745	0.98584548	0.06886789435654589	0.00973564	0.00054
0.0459	-0.5586	0.1825	-0.006014404602372459	-0.001329940890019679	-0.0002844886680750757	1.21050668	29.40700722	1.03016553	0.1680350995990605	0.0118382	0.00064
0.0497	-0.6034	0.1603	-0.006098180406468187	-0.001324704902263696	0.00019896753472735358	1.1969074	29.07663727	0.99670704	0.09942339973270704	0.0122591	0.00089
0.0525	-0.537	0.1744	-0.00588525023772488	-0.0014800392056911916	0.000296705972839036	1.30797803	31.77489281	1.04436848	0.1066001455141243	0.0101978	0.00049
0.0535	-0.4994	0.1759	-0.0060842177724522335	-0.0014835298641951804	0.0001884955592153876	1.16722929	28.3556633	0.98039983	0.05563343034274959	0.00862789	0.00042
0.0492	-0.5256	0.2077	-0.006750933546714066	-0.0015306537539990272	-4.537856055185256e-05	1.18703794	28.83687782	0.99946471	0.10968568919164592	0.0103669	0.00049
0.0475	-0.5531	0.2078	-0.006569419304506657	-0.0014957471689591403	-0.0001239183768915974	1.246158	30.27308846	0.99391901	0.04404803217935215	0.0110297	0.00071
0.0519	-0.5411	0.2033	-0.006281439977927592	-0.0014364059743913332	-0.0001239183768915974	1.1599648	28.17918587	0.97467819	0.0382660260573436	0.00954348	0.00059
0.057	-0.5499	0.1838	-0.006302383928951523	-0.0015062191444711063	2.268928027592628e-05	1.1524328	27.9962101	0.97161791	0.04526823891356146	0.0107867	0.00071
0.0524	-0.5003	0.1962	-0.006489134158914917	-0.001452113937659282	-5.235987755982988e-06	1.25086427	30.38741875	0.99992375	0.0800390352403565	0.00939023	0.00049
0.046	-0.4502	0.1779	-0.006913249167149539	-0.001382300767579509	-0.000317649923862968	1.17378199	28.51484871	0.98123036	0.11511710572106897	0.00745922	0.00029
0.0516	-0.3883	0.1438	-0.00672824426643814	-0.0013334315485236678	-0.0004537856055185257	1.10638618	26.87759399	0.99827517	0.12010049007113988	0.010023	0.00044
0.0524	-0.454	0.138	-0.006593853914034577	-0.0013683381335635543	-0.0003874630939427412	1.17300737	28.49603081	1.01841251	0.08408097245096172	0.00962627	0.00027
0.0486	-0.5144	0.1581	-0.006344271830999388	-0.001329940890019679	-0.00015184364492350666	1.26065445	30.62525368	1.00692168	0.11047993877991492	0.00928432	0.00042
0.0512	-0.5573	0.172	-0.006277949319423604	-0.001298524963483781	6.632251157578452e-05	1.18145418	28.7012291	0.98841974	0.07519522973054871	0.0104846	0.00067
0.0531	-0.5464	0.1578	-0.005956808737056647	-0.0013055062804917586	0.00010995574287564276	1.23619354	30.03102112	0.99525474	0.04558775653373966	0.0118334	0.00051
0.0514	-0.4538	0.1794	-0.006677629718130304	-0.0013421581947836393	-0.00019024088846738194	1.34728992	32.72990036	1.02259951	0.1687834763354282	0.00832647	0.00035
0.0532	-0.5155	0.1585	-0.006888814557621618	-0.0013788101090755204	-0.00038048177693476387	1.18035209	28.67445564	0.97908351	0.10630388211252882	0.00948954	0.00061
0.0527	-0.4463	0.1518	-0.0069097585086455495	-0.0014573499254152652	-0.0003595378259108319	1.23187625	29.92613983	1.00773676	0.0824213859193804	0.00912225	0.00056
0.0543	-0.4249	0.1453	-0.00662352451131848	-0.0012531464029319286	-0.00024085543677521747	1.26846051	30.81488609	0.99008983	0.059955995447300965	0.00771588	0.00024
0.0526	-0.5845	0.1715	-0.006670648401122327	-0.0012793263417118436	-0.00014486232791552936	1.28842413	31.29986572	1.08258398	0.19596484687217247	0.0106174	0.00064
0.0518	-0.5856	0.1574	-0.00626049602690366	-0.001158898623324235	-2.268928027592628e-05	1.21070969	29.41193771	0.99606655	0.04863765701229393	0.0114796	0.00071
0.0617	-0.541	0.1737	-0.006346017160251381	-0.0013578661580515882	0.0004188790204786391	1.30717134	31.7552948	1.01915027	0.10710284844148196	0.0100026	0.00061
0.0692	-0.4956	0.1608	-0.006511823439190843	-0.001562069680534925	0.00032463124087094524	1.20109415	29.17834663	0.98998875	0.08901287905152468	0.00882947	0.00039
0.0571	-0.4616	0.1683	-0.00674395222970609	-0.0014852751934471744	0.0001186823891356144	1.30037522	31.59019661	1.00676562	0.0793436064669164	0.00861794	0.00032
0.0553	-0.4359	0.1591	-0.0069481557521894255	-0.0013107422682477415	-0.00018675022996339323	1.18655515	28.82514954	0.96303494	0.0709084533390888	0.00762922	0.00034
0.0525	-0.4137	0.1412	-0.006654940437854378	-0.0012671090369478833	-0.00022165681500327985	1.122329	27.26489449	0.96139204	0.06148775653373963	0.0082531	0.00039
0.0521	-0.5784	0.1581	-0.006503096792930871	-0.0011257373675363424	4.363323129985824e-05	1.34855747	32.7606926	1.09442681	0.20992526803190928	0.0122054	0.00056
0.053	-0.6196	0.1909	-0.006705554986162213	-0.0013072516097437528	1.0471975511965975e-05	1.25013971	30.36981583	1.01268057	0.09575668456133224	0.0123438	0.00067
0.0536	-0.5584	0.1708	-0.006611307206554521	-0.0012426744274199627	-1.2217304763960308e-05	1.1950351	29.03115463	0.99988066	0.09097571211037044	0.0112901	0.00074
0.053	-0.502	0.2006	-0.006873106594353669	-0.0013805554383275148	-0.00013264502315156904	1.29001093	31.33841324	1.02227265	0.11280540585471543	0.00953901	0.00062
0.0483	-0.4153	0.1892	-0.0072623150175484055	-0.001377064779823526	-0.0003874630939427412	1.14979851	27.93221474	1.01236951	0.13517585762449483	0.00760311	0.00037
0.0485	-0.4946	0.1806	-0.0074508105767637925	-0.0013334315485236678	-0.00028623399732707005	1.15191376	27.98360062	0.99890466	0.1047678943565458	0.00987548	0.00049
0.0318	-0.4832	0.1388	-0.006698573669154236	-0.000731292956585624	1.9198621771937625e-05	1.23332679	29.9613781	1.01243151	0.1528904059323304	0.00863081	0.00052
0.0353	-0.4979	0.1633	-0.006620033852814493	-0.0007627088831215222	0.00011170107212763708	1.25392187	30.46169853	0.99508702	0.05282290966156702	0.00826508	0.00046
0.0383	-0.5835	0.1613	-0.006799802765769907	-0.0008360127117052838	8.726646259971648e-05	1.18902802	28.88522339	0.99251045	0.10447536755335486	0.0113846	0.00081
0.0334	-0.504	0.1603	-0.0066165431943105025	-0.0008552113334772215	0.000148352986419518	1.30900514	31.79984283	1.02950941	0.09857723585255722	0.00907212	0.0004
0.041	-0.4155	0.1657	-0.007105235384868916	-0.0010175269539126942	-2.094395102393195e-05	1.23136592	29.91374397	1.00506849	0.1425152374218668	0.0067699	0.00017
0.0393	-0.4856	0.1627	-0.007129669994396836	-0.0009896016858807848	-5.585053606381854e-05	1.15416908	28.03838921	0.98040361	0.07916332312998577	0.00827909	0.00029
0.0384	-0.6244	0.171	-0.006733480254194123	-0.0009145525280450286	0.00014137166941154068	1.28898835	31.31357384	1.05419939	0.18142305517569135	0.0130181	0.00079
0.0374	-0.5338	0.1803	-0.0067038096569102205	-0.0009686577348568529	-1.0471975511965975e-05	1.29045761	31.34926605	1.02467108	0.11268097245096156	0.00940746	0.00044
0.0357	-0.4784	0.1586	-0.00650658745143486	-0.0009686577348568529	4.363323129985824e-05	1.1685921	28.38877106	0.99373673	0.09136637061435927	0.0110071	0.0003
0.0452	-0.4459	0.176	-0.007185520530460655	-0.001059414855960558	0.000312413936106985	1.25778532	30.55555344	0.98638404	0.1113235452468313	0.00854284	0.00035
0.0401	-0.4438	0.1451	-0.007140141969908803	-0.0009913470151327792	-1.7453292519943296e-05	1.1798296	28.66176414	0.96659764	0.06026568150032802	0.00759071	0.00022
0.0381	-0.4428	0.1288	-0.006815510729037857	-0.0008325220532012951	7.330382858376184e-05	1.11759043	27.14978027	0.96189769	0.048010666195306674	0.00771779	0.00029
0.0455	-0.5311	0.1382	-0.006578145950766627	-0.0008970992355250854	0.000317649923862968	1.24995708	30.36538124	1.01617298	0.13241440279371128	0.00975478	0.00052
0.041	-0.5152	0.168	-0.006672393730374321	-0.0008272860654453122	0.00020420352248333657	1.33380473	32.40230179	1.00911744	0.06407536755335497	0.00906283	0.00037
0.0406	-0.431	0.1557	-0.007150613945420769	-0.0009913470151327792	0.0001012290966156711	1.16954637	28.41195297	1.00455345	0.134162779530079	0.0078969	0.00022
0.0375	-0.344	0.1374	-0.007164576579436722	-0.0009250245035569946	-3.490658503988659e-05	1.26953208	30.84091949	1.04002193	0.11922104136236485	0.00838375	0.00067
0.0397	-0.458	0.1324	-0.006810274741281873	-0.0007976154681614085	8.901179185171081e-05	1.3075968	31.76563072	1.04955045	0.15148146252210168	0.00764954	0.00046
0.0422	-0.62	0.1688	-0.006921975813409511	-0.0008883725892651138	0.0001239183768915974	1.28453624	31.20541573	1.08049849	0.21276823891356153	0.0119536	0.00093
0.0468	-0.5438	0.155	-0.006878342582109652	-0.0008499753457212384	0.00023212879051524583	1.24824977	30.32390594	1.02949115	0.10411204442336916	0.0108741	0.00069
0.0416	-0.4786	0.1744	-0.0070476395195531024	-0.0008360127117052838	1.3962634015954635e-05	1.36319017	33.11616898	1.01555007	0.10987128639793473	0.00931019	0.00047
0.0402	-0.4455	0.1571	-0.007433357284243849	-0.0009389871375729493	-6.9813170079773176e-06	1.16752362	28.36281204	0.97346658	0.07728180707911722	0.00802314	0.00039
0.0394	-0.5432	0.1357	-0.006759660192974038	-0.0007504915783575615	0.00012217304763960306	1.22905278	29.85754967	1.02718314	0.169467350756639	0.0119917	0.00057
0.0449	-0.4678	0.1634	-0.006668903071870333	-0.0008325220532012951	0.0003717551306747922	1.31990147	32.06454849	1.02868643	0.1297184839491314	0.00832039	0.00029
0.0455	-0.5207	0.1621	-0.006983062337229313	-0.0008552113334772215	0.0004380776422505767	1.19152153	28.94579697	0.9810774	0.07495855286053461	0.00887364	0.00039
0.0435	-0.4749	0.158	-0.007183775201208661	-0.001001818990644745	0.00019547687622336493	1.18849421	28.87225342	0.99319248	0.08139606435870421	0.00899827	0.00029
0.0415	-0.446	0.1537	-0.00736528944341607	-0.0009407324668249436	0.00012740903539558605	1.25533056	30.49592018	0.99221279	0.05073343034274946	0.00801539	0.00022
0.0368	-0.4659	0.1437	-0.007094763409356949	-0.0008325220532012951	3.141592653589793e-05	1.14136827	27.7274189	0.95804345	0.058336477827122875	0.00688559	0.00029
0.0426	-0.6398	0.164	-0.007157595262428746	-0.0010297442586766543	0.00024085543677521747	1.26136029	30.64240074	1.0806886	0.2234746784393239	0.0135573	0.00079
0.0421	-0.5667	0.1591	-0.006750933546714066	-0.0009302604913129776	0.00033684854563490564	1.31894267	32.04125595	1.04066407	0.10860692959690232	0.011833	0.00091
0.0456	-0.3838	0.1628	-0.007286749627076325	-0.0010175269539126942	0.00033335788713091696	1.37051511	33.29411316	1.13735655	0.22142866007329823	0.00764859	0.00037
0.0512	-0.3527	0.1438	-0.007552039673379464	-0.0010088003076527223	0.00046425758103049166	1.24196434	30.17121315	1.0399648	0.07594581932313423	0.00861818	0.00056
0.0493	-0.4635	0.1315	-0.007592182246175334	-0.0008674286382411819	0.00037350045992678646	1.29459047	31.44966507	1.03533155	0.13861356816555578	0.00953799	0.00061
0.0476	-0.5618	0.1434	-0.007082546104592989	-0.0007278022980816354	0.00038397243543875244	1.29627895	31.49068451	1.02975026	0.1448867228626928	0.00949401	0.00051
0.05	-0.5332	0.1527	-0.007049384848805097	-0.0007958701389094143	0.00041538836197465044	1.16585112	28.32218361	0.99184196	0.04693225115757841	0.0103455	0.00052
0.046	-0.501	0.1651	-0.006850417314077744	-0.0008831366015091308	0.0003892084231947355	1.34650302	32.71078491	1.02442474	0.06422069680534923	0.00981665	0.00061
0.0489	-0.4726	0.1694	-0.007283258968572337	-0.0008587019919812101	0.00023212879051524583	1.23695385	30.04949188	0.99352632	0.06631779483510014	0.00850791	0.00027
0.051	-0.3716	0.1529	-0.0075450583563714865	-0.0010262536001726657	7.330382858376184e-05	1.28688741	31.2625351	1.02603189	0.14900879789610447	0.010051	0.00061
0.0501	-0.4298	0.1476	-0.0075276050638515436	-0.0008587019919812101	6.632251157578452e-05	1.26293194	30.68058014	1.0066293	0.07399931088596881	0.00891209	0.00049
0.0505	-0.5342	0.1666	-0.007309438907352251	-0.000783652834145454	6.806784082777885e-05	1.26082873	30.62948608	1.03097959	0.13854803217935213	0.00937265	0.00054
0.0528	-0.5993	0.1719	-0.0072902402855803145	-0.0008604473212332044	0.00031415926535897925	1.1813978	28.69985962	0.98863898	0.08980422666954442	0.0121051	0.00098
0.0494	-0.484	0.1765	-0.007030186227033159	-0.0007871434926494425	0.00024609142453120044	1.35588872	32.93879318	1.05695431	0.14337128639793487	0.00840157	0.00037
0.0472	-0.4491	0.1547	-0.007426375967235872	-0.0009180431865490173	1.3962634015954635e-05	1.160537	28.19308662	0.99527094	0.09686091123087667	0.00963277	0.00034
0.0458	-0.4513	0.1307	-0.007539822368615503	-0.0008290313946973065	6.632251157578452e-05	1.12161756	27.247612	0.97419446	0.04034090353955858	0.00792235	0.0004
0.0436	-0.5186	0.1445	-0.006997024971245267	-0.0008185594191853405	0.0002722713633111154	1.23919404	30.10391235	0.99933859	0.12126091123087664	0.00903839	0.00035
0.0433	-0.4716	0.1593	-0.006995279641993272	-0.0008656833089891874	0.00016929693744344995	1.22287691	29.70751762	0.99020682	0.0696921822461753	0.00748044	0.0002
0.0423	-0.4599	0.1454	-0.007117452689632876	-0.000879645943005142	0.00012217304763960306	1.20821738	29.35139084	0.97910564	0.035762978572970304	0.00890863	0.0003
0.0384	-0.3846	0.1524	-0.007435102613495844	-0.0008080874436733745	-1.3962634015954635e-05	1.29001927	31.33861732	0.99896622	0.11246720524251466	0.00790006	0.00035
0.0441	-0.3968	0.1519	-0.007646287452987157	-0.0008517206749732328	-5.061454830783555e-05	1.10129428	26.75389481	0.95401221	0.032973499254152605	0.00674468	0.00025
0.0424	-0.5025	0.1315	-0.007161085920932734	-0.0007819075048934597	-1.2217304763960308e-05	1.17108178	28.44925308	0.98957401	0.15747059728390356	0.00962514	0.00037
0.047	-0.5846	0.1237	-0.0069865529957333005	-0.0008237954069413235	0.00039968039870670147	1.28422892	31.19795227	1.02651448	0.125915926535898	0.0111361	0.00083
0.0512	-0.5032	0.1402	-0.007070328799829028	-0.0009878563566287904	0.0003700098014227979	1.27963018	31.08623314	1.01860751	0.11597536755335494	0.0081659	0.00034
0.0458	-0.4284	0.1482	-0.00753458638085952	-0.0009773843811168245	0.0001884955592153876	1.21757162	29.57863617	1.01303993	0.1210121899374934	0.00801957	0.0003
0.0421	-0.4721	0.1518	-0.007201228493728604	-0.0008482300164692441	0.00011693705988362007	1.23902261	30.09974861	0.9890527	0.07770353755551326	0.00863606	0.00032
0.043	-0.5233	0.1517	-0.0071191980188848696	-0.0008709192967451704	0.00015707963267948963	1.18749857	28.84806824	0.97780313	0.05944311639577645	0.00856191	0.00035
0.0495	-0.4935	0.1409	-0.007056366165813074	-0.0008185594191853405	0.0004485496177625427	1.20423031	29.25453377	0.98188333	0.06743308578573394	0.00892216	0.00024
0.0406	-0.4625	0.1624	-0.007117452689632876	-0.0007888888219014368	0.00020943951023931956	1.32894313	32.28419876	1.01161004	0.07789336143134638	0.00815755	0.00039
0.0419	-0.4339	0.1482	-0.007496189137315645	-0.0008168140899333463	5.585053606381854e-05	1.13048899	27.46312523	0.95974186	0.07211253449450902	0.00752532	0.00029
0.0375	-0.53	0.1308	-0.007323401541368206	-0.0006579891280018621	0.00014137166941154068	1.18537235	28.79641342	0.99899243	0.13875668456133233	0.00944692	0.00037
0.0428	-0.4899	0.1464	-0.006873106594353669	-0.0008115781021773631	0.000307177948351002	1.26827514	30.81038475	0.99521472	0.09948451000647496	0.0089395	0.0004
0.0418	-0.5772	0.1635	-0.007353072138652111	-0.0008604473212332044	0.0002443460952792061	1.22320509	29.71549034	1.00908613	0.134983330821304	0.0105856	0.00056
0.0404	-0.432	0.1517	-0.007567747636647412	-0.0008831366015091308	8.726646259971648e-05	1.24564254	30.26056671	1.06567804	0.17812222054753596	0.00778562	0.00035
0.0435	-0.3859	0.1324	-0.007517133088339578	-0.0008290313946973065	8.726646259971648e-05	1.21566403	29.53229523	0.97105052	0.07373598775598289	0.0081107	0.00025
0.0422	-0.403	0.1199	-0.007243116395776467	-0.0007068583470577034	4.886921905584123e-05	1.17076206	28.44148445	0.96692138	0.052629349187329456	0.00679076	0.00024
0.0444	-0.5893	0.118	-0.007143632628412791	-0.0007888888219014368	0.0002443460952792061	1.28808033	31.29151344	1.09199652	0.2092495559215388	0.010729	0.00071
0.0467	-0.5553	0.1313	-0.006883578569865635	-0.0007347836150896127	0.00035430183815484887	1.27103603	30.87745476	1.02670956	0.07080575041173118	0.0103638	0.00064
0.042	-0.4236	0.1505	-0.007204719152232592	-0.0008080874436733745	0.0001658062789394613	1.35433161	32.90096664	1.05187987	0.18474699850830528	0.00736547	0.00025
0.0426	-0.4261	0.1328	-0.0073897240529439915	-0.0009302604913129776	0.00012217304763960306	1.24221694	30.17734718	0.98109374	0.03834055898254303	0.00821483	0.00025
0.0416	-0.5296	0.121	-0.0068643799480936985	-0.0007278022980816354	0.00024085543677521747	1.28701043	31.26552391	1.04242241	0.15862423436086248	0.0106801	0.00067
0.0449	-0.5206	0.139	-0.0066217791820664855	-0.0007435102613495844	0.00027576202181510406	1.27390218	30.94708061	0.99615011	0.044960765716752456	0.0100374	0.00042
0.0496	-0.4548	0.1441	-0.007045894190301109	-0.0007958701389094143	0.00029845130209103034	1.19941306	29.13750839	1.02596915	0.10055820830351891	0.00845182	0.00044
0.0471	-0.4525	0.1611	-0.00721170046924057	-0.0008028514559173916	0.0002373647782712288	1.30045998	31.59225464	1.01891449	0.03349370598836193	0.00910401	0.00029
0.043	-0.4388	0.1535	-0.0076497781114911465	-0.0008395033702092724	3.141592653589793e-05	1.16591871	28.32382584	0.96723665	0.05943392041388942	0.00772077	0.00042
0.0466	-0.4408	0.1324	-0.007475245186291714	-0.0007906341511534313	0.00010821041362364843	1.12510061	27.3322258	0.96337127	0.04170983156715122	0.00813591	0.00034
0.0495	-0.5825	0.135	-0.006911503837897546	-0.0007208209810736582	0.00028099800957108706	1.30209291	31.63192368	1.05542134	0.18751710572106903	0.0134138	0.00069
0.0459	-0.541	0.1648	-0.007030186227033159	-0.0007749261878854823	0.00017802358370342162	1.31140053	31.85803604	0.99037015	0.08868810109075509	0.0101619	0.00067
0.0451	-0.4407	0.1541	-0.007298966931840286	-0.00091106186954104	0.0002129301687433082	1.22114503	29.66544533	1.02273747	0.13379114857512864	0.00872582	0.00047
0.0415	-0.4437	0.1471	-0.007518878417591571	-0.000879645943005142	5.759586531581287e-05	1.2651298	30.73397446	0.99484843	0.03393308578573391	0.0093931	0.00032
0.0426	-0.4776	0.1462	-0.0076497781114911465	-0.0007906341511534313	-4.18879020478639e-05	1.19417608	29.01028442	0.98287237	0.05186976265574819	0.00911576	0.00052
0.0475	-0.5569	0.1501	-0.0076009088924353044	-0.0008272860654453122	6.632251157578452e-05	1.21536505	29.52503014	0.99616573	0.09778657734856849	0.0106357	0.00064
0.0535	-0.5882	0.1777	-0.00773180858633488	-0.000874409955249159	0.0003193952531149623	1.26584435	30.75133324	1.01166284	0.08645481626212997	0.0125318	0.00096
0.0678	-0.4641	0.1319	-0.004029965242854907	-0.0018709929581379211	0.000874409955249159	1.84430134	44.80386734	1.52273834	0.44687205242514655	0.0163959	0.00784
0.087	-0.5163	0.0822	-0.0023963370629882146	-0.0023649211364523163	0.00021642082724729686	1.69991946	41.29637909	1.49685212	0.2603772743091474	0.0202759	0.01063
