trans_x	trans_y	trans_z	rot_x	rot_y	rot_z	dvars_std	dvars_nstd	dvars_vstd	framewise_displacement	aqi	aor
0.0	-0.0	0.0	-0.0	0.0	-0.0	n/a	n/a	n/a	n/a	0.0085457	0.00081
0.0048	0.0104	-0.0076	2.96705972839036e-05	5.061454830783555e-05	0.0001012290966156711	1.26529765	29.8170414	0.98547195	0.03187571211037051	0.00951052	0.00071
0.0061	0.0178	0.0119	-7.67944870877505e-05	0.00023212879051524583	0.00012740903539558605	1.27826583	30.1226387	0.99249309	0.04390796326794898	0.00939494	0.00067
0.0065	-0.0124	0.0103	-0.0002513274122871834	5.235987755982988e-06	-7.67944870877505e-05	1.16094804	27.35801888	1.00058686	0.062481462522101607	0.0077554	0.00039
0.0043	0.1286	-0.0121	-0.0004904375198104066	-8.726646259971648e-06	-8.028514559173915e-05	1.30439663	30.73841858	1.08706335	0.17842817000215833	0.0112018	0.00081
0.0034	0.1603	-0.0248	-0.0006370451769779302	-1.0471975511965975e-05	-2.6179938779914945e-05	1.24485087	29.33520699	1.00287223	0.05542290966156711	0.0123712	0.00099
0.0006	0.0637	-0.0194	-0.000598647933434055	0.00016231562043547262	-0.00016929693744344995	1.22273493	28.81404114	1.03188788	0.12251509190774242	0.0087046	0.00037
0.0042	-0.058	-0.0077	-0.00037350045992678646	0.00015009831567151235	-9.599310885968811e-05	1.21849263	28.71407127	1.01424686	0.1525334303427495	0.00863236	0.00039
0.0063	-0.0539	0.0145	-0.00015707963267948963	0.00011519173063162575	3.141592653589793e-05	1.26406348	29.78795815	1.02163438	0.04733682238413848	0.00850642	0.00054
0.0034	-0.0387	0.0304	-0.000296705972839036	5.759586531581287e-05	-4.537856055185256e-05	1.25915098	29.67219353	0.9850217	0.04770083462815549	0.00756496	0.00034
0.0064	-0.0021	0.0146	-0.0003577924966588376	0.0001012290966156711	8.726646259971648e-06	1.23177779	29.02713776	0.98514932	0.06334124809657421	0.00830793	0.0004
0.0071	-0.022	0.0223	-0.00020420352248333657	0.0001256637061435917	5.585053606381854e-05	1.22768593	28.93071365	0.98963048	0.039557373675363425	0.00803447	0.00029
0.0039	0.0258	0.0207	-0.0004886921905584122	0.00011344640137963142	3.490658503988659e-05	1.18963099	28.03393936	0.98070642	0.0684824961931484	0.00781792	0.0003
0.0046	0.1341	-0.01	-0.0007557275661135446	8.37758040957278e-05	-5.759586531581287e-05	1.22173727	28.79052925	1.03891508	0.15916042115973675	0.0113885	0.00079
0.0048	0.1096	-0.027	-0.000619591884457987	0.00019896753472735358	-1.7453292519943294e-06	1.18653679	27.96102333	0.99548531	0.057058897417550096	0.0109309	0.00091
0.0033	-0.0074	0.002	-0.00040666171571467877	0.0002181661564992912	6.108652381980153e-05	1.33907366	31.55559158	1.07356459	0.1622480321793521	0.00823891	0.00059
0.0067	-0.0627	0.0261	-0.0005515240436302081	3.665191429188092e-05	3.141592653589793e-05	1.20306432	28.3504982	1.00569505	0.10060235837034216	0.00866246	0.00069
0.0066	0.0416	0.0017	-0.0005497787143782138	0.0001256637061435917	0.00015533430342749534	1.28100693	30.18723488	1.07736231	0.13953377489976512	0.00970018	0.00066
-0.0017	0.1175	-0.0018	-0.0005166174585903216	0.00019024088846738194	1.9198621771937625e-05	1.3328743	31.40950012	1.05125071	0.099393705988362	0.0109324	0.00091
0.0065	-0.0375	-0.0055	-0.0004625122517784973	8.028514559173915e-05	9.948376736367679e-05	1.28521931	30.28649902	1.0792828	0.17911730476396032	0.00811422	0.00069
0.0087	-0.046	-0.0052	-0.0004520402762665313	9.42477796076938e-05	0.00014311699866353502	1.1871326	27.97506332	0.99060186	0.014403392041388944	0.00873083	0.00047
-0.0014	0.0766	0.018	-0.0005096361415823442	0.0001605702911834783	8.726646259971648e-05	1.3869853	32.68463898	1.06248584	0.16488844564777075	0.00980169	0.00055
0.0007	0.0647	-0.0035	-0.0006265732014659643	8.028514559173915e-05	-8.726646259971648e-06	1.13007748	26.63054657	0.96277792	0.05016076571675237	0.00915807	0.00059
0.0057	-0.054	-0.0042	-0.00048520153205442357	0.00013788101090755203	0.00015707963267948963	1.25424016	29.55646896	1.04302219	0.14263869068334073	0.00902355	0.00057
0.0023	-0.0202	0.0114	-0.0003892084231947355	0.00017453292519943296	0.00013788101090755203	1.30043495	30.64505959	1.00845326	0.060392182246175326	0.00928628	0.0004
0.0003	0.0777	0.0196	-0.0010297442586766543	5.759586531581287e-05	9.948376736367679e-05	1.20349622	28.36067581	1.04918076	0.14789350694547068	0.00989228	0.00055
0.002	0.071	0.0211	-0.0013177235852557187	-7.67944870877505e-05	-0.0001256637061435917	1.1628077	27.40184212	0.98933063	0.04227585762449483	0.00997621	0.00079
0.0015	-0.026	-0.0119	-0.000804596785169386	6.806784082777885e-05	-1.0471975511965975e-05	1.28366768	30.24993706	1.06133992	0.16915904293167439	0.00913	0.00037
0.0041	-0.0923	0.0064	-0.0005026548245743669	6.108652381980153e-05	8.726646259971648e-05	1.24927092	29.43936729	1.0205315	0.10753308578573396	0.00914168	0.00034
0.0033	-0.0617	-0.0078	-0.0005044001538263612	0.00015707963267948963	0.00013439035240356338	1.22325194	28.82622337	0.99163338	0.05284311639577647	0.0101103	0.00052
0.0013	-0.066	0.0088	-0.0003298672286269283	0.00016231562043547262	0.00013788101090755203	1.34163833	31.61602783	1.02720713	0.03206297857297023	0.00962836	0.00059
-0.0031	0.0292	0.0131	-0.0009145525280450286	0.00015533430342749534	-5.235987755982989e-05	1.24318171	29.29587364	1.04002329	0.14299537524467298	0.008995	0.00061
0.0042	-0.0291	-0.0166	-0.00034208453339088857	9.250245035569947e-05	8.028514559173915e-05	1.26253808	29.75201225	1.02267046	0.13369724354387527	0.0097757	0.00061
0.0002	-0.0566	-0.007	-0.00022863813201125715	0.00013962634015954637	6.632251157578452e-05	1.3385855	31.54408836	1.02435151	0.04982664625997164	0.00984031	0.00045
0.006	0.0044	0.0041	-0.0005689773361501514	-0.0	0.0002251474735072685	1.25105143	29.48132515	1.0354841	0.1098395253114962	0.00886381	0.00047
0.0068	0.0912	0.0011	-0.000895353906273091	-7.853981633974481e-05	-3.490658503988659e-05	1.30106521	30.65991211	1.03652062	0.12384852225049196	0.0108817	0.00052
0.0023	0.083	-0.0308	-0.0007435102613495844	0.0001239183768915974	-5.235987755982989e-05	1.31986654	31.10297012	1.02633281	0.0631877565337396	0.0124295	0.00062
0.0009	0.0014	-0.0155	-0.000710349005561692	0.00013788101090755203	-9.773843811168246e-05	1.22534156	28.8754673	1.01461468	0.10292512251778496	0.00861663	0.00052
0.0046	-0.0937	-0.0016	-0.0002565634000431664	3.316125578789226e-05	-7.67944870877505e-05	1.24780095	29.40472794	1.03321726	0.14167246558310587	0.00968421	0.00074
0.0039	-0.0607	0.0036	-5.585053606381854e-05	8.37758040957278e-05	5.235987755982989e-05	1.36890638	32.25860596	1.06944796	0.0579240888467382	0.00967014	0.00054
0.0052	0.0954	-0.0027	-0.0005288347633542819	-6.9813170079773176e-06	-7.853981633974481e-05	1.35096645	31.83584595	1.11594214	0.19843205211468715	0.0100055	0.00057
0.01	0.1589	-0.0399	-0.0004729842272904633	6.9813170079773176e-06	-4.537856055185256e-05	1.32599378	31.24736023	1.02640573	0.11064872129338328	0.014266	0.00136
0.0069	0.0415	-0.0437	-0.0005689773361501514	0.00015184364492350666	2.268928027592628e-05	1.38801432	32.70888901	1.10393293	0.13974616388014985	0.0105917	0.00057
0.0061	-0.023	-0.0216	-0.0004991641660703782	0.0001291543646475804	-5.235987755982988e-06	1.27474046	30.03956223	1.04025436	0.09342138591938041	0.00818491	0.00039
0.0137	-0.0626	-0.0053	-0.000466002910282486	2.268928027592628e-05	0.00010995574287564276	1.21748102	28.69023132	0.99654857	0.07624090353955859	0.00903928	0.00044
0.0109	-0.0037	0.004	-0.0001064650843716541	0.00015184364492350666	0.00020594885173533088	1.35836875	32.01028442	1.04609135	0.100234264970905	0.00911462	0.00059
0.007	0.0016	-0.0016	-0.0005078908123303499	0.00015533430342749534	3.490658503988659e-05	1.22402334	28.84440231	1.01241104	0.04359793265790644	0.00817019	0.00037
0.0057	0.1396	-0.0221	-0.000619591884457987	0.00012042771838760874	3.141592653589793e-05	1.3567996	31.97330666	1.09269036	0.1673049157835756	0.0134013	0.00084
0.0042	0.1067	-0.0383	-0.0007278022980816354	0.00021642082724729686	6.283185307179586e-05	1.31175041	30.91171074	1.02219922	0.062380972450961726	0.0108534	0.00057
0.0002	-0.0156	-0.0313	-0.00048171087355043494	0.000153588974175501	-1.5707963267948964e-05	1.26224291	29.74505615	1.06683136	0.15267315469713705	0.00810796	0.0005
0.0037	-0.0723	-0.0203	-0.00040840704496667313	8.37758040957278e-05	0.00012042771838760874	1.20760334	28.45746231	0.9912926	0.08516263401595464	0.00974059	0.00055
-0.0014	0.001	-0.0154	-0.0002024581932313422	0.0002652900463031381	0.0002495820830351891	1.34221959	31.6297245	1.05341358	0.10913087292951608	0.00944078	0.00042
-0.0036	0.0802	-0.0123	-0.0007871434926494425	0.00017976891295541595	4.886921905584123e-05	1.25778306	29.63995934	1.03130425	0.12804596483725847	0.00986141	0.00054
-0.0039	0.1142	-0.0326	-0.0008168140899333463	0.0002670353755551324	-3.141592653589793e-05	1.2617476	29.73338318	0.99669815	0.06446111027376797	0.0116353	0.00081
0.0004	0.1038	-0.0446	-0.0007749261878854823	0.0002007128639793479	-1.5707963267948964e-05	1.28578866	30.29991722	1.0130101	0.03289591884457987	0.0114183	0.00082
-0.0026	0.0493	-0.0354	-0.0008255407361933179	0.0002548180707911721	3.665191429188092e-05	1.28331077	30.24152374	1.02468243	0.07455398163397449	0.00890821	0.00025
0.0028	-0.0581	-0.0121	-0.0006928957130417488	0.0001308996938995747	0.00014660765716752367	1.23235345	29.04070473	1.04984599	0.15442595714594043	0.00854939	0.00034
0.0067	-0.0636	-0.003	-0.00042935099599060504	0.0001361356816555577	0.00022340214425527416	1.30482388	30.74848557	1.03576659	0.035778759594743866	0.00890958	0.00077
0.0048	0.0573	0.001	-0.0006108652381980154	8.552113334772214e-05	0.000148352986419518	1.38744366	32.6954422	1.05171183	0.1421588974175501	0.00899166	0.00042
0.0023	0.0942	-0.0254	-0.0008150687606813518	5.585053606381854e-05	4.886921905584123e-05	1.38857543	32.72211075	1.01844371	0.08246789435654586	0.0116606	0.00087
0.0048	0.0548	-0.0395	-0.0006562437987498679	0.0002181661564992912	6.981317007977319e-05	1.32668173	31.26357079	1.03665122	0.07310422666954441	0.0109897	0.00069
0.0025	-0.0082	-0.006	-0.0005462880558742252	0.00027750735106709843	0.000158824961931484	1.3610003	32.07229614	1.06783271	0.11171543646475804	0.00834268	0.00025
0.0069	-0.0559	-0.002	-0.0006178465552059926	0.00014660765716752367	0.0001239183768915974	1.17069638	27.58773994	0.98427812	0.06796823891356144	0.00810021	0.00034
0.0019	-0.002	-0.0048	-0.0005672320068981572	0.0002181661564992912	0.00015009831567151235	1.29544246	30.52741241	1.02980839	0.06911764932097589	0.00879109	0.00047
-0.0013	0.1105	0.001	-0.0010873401239924673	0.00017627825445142725	7.853981633974481e-05	1.33352387	31.4248085	1.0551585	0.15317772592369708	0.00983405	0.00054
0.0039	0.0048	-0.0107	-0.0006562437987498679	0.0002007128639793479	-8.726646259971648e-06	1.23005688	28.98658371	1.02336109	0.14973986986851184	0.00825924	0.00039
0.0025	-0.0701	-0.0061	-0.0005113814708343385	0.0002583087292951608	9.250245035569947e-05	1.26151216	29.7278347	1.01610945	0.09608436449235065	0.00881028	0.00045
0.0009	-0.0385	0.0107	-0.0007714355293814937	0.00019024088846738194	3.316125578789226e-05	1.3191272	31.08554649	1.00535277	0.06937315469713705	0.00752914	0.00029
0.0032	0.0125	0.0019	-0.0009128071987930344	0.00015184364492350666	4.18879020478639e-05	1.17103088	27.59562111	0.99135149	0.07152477796076939	0.00852013	0.0004
-0.0008	0.0586	-0.0055	-0.0011117747335203881	0.0001186823891356144	5.235987755982988e-06	1.26660085	29.84775162	1.01891042	0.07093903524035633	0.00941235	0.00042
-0.002	0.0688	-0.019	-0.0010105456369047167	0.0001884955592153876	-0.00010297442586766544	1.19034708	28.05081367	0.9875968	0.03886263401595465	0.00851625	0.00047
0.001	-0.1258	-0.0014	-0.0007749261878854823	0.00020769418098732522	-5.061454830783555e-05	1.37033129	32.29218292	1.137528	0.2305588974175501	0.00837111	0.00035
0.0003	-0.0589	-0.0005	-0.0006824237375297829	0.00022689280275926284	0.0001239183768915974	1.29153323	30.43528938	1.03061583	0.08281169986635349	0.00867856	0.00047
-0.0033	0.0736	0.0106	-0.0009808750396208131	0.00017104226669544429	-1.2217304763960308e-05	1.37913966	32.49975586	1.08578034	0.1717218759905203	0.00886643	0.00084
-0.0024	0.0721	-0.0141	-0.0012252211349000194	7.853981633974481e-05	-0.0001239183768915974	1.1779778	27.75932884	1.00581949	0.04952748088812713	0.00956821	0.00054
0.003	0.0045	-0.034	-0.0009232791743050004	0.00014486232791552936	-2.96705972839036e-05	1.23589742	29.12421799	1.0211913	0.11602561258892485	0.00891602	0.00052
0.0093	-0.0741	0.0026	-0.0006963863715457374	-6.9813170079773176e-06	8.552113334772214e-05	1.33100736	31.36550713	1.04430996	0.14619640891571975	0.00804591	0.00025
0.0105	-0.0675	-0.0062	-0.0009930923443847736	-3.4906585039886588e-06	6.981317007977319e-05	1.17367053	27.65782738	0.98604423	0.03239522973054869	0.00888437	0.00032
0.0069	0.044	0.0002	-0.0011903145498601325	-1.5707963267948964e-05	-6.806784082777885e-05	1.32901609	31.31858253	1.07506922	0.13886602605734355	0.00941473	0.00062
0.0059	0.1431	-0.0042	-0.001500983156715123	-9.599310885968811e-05	-0.0002530727415391778	1.32573318	31.24121857	1.04489787	0.13329793265790643	0.0113928	0.00082
0.0083	0.1411	-0.0187	-0.001595230936322817	-8.37758040957278e-05	-0.000307177948351002	1.10722852	26.09210396	0.97180165	0.026928514559173927	0.0109568	0.00064
0.0121	-0.0094	-0.0204	-0.0011397000015522971	-3.316125578789226e-05	-0.00010297442586766544	1.32858241	31.30836105	1.08659764	0.1915174502780846	0.00902992	0.00042
0.009	-0.0704	0.0114	-0.0007958701389094143	2.094395102393195e-05	1.9198621771937625e-05	1.33772266	31.52375412	1.02713954	0.12190540585471552	0.00854862	0.00044
0.01	-0.0085	0.0075	-0.0009040805525330626	-0.0001256637061435917	4.0142572795869576e-05	1.2230835	28.82225609	1.02191103	0.08058810109075523	0.00847131	0.00034
0.0099	0.0942	0.001	-0.001022762941668677	1.9198621771937625e-05	-7.504915783575618e-05	1.37288368	32.35233307	1.07374888	0.12823682238413847	0.0110601	0.00069
0.0065	0.0944	-0.0215	-0.0009145525280450286	6.108652381980153e-05	-0.0002199114857512855	1.3227762	31.1715374	1.02301689	0.04084803217935208	0.0113065	0.00062
0.0082	0.0572	-0.0293	-0.0011379546723003027	-1.3962634015954635e-05	-0.0001937315469713706	1.13188362	26.67310905	0.97272709	0.06293156204354726	0.00966102	0.00039
0.0122	-0.0062	-0.0398	-0.0006876597252857658	1.3962634015954635e-05	2.268928027592628e-05	1.26686072	29.85387611	1.0301129	0.11263205211468716	0.0101119	0.00042
0.006	-0.0537	-0.0107	-0.00047822021504644627	0.00015533430342749534	0.0001012290966156711	1.38755333	32.69802475	1.04031492	0.10426754979953026	0.00897783	0.00045
0.0015	0.0621	-0.0157	-0.0008709192967451704	3.665191429188092e-05	1.2217304763960308e-05	1.26380372	29.78183746	1.05450809	0.15531966313430243	0.00934923	0.00045
0.0018	0.1376	-0.025	-0.0009337511498169664	0.0001832595714594046	-1.7453292519943294e-06	1.30448723	30.7405529	1.03219869	0.09627010721276372	0.0122473	0.00091
0.0012	0.0239	-0.0153	-0.0008395033702092724	0.00024260076602721178	1.5707963267948964e-05	1.35571885	31.94783783	1.06376623	0.13255211333477224	0.00908953	0.00052
0.0084	-0.0249	-0.0052	-0.000874409955249159	8.552113334772214e-05	6.632251157578452e-05	1.22551453	28.8795414	0.99151239	0.07823003830136058	0.00804907	0.0004
0.0097	0.0272	-0.0197	-0.0006230825429619757	0.0001884955592153876	0.00017278759594743863	1.25018156	29.46082687	1.01751806	0.09093834612632512	0.00910872	0.00055
-0.0009	0.1081	-0.0014	-0.0011414453308042916	0.00016929693744344995	1.9198621771937625e-05	1.36879373	32.25595093	1.05258524	0.14435751918948772	0.0101634	0.00128
-0.0014	0.1262	-0.0254	-0.001085594794740473	0.0002181661564992912	-7.853981633974481e-05	1.15137005	27.13230896	1.00276264	0.052722909661567126	0.010221	0.00077
0.0072	-0.0041	-0.0331	-0.0005759586531581287	0.0002024581932313422	0.000153588974175501	1.32914007	31.32150269	1.06897756	0.18447364476827696	0.00967795	0.00039
0.0018	-0.0022	-0.0206	-0.00038048177693476387	0.0002443460952792061	0.00019198621771937622	1.36118317	32.07660675	1.00627425	0.0335881010907552	0.00963372	0.00055
-0.0002	0.0085	-0.0114	-0.0009180431865490173	0.0001605702911834783	0.0001256637061435917	1.14217746	26.91568375	0.9737148	0.056282986264288286	0.00800312	0.00039
-0.0004	0.1323	-0.0119	-0.0012199851471440364	0.0002129301687433082	-1.3962634015954635e-05	1.33799708	31.53022194	1.0694114	0.14919640891571978	0.0122905	0.00082
-0.0028	0.1425	-0.0152	-0.0014381513036433276	0.0002705260340591211	-5.585053606381854e-05	1.27190721	29.97279739	0.99575121	0.03178249619314839	0.0119751	0.00086
0.001	0.0695	-0.0207	-0.0012775810124598492	0.00015184364492350666	-9.250245035569947e-05	1.17698491	27.73592949	0.99679155	0.09809522973054867	0.00936157	0.00054
0.0026	-0.0561	-0.0109	-0.0009372418083209549	6.45771823237902e-05	6.806784082777885e-05	1.27226901	29.98132324	1.04567098	0.16640879789610444	0.00902432	0.0003
0.0016	0.0087	-0.0072	-0.0007470009198535729	0.00031415926535897925	0.00026878070480712676	1.31516516	30.99218178	1.02850594	0.10152679177409595	0.00923681	0.00045
-0.0009	0.0864	-0.0061	-0.001356120828799594	0.00017627825445142725	1.7453292519943296e-05	1.20004296	28.27929878	1.02914992	0.13121641660703784	0.00983572	0.00059
-0.0012	0.1867	-0.0556	-0.0012671090369478833	0.00022689280275926284	-5.93411945678072e-05	1.32869434	31.31099892	1.09827472	0.16092104136236485	0.015182	0.00141
0.0026	0.0908	-0.0484	-0.001192059879112127	0.00026878070480712676	1.0471975511965975e-05	1.31011128	30.87308502	1.06210218	0.11623751149816967	0.0110162	0.00066
0.0041	-0.0053	-0.0121	-0.0010105456369047167	0.00014311699866353502	7.504915783575618e-05	1.25785494	29.64165115	1.05106313	0.1524877565337396	0.00849658	0.00034
0.0083	0.0179	-0.0187	-0.0009197885158010115	0.0001012290966156711	0.00022340214425527416	1.20165336	28.3172493	0.99245388	0.04804990047855436	0.00956005	0.00035
0.002	0.0732	-0.0124	-0.0009564404300928925	0.0002373647782712288	3.665191429188092e-05	1.32651496	31.25964165	1.02953686	0.0858768912955416	0.0112203	0.0005
-0.0029	0.1028	-0.0275	-0.0014451326206513049	0.00018500490071139895	-0.00010821041362364843	1.14679527	27.02450562	0.9907664	0.08389571980168857	0.0097335	0.00042
-0.0042	0.0753	-0.0404	-0.0010262536001726657	0.00017976891295541595	0.00012042771838760874	1.17117655	27.59905624	0.98982602	0.07433765701229395	0.0100002	0.0004
0.001	-0.0047	-0.0218	-0.0007086036763096977	0.0002705260340591211	0.000148352986419518	1.26783299	29.87678719	1.02008808	0.12561661564992913	0.00889516	0.00034
-0.0015	0.0285	-0.0184	-0.0008412486994612669	0.0002181661564992912	0.00012217304763960306	1.23085153	29.00531006	1.00980076	0.0496592419745657	0.00850582	0.00039
0.0028	0.0639	-0.0293	-0.0012025318546240932	6.632251157578452e-05	0.00012042771838760874	1.21630907	28.66261482	0.99186465	0.07634360646691635	0.0100095	0.0005
-0.0029	0.1051	-0.0402	-0.0012374384396639797	0.0003525565089028545	6.45771823237902e-05	1.26124573	29.72155571	1.02678735	0.07664955592153874	0.0109049	0.0004
-0.0019	0.0509	-0.0368	-0.0008709192967451704	0.0003001966313430247	7.330382858376184e-05	1.18147445	27.84172821	0.99924916	0.07998028333693052	0.00906336	0.00042
0.0022	-0.0058	-0.0322	-0.0009145525280450286	0.00020594885173533088	0.000153588974175501	1.21756089	28.69211388	0.98928023	0.07630830782496456	0.00959355	0.00042
0.0006	0.0383	-0.0139	-0.0008255407361933179	0.00033684854563490564	0.00017104226669544429	1.31143224	30.90421486	1.0139546	0.07586823891356145	0.00958157	0.00042
-0.0033	0.1604	-0.0137	-0.0014154620233674013	0.0002251474735072685	3.4906585039886588e-06	1.24586225	29.35904121	1.07255799	0.1696586983746588	0.0113891	0.00077
-0.0032	0.2424	-0.044	-0.0013177235852557187	0.00022340214425527416	3.4906585039886588e-06	1.25638711	29.60706139	1.04922624	0.11737418836818383	0.0164617	0.00264
-0.0055	-0.0585	-0.0393	-0.0009389871375729493	0.0003647738136668148	0.00012042771838760874	1.64758933	38.82583618	1.37957337	0.33975225884889654	0.00956887	0.00067
-0.0027	-0.0203	-0.0293	-0.0007033676885537148	0.0003351032163829112	0.0001361356816555577	1.28460348	30.27198792	1.01745663	0.06504990047855436	0.0103538	0.00029
-0.0058	0.1016	-0.0307	-0.0012479104151759456	0.00024085543677521747	0.0001675516081914556	1.23545063	29.11368942	1.05308452	0.1599103216382911	0.0111115	0.00044
-0.0101	0.17	-0.039	-0.0013927727430914749	0.00032637657012293966	5.585053606381854e-05	1.25159931	29.4942379	1.02083151	0.09810422666954445	0.0132871	0.00108
-0.0102	0.0377	-0.0435	-0.0011885692206081383	0.0004380776422505767	-3.316125578789226e-05	1.27043843	29.93818474	1.07163392	0.15714581932313423	0.00891536	0.00054
-0.0057	0.0023	-0.0375	-0.0008115781021773631	0.000312413936106985	9.075712110370512e-05	1.17486048	27.68586922	1.0002984	0.07722866007329822	0.0109482	0.0005
-0.0041	0.0383	-0.037	-0.0008691739674931761	0.00035081117965086024	7.155849933176751e-05	1.25366139	29.54282951	1.03727661	0.04385958653158128	0.0100684	0.00061
-0.005	0.0763	-0.02	-0.0012583823906879114	0.00021642082724729686	-1.5707963267948964e-05	1.32576299	31.24192238	1.02406185	0.08644326190990077	0.00988811	0.00052
-0.0062	0.1555	-0.0462	-0.0012514010736799342	0.0002670353755551324	-0.00014137166941154068	1.20201433	28.32575417	1.0360696	0.1157629785729702	0.0126688	0.00103
-0.0022	0.067	-0.0615	-0.0009128071987930344	0.0003665191429188092	1.2217304763960308e-05	1.27697909	30.09231758	1.03984929	0.13738333082130388	0.0118146	0.00067
-0.0019	-0.0308	-0.0342	-0.0008709192967451704	0.00040840704496667313	0.00017802358370342162	1.35440361	31.91684532	1.05128213	0.13787910415175947	0.00975537	0.00045
0.0001	0.0291	-0.0221	-0.0010803588069844899	0.0002478367537831948	-2.6179938779914945e-05	1.17207813	27.62030029	1.00307686	0.10271066619530672	0.00997442	0.0004
-0.0027	0.1013	-0.0226	-0.0013456488532876281	0.00021467549799530252	-8.901179185171081e-05	1.28892338	30.37378693	1.03826313	0.09356415775814131	0.0115486	0.00052
-0.0001	0.0164	-0.015	-0.0009965830028887623	5.061454830783555e-05	-0.00012217304763960306	1.28874755	30.36964417	1.03835045	0.12241440279371124	0.0091579	0.00032
0.0006	0.0244	-0.0167	-0.0009773843811168245	0.0001937315469713706	-0.00011170107212763708	1.19001019	28.04287338	0.98735547	0.019039379797371934	0.00940758	0.00066
-0.0032	0.0699	-0.0299	-0.0008185594191853405	0.000153588974175501	4.0142572795869576e-05	1.24711919	29.38866234	1.01525826	0.080040558982543	0.0108382	0.00099
-0.0067	0.1113	-0.0214	-0.001223475805648025	0.00017104226669544429	-0.00013264502315156904	1.31298304	30.94075966	1.02421929	0.08315786374650332	0.0118854	0.00052
-0.0057	0.148	-0.0612	-0.001462585913171248	0.0001937315469713706	-0.00017104226669544429	1.14902663	27.0770874	0.99973028	0.09250983156715123	0.0129575	0.00131
-0.0055	0.0751	-0.0742	-0.0011833332328521555	0.0003159045946109737	-8.37758040957278e-05	1.22078204	28.76802063	1.01993386	0.1105346095279206	0.0120012	0.00067
-0.0031	0.0175	-0.0513	-0.0009040805525330626	0.000312413936106985	0.0001675516081914556	1.29613435	30.54371643	1.0279789	0.10960353755551323	0.00977743	0.0004
-0.0049	0.0383	-0.0416	-0.0009197885158010115	0.0001832595714594046	0.0001064650843716541	1.19857323	28.24466324	0.99723191	0.04259744258676654	0.00974822	0.00029
-0.0089	0.1135	-0.042	-0.0013840460968315032	0.00029845130209103034	4.537856055185256e-05	1.25239825	29.51306343	1.05387479	0.11162679177409596	0.0113009	0.00061
-0.0098	0.1615	-0.0642	-0.0012479104151759456	0.00039269908169872416	4.18879020478639e-05	1.28002048	30.16398811	1.02331593	0.08279370598836198	0.0134224	0.00116
-0.0055	0.041	-0.0568	-0.0009075712110370514	0.0002670353755551324	0.0001012290966156711	1.2195034	28.73788834	1.06312681	0.15846720524251465	0.0090664	0.00035
-0.0033	0.0138	-0.0655	-0.000879645943005142	0.00029845130209103034	0.00022689280275926284	1.17632031	27.72027016	0.97252257	0.04735024503556994	0.01016	0.00057
-0.0093	0.1161	-0.0445	-0.0010978120995044332	0.0004799655442984406	0.000158824961931484	1.35908663	32.02720261	1.06432948	0.15268741197672403	0.0117777	0.00077
-0.01	0.1179	-0.0512	-0.0014922565104551516	0.0003892084231947355	-6.806784082777885e-05	1.15403414	27.19508934	1.01794064	0.044804716740684335	0.0109581	0.00039
-0.0114	0.067	-0.0685	-0.0012374384396639797	0.0004014257279586958	8.726646259971648e-05	1.20281434	28.3446064	1.00250576	0.09071848394913136	0.0114241	0.00074
-0.0091	0.008	-0.0676	-0.0006021385919380437	0.0005009094953223725	0.0002897246558310587	1.282619	30.22522354	1.03326272	0.10906209041604778	0.0114327	0.00047
-0.0069	0.046	-0.0446	-0.0011397000015522971	0.000296705972839036	0.00019896753472735358	1.21727741	28.68543243	1.01183707	0.10482610266006474	0.010152	0.00027
-0.0106	0.0972	-0.0452	-0.0014433872913993105	0.00026878070480712676	3.490658503988659e-05	1.21424544	28.61398506	1.01423959	0.08028367537831947	0.0115736	0.00069
-0.0132	0.1056	-0.066	-0.001572541656046891	0.0004991641660703782	-6.45771823237902e-05	1.25024343	29.462286	1.01611893	0.05475107966372546	0.0122049	0.00104
-0.0131	0.0951	-0.0802	-0.0013665928043115599	0.0004729842272904633	-6.806784082777885e-05	1.15828133	27.29517746	1.00105136	0.03658097245096173	0.0110732	0.00059
-0.007	0.0416	-0.0814	-0.0009162978572970229	0.0003612831551628262	0.00020943951023931956	1.20958126	28.50407219	1.01722201	0.10277516851046362	0.0141587	0.00062
-0.0071	0.0407	-0.0589	-0.0008395033702092724	0.00047123889803846896	0.000317649923862968	1.27872956	30.13356781	1.0465983	0.03824803217935208	0.011353	0.00054
-0.0051	0.0696	-0.0579	-0.0012583823906879114	0.00032812189937493397	0.00020420352248333657	1.19515872	28.16420174	0.99355945	0.06567212102609027	0.0102553	0.00074
-0.0071	0.1618	-0.0713	-0.0013683381335635543	0.00027750735106709843	0.00015009831567151235	1.27473593	30.03945732	1.08247177	0.11833377489976513	0.0140517	0.00101
-0.008	0.0847	-0.0724	-0.0010978120995044332	0.0004799655442984406	0.0001605702911834783	1.26693022	29.85551453	1.04631378	0.10327281014012146	0.0118649	0.00076
-0.0043	0.0492	-0.0613	-0.001090830782496456	0.00038571776469074686	0.00019547687622336493	1.22413814	28.84710693	0.99856368	0.05710678408277789	0.0100102	0.00054
-0.0019	0.0241	-0.062	-0.0010245082709206715	0.00029496064358704166	0.0002548180707911721	1.17225063	27.62436676	0.97838078	0.03902104136236484	0.0102543	0.00057
-0.0053	0.1302	-0.0429	-0.0011955505376161158	0.00040666171571467877	0.0002844886680750757	1.32533562	31.23185158	1.06379985	0.14422069680534927	0.0121529	0.00079
-0.0099	0.2112	-0.0628	-0.0016109388995907662	0.0004014257279586958	0.0001291543646475804	1.21536183	28.64029121	1.04818569	0.1342979326579064	0.0144165	0.0017
-0.0079	0.1163	-0.077	-0.001621410875102732	0.0004729842272904633	6.45771823237902e-05	1.16790783	27.52202797	1.046636	0.11843038285837616	0.0127211	0.00084
-0.0077	0.0111	-0.0682	-0.0011711159280881952	0.00047123889803846896	0.0001291543646475804	1.26165843	29.73128319	1.04465108	0.14003087292951608	0.0101914	0.00045
-0.0071	0.0335	-0.0478	-0.000905825881785057	0.0003089232776029963	0.0002670353755551324	1.29540968	30.52663803	1.01637398	0.07167433388230814	0.0112131	0.00037
-0.0062	0.0602	-0.0527	-0.0011135200627723821	0.0003595378259108319	0.00017976891295541595	1.21907592	28.72781563	0.99334078	0.04977875959474384	0.0106695	0.00057
-0.0093	0.1305	-0.0512	-0.0013945180723434693	0.00042411500823462205	0.0002251474735072685	1.29028988	30.4059906	1.03891641	0.09444768762233648	0.0130149	0.00076
-0.0084	0.1372	-0.0568	-0.0015777776438028737	0.00041015237421866745	2.6179938779914945e-05	1.15105438	27.1248703	0.98691897	0.033009487010135605	0.0119814	0.00082
-0.0063	0.0348	-0.0515	-0.0013631021458075715	0.000439822971502571	0.0001361356816555577	1.23808873	29.17585564	1.0438637	0.12751509190774243	0.0104671	0.00042
-0.0097	0.0838	-0.0545	-0.0011955505376161158	0.0006387905062299246	0.00021467549799530252	1.26953197	29.91682434	1.01925774	0.07765294796292771	0.0124927	0.00055
-0.0092	0.1219	-0.0514	-0.001980948701013564	0.0004974188368183839	0.0001186823891356144	1.26088834	29.71313477	1.04703538	0.09283814708343384	0.0120637	0.00061
-0.0051	0.2172	-0.0768	-0.0017732545200262388	0.0003385938748868999	1.2217304763960308e-05	1.24887311	29.42999458	1.04741901	0.1484492113645232	0.0163499	0.00219
-0.0018	0.0911	-0.0722	-0.0014974924982111347	0.0003717551306747922	0.00013962634015954637	1.2792145	30.14499474	1.07305019	0.1558166156499291	0.0123438	0.00076
-0.0011	0.019	-0.0499	-0.0011763519158441782	0.00038571776469074686	0.0001832595714594046	1.33235323	31.39722252	1.03633128	0.11403682238413845	0.00933784	0.00049
0.0006	-0.018	-0.0514	-0.0011344640137963143	0.000317649923862968	0.0002007128639793479	1.17813444	27.76301956	1.01379349	0.0465704517697793	0.010274	0.00052
-0.0044	0.1423	-0.0456	-0.0013788101090755204	0.0003822271061867582	0.00028274333882308137	1.40700936	33.15651321	1.16064075	0.19064768762233647	0.0125926	0.00076
-0.0024	0.1739	-0.0469	-0.0017121679962064373	0.0003438298626428829	8.552113334772214e-05	1.19136119	28.07471085	0.99114662	0.06334886680750756	0.0127759	0.00097
-0.004	0.0471	-0.0504	-0.001424188669627373	0.0004136430327226561	5.93411945678072e-05	1.23108339	29.01077461	1.04488961	0.1510986217719376	0.0105379	0.0005
-0.0047	0.027	-0.0528	-0.001064650843716541	0.0004188790204786391	0.0002617993877991494	1.23543215	29.11325264	1.00272062	0.05156160034490785	0.0104907	0.00052
-0.0031	0.0936	-0.0369	-0.0015079644737231008	0.00022340214425527416	0.00017453292519943296	1.24832249	29.41701698	1.01524572	0.12040284844148207	0.0109345	0.00066
-0.0048	0.0934	-0.0461	-0.0018273597268380628	0.0002129301687433082	8.37758040957278e-05	1.20048463	28.28970718	0.99755209	0.03213121748653166	0.0118054	0.00079
-0.0079	0.0436	-0.0574	-0.0012479104151759456	0.00041538836197465044	4.886921905584123e-05	1.24570119	29.3552475	1.01841938	0.10504070449666728	0.0124502	0.00064
-0.0032	0.054	-0.05	-0.001244419756671957	0.00032463124087094524	0.00015707963267948963	1.18457496	27.91479301	0.9958458	0.03262290966156711	0.0101039	0.00052
-0.0015	0.1066	-0.0548	-0.001452113937659282	0.0003577924966588376	0.0001361356816555577	1.21171308	28.55430794	1.00907301	0.07218996938995748	0.0124492	0.00079
-0.0064	0.1564	-0.0548	-0.0018133970928221085	0.0003892084231947355	1.5707963267948964e-05	1.30476499	30.74709892	1.031361	0.08035634000431667	0.0136929	0.00129
-0.003	0.1805	-0.0522	-0.0024225170017681294	0.0002530727415391778	-0.00019547687622336493	1.10826051	26.11642265	0.97953798	0.0779220215046446	0.0139178	0.0015
-0.0047	0.1132	-0.0551	-0.0021607176139689798	0.00020943951023931956	-0.0002181661564992912	1.16811693	27.52695465	1.01831737	0.08830609496874672	0.0128829	0.00091
-0.0014	0.0358	-0.0658	-0.0013578661580515882	0.0002844886680750757	-1.7453292519943294e-06	1.28526771	30.28764153	1.07326512	0.1461160720500222	0.0110598	0.00061
-0.003	-0.0449	-0.0416	-0.001192059879112127	0.0002617993877991494	0.00011693705988362007	1.30780447	30.81872368	1.04754972	0.12185889741755009	0.00932962	0.00039
-0.0016	0.091	-0.0614	-0.0011938052083641214	0.0002478367537831948	0.0002007128639793479	1.35448551	31.91877556	1.12397414	0.16207418836818385	0.0120065	0.00054
-0.0096	0.0865	-0.0318	-0.00147131255943122	0.00031415926535897925	7.504915783575618e-05	1.33646977	31.49423027	1.0520435	0.06557467843932374	0.011063	0.00071
-0.0063	0.1235	-0.0467	-0.0019355701404617114	0.00023561944901923448	-0.0001012290966156711	1.15193594	27.14564514	0.99785434	0.09115378259108317	0.0121028	0.00086
-0.0059	0.1186	-0.0592	-0.0018570303241219666	0.00029321531433504735	-0.0002251474735072685	1.18305945	27.87907791	1.00207576	0.03080270292735776	0.0159101	0.00108
-0.01	0.1717	-0.0494	-0.002103121748653167	0.000307177948351002	-0.0002303834612632515	1.24067366	29.23677254	1.01636257	0.0802645023151569	0.0164288	0.00208
-0.0086	0.1183	-0.0387	-0.0019949113350295183	0.0002303834612632515	-0.0002600540585471551	1.20670676	28.4363327	1.03368105	0.07623377489976514	0.0120137	0.00079
-0.0027	0.0162	-0.0383	-0.0022043508452688383	0.000296705972839036	-0.00017802358370342162	1.27062607	29.94260788	1.04736747	0.12628962483294187	0.0113555	0.00067
0.0262	0.1876	-0.1687	0.003347541505325124	-0.00021642082724729686	0.00045902159327450867	2.35968566	55.60655594	2.09244784	0.6658032163829113	0.0315009	0.04856
0.0422	0.3115	-0.2707	0.007370525431172054	-0.00047647488579445195	0.0006475171524898963	2.37674069	56.008461	2.19335917	0.4654766771804737	0.0491363	0.09501
0.035	0.3211	-0.1169	0.004888667234836118	-0.0010716321607245184	0.0004520402762665313	1.54781246	36.47457123	1.50252551	0.33422461737446835	0.0325141	0.04478
0.0228	0.1653	-0.0535	0.003267256359733385	-0.0009407324668249436	5.235987755982989e-05	1.33244789	31.39945412	1.24548065	0.3389995483854504	0.018566	0.01338
0.0169	0.2236	-0.0351	0.002958333082130389	-0.0007504915783575615	-0.00014486232791552936	1.28577042	30.29948807	1.08230558	0.11741931857728687	0.021043	0.01286
0.0142	0.1441	0.0104	0.0029112091923265415	-0.0006527531402458793	-0.00016929693744344995	1.30279732	30.70073128	1.08597759	0.1361648468721725	0.0171837	0.00733
0.0048	0.1597	0.0844	0.0025272367568877894	-0.0007120943348136865	-0.00046949356878647465	1.20452046	28.3848114	1.07293201	0.1361755130674792	0.0176225	0.00909
-0.0088	0.0232	0.2338	0.0031747539093776853	-0.0010332349171806431	-0.001129228026040331	1.4942503	35.2123642	1.36118536	0.38091960960553534	0.0227904	0.01836
-0.0429	-0.1136	0.5185	0.005274384999526864	-0.0012112585008840647	-0.0017331119472303693	1.98396289	46.75255966	1.82401202	0.5996769297521318	0.0457361	0.09198
-0.0371	-0.2761	0.521	0.003787364476827695	-0.001244419756671957	-0.0013002702927357754	1.64307523	38.71945953	1.44501954	0.26845117164908283	0.0464272	0.08326
-0.0293	-0.2811	0.4306	0.002464404903815993	-0.0011047934165124105	-0.0006126105674500097	1.47502732	34.75937271	1.2534881	0.2107122819228508	0.0368052	0.04544
-0.0203	-0.2804	0.3507	0.0019355701404617114	-0.0009407324668249436	-0.000460766922526503	1.39122891	32.78464127	1.19221958	0.13183696789826277	0.0260448	0.01903
-0.0072	-0.3342	0.2588	0.0018517943363659836	-0.0009896016858807848	-0.0005148721293383271	1.38446689	32.62529373	1.12502498	0.1681375114981697	0.0241698	0.01155
-0.0063	-0.2914	0.2372	0.001647590813882647	-0.0007906341511534313	-0.0003298672286269283	1.37170756	32.32461548	1.11527396	0.09470879789610445	0.0182554	0.00375
-0.0039	-0.2212	0.1908	0.001500983156715123	-0.000598647933434055	-0.00027750735106709843	1.25423074	29.5562458	1.08749052	0.1385476876223365	0.0146273	0.00195
-0.0041	-0.1966	0.1697	0.0007487462491055673	-0.0003525565089028545	0.0	1.30353498	30.71811295	1.08136887	0.10969178416039274	0.0122674	0.00114
-0.0014	-0.1777	0.147	0.0008150687606813518	-0.00034557519189487725	-0.00010297442586766544	1.19732642	28.21528435	1.01669643	0.05311391272257136	0.010658	0.00069
-0.0018	-0.1284	0.1513	0.0005811946409141118	-0.0003700098014227979	-9.599310885968811e-05	1.25064433	29.47173309	1.03936058	0.06726450231515692	0.00995374	0.00066
-0.0052	-0.063	0.1228	0.00034208453339088857	-0.0003385938748868999	-0.00027576202181510406	1.36191523	32.09385681	1.05941818	0.11981474735072682	0.0104462	0.00062
-0.0086	-0.054	0.104	-3.4906585039886588e-06	-0.00020943951023931956	-0.00033335788713091696	1.12667477	26.55035973	0.97341629	0.05781627109291353	0.00874412	0.00072
-0.0067	-0.0727	0.1011	8.726646259971648e-05	-0.00016929693744344995	-0.000322885911618951	1.22423518	28.84939575	1.01452859	0.030568583470577036	0.0113097	0.00138
-0.008	-0.0734	0.0668	0.0007417649320975902	4.537856055185256e-05	-6.806784082777885e-05	1.33388603	31.43334198	1.06988151	0.09249960191421742	0.0124748	0.00148
0.0018	-0.2087	0.1101	0.0004956735075663896	1.3962634015954635e-05	-5.4105206811824215e-05	1.36337793	32.12832642	1.13514272	0.20297349925415267	0.0128083	0.00195
-0.0012	-0.1223	0.1106	0.0005340707511102648	-4.18879020478639e-05	-1.7453292519943296e-05	1.29572678	30.53411102	1.05734773	0.09644498469497872	0.012343	0.0019
-0.0036	-0.0874	0.1195	0.0004380776422505767	-1.7453292519943294e-06	9.075712110370512e-05	1.28245616	30.22138596	1.01536425	0.05841730476396029	0.0129904	0.0023
-0.0035	-0.0203	0.1397	-0.0001675516081914556	-6.806784082777885e-05	-2.6179938779914945e-05	1.18927538	28.02555847	1.02007327	0.12684444109507187	0.0115227	0.00229
-0.0053	-0.0801	0.1291	-2.792526803190927e-05	-0.00014311699866353502	-6.981317007977319e-05	1.20264542	28.34062576	1.01065896	0.08511543646475805	0.0129195	0.00269
-0.0057	-0.191	0.1346	0.0001256637061435917	-7.67944870877505e-05	-7.853981633974481e-05	1.30330813	30.71276665	1.07426827	0.12823190660056283	0.0147333	0.00382
-0.0072	-0.1146	0.1243	0.0001012290966156711	2.4434609527920616e-05	2.6179938779914945e-05	1.1784035	27.76935959	1.02860711	0.09971917306316258	0.0121578	0.0025
-0.0088	-0.1263	0.1167	0.0001972222054753592	6.108652381980153e-05	-2.6179938779914945e-05	1.17514598	27.69259453	1.00136643	0.030150245035569945	0.0119461	0.00227
-0.0097	-0.0811	0.1253	0.00015009831567151235	-5.235987755982988e-06	-4.886921905584123e-05	1.26171005	29.73250008	1.00350639	0.06150678408277786	0.0119023	0.00161
-0.0099	-0.0067	0.1153	-0.0003822271061867582	1.9198621771937625e-05	3.665191429188092e-05	1.13145685	26.66305161	1.00499804	0.11671405823669564	0.00974792	0.00114
-0.0142	-0.089	0.0891	0.00014311699866353502	8.028514559173915e-05	-2.96705972839036e-05	1.19057524	28.05619049	1.01920244	0.14543765701229394	0.0114148	0.00094
-0.0159	-0.1205	0.0922	0.00038397243543875244	0.00020943951023931956	0.00016406094968746698	1.23166907	29.02457619	0.99763681	0.06448706741970842	0.011771	0.00091
-0.0111	-0.0957	0.1025	0.0001832595714594046	0.0002495820830351891	0.00014660765716752367	1.21450222	28.62003517	0.98777918	0.05281543646475803	0.010204	0.00082
-0.0148	-0.1009	0.0982	6.806784082777885e-05	0.0001832595714594046	0.00015707963267948963	1.16177988	27.3776207	1.00486915	0.022799310885968815	0.0102671	0.00081
-0.0133	-0.011	0.1102	-0.00030368728984701333	0.00012740903539558605	5.759586531581287e-05	1.26787603	29.8778019	1.04228981	0.1297544717051144	0.00964338	0.00064
-0.011	0.0227	0.0927	-0.0004258603374866164	6.632251157578452e-05	-7.504915783575618e-05	1.15321076	27.17568588	0.99826497	0.06929522973054869	0.0085175	0.00061
-0.0081	-0.056	0.0871	-0.0004729842272904633	-1.7453292519943294e-06	-0.00015707963267948963	1.11155725	26.19411087	0.9857796	0.09706111027376797	0.00849599	0.00042
-0.0062	-0.0164	0.07	-0.0005480333851262194	7.330382858376184e-05	-7.853981633974481e-05	1.16266251	27.39842033	0.9928278	0.07003190660056284	0.00892973	0.00062
-0.0104	-0.0045	0.0614	-3.490658503988659e-05	0.00015009831567151235	3.4906585039886588e-06	1.23865283	29.18914986	1.00458874	0.05829758810089085	0.00862813	0.00052
-0.0104	-0.0852	0.0811	0.0001605702911834783	0.00019896753472735358	0.00011693705988362007	1.23342824	29.0660305	1.0358426	0.11828962483294186	0.00809669	0.00034
-0.01	-0.0974	0.0662	0.00021118483949131387	0.00024609142453120044	0.00020594885173533088	1.21326244	28.59081841	1.00059573	0.03683751149816968	0.00870669	0.00037
-0.0103	-0.0856	0.0717	0.00029321531433504735	0.0003473205211468716	0.00017453292519943296	1.25042272	29.46650887	1.00171349	0.028333774899765143	0.00814825	0.00027
-0.0097	-0.0039	0.0748	0.00012740903539558605	0.00027576202181510406	8.552113334772214e-05	1.17875624	27.77767181	1.0067882	0.10171882850614698	0.00702006	0.00024
-0.0099	0.0583	0.0569	-0.00018151424220741024	0.0002670353755551324	0.00013962634015954637	1.20994627	28.51267242	1.02069303	0.0988877565337396	0.00884527	0.00035
-0.0116	-0.0799	0.0605	4.363323129985824e-05	0.00037350045992678646	0.00011519173063162575	1.34522808	31.70062065	1.11817151	0.16130235837034215	0.00770396	0.00025
-0.013	-0.1417	0.0827	0.00022863813201125715	0.00033335788713091696	0.0001239183768915974	1.22889888	28.95929718	1.0146638	0.097093705988362	0.00791496	0.00029
-0.0128	-0.0875	0.068	0.000158824961931484	0.00031415926535897925	4.0142572795869576e-05	1.11475992	26.26958466	0.98237246	0.07773937979737193	0.00769699	0.00037
-0.0151	-0.1157	0.0731	0.00032812189937493397	0.00035604716740684323	0.00015009831567151235	1.23596203	29.12574196	0.99961865	0.051657029118347825	0.00817645	0.00029
-0.0124	-0.0388	0.068	-1.3962634015954635e-05	0.00028099800957108706	-2.96705972839036e-05	1.2630372	29.76377296	1.0148648	0.11454513020910304	0.00787234	0.00024
-0.009	0.0356	0.0491	-0.00020769418098732522	0.0002530727415391778	-5.4105206811824215e-05	1.11359119	26.24204254	0.97946693	0.10900457122656002	0.00690848	0.00032
-0.0047	0.0262	0.0558	-0.0004206243497306334	0.0001308996938995747	-4.0142572795869576e-05	1.1873374	27.97989082	0.9934411	0.03785329251994329	0.00849754	0.0004
-0.0061	-0.0346	0.0638	-0.0008499753457212384	7.330382858376184e-05	-6.632251157578452e-05	1.2846384	30.27280998	1.04579504	0.09585634000431664	0.00745946	0.0004
-0.0089	-0.0023	0.0586	-0.0005515240436302081	0.00017802358370342162	-3.141592653589793e-05	1.17507887	27.69101524	0.97451191	0.062203882112528815	0.00700611	0.00018
-0.0033	-0.0932	0.0646	0.00013788101090755203	0.0001256637061435917	-1.5707963267948964e-05	1.21121323	28.54252815	1.03030103	0.14037364476827696	0.00819349	0.00034
-0.0017	-0.1373	0.08	0.0003822271061867582	0.00010297442586766544	0.0001308996938995747	1.2325654	29.04569817	1.01226644	0.08178215163613278	0.00840575	0.00044
-0.0022	-0.0761	0.0918	0.00020943951023931956	0.00015707963267948963	0.00013788101090755203	1.29516935	30.52097511	1.00504451	0.08519370598836201	0.00715411	0.00042
-0.0034	-0.0564	0.0881	-0.0001605702911834783	8.552113334772214e-05	2.96705972839036e-05	1.14486551	26.97903061	0.97274231	0.0520889357189107	0.00690955	0.00029
-0.0043	0.009	0.0705	-7.67944870877505e-05	0.00023561944901923448	0.0001012290966156711	1.24613714	29.36552048	1.02618848	0.0991716309549504	0.00734639	0.00029
-0.0051	-0.0915	0.0865	0.00010471975511965978	0.00029496064358704166	0.00012217304763960306	1.30398464	30.72871017	1.04351045	0.13038996938995745	0.00718725	0.00034
-0.0047	-0.0862	0.0756	0.0002024581932313422	0.0002617993877991494	0.0001256637061435917	1.11713266	26.32549858	0.96407926	0.02331951762017816	0.00686783	0.00027
-0.0077	-0.0611	0.0664	0.0003944444109507184	0.00032637657012293966	0.00017278759594743863	1.22071767	28.76650429	0.99878885	0.052484364492350666	0.00770909	0.00037
-0.0105	-0.085	0.0839	0.00017453292519943296	0.0002705260340591211	0.00014660765716752367	1.2709142	29.94939613	0.9988208	0.05929709802975095	0.00697458	0.00017
-0.0087	-0.0599	0.0763	-0.00028623399732707005	0.00028797932657906436	2.96705972839036e-05	1.15011418	27.10271645	0.9784638	0.06425786374650333	0.00692713	0.00047
-0.0113	0.0242	0.0649	-0.0002530727415391778	0.0003351032163829112	7.67944870877505e-05	1.24264967	29.28333664	1.02610148	0.10447045176977932	0.00721663	0.00042
-0.0099	-0.0744	0.0695	0.0002478367537831948	0.0004049163864626844	6.632251157578452e-05	1.29361606	30.48437119	1.04161542	0.13365973204570558	0.00803274	0.00034
-0.0114	-0.1267	0.0801	0.00014486232791552936	0.00021467549799530252	4.363323129985824e-05	1.17704642	27.73737907	0.99388533	0.08019522973054868	0.00781578	0.0004
-0.0086	-0.0877	0.0633	0.00035081117965086024	0.0002670353755551324	9.075712110370512e-05	1.17110407	27.59734726	0.98764762	0.07387163095495039	0.0100889	0.00027
-0.0125	0.0349	0.0798	-0.00017802358370342162	0.00032637657012293966	9.250245035569947e-05	1.36783636	32.23339081	1.05582381	0.17249606435870418	0.00781834	0.00027
-0.0151	0.01	0.0555	-0.0004729842272904633	0.000312413936106985	-6.9813170079773176e-06	1.12013841	26.39632797	0.97668717	0.07222035224833363	0.0063138	0.00027
-0.0129	-0.0263	0.044	-0.00035604716740684323	0.0003089232776029963	2.4434609527920616e-05	1.12054348	26.40587616	0.99915512	0.057592182246175336	0.00727785	0.00027
-0.0102	-0.0793	0.0199	0.00016231562043547262	0.000439822971502571	0.0001256637061435917	1.21881282	28.72161674	1.00902359	0.11732457891787806	0.007245	0.00037
-0.0248	-0.0778	0.0427	0.0004485496177625427	0.0007033676885537148	0.00028099800957108706	1.30242395	30.69193077	1.00375374	0.07415565089028547	0.00753856	0.00032
-0.0171	-0.0869	0.0475	0.0002251474735072685	0.00048171087355043494	0.0002181661564992912	1.15122211	27.12882423	0.96942977	0.0469945406165175	0.00737858	0.0004
-0.0185	-0.0362	0.0578	-0.00023212879051524583	0.00042760566673861073	0.00020594885173533088	1.27001393	29.92818069	1.02593385	0.08857993877991496	0.00768298	0.00045
-0.0152	0.056	0.0559	-0.00011344640137963142	0.0004520402762665313	0.00018500490071139895	1.29113328	30.42586517	1.01963577	0.10560304748437337	0.00785005	0.00047
-0.0099	-0.0861	0.0631	6.45771823237902e-05	0.00039269908169872416	0.00023561944901923448	1.23659945	29.14076233	1.05927366	0.16899896632895323	0.00680274	0.00025
-0.0117	-0.1076	0.0549	0.0004049163864626844	0.0005497787143782138	0.00023212879051524583	1.22443998	28.85422134	0.99192739	0.05654547476611864	0.00784129	0.00044
-0.0142	-0.0747	0.0602	0.0005532693728822024	0.0004677482395344803	0.00027576202181510406	1.32699537	31.27096367	0.99814717	0.05440083462815549	0.0075224	0.00032
-0.0105	-0.033	0.0602	9.773843811168246e-05	0.000317649923862968	0.0001239183768915974	1.19236064	28.09826279	0.99808786	0.08327364476827696	0.00692302	0.00032
-0.0116	-0.0305	0.0575	-9.773843811168246e-05	0.00029845130209103034	8.028514559173915e-05	1.22658527	28.90477562	1.0104838	0.01921543646475804	0.00707453	0.0003
-0.016	0.0267	0.0462	-0.0002007128639793479	0.0003665191429188092	8.552113334772214e-05	1.25859904	29.65918732	0.99248371	0.08171391272257136	0.00722826	0.00027
-0.0147	-0.0246	0.0356	-0.00020943951023931956	0.00035430183815484887	2.268928027592628e-05	1.11639845	26.30819511	0.97320828	0.0673887902047864	0.00687462	0.00035
-0.0101	-0.0841	0.0294	0.0001012290966156711	0.000445058959258554	0.0001675516081914556	1.21653652	28.66797256	0.99676191	0.09761440279371124	0.00795251	0.00035
-0.0153	-0.0837	0.0637	0.00026354471705114377	0.00040666171571467877	0.0002129301687433082	1.33212602	31.39186668	1.01403058	0.05220457122656003	0.00763208	0.00047
-0.0125	-0.0843	0.0473	0.00021118483949131387	0.0004485496177625427	0.00022689280275926284	1.19768894	28.22382736	0.99137758	0.025210520681182423	0.00906235	0.00054
-0.0096	-0.0824	0.0411	9.42477796076938e-05	0.0004747295565424576	0.0002583087292951608	1.2723875	29.9841156	1.01714922	0.01972664625997165	0.00840944	0.00061
-0.0163	0.0581	0.0461	-0.0001972222054753592	0.0004310963252425994	0.00010995574287564276	1.37245023	32.34211731	1.07855045	0.17637281014012152	0.00796187	0.00035
-0.0135	0.0361	0.0289	-0.00027750735106709843	0.0003874630939427412	5.061454830783555e-05	1.13976479	26.8588295	0.9684	0.05116297857297023	0.00790429	0.00039
-0.0102	-0.0098	0.0185	0.00016929693744344995	0.0004677482395344803	0.0002199114857512855	1.25369728	29.54367638	1.01781883	0.09441931857728687	0.00800371	0.00052
-0.0143	-0.1296	0.0566	0.00020769418098732522	0.0005009094953223725	0.00028274333882308137	1.41777873	33.41029358	1.09634299	0.16871951762017814	0.00850314	0.0003
-0.0094	-0.0417	0.0488	0.0001308996938995747	0.00046949356878647465	0.00019024088846738194	1.20302022	28.34945869	1.02509256	0.1106356431989674	0.00832117	0.0004
-0.0104	-0.06	0.0523	0.00015533430342749534	0.0004974188368183839	0.0003054326190990077	1.29482698	30.51290703	1.02102764	0.03117758040957277	0.00827914	0.00072
-0.0136	-0.0088	0.0665	-0.0002443460952792061	0.00038571776469074686	0.00012217304763960306	1.27457738	30.03572083	1.01305611	0.10333205211468716	0.00732154	0.00047
-0.0114	-0.0847	0.0422	6.981317007977319e-05	0.00038048177693476387	0.00011519173063162575	1.16665578	27.49252319	0.98889304	0.11871882850614696	0.00792617	0.00055
-0.0119	-0.1201	0.0401	0.0003316125578789226	0.0004886921905584122	0.0002443460952792061	1.22893441	28.9601326	1.00473072	0.06295820830351892	0.00842452	0.00044
-0.0148	-0.0638	0.0502	0.00037524578917878077	0.0005096361415823442	0.00016406094968746698	1.32062531	31.12084961	1.02832766	0.07654311639577646	0.00937259	0.00027
-0.015	-0.0314	0.0367	-6.981317007977319e-05	0.00040317105721069014	0.00011693705988362007	1.18359447	27.89168739	0.98297649	0.07603239667170275	0.00856417	0.0004
-0.0141	0.0511	0.0128	-1.7453292519943294e-06	0.0005393067388662478	0.00010821041362364843	1.29090595	30.42050743	1.06493609	0.1179465084371654	0.00914365	0.00054
-0.0137	-0.0327	0.0239	-0.00014311699866353502	0.00039968039870670147	5.061454830783555e-05	1.28132069	30.19462776	1.02565438	0.112229693744345	0.00750977	0.00025
-0.0151	-0.045	0.0191	0.00021467549799530252	0.00042411500823462205	3.490658503988659e-05	1.15609813	27.24372864	0.98532412	0.03839675347273536	0.00768977	0.00047
-0.0149	-0.1834	0.0314	0.00042236967898262774	0.0004468042885105483	0.0002530727415391778	1.3256284	31.23875046	1.0994394	0.17332748088812716	0.00957501	0.00082
-0.0162	-0.0109	0.0412	0.0005305800926062762	0.000460766922526503	0.0003001966313430247	1.46718037	34.57445526	1.12735261	0.19206484687217248	0.00817204	0.0004
-0.0157	-0.0348	0.0481	9.773843811168246e-05	0.0004188790204786391	0.00017976891295541595	1.16332734	27.4140873	0.98662011	0.0610578637465033	0.00750786	0.00034
-0.0137	-0.0153	0.0312	-1.7453292519943294e-06	0.00042935099599060504	0.00016406094968746698	1.21628106	28.66195297	1.0015782	0.04468318530717957	0.00824934	0.00032
-0.0135	-0.0651	0.0324	0.0003717551306747922	0.00039793506945470715	0.0003159045946109737	1.27825797	30.1224556	1.01316498	0.07903800156930955	0.00781256	0.0005
-0.012	-0.0963	0.0469	0.00015707963267948963	0.0003700098014227979	0.00022863813201125715	1.20668542	28.43582916	0.99998529	0.0636933614313464	0.00747401	0.0004
-0.0066	-0.1019	0.0558	-8.37758040957278e-05	0.0003525565089028545	0.0003054326190990077	1.2390554	29.1986351	1.0085751	0.03665516081914559	0.00896448	0.00069
-0.0118	-0.0603	0.0652	-0.00022165681500327985	0.0003577924966588376	0.00012217304763960306	1.27935648	30.14834023	1.02436659	0.07251882850614699	0.00834835	0.00076
-0.02	0.0528	0.0558	-0.000486946861306418	0.000312413936106985	-0.0001012290966156711	1.28075325	30.18125725	1.0564751	0.15740353755551323	0.00935978	0.00071
-0.0176	-0.0314	0.0355	-0.0005078908123303499	0.0002007128639793479	-0.0002565634000431664	1.11319578	26.23272514	0.98887104	0.12129896632895322	0.00773668	0.0004
-0.01	-0.158	0.0154	-0.000322885911618951	0.00024260076602721178	-1.9198621771937625e-05	1.26614559	29.83702469	1.06344741	0.1775128790515246	0.00971025	0.00072
0.0047	-0.1205	0.035	-0.00015009831567151235	5.061454830783555e-05	0.00016406094968746698	1.26778674	29.87569618	1.0282331	0.099201669256311	0.00957888	0.00062
-0.0037	0.0455	0.0349	-0.0006492624817418905	0.0001239183768915974	-1.2217304763960308e-05	1.43577242	33.83432007	1.13750107	0.21193731245527836	0.00948089	0.00047
-0.0085	0.0142	0.0149	-0.0007853981633974483	0.0003351032163829112	6.45771823237902e-05	1.16196001	27.38186646	0.98338009	0.0773057504117311	0.00892574	0.00061
0.0019	-0.232	0.06	-0.0006841690667817771	0.0002530727415391778	0.00020943951023931956	1.53801882	36.24378204	1.25621349	0.3181060949687467	0.0122122	0.00114
0.007	-0.07	0.0576	-0.0005951572749300663	0.00011693705988362007	0.00013962634015954637	1.40449226	33.09719467	1.13425753	0.18424803217935207	0.00895482	0.00055
0.0019	-0.011	0.062	-0.0007853981633974483	5.061454830783555e-05	-1.7453292519943294e-06	1.24334085	29.29962349	1.00309651	0.08839675347273537	0.00868154	0.00044
-0.002	0.0541	0.0196	-0.0007557275661135446	0.00019896753472735358	-0.00017278759594743863	1.23495889	29.10210228	1.01106788	0.1288532925199433	0.00973827	0.00049
0.0003	0.0058	0.0218	-0.0007661995416255106	0.00010297442586766544	-0.00013439035240356338	1.20694709	28.44199753	0.99872977	0.06004311639577648	0.00935471	0.00055
-0.0015	-0.0196	0.0136	-0.0003001966313430247	0.00022340214425527416	6.806784082777885e-05	1.27328503	30.00526619	1.02584516	0.07484444109507182	0.0086928	0.00045
0.0021	-0.1198	0.0374	-5.585053606381854e-05	0.00010821041362364843	0.00019896753472735358	1.29293239	30.46826172	1.09933513	0.15212187599052035	0.00874704	0.00045
0.0057	-0.0798	0.0133	0.0001605702911834783	0.00024609142453120044	0.00033684854563490564	1.29511905	30.51978874	1.0311401	0.09230914245312004	0.0106395	0.00066
-0.0012	0.0066	0.0499	-0.00034906585039886593	0.00038048177693476387	0.0002513274122871834	1.36989653	32.28194046	1.05230531	0.16637738136668148	0.00842232	0.00047
-0.0011	0.0506	0.0372	-0.0003001966313430247	0.00028099800957108706	4.0142572795869576e-05	1.1848197	27.92055893	1.01206373	0.0747768912955416	0.00787938	0.0004
-0.0014	-0.1078	0.0308	5.061454830783555e-05	0.00023387411976724014	0.0002251474735072685	1.3279078	31.2924633	1.09523572	0.1942469985083053	0.00837702	0.00035
-0.004	-0.0825	0.0359	0.00020420352248333657	0.0004049163864626844	0.0003316125578789226	1.31804609	31.06007195	1.01403405	0.054554816262129976	0.00799519	0.00024
-0.005	-0.0019	0.0558	-0.000445058959258554	0.00024609142453120044	0.0001186823891356144	1.20926046	28.49651146	1.01272335	0.15255088062083416	0.00700825	0.00024
-0.0069	0.0376	0.0432	-0.0006073745796940267	0.0002251474735072685	7.330382858376184e-05	1.227211	28.91952133	0.98231052	0.06543190660056286	0.00872052	0.0004
-0.0039	-0.0602	0.0323	-0.0002670353755551324	0.00032463124087094524	0.00017278759594743863	1.30182648	30.67785263	1.04398018	0.13866533694331237	0.00743866	0.00032
-0.0027	-0.1091	0.0509	-7.504915783575618e-05	0.0002652900463031381	0.00023387411976724014	1.25375867	29.54512215	1.00331558	0.08432069680534926	0.00695527	0.0002
0.001	-0.0642	0.0234	0.00021118483949131387	0.00028274333882308137	0.00028099800957108706	1.17359698	27.6560936	0.98339226	0.09364055898254305	0.00844651	0.0004
-0.0042	0.0024	0.0367	-0.000312413936106985	0.00035604716740684323	0.00023911010752322313	1.28246784	30.22166061	1.02484307	0.1170395253114962	0.00862426	0.00044
-0.0046	0.0532	0.0316	-0.0008604473212332044	0.0003211405823669566	5.235987755982989e-05	1.20530033	28.40319061	0.99414709	0.09478451000647496	0.00786823	0.00035
-0.0041	0.0304	0.025	-0.0008115781021773631	0.0003385938748868999	1.0471975511965975e-05	1.06846106	25.17853928	0.95742331	0.03531052068118243	0.00743222	0.0005
-0.0026	-0.0676	0.0183	-0.000445058959258554	0.00042236967898262774	0.00014137166941154068	1.22488511	28.86470985	1.02349962	0.13525973204570557	0.0080514	0.00029
-0.0067	-0.0616	0.0218	1.3962634015954635e-05	0.00046949356878647465	0.0003717551306747922	1.30710685	30.80228615	1.01884406	0.05042644721708034	0.00765634	0.00029
-0.0055	0.0306	0.0287	-0.0008517206749732328	0.0003647738136668148	0.00027576202181510406	1.26238787	29.74847221	1.05998317	0.1536198086484268	0.0085535	0.0004
-0.0018	0.065	0.054	-0.0007871434926494425	0.00031415926535897925	0.00013962634015954637	1.2702471	29.93367577	1.04746974	0.07596637061435918	0.0093661	0.00064
-0.0073	-0.0332	0.0927	-9.42477796076938e-05	0.0003892084231947355	0.0005305800926062762	1.40273821	33.05586243	1.14739024	0.20034493116621177	0.00894451	0.00092
-0.0259	0.0066	-0.0431	0.007984881327874059	0.0002705260340591211	0.002176425577236929	2.3515265	55.41428375	2.2117899	0.6863828490624009	0.0330229	0.05855
-0.0235	-0.0696	0.1715	0.001965240737745615	-0.0001832595714594046	0.0005131268000863328	2.09723735	49.42189789	2.00912517	0.7000362486398783	0.0161163	0.00978
-0.0192	-0.1777	0.1853	0.0013439035240356337	-0.00018151424220741024	0.00029321531433504735	1.44758999	34.11280441	1.33400467	0.16834970143566305	0.0135872	0.00282
0.0001	-0.1085	0.1037	0.002078687139125246	-8.203047484373349e-05	0.0007993607974134029	1.46268439	34.46850586	1.17097489	0.23712064327658225	0.0139703	0.00274
-0.0051	-0.0038	0.083	0.001129228026040331	-1.0471975511965975e-05	0.0004468042885105483	1.43619454	33.8442688	1.11939092	0.1992787060659769	0.0101495	0.00074
-0.0052	-0.0095	0.0686	0.0005270894341022875	0.00014660765716752367	0.00017627825445142725	1.14585853	27.00242996	0.99259042	0.07168721293383272	0.00872505	0.00044
-0.004	-0.075	0.0661	0.000905825881785057	5.235987755982989e-05	0.00016231562043547262	1.23667192	29.14246941	0.99920455	0.09354734306532088	0.00992882	0.00059
-0.0061	-0.1888	0.0942	0.0014905111812031574	9.773843811168246e-05	0.0002897246558310587	1.40949297	33.2150383	1.08133898	0.18187364476827697	0.0102875	0.00072
-0.0032	-0.1481	0.1121	0.0009913470151327792	-3.4906585039886588e-06	0.0002565634000431664	1.24383199	29.31119728	1.01903235	0.0931777259236971	0.00816125	0.00039
0.0044	-0.1343	0.0923	0.0007173303225696694	0.00011170107212763708	0.0003316125578789226	1.2346462	29.09473228	1.0162043	0.06441287905152461	0.00885421	0.00044
-0.0034	-0.0431	0.1073	3.665191429188092e-05	0.00027750735106709843	0.0002740166925631097	1.3758502	32.4222374	1.06938394	0.15920402762665314	0.00838196	0.00037
-0.0084	-0.0518	0.1007	-0.0001308996938995747	0.00022340214425527416	0.00012217304763960306	1.17883468	27.77952003	0.98700143	0.038975022996339335	0.00754553	0.00039
-0.0061	-0.11	0.0694	0.00030194196059501896	0.0002530727415391778	0.0001937315469713706	1.29653251	30.55309868	1.02365561	0.11850353755551324	0.00921494	0.00071
-0.0033	-0.1414	0.0847	0.0004380776422505767	0.0003595378259108319	0.0003577924966588376	1.35124016	31.8422966	1.01331749	0.06983308578573393	0.00927955	0.0005
-0.0039	-0.0703	0.0886	0.00015184364492350666	0.00030368728984701333	0.00026878070480712676	1.27496397	30.04483032	1.01771682	0.09715481626212995	0.00748289	0.00045
-0.0069	-0.0548	0.1011	-0.00032637657012293966	0.00021118483949131387	0.00017976891295541595	1.21400487	28.60831451	1.01346625	0.06398672286269282	0.00778127	0.00027
-0.0084	-0.074	0.0888	1.7453292519943296e-05	0.00037524578917878077	0.00022165681500327985	1.22782409	28.93396759	1.00168249	0.060488935718910675	0.00784051	0.00037
-0.0103	-0.1132	0.0742	0.0003961897402027128	0.0004328416544945937	0.00024260076602721178	1.19791186	28.2290802	0.9969334	0.07856381320112572	0.00839055	0.00029
-0.0082	-0.0336	0.0749	4.537856055185256e-05	0.0003787364476827695	0.0002652900463031381	1.18565571	27.94025993	1.0181994	0.10378028333693054	0.00766402	0.0002
-0.0121	-0.0123	0.08	-0.0003769911184307752	0.0003665191429188092	0.00013788101090755203	1.24066782	29.2366333	1.0160888	0.05839980095710871	0.00872922	0.00032
-0.0112	0.0258	0.061	-0.0005742133239061344	0.0004380776422505767	0.00010297442586766544	1.16303706	27.40724564	0.97250532	0.07318436449235068	0.00707114	0.0003
-0.0105	-0.0861	0.0449	6.45771823237902e-05	0.0004886921905584122	0.0002129301687433082	1.20949209	28.50197029	1.04083219	0.1686680398706701	0.00842708	0.00029
-0.0076	-0.184	0.0595	0.0002548180707911721	0.0005235987755982988	0.0003298672286269283	1.27260101	29.98914719	1.04319437	0.13250422666954442	0.00915825	0.0005
-0.0095	-0.1128	0.0756	0.0002583087292951608	0.0004991641660703782	0.0003385938748868999	1.34625578	31.72484016	1.02191511	0.09103259571459404	0.00750154	0.0003
-0.0057	-0.035	0.0768	-0.00022340214425527416	0.00032463124087094524	0.00024609142453120044	1.14103007	26.88864517	0.99944795	0.12023731245527836	0.00673616	0.00032
-0.0078	0.023	0.0732	-0.0006073745796940267	0.00038571776469074686	0.00013962634015954637	1.25223958	29.50932503	1.03288058	0.0912762021815104	0.00785756	0.00047
-0.0025	-0.1136	0.0647	-0.0002373647782712288	0.0003473205211468716	0.00013264502315156904	1.34226537	31.63080406	1.0840818	0.1711694180987325	0.00738072	0.00029
0.0014	-0.1709	0.0708	-5.93411945678072e-05	0.00034557519189487725	0.0002303834612632515	1.19639087	28.1932354	0.99679673	0.08117536755335493	0.00791365	0.0004
0.0022	0.0069	0.0562	-5.061454830783555e-05	0.00032637657012293966	0.0003612831551628262	1.3591913	32.0296669	1.14955944	0.20114124809657416	0.00789803	0.00044
-0.0048	-0.0758	0.1027	-0.0004729842272904633	0.000466002910282486	0.00011344640137963142	1.32862222	31.30930138	1.08669336	0.17669163864626844	0.00781864	0.00042
-0.0047	-0.0686	0.0807	-0.0002844886680750757	0.00028797932657906436	1.7453292519943296e-05	1.13140011	26.66171455	0.98507116	0.05242561258892488	0.00633448	0.00022
-0.001	-0.1363	0.0518	5.235987755982988e-06	0.00041015237421866745	0.00012217304763960306	1.20403826	28.37344933	0.9942228	0.12613087292951608	0.00856483	0.00037
-0.0036	-0.0154	0.0437	0.00013962634015954637	0.0003874630939427412	0.00022340214425527416	1.31740892	31.04505539	1.07009907	0.14451543646475803	0.00909328	0.00024
-0.0093	-0.043	0.0836	-0.0007138396640656808	0.00031415926535897925	4.18879020478639e-05	1.22687066	28.91150093	1.02165117	0.12861420375081997	0.00664991	0.0005
-0.0088	-0.068	0.0573	-0.0003298672286269283	0.00033335788713091696	-0.00010821041362364843	1.14575279	26.99993706	0.99898138	0.07946346864411016	0.00803882	0.00032
-0.0003	-0.1216	0.0499	0.00019547687622336493	0.00032637657012293966	5.759586531581287e-05	1.2404902	29.23244667	1.02418153	0.1044065850398866	0.00823492	0.0004
-0.002	-0.1102	0.0677	-1.7453292519943296e-05	0.0002897246558310587	0.00010297442586766544	1.30373645	30.72286224	1.03025094	0.04564803217935208	0.00737154	0.0004
-0.005	-0.0592	0.0564	-0.0006161012259539982	0.0002670353755551324	-4.71238898038469e-05	1.13463533	26.73795128	0.99814407	0.10387177646907468	0.00671279	0.00034
-0.0052	0.028	0.0392	-0.0006283185307179585	0.00039095375244672985	1.7453292519943296e-05	1.27000725	29.92802429	1.04177855	0.1146356431989674	0.00852865	0.00061
-0.0054	-0.0391	0.0283	-0.0004799655442984406	0.00039968039870670147	1.5707963267948964e-05	1.26107037	29.71742439	1.01708766	0.08614124809657421	0.00819117	0.00059
-0.0009	-0.1284	0.0432	-0.0001884955592153876	0.00031415926535897925	0.0001937315469713706	1.23296988	29.05522919	1.04444225	0.13645073510670983	0.00860709	0.0004
0.0021	-0.1042	0.0451	-0.0002722713633111154	0.0002600540585471551	0.0002373647782712288	1.18907583	28.02085495	0.99967996	0.03817571211037049	0.00862426	0.00037
-0.0034	0.0458	0.0745	-0.0007382742735936014	0.0003211405823669566	0.000148352986419518	1.37973809	32.5138588	1.1033566	0.21570506129769992	0.00845665	0.00052
-0.0042	-0.0393	0.0549	-0.0004747295565424576	0.0003001966313430247	3.839724354387525e-05	1.15756989	27.27840996	1.00919168	0.12522222054753593	0.00652677	0.00025
-0.0017	-0.153	0.0399	-0.00012740903539558605	0.0003769911184307752	0.0002024581932313422	1.25699401	29.62136459	1.04353163	0.16060879789610444	0.00892997	0.00039
-0.002	-0.0648	0.0517	-6.9813170079773176e-06	0.00047123889803846896	0.00023387411976724014	1.30994332	30.86912727	1.04321963	0.11260457122656002	0.00748652	0.00042
-0.0047	-0.0477	0.0845	-0.0006073745796940267	0.00029496064358704166	8.726646259971648e-06	1.16379142	27.42502213	0.98558419	0.10269094953223724	0.0066368	0.00017
-0.0056	-0.0591	0.0618	-0.00033335788713091696	0.00034557519189487725	-1.2217304763960308e-05	1.18944395	28.02952957	0.97841442	0.05227875959474386	0.00763202	0.00044
-0.0015	-0.152	0.0519	-0.00015009831567151235	0.00034033920413889426	0.0002443460952792061	1.29365778	30.48535347	1.03657178	0.1291529479629277	0.00825667	0.00045
-0.0049	-0.026	0.0699	-0.0006370451769779302	0.0003385938748868999	9.250245035569947e-05	1.28488016	30.27850914	1.07756808	0.1794267917740959	0.00669158	0.00025
-0.014	-0.0108	0.0575	-0.0006073745796940267	0.0003525565089028545	6.9813170079773176e-06	1.17424977	27.67147636	0.99141911	0.04315771823237901	0.00857955	0.00047
-0.0095	-0.0339	0.0246	-0.00015533430342749534	0.0005340707511102648	0.00017627825445142725	1.25983799	29.6883831	1.02872649	0.10064257279586956	0.00777906	0.00035
-0.0087	-0.1393	0.061	-0.0002513274122871834	0.00048520153205442357	0.00014486232791552936	1.31419683	30.96936226	1.0666983	0.15141391272257135	0.00770849	0.00054
-0.0039	-0.0226	0.0464	-0.00029496064358704166	0.0003682644721708035	0.00018500490071139895	1.22114599	28.77659798	1.07032838	0.14613564319896735	0.00746173	0.00037
-0.0121	-0.0572	0.0725	-0.0007731808586334879	0.0003682644721708035	0.00010471975511965978	1.2608304	29.71177101	1.0282597	0.09682526803190929	0.0076552	0.00018
-0.0155	-0.031	0.063	-0.0008621926504851988	0.0004380776422505767	2.4434609527920616e-05	1.19040787	28.05224609	0.98192679	0.05105550537616115	0.00665039	0.00029
-0.0132	-0.0274	0.008	-0.0002740166925631097	0.0005061454830783556	0.00012217304763960306	1.15011144	27.10264969	1.00261735	0.09859911184307751	0.0069229	0.00032
-0.0029	-0.1092	0.01	-6.45771823237902e-05	0.0005096361415823442	0.0003717551306747922	1.23648298	29.13801575	1.01891708	0.11722561258892487	0.00827885	0.00045
-0.0083	-0.0715	0.044	-0.0003630284844148205	0.000450294947014537	0.0003089232776029963	1.33140481	31.37487221	1.02025023	0.09813121748653168	0.00746959	0.00017
-0.0078	-0.0418	0.0525	-0.0004520402762665313	0.00023911010752322313	0.0001291543646475804	1.17284882	27.63846207	0.99797224	0.06269827721492204	0.00670725	0.00024
-0.0104	-0.058	0.0269	-0.0007661995416255106	0.0005410520681182421	0.0002722713633111154	1.25360382	29.54147339	1.01118682	0.08236091123087667	0.00837177	0.00029
-0.0082	-0.1685	0.0488	-0.0005445427266222308	0.00042935099599060504	9.948376736367679e-05	1.32522869	31.22933197	1.0729572	0.15990727415391778	0.00843203	0.00045
-0.0089	-0.0938	0.0779	-0.000879645943005142	0.00038571776469074686	-5.235987755982989e-05	1.16201019	27.3830471	1.00894125	0.1310290046303138	0.00754291	0.00035
-0.0137	-0.0019	0.0651	-0.0009564404300928925	0.0003961897402027128	-0.00014137166941154068	1.26231623	29.7467823	1.04043531	0.11831391272257134	0.00786841	0.00044
-0.0104	-0.0762	0.0416	-0.00048520153205442357	0.00042760566673861073	-3.316125578789226e-05	1.26912773	29.90729904	1.03182136	0.13164326190990075	0.00881308	0.0004
-0.0071	-0.1565	0.0485	-0.0003944444109507184	0.00028797932657906436	0.0001064650843716541	1.18758249	27.98566437	0.99845678	0.10900049007113988	0.0087319	0.00027
-0.0012	-0.0084	0.0328	-0.00021118483949131387	0.0003351032163829112	0.00019024088846738194	1.32209074	31.15538406	1.10551987	0.18540796326794887	0.00838	0.00022
-0.01	-0.0537	0.0759	-0.0007993607974134029	0.0004014257279586958	5.759586531581287e-05	1.35037017	31.82179451	1.05027438	0.13655717463247216	0.00754869	0.00022
-0.0121	0.0058	0.0533	-0.0007661995416255106	0.0003682644721708035	-0.00011693705988362007	1.17414427	27.66898918	0.995421	0.09624277183876088	0.00673378	0.00025
-0.0064	-0.0991	0.0451	-0.0003961897402027128	0.00037524578917878077	5.585053606381854e-05	1.27209687	29.97726631	1.03559082	0.14628893571891066	0.00821739	0.00039
-0.0044	-0.1212	0.0559	-0.0002007128639793479	0.00045553093477052	0.0001239183768915974	1.31932485	31.09020615	1.00480021	0.05209149313214415	0.00809455	0.00034
-0.0022	-0.0336	0.069	-0.0008656833089891874	0.00029321531433504735	-4.18879020478639e-05	1.21630359	28.66248512	1.04324362	0.15255461721923871	0.00725675	0.00044
-0.0059	-0.0497	0.0586	-0.0010349802464326373	0.00027576202181510406	-0.00013788101090755203	1.24373424	29.30889511	1.02432492	0.04433716694115408	0.00791901	0.00052
-0.0012	-0.114	0.049	-0.00039793506945470715	0.00031415926535897925	0.0001186823891356144	1.27056432	29.94115257	1.02909227	0.1252002910282486	0.00751704	0.00042
-0.0003	-0.1025	0.0265	-0.0004363323129985824	0.0002897246558310587	0.0001605702911834783	1.17441702	27.67541885	0.97409676	0.040135987755983	0.00765836	0.00039
-0.0085	0.005	0.0501	-0.0007819075048934597	0.0003612831551628262	6.45771823237902e-05	1.33034873	31.34998703	1.07531859	0.16495634000431666	0.00850326	0.00049
-0.011	-0.0179	0.0492	-0.000783652834145454	0.0003211405823669566	-2.6179938779914945e-05	1.21185029	28.5575428	0.9982976	0.032932251157578446	0.00691926	0.00034
-0.0098	-0.1315	0.0256	-0.00029321531433504735	0.00048171087355043494	9.250245035569947e-05	1.23945498	29.20805168	1.0367596	0.17688451000647498	0.00878912	0.00055
-0.004	-0.0686	0.0242	-0.00043458698374658803	0.0003874630939427412	0.0002443460952792061	1.27833998	30.12438583	1.02565274	0.08947315469713707	0.00839388	0.00042
-0.0062	-0.0514	0.044	-0.0007888888219014368	0.000445058959258554	0.0001361356816555577	1.32020068	31.11084366	1.02040358	0.0652054058547155	0.00873309	0.00067
-0.0123	0.0469	0.0519	-0.0010314895879286487	0.00039095375244672985	-9.948376736367679e-05	1.37092495	32.30617523	1.07322175	0.13891627109291352	0.00911021	0.00049
-0.0108	0.0282	0.0488	-0.0013421581947836393	0.0003717551306747922	-0.00016406094968746698	1.24245501	29.27874947	0.99922339	0.04302222054753592	0.00884092	0.00039
-0.0142	0.0018	0.0633	-0.0018797196043978928	0.0005148721293383271	-0.00020594885173533088	1.21271598	28.57794189	1.00591595	0.08042831551628261	0.00927418	0.00062
-0.0224	-0.023	0.1181	-0.0026511551337793865	0.0005270894341022875	-0.00031415926535897925	1.14990652	27.09782219	1.05088097	0.1323931623884551	0.0107036	0.0021
-0.023	0.0142	0.1242	-0.002769837522915001	0.0005235987755982988	-0.0004328416544945937	1.15125287	27.12954903	1.00916604	0.055942771838760896	0.0119415	0.00234
-0.0188	-0.1358	0.0929	-0.0021589722847169856	0.0005951572749300663	-0.0003351032163829112	1.37050104	32.29618454	1.1454661	0.22450810878207328	0.011406	0.00165
-0.015	-0.1837	0.0848	-0.0020176006153054447	0.0005323254218582705	-0.00017976891295541595	1.31244981	30.92819405	1.06099374	0.07777689129554158	0.0102803	0.00141
-0.0037	-0.1646	0.0741	-0.0015132004614790836	0.0005427973973702365	-8.203047484373349e-05	1.30141175	30.66807747	1.05824262	0.07173052837250048	0.0103405	0.0014
-0.0095	-0.088	0.1071	-0.001839577031602023	0.0005567600313861911	-0.0001239183768915974	1.36452568	32.15537262	1.04327718	0.13451135530933792	0.00927109	0.00077
-0.0148	-0.0561	0.1263	-0.002310815929640492	0.0005637413483941684	-0.00023387411976724014	1.16557467	27.46704483	1.01185054	0.08580879789610446	0.00941235	0.00145
-0.0185	-0.0858	0.1251	-0.0025586526834236872	0.0006998770300497262	-0.0002600540585471551	1.2155534	28.64480591	1.03394476	0.0551076187109334	0.0102965	0.00207
-0.0219	-0.022	0.1653	-0.0027471482426390747	0.0005864306286700947	-0.00021118483949131387	1.27832282	30.12398338	1.03893374	0.12494055898254303	0.0116912	0.00377
-0.0335	-0.1422	0.2831	-0.002642428487519415	0.0003961897402027128	-0.0007487462491055673	1.37484586	32.39857101	1.29137965	0.2912261026600648	0.017244	0.01582
-0.0451	-0.2105	0.4604	-0.0013997540600994523	-0.00043458698374658803	-0.0018360863730980347	1.46778643	34.58873749	1.41213755	0.41523956376808646	0.0320576	0.05308
-0.0663	-0.3767	0.6872	0.0010471975511965976	-0.001117010721276371	-0.002841396022246768	1.87786818	44.25241089	1.72397855	0.6209342498987284	0.0641697	0.14898
-0.0522	-0.368	0.6212	-3.141592653589793e-05	-0.0011606439525762293	-0.0029880036794142917	1.51338542	35.66328812	1.40061118	0.1522427183099939	0.056668	0.11333
-0.0403	-0.4971	0.517	-0.0002844886680750757	-0.0010576695267085637	-0.0023649211364523163	1.55660582	36.6817894	1.31181308	0.29415648551844087	0.0535317	0.09346
-0.0332	-0.5168	0.473	-0.00027750735106709843	-0.0011222467090323538	-0.001593485607070823	1.50312614	35.42152786	1.19428328	0.1129497014356631	0.0480152	0.08181
0.019	-0.443	0.384	0.00486946861306418	-0.0024277529895241124	-9.773843811168246e-05	2.1942749	51.70861053	2.05114322	0.612411470679109	0.0468412	0.07776
0.0558	-0.2221	0.2179	0.009211847792026072	-0.002820452071222836	-0.0004328416544945937	2.458143	57.92672729	2.32983051	0.6773090738521763	0.0434942	0.07378
0.0372	-0.1994	0.3505	0.0067928214487619305	-0.003988077340807043	-0.0011030480872604163	1.64320099	38.72242355	1.50735183	0.38674290228070846	0.0368593	0.05271
0.0192	-0.3186	0.316	0.0050509828552715895	-0.002712241657599188	-0.0013753194505715315	1.28420401	30.26257515	1.21275409	0.33619728200046556	0.0310644	0.03209
0.0206	-0.315	0.2618	0.003913028182971286	-0.0025115287936198403	-0.0014451326206513049	1.332798	31.4077034	1.16643766	0.12962403531797123	0.0263791	0.01777
0.004	-0.2488	0.2538	0.003307398932529255	-0.0015498523757709647	-0.0014433872913993105	1.33109748	31.36763	1.10200497	0.16925254987714503	0.0226361	0.00881
-0.003	-0.1363	0.2067	0.0029688050576423546	-0.0012007865253720988	-0.0013927727430914749	1.25025678	29.46260071	1.13625808	0.20351371367968007	0.0176491	0.00382
-0.006	-0.1078	0.1766	0.0029880036794142917	-0.0010419615634406148	-0.0011903145498601325	1.22386563	28.84068489	1.06371269	0.08062408884673816	0.016588	0.00271
-0.0111	-0.0939	0.1439	0.0026354471705114374	-0.0008168140899333463	-0.001296779634231787	1.26119506	29.72036171	1.05924895	0.08590845333908886	0.0149036	0.00176
-0.0127	-0.2844	0.1825	0.002432988977280095	-0.0005951572749300663	-0.0013683381335635543	1.43294823	33.76776886	1.25164999	0.2554836753783195	0.0197451	0.00524
-0.0137	-0.2652	0.2139	0.0024452062820440558	-0.0005410520681182421	-0.001291543646475804	1.27061522	29.94235229	1.04452501	0.05875584993317677	0.0193747	0.00556
-0.0178	-0.1889	0.2127	0.0023998277214922034	-0.0004520402762665313	-0.00102799892942466	1.30087972	30.65554237	1.07534731	0.10149675347273532	0.0185831	0.00587
-0.0167	-0.1615	0.2143	0.002150245638457014	-0.0003665191429188092	-0.0010838494654884787	1.17988467	27.80426407	1.01850199	0.0496476876223365	0.0166671	0.00651
-0.0122	-0.1875	0.2343	0.001637118838370681	-0.00041713369122664475	-0.0010088003076527223	1.18339312	27.88694191	1.01671039	0.08243952531149627	0.018854	0.00837
-0.0186	-0.1756	0.2356	0.0011222467090323538	-0.000291469985083053	-0.0011362093430483087	1.29209912	30.44862366	1.04953371	0.05799724354387526	0.0191115	0.01046
-0.0204	-0.1419	0.2117	0.000778416846389471	-0.0002181661564992912	-0.001239183768915974	1.12079501	26.41180229	1.00569836	0.08540540585471548	0.017159	0.00926
-0.0196	-0.1352	0.2068	0.0007208209810736582	-0.00029845130209103034	-0.001265363707695889	1.11131155	26.18832207	0.99591168	0.020603047484373343	0.0180176	0.00948
-0.0244	-0.2958	0.21	0.0011955505376161158	-0.00016929693744344995	-0.0012077678423800758	1.36391532	32.14099121	1.17920939	0.2016739893252925	0.0224897	0.01525
-0.0235	-0.2736	0.2256	0.0013281955607676848	-0.0001239183768915974	-0.0010384709049366262	1.29089808	30.42032242	1.07288276	0.05606602605734356	0.0207897	0.01335
-0.0231	-0.2136	0.1972	0.001473057888683214	-7.504915783575618e-05	-0.0009686577348568529	1.16504967	27.45467377	1.04502619	0.1019772358525572	0.0172949	0.00832
-0.0291	-0.1596	0.1825	0.0014276793281313615	6.45771823237902e-05	-0.0009512044423369096	1.22456598	28.85719109	1.03861129	0.08482290966156712	0.0161729	0.00627
-0.0308	-0.1973	0.1829	0.001324704902263696	0.00013439035240356338	-0.0009983283321407565	1.20418692	28.37695312	1.03082463	0.0507955742875643	0.0167275	0.0054
-0.0323	-0.0902	0.1909	0.0011606439525762293	5.759586531581287e-05	-0.0011257373675363424	1.20463693	28.38755608	1.07955011	0.13501322360854015	0.0149931	0.0056
-0.0321	-0.107	0.1857	0.0009634217471008699	1.0471975511965975e-05	-0.0011309733552923255	1.23771	29.16693306	1.04776579	0.034679104151759454	0.0140705	0.0039
-0.0346	-0.178	0.1747	0.001281071670963838	8.726646259971648e-05	-0.0011100294042683937	1.19519746	28.16511345	1.01712512	0.10526941809873253	0.01441	0.00257
-0.0314	-0.1896	0.1625	0.001158898623324235	0.000158824961931484	-0.001059414855960558	1.13248527	26.68728638	0.99556335	0.03921730476396031	0.0135375	0.00213
-0.032	-0.154	0.1458	0.0014870205226991688	0.00018500490071139895	-0.0010471975511965976	1.21467638	28.62413788	1.03544674	0.07122595714594045	0.0143735	0.00141
-0.0339	-0.0716	0.1721	0.0006754424205218055	7.155849933176751e-05	-0.0012112585008840647	1.277578	30.10643005	1.05136426	0.1650542726622231	0.0108638	0.00092
-0.0359	-0.087	0.1501	0.000645771823237902	9.599310885968811e-05	-0.001322959573011702	1.08263147	25.51247025	0.98014959	0.047690313946973054	0.00974548	0.00074
-0.0297	-0.1696	0.1378	0.001059414855960558	0.0001361356816555577	-0.001192059879112127	1.22723472	28.92007828	1.04500967	0.13033426497090503	0.0120917	0.00077
-0.0255	-0.1564	0.1414	0.0014137166941154068	0.00015184364492350666	-0.0010332349171806431	1.26948369	29.91568565	1.02619125	0.04744173816771407	0.0117238	0.00066
-0.0275	-0.1627	0.1448	0.0010943214410004448	9.250245035569947e-05	-0.0009826203688728075	1.19766557	28.22327423	1.00208729	0.033167549799530245	0.0105118	0.00059
-0.0296	-0.122	0.1419	0.0010210176124166828	0.00013264502315156904	-0.0010629055144645468	1.17427742	27.67212677	1.00427192	0.05538657734856857	0.0100082	0.00044
-0.0385	-0.0554	0.1506	0.0013735741213195373	0.0001186823891356144	-0.001329940890019679	1.25970852	29.68533134	1.01326854	0.11587772592369706	0.0106173	0.00055
-0.0367	-0.1091	0.1481	0.001158898623324235	0.00017104226669544429	-0.0012356931104119853	1.1691488	27.55126953	0.99981107	0.0760641577581413	0.0095067	0.00044
-0.0326	-0.2494	0.1539	0.0014224433403753785	0.0001361356816555577	-0.0013491395117916165	1.24375653	29.30941963	1.0638886	0.17079488517353308	0.0138806	0.00124
-0.0342	-0.1835	0.1496	0.0014940018397071458	0.0002181661564992912	-0.0012199851471440364	1.27896273	30.13906288	1.06425118	0.08593716694115405	0.0122095	0.00089
-0.0321	-0.0856	0.1447	0.0013212142437597075	0.0003054326190990077	-0.0011309733552923255	1.31129527	30.90098763	1.0444348	0.12235329251994333	0.00884366	0.00045
-0.0249	-0.1065	0.137	0.0009407324668249436	1.7453292519943296e-05	-0.0012758356832078548	1.11566913	26.2910099	0.97969829	0.07646617157146787	0.009197	0.00044
-0.03	-0.0594	0.1144	0.0008290313946973065	0.00020594885173533088	-0.0013281955607676848	1.20142949	28.31197357	1.01464578	0.09242782544514272	0.0082795	0.00029
-0.0349	-0.0451	0.0982	0.0008970992355250854	0.00035604716740684323	-0.0012793263417118436	1.24860811	29.42374802	1.00178847	0.048751768777756624	0.0102606	0.00092
-0.0417	-0.1763	0.1011	0.0013055062804917586	0.0005393067388662478	-0.0011780972450961724	1.25073767	29.47393227	1.07147711	0.17554478565208748	0.0104452	0.00045
-0.0426	-0.1954	0.1039	0.0013072516097437528	0.000640535835481919	-0.0009930923443847736	1.17528963	27.69598198	1.00039262	0.0371989663289532	0.0113125	0.00061
-0.0526	-0.1356	0.1131	0.0013945180723434693	0.0007993607974134029	-0.0009372418083209549	1.28181887	30.20636749	1.03859765	0.09409709802975094	0.00990808	0.00047
-0.0537	-0.0779	0.1448	0.000705113017805709	0.0007120943348136865	-0.0010297442586766543	1.23609841	29.12895393	1.03160757	0.1339586983746588	0.00861311	0.00032
-0.0544	-0.0692	0.1347	0.0008709192967451704	0.0005462880558742252	-0.001186823891356144	1.16032493	27.3433342	0.98521241	0.04393460952792065	0.00913244	0.00042
-0.051	-0.2194	0.1275	0.0012514010736799342	0.0006579891280018621	-0.0010559241974565693	1.31292546	30.93940163	1.09679333	0.1919541271480988	0.0119536	0.00096
-0.0499	-0.1643	0.1427	0.0011780972450961724	0.0005567600313861911	-0.0011571532940722405	1.32744122	31.28146935	1.04274354	0.08518810109075518	0.010508	0.00109
-0.0467	-0.1469	0.1278	0.001158898623324235	0.000460766922526503	-0.0010454522219446034	1.13235366	26.68418503	0.99578727	0.04684464013796313	0.00962812	0.00057
-0.0451	-0.1058	0.1214	0.0013473941825396225	0.000577703982410123	-0.0010524335389525807	1.27775323	30.11056137	1.07732481	0.06472069680534924	0.0101627	0.00044
-0.0497	-0.1589	0.1458	0.0009634217471008699	0.0005742133239061344	-0.0011222467090323538	1.30250478	30.69383621	1.04663116	0.10496381320112576	0.010101	0.00052
-0.0504	-0.0395	0.1189	0.0006422811647339132	0.00062482787221397	-0.0011484266478122688	1.20972037	28.50734901	1.05661884	0.1668967534727354	0.00895387	0.00047
-0.0469	-0.0448	0.0982	0.0007888888219014368	0.0006527531402458793	-0.0011606439525762293	1.21459484	28.62221718	1.02753912	0.03883751149816968	0.00911105	0.00042
-0.0449	-0.1872	0.1059	0.0011431906600562858	0.0006510078109938849	-0.001001818990644745	1.37005663	32.2857132	1.10130866	0.17784360646691638	0.0104746	0.00061
-0.0428	-0.2023	0.1322	0.0011239920382843482	0.0005009094953223725	-0.001048942880448592	1.20738149	28.45223427	1.00341727	0.054321041362364875	0.0104929	0.00052
-0.0391	-0.0942	0.108	0.0012025318546240932	0.0005672320068981572	-0.0009145525280450286	1.28015471	30.1671505	1.06965551	0.14996263401595467	0.00903988	0.00039
-0.0423	-0.1295	0.1211	0.0013002702927357754	0.0006806784082777885	-0.0009180431865490173	1.30782056	30.81910515	1.00702431	0.062333774899765104	0.00943398	0.00032
-0.0412	-0.0826	0.1178	0.0010733774899765126	0.0005410520681182421	-0.0009721483933608416	1.15159106	27.13751984	0.98007605	0.07233121748653165	0.00775295	0.0003
-0.0443	-0.0682	0.1242	0.000879645943005142	0.0006475171524898963	-0.0010838494654884787	1.21501124	28.63203049	1.00862824	0.04449488517353311	0.0103248	0.0005
-0.0479	-0.0333	0.1299	0.000661479786505851	0.0006056292504420323	-0.0009512044423369096	1.24140501	29.25400543	0.9941881	0.06383495408493618	0.00825757	0.00054
-0.0475	-0.1521	0.1268	0.000895353906273091	0.0005951572749300663	-0.001064650843716541	1.23109508	29.01104927	1.04801978	0.14018962483294187	0.00853127	0.00032
-0.0408	-0.2004	0.1335	0.0011047934165124105	0.0005480333851262194	-0.0009983283321407565	1.11524773	26.28107834	0.97506344	0.07784429558094753	0.0103977	0.00052
-0.0438	-0.0918	0.1186	0.001223475805648025	0.0006911503837897545	-0.000921533845053006	1.32042837	31.11621094	1.08255666	0.14342969374434503	0.00920236	0.00054
-0.0442	-0.12	0.1467	0.0008447393579652555	0.000661479786505851	-0.0009878563566287904	1.27454734	30.03501129	1.02495567	0.08043647782712285	0.00882578	0.00037
-0.0421	-0.1121	0.1436	0.0006754424205218055	0.000577703982410123	-0.0010821041362364843	1.18235898	27.86257172	0.99443914	0.03046602605734358	0.00963616	0.00047
-0.0415	-0.1461	0.1108	0.0013316862192716734	0.0007906341511534313	-0.0009756390518648303	1.22939181	28.97091103	1.01576116	0.11618195259324152	0.0105469	0.00052
-0.046	-0.1111	0.1229	0.0010454522219446034	0.0008080874436733745	-0.0009302604913129776	1.28566802	30.29707336	0.98660875	0.0690532925199433	0.00810021	0.00042
-0.0491	-0.1039	0.1254	0.0008429940287132613	0.0007627088831215222	-0.0010576695267085637	1.12303615	26.46461487	0.98688252	0.03156228945893904	0.0097568	0.00103
-0.0461	-0.0963	0.1367	0.0005201081170943102	0.0006789330790257941	-0.001064650843716541	1.183447	27.8882122	1.00397272	0.0425821516361328	0.00889325	0.00045
-0.0465	-0.1569	0.1264	0.0009162978572970229	0.0006579891280018621	-0.0011082840750163993	1.25690091	29.61917114	1.00819687	0.09433834612632515	0.00952786	0.00054
-0.047	-0.2023	0.1235	0.001001818990644745	0.0006335545184739417	-0.0011100294042683937	1.16471517	27.4467907	0.98192212	0.05438505360638186	0.00999033	0.0005
-0.0398	-0.1246	0.1122	0.0008360127117052838	0.000635299847725936	-0.0010157816246606998	1.22087824	28.77028656	1.02915441	0.10928996938995748	0.00945246	0.00061
-0.0472	-0.1073	0.132	0.0007487462491055673	0.0006265732014659643	-0.0010890854532444615	1.30635929	30.78466988	1.02851748	0.0529648468721725	0.0109046	0.00042
-0.0472	-0.0117	0.1227	0.00035430183815484887	0.0006300638599699529	-0.0011466813185602744	1.16790116	27.52186966	1.01998126	0.12767654673852602	0.00782722	0.00042
-0.0456	-0.1218	0.1229	0.00030194196059501896	0.0005969026041820607	-0.001192059879112127	1.15583932	27.23763084	1.01621086	0.11844498469497872	0.00903428	0.00042
-0.0452	-0.2079	0.0896	0.0008237954069413235	0.0006876597252857658	-0.0010663961729685354	1.24091005	29.242342	1.04216925	0.15671371367968007	0.0105163	0.00055
-0.0475	-0.1585	0.111	0.0010943214410004448	0.0007016223593017205	-0.0009930923443847736	1.33481479	31.45522881	1.02194441	0.09098962483294189	0.00912815	0.00059
-0.0443	-0.1279	0.1027	0.000900589894029074	0.0007243116395776468	-0.0009965830028887623	1.15416503	27.19817352	0.98358688	0.05309557428756428	0.00854123	0.00039
-0.0459	-0.1328	0.1277	0.0005585053606381855	0.0006946410422937432	-0.0010210176124166828	1.23069131	29.00153351	1.01978183	0.05130948701013564	0.00928509	0.00066
-0.0465	-0.1567	0.1361	0.0006161012259539982	0.0007086036763096977	-0.001069886831472524	1.23546326	29.11398697	0.98197569	0.03892138591938041	0.00889087	0.00054
-0.0406	-0.1863	0.126	0.0007923794804054256	0.0005515240436302081	-0.0011449359893082802	1.12236011	26.44868469	0.96855493	0.06602035224833365	0.00996327	0.00057
-0.039	-0.1819	0.1019	0.0009128071987930344	0.0006894050545377602	-0.0010629055144645468	1.23002207	28.98576355	1.00975933	0.0471169602069447	0.0104207	0.00066
-0.0446	-0.1287	0.1052	0.0010262536001726657	0.0007225663103256524	-0.0010245082709206715	1.34479463	31.6904068	1.05729172	0.07135024503556993	0.00978112	0.00052
-0.0416	-0.0883	0.1092	0.0008412486994612669	0.0006963863715457374	-0.001059414855960558	1.13633955	26.77811241	0.99404658	0.059704571226560026	0.00792658	0.00037
-0.0408	-0.1383	0.0958	0.0011047934165124105	0.0006946410422937432	-0.0009878563566287904	1.20932102	28.49794006	0.9970378	0.08104242728174527	0.00954992	0.00034
-0.0452	-0.1716	0.1118	0.0009337511498169664	0.0007452555906015787	-0.0010105456369047167	1.3101207	30.87330818	1.00669535	0.06591730476396028	0.0094105	0.00044
-0.0447	-0.0604	0.1206	0.0003717551306747922	0.0006161012259539982	-0.0011047934165124105	1.2332871	29.06270599	1.05180645	0.1597699081698724	0.00804377	0.00044
-0.0418	-0.0435	0.1042	0.00039968039870670147	0.0006719517620178169	-0.0011047934165124105	1.20509934	28.39845467	1.03466064	0.0403887902047864	0.00857937	0.00034
-0.0412	-0.1544	0.0943	0.0010471975511965976	0.000645771823237902	-0.001085594794740473	1.3422842	31.63124847	1.09224383	0.15604478565208743	0.0122681	0.00059
-0.0393	-0.1966	0.1212	0.000757472895365539	0.0005009094953223725	-0.0010175269539126942	1.20947886	28.50165939	0.99591109	0.09613274122871833	0.0102456	0.00057
-0.036	-0.1109	0.1053	0.0006946410422937432	0.000582939970166106	-0.0009843656981248017	1.23371267	29.07273483	1.02777989	0.11380117918517108	0.00926042	0.00052
-0.0426	-0.0496	0.1354	0.00041015237421866745	0.0006579891280018621	-0.0010367255756846318	1.32854855	31.30756378	1.02307245	0.11859488517353307	0.00948167	0.00055
-0.0438	-0.08	0.1208	0.00034906585039886593	0.0005724679946541401	-0.0011728612573401894	1.15492594	27.21610451	1.01882386	0.060337166941154055	0.00827014	0.0005
-0.0436	-0.1799	0.1034	0.0008237954069413235	0.0006108652381980154	-0.00102799892942466	1.21302676	28.58526611	1.03205399	0.15039945640009308	0.01056	0.00092
-0.0418	-0.2518	0.108	0.001129228026040331	0.0007749261878854823	-0.0009878563566287904	1.27650797	30.08121681	1.0518762	0.1037818070791172	0.012502	0.00096
-0.0445	-0.1598	0.1126	0.0008552113334772215	0.0006824237375297829	-0.00102799892942466	1.29477775	30.51174736	1.04402949	0.11963308578573396	0.00934571	0.00055
-0.0433	-0.0865	0.1305	0.0004468042885105483	0.0006440264939859076	-0.0009930923443847736	1.1841867	27.90564346	1.01763145	0.11648554367752176	0.00911582	0.00064
-0.0458	-0.0969	0.1169	0.0007853981633974483	0.0007452555906015787	-0.0010175269539126942	1.2315501	29.02177238	1.01007229	0.04971287905152459	0.00914472	0.00061
-0.0451	-0.1464	0.0965	0.0010314895879286487	0.0007731808586334879	-0.0010088003076527223	1.2282325	28.94359207	1.00914025	0.08473716694115406	0.0102147	0.00034
-0.0407	-0.1591	0.0914	0.0008621926504851988	0.0006370451769779302	-0.001022762941668677	1.15629005	27.24825096	0.98934402	0.03816976265574812	0.0106382	0.00089
-0.0477	-0.0253	0.0953	0.000705113017805709	0.0007243116395776468	-0.0010210176124166828	1.336586	31.49696732	1.11401941	0.15700457122656003	0.0101143	0.00067
-0.0512	-0.0756	0.0894	0.000635299847725936	0.0007435102613495844	-0.001022762941668677	1.26378739	29.78145218	1.02036103	0.06423785605518524	0.00848472	0.00037
-0.0514	-0.1532	0.0866	0.0009162978572970229	0.0007906341511534313	-0.0010454522219446034	1.18204129	27.85508537	0.99367908	0.09814055898254301	0.00879431	0.00074
-0.0497	-0.1426	0.0826	0.0009721483933608416	0.0008290313946973065	-0.0009529497715889039	1.17681003	27.73180962	0.98671099	0.025637511498169653	0.00980985	0.00054
-0.0533	-0.1053	0.1136	0.0006928957130417488	0.0008168140899333463	-0.0009128071987930344	1.33448327	31.44741821	1.05463607	0.08848062789394612	0.00944495	0.00055
-0.0559	-0.0933	0.1144	0.00045553093477052	0.0007086036763096977	-0.0011431906600562858	1.1416533	26.90333366	0.96777927	0.04419793265790644	0.00829703	0.00052
-0.0493	-0.1496	0.0914	0.000731292956585624	0.0007766715171374765	-0.0011466813185602744	1.15722394	27.27025795	0.99308401	0.1032660260573436	0.00976616	0.00064
-0.0465	-0.135	0.0766	0.0011222467090323538	0.0008569566627292158	-0.000947713783832921	1.25751936	29.63374329	1.01823412	0.06571032163829112	0.00967252	0.00047
-0.0496	-0.0993	0.0954	0.000973893722612836	0.0008272860654453122	-0.0010053096491487337	1.28982949	30.39513969	1.00764559	0.0693809724509617	0.00761908	0.00042
-0.0509	-0.1469	0.1014	0.0007731808586334879	0.0008150687606813518	-0.0009791297103688187	1.22646415	28.90192032	0.99324734	0.06685550537616118	0.00962394	0.00061
-0.0506	-0.0319	0.1368	0.000466002910282486	0.0007801621756414653	-0.0009773843811168245	1.32884467	31.31454277	1.06124461	0.16789149313214413	0.00934315	0.00066
-0.0533	-0.1083	0.1154	0.0007487462491055673	0.0007609635538695277	-0.0010576695267085637	1.22514403	28.87081146	1.02925077	0.1196113553093379	0.00839359	0.00042
-0.0495	-0.1658	0.0868	0.0008779006137531476	0.0008307767239493009	-0.0010419615634406148	1.18704748	27.97305679	1.00073159	0.10063377489976512	0.00915146	0.00049
-0.0536	-0.153	0.0895	0.0008255407361933179	0.00091106186954104	-0.0010000736613927507	1.21160543	28.55177116	1.01091575	0.028326646259971645	0.00943959	0.00067
-0.0564	-0.0302	0.1196	0.00045902159327450867	0.0007609635538695277	-0.0009878563566287904	1.37543249	32.41239548	1.08226099	0.1821417381677141	0.0083099	0.00067
-0.0544	-0.1243	0.0737	0.0010314895879286487	0.0008621926504851988	-0.0011728612573401894	1.19874609	28.24873924	1.01299614	0.1849350995990605	0.0119192	0.00052
-0.047	-0.2144	0.0735	0.0010803588069844899	0.0009494591130849152	-0.000973893722612836	1.25710237	29.62391853	1.02769633	0.11445516081914556	0.0113778	0.00061
-0.0473	-0.075	0.0984	0.0007941248096574199	0.0007923794804054256	-0.0009442231253289323	1.4069519	33.155159	1.09260851	0.1882492113645232	0.00807035	0.0004
-0.0532	-0.0758	0.1232	0.0002705260340591211	0.0006806784082777885	-0.0010192722831646884	1.11267412	26.22043037	0.98435191	0.0670174502780846	0.00822473	0.00042
-0.0529	-0.0282	0.1071	0.0003892084231947355	0.0007487462491055673	-0.0009965830028887623	1.18872046	28.01248169	0.98829486	0.07447197551196598	0.00883883	0.00029
-0.0563	-0.154	0.096	0.0007138396640656808	0.000890117918517108	-0.0009965830028887623	1.30878878	30.84192085	1.0562891	0.16360014551412427	0.00933772	0.00045
-0.0556	-0.1742	0.1078	0.0008342673824532895	0.0008970992355250854	-0.0010000736613927507	1.2444613	29.32602692	0.99814867	0.03924498469497873	0.00889164	0.00047
-0.0565	-0.1252	0.1112	0.0006178465552059926	0.0009354964790689606	-0.0009494591130849152	1.15990782	27.33350563	0.99893079	0.06857163095495035	0.00909859	0.00052
-0.0545	-0.0775	0.1255	0.0003682644721708035	0.0008726646259971648	-0.0009773843811168245	1.26647806	29.84485817	1.0184365	0.08101696020694472	0.00868624	0.00047
-0.0474	-0.1045	0.1126	0.0007016223593017205	0.0007993607974134029	-0.0010035643198967395	1.22599125	28.89077568	0.98806939	0.06864208272472969	0.00767237	0.00025
-0.044	-0.1621	0.094	0.0008220500776893293	0.0008115781021773631	-0.0009616764178488756	1.18184638	27.85049248	0.9801738	0.08832664625997164	0.00899458	0.00066
-0.0469	-0.0857	0.1061	0.000752236907609556	0.000890117918517108	-0.0009529497715889039	1.26922619	29.90961838	1.04845007	0.0992539816339745	0.00874895	0.00044
-0.0514	-0.0765	0.1322	0.00022165681500327985	0.0007941248096574199	-0.0010367255756846318	1.26779079	29.87579346	1.03299931	0.07531745027808462	0.00775468	0.0004
-0.0511	-0.0636	0.0963	0.000598647933434055	0.000783652834145454	-0.0011466813185602744	1.14172983	26.90513611	0.99295082	0.07397094184091918	0.00780332	0.0004
-0.0455	-0.1647	0.0785	0.0009930923443847736	0.0008587019919812101	-0.0009756390518648303	1.25513911	29.57765198	1.04632952	0.15652679177409595	0.00961363	0.00047
-0.0465	-0.1075	0.0895	0.0009930923443847736	0.0007941248096574199	-0.0009686577348568529	1.33375299	31.43020821	1.00939577	0.07277792496658839	0.00854975	0.00035
-0.0456	-0.078	0.1063	0.00032812189937493397	0.0006370451769779302	-0.0009983283321407565	1.12604272	26.53546524	0.98741475	0.08978603374866163	0.0074771	0.00024
-0.0471	-0.062	0.0864	0.0003822271061867582	0.0006440264939859076	-0.001048942880448592	1.17536902	27.69785309	0.98202812	0.04298505360638186	0.00859797	0.0004
-0.0503	-0.1049	0.0752	0.000752236907609556	0.0007906341511534313	-0.0010367255756846318	1.24790096	29.40708351	0.99488822	0.08374173816771407	0.0084644	0.00064
-0.0494	-0.1402	0.0718	0.0009599310885968812	0.0008098327729253688	-0.0009791297103688187	1.19510663	28.1629734	0.99040107	0.053824433403753785	0.00798225	0.00049
-0.0437	-0.0974	0.0712	0.0008779006137531476	0.0008080874436733745	-0.0009546951008408983	1.21564901	28.64706039	0.99664304	0.0545105206811824	0.00879896	0.00047
-0.0506	-0.0182	0.1067	0.0005410520681182421	0.0007819075048934597	-0.0009756390518648303	1.33916891	31.55783463	1.0482095	0.1407986217719376	0.00839919	0.00044
-0.0492	-0.0345	0.0935	0.0004468042885105483	0.0008011061266653974	-0.0010349802464326373	1.15984476	27.33201981	0.98341402	0.039539379797371925	0.00741291	0.00037
-0.0457	-0.1423	0.08	0.0007400196028455958	0.0007609635538695277	-0.0010262536001726657	1.21068299	28.53003311	1.03142691	0.14190422666954444	0.00841302	0.00061
-0.0445	-0.1737	0.0884	0.0009145525280450286	0.0008587019919812101	-0.0009389871375729493	1.22714698	28.91801262	1.02495646	0.05897689129554156	0.00977111	0.0005
-0.0485	-0.0885	0.1011	0.0009721483933608416	0.0008813912722571365	-0.0009197885158010115	1.34262347	31.63924408	1.02131562	0.10687418836818384	0.00780505	0.00044
-0.0475	-0.0568	0.1104	0.0005288347633542819	0.0006824237375297829	-0.0010803588069844899	1.17870963	27.77657318	0.98977824	0.08214257279586956	0.00784743	0.00044
-0.0529	-0.0632	0.1056	0.0005235987755982988	0.0008429940287132613	-0.0010925761117484504	1.23547041	29.11415672	1.03725549	0.025501179185171096	0.00939417	0.00054
-0.0488	-0.1376	0.0921	0.0010419615634406148	0.0008482300164692441	-0.0010925761117484504	1.30113888	30.6616497	1.06349278	0.11817993877991492	0.0105522	0.0005
-0.0489	-0.1552	0.0993	0.0008255407361933179	0.0007487462491055673	-0.0010943214410004448	1.18071806	27.82390213	0.98804173	0.0407824961931484	0.00883609	0.00037
-0.0473	-0.0979	0.117	0.0005619960191421741	0.0007871434926494425	-0.0010245082709206715	1.20049059	28.28984833	1.00369667	0.0951877565337396	0.00897175	0.0004
-0.0525	-0.0883	0.1112	0.00034557519189487725	0.0008464846872172499	-0.001075122819228507	1.24502087	29.33921432	0.98832249	0.036918828506147	0.00907815	0.00057
-0.0484	-0.0287	0.0932	0.0004433136300065597	0.000783652834145454	-0.0011065387457644049	1.14630294	27.01290321	1.00474962	0.0912993108859688	0.00799906	0.00049
-0.0441	-0.1008	0.0645	0.0011501719770642632	0.000895353906273091	-0.0009529497715889039	1.18447649	27.91247177	1.0170133	0.15370741966804205	0.0110809	0.00064
-0.0455	-0.1328	0.0981	0.0008220500776893293	0.000783652834145454	-0.0009424777960769379	1.24244595	29.27853584	1.00966507	0.08951474735072684	0.00964564	0.00044
-0.0482	-0.0603	0.1216	0.0002373647782712288	0.0007853981633974483	-0.0010471975511965976	1.27571559	30.06254196	1.02001597	0.13325751918948775	0.00802875	0.0004
-0.0423	-0.0332	0.0986	0.0004974188368183839	0.0007347836150896127	-0.0011222467090323538	1.09968269	25.91428566	0.970814	0.07528588823453734	0.00809079	0.00037
-0.0387	-0.1862	0.1058	0.0005375614096142535	0.0008272860654453122	-0.0010088003076527223	1.32662201	31.26216507	1.10626615	0.17610457122656004	0.0110776	0.00069
-0.0401	-0.1444	0.1187	0.0006562437987498679	0.0008203047484373349	-0.0010559241974565693	1.31903768	31.08343887	1.01389165	0.06473937979737193	0.00901645	0.00057
-0.0412	-0.0398	0.121	0.000148352986419518	0.0006056292504420323	-0.0012863076587198209	1.2013042	28.309021	1.05183166	0.1556474885794452	0.00783181	0.00042
-0.0456	-0.0411	0.0969	-6.45771823237902e-05	0.0008080874436733745	-0.0013788101090755204	1.20670104	28.43619919	1.01545654	0.05519454061651749	0.00815743	0.00039
-0.0486	-0.189	0.1119	0.00022340214425527416	0.0009040805525330626	-0.0014276793281313615	1.35630238	31.96158981	1.10259109	0.1875420827247297	0.00976777	0.00059
-0.0499	-0.104	0.1247	-0.00010995574287564276	0.0007731808586334879	-0.0015760323145508795	1.18707263	27.97364998	0.99947502	0.1297305283725005	0.00838768	0.00057
-0.0437	-0.126	0.1281	-0.0002513274122871834	0.000905825881785057	-0.001265363707695889	1.1712786	27.6014595	0.99732999	0.06083426497090501	0.00894052	0.00062
-0.0406	-0.1885	0.1532	-0.0006632251157578452	0.0008098327729253688	-0.001839577031602023	1.27536464	30.0542717	1.09360935	0.14480520681182424	0.0113151	0.00123
-0.0458	-0.0709	0.1599	-0.0009128071987930344	0.0007382742735936014	-0.002319542575900464	1.30340874	30.71513939	1.05555015	0.16955530633326985	0.00961787	0.00077
-0.0476	-0.1079	0.1608	-0.0009930923443847736	0.0005969026041820607	-0.0023230332344044524	1.07386124	25.30579567	0.9577212	0.05095737367536343	0.00961113	0.00111
-0.0495	-0.0062	0.1408	-0.0009145525280450286	0.0006649704450098395	-0.0023457225146803788	1.15162063	27.13821602	1.02462001	0.13206484687217251	0.00975329	0.00131
-0.0536	-0.1006	0.1444	-0.0010576695267085637	0.0008848819307611251	-0.0023998277214922034	1.20296347	28.34812164	1.03526491	0.12295668456133226	0.0105954	0.00116
-0.0399	-0.1994	0.1179	-0.0008604473212332044	0.0006946410422937432	-0.0022322761133007477	1.28272784	30.22778702	1.05338398	0.16675073510670985	0.0113669	0.00126
-0.0299	-0.217	0.1087	-0.000635299847725936	0.000598647933434055	-0.0019233528356977512	1.15852666	27.30095673	0.98731444	0.06830319299849766	0.0111206	0.00114
-0.035	-0.0724	0.1132	-0.0006003932626860494	0.0007016223593017205	-0.0019250981649497454	1.38788235	32.70578003	1.16475257	0.16118131700797733	0.00982332	0.00082
-0.0428	-0.0343	0.1274	-0.0009896016858807848	0.0006841690667817771	-0.002106612407157156	1.27782977	30.11236382	1.0297171	0.08950879789610448	0.00944239	0.00111
-0.0405	-0.0849	0.168	-0.0008988445647770796	0.0005393067388662478	-0.0022235494670407763	1.16226256	27.38899422	1.02700786	0.11112782544514274	0.0105484	0.00138
-0.0491	-0.0958	0.25	-0.00047822021504644627	0.0005166174585903216	-0.002169444260228951	1.27325392	30.00453186	1.08941489	0.1263709418409192	0.0151208	0.00427
-0.0501	-0.2797	0.3655	-0.00012740903539558605	-0.0001658062789394613	-0.002930407814098479	1.49011075	35.11481476	1.378023	0.39010992355250856	0.0264741	0.02884
-0.0723	-0.2911	0.5528	0.0003612831551628262	-0.0004729842272904633	-0.003988077340807043	1.47206295	34.68951416	1.35942071	0.3135769832808989	0.0441158	0.08887
-0.0916	-0.3845	0.6585	0.0025080381351158514	-0.0011013027580084218	-0.004043927876870862	1.43684709	33.85964584	1.40337227	0.3599462023367401	0.0616922	0.14384
-0.0806	-0.3506	0.4853	0.0010995574287564276	-0.0005009094953223725	-0.003516838442768574	1.57155275	37.03401566	1.46432435	0.34489817015738805	0.0447145	0.07026
-0.0645	-0.4447	0.375	0.0012932889757277981	-9.599310885968811e-05	-0.002515019452123829	1.4606421	34.42037964	1.27475456	0.30052334620394	0.0366502	0.04673
-0.0351	-0.482	0.3323	0.0022951079663725434	-8.203047484373349e-05	-0.0013718287920675431	1.41995382	33.46155167	1.24310159	0.2173486142358493	0.0364283	0.039
0.0453	0.1114	0.0107	0.010602875205865551	-0.002155481626212997	-0.00200363798128949	3.49918938	82.45923615	3.27478733	1.5460513790042107	0.0478716	0.08996
0.0316	-0.1118	0.1965	0.008388052385084749	-0.002553416695667704	-0.002366666465704311	1.92969954	45.47383118	1.85661682	0.5714893187325165	0.033362	0.04606
0.0198	-0.2108	0.2089	0.006627015169822469	-0.0023003439541285265	-0.0027104963283471934	1.27161312	29.96586609	1.17195684	0.241096990972217	0.0290901	0.02597
0.0108	-0.218	0.2	0.005393067388662479	-0.002261946710584651	-0.002879793265790644	1.33414578	31.43946457	1.1329338	0.0971820981073658	0.0254533	0.01824
0.0099	-0.2441	0.1829	0.004729842272904633	-0.0019268434942017398	-0.002694788365079245	1.26027095	29.69858742	1.09774281	0.10326666164260782	0.0251677	0.01447
0.0038	-0.205	0.1586	0.004825835381764321	-0.002040289895581371	-0.0031974431896536117	1.24843872	29.41975594	1.09459173	0.10510471674068436	0.0240424	0.01429
0.0016	-0.1967	0.137	0.003920009499979264	-0.001504473815219112	-0.0030997047515419294	1.30720973	30.80471039	1.12774834	0.10906902001294988	0.020333	0.00736
-0.0019	-0.2213	0.1382	0.004197516851046362	-0.0011152653920243766	-0.0028571039855147177	1.25423276	29.55629349	1.05957403	0.07476582701445221	0.0207413	0.00654
0.0007	-0.2706	0.1755	0.003867649622419434	-0.0011030480872604163	-0.0027855454861829498	1.16700029	27.50064087	1.05308538	0.1098821516361328	0.0203452	0.00756
-0.0093	-0.2463	0.1577	0.004014257279586958	-0.0009372418083209549	-0.002593559268463574	1.25357342	29.54075813	1.03002025	0.07732000769131805	0.0209628	0.00602
-0.0155	-0.2279	0.1549	0.003904301536711315	-0.0007539822368615504	-0.0024836035255879313	1.30896938	30.84617615	1.04387748	0.0475585528605345	0.0206993	0.00659
-0.017	-0.1544	0.1612	0.0033615041393410786	-0.0006318091892219474	-0.0026563911215353696	1.20607352	28.42140961	1.03743536	0.12318790204786385	0.0177545	0.00551
-0.0232	-0.0723	0.1416	0.0029949849964222694	-0.0005550147021341969	-0.002778564169174973	1.21360254	28.59883499	1.04819326	0.13617433388230815	0.0183163	0.00629
-0.0275	-0.0478	0.1151	0.0028623399732707008	-0.00042236967898262774	-0.002754129559647052	1.22120214	28.77791977	1.02528911	0.06978623279155295	0.0177947	0.00701
-0.0248	-0.1032	0.1234	0.0029897490086662863	-0.00042236967898262774	-0.002649409804527392	1.26995361	29.92676163	1.03557824	0.07800643952576228	0.0170141	0.00723
-0.0267	-0.1699	0.1529	0.003333578871309169	-0.0003665191429188092	-0.002516764781375823	1.19759703	28.22165871	1.05227692	0.12471627109291351	0.0188888	0.00803
-0.0234	-0.2034	0.1557	0.003342305517569141	-0.0003769911184307752	-0.0023230332344044524	1.16352725	27.41879654	1.02118167	0.05024650843716542	0.0183046	0.00629
-0.0241	-0.1596	0.1446	0.003555235686312449	-0.00042935099599060504	-0.0022916173078685546	1.2239114	28.84176445	1.0369288	0.07043529864195179	0.0173966	0.00435
-0.0249	-0.1307	0.1437	0.0033807027611130165	-0.0003961897402027128	-0.0024277529895241124	1.14420259	26.96340752	0.99961243	0.047791493132144126	0.015051	0.00335
-0.0289	-0.1016	0.1389	0.0031834805556376572	-0.0003961897402027128	-0.0025761059759436306	1.12645566	26.54519653	0.99208187	0.05517875959474389	0.0145298	0.00247
