trans_x	trans_y	trans_z	rot_x	rot_y	rot_z	dvars_std	dvars_nstd	dvars_vstd	framewise_displacement	aqi	aor
0.0	-0.0	0.0	-0.0	0.0	-0.0	n/a	n/a	n/a	n/a	0.0384065	0.03434
0.0003	-0.0302	-0.0195	6.108652381980153e-05	8.901179185171081e-05	1.7453292519943296e-05	1.15335333	24.90738487	1.02761426	0.058377580409572784	0.038021	0.03335
-0.0009	-0.0007	-0.0428	9.773843811168246e-05	7.853981633974481e-05	2.96705972839036e-05	1.12458754	24.28617096	0.97397187	0.05696705972839036	0.039613	0.0336
0.0013	-0.0142	-0.0449	0.00023911010752322313	7.853981633974481e-05	9.42477796076938e-05	1.37137556	29.61571312	1.0178043	0.028097442586766552	0.0388808	0.03271
0.0093	0.0192	0.0312	0.0003787364476827695	0.00014311699866353502	0.00030368728984701333	1.47039807	31.75416565	1.0917183	0.1381821516361328	0.035746	0.02779
0.0097	-0.0258	0.0391	0.0004328416544945937	0.0001064650843716541	0.0005689773361501514	1.26551878	27.32966995	1.0633373	0.07110235837034215	0.0343055	0.02247
0.0141	-0.0858	0.0323	0.0006684611035138282	0.00015533430342749534	0.0005183627878423159	1.13792038	24.5741024	1.04261897	0.08795516081914556	0.0320305	0.02045
0.0123	-0.0086	0.0214	0.0007120943348136865	0.00023561944901923448	0.0005009094953223725	1.19242346	25.75112915	1.0308857	0.09696858347057705	0.0334345	0.02133
0.0155	0.0203	-0.0032	0.0009546951008408983	0.00038048177693476387	0.0005183627878423159	1.22725582	26.50335693	1.04836508	0.07694581932313424	0.0371408	0.02696
0.0077	0.0358	-0.0543	0.00042935099599060504	0.0004939281783143952	0.0001186823891356144	1.32441843	28.60164261	1.14213788	0.1263235452468313	0.0428588	0.04236
0.001	-0.0133	-0.184	-0.00045902159327450867	7.853981633974481e-05	-6.45771823237902e-05	1.48011041	31.96390915	1.29449967	0.2598510261349584	0.052838	0.06954
0.0073	-0.0068	-0.1623	6.9813170079773176e-06	0.00035430183815484887	-0.0002513274122871834	1.42458105	30.7647171	1.13960864	0.08092575810304915	0.0497003	0.06064
-0.0103	0.0467	-0.0425	0.0009459684545809266	-5.585053606381854e-05	-0.00047123889803846896	1.60248065	34.6065712	1.31954544	0.2693525498771451	0.0402593	0.03738
-0.0122	-0.0978	0.0305	0.0018517943363659836	-0.0004886921905584122	-0.000450294947014537	1.36683774	29.51771545	1.26549809	0.2873805743651791	0.0296075	0.01582
-0.0146	-0.0383	0.0085	0.0023160519173964756	-0.0004328416544945937	-0.0005340707511102648	1.26957953	27.41736221	1.15620825	0.11409419605950193	0.0297726	0.01445
-0.0109	-0.0562	-0.0117	0.0029722957161463434	-0.00047123889803846896	-0.0006562437987498679	1.1073513	23.91394234	1.037209	0.08264070449666733	0.0277054	0.01234
-0.0093	-0.0851	-0.0424	0.0034365532971768345	-0.0005637413483941684	-0.0005916666164260777	1.05803144	22.84885025	1.00564483	0.09226686068549902	0.0277016	0.01129
-0.0104	-0.0752	-0.0811	0.0034348079679248403	-0.0005235987755982988	-0.000757472895365539	1.03480101	22.3471756	0.99454086	0.06008470904936625	0.0312555	0.01612
-0.0085	-0.0558	-0.0334	0.0034313173094208515	-0.00048345620280242926	-0.0006771877497737998	1.20726609	26.07166481	1.07757246	0.07519591884457988	0.0308112	0.01786
-0.0069	-0.0719	-0.0064	0.003988077340807043	-0.0006161012259539982	-0.0003717551306747922	1.26454973	27.30874252	1.13345019	0.09444188368183838	0.0258368	0.00965
-0.0078	-0.1499	-0.032	0.004040437218366873	-0.00047647488579445195	-0.00017627825445142725	1.34691179	29.08740234	1.07623402	0.12387315469713708	0.0255394	0.0077
-0.0079	-0.1055	-0.08	0.003954916085019151	-0.00045902159327450867	-0.00020769418098732522	1.25765359	27.15981483	1.16239746	0.09921951762017821	0.027519	0.00908
-0.0061	-0.0455	-0.1192	0.0039235001584832525	-0.0004468042885105483	-0.00041189770347066176	1.36817026	29.54649162	1.06169265	0.11339183768915977	0.0307559	0.01381
-0.0049	-0.0318	-0.1443	0.003577924966588375	-0.0003682644721708035	-0.0005148721293383271	1.25926387	27.19459152	1.03786264	0.06635447170511438	0.0331548	0.01928
-0.0077	-0.0665	-0.0366	0.0033824480903650108	-0.0005113814708343385	-0.00032463124087094524	1.36865163	29.55688667	1.14831358	0.17164173816771408	0.0255541	0.0077
-0.0085	-0.0602	0.0107	0.004063126498642799	-0.0006806784082777885	-0.00016929693744344995	1.2117461	26.16841316	1.01916429	0.10466548245743668	0.0214147	0.00365
-0.0058	-0.0975	-0.0047	0.0046809730538487915	-0.0006946410422937432	-0.00016406094968746698	1.36069489	29.38505554	1.02692398	0.0872522588488965	0.0198226	0.0029
-0.0064	-0.0757	-0.0225	0.004907865856608054	-0.0005218534463463045	-0.0002652900463031381	1.14463603	24.71912956	1.0095123	0.06524547476611864	0.021868	0.00455
-0.0036	-0.0725	-0.0416	0.004591961261997081	-0.0005009094953223725	-0.00027925268031909274	1.13014627	24.40621567	1.04188311	0.04264055898254302	0.0219318	0.00435
-0.0035	-0.0473	-0.0204	0.004211479485062317	-0.0005532693728822024	-0.0003385938748868999	1.08722878	23.47938538	1.01150306	0.07110914245312	0.0220097	0.00458
-0.0032	-0.0332	0.049	0.0044628068973495	-0.0009180431865490173	-0.0002530727415391778	1.10503542	23.86392975	1.04825912	0.11888111796508596	0.0179699	0.00214
-0.0015	-0.0869	0.0316	0.004579743957233121	-0.0009197885158010115	-5.235987755982989e-05	0.97859257	21.13331795	0.9387694	0.08876976265574814	0.0177553	0.00183
-0.0056	-0.0949	0.0132	0.005106833391335408	-0.0008482300164692441	-8.552113334772214e-05	0.9891485	21.36128044	0.94450925	0.06209045946109736	0.0188459	0.00228
0.0006	-0.0513	-0.0291	0.005225515780471023	-0.0009040805525330626	-0.00018675022996339323	1.05135822	22.70473862	0.99304927	0.1058881010907552	0.0201873	0.00303
0.0012	-0.1637	-0.0568	0.0052499503899989435	-0.0008255407361933179	-0.00019896753472735358	1.19601822	25.82876205	1.09656348	0.1464595865315813	0.0214418	0.00445
-0.004	-0.0625	-0.0265	0.004656538444320871	-0.0007888888219014368	-0.0002548180707911721	1.21554506	26.25045395	1.11058709	0.1709957198016886	0.02303	0.0039
-0.0048	-0.0233	0.0178	0.004661774432076854	-0.0010192722831646884	-3.490658503988659e-05	1.47013688	31.74852562	1.03278906	0.107076546738526	0.0230454	0.00374
-0.0046	-0.0993	-0.0148	0.004743804906920588	-0.0009983283321407565	-5.93411945678072e-05	1.12233949	24.23762321	1.02631011	0.11517045176977932	0.0212622	0.00322
-0.0051	-0.1366	-0.0453	0.004759512870188536	-0.0008691739674931761	-0.0001884955592153876	1.20831966	26.09441757	1.00801967	0.08200083462815545	0.0218185	0.00434
-0.0054	-0.0561	-0.0686	0.004656538444320871	-0.0009424777960769379	-0.0003193952531149623	1.23416364	26.65253639	1.03150219	0.1194588974175501	0.0252777	0.00557
-0.0027	-0.064	-0.0777	0.004591961261997081	-0.000853466004225227	-0.00034033920413889426	1.17745602	25.42789841	1.03822572	0.028426646259971676	0.0253423	0.00703
-0.0014	-0.0811	-0.0284	0.004820599394008338	-0.0010803588069844899	-0.0003193952531149623	1.17450964	25.36426926	1.03842765	0.09152374428972265	0.0209801	0.00381
0.0002	-0.0736	0.047	0.0049131018443640375	-0.0012950343049797925	-0.0001064650843716541	1.14993072	24.83347321	1.04584164	0.11050540585471552	0.0180165	0.00205
0.0023	-0.0897	0.0256	0.005276130328778859	-0.0013020156219877698	-5.585053606381854e-05	1.02981329	22.2394619	0.98081223	0.06063121748653171	0.016992	0.00164
0.002	-0.0846	-0.0044	0.005324999547834699	-0.0012304571226560022	-0.00021467549799530252	1.04697204	22.61001587	0.95832674	0.049362634015954594	0.0191833	0.00247
-0.0003	-0.0811	-0.0429	0.005105088062083414	-0.001075122819228507	-0.0002478367537831948	1.01180935	21.8506546	0.97169295	0.06472035224833364	0.0207161	0.00275
-0.0021	-0.0463	-0.0707	0.005021312257987686	-0.0011711159280881952	-0.0002897246558310587	1.05938792	22.87814331	0.99045508	0.07548284075016401	0.0231199	0.00506
-0.0036	-0.0496	-0.0556	0.005037020221255636	-0.0012793263417118436	-0.000322885911618951	1.11725295	24.12777519	1.00304703	0.027753981633974537	0.0215576	0.00349
-0.0042	-0.0774	0.0203	0.005106833391335408	-0.001377064779823526	-6.45771823237902e-05	1.14425731	24.71095276	1.07478291	0.12559301687433075	0.0181482	0.00191
-0.0085	-0.0883	0.0038	0.005366887449882563	-0.0013491395117916165	5.93411945678072e-05	1.02427649	22.11989021	0.95760079	0.052294885173533104	0.0176399	0.00138
-0.0063	-0.0869	-0.0357	0.005319763560078716	-0.0012269664641520136	0.0001605702911834783	1.13498306	24.51066971	1.10228334	0.05662630170295607	0.0217918	0.00306
-0.0089	-0.0798	-0.0797	0.005159193268895238	-0.0010821041362364843	0.00010821041362364843	1.05047429	22.68564987	0.99099723	0.07158962483294186	0.0222442	0.00335
-0.0058	-0.0841	-0.11	0.004899139210348083	-0.0010157816246606998	0.00022340214425527416	1.21507263	26.24025345	0.94323063	0.059778415037728266	0.025026	0.00521
-0.0027	-0.0641	-0.1048	0.004827580711016315	-0.0011013027580084218	0.00019198621771937622	1.18927014	25.68303108	1.00457322	0.037724777960769375	0.0251304	0.00637
0.0039	-0.0967	0.0278	0.005064945489287545	-0.001270599695451872	0.0004904375198104066	1.5377208	33.20804214	1.24110886	0.2070556508902855	0.0183765	0.00231
-0.0076	-0.1154	0.2755	0.006351253148007365	-0.0023753931119642824	0.0008517206749732328	1.69766831	36.66220856	1.58018879	0.4155192115197529	0.0145844	0.00455
-0.005	-0.1395	0.2865	0.008136724972797564	-0.002567379329683659	0.001778490507782222	1.30846441	28.25710678	1.19622199	0.18291139376592816	0.0135857	0.00188
-0.0184	-0.0805	0.2407	0.007757988525114794	-0.002261946710584651	0.001595230936322817	1.33538282	28.83842659	1.1182033	0.1615714319120591	0.0121988	0.00124
-0.0208	-0.1945	0.2177	0.006209881478595825	-0.0021170843826691216	0.001377064779823526	1.38961232	30.00954628	1.15656782	0.23495677654668945	0.0117216	0.00045
-0.0209	-0.2136	0.2183	0.005408775351930427	-0.001947787445225672	0.0015481070465189703	1.08385432	23.40651131	1.02857859	0.07687226654021459	0.0117318	0.0009
-0.0195	-0.1194	0.2014	0.005028293574995664	-0.001801179788058148	0.0015498523757709647	1.09333289	23.61120605	1.04326729	0.13894173816771407	0.0133945	0.00096
-0.0165	-0.1747	0.1821	0.005077162794051505	-0.001595230936322817	0.0014189526818713899	1.2248925	26.45231819	1.05184815	0.09688588823453731	0.0118761	0.00084
-0.0148	-0.1576	0.1549	0.005026548245743668	-0.0014643312424232424	0.0012531464029319286	1.3044529	28.17047501	1.04815657	0.06336602605734364	0.0138314	0.00089
-0.0112	-0.1919	0.1301	0.004977679026687828	-0.0012740903539558604	0.001244419756671957	1.21008134	26.13246155	0.99967402	0.07509183768915971	0.0137714	0.00067
-0.0132	-0.1482	0.1109	0.004591961261997081	-0.0012164944886400475	0.0011100294042683937	1.18863249	25.66926193	1.00523948	0.09378519912050616	0.0138561	0.00061
-0.0117	-0.1514	0.1027	0.004553564018453206	-0.0011030480872604163	0.0010419615634406148	1.14147711	24.65091133	0.99383823	0.023895574287564225	0.0147026	0.00081
-0.0081	-0.1465	0.0942	0.004562290664713178	-0.0012199851471440364	0.000947713783832921	1.32076764	28.52280235	0.98385355	0.02799557428756428	0.0162892	0.00173
-0.0088	-0.1721	0.0876	0.004380776422505768	-0.001155407964820246	0.0009093165402890458	1.26702368	27.36216927	1.00547384	0.04712443340375381	0.0160317	0.00157
-0.0071	-0.1944	0.0899	0.004471533543609472	-0.001256637061435917	0.0008621926504851988	1.24082696	26.7964344	0.99396009	0.03825550537616111	0.0166725	0.00182
-0.0076	-0.1689	0.1479	0.004731587602156627	-0.0013753194505715315	0.0008307767239493009	1.23622346	26.69701767	1.04810436	0.10450761871093336	0.0163896	0.00194
-0.006	-0.1744	0.2083	0.004773475504204492	-0.0015271630954950383	0.0010978120995044332	1.10601664	23.88512039	1.00774093	0.0905383461263252	0.015911	0.00263
-0.005	-0.1935	0.2078	0.005120796025351363	-0.0016231562043547262	0.0011990411961201044	0.98257011	21.21921539	0.94201762	0.04782713633111152	0.0155944	0.0024
-0.0057	-0.1681	0.2062	0.0054768431927582064	-0.0015865042900628454	0.001129228026040331	1.05517137	22.78708458	0.97352745	0.050825612588924915	0.0153376	0.00224
-0.005	-0.2458	0.1951	0.0057142079710294355	-0.0015690509975429022	0.0012409290981679683	1.10460806	23.85470009	1.00090928	0.10782595714594045	0.0145745	0.0017
-0.0076	-0.1261	0.1797	0.005749114556069322	-0.0015585790220309364	0.001022762941668677	1.20588291	26.04179573	1.06052836	0.1508772358525572	0.0140902	0.00138
-0.0107	-0.1377	0.1513	0.005895722213236845	-0.0015882496193148398	0.001117010721276371	1.53089285	33.06058884	0.99458809	0.056626301702956	0.0132769	0.00122
-0.006	-0.1733	0.1449	0.005988224663592545	-0.0014276793281313615	0.0012060225131280816	1.41180956	30.48890877	1.01027715	0.06380422666954445	0.013798	0.00102
-0.0047	-0.1872	0.1437	0.005953318078552658	-0.001382300767579509	0.001265363707695889	1.24493635	26.88517761	0.99153491	0.023381317007977322	0.0139235	0.00116
-0.0068	-0.1428	0.1508	0.005646140130201657	-0.0012479104151759456	0.0012479104151759456	1.20866776	26.10193634	0.99858562	0.0765510796637254	0.0141532	0.00128
-0.0063	-0.1406	0.1409	0.005478588522010201	-0.0013124875974997359	0.001228711793404008	1.08720994	23.4789772	0.96390024	0.02516637061435917	0.0128871	0.00064
-0.0014	-0.1374	0.1206	0.005344198169606637	-0.0012897983172238095	0.001254891732183923	1.2412672	26.80594063	0.96214324	0.03756297857297026	0.0119913	0.00051
0.0012	-0.1801	0.1265	0.005504768460790115	-0.0014364059743913332	0.0011990411961201044	1.32062984	28.51982689	1.03602657	0.06935142422074105	0.012447	0.00063
-0.0019	-0.1026	0.1554	0.0056635934227216	-0.001296779634231787	0.0013212142437597075	1.44361484	31.17576408	1.17084511	0.1305312174865317	0.01444	0.0013
0.0048	-0.1519	0.1253	0.006243042734383717	-0.000726056968829641	0.0013055062804917586	1.40347028	30.30881691	1.09240466	0.14439399701661063	0.0130045	0.00111
0.001	-0.1735	0.1265	0.006150540284028017	-0.0009180431865490173	0.0011885692206081383	1.23962474	26.77046967	1.06011342	0.04667128639793483	0.0107602	0.00064
0.0008	-0.2042	0.11	0.006017895260876448	-0.0010122909661567112	0.0012025318546240932	1.1260891	24.31859779	1.07312878	0.059442771838760886	0.0133446	0.00134
0.0017	-0.1641	0.0687	0.005433209961458348	-0.0008203047484373349	0.0012356931104119853	1.09713805	23.69338226	1.03727855	0.12279163864626838	0.0157849	0.0022
0.0008	-0.1239	0.0525	0.004942772441647941	-0.0009302604913129776	0.0014782938764391971	1.17482197	25.37101555	1.10106529	0.09944970143566308	0.0149441	0.00118
0.0001	-0.1658	0.0549	0.004588470603493092	-0.0008831366015091308	0.0016057029118347831	1.14939487	24.82189941	1.00123552	0.07144173816771408	0.0152392	0.00109
-0.003	-0.1606	0.1272	0.004654793115068877	-0.0011257373675363424	0.0018500490071139892	1.2122997	26.18037033	1.03255234	0.10826346864411016	0.0145866	0.00156
-0.0055	-0.1553	0.1247	0.0050789081233034985	-0.0011798425743481666	0.002001892652037496	1.16729009	25.20835876	1.02015481	0.04180319299849761	0.0134492	0.00119
-0.0016	-0.228	0.1024	0.005318018230826722	-0.001155407964820246	0.001998401993533507	1.15094411	24.85535622	1.04657839	0.11225176877775667	0.0123578	0.00106
-0.0017	-0.1884	0.0669	0.005319763560078716	-0.0011065387457644049	0.0018483036778619948	1.26440632	27.30564499	1.06969251	0.08523564319896737	0.0131778	0.00065
0.0023	-0.1242	0.0426	0.005246459731494954	-0.0011623892818282235	0.0016790067404185449	1.31168747	28.32670975	1.0968742	0.10742256510455152	0.0153017	0.0007
-0.002	-0.0906	0.0236	0.005235987755982988	-0.0010175269539126942	0.001785471824790199	1.23889458	26.75470161	1.03299016	0.06998996938995748	0.0140423	0.00038
-0.0057	-0.1376	0.0799	0.004988151002199794	-0.0011152653920243766	0.0016790067404185449	1.24132645	26.80722046	1.03794609	0.12960201381332656	0.0122637	0.00035
-0.0034	-0.1375	0.1542	0.005061454830783556	-0.001467821900927231	0.0019268434942017398	1.34754467	29.1010704	1.02006007	0.11038485456349056	0.0113266	0.0008
-0.004	-0.1536	0.1562	0.005483824509766183	-0.0014870205226991688	0.002007128639793479	1.14104986	24.64168549	0.94716368	0.04479267231731521	0.0101826	0.00025
-0.0016	-0.187	0.1494	0.005883504908472884	-0.0014835298641951804	0.001912880860185785	1.11425269	24.06298256	0.98249989	0.06747094184091917	0.0104225	0.00051
-0.0043	-0.1802	0.1219	0.005995205980600523	-0.0014974924982111347	0.001748819910498318	1.02637351	22.1651783	0.95173547	0.05148623279155301	0.0112968	0.00099
-0.0032	-0.1543	0.1006	0.0055920349233898325	-0.001408480706359424	0.0016406094968746698	1.09707522	23.69202423	1.00392946	0.07831966313430248	0.0130755	0.00148
-0.0022	-0.1047	0.1824	0.005770058507093254	-0.0017174039839624202	0.0016964600329384882	1.17894864	25.4601326	1.09608616	0.1595398698685118	0.0138533	0.00306
-0.0009	-0.19	0.1846	0.0059358647860327145	-0.0019093902016817967	0.001837831702350029	1.13806391	24.57720184	1.03285533	0.11375820830351883	0.0148062	0.00419
0.0005	-0.2415	0.1458	0.00626049602690366	-0.001780235837034216	0.001837831702350029	1.26558971	27.33119965	1.01149129	0.11438928027592626	0.0146686	0.0026
-0.0019	-0.2015	0.1042	0.006473426195646968	-0.0016912240451825054	0.0018256143975860688	1.11511648	24.08163643	0.98172615	0.09970796326794897	0.0147789	0.00217
-0.0003	-0.1832	0.0566	0.005948082090796675	-0.0015917402778188286	0.0018133970928221085	1.08906186	23.51897049	1.03045946	0.09935225884889651	0.0156139	0.00228
0.0026	-0.1556	0.0364	0.006049311187412347	-0.0015446163880149814	0.0019093902016817967	1.55672491	33.61844635	1.0940432	0.06291730476396036	0.0174936	0.00242
-0.0003	-0.1368	0.0827	0.006375687757535285	-0.0017331119472303693	0.0018744836166419098	1.46006942	31.53111076	1.11214407	0.09548893571891062	0.0146088	0.0014
-0.0006	-0.1016	0.1067	0.005799729104377157	-0.0016458454846306526	0.001973967384005587	1.42047465	30.67603683	1.0601558	0.09763544415607613	0.0146058	0.0015
0.0003	-0.1148	0.1143	0.006061528492176306	-0.0017505652397503124	0.0020664698343612863	1.18135428	25.51208305	1.00372408	0.044651079663725377	0.0121234	0.00154
0.0059	-0.1587	0.115	0.006255260039147678	-0.0015917402778188286	0.0020682151636132805	1.45681596	31.46084976	1.04878534	0.06791509190774249	0.0104681	0.0007
0.0073	-0.1555	0.1169	0.006290166624187564	-0.0015271630954950383	0.0020769418098732523	1.28354716	27.71900368	0.99730912	0.011910520681182452	0.00978816	0.00026
0.0061	-0.1041	0.1018	0.006181956210563915	-0.0014067353771074296	0.002155481626212997	1.19537258	25.81481743	0.98951266	0.08305889741755014	0.0106395	0.00033
0.0064	-0.1189	0.0885	0.005958554066308641	-0.0013456488532876281	0.0019792033717615696	1.16794634	25.22253227	1.00046833	0.051438346126325155	0.0106458	0.00035
0.0089	-0.1718	0.1503	0.005989969992844539	-0.0016057029118347831	0.002078687139125246	1.16462314	25.15076447	1.0135019	0.13674768762233644	0.00942397	0.00023
0.0064	-0.1396	0.1787	0.006085963101704227	-0.001790707812546182	0.0022165681500327986	1.15098643	24.85627174	0.99668251	0.08404395102393201	0.00910079	0.00029
0.0099	-0.1319	0.1599	0.006194173515327876	-0.0016388641676226754	0.0022218041377887812	1.13279605	24.46343803	0.94836595	0.0432645023151569	0.00958335	0.00047
0.0112	-0.1467	0.1432	0.006347762489503377	-0.001579522973054868	0.0022060961745208325	1.05425835	22.76736832	0.94218156	0.04423190660056285	0.00995272	0.00033
0.0125	-0.1983	0.1301	0.006632251157578452	-0.0015812683023068625	0.0021572269554649913	1.13867939	24.59049416	0.98718152	0.08275516081914552	0.00952744	0.00041
0.012	-0.1113	0.1114	0.00676838683923401	-0.0014800392056911916	0.0022759093446006054	1.16247416	25.10435677	1.00771692	0.12400235837034217	0.0102602	0.00026
0.0133	-0.1478	0.1257	0.0064280476350951155	-0.0014974924982111347	0.0022636920398366456	1.16001236	25.05119133	1.00385656	0.07060049007113986	0.010017	0.00036
0.0141	-0.1546	0.1732	0.006302383928951523	-0.001562069680534925	0.002436479635784084	1.20826626	26.09326553	1.03762176	0.07325142422074102	0.00991517	0.00033
0.0122	-0.1884	0.1447	0.006190682856823887	-0.001583013631558857	0.00243473430653209	1.02071655	22.04301262	0.95998509	0.07091951762017809	0.00942409	0.00022
0.0073	-0.1501	0.1063	0.006255260039147678	-0.0014451326206513049	0.0023876104167282427	1.00956321	21.80214882	0.950947	0.09407910415175949	0.00938708	0.00029
0.0084	-0.1505	0.0573	0.006031857894892403	-0.0013194689145077131	0.0023160519173964756	1.06128502	22.91911316	0.95560392	0.07153121748653167	0.010939	0.00054
0.0115	-0.192	0.0351	0.005900958200992828	-0.0012042771838760874	0.0022078415037728267	1.1562103	24.96908379	1.00848333	0.08451509190774249	0.0117702	0.00051
0.0055	-0.1187	0.108	0.005789257128865191	-0.0014172073526193955	0.0022026055160168437	1.14043283	24.62835884	1.04656923	0.1686933614313464	0.0115561	0.00044
0.0064	-0.0908	0.1332	0.005916666164260778	-0.0015865042900628454	0.0024137903555081575	1.26218879	27.25775528	0.95177796	0.07939454061651753	0.011543	0.00071
0.0096	-0.1603	0.1026	0.006120869686744114	-0.0015481070465189703	0.0024434609527920616	1.12567341	24.3096199	0.98273943	0.11691356816555576	0.0104811	0.00036
0.0135	-0.1976	0.0753	0.006379178416039275	-0.001593485607070823	0.0022933626371205488	1.21280646	26.1913147	0.98211373	0.09118928027592632	0.0104418	0.00025
0.0146	-0.0745	0.0277	0.006358234465015343	-0.0015515977050229591	0.0021170843826691216	1.27762902	27.59119606	1.06760586	0.1837555053761612	0.0126911	0.00048
0.0208	-0.1473	0.0052	0.005679301385989549	-0.0014695672301792255	0.0019093902016817967	1.31026375	28.29596329	1.07130946	0.1499328867428426	0.0132133	0.00057
0.0196	-0.1778	0.1248	0.006019640590128442	-0.0019041542139258136	0.002022836603061428	1.29814029	28.03415108	1.14945803	0.1957186294632557	0.00956374	0.00036
0.0161	-0.1501	0.1552	0.006466444878638991	-0.002097885760897184	0.0023352505391684127	1.38283885	29.8632679	1.09802649	0.1092474885794452	0.0110088	0.00116
0.0151	-0.1595	0.1533	0.006592108584782582	-0.002008873969045473	0.0023527038316883565	1.32499397	28.6140728	0.97912975	0.023906439525762303	0.00903416	0.00031
0.0156	-0.1657	0.1561	0.006668903071870333	-0.001891936909161853	0.0024678955623199817	1.14849484	24.80246353	0.97823879	0.0249461638801498	0.00936669	0.00028
0.0119	-0.1604	0.1255	0.0063058745874555126	-0.0019355701404617114	0.0022235494670407763	1.10646331	23.89476585	0.99360543	0.07215039054969417	0.00941902	0.00023
0.0016	-0.1673	0.0986	0.005626941508429718	-0.0016667894356545846	0.002171189589480946	1.07060862	23.12046242	0.98659312	0.0941036830696376	0.0110508	0.00042
-0.0039	-0.1972	0.0809	0.005274384999526864	-0.0017575465567582897	0.001970476725501598	1.10836256	23.93578148	1.02377781	0.08530132469929533	0.0114334	0.00045
-0.0054	-0.1661	0.1536	0.0057264252757933945	-0.002239257430308725	0.0021153390534171274	1.15575981	24.95935631	1.0606942	0.1592306738866247	0.0101832	0.00048
-0.0048	-0.1572	0.1437	0.005982988675836561	-0.002178170906488923	0.0022933626371205488	1.03809607	22.41833305	0.97337583	0.04418367537831948	0.00999105	0.00032
0.0029	-0.2377	0.111	0.00601091394386847	-0.002090904443889207	0.0023998277214922034	1.01114273	21.83625984	0.95710494	0.13198284075016395	0.009992	0.00035
0.0024	-0.205	0.0814	0.00622035345410779	-0.0020594885173533086	0.002333505209916419	1.04294562	22.52306175	0.94278566	0.07815889741755014	0.0101041	0.00026
0.0062	-0.2102	0.0553	0.005989969992844539	-0.0020001473227855013	0.0021851522234969008	1.13059378	24.4158783	0.95178012	0.05700388211252884	0.0107056	0.00031
0.0082	-0.1551	0.0379	0.005904448859496816	-0.0020263272615654165	0.002169444260228951	1.35687482	29.30256081	0.97925569	0.08087045176977938	0.0117536	0.00079
0.0087	-0.1769	0.0429	0.005832890360165049	-0.0021170843826691216	0.002005383310541485	1.23695791	26.71287918	0.99791804	0.04361882850614694	0.0125986	0.00116
0.0032	-0.1769	0.154	0.006122615015996109	-0.00272096830385916	0.0018744836166419098	1.49085093	32.195858	1.12075882	0.16782541354603364	0.0108975	0.00032
-0.0002	-0.1471	0.1825	0.006309365245959501	-0.00277332818141899	0.0019058995431778078	1.15800679	25.00788116	1.00240966	0.075226301702956	0.0107643	0.00048
0.0022	-0.1876	0.1707	0.00648215284190694	-0.0025446900494077327	0.001980948701013564	1.11372066	24.0514946	0.97045154	0.07852374428972261	0.0100356	0.00039
-0.0017	-0.1791	0.1528	0.006201154832335853	-0.002389355745980237	0.0018622663118779497	1.06080902	22.90883446	0.95691867	0.05805073510670981	0.00970238	0.00032
-0.0057	-0.1337	0.1362	0.0060632738214283005	-0.002331759880664424	0.0019408061282176943	1.09883797	23.730093	0.99866538	0.07970083462815555	0.0103677	0.00017
-0.0046	-0.1272	0.135	0.005770058507093254	-0.002141518992197042	0.0019792033717615696	1.05947864	22.88010216	0.95979718	0.03489267231731514	0.00987214	0.00041
-0.0033	-0.1497	0.1498	0.005544911033585984	-0.0022968532956245376	0.001956514091485643	1.2143774	26.2252388	0.9881923	0.05875855286053456	0.0100374	0.00035
-0.0076	-0.1073	0.181	0.005293583621298802	-0.002438224965036078	0.0020629791758572974	1.12844658	24.36950874	0.99272109	0.10285820830351886	0.0101796	0.00042
-0.0075	-0.1303	0.1521	0.005450663253978291	-0.0023527038316883565	0.0020734511513692635	1.00563991	21.71742249	0.92500987	0.06465363707695884	0.00987434	0.00039
-0.0012	-0.1862	0.1219	0.005815437067645105	-0.0020472712125893483	0.002092649773141201	1.0451591	22.57086372	0.97559164	0.126870252726888	0.0101982	0.00028
-0.0008	-0.2026	0.0943	0.005787511799613196	-0.0019146261894377795	0.0021991148575128553	1.14049911	24.62979126	0.98438627	0.0577517687777566	0.0104416	0.00038
-0.0024	-0.1319	0.071	0.005679301385989549	-0.0018081611050661253	0.0022497294058206906	1.13757157	24.56656837	0.98547614	0.10886450231515687	0.010731	0.00029
0.0008	-0.0885	0.0698	0.005558873667601939	-0.0019216075064457567	0.002228785454796759	1.13941145	24.60630226	0.98021625	0.06054090353955865	0.0115659	0.00033
0.0055	-0.2042	0.1546	0.00560774288665778	-0.002234021442552742	0.0023963370629882146	1.20540881	26.03155708	1.0825053	0.23164173816771408	0.00939596	0.00028
0.0062	-0.167	0.1871	0.005818927726149094	-0.0022200588085367874	0.0024609142453120045	1.16726995	25.20792389	0.99838494	0.0848862327915529	0.00970876	0.00041
0.0099	-0.1364	0.1652	0.005934119456780722	-0.0020717058221172693	0.0026319565120074486	1.10975122	23.96577072	0.96737825	0.07792934918732951	0.00968182	0.00039
0.0093	-0.1633	0.1375	0.005956808737056647	-0.0019879300180215415	0.0025028021473598684	1.09262598	23.59594154	0.98269079	0.06698097245096167	0.00991398	0.00028
0.0091	-0.1973	0.1019	0.005527457741066041	-0.0018867009214058703	0.002384119758224254	1.13173521	24.44052887	0.98213195	0.10226312408709456	0.0106876	0.00031
0.0112	-0.2019	0.072	0.005455899241734273	-0.0017331119472303693	0.0023492131731843676	1.29121459	27.88458633	0.99569869	0.04960270292735776	0.0107853	0.00035
0.0124	-0.1538	0.144	0.005447172595474302	-0.002097885760897184	0.002281145332356589	1.28194523	27.68440819	1.07655486	0.1433784150377282	0.011447	0.0009
0.0175	-0.1606	0.1846	0.005831145030913055	-0.0022462387473167022	0.0025062928058638572	1.35232711	29.20434952	1.08940369	0.09037364476827699	0.0104725	0.00047
0.0175	-0.2388	0.1691	0.005916666164260778	-0.002165953601724963	0.0023876104167282427	1.08585107	23.44963264	0.99754751	0.10792443340375382	0.00951105	0.00044
0.0141	-0.1918	0.1521	0.006379178416039275	-0.002033308578573394	0.002333505209916419	1.06612754	23.02369118	0.95552557	0.09986312408709452	0.00908959	0.00022
0.011	-0.096	0.1033	0.006747442888210078	-0.0016964600329384882	0.002150245638457014	1.19803512	25.87231636	1.04288107	0.19211862946325567	0.0103102	0.00042
0.0122	-0.1785	0.0359	0.0072954762733362976	-0.0015882496193148398	0.002097885760897184	1.4143405	30.54356575	1.13432057	0.1865301838154849	0.0123007	0.00151
0.0085	-0.1513	0.0098	0.008026769229921921	-0.0015917402778188286	0.0018814649336498872	1.45098805	31.33499336	1.1669361	0.10456022211684549	0.0117261	0.00087
0.0101	-0.0965	0.1147	0.007803367085666647	-0.0016179202165987434	0.002261946710584651	1.25042439	27.00369644	1.12206184	0.19280319299849763	0.00928348	0.00036
0.0105	-0.2363	0.0917	0.0075991635631833115	-0.0015481070465189703	0.0023527038316883565	1.23021305	26.56721878	1.09282448	0.18143869068334076	0.00946409	0.00051
0.0125	-0.2204	0.0435	0.007936012108818216	-0.0015760323145508795	0.0023596851486963333	1.02941096	22.23077202	0.9718817	0.08468775653373951	0.00907165	0.00038
0.0185	-0.1475	-0.0001	0.007668976733263084	-0.001499237827463129	0.0022898719786165604	1.07292008	23.17037964	0.99230362	0.14318215163613277	0.0118048	0.00064
0.0136	-0.1213	-0.0359	0.007250097712784445	-0.0015481070465189703	0.002336995868420407	1.18186355	25.52308273	1.04912739	0.09264360646691631	0.0137799	0.00076
0.0182	-0.163	-0.0322	0.006778858814745977	-0.0013735741213195373	0.002303834612632515	1.3030473	28.14012146	1.05408864	0.08394665395128965	0.0127883	0.00045
0.0158	-0.2515	0.1034	0.007642796794483169	-0.0018465583486100008	0.002462659574563999	1.37288296	29.64826584	1.19604528	0.3012873584479569	0.0096752	0.0006
0.0129	-0.1721	0.1244	0.008222246106145286	-0.001912880860185785	0.00243473430653209	1.13246489	24.45628738	1.05138719	0.13698485456349052	0.00888497	0.00063
0.0178	-0.1781	0.0991	0.00830427658098902	-0.0019355701404617114	0.0024591689160600103	1.22456539	26.44525528	0.98983882	0.04265771823237904	0.00897002	0.00022
0.0163	-0.159	0.064	0.008237954069413234	-0.001895427567665842	0.0022759093446006054	1.06372106	22.97172165	0.98454314	0.070186232791553	0.00937092	0.00038
0.0157	-0.1818	0.0394	0.008011061266653973	-0.0017278759594743865	0.0022113321622768156	1.03135777	22.2728157	0.97554975	0.07095107966372531	0.00891161	0.00038
0.0126	-0.0765	0.0469	0.007613126197199265	-0.001706932008450454	0.0022008601867648495	1.32748747	28.66792107	1.04562928	0.1373675497995303	0.0101095	0.00058
0.0119	-0.0958	0.1301	0.007581710270663368	-0.002038544566329377	0.00244695161129605	1.30589283	28.20157051	1.06398028	0.13365599544730103	0.00918323	0.00032
0.0146	-0.1205	0.1313	0.007826056365942573	-0.002054252529597326	0.002583087292951608	1.00283539	21.65685654	0.92060975	0.0484094870101356	0.0085218	0.00033
0.0149	-0.2376	0.1381	0.00840550567760469	-0.002078687139125246	0.0025778513051956248	1.05320382	22.74459457	0.98791716	0.15465599544730105	0.0077551	0.00032
0.0172	-0.1889	0.1291	0.008908160502179057	-0.002155481626212997	0.0024870941840919192	1.15709674	24.98822784	0.99266927	0.09351032163829116	0.00959969	0.00049
0.0133	-0.1732	0.075	0.008637634468119937	-0.0019373154697137059	0.0024399702942880727	1.07221127	23.15507317	0.99231817	0.10049080401811292	0.00808865	0.00019
0.0133	-0.2135	0.0192	0.008114035692521638	-0.0017278759594743865	0.0023544491609403502	1.16772759	25.21780777	0.98129038	0.13702797095926705	0.00912404	0.00048
0.0147	-0.1813	0.0123	0.007923794804054257	-0.0017121679962064373	0.002261946710584651	1.23122525	26.5890789	1.00969312	0.05542256510455146	0.0101778	0.00025
0.0107	-0.1721	0.114	0.0078103484026746245	-0.0019617500792416262	0.0024748768793279594	1.26411259	27.29930115	1.09776975	0.14369793265790648	0.0088414	0.00036
0.0113	-0.2045	0.1265	0.007995353303386023	-0.0019861846887695473	0.002642428487519415	1.20378363	25.99645996	1.04437731	0.06434955592153875	0.00886357	0.00031
0.0145	-0.222	0.093	0.008496262798708396	-0.0018762289458939042	0.0026319565120074486	1.13549471	24.52171898	0.98617026	0.0852668606854991	0.00829488	0.00022
0.0149	-0.138	0.0597	0.008475318847684463	-0.001726130630222392	0.0023771384412162766	1.05964804	22.88376045	0.9763113	0.13899301687433077	0.0089438	0.00022
0.0155	-0.1188	0.0667	0.008169886228585457	-0.0015393804002589986	0.0024242623310201236	1.04792356	22.63056374	0.9417247	0.05376533694331232	0.00928289	0.00031
0.0161	-0.1544	0.0521	0.007936012108818216	-0.0014660765716752368	0.002305579941884509	1.17921543	25.4658947	0.98377219	0.0720930168743309	0.00919443	0.00033
0.0229	-0.1742	0.1372	0.008323475202760958	-0.0019006635554218248	0.0026022859147235454	1.35204899	29.19834328	1.07038101	0.1676378025264183	0.00884515	0.00031
0.0268	-0.1363	0.1738	0.008192575508861382	-0.001980948701013564	0.002707005669843205	1.16285658	25.11261368	0.98483511	0.09419522973054872	0.0087797	0.00032
0.0303	-0.1943	0.132	0.008400269689848708	-0.0018081611050661253	0.002754129559647052	1.05257535	22.73102188	0.96746488	0.12468028333693056	0.00766313	0.00015
0.0303	-0.2202	0.1119	0.008595746566072072	-0.0017470745812463236	0.0027925268031909274	1.04947579	22.66408539	0.93673562	0.060748032179352096	0.00792211	0.00022
0.0308	-0.1821	0.1175	0.008787732783791448	-0.0015341444125030156	0.0030630528372500485	1.15406179	24.92268562	1.03337704	0.0779721210260902	0.00943756	0.00033
0.0253	-0.1548	0.0847	0.007646287452987157	-0.0009389871375729493	0.0030316369107141502	1.13724518	24.55952072	0.99002599	0.15400092661351275	0.0096963	0.00042
0.0224	-0.1835	0.082	0.007098254067860938	-0.0009913470151327792	0.0030281462522101614	1.10898554	23.94923592	0.98789873	0.06449419605950188	0.00880569	0.00025
0.0201	-0.1518	0.1574	0.007377506748180031	-0.0014189526818713899	0.003078760800517997	1.26799285	27.3830986	1.0264184	0.14727364476827695	0.00935185	0.00051
0.0166	-0.1855	0.1391	0.00753458638085952	-0.0013700834628155487	0.003106686068549906	1.1092751	23.95549011	0.95812283	0.06719370598836201	0.00889933	0.00045
0.0155	-0.2026	0.0969	0.007557275661135446	-0.0012339477811599909	0.0029827676916583086	1.0569756	22.8260498	0.96017104	0.07453716694115406	0.00819522	0.00022
0.0178	-0.1995	0.0493	0.007466518540031742	-0.001382300767579509	0.0026825710603152844	1.03974795	22.4540081	0.94441985	0.07996533694331234	0.00930011	0.00048
0.0228	-0.1643	0.0057	0.007314674895108234	-0.001446877949903299	0.0024434609527920616	1.16202199	25.09459114	0.98023099	0.10657654673852603	0.0113845	0.00068
0.023	-0.12	0.0151	0.007038912873293131	-0.00147131255943122	0.002309070600388498	1.20655406	26.05628777	1.00723612	0.07562934918732937	0.0114589	0.00045
0.0242	-0.1453	0.1301	0.007773696488382744	-0.0018238690683340744	0.0025603980126756814	1.30888188	28.26612282	1.15800447	0.20843337681398252	0.00944108	0.00057
0.0284	-0.192	0.1354	0.007993607974134028	-0.001801179788058148	0.0027872908154349444	1.19939744	25.90173721	1.02064792	0.07967467843932366	0.00956374	0.00039
0.0308	-0.2299	0.1417	0.008318239215004974	-0.0018622663118779497	0.0027960174616949163	1.16831756	25.23054695	0.99433951	0.06632222054753593	0.00921834	0.00035
0.0324	-0.1972	0.1481	0.008513716091228338	-0.0018413223608540175	0.0027977627909469105	1.16945744	25.25516319	1.05437286	0.051608307824964575	0.0100627	0.00033
0.031	-0.1907	0.1393	0.008717919613711676	-0.0018291050560900572	0.00277332818141899	1.08905458	23.51881409	1.00956294	0.028742771838760915	0.00838631	0.00023
0.0316	-0.1737	0.1229	0.008740608893987603	-0.0016632987771505957	0.0028326693759867967	1.29879832	28.04836082	1.03047461	0.04639183768915979	0.00975806	0.00079
0.0326	-0.1755	0.1025	0.008772024820523501	-0.0016458454846306526	0.002713986986851182	1.35972023	29.36400795	1.06649736	0.031577580409572786	0.00975835	0.00038
0.0334	-0.1729	0.0841	0.008346164483036884	-0.001424188669627373	0.0026302111827554544	1.22849786	26.53017807	1.01917142	0.05836464782928122	0.008959	0.00031
0.0273	-0.1451	0.1647	0.008206538142877338	-0.0017976891295541592	0.002782054827678961	1.185799	25.60807037	1.04610684	0.14774852225049198	0.00880712	0.0002
0.0269	-0.1798	0.1615	0.008363617775556827	-0.00182212373908208	0.0028815385950426383	1.01250279	21.8656292	0.94391727	0.05234990047855437	0.00832683	0.00022
0.0291	-0.2189	0.1149	0.008447393579652554	-0.0016702800941585732	0.0028902652413026098	1.10034144	23.7625618	1.00584248	0.10011730476396027	0.00983751	0.00103
0.0312	-0.1942	0.0771	0.00817163155783745	-0.00147131255943122	0.0028780479365386495	1.09051108	23.55026817	1.02442863	0.08894734306532089	0.00911552	0.00049
0.0314	-0.2113	0.0543	0.008093091741497705	-0.0013439035240356337	0.002898991887562581	1.0334053	22.31703377	0.93016693	0.051444640137963085	0.00907338	0.00039
0.0318	-0.1941	0.0379	0.008063421144213804	-0.0013840460968315032	0.002829178717482808	1.06656444	23.03312492	0.95236556	0.040981317007977205	0.00949746	0.00047
0.0317	-0.1915	0.064	0.007813839061178614	-0.00147131255943122	0.0027838001569309555	1.16876245	25.24015427	0.99034507	0.047911355309337926	0.00991315	0.00049
0.0341	-0.2168	0.1488	0.00819955682586936	-0.001811651763570114	0.0029059732045705585	1.62580478	35.11027145	1.08414367	0.15491150082346208	0.00992513	0.00115
0.0334	-0.1528	0.1341	0.00834441915378489	-0.0017872171540421933	0.0029146998508305304	1.22991109	26.56069946	1.03062086	0.08830117918517116	0.0108681	0.00137
0.0431	-0.1963	0.1118	0.008721410272215664	-0.001726130630222392	0.0027192229746071652	1.36206114	29.41456032	0.99583888	0.10717772592369704	0.00963753	0.00039
0.0467	-0.197	0.0919	0.008515461420480335	-0.0016231562043547262	0.002535963403147761	1.23435748	26.65672112	1.00278039	0.048809142453119965	0.00902605	0.00025
0.0453	-0.1772	0.0749	0.008192575508861382	-0.0015079644737231008	0.002570869988187647	1.2008574	25.93326569	1.00655543	0.06184921136452321	0.00910991	0.00029
0.0406	-0.1443	0.0807	0.007569492965899406	-0.0013910274138394805	0.00249931148885588	1.17508745	25.37674904	0.9847799	0.08397890510886817	0.00935203	0.00039
0.0382	-0.1202	0.1359	0.0070685834705770355	-0.0015184364492350666	0.0026267205242514655	1.44565225	31.2197628	1.05741898	0.11948637830567713	0.00963187	0.00073
0.0282	-0.1428	0.1923	0.00721170046924057	-0.0018849555921538759	0.002848377339254746	1.36777163	29.53788185	1.00791214	0.1255646478292812	0.00883675	0.00019
0.0241	-0.1554	0.1759	0.007354817467904104	-0.0017243853009703976	0.0028623399732707008	1.08833623	23.50329971	0.99592966	0.048982496193148366	0.0108856	0.00054
0.0223	-0.1596	0.1421	0.007122688677388859	-0.0015655603390389136	0.0027593655474030345	1.08580804	23.44870377	1.03689244	0.06449640891571974	0.00870705	0.00045
0.0235	-0.1721	0.1082	0.007335618846132167	-0.001446877949903299	0.002764601535159018	1.02938044	22.23011398	0.97857494	0.06444242728174533	0.00933391	0.00057
0.0276	-0.1626	0.0719	0.007435102613495844	-0.00147131255943122	0.002649409804527392	1.27175546	27.46435356	1.13261496	0.0618555053761612	0.0116029	0.00095
0.0311	-0.148	0.0482	0.0072291537617605135	-0.0014486232791552935	0.0027192229746071652	1.1902709	25.70464325	1.01088552	0.05672256510455154	0.0116288	0.00049
0.0338	-0.1873	0.0779	0.007201228493728604	-0.0014119713648634124	0.002775073510670984	1.20424831	26.00649452	1.01844207	0.07772138591938048	0.0105125	0.00054
0.0375	-0.185	0.1518	0.007592182246175334	-0.0015428710587629874	0.0029269171555944902	1.31524694	28.40357971	1.05999324	0.11358485456349056	0.01163	0.00099
0.0382	-0.1408	0.1268	0.007663740745507101	-0.0015481070465189703	0.002963569069886372	1.17377496	25.34840393	1.00926906	0.07557232006898158	0.0108303	0.00089
0.0384	-0.1599	0.1033	0.00808261976598574	-0.0015446163880149814	0.0030124382889422127	1.17091227	25.28658295	1.01719944	0.06636194490192336	0.0096091	0.0007
0.0413	-0.1845	0.0935	0.008033750546929898	-0.001541125729510993	0.0029443704481144336	1.34577572	29.06286812	1.04163187	0.04332138591938046	0.00979948	0.00038
0.0427	-0.1568	0.0898	0.007890633548266364	-0.0014014993893514465	0.0028309240467348025	1.10127795	23.78278542	0.95830006	0.05260948701013558	0.00818503	0.00031
0.0317	-0.0935	0.0381	0.007141887299160796	-0.0008674286382411819	0.002441715623540067	1.25502181	27.10298157	1.0895533	0.2096012711705284	0.0117203	0.00093
0.0184	-0.1197	-0.1884	0.00867079572390783	-0.0006492624817418905	0.002356194490192345	1.79250109	38.71018219	1.4697018	0.3576297857297024	0.0231454	0.01285
0.0059	-0.0794	-0.0753	0.007311184236604247	-0.0007853981633974483	0.0021327923459370708	1.60750437	34.71506119	1.2755883	0.25185746566072076	0.0175657	0.00341
-0.0018	-0.0805	0.0471	0.00782082037818659	-0.0013543754995475996	0.002452187599052033	1.26689446	27.35937881	1.19192925	0.2011004365423729	0.0109718	0.00048
-0.0023	-0.155	0.0604	0.007679448708775049	-0.0011798425743481666	0.0024050637092481865	1.12907147	24.38300323	1.00112692	0.10645142422074103	0.00881302	0.00023
0.0009	-0.2251	0.0464	0.007452555906015787	-0.0009424777960769379	0.0022706733568446224	1.11533093	24.08626747	0.97803519	0.11723239667170272	0.00930506	0.00049
-0.0021	-0.1763	0.014	0.007506661112827611	-0.0008517206749732328	0.002186897552748895	1.02969933	22.23700142	0.95119448	0.0956319066005628	0.0100228	0.00048
0.0031	-0.1197	-0.0243	0.007353072138652111	-0.0006475171524898963	0.0022183134792847924	1.32558692	28.62687874	1.06866614	0.11956042115973672	0.0136672	0.00095
0.0068	-0.1992	-0.0448	0.007209955139988575	-0.0007993607974134029	0.0021799162357409173	1.31431329	28.38341713	1.07314624	0.12036789435654588	0.0132207	0.00067
0.011	-0.139	-0.0425	0.007222172444752536	-0.0007592182246175333	0.00222529479629277	1.2320019	26.60585022	0.99644025	0.07158692190558412	0.0134006	0.00057
0.0161	-0.1895	-0.0507	0.007347836150896126	-0.0008429940287132613	0.002230530784048753	1.59454823	34.43526459	1.01376255	0.07453377489976505	0.01422	0.00186
0.0214	-0.1441	0.0031	0.007367034772668065	-0.0009721483933608416	0.0021676989309769574	1.66149306	35.88098145	1.07793576	0.11505924197456573	0.0134165	0.00077
0.0193	-0.1761	0.111	0.007853981633974483	-0.0014224433403753785	0.00239459173373622	1.43937087	31.08411217	1.19613384	0.2002067305540109	0.0104926	0.00029
0.0191	-0.1839	0.123	0.008127998326537593	-0.0015114551322270892	0.0024556782575560214	1.0660603	23.02223969	0.97834417	0.04120575041173108	0.0101089	0.00041
0.0199	-0.1699	0.1044	0.008299040593233036	-0.0013665928043115599	0.0023020892833805202	1.07109916	23.13105583	0.94947855	0.056874678439323686	0.0097056	0.00051
0.0182	-0.182	0.0841	0.008391543043588736	-0.001296779634231787	0.0020315632493213996	1.06116831	22.91659355	0.96855817	0.0557420827247297	0.00945604	0.00044
0.0203	-0.1634	0.0557	0.008597491895324067	-0.0012932889757277981	0.002061233846605303	1.08502662	23.43182755	1.0108415	0.061055505376161154	0.00986159	0.00054
0.0224	-0.18	0.0121	0.008656833089891874	-0.0012025318546240932	0.0020996310901491783	1.24045813	26.78846741	1.02135961	0.07172477796076936	0.0102496	0.00042
0.0251	-0.1846	0.0486	0.008908160502179057	-0.0014922565104551516	0.0021118483949131386	1.36381674	29.45247459	1.0920317	0.07146346864411006	0.0103654	0.0007
0.0295	-0.189	0.1061	0.009258971681829917	-0.001579522973054868	0.002366666465704311	1.27095556	27.44708061	1.06236407	0.10094478565208743	0.00930935	0.00032
0.0334	-0.176	0.0799	0.00925548102332593	-0.0011623892818282235	0.0026912977065752563	1.18254769	25.53785515	0.99457918	0.08036277953007889	0.00917971	0.00039
0.0266	-0.2255	0.0508	0.008100073058505684	-0.0007417649320975902	0.002574360646691636	1.18741882	25.64305115	1.04556756	0.17004846872172497	0.00917757	0.00039
0.0243	-0.1719	-0.0092	0.0074787358447957015	-0.0006265732014659643	0.0024155356847601517	1.34921217	29.13708115	1.03061548	0.16066769531365463	0.011135	0.00061
0.024	-0.1271	-0.0273	0.0074839718325516846	-0.0006771877497737998	0.0022410027595607188	1.3421458	28.98447609	0.99744279	0.07471917306316257	0.0127251	0.00054
0.0209	-0.1468	0.0366	0.007136651311404813	-0.0010122909661567112	0.0022060961745208325	1.30166852	28.11034584	1.07715783	0.12256651612848347	0.0102988	0.00025
0.0168	-0.1924	0.103	0.007632324818971204	-0.0012479104151759456	0.0024294983187761066	1.21841443	26.3124218	1.06145289	0.16383475504204487	0.00859177	0.00023
0.0169	-0.2257	0.0919	0.00819083017960939	-0.0011885692206081383	0.0023125612588924867	1.04256153	22.5147686	0.96476561	0.0812391807544807	0.0084424	0.0002
0.0193	-0.1937	0.0669	0.008504989444968369	-0.000900589894029074	0.00222529479629277	1.13364482	24.48176765	0.96774347	0.093870252726888	0.00808924	0.00036
0.0275	-0.1137	0.012	0.007679448708775049	-0.0006440264939859076	0.0018814649336498872	1.23896134	26.75614357	1.11479481	0.21439669994396843	0.0114528	0.00047
0.0264	-0.1511	-0.0392	0.006731734924942128	-0.0004677482395344803	0.0017767451785302276	1.24663234	26.92180443	1.12095167	0.15113558967020044	0.0126429	0.00064
0.0247	-0.1581	0.0052	0.006665412413366345	-0.0006108652381980154	0.002078687139125246	1.23635173	26.69978714	1.04586192	0.07866907354171677	0.0110531	0.00032
0.0222	-0.0949	0.0961	0.0070179689222692	-0.0010140362954087054	0.0025324727446437724	1.26388085	27.29429626	1.09740821	0.21707565858160355	0.00960189	0.00029
0.0174	-0.148	0.0864	0.007293730944084303	-0.001022762941668677	0.0025202554398798117	1.18322086	25.55239296	1.02226303	0.08243529864195177	0.00947988	0.00044
0.0129	-0.2515	0.062	0.007347836150896126	-0.0009756390518648303	0.0024207716725161347	1.19540536	25.81552505	1.01726977	0.14243564319896734	0.00863057	0.0002
0.0111	-0.2043	0.0394	0.007302457590344275	-0.0010314895879286487	0.002237512101056731	1.15897691	25.02883148	0.96497809	0.08582443340375366	0.00916696	0.00025
0.0167	-0.1301	0.0146	0.007279768310068348	-0.000895353906273091	0.0020141099568014562	1.20363986	25.9933548	1.01702313	0.12371135530933795	0.0102763	0.00029
0.0221	-0.2022	-0.008	0.00713141532364883	-0.0006771877497737998	0.001963495408493621	1.06299603	22.95606232	0.96314882	0.12095668456133224	0.00964957	0.00026
0.0239	-0.1407	0.011	0.007115707360380881	-0.0006562437987498679	0.0018989182261698304	1.16727424	25.20801735	1.00004505	0.08736145483078357	0.0103402	0.00033
0.0267	-0.1577	0.1147	0.007403686686959946	-0.000900589894029074	0.002288126649364566	1.33846724	28.90503693	1.11490607	0.16957669225265035	0.00893056	0.00044
0.0285	-0.1172	0.1029	0.007209955139988575	-0.0008918632477691023	0.0023527038316883565	1.27313197	27.4940815	1.02466096	0.06745176877775665	0.00955588	0.00045
0.0285	-0.1949	0.0805	0.007250097712784445	-0.0007278022980816354	0.002324778563656447	1.16010749	25.05324745	1.02248849	0.11170643952576231	0.00952101	0.00031
0.0283	-0.1961	0.0454	0.0072850042978243315	-0.0006754424205218055	0.0021467549799530253	1.16445661	25.14716721	1.02453726	0.04976450231515692	0.0103835	0.00044
0.0298	-0.1121	0.0235	0.007564256978143424	-0.0006265732014659643	0.0021519909677090087	1.08902538	23.51818466	0.98228922	0.12406789435654586	0.0111204	0.00023
0.0305	-0.1298	0.0822	0.007757988525114794	-0.000783652834145454	0.002131047016685076	1.18464816	25.58321762	1.00233941	0.0956877565337396	0.00945359	0.00031
0.0309	-0.2185	0.163	0.008264134008193149	-0.0011885692206081383	0.002363175807200322	1.28760707	27.80667877	1.10261886	0.22705953300281423	0.00834125	0.00035
0.032	-0.2317	0.1553	0.00857829327355213	-0.0011047934165124105	0.002366666465704311	1.13717186	24.55793762	1.01867457	0.042071286397934886	0.00883555	0.00025
0.03	-0.1647	0.1214	0.008609709200088028	-0.0010471975511965976	0.0022706733568446224	1.14735651	24.77788162	1.03374917	0.11215024503556996	0.00892401	0.00019
0.0308	-0.2152	0.0742	0.008105309046261666	-0.0007958701389094143	0.002237512101056731	1.12658858	24.32938385	0.99322655	0.1379444410950718	0.00840664	0.00022
0.0277	-0.1593	0.0302	0.008023278571417934	-0.0007749261878854823	0.0021275563581810873	1.11904705	24.16651917	0.97415206	0.1136465084371654	0.0094384	0.00035
0.0268	-0.1579	0.1024	0.008321729873508963	-0.0009040805525330626	0.002324778563656447	1.18643665	25.62184143	1.03687043	0.10574139361069844	0.00822306	0.00028
0.0319	-0.214	0.1628	0.008623671834103981	-0.0010471975511965976	0.0026302111827554544	1.15944719	25.03898621	1.0191773	0.159124578917878	0.00793225	0.00022
0.0313	-0.2725	0.1274	0.008545132017764237	-0.0008813912722571365	0.0026040312439755396	1.05884182	22.86635017	0.97055931	0.10802630170295605	0.00748688	0.00016
0.032	-0.214	0.0902	0.008491026810952413	-0.0006492624817418905	0.0025918139392115793	1.07601559	23.23722839	1.00615298	0.11132256510455152	0.00855953	0.00022
0.0314	-0.2206	0.0484	0.008337437836776913	-0.0005340707511102648	0.0025726153174396417	1.06184351	22.93117332	0.97063724	0.06339896632895317	0.00830221	0.00019
0.0311	-0.2148	0.0214	0.008138470302049559	-0.0005148721293383271	0.0024399702942880727	1.08684766	23.47115517	0.94661642	0.050640558982543035	0.00914836	0.00022
0.032	-0.1935	0.0332	0.008161159582325484	-0.0006300638599699529	0.002380629099720265	1.19018507	25.70278931	0.96210616	0.04386111027376792	0.00941485	0.00042
0.0298	-0.1982	0.1348	0.00830078592248503	-0.0010995574287564276	0.0024818581963359366	1.31460738	28.3897686	1.11216896	0.14401745027808463	0.00830328	0.00033
0.0097	-0.1976	0.2419	0.008724900930719653	-0.0016982053621904826	0.002464404903815993	1.22004998	26.34774208	1.08081191	0.17981081170943103	0.0104482	0.00068
0.0284	-0.2588	0.4224	0.009562658971676932	-0.0019198621771937623	0.002324778563656447	1.32960296	28.71360588	1.25254842	0.3203520598060051	0.0197814	0.01148
0.0367	-0.3138	0.4899	0.011328932174695192	-0.0013194689145077131	0.0029077185338225527	1.17767262	25.43257713	1.13375578	0.27828032179352086	0.0258372	0.02215
0.026	-0.2889	0.4439	0.011545353001942489	-0.0005148721293383271	0.003080506129769991	1.26257193	27.26602936	1.09298822	0.14129026041820608	0.0237529	0.0148
0.0142	-0.3257	0.3634	0.012255702007504183	-0.0004991641660703782	0.00272096830385916	1.23205769	26.60705566	1.13530118	0.18337973973702373	0.0194816	0.00579
0.0214	-0.3326	0.2157	0.011042698177368124	0.000635299847725936	0.002670353755551324	1.44092989	31.11778259	1.29716525	0.2817041196120105	0.0132903	0.00205
0.0244	-0.3374	0.1253	0.01290845514775006	-0.00047822021504644627	0.0019861846887695473	1.56067562	33.70376587	1.28954225	0.2813723049968047	0.0161157	0.00274
0.0179	-0.2953	0.1082	0.012285372604788085	-0.0007225663103256524	0.0021572269554649913	1.38702726	29.95372009	1.09700222	0.1176235452468312	0.0117624	0.00121
-0.0028	-0.2976	0.0807	0.009398598021989465	-0.0008970992355250854	0.001673770752662562	1.23466551	26.66337204	1.11855687	0.2277381855400241	0.00829357	0.00016
-0.0092	-0.3027	0.0626	0.009597565556716819	-0.001452113937659282	0.0013718287920675431	1.05563569	22.79711151	0.96364145	0.08239620987282852	0.0091812	0.00029
-0.0095	-0.2235	0.053	0.009705775970340468	-0.0012793263417118436	0.0014067353771074296	1.20955515	26.12109947	1.00871424	0.10489522973054866	0.0104546	0.00068
-0.0054	-0.2743	0.0457	0.009967575358139616	-0.0011833332328521555	0.0013665928043115599	1.35671413	29.29908943	1.05932453	0.08209675347273532	0.0133906	0.00226
-0.0046	-0.2783	0.0451	0.009770353152664255	-0.0011065387457644049	0.0012461650859239514	1.22791731	26.51764297	1.03748917	0.025122220547536007	0.0136012	0.00276
-0.0056	-0.2313	0.0428	0.00966737872679659	-0.001165879940332212	0.0011955505376161158	1.31884289	28.48123741	1.06555638	0.06094650843716534	0.0156323	0.00405
-0.0046	-0.2153	0.0565	0.010023425894203436	-0.0012356931104119853	0.0009808750396208131	1.50945508	32.59762573	1.0872244	0.06272679177409607	0.0168467	0.00466
0.0013	-0.2088	0.0682	0.009985028650659561	-0.0013037609512397642	0.0008098327729253688	1.34659505	29.08056259	1.06481037	0.037975367553354886	0.0176636	0.00648
-0.0037	-0.289	0.1663	0.010199704148654861	-0.0017662732030182616	0.0006719517620178169	1.3330487	28.78801918	1.15270313	0.22405343803406744	0.0166971	0.00454
-0.0082	-0.2347	0.2132	0.009601056215220807	-0.002155481626212997	0.0009686577348568529	1.12859237	24.37265778	1.05891885	0.16992811647339132	0.0151259	0.00407
-0.0054	-0.2602	0.1693	0.00927118898659388	-0.001912880860185785	0.0009407324668249436	1.06353974	22.96780586	1.01534186	0.1022196631343024	0.0134883	0.00269
-0.009	-0.2751	0.1434	0.009206611804270088	-0.001963495408493621	0.0007958701389094143	1.04123592	22.4861393	1.00433629	0.05740270292735785	0.0119905	0.00108
-0.0104	-0.3282	0.114	0.009217083779782056	-0.0018744836166419098	0.0007138396640656808	1.16326928	25.12152672	1.09681686	0.09297571211037059	0.0111797	0.00063
-0.011	-0.2512	0.0859	0.009129817317182338	-0.0018168877513260971	0.0007208209810736582	1.17718279	25.42199898	1.05464229	0.1132921822461754	0.00952584	0.0006
-0.006	-0.2602	0.068	0.00884358331985527	-0.0018622663118779497	0.0005899212871740833	1.1326642	24.46059036	0.99143145	0.0550256125889248	0.00912523	0.00033
-0.005	-0.2541	0.1437	0.009222319767538036	-0.0019949113350295183	0.000921533845053006	1.44479263	31.20119858	1.05367226	0.12494970143566288	0.00961429	0.0007
-0.003	-0.3003	0.1928	0.009594074898212828	-0.0022148228207808044	0.0012461650859239514	1.33103871	28.74461365	1.01244	0.1431148928648512	0.0106618	0.00041
-0.0015	-0.2589	0.1773	0.00982445835947608	-0.0022026055160168437	0.001281071670963838	1.12403536	24.27424622	0.97839893	0.07227536755335494	0.0102382	0.00038
-0.0022	-0.2635	0.1706	0.009801769079200155	-0.002092649773141201	0.0012897983172238095	1.10239923	23.80700111	1.01247054	0.01906858347057696	0.0113598	0.00051
0.0004	-0.3314	0.1564	0.00987681823703591	-0.0019163715186897737	0.0011152653920243766	1.13172305	24.44026756	1.04310978	0.10599301687433076	0.0102314	0.00029
-0.0006	-0.2313	0.1103	0.009646434775772659	-0.00182212373908208	0.0009913470151327792	1.16096008	25.07165718	1.03710418	0.16962748088812715	0.00922775	0.00026
0.0048	-0.2476	0.0623	0.009402088680493453	-0.0016632987771505957	0.0007208209810736582	1.14788556	24.78930664	0.98898233	0.10338485456349052	0.0084278	0.00029
0.0028	-0.2446	0.1151	0.00925548102332593	-0.0017086773377024485	0.000752236907609556	1.18560147	25.60380554	1.01887315	0.06897010721276367	0.00813287	0.0002
0.0045	-0.2638	0.1935	0.009955358053375656	-0.0021170843826691216	0.0010471975511965976	1.29651809	27.9991188	1.04285704	0.16946223593017204	0.0098511	0.00017
0.0076	-0.2873	0.1844	0.010250318696962697	-0.002171189589480946	0.0010995574287564276	1.22242367	26.39900208	0.97655049	0.055771286397934806	0.00975418	0.00032
0.004	-0.2493	0.1689	0.010252064026214692	-0.0019268434942017398	0.0011397000015522971	1.12007093	24.18863106	0.97979195	0.07141169986635353	0.00905508	0.00029
0.0048	-0.2964	0.141	0.010224138758182781	-0.0018500490071139892	0.0012775810124598492	1.120188	24.1911602	1.00560535	0.08793003830136067	0.00921768	0.00028
0.0065	-0.3013	0.1025	0.010039133857471384	-0.0017558012275062952	0.0013020156219877698	1.40452886	30.33167839	1.00056003	0.06028436449235058	0.00900966	0.00049
0.0087	-0.2438	0.061	0.009716247945852432	-0.0016598081186466073	0.0011711159280881952	1.39014792	30.02111435	1.0351867	0.12868893571891077	0.00942421	0.00039
0.0081	-0.2286	0.0832	0.009407324668249437	-0.0016842427281745281	0.0011746065865921838	1.25197041	27.03708458	1.00847978	0.05484242728174522	0.00847507	0.00026
0.0068	-0.2825	0.1712	0.009702285311836477	-0.0019425514574696887	0.001429424657383356	1.2513603	27.02390862	1.0553097	0.18360437218366865	0.00913948	0.00035
0.0086	-0.3123	0.1773	0.009852383627507991	-0.002012364627549462	0.0015603243512829306	1.10253561	23.80994415	0.95928184	0.0552405589825432	0.00918651	0.00032
0.0056	-0.2812	0.1538	0.009786061115932205	-0.0018867009214058703	0.0014782938764391971	1.09380615	23.62142754	0.9594316	0.07130083462815559	0.00800669	0.00029
0.0036	-0.2919	0.1174	0.009820967700972091	-0.001778490507782222	0.001256637061435917	1.01054144	21.82327461	0.92965687	0.06733869068334068	0.00779957	0.00013
0.0029	-0.3146	0.0688	0.009704030641088473	-0.0016999506914424768	0.0011571532940722405	1.14925003	24.81877136	1.0013606	0.08674803217935198	0.0088346	0.00041
0.0032	-0.2172	0.0448	0.009185667853246156	-0.0016650441064025902	0.0007452555906015787	1.22526896	26.46044922	1.06102291	0.16995835381764324	0.00870758	0.00039
0.006	-0.2783	0.1639	0.009721483933608416	-0.0020769418098732523	0.0008831366015091308	1.33510721	28.83247375	1.12996155	0.23727973973702365	0.0089491	0.00036
0.0096	-0.3606	0.1863	0.010075785771763265	-0.00214850030920502	0.0008988445647770796	1.12708211	24.34004211	1.01425041	0.13037841503772823	0.00994176	0.00049
0.0104	-0.3532	0.1813	0.010112437686055147	-0.0019617500792416262	0.0010053096491487337	1.11937904	24.1736908	1.02831901	0.029693361431346463	0.00996894	0.00026
0.0139	-0.2773	0.1555	0.009423032631517385	-0.0016929693744344998	0.001165879940332212	1.11497378	24.07855606	0.99573619	0.16113780252641835	0.0083462	0.00015
0.0124	-0.2646	0.1225	0.008571311956544151	-0.001541125729510993	0.0011693705988362008	1.07986259	23.32030678	0.98017878	0.09755274892003644	0.00778699	0.00023
0.0139	-0.2603	0.0982	0.008389797714336742	-0.0015969762655748114	0.0011362093430483087	1.0667727	23.03762436	0.93736599	0.043626301702956005	0.0073123	9e-05
0.0138	-0.2492	0.1559	0.008676031711663812	-0.0019076448724298022	0.001223475805648025	1.26803803	27.38407326	0.98618872	0.10310845333908884	0.00760627	0.00023
0.009	-0.2231	0.2017	0.00902160690355869	-0.002057743188101315	0.0015603243512829306	1.17078888	25.28391647	1.02896738	0.11832610266006476	0.00932878	0.00036
0.013	-0.2982	0.1887	0.009087929415134475	-0.002134537675189065	0.001467821900927231	1.15017879	24.83882904	1.01428102	0.1038809724509618	0.00824255	0.00023
0.0162	-0.3895	0.1676	0.009164723902222225	-0.0019408061282176943	0.0014154620233674013	1.09254003	23.59408379	0.97295113	0.13174429558094752	0.00906658	0.00029
0.0137	-0.3209	0.1384	0.009250245035569947	-0.0018552849948699724	0.001408480706359424	1.1008352	23.77322388	0.96976259	0.10920117918517103	0.00739777	0.00028
0.0114	-0.2616	0.1075	0.008902924514423075	-0.001748819910498318	0.0012863076587198209	1.09045804	23.54912186	0.97313885	0.1212979326579065	0.00745571	0.00022
0.0179	-0.2938	0.0822	0.008637634468119937	-0.0016824973989225337	0.0013037609512397642	1.33928823	28.92276573	0.99945965	0.08145329251994328	0.00839305	0.00022
0.0194	-0.2626	0.0749	0.008644615785127914	-0.0017016960206944712	0.0012322024519079964	1.32309222	28.57300377	1.00070397	0.04488692190558412	0.00909084	0.00048
0.0174	-0.232	0.1279	0.008527678725244294	-0.0018500490071139892	0.001298524963483781	1.31377995	28.37189865	1.06923257	0.10218062789394612	0.00840545	0.00036
0.0189	-0.2463	0.1924	0.00873537290623162	-0.0020717058221172693	0.001291543646475804	1.22107279	26.36982918	1.00841575	0.10211661564992908	0.00930399	0.00036
0.018	-0.3165	0.1849	0.009065240134858547	-0.0021851522234969008	0.0012688543661998775	1.1192379	24.17064285	1.01270944	0.10190014551412424	0.0108883	0.00054
0.0165	-0.3067	0.153	0.008613199858592015	-0.0018622663118779497	0.0011431906600562858	1.21142972	26.16158104	0.99867128	0.08822949470145375	0.0101345	0.00038
0.0114	-0.263	0.1289	0.008009315937401978	-0.0015184364492350666	0.0011309733552923255	1.20849931	26.09829903	1.03466513	0.120896554429844	0.00916433	0.00028
0.0156	-0.2746	0.1407	0.007988371986378046	-0.0015446163880149814	0.0011903145498601325	1.14708042	24.77191925	1.05074328	0.03292325421858269	0.00924975	0.00047
0.0145	-0.2588	0.1885	0.008358381787800843	-0.0017767451785302276	0.0010629055144645468	1.18546009	25.60075188	1.07547412	0.10117738136668147	0.00874728	0.00041
0.014	-0.2388	0.2173	0.008545132017764237	-0.0018692476288859267	0.0011205013797803594	1.12727153	24.34413338	1.01395688	0.0661424272817452	0.00927657	0.00045
0.0092	-0.2774	0.2045	0.00823097275240526	-0.0019006635554218248	0.0010419615634406148	1.0841701	23.41333199	0.97517414	0.07740575041173098	0.0100743	0.00083
0.011	-0.3185	0.1864	0.008728391589223642	-0.001706932008450454	0.0011362093430483087	1.048841	22.65037727	0.97575599	0.1002699081698724	0.010453	0.00064
0.0072	-0.2524	0.1606	0.008595746566072072	-0.001706932008450454	0.0011257373675363424	1.16195405	25.09312439	1.0022073	0.10285584993317683	0.00884366	0.00039
0.004	-0.3094	0.126	0.00874759021099558	-0.0015027284859671175	0.0011065387457644049	1.11835504	24.151577	0.99651621	0.11356228945893908	0.00929469	0.00028
0.0037	-0.2433	0.0991	0.008229227423153265	-0.0014538592669112763	0.0009250245035569946	1.18383205	25.56559181	1.03505411	0.13073731245527836	0.00935578	0.00031
0.006	-0.2774	0.0978	0.00860272788308005	-0.0014433872913993105	0.0009512044423369096	1.49669886	32.32214737	1.10953894	0.05820761871093326	0.0111963	0.00125
0.0039	-0.2755	0.1781	0.009112364024662395	-0.0019058995431778078	0.0010803588069844899	1.44690454	31.24680901	1.13945661	0.13936513790042113	0.0100214	0.00041
0.0055	-0.271	0.1768	0.009046041513086609	-0.002078687139125246	0.0009442231253289323	1.19566643	25.82116508	0.99310513	0.02616228945893908	0.00911093	0.00047
0.0045	-0.2814	0.1507	0.009297368925373792	-0.0018622663118779497	0.0009285151620609833	1.09031653	23.54606628	0.9604197	0.061672810140121374	0.00850213	0.00031
0.0057	-0.2663	0.136	0.009428268619273369	-0.0019093902016817967	0.0008517206749732328	1.13091695	24.42285728	0.95614365	0.04374090353955872	0.00848603	0.00023
0.0115	-0.2623	0.1138	0.009260717011081911	-0.0017976891295541592	0.0006702064327658224	1.06791401	23.06227112	0.96395959	0.05503834612632528	0.00885928	0.00036
0.0123	-0.2541	0.0996	0.00907396678111852	-0.0017243853009703976	0.0006318091892219474	1.05497003	22.78273773	0.95630228	0.0381225651045514	0.00804013	0.0002
0.0085	-0.3121	0.1559	0.008920377806943018	-0.001954768762233649	0.000609119908946021	1.13586831	24.52978516	1.01249865	0.138433085785734	0.00887454	0.00022
0.0059	-0.2042	0.2302	0.009395107363485476	-0.002436479635784084	0.0007801621756414653	1.18902481	25.67773438	1.06988806	0.2411741348394168	0.00924993	0.00035
0.0074	-0.2731	0.2166	0.009684832019316534	-0.0024294983187761066	0.0007452555906015787	1.00798345	21.76803207	0.94921326	0.1005806278939461	0.00879532	0.00017
0.0106	-0.2942	0.1744	0.009601056215220807	-0.002169444260228951	0.000752236907609556	0.9966436	21.52314186	0.9500589	0.08404055898254299	0.00960171	0.00026
0.0091	-0.2662	0.1268	0.009136798634190315	-0.002049016541841343	0.0007644542123735164	1.01958251	22.01852036	0.95719035	0.10694513020910304	0.0082956	0.00031
0.0094	-0.2198	0.0972	0.00873188224772763	-0.00200363798128949	0.0007888888219014368	1.13527894	24.51705742	0.98589795	0.10003647782712292	0.0080713	0.00051
0.0136	-0.3018	0.1292	0.008759807515759539	-0.0022218041377887812	0.000710349005561692	1.25431764	27.08777237	1.02448702	0.13443156204354728	0.00893706	0.0002
0.015	-0.327	0.2074	0.009367182095453565	-0.0024294983187761066	0.0009442231253289323	1.25523806	27.10765076	1.05317476	0.1572471440224296	0.00954401	0.00033
0.0159	-0.3304	0.1952	0.009651670763528642	-0.0024155356847601517	0.0009669124056048585	1.11602187	24.10118866	1.00159464	0.03255702911834792	0.00934184	0.0002
0.0142	-0.315	0.1783	0.009695303994828501	-0.0022724186860966175	0.000921533845053006	1.09219754	23.586689	0.97670104	0.045606439525762335	0.00931996	0.00023
0.0151	-0.3304	0.1625	0.009567894959432915	-0.0022078415037728267	0.0009337511498169664	1.12461233	24.28670502	1.01644328	0.042310176124166855	0.00880599	0.00026
0.0139	-0.3122	0.1616	0.009346238144429635	-0.002171189589480946	0.0008395033702092724	1.07515919	23.21873474	0.94197262	0.03792782544514284	0.00843722	0.00019
0.0151	-0.2949	0.1428	0.009330530181161685	-0.00209614043164519	0.000932005820564972	1.47242367	31.79790878	0.95817834	0.04646297857297024	0.00919527	0.00102
0.0166	-0.2506	0.1912	0.009491100472345164	-0.002436479635784084	0.0008115781021773631	1.44165516	31.13344383	1.02643119	0.12526686068549908	0.00980151	0.00036
0.0165	-0.3041	0.2457	0.00998153799215557	-0.0025586526834236872	0.0007696902001294993	1.23910499	26.75924683	1.0239828	0.14082492347489367	0.0107486	0.00047
0.0175	-0.2984	0.2425	0.010372491744602301	-0.002645919146023404	0.000736528944341607	1.0146656	21.91233826	0.93346373	0.035469073541716994	0.0106801	0.00041
0.0197	-0.3172	0.2094	0.010334094501058424	-0.002462659574563999	0.0007679448708775049	1.07604671	23.23790169	0.96699161	0.06675363707695894	0.0100421	0.00016
0.0177	-0.2957	0.1615	0.009496336460101147	-0.00231779724664847	0.0008307767239493009	1.11212766	24.01709175	1.01628892	0.12367261109723005	0.0088113	0.00025
0.0168	-0.2949	0.13	0.008958775050486893	-0.0022183134792847924	0.0008185594191853405	1.1148634	24.07617188	0.97254083	0.06566312408709464	0.0083822	0.00035
0.0141	-0.3101	0.1989	0.009306095571633765	-0.0024591689160600103	0.0007696902001294993	1.16215813	25.09753227	1.02976982	0.11865225884889656	0.00899482	0.0002
0.0182	-0.3107	0.229	0.00975988117715229	-0.0025569073541716926	0.0009913470151327792	1.29300714	27.92329597	0.968055	0.0734590429316744	0.0102708	0.0006
0.0168	-0.3623	0.2051	0.009864600932271952	-0.0024486969405480446	0.000973893722612836	1.11392272	24.0558567	0.98894806	0.08841917306316265	0.0111717	0.00036
0.0179	-0.3596	0.1767	0.009684832019316534	-0.002466150233067988	0.0008412486994612669	1.22149146	26.37887192	1.05744818	0.048693361431346574	0.0109345	0.00036
0.018	-0.2898	0.1515	0.009702285311836477	-0.0024137903555081575	0.0008342673824532895	1.2398231	26.77475357	1.05190461	0.09893972435438753	0.00939822	0.00033
0.0177	-0.3191	0.1407	0.00952600705738505	-0.002384119758224254	0.0008499753457212384	1.16976213	25.26174545	0.97749954	0.05148284075016398	0.0092749	0.00029
0.0163	-0.3578	0.1401	0.009250245035569947	-0.0023649211364523163	0.0008447393579652555	1.23419285	26.65316582	0.9910758	0.05570983156715115	0.0101711	0.00035
0.017	-0.3162	0.1939	0.00921533845053006	-0.0026302111827554544	0.0008779006137531476	1.16635728	25.18821526	0.97710877	0.11276789435654588	0.00994849	0.00026
0.0142	-0.2707	0.2387	0.009632472141756703	-0.0027104963283471934	0.0009197885158010115	1.2920537	27.90270615	1.06019892	0.12006533694331233	0.0108663	0.00031
0.0164	-0.362	0.2419	0.010016444577195456	-0.0026930430358272505	0.0007452555906015787	1.09163702	23.57458305	0.98079546	0.1254979326579064	0.011591	0.00023
0.0184	-0.3854	0.2415	0.010288715940506572	-0.002766346864411012	0.0005550147021341969	1.06231248	22.94130135	0.96789456	0.05259080401811305	0.0124663	0.00051
0.019	-0.3102	0.2214	0.010410888988146176	-0.0025254914276357948	0.0005585053606381855	1.10953891	23.96118736	0.98192067	0.11422595714594053	0.0113013	0.00045
0.0186	-0.2832	0.1718	0.01071457627799319	-0.0022549653935766737	0.000731292956585624	1.41857886	30.6350975	1.02035247	0.1143500459926786	0.00996244	0.00052
0.0186	-0.3799	0.141	0.010171778880622952	-0.002209586833024821	0.0005881759579220891	1.54285753	33.31897354	1.13832303	0.16406464782928123	0.0124387	0.00143
0.0255	-0.263	0.1445	0.011362093430483087	-0.0020001473227855013	0.000710349005561692	1.58399999	34.20746994	1.20471363	0.20339635538695283	0.0120297	0.00112
0.0204	-0.2354	0.223	0.011304497565167273	-0.002363175807200322	0.0008080874436733745	1.22425616	26.43857765	1.06968674	0.13711813939211587	0.0104457	0.00045
0.018	-0.3693	0.2179	0.010993828958312283	-0.002408554367752175	0.0008656833089891874	1.09785664	23.70890045	1.02801227	0.16208215163613282	0.0106555	0.00023
0.0176	-0.3542	0.1945	0.011217231102567558	-0.002389355745980237	0.0008936085770210966	0.98284918	21.22524261	0.94091052	0.052426301702956125	0.0105615	0.00035
0.019	-0.3546	0.1732	0.011398745344774966	-0.0022026055160168437	0.0009442231253289323	1.10407662	23.84322357	0.94677737	0.044043951023931854	0.0106821	0.00048
0.0198	-0.2945	0.1369	0.01094495973925644	-0.002143264321449037	0.0008552113334772215	1.1661607	25.1839695	0.99547611	0.1273069295969022	0.00981718	0.00041
0.0214	-0.3404	0.1041	0.010466739524209994	-0.0020001473227855013	0.0008639379797371932	1.18013501	25.48575211	0.9962107	0.11180319299849761	0.00916159	0.00029
0.0198	-0.3095	0.1205	0.010145598941843038	-0.0019722220547535923	0.0008255407361933179	1.19791603	25.86974525	0.98612293	0.06827315469713699	0.00912458	0.00036
0.0202	-0.2571	0.2094	0.010293951928262556	-0.0022776546738526	0.000900589894029074	1.23914146	26.76003456	1.02075688	0.16814173816771408	0.00986177	0.00042
0.0167	-0.269	0.2207	0.010534807365037773	-0.002361430477948328	0.0008970992355250854	0.98674047	21.30927658	0.92063932	0.04310609496874668	0.0102104	0.00042
0.0195	-0.3413	0.2058	0.010868165252168691	-0.00209614043164519	0.0009616764178488756	1.19099629	25.7203083	0.98480318	0.1231612557878923	0.0107355	0.00049
0.0179	-0.3022	0.1682	0.010658725741929371	-0.0021205750411731105	0.000757472895365539	1.01607382	21.94274902	0.95546984	0.10020388211252884	0.00966853	0.00023
0.0207	-0.3055	0.1298	0.010311405220782499	-0.001954768762233649	0.0005619960191421741	1.02603328	22.15782928	0.97261195	0.07993018381548489	0.00968486	0.00029
0.0214	-0.3789	0.1289	0.00997804733365158	-0.002092649773141201	0.0005253441048502931	1.13961422	24.61068153	1.00283449	0.1003945406165176	0.00935656	0.00026
0.0183	-0.2883	0.2114	0.01054178868204575	-0.0023911010752322315	0.0007435102613495844	1.27917933	27.62467766	1.12031935	0.23021794034922455	0.0100687	0.00042
0.0187	-0.2923	0.2177	0.011030480872604163	-0.002389355745980237	0.0007487462491055673	1.10825408	23.93343925	0.98871952	0.035483675378319555	0.0107547	0.00029
0.0213	-0.3746	0.2107	0.011604694196510298	-0.0024748768793279594	0.0007173303225696694	1.03874505	22.43234825	0.9591475	0.12645751918948775	0.0117302	0.00044
0.0233	-0.4146	0.1983	0.01192408944962526	-0.002324778563656447	0.0007208209810736582	1.13443494	24.4988308	0.98011416	0.07804921136452315	0.0131311	0.00063
0.0213	-0.288	0.1733	0.01211782099659663	-0.0022741640153486112	0.0006370451769779302	1.28028107	27.64846992	1.06224609	0.17000609496874675	0.0121527	0.00049
0.0235	-0.4296	0.1663	0.012044517168012869	-0.0022200588085367874	0.0005811946409141118	1.34278834	28.99835396	1.13596875	0.15996297857297015	0.0127777	0.001
0.0289	-0.404	0.1356	0.012721704917786668	-0.001673770752662562	0.0011100294042683937	1.53739083	33.20091629	1.12481078	0.1493155284501153	0.0159412	0.00531
0.0283	-0.2917	0.1826	0.011777481792457734	-0.0018832102629018814	0.0014590952546672592	1.59281373	34.39780807	1.21113555	0.235036424298356	0.0115753	0.00041
0.0264	-0.3	0.2408	0.0119729586686811	-0.0018832102629018814	0.0015428710587629874	1.26537848	27.32663918	1.07156056	0.08236263401595467	0.0132211	0.00081
0.0223	-0.3141	0.2208	0.011660544732574116	-0.0017383479349863521	0.0013840460968315032	1.0464561	22.59887314	0.95784552	0.0690050612976999	0.0116009	0.00041
0.0199	-0.3563	0.188	0.011496483782886648	-0.001668534764906579	0.0011606439525762293	1.02064478	22.04146194	0.96627603	0.10026381320112576	0.0107736	0.00038
0.0209	-0.3285	0.1521	0.011381292052255023	-0.0017086773377024485	0.0010611601852125523	1.10713172	23.90920067	1.0177593	0.07744090353955857	0.011326	0.00045
0.0217	-0.3278	0.1144	0.011616911501274255	-0.0016528268016386303	0.0010314895879286487	1.17825401	25.4451313	1.00546221	0.055257029118347775	0.0122945	0.00092
0.0273	-0.3424	0.114	0.011585495574738359	-0.0015428710587629874	0.0010105456369047167	1.32708633	28.65925789	1.04903089	0.02871578102177357	0.0110947	0.00042
0.0349	-0.2996	0.1847	0.012058479802028822	-0.001726130630222392	0.0010925761117484504	1.33773589	28.88924217	1.07197108	0.1580137136796801	0.0133239	0.00134
0.0335	-0.3475	0.1818	0.011501719770642632	-0.0016109388995907662	0.0012356931104119853	1.35021853	29.15881348	1.02986076	0.09295343803406755	0.0120473	0.00041
0.0306	-0.3744	0.1474	0.01097288500728835	-0.0015655603390389136	0.0011431906600562858	1.204198	26.00540924	1.08975049	0.09753578871309168	0.0108989	0.00033
0.028	-0.3717	0.1302	0.010601129876613559	-0.0013386675362796509	0.001158898623324235	1.1210345	24.20944023	0.9811822	0.05321779483510021	0.00923133	0.00026
0.0285	-0.3101	0.117	0.010211921453418822	-0.0013107422682477415	0.0011327186845443199	1.06715631	23.04590797	0.95500469	0.09746568150032803	0.00845879	0.00017
0.029	-0.3293	0.1084	0.009958848711879645	-0.0013177235852557187	0.0011746065865921838	1.29337668	27.93127823	0.94213782	0.043397098029750926	0.0087949	0.00035
0.0301	-0.3375	0.1223	0.009848892969004002	-0.0013945180723434693	0.0010821041362364843	1.32645202	28.64555931	1.04256504	0.03716263401595471	0.0091303	0.00031
0.0308	-0.3155	0.2116	0.01041263431739817	-0.001621410875102732	0.0012199851471440364	1.34440744	29.03331757	1.11027301	0.1584257581030492	0.00988251	0.00038
0.0283	-0.3141	0.2193	0.01048070215822595	-0.0016720254234105676	0.001270599695451872	1.08196342	23.36567688	0.95650955	0.02006484687217249	0.00976044	0.0002
0.028	-0.4166	0.2141	0.010829768008624816	-0.001574286985298885	0.0011501719770642632	1.10958529	23.96218872	0.99895272	0.1363616003449079	0.0110741	0.00048
0.027	-0.3449	0.1965	0.010520844731021817	-0.0015498523757709647	0.0011257373675363424	1.11003435	23.97188568	1.00648704	0.10818962483294205	0.0100747	0.00031
0.0288	-0.3165	0.17	0.010051351162235343	-0.0014067353771074296	0.0011205013797803594	1.09135866	23.56857109	0.96571817	0.08759232776029958	0.0085783	0.00028
0.0336	-0.3488	0.1284	0.009754645189396307	-0.0015393804002589986	0.0009599310885968812	1.47966671	31.95432663	1.00820061	0.1081960643587042	0.00949842	0.00067
0.0302	-0.3622	0.1988	0.010217157441174806	-0.0019216075064457567	0.0010454522219446034	1.42860639	30.85164833	1.11733908	0.133713024565649	0.01115	0.00036
0.0305	-0.2604	0.2411	0.010876891898428661	-0.001947787445225672	0.0010681415022205296	1.27020144	27.43079376	1.03840973	0.1798301838154848	0.011072	0.00041
0.0345	-0.3432	0.2189	0.01132369618693921	-0.0017994344588061536	0.0010524335389525807	1.11803854	24.14474106	1.01716925	0.1395432619099008	0.0121313	0.00036
0.0348	-0.3555	0.1877	0.011241665712095476	-0.001635373509118687	0.0009197885158010115	1.11372876	24.05166817	1.02176522	0.06273682238413847	0.010312	0.00031
0.0367	-0.2952	0.1457	0.010812314716104872	-0.0016720254234105676	0.0009128071987930344	1.18902886	25.67782211	1.03128658	0.12784921136452307	0.00935149	0.00051
0.0384	-0.3389	0.1271	0.010658725741929371	-0.0015585790220309364	0.0010995574287564276	1.23958075	26.76951981	1.03529537	0.0866892802759262	0.00977713	0.00048
0.0376	-0.3901	0.2	0.011014772909336213	-0.0016755160819145565	0.0013840460968315032	1.26619673	27.34431076	1.07141301	0.1627736447682769	0.0115906	0.00049
0.0389	-0.3936	0.2261	0.011194541822291628	-0.001593485607070823	0.0016632987771505957	1.30980754	28.28611183	0.99964489	0.05795260340591202	0.013032	0.00064
0.0338	-0.2994	0.1926	0.010705849631733216	-0.0014346606451393388	0.001748819910498318	1.21034682	26.13819504	1.02999341	0.16945191429188092	0.010811	0.00074
0.0339	-0.3239	0.1507	0.010089748405779218	-0.0012461650859239514	0.0017767451785302276	1.28975868	27.85314369	0.99858942	0.10812610266006475	0.00930738	0.00031
0.0358	-0.3424	0.1268	0.00966737872679659	-0.0012531464029319286	0.0018186330805780916	1.2542187	27.08563614	0.99051517	0.06786194490192339	0.00906944	0.00036
0.0306	-0.2883	0.134	0.009452703228801288	-0.0012723450247038664	0.0016842427281745281	1.15514803	24.9461441	0.97831743	0.08491322360854016	0.00840288	0.00023
0.0288	-0.3128	0.225	0.010147344271095031	-0.0015707963267948967	0.0017889624832941875	1.19250667	25.75292778	1.05686547	0.1721906049752216	0.00985819	0.00033
0.0302	-0.3596	0.2248	0.01058193125484162	-0.0016231562043547262	0.0017697638615222502	1.06513441	23.00224304	0.96638936	0.07370727415391773	0.01065	0.00038
0.0321	-0.4048	0.2008	0.010574949937833642	-0.001382300767579509	0.0017086773377024485	1.04769385	22.62560463	0.95176351	0.0865461638801498	0.0106093	0.00044
0.0321	-0.3173	0.1582	0.010545279340549737	-0.001329940890019679	0.0014835298641951804	1.05386281	22.7588253	0.98725236	0.1454588974175501	0.00899398	0.00023
0.0351	-0.2868	0.108	0.010002481943179504	-0.001223475805648025	0.001256637061435917	1.10511279	23.86560249	0.99919483	0.12750776422505755	0.00821435	0.00015
0.0367	-0.3611	0.1242	0.009749409201640325	-0.001282817000215832	0.0012339477811599909	1.17802799	25.4402504	1.04207338	0.1088551608191456	0.00908124	0.00036
0.0351	-0.3468	0.2172	0.010231120075190761	-0.0015865042900628454	0.001579522973054868	1.3839519	29.88730621	1.1198276	0.1654486677646163	0.0109307	0.00063
0.0406	-0.3081	0.2162	0.010574949937833642	-0.0015062191444711063	0.0016755160819145565	1.28230464	27.6921711	1.03781254	0.07120540585471542	0.0111658	0.00067
0.0436	-0.3592	0.1709	0.010587167242597603	-0.001429424657383356	0.001541125729510993	1.19258606	25.75464249	1.01792825	0.11057010721276377	0.0118945	0.00049
0.0421	-0.3448	0.1266	0.009807005066956136	-0.0012252211349000194	0.0014922565104551516	1.13079989	24.42033005	1.00071836	0.11186174585903232	0.00882107	0.00023
0.0455	-0.3318	0.1147	0.009290387608365815	-0.001281071670963838	0.0015062191444711063	1.08265424	23.38059425	0.95572485	0.05762153143350472	0.0086962	0.00044
0.0422	-0.3105	0.181	0.009651670763528642	-0.001473057888683214	0.0014137166941154068	1.16452134	25.1485672	1.03305812	0.12318859116189512	0.0093779	0.00025
0.0419	-0.3581	0.226	0.009801769079200155	-0.001762782544514273	0.0016004669240788003	1.10965192	23.96362686	1.02080543	0.1242286600732982	0.0106809	0.00044
0.0393	-0.3806	0.2067	0.009946631407115682	-0.0016283921921107093	0.001635373509118687	1.04195297	22.50162506	0.97723351	0.06010796326794889	0.0102832	0.00031
0.0405	-0.3289	0.1885	0.00999375529691953	-0.001574286985298885	0.0014835298641951804	1.19413495	25.78809166	1.06335474	0.08375363707695893	0.00959146	0.00038
0.0444	-0.3537	0.1613	0.010023425894203436	-0.001574286985298885	0.0014800392056911916	1.09956348	23.74575996	0.981392	0.0575580627893947	0.00923812	0.00026
0.0468	-0.2957	0.1242	0.009756390518648303	-0.0014451326206513049	0.0014922565104551516	1.21704733	26.28289795	1.04089222	0.11792035224833364	0.0089851	0.00051
0.0485	-0.3454	0.1178	0.00942477796076938	-0.0014067353771074296	0.0014346606451393388	1.24295795	26.842453	0.99410023	0.07918028333693057	0.00888741	0.00017
0.0464	-0.3113	0.2038	0.009777334469672236	-0.0016057029118347831	0.001467821900927231	1.38052166	29.8132267	1.08025809	0.15143426497090506	0.0109016	0.00105
0.0504	-0.33	0.2092	0.010012953918691468	-0.0015690509975429022	0.0016493361431346415	1.28715515	27.79692078	0.97105431	0.05078928027592618	0.0107115	0.00036
0.0535	-0.3824	0.193	0.010281734623498594	-0.0015306537539990272	0.0015707963267948967	1.1293025	24.38799286	0.96450777	0.09098588823453727	0.0113921	0.00045
0.0507	-0.3547	0.169	0.010281734623498594	-0.0014782938764391971	0.0015376350710070042	1.12816226	24.36336899	0.96386705	0.05877605666738611	0.0105656	0.00048
0.0523	-0.3487	0.1566	0.010283479952750588	-0.0014451326206513049	0.0015393804002589986	1.13438046	24.49765587	0.99469628	0.02183259571459409	0.0102327	0.00023
0.0454	-0.2942	0.1292	0.010091493735031215	-0.0012618730491919003	0.0015114551322270892	1.15711915	24.9887104	0.99651968	0.10895855286053437	0.00868577	0.00019
0.0484	-0.3693	0.1696	0.009934414102351725	-0.0013194689145077131	0.001500983156715123	1.16746056	25.21203995	1.00475969	0.1297573736753634	0.00965989	0.00036
0.0466	-0.3053	0.2433	0.010072295113259275	-0.001481784534943186	0.0016441001553786586	1.283831	27.7251339	1.03719612	0.16166568150032792	0.0103848	0.00029
0.042	-0.3135	0.2145	0.009953612724123661	-0.001356120828799594	0.0017540558982543013	1.07870436	23.29529572	0.97107643	0.05931509190774243	0.00941968	0.00025
0.0416	-0.3601	0.1715	0.010014699247943461	-0.0012775810124598492	0.0016109388995907662	1.15344059	24.90927124	0.99976403	0.10413716694115396	0.00951368	0.00023
0.0413	-0.3452	0.123	0.009637708129512687	-0.0011676252695842063	0.0014748032179352085	1.09817624	23.71580124	0.98092157	0.09485412714809868	0.00828826	0.00039
0.0453	-0.3069	0.0738	0.009086184085882479	-0.0012374384396639797	0.001329940890019679	1.19746041	25.85990524	1.04922663	0.12980997708127556	0.00917447	0.00049
0.0478	-0.2847	0.0871	0.009032078879070655	-0.0011885692206081383	0.001270599695451872	1.22977376	26.55773163	1.06864242	0.04611578102177358	0.00819975	0.00025
0.0437	-0.3328	0.1967	0.009780825128176223	-0.0013997540600994523	0.0014538592669112763	1.23687148	26.71101379	1.10486985	0.2189595330028143	0.0096857	0.00035
0.0468	-0.3884	0.2091	0.010101965710543179	-0.001500983156715123	0.0016441001553786586	1.08749795	23.48519707	1.01748362	0.10173052837250048	0.0107943	0.00032
0.0445	-0.3505	0.185	0.010478956828973955	-0.0014556045961632708	0.0015289084247470327	1.08223212	23.37147903	1.0249597	0.09117807048071272	0.0105445	0.00032
0.0484	-0.3574	0.1501	0.010304423903774522	-0.0013788101090755204	0.001450368608407288	1.0184468	21.99399567	0.95986317	0.06219336143134639	0.00941831	0.00028
0.0523	-0.3859	0.1183	0.00994488607786369	-0.0013596114873035826	0.001424188669627373	1.03918159	22.44177628	0.95136195	0.0844458193231343	0.00971931	0.00041
0.0509	-0.3351	0.0979	0.009546951008408983	-0.001350884841043611	0.0013700834628155487	1.09049821	23.5499897	0.95849613	0.09563834612632512	0.00881726	0.00031
0.0529	-0.3036	0.1885	0.009836675664240041	-0.0015323990832510211	0.0015777776438028737	1.34266341	28.99565506	1.04071859	0.15804665395128967	0.00956535	0.00047
0.0465	-0.3061	0.1969	0.00986809159077594	-0.001567305668290908	0.0016423548261266642	1.1661427	25.1835804	1.01373846	0.023844984694978782	0.0101771	0.00051
0.037	-0.347	0.1256	0.010705849631733216	-0.0012531464029319286	0.0015376350710070042	1.21013248	26.13356781	1.03967051	0.18453185307179576	0.00981069	0.00028
0.0257	-0.2542	0.0518	0.011124728652211854	-0.000921533845053006	0.0012356931104119853	1.21961474	26.33834267	1.10234157	0.230521676947629	0.0113271	0.00135
0.0314	-0.3495	-0.0062	0.012051498485020845	-0.0009581857593448868	0.0009459684545809266	1.44394469	31.18288803	1.18499126	0.22165732014659648	0.014002	0.00231
0.0214	-0.2232	0.0079	0.012431980261955609	-0.001296779634231787	0.0008587019919812101	1.38564456	29.92386055	1.09536023	0.19071710572106895	0.012281	0.00176
0.0165	-0.2656	0.0064	0.01096939434878436	-0.0015341444125030156	0.0007504915783575615	1.15212584	24.88087654	1.06824971	0.13920805525330632	0.010518	0.00044
0.0245	-0.2948	0.0086	0.010567968620825666	-0.0013543754995475996	0.001022762941668677	1.0617007	22.92809105	1.03467046	0.08207330021126126	0.00993747	0.00051
0.0295	-0.3017	0.0327	0.010135126966331072	-0.001308996938995747	0.0012531464029319286	1.16336989	25.1237011	1.0135083	0.07143018381548491	0.00946462	0.00047
0.0352	-0.3308	0.135	0.010417870305154151	-0.0015132004614790836	0.001658062789394613	1.33148658	28.75428581	1.12462019	0.18169316238845495	0.0109239	0.00084
0.0375	-0.3349	0.1305	0.010637781790905439	-0.001595230936322817	0.001609193570338772	1.21914041	26.3280983	1.00710349	0.028440558982543107	0.0112313	0.00089
0.0377	-0.3437	0.1121	0.010894345190948604	-0.0014974924982111347	0.0015166911199830724	1.0755415	23.22698975	0.97729809	0.04974021442552736	0.0109282	0.0007
0.0445	-0.3044	0.0919	0.011016518238588208	-0.0013753194505715315	0.0015027284859671175	1.1463747	24.75667763	0.96794306	0.0792154364647581	0.010579	0.00063
0.0439	-0.2687	0.0808	0.011014772909336213	-0.001446877949903299	0.0014782938764391971	1.10693026	23.90485001	0.95364436	0.05228692190558413	0.0105022	0.0007
0.0444	-0.3393	0.0797	0.010808824057600882	-0.0014067353771074296	0.0013753194505715315	1.15559137	24.95571899	1.01143638	0.08965329251994329	0.0109361	0.0006
0.0442	-0.311	0.0923	0.01038470904936626	-0.0016598081186466073	0.0010925761117484504	1.18024051	25.48803139	1.04514495	0.08909655442984403	0.0100616	0.00061
0.0454	-0.2946	0.1805	0.010618583169133501	-0.0019844393595175526	0.0011746065865921838	1.26154673	27.24389076	1.04322961	0.13782679177409604	0.0103744	0.00028
0.0437	-0.2958	0.1956	0.01069014166846527	-0.002092649773141201	0.0012461650859239514	1.13963854	24.61120605	1.03424584	0.03056637061435924	0.0111251	0.00032
0.0442	-0.3903	0.1807	0.010930997105240484	-0.0018308503853420514	0.0013631021458075715	1.13186455	24.44332314	1.03645552	0.1408795942228992	0.0110032	0.00029
0.0433	-0.2913	0.1396	0.010702358973229227	-0.0017610372152622785	0.001218239817892042	1.06730449	23.0491066	0.99424098	0.16316568150032798	0.00946039	0.00033
0.0434	-0.332	0.0703	0.01007753110101526	-0.0017139133254584315	0.0010629055144645468	1.17417979	25.35714531	1.09760885	0.15146430327226548	0.0105257	0.00058
0.0472	-0.3044	0.0369	0.009543460349904992	-0.0017994344588061536	0.0008656833089891874	1.28536272	27.75821114	1.14579103	0.10564070449666745	0.00977898	0.00048
0.0451	-0.3743	0.1167	0.009697049324080494	-0.0019076448724298022	0.0009965830028887623	1.3287853	28.69594955	1.17229943	0.17143495408493628	0.0103405	0.00045
0.0402	-0.2989	0.1693	0.01016654289286697	-0.002124065699677099	0.0012147491593880533	1.27058816	27.43914413	1.07278041	0.1781040276266532	0.00909948	0.00036
0.044	-0.3512	0.1388	0.01038470904936626	-0.0021275563581810873	0.0013142329267517303	1.4905777	32.18995667	1.05247345	0.10265702911834776	0.0121547	0.00061
0.0466	-0.3888	0.1301	0.01064650843716541	-0.002045525883337354	0.0013439035240356337	1.27188456	27.46714211	0.95857213	0.06757502299633934	0.010415	0.00033
0.0457	-0.3494	0.0933	0.010636036461653444	-0.0019826940302655584	0.0012322024519079964	1.07372427	23.18774605	0.97726101	0.08635024503556996	0.0094586	0.00032
0.0439	-0.2924	0.0478	0.010395181024878226	-0.0018675022996339327	0.001064650843716541	1.08509302	23.43326187	0.98795803	0.13047993877991496	0.00860494	0.00035
0.0445	-0.3393	0.0372	0.010051351162235343	-0.0018884462506578647	0.0010384709049366262	1.186059	25.61368561	0.96946506	0.07764768762233648	0.00890958	0.00031
0.0465	-0.339	0.1453	0.010732029570513132	-0.0022968532956245376	0.0012007865253720988	1.38720918	29.95764923	1.12294568	0.17297005368399668	0.0109529	0.00063
0.0428	-0.2975	0.1645	0.010866419922916697	-0.0022898719786165604	0.0012130038301360591	1.26954269	27.41656685	1.02295664	0.07207944870877514	0.0101619	0.00039
0.0444	-0.3691	0.1515	0.011330677503947187	-0.002141518992197042	0.0013020156219877698	1.16012287	25.05357933	1.01457274	0.12128111796508596	0.0114685	0.00049
0.0433	-0.3826	0.1404	0.011253883016859437	-0.0020106192982974674	0.0012199851471440364	1.15310895	24.90210724	0.97506361	0.04018623279155293	0.0117183	0.00049
0.0462	-0.3969	0.1246	0.011060151469888067	-0.001998401993533507	0.001239183768915974	1.14690435	24.768116	0.95670737	0.044257373675363365	0.0115771	0.00061
0.0407	-0.2555	0.1046	0.010901326507956582	-0.0020193459445574393	0.0013910274138394805	1.28733385	27.80077934	1.07458922	0.18348062789394612	0.00958443	0.00031
0.0336	-0.3122	0.0861	0.0102189027704268	-0.0019355701404617114	0.00119729586686811	1.1173178	24.12917709	0.98073018	0.13029655442984395	0.00918573	0.00022
0.0342	-0.3203	0.1571	0.010201449477906856	-0.00222529479629277	0.0012583823906879114	1.59133565	34.36588669	1.09089903	0.09811322360854025	0.0100454	0.00086
0.0319	-0.2776	0.1845	0.010393435695626231	-0.0025028021473598684	0.001296779634231787	1.39334524	30.09016037	1.04139965	0.09779454061651743	0.0100964	0.00028
0.0342	-0.3547	0.1639	0.010868165252168691	-0.0024277529895241124	0.0012025318546240932	1.10522783	23.86808586	0.97505045	0.13220132469929546	0.0101218	0.00026
0.038	-0.4048	0.1296	0.011119492664455872	-0.0022218041377887812	0.001069886831472524	1.06197715	22.93406105	0.96253435	0.11769606435870401	0.0108945	0.00045
0.0395	-0.3143	0.0932	0.010986847641304302	-0.0020751964806212577	0.000905825881785057	1.13138187	24.43289948	1.02352101	0.15056568150032795	0.00947791	0.00025
0.0397	-0.3052	0.0541	0.010704104302481223	-0.001963495408493621	0.0008325220532012951	1.16714895	25.20531082	1.01255917	0.0717874119767239	0.010357	0.00079
0.0422	-0.329	0.1102	0.010487683475233926	-0.0020298179200694054	0.0009529497715889039	1.23603344	26.69291496	1.07607404	0.1025585528605345	0.00985181	0.00044
0.0449	-0.3648	0.1773	0.010955431714768408	-0.0023457225146803788	0.0012199851471440364	1.24577296	26.90324593	1.03688689	0.15813441048502935	0.0107519	0.00045
0.0453	-0.3765	0.1657	0.010875146569176668	-0.002181661564992912	0.0013212142437597075	1.06759882	23.05546379	0.97744594	0.04097875959474388	0.0112475	0.00055
0.0465	-0.3893	0.1705	0.011410962649538926	-0.0022985986248765322	0.0011955505376161158	1.18210471	25.52828979	0.96743517	0.05772084231947352	0.011857	0.00067
0.0455	-0.3556	0.1591	0.011683234012850043	-0.002282890661608583	0.0009669124056048585	1.21522021	26.24344063	1.0219843	0.07193087292951612	0.013068	0.00228
0.0451	-0.3881	0.1277	0.011180579188275672	-0.002253220064324679	0.0008482300164692441	1.21246612	26.18396378	1.03795638	0.09685039054969441	0.0111597	0.00048
0.0411	-0.2829	0.0834	0.010047860503731356	-0.0019093902016817967	0.0010733774899765126	1.2625823	27.26625443	1.08212167	0.2385848010347234	0.00889421	0.00038
0.0393	-0.3562	0.1665	0.010142108283339047	-0.00209614043164519	0.001064650843716541	1.27826095	27.60484314	1.1166391	0.17268623279155285	0.00929284	0.0002
0.0399	-0.3917	0.1934	0.010487683475233926	-0.0024748768793279594	0.001181587903600161	1.17567909	25.38952446	1.00793006	0.10506243497306336	0.0108433	0.00047
0.0416	-0.3686	0.1722	0.010855947947404729	-0.0023020892833805202	0.0011763519158441782	1.04287732	22.52158737	0.96929611	0.07331440279371124	0.00960785	0.00025
0.0449	-0.3442	0.1488	0.010967649019532366	-0.002234021442552742	0.0011938052083641214	1.03855336	22.4282093	0.94205273	0.06096111027376794	0.00949633	0.00033
0.0472	-0.3086	0.1012	0.010548769999053728	-0.00210835773640915	0.0010140362954087054	1.17519128	25.37899017	0.99713783	0.12171558197888228	0.00952601	0.00051
0.0531	-0.365	0.0794	0.0097878064451842	-0.0018517943363659836	0.0010210176124166828	1.25545597	27.11235619	1.02472479	0.13532541354603364	0.0095579	0.00049
0.0498	-0.3484	0.1395	0.00934449281517764	-0.0017749998492782332	0.001228711793404008	1.23847258	26.7455883	1.05489134	0.1163901149040818	0.00967455	0.00047
0.0455	-0.2965	0.1822	0.00951728041112508	-0.001960004749989632	0.001429424657383356	1.14210439	24.66445732	1.00937872	0.12682526803190927	0.0095861	0.00031
0.0456	-0.3672	0.1645	0.009478883167581205	-0.0019111355309337906	0.001467821900927231	1.05825388	22.85365486	0.99171402	0.09478318530717962	0.00958192	0.00044
0.042	-0.4254	0.1534	0.009609782861480778	-0.0018308503853420514	0.0014137166941154068	1.08633161	23.46001053	0.97706454	0.0861645023151568	0.0101475	0.00032
0.0456	-0.309	0.1288	0.009594074898212828	-0.0019233528356977512	0.0013142329267517303	1.14761615	24.78348732	1.02641353	0.15498470904936634	0.00837576	0.00017
0.046	-0.3022	0.1028	0.00928340629135784	-0.0019425514574696887	0.0012723450247038664	1.07543945	23.22478676	0.98393087	0.051787756533739446	0.00792897	0.00029
0.0457	-0.3205	0.1092	0.009239773060057981	-0.0019844393595175526	0.0011676252695842063	1.34080195	28.95545578	1.05945603	0.03451204442336914	0.00890344	0.00045
0.0462	-0.3608	0.1869	0.00978431578668021	-0.0022060961745208325	0.0013264502315156904	1.35197246	29.19668961	1.08038011	0.1647512251778497	0.00989002	0.00022
0.0479	-0.2894	0.1782	0.00988379955404389	-0.0020193459445574393	0.001324704902263696	1.10556448	23.87535477	0.99181999	0.09619896632895336	0.00922072	0.00023
0.0499	-0.3881	0.1525	0.010246828038458708	-0.001980948701013564	0.0013212142437597075	1.0997299	23.74935341	1.00359026	0.1466458193231341	0.0101545	0.00029
0.0496	-0.3553	0.113	0.00993266877309973	-0.0019530234329816546	0.001270599695451872	1.07925594	23.30720711	0.95835969	0.09223495408493612	0.00930965	0.00033
0.0508	-0.34	0.0793	0.009724974592112405	-0.001932079481957723	0.0013107422682477415	1.15371144	24.91511917	1.01611972	0.06363903524035631	0.00978518	0.00041
0.0509	-0.3451	0.0967	0.009433504607029351	-0.0019722220547535923	0.0011606439525762293	1.14399695	24.70532799	0.95905745	0.04668554367752177	0.00950509	0.00031
0.0526	-0.326	0.1853	0.010131636307827083	-0.002333505209916419	0.0012880529879718153	1.37991393	29.80010414	1.02882219	0.1687411945678072	0.0110933	0.00061
0.0536	-0.3566	0.1885	0.010403907671138198	-0.0021589722847169856	0.0013281955607676848	1.19665635	25.84254074	1.04337949	0.05914734306532085	0.0111651	0.00065
0.0568	-0.3822	0.1836	0.010709340290237207	-0.002176425577236929	0.0011065387457644049	1.2214514	26.37800598	0.98134584	0.06092713633111164	0.0114545	0.00057
0.0587	-0.3519	0.1609	0.01077915346031698	-0.002171189589480946	0.0009965830028887623	1.13008249	24.40483665	0.95796957	0.06415024503556997	0.0106477	0.00041
0.0571	-0.3535	0.1216	0.010451031560942046	-0.0020682151636132805	0.0008621926504851988	1.13411462	24.49191475	0.97923323	0.07077433388230815	0.00990242	0.00042
0.0527	-0.316	0.1593	0.010278243964994606	-0.0022008601867648495	0.000879645943005142	1.14439166	24.71385193	1.00305431	0.09574429558094755	0.00986487	0.00041
0.0575	-0.3562	0.2182	0.011044443506620118	-0.0021572269554649913	0.0012688543661998775	1.17313063	25.33448792	1.06362545	0.16385205980600534	0.0117219	0.0006
0.0501	-0.3604	0.2942	0.012655382406210884	-0.0025638886711796703	0.001356120828799594	1.17269325	25.32504463	1.08074975	0.19284335389525809	0.0177672	0.00269
0.0593	-0.369	0.431	0.013552481641735966	-0.0025987952562195565	0.0014590952546672592	1.18947303	25.68741226	1.13888392	0.20634901232163164	0.025152	0.01237
0.047	-0.3672	0.3794	0.013603096190043804	-0.002309070600388498	0.0018343410438460403	1.14941239	24.82227898	1.09666476	0.1014792496658838	0.0231013	0.00726
0.0364	-0.3658	0.2944	0.011876965559821411	-0.0018832102629018814	0.0016510814723866359	1.26140952	27.24092674	1.15859311	0.2137625269584207	0.0191052	0.00307
0.031	-0.4183	0.236	0.01122770307807952	-0.0015219271077390555	0.0013037609512397642	1.23845005	26.74510384	1.11585141	0.1841933079025794	0.0140635	0.00093
0.0284	-0.415	0.1847	0.009967575358139616	-0.001350884841043611	0.000905825881785057	1.20475674	26.01747513	1.0461091	0.14865525280450284	0.0112392	0.00039
0.0378	-0.325	0.149	0.009681341360812546	-0.0013596114873035826	0.0009354964790689606	1.37829125	29.76506042	1.0570832	0.15133156204354722	0.00983435	0.00042
0.0412	-0.3545	0.1133	0.009471901850573226	-0.0011903145498601325	0.0007993607974134029	1.38388526	29.88586617	1.10605761	0.09434360646691635	0.0109376	0.00083
0.0431	-0.3381	0.1045	0.009651670763528642	-0.0012060225131280816	0.0007138396640656808	1.37595344	29.71457481	1.03289942	0.04114990047855435	0.00997007	0.00047
0.0453	-0.3674	0.1014	0.009459684545809265	-0.0011780972450961724	0.0006161012259539982	1.25039756	27.00311661	1.03284947	0.05048249619314842	0.010857	0.0007
0.0489	-0.3536	0.1093	0.009705775970340468	-0.0011571532940722405	0.0006021385919380437	1.13572025	24.52658844	0.97845205	0.0393499004785544	0.0111161	0.00096
0.048	-0.2965	0.1039	0.009873327578531921	-0.0012007865253720988	0.0006806784082777885	1.55168152	33.50953293	1.01316966	0.07788623279155286	0.0122019	0.00183
0.0492	-0.3714	0.1019	0.010365510427594322	-0.001192059879112127	0.0006038839211900379	1.49993408	32.39201355	1.04128699	0.1069851991205062	0.0141591	0.00202
0.0476	-0.323	0.1015	0.010527826048029794	-0.0009826203688728075	0.000635299847725936	1.3137511	28.37127686	1.02155878	0.07055855286053445	0.0146214	0.00325
0.0455	-0.2709	0.1019	0.01007753110101526	-0.0007539822368615504	0.000640535835481919	1.20046747	25.92484474	1.03812757	0.08880845333908878	0.0141668	0.00341
0.05	-0.3844	0.0736	0.010019935235699447	-0.0005235987755982988	0.0005445427266222308	1.55894136	33.66631317	1.22706294	0.16549862177193767	0.0169016	0.00445
0.0404	-0.3001	0.0993	0.010196213490150874	-0.0005881759579220891	0.000450294947014537	1.56194735	33.73122787	1.12879449	0.1363551608191456	0.0141765	0.00249
0.0256	-0.2767	0.1716	0.009733701238372377	-0.0010122909661567112	0.0004258603374866164	1.2078917	26.08517647	1.07742494	0.15605309347705196	0.0129492	0.00162
0.0217	-0.3072	0.1694	0.00961501884923676	-0.0008709192967451704	0.0005515240436302081	1.11504412	24.08007431	1.01724322	0.055885888234537405	0.0120836	0.00135
0.0245	-0.3869	0.1485	0.009902998175815827	-0.0006736970912698113	0.0005288347633542819	1.01170802	21.84846687	0.97546324	0.12879454061651763	0.0129905	0.00112
0.0352	-0.3608	0.1254	0.00997804733365158	-0.0006422811647339132	0.0005585053606381855	1.15807903	25.00944138	1.02522278	0.06670678408277776	0.0128335	0.00147
0.0395	-0.3127	0.109	0.009976302004399588	-0.0005497787143782138	0.0006771877497737998	1.31203175	28.33414459	1.07105311	0.07944650843716534	0.0128575	0.00131
0.0435	-0.2874	0.102	0.009859364944515966	-0.0003647738136668148	0.0006597344572538566	1.33658504	28.86438942	1.01996996	0.052269762655748175	0.0130594	0.00234
0.0487	-0.3759	0.0921	0.00976860782341226	-0.000322885911618951	0.000731292956585624	1.25268865	27.05259514	1.02672941	0.11381017612416688	0.0138964	0.0024
0.0477	-0.3175	0.0768	0.009552186996164965	-0.00034208453339088857	0.000783652834145454	1.30734861	28.23300934	1.03949023	0.08909896632895313	0.0142319	0.00249
0.0511	-0.2977	0.078	0.009428268619273369	-0.0003159045946109737	0.0008185594191853405	1.44232309	31.1478672	1.03481271	0.033650245035569896	0.0154338	0.00357
0.0521	-0.3516	0.0947	0.009635962800260694	-0.00022689280275926284	0.0009023352232810684	1.25301063	27.05954742	1.01824628	0.09062408884673821	0.015027	0.00279
0.0557	-0.3822	0.1782	0.009573130947188898	-0.0004258603374866164	0.0008587019919812101	1.27270818	27.48492813	1.11239536	0.13297163095495035	0.0147356	0.00205
0.0556	-0.314	0.2349	0.009998991284675513	-0.0007295476273336296	0.0007033676885537148	1.14538217	24.73524284	1.02581607	0.16924409653805617	0.0134502	0.00137
0.0553	-0.308	0.2141	0.010374237073854296	-0.0005881759579220891	0.0005270894341022875	1.05508065	22.78512573	0.96632968	0.06174478565208751	0.0134157	0.00111
0.0594	-0.4123	0.1929	0.010320131867042472	-0.0005393067388662478	0.000450294947014537	1.14562845	24.74056244	1.08330324	0.1385884456477708	0.0137619	0.00112
0.0565	-0.3771	0.1531	0.010421360963658142	-0.0004729842272904633	0.0003001966313430247	1.13729048	24.56049919	0.99952945	0.09378249619314832	0.0116841	0.00064
0.0582	-0.3615	0.1077	0.010094984393535202	-0.0003874630939427412	0.00048345620280242926	1.29397941	27.94429398	1.05610627	0.09245786374650333	0.0110011	0.00061
0.0549	-0.3	0.0572	0.009370672753957556	-0.0001291543646475804	0.000445058959258554	1.25229478	27.04408836	1.05095409	0.1663508806208341	0.0100378	0.00048
0.0531	-0.4002	0.0798	0.00927642497434986	-0.0001256637061435917	0.0005794493116621174	1.27030134	27.43295097	1.08715785	0.1362064395257624	0.0102593	0.00054
0.0453	-0.3114	0.1708	0.009567894959432915	-0.0005218534463463045	0.0007627088831215222	1.21209848	26.17602539	1.07338427	0.23114596483725863	0.00919181	0.00026
0.0416	-0.2718	0.1513	0.00946492053356525	-0.0005619960191421741	0.0008726646259971648	1.12740147	24.34693909	1.00032121	0.07545363707695897	0.00947309	0.00045
0.0412	-0.3963	0.1173	0.009452703228801288	-0.0003612831551628262	0.0008936085770210966	1.1654613	25.1688652	1.0550156	0.170593705988362	0.009583	0.00033
0.0415	-0.3575	0.0833	0.009347983473681628	-0.00023212879051524583	0.0008342673824532895	1.04860234	22.64522171	0.95647939	0.08776076571675241	0.0091815	0.00042
0.0444	-0.3135	0.0549	0.009161233243718236	-6.108652381980153e-05	0.0007068583470577034	1.12058854	24.19981003	0.96968233	0.09956007660272109	0.0092122	0.00047
0.0468	-0.2988	0.037	0.008998917623282763	-6.45771823237902e-05	0.0006911503837897545	1.08638561	23.46117592	0.96587266	0.04407571211037055	0.00983983	0.00047
0.047	-0.3714	0.0433	0.008733627576979625	3.490658503988659e-05	0.0007033676885537148	1.15228856	24.88439178	1.02543236	0.09794955592153876	0.0105608	0.00048
0.0509	-0.3364	0.1349	0.008840092661351278	-0.00020943951023931956	0.0007696902001294993	1.41273844	30.50896835	1.13062556	0.1513566845613322	0.0102214	0.00061
0.0502	-0.2789	0.1689	0.009197885158010117	-0.00038048177693476387	0.0008639379797371932	1.21862578	26.31698418	1.00088737	0.1233541271480988	0.00970751	0.00051
0.052	-0.3844	0.1433	0.00952251639888106	-0.000317649923862968	0.0008237954069413235	1.04985821	22.67234421	0.9742535	0.15428028333693047	0.0101868	0.00035
0.0504	-0.3902	0.1161	0.009656906751284626	-0.0001256637061435917	0.0007155849933176752	1.02603734	22.15791702	0.94082225	0.05632934918732953	0.0108646	0.00054
0.0502	-0.2814	0.0819	0.009351474132185619	-7.155849933176751e-05	0.0007190756518216638	1.16026521	25.05665207	1.03206558	0.161351424220741	0.0101833	0.0006
0.0549	-0.2952	0.0516	0.0091717052192302	2.792526803190927e-05	0.0008011061266653974	1.17098629	25.2881813	1.02356583	0.06686415775814146	0.0101737	0.00064
0.0554	-0.351	0.0472	0.008930849782454984	-8.726646259971648e-05	0.0008203047484373349	1.18094015	25.5031395	0.98580164	0.07946228945893896	0.0102961	0.00048
0.0576	-0.317	0.0732	0.00873188224772763	-0.0001239183768915974	0.0008290313946973065	1.29774916	28.02570343	1.00005696	0.0744173047639603	0.0101423	0.00095
0.0552	-0.2797	0.1564	0.00887325391713917	-0.0003612831551628262	0.0010314895879286487	1.31697464	28.44088936	1.03798076	0.15195973204570556	0.00961882	0.00049
0.0522	-0.3615	0.1563	0.008862781941627205	-0.00023387411976724014	0.0008499753457212384	1.23431063	26.65571022	1.07274093	0.10086976265574804	0.0102955	0.00055
0.0537	-0.3868	0.1405	0.00907396678111852	-0.00014486232791552936	0.0008936085770210966	1.11560154	24.09211159	0.99289514	0.05979149313214416	0.00980496	0.00028
0.0518	-0.2799	0.0935	0.009051277500842591	1.5707963267948964e-05	0.0009686577348568529	1.15444613	24.9309845	1.03516771	0.16871543646475817	0.00846404	0.00033
0.0549	-0.2792	0.0535	0.008552113334772213	0.0002129301687433082	0.0008325220532012951	1.17350829	25.34264374	1.0036438	0.0854261026600647	0.00952578	0.00057
0.0568	-0.3621	0.0435	0.008372344421816799	0.0001239183768915974	0.0008063421144213803	1.24617171	26.9118557	1.02346039	0.109548032179352	0.0101498	0.00065
0.0567	-0.2965	0.1126	0.008377580409572781	-4.71238898038469e-05	0.0008028514559173916	1.22716546	26.50140381	1.04340849	0.14378844564777077	0.00934976	0.00036
0.0564	-0.2675	0.1587	0.008499753457212385	-0.00020769418098732522	0.0008621926504851988	1.09048116	23.54962158	0.98389878	0.09250422666954444	0.0090456	0.00029
0.0574	-0.331	0.1406	0.008517206749732328	-0.0001658062789394613	0.0009040805525330626	1.01606917	21.94264793	0.94157667	0.08766145483078353	0.00962704	0.00039
0.058	-0.3688	0.1196	0.008520697408236317	-5.061454830783555e-05	0.0009808750396208131	1.03714454	22.39778519	0.94815318	0.06917384381116828	0.00993931	0.00044
0.0587	-0.3938	0.0989	0.008496262798708396	2.96705972839036e-05	0.0009913470151327792	1.07874548	23.29618263	0.95708123	0.052159586531581294	0.0109151	0.0006
0.057	-0.3144	0.0718	0.008281587300713093	0.00019198621771937622	0.0010873401239924673	1.15528083	24.94901085	1.01596161	0.13184921136452313	0.0100546	0.00048
0.0575	-0.3646	0.0623	0.00832871119051694	0.00029496064358704166	0.0010978120995044332	1.3821826	29.8490963	1.02691208	0.06822851455917385	0.0114062	0.00102
