trans_x	trans_y	trans_z	rot_x	rot_y	rot_z	dvars_std	dvars_nstd	dvars_vstd	framewise_displacement	aqi	aor
0.0	-0.0	0.0	-0.0	0.0	-0.0	n/a	n/a	n/a	n/a	0.0584742	0.01484
0.0019	0.0568	0.0088	-0.00018151424220741024	-3.665191429188092e-05	-4.71238898038469e-05	1.03263807	27.92559242	0.93846764	0.08076450231515692	0.0567681	0.01322
-0.0069	0.0703	0.0356	-5.061454830783555e-05	-0.00021642082724729686	-6.9813170079773176e-06	1.21359396	32.81917572	1.00152061	0.06664055898254301	0.0523928	0.01144
-0.0019	0.1218	0.0201	-0.00010471975511965978	-0.00010821041362364843	2.4434609527920616e-05	1.14489985	30.961483	0.97190361	0.08168657734856853	0.0514212	0.01166
0.0016	0.0503	0.0127	-0.0002583087292951608	3.316125578789226e-05	5.93411945678072e-05	1.12522388	30.42938614	0.9902507	0.09889336143134643	0.0561117	0.01352
0.005	0.0372	0.0212	-0.0001972222054753592	-6.981317007977319e-05	-3.490658503988659e-05	1.15632796	31.2705307	0.96590363	0.03791543646475804	0.0560212	0.01415
-0.0022	0.0667	0.064	-0.0002617993877991494	-0.00021642082724729686	-8.37758040957278e-05	1.08827937	29.43029594	0.98388284	0.09250270292735777	0.0534552	0.01187
-0.0044	0.128	0.0752	-0.0004328416544945937	-0.0002443460952792061	-7.155849933176751e-05	1.04863703	28.35825157	1.02848568	0.08525924197456569	0.0496586	0.00932
0.0021	0.0681	0.0341	-0.00048171087355043494	-9.948376736367679e-05	-0.00013962634015954637	1.04255533	28.19378281	0.97971715	0.12058996938995747	0.0557327	0.01172
0.0034	0.0581	0.0255	-0.0003193952531149623	-1.0471975511965975e-05	-0.00020943951023931956	1.10487044	29.87896729	0.93311468	0.035957029118347826	0.0557603	0.01249
0.0038	0.1141	0.0365	-0.00039968039870670147	3.316125578789226e-05	-0.00027925268031909274	1.19887924	32.42124557	0.97132819	0.07708657734856851	0.0515926	0.01109
-0.0004	0.1681	0.0778	-0.0002181661564992912	7.330382858376184e-05	-0.00019024088846738194	1.13867712	30.79319954	0.99598015	0.11503343034274954	0.0480362	0.00896
0.0046	0.0577	0.0619	-0.0003089232776029963	3.316125578789226e-05	-0.0002530727415391778	1.16737628	31.56931114	1.07118339	0.1409865773485685	0.0545184	0.0122
0.01	0.0778	0.0453	-0.0004433136300065597	-4.0142572795869576e-05	-0.00035430183815484887	1.0988822	29.71702957	0.97685532	0.057546163880149805	0.0539588	0.01223
0.0147	0.0992	0.0536	-0.0006230825429619757	6.9813170079773176e-06	-0.0003944444109507184	1.03666461	28.03448105	0.94447751	0.04775176877775662	0.0528412	0.01157
0.0163	0.0895	0.1042	-0.0004747295565424576	1.2217304763960308e-05	-0.0003682644721708035	1.03823829	28.07703781	0.96804626	0.0708884456477708	0.0504664	0.00912
0.0216	0.1183	0.1067	-0.00043458698374658803	0.00010471975511965978	-0.00024260076602721178	0.98891193	26.74310684	0.94153271	0.04951543646475805	0.0498997	0.00888
0.028	0.0267	0.0769	-0.0004136430327226561	0.00027750735106709843	-0.00017278759594743863	1.05907261	28.64045906	0.98983723	0.1409772358525572	0.0558972	0.01127
0.0288	0.0925	0.0678	-0.0006806784082777885	0.0003630284844148205	-0.0001658062789394613	1.13825524	30.78179359	0.99196494	0.0936768912955416	0.0519362	0.01078
0.0361	0.091	0.1027	-0.0006806784082777885	0.00034208453339088857	-3.665191429188092e-05	1.11985004	30.28406143	0.99086481	0.05120491578357562	0.0517696	0.01115
0.0312	0.1276	0.1407	-0.0005462880558742252	0.00017278759594743863	-0.00011170107212763708	1.08932102	29.45846748	0.98402126	0.09843682238413846	0.0477456	0.00836
0.0401	0.0762	0.1235	-0.0009616764178488756	0.00017104226669544429	0.00010297442586766544	1.02159894	27.62706184	0.96290247	0.10909045946109734	0.0518625	0.01075
0.0439	0.0968	0.094	-0.0008831366015091308	9.599310885968811e-05	6.45771823237902e-05	1.0028646	27.12042809	0.95943853	0.06349931088596882	0.0520678	0.01039
0.0453	0.0592	0.1169	-0.000947713783832921	0.00020420352248333657	0.00014311699866353502	1.01046073	27.32584953	0.95164188	0.07446637061435916	0.0531373	0.01066
0.0401	0.1473	0.1534	-0.0008761552845011534	0.0001605702911834783	0.00011519173063162575	1.06253541	28.73410225	1.01964807	0.13695584993317675	0.0479172	0.00792
0.044	0.1455	0.1301	-0.0009337511498169664	0.00024260076602721178	8.901179185171081e-05	0.96845376	26.18985748	0.91094297	0.03729031394697308	0.0492886	0.008
0.0452	0.0656	0.117	-0.0008290313946973065	0.000296705972839036	-9.773843811168246e-05	1.0060091	27.20546532	0.97577026	0.11147875959474383	0.0537081	0.00994
0.0447	0.1009	0.125	-0.000900589894029074	0.0003001966313430247	-8.028514559173915e-05	0.96410537	26.07226372	0.91564101	0.04842512251778497	0.051513	0.00936
0.0443	0.112	0.1912	-0.0010629055144645468	0.0002565634000431664	0.00017802358370342162	1.09220099	29.53634834	0.99649043	0.1009128790515246	0.0487509	0.00776
0.0379	0.1341	0.1944	-0.0007208209810736582	0.0001884955592153876	1.9198621771937625e-05	0.98322964	26.5894413	0.95779229	0.060148866807507535	0.0465096	0.00636
0.0497	0.08	0.1642	-0.0012479104151759456	0.0003717551306747922	0.00028797932657906436	0.95317268	25.77661133	1.00898413	0.14505648551844091	0.0516827	0.00918
0.051	0.1004	0.1686	-0.001256637061435917	0.00034906585039886593	0.0003159045946109737	0.92784905	25.09178543	0.92006775	0.029067059728390337	0.0508322	0.00864
0.0476	0.1583	0.1829	-0.0011519173063162574	0.0002199114857512855	0.00035081117965086024	1.01481593	27.4436264	0.97470651	0.08903903524035633	0.0477337	0.00717
0.0447	0.1695	0.222	-0.0013404128655316449	0.00015009831567151235	0.00038048177693476387	0.99881995	27.01104927	0.98239475	0.06759896632895324	0.0472264	0.00726
0.0439	0.1643	0.1869	-0.0015585790220309364	0.00010297442586766544	0.000296705972839036	0.96780014	26.17218208	0.97667596	0.05855329251994331	0.0497294	0.00855
0.0473	0.0843	0.1561	-0.0014364059743913332	0.00020594885173533088	0.00038048177693476387	1.00561607	27.19483757	1.00194551	0.12964616388014985	0.0524842	0.0101
0.0476	0.1434	0.1605	-0.0013072516097437528	1.9198621771937625e-05	0.0002740166925631097	0.96080869	25.98311234	0.93276233	0.0849184839491314	0.0494626	0.00873
0.0408	0.135	0.2161	-0.001281071670963838	-0.00015533430342749534	0.00024260076602721178	1.03227901	27.9158802	0.99378826	0.08240643952576225	0.0475455	0.00719
0.0415	0.1457	0.2229	-0.0013945180723434693	-0.00019896753472735358	0.0002670353755551324	0.98601431	26.66474724	0.9487443	0.02727571211037049	0.0488145	0.00746
0.0477	0.1217	0.1588	-0.001553343034274953	0.00017627825445142725	0.00033335788713091696	1.04214883	28.18279076	1.01857077	0.12431966313430244	0.0521966	0.009
0.0465	0.1128	0.1674	-0.0014259339988793671	0.00020769418098732522	0.00032812189937493397	0.97094053	26.25710678	0.91938762	0.026903047484373346	0.0516829	0.00858
0.0418	0.2516	0.2184	-0.0015323990832510211	6.108652381980153e-05	0.00034033920413889426	1.004987	27.17782402	1.00716347	0.2077645023151569	0.046335	0.00654
0.0399	0.2238	0.2148	-0.0018186330805780916	0.0001012290966156711	0.00030194196059501896	0.91143215	24.64782333	0.90118759	0.05153869068334078	0.0479496	0.00717
0.0418	0.1163	0.1949	-0.0017243853009703976	0.00010471975511965978	0.00018500490071139895	0.99515224	26.91186333	0.96522554	0.14003377489976512	0.0524634	0.00873
0.0423	0.1707	0.1773	-0.001626646862858715	4.18879020478639e-05	4.537856055185256e-05	0.91890121	24.84980965	0.9263507	0.08750983156715118	0.0488834	0.0084
0.0335	0.1987	0.2244	-0.0016824973989225337	-4.537856055185256e-05	-1.7453292519943296e-05	0.94992262	25.6887207	0.92817338	0.09419744258676653	0.0473325	0.00698
-0.0051	0.2144	0.2628	-0.0010053096491487337	-0.0005619960191421741	0.00011344640137963142	1.02481496	27.71403122	1.0222231	0.15893524511318483	0.0448602	0.00575
-0.0222	0.1599	0.3203	-0.0012269664641520136	-0.0010088003076527223	-0.00028099800957108706	1.08805346	29.42418861	1.09954304	0.18224527572322732	0.0472317	0.00546
-0.013	0.178	0.2743	-0.0012409290981679683	-0.0008429940287132613	-0.000291469985083053	1.03029001	27.86209297	0.97604214	0.08281204442336905	0.0459777	0.00545
-0.0039	0.2472	0.2141	-0.001165879940332212	-0.0006963863715457374	-0.0001658062789394613	0.98328602	26.59096527	0.98954722	0.1558660260573436	0.0437733	0.00566
-0.0045	0.2243	0.221	-0.0013159782560037243	-0.0006370451769779302	-0.0001064650843716541	0.93729746	25.34729958	0.91424684	0.04383903524035633	0.0450181	0.006
0.0009	0.2372	0.2506	-0.0014119713648634124	-0.0004886921905584122	5.93411945678072e-05	1.01445687	27.433918	0.9903671	0.06840761871093336	0.0451569	0.00536
0.01	0.2904	0.2332	-0.0013927727430914749	-0.0004363323129985824	6.981317007977319e-05	0.98711246	26.69444466	0.93757493	0.08380152374218666	0.0434055	0.00549
0.0189	0.2154	0.2277	-0.0012775810124598492	-0.00027576202181510406	4.18879020478639e-05	1.0286777	27.81849098	0.96287802	0.10458436449235065	0.0459231	0.00567
0.0059	0.1892	0.218	-0.001656317460142619	-0.0005480333851262194	7.330382858376184e-05	1.00835443	27.26889038	0.97064894	0.08302118687648917	0.048979	0.00707
0.0122	0.2505	0.2114	-0.0009424777960769379	-0.0010332349171806431	-2.4434609527920616e-05	1.10773814	29.95652008	0.97570074	0.13903898171158935	0.0426382	0.00536
0.0071	0.2684	0.2401	-0.001387536755335492	-0.0008115781021773631	-0.00013264502315156904	1.19582796	32.33872986	0.98964421	0.09044630939427414	0.0436749	0.00543
0.0053	0.2409	0.2481	-0.0015655603390389136	-0.000778416846389471	-6.981317007977319e-05	1.02481174	27.71394539	0.93730586	0.05100083462815548	0.0459144	0.00573
0.0135	0.204	0.2093	-0.0017715091907742446	-0.0008307767239493009	-0.0001675516081914556	0.98516703	26.64183426	0.94448951	0.10170235837034217	0.048754	0.00759
0.0238	0.2381	0.1941	-0.0019669860669976093	-0.0009162978572970229	-0.0002530727415391778	0.96498698	26.09610558	0.97015402	0.07792595714594049	0.0478851	0.00792
0.0213	0.2637	0.2741	-0.0021589722847169856	-0.001117010721276371	-0.00013788101090755203	1.02679431	27.76755905	0.98885816	0.13349454061651747	0.0460858	0.00612
0.0239	0.2199	0.2744	-0.002670353755551324	-0.0009896016858807848	-8.726646259971648e-05	0.98827082	26.72576904	0.97945792	0.08117025272688796	0.0502281	0.00741
0.0199	0.2166	0.2233	-0.002567379329683659	-0.0007819075048934597	8.726646259971648e-06	1.00701809	27.23274994	0.95941209	0.0787330857857339	0.0506862	0.00804
0.0223	0.2663	0.2035	-0.002357939819444339	-0.001158898623324235	-1.3962634015954635e-05	1.08304763	29.28881454	0.97470471	0.10235599544730108	0.0487653	0.00816
0.0171	0.3095	0.2268	-0.0022985986248765322	-0.0013456488532876281	6.108652381980153e-05	1.07793641	29.1505928	1.0070697	0.08775702911834785	0.0467973	0.00746
0.0053	0.228	0.2556	-0.0025202554398798117	-0.0008080874436733745	-5.4105206811824215e-05	1.05161452	28.43877029	0.98711582	0.1658204977624579	0.0494965	0.00756
0.0049	0.2135	0.2228	-0.0023544491609403502	-0.000752236907609556	0.00015533430342749534	1.02677274	27.7669754	0.95642686	0.06925481626212998	0.0505303	0.00797
0.0214	0.2594	0.1947	-0.0022602013813326567	-0.0005864306286700947	0.00041538836197465044	1.023067	27.6667614	0.93239691	0.11650540585471549	0.0496737	0.00809
0.0157	0.2679	0.1779	-0.0021938788697568722	-0.0006161012259539982	0.00027925268031909274	1.0354532	28.00172043	0.94039915	0.042606439525762305	0.0487297	0.00867
0.0016	0.2887	0.2075	-0.002143264321449037	-0.0005166174585903216	0.0003595378259108319	1.14900756	31.07256699	0.96222678	0.07601917306316254	0.0471646	0.00812
0.0013	0.2758	0.2051	-0.001996656664281513	-0.0002722713633111154	0.00034033920413889426	0.95954645	25.94897652	0.93251612	0.0361076187109334	0.0464187	0.00744
0.0087	0.2158	0.2234	-0.0022776546738526	-0.0003298672286269283	0.00045553093477052	0.95348215	25.78498077	0.9313321	0.10838928027592629	0.0498183	0.00848
0.0051	0.2442	0.2393	-0.0022148228207808044	-0.00045553093477052	0.00024085543677521747	0.95615238	25.85719109	0.92129015	0.06805855286053453	0.0474106	0.00665
0.0049	0.2375	0.3077	-0.0021048670779051613	-0.0008429940287132613	0.00011170107212763708	1.07591581	29.09595108	0.99870777	0.1066286600732982	0.0464485	0.00534
0.0098	0.2889	0.338	-0.0018797196043978928	-0.001265363707695889	0.00014660765716752367	1.11418056	30.13074303	0.99496234	0.1207211868764892	0.0439381	0.00443
0.0157	0.2197	0.3081	-0.002178170906488923	-0.001117010721276371	0.00011170107212763708	1.04675865	28.30745316	0.98224401	0.12908554367752179	0.046528	0.00525
0.0172	0.2262	0.3107	-0.0020420352248333657	-0.0010821041362364843	0.0002129301687433082	1.05733097	28.59335899	0.94373443	0.02421356816555576	0.0466167	0.00459
0.0098	0.2588	0.389	-0.0022549653935766737	-0.0012077678423800758	6.283185307179586e-05	1.06118309	28.69753265	0.9702912	0.1427346095279206	0.0467806	0.0042
0.0025	0.3159	0.4111	-0.0021223203704251047	-0.001408480706359424	-0.0002478367537831948	1.19877613	32.41845703	1.00107827	0.11870132469929544	0.0440009	0.00345
0.0072	0.2219	0.3941	-0.0022479840765686964	-0.001387536755335492	-0.0001186823891356144	1.16624069	31.53860283	0.9982435	0.12948810109075523	0.0474958	0.00459
0.0022	0.2346	0.432	-0.0022410027595607188	-0.0016877333866785165	-9.250245035569947e-05	1.08652437	29.3828373	0.96173065	0.07226789435654586	0.0477245	0.00429
-0.014	0.3408	0.4441	-0.003274237676741362	-0.0018099064343181197	-0.00028274333882308137	1.17170215	31.68629456	1.07022708	0.20178244266438136	0.0492589	0.005
-0.0153	0.2695	0.424	-0.0024975661596038853	-0.0018762289458939042	-0.0004799655442984406	1.09890103	29.71753693	1.00947756	0.14471081170943098	0.0467782	0.00414
-0.0202	0.3286	0.4689	-0.0027419122548830916	-0.0015254177662430443	-0.0004433136300065597	1.06830847	28.89022446	0.97490432	0.1404904594610973	0.046732	0.00378
-0.0237	0.3389	0.5057	-0.0027366762671271086	-0.001408480706359424	-0.0006126105674500097	1.02043641	27.59562111	0.94325704	0.06517349925415271	0.048942	0.00395
-0.0224	0.2899	0.4831	-0.0026720990848033187	-0.0011763519158441782	-0.00047123889803846896	1.14618266	30.99617386	0.96463345	0.09480388211252887	0.0488073	0.00425
-0.0173	0.2961	0.4867	-0.002617993877991494	-0.001329940890019679	-0.000307177948351002	1.20436811	32.56967926	0.97700803	0.03348775653373965	0.0488449	0.00396
-0.0156	0.3032	0.4957	-0.0024556782575560214	-0.0012880529879718153	-0.00037524578917878077	1.18824375	32.13362885	0.99668269	0.03141356816555576	0.0477313	0.00398
-0.0242	0.3487	0.5882	-0.002494075501099897	-0.0015550883635269475	-0.00032812189937493397	1.19730973	32.37879944	1.04532706	0.16422782544514267	0.0508373	0.00417
-0.0245	0.3721	0.6141	-0.0026092672317315226	-0.0016231562043547262	-0.00034557519189487725	1.05874681	28.63164902	0.99254202	0.0596356431989674	0.0506555	0.00399
-0.0292	0.3088	0.573	-0.0023911010752322315	-0.0018343410438460403	-0.00047647488579445195	1.07238686	29.00051498	0.97976945	0.137112534494509	0.0499353	0.00375
-0.024	0.3351	0.5518	-0.0023649211364523163	-0.0020106192982974674	-0.0004415683007545654	1.05828691	28.6192112	0.94203987	0.06456823891356143	0.0486904	0.00315
-0.0273	0.3833	0.5735	-0.002371902453460294	-0.001509709802975095	-0.0004206243497306334	1.13488901	30.69075775	0.97335668	0.09964173816771411	0.0482352	0.00315
-0.0352	0.3684	0.6203	-0.002155481626212997	-0.0012095131716320703	-0.00039793506945470715	1.11857617	30.2496109	0.98034255	0.09656533694331232	0.0498607	0.00374
-0.0296	0.3711	0.5645	-0.0017139133254584315	-0.0011763519158441782	-0.0002565634000431664	1.07707036	29.12717056	0.97403424	0.09490506129769985	0.0463495	0.00293
-0.0204	0.2931	0.5872	-0.0018273597268380628	-0.0009564404300928925	-0.00041015237421866745	1.1244874	30.4094677	1.00326434	0.1342473430653209	0.0496975	0.00342
-0.0241	0.398	0.6016	-0.0021013764194011725	-0.0009721483933608416	-0.0004380776422505767	1.07375646	29.03755379	0.99812457	0.13888249619314835	0.0480348	0.0032
-0.0246	0.366	0.6286	-0.002150245638457014	-0.0005201081170943102	-0.00035081117965086024	1.04195952	28.17767143	0.97685435	0.08890879789610452	0.0507221	0.00402
-0.0178	0.3344	0.5983	-0.0016231562043547262	-0.0006300638599699529	-0.0003525565089028545	1.02907896	27.8293438	0.97669077	0.10063952531149627	0.0477028	0.00375
-0.0074	0.2892	0.6357	-0.0022235494670407763	-0.0003612831551628262	-5.585053606381854e-05	1.03375161	27.95570374	1.00623967	0.1512939970166106	0.0525899	0.005
-0.0031	0.3886	0.5796	-0.0026284658535034606	-0.00040840704496667313	0.00016231562043547262	1.2182616	32.94540024	1.05228885	0.19331032163829112	0.0496076	0.00404
-0.0065	0.3856	0.6469	-0.0022654373690886398	-0.00047647488579445195	-0.000445058959258554	1.18015027	31.91475868	1.03686769	0.1256235452468313	0.0505747	0.00425
-0.0051	0.3483	0.6606	-0.0014870205226991688	-0.0006859143960337716	-0.00041538836197465044	1.13814282	30.77875137	0.99122164	0.10327634769563464	0.0494377	0.00347
0.0036	0.3789	0.6686	-0.0016999506914424768	-0.000705113017805709	-0.00043458698374658803	1.05362761	28.49320984	0.96570845	0.05986637061435917	0.0493372	0.00329
-0.0062	0.39	0.6748	-0.0014276793281313615	-0.0005951572749300663	-0.0006510078109938849	1.03871667	28.08997536	0.93469991	0.05703239667170272	0.0490794	0.00317
-0.0067	0.3926	0.7194	-0.0015184364492350666	-0.0004799655442984406	-0.0005951572749300663	1.18314898	31.99585152	1.01399418	0.06078996938995754	0.0521697	0.00429
0.007	0.3077	0.7097	-0.001689478715930511	-0.00022340214425527416	-0.00034033920413889426	1.19858921	32.41340256	1.06887112	0.1424211868764892	0.054232	0.00458
0.0127	0.3649	0.7177	-0.0017749998492782332	-0.00029321531433504735	-0.0005253441048502931	1.11353457	30.11327171	0.95187583	0.08791696020694476	0.0531727	0.00405
-0.0041	0.4397	0.7121	-0.0017383479349863521	-0.0009983283321407565	-0.001043706892692609	1.16244304	31.43590355	1.06741686	0.16020638599699533	0.0513366	0.00339
-0.013	0.3685	0.7716	-0.0019285888234537342	-0.0012601277199399059	-0.0011536626355682519	1.13732326	30.75658989	1.06131527	0.16769980095710868	0.0557718	0.00513
0.0097	0.4674	0.787	-0.0025586526834236872	6.45771823237902e-05	-0.0008482300164692441	1.10877669	29.98460388	1.07503623	0.25001006906663287	0.0586639	0.00639
0.0187	0.4337	0.7335	-0.0017313666179783749	-0.0006544984694978735	-0.0005462880558742252	1.01338303	27.40487671	0.98682257	0.18861518389309975	0.0518864	0.00348
0.0277	0.3435	0.7105	-0.0013264502315156904	-0.000900589894029074	-0.000450294947014537	0.96466076	26.08728409	0.97649359	0.15955004599267864	0.0513116	0.00393
0.0351	0.4101	0.6545	-0.0009773843811168245	-0.0010960667702524388	-0.0003473205211468716	1.04390848	28.2303772	1.00857857	0.16237585762449483	0.044926	0.00251
0.0326	0.4612	0.6429	-0.0005969026041820607	-0.0012007865253720988	-0.0005410520681182421	1.28054953	34.62985229	1.02262594	0.09914665395128963	0.0429863	0.00224
0.0332	0.4964	0.6482	-0.0005462880558742252	-0.0014643312424232424	-0.0003874630939427412	1.22807133	33.21068573	0.99638311	0.06448741197672399	0.0426773	0.00203
0.0463	0.3817	0.6009	-0.0006387905062299246	-0.0014364059743913332	-0.0002303834612632515	1.19551611	32.33029556	1.02864009	0.18897536755335492	0.0413063	0.00219
0.0472	0.4018	0.5906	-0.0007958701389094143	-0.0013962634015954637	-0.00010297442586766544	1.17600203	31.80257797	0.97602735	0.04753156204354724	0.0406055	0.00174
0.0605	0.4866	0.613	-0.0009721483933608416	-0.0012863076587198209	0.00028099800957108706	1.26368654	34.17382431	0.99941199	0.15401032163829112	0.0421409	0.0023
0.0567	0.4752	0.6881	-0.000619591884457987	-0.0012740903539558604	0.0003211405823669566	1.32166648	35.74177551	1.04805926	0.11054581932313425	0.0457591	0.00276
0.0642	0.4061	0.6673	-0.0008395033702092724	-0.0017767451785302276	0.00031415926535897925	1.21390104	32.82748032	1.05981218	0.1338773813666815	0.044924	0.00242
0.0605	0.4517	0.6601	-0.000619591884457987	-0.0021607176139689798	0.00027750735106709843	1.15676963	31.28247643	0.99688617	0.08852679177409588	0.0420595	0.00179
0.0516	0.4807	0.6811	-0.00033684854563490564	-0.002237512101056731	0.0001256637061435917	1.05010915	28.39805984	0.98800551	0.084469073541717	0.0417397	0.00144
0.0249	0.3978	0.7291	0.00037350045992678646	-0.0030176742766981957	1.3962634015954635e-05	1.09192395	29.52885818	1.06908481	0.23771061266653967	0.0452452	0.00222
0.0261	0.4197	0.7341	0.00035430183815484887	-0.0032096604944175725	0.0003298672286269283	1.09352839	29.57224655	0.95220994	0.05445447170511444	0.0449646	0.00207
0.0446	0.385	0.6891	-0.0005707226654021458	-0.0027035150113392165	0.00038397243543875244	1.11375213	30.11915398	0.98974351	0.17246375967235866	0.0448983	0.00222
0.0551	0.4067	0.649	-0.00046425758103049166	-0.0023422318561763904	0.0005113814708343385	1.08568525	29.36014366	0.98808636	0.10205786374650336	0.0417849	0.00194
0.0589	0.4374	0.7042	-0.0005602506898901797	-0.002769837522915001	0.0005602506898901797	1.14243412	30.89480209	0.97482815	0.118323399732707	0.0446953	0.00222
0.0549	0.4759	0.687	-0.001429424657383356	-0.002494075501099897	0.0008011061266653974	1.11295879	30.09770012	0.99887978	0.12898957130417488	0.0461981	0.00317
0.0699	0.4011	0.5656	-0.0008255407361933179	-0.0025516713664157096	0.0008761552845011534	1.14005196	30.83038139	1.07690673	0.2480264472170804	0.0389755	0.00177
0.089	0.3311	0.5874	-0.0007557275661135446	-0.002844886680750757	0.0009180431865490173	1.28980744	34.88021088	1.07161275	0.13114581932313427	0.0408111	0.00218
0.0546	0.3428	0.6001	-0.0004886921905584122	-0.0030962140930379405	0.00021642082724729686	1.26646805	34.24904633	1.01929919	0.11979925735720172	0.041196	0.00165
0.05	0.4038	0.6654	0.0001937315469713706	-0.003162536604613725	0.0003961897402027128	1.27642989	34.51844406	1.07052883	0.17732575810304915	0.0407494	0.00189
0.0475	0.3368	0.6163	0.00029496064358704166	-0.0031677725923697077	0.00018675022996339323	1.09054375	29.49153328	0.99654351	0.1343952297305487	0.0390961	0.0017
0.0617	0.2759	0.6002	0.00026878070480712676	-0.0026965336943312393	0.0002129301687433082	1.1125803	30.08746529	0.99511682	0.11737993877991491	0.040177	0.00159
0.0667	0.3453	0.6128	-0.00022340214425527416	-0.002993239667170275	6.283185307179586e-05	1.03075349	27.87462616	0.97278663	0.1339493568786475	0.0398299	0.00158
0.0685	0.3714	0.6167	1.0471975511965975e-05	-0.002780309498426967	0.00014486232791552936	1.08673048	29.38840866	0.92583583	0.05824173816771412	0.0387371	0.0014
0.064	0.3533	0.688	-0.0001658062789394613	-0.0026912977065752563	0.0004433136300065597	1.26551437	34.22325516	1.0255176	0.12208706741970836	0.0442104	0.00221
0.0883	0.3373	0.6815	-0.00023561944901923448	-0.0027192229746071652	0.000460766922526503	1.17282474	31.71665382	0.98745614	0.05255958653158124	0.0437124	0.00207
0.0961	0.3628	0.6678	0.000582939970166106	-0.0031311206780778272	0.00033335788713091696	1.1148212	30.14806747	0.95254177	0.11489330790257948	0.039087	0.00143
0.0942	0.3622	0.6724	0.00033684854563490564	-0.0034574972482007667	0.00014137166941154068	1.02401817	27.69248199	0.94450117	0.04532271061867584	0.0393776	0.00117
0.0965	0.3391	0.6887	0.0007487462491055673	-0.0030072023011862297	0.0005899212871740833	1.02980328	27.84892845	0.95613831	0.10723711341238704	0.0409042	0.00137
0.0651	0.4124	0.7034	0.0005078908123303499	-0.0026965336943312393	0.0007190756518216638	1.153561	31.19570541	1.01249134	0.15343392041388942	0.0417636	0.00179
0.0546	0.402	0.6121	0.0014852751934471744	-0.003040363556974122	0.000593411945678072	1.23224497	33.32355118	1.05434469	0.18454389749516495	0.0336006	0.00084
0.0657	0.3702	0.6006	0.001514945790731078	-0.0029827676916583086	0.0007993607974134029	1.14424825	30.94386101	0.96193286	0.06906076571675239	0.0336853	0.00074
0.0756	0.3649	0.5771	0.001626646862858715	-0.003232349774693498	0.0006911503837897545	1.15785933	31.31194496	0.96097368	0.0621746784393238	0.0318064	0.00054
0.0713	0.4248	0.6115	0.0011519173063162574	-0.0029705503868943488	0.0006265732014659643	1.09549129	29.62532806	0.97890038	0.13865530633326995	0.0341056	0.00083
0.0653	0.4333	0.5843	0.0010192722831646884	-0.0029688050576423546	0.0005044001538263612	1.04249489	28.19215012	0.9443271	0.05452817000215833	0.033326	0.00074
0.0781	0.369	0.542	0.0012356931104119853	-0.003005456971934235	0.000598647933434055	1.08798337	29.42229271	0.98309891	0.1367660260573436	0.0321126	0.00087
0.0831	0.3294	0.5444	0.001562069680534925	-0.0032306044454415038	0.0006510078109938849	1.14146423	30.86857414	0.94452589	0.07719419605950183	0.031404	0.00071
0.0869	0.414	0.5753	0.0018099064343181197	-0.0032009338481576006	0.0006265732014659643	1.13797522	30.77421951	0.98238723	0.13439709802975094	0.0308391	0.00045
0.0767	0.4007	0.665	0.0014887658519511632	-0.0034819318577286873	0.0007644542123735164	1.18176115	31.95832062	1.03641976	0.15020098014227973	0.0366384	0.00108
0.0862	0.3792	0.6384	0.0014311699866353504	-0.0033964107243809652	0.0008255407361933179	1.01243627	27.37927437	0.95203431	0.06781017612416691	0.0350127	0.0008
0.0938	0.324	0.6512	0.0013648474750595659	-0.0034662238944607386	0.0006998770300497262	1.03166997	27.89941025	0.94530672	0.08868996938995748	0.0371921	0.00111
0.0931	0.3968	0.636	0.002089159114637212	-0.003834488366631542	0.00033335788713091696	1.06879926	28.90349579	1.00555056	0.1616547627333629	0.032686	0.00054
0.0905	0.3874	0.707	0.002303834612632515	-0.00422893277758226	0.0003700098014227979	1.07973516	29.19923592	0.99470659	0.11528859116189502	0.036414	0.00077
0.0899	0.3961	0.7263	0.0020350539078253884	-0.00419228086329038	0.0004625122517784973	1.14565599	30.98192978	0.96983261	0.048496753472735285	0.0383093	0.00102
0.0912	0.4363	0.6799	0.0024399702942880727	-0.004431390970813603	0.00035604716740684323	1.14098608	30.85564232	0.98692148	0.12542457891787806	0.0335466	0.0005
0.0906	0.3921	0.7006	0.0024975661596038853	-0.004839798015780276	0.0002670353755551324	1.14029908	30.83706474	0.95822388	0.09325073510670989	0.0347083	0.00072
0.0871	0.4613	0.7431	0.0022043508452688383	-0.005014330940979708	0.0002740166925631097	1.08343446	29.29927635	0.96386466	0.1389364778271228	0.0370066	0.00077
0.0861	0.4234	0.77	0.0021380283336930534	-0.004646066468808905	0.00040666171571467877	1.03082407	27.87653542	0.94178508	0.09416160034490788	0.0402503	0.00108
0.0988	0.4418	0.7242	0.0022427480888127134	-0.0044924774946334045	0.0003211405823669566	1.17676771	31.82328415	0.95275562	0.0940914931321442	0.0366685	0.00093
0.1088	0.4043	0.6518	0.002712241657599188	-0.004279547325890096	0.00035604716740684323	1.22408509	33.1028862	0.99442625	0.1557665161284834	0.0324208	0.00066
0.1025	0.3744	0.6673	0.0028710666195306722	-0.004557054676957195	0.00016231562043547262	1.09185159	29.52690125	0.96345359	0.08320319299849761	0.0330907	0.00066
0.1065	0.4352	0.723	0.002712241657599188	-0.004614650542273007	0.00015533430342749534	1.11231029	30.08016396	0.97369168	0.13167010721276365	0.0356587	0.00087
0.1002	0.4332	0.7159	0.002981022362406315	-0.004593706591249075	0.00014311699866353502	1.06067383	28.68375969	0.95438399	0.030497098029750962	0.0343261	0.00072
0.1061	0.3888	0.638	0.0032724923474893677	-0.004546582701445229	0.00012042771838760874	1.04080248	28.14638138	0.97722204	0.14626415775814128	0.0294923	0.00041
0.1289	0.3962	0.6296	0.0027436575841350863	-0.004529129408925285	0.00014660765716752367	1.04661655	28.30361176	0.9653387	0.06722339973270698	0.0299277	0.00041
0.1291	0.4015	0.6154	0.0031031954100459182	-0.004246386070102203	0.00024609142453120044	1.05791414	28.60913086	0.9656226	0.05678824660487966	0.028447	0.00035
0.1259	0.4525	0.7426	0.0029565877528783943	-0.0042324234360862495	0.0006021385919380437	1.35959351	36.76743317	1.09666985	0.20723087292951609	0.037218	0.00104
0.1363	0.4024	0.6731	0.003862413634663451	-0.004794419455228423	0.00043458698374658803	1.28001893	34.6155014	1.06610889	0.21176867545593436	0.0304648	0.00053
0.1333	0.454	0.7339	0.0036041049053682902	-0.0056653387519735934	0.0003961897402027128	1.23697746	33.45153427	1.0475144	0.17378126347921033	0.0338036	0.00077
0.1151	0.5126	0.7663	0.0037751471720637348	-0.005386086071654501	0.00020769418098732522	1.06822705	28.88802338	0.9660062	0.14113952531149615	0.0351778	0.00042
0.1083	0.5134	0.8001	0.003597123588360313	-0.0057264252757933945	0.00022689280275926284	1.28181136	34.66397476	0.96028149	0.06827807048071272	0.0389514	0.00099
0.112	0.4621	0.6853	0.003974114706791089	-0.004995132319207771	0.00024609142453120044	1.25954378	34.06179428	1.02902609	0.22617413483941684	0.0311258	0.00039
0.1142	0.4772	0.7288	0.004134684997974567	-0.005267403682518886	0.0002129301687433082	1.1389823	30.80145454	0.98857688	0.08410014551412427	0.0334727	0.00036
0.1254	0.4982	0.7556	0.0037472219040318253	-0.005658357434965616	0.0007033676885537148	1.07388794	29.04111099	0.94633127	0.12244271830999393	0.0351613	0.00071
0.1218	0.4945	0.8198	0.004307472593922005	-0.005958554066308641	0.00042935099599060504	1.11553764	30.16744041	0.98633267	0.12822320068981563	0.0389374	0.00068
0.1192	0.5363	0.7969	0.0032096604944175725	-0.005368632779134557	0.0005288347633542819	1.06752622	28.86907005	1.00876704	0.1566608577021096	0.0396466	0.0009
0.113	0.4456	0.7555	0.004277801996638102	-0.004982915014443811	0.00029321531433504735	1.06853724	28.8964119	0.99677691	0.2227739357965256	0.0350652	0.0005
0.1202	0.5121	0.7418	0.004495968153137393	-0.005131268000863328	0.0002373647782712288	1.0369941	28.04339218	0.93183622	0.10851848394913129	0.0333114	0.00041
0.1228	0.5213	0.8053	0.004752531553180559	-0.005304055596810768	0.00017104226669544429	1.15827191	31.32310295	0.98225537	0.10008367537831948	0.0381065	0.00066
0.1222	0.576	0.9006	0.005220279792715039	-0.005721189288037411	0.00030194196059501896	1.1839627	32.0178566	1.02469102	0.20138908123303484	0.0449576	0.00156
0.1174	0.5484	0.827	0.006316346562967479	-0.006099925735720181	3.4906585039886588e-06	1.15189815	31.15073776	1.02305177	0.19466272600131196	0.0372038	0.00071
0.1149	0.5528	0.8137	0.006606071218798537	-0.006150540284028017	-0.0002530727415391778	1.04492497	28.25786591	0.94498519	0.050045130209102985	0.035657	0.00054
0.1175	0.5659	0.7925	0.00597775268808058	-0.005729915934297383	-0.0003106686068549907	1.01049602	27.32680321	0.93336398	0.09222693728822019	0.0345914	0.0005
0.1217	0.5694	0.7848	0.00570024533701348	-0.004756022211684548	-0.00021467549799530252	1.18789864	32.1242981	0.95116804	0.08276970912698113	0.0353693	0.00065
0.1237	0.5603	0.7134	0.005302310267558773	-0.004495968153137393	0.0	1.22034323	33.00169373	0.9987677	0.12613323129985826	0.0313208	0.00036
0.117	0.5013	0.7261	0.00441044701978967	-0.005340707511102648	9.075712110370512e-05	1.15739417	31.29936409	0.97616497	0.16976798634190313	0.0324863	0.00044
0.135	0.5326	0.7408	0.004499458811641381	-0.005586798935633849	0.0004310963252425994	1.16690826	31.55665398	0.96501845	0.09777212102609031	0.0332528	0.00039
0.1294	0.5309	0.7122	0.005017821599483697	-0.005447172595474302	0.0003159045946109737	1.09714234	29.66997719	0.98757733	0.07455904293167427	0.0315198	0.00051
0.1028	0.4964	0.6415	0.005569345643113905	-0.004822344723260333	-0.0003700098014227979	1.10902786	29.99139595	1.03293219	0.2249133155938976	0.0253001	0.00023
0.1362	0.5413	0.5586	0.004504694799397364	-0.0037245326237558994	0.0003351032163829112	1.12916863	30.53606415	1.08793588	0.30457879805133414	0.0237747	0.00036
0.1087	0.4507	0.5901	0.005918411493512772	-0.004513421445657336	-0.0006073745796940267	1.0931375	29.56167603	1.06594224	0.30685416560468903	0.0234124	0.00041
0.0975	0.4525	0.6104	0.00653102206096278	-0.004319689898685966	-0.0011746065865921838	1.12072027	30.30759621	0.99491842	0.1019787060659769	0.0230936	0.00036
0.0883	0.4663	0.6367	0.007023204910025181	-0.004738568919164605	-0.0016388641676226754	1.21625173	32.89104843	1.00180299	0.11806597252857656	0.023646	0.00038
0.0902	0.528	0.6305	0.007414158662471912	-0.0050893800988154655	-0.0016545721308906245	1.20822382	32.6739502	1.01537189	0.10767364476827714	0.0227546	0.0003
0.0975	0.4181	0.5689	0.008138470302049559	-0.0051120693790913906	-0.0016842427281745281	1.11051059	30.03149605	1.00652038	0.2176335758568737	0.0190758	0.00021
0.1093	0.3751	0.5359	0.008065166473465796	-0.004906120527356061	-0.0018465583486100008	1.20317733	32.5374794	0.9621668	0.1098784150377282	0.0186902	0.00032
0.1176	0.4522	0.5897	0.007827801695194567	-0.004944517770899936	-0.0018081611050661253	1.33447325	36.08810806	1.01578291	0.15490796326794895	0.0203583	0.00015
0.1068	0.453	0.7425	0.007890633548266364	-0.005818927726149094	-0.0022497294058206906	1.32326877	35.78510666	1.12116443	0.23334050545377605	0.0300636	0.00045
0.1018	0.4979	0.7529	0.0079412480965742	-0.005928883469024737	-0.0023544491609403502	1.11805356	30.23547745	1.02163224	0.07356450231515689	0.0298682	0.0003
0.1117	0.4401	0.6773	0.008283332629965088	-0.005722934617289407	-0.002450442269800039	1.10694385	29.93503952	0.99043775	0.17550132469929536	0.0247122	0.00026
0.1053	0.5317	0.6606	0.008473573518432469	-0.006255260039147678	-0.0025254914276357948	1.05449176	28.51658058	0.96317854	0.15458077340807036	0.0232223	0.00018
0.1057	0.5309	0.6621	0.008203047484373348	-0.00628842129493557	-0.002469640891571976	1.09826458	29.70032692	0.9574515	0.02067689129554152	0.024098	0.00026
0.1001	0.4972	0.7622	0.008004079949645995	-0.006684611035138282	-0.002333505209916419	1.16218996	31.42905807	1.03919406	0.1759646478292812	0.0309135	0.00047
0.1086	0.5564	0.6796	0.008422958970124635	-0.006515314097694833	-0.0020996310901491783	1.12891483	30.52920151	1.01643553	0.19140250388446653	0.0246739	0.00038
0.1126	0.5649	0.6089	0.00907047612261453	-0.006684611035138282	-0.002368411794956305	1.10188687	29.79828453	0.99076821	0.13747973973702354	0.0207931	0.00035
0.1122	0.5582	0.5691	0.009152506597458265	-0.006347762489503377	-0.0023771384412162766	1.03308141	27.93758011	0.93244329	0.06828028333693041	0.0181658	0.00023
0.107	0.4985	0.6561	0.009334020839665676	-0.006382669074543263	-0.002452187599052033	1.18415356	32.02301788	1.05328924	0.16647349925415264	0.0239841	0.00054
0.1035	0.5333	0.7025	0.009309586230137754	-0.006574655292262638	-0.0022846359908605773	1.25109172	33.83322525	1.04645476	0.10389862177193762	0.0272177	0.00072
0.1117	0.5296	0.657	0.009642944117268671	-0.006712536303170191	-0.0020943951023931952	1.16002178	31.37042236	0.96273359	0.0904739893252926	0.0238975	0.00048
0.1135	0.5701	0.6417	0.009751154530892318	-0.00693768377667746	-0.002384119758224254	1.21175051	32.76932144	0.95978933	0.08875412714809881	0.0221854	0.00029
0.1119	0.5316	0.7247	0.009583602922700864	-0.007112216701876892	-0.002261946710584651	1.11893046	30.25919342	1.00377394	0.14631287905152443	0.0269614	0.00036
0.1045	0.5877	0.7528	0.009681341360812546	-0.0068643799480936985	-0.0020525072003453313	1.03347921	27.94833755	0.95720122	0.1193507351067098	0.0290624	0.00039
0.1061	0.5656	0.6532	0.010156070917355002	-0.0065606926582466845	-0.00217293491873294	1.06367147	28.76482582	0.97667296	0.16824222823885396	0.0221917	0.00018
0.1014	0.5458	0.6449	0.010281734623498594	-0.00688532389911763	-0.002583087292951608	1.09169972	29.52279282	0.92463405	0.07582236606166022	0.0228794	0.00032
0.0797	0.5965	0.6979	0.010814060045356866	-0.0072640603468004	-0.0029722957161463434	1.14401746	30.93762016	0.96759631	0.19041351463678893	0.0268304	0.00038
0.0604	0.5897	0.7773	0.011248647029103453	-0.007489207820307668	-0.0031381019950858045	1.09473431	29.60485649	0.98350478	0.14677703680966575	0.0324948	0.00072
0.0627	0.5378	0.7842	0.011665780720330098	-0.007799876427162659	-0.003199188518905606	0.97855073	26.4629097	0.92876605	0.100544441095072	0.0331151	0.00086
0.0655	0.5408	0.7452	0.011604694196510298	-0.00832871119051694	-0.0029949849964222694	0.97623193	26.4002018	0.92724367	0.08450624048287089	0.0299627	0.00074
0.0861	0.6067	0.6343	0.010841985313388773	-0.00832522053201295	-0.002900737216814576	1.12070084	30.30706978	1.05483034	0.24042236606166045	0.0235505	0.00042
0.0836	0.5637	0.6758	0.010988592970556299	-0.0078487456462185	-0.0031381019950858045	1.04996955	28.39428711	0.97857373	0.13002236606166026	0.0250255	0.00023
0.0803	0.6383	0.6866	0.010768681484805013	-0.008016297254409955	-0.0032079151651655774	1.05476224	28.52389336	0.96166049	0.11156381320112578	0.0264975	0.00035
0.0917	0.5918	0.5963	0.011035716860360145	-0.007794640439406676	-0.0034033920413889425	1.13636076	30.7305603	1.01218747	0.18240845333908876	0.0211999	0.00038
0.0996	0.5373	0.6052	0.011232939065835505	-0.007621852843459237	-0.0032114058236695662	1.15274346	31.17359543	0.94701877	0.09939980095710864	0.0222058	0.00027
0.1028	0.5854	0.6534	0.0116343647937942	-0.007878416243502403	-0.0031363566658338103	1.21360612	32.81950378	0.98473584	0.13615191429188095	0.0245256	0.00033
0.1023	0.6417	0.7019	0.011777481792457734	-0.00810705437551366	-0.0032044245066615894	1.14708459	31.02056313	0.99511981	0.12729114857512855	0.0274693	0.0006
0.1056	0.6053	0.6293	0.011728612573401895	-0.007974409352362091	-0.003455751918948773	1.06207871	28.72175407	0.96965497	0.1339420827247297	0.0230734	0.00041
0.103	0.5561	0.6361	0.01155757030670645	-0.008115781021773634	-0.003530801076784529	1.09475398	29.60538864	0.94806108	0.07797315469713714	0.0238172	0.00029
0.1088	0.6429	0.6257	0.011393509357018983	-0.008162904911577479	-0.003597123588360313	1.07681954	29.12038994	0.96112453	0.11687536755335472	0.0235653	0.00047
0.1032	0.6794	0.6304	0.011051424823628093	-0.008058185156457818	-0.0036215581978882336	1.12352407	30.38341904	0.96558164	0.07036194490192348	0.0242841	0.00048
0.1063	0.6739	0.618	0.010766936155553018	-0.007916813487046278	-0.003787364476827695	1.09569228	29.63076401	0.95005007	0.05058333082130376	0.0235648	0.00039
0.1157	0.6019	0.6043	0.011023499555596186	-0.007546803685623481	-0.0037297686115118824	1.05452311	28.51742744	0.96333798	0.129308453339089	0.0211886	0.00024
0.1239	0.6601	0.6205	0.010676179034449314	-0.0076724673917670716	-0.0035499996985564664	1.10489798	29.87971306	0.97356044	0.11523765701229408	0.0229875	0.00033
0.1297	0.644	0.6355	0.011157889907999749	-0.0071715578964447	-0.0033684854563490563	1.10497999	29.8819313	0.98892323	0.09510673055401075	0.0227348	0.00038
0.1486	0.6354	0.639	0.011006046263076243	-0.006778858814745977	-0.0030508355324860886	1.02322757	27.67110443	0.93966993	0.07410963252425994	0.0226833	0.00023
0.1628	0.5479	0.6017	0.010934487763744474	-0.00641757565958315	-0.0029740410453983376	1.05063713	28.41233826	0.98644306	0.16448180707911728	0.0191365	0.00018
0.165	0.6014	0.5962	0.011187560505283653	-0.006543239365726741	-0.00312413936106985	0.98434377	26.61956978	0.91965266	0.08764173816771414	0.0194018	0.00015
0.1665	0.5748	0.619	0.011454595880838784	-0.006539748707222752	-0.0031922072018976287	1.07792115	29.15017891	0.92140388	0.06782969374434501	0.0211524	0.00038
0.1582	0.595	0.6957	0.011545353001942489	-0.006841690667817772	-0.003274237676741362	1.20611358	32.61688232	0.99068131	0.1289364778271229	0.02643	0.00044
0.1534	0.6464	0.6633	0.011426670612806873	-0.0070197142515211934	-0.0033283428835531865	1.14921725	31.07823753	0.99474716	0.10614055898254313	0.0249587	0.00051
0.1416	0.6047	0.6762	0.011468558514854739	-0.007723081940074907	-0.0036285395148962112	1.19262636	32.25214767	0.99746069	0.11867261109723022	0.0258692	0.00045
0.1481	0.606	0.702	0.010583676584093616	-0.007351326809400116	-0.003450515931192789	1.07883048	29.17477226	0.96709709	0.10533303225696672	0.0267659	0.00044
0.1584	0.5322	0.8096	0.009272934315845872	-0.00693768377667746	-0.003026400922958167	1.20750821	32.65459824	1.09767157	0.2991250154602511	0.0351593	0.0008
0.1749	0.5987	0.6935	0.008400269689848708	-0.006661921754862355	-0.0030979594222899347	1.13202953	30.61343193	1.05914105	0.26009925735720174	0.0269038	0.00042
0.1812	0.5458	0.6951	0.00957836693494488	-0.006689847022894265	-0.00326551103048139	1.11101425	30.04511452	0.99572602	0.12947870606597695	0.0268286	0.00042
0.1805	0.5637	0.6719	0.010302678574522528	-0.006426302305843123	-0.0033178709080412204	1.16048467	31.3829422	0.95452331	0.09381081170943108	0.0255471	0.00032
0.169	0.6474	0.6786	0.011426670612806873	-0.00684518132632176	-0.003560471674068432	1.15347338	31.19333458	0.98845585	0.19117359123950964	0.0273144	0.00062
0.1676	0.6706	0.6705	0.011697196646865998	-0.007323401541368206	-0.0033300882128051803	1.08058691	29.22227097	0.95690014	0.08165648551844115	0.0263525	0.00048
0.1793	0.5863	0.5719	0.011740829878165854	-0.007075564787585011	-0.0034871678454846703	1.13831055	30.78328705	1.0256652	0.21702748088812687	0.0201356	0.0003
0.1708	0.6369	0.5772	0.0118193696945056	-0.007234389749516495	-0.003715805977495928	1.03585565	28.01260376	0.94272716	0.08770014551412442	0.0205147	0.00035
0.169	0.6254	0.5909	0.011753047182929814	-0.007066838141325039	-0.0036337755026521943	1.00516891	27.18274307	0.91055494	0.04279522973054875	0.0215546	0.00024
0.1825	0.6775	0.6145	0.010752973521537063	-0.006939429105929455	-0.0032306044454415038	1.24183369	33.58285904	0.9816762	0.1657326876999514	0.0232924	0.00035
0.1775	0.6718	0.5624	0.011840313645529532	-0.006738716241950105	-0.003438298626428829	1.14939559	31.08305931	0.98260264	0.13758735844795733	0.0213349	0.00036
0.1707	0.5264	0.5622	0.011817624365253606	-0.0070179689222692	-0.0034051373706409367	1.14926469	31.07952118	1.03570032	0.1691551608191456	0.0193514	0.00035
0.1832	0.643	0.563	0.011744320536669845	-0.0073897240529439915	-0.003225368457685521	1.14679885	31.01283646	0.98073696	0.16114139361069835	0.0197492	0.00032
0.1696	0.7237	0.6272	0.011918853461869274	-0.007628834160467214	-0.0034749505407207105	1.10932386	29.999403	0.99159424	0.19166125578789203	0.0250952	0.00042
0.176	0.6692	0.6183	0.011723376585645911	-0.0074385932719998335	-0.0033946653951289706	1.01545167	27.46082115	0.97550096	0.0931001455141242	0.0230718	0.00036
0.1833	0.5869	0.618	0.010988592970556299	-0.007803367085666647	-0.0034627332359567498	1.08069932	29.22530937	1.00329598	0.14828126347921022	0.0214276	0.00033
0.1816	0.6407	0.6395	0.011386528040011005	-0.007723081940074907	-0.0036931166972200015	1.01461828	27.43828392	0.94138851	0.11243018381548488	0.0239168	0.00042
0.1614	0.7225	0.7296	0.011177088529771687	-0.008353145800044861	-0.0035482543693044722	1.23119974	33.29528809	1.02399613	0.24131828490624013	0.0305884	0.0006
0.1574	0.6258	0.6323	0.011205013797803597	-0.007932521450314228	-0.003565707661824415	1.2297622	33.25641251	1.03999222	0.22130014551412436	0.0234038	0.00018
0.1567	0.6108	0.6019	0.011868238913561443	-0.007593927575427327	-0.003864158963915446	1.11804807	30.23533058	0.96029512	0.1111135146367889	0.022027	0.00029
0.1693	0.6043	0.6273	0.0117268672441499	-0.007831292353698557	-0.0037000980142279784	1.13475704	30.68719101	0.94641409	0.07163986986851206	0.0222527	0.00015
0.1687	0.6432	0.6873	0.011868238913561443	-0.008044222522441864	-0.0035046211380046137	1.11473954	30.14585876	0.95789147	0.1269889357189109	0.0260656	0.00035
0.173	0.6363	0.663	0.0115418623434385	-0.007637560806727187	-0.003427826650916863	1.01079082	27.33477592	0.932613	0.0759916386462686	0.0240304	0.00024
0.1655	0.5884	0.5873	0.011667526049582093	-0.007236135078768491	-0.0035081117965086025	1.06567204	28.81892776	0.95812358	0.16146872898470133	0.0195991	0.00011
0.176	0.6653	0.5571	0.011381292052255023	-0.0074019413577079505	-0.003494149162492647	1.08891892	29.44759369	0.94458772	0.1409001455141242	0.0192586	0.00026
0.1742	0.6316	0.5937	0.011353366784223114	-0.007904596182282318	-0.003602359576116296	1.10515523	29.88666916	0.96439219	0.10403952531149616	0.0209839	0.00021
0.1753	0.6266	0.6971	0.011564551623714427	-0.008316493885752979	-0.0032061698359135836	1.13522112	30.69974136	1.00902616	0.16046361415823443	0.026621	0.00039
0.1827	0.6556	0.6556	0.011218976431819553	-0.007963937376850125	-0.002904227875318564	1.10074425	29.76738548	0.98715385	0.1279036830696374	0.0238373	0.00026
0.1788	0.6237	0.6287	0.011702432634621979	-0.008319984544256968	-0.003139847324337799	1.10403359	29.85633659	0.96376785	0.11645614096142512	0.0222067	0.00032
0.1731	0.6238	0.655	0.011777481792457734	-0.008765043503515523	-0.003307398932529255	1.02509379	27.72157288	0.93962016	0.06648298626428825	0.0245069	0.00036
0.1783	0.6571	0.6707	0.01109331272567596	-0.00830776723949301	-0.0032096604944175725	1.03427756	27.96992874	0.95216021	0.11615918844579842	0.0256518	0.00026
0.1891	0.6861	0.6502	0.010260790672474662	-0.00817163155783745	-0.0029164451800825246	1.18794453	32.12553787	0.97818704	0.12339365245959524	0.0258029	0.00054
0.1811	0.5485	0.5739	0.01094495973925644	-0.007796385768658669	-0.0030002209841782524	1.25007606	33.80575943	1.08203158	0.27905953300281444	0.0199487	0.00024
0.1873	0.5982	0.6127	0.011161380566503737	-0.00836885376331281	-0.002790781473938933	1.16324866	31.45768738	0.98810822	0.14461641660703786	0.0221599	0.00023
0.1793	0.6738	0.6698	0.011398745344774966	-0.008487536152448424	-0.0027384215963791032	1.22894728	33.234375	1.09672821	0.16112035224833357	0.0274365	0.00065
0.1721	0.7427	0.6793	0.010794861423584929	-0.00903731486682664	-0.003073524812762014	1.10766912	29.95465279	1.0124318	0.16003829259755828	0.0279592	0.00038
0.1663	0.6193	0.5881	0.010924015788232508	-0.008836602002847289	-0.0037646751965517687	1.18135393	31.94730759	1.07942249	0.27145088062083433	0.0214182	0.00024
0.1718	0.6563	0.5682	0.010932742434492479	-0.008648106443631903	-0.003467969223712733	1.0433501	28.21527672	0.94078263	0.08709640891571961	0.0208429	0.00029
0.1692	0.6662	0.5606	0.011253883016859437	-0.008885471221903132	-0.0038100537571036214	1.12975824	30.55200768	0.96143272	0.06512949470145385	0.0218854	0.00036
0.1641	0.7245	0.6315	0.011885692206081384	-0.009398598021989465	-0.0038362336958835358	1.15659881	31.27785683	1.00579328	0.19285579640440972	0.0261449	0.00048
0.1694	0.6595	0.626	0.011986921302697054	-0.00909491073214245	-0.003920009499979264	1.08317769	29.2923336	0.99622346	0.10023460952792064	0.0241249	0.00041
0.1632	0.6822	0.6272	0.012414526969435668	-0.009358455449193595	-0.00419228086329038	1.08826423	29.42988586	0.93607773	0.07827108735504373	0.0255963	0.00047
0.1607	0.7168	0.6359	0.012166690215652472	-0.009470156521321231	-0.004358087142229841	1.00707173	27.23420143	0.93607592	0.07206720524251461	0.0267512	0.00054
0.1524	0.6381	0.6978	0.012039281180256885	-0.009604546873724796	-0.004461061568097506	1.04524219	28.26644325	0.99066009	0.1671386906833408	0.0289803	0.0006
0.1534	0.6296	0.6515	0.012533209358571279	-0.009133307975686325	-0.004405211032033687	1.02252698	27.65215874	0.96216557	0.10685088062083412	0.0264452	0.0006
0.1524	0.6457	0.6498	0.012229522068724267	-0.009595820227464823	-0.004401720373529699	1.11319292	30.10403252	0.92647686	0.05728451000647479	0.0275729	0.0006
0.1526	0.6954	0.6581	0.012760102161330542	-0.009812241054712121	-0.004523893421169302	1.18400621	32.01903534	0.98090382	0.10165869837465874	0.030306	0.00071
0.1381	0.7564	0.7333	0.01300095759810576	-0.01051735407251783	-0.004546582701445229	1.17874813	31.87684059	1.01344524	0.19913288674284255	0.0350073	0.00123
0.1425	0.7234	0.6791	0.013224359742361035	-0.010440559585430078	-0.0046251225177849735	1.08427	29.32187271	0.98224536	0.11053682238413842	0.031329	0.00102
0.146	0.6526	0.6547	0.01344427122811232	-0.010314895879286487	-0.004759512870188536	1.09087944	29.50061035	0.98532939	0.1226982772149221	0.0284749	0.00078
0.1477	0.7113	0.6068	0.013116149328737385	-0.010065313796251299	-0.004539601384437251	1.04263425	28.19591713	0.94901429	0.14818077340807043	0.0270166	0.00048
0.1505	0.8062	0.6378	0.012808971380386384	-0.00960629220297679	-0.004457570909593518	1.07553887	29.08575439	0.96641221	0.1711115008234621	0.0303052	0.00077
0.1564	0.7533	0.5929	0.0128351513191663	-0.009182177194742168	-0.0041608649367544815	1.06239879	28.73040962	0.95519156	0.14105004599267887	0.025864	0.00062
0.1626	0.6086	0.5585	0.011456341210090778	-0.008402015019100702	-0.003686135380212024	1.40467954	37.98669434	1.07091828	0.3169850920629722	0.0222317	0.00051
0.1522	0.6623	0.6126	0.011524409050918559	-0.008217010118389304	-0.004003785304074992	1.16344976	31.46312714	1.02259702	0.14673613327010737	0.0247185	0.00072
0.1558	0.7422	0.6044	0.013199925132833114	-0.008862781941627205	-0.004207988826558329	1.09273839	29.55088234	0.99264883	0.21797457138178963	0.0271484	0.00092
0.1548	0.7356	0.6493	0.012871803233458181	-0.0091106186954104	-0.004026474584350918	0.95516527	25.83049774	0.91742142	0.09037364476827683	0.0290139	0.00089
0.1562	0.7433	0.6447	0.0118804562183254	-0.008449138908904549	-0.003478441199224699	1.07683301	29.12075233	0.98283314	0.12374300933824242	0.0280505	0.0008
0.1678	0.7199	0.6017	0.010897835849452593	-0.00916297857297023	-0.003563962332572421	1.1086905	29.98227501	1.02071936	0.16709905831431057	0.0262309	0.00084
0.1732	0.6888	0.6323	0.011318460199183226	-0.009690068007072518	-0.003532546406036523	1.20912266	32.69825745	1.07569866	0.11605648551844085	0.0263372	0.0008
0.1758	0.7166	0.715	0.011222467090323538	-0.010438814256178083	-0.0032218777991815323	1.15337002	31.19054222	1.0063874	0.17087039824101227	0.031768	0.00098
0.1731	0.7489	0.7605	0.010588912571849598	-0.010599384547361562	-0.0030874874467779687	1.07908189	29.18157005	0.98739195	0.12692575810304915	0.0349557	0.00114
0.1824	0.6821	0.6735	0.009866346261523946	-0.009752899860144312	-0.0028902652413026098	1.11404622	30.12710953	1.01888245	0.25141366015091293	0.0272459	0.00045
0.1784	0.6787	0.6787	0.009974556675147593	-0.009915215480579786	-0.0031555552876057474	1.05036247	28.40491295	0.93817645	0.03939080401811294	0.0280247	0.00056
0.1807	0.6812	0.6818	0.01043706892692609	-0.009852383627507991	-0.0032724923474893677	1.04169261	28.17045212	0.92580632	0.040014058236695675	0.0278257	0.00057
0.1649	0.6773	0.7343	0.01007054978400728	-0.009992009967667536	-0.003225368457685521	1.11844301	30.24601173	0.97988331	0.09986346864411007	0.030794	0.00069
0.1669	0.698	0.7005	0.01019097750239489	-0.009463175204313255	-0.003134611336581816	1.09063137	29.4939003	0.96514007	0.09350098014227964	0.0289026	0.00044
0.1686	0.6657	0.6775	0.010248573367710704	-0.009539969691401005	-0.0033859387488689996	1.08029735	29.21443939	0.94769937	0.07628588823453743	0.0266906	0.00036
0.1636	0.6613	0.6665	0.010252064026214692	-0.010177014868378935	-0.0033772121026090277	1.08576632	29.36233521	0.94932836	0.05286312408709444	0.0255614	0.00038
0.163	0.7084	0.7235	0.010273007977238624	-0.010067059125503292	-0.0031119220563058892	1.11768854	30.22560692	0.98392068	0.12450948701013576	0.0303561	0.00063
0.1674	0.6932	0.6807	0.009354964790689606	-0.009740682555380353	-0.003415609346152903	1.03234947	27.91778755	0.9650501	0.1398053523259485	0.027397	0.00084
0.1625	0.593	0.6164	0.00999724595542352	-0.009728465250616393	-0.0038117990863556156	1.12935829	30.54119301	1.03828309	0.22193441048502943	0.0229447	0.00036
0.1552	0.5615	0.4858	0.010414379646650164	-0.008379325738824776	-0.003824016391119576	1.27257848	34.41429138	1.03326204	0.25832452538911094	0.0164296	0.00032
0.1568	0.6247	0.48	0.01090830782496456	-0.007934266779566223	-0.003349286834577118	1.22422135	33.1065712	0.98545165	0.14128583470577039	0.016562	0.00014
0.171	0.561	0.4456	0.01165007275706215	-0.008356636458548849	-0.003754203221039803	1.15191591	31.15121841	0.97854242	0.19075254987714513	0.0150392	0.0002
0.185	0.4587	0.4448	0.011548843660446477	-0.008045967851693859	-0.003637266161156183	1.13979077	30.82331848	0.98419222	0.14354173816771423	0.0147425	0.00032
0.1964	0.5499	0.4608	0.012177162191164435	-0.008269369995949134	-0.003605850234620285	1.11430287	30.13404846	0.99947275	0.16275683007545663	0.0153042	0.00012
0.194	0.5554	0.5263	0.012529718700067291	-0.008515461420480335	-0.003728023282259888	1.04811859	28.34423065	0.96802699	0.1094410490536829	0.0183743	0.00027
0.1909	0.6414	0.5809	0.012388347030655751	-0.009155997255962252	-0.0037489672332838195	1.23628628	33.43284225	1.01265588	0.1838425727958694	0.021518	0.00038
0.2008	0.5369	0.5309	0.012145746264628538	-0.008705702308947716	-0.003679154063204046	1.2216661	33.03746796	1.00561326	0.202535444156076	0.0187091	0.00017
0.198	0.6207	0.5298	0.012135274289116574	-0.00911934534167037	-0.003712315318991939	1.15205896	31.15508652	0.96664157	0.11056381320112556	0.0188611	0.00017
0.1908	0.6198	0.5263	0.012004374595216999	-0.009225810426042026	-0.003598868917612307	1.1443131	30.94561577	0.95593668	0.029140558982543217	0.0186123	0.0002
0.1788	0.6678	0.5341	0.010941469080752452	-0.008733627576979625	-0.003412118687648914	1.07628238	29.10586357	0.97400002	0.154891929674517	0.0189355	0.0003
0.1772	0.5509	0.4733	0.010656980412677377	-0.008494517469456403	-0.0035447637108004834	1.08509302	29.34412766	1.03998316	0.21211218993749337	0.014475	0.00018
0.1834	0.4613	0.409	0.00949284580159716	-0.0075450583563714865	-0.0031258846903218446	1.11499906	30.1528759	1.02450185	0.2867236372321886	0.0120872	6e-05
0.1966	0.4995	0.3712	0.010688396339213275	-0.007723081940074907	-0.0030962140930379405	1.07843435	29.16405869	0.97044465	0.15936223593017199	0.0115958	0.00026
0.1994	0.5281	0.341	0.011173597871267697	-0.008035495876181893	-0.0029513517651224112	1.14799297	31.04512787	0.94269807	0.1087238898038468	0.0118899	0.00012
0.2184	0.5484	0.3178	0.011700687305369984	-0.007939502767322205	-0.002694788365079245	1.11916006	30.26540184	0.95509795	0.10648229715025705	0.0133507	0.00011
0.2367	0.5201	0.2992	0.012137019618368567	-0.007902850853030323	-0.0025726153174396417	1.09880126	29.71483994	0.9496857	0.09495786374650339	0.0130008	0.00014
0.2423	0.4722	0.3411	0.012138764947620562	-0.00828856861772107	-0.002637192499763432	1.17075336	31.66063881	0.9822787	0.1180020138133266	0.0136912	0.00017
0.2474	0.5664	0.3929	0.011695451317614004	-0.00819083017960939	-0.0025115287936198403	1.10869849	29.98248863	0.99654233	0.1844357887130916	0.0132862	0.00014
0.2511	0.5778	0.4561	0.011627383476786223	-0.008569566627292158	-0.0023788837704682713	1.04730117	28.32212448	0.94594061	0.10727246558310584	0.0146035	0.00017
0.2536	0.4923	0.43	0.011931070766633235	-0.008374089751068793	-0.002542944720155738	1.07541323	29.08235741	0.94752189	0.14726125578789212	0.0141157	0.0002
0.2526	0.5511	0.4205	0.011711159280881954	-0.008045967851693859	-0.0024766222085799536	1.1980958	32.40005875	0.95443242	0.10001779483510004	0.0146565	0.00011
0.2556	0.5333	0.4634	0.011637855452298188	-0.008321729873508963	-0.002064724505109292	1.18593192	32.07110977	0.97158298	0.10174817769347665	0.0153362	0.00021
0.2497	0.5867	0.4672	0.011456341210090778	-0.008454374896660533	-0.0022951079663725434	1.12355912	30.38436699	0.97423542	0.09032713633111153	0.0146707	0.00021
0.2598	0.4964	0.4176	0.01133940415020716	-0.008147196948309529	-0.002256710722828668	1.06966472	28.92690086	0.97293978	0.17312561258892484	0.0132004	0.00027
0.2694	0.5585	0.3972	0.011035716860360145	-0.007991862644882034	-0.002040289895581371	1.05492592	28.52832031	0.94361719	0.12587212102609036	0.0126371	0.00011
0.2579	0.5756	0.3516	0.010615092510629512	-0.007796385768658669	-0.0018744836166419098	1.02784657	27.79601479	0.91832921	0.11329537524467288	0.0116084	0.00014
0.2503	0.4265	0.2641	0.010878637227680656	-0.0077335539155868735	-0.002281145332356589	1.18358934	32.00775909	1.07006327	0.2808519142918809	0.0122065	0.00024
0.2628	0.4667	0.2204	0.011660544732574116	-0.008080874436733746	-0.0021223203704251047	1.15965557	31.36052132	0.96127721	0.16080264939859085	0.0136772	0.00015
0.2799	0.543	0.2485	0.012238248714984239	-0.008653342431387885	-0.002171189589480946	1.16915679	31.61746216	0.96338716	0.18145205980600515	0.0141443	0.00015
0.2747	0.5247	0.2659	0.011899654840097338	-0.00845786555516452	-0.0022863813201125715	1.13482666	30.68907356	0.94511178	0.07336312408709454	0.0131704	0.00014
0.2738	0.5317	0.2643	0.011854276279545488	-0.00838107106807677	-0.002253220064324679	1.07835996	29.16204643	0.97276717	0.017266715171374594	0.0130783	8e-05
0.2841	0.4767	0.2638	0.011704177963873973	-0.008152432936065514	-0.0021956241990088664	1.06526959	28.80804443	0.95815676	0.08761661564992912	0.0127569	6e-05
0.2899	0.467	0.3125	0.011693705988362009	-0.008403760348352695	-0.002057743188101315	1.24269605	33.6061821	0.94981097	0.08418401993533482	0.0135962	0.00035
0.2907	0.4695	0.3409	0.011744320536669845	-0.008513716091228338	-0.002103121748653167	1.237468	33.46479797	0.94877854	0.04199744258676651	0.0144334	9e-05
0.2758	0.4764	0.4081	0.011328932174695192	-0.009194394499506129	-0.002319542575900464	1.21444237	32.84211731	1.00272775	0.15462437987498706	0.0144061	0.00015
0.28	0.484	0.3977	0.011405726661782942	-0.008759807515759539	-0.0021956241990088664	1.06914556	28.91286087	0.94392982	0.05396499238629695	0.0137278	0.00023
0.2777	0.4239	0.3747	0.011784463109465713	-0.008459610884416515	-0.0024242623310201236	1.14325726	30.91706276	0.99931484	0.1307785605518526	0.014236	0.00015
0.2815	0.4411	0.3473	0.011000810275320258	-0.008374089751068793	-0.002253220064324679	1.14280701	30.90488625	0.93917556	0.100410811709431	0.0133275	0.00024
0.2728	0.5474	0.3779	0.010796606752836923	-0.008513716091228338	-0.0021624629432209744	1.22963285	33.25291443	1.00827279	0.1673293491873292	0.0135717	0.00023
0.2657	0.494	0.3897	0.010355038452082358	-0.008496262798708396	-0.0023265238929084412	1.1498301	31.09481049	0.96185231	0.1034541271480987	0.0125422	0.00023
0.2614	0.4446	0.3918	0.010704104302481223	-0.00874409955249159	-0.0024015730507441976	1.10109508	29.77687263	0.95520432	0.08939758810089078	0.0141338	9e-05
0.2565	0.4472	0.4025	0.01026428133097865	-0.00855385866402421	-0.00217293491873294	1.05551839	28.54434204	0.94619773	0.06113509959906058	0.0124996	0.0002
0.2564	0.5251	0.3848	0.010253809355466686	-0.008353145800044861	-0.0019774580425095754	1.02178597	27.63211823	0.95454643	0.11603308578573394	0.0131716	0.0002
0.2637	0.4841	0.299	0.010669197717441336	-0.007951720072086166	-0.0020699604928652747	1.13041294	30.56971169	1.0429224	0.17956582701445217	0.0127466	0.00021
0.2603	0.4036	0.2692	0.010498155450745892	-0.007993607974134028	-0.0018360863730980347	1.1480813	31.04751778	0.96274185	0.13604021442552724	0.0128368	0.00021
0.2597	0.4863	0.2779	0.010911798483468547	-0.00851022543272435	-0.001839577031602023	1.18410289	32.02164841	0.96231463	0.13868755749084816	0.0125806	0.00014
0.2436	0.5266	0.2897	0.010903071837208577	-0.008573057285796147	-0.0018779742751458986	1.14255166	30.89798164	0.96088137	0.07369778714378214	0.0126448	0.00014
0.2504	0.4892	0.2529	0.011218976431819553	-0.007972664023110098	-0.0019425514574696887	1.06945789	28.92130852	0.94687076	0.13004375198104068	0.0123817	0.00017
0.2505	0.4747	0.241	0.011119492664455872	-0.008124507668033604	-0.002097885760897184	1.06442738	28.78526688	0.92337888	0.0468330857857341	0.0124816	0.0002
0.2558	0.5063	0.2117	0.01102175422634419	-0.008073893119725768	-0.0017662732030182616	1.20353961	32.54727554	0.98451623	0.09019827721492202	0.0133906	0.00023
0.2505	0.6007	0.2248	0.011636110123046195	-0.008253662032681184	-0.0018744836166419098	1.21797645	32.93769073	0.96970008	0.1579167611640535	0.014614	0.00021
0.2599	0.5282	0.2079	0.012112585008840646	-0.008016297254409955	-0.0019722220547535923	1.10927892	29.99818802	0.95974627	0.13937890510886816	0.014659	0.0002
0.2629	0.4412	0.2822	0.011756537841433804	-0.008402015019100702	-0.0018971728969178364	1.23851883	33.49321747	1.01357827	0.20514070449666727	0.0131473	0.00018
0.259	0.4494	0.2984	0.011554079648202462	-0.008452629567408538	-0.0019373154697137059	1.03569305	28.00820732	0.91779878	0.042960765716752385	0.0127286	0.00012
0.2443	0.5126	0.3238	0.011540117014186509	-0.008377580409572781	-0.0020350539078253884	1.02301288	27.66529846	0.9249619	0.1126375114981696	0.0126025	0.00017
0.2479	0.5981	0.2778	0.011229448407331515	-0.008342673824532893	-0.0019111355309337906	1.19428802	32.29708481	0.98403486	0.158574678439324	0.0132371	0.00012
0.2585	0.3699	0.2197	0.011475539831862716	-0.008038986534685882	-0.0020472712125893483	1.26935875	34.32722092	1.11829212	0.33119571980168844	0.0136628	0.0002
0.2616	0.4327	0.2252	0.011533135697178532	-0.008173376887089445	-0.0018675022996339327	1.11572218	30.17243004	0.94053091	0.08998775653373968	0.0145906	0.00021
0.2602	0.4681	0.2571	0.011580259586982377	-0.008323475202760958	-0.001780235837034216	1.13537252	30.70383644	0.97204126	0.08292443340375374	0.0124832	0.00017
0.2476	0.5145	0.2822	0.011501719770642632	-0.008504989444968369	-0.0017575465567582897	1.09086239	29.50015068	0.93806281	0.09823716694115409	0.0120883	6e-05
0.2557	0.4354	0.205	0.011383037381507017	-0.008038986534685882	-0.0018936822384138475	1.05468309	28.52175331	0.96664143	0.20044104905368287	0.0126203	9e-05
0.264	0.4316	0.1977	0.011580259586982377	-0.008032005217677904	-0.0017749998492782332	1.06158352	28.70836258	0.92336962	0.03554429558094767	0.0131769	0.00012
0.2546	0.4702	0.201	0.011732103231905884	-0.008225736764649274	-0.0016929693744344998	1.03107274	27.88325882	0.9218026	0.07268028333693059	0.0133805	0.00012
0.2434	0.4447	0.2066	0.011508701087650609	-0.008237954069413234	-0.0017976891295541592	1.21312761	32.80656433	0.95782075	0.05931696020694478	0.013079	0.00011
0.2442	0.5112	0.1778	0.011838568316277538	-0.007949974742834171	-0.001912880860185785	1.14531565	30.97272682	0.95593209	0.1327519142918809	0.0142698	9e-05
0.2559	0.4424	0.1608	0.011852530950293493	-0.008066911802717791	-0.00204378055408536	1.12815022	30.50852203	0.94641078	0.11058996938995752	0.0145693	0.00012
0.2596	0.4135	0.1719	0.01165007275706215	-0.008044222522441864	-0.001965240737745615	1.09962571	29.73713684	0.93304548	0.05888436449235076	0.0142494	8e-05
0.251	0.4832	0.1692	0.011651818086314143	-0.0077876591223986985	-0.00182212373908208	1.05771685	28.60379601	0.95085833	0.10107128639793472	0.0135991	8e-05
0.247	0.4765	0.1458	0.012018337229232954	-0.0075886915876713455	-0.0019949113350295183	1.0457201	28.27936935	0.95720052	0.07101371367968015	0.0146135	9e-05
0.2562	0.4541	0.1258	0.012110839679588651	-0.007490953149559662	-0.0019408061282176943	1.05021036	28.4007988	0.95263416	0.06381730476396018	0.015193	0.00015
0.2611	0.4147	0.1183	0.011220721761071544	-0.007559020990387442	-0.0016126842288427606	1.21015859	32.72627258	0.95634689	0.11611538293599102	0.0149733	0.00011
0.2533	0.5016	0.1361	0.01118232451752767	-0.007740535232594851	-0.001439896632895322	1.25875497	34.04046249	1.05338436	0.13213495408493603	0.0153657	0.00021
0.2617	0.5105	0.0735	0.01131147888217525	-0.0077771871468867325	-0.001593485607070823	1.14570403	30.98323059	1.01290874	0.09586976265574793	0.0170608	0.00029
0.2661	0.4157	0.0759	0.011445869234578814	-0.007939502767322205	-0.001706932008450454	1.16205037	31.42528343	1.01626146	0.12210761871093335	0.0177733	0.00017
0.2747	0.4796	0.0474	0.011196287151543622	-0.007751007208106817	-0.001129228026040331	1.11721706	30.21285629	1.01040156	0.1517890812330351	0.0182166	6e-05
0.2687	0.446	0.0169	0.010088003076527224	-0.007314674895108234	-0.0013700834628155487	1.0916146	29.52049065	1.0183294	0.15937359123950995	0.0185384	0.00027
0.2664	0.4892	-0.0085	0.01140049067402696	-0.006747442888210078	-0.0013124875974997359	1.10280669	29.82315826	1.02360132	0.16776577348568528	0.0198987	0.00015
0.2541	0.4127	-0.0421	0.011428415942058871	-0.00645422757387503	-0.001192059879112127	1.00362885	27.14109612	0.96151175	0.14447841503772843	0.0221433	0.00015
0.2571	0.3485	-0.0587	0.011648327427810155	-0.0066217791820664855	-0.001239183768915974	0.97777265	26.44186783	0.91114369	0.1055293491873294	0.0241362	0.00033
0.2683	0.3502	0.0049	0.010957177044020402	-0.00665144977935039	-0.0007609635538695277	1.10005724	29.748806	0.97882769	0.13645205980600522	0.0193803	0.00023
0.266	0.3792	0.0723	0.010643017778661421	-0.007141887299160796	-0.0005794493116621174	1.18194091	31.96318245	0.98281633	0.1480055513688398	0.0170052	0.00012
0.2614	0.4358	0.1223	0.010478956828973955	-0.007374016089676042	-0.0008360127117052838	1.17875051	31.87690353	0.9719843	0.14383765701229395	0.0142379	0.00012
0.2728	0.3677	0.1088	0.010337585159562415	-0.007400196028455957	-0.001054178868204575	1.10246253	29.8138504	0.97959062	0.11228588823453724	0.0157299	0.00027
0.2708	0.3363	0.1189	0.010159561575858992	-0.00715584993317675	-0.0010524335389525807	1.09352815	29.57223892	0.95363773	0.0647057504117313	0.0148045	0.00017
0.2776	0.4044	0.0813	0.009752899860144312	-0.007148868616168773	-0.0008918632477691023	1.2257098	33.14682388	0.9515185	0.14121066619530676	0.0155322	0.00042
0.2716	0.4834	0.073	0.009819222371720098	-0.006934193118173471	-0.0006719517620178169	1.29123449	34.91880417	0.96419814	0.1183454747661187	0.0161839	0.00032
0.2812	0.4523	0.0226	0.009660397409788614	-0.0067491882174620715	-0.0007557275661135446	1.20374811	32.55291367	1.0036474	0.11248028333693058	0.0193952	0.00032
0.301	0.3361	0.0163	0.009442231253289324	-0.006787585461005948	-0.000661479786505851	1.25767064	34.01113892	1.08486378	0.15984055898254296	0.0207561	0.00027
0.3014	0.4426	0.0322	0.009930923443847734	-0.00701447826376521	-0.0006998770300497262	1.16852701	31.60042953	1.03446397	0.16049911184307736	0.0183082	0.00023
0.285	0.4565	0.0901	0.009969320687391611	-0.00696211838620538	-0.0009634217471008699	1.06599247	28.82759285	0.96646166	0.1059150919077426	0.0154899	0.00021
0.2786	0.3685	0.0713	0.009508553764865106	-0.00659908990179056	-0.001048942880448592	1.15186572	31.14985847	0.96188877	0.1586658270144523	0.0159851	0.00017
0.2701	0.2613	0.0917	0.009107128036906413	-0.006487388829662923	-0.0009372418083209549	1.25228429	33.8654747	1.0145387	0.1673413936106984	0.017238	0.00035
0.2685	0.3371	0.0857	0.0096342174710087	-0.006857398631085722	-0.0010611601852125523	1.23236382	33.32676697	1.00543675	0.13445088062083418	0.0165455	0.00029
0.2518	0.3949	0.0825	0.010004227272431497	-0.006955137069197403	-0.0015079644737231008	1.16363442	31.46812057	0.96811892	0.1234276264022513	0.015139	0.00015
0.2516	0.3584	0.0554	0.00992917811459574	-0.006806784082777885	-0.0012740903539558604	1.05178535	28.44338989	0.93598004	0.0866638132011258	0.0163715	0.00014
0.2621	0.3522	0.0176	0.009836675664240041	-0.006682865705886288	-0.0013421581947836393	1.0581125	28.61449432	0.92862814	0.0687244334037537	0.019319	0.00029
0.2633	0.3542	0.0138	0.009068730793362536	-0.00669159235214626	-0.0012793263417118436	1.22441816	33.1118927	0.96356326	0.0489751685104636	0.018867	0.00032
0.2458	0.3998	0.0704	0.008847073978359257	-0.006956882398449398	-0.0013107422682477415	1.25305581	33.88634109	0.9869525	0.1456181393921157	0.0163855	0.00027
0.2606	0.3858	0.0455	0.008813912722571364	-0.006627015169822469	-0.000926769832808989	1.15645146	31.27387047	0.98007528	0.09105004599267875	0.0168312	0.00024
0.2631	0.3386	0.0541	0.008850564636863244	-0.006536258048718765	-0.0011065387457644049	1.09801555	29.69359207	0.98840961	0.07365889741754995	0.0179389	0.00017
0.2691	0.3596	0.0737	0.008436921604140588	-0.00622035345410779	-0.000921533845053006	1.03881466	28.09262466	0.93041806	0.09232762640225144	0.0163477	0.00021
0.2655	0.4332	0.1057	0.008543386688512244	-0.005976007358828583	-0.0010122909661567112	1.20415866	32.56401443	0.99181056	0.13127841503772836	0.0141442	0.00014
0.2723	0.468	0.0751	0.008428194957880617	-0.005820673055401089	-0.0009285151620609833	1.19858563	32.41330338	0.94770944	0.08991509190774247	0.0152916	0.0002
0.279	0.4256	0.0752	0.008168140899333463	-0.00588525023772488	-0.0009948376736367678	1.15443349	31.21930122	0.94314635	0.06874768762233655	0.0158891	0.00017
0.2783	0.452	0.0529	0.008517206749732328	-0.00606676447993229	-0.0009023352232810684	1.14056277	30.84419441	0.95312012	0.08055412714809879	0.0168447	0.00023
0.2575	0.4463	0.0924	0.008677777040915805	-0.006037093882648386	-0.0011222467090323538	1.09828615	29.70090866	0.9972169	0.08650761871093333	0.0139295	0.00021
0.2458	0.4824	0.0653	0.00878424212528746	-0.005792747787369179	-0.0013491395117916165	1.01316869	27.39908218	0.93058547	0.10378519912050628	0.0148309	0.0002
0.2523	0.4066	0.0252	0.009234537072301997	-0.006222098783359784	-0.0014172073526193955	1.03384089	27.95811844	0.94839693	0.16978568919164602	0.017652	9e-05
0.2605	0.3916	-0.0076	0.009587093581204851	-0.0062238441126117785	-0.0013456488532876281	1.1576407	31.30603218	0.93593117	0.07729301687433082	0.0193978	0.00032
0.239	0.4882	0.0417	0.00955393232541696	-0.006092944418712205	-0.0009791297103688187	1.21345532	32.81542587	1.01500848	0.19392900463031376	0.0164696	0.00014
0.235	0.4783	0.0501	0.010091493735031215	-0.0058747782622129135	-0.0012897983172238095	1.13059819	30.57472229	0.97518456	0.07561980864842686	0.0159443	0.00012
0.2278	0.5275	0.1048	0.009939650090107706	-0.005602506898901799	-0.0009529497715889039	1.03435206	27.9719429	0.95763641	0.14914817769347644	0.0141549	0.0002
0.2229	0.4315	0.1877	0.009864600932271952	-0.005672320068981571	-0.0009756390518648303	1.06498373	28.80031204	1.00636284	0.19217758040957264	0.0113344	0.00024
0.2367	0.3948	0.175	0.01011069235680315	-0.005326744877086694	-0.0009634217471008699	0.97788459	26.44489479	0.94621314	0.09339419605950186	0.0121305	0.00026
0.2326	0.397	0.1851	0.010456267548698026	-0.005871287603708924	-0.0013945180723434693	1.0548017	28.52496147	0.99301554	0.08246071218798531	0.0125173	0.00021
0.245	0.394	0.1459	0.009505063106361117	-0.0058800142499688965	-0.0013264502315156904	1.09220934	29.53657341	0.96817791	0.105999946471233	0.0128094	0.00023
0.2547	0.42	0.0931	0.009323548864153708	-0.005766567848589266	-0.0012356931104119853	1.14566135	30.98207664	0.97649912	0.1077858882345372	0.01373	0.00017
0.2436	0.3892	0.1222	0.009232791743050004	-0.005670574739729577	-0.0012636183784438947	1.26886046	34.31374359	0.97753999	0.08173377489976505	0.0137474	0.00042
0.2442	0.4581	0.1375	0.009754645189396307	-0.006017895260876448	-0.0013526301702956054	1.25861001	34.03654099	0.99436998	0.1327092879672442	0.0135295	0.0002
0.2425	0.4033	0.0737	0.009796533091444171	-0.0055484016920899736	-0.0016196655458507376	1.14748454	31.0313797	1.00109868	0.1592208423194736	0.0166643	0.00021
0.2408	0.4231	0.1424	0.009510299094117103	-0.006072000467688272	-0.0019250981649497454	1.11607826	30.18206215	0.99047016	0.14596326960121872	0.0129658	0.00014
0.2398	0.3913	0.1555	0.008435176274888594	-0.0060685098091842835	-0.0020210912738094335	1.12074828	30.30835342	0.97082344	0.10463032932960926	0.012794	0.00026
0.2457	0.3997	0.187	0.00793775743807021	-0.005373868766890541	-0.0020717058221172693	1.1799053	31.90813446	0.9835998	0.10793372137099808	0.0147761	0.00047
0.2272	0.3892	0.1488	0.006794566778013924	-0.005232497097479001	-0.0019006635554218248	1.30341911	35.2483139	1.0451123	0.13998022980816355	0.0148572	0.00065
0.2433	0.4512	0.0984	0.008484045493944435	-0.005169665244407204	-0.0017540558982543013	1.15529513	31.24260139	1.03109993	0.22344591130849145	0.0148457	0.00027
0.2348	0.4148	0.1662	0.008077383778229757	-0.005276130328778859	-0.0017348572764823637	1.02440631	27.70298004	0.98993344	0.13931627109291345	0.0138094	0.00036
0.2346	0.4467	0.1903	0.008108799704765655	-0.0060842177724522335	-0.0016720254234105676	0.97371942	26.33225632	0.98755166	0.10131676116405344	0.0119346	0.00029
0.2495	0.3438	0.1863	0.008447393579652554	-0.005988224663592545	-0.001424188669627373	0.97952145	26.48916054	0.92991686	0.15592118687648912	0.013336	0.00042
0.2564	0.4283	0.1908	0.00865159710213589	-0.0060946897479642	-0.0013683381335635543	1.13311315	30.64273453	0.96192865	0.11422595714594053	0.0129697	0.00026
0.2592	0.5202	0.2031	0.00915076126820627	-0.0062622413561556544	-0.001410226035611418	1.22764039	33.19903183	0.99848636	0.14243018381548483	0.0126595	0.00017
0.2523	0.4773	0.2273	0.00915076126820627	-0.006517059426946826	-0.0015550883635269475	1.13524258	30.7003212	0.96402229	0.09398401993533502	0.0113687	0.0002
0.2525	0.4314	0.208	0.0091717052192302	-0.006225589441863773	-0.0016598081186466073	1.11013854	30.02143288	0.95690942	0.08625668456133216	0.0118732	0.00018
0.2541	0.486	0.1925	0.009395107363485476	-0.006274458660919614	-0.0017051866791984597	1.08509588	29.34420586	0.92456414	0.08758249619314838	0.0120347	0.00021
0.2449	0.4611	0.2103	0.009210102462774076	-0.0062482787221397	-0.0018081611050661253	1.17296624	31.72047997	0.9488693	0.06760796326794896	0.0115076	0.00014
0.2474	0.4695	0.2333	0.008841837990603275	-0.006332054526235428	-0.001574286985298885	1.17181385	31.6893158	0.98241241	0.06819571980168843	0.0116853	0.00021
0.2639	0.4448	0.1716	0.00927118898659388	-0.006309365245959501	-0.0015254177662430443	1.15178192	31.14759445	0.98462375	0.12794547476611864	0.0122029	0.0002
0.2651	0.4623	0.1555	0.009143779951198293	-0.006335545184739415	-0.001500983156715123	1.13300288	30.63975334	0.95025021	0.04370117918517107	0.0126593	0.00014
0.2555	0.5211	0.1882	0.009475392509077215	-0.006155776271784001	-0.001452113937659282	1.08422041	29.32052994	0.97701526	0.1291125344945089	0.011025	0.00015
0.2465	0.48	0.1824	0.00951728041112508	-0.005995205980600523	-0.0011938052083641214	1.01351786	27.40852356	0.92178016	0.07893834612632518	0.0106037	9e-05
0.252	0.4423	0.1475	0.009730210579868387	-0.006033603224144398	-0.0014852751934471744	1.02021778	27.58971024	0.92097274	0.10523986986851176	0.0126654	0.00018
0.2482	0.3729	0.1285	0.009859364944515966	-0.006174974893555937	-0.0016964600329384882	1.18286073	31.98805809	0.9761294	0.11628554367752161	0.0137316	0.00021
0.2417	0.4688	0.1516	0.00992045146833577	-0.006174974893555937	-0.0016022122533307947	1.19724476	32.37704468	0.9673468	0.13326671517137487	0.0129241	0.0002
0.2413	0.5129	0.1319	0.01011069235680315	-0.006197664173831864	-0.0015341444125030156	1.137097	30.75046921	0.96300693	0.07824990047855439	0.0129905	0.00014
0.2471	0.4818	0.124	0.010639527120157432	-0.006344271830999388	-0.001858775653373961	1.05673206	28.5771637	0.91941172	0.09480368306963752	0.0137146	0.00021
0.2444	0.4239	0.1364	0.010526080718777801	-0.006424556976591126	-0.0019181168479417679	1.05911672	28.64165115	0.93834525	0.08565363707695876	0.0132884	9e-05
0.2355	0.4695	0.1567	0.010585421913345609	-0.005972516700324595	-0.0019774580425095754	1.02741444	27.78432846	0.92734722	0.1033361332701073	0.0128783	2e-05
0.2235	0.6215	0.1809	0.010732029570513132	-0.006019640590128442	-0.0019355701404617114	1.29740405	35.08564758	1.02385151	0.1999809724509618	0.0140793	0.00023
0.2322	0.5111	0.1372	0.010864674593664702	-0.005829399701661061	-0.0018081611050661253	1.23459411	33.38708115	1.00507097	0.18531474735072692	0.0133142	9e-05
0.238	0.4433	0.1394	0.010550515328305723	-0.006021385919380436	-0.0016336281798666925	1.17352283	31.73553276	0.97122427	0.10983392041388934	0.013003	0.00021
0.2326	0.5016	0.1414	0.0110496794943761	-0.006085963101704227	-0.0015306537539990272	1.14514124	30.96800995	0.96320122	0.09903578871309171	0.0134743	0.00012
0.2276	0.5855	0.1588	0.010531316706533785	-0.0060632738214283005	-0.0014573499254152652	1.07634199	29.10747337	0.95963015	0.13701779483510018	0.013011	0.00018
0.2341	0.4485	0.1375	0.010702358973229227	-0.005635668154689691	-0.0014381513036433276	1.11868095	30.25244713	0.99910362	0.19569232776029943	0.0122957	0.00015
0.2389	0.4803	0.1086	0.010752973521537063	-0.005731661263549379	-0.0013543754995475996	1.05610585	28.56023026	0.93062723	0.07701917306316262	0.0139151	0.00018
0.2255	0.5309	0.1275	0.010742501546025098	-0.005733406592801372	-0.0013753194505715315	1.12423849	30.40273857	0.96867252	0.08455806278939448	0.0132508	0.00015
0.2094	0.5184	0.149	0.010765190826301025	-0.005551892350593962	-0.0013421581947836393	1.12511098	30.42633247	0.94038181	0.06196823891356153	0.0122535	9e-05
0.219	0.3843	0.1362	0.010564477962321676	-0.005773549165597242	-0.0013857914260834976	1.11600959	30.18020439	0.99212674	0.17980014551412435	0.0132031	9e-05
0.2214	0.4969	0.148	0.010639527120157432	-0.005958554066308641	-0.0014800392056911916	1.15345395	31.19281006	0.96986083	0.1445150919077425	0.0124888	9e-05
0.2118	0.4664	0.1529	0.010608111193621535	-0.005813691738393112	-0.001499237827463129	1.09761941	29.6828804	0.94420106	0.05477384381116825	0.0126571	9e-05
0.2101	0.4722	0.1754	0.010330603842554437	-0.005721189288037411	-0.0013159782560037243	1.04073429	28.14453697	0.90970227	0.05766346864411019	0.011457	8e-05
0.2135	0.5008	0.0917	0.010859438605908718	-0.005677556056737554	-0.0014451326206513049	1.08390987	29.31213379	0.97675002	0.15078111796508595	0.0141457	0.00011
0.2171	0.4284	0.1018	0.011044443506620118	-0.005794493116621174	-0.0014259339988793671	1.1656853	31.52358246	0.94281122	0.10215702911834793	0.015047	0.00035
0.2051	0.4889	0.1268	0.011482521148870694	-0.005483824509766183	-0.0011623892818282235	1.25640428	33.97689056	0.96944542	0.1481145483078355	0.0147102	0.00018
0.1924	0.5047	0.1473	0.011588986233242348	-0.0054384459492143305	-0.0008831366015091308	1.1183461	30.24339104	0.94295088	0.07055481626213002	0.0138912	0.00011
0.2123	0.499	0.1035	0.011922344120373267	-0.0056635934227216	-0.0010349802464326373	1.10050023	29.76078415	0.96687536	0.10491745027808475	0.0154655	9e-05
0.2334	0.4452	0.0843	0.012164944886400474	-0.005773549165597242	-0.0010524335389525807	1.16625929	31.53910446	0.95197316	0.11260049007113968	0.016517	6e-05
0.2097	0.466	0.0828	0.011538371684934514	-0.006000441968356505	-0.0013334315485236678	1.03907883	28.09976959	0.93174765	0.10272320068981557	0.0147196	6e-05
0.1839	0.5105	0.1055	0.011444123905326817	-0.006085963101704227	-0.001291543646475804	1.02454221	27.7066555	0.91884365	0.10408284075016404	0.0139984	0.00011
0.1944	0.4598	0.048	0.011526154380170553	-0.00620813614934383	-0.0014765485471872027	1.12547481	30.43617058	0.94625662	0.1381604211597368	0.0162575	6e-05
0.2014	0.4134	0.023	0.011206759127055588	-0.006419320988835145	-0.001382300767579509	1.1902771	32.18861771	0.94305507	0.10964139361069866	0.0180303	0.00012
0.2112	0.4985	0.0237	0.011397000015522971	-0.006627015169822469	-0.0013439035240356337	1.19285107	32.25822449	0.96512307	0.11741661564992908	0.018383	0.00026
0.1944	0.5408	0.0501	0.011773991133953745	-0.006670648401122327	-0.0013927727430914749	1.12092686	30.31318283	0.94751633	0.10897467843932362	0.0171704	8e-05
0.185	0.5356	0.0054	0.012123056984352612	-0.006766641509982015	-0.0019024088846738192	1.03180921	27.90317535	0.92936819	0.10703475504204496	0.0197799	0.00017
0.1854	0.5065	0.0135	0.01165007275706215	-0.006663667084114349	-0.0018901915799098587	1.0806917	29.22510338	0.90763819	0.06700879789610444	0.0191873	0.00017
0.1822	0.561	0.0198	0.011629128806038218	-0.006517059426946826	-0.0017959438003021652	1.09775496	29.68654442	0.9034241	0.07708996938995753	0.0192346	0.00011
0.1723	0.5207	0.0119	0.01171464993938594	-0.006511823439190843	-0.0019268434942017398	1.16575575	31.52548599	0.94604991	0.06918284075016395	0.0188605	0.00015
0.1853	0.5289	-0.0554	0.011882201547577395	-0.006710790973918196	-0.002005383310541485	1.14704263	31.01942825	0.96964251	0.11075294796292764	0.0241072	0.00015
0.2012	0.4441	-0.0125	0.011829841670017565	-0.006810274741281873	-0.0017051866791984597	1.20466089	32.57759857	1.01272353	0.16620201381332667	0.0201737	0.00014
0.1948	0.549	0.0434	0.011716395268637934	-0.006342526501747393	-0.0011833332328521555	1.18686306	32.09629059	1.03676643	0.2223524043630208	0.0180621	0.00011
0.2185	0.4822	0.018	0.011897909510845343	-0.006155776271784001	-0.0015254177662430443	1.04939592	28.37877464	0.98108011	0.15141745027808456	0.0182292	0.00011
0.2232	0.3434	-0.0615	0.0121579635693925	-0.005770058507093254	-0.0016022122533307947	1.14377058	30.93094444	1.04824183	0.2591283155162826	0.0241717	0.00024
0.2214	0.4364	-0.1343	0.012433725591207605	-0.006190682856823887	-0.0018552849948699724	1.1064676	29.9221611	1.03078462	0.21507295565424583	0.0295217	0.00056
0.199	0.4529	-0.2005	0.012992230951845787	-0.005503023131538122	-0.002171189589480946	1.09744358	29.67812538	0.98882116	0.18320348402674608	0.0343762	0.00053
0.1787	0.5437	-0.1898	0.013747958517959333	-0.006263986685407648	-0.0022549653935766737	1.2437309	33.63416672	1.0361434	0.20182334620394	0.0358256	0.00056
0.1918	0.505	-0.2036	0.013409364643072432	-0.006243042734383717	-0.0021851522234969008	1.11381793	30.12093353	0.99528147	0.08706754979953021	0.034589	0.00041
0.2044	0.4799	-0.1421	0.013913764796898796	-0.006695083010650248	-0.0022008601867648495	1.15719354	31.2939415	0.99201885	0.14780741966804217	0.0311601	0.00044
0.2185	0.4916	-0.0714	0.01309346004846146	-0.0070354222147891434	-0.00204378055408536	1.15040946	31.11047935	0.99459536	0.16238617926278603	0.0262848	0.00024
0.201	0.5467	-0.0476	0.01319817980358112	-0.006887069228369624	-0.0024068090385001802	1.07150435	28.97665024	0.95126764	0.1272050612976999	0.0240511	0.00021
0.2031	0.542	-0.0629	0.013311626204960753	-0.006918485154905522	-0.002518510110627818	1.07819307	29.15753174	0.91291592	0.034928170002158365	0.0252125	0.0003
0.2146	0.4655	-0.073	0.01292416311101801	-0.006857398631085722	-0.0022462387473167022	1.13473129	30.68649483	0.96942016	0.134141049053683	0.0257483	0.00042
0.218	0.5364	-0.0736	0.013320352851220721	-0.006698573669154236	-0.0022759093446006054	1.30062795	35.17283249	1.06689597	0.10413426497090499	0.0272654	0.00047
0.2154	0.5661	-0.0589	0.013592624214531838	-0.006785840131753953	-0.0020350539078253884	1.17637146	31.81256866	0.96365031	0.07701966313430257	0.0259761	0.00024
0.2268	0.496	-0.0709	0.013831734322055061	-0.006960373056953386	-0.0020263272615654165	1.11505902	30.15449715	0.9887176	0.11461848394913152	0.026571	0.00027
0.2408	0.5328	-0.0943	0.01385965959008697	-0.0074176493209759005	-0.002082177797629235	1.08390057	29.31188011	0.94296878	0.1012526034059121	0.0283692	0.00023
0.2332	0.5393	-0.1039	0.013733995883943381	-0.00736528944341607	-0.0020350539078253884	1.02696526	27.77218056	0.91942778	0.03495737367536328	0.0289917	0.0002
0.2167	0.5908	-0.1021	0.013835224980559049	-0.006949901081441421	-0.002064724505109292	1.12316787	30.37378502	0.92633589	0.09711440279371104	0.0294698	0.00038
0.2174	0.5399	-0.1175	0.014348351780645384	-0.007056366165813074	-0.0023282692221604354	1.12121618	30.32100487	0.96006344	0.11115683007545651	0.0302087	0.00047
0.2154	0.5526	-0.1279	0.014953981031087414	-0.007307693578100258	-0.0025080381351158514	1.19219923	32.24059677	0.96664227	0.07693627878423148	0.0342072	0.00062
0.2279	0.6128	-0.1435	0.01493129175081149	-0.007752752537358812	-0.0024120450262561633	1.25458622	33.92772675	1.04192887	0.11648706741970824	0.0358424	0.00075
0.2121	0.6045	-0.108	0.014645057753484418	-0.007716100623066931	-0.002621484536495483	1.13478076	30.68783188	0.95769445	0.08621627109291354	0.0323929	0.00038
0.2128	0.6031	-0.0925	0.014287265256825582	-0.0072623150175484055	-0.002593559268463574	1.02488887	27.71603012	0.91880802	0.05957516851046361	0.0299817	0.00036
0.2194	0.5816	-0.1127	0.01457349925415265	-0.0072850042978243315	-0.002574360646691636	1.04825079	28.34780693	0.92375448	0.0647060949687466	0.0323957	0.00036
0.2204	0.6298	-0.148	0.013912019467646801	-0.0072623150175484055	-0.002584832622203602	1.12202287	30.34281921	0.96219996	0.11923205211468713	0.0346299	0.00068
0.2209	0.6091	-0.1537	0.014472270157536982	-0.007332128187628178	-0.0026319565120074486	1.13686156	30.74410248	0.97202519	0.060759387488690086	0.034677	0.00062
0.2162	0.6114	-0.0471	0.014133676282650078	-0.007094763409356949	-0.0022479840765686964	1.19111955	32.21139908	1.0150505	0.16159655442984436	0.027074	0.00021
0.2232	0.6161	-0.0796	0.01468520032628029	-0.0074124133332199174	-0.0025202554398798117	1.12160552	30.33153534	0.96709528	0.1012722665402147	0.0296175	0.00029
0.2279	0.6133	-0.1272	0.014871950556243683	-0.007663740745507101	-0.002464404903815993	1.13133347	30.5946064	0.98684227	0.0797964089157198	0.0346069	0.00054
0.2236	0.5948	-0.116	0.014458307523521027	-0.0072902402855803145	-0.00239459173373622	1.03561759	28.00616646	0.92147251	0.07684783313646075	0.0314468	0.00026
0.2152	0.7159	-0.1152	0.015118041980774884	-0.0072640603468004	-0.0025028021473598684	1.2068063	32.6356163	0.97829161	0.17000624048287094	0.0352445	0.00078
0.2273	0.605	-0.1543	0.015495033099205658	-0.0073181655536122235	-0.0026197392072434887	1.20795202	32.66659927	1.00228254	0.18950166925631087	0.0362776	0.00065
0.2335	0.5454	-0.1466	0.015664330036649108	-0.007566002307395418	-0.002569124658935653	1.18914735	32.1580658	0.97247013	0.09688741197672401	0.0354008	0.00066
0.2373	0.6226	-0.144	0.015824900327832583	-0.00791332282854229	-0.0025603980126756814	1.2187984	32.95991898	1.01722052	0.10943087292951605	0.0374331	0.0008
0.2262	0.6504	-0.0959	0.014974924982111346	-0.007559020990387442	-0.0021170843826691216	1.13217652	30.61740494	1.02176328	0.16937954069413225	0.0323859	0.00035
0.2378	0.5736	-0.1139	0.014978415640615335	-0.007613126197199265	-0.0022026055160168437	1.10339177	29.83898163	0.97675768	0.11355584993317672	0.0321631	0.00056
0.2399	0.5764	-0.1424	0.01577777643802874	-0.007841764329210523	-0.002441715623540067	1.14843917	31.05719566	0.98572592	0.09675545184739424	0.0365052	0.00072
0.2322	0.6009	-0.0942	0.015154693895066762	-0.007747516549602829	-0.0023073252711365037	1.2473594	33.73229218	0.97814863	0.12298603374866164	0.0326108	0.00051
0.2211	0.6077	-0.0544	0.015716689914208937	-0.008232718081657252	-0.002637192499763432	1.1760397	31.80359459	0.97089693	0.12655323899117632	0.0312869	0.00042
0.2335	0.5898	-0.0708	0.015158184553570752	-0.007792895110154682	-0.002356194490192345	1.0952419	29.61858559	0.98689613	0.11066631708559219	0.030997	0.00029
0.2392	0.6072	-0.0952	0.015285593588966338	-0.008073893119725768	-0.002373647782712288	1.06774664	28.87503242	0.96194714	0.06879301687433073	0.0321572	0.0005
0.2378	0.5785	-0.0865	0.015161675212074741	-0.0079412480965742	-0.002438224965036078	1.05061233	28.41166878	0.97620842	0.05485702911834768	0.0318114	0.00039
0.2266	0.6234	-0.0445	0.014971434323607358	-0.007805112414918642	-0.0021537362969610025	1.1805861	31.92654419	0.9919897	0.12864326190990075	0.0285853	0.00033
0.2296	0.6079	-0.0933	0.01576555913326478	-0.007949974742834171	-0.0024923301718479027	1.16523921	31.51152039	0.96550186	0.13117905062299248	0.0326754	0.00059
0.2362	0.6092	-0.0949	0.015990706606772046	-0.00856258531028418	-0.0026302111827554544	1.17441511	31.75966263	0.96840493	0.058281952593241294	0.0336951	0.0006
0.2365	0.5801	-0.0714	0.01598896127752005	-0.008484045493944435	-0.0026441738167714093	1.14228451	30.8907547	0.95358352	0.05761238898038472	0.0321153	0.00041
0.2239	0.6167	-0.0082	0.015680037999917056	-0.008302531251737025	-0.0027035150113392165	1.06891763	28.90669823	0.96482956	0.1398889357189107	0.0280258	0.0003
0.2335	0.6658	-0.0375	0.016062265106103812	-0.008162904911577479	-0.0028152160834668534	1.16083801	31.39249802	0.95571588	0.1196777259236969	0.0314267	0.00075
0.2369	0.5556	-0.0858	0.01603957582582789	-0.008269369995949134	-0.0025569073541716926	1.25810039	34.02275848	1.02174826	0.18127315469713687	0.0324761	0.0005
0.2352	0.5988	-0.0601	0.015997687923780025	-0.008203047484373348	-0.0025342180738957666	1.23794389	33.47766876	0.96333053	0.07714498469497881	0.0315801	0.00044
0.2261	0.7038	-0.044	0.016046557142835868	-0.0081873395211054	-0.002574360646691636	1.18212104	31.96805382	1.00381387	0.13543598775598295	0.0325903	0.00051
0.23	0.55	-0.118	0.016034339838071905	-0.008145451619057536	-0.0027715828521669953	1.1093874	30.00112152	1.0184304	0.24426637061435924	0.0331138	0.00045
0.2392	0.5268	-0.1214	0.01600815989929199	-0.008257152691185174	-0.0024975661596038853	1.08106363	29.23516083	0.93785147	0.056394885173533166	0.0337886	0.00048
0.2289	0.6201	-0.1048	0.016193164800003386	-0.00830776723949301	-0.002617993877991494	1.07876694	29.17305183	0.9722268	0.138002358370342	0.0350737	0.00075
0.2162	0.6307	-0.0368	0.015707963267948967	-0.007958701389094143	-0.0023771384412162766	1.21522152	32.8631897	1.00335793	0.1450561409614252	0.0294303	0.00029
0.2188	0.6104	-0.1055	0.016479398797330458	-0.008196066167365372	-0.0028012534494508993	1.12945879	30.54390907	0.98322332	0.16324576579436711	0.0343842	0.00065
0.217	0.5801	-0.103	0.016941911049108957	-0.008632398480363955	-0.0031695179216217023	1.14969683	31.0912056	0.95359266	0.09795545184739433	0.0348763	0.00066
0.2164	0.6364	-0.0767	0.016481144126582453	-0.008402015019100702	-0.0030874874467779687	1.12541354	30.434515	1.00132829	0.1218590429316745	0.0336615	0.00066
0.2078	0.6455	0.0127	0.015465362501921754	-0.00822399143539728	-0.002834414705238791	1.09070933	29.49600983	1.01770924	0.17944389749516487	0.0266203	0.00035
0.21	0.5781	-0.0566	0.016336281798666925	-0.008402015019100702	-0.0033283428835531865	1.23442984	33.38263702	1.01012289	0.2160435529381494	0.0309846	0.0006
0.2135	0.5586	-0.0733	0.016557938613670203	-0.00847706417693646	-0.0032515483964654355	1.24477744	33.66246796	0.96920983	0.058375022996339246	0.0334849	0.0006
0.2217	0.5774	-0.0625	0.016517796040874336	-0.008253662032681184	-0.0030246555937061734	1.23651946	33.43914795	0.97281519	0.06232187599052024	0.0331167	0.00048
0.2144	0.6122	-0.0159	0.015966271997244128	-0.008066911802717791	-0.0028605946440187057	1.12333775	30.37837982	0.95792634	0.1338167611640534	0.0286893	0.00032
0.2158	0.6394	-0.0254	0.015236724369910496	-0.0075782196121593785	-0.0025865779514555962	1.03225851	27.91532707	0.94642805	0.11271282552275765	0.0285023	0.00027
0.2125	0.5586	-0.0758	0.016125096959175612	-0.0077876591223986985	-0.0030072023011862297	1.10726798	29.94380569	0.9950744	0.21042182246175345	0.0314524	0.00038
0.2218	0.5428	-0.0964	0.01621759940953131	-0.007843509658462517	-0.002844886680750757	1.17250836	31.70809746	0.95948196	0.06123343034274953	0.032878	0.00053
0.2144	0.5916	-0.0565	0.0159121667904323	-0.007595672904679321	-0.002623229865747477	1.17573726	31.79541779	0.96415633	0.1348463093942743	0.0309158	0.00047
0.2135	0.6056	-0.0247	0.01600292391153601	-0.007763224512870777	-0.0027576202181510408	1.13157868	30.60123825	0.97789831	0.06633495408493635	0.0286131	0.0005
0.211	0.5571	-0.0582	0.01639038700547875	-0.007717845952318924	-0.0030421088862261168	1.09509826	29.61469841	0.96274946	0.12036651612848344	0.0307736	0.0003
0.2155	0.5536	-0.0736	0.016111134325159655	-0.007632324818971204	-0.0027942721324429216	1.09288132	29.55474854	1.00857471	0.054030528372500525	0.0313584	0.0005
0.2052	0.6378	-0.0733	0.01584235362035253	-0.0078103484026746245	-0.002811725424962865	1.12315416	30.37341499	0.97310302	0.11801287905152452	0.0319141	0.00042
0.2074	0.6071	-0.0918	0.016055283789095837	-0.007510151771331601	-0.002816961412718848	1.16954887	31.62806511	0.97068272	0.07731813939211579	0.0332117	0.00047
0.2251	0.5266	-0.1182	0.016631242442253964	-0.007703883318302971	-0.002766346864411012	1.15101087	31.12674332	0.9694131	0.1656152374218666	0.0349534	0.00063
0.2291	0.5292	-0.1099	0.016840681952493285	-0.00802153324216594	-0.0029024825460665696	1.19693661	32.36870956	0.95728858	0.04806125578789244	0.0348284	0.00065
0.2181	0.5094	-0.084	0.0162821765918551	-0.007593927575427327	-0.002846632010002751	1.08521223	29.34735107	0.94506967	0.10879807817203092	0.0316504	0.00039
0.1992	0.6111	-0.0375	0.015652112731885146	-0.0075782196121593785	-0.0026511551337793865	1.16560984	31.5215416	1.03114038	0.20916243497306336	0.031288	0.00075
0.1716	0.6127	-0.1502	0.01725781564371993	-0.007766715171374767	-0.0038397243543875246	1.27763259	34.55096817	1.15480362	0.29103838458291564	0.03988	0.00146
0.1456	0.4307	-0.3057	0.01650732406536237	-0.007475245186291714	-0.004105014400690663	1.42092931	38.42613602	1.22616437	0.4288625804871877	0.0487508	0.00252
0.1534	0.4502	-0.3267	0.016573646576938154	-0.008032005217677904	-0.003820525732615587	1.20524311	32.59334183	1.05383272	0.09367856055185246	0.0513737	0.003
0.1411	0.4611	-0.2782	0.017090264035528473	-0.00802153324216594	-0.0037419859162758423	1.16478431	31.49921799	0.99287748	0.1019814625221014	0.0467265	0.00243
0.1327	0.4646	-0.26	0.01735555408183161	-0.008210028801381325	-0.0036983526849759846	1.05866015	28.62930489	0.94809155	0.054970941840919	0.0446054	0.00207
0.1418	0.4418	-0.283	0.017767451785302275	-0.007747516549602829	-0.0037297686115118824	0.99108195	26.80179024	0.92499597	0.10019129408925292	0.047501	0.00267
0.1538	0.4677	-0.2824	0.017821556992114095	-0.007951720072086166	-0.0038152897448596045	1.23347664	33.35686111	0.99348251	0.0556914931321439	0.0483376	0.00314
0.155	0.4709	-0.2428	0.0168354459647373	-0.007642796794483169	-0.0035674529910764093	1.24918187	33.78157806	1.00733597	0.12114355293814924	0.0431513	0.00194
0.1496	0.482	-0.1634	0.017027432182456677	-0.007862708280234455	-0.003577924966588375	1.2204448	33.00444031	1.00444652	0.11701848394913134	0.0383725	0.00138
0.1568	0.4573	-0.1897	0.01707281074300853	-0.007747516549602829	-0.003637266161156183	1.13040602	30.56952667	0.9750128	0.0691955742875644	0.0394609	0.00162
0.173	0.4459	-0.2548	0.017144369242340297	-0.007670722062515079	-0.0035831609543443585	1.09044719	29.48892212	0.95562968	0.10282290966156704	0.0447891	0.00194
0.1719	0.4548	-0.2737	0.016905259134817077	-0.00745779189377177	-0.0034365532971768345	1.15960908	31.35926247	0.96330462	0.05883239667170256	0.0464686	0.00239
0.1678	0.4599	-0.2489	0.016851153928005253	-0.007194247176720626	-0.00318871654339364	1.19679654	32.36492157	0.99515898	0.06227433388230809	0.0434389	0.00188
0.169	0.5013	-0.26	0.01766447735943461	-0.007293730944084303	-0.0033300882128051803	1.16802001	31.58671951	0.99350532	0.10640894341022863	0.046659	0.00257
0.1767	0.4273	-0.2741	0.01811302697719715	-0.0078103484026746245	-0.003577924966588375	1.1308428	30.58133888	0.99978314	0.15645019150680287	0.047733	0.00272
0.1715	0.4561	-0.2681	0.017917550100973786	-0.007958701389094143	-0.0038187804033635933	1.074597	29.06028557	0.93794278	0.06923426497090504	0.0473521	0.00285
0.164	0.43	-0.2497	0.017671458676442584	-0.007953465401338159	-0.0038467056713955023	1.01115286	27.34456635	0.93499387	0.06596263401595477	0.045572	0.00231
0.1595	0.5444	-0.2095	0.017619098798882758	-0.007737044574090863	-0.0037437312455278365	1.23106563	33.29166031	0.99894143	0.1776877565337394	0.0433362	0.0021
0.1627	0.4467	-0.2644	0.01780584902884615	-0.007618362184955248	-0.003953170755767157	1.19861138	32.41400146	0.99316304	0.1815436064669164	0.0473829	0.00281
0.1649	0.4301	-0.2529	0.01803448716085741	-0.007951720072086166	-0.003886848244191372	1.19203675	32.23620224	0.98599692	0.06171592653589809	0.0468144	0.00276
0.1617	0.4576	-0.207	0.017392205996123494	-0.007850490975470494	-0.0038170350741115982	1.14465153	30.95476723	0.9745641	0.11726617157146806	0.0421442	0.00167
0.1606	0.4646	-0.1647	0.01675865147764955	-0.007431611954991856	-0.003661700770684103	1.04374564	28.22597122	0.95858358	0.1107883921190038	0.0375264	0.00128
0.1725	0.4939	-0.2242	0.017263051631475915	-0.007504915783575617	-0.003783873818323706	1.04443789	28.24469376	0.97608451	0.13569385150248636	0.0430957	0.00185
0.1731	0.4908	-0.2471	0.017449801861439306	-0.0076009088924353044	-0.0037646751965517687	1.24223924	33.59382629	0.98564058	0.041697098029750815	0.0454665	0.00225
0.1792	0.4623	-0.2109	0.017409659288643436	-0.0077213366108229145	-0.0036180675393842456	1.19234276	32.24448013	0.96441045	0.08615889741755016	0.0429319	0.00143
0.1723	0.4837	-0.1747	0.017285740911751838	-0.007677703379523056	-0.0035482543693044722	1.15209556	31.15607643	0.97507943	0.07636823891356152	0.0393233	0.00152
0.1727	0.461	-0.2495	0.017367771386595572	-0.007363544114164076	-0.0035883969421003415	1.06260395	28.73595619	0.96861044	0.11971661564992916	0.0445043	0.00212
0.1788	0.4183	-0.2553	0.017231635704940015	-0.007569492965899406	-0.0034400439556808234	1.06925678	28.91586876	0.93751395	0.0791218759905203	0.0452751	0.00204
0.1715	0.5191	-0.2447	0.017057102779740582	-0.007569492965899406	-0.0033597588100890844	1.15087891	31.12317276	0.97981517	0.1314409035395586	0.044046	0.00192
0.1647	0.5068	-0.2216	0.01719323846139614	-0.007618362184955248	-0.003164281933865719	1.1863718	32.08300781	0.96820017	0.06122408884673824	0.0420581	0.00155
0.1765	0.487	-0.2972	0.017250834326711952	-0.007764969842122772	-0.0033615041393410786	1.11159909	30.06093216	0.96942265	0.12727128639793484	0.0473989	0.00221
0.1816	0.4365	-0.2998	0.01787042621116994	-0.007890633548266364	-0.0033772121026090277	1.13265669	30.63039207	0.96420595	0.0962481776934765	0.0494069	0.00278
0.1821	0.4153	-0.2439	0.01713738792533232	-0.00782082037818659	-0.003494149162492647	1.13177192	30.60646439	1.0097945	0.1235894257900506	0.0438391	0.00213
0.1603	0.5114	-0.271	0.0174218765934074	-0.0072850042978243315	-0.003897320219703338	1.09549034	29.62530327	1.02865156	0.20617379028240135	0.0464991	0.00207
0.1468	0.4733	-0.29	0.01746027383695127	-0.007258824359044416	-0.004382521751757761	1.0643276	28.78256989	0.96479931	0.09808893571891042	0.0480235	0.0029
0.1526	0.3965	-0.2836	0.017369516715847567	-0.007436847942747837	-0.004239404753094226	1.06877553	28.90285492	0.97418376	0.10959488517353291	0.0476832	0.00303
0.1564	0.4463	-0.2832	0.017666222688686603	-0.007552039673379464	-0.004181808887778414	1.18714666	32.10396194	0.96636315	0.07747467843932376	0.0481201	0.00246
0.1525	0.533	-0.2069	0.01761037215262278	-0.007724827269326902	-0.003998549316319009	1.22044897	33.00455475	1.01051568	0.18749488517353327	0.0429978	0.00189
0.1562	0.5068	-0.2022	0.01757197490907891	-0.007466518540031742	-0.0042167154728183	1.16548312	31.51811409	1.01013201	0.060343606466916194	0.0433016	0.00252
0.159	0.4313	-0.2555	0.017570229579826915	-0.007042403531797119	-0.004181808887778414	1.14548934	30.97742462	1.00419361	0.1546383461263252	0.0472333	0.00365
0.1622	0.475	-0.2677	0.01779712238258618	-0.007134905982152819	-0.004131194339470578	1.05213654	28.45288849	0.95773444	0.07760049007113995	0.0490997	0.0039
0.1549	0.4732	-0.2412	0.017290976899507822	-0.0072623150175484055	-0.004173082241518442	1.19525111	32.32312775	0.98427566	0.06937212102609043	0.046019	0.00359
0.1531	0.518	-0.2238	0.016933184402848984	-0.0070685834705770355	-0.003841469683639519	1.17361331	31.73797989	0.96671366	0.10815683007545658	0.043997	0.00267
0.1619	0.432	-0.2623	0.016982053621904827	-0.007120943348136864	-0.0038606683054114572	1.12345326	30.38150406	0.97544577	0.13932138591938048	0.0467903	0.00315
0.1686	0.4149	-0.2487	0.017535322994787026	-0.007370525431172054	-0.003829252378875559	1.15807986	31.31790733	0.96267339	0.07911336912266435	0.0461455	0.00345
0.1627	0.4698	-0.22	0.017299703545767795	-0.0071715578964447	-0.003757693879543791	1.06482303	28.79596901	0.95213619	0.11480727415391764	0.044045	0.00282
0.1504	0.4513	-0.1793	0.016542230650402254	-0.006880087911361647	-0.003635520831904189	1.0287261	27.81979942	0.9571442	0.13005579640440984	0.0394982	0.00242
0.1523	0.4271	-0.2367	0.01660157184497006	-0.006904522520889568	-0.0038484510006474965	1.00677693	27.22622871	0.94429472	0.09833529864195181	0.0432174	0.00255
0.1585	0.4288	-0.2512	0.016505578736110374	-0.0069254664719134995	-0.003900810878207326	1.08459485	29.33065605	0.9422491	0.03086484687217246	0.0450244	0.00293
0.1687	0.4323	-0.2495	0.016578882564694135	-0.006813765399785863	-0.0035482543693044722	1.18243253	31.97647667	0.96855332	0.042278070480712554	0.0436324	0.00215
0.1931	0.4864	-0.1855	0.015865042900628457	-0.007309438907352251	-0.002775073510670984	1.1918515	32.23119354	1.01117063	0.24163470151327773	0.0373432	0.00096
0.1809	0.4927	-0.1784	0.016050047801339853	-0.007360053455660089	-0.0031433379828417875	1.0824126	29.27164078	0.95575061	0.0557941960595019	0.0370547	0.0011
0.1825	0.4521	-0.2434	0.016479398797330458	-0.0073181655536122235	-0.003417354675404897	1.08570671	29.3607254	0.96911888	0.14446277953007897	0.0423924	0.00171
0.1741	0.4027	-0.2581	0.01631533784764299	-0.007189011188964644	-0.003502875808752619	1.03691912	28.04136467	0.93189284	0.09143682238413849	0.0437387	0.00179
0.1502	0.5473	-0.2307	0.017594664189354833	-0.007658504757751118	-0.003998549316319009	1.35342884	36.60072327	1.05863801	0.3081246709032354	0.0456449	0.00248
0.1642	0.5149	-0.2466	0.017018705536196707	-0.007183775201208661	-0.0035744343080843866	1.28567278	34.76839828	1.00710867	0.13604016089676027	0.0448787	0.00213
0.1755	0.3932	-0.273	0.017102481340292432	-0.007326892199872195	-0.003558726344816438	1.20365095	32.55028534	1.02448359	0.17153003830136043	0.0471953	0.00249
0.1747	0.3995	-0.2451	0.017032668170212664	-0.007372270760424048	-0.003766420525803763	1.18371201	32.01107788	0.96343755	0.05114429558094733	0.0444759	0.0024
0.1611	0.4972	-0.2276	0.016706291600089723	-0.007473499857039719	-0.0037367499285198597	1.12682462	30.47267532	0.98306038	0.1516638132011258	0.0424269	0.00162
0.1666	0.5062	-0.2127	0.015503759745465629	-0.006653195108602383	-0.003127630019573839	1.0333221	27.94408798	0.94488647	0.16099782560037254	0.0393505	0.00111
0.178	0.488	-0.2197	0.015819664340076603	-0.006408849013323179	-0.0033527774930811067	1.14424539	30.94378281	0.95169641	0.07586990816987228	0.0396522	0.00125
0.1613	0.4158	-0.1906	0.016116370312915636	-0.006901031862385578	-0.002879793265790644	1.27758598	34.54970932	1.00664631	0.18109365245959477	0.0389901	0.00147
0.1654	0.4973	-0.2102	0.015821409669328598	-0.007838273670706533	-0.0026755897433073067	1.28069997	34.63391876	1.01730817	0.1770202987195666	0.0396557	0.00123
0.1568	0.5123	-0.288	0.015282102930462348	-0.008194320838113377	-0.0026616271092913526	1.22688007	33.17847061	1.0445706	0.1468658270144523	0.0453482	0.00188
0.1344	0.4876	-0.3355	0.015273376284202379	-0.007906341511534314	-0.0027628562059070234	1.05256903	28.46458244	0.97902147	0.1144967534727352	0.0485501	0.00222
0.1032	0.4974	-0.3057	0.018544123302439753	-0.007922049474802262	-0.0026057765732275338	1.29915619	35.13302994	1.25742788	0.24297673070924064	0.0545724	0.00789
0.0928	0.5194	-0.3185	0.017880898186681905	-0.007613126197199265	-0.0023474678439323734	1.15973997	31.36280251	1.15092582	0.1067228561328002	0.0553581	0.0071
0.0894	0.3804	-0.3517	0.01686337123276921	-0.0066881016936422705	-0.0022759093446006054	1.10931492	29.99915886	1.05075515	0.27630549784007286	0.0552354	0.00596
