trans_x	trans_y	trans_z	rot_x	rot_y	rot_z	dvars_std	dvars_nstd	dvars_vstd	framewise_displacement	aqi	aor
0.0	-0.0	0.0	-0.0	0.0	-0.0	n/a	n/a	n/a	n/a	0.0352628	0.01172
0.0022	0.2365	-0.0085	0.0018448130193580064	-0.0005026548245743669	-0.0004433136300065597	1.40571558	38.04150391	1.21628828	0.38673907369694666	0.0425866	0.013
0.0111	0.2117	0.0251	0.0007347836150896127	-0.00034557519189487725	-5.93411945678072e-05	1.03543484	28.02095795	1.0484204	0.1498540736193318	0.0361926	0.00903
0.0095	0.2211	0.0409	0.00033684854563490564	2.268928027592628e-05	0.00013439035240356338	1.13336515	30.67115021	0.99869101	0.07479655442984406	0.0353233	0.00825
0.0094	0.2075	0.0818	-0.0003595378259108319	-6.632251157578452e-05	0.00028274333882308137	1.13638568	30.75288963	0.96940025	0.10128755749084832	0.0317854	0.00624
0.0208	0.2139	0.0578	-0.0006370451769779302	-0.00020420352248333657	0.0002583087292951608	1.15882611	31.36017418	1.0164962	0.06379114857512856	0.0326202	0.00713
0.03	0.2063	0.0788	-0.00091106186954104	-0.000312413936106985	0.00039793506945470715	1.11566067	30.19202995	0.97185946	0.06389267231731521	0.0302473	0.00689
0.0314	0.1263	0.0825	-0.0011187560505283654	-0.0001361356816555577	0.000593411945678072	1.08789694	29.44068718	1.00454575	0.1140724655831059	0.0292822	0.00771
0.0255	0.2357	0.0958	-0.0011309733552923255	-0.0001937315469713706	0.0007976154681614085	1.21918321	32.99356079	1.02747022	0.14230083462815543	0.0310305	0.00566
0.0272	0.203	0.0646	-0.0012356931104119853	-1.2217304763960308e-05	0.0006387905062299246	1.09658575	29.67582512	0.95560498	0.08785294796292768	0.0306107	0.00701
0.0296	0.1169	0.0739	-0.0011728612573401894	5.061454830783555e-05	0.0007644542123735164	1.21299756	32.82616425	0.97718454	0.11036637061435917	0.0292479	0.00719
0.0287	0.1485	0.0875	-0.001117010721276371	-7.853981633974481e-05	0.0007627088831215222	1.1745646	31.78608894	0.97893512	0.05543751149816964	0.0287606	0.00651
0.0259	0.1709	0.1032	-0.0015515977050229591	-7.67944870877505e-05	0.0008726646259971648	1.16747081	31.59411812	0.95754013	0.06821440279371126	0.0271725	0.00545
0.0192	0.2349	0.1287	-0.001947787445225672	-7.155849933176751e-05	0.000900589894029074	1.09295094	29.57745934	0.99184725	0.11766754979953024	0.0255259	0.00419
0.0267	0.1064	0.1115	-0.00209614043164519	-0.000640535835481919	0.0005253441048502931	1.07728636	29.15354347	0.99516921	0.20782880558742248	0.0227689	0.00373
0.0421	0.1424	0.1305	-0.0027296949501191318	-0.0010297442586766543	0.0007225663103256524	1.17219841	31.72205734	0.95295134	0.1313992573572018	0.0230811	0.00296
0.0438	0.1005	0.1512	-0.0031555552876057474	-0.0011431906600562858	0.0008726646259971648	1.22085679	33.03884888	0.99821725	0.09877025272688798	0.0208976	0.00284
0.0384	0.1592	0.1709	-0.0030647981665020423	-0.0014276793281313615	0.000879645943005142	1.24018335	33.56186676	1.01804905	0.10291135530933788	0.0219892	0.00272
0.0381	0.1472	0.1641	-0.0031293753488258326	-0.001647590813882647	0.0006806784082777885	1.05563629	28.56764984	0.94490679	0.04327281014012147	0.0204512	0.00226
0.0325	0.1	0.1416	-0.0028693212902786776	-0.0017121679962064373	0.0005288347633542819	1.05521607	28.55627632	0.94144203	0.09912374428972258	0.0205538	0.00243
0.0215	0.1406	0.1196	-0.0029443704481144336	-0.0017226399717184032	0.00040317105721069014	1.07419777	29.06996155	0.94953468	0.08415924197456566	0.0224241	0.00249
0.0155	0.1398	0.1448	-0.003607595563872279	-0.001462585913171248	0.0006003932626860494	1.1714406	31.70154762	0.99998329	0.088025068989018	0.0213929	0.00238
0.0118	0.1366	0.156	-0.0036145768808802567	-0.0014573499254152652	0.00062482787221397	1.0840807	29.33741379	0.94995532	0.01993259571459405	0.0207584	0.00226
0.0219	0.1097	0.115	-0.0033143802495372316	-0.0018552849948699724	0.0004415683007545654	1.10401917	29.87698936	0.95823496	0.12206956361285684	0.0206841	0.00225
0.0213	0.1188	0.1112	-0.003193952531149623	-0.002150245638457014	0.00033684854563490564	1.10965669	30.02955055	0.94681005	0.03950540585471552	0.0209566	0.00204
0.0164	0.0704	0.147	-0.003626794185644217	-0.0019774580425095754	0.0005602506898901797	1.06115115	28.71689224	0.95236529	0.13055156973486534	0.0186796	0.00136
0.0143	0.1571	0.1761	-0.0038152897448596045	-0.0019041542139258136	0.000752236907609556	1.18279159	32.00872803	0.96252804	0.1405892802759263	0.0191889	0.00157
0.0236	0.1321	0.1268	-0.0034417892849328176	-0.002022836603061428	0.0004363323129985824	1.1364367	30.75427055	0.9528863	0.12400437218366873	0.0208845	0.00178
0.0226	0.132	0.1273	-0.0033580134808370897	-0.00217293491873294	0.0003525565089028545	1.25330913	33.91707611	0.94477355	0.017482496193148372	0.0206352	0.00139
0.0217	0.0718	0.1603	-0.0036547194536761256	-0.002234021442552742	0.0005096361415823442	1.21058416	32.76085281	0.98386642	0.11984360646691636	0.01807	0.00132
0.0123	0.2161	0.1956	-0.0038327430373795474	-0.001970476725501598	0.0006370451769779302	1.21222019	32.80512619	1.04887991	0.21744886680750755	0.0189444	0.00111
0.0137	0.1207	0.1681	-0.0035447637108004834	-0.0021886428820008896	0.000312413936106985	1.05358744	28.51220512	0.96989735	0.165838836197465	0.0167549	0.00102
0.0162	0.1182	0.1598	-0.0037629298672997745	-0.0027593655474030345	-1.7453292519943294e-06	1.06093645	28.71108246	0.93959945	0.06845240436302077	0.017266	0.00099
0.0104	0.1621	0.156	-0.004389503068765739	-0.002846632010002751	-8.203047484373349e-05	1.15381491	31.22456169	0.93284457	0.093206240482871	0.0188648	0.00121
0.0001	0.2148	0.1928	-0.004118977034706617	-0.002930407814098479	0.00015009831567151235	1.23281777	33.36253738	1.00212041	0.1291215314335048	0.0182037	0.00099
0.0006	0.1821	0.1729	-0.0037472219040318253	-0.0027977627909469105	0.00015533430342749534	1.12878191	30.54711914	0.98925546	0.07858180707911713	0.0198486	0.0012
-0.0003	0.0797	0.1499	-0.003755948550291797	-0.0030909781052819575	-0.00019896753472735358	1.21319389	32.83147812	1.05236624	0.1591121899374934	0.0169531	0.00087
-0.0034	0.1203	0.1782	-0.004276056667386107	-0.003153809958353753	5.235987755982988e-06	1.11704504	30.22949409	0.96376866	0.11135717463247208	0.0169501	0.00091
-0.0108	0.111	0.1987	-0.004307472593922005	-0.003134611336581816	0.00015533430342749534	1.03312552	27.95846176	0.93374768	0.04723564319896738	0.0149159	0.00052
-0.015	0.1712	0.19	-0.003979350694547071	-0.003078760800517997	3.490658503988659e-05	1.14725637	31.04707527	0.96690541	0.09832000769131805	0.0177739	0.00078
-0.0163	0.0897	0.1435	-0.00364424747816416	-0.0031555552876057474	-0.000317649923862968	1.15230715	31.18375969	0.9853827	0.16752271061867582	0.016365	0.00072
-0.0229	0.2079	0.141	-0.003333578871309169	-0.0031049407392979124	-0.0005148721293383271	1.2283814	33.24248123	1.00087346	0.15522526803190925	0.0197613	0.00087
-0.0312	0.1614	0.1662	-0.0033178709080412204	-0.002949606435870417	-0.00019547687622336493	1.23211884	33.34362411	0.99054888	0.10452187599052035	0.0168506	0.00066
-0.0403	0.1521	0.1941	-0.0033824480903650108	-0.0030490902032340936	-0.0003717551306747922	1.04520237	28.28528786	0.94141209	0.06331696020694469	0.0149208	0.00046
-0.0323	0.1272	0.1505	-0.0033196162372932147	-0.003563962332572421	-0.0006876597252857658	1.07019496	28.9616375	0.96068061	0.12118042885105489	0.0161822	0.00049
-0.0353	0.164	0.1547	-0.0034295719801688577	-0.003673918075448063	-0.0005585053606381855	1.06415498	28.79818344	0.9496833	0.06145329251994328	0.0173167	0.00063
0.0073	0.15	0.1414	-0.003556981015564444	-0.0032166418114255493	0.00020594885173533088	1.11668146	30.21965408	0.9613225	0.13735697558958085	0.0181332	0.00078
-0.0237	0.204	0.1869	-0.003298672286269283	-0.0029792770331543207	-1.5707963267948964e-05	1.16988742	31.65951538	0.99779655	0.1663665161284835	0.0174511	0.00069
-0.0205	0.1527	0.2007	-0.003298672286269283	-0.0032306044454415038	-0.00028274333882308137	1.13076043	30.60066223	0.95994401	0.09421813939211571	0.0152467	0.00066
-0.0209	0.1808	0.1696	-0.0030211649352021846	-0.0037192966359999168	-0.0006056292504420323	1.1232543	30.3975296	0.98198677	0.11405427266222308	0.0184495	0.00076
-0.0308	0.1224	0.1706	-0.003373721444105039	-0.0034749505407207105	-0.00042760566673861073	1.0694232	28.94075012	0.98394271	0.1080463093942741	0.0157129	0.00048
-0.0518	0.2334	0.198	-0.0030578168494940655	-0.0029949849964222694	-0.000783652834145454	1.34988415	36.53059006	1.0476655	0.21699586531581289	0.019015	0.00096
-0.06	0.2887	0.2159	-0.0033283428835531865	-0.0032079151651655774	-0.0008272860654453122	1.22482371	33.14620209	0.99990605	0.10775447170511437	0.0202071	0.001
-0.053	0.1739	0.1899	-0.0030665434957540365	-0.0035482543693044722	-0.0008656833089891874	1.22345006	33.10902786	1.0530511	0.17982679177409602	0.0163885	0.00051
-0.0568	0.1674	0.2081	-0.0030927234345339517	-0.0038222710618675813	-0.0010995574287564276	1.17497122	31.79709435	0.9600682	0.05520353755551322	0.0158512	0.0004
-0.0603	0.2071	0.2243	-0.003675663404700058	-0.003295181627765294	-0.0009093165402890458	1.0606364	28.70296288	0.96712995	0.12441351463678876	0.0158944	0.00061
-0.0642	0.2462	0.2655	-0.004356341812977846	-0.0033824480903650108	-0.0006161012259539982	1.32050085	35.73542023	0.94656077	0.1372580092606276	0.0164278	0.00088
-0.0534	0.211	0.2367	-0.004101523742186674	-0.0037210419652519105	-0.0007086036763096977	1.27531826	34.51268768	0.96619477	0.1090957198016886	0.0160557	0.00055
-0.0488	0.1633	0.2303	-0.0035465090400524776	-0.003944444109507185	-0.0005567600313861911	1.19528174	32.34673691	0.96692709	0.10521302456564884	0.0144752	0.00033
-0.0612	0.1784	0.2507	-0.0035465090400524776	-0.0038100537571036214	-0.0004991641660703782	1.19078672	32.22509384	0.97321735	0.057499310885968775	0.0148673	0.00066
-0.071	0.2147	0.256	-0.0036425021489121657	-0.003703588672731967	-0.000577703982410123	1.04524243	28.28637123	0.95328153	0.06544990047855438	0.0162617	0.00078
-0.0671	0.1943	0.1967	-0.003426081321664869	-0.0038100537571036214	-0.0005742133239061344	1.08865678	29.46125221	1.03998093	0.09991882850614697	0.0165635	0.00067
-0.061	0.2037	0.2291	-0.004221951460574283	-0.003892084231947355	-0.0005707226654021458	1.1751132	31.80093765	0.95352674	0.09196956361285681	0.0162125	0.00075
-0.0661	0.2394	0.2696	-0.004384267081009755	-0.004082325120414737	-0.0005515240436302081	1.18385696	32.03755951	0.95835169	0.09988775653373955	0.0162733	0.00066
-0.072	0.241	0.2919	-0.004173082241518442	-0.004218460802070294	-0.00038048177693476387	1.18746698	32.13525391	0.9563671	0.055718139392115694	0.0153745	0.0006
-0.0664	0.1991	0.2451	-0.004194026192542374	-0.004014257279586958	-0.0005061454830783556	1.0883255	29.45228577	0.98190992	0.11184055898254296	0.0153916	0.00055
-0.0598	0.1183	0.2189	-0.00446629755585349	-0.004180063558526419	-0.0004468042885105483	1.11171603	30.08528137	1.00805573	0.1384709418409192	0.014157	0.00042
-0.0513	0.165	0.2265	-0.004455825580341524	-0.003707079331235956	-6.806784082777885e-05	1.28077626	34.66039276	1.02311182	0.10590963252425992	0.0159492	0.00073
-0.0696	0.2037	0.3404	-0.006630505828326458	-0.003956661414271145	-4.886921905584123e-05	1.35291123	36.61251068	1.12514077	0.2930730476396029	0.0172726	0.00121
-0.0579	0.2133	0.2934	-0.0041329396687225725	-0.0036931166972200015	0.0004258603374866164	1.27535522	34.51368713	1.09569396	0.23009202165987433	0.0160717	0.00055
-0.046	0.1545	0.2712	-0.0036128315516282617	-0.003841469683639519	0.00026878070480712676	1.10802102	29.98528671	0.96393506	0.1341770368096659	0.0153196	0.00039
-0.0517	0.1099	0.2918	-0.004136430327226561	-0.0038170350741115982	0.0003769911184307752	1.08861685	29.46017075	0.98247277	0.10371218993749343	0.0119835	0.00024
-0.0556	0.1719	0.299	-0.004516912104161324	-0.0038065630985996326	0.00032463124087094524	1.15328085	31.2101078	0.93337802	0.09526568150032791	0.0138941	0.00027
-0.0713	0.2265	0.3111	-0.004399975044277705	-0.003347541505325124	0.0003316125578789226	1.23687196	33.47225189	0.99727699	0.11154699850830524	0.0153781	0.00049
-0.0711	0.2063	0.2961	-0.004560545335461182	-0.0036634460999360975	-1.9198621771937625e-05	1.14205408	30.90629005	1.00485083	0.07676430327226556	0.0140216	0.00045
-0.0619	0.1668	0.2697	-0.004176572900022431	-0.004305727264670011	-0.00034557519189487725	1.17578101	31.81900787	0.98477875	0.14273150851478023	0.0137429	0.0004
-0.0624	0.2439	0.261	-0.003956661414271145	-0.00422893277758226	-0.0003647738136668148	1.1083672	29.99465561	0.97377192	0.10209522973054869	0.0153617	0.00039
-0.0633	0.1986	0.2853	-0.004206243497306334	-0.004017747938090946	6.45771823237902e-05	1.08787262	29.44003105	0.95206274	0.11500589592585536	0.014166	0.00049
-0.0714	0.2139	0.2824	-0.0042935099599060505	-0.0035046211380046137	-8.726646259971648e-06	1.17661464	31.84156799	0.96538032	0.05998485456349057	0.0144157	0.00052
-0.059	0.227	0.2697	-0.003956661414271145	-0.003837979025135531	-0.0002181661564992912	1.11096537	30.0649662	0.94401121	0.08218229715025709	0.0152723	0.00058
-0.0567	0.1847	0.2779	-0.0036931166972200015	-0.004242895411598215	-0.00047123889803846896	1.20514393	32.61362839	0.9622658	0.09887669225265024	0.0134036	0.0003
-0.0575	0.2255	0.2826	-0.003979350694547071	-0.004235914094590238	-0.0005166174585903216	1.08691323	29.41406822	0.94719035	0.063229693744345	0.0147206	0.00033
-0.0667	0.1955	0.312	-0.004347615166717875	-0.003939208121751202	-0.00032637657012293966	1.04144752	28.18367195	0.94541519	0.11136056667386104	0.0135089	0.00046
-0.0746	0.2558	0.3075	-0.004405211032033687	-0.0036582101121801144	-0.00041538836197465044	1.20829248	32.69883347	1.01389569	0.09408028333693055	0.0161496	0.00057
-0.0642	0.2006	0.2643	-0.004174827570770436	-0.0038833575856873836	-0.0005375614096142535	1.19685376	32.38927841	0.97369307	0.13768519912050622	0.0148077	0.00037
-0.0565	0.1926	0.268	-0.004106759729942657	-0.004089306437422714	-0.0003193952531149623	1.15907264	31.36684608	1.00025662	0.04400914245312007	0.0142533	0.00049
-0.0551	0.2182	0.2678	-0.00408756110817072	-0.00400727596257898	-0.0001675516081914556	1.17601252	31.82527351	0.95493395	0.03985363707695896	0.0150791	0.00043
-0.0682	0.2176	0.2948	-0.004283037984394084	-0.0036983526849759846	-0.00020769418098732522	1.06399405	28.79382896	0.95491605	0.06792713633111154	0.0147106	0.00048
-0.0723	0.3038	0.2841	-0.0043039819354180175	-0.003635520831904189	-0.00035430183815484887	1.2058872	32.63374329	0.98707141	0.11251917306316264	0.0180064	0.001
-0.0623	0.1525	0.2123	-0.003872885610175417	-0.0036843900509600297	-0.0004974188368183839	1.26712549	34.29097366	1.06101754	0.26425412714809887	0.0150272	0.00036
-0.0591	0.2156	0.2028	-0.0035290557475325343	-0.003926990816987242	-0.0006073745796940267	1.16816378	31.61287117	0.95294946	0.11061931857728688	0.0165794	0.00055
-0.0708	0.2129	0.2194	-0.0034417892849328176	-0.003745476574779831	-0.0006265732014659643	1.17721331	31.85777092	0.95551867	0.04539896632895327	0.0168983	0.00048
-0.0796	0.2688	0.2558	-0.0035116024550125905	-0.003569198320328404	-0.0005707226654021458	1.0618664	28.73624802	0.96280916	0.11619709802975092	0.01635	0.00055
-0.0668	0.2385	0.193	-0.0031049407392979124	-0.003717551306747922	-0.0006597344572538566	1.07279956	29.03212357	0.94751252	0.13810132469929537	0.0172244	0.00042
-0.0614	0.3049	0.1532	-0.0031712632508736965	-0.0036163222101322505	-0.00028623399732707005	1.19234347	32.26722336	0.99638111	0.13865260340591212	0.0230437	0.00127
-0.0762	0.3452	0.2145	-0.002775073510670984	-0.003750712562535814	-0.00039968039870670147	1.24313498	33.64174271	1.0496145	0.1486013246992954	0.0210574	0.00127
-0.0854	0.2782	0.3116	-0.003033382239966145	-0.003597123588360313	-0.00029845130209103034	1.27552605	34.51831055	1.11187862	0.19895634000431664	0.0162112	0.00129
-0.0848	0.2593	0.268	-0.0026302111827554544	-0.003707079331235956	-0.000148352986419518	1.10942674	30.02332878	1.04049257	0.09626125578789232	0.0153469	0.0007
-0.0838	0.201	0.2847	-0.0028571039855147177	-0.004064871827894794	-8.37758040957278e-05	1.08441865	29.34655762	0.94662397	0.10846312408709452	0.0131257	0.00039
-0.0795	0.2645	0.2256	-0.003106686068549906	-0.0037978364523396607	-0.000317649923862968	1.2218436	33.06555557	0.99212955	0.16442457891787807	0.0192356	0.00069
-0.0962	0.2314	0.2299	-0.0032829643230013338	-0.003490658503988659	-0.00028274333882308137	1.24286866	33.63453674	1.01851966	0.08001813939211577	0.0179734	0.00079
-0.1144	0.2588	0.2756	-0.002981022362406315	-0.003787364476827695	-0.0005061454830783556	1.17759228	31.86802483	1.00758198	0.13240250388446645	0.0154884	0.00066
-0.1095	0.1913	0.2422	-0.0027628562059070234	-0.003214896482173555	-0.0004921828490624009	1.07314754	29.04153824	0.97027517	0.14602983925846927	0.0151207	0.00045
-0.1088	0.1731	0.1876	-0.004916592502868026	-0.0032602750427254074	-0.0002373647782712288	1.1853019	32.07666397	1.08237927	0.19619664641520132	0.0173545	0.00108
-0.1112	0.2101	0.2191	-0.00436157780073383	-0.003450515931192789	-0.000291469985083053	1.06761909	28.89192963	0.98720699	0.11086803987067008	0.0164245	0.00055
-0.1234	0.1664	0.2639	-0.0034662238944607386	-0.003073524812762014	-0.00023561944901923448	1.11351192	30.13388252	0.99732462	0.1671097780383843	0.0144438	0.00057
-0.1021	0.1669	0.2513	-0.003954916085019151	-0.003347541505325124	-3.839724354387525e-05	1.14738953	31.05067635	0.98212056	0.08239655442984406	0.0142068	0.00052
-0.101	0.1482	0.3163	-0.004377285764001779	-0.003560471674068432	0.0003298672286269283	1.18068099	31.95161057	0.98655682	0.134978215994837	0.0133858	0.00037
-0.0956	0.1835	0.3487	-0.004218460802070294	-0.003785619147575701	-4.71238898038469e-05	1.250543	33.84222031	0.99478218	0.11114817769347642	0.0141044	0.00066
-0.1048	0.2397	0.3546	-0.004201007509550351	-0.003691371367968007	-0.000153588974175501	1.17349708	31.75720215	1.04230395	0.08220830782496458	0.0170922	0.00229
-0.1181	0.145	0.3766	-0.004831071369520303	-0.0032899456400093115	-4.0142572795869576e-05	1.11347103	30.13277435	0.98595552	0.1872467994654139	0.0145375	0.00175
-0.1072	0.1349	0.3585	-0.005164429256651221	-0.0033300882128051803	-2.4434609527920616e-05	1.1893096	32.18511963	0.95142041	0.05856042115973677	0.0146404	0.00144
-0.1083	0.1501	0.3865	-0.005242969072990966	-0.003495894491744642	6.632251157578452e-05	1.28321695	34.72644043	0.9564313	0.0610551608191456	0.0149843	0.00105
-0.109	0.1478	0.3827	-0.004907865856608054	-0.0036651914291880917	0.0001605702911834783	1.26336992	34.1893425	1.00218434	0.0367323966717028	0.0143151	0.00075
-0.1112	0.1851	0.3724	-0.004677482395344803	-0.003300417615521277	0.0002740166925631097	1.11961734	30.2991066	0.97750996	0.08523018381548483	0.0150111	0.00078
-0.1122	0.204	0.3652	-0.004879940588576145	-0.0030525808617380824	0.00041538836197465044	1.05776119	28.6251545	0.94447499	0.05668333082130388	0.0139017	0.00051
-0.095	0.1472	0.3094	-0.004485496177625427	-0.0034103733583969193	0.0003438298626428829	1.14235222	30.91435814	0.97758109	0.17098977034706617	0.0137242	0.00054
-0.0918	0.1474	0.3057	-0.004522148091917307	-0.0032882003107573173	0.0005532693728822024	1.18228388	31.9949894	0.94836728	0.025513223608540084	0.0138619	0.00031
-0.0876	0.1418	0.3279	-0.004670501078336825	-0.0031049407392979124	0.000635299847725936	1.17037129	31.67261124	0.940811	0.05268215163613283	0.0137379	0.00037
-0.1016	0.2299	0.3428	-0.00506320016003555	-0.0026441738167714093	0.0005445427266222308	1.12647748	30.48475647	0.986728	0.1642111562664466	0.0167512	0.00097
-0.0883	0.2273	0.3035	-0.005002113636215748	-0.0027192229746071652	0.00041189770347066176	1.01117051	27.36431503	0.93554882	0.06863903524035633	0.0171912	0.00076
-0.0861	0.1663	0.2982	-0.004810127418496373	-0.0030997047515419294	0.0002652900463031381	1.09355319	29.59375763	0.94317048	0.10445378259108312	0.0151287	0.00039
-0.0868	0.1051	0.3259	-0.005103342732831419	-0.003186971214141646	0.0004729842272904633	1.20157731	32.51710892	0.99090205	0.1190087978961044	0.0141523	0.00054
-0.0853	0.2021	0.3895	-0.005419247327442393	-0.00308399678827398	0.0009442231253289323	1.25079358	33.84899902	1.0172047	0.20660589592585543	0.0163757	0.00049
-0.0781	0.1499	0.3844	-0.005551892350593962	-0.003106686068549906	0.0009721483933608416	1.13324046	30.66777611	0.97464582	0.0736629785729702	0.0148168	0.00043
-0.0672	0.101	0.3968	-0.005586798935633849	-0.0031834805556376572	0.0008866272600131194	1.11646104	30.2136898	0.95793282	0.08206111027376797	0.01357	0.00022
-0.0602	0.2046	0.4058	-0.0059096848472528	-0.0035098571257605967	0.0009354964790689606	1.24733365	33.75536728	0.9667377	0.1545065850398866	0.0158523	0.00042
-0.0771	0.1536	0.4631	-0.005510004448546098	-0.003153809958353753	0.0009826203688728075	1.32660377	35.90057755	1.04128005	0.16534257279586967	0.0169394	0.00078
-0.1117	0.1466	0.5831	-0.0042271874483302664	-0.004207988826558329	0.00034906585039886593	1.31430912	35.56785965	1.14939824	0.3101275193447174	0.0180624	0.00311
-0.1076	0.1503	0.5559	-0.003998549316319009	-0.004145156973486532	0.0002670353755551324	1.05866003	28.64947891	0.99709118	0.05367502299633936	0.0166951	0.0022
-0.08	0.0974	0.4126	-0.004063126498642799	-0.003937462792499207	0.0004886921905584122	1.23539221	33.43220901	1.1376451	0.24849640891571967	0.0121643	0.00066
-0.0679	0.1173	0.3513	-0.00398284135305106	-0.004122467693210606	0.00048171087355043494	1.0285697	27.83517265	0.96645445	0.10691356816555583	0.0120143	0.00057
-0.0586	0.1205	0.3216	-0.003778637830567723	-0.004314453910929983	0.0006841690667817771	1.03452444	27.99632072	0.94748495	0.07213239667170275	0.0123218	0.00036
-0.0588	0.1279	0.3356	-0.00420449816805434	-0.0043877577395137445	0.0008848819307611251	1.10001814	29.768713	0.94906143	0.05659385150248633	0.0124245	0.00045
-0.0594	0.1907	0.3524	-0.00429700061841004	-0.004368559117741807	0.001064650843716541	1.25650704	34.00361633	0.99003396	0.09477349925415264	0.0148863	0.00069
-0.0439	0.1129	0.3197	-0.004368559117741807	-0.004473278872861466	0.0010768681484805013	1.23277795	33.36146164	1.00883303	0.13542477796076932	0.012665	0.0003
-0.0338	0.1076	0.3116	-0.004576253298729132	-0.004351105825221863	0.0012688543661998775	1.14575791	31.00652313	0.95840304	0.049592672317315234	0.0123192	0.00031
-0.0314	0.1047	0.3201	-0.004843288674284265	-0.004195771521794368	0.001408480706359424	1.01694143	27.52048874	0.91269687	0.04189980095710871	0.0121242	0.00028
-0.0434	0.2163	0.3502	-0.0050073496239717305	-0.003958406743523139	0.0014590952546672592	1.34573531	36.41831589	0.98833299	0.17630201381332647	0.0144886	0.00063
-0.0344	0.1033	0.363	-0.005499532473034132	-0.00408756110817072	0.001481784534943186	1.28548121	34.78771591	1.00908193	0.16700132469929546	0.0133204	0.00054
-0.0214	0.1821	0.3805	-0.005661848093469605	-0.004626867847036967	0.0014695672301792255	1.21548319	32.8934288	1.00985841	0.14499198320328405	0.0155268	0.00052
-0.0157	0.1692	0.3886	-0.0061959188445798695	-0.0045553093477052	0.001572541656046891	1.19621921	32.37210846	0.95676903	0.06213018381548488	0.0155882	0.00064
-0.0095	0.1299	0.3632	-0.006550220682734718	-0.00409977841293468	0.0018832102629018814	1.08195484	29.27988434	0.95516053	0.12692506898901795	0.0159699	0.0007
-0.0198	0.184	0.3302	-0.006110397711232148	-0.003965388060531117	0.0017994344588061536	1.18550718	32.08221817	0.95805399	0.13029945640009308	0.0161039	0.00108
-0.0145	0.1136	0.2892	-0.005612978874413764	-0.004176572900022431	0.0017610372152622785	1.18476343	32.06209183	0.98170188	0.15405004599267863	0.0152957	0.00058
-0.0164	0.1202	0.3276	-0.005756095873077299	-0.0043214352279379595	0.0018989182261698304	1.20588374	32.63364792	0.95403405	0.06819301687433077	0.0148238	0.00052
-0.0144	0.1798	0.3518	-0.005801474433629152	-0.004551818689201211	0.0018867009214058703	1.20229924	32.53664398	0.96393625	0.1001989663289532	0.0151751	0.00063
-0.0106	0.1453	0.3775	-0.005934119456780722	-0.004084070449666731	0.002288126649364566	1.13557673	30.73099899	1.00738955	0.11409094953223724	0.0160429	0.00049
-0.0097	0.1688	0.3565	-0.006077236455444256	-0.0034417892849328176	0.0024818581963359366	1.02671003	27.78484535	0.94270447	0.09435648551844093	0.0148243	0.00049
-0.0044	0.0832	0.3405	-0.006012659273120465	-0.0036337755026521943	0.0024713862208239705	1.0765543	29.13373184	0.95540011	0.12025176877775667	0.0139785	0.00057
-0.009	0.0589	0.347	-0.006386159733047251	-0.003834488366631542	0.002333505209916419	1.15000236	31.12138748	0.93483386	0.07100471674068423	0.0141492	0.00043
-0.0086	0.1208	0.3705	-0.0064001223670632065	-0.004169591583014453	0.002303834612632515	1.14947212	31.10703659	0.95312651	0.10473682238413852	0.0143536	0.00034
-0.0142	0.1711	0.3562	-0.0060632738214283005	-0.003897320219703338	0.002087413785385218	1.17142129	31.70102501	0.96252745	0.11147703680966586	0.0142472	0.00024
-0.0042	0.0963	0.3292	-0.005988224663592545	-0.004085815778918725	0.002061233846605303	1.0517391	28.46218491	0.94756842	0.1262862327915529	0.0129498	0.00031
-0.0044	0.095	0.3253	-0.006110397711232148	-0.004495968153137393	0.001996656664281513	1.06749058	28.88845062	0.92107727	0.03524513020910306	0.0130817	0.00036
-0.002	0.144	0.3342	-0.0065886179262785935	-0.004703662334124718	0.0019582594207376374	1.13120615	30.6127243	0.93736645	0.09651558197888234	0.0147008	0.00043
0.0047	0.1634	0.4022	-0.007094763409356949	-0.004907865856608054	0.002049016541841343	1.19637728	32.37638474	1.00504871	0.13415530633326983	0.0158184	0.00033
0.0038	0.1084	0.3543	-0.005569345643113905	-0.004937536453891958	0.001647590813882647	1.18260074	32.00356293	0.99881052	0.2016257045742821	0.012151	0.00033
0.0016	0.1329	0.3646	-0.005839871677173027	-0.005124286683855352	0.001609193570338772	1.108881	30.00855827	0.97192831	0.06178367537831952	0.0127576	0.0004
-0.0058	0.1069	0.3487	-0.006049311187412347	-0.004876449930072156	0.0017418385934903407	1.06451297	28.80787086	0.94106056	0.07879606435870419	0.0125693	0.00019
-0.0155	0.1332	0.2979	-0.005400048705670456	-0.004609414554517024	0.0017959438003021652	1.19502163	32.33969879	0.94045484	0.13532015320544236	0.0134547	0.00031
-0.0194	0.1343	0.281	-0.005204571829447091	-0.004277801996638102	0.0018744836166419098	1.20141876	32.51281738	0.96357295	0.05218146252210157	0.0147524	0.00037
-0.0148	0.0836	0.2403	-0.005412266010434416	-0.004504694799397364	0.0016667894356545846	1.16112542	31.42239952	0.99653212	0.12811405823669567	0.0134552	0.00057
-0.0092	0.0797	0.2786	-0.005691518690753509	-0.004965461721923867	0.0017767451785302276	1.18462241	32.05827332	0.95503527	0.09029876728606193	0.0125917	0.00022
-0.0319	0.0884	0.2865	-0.005469861875750229	-0.004916592502868026	0.001609193570338772	1.09116292	29.52907181	0.96320295	0.061203882112528814	0.0132161	0.00024
-0.0342	0.0675	0.2972	-0.005440191278466324	-0.00481710873550435	0.0016598081186466073	1.06568372	28.83955193	0.96406482	0.04288844564777085	0.0115395	0.00027
-0.0356	0.0606	0.231	-0.005290092962794812	-0.0048188540647563435	0.0014311699866353504	1.10055816	29.7833252	0.94903236	0.09352408884673813	0.0130462	0.00033
-0.0392	0.0499	0.2361	-0.005232497097479001	-0.004988151002199794	0.0013194689145077131	1.19964755	32.46488571	0.96198002	0.03632969374434496	0.0129634	0.0004
-0.0435	-0.0053	0.2695	-0.005108578720587403	-0.00544193660771832	0.001308996938995747	1.25717652	34.02173615	1.0305311	0.12230879789610448	0.0120981	0.00036
-0.033	0.0756	0.3366	-0.005384340742402506	-0.00503876555050763	0.0018744836166419098	1.19754791	32.4080658	1.06765133	0.22072098783359773	0.0115399	0.00033
-0.0277	0.0857	0.2969	-0.00481710873550435	-0.004888667234836118	0.001726130630222392	1.0314573	27.91331863	0.95527522	0.09838416544945933	0.0103707	0.00018
-0.0131	0.0221	0.281	-0.004675737066092809	-0.00528485697503883	0.0018168877513260971	1.11854994	30.2702198	0.94412115	0.12551592653589785	0.010897	0.0003
-0.0057	0.064	0.2829	-0.004825835381764321	-0.005251695719250937	0.0022026055160168437	1.20990336	32.74242783	0.95154465	0.0796488668075075	0.0114038	0.00027
-0.0126	0.1193	0.3279	-0.005407030022678433	-0.005239478414486977	0.0023788837704682713	1.21146595	32.78471375	0.97561706	0.145684510006475	0.0115623	0.0003
-0.0311	0.0979	0.3771	-0.005686282702997525	-0.005009094953223725	0.0023387411976724015	1.12502348	30.44540596	0.95772888	0.11658893571891064	0.0107471	0.00021
-0.0647	0.0634	0.428	-0.004925319149127998	-0.005324999547834699	0.002038544566329377	1.0722245	29.01656151	0.98526335	0.18785323899117623	0.00983965	0.00024
-0.0811	0.154	0.4529	-0.004307472593922005	-0.0053389621818506535	0.0022741640153486112	1.12825131	30.53275871	0.98501564	0.17527143191205913	0.0131501	0.00064
-0.0766	0.1287	0.4484	-0.004314453910929983	-0.004663519761328848	0.0025342180738957666	0.98156506	26.56313324	0.93366023	0.08142388980384696	0.0120199	0.00061
-0.0551	-0.0049	0.4143	-0.0048136180770003605	-0.00474904089467657	0.002663372438543347	1.12198162	30.36308861	1.00965485	0.224891983203284	0.0114968	0.00033
-0.0624	0.0096	0.4103	-0.005574581630869889	-0.004694935687864747	0.0024713862208239705	0.94620538	25.60622787	0.92407733	0.0761527489200364	0.0126011	0.00058
-0.0691	0.0359	0.3743	-0.005159193268895238	-0.004885176576332128	0.002090904443889207	1.32220113	35.78143311	1.01561165	0.11830555136883972	0.0118958	0.00061
-0.0554	0.0152	0.422	-0.005988224663592545	-0.005508259119294104	0.0021938788697568722	1.32241321	35.78717041	1.01561863	0.15985441817634735	0.0126638	0.00034
-0.0289	0.0925	0.2593	-0.0035918876006043304	-0.0056374134839416844	0.002005383310541485	1.42256105	38.49737549	1.2060492	0.40219934934255913	0.0125754	0.00063
-0.0458	0.0819	0.3104	-0.0039898226700590365	-0.005668829410477582	0.00209614043164519	1.30769825	35.38895416	1.04923244	0.10460540585471546	0.0127979	0.00112
-0.0356	0.0767	0.2975	-0.003986332011555049	-0.0060632738214283005	0.0022026055160168437	1.29957831	35.16921234	0.9984041	0.053520007691318025	0.0120406	0.0004
-0.036	0.0569	0.3001	-0.0042271874483302664	-0.006155776271784001	0.002197369528260861	1.11181426	30.08793831	0.95075196	0.039729693744345006	0.0118466	0.00048
-0.0337	0.0604	0.3217	-0.004815363406252355	-0.006361725123519331	0.0021380283336930534	1.08051848	29.24101067	0.92551938	0.07007330021126136	0.0114665	0.0006
-0.0293	0.0827	0.3331	-0.005288347633542819	-0.006251769380643689	0.002305579941884509	1.27571785	34.52350235	0.94969722	0.07562457891787809	0.0135199	0.00078
-0.0323	0.1156	0.3796	-0.005597270911145814	-0.006333799855487422	0.0023387411976724015	1.3014766	35.22058487	0.97064395	0.10360575041173102	0.0143889	0.0007
-0.0276	0.0626	0.4034	-0.005705481324769463	-0.006682865705886288	0.0023212879051524586	1.1963532	32.37573242	0.95621354	0.10523647782712288	0.0138248	0.00081
-0.0318	0.0286	0.4245	-0.005904448859496816	-0.006785840131753953	0.0021851522234969008	1.10127962	29.80285072	0.94551446	0.08120388211252878	0.0140409	0.00067
-0.0215	0.0346	0.4305	-0.006258750697651665	-0.006806784082777885	0.002228785454796759	1.19314575	32.2889328	0.93255761	0.04324395102393197	0.0145491	0.00106
-0.0259	0.034	0.4246	-0.00641757565958315	-0.007010987605261222	0.002143264321449037	1.25241137	33.8927803	0.94398614	0.033327480888127224	0.0156049	0.00112
-0.0268	0.0666	0.4392	-0.00641757565958315	-0.007070328799829028	0.002131047016685076	1.21630383	32.91563797	0.9676342	0.051677924966588365	0.0162206	0.001
-0.0313	0.089	0.4323	-0.006370451769779303	-0.0069464104229374326	0.002064724505109292	1.12198985	30.36330986	0.94948417	0.04566823891356132	0.0145745	0.00081
-0.0268	0.0276	0.4316	-0.006323327879975456	-0.00684518132632176	0.0021205750411731105	1.08104336	29.2552166	0.95322351	0.07681017612416689	0.0140939	0.00081
-0.0231	0.0981	0.3956	-0.006403613025567195	-0.006689847022894265	0.002228785454796759	1.15915108	31.36896896	0.94831368	0.12739149313214407	0.0139065	0.00085
-0.0228	0.106	0.4158	-0.006382669074543263	-0.006719517620178169	0.0023212879051524586	1.25323212	33.91499329	0.96320358	0.03555584993317676	0.0142156	0.00051
-0.0343	0.0903	0.4332	-0.006150540284028017	-0.0064071036840711824	0.0023020892833805202	1.22781897	33.22726059	0.9652856	0.07278706741970847	0.0132944	0.00037
-0.0399	0.0859	0.4175	-0.005827654372409066	-0.006342526501747393	0.002050761871093337	1.1070863	29.95998955	0.95983215	0.05763952531149616	0.0119929	0.00046
-0.0294	0.0649	0.389	-0.006359979794267337	-0.006525786073206799	0.002061233846605303	1.10095	29.79393005	0.9611846	0.09630284844148208	0.0120885	0.00039
-0.0336	0.0493	0.4174	-0.006513568768442837	-0.006990043654237291	0.0022200588085367874	1.07326376	29.04468536	0.93101756	0.0870335758568738	0.0132824	0.00022
-0.036	0.1092	0.4214	-0.0067771134854939805	-0.006977826349473328	0.0024155356847601517	1.15008223	31.1235466	0.94943006	0.08986194490192354	0.0135983	0.00042
-0.0366	0.1007	0.4307	-0.00618370153981591	-0.006436774281355088	0.002542944720155738	1.12489152	30.4418354	0.95502184	0.08149365245959493	0.0124677	0.00033
-0.0334	0.0756	0.3825	-0.005621705520673735	-0.006820746716793839	0.0020245819323134223	1.13897729	30.82302475	0.96348173	0.14971656212116205	0.0115476	0.00028
-0.0425	0.0493	0.3812	-0.005253441048502931	-0.0074124133332199174	0.0017139133254584315	1.13237154	30.64426041	0.98664555	0.10022998477259372	0.01157	0.00042
-0.0443	0.0761	0.3443	-0.005288347633542819	-0.007082546104592989	0.0018552849948699724	1.03109682	27.90356255	0.92642487	0.09080727415391779	0.0120409	0.00034
-0.055	0.1629	0.3493	-0.005513495107050087	-0.006607816548050532	0.002036799237077382	1.26187396	34.14885712	0.97662161	0.14656956361285675	0.0131761	0.00049
-0.0536	0.1432	0.343	-0.005569345643113905	-0.006148794954776023	0.002209586833024821	1.15243447	31.18720245	0.95133497	0.06178298626428825	0.0125223	0.00051
-0.0421	0.1412	0.3268	-0.005091125428067459	-0.00653102206096278	0.0023212879051524586	1.16034436	31.40126038	0.9861574	0.07830741966804208	0.0121978	0.00033
-0.047	0.0904	0.3779	-0.005293583621298802	-0.006906267850141561	0.0022026055160168437	1.11521363	30.17993164	0.96839012	0.1416193185772869	0.0119977	0.00033
-0.047	0.0811	0.4023	-0.005911430176504794	-0.006586872597026601	0.002303834612632515	1.0370959	28.06591034	0.93083078	0.08562354524683116	0.0121698	0.00043
-0.0567	0.0834	0.4144	-0.005831145030913055	-0.006192428186075881	0.0023125612588924867	1.19128394	32.23854828	0.93084642	0.0482728101401215	0.0123075	0.00036
-0.0518	0.0462	0.41	-0.005759586531581288	-0.0060353485533963915	0.002432988977280095	1.14587617	31.00972366	0.94135128	0.06395329251994326	0.012257	0.00025
-0.0478	0.0355	0.4235	-0.005904448859496816	-0.00653451271946677	0.0023404865269243957	1.14928198	31.10189247	0.93662275	0.06502644721708031	0.0124252	0.00036
-0.0557	0.0113	0.4211	-0.0059027035302448225	-0.006913249167149539	0.0021327923459370708	1.10796571	29.98378944	0.94888631	0.06390879789610439	0.0123806	0.00034
-0.0593	0.0314	0.4747	-0.006438519610607082	-0.007220427115500541	0.0021170843826691216	1.02756989	27.80811691	0.92816512	0.12023509959906056	0.0134063	0.0004
-0.039	0.1079	0.4503	-0.005923647481268755	-0.008121017009529614	0.001626646862858715	1.21365583	32.84397888	0.97224606	0.21649497715889035	0.0127175	0.00046
-0.0256	0.0347	0.4721	-0.005440191278466324	-0.0087109382967037	0.0014608405839192536	1.26459122	34.22239304	1.01904394	0.17035918844579886	0.0155002	0.00066
-0.0216	0.067	0.4722	-0.005103342732831419	-0.00884881930761125	0.001579522973054868	1.24586916	33.71573639	0.99317582	0.06607059728390349	0.0134739	0.00037
-0.0353	0.1008	0.4753	-0.005503023131538122	-0.008377580409572781	0.0013997540600994523	1.16847777	31.62136841	0.9879336	0.10313441048502935	0.0123617	0.00022
-0.0347	0.1168	0.4713	-0.005433209961458348	-0.007801621756414652	0.0013910274138394805	1.03235924	27.93772697	0.93139562	0.0533249234748937	0.011516	0.00016
-0.0231	0.0466	0.4434	-0.005852088981936987	-0.007223917774004529	0.0016493361431346415	1.17402709	31.7715435	0.94683026	0.17244458660919612	0.0114831	0.0004
-0.0286	0.0501	0.4619	-0.006070255138436278	-0.007686430025783027	0.0014905111812031574	1.21316445	32.83068085	0.95839593	0.06947516851046365	0.0129855	0.00033
-0.0284	0.0427	0.4162	-0.005804965092133139	-0.0076270888312152205	0.0013735741213195373	1.18601382	32.09592819	0.97379932	0.07537841503772821	0.0114962	0.00039
-0.0499	0.1611	0.3979	-0.006386159733047251	-0.007178539213452678	0.0009948376736367678	1.22184765	33.0656662	1.03516729	0.2286240353179712	0.0125895	0.0004
-0.0367	0.1457	0.3566	-0.005658357434965616	-0.007335618846132167	0.0010157816246606998	1.0439887	28.25244141	0.94923201	0.11519129408925284	0.0114414	0.00022
-0.0313	0.0605	0.3774	-0.005829399701661061	-0.007653268769995135	0.0010995574287564276	1.12204421	30.36478233	0.97085596	0.14002339973270703	0.0110502	0.00019
-0.0208	0.0724	0.3792	-0.006087708430956222	-0.008070402461221779	0.0010821041362364843	1.13902175	30.82422829	0.91272225	0.058844785652087395	0.0119829	0.0004
-0.0308	0.103	0.4336	-0.006113888369736136	-0.0077492618788548235	0.001647590813882647	1.2635051	34.19300079	1.02368729	0.1406403599396516	0.014195	0.00027
-0.0408	0.055	0.4015	-0.005979498017332573	-0.007379252077432025	0.001387536755335492	1.20336235	32.56541443	0.99934525	0.12832271061867578	0.0110688	0.00025
-0.0486	0.0344	0.3803	-0.005921902152016759	-0.007471754527787724	0.0010175269539126942	1.08920968	29.47621346	0.98230726	0.0756054058547155	0.0107931	0.00024
-0.0527	-0.0227	0.4165	-0.006152285613280011	-0.00776846050062676	0.0009197885158010115	1.09613991	29.66375923	0.96937988	0.1286413936106985	0.0115855	0.00018
-0.0202	0.1761	0.4909	-0.0054052846934264384	-0.00884881930761125	0.0014154620233674013	1.40088987	37.91090775	1.18950296	0.42185166172022254	0.0146736	0.0012
-0.0204	0.0872	0.4989	-0.006119124357492119	-0.008592255907568085	0.001520181778487061	1.27356446	34.46522522	1.03006829	0.1508561409614253	0.0133879	0.00034
-0.0159	0.0719	0.4696	-0.005804965092133139	-0.008845328649107262	0.0013002702927357754	1.14481366	30.98097038	0.96567953	0.08845717463247214	0.0126697	0.0003
-0.012	0.0417	0.4951	-0.006045820528908357	-0.009290387608365815	0.0013055062804917586	1.17875278	31.89943123	0.95371554	0.09415751918948764	0.0139868	0.0003
-0.0174	0.0858	0.5283	-0.0068591439603377154	-0.009293878266869804	0.0014189526818713899	1.05863488	28.64879799	0.93921091	0.12921302456564898	0.0148194	0.00045
-0.0171	0.1217	0.5931	-0.007969173364606109	-0.008845328649107262	0.0017174039839624202	1.20985317	32.74106979	1.0009337	0.19385151620609825	0.0182485	0.00072
-0.0223	0.0265	0.532	-0.007260569688296411	-0.008536405371504265	0.0015882496193148398	1.21482193	32.87553406	1.01511648	0.2188340659280137	0.0156806	0.00028
-0.0248	0.0203	0.5129	-0.007148868616168773	-0.008349655141540872	0.0014556045961632708	1.15415299	31.23371124	0.94736073	0.04935481626213	0.0154705	0.00045
-0.0271	0.0489	0.4932	-0.006862634618841703	-0.00842121364087264	0.001658062789394613	1.19257164	32.27339554	0.94318335	0.07861253449450901	0.0139683	0.00033
-0.0426	0.059	0.535	-0.007267551005304389	-0.007963937376850125	0.0015219271077390555	1.09929872	29.74924469	0.97473708	0.11731641660703793	0.0147172	0.00027
-0.0398	0.0097	0.4819	-0.006773622826989993	-0.007386233394440003	0.0013648474750595659	1.02509594	27.74116707	0.93938191	0.16663558967020037	0.012641	0.00018
-0.0309	0.046	0.4725	-0.0067928214487619305	-0.007803367085666647	0.0014067353771074296	1.1278888	30.52294922	0.91570541	0.0785110107523223	0.0129802	0.00022
-0.0336	0.0514	0.478	-0.0068975412038815905	-0.008000589291142005	0.0013927727430914749	1.20564282	32.6271286	0.93245187	0.029395229730548665	0.0139553	0.00024
-0.0428	0.0723	0.5118	-0.007225663103256523	-0.008056439827205825	0.0014154620233674013	1.18616474	32.10001373	0.95144674	0.08423308578573398	0.0145493	0.00036
-0.0443	0.0484	0.5233	-0.007166321908688717	-0.008084365095237734	0.001254891732183923	1.14350033	30.94542694	0.98918335	0.04929183768915965	0.014532	0.00042
-0.0482	-0.015	0.4938	-0.006993534312741278	-0.00842470429937663	0.0011117747335203881	1.04378676	28.24697685	0.93629861	0.1296121899374934	0.0135284	0.00025
-0.0474	0.0307	0.4765	-0.007243116395776467	-0.008585274590560106	0.001129228026040331	1.09873295	29.7339325	0.91941493	0.08518028333693049	0.0139093	0.00028
-0.0489	-0.0244	0.5012	-0.007562511648891429	-0.008988445647770796	0.001085594794740473	1.18496537	32.06755447	0.97397483	0.11960997708127552	0.0160521	0.00037
-0.0445	0.1006	0.5609	-0.008059930485709814	-0.008951793733478916	0.0013578661580515882	1.23379958	33.38910675	1.05336537	0.22941710572106905	0.0172936	0.00058
-0.0424	0.0282	0.4747	-0.007344345492392139	-0.008585274590560106	0.0011676252695842063	1.18087602	31.9568882	1.00255086	0.22431725123519328	0.0138475	0.00033
-0.0437	0.0497	0.4506	-0.007524114405347554	-0.008002334620394002	0.0011327186845443199	1.12330019	30.39877319	0.97463212	0.08678077340807033	0.0134162	0.00024
-0.0724	0.0257	0.4438	-0.006707300315414208	-0.0076497781114911465	0.0006649704450098395	1.07963145	29.21700668	0.94959621	0.14135594191853412	0.0116904	0.00027
-0.0644	0.1083	0.3564	-0.005632177496185701	-0.00641757565958315	0.0015027284859671175	1.32841897	35.9496994	1.04763909	0.335254165604689	0.0106555	0.00027
-0.0736	0.0491	0.3398	-0.0052499503899989435	-0.005585053606381855	0.0012164944886400475	1.16221523	31.45189095	0.96785191	0.16004915783575616	0.00975436	0.00028
-0.0758	-0.022	0.3365	-0.004525638750421296	-0.00617148423505195	0.0009965830028887623	1.18904436	32.17794037	0.97536719	0.15313268769995136	0.00941807	0.00018
-0.072	0.029	0.3541	-0.004471533543609472	-0.006147049625524028	0.0010297442586766543	1.12897122	30.55224228	0.95155064	0.07798505360638187	0.00865209	0.00012
-0.0848	0.0435	0.3682	-0.0045204027626653135	-0.006187192198319898	0.0008674286382411819	1.06445587	28.80632401	0.9768589	0.05396637061435917	0.00907254	0.00018
-0.0842	0.0729	0.3692	-0.004546582701445229	-0.006042329870404369	0.0008499753457212384	1.07161093	28.99995613	0.9490148	0.04042477796076934	0.00834846	0.00016
-0.0785	0.0137	0.3425	-0.004452334921837535	-0.00613134166225608	0.0008936085770210966	1.11159241	30.08193398	0.93115089	0.1029446401379631	0.00855482	0.00013
-0.064	0.0278	0.377	-0.004537856055185257	-0.006487388829662923	0.0012531464029319286	1.1563952	31.29438972	0.93068488	0.10315530633326984	0.00902003	0.00021
-0.0558	-0.0076	0.427	-0.005181882549171164	-0.006914994496401533	0.0014590952546672592	1.20753801	32.67841721	0.95700227	0.1574790506229924	0.00970477	0.00016
-0.056	0.0066	0.4312	-0.005482079180514189	-0.006719517620178169	0.0015481070465189703	1.06063342	28.70288086	0.93731806	0.04783426497090506	0.00996023	0.00012
-0.0474	-0.0549	0.4244	-0.00533721685259866	-0.006773622826989993	0.0016877333866785165	1.04081571	28.16657448	0.94773247	0.093829693744345	0.0108598	0.00025
-0.0453	0.0339	0.4154	-0.005511749777798093	-0.0070528755073090855	0.0016929693744344998	1.28038907	34.64991379	1.00559052	0.12285107966372544	0.0111008	0.00046
-0.0466	-0.012	0.4517	-0.005818927726149094	-0.007670722062515079	0.0015062191444711063	1.28103626	34.66742706	0.97689089	0.13908873667601934	0.0118789	0.00022
-0.0538	0.0522	0.476	-0.005972516700324595	-0.007757988525114794	0.0016441001553786586	1.19767201	32.41142273	0.96730532	0.11463682238413844	0.0117981	0.00022
-0.0564	0.0212	0.4356	-0.0055484016920899736	-0.0074019413577079505	0.0013107422682477415	1.07163191	29.00052261	0.97469835	0.1296760031386191	0.0110996	0.0003
-0.055	0.0117	0.4503	-0.005492551156026155	-0.00765152344074314	0.0011798425743481666	1.12745428	30.51118851	0.98013928	0.047416615649929154	0.010502	0.00024
-0.0585	-0.0441	0.4622	-0.005967280712568612	-0.007541567697867498	0.0012723450247038664	1.13612556	30.74585152	0.94070902	0.10505938748869	0.0119721	0.0003
-0.0606	-0.0256	0.493	-0.006290166624187564	-0.007579964941411373	0.0013631021458075715	1.18203092	31.98814201	0.94824653	0.07400201381332659	0.0125255	0.00028
-0.0538	-0.0041	0.4613	-0.00610341639422417	-0.007084291433844983	0.0014416419621473165	1.12858582	30.54181099	0.96981966	0.09804817769347648	0.011632	0.00022
-0.0494	0.0116	0.4489	-0.0060580378336723174	-0.0071715578964447	0.0014643312424232424	1.11981177	30.30436897	0.97645027	0.04026671517137476	0.0107359	0.00028
-0.0488	-0.0808	0.4657	-0.006024876577884425	-0.00715584993317675	0.0014643312424232424	1.07052636	28.97060394	0.9774979	0.11224346095279208	0.0123247	0.00028
-0.0555	0.0564	0.4662	-0.006319837221471467	-0.0071087260433729035	0.0015690509975429022	1.162974	31.47242355	0.99175014	0.1667402144255274	0.0113864	0.00028
-0.0471	0.0444	0.4384	-0.005684537373745532	-0.006646213791594407	0.0017767451785302276	1.17982054	31.92832756	0.97881617	0.11347531402458784	0.0111184	0.00028
-0.0455	-0.1012	0.4254	-0.005668829410477582	-0.007265805676052394	0.001509709802975095	1.20306194	32.55728531	1.0657209	0.20531676116405348	0.0130271	0.00049
-0.0425	-0.0294	0.4499	-0.005588544264885843	-0.007653268769995135	0.0014573499254152652	1.19904935	32.44869614	0.9806149	0.1253054058547155	0.0113744	0.00033
-0.0465	0.0192	0.4824	-0.006194173515327876	-0.007668976733263084	0.0015585790220309364	1.02971399	27.86613846	0.93017819	0.1212283155162826	0.0116387	0.00019
-0.0422	0.0448	0.5783	-0.010285225282002585	-0.00752236907609556	0.0021380283336930534	1.59227288	43.09011841	1.25086289	0.3666554367752176	0.0242513	0.00578
-0.0336	-0.0589	0.5429	-0.009168214560726213	-0.007349581480148122	0.0021991148575128553	1.41911554	38.40413284	1.21253542	0.21524424205218057	0.020945	0.00088
-0.0443	-0.0681	0.5229	-0.00788888821901437	-0.0077824231346427155	0.0019058995431778078	1.22991073	33.28386688	1.01112124	0.14016916552707423	0.0174623	0.00054
-0.0647	-0.0337	0.5538	-0.006822492046045835	-0.007878416243502403	0.0014381513036433276	1.17104614	31.6908741	1.00957848	0.167206876068135	0.0148548	0.00037
-0.0632	-0.0246	0.549	-0.006815510729037857	-0.007164576579436722	0.0016057029118347831	1.02535617	27.748209	0.92965478	0.059818629463255606	0.0145437	0.00034
-0.0517	-0.0928	0.4819	-0.006382669074543263	-0.007127924665144842	0.0016318828506146981	1.25195086	33.88031769	0.99257054	0.17158367537831953	0.0159796	0.00064
-0.0468	-0.0921	0.479	-0.006551966011986713	-0.007126179335892847	0.001837831702350029	1.24120653	33.58955383	0.93083316	0.027349555921538805	0.0158986	0.00045
-0.0494	-0.0376	0.5297	-0.006894050545377602	-0.006908013179393556	0.0020001473227855013	1.20032907	32.48332977	0.97577806	0.1439283155162826	0.0148659	0.00022
-0.06	0.0134	0.512	-0.006791076119509936	-0.006852162643329738	0.001960004749989632	1.10413396	29.88009453	0.95835621	0.08924837673636761	0.0127565	0.00024
-0.0469	-0.0932	0.5181	-0.0071802845427046715	-0.007072074129081023	0.0016790067404185449	1.09564364	29.65032959	1.0094829	0.1703058959258554	0.0151712	0.00046
-0.0562	-0.0835	0.5523	-0.007351326809400116	-0.007566002307395418	0.0016231562043547262	1.06467676	28.81230164	0.94188244	0.08924104905368292	0.0170206	0.00045
-0.0511	-0.0486	0.5585	-0.007382742735936014	-0.007754497866610805	0.0018675022996339327	1.07791781	29.17063141	0.94158957	0.06941287905152453	0.0173182	0.00058
-0.0534	-0.0573	0.5743	-0.007675958050271062	-0.007559020990387442	0.0021886428820008896	1.16181827	31.44114876	0.94926738	0.06729163864626843	0.0180689	0.00043
-0.0455	-0.029	0.5474	-0.007243116395776467	-0.007698647330546988	0.0021135937241651332	1.12433803	30.42685699	0.9549271	0.09547585762449488	0.0157186	0.00043
-0.0388	-0.095	0.5618	-0.007061602153569058	-0.00838107106807677	0.001933824811209717	1.12888372	30.54987144	0.9690843	0.13928534463463038	0.0178865	0.00049
-0.0455	-0.111	0.6036	-0.0074124133332199174	-0.008068657131969784	0.0020315632493213996	1.05933666	28.66778946	0.95484472	0.10254817769347647	0.0199337	0.00058
-0.0483	-0.0597	0.5874	-0.007335618846132167	-0.007794640439406676	0.002136283004441059	1.25309443	33.91126633	0.97702792	0.09307654673852589	0.018999	0.00063
-0.0463	-0.0568	0.5519	-0.0070197142515211934	-0.0076724673917670716	0.002036799237077382	1.24285257	33.63410187	0.99308164	0.06727807048071285	0.0166161	0.00036
-0.0507	-0.0655	0.5731	-0.007215191127744558	-0.007735299244838868	0.0021170843826691216	1.15573895	31.27662849	0.94552874	0.051229693744345134	0.0189098	0.00055
-0.0636	-0.0901	0.5702	-0.007037167544041136	-0.007780677805390721	0.0020210912738094335	1.17752528	31.86621284	0.94912332	0.056369762655748154	0.0171127	0.00052
-0.0698	0.0051	0.5618	-0.007082546104592989	-0.00802153324216594	0.0016929693744344998	1.09977663	29.76217651	0.98786351	0.14051779483510032	0.0175267	0.0004
-0.0429	-0.0249	0.5277	-0.007126179335892847	-0.007216936456996553	0.0020699604928652747	1.23640585	33.4596405	0.99600515	0.152261056745001	0.015906	0.00076
-0.0411	-0.0971	0.4943	-0.006853907972581732	-0.007113962031128888	0.0019826940302655584	1.1718998	31.713974	0.99597311	0.13052561258892467	0.0153254	0.0004
-0.0442	-0.1062	0.5109	-0.006771877497737999	-0.007468263869283736	0.001801179788058148	1.16435528	31.50980377	0.9526234	0.05969232776029959	0.0165346	0.00052
-0.0436	-0.0668	0.5204	-0.006440264939859076	-0.007969173364606109	0.0018133970928221085	1.18307459	32.01638794	1.00276117	0.09173696789826276	0.0155649	0.00031
-0.0491	-0.0264	0.5457	-0.006597344572538566	-0.008080874436733746	0.0018046704465621369	1.11875463	30.27576065	0.94613755	0.08507536755335493	0.0156851	0.00043
-0.0503	-0.0695	0.542	-0.006934193118173471	-0.007773696488382744	0.0018657569703819383	1.04033518	28.15357018	0.96280022	0.08325565089028537	0.0159245	0.0004
-0.0484	-0.0617	0.5157	-0.006269222673163632	-0.007726572598578897	0.0017366026057343581	1.05007517	28.41715622	0.92378239	0.07806243497306331	0.014771	0.00028
-0.0461	-0.0561	0.5107	-0.006253514709895682	-0.0077719511591307485	0.0016999506914424768	1.15011311	31.12438393	0.91638463	0.01778692190558416	0.0147613	0.00037
-0.0499	-0.0944	0.5511	-0.006682865705886288	-0.00799011731563004	0.0018936822384138475	1.19039273	32.21443176	0.96827222	0.12456243497306337	0.0173462	0.00033
-0.0435	-0.0293	0.5741	-0.006869615935849681	-0.007972664023110098	0.0020682151636132805	1.1745342	31.78526878	0.97097627	0.11343682238413832	0.0163427	0.00034
-0.0387	-0.0974	0.5543	-0.006536258048718765	-0.007936012108818216	0.0018570303241219666	1.07975924	29.22046471	0.97433294	0.12175973204570562	0.0184545	0.00042
-0.034	-0.1042	0.5704	-0.006635741816082441	-0.008250171374177195	0.0018849555921538759	1.05892718	28.65670776	0.93076022	0.049678415037728234	0.017774	0.00045
-0.0389	-0.0638	0.5709	-0.006944665093685436	-0.008176867545593434	0.0018832102629018814	1.13076985	30.600914	0.91277985	0.06499862177193748	0.0167857	0.00036
-0.038	-0.0667	0.5992	-0.007436847942747837	-0.00799011731563004	0.0021223203704251047	1.17726803	31.85924911	0.93516805	0.07800215932745094	0.0193795	0.0003
-0.0217	-0.0686	0.565	-0.00648215284190694	-0.007805112414918642	0.002103121748653167	1.11031067	30.04724884	0.94923208	0.1103449311662116	0.0175588	0.0004
-0.0104	-0.1255	0.5769	-0.0065327673902147755	-0.008110545034017648	0.0023282692221604354	1.19653249	32.38058472	0.97943266	0.10915973204570552	0.0193155	0.00042
-0.0128	-0.1021	0.5744	-0.006656685767106373	-0.008192575508861382	0.0022951079663725434	1.10029495	29.77620316	0.99873867	0.04025550537616113	0.0203511	0.00054
-0.027	-0.0053	0.5656	-0.007148868616168773	-0.007618362184955248	0.0025394540616517493	1.0572542	28.61143303	0.97821774	0.18533711341238704	0.015905	0.00024
-0.0181	-0.0452	0.5285	-0.006855653301833726	-0.007487462491055673	0.0024853488548399255	1.04615581	28.31108856	0.93098578	0.10981101075232232	0.0149161	0.00027
-0.0123	-0.1414	0.5507	-0.006991788983489284	-0.007642796794483169	0.0024678955623199817	1.06714821	28.87918472	0.96453008	0.13964616388014983	0.0188592	0.00055
-0.0126	-0.1122	0.5474	-0.006686356364390277	-0.007876670914250409	0.0025324727446437724	1.13138521	30.61756897	0.94437034	0.06299419605950184	0.0180082	0.00052
-0.0179	-0.0202	0.5566	-0.006709045644666203	-0.007836528341454539	0.002663372438543347	1.13402498	30.6890049	0.98327452	0.11618657734856848	0.0171792	0.00036
-0.0192	-0.0282	0.5692	-0.006908013179393556	-0.007674212721019067	0.0027366762671271086	1.09089124	29.52171898	0.94241168	0.043629349187329386	0.0161601	0.00033
-0.0158	-0.1341	0.5449	-0.00645422757387503	-0.008077383778229757	0.0024015730507441976	1.07597136	29.11795807	0.97125301	0.19320299395560636	0.0177004	0.00057
-0.0161	-0.0743	0.562	-0.00636521578202332	-0.008070402461221779	0.0022636920398366456	1.05692208	28.6024456	0.93582454	0.08889370598836202	0.0161998	0.00031
-0.0151	-0.0594	0.5622	-0.006382669074543263	-0.008332201849020929	0.002314306588144481	0.99410784	26.902565	0.89670869	0.03259336143134642	0.0162321	0.0003
-0.0202	-0.0278	0.5778	-0.0070476395195531024	-0.008065166473465796	0.0024609142453120045	1.25757587	34.03254318	0.94765694	0.10623067388662474	0.0174325	0.00058
-0.015	-0.0727	0.5934	-0.007394960040699974	-0.00836885376331281	0.002515019452123829	1.17029989	31.67067909	0.94225498	0.1009556508902855	0.0197022	0.00045
-0.0069	-0.0773	0.5891	-0.006813765399785863	-0.00882089403957934	0.0022549653935766737	1.13644516	30.75450134	0.95098214	0.08166444878638995	0.019609	0.00054
-0.0047	-0.0419	0.584	-0.006503096792930871	-0.00849800812796039	0.002380629099720265	1.18291223	32.01199341	0.96735378	0.08066091123087665	0.017774	0.00037
-0.0233	-0.0624	0.5622	-0.006557201999742696	-0.008035495876181893	0.002235766771804736	1.05719101	28.60972214	0.9489843	0.09397398932529248	0.0158184	0.00034
-0.0341	0.0114	0.5212	-0.006368706440527309	-0.007532841051607526	0.0021799162357409173	1.05991912	28.68355179	0.97383878	0.1629500459926787	0.0133508	0.00016
-0.0204	-0.0333	0.4961	-0.006181956210563915	-0.007604399550939293	0.002064724505109292	1.04321206	28.23142433	0.95728486	0.10217502299633933	0.0133693	0.00024
-0.0152	-0.1026	0.5151	-0.006375687757535285	-0.007981390669370068	0.0020943951023931952	1.1273284	30.50778198	0.9713416	0.1235196631343024	0.0173736	0.00057
-0.0193	-0.1065	0.5497	-0.006359979794267337	-0.008155923594569502	0.002398082392240209	1.15546966	31.26934242	0.96085845	0.06729640891571977	0.0177841	0.00054
-0.0281	0.0255	0.5557	-0.006661921754862355	-0.008161159582325484	0.0023439771854283846	1.21647525	32.92027664	1.03105732	0.16486415775814123	0.0152172	0.00039
-0.0207	-0.0404	0.5249	-0.006115633698988131	-0.008004079949645995	0.0022008601867648495	1.07151759	28.99742889	0.94794996	0.14642423436086238	0.0142687	0.00025
-0.0186	-0.1323	0.545	-0.006147049625524028	-0.008065166473465796	0.002169444260228951	1.09666157	29.67787743	0.97004742	0.12029591884457988	0.0169812	0.00057
-0.0184	-0.0589	0.5415	-0.006085963101704227	-0.00817163155783745	0.002336995868420407	1.01814651	27.55310059	0.93246286	0.0938551608191456	0.0156824	0.00028
-0.0234	0.0215	0.5339	-0.006548475353482724	-0.00805469449795383	0.0024836035255879313	1.23956656	33.54517365	0.9510052	0.129302848441482	0.0148469	0.00036
-0.0149	-0.0677	0.5119	-0.006333799855487422	-0.00788539756051038	0.0023020892833805202	1.17293346	31.74194908	0.96813978	0.14797433388230818	0.0157124	0.00034
-0.0063	-0.1252	0.5533	-0.006822492046045835	-0.008206538142877338	0.0024068090385001802	1.14280701	30.92666626	0.95390396	0.15322762640225152	0.0188131	0.00054
-0.0097	-0.0058	0.5655	-0.007101744726364926	-0.008414232323864661	0.002371902453460294	1.19803417	32.42122269	0.9999446	0.16109267231731503	0.016519	0.00021
-0.0212	0.0311	0.5779	-0.007278022980816354	-0.007751007208106817	0.0025045474766118626	1.06634963	28.85757446	0.93410294	0.109407419668042	0.0158638	0.00028
-0.0228	-0.0456	0.56	-0.007051130178057092	-0.007806857744170635	0.0023160519173964756	1.04617476	28.31160164	0.93796671	0.11976194490192325	0.016187	0.00019
-0.0173	-0.0906	0.5224	-0.006747442888210078	-0.007717845952318924	0.0023073252711365037	1.14623654	31.01947403	0.97974546	0.10817128639793493	0.0169291	0.00046
-0.0144	0.01	0.467	-0.005530948399570031	-0.007707373976806959	0.0025342180738957666	1.31659639	35.62975693	1.06675152	0.23159296334556367	0.0131631	0.0003
-0.0395	0.1011	0.4521	-0.005646140130201657	-0.005586798935633849	0.0023020892833805202	1.2406615	33.57480621	1.0671514	0.2544947781159992	0.011682	0.00025
-0.0348	-0.0466	0.3659	-0.005016076270231703	-0.00506320016003555	0.002879793265790644	1.17580295	31.81960297	1.10160191	0.32516833089891883	0.0134872	0.00085
-0.0538	-0.0711	0.3325	-0.0052115531464550675	-0.004721115626644662	0.0022794000031045943	1.15743113	31.32242203	1.04251841	0.13379773361501512	0.011865	0.00063
-0.069	-0.0996	0.3185	-0.004742059577668593	-0.004527384079673291	0.001579522973054868	1.20358825	32.57152939	1.0509092	0.12585510729037855	0.0145921	0.00127
-0.0316	-0.0132	0.3466	-0.004276056667386107	-0.0058171823968971	0.002082177797629235	1.22483456	33.14649582	1.05639243	0.2648228026040331	0.010695	0.00045
-0.0155	0.0144	0.3957	-0.00562345084992573	-0.006579891280018623	0.0025272367568877894	1.00169814	27.10797501	0.94665042	0.220558101245985	0.0126862	0.00072
-0.0158	-0.0234	0.4697	-0.005796238445873169	-0.007206464481484587	0.0026354471705114374	1.05702078	28.60511589	0.99251421	0.15747856055185253	0.0156679	0.00115
-0.0027	-0.0658	0.4653	-0.005160938598147233	-0.00659908990179056	0.0025918139392115793	1.16627216	31.56167984	1.03778179	0.12421538293599106	0.0148543	0.00066
0.004	-0.0861	0.4277	-0.004738568919164605	-0.006941174435181449	0.0024853488548399255	1.11276126	30.11356735	0.99645359	0.10814596483725848	0.0125032	0.00046
0.0043	-0.0605	0.4777	-0.005312782243070739	-0.006918485154905522	0.0026197392072434887	1.16684711	31.57723999	0.94960308	0.1124646478292812	0.0139077	0.00064
-0.001	-0.0286	0.5103	-0.0059027035302448225	-0.006794566778013924	0.0027925268031909274	1.21810615	32.96441269	0.98250035	0.11413136300065592	0.0161059	0.001
-0.0016	-0.0805	0.506	-0.006476916854150957	-0.006508332780686855	0.0028152160834668534	1.1360718	30.74439621	0.96169127	0.10095683007545644	0.017836	0.00087
-0.0049	-0.1237	0.5006	-0.006529276731710787	-0.007066838141325039	0.0026546457922833754	1.15572619	31.27628326	0.97920247	0.09047177646907459	0.0173138	0.00058
-0.0035	-0.074	0.5445	-0.006956882398449398	-0.007827801695194567	0.0026912977065752563	1.19296896	32.28414917	0.97238802	0.15626105674500096	0.0174713	0.00043
-0.0109	-0.0953	0.5792	-0.007620107514207243	-0.007883652231258387	0.0027872908154349444	1.07977748	29.22096062	0.9564613	0.10415343803406772	0.0203269	0.00049
-0.0191	-0.0811	0.5738	-0.007923794804054257	-0.007595672904679321	0.002823942729726825	1.0462029	28.31236267	0.92270094	0.05921592653589807	0.0193169	0.00043
-0.02	-0.0725	0.5301	-0.007492698478811657	-0.0073897240529439915	0.0025551620249196984	1.10828686	29.99247932	0.94207379	0.09849129408925276	0.0178357	0.00064
-0.017	-0.1346	0.5385	-0.007653268769995135	-0.007648032782239152	0.002659881780039358	1.19520342	32.34461975	0.96130211	0.09967993877991486	0.0204294	0.0007
-0.0159	-0.0578	0.5671	-0.007504915783575617	-0.008274605983705116	0.002567379329683659	1.15526974	31.26393318	0.99498966	0.14987143191205915	0.019271	0.00075
-0.0188	-0.131	0.5734	-0.007742280561846846	-0.008110545034017648	0.0026755897433073067	1.17977262	31.92703056	0.99199719	0.10788180707911722	0.0204183	0.00076
-0.021	-0.0144	0.579	-0.007899360194526335	-0.008114035692521638	0.002769837522915001	1.1104821	30.05188942	0.9998074	0.13714090353955863	0.0183181	0.00046
-0.0196	-0.1151	0.5625	-0.0075729836244033955	-0.008264134008193149	0.0027366762671271086	1.06592512	28.8460865	0.95563193	0.1440818070791171	0.0198467	0.00051
-0.0194	-0.1196	0.5573	-0.007799876427162659	-0.008517206749732328	0.002515019452123829	1.20549536	32.62313843	0.92845728	0.044981117965086095	0.02079	0.00064
-0.0239	-0.1545	0.5621	-0.0076497781114911465	-0.008274605983705116	0.0026284658535034606	1.27199244	34.42268372	0.97244117	0.0695072741539178	0.0223301	0.00091
-0.0327	0.0035	0.5479	-0.007663740745507101	-0.007653268769995135	0.0026825710603152844	1.29556656	35.06064606	1.09184724	0.215470252726888	0.0174487	0.00046
-0.0285	-0.0392	0.4689	-0.007037167544041136	-0.007497934466567639	0.0024975661596038853	1.1782912	31.88694	1.03705103	0.17424562028024304	0.0151827	0.00043
-0.0354	-0.142	0.4601	-0.00641408500107916	-0.008023278571417934	0.0021572269554649913	1.15999913	31.39192009	1.01989557	0.19293829259755824	0.0153685	0.00042
-0.0292	-0.0836	0.4755	-0.006517059426946826	-0.007763224512870777	0.0024260076602721182	1.05373347	28.51615524	0.94216316	0.11159045946109744	0.0144148	0.00018
-0.0337	-0.0506	0.4621	-0.006670648401122327	-0.007323401541368206	0.0027244589623631483	1.19743073	32.40489197	0.94595072	0.09549316238845504	0.0142572	0.0004
-0.0409	-0.0548	0.48	-0.0069254664719134995	-0.006853907972581732	0.0028396506929947744	1.19717968	32.39809799	0.96961449	0.07127516851046357	0.0149509	0.00037
-0.0237	-0.1196	0.4742	-0.0068923052161256075	-0.007173303225696694	0.0029443704481144336	1.10107243	29.79724503	0.95968177	0.11066381320112557	0.0170661	0.00087
-0.0218	-0.114	0.5031	-0.006702064327658226	-0.00753458638085952	0.0030578168494940655	1.19683695	32.38882446	0.98244832	0.06964852225049198	0.016645	0.00048
-0.0274	-0.0247	0.5083	-0.006754424205218055	-0.00753807703936351	0.003082251459021986	1.08302844	29.30893707	0.97654655	0.10411425727958697	0.0146661	0.00027
-0.0466	-0.05	0.5384	-0.006866125277345693	-0.006942919764433443	0.0031974431896536117	1.039657	28.13521767	0.94746375	0.11570250388446653	0.0161741	0.00039
-0.0459	-0.0496	0.5056	-0.006342526501747393	-0.006911503837897546	0.0028640853025226946	1.14303875	30.93293571	0.93898729	0.07831862946325568	0.0149592	0.00031
-0.0295	-0.054	0.4841	-0.005923647481268755	-0.008002334620394002	0.002665117767795341	1.19698536	32.39284134	0.97004662	0.12773386688512248	0.0148257	0.0003
-0.02	-0.0497	0.5156	-0.005804965092133139	-0.008559094651780192	0.0028152160834668534	1.14355803	30.94698906	0.94915058	0.08657703680966587	0.0158399	0.00037
-0.0242	-0.0441	0.5318	-0.006276203990171609	-0.008459610884416515	0.0029077185338225527	1.17700899	31.85224152	0.96705433	0.0591612557878924	0.0155441	0.00039
-0.0245	-0.0313	0.5066	-0.0064053583548191895	-0.008197811496617366	0.002834414705238791	1.05394912	28.52199173	0.93224705	0.06151287905152456	0.0140397	0.00036
-0.0184	-0.0248	0.4824	-0.0058416170064250214	-0.008522442737488312	0.0026895523773232616	1.05789924	28.62889099	0.91771664	0.08846174585903217	0.0136989	0.00028
-0.012	-0.0344	0.4607	-0.0056758107274855595	-0.008604473212332044	0.0027680921936630064	1.29247701	34.97703934	0.97153481	0.05401882850614696	0.0155108	0.00066
-0.0253	-0.0093	0.4867	-0.00605105651666434	-0.008347909812288879	0.0028152160834668534	1.2929734	34.99047089	1.00376841	0.09834665395128964	0.0145317	0.00028
-0.0263	0.0138	0.4676	-0.005979498017332573	-0.008203047484373348	0.002754129559647052	1.16424811	31.5069046	0.98268069	0.05707536755335496	0.0133232	0.00039
-0.0252	-0.0859	0.4538	-0.005340707511102648	-0.008466592201424492	0.002469640891571976	1.1435107	30.94570732	1.01971413	0.17394119456780724	0.0138941	0.0003
-0.032	-0.0903	0.4868	-0.005529203070318036	-0.008361872446304834	0.0024923301718479027	1.06182885	28.73523331	0.93177622	0.05999522973054863	0.0140398	0.00034
-0.041	-0.036	0.4738	-0.005731661263549379	-0.008110545034017648	0.002389355745980237	1.02169681	27.64917946	0.91692534	0.10413800156930976	0.0130876	0.00027
-0.0631	-0.0072	0.4559	-0.00554665636283798	-0.0076497781114911465	0.002008873969045473	1.20144272	32.51346588	0.94192601	0.1201126800086332	0.0123243	0.00025
-0.0679	-0.0164	0.4373	-0.0048415433450322695	-0.0074839718325516846	0.0020298179200694054	1.13590956	30.7400074	0.9478443	0.07719316238845522	0.0120267	0.00046
-0.0601	-0.0917	0.4593	-0.004598942579005058	-0.008136724972797564	0.0019355701404617114	1.2097739	32.73892593	0.99455862	0.1545800842940392	0.0141087	0.00039
-0.0585	-0.0786	0.4989	-0.004824090052512327	-0.008581783932056119	0.002001892652037496	1.16087973	31.4157486	0.97135175	0.09112644721708038	0.0145491	0.0004
-0.0557	-0.0027	0.5246	-0.0060301125656404084	-0.008351400470792867	0.0020943951023931952	1.08672059	29.40885353	0.99781239	0.1808454212373516	0.0142416	0.0003
-0.0388	-0.0201	0.5529	-0.006969099703213358	-0.008391543043588736	0.0022898719786165604	1.23007154	33.28821945	0.94889569	0.12133032932960917	0.0169446	0.00063
-0.0485	-0.0248	0.4966	-0.005979498017332573	-0.008101818387757679	0.002314306588144481	1.19707489	32.39526367	0.9773705	0.1358880475619881	0.0148614	0.00055
-0.0472	-0.0168	0.5231	-0.005281366316534841	-0.008545132017764237	0.0024137903555081575	1.21822917	32.96774292	0.95849234	0.09784645490839834	0.0162151	0.00034
-0.0443	-0.0366	0.5404	-0.005567600313861911	-0.008402015019100702	0.0025516713664157096	1.21381712	32.8483429	0.94976277	0.0683616003449078	0.0154717	0.0003
-0.0504	-0.0119	0.5417	-0.005625196179177724	-0.008180358204097423	0.002595304597715568	1.07155621	28.99847603	0.95340158	0.04824429558094748	0.0147823	0.00037
-0.0544	-0.0332	0.505	-0.005597270911145814	-0.007644542123735163	0.0027419122548830916	1.04758537	28.34977531	0.95286219	0.09751745027808464	0.013758	0.00025
-0.0598	-0.0634	0.4879	-0.005213298475707063	-0.008339183166028906	0.002197369528260861	1.11211443	30.09606361	0.92990534	0.13385781021773624	0.0153608	0.00048
-0.0751	-0.0372	0.5268	-0.005750859885321316	-0.008684758357923783	0.0022602013813326567	1.16641831	31.56563377	0.97058982	0.12769842272904636	0.0155662	0.00043
-0.0672	-0.0237	0.5756	-0.006452482244623035	-0.00870744763819971	0.0026773350725593018	1.14060426	30.86705589	0.97360592	0.1272722665402145	0.0176451	0.00049
-0.0293	0.0001	0.5996	-0.006850417314077744	-0.008330456519768934	0.0033667401270970616	1.19311666	32.28814697	1.03868039	0.15891656212116223	0.0196505	0.00072
-0.0304	-0.0233	0.5715	-0.0057142079710294355	-0.008754571528003558	0.00324107642095347	1.12573206	30.46458435	1.00860606	0.13689940287132624	0.0163989	0.00045
-0.0481	-0.0061	0.5324	-0.004874704600820162	-0.008468337530676487	0.0025761059759436306	1.07609057	29.1211853	0.95859139	0.16353539062730924	0.0148878	0.00037
-0.0704	-0.0186	0.5181	-0.004857251308300219	-0.007815584390430608	0.0024068090385001802	1.31265759	35.52316666	0.96407205	0.09107516851046359	0.0148218	0.00027
-0.0794	0.0125	0.4247	-0.004026474584350918	-0.007482226503299692	0.0023404865269243957	1.22959971	33.27545166	1.00168897	0.19502285613280007	0.0119056	0.00048
-0.0769	-0.0241	0.4442	-0.0036582101121801144	-0.008087855753741723	0.0022898719786165604	1.14963078	31.11133194	0.94838844	0.10982541354603348	0.0127158	0.00037
-0.0791	-0.0	0.5206	-0.0038030724400956446	-0.008206538142877338	0.002453932928304027	1.22336876	33.1068306	0.99421578	0.12408028333693052	0.0146686	0.00046
-0.102	-0.0282	0.5351	-0.004246386070102203	-0.007773696488382744	0.0022933626371205488	1.09426844	29.61311531	0.96542868	0.1174362787842316	0.0150036	0.00034
-0.1034	-0.0574	0.4578	-0.004146902302738527	-0.007183775201208661	0.0022759093446006054	1.20884037	32.71366119	0.99170815	0.1432429173528852	0.0129154	0.00037
-0.0963	-0.0308	0.4087	-0.003954916085019151	-0.0075834555999153615	0.002022836603061428	1.19839716	32.43104553	0.98525677	0.12503696789826269	0.0119673	0.00042
-0.0972	-0.1078	0.4247	-0.004117231705454623	-0.007862708280234455	0.0019844393595175526	1.23262119	33.3572197	0.99679338	0.1178982772149221	0.0138136	0.00036
-0.0966	0.0114	0.4222	-0.003940953451003196	-0.0077614791836187825	0.0020141099568014562	1.26258242	34.16802979	1.04518201	0.1376588974175501	0.012448	0.00033
-0.0949	0.0766	0.4376	-0.00411548637620263	-0.007344345492392139	0.002050761871093337	1.08230162	29.28926659	0.99333857	0.11371592653589788	0.0107972	0.00034
-0.0893	-0.0338	0.3537	-0.003918264170727269	-0.007093018080104955	0.0019408061282176943	1.11566985	30.19227982	1.03157101	0.22782526803190928	0.0097993	0.00033
-0.0952	-0.0735	0.3546	-0.00394269878025519	-0.007428121296487867	0.001635373509118687	1.1268723	30.49544144	0.93366598	0.07974852225049196	0.0110169	0.0004
-0.1002	-0.0161	0.3612	-0.002883283924294633	-0.0076724673917670716	0.0016283921921107093	1.25221956	33.8875885	1.01058626	0.13453711341238694	0.0115936	0.00046
-0.1084	0.0648	0.3786	-0.0026040312439755396	-0.007330382858376183	0.0015987215948268059	1.23944139	33.54178619	1.02486171	0.13905039054969423	0.0104862	0.00034
-0.1173	-0.0577	0.354	-0.002441715623540067	-0.007302457590344275	0.001403244718603441	1.16216886	31.45063591	1.00231176	0.1752858882345373	0.0111686	0.00034
-0.1211	-0.0395	0.3759	-0.0024713862208239705	-0.007880161572754398	0.001298524963483781	1.09151709	29.53865814	0.9714451	0.07950471674068434	0.0115823	0.00024
-0.1034	-0.008	0.4339	-0.003502875808752619	-0.007936012108818216	0.0016824973989225337	1.28186274	34.68979263	1.01675851	0.18076562797156087	0.0118744	0.00064
-0.107	-0.055	0.4562	-0.0038397243543875246	-0.008033750546929898	0.0018238690683340744	1.29432011	35.0269165	0.99698772	0.1016979326579064	0.0139272	0.00037
-0.103	-0.0217	0.483	-0.00409977841293468	-0.008573057285796147	0.0019460421159736775	1.20875394	32.71132278	0.96004647	0.11017669225265037	0.0135213	0.00031
-0.0995	-0.0297	0.4874	-0.00398284135305106	-0.00859400123682008	0.002001892652037496	1.0626477	28.75739288	0.9311249	0.025586577348568527	0.0137211	0.00039
-0.0966	-0.0393	0.4975	-0.003953170755767157	-0.008342673824532893	0.002129301687433082	1.10382044	29.87160873	0.93855971	0.04302035224833375	0.0143622	0.00052
-0.1007	-0.0643	0.4939	-0.003837979025135531	-0.008438666933392583	0.0020525072003453313	1.20651579	32.65075302	0.96777293	0.04709896632895328	0.0159478	0.00054
-0.1046	-0.0252	0.5207	-0.004206243497306334	-0.008552113334772213	0.0021327923459370708	1.22605598	33.17955017	0.98726281	0.09789980095710872	0.0170071	0.00045
-0.1066	-0.0514	0.5236	-0.004389503068765739	-0.00789761486527434	0.002054252529597326	1.13679338	30.76392555	0.98462631	0.07691489286485102	0.0163752	0.00049
-0.1072	-0.0845	0.4731	-0.0038781215979314006	-0.0077492618788548235	0.0019268434942017398	1.05070448	28.43418503	0.93574254	0.12355717463247204	0.0158445	0.00048
-0.1038	-0.0864	0.4907	-0.004045673206122856	-0.0081873395211054	0.0019146261894377795	1.11669457	30.22001076	0.92781342	0.05379232776029964	0.0157577	0.00049
-0.1197	-0.0463	0.4876	-0.004064871827894794	-0.008279841971461099	0.0015585790220309364	1.2036289	32.57262802	0.99799781	0.08248741197672402	0.0158525	0.00063
-0.1339	-0.0255	0.456	-0.004286528642898074	-0.007452555906015787	0.0017749998492782332	1.20571244	32.62901306	1.02431048	0.12986818538479436	0.0125378	0.00045
-0.1361	-0.0398	0.4109	-0.0038187804033635933	-0.007236135078768491	0.0015323990832510211	1.09928024	29.74874306	0.9696755	0.10793849164044944	0.0119834	0.0004
-0.1314	-0.0955	0.4326	-0.004078834461910747	-0.007576474282907384	0.001616174887346749	1.07269359	29.02925301	0.94169109	0.11630845333908874	0.0130913	0.00039
-0.1285	-0.0352	0.4399	-0.004242895411598215	-0.00792554013330625	0.0015062191444711063	1.12681615	30.49391937	0.93211038	0.1016541271480988	0.0129081	0.0004
-0.1361	0.0046	0.4043	-0.0039287361462392355	-0.007278022980816354	0.0017697638615222502	1.22405827	33.12548828	0.96738104	0.14426105674500095	0.0116504	0.0004
-0.141	-0.0198	0.3519	-0.0032724923474893677	-0.006819001387541846	0.0012688543661998775	1.14351463	30.94581604	0.95888671	0.16250874436733742	0.0104391	0.00028
-0.158	-0.0435	0.3033	-0.002930407814098479	-0.0070528755073090855	0.0004136430327226561	1.11138606	30.07635117	0.96582241	0.1608584993317675	0.0110853	0.00037
-0.1609	-0.0827	0.3691	-0.002898991887562581	-0.007187265859712648	0.00042236967898262774	1.12999713	30.58000565	1.00031351	0.11662664625997159	0.0117974	0.00016
-0.1671	-0.047	0.3821	-0.002754129559647052	-0.007503170454323623	0.0002548180707911721	1.10753679	29.97218132	0.93761215	0.08631592653589798	0.0124591	0.00055
-0.169	-0.0099	0.3891	-0.003134611336581816	-0.00804247719318987	0.0004799655442984406	1.25584197	33.98561859	1.01386092	0.10324679946541399	0.0122976	0.00021
-0.1492	-0.0396	0.4003	-0.0033772121026090277	-0.008649851772883898	0.00042935099599060504	1.19311738	32.28816605	0.98920047	0.10572949470145376	0.0130571	0.00049
-0.1454	-0.1288	0.4559	-0.0036634460999360975	-0.008780751466783471	0.00041189770347066176	1.21092439	32.77005768	1.0246026	0.1703293491873294	0.0146871	0.00046
-0.1355	-0.133	0.4754	-0.0035918876006043304	-0.008564330639536174	0.0007749261878854823	1.05394781	28.52195549	0.93556344	0.06615039054969418	0.0156826	0.00048
-0.1404	-0.0363	0.4613	-0.003494149162492647	-0.008473573518432469	0.0009285151620609833	1.27563095	34.52114868	0.9982485	0.13280422666954447	0.0141386	0.00033
-0.1307	-0.0611	0.4181	-0.003593632929856324	-0.00803724120543389	0.0011135200627723821	1.19767535	32.41151428	0.97108226	0.11374104905368272	0.0143294	0.00037
-0.1365	-0.1279	0.407	-0.0032463124087094525	-0.007901105523778328	0.0007679448708775049	1.1863091	32.10391998	0.98784273	0.12515156973486555	0.0136399	0.00042
-0.144	-0.0803	0.4427	-0.003227113786937515	-0.007993607974134028	0.0004991641660703782	1.11290646	30.11749458	0.95735097	0.10982408884673822	0.0129366	0.00042
-0.1522	-0.0482	0.4216	-0.0029845130209103033	-0.008084365095237734	0.0005427973973702365	1.02879274	27.84120941	0.92306879	0.0802495559215388	0.0121411	0.0003
-0.1586	-0.0277	0.3584	-0.002501056818107874	-0.0072954762733362976	0.0007347836150896127	1.25597179	33.98913193	0.97657837	0.16331656212116208	0.0116012	0.00033
-0.1539	-0.095	0.3236	-0.002408554367752175	-0.00761487152645126	0.0004363323129985824	1.15934968	31.37434387	0.98493591	0.14231745027808457	0.0131444	0.00021
-0.1472	-0.1194	0.3782	-0.0018605209826259553	-0.008628907821859965	0.0002251474735072685	1.21624219	32.91397095	0.99114828	0.17436272600131195	0.0146616	0.00049
-0.1484	-0.0652	0.4064	-0.0020769418098732523	-0.008377580409572781	5.235987755982989e-05	1.11525309	30.18099976	0.97899071	0.11562679177409602	0.0132845	0.00037
-0.1536	-0.091	0.4102	-0.0021589722847169856	-0.008698720991939739	6.45771823237902e-05	1.03392351	27.98005676	0.93596547	0.055569418098732566	0.0133217	0.00028
-0.1639	-0.0903	0.3324	-0.0017174039839624202	-0.008204792813625343	0.00010471975511965978	1.26153708	34.13973999	0.99996342	0.13758195259324155	0.0142485	0.00034
-0.1617	-0.019	0.2829	-0.0016667894356545846	-0.00832871119051694	-0.0002443460952792061	1.23307419	33.36947632	1.03531916	0.14917993877991487	0.0131885	0.00025
-0.1548	-0.1797	0.3238	-0.001954768762233649	-0.007927285462558244	4.363323129985824e-05	1.3824569	37.41207504	1.16351877	0.2573692190558412	0.0161219	0.0012
-0.1539	-0.1458	0.3522	-0.0024120450262561633	-0.0077876591223986985	7.504915783575618e-05	1.25963247	34.08819962	1.11659308	0.09461592653589788	0.0150163	0.00184
-0.1542	-0.002	0.3428	-0.002542944720155738	-0.007836528341454539	0.00023561944901923448	1.27361929	34.46670914	1.10051014	0.1705169602069447	0.0101834	0.00024
-0.1413	-0.0193	0.2817	-0.0018867009214058703	-0.006021385919380436	0.0007906341511534313	1.2427628	33.63167191	1.02203764	0.24262004614790836	0.0133841	0.00039
-0.1719	0.059	0.1096	-0.001637118838370681	-0.006646213791594407	0.00016929693744344995	1.47286117	39.8585968	1.31916678	0.35578735844795706	0.0197279	0.00234
-0.175	-0.0541	0.0464	-0.002806489437206882	-0.005544911033585984	0.0005131268000863328	1.42274141	38.50225449	1.24472709	0.31012516097437526	0.0202372	0.00346
-0.1699	0.0012	0.0761	-0.0022322761133007477	-0.006492624817418905	0.00017627825445142725	1.1594708	31.3776226	1.0390348	0.183038782668698	0.0186104	0.00136
-0.1673	-0.0369	0.0849	-0.001158898623324235	-0.006326818538479445	0.00011344640137963142	1.06597829	28.84752464	0.99528109	0.11460078109938844	0.0178183	0.00046
-0.1712	-0.0691	0.0866	-0.0005969026041820607	-0.006517059426946826	0.0001239183768915974	1.26275694	34.17275238	0.98800714	0.07593544415607606	0.0193397	0.00057
-0.1833	0.0116	0.0798	-7.330382858376184e-05	-0.006089453760208215	0.00042760566673861073	1.23226392	33.34754944	1.03655155	0.16234458660919615	0.0204225	0.00076
-0.1828	-0.0132	0.0516	-0.0007278022980816354	-0.00610341639422417	0.0005113814708343385	1.17000985	31.66282845	0.99537182	0.09111184538047783	0.0201749	0.00072
-0.1808	-0.0724	0.1061	-0.00032812189937493397	-0.006707300315414208	-3.490658503988659e-05	1.11901867	30.28290367	0.9908528	0.1931926187885482	0.0178637	0.00033
-0.1836	-0.0728	0.1137	0.0003193952531149623	-0.006740461571202101	-0.0002670353755551324	1.03840137	28.10123634	0.92860007	0.05644035993965177	0.0200028	0.00064
-0.1854	-0.0485	0.1152	0.00016406094968746698	-0.006867870606597688	-0.0003351032163829112	1.16728544	31.58910179	0.9360891	0.04514055898254305	0.0191426	0.0006
-0.1862	-0.0201	0.0843	0.0003630284844148205	-0.007026695568529171	-0.00022863813201125715	1.20450222	32.59626389	0.97736185	0.08331287905152454	0.0211174	0.00076
-0.1947	-0.0163	0.086	-0.00015533430342749534	-0.007063347482821051	-0.0004433136300065597	1.13394606	30.68686867	0.95581372	0.052484510006474895	0.0194346	0.0006
-0.1979	-0.0157	0.1105	-0.000296705972839036	-0.006717772290926174	-0.0005131268000863328	1.09352934	29.59311104	0.96471045	0.05613800156930951	0.018418	0.00063
-0.1949	-0.0578	0.1367	-0.000582939970166106	-0.007138396640656808	-0.0007155849933176752	1.06250346	28.75348854	0.96362393	0.1167658270144523	0.0168152	0.00036
-0.1878	-0.0413	0.1208	-0.00011693705988362007	-0.0074228853087318835	-0.0006510078109938849	1.19494498	32.3376236	0.92666892	0.08025343803406755	0.0188009	0.00031
-0.1847	-0.0553	0.1061	-0.0006719517620178169	-0.007093018080104955	-0.0003001966313430247	1.20474756	32.60290146	0.96864527	0.09358465552059923	0.0187293	0.00057
-0.1889	-0.0274	0.0938	-0.0005794493116621174	-0.0065554566704907015	-0.0003089232776029963	1.12217224	30.36824799	0.9514027	0.07633952531149625	0.0182716	0.00048
-0.1859	-0.0559	0.091	-0.0007417649320975902	-0.007099999397112933	-0.0006544984694978735	1.07532871	29.10056496	0.93212118	0.08692167694762906	0.0185775	0.00043
-0.1878	-0.0811	0.1106	-0.00034208453339088857	-0.0071959925059726215	-0.000731292956585624	1.08279121	29.30251694	0.9389642	0.07532339973270702	0.0185676	0.00064
-0.1865	-0.0522	0.121	-0.00032463124087094524	-0.0074176493209759005	-0.0008447393579652555	1.02936232	27.8566227	0.92337147	0.05822782544514268	0.0181469	0.00055
-0.1919	-0.0709	0.1165	-0.0004886921905584122	-0.007360053455660089	-0.000736528944341607	1.1521486	31.17946815	0.94762481	0.045093361431346346	0.0181661	0.00061
-0.1879	-0.0131	0.1163	-0.0006911503837897545	-0.007073819458333017	-0.00047647488579445195	1.12479115	30.43911934	0.95564194	0.09943731245527845	0.017176	0.00043
-0.1906	-0.0894	0.1116	-0.0004310963252425994	-0.0076340701482231965	-0.0008936085770210966	1.15573967	31.27664948	0.9961261	0.14557192198319893	0.0187653	0.00052
-0.1912	-0.0557	0.1379	-0.00017627825445142725	-0.007843509658462517	-0.0010943214410004448	1.09478927	29.62720871	0.96395908	0.09384852225049206	0.0179438	0.00057
-0.1902	-0.0502	0.1399	8.028514559173915e-05	-0.00789761486527434	-0.0011606439525762293	1.1231209	30.39391899	0.93293915	0.027349555921538714	0.0184999	0.00052
-0.1973	-0.0535	0.1419	-0.0001605702911834783	-0.008016297254409955	-0.0011082840750163993	1.19912314	32.45069504	0.97035111	0.032994885173533085	0.0189937	0.00051
-0.1974	-0.069	0.1464	-6.632251157578452e-05	-0.008168140899333463	-0.0011676252695842063	1.17164636	31.70711517	0.96959076	0.035371630954950405	0.0186314	0.00058
-0.1987	-0.0832	0.1545	-2.4434609527920616e-05	-0.008162904911577479	-0.0012147491593880533	1.1088959	30.00896263	0.95141128	0.02831238898038472	0.0186341	0.00067
-0.1999	-0.0624	0.1519	7.504915783575618e-05	-0.008161159582325484	-0.0012723450247038664	1.05198121	28.46873665	0.91848296	0.03254124809657422	0.0198457	0.00066
-0.1962	-0.0514	0.1531	-8.37758040957278e-05	-0.008080874436733746	-0.0012095131716320703	1.18457413	32.05696869	0.9498123	0.030997098029750873	0.0183856	0.00055
-0.1995	-0.0405	0.1288	-0.0005044001538263612	-0.007298966931840286	-0.0006824237375297829	1.19281447	32.27996826	0.96306061	0.12498106443631905	0.0178505	0.00048
-0.1932	-0.015	0.115	-0.0003612831551628262	-0.007754497866610805	-0.0009197885158010115	1.1434623	30.94439888	0.95672809	0.08740063558526413	0.0176936	0.00052
-0.1952	-0.1133	0.1381	0.00020594885173533088	-0.008126252997285598	-0.0011327186845443199	1.12116098	30.34088135	0.99253397	0.1809958653158129	0.019518	0.0007
-0.1902	-0.1132	0.1772	-3.4906585039886588e-06	-0.00786096295098246	-0.000947713783832921	1.01946104	27.58867455	0.92181415	0.07718672286269283	0.0174699	0.00058
-0.1813	-0.0393	0.1699	-8.901179185171081e-05	-0.007679448708775049	-0.0008237954069413235	1.16803467	31.60937691	0.95257863	0.10964768762233652	0.0168777	0.00034
-0.1845	0.0126	0.1358	-0.00040317105721069014	-0.007307693578100258	-0.0005567600313861911	1.21896446	32.98764038	0.98296607	0.13684748857944512	0.0171966	0.0004
-0.1842	-0.0659	0.1097	-4.537856055185256e-05	-0.007579964941411373	-0.0007382742735936014	1.18354368	32.02908325	1.01234847	0.14547890510886813	0.0191967	0.00064
-0.1841	-0.0988	0.1424	5.759586531581287e-05	-0.007679448708775049	-0.000947713783832921	1.13399899	30.68830109	0.97172614	0.08629488517353302	0.0184046	0.00058
-0.1855	-0.0569	0.1554	0.00017104226669544429	-0.007815584390430608	-0.000905825881785057	1.04724133	28.34046555	0.93151792	0.07087349925415272	0.0184196	0.0006
-0.195	0.0089	0.1428	-0.00015707963267948963	-0.007501425125071628	-0.0008412486994612669	1.2179184	32.95933151	0.94533623	0.12324291735288521	0.018221	0.00036
-0.1913	-0.0631	0.1402	-0.0003089232776029963	-0.007695156672042999	-0.0005480333851262194	1.23553658	33.43611526	1.00581794	0.11023952531149628	0.0181714	0.00063
-0.19	-0.0847	0.1279	0.0006126105674500097	-0.007960446718346137	-0.0009128071987930344	1.15294433	31.20100021	0.95916261	0.11277988525114792	0.0209488	0.00072
-0.1872	-0.0389	0.1537	0.0004729842272904633	-0.007953465401338159	-0.0009704030641088471	1.12394977	30.41634941	0.95889423	0.08461017612416688	0.018333	0.00051
-0.1941	-0.0274	0.157	-0.0001064650843716541	-0.00738099740668402	-0.0007627088831215222	1.02116406	27.63476181	0.9267271	0.08968057436517904	0.0164011	0.0003
-0.1922	-0.023	0.1783	-0.0011676252695842063	-0.006553711341238707	-0.0005166174585903216	1.22167671	33.06103897	0.97720806	0.13432688375945329	0.0145159	0.00036
-0.1966	0.0056	0.0841	-0.0009843656981248017	-0.007187265859712648	-0.0008325220532012951	1.20673239	32.65661621	1.04835689	0.183835934227216	0.0187476	0.00061
-0.198	-0.0602	0.1218	-0.0011152653920243766	-0.007202973822980598	-0.0008517206749732328	1.11087239	30.0624485	0.97285204	0.11319031394697315	0.0175152	0.00073
-0.1999	-0.1512	0.1686	-0.0007120943348136865	-0.007796385768658669	-0.0011239920382843482	1.20676112	32.65739441	1.01038742	0.2031427183099938	0.0176588	0.00087
-0.1964	-0.0771	0.186	-0.0004537856055185257	-0.007845254987714512	-0.000614355896702004	1.10405147	29.87786102	0.99604445	0.1358407044966674	0.0159937	0.00055
-0.2012	-0.0069	0.1111	-0.0007871434926494425	-0.0071069807141209106	-0.0004921828490624009	1.10228479	29.83005333	1.00499958	0.20959026041820605	0.0170983	0.00025
-0.1949	-0.0681	0.1086	-0.0009791297103688187	-0.007000515629749256	-0.0005462880558742252	1.14349949	30.94540596	0.95259543	0.08762782544514275	0.0176387	0.00075
-0.2031	-0.1285	0.1367	-0.00041538836197465044	-0.007337364175384161	-0.0010053096491487337	1.22743475	33.21686172	0.98711906	0.1646805743651791	0.0193879	0.00061
-0.1946	-0.0815	0.164	-0.0005393067388662478	-0.0074996797958196346	-0.0009896016858807848	1.2177366	32.95441055	0.98645589	0.09789709802975102	0.017215	0.0006
-0.1994	0.0424	0.149	-0.0002652900463031381	-0.007464773210779748	-0.0010559241974565693	1.22995245	33.28499603	1.06689609	0.16246228945893906	0.0180266	0.00052
-0.2015	-0.024	0.1491	-0.0009599310885968812	-0.007070328799829028	-0.0009232791743050004	1.06415498	28.79818344	0.95455634	0.1296865238198016	0.0162208	0.00051
-0.1979	-0.1037	0.1242	-0.0005602506898901797	-0.007337364175384161	-0.0009773843811168245	1.14369452	30.95068359	0.96245342	0.14424104905368293	0.0195896	0.00081
-0.2015	-0.1367	0.148	-0.0006387905062299246	-0.007251843042036439	-0.0010035643198967395	1.166435	31.56608582	0.96267017	0.06991204442336911	0.0193704	0.00069
-0.199	-0.057	0.1185	-0.0007801621756414653	-0.0065275314024587925	-0.0006230825429619757	1.23323715	33.37388611	0.98615919	0.1740082542961975	0.0186921	0.00066
-0.2032	-0.0775	0.1349	-0.0011990411961201044	-0.006916739825653527	-0.0008482300164692441	1.19097209	32.23011017	0.9508172	0.0927617458590321	0.0164449	0.00042
-0.1968	-0.0669	0.1247	-0.001621410875102732	-0.00632507320922745	-0.0005550147021341969	1.04011786	28.14768982	0.93520714	0.09256258048718757	0.0158783	0.00052
-0.2049	-0.1018	0.1244	-0.0013596114873035826	-0.006452482244623035	-0.0007557275661135446	1.03742898	28.07492447	0.93276338	0.07279606435870412	0.0167815	0.00052
-0.2041	-0.1217	0.1544	-0.001048942880448592	-0.006796312107265919	-0.0009180431865490173	1.06270397	28.75891495	0.93133542	0.09154070449666736	0.017872	0.00061
-0.2034	-0.0889	0.1558	-0.000804596785169386	-0.006899286533133583	-0.0009372418083209549	1.16132355	31.42775917	0.9443906	0.05322595714594039	0.0171476	0.00043
-0.2012	-0.0329	0.0991	-0.00024085543677521747	-0.0070197142515211934	-0.0007958701389094143	1.2099402	32.74342346	1.00731425	0.156177036809666	0.0199848	0.00069
-0.2058	-0.0055	0.1008	0.00017278759594743863	-0.006544984694978735	-0.0005707226654021458	1.20680583	32.65860367	1.03109494	0.08937600313861915	0.0204301	0.00091
-0.1995	-0.0898	0.0642	0.00010821041362364843	-0.0067648961807300215	-0.0008447393579652555	1.09975255	29.76152611	1.00339387	0.15512526803190932	0.0218426	0.00093
-0.1987	-0.0723	0.0958	0.0004468042885105483	-0.007202973822980598	-0.0010873401239924673	1.09858596	29.72995377	0.94910105	0.10086361415823444	0.0214699	0.0009
-0.2007	0.0106	0.1131	0.0008674286382411819	-0.007660250087003113	-0.0012479104151759456	1.25663114	34.00697708	0.98671912	0.15412354524683133	0.0218478	0.00091
-0.2017	-0.0607	0.1183	0.0006003932626860494	-0.007799876427162659	-0.0013177235852557187	1.25844884	34.0561676	0.98506781	0.1013237442897226	0.0220166	0.00079
-0.1993	-0.0116	0.1184	0.0003316125578789226	-0.007377506748180031	-0.0010070549784007281	1.2285676	33.24752045	0.9792573	0.10169094953223728	0.0191296	0.00076
-0.2056	-0.0343	0.1087	0.0007941248096574199	-0.007272786993060372	-0.0014014993893514465	1.05380762	28.51816177	0.93949711	0.08678382089244374	0.0208423	0.00081
-0.2014	-0.0902	0.1189	0.0008412486994612669	-0.007330382858376183	-0.001382300767579509	1.10367537	29.86768532	0.95200629	0.07649591884457982	0.0221457	0.00081
-0.1972	-0.0516	0.1011	0.0008115781021773631	-0.007161085920932734	-0.0012583823906879114	1.16911137	31.63851547	0.95558265	0.07674429558094756	0.0218484	0.00087
-0.2084	0.0085	0.0836	-4.363323129985824e-05	-0.006492624817418905	-0.0009878563566287904	1.21152675	32.78636169	0.99570829	0.17850992355250855	0.02131	0.00084
-0.2127	0.0025	0.0807	-0.0	-0.00649786080517489	-0.000905825881785057	1.13847125	30.80933189	0.95602774	0.01974498469497881	0.0203239	0.00073
-0.2134	-0.0828	0.1135	0.00031415926535897925	-0.007016223593017205	-0.0012269664641520136	1.13426661	30.6955452	1.02556486	0.17648313177841257	0.0201751	0.00066
-0.2115	-0.0993	0.1633	0.00020943951023931956	-0.007283258968572337	-0.0011938052083641214	1.04376757	28.24645805	0.94534008	0.0884458193231342	0.0182551	0.00057
-0.209	-0.0468	0.1391	0.0002007128639793479	-0.007134905982152819	-0.0011885692206081383	1.16193509	31.44431114	0.95225446	0.08731578102177363	0.0192307	0.00069
-0.2125	-0.0102	0.114	7.155849933176751e-05	-0.006981317007977318	-0.0009878563566287904	1.18453372	32.05587387	0.97304264	0.08937281014012144	0.0191898	0.00049
-0.2058	-0.0714	0.1501	0.00013264502315156904	-0.00761487152645126	-0.0011100294042683937	1.16009688	31.39456367	0.97994577	0.1448407044966673	0.0189918	0.00076
-0.2058	-0.0855	0.2053	0.00020594885173533088	-0.007901105523778328	-0.0012095131716320703	1.18923545	32.1831131	0.9820307	0.09225107966372531	0.0174773	0.00049
-0.2134	-0.0604	0.2228	4.886921905584123e-05	-0.00778416846389471	-0.0012932889757277981	1.03002787	27.87463379	0.92876095	0.06808962483294177	0.0164963	0.00046
-0.2165	0.0161	0.2096	-0.0003665191429188092	-0.007129669994396836	-0.0010245082709206715	1.34254122	36.33187485	0.97870635	0.15973337681398256	0.0162482	0.00063
-0.2213	-0.1076	0.1999	0.00010471975511965978	-0.007656759428499123	-0.0013735741213195373	1.30165446	35.22539902	1.03804919	0.20556970912698116	0.019634	0.00076
-0.2165	-0.1041	0.2156	0.0004310963252425994	-0.008150687606813518	-0.001541125729510993	1.23472941	33.41427231	0.96613336	0.07339281783143951	0.019492	0.00066
-0.2197	-0.0456	0.226	-2.792526803190927e-05	-0.007824311036690578	-0.001462585913171248	1.11571276	30.19343948	0.96133492	0.11529689898685969	0.0163195	0.00031
-0.2144	-0.1016	0.2099	-0.0005235987755982988	-0.007724827269326902	-0.001382300767579509	1.08347547	29.32103539	0.92312973	0.11117212102609023	0.016463	0.0004
-0.2216	-0.1054	0.1877	7.330382858376184e-05	-0.007485717161803679	-0.001335176877775662	1.13428235	30.69597054	0.96633582	0.07735683007545649	0.019226	0.00076
-0.2193	-0.1566	0.2189	0.00020594885173533088	-0.007756243195862801	-0.0014311699866353504	1.18596733	32.09466934	0.96771828	0.10965820830351895	0.0200505	0.00093
-0.2196	-0.1142	0.2309	0.00029321531433504735	-0.007984881327874059	-0.001541125729510993	1.19864225	32.43767929	0.973414	0.07599301687433078	0.0185723	0.00079
-0.229	-0.0737	0.2264	-0.0002722713633111154	-0.0077213366108229145	-0.0014119713648634124	1.04704666	28.33519745	0.93436281	0.1023092879672444	0.0165512	0.00043
-0.223	-0.0328	0.206	-1.2217304763960308e-05	-0.00783303768295055	-0.001481784534943186	1.1348269	30.71070862	0.94308262	0.08937841503772817	0.0172748	0.0004
-0.2229	-0.0959	0.2168	0.000322885911618951	-0.008059930485709814	-0.0015812683023068625	1.20513332	32.61334229	0.95326812	0.10707398932529262	0.0196865	0.00075
-0.2217	-0.0993	0.2338	0.0004206243497306334	-0.008227482093901268	-0.0016842427281745281	1.20582354	32.63201904	0.95174171	0.04001322360854009	0.0190462	0.0007
-0.2296	-0.0412	0.2196	-0.00017453292519943296	-0.007756243195862801	-0.0014660765716752368	1.1241436	30.42159653	0.98168988	0.14442811647339124	0.0165277	0.00048
-0.2285	-0.0561	0.1908	-0.0002129301687433082	-0.007618362184955248	-0.0013648474750595659	1.03258705	27.94389153	0.90825531	0.05867536755335493	0.0169573	0.00051
-0.2281	-0.0946	0.2089	0.000312413936106985	-0.008059930485709814	-0.0015341444125030156	1.13555157	30.73031998	0.96850255	0.11381046715241548	0.0195941	0.00081
-0.2342	-0.0933	0.239	0.0005969026041820607	-0.007853981633974483	-0.0015358897417550098	1.18890786	32.17424774	0.96035159	0.06210914245312001	0.0195526	0.0007
-0.2427	-0.03	0.2279	0.00015184364492350666	-0.007576474282907384	-0.001335176877775662	1.19733775	32.40237808	0.97696204	0.1290639587152501	0.0168575	0.00051
-0.2501	-0.0537	0.1919	-0.00010471975511965978	-0.007028440897781166	-0.0013142329267517303	1.07972896	29.21964645	1.00379732	0.1083770368096658	0.0177426	0.001
-0.2404	-0.0752	0.2017	0.0004258603374866164	-0.007747516549602829	-0.0014957471689591403	1.24051893	33.57094574	0.99783038	0.11255849933176744	0.0207436	0.00112
-0.2332	-0.1367	0.2753	-0.0009546951008408983	-0.007798131097910665	-0.0011327186845443199	1.37874198	37.31154251	1.07963695	0.2320099235525085	0.0192947	0.00102
-0.2428	-0.0525	0.2802	-0.0008429940287132613	-0.0074508105767637925	-0.001022762941668677	1.31257391	35.52090073	1.04341896	0.1271488668075076	0.0145973	0.00042
-0.2607	-0.0659	0.2388	-0.0006038839211900379	-0.0070685834705770355	-0.0011780972450961724	1.06588769	28.84507179	0.94938031	0.11153357585687376	0.0152611	0.00045
-0.2563	-0.0903	0.2241	0.0002443460952792061	-0.007480481174047695	-0.001553343034274953	1.12879074	30.54735565	0.95652986	0.12526867545593423	0.018846	0.00076
-0.2603	-0.116	0.2372	0.0005113814708343385	-0.007710864635310948	-0.0016702800941585732	1.20712101	32.66713333	0.99540236	0.07351779483510029	0.0211042	0.00126
-0.2609	-0.1079	0.2473	0.0003769911184307752	-0.007204719152232592	-0.0014416419621473165	1.23651958	33.46271515	1.01805148	0.062258698374658875	0.0189894	0.00102
-0.2553	-0.0898	0.233	-0.000312413936106985	-0.00701447826376521	-0.001129228026040331	1.09361446	29.59541512	0.96930173	0.09760299395560633	0.016331	0.00046
-0.2523	-0.0825	0.2146	0.00041538836197465044	-0.0075729836244033955	-0.0015166911199830724	1.00124061	27.0955925	0.94082883	0.1123885376331281	0.0193778	0.00078
-0.2514	-0.1135	0.2125	0.0008203047484373349	-0.00780860307342263	-0.001689478715930511	1.19570673	32.35823822	0.98127336	0.0746661715714679	0.0221598	0.00145
-0.2534	-0.0913	0.2165	0.0009599310885968812	-0.00788888821901437	-0.0016912240451825054	1.19982827	32.46977615	0.97693976	0.03928284075016401	0.0217772	0.00162
-0.2647	-0.0787	0.1959	0.00022165681500327985	-0.007222172444752536	-0.0014660765716752368	1.17929697	31.91415596	1.01119746	0.12600687606813515	0.01956	0.00108
-0.2614	-0.0349	0.1657	0.0006562437987498679	-0.007428121296487867	-0.001689478715930511	1.02366936	27.70255852	0.93591165	0.12049689898685964	0.0206204	0.00082
-0.2612	-0.1286	0.2081	0.0008936085770210966	-0.007730063257082885	-0.001820378409830086	1.23319399	33.37271881	1.00572918	0.16981032163829113	0.0224873	0.0015
-0.2614	-0.1328	0.2334	0.0013002702927357754	-0.008093091741497705	-0.0017924531417981763	1.33450902	36.11450958	1.06325255	0.06958077340807048	0.0258414	0.00347
-0.265	-0.0769	0.2316	0.0007696902001294993	-0.007958701389094143	-0.0019442967867216831	1.25640273	34.00079346	1.00191582	0.10214070449666726	0.0222483	0.00252
-0.2641	-0.0006	0.1991	0.00038048177693476387	-0.007564256978143424	-0.00182212373908208	1.11723888	30.2347393	0.98470187	0.15499129408925288	0.0204957	0.00187
-0.2547	-0.0636	0.187	0.0004258603374866164	-0.00765152344074314	-0.0019687313962496035	1.09661639	29.67665482	0.94711501	0.09846263401595463	0.0210155	0.00231
-0.2493	-0.0839	0.1722	4.886921905584123e-05	-0.0074019413577079505	-0.0022270401255447643	1.17197359	31.71597099	0.95399114	0.08474409653805628	0.0215739	0.0025
-0.2471	-0.0517	0.158	0.0008307767239493009	-0.007511897100583594	-0.0020141099568014562	1.21616876	32.91198349	0.97483279	0.10383967082562055	0.0230573	0.00243
-0.2662	-0.0171	0.1472	0.0003630284844148205	-0.00676838683923401	-0.0018779742751458986	1.18588579	32.09246445	0.99233361	0.13186970912698112	0.020852	0.00184
-0.2573	0.0035	0.1198	6.283185307179586e-05	-0.006778858814745977	-0.0013753194505715315	1.02317286	27.68912315	0.94074554	0.09756617157146795	0.019883	0.00139
-0.2445	-0.0303	0.0872	0.0006021385919380437	-0.007215191127744558	-0.0015812683023068625	1.03047192	27.88665199	0.95280972	0.13827939518000798	0.0235512	0.0022
-0.2433	-0.0236	0.1371	0.000973893722612836	-0.007653268769995135	-0.0018046704465621369	1.12601161	30.4721489	0.98517506	0.10946174585903216	0.023752	0.00231
-0.248	-0.0481	0.1736	0.0011571532940722405	-0.007845254987714512	-0.0018622663118779497	1.22807252	33.23412323	1.00852001	0.08734208272472972	0.023006	0.00202
-0.2545	-0.0335	0.1732	0.0008936085770210966	-0.007585200929167356	-0.0016318828506146981	1.21703398	32.9353981	1.00683499	0.05919911184307758	0.0205044	0.0007
-0.2533	0.0305	0.1367	0.0008918632477691023	-0.007536331710111515	-0.001567305668290908	1.11226761	30.10020638	0.95857536	0.10745958653158126	0.0212561	0.00067
-0.2613	-0.0124	0.1537	0.0008604473212332044	-0.00753807703936351	-0.0018029251173101424	1.08441389	29.34642982	0.95668749	0.0813390352403563	0.0213394	0.00094
-0.257	-0.0533	0.1689	0.0010105456369047167	-0.0076497781114911465	-0.0018325957145940458	1.3163476	35.62302399	0.95510394	0.07497349925415257	0.0229803	0.00133
-0.2597	0.0255	0.1647	0.0009075712110370514	-0.0075276050638515436	-0.0017121679962064373	1.26270425	34.17132568	0.96565564	0.1029787595947438	0.0224323	0.0009
-0.2539	0.0573	0.17	0.0009372418083209549	-0.0074455745890078095	-0.0015760323145508795	1.14644516	31.02512169	0.94947348	0.05529183768915973	0.021461	0.00084
-0.2495	-0.0132	0.1503	0.001377064779823526	-0.007670722062515079	-0.0017540558982543013	1.07734025	29.15500259	0.95949851	0.13674970143566312	0.023138	0.00097
-0.2543	-0.0941	0.1645	0.0015655603390389136	-0.0075886915876713455	-0.0017715091907742446	1.12687695	30.49556541	0.96932889	0.11429896632895324	0.0240856	0.00147
-0.2546	-0.0328	0.1715	0.0013177235852557187	-0.007393214711447979	-0.0017959438003021652	1.13602161	30.74303818	0.96359067	0.09198741197672403	0.0230402	0.001
-0.2599	0.0444	0.1524	0.0010611601852125523	-0.006775368156241988	-0.0014643312424232424	1.19004977	32.2051506	0.9825133	0.16190112565640405	0.022361	0.00079
-0.2619	0.0399	0.1661	0.001001818990644745	-0.006733480254194123	-0.0014643312424232424	1.10726047	29.96470261	0.95504011	0.025261454830783577	0.0217088	0.00066
-0.2771	0.1222	0.179	0.0019408061282176943	-0.006873106594353669	-0.0011327186845443199	1.10106218	29.79696465	0.99969044	0.18091130178057088	0.0258514	0.0024
-0.2599	0.1694	0.1088	0.0015114551322270892	-0.006412339671827167	-0.0008726646259971648	1.06618071	28.85300255	1.03636598	0.19210859885321313	0.0274587	0.0034
-0.256	0.0479	0.081	0.001265363707695889	-0.005899212871740834	-0.000736528944341607	1.14042842	30.86229706	1.0552223	0.19796769531365452	0.0260116	0.0018
-0.2638	-0.0486	-0.0041	-0.00012042771838760874	-0.004953244417159907	-0.000731292956585624	1.33395982	36.09964752	1.14585413	0.3062497934210203	0.0305961	0.00487
-0.2434	0.0664	0.0096	-0.0017749998492782332	-0.005499532473034132	-0.0005270894341022875	1.39597607	37.77793121	1.24519088	0.2693531854624093	0.0250292	0.00377
-0.2388	0.0388	0.0014	3.839724354387525e-05	-0.006173229564303944	-0.0007470009198535729	1.11073565	30.05874825	1.05285209	0.1757502834921603	0.026618	0.00186
-0.2502	0.0391	0.0317	0.0009808750396208131	-0.006445500927615059	-0.0010803588069844899	1.08800721	29.44367218	0.98519152	0.11940535232594844	0.0270587	0.00177
-0.2567	0.01	0.0478	0.001069886831472524	-0.006558947328994691	-0.0012793263417118436	1.26429987	34.21450806	0.98332899	0.07177128639793481	0.0262083	0.00199
-0.2607	0.021	0.0903	0.0011571532940722405	-0.006836454680061789	-0.0013945180723434693	1.22877026	33.25300598	0.98423426	0.08149827721492202	0.026302	0.0022
-0.2681	0.0302	0.118	0.0008499753457212384	-0.006543239365726741	-0.0013316862192716734	1.24489391	33.6893425	0.97624618	0.0774612557878923	0.0253607	0.00157
-0.2647	-0.0012	0.1344	0.0006911503837897545	-0.00672824426643814	-0.001350884841043611	1.18625414	32.10243225	0.96981682	0.06935142422074106	0.024278	0.00165
-0.2652	0.0228	0.143	0.0006876597252857658	-0.006553711341238707	-0.001239183768915974	1.1088239	30.00701332	0.99146243	0.04758623279155296	0.0236978	0.00159
-0.261	-0.0184	0.1495	0.0004520402762665313	-0.006379178416039275	-0.0011955505376161158	1.19839132	32.43088913	0.95383015	0.07458928027592619	0.0229397	0.00168
-0.2651	0.0281	0.1425	0.0005654866776461627	-0.006202900161587847	-0.0011519173063162574	1.33160388	36.03588867	0.97559698	0.07426789435654588	0.0259128	0.00314
-0.26	0.0245	0.1297	0.001322959573011702	-0.006099925735720181	-0.0012339477811599909	1.26817143	34.31927872	0.98885391	0.06862388980384691	0.0294923	0.00446
-0.2641	0.0126	0.1442	0.0006667157742618339	-0.006106907052728159	-0.0011606439525762293	1.24160147	33.60024261	0.99269011	0.06732644721708034	0.0256351	0.00349
-0.2596	0.0219	0.144	0.0005759586531581287	-0.006161012259539982	-0.001181587903600161	1.08302295	29.3087883	0.93359693	0.022290313946973023	0.025244	0.00391
-0.2583	-0.0146	0.1664	0.0006213372137099814	-0.006138322979264057	-0.0011013027580084218	1.14704239	31.04128265	0.9574684	0.06761764932097587	0.0256515	0.00358
-0.2536	-0.0346	0.1535	0.00047647488579445195	-0.006101671064972177	-0.0010733774899765126	1.24792099	33.77126312	1.03576819	0.04807197551196588	0.0266604	0.00317
-0.2559	0.0672	0.1091	0.00046425758103049166	-0.005827654372409066	-0.0010506882097005862	1.26750243	34.30117416	1.05272011	0.1639461638801499	0.0263395	0.00286
-0.2552	0.0189	0.108	9.250245035569947e-05	-0.005344198169606637	-0.0006771877497737998	1.17848003	31.89204979	0.99287477	0.11153558967020039	0.0230948	0.00165
-0.2667	-0.0395	0.0867	0.0004799655442984406	-0.005408775351930427	-0.0009983283321407565	1.08179188	29.27547264	0.96337278	0.12985904293167438	0.0244628	0.00136
-0.264	0.0159	0.1145	0.00048171087355043494	-0.00570024533701348	-0.0010716321607245184	1.08176088	29.27463531	0.94672446	0.10422595714594048	0.0230183	0.00102
-0.2658	0.03	0.1224	0.0005899212871740833	-0.006092944418712205	-0.0011903145498601325	1.20279491	32.55006027	0.996259	0.05477959422289932	0.0236436	0.00135
-0.2643	0.0223	0.1375	0.0002652900463031381	-0.005557128338349946	-0.0009023352232810684	1.26379049	34.20072174	1.03761177	0.08172133239061344	0.0216892	0.00099
-0.2586	0.0125	0.1201	0.00015009831567151235	-0.005328490206338688	-0.0006632251157578452	1.18260527	32.003685	0.97092071	0.06204699850830533	0.0204861	0.00066
-0.2607	-0.0232	0.0975	0.0003717551306747922	-0.005921902152016759	-0.001069886831472524	1.0639472	28.79256058	0.95935204	0.12148652381980146	0.0226144	0.00084
-0.266	-0.0029	0.1265	0.0003595378259108319	-0.006110397711232148	-0.0012147491593880533	1.07652605	29.1329689	0.94560367	0.07187875959474394	0.0211082	0.00088
-0.2674	0.0078	0.1405	0.00019024088846738194	-0.006138322979264057	-0.0011746065865921838	1.21671176	32.9266777	0.96232262	0.03796823891356144	0.0207464	0.0009
-0.2677	0.0477	0.144	9.773843811168246e-05	-0.005365142120630569	-0.0006876597252857658	1.26085067	34.12116623	0.99714215	0.1113315085147802	0.0202547	0.00078
-0.2621	0.0625	0.1049	0.00026354471705114377	-0.00545415391248228	-0.0008779006137531476	1.19230151	32.26608658	0.99644274	0.08175294796292767	0.0217605	0.00097
-0.2677	-0.0231	0.0982	0.00045553093477052	-0.005888740896228867	-0.0012164944886400475	1.14182353	30.90005112	1.01396421	0.14615835381764317	0.0217795	0.00093
-0.2623	-0.0565	0.1185	0.0007068583470577034	-0.00637743308678728	-0.0013124875974997359	1.12364578	30.40812492	0.96320316	0.1009006355852642	0.0225124	0.00117
-0.2625	-0.0418	0.1178	0.0008098327729253688	-0.00641408500107916	-0.0012688543661998775	1.1852138	32.07427979	0.98008665	0.02476297857297024	0.0227849	0.00138
-0.2598	0.0364	0.1335	0.00030368728984701333	-0.0060632738214283005	-0.0009791297103688187	1.1972872	32.40100861	0.99068019	0.15393406592801373	0.0201192	0.00076
-0.2523	0.0096	0.0995	0.0005166174585903216	-0.006462954220135002	-0.0011117747335203881	1.11834252	30.26460838	0.95404468	0.10556277953007892	0.0219061	0.00088
-0.2581	-0.0467	0.124	0.0005235987755982988	-0.006468190207890985	-0.0012845623294678264	1.12585533	30.4679184	0.98048005	0.0958502450355699	0.0211133	0.00097
-0.2549	-0.0196	0.1295	0.0005689773361501514	-0.006558947328994691	-0.0013124875974997359	1.09202135	29.55230141	0.93325499	0.04400304748437336	0.0210202	0.00094
-0.2646	-0.0631	0.1382	8.552113334772214e-05	-0.006201154832335853	-0.001322959573011702	1.18635857	32.10525894	0.96916654	0.10448603374866162	0.0208297	0.00081
-0.2623	0.0452	0.1359	0.0003892084231947355	-0.006115633698988131	-0.0011693705988362008	1.23883379	33.52534485	1.01493822	0.14003986986851188	0.021371	0.00075
