trans_x	trans_y	trans_z	rot_x	rot_y	rot_z	dvars_std	dvars_nstd	dvars_vstd	framewise_displacement	aqi	aor
0.0	-0.0	0.0	-0.0	0.0	-0.0	n/a	n/a	n/a	n/a	0.018535	0.00152
-0.0055	0.0026	-0.034	0.0004747295565424576	-0.0001675516081914556	-0.00010821041362364843	1.18996847	28.12870216	0.9894132	0.07962457891787808	0.0198956	0.00161
0.0038	0.0038	0.0559	-8.203047484373349e-05	-0.000148352986419518	-4.18879020478639e-05	1.18935657	28.11423683	1.07703129	0.13251405823669565	0.0213121	0.00268
0.0038	0.0331	0.0891	-0.0002513274122871834	0.0001064650843716541	0.0001256637061435917	1.22423625	28.93873024	1.03950015	0.09208333082130388	0.0180203	0.00182
0.0037	-0.0429	0.0596	0.0002007128639793479	0.00013962634015954637	0.00014660765716752367	1.1443429	27.05019569	1.00668533	0.13090727415391779	0.0172032	0.00098
-0.0017	-0.0717	0.0078	0.0004328416544945937	-7.330382858376184e-05	6.806784082777885e-05	1.13592708	26.85126114	1.01056885	0.11217993877991495	0.0181348	0.00096
-0.0001	0.0161	-0.005	0.0003106686068549907	-0.00028099800957108706	8.37758040957278e-05	1.23527634	29.19969749	1.03905914	0.11947875959474386	0.0174941	0.00135
0.0033	0.0092	0.0664	-0.000148352986419518	-8.37758040957278e-05	0.0002024581932313422	1.19498491	28.24728203	1.0229746	0.12044630939427411	0.0161727	0.00152
0.0042	0.0639	0.0189	0.00029496064358704166	-0.00011344640137963142	0.00034557519189487725	1.10366416	26.08862305	1.01147677	0.1339050612976999	0.0169734	0.00201
0.0063	0.0192	-0.1607	0.0008691739674931761	-0.0007068583470577034	0.0003769911184307752	1.54823852	36.59755707	1.37292754	0.28635205980600525	0.026709	0.01062
0.0073	0.0236	-0.1012	0.0010506882097005862	-0.0005375614096142535	0.0003961897402027128	1.29525363	30.61745262	1.07011988	0.0834004900711399	0.0203717	0.0031
0.0039	0.0616	-0.0605	0.0006300638599699529	-0.000450294947014537	0.0003106686068549907	1.11114681	26.26550102	0.98423572	0.1117705972839036	0.0193206	0.0024
-0.0005	0.1255	-0.0247	0.00032463124087094524	-0.00012217304763960306	0.0005480333851262194	1.22689986	29.00169373	1.01337194	0.1476459648372585	0.0208271	0.00387
-0.0042	0.023	-0.0494	1.9198621771937625e-05	-4.0142572795869576e-05	0.0003787364476827695	1.2492857	29.53085327	1.08102307	0.15873800156930956	0.0204122	0.00292
0.0005	0.0117	-0.046	0.0005969026041820607	-0.0002181661564992912	8.552113334772214e-05	1.13960433	26.93818474	0.97912744	0.0718471440224296	0.0192096	0.00214
0.0043	-0.0229	0.001	0.00032637657012293966	-0.0001605702911834783	0.00016406094968746698	1.26176214	29.82577515	1.13567672	0.10573308578573394	0.0199652	0.00229
-0.0036	0.1274	0.0016	0.0005096361415823442	0.00011170107212763708	0.00033335788713091696	1.30427659	30.83073997	1.11709722	0.19004139361069847	0.0201182	0.00399
-0.0108	0.0038	-0.0344	0.0004939281783143952	-4.886921905584123e-05	0.0001012290966156711	1.21355021	28.68613243	1.10234338	0.1872203522483337	0.0185216	0.00194
-0.0094	-0.0198	-0.0244	0.0009407324668249436	-0.00029845130209103034	-0.0001308996938995747	1.09074175	25.78316116	0.97087499	0.08142575810304915	0.0198452	0.0014
-0.0152	0.0364	0.0061	0.0005253441048502931	-0.00029321531433504735	-0.0001239183768915974	1.20406818	28.46199417	1.00648819	0.11388028333693052	0.0175746	0.0017
-0.0185	0.0725	-0.0208	0.0004380776422505767	-0.00029845130209103034	-0.00010297442586766544	1.10732281	26.17510796	0.98091251	0.07197232006898156	0.0189583	0.00222
-0.0224	0.0223	-0.0333	0.000582939970166106	-0.0003159045946109737	-3.839724354387525e-05	1.11725116	26.40979576	1.00234503	0.07794464013796312	0.0204231	0.00243
-0.0211	0.0816	-0.1695	0.002118829711921116	-8.726646259971648e-05	-6.9813170079773176e-06	1.53514183	36.28797531	1.26594941	0.2865971900151083	0.0304148	0.01467
-0.0233	0.1055	-0.1518	0.0019233528356977512	-0.0002478367537831948	-0.000307177948351002	1.34631109	31.82435989	1.17069551	0.07661218993749341	0.0256397	0.00782
-0.0195	0.0453	-0.0866	0.0010262536001726657	-0.0002548180707911721	-0.00013439035240356338	1.17793477	27.84424591	1.03786884	0.18304340742402503	0.0223988	0.00373
-0.0211	0.111	-0.0775	0.0009040805525330626	-7.67944870877505e-05	1.3962634015954635e-05	1.13816619	26.90419006	1.00571645	0.09882748088812712	0.0221046	0.00481
-0.0184	0.1589	-0.0523	0.0009040805525330626	0.00027576202181510406	0.0003961897402027128	1.21751809	28.77992439	1.01928832	0.11253918075448063	0.023612	0.00704
-0.0178	0.0389	-0.0485	0.0004974188368183839	0.00024609142453120044	0.0003089232776029963	1.18687177	28.05550194	1.08400822	0.15057993877991496	0.0195265	0.00198
-0.0165	-0.0211	-0.0783	0.0015358897417550098	0.0001832595714594046	8.028514559173915e-05	1.16568196	27.55461311	1.03583467	0.15759704450098394	0.021698	0.00194
-0.0199	0.0082	-0.0755	0.0010332349171806431	2.96705972839036e-05	-0.00037350045992678646	1.18564892	28.02659607	0.98021216	0.09100147021341964	0.0203895	0.0021
-0.0188	0.0601	0.0047	0.00035081117965086024	0.00022165681500327985	-0.00029321531433504735	1.25675499	29.70741463	1.09439445	0.18093475504204487	0.020852	0.00166
-0.0095	0.0506	0.0641	0.0004206243497306334	0.0004206243497306334	3.490658503988659e-05	1.20133793	28.39745522	1.03409249	0.10804513020910304	0.0181305	0.00137
-0.0151	0.0602	0.0188	0.0004014257279586958	0.0003351032163829112	-1.5707963267948964e-05	1.22840631	29.03730392	1.02834756	0.06826671517137477	0.0168114	0.00126
-0.0216	-0.039	-0.0139	0.0008831366015091308	0.0002251474735072685	-0.0005480333851262194	1.1849159	28.00926971	1.02003592	0.1945996019142174	0.0141227	0.00075
-0.0209	0.0491	-0.0289	0.0011431906600562858	9.42477796076938e-05	-0.00046425758103049166	1.19645524	28.28203773	1.00250845	0.12753647782712288	0.0174315	0.00149
-0.0247	0.002	0.0111	0.0005497787143782138	0.00013439035240356338	-0.000466002910282486	1.24523664	29.43514061	1.00872243	0.1226649923862968	0.0183552	0.00096
-0.0266	0.0911	0.0545	0.0003665191429188092	0.00043458698374658803	-0.0003298672286269283	1.17653	27.81104088	1.02855777	0.16537959422289936	0.016581	0.00135
-0.0278	0.0509	0.0259	0.0004380776422505767	0.0004921828490624009	-0.00016231562043547262	1.1691066	27.6355648	0.99246633	0.08483529864195181	0.0199528	0.00147
-0.0331	0.01	-0.0192	0.0009826203688728075	0.0004904375198104066	-0.0005009094953223725	1.28340161	30.33729362	1.10714232	0.13554409653805624	0.0164317	0.00058
-0.0309	-0.0592	-0.0119	0.0012147491593880533	0.00037524578917878077	-0.0007539822368615504	1.13104188	26.73578453	0.98548772	0.10871966313430247	0.0154212	0.00075
-0.0259	0.0018	0.0148	0.0010768681484805013	0.0003385938748868999	-0.0007347836150896127	1.20129108	28.39634895	1.02632737	0.10238657734856851	0.0149572	0.00077
-0.0217	0.0806	0.0607	0.00047647488579445195	0.00041538836197465044	-0.0006387905062299246	1.22975624	29.06921196	1.02248618	0.16755904293167442	0.0164891	0.00124
-0.0257	0.0467	0.0285	0.0005916666164260777	0.0004363323129985824	-0.0005742133239061344	1.11670852	26.39697075	1.00136363	0.08013564319896739	0.0146995	0.00081
-0.0224	-0.0528	-0.001	0.0009180431865490173	0.00027576202181510406	-0.0007749261878854823	1.24973834	29.5415535	1.03476396	0.16668298626428832	0.0167192	0.00086
-0.0246	0.0464	-0.0101	0.0011728612573401894	0.0003473205211468716	-0.0009826203688728075	1.34133708	31.70678329	1.04717291	0.13720353755551323	0.0169725	0.00067
-0.0233	0.0612	0.0232	0.0009669124056048585	0.00022165681500327985	-0.0009564404300928925	1.16224253	27.47331047	0.9842821	0.06728962483294187	0.0146948	0.00074
-0.0262	0.0626	0.0657	0.000593411945678072	0.00048345620280242926	-0.0008185594191853405	1.1828959	27.96151924	0.98687672	0.0854590429316744	0.0155977	0.00098
-0.0305	0.0156	0.0542	0.0006824237375297829	0.00048520153205442357	-0.0008552113334772215	1.1779536	27.84469223	0.99809838	0.06917045176977929	0.0134259	0.00061
-0.0318	-0.0575	0.0451	0.0011309733552923255	0.00041538836197465044	-0.0009773843811168245	1.13535023	26.8376255	0.97613675	0.11552679177409592	0.0145832	0.00054
-0.0381	-0.0235	0.0037	0.0012671090369478833	0.000466002910282486	-0.001181587903600161	1.22844338	29.0381794	0.98876021	0.10124768762233648	0.0150514	0.00046
-0.0382	-0.0981	0.0138	0.0013404128655316449	0.00033335788713091696	-0.0012042771838760874	1.20519364	28.48859787	1.00687396	0.09623190660056281	0.0134221	0.00065
-0.0342	0.0426	0.0227	0.001155407964820246	0.00029321531433504735	-0.0008674286382411819	1.31512129	31.08708763	1.10970316	0.18169980095710872	0.0161878	0.00079
-0.0333	0.0766	0.0148	0.0004939281783143952	0.00038571776469074686	-0.0008237954069413235	1.22192216	28.88402939	1.00437755	0.08268077340807044	0.0173522	0.00131
-0.033	-0.002	-0.0156	0.0012426744274199627	0.00039793506945470715	-0.0009808750396208131	1.15108657	27.20960426	0.99056079	0.15520215932745085	0.0144585	0.00072
-0.031	-0.0003	-0.0135	0.001298524963483781	0.00027750735106709843	-0.0012671090369478833	1.07878315	25.50048256	0.95826321	0.028925612588924857	0.0143875	0.00039
-0.0284	0.0296	-0.0014	0.0010960667702524388	0.00021118483949131387	-0.0012147491593880533	1.15039861	27.19334221	0.97969751	0.06065702911834783	0.015398	0.00086
-0.0241	0.066	0.0604	0.0007016223593017205	0.00038397243543875244	-0.0009546951008408983	1.1720829	27.70591927	1.02994348	0.1438643032722656	0.015416	0.00121
-0.0236	-0.0073	0.0557	0.0008395033702092724	0.0004939281783143952	-0.0009093165402890458	1.08499134	25.64723206	0.98104539	0.09316076571675239	0.0136965	0.00075
-0.0256	-0.0234	0.011	0.0010838494654884787	0.00042411500823462205	-0.0011013027580084218	1.21456921	28.71021843	1.00033356	0.08810727415391777	0.015858	0.00075
-0.0256	0.0052	0.0	0.0013596114873035826	0.0002495820830351891	-0.0012723450247038664	1.22457206	28.94666862	1.02292098	0.07066686068549906	0.0164738	0.00091
-0.0246	-0.0192	0.0275	0.0009930923443847736	0.00020943951023931956	-0.000900589894029074	1.29666758	30.65087509	1.04517722	0.09182084231947357	0.0148154	0.00077
-0.0317	0.0286	0.0549	0.00020594885173533088	0.00046949356878647465	-0.0008342673824532895	1.24810255	29.50288582	0.99741331	0.1379760031386191	0.0176088	0.00058
-0.0315	-0.0325	0.0254	0.0008464846872172499	0.0003700098014227979	-0.0007941248096574199	1.11914134	26.45447731	1.00431564	0.12980810878207327	0.0141757	0.00032
-0.0283	-0.0347	0.0132	0.00119729586686811	0.0003612831551628262	-0.0009773843811168245	1.19725549	28.30095291	0.95680663	0.04473986986851181	0.0155475	0.00054
-0.0303	0.0212	0.0218	0.0011257373675363424	0.00042236967898262774	-0.0010454522219446034	1.33695245	31.60313797	0.98678497	0.07653564319896741	0.0156862	0.00047
-0.0295	0.0798	0.0439	0.0007766715171374765	0.00045902159327450867	-0.000778416846389471	1.15155196	27.22060585	0.99454604	0.11413765701229396	0.0150574	0.00082
-0.024	0.0956	0.0454	0.0006736970912698113	0.0005235987755982988	-0.0006719517620178169	1.21918666	28.81936836	0.97264718	0.03650083462815548	0.0164769	0.00117
-0.022	-0.0198	0.004	0.0008970992355250854	0.00048520153205442357	-0.0008866272600131194	1.26269627	29.84785652	1.03901414	0.18262374428972256	0.0134829	0.0007
-0.0215	-0.0242	0.0074	0.0011833332328521555	0.00032812189937493397	-0.0011030480872604163	1.12402987	26.57003212	0.95436942	0.04128672286269282	0.0137889	0.00051
-0.0202	-0.0011	0.0016	0.0010786134777324957	0.00011170107212763708	-0.0011047934165124105	1.18392301	27.98579979	0.97219353	0.046344295580947534	0.0147904	0.0007
-0.0214	0.0556	0.0495	0.0008028514559173916	0.0003159045946109737	-0.0009093165402890458	1.20018482	28.3701992	1.01360417	0.1395721210260903	0.0151541	0.00082
-0.025	0.0534	0.0374	0.0007470009198535729	0.00028623399732707005	-0.0008552113334772215	1.09485543	25.88040161	0.95906682	0.024881317007977324	0.0142381	0.00074
-0.0286	-0.044	-0.0187	0.0012723450247038664	0.0005009094953223725	-0.001048942880448592	1.21865344	28.8067627	1.04834124	0.20378755749084837	0.0138056	0.00056
-0.0294	-0.0152	-0.0035	0.0014259339988793671	0.00027576202181510406	-0.0010978120995044332	1.16908252	27.63499641	0.96198722	0.06618028333693052	0.0128521	0.00035
-0.0279	-0.0217	0.0188	0.001254891732183923	7.853981633974481e-05	-0.0012077678423800758	1.12977552	26.7058506	1.00460036	0.054211010752322285	0.0145057	0.00054
-0.029	0.0764	0.0506	0.0009145525280450286	0.0001256637061435917	-0.0011152653920243766	1.23863125	29.27900314	1.04760194	0.154998277214922	0.0151314	0.00095
-0.0334	0.1486	0.0539	0.0008656833089891874	0.0003612831551628262	-0.0010873401239924673	1.15199864	27.23116493	1.0027546	0.09552069680534928	0.019466	0.00152
-0.0387	-0.0185	0.0054	0.0012514010736799342	0.00024260076602721178	-0.0010611601852125523	1.24122357	29.34028053	1.13569308	0.24742900463031375	0.0140113	0.00053
-0.0358	-0.0115	-0.0165	0.001377064779823526	0.00014486232791552936	-0.0011746065865921838	1.16030133	27.42742538	0.94849483	0.04864242728174529	0.0164477	0.00079
-0.0389	-0.0363	-0.0117	0.0016720254234105676	9.599310885968811e-05	-0.0013473941825396225	1.32903171	31.41590691	1.09502601	0.05853087292951608	0.016935	0.00063
-0.0364	0.0661	0.0471	0.0009232791743050004	0.000322885911618951	-0.0012025318546240932	1.30772054	30.91214752	1.19744177	0.219725068989018	0.0158036	0.00079
-0.0393	0.0707	0.0443	0.0009826203688728075	0.00040317105721069014	-0.0010210176124166828	1.23455298	29.18259811	0.97288144	0.02635702911834783	0.0163015	0.00133
-0.0367	-0.0346	0.0054	0.0013718287920675431	0.0004206243497306334	-0.0011833332328521555	1.2664566	29.93674469	1.02400845	0.17524886680750756	0.0144091	0.00061
-0.0387	0.0205	-0.0066	0.0015254177662430443	0.0003473205211468716	-0.0013578661580515882	1.14018774	26.95197678	0.98201847	0.08917128639793477	0.0139701	0.00065
-0.0309	0.0166	0.0223	0.001282817000215832	0.0005131268000863328	-0.0012217304763960308	1.21090496	28.62360382	1.01467766	0.06782713633111154	0.0143957	0.00063
-0.0308	0.0676	0.0693	0.0009128071987930344	0.0007033676885537148	-0.001043706892692609	1.20867395	28.57086563	1.02199464	0.13501371367968004	0.014726	0.00081
-0.0297	0.021	0.0586	0.0010314895879286487	0.0006108652381980154	-0.0009843656981248017	1.09747207	25.94225502	0.95727053	0.07192630170295605	0.0130907	0.00053
-0.028	-0.0614	0.0318	0.001308996938995747	0.0006265732014659643	-0.0011379546723003027	1.1859262	28.03315163	0.99238136	0.1332402144255274	0.0129253	0.00035
-0.0284	-0.0557	0.0397	0.0012356931104119853	0.0005113814708343385	-0.001382300767579509	1.14822125	27.14187241	0.96099999	0.0356420827247297	0.012956	0.00039
-0.0261	-0.0274	0.0674	0.001335176877775662	0.0005532693728822024	-0.0010838494654884787	1.13115442	26.73844337	1.01149696	0.08029114857512855	0.0128425	0.00039
-0.0308	0.0365	0.0739	0.0010314895879286487	0.0006771877497737998	-0.0011362093430483087	1.24546015	29.44042397	1.02450828	0.09909827721492201	0.0133438	0.00058
-0.0371	-0.0401	0.0506	0.0010768681484805013	0.0006579891280018621	-0.0011571532940722405	1.12861264	26.67835999	0.99593361	0.11047605666738608	0.0126945	0.00054
-0.0388	-0.0583	0.0184	0.001762782544514273	0.0006702064327658224	-0.001291543646475804	1.33678591	31.5992012	1.05478262	0.09372610266006477	0.0150504	0.00077
-0.0415	-0.0597	0.0336	0.001541125729510993	0.0006300638599699529	-0.0014119713648634124	1.30870438	30.93540382	0.97280442	0.0384113553093379	0.0133219	0.00065
-0.0436	0.0261	0.0983	0.0010768681484805013	0.000731292956585624	-0.0012863076587198209	1.19806278	28.32003784	1.0542187	0.18715751918948767	0.0131596	0.00051
-0.042	0.0009	0.093	0.0011623892818282235	0.0008709192967451704	-0.001228711793404008	1.17795575	27.84474373	0.97325952	0.04623716694115408	0.0140548	0.00051
-0.0398	-0.0459	0.0639	0.001382300767579509	0.0007435102613495844	-0.0012164944886400475	1.15059936	27.19808769	0.98781981	0.0960768912955416	0.0124266	0.00035
-0.0379	-0.0619	0.0417	0.0014556045961632708	0.0006056292504420323	-0.001361356816555577	1.10306704	26.07450867	0.95178502	0.057902358370342154	0.0125619	0.00053
-0.0352	-0.0396	0.0784	0.000895353906273091	0.0006387905062299246	-0.0012740903539558604	1.21359754	28.68725014	1.00435709	0.09573392041388942	0.0133115	0.00061
-0.0359	-0.0052	0.0893	0.0008080874436733745	0.0006632251157578452	-0.0012060225131280816	1.13587475	26.85002518	0.9763995	0.05498844564777079	0.0129595	0.00063
-0.0325	-0.0499	0.0775	0.0009337511498169664	0.0005899212871740833	-0.0012897983172238095	1.04864097	24.78797531	0.93001145	0.0740371669411541	0.0130328	0.00053
-0.0329	-0.066	0.0561	0.001296779634231787	0.0007714355293814937	-0.0015812683023068625	1.19970763	28.35891724	0.98037846	0.07970063558526419	0.0143427	0.00042
-0.0325	-0.099	0.0501	0.0018744836166419098	0.0006213372137099814	-0.0015323990832510211	1.14427757	27.04865265	0.98283566	0.07823357585687382	0.0118143	0.00033
-0.0321	-0.052	0.0958	0.0012252211349000194	0.0006632251157578452	-0.0012688543661998775	1.28767598	30.4383297	1.02058002	0.1408347550420449	0.0145074	0.00061
-0.0368	0.0337	0.0994	0.0010925761117484504	0.000710349005561692	-0.0012671090369478833	1.29897296	30.70537186	1.0250915	0.10307571211037052	0.0148397	0.00079
-0.0382	-0.0462	0.0971	0.0008709192967451704	0.0007033676885537148	-0.001382300767579509	1.18903542	28.10664749	1.02408055	0.10079149313214412	0.0138297	0.0006
-0.0377	-0.1152	0.0829	0.001450368608407288	0.0006597344572538566	-0.0015184364492350666	1.20344734	28.44731712	0.99064733	0.12166091123087668	0.0149087	0.00089
-0.0432	-0.0142	0.076	0.001614429558094755	0.0007819075048934597	-0.0015166911199830724	1.33755946	31.61748505	1.04083387	0.1277989663289532	0.0130211	0.00047
-0.0401	-0.0272	0.1187	0.0014224433403753785	0.0007243116395776468	-0.0013753194505715315	1.16596103	27.56120872	0.99698109	0.07834768762233651	0.0123466	0.00049
-0.0392	-0.0094	0.1282	0.0011798425743481666	0.00091106186954104	-0.0012374384396639797	1.17822766	27.85116959	0.9595106	0.05656160034490784	0.013508	0.00065
-0.0339	-0.0741	0.1137	0.0011466813185602744	0.0007976154681614085	-0.0012461650859239514	1.20048547	28.37730598	0.98625271	0.09226671517137475	0.0121971	0.00032
-0.0346	-0.0755	0.0936	0.0013665928043115599	0.0006928957130417488	-0.0014154620233674013	1.13061905	26.72578812	0.95742611	0.04689640891571974	0.0120626	0.00032
-0.0284	-0.0725	0.0821	0.001647590813882647	0.0006579891280018621	-0.001446877949903299	1.22574329	28.97435379	1.00725224	0.03806602605734358	0.0144429	0.00049
-0.0278	0.0371	0.1292	0.0005044001538263612	0.0007644542123735164	-0.001335176877775662	1.22452343	28.94551849	1.03109226	0.22536784082777883	0.0163414	0.00086
-0.027	0.0216	0.0977	0.001069886831472524	0.0006702064327658224	-0.0012636183784438947	1.07815421	25.48561668	0.95188027	0.08436464782928121	0.0124575	0.00063
-0.0296	-0.0381	0.0683	0.0013107422682477415	0.0006579891280018621	-0.0012793263417118436	1.24603355	29.45397949	0.98236559	0.10513903524035632	0.0134664	0.00063
-0.0301	-0.0617	0.0644	0.0015376350710070042	0.0005410520681182421	-0.0015446163880149814	1.27858162	30.22335815	0.97895845	0.05845599544730102	0.0130031	0.0006
-0.0296	-0.0564	0.0706	0.001165879940332212	0.00039968039870670147	-0.0013962634015954637	1.10197127	26.04860878	0.96621778	0.04507398932529252	0.012459	0.00046
-0.0268	0.0228	0.1018	0.0008831366015091308	0.0004520402762665313	-0.001218239817892042	1.27308428	30.09340858	1.02902183	0.13885634000431663	0.0156581	0.0007
-0.0339	-0.005	0.0775	0.001281071670963838	0.000635299847725936	-0.0013177235852557187	1.24530149	29.43667603	1.03742371	0.09323392041388943	0.0129303	0.00054
-0.0405	-0.0536	0.0541	0.0014276793281313615	0.0006998770300497262	-0.0014556045961632708	1.14118838	26.9756279	0.9793994	0.09605329251994328	0.0114244	0.00037
-0.038	-0.0762	0.0415	0.002145009650701031	0.0003682644721708035	-0.0015463617172669759	1.05797327	25.00857544	0.94910601	0.09468500007761485	0.0119949	0.00044
-0.0351	0.0261	0.0923	0.0010157816246606998	0.00045553093477052	-0.001410226035611418	1.2479316	29.49884605	1.04701049	0.2236315085147803	0.0152967	0.00084
-0.0414	-0.0078	0.0219	0.0018151424220741027	0.0003787364476827695	-0.001520181778487061	1.16645467	27.57287979	1.03312723	0.15990555136883983	0.012678	0.0007
-0.051	-0.1155	-0.0396	0.002522000769131806	0.0005427973973702365	-0.0013892820845874865	1.36378694	32.23745728	1.16035089	0.22889094953223724	0.0181199	0.00366
-0.05	0.0842	-0.132	0.0038606683054114572	0.0005794493116621174	-0.0012409290981679683	1.74344552	41.2118988	1.37796055	0.3692836218495525	0.0235084	0.00704
-0.0515	0.1716	-0.1212	0.0033981560536329595	0.0005393067388662478	-0.0013159782560037243	1.24657834	29.46685791	1.05149817	0.12858519912050617	0.0236279	0.0069
-0.0509	0.0901	-0.0553	0.0029164451800825246	0.0007243116395776468	-0.0011676252695842063	1.22055495	28.85171127	1.0596823	0.18875343803406763	0.0176709	0.00196
-0.0501	0.1158	-0.0509	0.0032026791774095948	0.0008429940287132613	-0.001043706892692609	1.08966696	25.75775719	0.97710812	0.057341738167714096	0.0164963	0.00186
-0.0485	0.0387	-0.0607	0.0034662238944607386	0.0008761552845011534	-0.001329940890019679	1.09742844	25.94122314	0.97554084	0.11764699850830528	0.0195925	0.00123
-0.0486	-0.0038	-0.0532	0.0032079151651655774	0.0007766715171374765	-0.00152367243699105	1.19667876	28.28732109	0.99790011	0.07767620218151043	0.0175738	0.00124
-0.0449	-0.0078	-0.0214	0.0030002209841782524	0.0008499753457212384	-0.0015463617172669759	1.22454512	28.94603157	1.01401801	0.05468436449235064	0.0143713	0.00054
-0.0466	0.1176	0.0091	0.002595304597715568	0.0009459684545809266	-0.0012356931104119853	1.12906265	26.68899918	1.03112139	0.19817890510886813	0.0146518	0.00098
-0.0459	0.0382	-0.0122	0.0024452062820440558	0.0009686577348568529	-0.0013055062804917586	1.21143186	28.6360569	1.05241826	0.1135300383013606	0.0144219	0.00056
-0.0464	-0.0298	-0.0197	0.002766346864411012	0.0009791297103688187	-0.001583013631558857	1.20757449	28.5448761	1.03181078	0.10645599544730101	0.012944	0.00035
-0.0471	-0.0271	-0.0283	0.003026400922958167	0.0007923794804054256	-0.0016842427281745281	1.09154558	25.80216408	0.94911745	0.039401669256310966	0.0141174	0.00039
-0.0427	0.0283	0.021	0.0024870941840919192	0.000973893722612836	-0.0014486232791552935	1.22165561	28.87772751	1.0683243	0.15692202150464468	0.012391	0.00049
-0.043	0.0757	0.0617	0.00233001455141243	0.001054178868204575	-0.0014381513036433276	1.16649175	27.57375526	0.99940686	0.10079183768915972	0.0120852	0.00054
-0.0493	-0.0153	0.0264	0.002726204291615143	0.0009861110273767962	-0.0015219271077390555	1.11785758	26.42413139	0.98960545	0.16000166925631096	0.0103871	0.00035
-0.0523	0.0134	-0.0097	0.003199188518905606	0.0009564404300928925	-0.0016109388995907662	1.19874895	28.33625603	0.97844064	0.09738333082130388	0.0125552	0.00049
-0.0543	-0.0231	-0.0007	0.003115412714809878	0.00091106186954104	-0.0017715091907742446	1.23668969	29.23310661	0.9676131	0.06198623279155294	0.0120813	0.00044
-0.0572	0.0104	0.0404	0.002949606435870417	0.0008831366015091308	-0.0016859880574265225	1.12633944	26.62462616	0.98111665	0.09146263401595459	0.0111474	0.0003
-0.0547	0.0571	0.0569	0.0027593655474030345	0.0009965830028887623	-0.0015707963267948967	1.20469701	28.47685814	0.96433592	0.086643951023932	0.0116845	0.00051
-0.0569	-0.0078	0.0192	0.003223623128433527	0.0011711159280881952	-0.0016074482410867775	1.14576483	27.0838089	0.98299255	0.1385721210260903	0.0127029	0.00037
-0.0599	-0.0756	0.0132	0.002778564169174973	0.0011397000015522971	-0.001748819910498318	1.1510731	27.20928574	0.99953899	0.10769232776029963	0.0138224	0.00033
-0.0526	-0.0238	0.0094	0.0029827676916583086	0.0010716321607245184	-0.0017278759594743865	1.16631389	27.56954956	0.98758093	0.0775607657167523	0.0147774	0.00047
-0.0486	-0.0222	0.0806	0.0021589722847169856	0.0012671090369478833	-0.0015062191444711063	1.21073043	28.61947632	1.01607615	0.1388464549083984	0.0123205	0.00051
-0.0498	0.0485	0.055	0.0030368728984701333	0.0013177235852557187	-0.001500983156715123	1.11784256	26.42377472	0.9800047	0.1441875574908483	0.0119483	0.00032
-0.0488	-0.084	0.0151	0.0030421088862261168	0.0012130038301360591	-0.001609193570338772	1.29971397	30.72288704	1.04727126	0.18430830782496457	0.0120502	0.00047
-0.0504	-0.0283	-0.0085	0.003159045946109736	0.0010471975511965976	-0.001843067690106012	1.30506921	30.84947586	0.99257957	0.10673087292951604	0.0121171	0.00044
-0.0433	-0.0175	0.0546	0.002494075501099897	0.000973893722612836	-0.0018168877513260971	1.16070998	27.4370842	1.00157774	0.11922271061867579	0.0118687	0.00028
-0.0399	0.0281	0.1014	0.0028187067419708422	0.001298524963483781	-0.0016196655458507376	1.31589389	31.10535049	1.03165274	0.1381242343608625	0.01285	0.00046
-0.0372	-0.0485	0.0924	0.002935643801854462	0.0012775810124598492	-0.0016126842288427606	1.26675916	29.94389534	1.00054703	0.09554311639577646	0.0100331	0.00039
-0.049	-0.092	0.0643	0.0033545228223331013	0.0012950343049797925	-0.0017453292519943296	1.16315961	27.4949894	1.00556625	0.11184886680750757	0.0113042	0.00039
-0.0485	-0.0489	0.0494	0.003316125578789226	0.0011728612573401894	-0.0018046704465621369	1.25438631	29.65142441	1.04274675	0.06949557428756428	0.0115706	0.00047
-0.0484	0.0443	0.0931	0.0026546457922833754	0.0011798425743481666	-0.0017296212887263805	1.25124776	29.57723427	1.02801497	0.17417551306747922	0.0113904	0.00046
-0.0476	-0.0212	0.0981	0.002897246558310587	0.001322959573011702	-0.0016912240451825054	1.10881865	26.21046829	0.96157334	0.0925057504117311	0.00941557	0.00014
-0.0557	-0.0844	0.0618	0.002949606435870417	0.001322959573011702	-0.0016283921921107093	1.17021811	27.66183853	0.99197512	0.1133595865315813	0.0115371	0.00033
-0.0498	-0.057	0.0347	0.0034033920413889425	0.0011327186845443199	-0.0017191493132144146	1.21439087	28.7060051	1.00865321	0.09713918075448064	0.0104475	0.00025
-0.0481	0.0029	0.0458	0.0028640853025226946	0.0011623892818282235	-0.0015969762655748114	1.09961474	25.99290466	0.97714654	0.10725751918948774	0.0131282	0.00044
-0.0471	0.0042	0.0695	0.0029897490086662863	0.0013281955607676848	-0.0014346606451393388	1.20262599	28.42790413	1.01255734	0.04868928027592628	0.0120525	0.00035
-0.0464	0.0493	0.0382	0.0027977627909469105	0.001256637061435917	-0.0011798425743481666	1.12246132	26.53295517	0.97482651	0.1030181393921158	0.010093	0.00044
-0.0478	-0.0866	0.0062	0.003118903373313867	0.0011850785621041497	-0.0014660765716752368	1.14464915	27.05743408	1.02850062	0.20324665395128969	0.0113704	0.00025
-0.0444	-0.0517	-0.0248	0.003300417615521277	0.0009843656981248017	-0.0015254177662430443	1.20356774	28.45016479	0.97981662	0.09137841503772827	0.0119317	0.00042
-0.0365	-0.0456	0.0564	0.0027593655474030345	0.0012845623294678264	-0.001335176877775662	1.24573457	29.44691086	1.06223687	0.14677447939643248	0.0120686	0.00039
-0.0396	0.0248	0.0952	0.0026668630970473357	0.0014660765716752368	-0.0011397000015522971	1.20430493	28.46759033	1.01349423	0.13577467843932373	0.0114073	0.00018
-0.0445	-0.1158	0.047	0.003106686068549906	0.0013404128655316449	-0.001218239817892042	1.25938034	29.76947212	1.08484172	0.22590132469929533	0.011376	0.00035
-0.047	-0.0845	0.0375	0.003312634920285238	0.0014067353771074296	-0.0016650441064025902	1.23593605	29.21529198	0.96084302	0.07925378259108323	0.00957584	0.00028
-0.0465	-0.0821	0.0458	0.0034487706019407953	0.0012339477811599909	-0.0016790067404185449	1.10091305	26.0235939	0.95386925	0.027344295580947545	0.0104681	0.00019
-0.0496	-0.0198	0.1028	0.0026511551337793865	0.0015376350710070042	-0.001429424657383356	1.2411468	29.33846664	1.01271854	0.18994424205218055	0.0123522	0.00023
-0.0507	0.0119	0.0889	0.002808234766458876	0.001424188669627373	-0.001244419756671957	1.14312887	27.02149773	0.96115583	0.069476546738526	0.00919998	0.00019
-0.0465	-0.0495	0.0812	0.0024050637092481865	0.0013805554383275148	-0.0013404128655316449	1.06234479	25.11190987	0.95091886	0.1004398698685118	0.0121609	0.00026
-0.0443	-0.072	0.0397	0.0026075219024795284	0.0013805554383275148	-0.0013945180723434693	1.19730318	28.30208206	0.99289329	0.07902817000215828	0.0135422	0.00042
-0.0473	-0.0254	0.0255	0.00308399678827398	0.0012514010736799342	-0.0014695672301792255	1.155774	27.32040596	0.97894574	0.09783392041388941	0.0106221	0.0003
-0.0462	-0.0356	0.0672	0.0028623399732707008	0.0012583823906879114	-0.0013840460968315032	1.07841563	25.49179459	0.98145213	0.06870796326794894	0.00905335	0.00039
-0.0511	0.023	0.0669	0.003038618227722128	0.0014940018397071458	-0.0012863076587198209	1.16617	27.56614876	1.00802661	0.0892818070791172	0.0132654	0.00033
-0.044	0.0145	-0.0155	0.0034871678454846703	0.0010803588069844899	-0.0012007865253720988	1.2115624	28.63914299	1.08069865	0.145385689191646	0.0124238	0.00068
-0.0378	-0.0695	-0.0619	0.003426081321664869	0.0009145525280450286	-0.001324704902263696	1.20297801	28.43622398	1.06599621	0.154140558982543	0.0137026	0.00079
-0.0345	-0.033	-0.0148	0.0038048177693476384	0.0009337511498169664	-0.00147131255943122	1.07056999	25.30633926	0.99257338	0.11412713633111156	0.0129656	0.00054
-0.0403	0.0154	0.0337	0.003530801076784529	0.0011484266478122688	-0.0014154620233674013	1.22478271	28.9516468	1.01414718	0.12992713633111153	0.0125296	0.00065
-0.0372	0.0924	0.0332	0.0036634460999360975	0.0011728612573401894	-0.0013596114873035826	1.12795782	26.66288185	0.98688435	0.0912465084371654	0.0132015	0.00058
-0.0358	-0.0575	0.0183	0.0038030724400956446	0.001064650843716541	-0.0013369222070276565	1.20321047	28.44171906	1.05415916	0.17972630170295603	0.0116021	0.00025
-0.0368	-0.0492	0.0016	0.003790855135331684	0.0012356931104119853	-0.001481784534943186	1.16164732	27.45924187	0.97889258	0.04240609496874673	0.0153918	0.00047
-0.0325	-0.0812	0.0048	0.00408756110817072	0.001054178868204575	-0.0014748032179352085	1.20041788	28.37570763	1.01494416	0.06376007660272116	0.0115774	0.00049
-0.0248	-0.0015	0.0673	0.003450515931192789	0.001429424657383356	-0.0011449359893082802	1.30322754	30.80594063	1.0635138	0.217007909739182	0.0121044	0.00065
-0.0239	0.0244	0.1012	0.0031328660073298214	0.0016022122533307947	-0.0009232791743050004	1.28059542	30.27095985	1.01158674	0.0963047167406843	0.0119978	0.00046
-0.0251	-0.0317	0.0852	0.002998475654926258	0.0015079644737231008	-0.0009512044423369096	1.14398932	27.0418396	0.98588516	0.08612817000215833	0.012574	0.00028
-0.0342	-0.0886	0.0637	0.003160791275361731	0.0015062191444711063	-0.0012130038301360591	1.20935738	28.58702087	0.98479459	0.10879301687433082	0.0135425	0.00049
-0.0355	-0.0213	0.0693	0.0034365532971768345	0.0015132004614790836	-0.0014433872913993105	1.23693264	29.23884964	0.98092648	0.0998563400043166	0.0115193	0.00033
-0.0323	-0.0185	0.1342	0.0029373891311064567	0.0015987215948268059	-0.001085594794740473	1.218086	28.79335022	1.02715142	0.11802388980384688	0.0132067	0.0004
-0.0385	-0.0347	0.0782	0.003600614246864302	0.0016720254234105676	-0.001022762941668677	1.21081531	28.62148285	0.99777749	0.11836803987067014	0.0106598	0.00032
-0.0363	-0.1012	0.0508	0.003864158963915446	0.0016458454846306526	-0.001218239817892042	1.1752001	27.77960396	1.00572465	0.12036007660272124	0.0102261	0.00025
-0.0336	-0.0437	0.0228	0.0035360370645405115	0.0015428710587629874	-0.0012025318546240932	1.21302211	28.67364883	1.00875665	0.11054021442552744	0.0112535	0.00042
-0.0307	0.0261	0.1119	0.002935643801854462	0.0018238690683340744	-0.0010105456369047167	1.30954969	30.95538712	1.09262956	0.2154688744988256	0.0104235	0.00037
-0.0215	-0.0198	0.1389	0.0027628562059070234	0.001973967384005587	-0.0009948376736367678	1.14363778	27.03352928	1.0115464	0.09902969374434499	0.0118716	0.00035
-0.0189	-0.0624	0.0873	0.0035377823937925057	0.0019530234329816546	-0.0009651670763528643	1.1921134	28.17940331	0.98805456	0.1380770368096659	0.0103706	0.00042
-0.0212	-0.1326	0.1033	0.003447025272688801	0.0019757127132575807	-0.0011955505376161158	1.18003011	27.89377594	0.98532174	0.10569149313214413	0.012083	0.00044
-0.0148	-0.0705	0.1226	0.003258529713473413	0.001912880860185785	-0.0009965830028887623	1.19723797	28.30054092	1.00903974	0.11031474735072684	0.0109367	0.00032
-0.0176	-0.0365	0.1418	0.0027942721324429216	0.0020263272615654165	-0.0009197885158010115	1.24400079	29.40592957	0.98562867	0.08872492347489369	0.0121449	0.00032
-0.0191	-0.0358	0.1022	0.0028693212902786776	0.0018360863730980347	-0.0009948376736367678	1.12227678	26.52859306	0.9615184	0.05881696020694471	0.00925219	0.00025
-0.0203	-0.0842	0.0874	0.0031834805556376572	0.0016859880574265225	-0.0009878563566287904	1.25027764	29.55430222	0.98089157	0.08796194490192345	0.0116221	0.00033
-0.0289	-0.094	0.0598	0.003778637830567723	0.0017749998492782332	-0.0011100294042683937	1.30440342	30.83373642	0.99822065	0.086317105721069	0.0099569	0.00025
-0.0288	-0.0766	0.0815	0.0029705503868943488	0.0017662732030182616	-0.0011135200627723821	1.13234603	26.76661301	0.95404663	0.08021523742186673	0.012899	0.00047
-0.0334	0.0015	0.0967	0.0034033920413889425	0.00209614043164519	-0.0009424777960769379	1.29092979	30.51524544	1.06246046	0.1445875574908483	0.0133651	0.00032
-0.0318	-0.0234	0.1097	0.0029077185338225527	0.0019181168479417679	-0.0008918632477691023	1.21526921	28.72676468	1.03230416	0.07571558197888237	0.0111735	0.00037
-0.0358	-0.0493	0.0607	0.0033684854563490563	0.00200363798128949	-0.001075122819228507	1.23502266	29.19370079	0.99839934	0.11537738136668153	0.0106716	0.00039
-0.033	-0.1331	0.0716	0.003225368457685521	0.00199142067652553	-0.001256637061435917	1.29046607	30.50428391	1.0217489	0.11434242728174528	0.0120149	0.00037
-0.0315	-0.0707	0.1058	0.0030159289474462015	0.0018675022996339327	-0.0011152653920243766	1.21195078	28.64832306	1.04303347	0.12183647782712285	0.00944495	0.00023
-0.0302	-0.0105	0.1123	0.0028710666195306722	0.0019285888234537342	-0.0010245082709206715	1.20553064	28.49656296	0.98135812	0.08283529864195177	0.0103922	0.00039
-0.0276	-0.0893	0.1002	0.0029059732045705585	0.001970476725501598	-0.0010157816246606998	1.17843974	27.85618401	1.00930213	0.09777605666738609	0.0102144	0.00042
-0.0222	-0.0731	0.0789	0.0033946653951289706	0.0019146261894377795	-0.0012147491593880533	1.10251987	26.06157684	0.95481667	0.08007551306747923	0.0100017	0.00037
-0.0239	-0.0211	0.0777	0.0032480577379614467	0.0019792033717615696	-0.001181587903600161	1.21172178	28.64291191	0.9940022	0.0671173047639603	0.0122687	0.00032
-0.0196	-0.0062	0.1375	0.0030874874467779687	0.002049016541841343	-0.0010192722831646884	1.22177982	28.88066483	1.01383244	0.0986349540849362	0.010954	0.00026
-0.0207	-0.1048	0.1371	0.003214896482173555	0.00210835773640915	-0.0008883725892651138	1.18172908	27.93393898	0.98075627	0.11598249619314845	0.0107667	0.0003
-0.0236	-0.1166	0.1164	0.0032044245066615894	0.002012364627549462	-0.0009965830028887623	1.17454588	27.76414108	0.97285308	0.0461337748997651	0.0102397	0.00033
-0.029	-0.0578	0.0904	0.003413864016900908	0.0019442967867216831	-0.0011309733552923255	1.18567884	28.0273037	0.97907006	0.11079488517353309	0.00875765	0.00028
-0.0289	-0.0843	0.0639	0.003649483465920143	0.0018360863730980347	-0.0011501719770642632	1.22639787	28.9898262	0.9713099	0.07125142422074106	0.0123648	0.0004
-0.0291	-0.0335	0.1296	0.002698279023583233	0.0019093902016817967	-0.00102799892942466	1.31353509	31.04959488	1.05575476	0.1740340659280137	0.0133235	0.00046
-0.0286	-0.0092	0.1414	0.0029478611066184224	0.0019861846887695473	-0.0009930923443847736	1.14463806	27.05717278	0.99028524	0.054664157758141325	0.0120482	0.00021
-0.0297	-0.0945	0.0942	0.003134611336581816	0.0016982053621904826	-0.0009861110273767962	1.15081728	27.20323753	0.98614543	0.1576855436775218	0.0097037	0.00021
-0.0358	-0.0637	0.0685	0.0037402405870238476	0.0017156586547104257	-0.001408480706359424	1.20058489	28.37965584	0.96838042	0.11487261109723013	0.00980943	0.00032
-0.037	-0.0768	0.0231	0.003787364476827695	0.001579522973054868	-0.0013439035240356337	1.29535782	30.61991501	1.04283626	0.07209183768915976	0.012893	0.00145
-0.0342	-0.0575	0.0619	0.003600614246864302	0.001420698011123384	-0.0010419615634406148	1.32672	31.36126137	1.05124351	0.0932758576244948	0.00952035	0.0003
-0.0298	0.056	0.0938	0.0030560715202420713	0.001562069680534925	-0.0007382742735936014	1.1303184	26.71868324	1.03882842	0.1992800842940392	0.0116747	0.00081
-0.0306	-0.1043	0.0555	0.003680899392456041	0.001329940890019679	-0.0010576695267085637	1.28821552	30.45108414	1.10345135	0.2582175957922089	0.0107532	0.00072
-0.0365	-0.0619	0.0569	0.003986332011555049	0.001335176877775662	-0.001410226035611418	1.17663717	27.81357384	1.03307551	0.08286125578789227	0.0111551	0.0007
-0.0334	-0.026	0.0249	0.00393048147549123	0.0012042771838760874	-0.0012322024519079964	1.29078662	30.5118618	1.03304249	0.08923869068334077	0.0117851	0.00054
-0.0379	0.0142	0.0816	0.0034016467121369483	0.0015446163880149814	-0.0010262536001726657	1.34237742	31.73137474	1.07882611	0.15515614096142535	0.0113707	0.00039
-0.037	0.0427	0.0973	0.0033056536032772606	0.001656317460142619	-0.0008464846872172499	1.14282799	27.01438522	0.98966378	0.06447315469713705	0.0104381	0.00046
-0.0339	-0.0549	0.0873	0.0034313173094208515	0.0016632987771505957	-0.0009337511498169664	1.19396698	28.22321892	1.00075742	0.1216955742875642	0.0109992	0.00044
-0.0364	-0.0863	0.053	0.003914773512223281	0.001572541656046891	-0.001265363707695889	1.25319445	29.62324905	1.00388064	0.11349129408925283	0.0106007	0.00044
-0.0313	-0.0993	0.0525	0.0042271874483302664	0.0013892820845874865	-0.0013805554383275148	1.11906886	26.45276451	0.9451074	0.0491432619099008	0.0119184	0.00026
-0.025	-0.0619	0.1002	0.0032777283352453507	0.0015463617172669759	-0.0010995574287564276	1.19375789	28.21827698	1.02778563	0.16077683776677462	0.0114541	0.00023
-0.0287	0.0343	0.1043	0.003337069529813158	0.001609193570338772	-0.000921533845053006	1.25511277	29.66859627	1.03555503	0.11900983156715124	0.010963	0.00037
-0.033	-0.0708	0.078	0.003455751918948773	0.0016196655458507376	-0.0009128071987930344	1.13234127	26.76649857	0.9950061	0.1425940505453776	0.0104045	0.00035
-0.0275	-0.119	0.0679	0.0035953782591083183	0.0014870205226991688	-0.001069886831472524	1.11581039	26.37573814	0.94769809	0.08526754979953019	0.0108524	0.00061
-0.0269	-0.1193	0.0565	0.004185299546282402	0.0015062191444711063	-0.001361356816555577	1.18655348	28.04797745	0.97513853	0.05732949470145373	0.012149	0.0003
-0.03	-0.1078	0.0806	0.0036512287951721376	0.0015899949485668342	-0.0013980087308474581	1.14619899	27.09407043	0.96272067	0.07142492347489368	0.0105153	0.00032
-0.0231	-0.0824	0.1283	0.0032498030672134413	0.0015690509975429022	-0.0010349802464326373	1.09971416	25.99525452	0.99801856	0.11926990816987244	0.0112478	0.00039
-0.0229	-0.0885	0.0982	0.0032759830059933565	0.0015463617172669759	-0.0010122909661567112	1.13381112	26.80124283	0.96065986	0.039977924966588384	0.0115191	0.00058
-0.0209	-0.1162	0.0715	0.0036302848441482054	0.0013788101090755204	-0.0013264502315156904	1.15253198	27.2437706	0.98213951	0.09820063558526419	0.0110276	0.00044
-0.0236	-0.0644	0.0399	0.003961897402027128	0.001462585913171248	-0.0012514010736799342	1.13801563	26.90063095	0.98448619	0.11062187599052033	0.0113989	0.0006
-0.0292	-0.058	0.0161	0.0034348079679248403	0.0013491395117916165	-0.0010786134777324957	1.22009969	28.84095001	1.02430365	0.0764661715714679	0.0135409	0.00068
-0.0312	-0.0083	0.0485	0.0029478611066184224	0.0015132004614790836	-0.0007504915783575615	1.15881276	27.39223862	0.99493823	0.13305648551844096	0.0105006	0.00021
-0.0281	-0.0364	0.0483	0.0030630528372500485	0.0017278759594743865	-0.0004886921905584122	1.20172334	28.40656662	0.93677929	0.06098333082130392	0.0109439	0.00056
-0.0297	-0.1127	0.0486	0.0036250488563922224	0.0019111355309337906	-0.0007452555906015787	1.20422709	28.46574974	0.97864109	0.1282909495322372	0.0104043	0.0003
-0.0246	-0.123	0.0534	0.0038903389026953604	0.001839577031602023	-0.00102799892942466	1.187181	28.06281281	0.97740427	0.051179594222899354	0.0102605	0.00037
-0.0266	-0.0292	0.0716	0.0033824480903650108	0.0018709929581379211	-0.0008621926504851988	1.18943191	28.1160202	1.04137175	0.1492556508902854	0.0108518	0.00033
-0.0198	0.015	0.1109	0.002933898472602468	0.0019181168479417679	-0.0006911503837897545	1.223737	28.92692947	1.02569266	0.12363578871309168	0.0107628	0.00037
-0.0182	-0.0517	0.0985	0.003338814859065152	0.00200363798128949	-0.0006911503837897545	1.11247015	26.29678154	0.98330262	0.10522187599052032	0.00823176	0.00021
-0.0173	-0.1355	0.0627	0.0037227872945039047	0.0017976891295541592	-0.0010611601852125523	1.08884025	25.73821259	0.96979445	0.16849655442984407	0.0101615	0.00023
-0.0193	-0.0726	0.0293	0.003565707661824415	0.001595230936322817	-0.0012007865253720988	1.21784794	28.78772163	1.00404382	0.12325820830351894	0.0110772	0.00019
-0.0253	0.0122	0.0395	0.003307398932529255	0.001574286985298885	-0.0010786134777324957	1.18940496	28.11538124	1.00067891	0.12107128639793475	0.00941026	0.00025
-0.026	-0.0047	-0.0649	0.0038484510006474965	0.0011833332328521555	-0.0011030480872604163	1.22031915	28.84613609	1.0669522	0.1698220215046446	0.0137349	0.00067
-0.0252	-0.0828	-0.0227	0.0040613811693908045	0.001420698011123384	-0.0011955505376161158	1.21467936	28.71282387	1.03272623	0.1482398698685118	0.012508	0.00044
-0.0239	-0.1207	0.0367	0.0038885935734433662	0.001553343034274953	-0.001165879940332212	1.20038438	28.37491417	1.00526421	0.11535516081914556	0.0101234	0.00026
-0.0237	-0.0476	0.1093	0.003598868917612307	0.0019198621771937623	-0.000661479786505851	1.30817032	30.92277908	1.07948348	0.20393219762881143	0.0111288	0.00026
-0.0347	-0.0551	0.1396	0.0030246555937061734	0.0021746802479849347	-0.0005899212871740833	1.23755121	29.25347137	1.02253174	0.0938294947014537	0.0141258	0.00046
-0.0332	-0.1509	0.1338	0.0037384952577718534	0.002092649773141201	-0.0007225663103256524	1.16955042	27.64605713	1.00206025	0.14952575810304913	0.0104875	0.00035
-0.0356	-0.1429	0.1264	0.004101523742186674	0.002228785454796759	-0.0008691739674931761	1.19589102	28.26870155	0.95415811	0.0500885911618951	0.0125831	0.00046
-0.0373	-0.0948	0.1345	0.0038275070496235643	0.002007128639793479	-0.0011205013797803594	1.25751293	29.72533035	1.01840085	0.09525004599267865	0.0101135	0.00014
-0.0331	-0.0393	0.1436	0.0034749505407207105	0.0019687313962496035	-0.0009948376736367678	1.14282119	27.01422501	0.96343373	0.09463087292951604	0.010165	0.00039
-0.0406	-0.0825	0.118	0.003611086222376268	0.002139773662945048	-0.0007278022980816354	1.18150508	27.92864227	0.98262129	0.10501066619530672	0.010586	0.00026
-0.0411	-0.1165	0.118	0.004256858045614169	0.0022706733568446224	-0.0009791297103688187	1.17775917	27.84009743	0.97680341	0.08589994647123295	0.0113547	0.00019
-0.0356	-0.1152	0.1098	0.004434881629317591	0.0023492131731843676	-0.0011100294042683937	1.1678046	27.60478973	0.94460072	0.03437315469713711	0.012965	0.0004
-0.0342	-0.1097	0.1197	0.004000294645571003	0.002310815929640492	-0.0011798425743481666	1.23132646	29.10633087	0.97516823	0.04393986986851183	0.0103277	0.00042
-0.0343	-0.1037	0.1544	0.003375466773357033	0.002366666465704311	-0.0008464846872172499	1.15328193	27.2614994	0.97629531	0.09150181477043529	0.0118557	0.00037
-0.0372	-0.0643	0.1269	0.0031293753488258326	0.002569124658935653	-0.0007504915783575615	1.2154386	28.73077011	0.98739294	0.09702713633111151	0.0133759	0.0003
-0.0389	-0.0926	0.1083	0.003262020371977402	0.0025918139392115793	-0.000874409955249159	1.19016135	28.13326263	1.00127441	0.06256263401595469	0.0110696	0.00032
-0.0352	-0.1132	0.0875	0.004073598474154764	0.002453932928304027	-0.0011763519158441782	1.14623475	27.09491539	0.97228177	0.10767005368399668	0.0106103	0.00035
-0.0358	-0.0858	0.0606	0.0037297686115118824	0.0021013764194011725	-0.001228711793404008	1.25578368	29.68445587	1.00593747	0.0923373124552783	0.010474	0.00044
-0.0291	-0.0594	0.1304	0.00325329372571743	0.0022008601867648495	-0.000726056968829641	1.19883502	28.33829117	1.02830222	0.15683067388662483	0.00979555	0.00035
-0.0284	-0.0757	0.1285	0.003502875808752619	0.0023771384412162766	-0.000577703982410123	1.16750693	27.59775162	0.95452854	0.04761066619530668	0.0116558	0.00035
-0.0329	-0.1439	0.101	0.004424409653805625	0.0024591689160600103	-0.0008115781021773631	1.23695111	29.23928833	1.00832278	0.16207192198319895	0.0124018	0.00035
-0.0334	-0.1657	0.1139	0.004295255289158045	0.0024155356847601517	-0.0011013027580084218	1.15619743	27.33041573	0.97630454	0.05832561258892483	0.0118406	0.0003
-0.0343	-0.0959	0.1279	0.003895574890451344	0.0023963370629882146	-0.0009773843811168245	1.25624621	29.69538879	1.02442999	0.11183986986851178	0.0123472	0.00047
-0.0378	-0.0285	0.1553	0.0031433379828417875	0.002457423586808016	-0.0007923794804054256	1.2336005	29.16008568	1.00816883	0.14821641660703783	0.0124238	0.00046
-0.0356	-0.0972	0.1153	0.0037472219040318253	0.002363175807200322	-0.0007330382858376184	1.19872928	28.33579063	1.00420505	0.14877364476827695	0.0106527	0.00039
-0.0353	-0.1579	0.1212	0.0036285395148962112	0.0025028021473598684	-0.0010245082709206715	1.17916036	27.87321854	0.98562752	0.09438893571891069	0.0145293	0.00056
-0.0351	-0.1147	0.1073	0.0039514254265151615	0.002373647782712288	-0.0011449359893082802	1.1983422	28.32664299	0.99181251	0.08592339973270696	0.010304	0.00028
-0.0324	-0.0618	0.1262	0.003703588672731967	0.002256710722828668	-0.0007208209810736582	1.18100238	27.91675949	0.98833453	0.1139444410950718	0.0124722	0.00025
-0.0336	-0.0411	0.1161	0.0032916909692613052	0.0023020892833805202	-0.0005515240436302081	1.20666063	28.52327347	0.97507328	0.06332866007329824	0.00998294	0.00023
-0.0373	-0.1249	0.0954	0.003675663404700058	0.0024818581963359366	-0.0007661995416255106	1.15218115	27.23547935	0.98810466	0.1471208423194736	0.00911379	0.00037
-0.0299	-0.0955	0.0933	0.0035953782591083183	0.0024766222085799536	-0.0009599310885968812	1.13872039	26.91728973	0.95084874	0.05286263401595468	0.0118176	0.0003
-0.0307	-0.0839	0.1014	0.003796091123087667	0.0025603980126756814	-0.0009232791743050004	1.24948525	29.53557014	1.00075025	0.03655702911834787	0.0104278	0.00039
-0.0234	-0.0364	0.1437	0.003563962332572421	0.002453932928304027	-0.0005811946409141118	1.18122387	27.92199707	0.99028211	0.13113392041388944	0.0099448	0.00026
-0.0274	-0.1085	0.1221	0.0034732052114687163	0.0025394540616517493	-0.0005881759579220891	1.2051723	28.48809433	0.96313486	0.1068629785729702	0.011389	0.00039
-0.0269	-0.097	0.0911	0.003871140280923423	0.0025062928058638572	-0.0008499753457212384	1.23955762	29.30090141	0.97360178	0.07764478565208739	0.0104034	0.00026
-0.0255	-0.1062	0.0784	0.003993313328563026	0.0024731315500759648	-0.0009896016858807848	1.13038027	26.72014427	0.94370358	0.03804803217935209	0.0102322	0.00032
-0.0265	-0.0554	0.1277	0.003635520831904189	0.002642428487519415	-0.0007731808586334879	1.25653505	29.7022171	1.02451329	0.13827551306747923	0.0107446	0.00028
-0.0343	-0.0397	0.1337	0.003426081321664869	0.0026616271092913526	-0.0007627088831215222	1.20041823	28.37571716	1.01258325	0.04145550537616117	0.0100145	0.00018
-0.0357	-0.0481	0.0929	0.0032044245066615894	0.0026354471705114374	-0.0007871434926494425	1.18528676	28.01803398	1.01476353	0.06421356816555578	0.0128775	0.00039
-0.0342	-0.063	0.0433	0.003988077340807043	0.002469640891571976	-0.0009634217471008699	1.19917059	28.34622383	0.99592332	0.12228686837681713	0.0125421	0.00035
-0.0336	-0.0621	0.0825	0.003872885610175417	0.0024312436480281013	-0.0009773843811168245	1.18692863	28.05684471	0.99255362	0.04907758040957275	0.00965303	0.00011
-0.0339	-0.0113	0.1366	0.0033772121026090277	0.002637192499763432	-0.0006736970912698113	1.20193517	28.41157341	1.02854806	0.1554654824574367	0.0113266	0.00044
-0.0346	-0.0603	0.1221	0.004092797095926702	0.0027454029133870805	-0.0006510078109938849	1.23299181	29.14569664	1.02174243	0.10652423436086245	0.014045	0.00037
-0.0373	-0.1576	0.1099	0.003974114706791089	0.0026668630970473357	-0.0007382742735936014	1.21075594	28.62008095	1.0530344	0.12642443340375373	0.010589	0.00033
-0.0339	-0.1141	0.0742	0.00419228086329038	0.0025324727446437724	-0.000736528944341607	1.24955451	29.53720856	0.9764875	0.1003150919077424	0.0112301	0.00035
-0.0353	-0.0368	0.0965	0.0037734018428117405	0.0025324727446437724	-0.0008185594191853405	1.3360045	31.58072853	1.05438571	0.12604547476611863	0.010668	0.0003
-0.036	0.0008	0.1226	0.003239331091701475	0.0026389378290154262	-0.0007278022980816354	1.12515533	26.59663582	0.96085138	0.1009646478292812	0.012273	0.0004
-0.0362	-0.1128	0.0575	0.003783873818323706	0.002553416695667704	-0.0005846852994181004	1.30598068	30.87102127	1.0524408	0.2175590429316744	0.0117915	0.00032
-0.0377	-0.1243	0.0513	0.004031710572106902	0.002542944720155738	-0.0010471975511965976	1.27990413	30.25461769	0.97933289	0.05524104905368293	0.0114815	0.00018
-0.0332	-0.1063	0.0978	0.0035953782591083183	0.0024033183799961914	-0.0010245082709206715	1.19232714	28.18445587	1.00562976	0.0989323966717028	0.010574	0.00025
-0.0271	-0.1188	0.1739	0.0029059732045705585	0.0026441738167714093	-0.0007504915783575615	1.22955549	29.06446648	1.07153123	0.1549138591938044	0.0124973	0.00054
-0.0268	-0.0911	0.1703	0.0030229102644541784	0.002713986986851182	-0.0006003932626860494	1.12803769	26.66477013	0.9922827	0.048442427281745234	0.0115435	0.00039
-0.027	-0.1201	0.133	0.0035953782591083183	0.002579596634447619	-0.000783652834145454	1.10703719	26.16835594	0.96945987	0.1110058959258554	0.0109861	0.00049
-0.0237	-0.0909	0.0964	0.0038065630985996326	0.002309070600388498	-0.0009023352232810684	1.24299693	29.38220024	1.00709143	0.09911966313430252	0.0104289	0.00044
-0.0253	-0.0872	0.1449	0.0029705503868943488	0.00249931148885588	-0.0006440264939859076	1.20972919	28.59580994	0.99704739	0.11802811647339131	0.0111129	0.00046
-0.023	-0.0893	0.1532	0.0029897490086662863	0.0026005405854715507	-0.000291469985083053	1.25168824	29.58764648	0.97036732	0.036349211364523154	0.0117212	0.00077
-0.031	-0.142	0.1385	0.0027401669256310974	0.002722713633111154	-0.0004625122517784973	1.2371819	29.24474335	1.00902108	0.10253986986851178	0.014375	0.00058
-0.0322	-0.1516	0.1066	0.003029891581462156	0.002569124658935653	-0.000731292956585624	1.19189239	28.17417908	0.99817654	0.07830471674068436	0.0125384	0.00026
-0.0337	-0.097	0.0518	0.003347541505325124	0.0023352505391684127	-0.0008429940287132613	1.20585406	28.50420761	0.99363608	0.14406125578789228	0.0104734	0.00037
-0.0326	-0.0307	0.1103	0.0027244589623631483	0.002384119758224254	-0.000619591884457987	1.27503979	30.13963509	1.03153944	0.17066769531365455	0.0119923	0.00039
-0.0404	-0.0009	0.1078	0.0035831609543443585	0.0024836035255879313	-0.0006056292504420323	1.23046267	29.0859127	1.08570791	0.08870741966804209	0.0130242	0.00075
-0.053	0.012	-0.2244	0.004539601384437251	0.0014695672301792255	-0.0008150687606813518	1.98170447	46.84391022	1.82967027	0.46669581178704594	0.0310149	0.02375
-0.0518	0.0306	-0.1673	0.004319689898685966	0.0013543754995475996	-0.0009529497715889039	1.37388682	32.4762001	1.16777633	0.10054921136452312	0.0217161	0.00553
-0.0449	0.0757	-0.0878	0.0035046211380046137	0.0015446163880149814	-0.0007853981633974483	1.19212759	28.179739	1.06318537	0.1901430628670095	0.0159746	0.00158
-0.0363	0.0018	0.0309	0.0032306044454415038	0.002001892652037496	-0.0005131268000863328	1.34061289	31.68966293	1.18621266	0.251378215994837	0.0112844	0.00054
-0.039	-0.0374	0.0535	0.0033964107243809652	0.002124065699677099	-0.0006859143960337716	1.17881048	27.86494637	0.9925355	0.08753834612632515	0.0100965	0.00032
-0.0358	-0.0728	0.0371	0.0035901422713523357	0.002186897552748895	-0.0009512044423369096	1.11263156	26.30059814	0.96038159	0.08109267231731523	0.00988978	0.00018
-0.034	-0.0728	0.0241	0.003516838442768574	0.002181661564992912	-0.0010629055144645468	1.22723413	29.00959587	0.96169366	0.024312044423369095	0.0108901	0.00032
-0.0322	-0.0357	0.121	0.0030665434957540365	0.002513274122871834	-0.0009948376736367678	1.36975574	32.37854767	1.0914418	0.17829876728606192	0.0130515	0.00037
-0.0329	-0.0054	0.1403	0.0033353242005611634	0.002522000769131806	-0.0007173303225696694	1.15457153	27.29198265	0.99948235	0.07805073510670987	0.0102495	0.00044
-0.0371	-0.1145	0.1344	0.0034068826998929313	0.0026406831582674204	-0.0006911503837897545	1.28636444	30.40732765	1.01176204	0.1300210413623649	0.012751	0.00065
-0.0435	-0.1487	0.1072	0.003701843343479973	0.0027454029133870805	-0.001239183768915974	1.33607638	31.58242798	1.01358075	0.115185689191646	0.0109824	0.00044
-0.0453	-0.0741	0.0892	0.0033108895910332428	0.002663372438543347	-0.0011885692206081383	1.17242551	27.71401787	0.99534671	0.12057993877991496	0.0138764	0.00023
-0.0401	-0.0019	0.1382	0.0029059732045705585	0.0027296949501191318	-0.0009040805525330626	1.23710775	29.24299049	1.03828425	0.16418637830567723	0.0123258	0.00039
-0.0392	-0.0555	0.1199	0.003026400922958167	0.002665117767795341	-0.0007138396640656808	1.2042644	28.46663094	1.05405765	0.09156228945893904	0.00973707	0.00033
-0.037	-0.1241	0.0601	0.003363249468593073	0.002623229865747477	-0.0009791297103688187	1.14391994	27.04019737	1.02807459	0.16280132469929537	0.0123854	0.0004
-0.0365	-0.0867	0.0302	0.0035534903570604553	0.0024766222085799536	-0.0011117747335203881	1.2137711	28.69135284	1.01819324	0.09127467843932374	0.0107728	0.00039
-0.0355	-0.0749	0.0968	0.0026197392072434887	0.0024731315500759648	-0.0009721483933608416	1.2226721	28.90175629	1.02820262	0.1332434074240251	0.0114465	0.00037
-0.0314	-0.0015	0.1383	0.003225368457685521	0.0025481807079117207	-0.0007976154681614085	1.15283382	27.25090599	1.02914505	0.16176056667386107	0.00975913	0.00021
-0.0323	-0.0816	0.1065	0.0032794736644973454	0.0025342180738957666	-0.0006841690667817771	1.16408014	27.51674843	0.99798802	0.1218757121103705	0.010272	0.00035
-0.0341	-0.171	0.0921	0.0035744343080843866	0.002522000769131806	-0.0010873401239924673	1.16431081	27.52220154	0.99859356	0.1411174502780846	0.011741	0.00058
-0.0301	-0.1384	0.136	0.0029688050576423546	0.002595304597715568	-0.0012740903539558604	1.18973732	28.12323952	1.0382065	0.1237841654494594	0.0144811	0.00082
-0.0308	-0.047	0.1749	0.003269001688985379	0.0026092672317315226	-0.000890117918517108	1.1840564	27.98895073	1.06321359	0.16590658503988656	0.0121638	0.00044
-0.0339	-0.0278	0.1538	0.0032567843842214186	0.0026005405854715507	-0.0010175269539126942	1.17869031	27.86210823	0.9756835	0.050817649320975926	0.0125273	0.00075
-0.0388	-0.1399	0.143	0.003558726344816438	0.0027279496208671367	-0.0011746065865921838	1.16520083	27.54323959	1.02831719	0.15712153143350477	0.0119766	0.00091
-0.0382	-0.1473	0.1111	0.004043927876870862	0.0027035150113392165	-0.001282817000215832	1.14313126	27.02155495	0.97717341	0.07079232776029959	0.0138433	0.00074
-0.0399	-0.08	0.1465	0.0028152160834668534	0.0025551620249196984	-0.0011728612573401894	1.23177528	29.11693954	1.02096904	0.1787510261349584	0.0128609	0.00054
-0.0389	0.024	0.1127	0.003262020371977402	0.0023876104167282427	-0.0009407324668249436	1.17159593	27.69440842	1.02273527	0.18112423436086247	0.0103495	0.00032
-0.0345	-0.1364	0.0712	0.003639011490408177	0.0025987952562195565	-0.000614355896702004	1.5283016	36.12628555	1.12471916	0.2520276264022514	0.0144061	0.00186
-0.0326	-0.0499	0.0399	0.004036946559862884	0.0025202554398798117	-0.0005096361415823442	1.43315911	33.87728882	1.09309254	0.1487597320457056	0.0114182	0.00047
-0.0252	-0.0067	0.0394	0.0039671333897831115	0.0023422318561763904	-0.0008080874436733745	1.19612789	28.27429962	0.98768901	0.07841440279371122	0.010542	0.00044
-0.0256	-0.0613	0.0604	0.0038449603421435077	0.0024137903555081575	-0.0005166174585903216	1.23924303	29.29346275	0.98811196	0.1002600766027212	0.0114191	0.00061
-0.0244	-0.018	0.108	0.0033405601883171464	0.0026354471705114374	-0.000307177948351002	1.28616762	30.40267563	1.02666072	0.13887482395344802	0.0108769	0.00084
-0.0233	-0.0757	0.104	0.003637266161156183	0.002623229865747477	-0.00028274333882308137	1.09655035	25.92046738	0.94872163	0.0794678943565459	0.010522	0.00053
-0.0214	-0.0576	0.0933	0.0037978364523396607	0.0026895523773232616	-0.0006946410422937432	1.19442451	28.23403358	0.95524391	0.0626395253114962	0.012096	0.00051
-0.0245	-0.1075	0.1028	0.0038048177693476384	0.00266860842629933	-0.0009232791743050004	1.26902449	29.99744415	1.00316358	0.07532817000215834	0.00982624	0.00033
-0.0264	-0.081	0.1328	0.003342305517569141	0.002509783464367846	-0.0006562437987498679	1.20569527	28.50045586	0.99367948	0.10281862946325568	0.0111023	0.00033
-0.0332	0.0078	0.1207	0.0032166418114255493	0.0024836035255879313	-0.00035604716740684323	1.25049281	29.55938721	1.00841844	0.13030201381332657	0.00998479	0.00026
-0.0354	-0.0771	0.1137	0.0035081117965086025	0.002432988977280095	-0.0003892084231947355	1.14436316	27.05067635	0.98039766	0.11286228945893909	0.00929844	0.00032
-0.0392	-0.1331	0.0944	0.003918264170727269	0.0026075219024795284	-0.0005637413483941684	1.18845141	28.0928421	0.96849268	0.11706091123087664	0.0109506	0.00035
-0.0491	-0.0981	0.0885	0.003834488366631542	0.0028326693759867967	-0.000895353906273091	1.21293759	28.67164993	0.9949558	0.08282679177409592	0.0105651	0.00023
-0.0455	-0.0908	0.1292	0.003506366467256608	0.002855358656262723	-0.000726056968829641	1.23197544	29.12167168	0.99313208	0.07760540585471554	0.0119895	0.00039
-0.0469	-0.0474	0.1096	0.0037734018428117405	0.002981022362406315	-0.00047647488579445195	1.22828877	29.03452492	0.98055094	0.09651405823669568	0.0108334	0.00012
-0.0464	-0.0834	0.0878	0.003555235686312449	0.0029565877528783943	-0.00039095375244672985	1.09864664	25.97002029	0.94567506	0.07470609496874672	0.00926524	0.00032
-0.0445	-0.0976	0.0646	0.004085815778918725	0.0030176742766981957	-0.000609119908946021	1.24000323	29.31143379	1.08367473	0.07979163864626841	0.0147457	0.00133
-0.0403	-0.0506	0.0708	0.003937462792499207	0.0029513517651224112	-0.0008621926504851988	1.33556843	31.57042313	1.20845178	0.08078741197672401	0.0103163	0.00028
-0.0404	-0.0696	0.1362	0.0032812189937493396	0.003078760800517997	-0.0005654866776461627	1.25111437	29.57407951	1.04755577	0.13851794034922443	0.0110164	0.00042
-0.0374	-0.0552	0.1163	0.003480186528476693	0.0028675759610266834	-0.0004625122517784973	1.21853518	28.80396652	1.03829759	0.06295634000431662	0.0108462	0.00042
-0.0321	-0.0829	0.0823	0.003909537524467298	0.002834414705238791	-0.0008587019919812101	1.1906836	28.14560699	1.05775235	0.10993509959906052	0.0104487	0.00037
-0.0275	-0.1043	0.0689	0.004153883619746505	0.002841396022246768	-0.0008674286382411819	1.18053949	27.90581894	0.96998307	0.052402702927357776	0.0109332	0.0003
-0.024	-0.064	0.0941	0.003556981015564444	0.0026965336943312393	-0.0008377580409572782	1.16018522	27.4246788	0.99131671	0.10757177646907466	0.00945503	0.00032
-0.0242	-0.0595	0.1524	0.0034819318577286873	0.0029513517651224112	-0.0004729842272904633	1.29051816	30.50551605	1.02142384	0.0977320521146872	0.0115171	0.00032
-0.0346	-0.0595	0.1234	0.003691371367968007	0.002846632010002751	-0.0005288347633542819	1.23003757	29.07586288	0.9722255	0.057900490071139926	0.0105469	0.00025
-0.038	-0.1109	0.12	0.003935717463247213	0.0028658306317746896	-0.0007644542123735164	1.14895642	27.15925217	0.96296161	0.08315820830351894	0.010521	0.0004
-0.0434	-0.1258	0.0837	0.004120722363958612	0.0028902652413026098	-0.0009756390518648303	1.18505657	28.01259422	0.97173877	0.07763121748653162	0.0119359	0.00039
-0.0479	-0.0601	0.1248	0.003623303527140228	0.0029653143991383657	-0.0008377580409572782	1.21101987	28.62631798	1.01708	0.14681745027808457	0.0109518	0.00025
-0.0436	-0.0142	0.1476	0.003593632929856324	0.0029775317039023265	-0.0004799655442984406	1.25008547	29.54975891	0.99029549	0.09298401993533512	0.0117279	0.00063
-0.0427	-0.1029	0.0838	0.00411548637620263	0.0029722957161463434	-0.00047647488579445195	1.27740526	30.19555092	1.04213606	0.17992900463031386	0.0120239	0.00023
-0.0391	-0.1345	0.0606	0.004125958351714595	0.0028902652413026098	-0.0007906341511534313	1.17978656	27.88801956	0.9892497	0.0787330857857339	0.0107188	0.00018
-0.0375	-0.0743	0.0508	0.003563962332572421	0.002846632010002751	-0.0008395033702092724	1.24930692	29.5313549	1.02883061	0.10432492347489368	0.0137048	0.00033
-0.0329	-0.0514	0.1341	0.0036651914291880917	0.0028885199120506156	-0.0006963863715457374	1.3605721	32.16146469	1.12673701	0.1251116998663535	0.0109208	0.00042
-0.0369	-0.0578	0.1116	0.003834488366631542	0.002963569069886372	-0.000593411945678072	1.1560216	27.32625961	1.01788352	0.0502660260573436	0.00874805	0.00012
-0.0346	-0.1193	0.0521	0.00411548637620263	0.0030176742766981957	-0.000752236907609556	1.25900161	29.76052094	1.01690107	0.14799640891571977	0.0125004	0.00032
-0.0301	-0.0371	0.076	0.0037384952577718534	0.002883283924294633	-0.0008552113334772215	1.27659202	30.17632675	1.00656544	0.14131779483510024	0.0100383	0.00014
-0.0343	-0.0162	0.1437	0.003640756819660172	0.003026400922958167	-0.0005358160803622592	1.14901781	27.16070175	1.00463901	0.12081253449450888	0.010054	0.0003
-0.0364	-0.0304	0.0989	0.003652974124424132	0.002921681167838507	-0.000439822971502571	1.18672681	28.05207634	0.98399118	0.0717465084371654	0.0101371	0.0003
-0.0365	-0.1037	0.085	0.0037350045992678655	0.0028012534494508993	-0.0008569566627292158	1.16940987	27.64273453	1.00375603	0.11827959422289928	0.0108268	0.00026
-0.0359	-0.0985	0.097	0.0043214352279379595	0.0027872908154349444	-0.0009197885158010115	1.07662857	25.44955254	0.95099423	0.05096125578789222	0.00963497	0.0004
-0.0314	-0.1113	0.1537	0.003745476574779831	0.002993239667170275	-0.0008377580409572782	1.2361908	29.22131348	1.03249767	0.11719689898685962	0.0124529	0.00039
-0.0319	-0.0046	0.1796	0.00352731041828054	0.003005456971934235	-0.0007400196028455958	1.18146145	27.9276104	1.02839564	0.14950609496874667	0.0114606	0.00046
-0.0317	-0.1333	0.1395	0.00382576172037157	0.0029880036794142917	-0.0005445427266222308	1.21101654	28.62624168	1.02697053	0.19456907354171693	0.0116388	0.00058
-0.0291	-0.1191	0.1003	0.004070107815650777	0.003040363556974122	-0.0008499753457212384	1.20979118	28.59727478	0.97153572	0.08610692959690223	0.0104685	0.00033
-0.0271	-0.0247	0.1245	0.0034417892849328176	0.0029408797896104456	-0.0009128071987930344	1.21044123	28.61264038	1.02409673	0.1601317075576716	0.012412	0.00025
-0.024	-0.1011	0.1698	0.0033562681515850955	0.003040363556974122	-0.0006859143960337716	1.22229707	28.89289093	1.05137878	0.14539488517353305	0.0147834	0.00058
-0.0271	-0.0407	0.1278	0.003876376268679406	0.003003711642682241	-0.0006771877497737998	1.22862506	29.04247475	0.9984183	0.1337743338823082	0.0107227	0.00018
-0.0268	-0.1347	0.1176	0.003771656513559746	0.0029478611066184224	-0.0008831366015091308	1.17946243	27.88035774	1.0032893	0.12282595714594044	0.0121565	0.00042
-0.0309	-0.1328	0.0639	0.0042987459476620336	0.002895501229058593	-0.0010733774899765126	1.21363294	28.68808746	0.97751869	0.0981845100064749	0.0118127	0.00051
-0.0253	-0.0702	0.142	0.0034627332359567498	0.0029146998508305304	-0.000804596785169386	1.30748177	30.90650368	1.07077065	0.20249960191421737	0.0113949	0.00046
-0.0162	-0.0759	0.2093	0.0032602750427254074	0.0031712632508736965	-0.0006178465552059926	1.15037489	27.19278145	1.01964793	0.11438859116189512	0.0145864	0.00067
-0.0151	-0.1118	0.1403	0.004052654523130833	0.0032044245066615894	-0.0006178465552059926	1.2092638	28.58480835	1.00198174	0.14727703680966595	0.012278	0.00053
-0.017	-0.1521	0.1119	0.004309217923174	0.0031363566658338103	-0.0008988445647770796	1.22329462	28.91647339	0.99362074	0.10088146252210164	0.011686	0.00037
-0.0213	-0.0906	0.135	0.0036669367584400863	0.003073524812762014	-0.0008080874436733745	1.13391352	26.80366325	0.99142991	0.12869350694547074	0.010115	0.00044
-0.0225	-0.0096	0.181	0.0030717794835100195	0.003157300616857742	-0.0006387905062299246	1.262375	29.84026146	1.02547897	0.1706115008234622	0.015112	0.00067
-0.0267	-0.0924	0.1233	0.0037891098060796892	0.003160791275361731	-0.0007173303225696694	1.25881445	29.75609779	1.06851371	0.18466803987067015	0.0121288	0.00051
-0.0338	-0.1632	0.0739	0.004042182547618867	0.002933898472602468	-0.0010297442586766543	1.19688106	28.29210281	1.0234725	0.1669189740202713	0.0110109	0.00042
-0.0393	-0.0954	0.058	0.003570943649580398	0.0027890361446869386	-0.0011763519158441782	1.22426236	28.93934822	1.00198905	0.1273354441560761	0.01472	0.00054
-0.038	-0.0435	0.1424	0.003454006589696778	0.002993239667170275	-0.0008726646259971648	1.39994061	33.0920639	1.1724858	0.16884139361069853	0.0125765	0.00065
-0.0352	-0.0849	0.17	0.0035465090400524776	0.003010692959690218	-0.0006300638599699529	1.19449759	28.23576164	1.06920368	0.08942782544514276	0.0116509	0.00039
-0.0408	-0.1328	0.1075	0.0033143802495372316	0.003014183618194207	-0.0006928957130417488	1.23419106	29.17404366	1.01805158	0.13092256510455155	0.0126054	0.0004
-0.04	-0.0997	0.0749	0.003939208121751202	0.0029146998508305304	-0.0009529497715889039	1.25219119	29.59953499	1.00025337	0.11571828490624007	0.00961423	0.00032
-0.0382	-0.08	0.069	0.003766420525803763	0.002663372438543347	-0.0010192722831646884	1.13117588	26.73895264	0.96106863	0.05192187599052032	0.0089708	0.00019
-0.0301	-0.086	0.1519	0.0032480577379614467	0.003005456971934235	-0.0006667157742618339	1.29497027	30.61075401	1.08100693	0.15765019150680293	0.0118847	0.0006
-0.0325	-0.0773	0.1606	0.0033597588100890844	0.0030578168494940655	-0.0005846852994181004	1.21955752	28.82813263	1.02443883	0.032104571226560075	0.0122459	0.00053
-0.0332	-0.174	0.1447	0.0038065630985996326	0.0030752701420140084	-0.0007068583470577034	1.15350688	27.26681709	1.01939104	0.1426215314335047	0.011209	0.00033
-0.0317	-0.1347	0.1218	0.0041277036809665895	0.0029914943379182805	-0.0007871434926494425	1.25832152	29.74444389	0.97877996	0.08796007660272119	0.0148338	0.00063
-0.0316	-0.1328	0.1565	0.0034871678454846703	0.0029077185338225527	-0.0007923794804054256	1.32619369	31.34881973	1.00886841	0.07317738136668148	0.0119834	0.00053
-0.035	-0.0602	0.1916	0.0033405601883171464	0.0030368728984701333	-0.0006300638599699529	1.15652943	27.33826256	0.99549821	0.13300388211252887	0.0117587	0.0004
-0.0398	-0.1496	0.1575	0.0033196162372932147	0.0032218777991815323	-0.0005410520681182421	1.26191318	29.8293457	1.0075533	0.14304803217935208	0.0160776	0.00079
-0.0388	-0.1179	0.1186	0.003687880709464018	0.0032480577379614467	-0.0007679448708775049	1.3034817	30.81195068	0.99612385	0.10266686068549905	0.013104	0.00044
-0.0358	-0.0471	0.1054	0.003944444109507185	0.003190461872645634	-0.0009093165402890458	1.15420067	27.28321648	0.96888638	0.109776546738526	0.0114091	0.00023
-0.0334	-0.0339	0.1342	0.0029024825460665696	0.003080506129769991	-0.0007958701389094143	1.16264105	27.48273087	0.97882012	0.1076681853847945	0.0131669	0.00042
-0.0316	-0.0403	0.1553	0.0031084313978019013	0.002897246558310587	-0.0007871434926494425	1.18957579	28.11942101	0.97276537	0.049196753472735354	0.0101694	0.00014
-0.0394	-0.0544	0.1136	0.00324107642095347	0.0029653143991383657	-0.0010053096491487337	1.1007967	26.0208416	0.9810206	0.0845439510239319	0.0108882	0.00035
-0.0397	-0.107	0.0905	0.003904301536711315	0.0028274333882308137	-0.0011484266478122688	1.19827306	28.32500839	0.95805807	0.1232111562664466	0.0107251	0.00058
-0.0351	-0.1429	0.0377	0.004066617157146788	0.002750638901143063	-0.0010925761117484504	1.44606256	34.18230438	1.08956117	0.10804803217935208	0.0144574	0.00177
-0.0321	-0.0555	0.0405	0.004091051766674708	0.0027454029133870805	-0.0009197885158010115	1.42008674	33.56828308	1.11510871	0.10332290966156708	0.011131	0.00058
-0.0285	0.0179	0.107	0.0037594392087957856	0.0027244589623631483	-0.0006736970912698113	1.15124106	27.21325684	1.02889827	0.1734323966717027	0.0110562	0.00054
-0.0303	-0.0014	0.0636	0.00364424747816416	0.0027942721324429216	-0.0006300638599699529	1.13134933	26.74305153	0.96420341	0.07593190660056284	0.0138788	0.00061
-0.0363	-0.0692	0.0283	0.004253367387110181	0.0027960174616949163	-0.000804596785169386	1.25350916	29.63068962	1.0206855	0.14836990816987244	0.0135111	0.00063
-0.0373	-0.0671	0.0379	0.004187044875534397	0.002645919146023404	-0.0010105456369047167	1.15200412	27.23129463	0.98805078	0.03381848394913135	0.0110255	0.0003
-0.0327	-0.015	0.0561	0.004241150082346221	0.0026127578902355115	-0.000783652834145454	1.01955616	24.10046387	0.94179554	0.09060796326794895	0.010695	0.00046
-0.0258	-0.0482	0.0873	0.004333652532701919	0.0028361600344907856	-0.0005253441048502931	1.18948841	28.11735535	0.99675009	0.10001066619530669	0.0112727	0.00028
-0.0284	-0.0585	0.0991	0.004136430327226561	0.0030281462522101614	-0.00018675022996339323	1.13151729	26.74702263	0.95372252	0.0610901149040817	0.0102063	0.00033
-0.0312	-0.0758	0.1049	0.003837979025135531	0.003152064629101759	-0.0002513274122871834	1.096596	25.92154503	0.94035723	0.050247343065320894	0.0121731	0.00035
-0.0239	-0.1078	0.0531	0.004431390970813603	0.0029146998508305304	-0.0005044001538263612	1.17362893	27.74246407	0.97282807	0.14529247327442388	0.0125125	0.00054
-0.0211	-0.0711	0.0466	0.0044261549830576195	0.0029024825460665696	-0.000853466004225227	1.26501966	29.90277672	0.97162408	0.06432595714594048	0.0108132	0.00046
-0.023	-0.0749	0.072	0.0040229839258469294	0.0028012534494508993	-0.0008499753457212384	1.12314236	26.54905319	0.96862097	0.05649454061651744	0.00949615	0.00032
-0.021	-0.0103	0.1157	0.0034086280291449255	0.002935643801854462	-0.0005009094953223725	1.16241825	27.47746468	1.00212087	0.1651906049752216	0.0123124	0.00026
-0.0272	-0.0333	0.0821	0.00400727596257898	0.002921681167838507	-0.0004747295565424576	1.15877569	27.39136124	0.96540242	0.09473952531149622	0.0110092	0.00032
-0.0284	-0.106	0.0713	0.004305727264670011	0.0029688050576423546	-0.000853466004225227	1.18087566	27.91376495	1.01254346	0.12091558197888239	0.0134586	0.00063
-0.0279	-0.0506	0.061	0.004352851154473858	0.002804744107954888	-0.0009826203688728075	1.12285292	26.54221344	1.01574407	0.08321696020694468	0.0112039	0.0003
-0.0326	-0.0073	0.0774	0.003958406743523139	0.002921681167838507	-0.0009302604913129776	1.19741857	28.30480957	0.9858614	0.09258706741970835	0.0126675	0.0004
-0.0356	-0.0029	0.0871	0.004091051766674708	0.0030229102644541784	-0.0006108652381980154	1.13662565	26.86777306	0.96585753	0.04476346864411013	0.00945097	0.00028
-0.0357	-0.0547	0.0845	0.003378957431861022	0.003073524812762014	-0.00047822021504644627	1.05299759	24.89095879	0.9463753	0.09926769531365456	0.0122129	0.0003
-0.0347	-0.083	0.0551	0.004185299546282402	0.0030665434957540365	-0.0006161012259539982	1.18932033	28.11338043	0.97539648	0.1062602221168455	0.0135782	0.0003
-0.0296	-0.0803	0.0623	0.004714134309636684	0.002885029253546627	-0.000736528944341607	1.21894515	28.81365967	0.97533156	0.05653883619746503	0.0104006	0.00032
-0.0318	-0.136	0.0959	0.004098033083682686	0.003139847324337799	-0.0008464846872172499	1.13468385	26.82187271	0.99098034	0.1405437519810407	0.00997669	0.00018
-0.031	-0.0186	0.1507	0.0032306044454415038	0.0032759830059933565	-0.000577703982410123	1.21857548	28.8049202	1.036083	0.23661725123519328	0.0125891	0.0004
-0.0269	-0.1039	0.1203	0.0034993851502486306	0.0031974431896536117	-0.0002617993877991494	1.21103001	28.62656021	1.0121903	0.15296125578789227	0.0106286	0.00023
-0.0245	-0.1588	0.1543	0.00238237442897226	0.003038618227722128	-0.00046425758103049166	1.16808331	27.61137772	1.00771144	0.16521469382195983	0.0122247	0.00075
-0.0207	-0.1084	0.1731	0.002103121748653167	0.003014183618194207	-0.0005672320068981572	1.08553648	25.6601181	0.98699299	0.09333308578573399	0.0122049	0.00079
-0.0204	-0.0498	0.1628	0.0020193459445574393	0.0029199358385865134	-0.0005131268000863328	1.17871475	27.86268425	0.97786383	0.08080643952576227	0.0124457	0.00063
-0.0218	-0.1251	0.0997	0.0020943951023931952	0.002904227875318564	-0.000640535835481919	1.20172155	28.40652466	1.04859605	0.15070830782496458	0.0137345	0.00046
-0.0197	-0.1575	0.0543	0.0027279496208671367	0.002593559268463574	-0.0008063421144213803	1.16239941	27.47701836	0.98553429	0.13540147021341964	0.0119753	0.0007
-0.0179	-0.0685	0.0617	0.0023544491609403502	0.002522000769131806	-0.0009145525280450286	1.26285183	29.85153198	1.05198722	0.12586346864411013	0.0121651	0.00058
-0.0139	-0.0119	0.1544	0.002384119758224254	0.002960078411382383	-0.000640535835481919	1.30905092	30.94359589	1.09174853	0.1903882466048795	0.0125721	0.00098
-0.0183	-0.1148	0.1702	0.0022549653935766737	0.002993239667170275	-0.0007853981633974483	1.14103353	26.9719696	1.01689328	0.13845889741755005	0.0132574	0.00072
-0.0247	-0.1925	0.1308	0.0025045474766118626	0.0029129545215785357	-0.0011798425743481666	1.23545659	29.20396042	1.05330958	0.15971558197888236	0.0130863	0.00084
-0.024	-0.1143	0.0831	0.002522000769131806	0.0028361600344907856	-0.0014049900478554352	1.29818463	30.68673706	1.0387069	0.14256976265574808	0.0119061	0.00047
-0.0254	-0.0529	0.147	0.001996656664281513	0.0029949849964222694	-0.0011484266478122688	1.18404424	27.98866463	1.03273077	0.17373662334124715	0.0128416	0.0004
-0.0292	-0.0337	0.1773	0.002097885760897184	0.0030997047515419294	-0.0009162978572970229	1.21004689	28.60331917	0.99861013	0.07520388211252886	0.0135822	0.00077
-0.0304	-0.1095	0.1387	0.002567379329683659	0.00294262511886244	-0.000973893722612836	1.21326745	28.67944717	1.02118952	0.1498084533390889	0.0107213	0.0003
-0.0312	-0.135	0.1237	0.0029077185338225527	0.002883283924294633	-0.0013386675362796509	1.13654077	26.86576843	0.98024369	0.07952271061867576	0.0118985	0.00047
-0.0323	-0.0975	0.1076	0.00277332818141899	0.0029705503868943488	-0.0011379546723003027	1.17386436	27.74802971	0.99023105	0.07581848394913136	0.0117384	0.00051
-0.0318	-0.0774	0.1546	0.0022724186860966175	0.0031468286413457764	-0.0009599310885968812	1.20058632	28.37969017	1.00376946	0.11036056667386109	0.0117618	0.0006
-0.0326	-0.0969	0.1422	0.0027838001569309555	0.0030665434957540365	-0.0007382742735936014	1.04872429	24.7899456	0.93261046	0.07336617157146787	0.0137057	0.00047
-0.0301	-0.1297	0.1209	0.0024556782575560214	0.0032498030672134413	-0.0009878563566287904	1.15547514	27.31334305	0.96996393	0.0946481776934764	0.0139691	0.0004
-0.0277	-0.1513	0.0821	0.0025569073541716926	0.0031433379828417875	-0.0010890854532444615	1.2642678	29.88500404	1.05977991	0.0782461638801498	0.0135298	0.00065
-0.0204	-0.0766	0.0966	0.0023265238929084412	0.003043854215478111	-0.0009913470151327792	1.1623652	27.47621155	1.03933344	0.11788028333693049	0.0106045	0.00032
-0.0173	-0.0411	0.1664	0.002197369528260861	0.003378957431861022	-0.00091106186954104	1.28102183	30.28103828	1.04138258	0.1356271363311115	0.01393	0.00117
-0.0249	-0.1288	0.126	0.0023928464044842257	0.003312634920285238	-0.000973893722612836	1.23285973	29.14257431	1.04276052	0.15193156204354724	0.0121378	0.00068
-0.0285	-0.1543	0.032	0.0018605209826259553	0.003118903373313867	-0.0012217304763960308	1.25642765	29.69967651	1.10114746	0.1717946861306418	0.0147745	0.00124
-0.0226	-0.1044	-0.0205	0.002368411794956305	0.002933898472602468	-0.000736528944341607	1.38341463	32.70141983	1.06836383	0.16720486225480863	0.0154583	0.00138
-0.0252	-0.0309	0.1232	0.0020682151636132805	0.0032340951039454926	-0.0007400196028455958	1.51007652	35.69547653	1.20598546	0.24999419605950196	0.013614	0.00046
-0.0305	-0.0546	0.1605	0.0020856684561332234	0.0033649947978450674	-0.000778416846389471	1.11630011	26.38731575	0.9752397	0.07563751149816964	0.012519	0.00035
-0.033	-0.1778	0.1387	0.0024137903555081575	0.0034819318577286873	-0.0009651670763528643	1.1983043	28.32574654	1.02034809	0.1790904594610974	0.0147867	0.00088
-0.0391	-0.0979	0.045	0.0029513517651224112	0.0032969269570172887	-0.001265363707695889	1.35070825	31.92829895	1.12472688	0.23083814708343384	0.0108746	0.00061
-0.0351	-0.0359	0.1142	0.0026441738167714093	0.003258529713473413	-0.001001818990644745	1.19043171	28.13965225	1.04664053	0.16565599544730103	0.0099659	0.00046
-0.0404	-0.0202	0.1159	0.004270820679630125	0.0033859387488689996	-0.0009302604913129776	1.22368991	28.92581749	1.0278848	0.11398071987930349	0.0114632	0.00068
-0.0388	-0.0003	0.0714	0.005324999547834699	0.003581415625092364	-0.00042760566673861073	1.20741391	28.54108047	1.04863189	0.15361552845011525	0.0129341	0.00079
-0.0359	-0.0611	0.0301	0.005564109655357922	0.0030595621787460597	-0.0003159045946109737	1.11121798	26.2671833	1.00045818	0.1486332312998582	0.0137777	0.00049
-0.0305	-0.06	-0.0509	0.0049898963314517885	0.0029129545215785357	-0.000460766922526503	1.13894498	26.92259979	1.06440097	0.1307841654494593	0.0145802	0.00114
-0.0345	-0.0568	-0.0964	0.0046530477858168825	0.002637192499763432	-0.000879645943005142	1.27304757	30.09254265	1.02493321	0.10427447939643245	0.0172168	0.00194
-0.019	-0.0252	0.0119	0.00404741853537485	0.0030246555937061734	-0.0005846852994181004	1.4031328	33.16752243	1.18429004	0.2198026493985908	0.0128223	0.00079
-0.0172	0.0096	0.1269	0.004078834461910747	0.0032724923474893677	-0.0005881759579220891	1.31963933	31.19388771	1.16191194	0.16573716694115406	0.011646	0.00088
-0.022	-0.081	0.1038	0.004347615166717875	0.0032934362985133003	-0.0006230825429619757	1.25802183	29.73736	1.06245789	0.13473156204354736	0.0125321	0.0007
-0.0258	-0.1321	0.0979	0.004256858045614169	0.0036302848441482054	-0.0008831366015091308	1.32284641	31.26969719	1.02687277	0.09518298626428828	0.0146498	0.00039
-0.0236	-0.098	0.0645	0.004740314248416599	0.0033911747366249826	-0.00091106186954104	1.15547764	27.31340218	0.98273273	0.10722457891787804	0.0104443	0.00035
-0.0211	-0.0776	0.1588	0.003935717463247213	0.0036250488563922224	-0.0008936085770210966	1.29797161	30.68170166	1.10320554	0.16999620987282843	0.012458	0.00053
-0.0155	-0.0894	0.1803	0.004085815778918725	0.003635520831904189	-0.0009861110273767962	1.20035684	28.37426567	1.01538151	0.05155363707695888	0.0117518	0.00044
-0.0189	-0.1582	0.155	0.004937536453891958	0.0037768925013157294	-0.001218239817892042	1.14550555	27.07767868	0.9754653	0.15876105674500096	0.0139244	0.0006
-0.0231	-0.0549	0.0508	0.00481710873550435	0.003522074430524557	-0.0012426744274199627	1.38902688	32.83408356	1.20487245	0.23168401993533508	0.0126485	0.0006
-0.0287	-0.0296	0.0573	0.004267330021126135	0.0032934362985133003	-0.0015254177662430443	1.27266192	30.08342552	1.09203714	0.09045800926062765	0.0100302	0.00026
-0.0235	0.0362	0.1374	0.00437379510549779	0.003384193419617005	-0.0013421581947836393	1.22696233	29.00317001	1.06054621	0.1701240888467382	0.0130032	0.00056
-0.0233	0.0332	0.134	0.004230678106834255	0.003384193419617005	-0.0008168140899333463	1.15053749	27.19662476	0.9621854	0.040023055175691394	0.0121998	0.00044
-0.0294	-0.0885	0.0608	0.00463559449329694	0.003239331091701475	-0.0012304571226560022	1.29702294	30.65927696	1.12220721	0.24917108735504356	0.013125	0.00068
-0.0256	-0.0996	-0.0025	0.0049741883681838385	0.0032463124087094525	-0.0008342673824532895	1.38512504	32.74185181	1.19153062	0.11528824660487944	0.0161649	0.00208
-0.0238	0.0217	-0.0129	0.005352924815866608	0.0029722957161463434	-0.000921533845053006	1.28801584	30.44636536	1.0869196	0.17050098014227977	0.0133454	0.00088
-0.0209	0.0298	-0.009	0.005134758659367318	0.0030525808617380824	-0.0010873401239924673	0.99797922	23.59042358	0.93347739	0.0381128790515245	0.0161307	0.00137
-0.0275	-0.0309	0.0464	0.005393067388662479	0.0031974431896536117	-0.0009546951008408983	1.3529036	31.98019409	1.07149342	0.14949080401811293	0.0146341	0.0013
-0.0326	-0.0284	0.0457	0.005262167694762903	0.0031468286413457764	-0.0011344640137963143	1.21599221	28.74385643	1.02437646	0.026364157758141327	0.0151872	0.00098
-0.0331	-0.0172	0.0245	0.005393067388662479	0.003220132469929538	-0.0013945180723434693	1.14933598	27.16822243	1.00771053	0.056112879051524595	0.0142224	0.00102
-0.026	-0.0397	0.0048	0.005260422365510909	0.00301941960595019	-0.001499237827463129	1.25228453	29.60173988	1.0113868	0.0712038821125289	0.0150357	0.00135
-0.0178	-0.0713	0.0943	0.0044645522266014955	0.003467969223712733	-0.0014695672301792255	1.44557893	34.17087173	1.116855	0.19300451769779292	0.0151648	0.00081
-0.0106	0.0366	0.1787	0.004429645641561609	0.0038170350741115982	-0.0011135200627723821	1.29642713	30.64519119	1.15183364	0.23650098014227977	0.0158644	0.00095
-0.0149	-0.097	0.1343	0.004932300466135976	0.0036145768808802567	-0.0011903145498601325	1.29049182	30.50489235	1.09412331	0.22139537524467287	0.0138511	0.00095
-0.0257	-0.1434	0.0661	0.005169665244407204	0.0036145768808802567	-0.0015358897417550098	1.31116211	30.99350166	1.10655225	0.15454699850830528	0.0141432	0.0013
-0.0275	-0.1131	0.0656	0.005047492196767601	0.0034243359924128747	-0.0015306537539990272	1.19573545	28.26502228	0.9944588	0.048482496193148365	0.0115176	0.00079
-0.0223	-0.0868	0.1542	0.0053389621818506535	0.0038170350741115982	-0.0011362093430483087	1.20410848	28.46294594	1.10172557	0.17403067388662471	0.0147488	0.00082
-0.0276	-0.0032	0.1504	0.005082398781807488	0.003820525732615587	-0.0011239920382843482	1.21781719	28.78699493	1.02506785	0.10631356816555575	0.0136032	0.00082
-0.0287	-0.1129	0.1	0.004956735075663896	0.0037000980142279784	-0.001361356816555577	1.2029649	28.43591499	1.07267206	0.18537281014012147	0.0146355	0.00061
-0.0308	-0.0797	0.0504	0.005510004448546098	0.0035482543693044722	-0.0013997540600994523	1.11414051	26.33626747	0.97768834	0.1220755130674792	0.011419	0.00051
-0.03	-0.0728	0.057	0.004977679026687828	0.003351032163829113	-0.0015463617172669759	1.09935284	25.9867115	0.96931089	0.05810776422505763	0.0113291	0.00056
-0.0283	-0.0336	0.1272	0.005033529562751646	0.003450515931192789	-0.0016458454846306526	1.25265944	29.61060333	1.05537532	0.12384090353955857	0.014497	0.00049
-0.0302	-0.0703	0.1103	0.005009094953223725	0.0034313173094208515	-0.0014224433403753785	1.10486925	26.11711121	0.99911476	0.06885176877775663	0.0146036	0.00053
-0.0305	-0.1247	0.0903	0.005276130328778859	0.0034871678454846703	-0.0014852751934471744	1.10116589	26.02956963	0.98350598	0.0939858882345374	0.0120494	0.00053
-0.0277	-0.017	0.0473	0.005462880558742251	0.0033702307856010505	-0.0015515977050229591	1.16530001	27.54558372	1.02754671	0.17200049007113985	0.0132652	0.00075
-0.0249	-0.1025	0.0883	0.004733332931408622	0.0033265975543011915	-0.0015079644737231008	1.31185591	31.00990105	1.12188536	0.17014070449666732	0.0130793	0.00086
-0.0222	-0.034	0.1591	0.004710643651132695	0.0035150931135165793	-0.001499237827463129	1.2466414	29.46834755	1.09227455	0.1529955742875643	0.0130391	0.00067
-0.0264	-0.1459	0.1477	0.004782202150464463	0.0034365532971768345	-0.0015062191444711063	1.12112701	26.50141525	1.00614651	0.13535398163397452	0.0121208	0.00049
-0.0285	-0.1178	0.0947	0.005387831400906495	0.0034103733583969193	-0.001593485607070823	1.16683376	27.58183861	0.98988464	0.11915378259108315	0.0136545	0.00067
-0.0315	-0.1035	0.0534	0.005195845183187119	0.003309144261781249	-0.0017139133254584315	1.26138914	29.81695747	0.99750328	0.07928215163613272	0.012465	0.00042
-0.03	-0.0477	0.1004	0.00474904089467657	0.003351032163829113	-0.0016406094968746698	1.18110287	27.91913414	1.00624996	0.1323998009571087	0.0105367	0.00042
-0.0275	-0.0259	0.1804	0.004441862946325569	0.003703588672731967	-0.0015481070465189703	1.37725246	32.55575562	1.08471817	0.14191184538047774	0.017961	0.00135
-0.0318	-0.0879	0.1183	0.005049237526019596	0.0035290557475325343	-0.0014800392056911916	1.31469202	31.07694054	1.07772814	0.17089876728606193	0.0123212	0.00044
-0.0311	-0.1193	0.0727	0.005230751768227006	0.0033999013828849537	-0.0016999506914424768	1.18049395	27.90474129	1.00475232	0.1042290046303138	0.011803	0.00035
-0.0299	-0.0915	0.0869	0.005248205060746949	0.003373721444105039	-0.001778490507782222	1.08226633	25.58281708	0.97351248	0.04930865238198016	0.0135486	0.00075
-0.0321	-0.0478	0.1119	0.004651302456564888	0.003563962332572421	-0.001726130630222392	1.24545276	29.4402504	1.0448805	0.11287516851046364	0.0150826	0.0004
-0.0297	-0.0534	0.1578	0.004605923896013036	0.0036250488563922224	-0.0015690509975429022	1.22187603	28.88294029	1.06703023	0.06707723585255715	0.0116798	0.00046
-0.0322	-0.08	0.1074	0.004590215932745087	0.0035377823937925057	-0.0015987215948268059	1.04902005	24.79693604	0.96130708	0.08613225115757846	0.0103669	0.00047
-0.0356	-0.0634	0.0413	0.004794419455228423	0.0034295719801688577	-0.0017715091907742446	1.20783246	28.5509758	1.02433279	0.11036007660272112	0.0113556	0.00047
-0.03	-0.0197	0.0367	0.004750786223928565	0.0032567843842214186	-0.0017732545200262388	1.18636501	28.04352188	0.9869516	0.06480830782496458	0.0114289	0.00037
-0.03	-0.0777	0.0373	0.0047856928089684515	0.0031974431896536117	-0.0016545721308906245	1.14530885	27.07302856	1.01752083	0.06924650843716539	0.0119731	0.00047
-0.0299	-0.0524	0.1227	0.004602433237509047	0.0035517450278084606	-0.0014381513036433276	1.27667367	30.17825699	1.11852177	0.14849911184307754	0.0120405	0.0006
-0.0336	-0.0432	0.1088	0.004571017310973149	0.0034243359924128747	-0.0016039575825827887	1.16435158	27.52316666	0.98342569	0.04303156204354723	0.011645	0.00026
-0.0361	-0.1205	0.0861	0.004886921905584123	0.003375466773357033	-0.0016877333866785165	1.15158653	27.2214222	0.99657032	0.12492748088812713	0.0121588	0.00044
-0.0377	-0.0073	0.0479	0.0051836278784231585	0.003560471674068432	-0.0017278759594743865	1.32597005	31.34353447	1.06155938	0.17909267231731518	0.014962	0.00065
-0.0373	-0.0247	0.035	0.0048520153205442364	0.003338814859065152	-0.0016790067404185449	1.29615319	30.63871574	1.00022343	0.060806929596902176	0.0112566	0.00054
-0.04	0.0343	0.0979	0.004794419455228423	0.003337069529813158	-0.001403244718603441	1.18474984	28.00534248	1.03464663	0.1413551608191456	0.0118632	0.0003
-0.0377	-0.0192	0.0701	0.004911356515112043	0.0033405601883171464	-0.0011082840750163993	1.16073453	27.43766594	0.96578057	0.10436941809873251	0.0123712	0.00051
-0.0343	-0.0564	0.0018	0.005304055596810768	0.0034487706019407953	-0.0013421581947836393	1.23751724	29.25267029	1.03803681	0.14563918075448068	0.0134159	0.00109
-0.0307	-0.0583	0.0226	0.004909611185860049	0.003338814859065152	-0.0015690509975429022	1.13700783	26.87680817	0.97496109	0.06286464782928122	0.0140011	0.00086
-0.0331	-0.0543	0.034	0.005120796025351363	0.0032934362985133003	-0.0016702800941585732	1.05405653	24.91598892	0.96404806	0.03568962483294183	0.0133478	0.00144
-0.0334	-0.0404	0.099	0.004527384079673291	0.003558726344816438	-0.001635373509118687	1.29070222	30.50986671	1.13772511	0.1238804288510548	0.0172905	0.0035
-0.0315	-0.0485	0.0679	0.004972443038931845	0.003490658503988659	-0.0014381513036433276	1.1641314	27.5179615	1.05342301	0.07661745027808457	0.0129306	0.00212
-0.0299	-0.1124	-0.0148	0.005120796025351363	0.0033684854563490563	-0.0016231562043547262	1.18755734	28.07170868	1.05819441	0.17097654673852597	0.0158566	0.00284
-0.0262	-0.0414	-0.0162	0.005403539364174444	0.0032637657012293962	-0.0016423548261266642	1.25229454	29.6019783	1.04686949	0.09643308578573395	0.0164571	0.00212
-0.0287	-0.0054	0.0355	0.0051277773423593406	0.0033248522250491977	-0.0016423548261266642	1.21625996	28.75018501	1.02632929	0.1070424272817452	0.0130214	0.00194
-0.023	0.0344	0.1011	0.005152211951887261	0.0034348079679248403	-0.0014974924982111347	1.29639328	30.64439201	1.05580512	0.12506263401595463	0.0152446	0.00226
-0.0322	-0.1231	0.0769	0.0051399946471233	0.003384193419617005	-0.0015166911199830724	1.32873523	31.4088974	1.15414666	0.19500152374218668	0.0137754	0.00089
-0.032	-0.1154	0.0679	0.005452408583230286	0.003576179637336381	-0.0018413223608540175	1.17557967	27.78857803	0.99813863	0.058351569734865306	0.0120772	0.00065
-0.0321	-0.0916	0.0465	0.005464625887994246	0.0034243359924128747	-0.0018256143975860688	1.2010783	28.39131927	0.98227145	0.05428844564777073	0.014118	0.00084
-0.0355	-0.0033	0.0587	0.005106833391335408	0.0034993851502486306	-0.0018186330805780916	1.33666325	31.59630013	1.02829751	0.1258911485751285	0.0134059	0.00039
-0.0364	-0.0067	0.1298	0.004571017310973149	0.003623303527140228	-0.001595230936322817	1.19668114	28.28737831	1.02924033	0.11955683007545655	0.0125214	0.00046
-0.041	-0.0548	0.0996	0.004954989746411901	0.003679154063204046	-0.001583013631558857	1.16157401	27.45750809	0.96747209	0.10550201381332648	0.0121256	0.00053
-0.0446	-0.0774	0.0655	0.003675663404700058	0.0035046211380046137	-0.0022200588085367874	1.27889299	30.23071671	1.04948552	0.16484522219446027	0.0128794	0.00065
-0.0448	-0.0973	0.0852	0.00488168591782814	0.003375466773357033	-0.0020943951023931952	1.15194333	27.22985649	0.99856734	0.11284202919596271	0.0109351	0.00054
-0.0391	-0.0163	0.0219	0.006391395720803235	0.0032882003107573173	-0.0018413223608540175	1.45264745	34.33795929	1.21824893	0.24250245035569945	0.0175766	0.00355
-0.0365	-0.0351	-0.0463	0.007161085920932734	0.0032829643230013338	-0.001635373509118687	1.42881799	33.77467346	1.1513209	0.1386437519810406	0.0192716	0.00432
-0.0393	0.0291	-0.0204	0.0067212629494301625	0.003043854215478111	-0.0019373154697137059	1.19154775	28.1660347	1.05798482	0.14194375198104067	0.0170617	0.00215
-0.0389	-0.1105	0.0312	0.005707226654021458	0.0031764992386296795	-0.002143264321449037	1.20014322	28.36921501	1.10989195	0.2592315085147802	0.0142232	0.00154
-0.0298	-0.033	0.1271	0.005468116546498235	0.003447025272688801	-0.0017243853009703976	1.35529351	32.03668594	1.16328426	0.22892575810304916	0.0154518	0.00263
-0.0321	-0.0141	0.1318	0.005462880558742251	0.0035796702958403696	-0.0015463617172669759	1.1864785	28.04620552	1.02194594	0.04169522973054872	0.0143813	0.00137
-0.0324	-0.1428	0.1142	0.005595525581893821	0.003455751918948773	-0.0016877333866785165	1.18169355	27.93309784	1.06971271	0.16649675347273535	0.0138549	0.00088
-0.0303	-0.0662	0.0803	0.005770058507093254	0.0034295719801688577	-0.001785471824790199	1.25752819	29.72569275	1.01223231	0.1275225651045516	0.0143056	0.00126
-0.0323	-0.0583	0.0935	0.005286602304290824	0.0035098571257605967	-0.0017715091907742446	1.26547849	29.91362381	1.01295938	0.0519851991205062	0.0136864	0.00056
-0.0308	0.0356	0.1466	0.004806636759992383	0.003637266161156183	-0.001450368608407288	1.19126189	28.15927505	1.03919076	0.19492575810304924	0.0144916	0.00082
-0.0351	-0.0547	0.092	0.0051783918906671755	0.0032340951039454926	-0.0012845623294678264	1.35388803	32.00346375	1.08973708	0.1962366233412472	0.0143645	0.0011
-0.0378	-0.0915	0.0944	0.004682718383100785	0.0032340951039454926	-0.001614429558094755	1.27851176	30.22170448	1.02387235	0.08317703680966594	0.0147623	0.00065
-0.0381	-0.1328	0.1233	0.002858849314766712	0.003134611336581816	-0.0013997540600994523	1.37650096	32.53799438	1.22474752	0.1774014166846526	0.013342	0.00156
-0.0398	-0.2004	0.3358	-0.00032463124087094524	0.0033265975543011915	-0.0013927727430914749	1.8002584	42.55485153	1.70283139	0.4509224045182504	0.029574	0.03325
-0.0338	-0.1122	0.4021	-0.000905825881785057	0.003897320219703338	-0.0006824237375297829	1.3024087	30.78658485	1.18157616	0.25361331559389755	0.0343198	0.03938
-0.0396	-0.2324	0.3314	-0.00028797932657906436	0.0037384952577718534	-0.0006387905062299246	1.22453654	28.94582748	1.12704351	0.2377152374218668	0.0271054	0.0226
-0.0383	-0.269	0.3318	-0.0006038839211900379	0.0037384952577718534	-0.0007958701389094143	1.11366832	26.32510376	0.97555106	0.0619492113645232	0.0304995	0.02533
-0.0376	-0.2454	0.3011	-0.00020769418098732522	0.003675663404700058	-0.0007243116395776468	1.2311728	29.10269928	1.03980057	0.08152900463031379	0.0262672	0.02015
-0.0276	-0.1715	0.4006	-2.4434609527920616e-05	0.0038606683054114572	-0.0005550147021341969	1.24723637	29.48241234	1.13535142	0.21027807048071276	0.0325631	0.02804
-0.0207	-0.2203	0.3535	0.0010611601852125523	0.003558726344816438	-0.000635299847725936	1.1126132	26.30016327	1.00745653	0.17619109504636157	0.0265286	0.02011
-0.0219	-0.3199	0.2979	0.0020193459445574393	0.0034330626386728466	-0.0012636183784438947	1.23393905	29.16808701	1.08148983	0.24200839981032185	0.0259688	0.01554
-0.024	-0.2577	0.2748	0.002228785454796759	0.0032847096522533284	-0.001473057888683214	1.1516391	27.22266579	0.99969099	0.1157616003449079	0.0210092	0.00649
-0.0205	-0.1942	0.3165	0.0023509585024363614	0.0034103733583969193	-0.0012897983172238095	1.16373622	27.50861931	1.03745583	0.13025481626212987	0.021945	0.00739
-0.0201	-0.0888	0.3174	0.0032061698359135836	0.0034644785652087444	-0.0013124875974997359	1.24155617	29.34814262	1.03777509	0.15330029102824871	0.0222173	0.00798
-0.0247	-0.2361	0.3167	0.002804744107954888	0.003298672286269283	-0.0015812683023068625	1.24022543	29.31668663	1.09291363	0.19440063558526416	0.0224398	0.009
-0.0275	-0.2437	0.3132	0.0031956978604016175	0.003384193419617005	-0.001820378409830086	1.12032759	26.48251724	0.97831052	0.04967924966588375	0.0221859	0.00791
-0.0287	-0.1856	0.2798	0.003262020371977402	0.0033667401270970616	-0.001839577031602023	1.19148779	28.16461563	1.00018922	0.09784872129338323	0.0200553	0.00348
-0.0268	-0.1617	0.3209	0.0029513517651224112	0.0034766958699727043	-0.0018675022996339327	1.22717369	29.00816727	1.03018882	0.08932748088812716	0.022755	0.00658
-0.0229	-0.1123	0.3971	0.0032567843842214186	0.003680899392456041	-0.0016388641676226754	1.16848409	27.62084961	1.06028876	0.16641371367968008	0.0282205	0.01582
-0.0202	-0.2089	0.3425	0.0035290557475325343	0.003447025272688801	-0.0016982053621904826	1.22968173	29.06745148	1.04633162	0.18217433388230808	0.0257649	0.0112
-0.0175	-0.2656	0.2911	0.004040437218366873	0.0033981560536329595	-0.0019757127132575807	1.22891283	29.04927635	1.0274557	0.15268790204786395	0.0218851	0.00733
-0.0161	-0.1685	0.2242	0.003312634920285238	0.003118903373313867	-0.0017470745812463236	1.21164107	28.64100456	1.12263033	0.22718465552059927	0.0170401	0.00093
-0.0174	-0.1196	0.2923	0.0033999013828849537	0.0032445670794574587	-0.0014556045961632708	1.24733198	29.48467064	1.07963705	0.143520007691318	0.0205879	0.00387
-0.015	-0.1499	0.2922	0.0035412730522964946	0.0033580134808370897	-0.001403244718603441	1.19228756	28.18352127	1.03751483	0.04815889741755008	0.0196356	0.00378
-0.0146	-0.2548	0.2845	0.003932226804743224	0.0034243359924128747	-0.0014782938764391971	1.12620509	26.62145042	1.0011016	0.13961627109291355	0.0219111	0.0055
-0.0105	-0.2095	0.2713	0.003605850234620285	0.0031677725923697077	-0.0017523105690023068	1.19783497	28.3146534	0.97634313	0.1054478331364608	0.0216264	0.00333
-0.0079	-0.1681	0.2147	0.0039723693775390945	0.002813470754214859	-0.0016126842288427606	1.27022386	30.02579308	1.04598536	0.14362236606166015	0.0154288	0.00135
-0.0119	-0.2093	0.3144	0.003543018381548489	0.0031223940318178558	-0.001504473815219112	1.23566139	29.20880127	1.11653488	0.18722423436086252	0.0219415	0.00688
-0.013	-0.2053	0.3345	0.0036128315516282617	0.0031817352263856626	-0.0014259339988793671	1.08071184	25.54607201	0.96777285	0.035584709049366205	0.0238874	0.00977
-0.0165	-0.229	0.3165	0.0037751471720637348	0.003218387140677544	-0.0015777776438028737	1.15700758	27.34956551	1.00797697	0.06274055898254306	0.0239682	0.00754
-0.0139	-0.1787	0.2876	0.00441393767829366	0.003166027263117714	-0.0018308503853420514	1.17101121	27.68058586	1.01608749	0.12901115626644663	0.0203613	0.00385
-0.0147	-0.2147	0.3045	0.004000294645571003	0.003237585762449481	-0.001658062789394613	1.14964092	27.17543221	1.00025272	0.0865994564000931	0.0224199	0.00522
-0.0165	-0.178	0.3512	0.003855432317655474	0.0034871678454846703	-0.0013735741213195373	1.22175694	28.88012314	1.04331422	0.11914665395128968	0.0254467	0.0123
-0.0232	-0.131	0.3225	0.003988077340807043	0.003443534614184812	-0.0013735741213195373	1.15444219	27.28892517	1.016002	0.09121391272257133	0.0215765	0.00553
-0.0218	-0.2197	0.3053	0.004009021291830974	0.003480186528476693	-0.0015707963267948967	1.13173795	26.75223923	1.01999868	0.12004090353955855	0.0241019	0.00571
-0.0251	-0.0905	-0.0261	0.0038851029149393774	0.002408554367752175	-0.001218239817892042	2.08302712	49.23899078	2.00711303	0.5413053523259486	0.0206779	0.00809
-0.0354	0.0035	-0.2692	0.006794566778013924	0.002103121748653167	-0.00023212879051524583	1.85814452	43.92317581	1.76026499	0.5574503754775176	0.0377514	0.04771
-0.0309	0.0622	-0.0871	0.004544837372193235	0.0024242623310201236	0.0005340707511102648	1.53960717	36.39352798	1.48529563	0.41215347649065776	0.0177959	0.0034
-0.0363	0.1311	-0.2436	0.005314527572322734	0.0025115287936198403	0.0005323254218582705	1.46200919	34.55925369	1.285092	0.2737350995990605	0.0341355	0.03196
-0.0323	0.0395	-0.2545	0.0049672070511758626	0.0021851522234969008	0.0005358160803622592	1.30975771	30.96030426	1.14445984	0.14035938748868995	0.0310289	0.02408
-0.0229	0.0523	-0.1975	0.004700171675620729	0.0022759093446006054	0.0007016223593017205	1.15055156	27.19695854	1.01262934	0.10537993877991496	0.026404	0.01299
-0.0211	0.0842	-0.1464	0.004068362486398782	0.0024207716725161347	0.0008220500776893293	1.24418867	29.41036987	1.02157356	0.12965496177625424	0.0223839	0.007
-0.0151	0.092	-0.0928	0.004317944569433971	0.002713986986851182	0.0011117747335203881	1.24956465	29.53744888	1.02889173	0.10902610266006477	0.0209729	0.00544
-0.0189	0.0356	-0.1125	0.00449073216538141	0.0027855454861829498	0.0005881759579220891	1.15907967	27.39854622	1.05997815	0.11829724354387526	0.0184097	0.00373
-0.0193	-0.0278	-0.1561	0.004084070449666731	0.0022776546738526	-0.00013788101090755203	1.18634939	28.04315376	1.0421682	0.18943047484373343	0.0206507	0.00488
-0.0162	-0.0027	-0.1635	0.0036093408931242737	0.002036799237077382	-8.901179185171081e-05	1.20422089	28.46560287	0.9908406	0.07382271061867586	0.0213754	0.00632
-0.0088	0.0291	-0.0328	0.00301941960595019	0.002366666465704311	0.0001675516081914556	1.33211231	31.48872566	1.20393442	0.22871759579220896	0.0157445	0.00149
0.0009	-0.0109	0.0649	0.003958406743523139	0.002647664475275398	0.00015009831567151235	1.2614187	29.81765747	1.17793189	0.20927192198319897	0.0121746	0.00158
-0.0065	-0.0722	0.0403	0.0042655846918741415	0.002649409804527392	1.5707963267948964e-05	1.19784999	28.31500626	1.06780972	0.11546568150032796	0.011068	0.00051
-0.0118	-0.0978	-0.0327	0.004616395871525002	0.0027052603405912107	-0.0002897246558310587	1.1916821	28.16921043	1.03099876	0.13950471674068435	0.0127574	0.00088
-0.013	-0.0123	-0.0392	0.004735078260660616	0.0026022859147235454	-0.00018500490071139895	1.12256515	26.53540993	1.00314933	0.10951882850614694	0.0127805	0.00065
-0.0134	0.0031	0.0397	0.0046478117980608994	0.0027471482426390747	-0.00015707963267948963	1.24248397	29.37007332	1.07003135	0.10770270292735774	0.0123414	0.001
-0.015	-0.0049	0.0745	0.00596204472481263	0.0029880036794142917	0.00019198621771937622	1.16317677	27.49539566	1.01097903	0.13960771069629063	0.0151126	0.00329
-0.0138	-0.0562	0.1119	0.005914920835008782	0.003085742117525975	0.0006387905062299246	1.10867929	26.20717239	1.00980062	0.11948333082130395	0.0158357	0.00338
-0.01	-0.1668	0.0637	0.0060353485533963915	0.002574360646691636	0.0005759586531581287	1.12885439	26.68407631	1.07203847	0.1973320521146872	0.0148581	0.00173
-0.0078	-0.1184	-0.0902	0.005482079180514189	0.0021118483949131386	0.0003700098014227979	1.4164145	33.48147583	1.31488443	0.2655865238198015	0.0182321	0.00541
-0.0157	-0.1015	-0.1236	0.005167919915155209	0.0021013764194011725	9.773843811168246e-05	1.27121115	30.0491333	1.05957626	0.08804513020910304	0.0195922	0.00471
-0.0154	-0.0894	-0.1024	0.004937536453891958	0.0022183134792847924	0.00018675022996339323	1.16358578	27.50506401	0.98488521	0.05541661564992911	0.0161074	0.00263
-0.0196	0.0356	-0.0299	0.004153883619746505	0.0025115287936198403	8.552113334772214e-05	1.28668308	30.41485977	1.10057599	0.26060486225480867	0.0157957	0.00091
-0.0167	0.032	-0.0004	0.004101523742186674	0.002488839513343914	4.537856055185256e-05	1.19363642	28.21540451	0.9879779	0.04175958653158132	0.0135393	0.00081
-0.0218	-0.044	0.0022	0.003920009499979264	0.0022741640153486112	-0.0003438298626428829	1.15339291	27.26412201	1.00636101	0.12296990816987242	0.0122527	0.00047
-0.0212	-0.0696	0.0117	0.004857251308300219	0.0022060961745208325	-0.000874409955249159	1.06830752	25.25285721	0.98100926	0.11249448708775048	0.011427	0.00033
-0.0153	-0.036	0.0628	0.004939281783143952	0.002183406894244906	-0.0008028514559173916	1.22089946	28.85985374	1.05702023	0.09941391272257134	0.0134669	0.00095
-0.0088	-0.0185	0.1192	0.005290092962794812	0.0022706733568446224	-0.0004747295565424576	1.19131351	28.16049767	1.02503106	0.11870997708127552	0.0146863	0.00145
-0.0152	-0.1607	0.0568	0.00493404579538797	0.0024836035255879313	-0.0002513274122871834	1.42460108	33.67499161	1.20819704	0.25061897402027133	0.0160539	0.00278
-0.0098	-0.0651	-0.0505	0.006021385919380436	0.002478367537831948	-0.0001291543646475804	1.49552047	35.35139847	1.25280207	0.2690374579694027	0.0184648	0.00306
-0.0102	0.0252	-0.0175	0.005670574739729577	0.0024225170017681294	-0.0005462880558742252	1.17678797	27.81713867	1.04305297	0.16488977034706612	0.0179186	0.00228
-0.0099	-0.1067	-0.0036	0.005644394800949661	0.0023963370629882146	-0.000705113017805709	1.12944496	26.69803619	1.02703073	0.15665924197456577	0.0154041	0.00186
-0.0106	-0.064	0.0144	0.00506320016003555	0.0023439771854283846	-0.0007941248096574199	1.24984205	29.54400635	1.0103496	0.09752831551628256	0.0158384	0.00149
-0.0126	0.0119	0.0577	0.004857251308300219	0.0025726153174396417	-0.00041538836197465044	1.21281326	28.66871262	1.05352144	0.1618661715714679	0.0151286	0.00128
-0.0193	-0.0327	0.0325	0.004223696789826277	0.002253220064324679	-0.0004537856055185257	1.13298285	26.78166389	1.03137252	0.12606735075663897	0.0123681	0.00068
-0.0098	-0.1783	0.0027	0.004715879638888678	0.0020664698343612863	-0.000466002910282486	1.26669836	29.94245911	1.11695999	0.2194575191894877	0.0154338	0.00116
-0.0119	-0.1616	0.0384	0.0036931166972200015	0.0019687313962496035	-0.0007016223593017205	1.29972124	30.7230587	1.03816479	0.12230604143997968	0.0165619	0.00091
-0.0073	-0.1118	0.0612	0.004316199240181977	0.001706932008450454	-0.0006824237375297829	1.17794454	27.84447861	1.02105935	0.12240402762665312	0.0114883	0.00042
-0.0053	-0.1046	0.1326	0.0038065630985996326	0.0017976891295541592	-0.000307177948351002	1.11239946	26.2951107	1.01532736	0.12938195259324153	0.0111496	0.0006
-0.0073	-0.0406	0.0973	0.0037192966359999168	0.0016545721308906245	-0.000153588974175501	1.19614911	28.27480125	1.00036412	0.12049862177193756	0.011358	0.00058
