trans_x	trans_y	trans_z	rot_x	rot_y	rot_z	dvars_std	dvars_nstd	dvars_vstd	framewise_displacement	aqi	aor
0.0	-0.0	0.0	-0.0	0.0	-0.0	n/a	n/a	n/a	n/a	0.0219778	0.00509
-0.0049	0.1787	-0.0203	-0.000317649923862968	0.0001605702911834783	-0.00017627825445142725	1.15302515	30.30212784	1.06645951	0.23662492347489367	0.0176904	0.00295
-0.0052	0.1913	-0.0707	-0.000158824961931484	0.00016929693744344995	-0.00017976891295541595	1.05553651	27.74007225	1.00559463	0.07185211333477222	0.0152285	0.002
-0.0086	0.0554	-0.0801	0.0002740166925631097	0.00026878070480712676	-6.9813170079773176e-06	1.10035682	28.91797447	1.01717533	0.18395565089028543	0.0157371	0.00147
-0.0022	0.0216	-0.0465	0.0001239183768915974	8.028514559173915e-05	4.18879020478639e-05	0.99008989	26.02009964	0.96431956	0.09317315469713705	0.0186615	0.00245
-0.0108	0.2368	-0.0386	-2.094395102393195e-05	6.108652381980153e-05	-8.552113334772214e-05	1.18930864	31.25567627	1.09809079	0.24627349925415265	0.0163283	0.00279
-0.0053	0.2372	-0.0685	-9.773843811168246e-05	5.93411945678072e-05	-9.075712110370512e-05	1.0782342	28.33657837	0.97403164	0.03998879020478638	0.016618	0.00242
-0.008	0.0352	-0.0902	0.0002181661564992912	5.93411945678072e-05	2.4434609527920616e-05	1.20228422	31.59668159	1.09481248	0.24795481626213	0.0170053	0.00223
-0.0048	0.0763	-0.0717	0.00026878070480712676	-4.363323129985824e-05	0.0001064650843716541	1.04677403	27.50979042	0.96349254	0.07458097245096172	0.0161675	0.00167
0.0015	0.1094	-0.0391	-0.0002740166925631097	-1.3962634015954635e-05	0.00013264502315156904	1.00077033	26.30078697	0.96797508	0.10193239667170274	0.017928	0.00264
0.0012	0.2812	-0.0565	-0.0001675516081914556	-4.886921905584123e-05	0.000158824961931484	1.15675867	30.40024567	1.05258757	0.1978775804095728	0.016383	0.00268
0.0018	0.114	-0.0728	5.235987755982988e-06	-2.792526803190927e-05	0.00019024088846738194	1.18014371	31.01481819	1.06077807	0.19535737367536343	0.0168995	0.00234
0.0023	0.0576	-0.0524	0.0001012290966156711	-8.028514559173915e-05	0.0002513274122871834	1.06004477	27.85855103	0.97247481	0.08777197551196599	0.018135	0.00254
0.0065	0.1012	-0.0303	0.000705113017805709	6.806784082777885e-05	0.00017453292519943296	1.0760572	28.27936745	1.00290989	0.11135156973486532	0.0174224	0.00189
0.0073	0.2358	-0.065	0.0004729842272904633	5.585053606381854e-05	0.0002670353755551324	1.09723842	28.83601952	1.01720355	0.1869424272817453	0.0157388	0.00176
0.0103	0.1263	-0.0588	0.000736528944341607	2.094395102393195e-05	0.00039095375244672985	1.05368721	27.69147301	0.99813916	0.13981848394913143	0.0161796	0.00159
0.0134	-0.0011	-0.0323	0.0009494591130849152	-5.061454830783555e-05	0.00045902159327450867	1.07048488	28.13292313	1.01264077	0.17462782544514271	0.0199962	0.00259
0.0158	0.205	-0.0661	0.0007295476273336296	-3.316125578789226e-05	0.0003089232776029963	1.18029296	31.0187397	1.09060011	0.26167315469713703	0.0153596	0.00166
0.0142	0.1581	-0.0963	0.0008482300164692441	0.0001064650843716541	0.0003525565089028545	1.08109915	28.41187096	0.96772698	0.09379709802975095	0.0147288	0.00155
0.0109	0.0491	-0.071	0.0007766715171374765	7.155849933176751e-05	0.0002740166925631097	1.08158636	28.42467499	1.00206376	0.14685024503556995	0.01688	0.00181
0.0091	0.1179	-0.0548	0.000905825881785057	7.67944870877505e-05	0.0002652900463031381	1.01877797	26.77403641	0.97838206	0.09395584993317674	0.0158349	0.00147
0.0066	0.2627	-0.1062	0.0009878563566287904	0.00015184364492350666	0.00020943951023931956	1.12865627	29.6616993	1.04644509	0.20934650843716535	0.0143887	0.00153
-0.0018	0.1775	-0.1472	0.001043706892692609	0.0003438298626428829	0.00027925268031909274	1.06501567	27.98919106	1.01423768	0.15048249619314835	0.0121717	0.00091
-0.0103	0.03	-0.1296	0.0012322024519079964	0.0006178465552059926	0.0003892084231947355	1.12935984	29.68018913	1.03401051	0.202223399732707	0.0141103	0.00137
-0.0005	0.1822	-0.1189	0.001668534764906579	0.00035430183815484887	0.00026354471705114377	1.13454497	29.81645775	1.05523272	0.21397703680966587	0.0126242	0.00082
0.0088	0.2799	-0.1612	0.0016929693744344998	0.00029321531433504735	0.0003577924966588376	1.1412133	29.99170494	1.04347748	0.1582884456477708	0.0131988	0.00149
-0.004	0.1018	-0.1819	0.0015638150097869194	0.0005166174585903216	0.0003961897402027128	1.18552351	31.15620232	1.09335022	0.23114768762233648	0.0122586	0.00119
-0.0059	0.0383	-0.1617	0.0017051866791984597	0.0005166174585903216	0.0003874630939427412	1.04557252	27.47821426	0.98164029	0.0931049157835756	0.0139807	0.0016
0.0001	0.1725	-0.1475	0.001403244718603441	0.0003438298626428829	0.0002722713633111154	1.08160758	28.42523384	1.02161653	0.18389606435870412	0.0129473	0.00126
-0.0018	0.2771	-0.1835	0.0016755160819145565	0.0003612831551628262	0.000312413936106985	1.11285496	29.24643135	0.99886895	0.15899336143134643	0.0130272	0.0016
-0.0034	0.0405	-0.1706	0.001420698011123384	0.0005288347633542819	0.0004921828490624009	1.25393248	32.95402527	1.12840821	0.28120692959690213	0.0144373	0.00169
-0.0007	0.0466	-0.1299	0.001324704902263696	0.0004747295565424576	0.0006038839211900379	1.04195654	27.38318443	0.97049183	0.06258996938995749	0.0147791	0.00139
0.0068	0.2312	-0.1303	0.0017086773377024485	0.00040840704496667313	0.0005724679946541401	1.18173301	31.0565834	1.07741674	0.21658554367752167	0.0134197	0.00126
0.0074	0.2091	-0.1561	0.0015219271077390555	0.0003647738136668148	0.0005707226654021458	1.07564163	28.26844406	0.99644374	0.06010643952576226	0.0127305	0.00112
0.0091	0.0526	-0.1361	0.002050761871093337	0.0003577924966588376	0.0006946410422937432	1.16412973	30.59395981	1.03209137	0.2111867228626928	0.0142714	0.00177
0.0104	0.1177	-0.1076	0.001996656664281513	0.0003298672286269283	0.0007714355293814937	1.01863825	26.77036667	0.97764966	0.10284124809657416	0.0140085	0.00152
0.0149	0.2276	-0.1196	0.0014782938764391971	0.00027750735106709843	0.0005358160803622592	1.07478476	28.24592781	1.01234347	0.166717105721069	0.0138427	0.00115
0.018	0.1398	-0.1417	0.0012426744274199627	0.00022165681500327985	0.0006998770300497262	1.15447176	30.34014511	0.99681738	0.13577654673852596	0.014167	0.00102
0.0048	0.0619	-0.1444	0.0013753194505715315	0.0004014257279586958	0.000783652834145454	1.06914723	28.09776878	0.9852644	0.11360948701013564	0.0139384	0.00111
0.0054	0.1657	-0.1121	0.0017034413499464657	0.00023911010752322313	0.0007190756518216638	1.12811995	29.64760399	1.0141445	0.16445073510670982	0.0133842	0.00111
0.0018	0.2885	-0.1492	0.0017994344588061536	0.00034208453339088857	0.0006265732014659643	1.12639749	29.60233688	1.02967814	0.1780734992541526	0.0130737	0.00147
0.0025	0.1401	-0.1746	0.0017994344588061536	0.0005218534463463045	0.0006719517620178169	1.14630687	30.12556648	1.0504737	0.1857573736753634	0.0124852	0.00115
0.0049	-0.0059	-0.1407	0.002134537675189065	0.0005916666164260777	0.0007278022980816354	1.16038656	30.4955883	1.03682906	0.2053383461263252	0.0153074	0.00162
0.0087	0.1162	-0.1176	0.002649409804527392	0.0003700098014227979	0.00062482787221397	1.07751441	28.31766319	1.02315603	0.1909751685104636	0.0137363	0.00108
0.0056	0.2413	-0.1525	0.0027942721324429216	0.000291469985083053	0.0005602506898901797	1.1264416	29.60349655	1.04130658	0.1774989663289532	0.0135714	0.00137
0.0093	0.1749	-0.1768	0.002593559268463574	0.0004310963252425994	0.0008482300164692441	1.06747711	28.05387878	1.00570012	0.1258159265358979	0.012642	0.00123
0.0085	0.0786	-0.1443	0.0029234264970905022	0.00034208453339088857	0.0010524335389525807	1.09279239	28.71917725	1.00371406	0.16075412714809875	0.0142658	0.00152
0.0191	0.1023	-0.1272	0.002967059728390361	0.0001291543646475804	0.0009564404300928925	1.00566852	26.42951393	0.97732269	0.06902782544514276	0.0150665	0.0018
0.0204	0.2086	-0.1631	0.0028012534494508993	0.0002181661564992912	0.000926769832808989	1.09732759	28.83836365	1.02515371	0.15772443340375375	0.0134634	0.00174
0.0179	0.1816	-0.1743	0.0026668630970473357	0.0003211405823669566	0.0009773843811168245	1.06994593	28.11875916	0.95727464	0.05509896632895324	0.0131323	0.00163
0.0188	0.0982	-0.1425	0.002673844414055313	0.00016231562043547262	0.0011239920382843482	1.07112753	28.1498127	0.98470975	0.13172069680534929	0.0142204	0.00162
0.0262	0.1415	-0.1338	0.0027349309378751144	0.000148352986419518	0.0011274826967883368	1.00988495	26.54032326	0.97614932	0.06332699081698723	0.0141942	0.00139
0.0227	0.3204	-0.1928	0.0027942721324429216	0.00038048177693476387	0.0011519173063162574	1.2286092	32.288517	1.07195103	0.2571952297305487	0.014825	0.00283
0.021	0.2109	-0.1892	0.0022794000031045943	0.0004415683007545654	0.001223475805648025	1.13628983	29.86231422	1.0251852	0.14717585762449484	0.0136806	0.00214
0.0214	0.0514	-0.1216	0.0012618730491919003	0.0005672320068981572	0.0012601277199399059	1.31110168	34.45646286	1.11113314	0.2864921287174083	0.0152786	0.0017
0.0287	0.0718	-0.0748	0.0012356931104119853	0.0004049163864626844	0.0011065387457644049	1.04050791	27.34511185	1.0019193	0.09160422666954444	0.0169228	0.00191
0.0391	0.3025	-0.0163	0.0006265732014659643	0.0002722713633111154	0.0011728612573401894	1.29674363	34.07912445	1.22266143	0.3400043721836687	0.0204983	0.0076
0.0343	0.2038	-0.0626	0.0005619960191421741	0.0004136430327226561	0.0010681415022205296	1.09857285	28.87108994	1.05904695	0.16533343034274953	0.0168404	0.00309
0.0273	-0.0284	-0.0515	0.001117010721276371	0.00040666171571467877	0.0010663961729685354	1.233078	32.40596008	1.13314508	0.2784870674197084	0.0201611	0.00286
0.0245	-0.0249	-0.06	0.0012339477811599909	0.00042760566673861073	0.0010629055144645468	0.99537647	26.15903282	0.96550313	0.02186858347057703	0.0200191	0.00238
0.0338	0.1145	-0.0235	0.0007801621756414653	0.0002583087292951608	0.0010716321607245184	1.07973599	28.37604713	1.03580019	0.21679045946109737	0.0190954	0.00275
0.0269	0.2386	-0.045	0.0006667157742618339	5.4105206811824215e-05	0.0008342673824532895	1.12787414	29.6411438	1.05094625	0.18025073510670983	0.0171855	0.00264
0.024	0.039	-0.0612	0.0006544984694978735	-4.886921905584123e-05	0.0009162978572970229	1.18677294	31.18903732	1.09552799	0.228561110273768	0.0188442	0.00257
0.0297	0.0306	-0.0589	0.001350884841043611	0.00015009831567151235	0.0011955505376161158	1.05233359	27.65589905	0.98808192	0.07513032932960918	0.018393	0.00207
0.032	0.0785	-0.0347	0.0016545721308906245	-4.886921905584123e-05	0.0011449359893082802	1.01731563	26.73560524	0.98284832	0.10206346864411012	0.0186213	0.00217
0.0269	0.135	-0.0713	0.0013788101090755204	7.504915783575618e-05	0.0009564404300928925	1.10163057	28.95145035	0.99623185	0.12760879789610446	0.0164067	0.0019
0.0214	0.0894	-0.0795	0.0018762289458939042	0.00011344640137963142	0.0010873401239924673	1.07783031	28.32596397	0.98067651	0.09263578871309171	0.0170385	0.00177
0.022	0.065	-0.0426	0.001656317460142619	-1.9198621771937625e-05	0.0009634217471008699	1.09191012	28.69599152	0.98103449	0.08572374428972257	0.0182003	0.00191
0.0183	0.185	-0.0525	0.0017505652397503124	-0.00019547687622336493	0.0008604473212332044	1.08716106	28.57118225	1.01886278	0.15227502299633933	0.0173732	0.00173
0.0173	0.0736	-0.074	0.0018849555921538759	1.5707963267948964e-05	0.0010576695267085637	1.12485087	29.56168938	1.03969109	0.16103986986851182	0.0176278	0.00207
0.0127	0.014	-0.0583	0.0019722220547535923	8.901179185171081e-05	0.0010332349171806431	1.12955666	29.68536186	0.98568872	0.08915024503556995	0.019056	0.00206
0.0257	0.1477	-0.0125	0.001059414855960558	2.792526803190927e-05	0.0008691739674931761	1.12005985	29.43578148	1.06642062	0.2493977336150152	0.0189989	0.00224
0.0208	0.2368	-0.0219	0.0013055062804917586	9.599310885968811e-05	0.0008988445647770796	1.06501734	27.98923302	1.00948264	0.12059149313214416	0.0175976	0.00285
0.0215	0.0639	-0.0414	0.0009512044423369096	0.0004729842272904633	0.0011013027580084218	1.16989326	30.74542999	1.06418493	0.23978755749084832	0.0181374	0.0021
0.0172	0.0028	-0.0403	0.0017348572764823637	0.0005061454830783556	0.0008482300164692441	1.13175178	29.74305153	1.01630655	0.1199943415736262	0.0184771	0.00128
0.0197	0.0519	-0.0236	0.001864011641129944	0.00045553093477052	0.0008709192967451704	1.04470873	27.45551109	1.00861491	0.0784229096615671	0.0186843	0.00152
0.0265	0.1929	-0.0294	0.0017645278737662671	0.00015009831567151235	0.00091106186954104	1.1374743	29.89344215	1.06006796	0.1758529479629277	0.017371	0.00211
0.0203	0.1478	-0.086	0.0019355701404617114	0.0008080874436733745	0.0009512044423369096	1.13259304	29.76515961	1.0185883	0.1513586983746588	0.0149881	0.00139
0.0178	-0.0276	-0.0896	0.0029059732045705585	0.0009023352232810684	0.0008552113334772215	1.18376243	31.10991859	1.07660483	0.23953219762881145	0.0178723	0.00179
0.0175	0.029	-0.0713	0.003316125578789226	0.0008133234314293575	0.0006597344572538566	1.0133884	26.6323967	0.97393431	0.10993205211468716	0.0173373	0.00139
0.0158	0.2731	-0.1146	0.003480186528476693	0.0008168140899333463	0.000614355896702004	1.27782667	33.58197784	1.14553207	0.29974650843716544	0.0145082	0.0023
0.0203	0.0694	-0.1104	0.003745476574779831	0.0006998770300497262	0.0007278022980816354	1.20234811	31.59836006	1.09124761	0.23718367537831944	0.0153664	0.00118
0.0174	0.005	-0.0869	0.0035499996985564664	0.0007435102613495844	0.000736528944341607	1.0309211	27.09316635	0.97772515	0.10319183768915972	0.0174538	0.00125
0.0102	0.2177	-0.0869	0.0032166418114255493	0.0008255407361933179	0.0007243116395776468	1.18475497	31.13600159	1.10779606	0.24128028333693047	0.0143163	0.00115
0.0105	0.1877	-0.1147	0.0030543261909900766	0.0010768681484805013	0.0008621926504851988	1.09674501	28.82305527	0.99924776	0.08567620218151038	0.0139945	0.00112
0.0134	-0.0113	-0.0736	0.003876376268679406	0.001048942880448592	0.0008203047484373349	1.24609423	32.74803162	1.114708	0.2875931623884552	0.0182261	0.00177
0.018	0.183	-0.0567	0.0029548424236264	0.0009896016858807848	0.0009948376736367678	1.17989981	31.00840569	1.10370916	0.2735703982410123	0.0152879	0.00123
0.0188	0.1276	-0.088	0.002958333082130389	0.0011309733552923255	0.0009965830028887623	1.07268608	28.1907711	0.9729592	0.0948303828583762	0.0144609	0.00078
0.0134	0.0277	-0.0882	0.003152064629101759	0.0010611601852125523	0.0009354964790689606	1.10135913	28.94431496	0.97626737	0.12173156204354722	0.0158058	0.00103
0.0133	0.135	-0.0617	0.0027331856086231197	0.00091106186954104	0.0006824237375297829	1.05745351	27.79045105	1.0159898	0.17500250388446648	0.015052	0.00088
0.013	0.2555	-0.0833	0.0021118483949131386	0.0009773843811168245	0.0006300638599699529	1.12260354	29.50262833	1.03305799	0.17940098014227976	0.013756	0.00113
0.016	0.0722	-0.0809	0.002178170906488923	0.0011397000015522971	0.0007627088831215222	1.15509796	30.35659981	1.05446137	0.20676415775814133	0.0150228	0.00067
0.0106	-0.0486	-0.0474	0.0015481070465189703	0.0010838494654884787	0.0005654866776461627	1.16123533	30.51789474	1.06618587	0.2038568300754565	0.0195207	0.00183
0.0104	0.1869	0.0032	0.0022776546738526	0.0008342673824532895	0.0007923794804054256	1.28576982	33.79072952	1.18407965	0.3466011256564041	0.0174452	0.00135
0.0031	0.2145	-0.0233	0.0006597344572538566	0.0007696902001294993	0.0008499753457212384	1.25660563	33.02427673	1.10037544	0.14840466321191728	0.0174665	0.00296
0.0057	0.0635	-0.0907	0.0009197885158010115	0.0011536626355682519	0.0011030480872604163	1.23114884	32.35525894	1.13162886	0.26585496177625423	0.01599	0.00183
0.0011	0.0585	-0.0507	0.00011693705988362007	0.0014172073526193955	0.0011135200627723821	1.10769701	29.11087799	1.03055703	0.10344340742402504	0.0171185	0.0023
-0.0373	0.0266	-0.0449	0.00048171087355043494	0.0013683381335635543	0.00047123889803846896	1.0964514	28.81533623	1.04222283	0.12889620987282846	0.0172158	0.00247
-0.0372	0.1642	-0.0379	0.0010890854532444615	0.0013212142437597075	3.665191429188092e-05	1.15105593	30.25037384	1.05988138	0.19915427266222308	0.0146306	0.0018
-0.0493	0.2495	-0.0655	0.001155407964820246	0.0018901915799098587	-0.00024085543677521747	1.0839591	28.48703384	1.01203697	0.17064035993965168	0.0137915	0.00272
-0.0436	0.1175	-0.0736	0.0013281955607676848	0.0019373154697137059	-0.00013439035240356338	1.11769342	29.37358856	1.02829798	0.162118828506147	0.0135978	0.00207
-0.0346	-0.012	-0.0676	0.0012793263417118436	0.002033308578573394	1.0471975511965975e-05	1.07488227	28.24848938	1.01410577	0.1589862327915529	0.0167474	0.00186
-0.0259	0.0216	-0.0326	0.0011344640137963143	0.0016388641676226754	6.9813170079773176e-06	1.03605354	27.22805023	0.99910571	0.10443986986851182	0.0181316	0.00221
-0.0185	0.1455	-0.041	0.0006056292504420323	0.0014381513036433276	0.00014486232791552936	1.06907964	28.09599304	1.01332394	0.18307143191205907	0.0160596	0.00149
-0.0128	0.1233	-0.0612	0.001500983156715123	0.0014905111812031574	9.075712110370512e-05	1.04710555	27.51850128	1.011267	0.0981909495322372	0.0146248	0.00099
-0.0035	-0.1085	-0.0341	0.0019826940302655584	0.0013683381335635543	0.0001256637061435917	1.29877007	34.13238144	1.14054195	0.30013952531149624	0.0215907	0.00252
-0.0039	0.1346	0.0091	0.0009616764178488756	0.0011449359893082802	-0.00011519173063162575	1.26392174	33.21654892	1.16378397	0.36096375967235866	0.0175821	0.00177
-0.0137	0.1035	0.026	0.0007295476273336296	0.0009023352232810684	-0.00013439035240356338	1.0728128	28.19410324	0.98190202	0.08249640891571977	0.0184186	0.00198
-0.0148	-0.1235	0.0579	0.0011728612573401894	0.0010175269539126942	0.0001239183768915974	1.29798973	34.11187363	1.14450352	0.3008407044966672	0.0273185	0.00478
-0.0084	0.006	0.0987	0.0011903145498601325	0.0011117747335203881	-0.00013788101090755203	1.10408509	29.01595497	1.06196563	0.19537502299633927	0.024734	0.00395
-0.011	0.1776	0.0399	0.0015498523757709647	0.0012339477811599909	-0.00015533430342749534	1.19000578	31.27399635	1.07709752	0.2579582083035189	0.0180509	0.00145
-0.0198	0.1112	-0.0144	0.0019303341527057286	0.0013404128655316449	-0.00034906585039886593	1.08547485	28.52686691	1.00789478	0.16353392041388945	0.0155697	0.00088
-0.0219	-0.0996	-0.0396	0.002469640891571976	0.001424188669627373	-0.0004974188368183839	1.23359239	32.41947556	1.11001201	0.27667177646907465	0.0196576	0.00167
-0.0128	-0.094	0.0018	0.001933824811209717	0.0009302604913129776	-0.0003001966313430247	1.00851035	26.50419807	0.99608542	0.11744832320760067	0.0221471	0.00241
-0.0181	0.1097	0.0179	0.0016912240451825054	0.0012618730491919003	-0.00024085543677521747	1.16661477	30.65926933	1.08269886	0.2567777259236971	0.0173354	0.00105
-0.0221	0.096	-0.0347	0.00205599785884932	0.001621410875102732	-0.0003647738136668148	1.11391544	29.27430153	0.99726155	0.1127115008234622	0.0149273	0.00055
-0.0187	-0.0863	-0.0565	0.002522000769131806	0.0018064157758141308	-0.0002530727415391778	1.23363328	32.4205513	1.07121451	0.24563544415607608	0.0184225	0.00132
-0.0146	-0.004	-0.0345	0.002145009650701031	0.001514945790731078	-0.00020594885173533088	1.02468812	26.92935944	0.9825624	0.14417924966588372	0.01657	0.00088
-0.0182	0.1147	-0.0104	0.0017976891295541592	0.001254891732183923	-0.0005288347633542819	1.08014405	28.38677025	1.0259003	0.19291302456564888	0.015689	0.00082
-0.0272	0.1412	-0.0342	0.0017418385934903407	0.0014765485471872027	-0.0005044001538263612	1.02786219	27.01277542	0.97330367	0.07439709802975093	0.0139524	0.00067
-0.0301	0.0291	-0.0575	0.001965240737745615	0.0015079644737231008	-0.0005009094953223725	1.09447622	28.76342773	1.0017024	0.151215436464758	0.0151521	0.00074
-0.0266	-0.0444	-0.0398	0.00205599785884932	0.0015446163880149814	-0.0003647738136668148	1.05343449	27.68482971	0.97382512	0.10787723585255717	0.0177458	0.00098
-0.0265	0.0051	-0.0178	0.0018832102629018814	0.001500983156715123	-0.0003630284844148205	0.99356008	26.11129761	0.95485851	0.08250830782496457	0.0169493	0.00081
-0.0274	0.2146	-0.0386	0.0022724186860966175	0.0016057029118347831	-0.0005724679946541401	1.21956885	32.05093002	1.10060724	0.26636838442768584	0.0135563	0.00074
-0.0326	0.0821	-0.0715	0.0027157323161031764	0.0016650441064025902	-0.0006422811647339132	1.08209825	28.43812752	1.02110546	0.1992233997327069	0.0125492	0.00051
-0.033	-0.0642	-0.0697	0.002960078411382383	0.0018029251173101424	-0.0004310963252425994	1.08081675	28.40445137	1.0094263	0.17817059728390364	0.0167266	0.00116
-0.033	0.1359	-0.0473	0.0029146998508305304	0.0016859880574265225	-0.00048520153205442357	1.14133739	29.9949646	1.06903245	0.23332104136236484	0.0130437	0.00069
-0.0442	0.1127	-0.0821	0.0027401669256310974	0.0017366026057343581	-0.0007539822368615504	1.01843584	26.76504707	0.95748842	0.09389640891571976	0.0117438	0.0004
-0.0421	-0.0187	-0.0704	0.0026790804018112955	0.0017540558982543013	-0.0006318091892219474	1.05436313	27.70923615	0.99088076	0.15523564319896743	0.0152233	0.00077
-0.0477	0.0515	-0.0293	0.0022165681500327986	0.0013910274138394805	-0.0007993607974134029	1.03135574	27.10458946	0.97997437	0.16655461721923867	0.0152009	0.00096
-0.0493	0.196	0.02	0.002150245638457014	0.0015393804002589986	-0.0008377580409572782	1.1575191	30.42022896	1.08328637	0.20805363707695887	0.0169079	0.00197
-0.0545	0.1197	-0.0388	0.0018273597268380628	0.0017819811662862105	-0.0008080874436733745	1.16469252	30.6087513	1.03732163	0.1700578637465034	0.0140873	0.00079
-0.0601	-0.0801	-0.0371	0.0020315632493213996	0.0021153390534171274	-0.0007347836150896127	1.30396783	34.26898193	1.09962692	0.2376432619099008	0.0182669	0.00149
-0.0524	-0.0331	-0.0376	0.002118829711921116	0.0020734511513692635	-0.0005585053606381855	1.02634752	26.97297096	0.98723225	0.07047163095495038	0.0166214	0.0012
-0.041	0.1098	-0.0288	0.0018273597268380628	0.002054252529597326	-0.00045553093477052	1.13730001	29.88886261	1.07209442	0.1837821516361328	0.0144984	0.00094
-0.0396	0.2305	-0.0541	0.0016667894356545846	0.002251474735072685	-0.00029845130209103034	1.09638524	28.81359863	1.02402649	0.1731436064669164	0.0123569	0.0006
-0.0374	0.0749	-0.0442	0.0016545721308906245	0.002239257430308725	-0.00026354471705114377	1.15316641	30.30583763	1.03413464	0.17066705972839036	0.0141187	0.00054
-0.0294	-0.0642	-0.0332	0.0016912240451825054	0.0022846359908605773	-0.00013788101090755203	1.11610472	29.33183861	1.01551134	0.16848470904936627	0.0182195	0.0016
-0.0265	0.0539	-0.0394	0.0015515977050229591	0.0021886428820008896	-0.00013439035240356338	1.02789521	27.01364326	0.99494115	0.1391555053761611	0.0148003	0.00057
-0.0345	0.1552	-0.0491	0.0017034413499464657	0.0024678955623199817	-0.00017453292519943296	1.04597235	27.48871994	0.98645323	0.14256194490192342	0.0131608	0.00055
-0.0429	0.1336	-0.1079	0.002228785454796759	0.0026581364507873638	-0.0004206243497306334	1.09999132	28.90836716	1.00159315	0.1368838208924438	0.0109234	0.00031
-0.0373	-0.0049	-0.0869	0.0026546457922833754	0.002466150233067988	-0.0003630284844148205	1.11968637	29.42596626	1.01627435	0.19887212102609023	0.013809	0.00057
-0.0384	0.0412	-0.0786	0.0029059732045705585	0.0025586526834236872	-0.0003700098014227979	1.00044334	26.29219246	0.96065986	0.073040558982543	0.0132121	0.00062
-0.0437	0.1266	-0.0178	0.0023003439541285265	0.002384119758224254	-0.0005899212871740833	1.04462838	27.45339966	1.01531203	0.2015036830696376	0.0135123	0.00052
-0.0537	0.1641	-0.0573	0.002092649773141201	0.0026773350725593018	-0.0005340707511102648	1.04623449	27.49561119	0.97587619	0.11483800156930958	0.0114323	0.00041
-0.047	0.0152	-0.0622	0.0024452062820440558	0.0027715828521669953	-0.00046425758103049166	1.09519207	28.78224182	1.01512493	0.18633087292951608	0.01355	0.00064
-0.044	-0.0062	-0.0726	0.0024556782575560214	0.0026755897433073067	-0.0004188790204786391	1.02875793	27.03631592	0.95908983	0.04239218224617533	0.0141028	0.00079
-0.0513	0.1135	-0.0619	0.0021799162357409173	0.0026319565120074486	-0.0007295476273336296	1.07855165	28.34492111	1.01690304	0.16920319299849762	0.0116198	0.00043
-0.0544	0.1601	-0.0896	0.0022130774915288098	0.002708750999095199	-0.0007923794804054256	1.03444052	27.1856575	0.97633607	0.08603937979737197	0.0101849	0.00038
-0.0496	0.0742	-0.0893	0.0025481807079117207	0.0028309240467348025	-0.0005480333851262194	1.03565812	27.21765709	0.98173401	0.126081117965086	0.0114983	0.0006
-0.0456	0.0586	-0.0945	0.0023911010752322315	0.002858849314766712	-0.0004747295565424576	0.96536511	25.37031937	0.93986968	0.037715436464758015	0.0115328	0.00044
-0.047	0.044	-0.1002	0.00239459173373622	0.002782054827678961	-0.0006562437987498679	0.96795785	25.43845749	0.93680971	0.03478996938995749	0.0124558	0.00068
-0.0536	0.2066	-0.1273	0.002282890661608583	0.0028379053637427798	-0.0008429940287132613	1.18015838	31.01520157	1.06801527	0.21401509190774248	0.0105656	0.00055
-0.0553	0.05	-0.1356	0.002700024352835228	0.002886774582798621	-0.0008360127117052838	1.12504673	29.56683922	1.03727066	0.1902492113645232	0.0111991	0.00057
-0.0538	-0.0197	-0.1133	0.0025446900494077327	0.0028640853025226946	-0.0006038839211900379	1.04040301	27.34235573	0.95103768	0.11400761871093336	0.0134584	0.00077
-0.047	0.0571	-0.0817	0.0024556782575560214	0.002806489437206882	-0.0006806784082777885	0.9940334	26.12373734	0.95734704	0.12637010721276373	0.0122867	0.00041
-0.0521	0.2226	-0.1129	0.002366666465704311	0.003003711642682241	-0.0007888888219014368	1.14577484	30.11158371	1.03593976	0.22152222054753584	0.00982183	0.00043
-0.0536	0.0883	-0.1309	0.0027960174616949163	0.002898991887562581	-0.0008761552845011534	1.12109745	29.46304893	1.01136364	0.18486686068549904	0.0105053	0.00058
-0.0519	-0.0075	-0.1116	0.0029653143991383657	0.0028396506929947744	-0.0009424777960769379	1.10936272	29.15465355	0.98468611	0.131548032179352	0.0127577	0.00052
-0.0532	0.0957	-0.0789	0.0030647981665020423	0.0027942721324429216	-0.00102799892942466	1.04630077	27.4973526	0.98582157	0.14871917306316257	0.011798	0.00044
-0.0561	0.1839	-0.0816	0.0029548424236264	0.0028675759610266834	-0.0011327186845443199	1.0492177	27.57401085	0.98836365	0.1081989663289532	0.0108374	0.00058
-0.0548	0.043	-0.0933	0.0029792770331543207	0.0029164451800825246	-0.0010681415022205296	1.09230268	28.70630836	1.01456611	0.1607940505453776	0.0116979	0.00048
-0.0685	0.061	-0.0997	0.0025586526834236872	0.002642428487519415	-0.0014276793281313615	1.00255489	26.34768677	0.9526909	0.09080894341022877	0.010839	0.00037
-0.0671	0.1641	-0.0944	0.0024207716725161347	0.002935643801854462	-0.0012758356832078548	1.04101813	27.35852242	0.98791231	0.1389469985083053	0.00967938	0.00035
-0.0732	0.2032	-0.1417	0.002707005669843205	0.003134611336581816	-0.0013910274138394805	1.05187237	27.64377594	0.97307464	0.12251966313430249	0.00848794	0.00037
-0.0743	-0.0174	-0.1358	0.002930407814098479	0.0031433379828417875	-0.0013927727430914749	1.21514153	31.93457794	1.09578734	0.239293705988362	0.0114745	0.00048
-0.0748	0.0133	-0.151	0.0027872908154349444	0.0031974431896536117	-0.0012252211349000194	0.99228907	26.07789421	0.9595751	0.06463869068334072	0.0105326	0.00052
-0.0794	0.1086	-0.1106	0.0026022859147235454	0.003298672286269283	-0.0014608405839192536	1.06947744	28.10644722	1.02542383	0.1663926723173152	0.00974441	0.00078
-0.0851	0.2354	-0.1114	0.0017208946424664088	0.0033999013828849537	-0.0014573499254152652	1.15931487	30.46742249	1.07409543	0.18260555136883977	0.00972408	0.00057
-0.0885	0.084	-0.1635	0.0026197392072434887	0.00352731041828054	-0.001450368608407288	1.21845806	32.02173996	1.0726228	0.25856174585903213	0.00934976	0.00061
-0.0818	-0.0218	-0.1408	0.002569124658935653	0.003387684078120994	-0.001270599695451872	1.15617907	30.38501167	1.00149674	0.15370049007113987	0.0116339	0.00062
-0.0774	0.0054	-0.1308	0.002103121748653167	0.003420845333908886	-0.0010576695267085637	1.01356173	26.63695145	0.9538094	0.0772047167406843	0.0112967	0.00048
-0.0789	0.1873	-0.1505	0.002464404903815993	0.003558726344816438	-0.0013386675362796509	1.14032066	29.96824646	1.04644859	0.24210810878207328	0.00791931	0.00023
-0.0754	0.1417	-0.1804	0.0028431413514987624	0.003560471674068432	-0.0012740903539558604	1.00576615	26.43207932	0.95937958	0.10125294796292772	0.00784945	0.00037
-0.0723	0.1218	-0.1702	0.0031764992386296795	0.0036983526849759846	-0.001192059879112127	1.00574911	26.43163109	0.96352958	0.060863468644110144	0.00892937	0.00045
-0.0785	0.2323	-0.1609	0.003077015471266003	0.003785619147575701	-0.0014556045961632708	1.04436767	27.44654846	0.98326189	0.14851474735072684	0.00834602	0.00038
-0.0777	0.2056	-0.1979	0.002935643801854462	0.0036931166972200015	-0.0014643312424232424	1.03366244	27.16520882	0.96212152	0.07663003830136057	0.00730574	0.00016
-0.0745	0.0555	-0.1788	0.0030525808617380824	0.0037088246604879502	-0.0013526301702956054	1.08283663	28.45753479	1.002449	0.18461730476396032	0.00886321	0.00047
-0.0742	0.048	-0.1585	0.0027436575841350863	0.003576179637336381	-0.00124965574442794	0.97407132	25.599123	0.94199455	0.055327136331111526	0.00943005	0.00047
-0.0709	0.2751	-0.1693	0.00231779724664847	0.003576179637336381	-0.0013473941825396225	1.21096587	31.82484055	1.09538437	0.267379938779915	0.00843823	0.00034
-0.0643	0.2382	-0.1775	0.0019024088846738192	0.0035918876006043304	-0.0013055062804917586	1.09379721	28.74558449	0.98454027	0.07534921136452322	0.00847274	0.00044
-0.0678	0.1121	-0.1926	0.0023230332344044524	0.0034068826998929313	-0.0012863076587198209	1.1196959	29.42621613	1.02278225	0.1759413936106985	0.0084182	0.00027
-0.0657	0.0755	-0.1694	0.002078687139125246	0.0034103733583969193	-0.0010768681484805013	1.11835968	29.39109993	0.97032359	0.08476381320112569	0.00875217	0.00038
-0.0692	0.2017	-0.16	0.0019058995431778078	0.003160791275361731	-0.001446877949903299	1.09794903	28.85469627	1.02003447	0.1787189740202712	0.00772017	0.00047
-0.0758	0.3095	-0.1999	0.0022218041377887812	0.0035883969421003415	-0.0015079644737231008	1.11790776	29.37922287	1.03816631	0.19452983925846928	0.00869536	0.00079
-0.0757	0.087	-0.1714	0.002234021442552742	0.0034295719801688577	-0.0013316862192716734	1.24563134	32.73586655	1.12655744	0.2684660260573436	0.00856644	0.00054
-0.0723	0.0308	-0.165	0.0024294983187761066	0.00325329372571743	-0.0013264502315156904	1.02445424	26.92321205	0.97149437	0.08484955592153874	0.0106876	0.00065
-0.0753	0.0651	-0.1651	0.0022078415037728267	0.0031468286413457764	-0.0015306537539990272	1.00937164	26.52683449	0.95630256	0.06401627109291352	0.00986755	0.00054
-0.0789	0.2167	-0.2005	0.001932079481957723	0.0032340951039454926	-0.0016615534478986017	1.20050478	31.54991531	1.06692125	0.2152964089157197	0.00861853	0.00058
-0.0778	0.0578	-0.1702	0.0021013764194011725	0.0030979594222899347	-0.0016528268016386303	1.13718259	29.88577652	1.04400629	0.206007963267949	0.00975043	0.0006
-0.0759	0.058	-0.1448	0.00182212373908208	0.0030176742766981957	-0.001635373509118687	1.06251383	27.92343903	0.9893002	0.04634955592153873	0.00993437	0.00057
-0.0724	0.1707	-0.1278	0.0016545721308906245	0.0031049407392979124	-0.00152367243699105	1.04381084	27.43191528	0.98018165	0.1515259571459404	0.00859874	0.00026
-0.077	0.1573	-0.1554	0.001858775653373961	0.003166027263117714	-0.0015987215948268059	1.00531924	26.42033577	0.94914672	0.06261696020694471	0.00808042	0.00021
-0.0787	0.0668	-0.1571	0.0018901915799098587	0.0032899456400093115	-0.001593485607070823	1.04238546	27.39445496	0.99004227	0.10192851455917389	0.00861162	0.0005
-0.069	0.0414	-0.1324	0.0021519909677090087	0.003412118687648914	-0.001499237827463129	1.06028056	27.864748	1.00093994	0.08371101075232233	0.0106738	0.00058
-0.0517	0.2135	-0.1691	0.0020682151636132805	0.002930407814098479	-0.0014049900478554352	1.18799806	31.22123337	1.0957632	0.25908672286269285	0.00842398	0.00061
-0.0561	0.2222	-0.1868	0.0018832102629018814	0.003014183618194207	-0.001308996938995747	1.20579827	31.68903351	1.06432036	0.04903869068334074	0.00927693	0.00072
-0.0642	0.1463	-0.2239	0.0018570303241219666	0.003077015471266003	-0.001350884841043611	1.12839329	29.65478706	1.00368847	0.12764498469497873	0.0091821	0.00096
-0.0696	0.04	-0.2007	0.0024975661596038853	0.0034365532971768345	-0.0014660765716752368	1.19453907	31.39313316	1.04092347	0.1906632696012188	0.00944579	0.00082
-0.0736	0.0414	-0.1872	0.003160791275361731	0.0033562681515850955	-0.0018151424220741027	1.0975579	28.84441566	1.014991	0.0735288055874225	0.00944942	0.00095
-0.0738	0.2001	-0.2048	0.0036547194536761256	0.003598868917612307	-0.001996656664281513	1.13983572	29.95550156	1.03839495	0.2224021593274509	0.0082134	0.00072
-0.0687	0.2491	-0.2351	0.0037699111843077517	0.0034644785652087444	-0.002090904443889207	1.10065794	28.92588806	0.99460903	0.10159149313214412	0.00894839	0.00079
-0.0661	0.0476	-0.1951	0.003492403833240653	0.003342305517569141	-0.002089159114637212	1.24784088	32.79393387	1.07753637	0.2641712863979348	0.00892341	0.00054
-0.0538	0.0665	-0.1428	0.002754129559647052	0.0031503192998497648	-0.0019512781037296606	1.0206356	26.82285881	0.97661983	0.13690707511102643	0.00959384	0.00051
-0.0685	0.2525	-0.1808	0.0031712632508736965	0.003455751918948773	-0.0020699604928652747	1.21194243	31.85050392	1.0959257	0.2807624349730633	0.00839251	0.00055
-0.0739	0.2035	-0.224	0.0032306044454415038	0.003611086222376268	-0.002054252529597326	1.10790336	29.11630249	0.97470325	0.10911917306316259	0.00748378	0.00035
-0.079	-0.009	-0.2038	0.0033108895910332428	0.0034714598822167216	-0.002183406894244906	1.22278619	32.13548279	1.0875067	0.2552532925199433	0.00980538	0.00057
-0.0905	0.0227	-0.1695	0.002722713633111154	0.003426081321664869	-0.002143264321449037	1.02296448	26.88406181	0.96444258	0.11118485456349052	0.00981075	0.00035
-0.089	0.1199	-0.1855	0.002701769682087222	0.0036651914291880917	-0.002092649773141201	1.04661798	27.50568771	0.98496355	0.1302334303427495	0.00769824	0.00034
-0.0961	0.3057	-0.231	0.00301941960595019	0.003787364476827695	-0.002450442269800039	1.19723439	31.46396828	1.06548573	0.27828077340807045	0.00830191	0.00047
-0.0916	0.1406	-0.2218	0.0029059732045705585	0.003623303527140228	-0.0022410027595607188	1.1690681	30.72374344	1.05880929	0.20314734306532092	0.00692391	0.00037
-0.0907	0.0109	-0.177	0.002623229865747477	0.003569198320328404	-0.0022008601867648495	1.13189936	29.74692917	1.01749612	0.19424955592153875	0.00948584	0.00047
-0.0869	0.1325	-0.169	0.0025028021473598684	0.003485422516232676	-0.002036799237077382	1.04935002	27.57748795	0.99715619	0.15181322360854016	0.00780785	0.0003
-0.0906	0.2912	-0.2031	0.002665117767795341	0.003673918075448063	-0.0021676989309769574	1.14161599	30.00228882	1.02418181	0.22058554367752167	0.00782233	0.0003
-0.0916	0.1078	-0.2209	0.002494075501099897	0.003680899392456041	-0.0022794000031045943	1.16794991	30.69435692	1.06009508	0.2166862327915529	0.00749737	0.00026
-0.0919	0.0159	-0.1933	0.0026441738167714093	0.0036704274169440743	-0.0022410027595607188	1.11798346	29.38121223	0.99774584	0.12974837673636774	0.00927144	0.00071
-0.0923	0.1236	-0.1855	0.0026546457922833754	0.0035883969421003415	-0.0022916173078685546	1.029019	27.04317665	0.98380078	0.12305584993317673	0.00764227	0.00027
-0.0938	0.221	-0.1665	0.0023457225146803788	0.0036302848441482054	-0.0023911010752322315	1.03027296	27.07613182	0.98080261	0.14041474735072687	0.00748289	0.00033
-0.0904	0.3167	-0.18	0.0020943951023931952	0.003682644721708035	-0.0023788837704682713	1.08227205	28.44269753	0.9862333	0.12839522973054862	0.00836533	0.00041
-0.0906	0.2209	-0.2096	0.002464404903815993	0.003522074430524557	-0.002314306588144481	1.13092375	29.72129059	0.99875257	0.15535786374650326	0.00774413	0.00048
-0.0819	-0.0121	-0.1574	0.00243473430653209	0.0034400439556808234	-0.0020664698343612863	1.36094487	35.76636887	1.13995189	0.31187689129554164	0.0104473	0.00061
-0.0819	0.0061	-0.1457	0.0024260076602721182	0.0032759830059933565	-0.0020943951023931952	1.02244532	26.87041855	0.95633054	0.039935643198967405	0.0107701	0.00058
-0.0802	0.1602	-0.1525	0.002150245638457014	0.0033667401270970616	-0.0021642082724729686	1.12093437	29.45876312	1.05213531	0.18441661564992917	0.00773996	0.00035
-0.0947	0.2214	-0.2003	0.0018273597268380628	0.003516838442768574	-0.0022654373690886398	1.05191004	27.64476585	0.98912631	0.15221066619530677	0.00688022	0.00021
-0.0878	0.1137	-0.1931	0.002209586833024821	0.0033527774930811067	-0.0021135937241651332	1.07502997	28.25237083	0.98689866	0.15670658503988663	0.00713336	0.00027
-0.0873	0.0602	-0.1752	0.0023352505391684127	0.0034417892849328176	-0.00200363798128949	1.04541695	27.47412491	0.96586384	0.08813156204354726	0.00855625	0.00028
-0.0856	0.0836	-0.1591	0.0020594885173533086	0.0031730085801256907	-0.0020210912738094335	0.97919202	25.73369789	0.95030765	0.06929980095710872	0.00872737	0.00038
-0.0847	0.2652	-0.1941	0.0019181168479417679	0.0034295719801688577	-0.0018483036778619948	1.17538643	30.8897934	1.05720545	0.24603613327010732	0.00805271	0.0004
-0.081	0.1409	-0.2041	0.002190388211252884	0.0032515483964654355	-0.0020315632493213996	1.14280176	30.03344917	0.99972857	0.16967772592369715	0.00763351	0.00037
-0.078	0.0409	-0.1627	0.002239257430308725	0.0032794736644973454	-0.0019181168479417679	1.09922612	28.88825989	0.97723256	0.15391204442336912	0.00935519	0.0003
-0.0773	0.0771	-0.1521	0.0024434609527920616	0.0032812189937493396	-0.0020315632493213996	0.99064744	26.03475189	0.93907792	0.06346976265574812	0.00872189	0.00028
-0.0798	0.2405	-0.1744	0.0020245819323134223	0.003312634920285238	-0.0019669860669976093	1.1122613	29.23083115	1.02362499	0.21394360646691635	0.00761873	0.0004
-0.0812	0.1681	-0.1892	0.0022863813201125715	0.003267256359733385	-0.0019844393595175526	1.04938757	27.57847595	0.97346983	0.10483156204354727	0.00716472	0.00027
-0.0859	-0.009	-0.153	0.0020420352248333657	0.003274237676741362	-0.0018832102629018814	1.18004048	31.01210403	1.04555497	0.2356278254451427	0.0103189	0.00041
-0.0843	0.1569	-0.1472	0.00209614043164519	0.0032847096522533284	-0.002040289895581371	1.10271394	28.97992134	1.02467919	0.18438284075016403	0.00789195	0.00035
-0.0943	0.2758	-0.1252	0.0016650441064025902	0.0033283428835531865	-0.002005383310541485	1.13079929	29.71801949	1.02642086	0.17638180707911716	0.00907254	0.00057
-0.0838	0.2164	-0.1841	0.0015515977050229591	0.0032079151651655774	-0.001673770752662562	1.26974344	33.36954498	1.09507647	0.15707433388230807	0.0097962	0.00157
-0.0643	0.0809	-0.275	0.001895427567665842	0.0031764992386296795	-0.00152367243699105	1.36502421	35.87357712	1.18514627	0.2721672052425147	0.0101077	0.00128
-0.0726	0.1639	-0.269	0.0022113321622768156	0.0035622170033204267	-0.0016283921921107093	1.18167913	31.05516815	1.08459514	0.137617105721069	0.00785744	0.00062
-0.0703	0.0807	-0.2479	0.0026040312439755396	0.0038693949516714287	-0.0015498523757709647	1.13606656	29.85644531	1.03861577	0.14552084231947351	0.00880462	0.00031
-0.0683	0.1825	-0.2283	0.0024766222085799536	0.0037437312455278365	-0.001706932008450454	1.08438098	28.49812126	0.99045807	0.14390761871093338	0.00691622	0.00026
-0.0663	0.2107	-0.231	0.002131047016685076	0.003607595563872279	-0.0017941984710501708	1.03204703	27.12275505	0.97548025	0.06134886680750759	0.00738364	0.00035
-0.0696	0.1588	-0.2351	0.002593559268463574	0.003707079331235956	-0.0017139133254584315	1.0201472	26.81002045	0.96607817	0.09141405823669568	0.00716823	0.00044
-0.0699	0.0425	-0.2062	0.0024120450262561633	0.003703588672731967	-0.001689478715930511	1.08978391	28.64011192	1.01222447	0.15597197551196604	0.00877202	0.0006
-0.0698	0.2091	-0.2208	0.0027872908154349444	0.0037629298672997745	-0.001759291886010284	1.13419223	29.80718613	1.03734722	0.2065200076913181	0.00719529	0.0002
-0.0672	0.2139	-0.2434	0.002649409804527392	0.0036198128686362394	-0.001858775653373961	1.02572167	26.95652199	0.95371649	0.04902408884673824	0.00688261	0.00031
-0.0707	0.0979	-0.2274	0.0024836035255879313	0.0036215581978882336	-0.0018867009214058703	1.08625448	28.54735565	0.99885213	0.1452738438111682	0.00721753	0.00043
-0.0638	0.0733	-0.2047	0.0020769418098732523	0.0035744343080843866	-0.0016231562043547262	0.98247176	25.81989098	0.94311093	0.0900665161284835	0.00881267	0.00018
-0.0701	0.2278	-0.1903	0.002005383310541485	0.003452261260444784	-0.001801179788058148	1.10858774	29.13428688	1.02766197	0.1937877565337396	0.00742036	0.00028
-0.0763	0.2443	-0.2275	0.0020472712125893483	0.0035517450278084606	-0.001996656664281513	1.09151959	28.68572617	1.00627613	0.07674242728174525	0.00689501	0.00031
-0.0812	0.0103	-0.211	0.0017976891295541592	0.0035133477842645856	-0.0018360863730980347	1.28845692	33.8613472	1.14958687	0.2778274808881271	0.0103415	0.00048
-0.0826	0.0318	-0.2055	0.002036799237077382	0.0035133477842645856	-0.0018500490071139892	1.03750241	27.26612663	0.97553122	0.041053637076958895	0.00887012	0.00034
-0.0783	0.1868	-0.1964	0.0021642082724729686	0.0035883969421003415	-0.0019582594207376374	1.15502644	30.35472107	1.04969436	0.18393343034274956	0.00701702	0.00031
-0.0637	0.3383	-0.1813	0.0015690509975429022	0.0035622170033204267	-0.0017191493132144146	1.17394781	30.85198593	1.09086296	0.22422236606166016	0.0093267	0.00081
-0.0784	0.1331	-0.2276	0.00209614043164519	0.0036198128686362394	-0.0019111355309337906	1.21819305	32.01477432	1.10158276	0.30503357585687385	0.00652272	0.00028
-0.0808	-0.0046	-0.2273	0.0023020892833805202	0.0036477381366681488	-0.0019495327744776662	1.12120938	29.46599007	1.00815929	0.15401356816555575	0.00884092	0.00034
-0.0842	0.0545	-0.218	0.0021956241990088664	0.0037524578917878084	-0.0019425514574696887	1.01824498	26.76002884	0.95545767	0.08270830782496456	0.00765759	0.0002
-0.079	0.2402	-0.2123	0.0022410027595607188	0.003701843343479973	-0.002165953601724963	1.14724219	30.15014648	1.0353371	0.2125697626557481	0.00680524	0.00037
-0.0811	0.2027	-0.2561	0.002190388211252884	0.003782128489071712	-0.0021101030656611444	1.04430723	27.44495964	0.96094477	0.09273751149816961	0.00615835	0.00026
-0.0795	0.0166	-0.2441	0.0023649211364523163	0.003710569989739945	-0.0020472712125893483	1.13938105	29.94355202	1.03944079	0.21514616388014973	0.00822473	0.00028
-0.0791	0.0921	-0.24	0.0024172810140121463	0.003661700770684103	-0.0020769418098732523	1.01108873	26.57196045	0.95391509	0.08654498469497882	0.00694025	0.00027
-0.082	0.1907	-0.2356	0.0019233528356977512	0.0037245326237558994	-0.0021921335405048776	1.06085575	27.87986565	0.98355791	0.13949758810089083	0.00636035	0.00023
-0.0783	0.1384	-0.2136	0.0018867009214058703	0.003454006589696778	-0.0020594885173533086	1.06104088	27.88473129	0.97633362	0.09999114857512857	0.00774747	0.00041
-0.0744	0.0682	-0.1765	0.0015515977050229591	0.0033946653951289706	-0.0018029251173101424	1.07613504	28.28141212	0.99722616	0.14375039054969424	0.00823575	0.00028
-0.0707	0.0793	-0.1742	0.0014887658519511632	0.0033684854563490563	-0.001801179788058148	1.00454032	26.3998661	0.95925132	0.021637856055185225	0.00783563	0.00021
-0.0721	0.2726	-0.2016	0.0011117747335203881	0.0036163222101322505	-0.001954768762233649	1.19079208	31.29466057	1.05678956	0.2610208423194736	0.00736535	0.00027
-0.0736	0.1491	-0.2272	0.0014782938764391971	0.003413864016900908	-0.0018064157758141308	1.14296269	30.03767967	1.02384742	0.18646651612848353	0.00731236	0.0004
-0.0718	0.0475	-0.2122	0.0011239920382843482	0.0034051373706409367	-0.0017139133254584315	1.17210269	30.8034935	0.99874948	0.141176546738526	0.00802004	0.0003
-0.0741	0.1283	-0.2112	0.0013596114873035826	0.003492403833240653	-0.0018151424220741027	1.02707732	26.99214935	0.96605415	0.10530575041173108	0.00680602	0.00035
-0.0814	0.2808	-0.2383	0.0011641346110802177	0.0037297686115118824	-0.002049016541841343	1.13268423	29.76755524	1.0257149	0.2202357887130917	0.00692576	0.00023
-0.0803	0.1514	-0.2544	0.0016318828506146981	0.003525565089028546	-0.0019774580425095754	1.11521804	29.30853653	0.99642262	0.1837755130674792	0.00610018	0.00021
-0.0806	0.0839	-0.2479	0.0019757127132575807	0.00364424747816416	-0.0019111355309337906	1.05017817	27.59925079	0.94334053	0.10074173816771408	0.00680596	0.00024
-0.0764	0.1683	-0.2436	0.0017749998492782332	0.003637266161156183	-0.0019233528356977512	1.0123148	26.6041832	0.97221988	0.10389557428756424	0.0067119	0.00024
-0.0765	0.2502	-0.2649	0.0015777776438028737	0.003525565089028546	-0.00200363798128949	1.08659244	28.55624008	0.98482396	0.12276042115973676	0.00674945	0.00037
-0.0804	0.1362	-0.2514	0.001853539665617978	0.0035744343080843866	-0.0019774580425095754	1.08254361	28.44983292	1.00657943	0.148940558982543	0.00631672	0.00013
-0.0827	0.0927	-0.2301	0.002131047016685076	0.003556981015564444	-0.0020176006153054447	0.99510849	26.15199089	0.95087772	0.08385516081914547	0.00703877	0.0004
-0.0834	0.271	-0.2373	0.0019495327744776662	0.003675663404700058	-0.0022200588085367874	1.13793123	29.90544891	1.03225711	0.2113327412287184	0.00679952	0.00037
-0.0836	0.1783	-0.246	0.0016336281798666925	0.0035901422713523357	-0.0021205750411731105	1.0590775	27.83313179	0.96664154	0.12664547476611865	0.00622636	0.00016
-0.0866	0.0415	-0.2317	0.0016510814723866359	0.003565707661824415	-0.001912880860185785	1.11555505	29.31739235	1.01159913	0.16657910415175947	0.00828147	0.00035
-0.0868	0.1578	-0.2163	0.0019460421159736775	0.0035534903570604553	-0.002165953601724963	1.07857513	28.345541	1.00671584	0.15991253449450896	0.00668138	0.00018
-0.0832	0.3059	-0.2456	0.0015847589608108511	0.003598868917612307	-0.0020525072003453313	1.13554847	29.84283066	1.03010846	0.20700540585471552	0.00749314	0.00055
-0.0813	0.1179	-0.2563	0.0016772614111665507	0.0036093408931242737	-0.0021153390534171274	1.15101004	30.2491684	1.05574473	0.20889031394697305	0.00630605	0.00017
-0.0737	0.0721	-0.2086	0.0013107422682477415	0.0034627332359567498	-0.001673770752662562	1.04226375	27.39125633	0.96614135	0.1488347550420449	0.00739425	0.00034
-0.0641	0.1223	-0.1808	0.0008604473212332044	0.0031922072018976287	-0.0015987215948268059	1.01270151	26.61434555	0.98152111	0.12739350694547075	0.00782865	0.00028
-0.0711	0.2848	-0.2152	0.0008639379797371932	0.0032759830059933565	-0.0017208946424664088	1.18959749	31.26326752	1.05848231	0.214371975511966	0.00747383	0.00033
-0.0756	0.2456	-0.2627	0.0012775810124598492	0.003525565089028546	-0.0018343410438460403	1.11048722	29.18420601	0.99602074	0.1300335758568738	0.00722814	0.00035
-0.0774	0.0801	-0.2455	0.0016720254234105676	0.003452261260444784	-0.0017732545200262388	1.18543053	31.1537571	1.03986086	0.21094173816771408	0.00696045	0.00033
-0.0778	0.0617	-0.2287	0.0017139133254584315	0.0032812189937493396	-0.0018936822384138475	1.0272584	26.99690628	0.95698625	0.05226789435654587	0.00750828	0.00023
-0.0758	0.2456	-0.2197	0.001239183768915974	0.0032759830059933565	-0.002005383310541485	1.14113557	29.98966217	1.05035332	0.22448333082130387	0.00709146	0.00027
-0.0818	0.2599	-0.2397	0.0009773843811168245	0.0032061698359135836	-0.002237512101056731	1.07384765	28.22129822	0.96357769	0.0684870674197084	0.00686997	0.00017
-0.0796	0.0761	-0.2194	0.0012025318546240932	0.0029199358385865134	-0.00233001455141243	1.19206393	31.32808685	1.06043986	0.2364941960595019	0.0074181	0.00041
-0.0752	0.1097	-0.2279	0.001069886831472524	0.0030159289474462015	-0.0022235494670407763	1.02451098	26.9247036	0.96609163	0.06325516081914555	0.0070169	0.00024
-0.0623	0.2569	-0.2245	0.00015009831567151235	0.003029891581462156	-0.0022462387473167022	1.10949767	29.15820122	1.03155784	0.21132202150464455	0.00737524	0.00044
-0.0705	0.273	-0.244	0.00022863813201125715	0.0035098571257605967	-0.00209614043164519	1.07767737	28.32194519	0.98634434	0.07923018381548488	0.00720197	0.00048
-0.0737	0.1202	-0.2289	0.000874409955249159	0.0032759830059933565	-0.002178170906488923	1.16081226	30.50677681	1.02347738	0.21918382089244376	0.00699478	0.00028
-0.0727	0.0391	-0.2147	0.0009512044423369096	0.0031834805556376572	-0.0019617500792416262	1.16949213	30.73488617	0.98341688	0.11558588823453732	0.00873202	0.00038
-0.078	0.2545	-0.2168	0.0007120943348136865	0.0032934362985133003	-0.0020751964806212577	1.19855833	31.49876213	1.09135871	0.24592561258892487	0.00712776	0.00021
-0.085	0.2681	-0.249	0.0006283185307179585	0.003387684078120994	-0.0021642082724729686	1.0699625	28.11919403	0.9908501	0.06615176877775662	0.00685179	0.00034
-0.0833	0.0735	-0.2539	0.0010890854532444615	0.003342305517569141	-0.002141518992197042	1.18995333	31.27261734	1.0603079	0.22764173816771413	0.0072915	0.00026
-0.0815	0.1022	-0.2635	0.0013648474750595659	0.0032096604944175725	-0.002178170906488923	1.05392158	27.69762993	0.96093013	0.06235294796292769	0.00680315	0.00026
-0.0849	0.1755	-0.2605	0.0012479104151759456	0.003186971214141646	-0.0021746802479849347	1.02245867	26.8707695	0.96168892	0.08685584993317673	0.00633448	0.00023
-0.094	0.2746	-0.2903	0.0010297442586766543	0.0033143802495372316	-0.0022444934180647076	1.12460148	29.55513763	0.99918175	0.1587694180987325	0.00762612	0.00033
-0.0893	0.0844	-0.2768	0.000853466004225227	0.0031956978604016175	-0.0022183134792847924	1.20344985	31.62731361	1.0729289	0.22445702911834783	0.00778478	0.00044
-0.0867	0.0831	-0.2527	0.000890117918517108	0.003298672286269283	-0.002087413785385218	1.05207014	27.64897537	0.94827401	0.04152630170295606	0.00739342	0.00027
-0.0901	0.1667	-0.2468	0.0011431906600562858	0.0033108895910332428	-0.002235766771804736	1.03660333	27.2424984	0.96607434	0.11358215163613276	0.00640738	0.00024
-0.0963	0.1941	-0.2699	0.0009721483933608416	0.0033527774930811067	-0.002457423586808016	1.05019414	27.59967232	0.97055571	0.07842934918732937	0.00660181	0.00027
-0.0901	0.14	-0.2561	0.0008360127117052838	0.0032096604944175725	-0.0023073252711365037	1.05451941	27.71334267	0.96698832	0.09556754979953018	0.00694555	0.00028
-0.0878	0.2067	-0.2647	0.0006719517620178169	0.0031363566658338103	-0.0022060961745208325	1.02190554	26.85623169	0.97985481	0.09452969374434499	0.00648057	0.0002
-0.0934	0.2444	-0.2674	0.0006510078109938849	0.003237585762449481	-0.0023230332344044524	1.02207434	26.86066818	0.96558539	0.05795550537616117	0.00665623	0.00033
-0.0964	0.3388	-0.2999	0.0008848819307611251	0.0032864549815053226	-0.002314306588144481	1.14704227	30.14489365	0.99832311	0.14447349925415262	0.00916034	0.0003
-0.0934	0.1504	-0.2827	0.001291543646475804	0.003225368457685521	-0.0023876104167282427	1.22197282	32.11410904	1.06659261	0.23565260340591207	0.00618291	0.00027
-0.0936	0.0467	-0.2649	0.0012409290981679683	0.0031695179216217023	-0.002324778563656447	1.05038381	27.60465622	0.97279949	0.1301648468721725	0.00750905	0.00037
-0.0897	0.1207	-0.2653	0.001335176877775662	0.0031049407392979124	-0.002139773662945048	1.00323522	26.36556435	0.95642216	0.09549149313214408	0.00657624	0.00016
-0.0889	0.292	-0.2827	0.0013543754995475996	0.0031730085801256907	-0.0023404865269243957	1.14062274	29.97618484	1.02443134	0.2038989663289532	0.00713778	0.00024
-0.0916	0.3424	-0.3059	0.0014905111812031574	0.003127630019573839	-0.002410299697004169	1.12347376	29.52550125	0.9607863	0.08886637061435913	0.00954008	0.00048
-0.0942	0.0602	-0.294	0.001853539665617978	0.00301941960595019	-0.002478367537831948	1.34593868	35.37199783	1.16591899	0.3236653369433124	0.00798243	0.00045
-0.0933	0.0486	-0.2756	0.0018448130193580064	0.0029234264970905022	-0.002469640891571976	1.04406846	27.43868637	0.96746077	0.03657232006898154	0.00770855	0.00035
-0.0878	0.1815	-0.2537	0.001256637061435917	0.0027995081201989047	-0.002408554367752175	1.07560503	28.26748466	1.02095971	0.1989590429316744	0.00699264	0.0003
-0.0915	0.3008	-0.2978	0.0015847589608108511	0.0030613075079980543	-0.002478367537831948	1.09495771	28.77608109	1.00704867	0.20008672286269283	0.00765723	0.00043
-0.0921	0.1447	-0.3038	0.0018133970928221085	0.0029164451800825246	-0.00249931148885588	1.14996219	30.2216301	1.02900564	0.182422220547536	0.00798965	0.00035
-0.0951	0.1068	-0.2867	0.0016859880574265225	0.002898991887562581	-0.0025603980126756814	1.04951119	27.58172226	0.96332304	0.06829744258676655	0.00683898	0.0002
-0.093	0.1781	-0.2537	0.0012479104151759456	0.0027366762671271086	-0.0026145032194875057	0.9924798	26.08290672	0.95202394	0.1391249234748937	0.00645584	0.00014
-0.0871	0.2475	-0.2629	0.0010175269539126942	0.002963569069886372	-0.0025446900494077327	1.00321031	26.36491013	0.95473721	0.11085447170511442	0.00696141	0.00027
-0.097	0.2723	-0.315	0.0010314895879286487	0.0031468286413457764	-0.002597049926967562	1.09473073	28.77011871	0.97752678	0.09927910415175936	0.0077377	0.0003
-0.0961	0.1024	-0.2962	0.001281071670963838	0.003014183618194207	-0.0025918139392115793	1.18144548	31.0490284	1.03648183	0.20897315469713704	0.00806683	0.00016
-0.0999	0.1022	-0.2938	0.0015289084247470327	0.0028710666195306722	-0.0026616271092913526	1.03051066	27.08237839	0.94516402	0.029438346126325152	0.00753307	0.00047
-0.1039	0.2842	-0.2828	0.001420698011123384	0.002858849314766712	-0.002780309498426967	1.14501107	30.09151077	1.06087976	0.20895550537616117	0.00752401	0.00035
-0.1076	0.2808	-0.3139	0.0012007865253720988	0.0030124382889422127	-0.002820452071222836	1.01456344	26.66327858	0.96475267	0.058882151636132765	0.00717628	0.0002
-0.1076	0.1332	-0.3205	0.0017034413499464657	0.0029146998508305304	-0.0028221974004748306	1.08578312	28.53496933	0.99884074	0.18430692959690215	0.00656992	0.0002
-0.1083	0.1319	-0.3103	0.0017924531417981763	0.002921681167838507	-0.002780309498426967	0.96865696	25.45683098	0.93324807	0.019094050545377547	0.00708389	0.00027
-0.116	0.3557	-0.328	0.0020280725908174107	0.003082251459021986	-0.0028902652413026098	1.20642602	31.70553017	1.07563814	0.27450727415391785	0.00940681	0.00051
-0.1147	0.3184	-0.3673	0.0021258110289290935	0.0031258846903218446	-0.00294262511886244	1.08126616	28.41626167	0.96284868	0.08758657734856858	0.00988579	0.00067
-0.1136	0.0667	-0.338	0.0020769418098732523	0.0030543261909900766	-0.00272096830385916	1.30659342	34.33798218	1.1342466	0.29920422666954444	0.00799996	0.00026
-0.1085	0.1548	-0.3256	0.0022916173078685546	0.002981022362406315	-0.0027611108766550296	1.0229218	26.88293839	0.95863137	0.1220060949687467	0.00741017	0.00037
-0.1067	0.2976	-0.3331	0.0022322761133007477	0.0030211649352021846	-0.0029321531433504737	1.08913386	28.62302971	1.00038444	0.16562630170295603	0.00829124	0.00037
-0.1074	0.2143	-0.335	0.002181661564992912	0.003082251459021986	-0.0029077185338225527	1.01395977	26.64741325	0.96045008	0.09270678408277788	0.00755125	0.0003
-0.1083	0.1309	-0.3186	0.0022968532956245376	0.003078760800517997	-0.002925171826342496	1.04949522	27.58130264	0.95873563	0.10750678408277792	0.00745934	0.00047
-0.1076	0.2499	-0.3024	0.0020525072003453313	0.0028763026072866553	-0.0029373891311064567	1.01699924	26.72729111	0.97007899	0.15885107966372547	0.00749552	0.0003
-0.1045	0.3361	-0.3007	0.0017174039839624202	0.0030421088862261168	-0.002898991887562581	1.02619195	26.9688797	0.96617179	0.1179653369433124	0.00838715	0.00038
-0.1092	0.2124	-0.3263	0.002033308578573394	0.0032061698359135836	-0.0028309240467348025	1.05075073	27.61429977	0.99133926	0.18140166925631088	0.00714123	0.00023
-0.1095	0.2186	-0.3222	0.0022078415037728267	0.003040363556974122	-0.002900737216814576	1.00939512	26.52745247	0.94920172	0.03110761871093336	0.00750214	0.00043
-0.1051	0.3121	-0.3235	0.0019844393595175526	0.003043854215478111	-0.0029234264970905022	1.07073343	28.1394558	1.00042534	0.11167910415175948	0.00866741	0.00052
-0.1107	0.3741	-0.3528	0.0017697638615222502	0.0032306044454415038	-0.0030002209841782524	1.08538246	28.52444077	1.00656172	0.12081101075232228	0.0100177	0.00064
-0.1182	0.1296	-0.3337	0.002155481626212997	0.003295181627765294	-0.0028623399732707008	1.28164244	33.68225861	1.13093633	0.30050879789610446	0.00704849	0.00038
-0.119	0.1197	-0.3416	0.002282890661608583	0.0032026791774095948	-0.0029112091923265415	1.03325188	27.15442085	0.96510651	0.032039035240356305	0.00785613	0.0004
-0.119	0.2174	-0.3301	0.002040289895581371	0.0031712632508736965	-0.00294262511886244	1.03924823	27.3120079	0.97793472	0.12447163095495044	0.00796413	0.00033
-0.1151	0.3023	-0.353	0.0017156586547104257	0.0032602750427254074	-0.0029688050576423546	1.13679731	29.87565041	0.98247492	0.1336911485751285	0.00953609	0.00071
-0.1126	0.2348	-0.3334	0.0016598081186466073	0.0030874874467779687	-0.0027523842303950577	1.02825248	27.02303314	0.97663071	0.11185294796292768	0.00805306	0.00031
-0.1062	0.1315	-0.3108	0.001567305668290908	0.0031799898971336684	-0.0024853488548399255	1.06899202	28.09368896	0.98527666	0.15490201381332655	0.00799215	0.00028
-0.1017	0.2179	-0.2924	0.0015463617172669759	0.003078760800517997	-0.0025481807079117207	1.00813365	26.49429893	0.97135912	0.11855024503556996	0.00702858	0.00031
-0.11	0.3207	-0.3203	0.0018256143975860688	0.0031363566658338103	-0.002769837522915001	1.09929097	28.88996315	1.00992016	0.16692526803190927	0.00839674	0.00048
-0.1122	0.2298	-0.3113	0.0017819811662862105	0.003139847324337799	-0.002754129559647052	1.02872419	27.035429	0.96932713	0.10524159265358972	0.00716799	0.0003
-0.1137	0.152	-0.2888	0.0016859880574265225	0.0031084313978019013	-0.002722713633111154	1.04256725	27.39923286	0.95998671	0.10974124809657422	0.00675964	0.00027
-0.1045	0.2362	-0.2704	0.0017296212887263805	0.002975786374650332	-0.00272096830385916	1.00559807	26.4276638	0.96088972	0.1207011791851711	0.00688374	0.0002
-0.1034	0.2779	-0.2528	0.0015917402778188286	0.003178244567881674	-0.002595304597715568	1.06045735	27.8693943	0.95130783	0.08370014551412422	0.0074932	0.00021
-0.114	0.2466	-0.3223	0.0017976891295541592	0.0032096604944175725	-0.0029112091923265415	1.05258679	27.66255188	0.98805527	0.13906346864411	0.00791544	0.00055
-0.1148	0.1305	-0.3104	0.0019076448724298022	0.0030909781052819575	-0.0028221974004748306	1.14100087	29.98612213	1.00335972	0.1446824961931484	0.00700599	0.00027
-0.1117	0.1636	-0.3045	0.0020280725908174107	0.002935643801854462	-0.0027680921936630064	1.01141214	26.58045959	0.95168236	0.05859336143134641	0.00689322	0.00027
-0.1104	0.2289	-0.3056	0.0019216075064457567	0.0029967303256742636	-0.0029077185338225527	1.0158267	26.69647789	0.95540803	0.08305889741755007	0.00658101	0.00017
-0.115	0.2832	-0.331	0.0015899949485668342	0.0030578168494940655	-0.003033382239966145	1.04231071	27.39249039	0.96606131	0.11021813939211587	0.00810778	0.00016
-0.1138	0.1824	-0.3373	0.00214850030920502	0.002886774582798621	-0.003068288825006031	1.07507002	28.25342178	0.98372043	0.1465227106186758	0.00711519	0.00014
-0.1151	0.1236	-0.3311	0.0022410027595607188	0.002898991887562581	-0.0030159289474462015	1.06843436	28.07903481	0.94793113	0.0741539816339744	0.00701445	0.00033
-0.1105	0.2032	-0.3157	0.001954768762233649	0.0029722957161463434	-0.0030717794835100195	1.00970852	26.5356884	0.9554766	0.12036941809873251	0.00659251	0.0003
-0.1185	0.3131	-0.3321	0.001891936909161853	0.0029967303256742636	-0.0032218777991815323	1.08898759	28.61918449	0.99464631	0.14616823891356148	0.0082624	0.00026
-0.1116	0.1571	-0.3054	0.0017034413499464657	0.0029024825460665696	-0.002900737216814576	1.1338501	29.79819489	1.02233489	0.21979419605950193	0.00656617	0.00023
-0.116	0.0922	-0.306	0.0017540558982543013	0.0029321531433504737	-0.002921681167838507	1.00996053	26.54231071	0.93895917	0.07496145483078352	0.00707561	0.00035
-0.1128	0.1396	-0.2947	0.00152367243699105	0.003190461872645634	-0.003026400922958167	0.97681123	25.67112923	0.94039989	0.09157059728390356	0.00653112	0.00028
-0.1171	0.3954	-0.3268	0.00147131255943122	0.003338814859065152	-0.0031293753488258326	1.28528154	33.77789688	1.13186769	0.3073843644923506	0.0102471	0.00051
-0.1215	0.2247	-0.3331	0.0018849555921538759	0.0033056536032772606	-0.0030752701420140084	1.17585707	30.90216255	1.04555885	0.2064454747661186	0.00757283	0.00018
-0.1186	0.0595	-0.3073	0.0018448130193580064	0.003166027263117714	-0.0029199358385865134	1.19977462	31.53072739	1.02995586	0.2106551608191456	0.00800431	0.00045
-0.1181	0.1634	-0.2977	0.0019146261894377795	0.003220132469929538	-0.002874557278034661	1.07238173	28.18277359	0.98816162	0.12246484687217246	0.00690317	0.00021
-0.1214	0.319	-0.3125	0.0018308503853420514	0.003307398932529255	-0.003085742117525975	1.17412508	30.85664368	1.06939283	0.19281135530933796	0.00820494	0.00034
-0.1213	0.1694	-0.3164	0.0019582594207376374	0.003321361566545209	-0.0031031954100459182	1.15568233	30.37195778	1.06987998	0.1615412480965742	0.0068475	0.0002
-0.1181	0.0624	-0.2998	0.0019181168479417679	0.003307398932529255	-0.002960078411382383	1.08538306	28.52445412	1.01144265	0.13666111027376796	0.00784051	0.00034
-0.1135	0.164	-0.3004	0.00199142067652553	0.003186971214141646	-0.0029548424236264	1.01939201	26.79017639	0.96716672	0.11674837673636768	0.00670445	0.00024
-0.1184	0.2329	-0.296	0.0015254177662430443	0.0033562681515850955	-0.003139847324337799	1.00488472	26.40891457	0.9490989	0.1192152374218667	0.006845	0.00031
-0.1161	0.2128	-0.3216	0.0016667894356545846	0.0033545228223331013	-0.0030525808617380824	1.00046158	26.29267311	0.94957103	0.05951917306316258	0.00728816	0.00033
-0.1141	0.1105	-0.3124	0.0021205750411731105	0.00326551103048139	-0.0029949849964222694	1.0323211	27.12995911	0.96501377	0.1435196631343025	0.00751925	0.00026
-0.1079	0.2301	-0.2871	0.0017418385934903407	0.003295181627765294	-0.0029949849964222694	1.05668068	27.7701416	0.98940878	0.17152035224833367	0.00733572	0.00028
-0.1153	0.3005	-0.3191	0.0017697638615222502	0.0033911747366249826	-0.0031747539093776853	1.05880129	27.82587242	0.99002803	0.12498436449235067	0.00813949	0.00028
-0.1123	0.1406	-0.2994	0.0019373154697137059	0.003225368457685521	-0.002998475654926258	1.10644472	29.0779686	1.01476467	0.2080818070791172	0.00654167	0.00017
-0.1129	0.0872	-0.2937	0.0018064157758141308	0.003218387140677544	-0.0028693212902786776	0.98673332	25.93188667	0.93334223	0.07305176877775664	0.00693488	0.00021
-0.1105	0.2087	-0.2871	0.0015027284859671175	0.0033440508468211352	-0.002853613327010729	1.02304327	26.88613319	0.96955307	0.15275294796292763	0.00635546	0.00016
-0.1199	0.279	-0.3236	0.001668534764906579	0.0034732052114687163	-0.0030281462522101614	1.06519401	27.99387741	0.97401158	0.13967467843932377	0.00771701	0.00023
-0.118	0.1354	-0.2977	0.0019268434942017398	0.003342305517569141	-0.002892010570554604	1.08107913	28.41134644	1.00045114	0.19766720524251472	0.0069266	0.00018
-0.1171	0.1277	-0.2884	0.0018570303241219666	0.003295181627765294	-0.002895501229058593	1.00558519	26.4273243	0.93295034	0.02392138591938046	0.00687939	0.00026
-0.1271	0.2119	-0.2687	0.0019058995431778078	0.0031084313978019013	-0.0031311206780778272	1.04281199	27.40566444	0.98823748	0.1374619449019234	0.00682926	0.00033
-0.1295	0.2807	-0.2981	0.0017139133254584315	0.0034033920413889425	-0.0030613075079980543	1.07247436	28.18520737	0.99492575	0.1284380015693095	0.00745958	0.00028
-0.1278	0.0791	-0.3113	0.002038544566329377	0.0034574972482007667	-0.0029722957161463434	1.177279	30.93952942	1.07180574	0.23988741197672403	0.0071286	0.00038
-0.1287	0.0862	-0.2895	0.002261946710584651	0.0033859387488689996	-0.0029705503868943488	1.00441527	26.39657784	0.95054798	0.04463529864195184	0.00725788	0.00021
-0.1205	0.2277	-0.2645	0.0015271630954950383	0.0034487706019407953	-0.0028571039855147177	1.08579814	28.53536415	1.02584943	0.220253093477052	0.00660002	0.00017
-0.127	0.2953	-0.3215	0.001726130630222392	0.0036163222101322505	-0.0029897490086662863	1.05814445	27.80860901	0.98913926	0.15605820830351888	0.00748295	0.00023
-0.1241	0.0934	-0.3181	0.0020751964806212577	0.003600614246864302	-0.002806489437206882	1.16107404	30.51365471	1.06086404	0.23560166925631096	0.006715	0.0002
-0.1207	0.1445	-0.3012	0.00200363798128949	0.003506366467256608	-0.0026092672317315226	0.98807406	25.96712303	0.94720155	0.08955142422074101	0.00656688	0.00027
-0.1199	0.2532	-0.2961	0.001572541656046891	0.003502875808752619	-0.002780309498426967	1.05795157	27.80354118	0.98838947	0.14488146252210168	0.00679243	0.00027
-0.1279	0.2763	-0.3426	0.0015289084247470327	0.003701843343479973	-0.002841396022246768	1.05917883	27.83579254	0.98536441	0.09278436449235072	0.00824744	0.00044
-0.1286	0.14	-0.3301	0.0022165681500327986	0.003543018381548489	-0.002844886680750757	1.12603033	29.59268761	1.04958357	0.19199876728606188	0.00688964	0.00021
-0.1241	0.164	-0.3197	0.002436479635784084	0.003635520831904189	-0.002804744107954888	0.99938208	26.26430321	0.95495012	0.0565278254451427	0.00700271	0.00028
-0.1226	0.2623	-0.3105	0.002509783464367846	0.0035133477842645856	-0.0029129545215785357	1.01793897	26.75198936	0.96964946	0.1241843644923506	0.00735468	0.00028
-0.1287	0.2856	-0.3358	0.0023911010752322315	0.0035465090400524776	-0.0028885199120506156	0.99734223	26.21069527	0.94841284	0.06351391272257137	0.0078826	0.00034
-0.1273	0.1291	-0.315	0.002513274122871834	0.0035412730522964946	-0.0028571039855147177	1.09901667	28.88275337	1.01939365	0.1866412480965742	0.0073092	0.00052
-0.1249	0.1549	-0.2948	0.0026511551337793865	0.003478441199224699	-0.002834414705238791	1.00119734	26.3120079	0.94912348	0.05957010721276376	0.00713986	0.0004
-0.1266	0.205	-0.3032	0.002686061718819273	0.0037384952577718534	-0.0030508355324860886	1.01839757	26.76403999	0.96530549	0.08576907354171692	0.00725073	0.00033
-0.1333	0.3067	-0.3503	0.002131047016685076	0.004000294645571003	-0.0029967303256742636	1.12134612	29.46958351	1.04566757	0.19904596483725853	0.00910383	0.00044
-0.1357	0.1522	-0.3368	0.0024609142453120045	0.003913028182971286	-0.002930407814098479	1.12287092	29.50965691	1.03467725	0.19457281014012137	0.00743073	0.00038
-0.1325	0.1467	-0.3134	0.0022933626371205488	0.003824016391119576	-0.002778564169174973	1.0270294	26.9908905	0.94557613	0.052520352248333575	0.00724208	0.00034
-0.1317	0.235	-0.3112	0.002366666465704311	0.003785619147575701	-0.0030316369107141502	1.03303814	27.14880371	0.96694062	0.10953869068334075	0.00754005	0.00024
-0.1302	0.3726	-0.3503	0.0024312436480281013	0.00382576172037157	-0.003157300616857742	1.12559474	29.58124161	1.01766906	0.18971917306316255	0.0110202	0.00054
-0.1301	0.1032	-0.3539	0.0026912977065752563	0.003837979025135531	-0.0029740410453983376	1.27098548	33.40218735	1.13571188	0.2958765467385259	0.00806969	0.00041
-0.1278	0.1477	-0.3453	0.002701769682087222	0.003771656513559746	-0.002981022362406315	0.98909277	25.99389458	0.94807703	0.059588790204786385	0.00766224	0.00037
-0.1224	0.3125	-0.3412	0.0024312436480281013	0.003925245487735247	-0.002928662484846485	1.11955214	29.42243767	1.01688647	0.19812374428972265	0.00893569	0.00035
-0.1238	0.2806	-0.3653	0.0027296949501191318	0.003864158963915446	-0.0030613075079980543	1.06364584	27.95318985	0.9520694	0.08200914245312003	0.009498	0.00051
-0.1223	0.0602	-0.3342	0.002823942729726825	0.003733259270015871	-0.002935643801854462	1.22335446	32.15041733	1.08413886	0.27054055898254303	0.00868374	0.00054
-0.1231	0.1354	-0.3199	0.0024713862208239705	0.0036180675393842456	-0.0029234264970905022	1.04205692	27.3858223	0.9621125	0.11429827721492192	0.00717956	0.0002
-0.1214	0.3651	-0.3381	0.0023544491609403502	0.003783873818323706	-0.003152064629101759	1.20485795	31.66431999	1.07409445	0.2751690735417169	0.00977963	0.0005
-0.1255	0.2563	-0.3664	0.0025778513051956248	0.0037978364523396607	-0.003157300616857742	1.0565635	27.76706123	0.99206058	0.1533300383013606	0.00855583	0.00014
-0.1261	0.1154	-0.3475	0.0026878070480712674	0.0037210419652519105	-0.0030508355324860886	1.12344527	29.52474976	1.00909212	0.1750607657167523	0.00775635	0.00041
-0.1123	0.2432	-0.315	0.002380629099720265	0.0034452799434368064	-0.002998475654926258	1.05512118	27.7291584	0.99370284	0.2058649923862968	0.00722903	0.00031
-0.1199	0.2999	-0.3399	0.0022724186860966175	0.0037629298672997745	-0.003118903373313867	1.04527688	27.47044182	0.975909	0.1165144027937112	0.00798351	0.00038
-0.1254	0.2271	-0.3578	0.002659881780039358	0.0037053340019839614	-0.003115412714809878	1.09556782	28.79211617	0.97679572	0.11862748088812713	0.00804132	0.00035
-0.1229	0.1231	-0.3362	0.002726204291615143	0.0036686820876920805	-0.002998475654926258	1.07883787	28.3524437	0.9782113	0.1390955742875643	0.00775057	0.00031
-0.1248	0.2265	-0.3202	0.0027855454861829498	0.0035918876006043304	-0.0030508355324860886	1.03981352	27.32686424	0.98076407	0.1307247779607694	0.00728941	0.00033
-0.1229	0.2956	-0.3317	0.0021676989309769574	0.0038746309394274117	-0.0030508355324860886	1.04303277	27.4114666	0.98389787	0.12752949470145367	0.00804603	0.00027
-0.1244	0.2726	-0.3668	0.0025045474766118626	0.003782128489071712	-0.0032637657012293962	1.01370871	26.64081573	0.96123875	0.09171405823669562	0.00874323	0.00041
-0.1253	0.1373	-0.3524	0.002886774582798621	0.0036931166972200015	-0.00322885911618951	1.11363328	29.26688766	1.00618343	0.17590727415391774	0.00770259	0.00031
-0.1249	0.1541	-0.3396	0.003033382239966145	0.003862413634663451	-0.003118903373313867	1.00853932	26.50495911	0.96302986	0.05129301687433079	0.00815558	0.00024
-0.1215	0.2781	-0.3097	0.002150245638457014	0.003998549316319009	-0.003267256359733385	1.1227628	29.50681686	1.07363763	0.2156812634792104	0.00827384	0.0005
-0.1291	0.3781	-0.3731	0.002253220064324679	0.004139920985730549	-0.003417354675404897	1.1246531	29.55649376	1.04386285	0.19072222054753585	0.0116853	0.00082
-0.1285	0.1376	-0.3504	0.002649409804527392	0.003916518841475275	-0.0032445670794574587	1.25693512	33.0329361	1.12263358	0.30341897402027124	0.00797552	0.0005
-0.1313	0.0474	-0.36	0.002933898472602468	0.003841469683639519	-0.0032498030672134413	1.02493954	26.93596649	0.96708147	0.12083869068334072	0.00927883	0.00047
-0.1168	0.2561	-0.3223	0.002708750999095199	0.003576179637336381	-0.0033056536032772606	1.19609022	31.43389893	1.08723025	0.2882144027937113	0.00825077	0.00048
-0.1257	0.337	-0.3611	0.0024818581963359366	0.003837979025135531	-0.0033894294073729884	1.04084897	27.35407639	0.96907968	0.15722339973270708	0.00977838	0.0004
-0.1312	0.2125	-0.3768	0.002775073510670984	0.0037524578917878084	-0.003415609346152903	1.10608816	29.06859779	0.99225046	0.1659458193231343	0.00876135	0.00033
-0.1386	0.1083	-0.3475	0.003085742117525975	0.003837979025135531	-0.003419100004656891	1.0540781	27.70174408	0.96525671	0.1608840199353351	0.00818968	0.0004
-0.1413	0.2066	-0.3607	0.0030665434957540365	0.003958406743523139	-0.003525565089028546	1.03691745	27.2507534	0.97175865	0.12650457122656011	0.00827956	0.00044
-0.148	0.3123	-0.3796	0.002673844414055313	0.00415213829049451	-0.0035412730522964946	1.04926252	27.57518768	0.97459922	0.16140692959690212	0.00980628	0.0005
-0.1548	0.2399	-0.3997	0.003005456971934235	0.004171336912266447	-0.0036180675393842456	1.08401883	28.48860168	0.96473489	0.12068028333693052	0.00998753	0.00068
-0.1553	0.1073	-0.3776	0.0033440508468211352	0.004148647631990522	-0.003598868917612307	1.16740346	30.67999649	0.99707711	0.17422408884673815	0.009229	0.00035
-0.1559	0.1922	-0.3631	0.0032044245066615894	0.0040561451816348215	-0.0035674529910764093	1.02687335	26.9867878	0.9821511	0.11317723585255722	0.00849611	0.00043
-0.1461	0.3068	-0.3652	0.002855358656262723	0.00420449816805434	-0.003598868917612307	1.06353164	27.95018959	0.99308339	0.15294173816771417	0.00966442	0.00048
-0.152	0.3347	-0.3961	0.002892010570554604	0.004290019301402062	-0.003532546406036523	1.04777563	27.53611183	0.97994178	0.07412477796076931	0.0111644	0.0005
-0.1515	0.0999	-0.3811	0.003078760800517997	0.004125958351714595	-0.0035081117965086025	1.2316978	32.36968613	1.09606361	0.269062289458939	0.00868398	0.0003
-0.148	0.1943	-0.3618	0.0030874874467779687	0.004066617157146788	-0.0034714598822167216	1.00617838	26.44291496	0.95664029	0.12243598775598297	0.00831914	0.00023
-0.1457	0.3402	-0.3634	0.0027680921936630064	0.0041556289489984985	-0.003488913174736664	1.09896052	28.88127708	1.01699863	0.17109301687433076	0.00993437	0.00045
-0.1435	0.2629	-0.3883	0.0028710666195306722	0.0040282199136029125	-0.0034400439556808234	1.08050895	28.3963604	0.98300703	0.11836263401595457	0.0100779	0.00038
-0.1461	0.1431	-0.3592	0.003033382239966145	0.004049163864626845	-0.0034016467121369483	1.09739578	28.84015656	0.9738049	0.162582840750164	0.00790024	0.00035
-0.1405	0.1883	-0.333	0.0027419122548830916	0.003902556207459321	-0.003438298626428829	0.97757351	25.69116211	0.94702862	0.10073647782712286	0.0075922	0.00027
-0.1451	0.3641	-0.3725	0.0027628562059070234	0.004091051766674708	-0.00364424747816416	1.19053352	31.28786659	1.07351399	0.24066941809873243	0.0114413	0.00051
-0.1452	0.2476	-0.3782	0.0029146998508305304	0.0038467056713955023	-0.0036896260387160127	1.04006565	27.33348846	0.97937025	0.14437841503772825	0.00898099	0.00038
-0.1459	0.1677	-0.3554	0.0030072023011862297	0.003728023282259888	-0.0036425021489121657	1.04192722	27.38241196	0.99204898	0.11631543646475805	0.0085848	0.00038
-0.1398	0.2672	-0.3206	0.0027715828521669953	0.0035622170033204267	-0.0036425021489121657	1.00854468	26.50510216	0.97708075	0.16047128639793476	0.00843042	0.00045
-0.1345	0.3077	-0.2682	0.0024836035255879313	0.003576179637336381	-0.003497639820996636	1.0435878	27.426054	0.99872551	0.12054021442552736	0.00834548	0.00048
-0.1394	0.2755	-0.3449	0.0025569073541716926	0.00365646478292812	-0.0036180675393842456	1.11139059	29.20794868	1.00774875	0.12750083462815542	0.0090189	0.00048
-0.1471	0.1184	-0.3425	0.002930407814098479	0.003626794185644217	-0.0035796702958403696	1.15046763	30.23491478	1.01598243	0.18927841503772827	0.0080179	0.00043
-0.1476	0.1935	-0.3308	0.0032812189937493396	0.0036163222101322505	-0.0035674529910764093	1.05199015	27.64687157	0.97757186	0.1059750229963394	0.00828308	0.00045
-0.1449	0.1762	-0.2984	0.0029618237406343773	0.0034697145529647274	-0.003682644721708035	1.0362711	27.23376656	0.9781298	0.08145973204570557	0.00751263	0.00044
-0.144	0.3739	-0.3472	0.0022410027595607188	0.0036931166972200015	-0.003593632929856324	1.21206796	31.85380363	1.09667649	0.29906174585903217	0.0109193	0.00086
-0.1412	0.2036	-0.3448	0.002261946710584651	0.0038275070496235643	-0.003413864016900908	1.13395309	29.80090141	1.04083377	0.1922551608191456	0.00797349	0.00044
-0.1423	0.1095	-0.344	0.0026511551337793865	0.003611086222376268	-0.0035081117965086025	1.05179584	27.64176369	0.98780985	0.13099385150248638	0.0084154	0.00055
-0.1387	0.1813	-0.3317	0.002892010570554604	0.00365646478292812	-0.0033283428835531865	1.04377031	27.43084908	1.01085611	0.11100014551412427	0.00881332	0.00045
-0.1339	0.317	-0.3121	0.00449073216538141	0.0034452799434368064	-0.002834414705238791	1.22775042	32.26594543	1.10752357	0.27529173063162576	0.0115973	0.00119
-0.1435	0.2678	-0.3427	0.002726204291615143	0.003611086222376268	-0.0035360370645405115	1.15976119	30.47915459	1.05052619	0.22099782560037248	0.0094189	0.00058
-0.1456	0.0795	-0.3155	0.002590068609959585	0.003467969223712733	-0.0035953782591083183	1.16651952	30.65676498	1.05726699	0.23452969374434496	0.00863332	0.00057
-0.1422	0.1588	-0.3044	0.002708750999095199	0.0035883969421003415	-0.0036180675393842456	1.01500797	26.67496109	0.96436112	0.10688996938995753	0.00776041	0.0003
-0.1447	0.2243	-0.2933	0.002764601535159018	0.0034644785652087444	-0.0037227872945039047	1.03086615	27.09172058	0.94252531	0.09332443340375376	0.00822043	0.00026
-0.1422	0.2509	-0.2857	0.002139773662945048	0.0035395277230445004	-0.0037437312455278365	0.99847507	26.24046707	0.95852198	0.0727410490536829	0.0077793	0.00021
-0.1441	0.1672	-0.3205	0.0024801128670839424	0.003558726344816438	-0.0036582101121801144	1.02550137	26.95073128	0.97128776	0.1426529479629277	0.00729316	0.00024
-0.1408	0.1281	-0.3037	0.0026075219024795284	0.0035046211380046137	-0.003576179637336381	1.00996804	26.54250717	0.9585003	0.07237723585255715	0.00740707	0.0004
-0.1388	0.1862	-0.2915	0.0022689280275926286	0.003384193419617005	-0.003490658503988659	1.00369823	26.37773323	0.97880014	0.09952713633111156	0.00692213	0.0003
-0.1435	0.2883	-0.3247	0.0026284658535034606	0.0036302848441482054	-0.003837979025135531	1.0384438	27.29086494	0.9660202	0.1876474885794452	0.00838697	0.0004
-0.1437	0.2451	-0.3178	0.0023701571242082994	0.003572688978832392	-0.0037192966359999168	1.03587246	27.2232914	0.94386026	0.0720293491873294	0.00791842	0.00031
-0.1378	0.155	-0.2994	0.0024818581963359366	0.0034819318577286873	-0.0035360370645405115	1.04433024	27.44556618	0.95916418	0.1336858882345374	0.00693923	0.00016
-0.137	0.1178	-0.2771	0.002408554367752175	0.0034574972482007667	-0.0034627332359567498	0.97671014	25.66847229	0.9318491	0.06885211333477217	0.0069381	0.0004
-0.135	0.2619	-0.2882	0.0019861846887695473	0.003577924966588375	-0.0035046211380046137	1.07425535	28.2320118	0.99193704	0.186434264970905	0.00745034	0.0003
-0.143	0.3231	-0.3373	0.002089159114637212	0.003605850234620285	-0.00376118453804778	1.05890584	27.82862091	0.96204946	0.13767315469713695	0.0093708	0.00047
-0.1404	0.0409	-0.3032	0.002389355745980237	0.0035883969421003415	-0.0036128315516282617	1.34433937	35.3299675	1.16858452	0.34220014551412425	0.00874084	0.0005
-0.1425	0.0605	-0.2922	0.0023753931119642824	0.0035831609543443585	-0.003675663404700058	0.99061489	26.0338974	0.9377554	0.036801523742186704	0.00812531	0.00037
-0.1479	0.2827	-0.312	0.0020420352248333657	0.003703588672731967	-0.0038362336958835358	1.18079793	31.03201103	1.06841382	0.2781177948351002	0.00813991	0.0004
-0.1466	0.201	-0.3279	0.0022427480888127134	0.003576179637336381	-0.0038048177693476384	1.00396252	26.38467979	0.95877871	0.11687689129554157	0.00736701	0.00035
-0.1467	0.1348	-0.3062	0.00238237442897226	0.0037262779530078936	-0.0036337755026521943	1.01149333	26.58259392	0.95056379	0.11103834612632515	0.00802314	0.00057
-0.1448	0.1964	-0.3047	0.002165953601724963	0.003530801076784529	-0.003715805977495928	1.02317238	26.88952446	0.99080102	0.08969640891571974	0.00748068	0.00035
-0.1498	0.3015	-0.3247	0.001790707812546182	0.003679154063204046	-0.0038519416591514853	1.06813478	28.07116127	0.98935683	0.1630867228626927	0.00860661	0.00031
-0.153	0.2121	-0.3366	0.0018622663118779497	0.003712315318991939	-0.0037227872945039047	1.02495718	26.93642998	0.96383591	0.11619370598836208	0.00752044	0.00034
-0.1537	0.15	-0.3284	0.0020263272615654165	0.0038152897448596045	-0.003501130479500625	1.00264454	26.35004234	0.93692605	0.09543460952792061	0.00755876	0.00033
-0.1524	0.185	-0.3031	0.0014887658519511632	0.0037995817815916558	-0.0035098571257605967	0.99644297	26.18706131	0.95639836	0.08969980095710875	0.00688279	0.00026
-0.1579	0.3216	-0.3553	0.0015498523757709647	0.004080579791162742	-0.0038170350741115982	1.13204527	29.75076294	1.02249052	0.22676312408709448	0.00958335	0.0005
-0.1578	0.1861	-0.3585	0.0018727382873899156	0.003937462792499207	-0.003745476574779831	1.1315217	29.73700333	1.01334479	0.16567807048071265	0.00831294	0.00031
-0.1556	0.1135	-0.3306	0.0016126842288427606	0.003926990816987242	-0.003419100004656891	1.11074507	29.19098282	0.98371377	0.132545130209103	0.00760132	0.00043
-0.1488	0.1871	-0.3343	0.0014590952546672592	0.003834488366631542	-0.003532546406036523	1.03510094	27.20301437	0.97467628	0.10207689129554162	0.00777262	0.00033
-0.1479	0.325	-0.3638	0.0010716321607245184	0.004145156973486532	-0.003525565089028546	1.10767674	29.11034584	1.01860484	0.20355565089028543	0.00971603	0.00038
-0.1507	0.2601	-0.383	0.001429424657383356	0.004070107815650777	-0.0035465090400524776	1.05486047	27.7223053	0.98647388	0.10958928027592624	0.00876421	0.00031
-0.1478	0.116	-0.3537	0.001647590813882647	0.004101523742186674	-0.003375466773357033	1.12819839	29.64966583	1.02081638	0.19733121748653168	0.00774974	0.00031
-0.1462	0.1758	-0.3448	0.001726130630222392	0.004078834461910747	-0.0033894294073729884	0.99501109	26.14943123	0.95500146	0.07605958653158137	0.00788438	0.00034
-0.1496	0.2142	-0.3348	0.0015463617172669759	0.003946189438759179	-0.0035447637108004834	0.99412471	26.12613678	0.95691677	0.075187411976724	0.00756508	0.0003
-0.1444	0.3603	-0.3904	0.0008621926504851988	0.004036946559862884	-0.003677408733952052	1.13391638	29.79993629	1.04471011	0.2522785605518526	0.0112656	0.00048
-0.1439	0.1973	-0.3722	0.0012793263417118436	0.003914773512223281	-0.003447025272688801	1.11531389	29.31105423	1.03811955	0.22018451000647496	0.00794894	0.0004
-0.1428	0.1473	-0.3443	0.0011187560505283654	0.0038536869884034796	-0.003239331091701475	1.02140129	26.84298134	0.95192336	0.10046754979953026	0.0079686	0.00031
-0.1398	0.2382	-0.3433	0.0008150687606813518	0.004016002608838952	-0.0032463124087094525	1.06092012	27.88155746	1.00713128	0.11854921136452316	0.00849664	0.00043
-0.1497	0.3934	-0.3998	0.0008517206749732328	0.004300491276914028	-0.0033929200658769764	1.19631493	31.43980408	1.0636512	0.24498741197672408	0.0125472	0.00086
-0.1494	0.2127	-0.3937	0.0009686577348568529	0.004290019301402062	-0.0031503192998497648	1.18894577	31.24613953	1.05080265	0.20560049007113987	0.00948709	0.00037
-0.1446	0.0895	-0.3661	0.0011484266478122688	0.004241150082346221	-0.0031014500807939236	1.10193765	28.95951843	0.99845569	0.1694753675533549	0.00859851	0.00041
-0.1373	0.229	-0.3319	0.0005654866776461627	0.00411199571769864	-0.0031084313978019013	1.0870086	28.56717682	1.01770484	0.2169537825910832	0.00808048	0.00045
-0.1392	0.3995	-0.3743	0.0006300638599699529	0.0042655846918741415	-0.003239331091701475	1.17385793	30.84962273	1.07241078	0.23225329251994328	0.0120556	0.00055
-0.1415	0.2784	-0.3711	0.0007923794804054256	0.004214970143566306	-0.003073524812762014	1.10947108	29.15750122	1.00755589	0.1455368223841385	0.00936234	0.00044
-0.1498	0.1587	-0.3537	0.0007958701389094143	0.004258603374866164	-0.0030002209841782524	1.11401951	29.27703667	0.99683123	0.1514213859193804	0.00772756	0.00037
-0.1502	0.2093	-0.3401	0.0009442231253289323	0.004223696789826277	-0.0032602750427254074	0.99997908	26.27999306	0.95517419	0.086765681500328	0.00773114	0.00017
-0.1572	0.3591	-0.3664	0.0009407324668249436	0.00428129265514209	-0.003459242577452761	1.11176777	29.21786118	1.01224719	0.19610270292735768	0.0103159	0.00044
-0.1568	0.2127	-0.3734	0.0012130038301360591	0.004300491276914028	-0.003420845333908886	1.14712238	30.14699745	1.01357351	0.17029336143134646	0.00857145	0.00043
-0.1575	0.1505	-0.3501	0.0012618730491919003	0.004213224814314312	-0.003321361566545209	1.04095161	27.35677338	0.9362513	0.09798097245096173	0.00782174	0.0004
-0.1529	0.2607	-0.3399	0.0007452555906015787	0.004129449010218584	-0.0033824480903650108	1.01993179	26.80436134	0.9677667	0.1580739893252926	0.00816762	0.00028
-0.1539	0.3954	-0.3654	0.0005916666164260777	0.004258603374866164	-0.003450515931192789	1.07840323	28.34102058	1.00478491	0.17874055898254296	0.0117604	0.00062
-0.1503	0.2259	-0.3618	0.0009128071987930344	0.004162610266006475	-0.003269001688985379	1.11252403	29.23773575	1.03310837	0.2066323966717028	0.00833619	0.00034
-0.1463	0.1668	-0.3398	0.0010105456369047167	0.004131194339470578	-0.0032009338481576006	1.01010311	26.54605675	0.95597462	0.09496111027376787	0.00769222	0.0002
-0.1438	0.2921	-0.3353	0.0005235987755982988	0.0041381756564785556	-0.0032480577379614467	1.05561137	27.74204063	0.99092793	0.1593526034059121	0.00909323	0.00047
-0.1479	0.341	-0.3498	0.00032463124087094524	0.004218460802070294	-0.0032934362985133003	1.03255451	27.13609123	0.97592189	0.0837315620435473	0.00981462	0.00069
-0.1439	0.1676	-0.3443	0.000804596785169386	0.0040613811693908045	-0.003145083312093782	1.13936901	29.9432354	1.05036136	0.22216990816987245	0.00753063	0.00028
-0.1453	0.0805	-0.3299	0.0009599310885968812	0.0040334559013588955	-0.003333578871309169	1.06276155	27.92994881	0.96985414	0.12148775653373951	0.00823885	0.00047
-0.1452	0.2595	-0.3579	0.001043706892692609	0.004070107815650777	-0.003447025272688801	1.15367138	30.31910896	1.05047102	0.21879370598836204	0.00897628	0.00034
-0.1551	0.3839	-0.4049	0.001158898623324235	0.004241150082346221	-0.003673918075448063	1.13415122	29.80610847	1.02086999	0.20695634000431656	0.0126421	0.00089
-0.1576	0.2348	-0.4095	0.0014451326206513049	0.004190535534038385	-0.0037699111843077517	1.14063036	29.97638321	1.03051016	0.17784208272472973	0.00973886	0.0004
-0.1609	0.1725	-0.3939	0.0017959438003021652	0.004262094033370152	-0.003728023282259888	1.03182459	27.11691093	0.9586038	0.1044128790515246	0.00876981	0.00043
-0.1599	0.2316	-0.3766	0.0014538592669112763	0.004167846253762459	-0.003834488366631542	0.9707244	25.51116371	0.94308373	0.1045398698685118	0.00853157	0.00027
-0.1661	0.3034	-0.3789	0.0009075712110370514	0.004141666314982544	-0.0038467056713955023	1.05366147	27.69079399	0.98394332	0.10953426497090508	0.0105693	0.00048
-0.1684	0.2642	-0.3961	0.0009965830028887623	0.004157374278250492	-0.0038693949516714287	1.05528879	27.73356056	0.95698993	0.06507045176977927	0.0107048	0.00082
-0.1668	0.1076	-0.3775	0.001329940890019679	0.004124213022462601	-0.003841469683639519	1.17712271	30.9354229	1.01776011	0.19652222054753588	0.00914806	0.00035
-0.1693	0.1801	-0.3501	0.0008429940287132613	0.003977605365295077	-0.003963642731279122	1.05859649	27.82048988	0.9669452	0.14018637830567726	0.00839895	0.00052
-0.1801	0.3012	-0.3229	0.00124965574442794	0.0036721727461960694	-0.003926990816987242	1.11458135	29.29180145	1.03235132	0.1965373124552784	0.00903279	0.00051
-0.1634	0.2845	-0.3696	0.0003665191429188092	0.004043927876870862	-0.003522074430524557	1.07667816	28.29568672	1.02402981	0.16309040593233043	0.00977182	0.0006
-0.141	0.3006	-0.4447	0.001085594794740473	0.003979350694547071	-0.0032916909692613052	1.21152925	31.83964729	1.16579211	0.1643018147704353	0.0147184	0.00367
-0.1462	0.2953	-0.4861	0.001595230936322817	0.004159119607502487	-0.003223623128433527	1.35535431	35.6194458	1.12524543	0.08977364476827686	0.0146902	0.00152
-0.146	0.3115	-0.4631	0.0018046704465621369	0.004106759729942657	-0.0035098571257605967	1.26751733	33.31104279	1.09923454	0.06680166925631092	0.0148506	0.00193
-0.1549	0.2617	-0.5483	0.0014922565104551516	0.0046478117980608994	-0.0038851029149393774	1.26494372	33.2434082	1.15073849	0.20533558967020044	0.0174688	0.00469
-0.1628	0.3195	-0.5155	0.0014556045961632708	0.004885176576332128	-0.003680899392456041	1.18446732	31.12844276	1.0919529	0.12241101075232234	0.0156524	0.00128
-0.1597	0.3848	-0.5121	0.002897246558310587	0.004372049776245795	-0.003867649622419434	1.1376164	29.89717674	1.06606429	0.178875949609852	0.0180544	0.00268
-0.16	0.3828	-0.5177	0.0006876597252857658	0.004504694799397364	-0.0037419859162758423	1.149001	30.19637108	1.0815915	0.13129477811599916	0.0178747	0.0018
-0.1629	0.2165	-0.4884	0.0012130038301360591	0.004583234615737109	-0.003757693879543791	1.14676106	30.13750267	1.04973185	0.22947959422289932	0.0126738	0.00098
-0.1584	0.2465	-0.4578	0.001420698011123384	0.004445353604829557	-0.0036843900509600297	1.00464118	26.40251541	0.96131176	0.08604395102393192	0.0119699	0.00079
-0.1583	0.3784	-0.4439	0.001593485607070823	0.004384267081009755	-0.0038048177693476384	1.09548223	28.7898674	1.01521786	0.16361509190774243	0.0138696	0.00088
-0.1639	0.3493	-0.4725	0.001085594794740473	0.004504694799397364	-0.004054399852382828	1.18393862	31.11454773	1.02008755	0.10719503068765739	0.0155139	0.00115
-0.1668	0.1922	-0.4563	0.0013020156219877698	0.004211479485062317	-0.003988077340807043	1.20695889	31.71953392	1.04098663	0.2049979326579064	0.0117155	0.00069
-0.1359	0.1306	-0.3809	-0.00015533430342749534	0.0037699111843077517	-0.003478441199224699	1.12875676	29.66434097	1.03844571	0.28832771838760873	0.00980788	0.0006
-0.1353	0.312	-0.4031	-2.094395102393195e-05	0.0041835542170304075	-0.0035133477842645856	1.17086387	30.77093697	1.0687325	0.2333469985083053	0.0108746	0.00041
-0.1536	0.3717	-0.4585	0.0005742133239061344	0.00420449816805434	-0.003920009499979264	1.09241331	28.70921516	1.00491976	0.18453814708343383	0.0138258	0.00079
-0.1577	0.1843	-0.4335	0.0008726646259971648	0.003913028182971286	-0.003872885610175417	1.15893805	30.45752144	1.05611107	0.24835225884889653	0.0100777	0.00028
-0.1609	0.2399	-0.4166	0.00102799892942466	0.0038083084278516272	-0.003986332011555049	1.02494574	26.93612862	0.96610119	0.09437502299633928	0.0101056	0.0004
-0.1533	0.288	-0.4185	0.000640535835481919	0.0038152897448596045	-0.003937462792499207	1.0362066	27.23207092	0.9822122	0.07976568150032794	0.0108857	0.00044
-0.1628	0.4219	-0.4837	0.0003316125578789226	0.004249876728606192	-0.00401076662108297	1.13718915	29.88594818	1.0420426	0.24944070449666744	0.0176656	0.00159
-0.1692	0.2389	-0.4752	0.0011449359893082802	0.004120722363958612	-0.004159119607502487	1.14990032	30.22000313	1.06377783	0.25244153912482276	0.0119522	0.00057
-0.1687	0.1642	-0.4663	0.0014905111812031574	0.004124213022462601	-0.004176572900022431	1.02493215	26.93577194	0.97278929	0.10242595714594052	0.0114327	0.00034
-0.1617	0.2571	-0.446	0.0011606439525762293	0.004070107815650777	-0.004235914094590238	1.0318464	27.11748314	0.99495762	0.1423656815003279	0.0115923	0.00035
-0.1565	0.4082	-0.4102	0.0005899212871740833	0.00415213829049451	-0.004084070449666731	1.15534961	30.36321449	1.05581248	0.23232983925846928	0.0141761	0.00102
-0.1599	0.2828	-0.4458	0.0006684611035138282	0.004091051766674708	-0.0042324234360862495	1.13585293	29.85083199	1.02936748	0.17879896632895323	0.0128131	0.00082
-0.1652	0.1253	-0.4417	0.0007661995416255106	0.00398284135305106	-0.004220206131322289	1.19663751	31.44828415	1.03420461	0.1778083078249646	0.0111452	0.0006
-0.1622	0.2169	-0.4167	0.0012932889757277981	0.004057890510886817	-0.003909537524467298	1.04848838	27.5548439	0.99952889	0.16524035993965175	0.0103876	0.00061
-0.1622	0.3287	-0.4191	0.00038048177693476387	0.004029965242854907	-0.004101523742186674	1.09611535	28.80650711	1.04244309	0.17083593422721596	0.0123293	0.00065
-0.1737	0.3805	-0.4497	-0.00013788101090755203	0.0043266712156939426	-0.0042167154728183	1.10890555	29.14263916	0.99655259	0.1404130245656489	0.0154171	0.00102
-0.1695	0.183	-0.4375	-9.42477796076938e-05	0.00426907535037813	-0.004244640740850209	1.19744515	31.46950722	1.0797563	0.22035771823237896	0.012741	0.00092
-0.1704	0.1151	-0.4235	0.000296705972839036	0.004211479485062317	-0.004214970143566306	1.10016704	28.91298676	0.96758197	0.10671101075232228	0.0108167	0.00048
-0.1677	0.1485	-0.4164	0.0002583087292951608	0.00400727596257898	-0.004110250388446646	1.02041841	26.81714821	0.95457782	0.06056602605734362	0.0105979	0.00057
-0.1609	0.2501	-0.413	0.0001239183768915974	0.003998549316319009	-0.004043927876870862	1.05328453	27.68088722	0.99208684	0.12227197551196595	0.010519	0.00052
-0.1592	0.4678	-0.4493	0.00022863813201125715	0.004029965242854907	-0.004145156973486532	1.24544263	32.73090744	1.12212788	0.2675682389135614	0.0168967	0.00145
-0.1634	0.2735	-0.4576	0.0006632251157578452	0.004071853144902771	-0.004206243497306334	1.18832684	31.22987366	1.07721576	0.23367807048071265	0.0123557	0.00064
-0.1565	0.1008	-0.4364	0.00038397243543875244	0.0039706240482871	-0.004077089132658754	1.16369998	30.5826683	1.07235641	0.2262818070791172	0.0117441	0.00069
-0.153	0.1758	-0.4359	0.0003769911184307752	0.003876376268679406	-0.004197516851046362	1.02695537	26.98894501	0.98462713	0.09008284075016398	0.0109962	0.00051
-0.1452	0.2738	-0.4275	-0.00020769418098732522	0.0038606683054114572	-0.003986332011555049	1.02644551	26.97554398	0.96904528	0.15477890510886808	0.0118762	0.00084
-0.1479	0.2755	-0.4365	-0.00034033920413889426	0.004103269071438669	-0.003956661414271145	0.99074149	26.03722382	0.94761947	0.03364581932313426	0.012868	0.00067
-0.1385	0.1471	-0.3789	-0.001165879940332212	0.004124213022462601	-0.003680899392456041	1.09712017	28.83291245	1.02434353	0.25151233545161766	0.011647	0.00095
-0.1378	0.0906	-0.3643	-0.0009930923443847736	0.00404741853537485	-0.003577924966588375	1.05562294	27.7423439	0.96855051	0.08942782544514276	0.0111616	0.00081
-0.1459	0.2219	-0.3732	-0.0007435102613495844	0.004080579791162742	-0.003824016391119576	1.05312991	27.67682457	1.00334101	0.174741738167714	0.0105965	0.00067
-0.1655	0.3195	-0.4035	-0.0010402162341886204	0.004469788214357478	-0.004141666314982544	1.07341897	28.21003342	1.00024086	0.19767821599483704	0.0133929	0.00099
-0.1647	0.3099	-0.4392	-0.0005078908123303499	0.004242895411598215	-0.004124213022462601	1.12757552	29.63329506	1.00229024	0.08493357585687376	0.0139982	0.00108
-0.1719	0.1433	-0.4403	-0.0003944444109507184	0.0040282199136029125	-0.004122467693210606	1.19089079	31.29725647	1.03655413	0.19139336143134647	0.0123677	0.00058
-0.169	0.1793	-0.3989	-0.0001012290966156711	0.00419228086329038	-0.004194026192542374	1.01242721	26.60713768	0.96520329	0.10674173816771416	0.0107356	0.00058
-0.1732	0.3735	-0.4511	-0.0003316125578789226	0.0043877577395137445	-0.004337143191205909	1.18478394	31.13676453	1.07261862	0.2790488668075076	0.0148868	0.00122
-0.1766	0.3802	-0.4859	-0.0004206243497306334	0.004420918995301637	-0.004349360495969869	1.03758633	27.26833153	0.96072245	0.05161951762017822	0.0166876	0.00111
-0.1761	0.144	-0.4607	-0.0003438298626428829	0.004300491276914028	-0.0041887902047863905	1.26152265	33.1534996	1.10597981	0.2797896248329419	0.0127992	0.00064
-0.1749	0.1927	-0.4445	-0.0003385938748868999	0.0041835542170304075	-0.004225442119078272	1.00185037	26.32917023	0.95629595	0.07404124809657427	0.0124856	0.00075
-0.1596	0.2981	-0.4246	-0.00119729586686811	0.00411199571769864	-0.003946189438759179	1.07422853	28.23130798	1.01457131	0.20107565858160348	0.0129714	0.00069
-0.1642	0.3373	-0.4504	-0.001090830782496456	0.004150392961242515	-0.003926990816987242	1.03247428	27.13398361	0.97311845	0.0778030474843734	0.0142934	0.00088
-0.1584	0.2006	-0.4482	-0.0007225663103256524	0.003892084231947355	-0.003939208121751202	1.09491026	28.77483559	1.01567351	0.1766395253114962	0.0121393	0.00071
-0.1665	0.1386	-0.4144	-0.0007819075048934597	0.003937462792499207	-0.003855432317655474	1.02474761	26.93092346	0.96331702	0.11332477796076933	0.0113961	0.00061
-0.1637	0.2955	-0.4308	-0.0007976154681614085	0.0040282199136029125	-0.0040945424251786966	1.08223927	28.4418354	1.00864887	0.19337875959474385	0.012803	0.00068
-0.1665	0.3839	-0.4724	-0.0011606439525762293	0.004284783313646079	-0.004272566008882118	1.07243729	28.18423271	1.01971056	0.17268077340807045	0.0163869	0.00136
-0.1675	0.2544	-0.4873	-0.0010192722831646884	0.0040945424251786966	-0.004098033083682686	1.09387887	28.74773026	1.04566567	0.1707072741539178	0.0149432	0.00089
-0.1677	0.182	-0.4661	-0.00102799892942466	0.004122467693210606	-0.004009021291830974	1.00092471	26.3048439	0.96170531	0.10008318530717963	0.0130621	0.00082
-0.1636	0.2843	-0.4543	-0.0012636183784438947	0.004206243497306334	-0.003862413634663451	1.01803362	26.75447464	0.97290677	0.1415001455141243	0.0137372	0.00072
-0.1676	0.3591	-0.4959	-0.001064650843716541	0.004342379178961892	-0.004085815778918725	1.1290797	29.67282677	0.98965748	0.1483252680319093	0.0174439	0.00137
-0.1722	0.2183	-0.4861	-0.0007539822368615504	0.004141666314982544	-0.004091051766674708	1.10186088	28.95750237	1.02463728	0.18103087292951608	0.0150266	0.00109
-0.1655	0.1622	-0.4491	-0.0008709192967451704	0.004146902302738527	-0.0039898226700590365	1.09603083	28.80428314	0.97216129	0.11097010721276368	0.0126417	0.00067
-0.1697	0.2721	-0.4395	-0.001165879940332212	0.004368559117741807	-0.0041661009245104645	1.03962815	27.32199287	0.9872566	0.15834478565208743	0.013505	0.00092
-0.1759	0.4144	-0.4963	-0.0009686577348568529	0.004344124508213886	-0.004422664324553631	1.13768935	29.89909172	1.04762769	0.22921101075232236	0.018562	0.00196
-0.1769	0.2193	-0.4848	-0.0004363323129985824	0.00429700061841004	-0.004267330021126135	1.15458846	30.34321213	1.07279234	0.24433918075448063	0.0143946	0.00096
-0.1807	0.2448	-0.4843	-0.0003647738136668148	0.004557054676957195	-0.004309217923174	1.00478518	26.40629959	0.94806151	0.048475022996339344	0.0144095	0.00092
-0.1843	0.3515	-0.5025	-0.0005131268000863328	0.004750786223928565	-0.004469788214357478	1.03226614	27.12851524	0.97185433	0.15363274122871823	0.0168108	0.0012
-0.1815	0.2894	-0.5086	-0.0007120943348136865	0.004501204140893376	-0.004429645641561609	0.99243629	26.08176422	0.95488418	0.09543460952792064	0.0163345	0.00103
-0.1774	0.1976	-0.4803	-0.0009616764178488756	0.004380776422505768	-0.004206243497306334	1.02199996	26.85871315	0.98437294	0.15387059728390365	0.0142596	0.00095
-0.1727	0.2849	-0.4605	-0.0012164944886400475	0.00437379510549779	-0.004283037984394084	1.00048196	26.29320908	0.96407085	0.12872969374434495	0.014593	0.00112
-0.1793	0.4266	-0.4953	-0.0013648474750595659	0.004550073359949217	-0.0043982297150257105	1.09098005	28.67154884	1.02369987	0.20509114857512853	0.0196974	0.00293
-0.1815	0.3357	-0.5231	-0.0009686577348568529	0.00446629755585349	-0.004560545335461182	1.04643416	27.5008564	1.01536504	0.1530140582366956	0.0182444	0.00173
-0.185	0.175	-0.474	-0.0010122909661567112	0.004379031093253773	-0.004286528642898074	1.16923404	30.72810555	1.04948474	0.23354581932313423	0.015013	0.00149
-0.1763	0.2105	-0.4408	-0.0009442231253289323	0.004220206131322289	-0.00394269878025519	1.03164458	27.1121788	0.99680921	0.10593613327010729	0.0140234	0.00098
-0.1718	0.3674	-0.4507	-0.0014486232791552935	0.004495968153137393	-0.004131194339470578	1.11839712	29.39208412	1.05525925	0.21973288674284264	0.0165144	0.00125
-0.1798	0.3565	-0.4978	-0.0016109388995907662	0.004546582701445229	-0.004283037984394084	1.03143883	27.10677147	0.98020583	0.08423869068334076	0.0174098	0.00169
-0.1771	0.243	-0.494	-0.0013683381335635543	0.004509930787153347	-0.0040282199136029125	1.0370276	27.25364685	0.98291027	0.14670353755551324	0.0150015	0.00113
-0.1768	0.1882	-0.4891	-0.0011274826967883368	0.00441393767829366	-0.004021238596594935	0.98393315	25.85829735	0.95456281	0.07719149313214414	0.0147881	0.00106
-0.1692	0.2861	-0.4841	-0.0014940018397071458	0.004440117617073575	-0.003977605365295077	1.02252173	26.87242699	0.98858576	0.13231661564992916	0.0155144	0.00072
-0.1728	0.4174	-0.5114	-0.0017313666179783749	0.004616395871525002	-0.004059635840138811	1.06432068	27.97092438	0.99117407	0.18698367537831953	0.0195569	0.00225
-0.1725	0.3115	-0.514	-0.00152367243699105	0.004532620067429273	-0.0038938295611993493	1.04594982	27.48812866	0.9772427	0.13166381320112583	0.0177445	0.00146
-0.1685	0.1573	-0.4901	-0.001621410875102732	0.004440117617073575	-0.0038816122564353885	1.13305366	29.77726364	1.02706662	0.19222290966156708	0.0155362	0.00189
-0.1647	0.3136	-0.4713	-0.0016824973989225337	0.0044540802510895285	-0.003841469683639519	1.09222329	28.70422173	1.03774966	0.18465958653158124	0.0158874	0.00132
-0.1703	0.4379	-0.505	-0.002183406894244906	0.004696681017116741	-0.003953170755767157	1.08762372	28.58333969	1.01319364	0.20636056667386116	0.0202569	0.0033
-0.1721	0.227	-0.5181	-0.0017313666179783749	0.004525638750421296	-0.003937462792499207	1.22167194	32.10620117	1.09002273	0.2577395253114963	0.0173467	0.00184
-0.1716	0.1817	-0.4953	-0.0018709929581379211	0.004468042885105484	-0.0038484510006474965	1.07620156	28.28315926	0.96152423	0.08291169986635342	0.015943	0.00193
-0.1692	0.2524	-0.4788	-0.0019233528356977512	0.0045971972497530645	-0.003703588672731967	0.97788173	25.69926262	0.95231596	0.10591882850614703	0.0154676	0.0016
-0.1636	0.3527	-0.4857	-0.0023352505391684127	0.004223696789826277	-0.003745476574779831	1.03161252	27.11133766	0.98940182	0.15416430327226563	0.0176024	0.00224
-0.1635	0.4242	-0.4962	-0.0027960174616949163	0.00434586983746588	-0.0035116024550125905	1.04347622	27.4231205	0.98010383	0.12294070449666732	0.0207934	0.00405
-0.1705	0.2399	-0.5086	-0.0024068090385001802	0.004539601384437251	-0.0036128315516282617	1.1523174	30.28352547	1.06234956	0.23790845333908897	0.0178944	0.00262
-0.176	0.1179	-0.4886	-0.0018325957145940458	0.00447851486061745	-0.0037315139407638766	1.17570901	30.89827156	1.0258523	0.18519911184307755	0.0161186	0.00223
-0.1782	0.1942	-0.4828	-0.001748819910498318	0.0042882739721500675	-0.003829252378875559	1.02206278	26.86036301	0.99767999	0.10288775653373965	0.0157882	0.00157
-0.1795	0.3971	-0.5285	-0.0014433872913993105	0.00449073216538141	-0.004157374278250492	1.18131685	31.04564667	1.08197483	0.2917006355852641	0.0195423	0.00204
-0.1802	0.3594	-0.5545	-0.0016964600329384882	0.004537856055185257	-0.004085815778918725	1.02363575	26.90170288	0.96549005	0.08298775653373965	0.0203527	0.00254
-0.1831	0.2317	-0.5265	-0.0019617500792416262	0.004639085151800928	-0.003872885610175417	1.06668329	28.0330143	0.99848514	0.18757246558310592	0.0176971	0.00166
-0.1792	0.3066	-0.5142	-0.00204378055408536	0.004605923896013036	-0.0038816122564353885	0.99093235	26.04224014	0.96525628	0.09729591884457985	0.017799	0.00167
-0.1799	0.4251	-0.5482	-0.0022043508452688383	0.004707152992628707	-0.003954916085019151	1.07635033	28.28707123	1.00606627	0.1699551608191456	0.0224465	0.00451
-0.1786	0.2863	-0.5451	-0.0019425514574696887	0.004797910113732411	-0.003715805977495928	1.09204209	28.69945717	1.01661509	0.1727833308213038	0.0188748	0.00221
-0.1729	0.2195	-0.5101	-0.002368411794956305	0.0047577675409365425	-0.003530801076784529	1.04109609	27.360569	0.9693007	0.14005039054969423	0.0172905	0.00261
-0.1647	0.3703	-0.5002	-0.0027838001569309555	0.004885176576332128	-0.003600614246864302	1.07463098	28.24188423	1.01838445	0.19953052837250043	0.0190406	0.00316
-0.1629	0.4564	-0.512	-0.00294262511886244	0.005087634769563471	-0.0036041049053682902	1.02704155	26.99120903	0.97859479	0.1179386906833408	0.022315	0.00602
-0.1658	0.2939	-0.5142	-0.0026441738167714093	0.004876449930072156	-0.0036669367584400863	1.13564014	29.84523773	1.03717042	0.19622339973270703	0.0186359	0.00318
-0.1617	0.1531	-0.4724	-0.0024050637092481865	0.004605923896013036	-0.003349286834577118	1.16499043	30.61657906	1.02512256	0.2280643032722656	0.0156038	0.00245
-0.1557	0.2457	-0.4692	-0.002712241657599188	0.004562290664713178	-0.0032934362985133003	1.03185487	27.11770439	1.00065712	0.12213308578573381	0.0163746	0.00217
-0.1436	0.3079	-0.4419	-0.0027680921936630064	0.004405211032033687	-0.00318871654339364	1.01134312	26.57864571	0.98109473	0.11748249619314846	0.0160878	0.00194
-0.1492	0.4336	-0.477	-0.0025394540616517493	0.004754276882432553	-0.0032794736644973454	1.08360291	28.47767258	1.00919145	0.19982305517569135	0.0193838	0.00333
-0.1521	0.2598	-0.4613	-0.002469640891571976	0.0045867252742410975	-0.003014183618194207	1.11716247	29.35963631	1.04021849	0.2175327412287184	0.015195	0.00155
-0.1551	0.2213	-0.4762	-0.0026878070480712674	0.004511676116405342	-0.003157300616857742	1.00415754	26.38980484	0.95350021	0.07821661564992907	0.0156482	0.00176
-0.1513	0.3264	-0.4609	-0.002712241657599188	0.004487241506877421	-0.003307398932529255	1.02899122	27.04244614	0.99509251	0.13414837673636779	0.0168896	0.00213
-0.1563	0.4868	-0.4778	-0.003110176727053895	0.004637339822548933	-0.0034103733583969193	1.1353811	29.83843231	1.04207033	0.21485039054969415	0.022144	0.00621
-0.1561	0.3019	-0.4796	-0.0029775317039023265	0.004382521751757761	-0.003303908274025266	1.14738321	30.15385246	1.05137258	0.2115964089157197	0.0177234	0.00264
-0.1479	0.1649	-0.458	-0.003555235686312449	0.004752531553180559	-0.0033318335420571745	1.12929642	29.67852402	1.02328798	0.21558195259324145	0.0169519	0.00386
-0.1494	0.1813	-0.4403	-0.003560471674068432	0.0045308747381772796	-0.003153809958353753	0.96837103	25.44931602	0.95176351	0.05584581932313416	0.0171434	0.0034
