trans_x	trans_y	trans_z	rot_x	rot_y	rot_z	dvars_std	dvars_nstd	dvars_vstd	framewise_displacement	aqi	aor
0.0	-0.0	0.0	-0.0	0.0	-0.0	n/a	n/a	n/a	n/a	0.0160006	0.00745
0.0052	0.0862	0.064	-0.00028797932657906436	0.00012740903539558605	0.0002530727415391778	1.14077401	28.24865913	1.03602585	0.18882305517569137	0.0147986	0.00582
0.0107	0.1426	0.0553	-4.71238898038469e-05	0.00011519173063162575	0.00032637657012293966	1.21746254	30.14767456	0.97304902	0.08691882850614698	0.0158783	0.00545
0.0121	-0.0244	0.0274	3.316125578789226e-05	1.7453292519943296e-05	0.0002652900463031381	1.23922992	30.68669319	1.07762081	0.2082555053761612	0.0139267	0.00333
0.0203	-0.0363	0.0289	-0.00062482787221397	-6.806784082777885e-05	0.0005637413483941684	1.16356742	28.81308556	0.9810688	0.07369807817203072	0.014265	0.00363
0.02	0.0148	0.062	-0.00030368728984701333	0.00018675022996339323	0.0005148721293383271	1.2021842	29.76934052	1.04593855	0.1157413936106985	0.0127662	0.0023
0.022	0.134	0.085	-0.000466002910282486	0.00010471975511965978	0.0004188790204786391	1.19361222	29.55707741	1.06356843	0.1612169602069447	0.0144583	0.00449
0.0287	0.1095	0.0626	-0.0002705260340591211	0.0001308996938995747	0.0004380776422505767	1.10234082	27.29694748	0.97015147	0.06564277183876088	0.0139783	0.0036
0.0369	-0.0971	0.0851	-0.000614355896702004	0.00020769418098732522	0.0006440264939859076	1.28315151	31.77431297	1.1347098	0.2686286600732982	0.0108904	0.00148
0.0319	-0.0296	0.0877	-0.0008360127117052838	0.0001884955592153876	0.0007923794804054256	1.06338823	26.33237839	0.96721314	0.09456042115973677	0.0117114	0.00188
0.0291	0.0747	0.105	-0.0009861110273767962	9.075712110370512e-05	0.0008185594191853405	1.15270901	28.5442009	1.01125825	0.13810083462815548	0.0127187	0.00325
0.0326	0.1617	0.1101	-0.0012723450247038664	-0.0001012290966156711	0.0008552113334772215	1.24555969	30.84343529	1.01222757	0.12134360646691636	0.0154605	0.00666
0.0326	0.0944	0.0849	-0.0009459684545809266	-0.00016406094968746698	0.0008185594191853405	1.18582141	29.36415482	1.01419149	0.11379301687433084	0.0138437	0.00401
0.0304	-0.0554	0.0639	-0.0004991641660703782	0.00012042771838760874	0.0007696902001294993	1.26048744	31.21308708	1.06229311	0.21200810878207324	0.0119942	0.00197
0.0267	-0.0163	0.061	-0.000291469985083053	0.0002495820830351891	0.0007592182246175333	1.09641433	27.15019417	0.95794359	0.06306602605734357	0.011933	0.00203
0.0297	0.0772	0.0719	0.0005340707511102648	-2.094395102393195e-05	0.0005183627878423159	1.17203057	29.02265549	1.03754096	0.17424611035138282	0.012821	0.00255
0.0297	0.1701	0.0585	0.0004939281783143952	-4.537856055185256e-05	0.0005235987755982988	1.15404856	28.5773735	1.05374596	0.10979065850398864	0.0153276	0.00454
0.028	0.0209	0.028	0.0001884955592153876	8.901179185171081e-05	0.0005532693728822024	1.27807772	31.6486702	1.09231244	0.2048746784393237	0.013711	0.00246
0.0369	-0.0079	0.0274	-0.0001972222054753592	4.537856055185256e-05	0.0007923794804054256	1.10855329	27.45078659	0.96925097	0.07172305517569141	0.0132912	0.0024
0.0397	0.0179	0.0808	-0.000645771823237902	0.00011344640137963142	0.0011519173063162574	1.20139313	29.74975395	1.01849662	0.12580776422505763	0.0118285	0.00203
0.0409	0.1039	0.1165	-0.0007295476273336296	0.00016406094968746698	0.0010873401239924673	1.19371271	29.55956459	1.02143431	0.13284837673636768	0.0120928	0.00225
0.0386	0.0992	0.1047	-0.0007417649320975902	8.726646259971648e-05	0.0009686577348568529	1.00298083	24.83652496	0.93725248	0.029184709049366285	0.0122076	0.00254
0.0405	-0.0543	0.0809	-0.000598647933434055	8.901179185171081e-05	0.0008290313946973065	1.12765169	27.92371368	1.06008756	0.19342443340375373	0.0112366	0.00158
0.0443	-0.0256	0.0686	-0.0010105456369047167	0.0003089232776029963	0.0010262536001726657	0.97746974	24.20480156	0.94207978	0.08625156973486531	0.0121785	0.00243
0.0392	0.0242	0.1182	-0.0010210176124166828	0.00020420352248333657	0.001075122819228507	1.05811286	26.20174599	0.99740165	0.11270304748437336	0.0115069	0.00218
0.0409	0.1099	0.117	-0.0008168140899333463	-1.0471975511965975e-05	0.0011135200627723821	1.10693753	27.41077614	1.0169013	0.1114638132011257	0.0130379	0.00303
0.0415	-0.0062	0.0917	-0.0010053096491487337	0.00016406094968746698	0.001129228026040331	1.19919837	29.69540405	1.05189695	0.1609368223841385	0.0115125	0.00143
0.041	-0.0639	0.0866	-0.0009442231253289323	0.00018500490071139895	0.0010768681484805013	1.01507282	25.13595772	0.93453962	0.07001951762017816	0.0120732	0.00184
0.043	-0.052	0.0943	-0.0008970992355250854	0.00018151424220741024	0.0011187560505283654	1.13370895	28.07370758	0.92832819	0.026225122517784985	0.0121527	0.00161
0.0443	0.0153	0.119	-0.0005323254218582705	-3.665191429188092e-05	0.0009651670763528643	1.25559306	31.09189034	1.02997285	0.13012644721708036	0.0116388	0.00191
0.0457	0.0969	0.1064	-0.0001012290966156711	-8.203047484373349e-05	0.0009494591130849152	1.18352795	29.30736351	1.01980141	0.12020914245312006	0.012411	0.00207
0.0469	-0.0273	0.0799	-8.37758040957278e-05	0.00017453292519943296	0.0009651670763528643	1.16796982	28.92210197	1.06770698	0.16638623279155296	0.0107287	0.00124
0.0455	-0.0851	0.0812	-0.00016929693744344995	0.0002844886680750757	0.0010367255756846318	1.11036015	27.49552917	0.9754669	0.0738517687777566	0.0106496	0.00094
0.0451	0.046	0.0971	0.0001937315469713706	0.00012217304763960306	0.0010245082709206715	1.14037621	28.23880959	1.03559995	0.17427807048071267	0.0104653	0.0011
0.0426	0.0748	0.1079	0.0006527531402458793	-0.00010995574287564276	0.0009704030641088471	1.06296146	26.32180977	0.96034498	0.07936277953007895	0.0103853	0.00118
0.0466	0.056	0.0872	0.0006771877497737998	-3.490658503988659e-05	0.0009424777960769379	1.08299422	26.81787491	0.93811258	0.0498704517697793	0.0111667	0.00146
0.0498	-0.0172	0.0408	0.0005916666164260777	0.00018151424220741024	0.0009581857593448868	1.07355011	26.58401299	0.97454887	0.13868249619314835	0.0120447	0.00148
0.0582	0.0355	0.0575	-9.773843811168246e-05	-0.00017278759594743863	0.0008936085770210966	1.15654409	28.63916779	0.99605782	0.13321420375081997	0.0124496	0.0023
0.0468	0.0098	0.0981	0.0002443460952792061	-6.981317007977319e-05	0.0009354964790689606	1.13877809	28.19923401	0.99574631	0.10204734306532089	0.0102884	0.00075
0.0477	0.0694	0.0919	0.000450294947014537	-9.599310885968811e-05	0.001158898623324235	1.10298181	27.31282234	0.97123153	0.08947654673852602	0.0109361	0.00125
0.05	-0.0014	0.0691	0.0004729842272904633	-7.330382858376184e-05	0.0010803588069844899	1.01894808	25.23191833	0.94098191	0.10209591884457989	0.0101998	0.00118
0.0514	-0.0339	0.0643	0.0004433136300065597	4.537856055185256e-05	0.0011484266478122688	0.98336393	24.3507576	0.91427474	0.04952104136236484	0.0102658	0.00084
0.0499	-0.0326	0.0856	0.00013788101090755203	0.0001012290966156711	0.0011606439525762293	0.99536848	24.64802361	0.93352377	0.04277502299633935	0.0100428	0.00094
0.0463	0.0643	0.0949	0.00012217304763960306	-2.96705972839036e-05	0.0010471975511965976	1.08980119	26.98643303	1.01638104	0.12280270292735775	0.0112752	0.00124
0.0486	0.0378	0.0627	0.0005375614096142535	-7.504915783575618e-05	0.0009459684545809266	0.989142	24.49383926	0.93502391	0.08909980095710869	0.011081	0.00118
0.0486	-0.0455	0.0387	0.0014433872913993105	-2.6179938779914945e-05	0.0008412486994612669	1.01726377	25.19021034	0.96239821	0.1602707427980279	0.0113003	0.00115
0.0492	-0.1208	0.0551	0.0012095131716320703	2.268928027592628e-05	0.0009337511498169664	0.99707168	24.6901989	0.94687501	0.11106228945893906	0.0106465	0.00091
0.0479	0.003	0.1046	0.0013159782560037243	-3.4906585039886588e-06	0.0009459684545809266	1.07324708	26.57650948	1.00423261	0.18184311639577647	0.00939029	0.00091
0.0467	0.1734	0.1019	0.0009180431865490173	-0.0001605702911834783	0.0010140362954087054	1.16929877	28.95500946	1.05524536	0.2054541271480988	0.0127949	0.00239
0.042	-0.0114	0.0647	0.001291543646475804	1.3962634015954635e-05	0.0009285151620609833	1.1773243	29.15374184	1.07216678	0.2583777259236971	0.0102701	0.00103
0.0477	-0.0477	0.0506	0.0012042771838760874	0.0003612831551628262	0.0010384709049366262	1.03635001	25.66283607	0.97257658	0.08332713633111154	0.0106035	0.00081
0.0462	0.0066	0.1164	0.0009023352232810684	0.0001186823891356144	0.0009843656981248017	1.29199731	31.99335861	1.02477544	0.1515323966717027	0.00977153	0.00066
0.0507	0.0977	0.1215	0.000312413936106985	-9.948376736367679e-05	0.0009878563566287904	1.21210146	30.01492119	1.01511082	0.14127890510886815	0.0110892	0.00131
0.0461	-0.041	0.0788	0.0004520402762665313	1.3962634015954635e-05	0.0010978120995044332	1.21424937	30.0681076	1.06617385	0.20415142422074103	0.00997996	0.00088
0.0453	-0.0834	0.0662	0.00040666171571467877	7.853981633974481e-05	0.0014119713648634124	1.07992423	26.74185371	0.94998982	0.0770057504117311	0.0102854	0.00103
0.0372	0.0202	0.0977	0.0002303834612632515	0.0002617993877991494	0.001656317460142619	1.04462874	25.86784172	0.96405476	0.17339419605950193	0.00962174	0.00099
0.0422	0.0795	0.1358	0.0001937315469713706	0.00039095375244672985	0.0017749998492782332	0.99515867	24.64282799	0.94054129	0.1166244334037538	0.00950855	0.00087
0.0465	-0.0311	0.0852	0.0008412486994612669	0.0003769911184307752	0.0016004669240788003	1.0429821	25.82706451	1.00567272	0.20730063558526424	0.00896072	0.0007
0.0556	-0.0923	0.0737	0.0012042771838760874	0.00013788101090755203	0.001403244718603441	0.98603028	24.41678429	0.93574381	0.12176803987067014	0.00975895	0.00106
0.0523	-0.008	0.0868	0.0009721483933608416	0.00012740903539558605	0.0013369222070276565	0.9829486	24.34047318	0.95232823	0.1161461638801498	0.00972009	0.00097
0.0502	-0.0195	0.1142	0.0016650441064025902	7.155849933176751e-05	0.0011501719770642632	0.99998266	24.76228333	0.96071414	0.08777482395344802	0.00958383	0.00067
0.0506	0.0389	0.0982	0.0016702800941585732	5.585053606381854e-05	0.0010786134777324957	1.04349363	25.83973312	0.9929175	0.07942512251778495	0.0105057	0.00104
0.0536	-0.0741	0.0603	0.001658062789394613	0.0001675516081914556	0.0010803588069844899	1.11375535	27.5796032	1.06662918	0.1601831853071795	0.0104979	0.00084
0.0558	-0.086	0.0221	0.0015603243512829306	0.00022689280275926284	0.001298524963483781	1.03014374	25.50915337	0.9491572	0.07106228945893903	0.0115216	0.0013
0.0528	-0.0377	0.0757	0.001656317460142619	8.37758040957278e-05	0.0011449359893082802	1.1647954	28.84349251	0.99345605	0.1245349540849362	0.0105198	0.00073
0.0489	0.1231	0.0882	0.001450368608407288	2.792526803190927e-05	0.0011327186845443199	1.36290121	33.74913025	1.07672334	0.1909008346281555	0.0134797	0.00243
0.052	0.0663	0.0672	0.0012583823906879114	-0.00017104226669544429	0.001064650843716541	1.24419582	30.80966377	1.01866294	0.10385107966372543	0.0125545	0.00163
0.055	-0.1296	0.0453	0.0013107422682477415	-0.0002303834612632515	0.0013159782560037243	1.36877239	33.89451599	1.09691895	0.23895142422074103	0.0114232	0.00119
0.0467	-0.0502	0.0962	0.0006422811647339132	8.552113334772214e-05	0.001790707812546182	1.13536084	28.11461258	1.01355164	0.21155476273336296	0.00943249	0.00055
0.0506	0.0426	0.1232	0.0011711159280881952	5.4105206811824215e-05	0.0016615534478986017	1.08197391	26.79261017	0.98304636	0.158170252726888	0.00931865	0.00058
0.0513	0.0322	0.1031	0.0013962634015954637	-1.2217304763960308e-05	0.0016423548261266642	0.96264786	23.83777237	0.90930576	0.046733430342749537	0.00917482	0.00058
0.0571	-0.1406	0.1028	0.0015254177662430443	-6.981317007977319e-05	0.0015289084247470327	1.10711515	27.41517448	1.02964912	0.19390983156715125	0.00916272	0.00073
0.0611	-0.147	0.1002	0.001228711793404008	-9.773843811168246e-05	0.0014852751934471744	0.98532033	24.39920425	0.93253337	0.031413223608540194	0.00972819	0.00067
0.0573	0.0305	0.1404	0.0013404128655316449	-0.000148352986419518	0.0011938052083641214	1.1867497	29.38714218	1.07048592	0.24418928027592623	0.00913799	0.00073
0.0602	0.0423	0.133	0.0014870205226991688	-0.00014311699866353502	0.0013281955607676848	1.10723591	27.41816521	0.97955763	0.036411699866353515	0.00983065	0.00091
0.0594	-0.0928	0.105	0.0020176006153054447	-0.00014137166941154068	0.0011711159280881952	1.13419592	28.08576775	1.0381617	0.198370252726888	0.0091309	0.00058
0.0615	-0.1543	0.111	0.002057743188101315	-0.00020943951023931956	0.001069886831472524	1.07669604	26.66191483	0.93788992	0.080071975511966	0.00973839	0.00082
0.0618	-0.0182	0.1174	0.0019425514574696887	-0.0001308996938995747	0.001064650843716541	1.10262358	27.30394936	1.0168773	0.1527483767363677	0.00934118	0.00064
0.0582	0.0108	0.1231	0.003010692959690218	-0.00024260076602721178	0.0009983283321407565	1.27412891	31.55088806	0.96283857	0.10060825429619755	0.0108934	0.00109
0.055	0.0446	0.1112	0.0027576202181510408	9.773843811168246e-05	0.0013124875974997359	1.26574492	31.34327888	0.99783857	0.09427856055185256	0.0114948	0.00197
0.0603	-0.0886	0.0698	0.0026825710603152844	0.00010471975511965978	0.001192059879112127	1.32584965	32.83163452	1.03949562	0.19002290966156712	0.0107206	0.00097
0.0604	-0.1024	0.0792	0.002647664475275398	0.00011693705988362007	0.0012845623294678264	1.13626003	28.13688087	0.94765674	0.030281317007977315	0.0105883	0.0013
0.0542	-0.0272	0.1385	0.0027872908154349444	0.00012740903539558605	0.001335176877775662	1.06914806	26.4750061	0.97823213	0.15073564319896737	0.00893062	0.00078
0.0538	0.0936	0.1252	0.0026005405854715507	0.0002705260340591211	0.001553343034274953	1.03880107	25.72353363	0.98914909	0.161901669256311	0.0104439	0.00121
0.0599	-0.0452	0.1007	0.0029408797896104456	0.0001832595714594046	0.0014433872913993105	1.0795368	26.73225784	1.04559627	0.1962780704807127	0.00953609	0.00088
0.0594	-0.1018	0.0883	0.002748893571891069	6.45771823237902e-05	0.0016493361431346415	0.9878965	24.46299744	0.94065062	0.09533087292951613	0.00977373	0.00082
0.0614	-0.0026	0.1437	0.002722713633111154	-5.759586531581287e-05	0.0015184364492350666	1.09341252	27.07586098	1.01789838	0.17056263401595465	0.00923717	0.00099
0.063	0.0314	0.1435	0.0027977627909469105	-6.806784082777885e-05	0.001408480706359424	1.03936219	25.73742676	0.94914814	0.045573843811168246	0.00946897	0.00097
0.0657	0.0038	0.0889	0.003750712562535814	-0.00010995574287564276	0.001218239817892042	1.10305583	27.3146534	0.99781597	0.14415392810520747	0.0115101	0.00143
0.0702	-0.1519	0.0613	0.0038327430373795474	-9.773843811168246e-05	0.0011903145498601325	1.1867286	29.38661957	1.05978489	0.19390865238198013	0.012059	0.00167
0.0671	-0.0571	0.0802	0.003892084231947355	-9.42477796076938e-05	0.0013142329267517303	1.10258937	27.30310249	1.0108415	0.1261375114981697	0.0116997	0.00148
0.0619	0.052	0.0935	0.0034766958699727043	-0.00022340214425527416	0.0014364059743913332	1.14294708	28.30247116	0.99403136	0.1609357887130917	0.0123605	0.00175
0.066	0.0129	0.0929	0.0034313173094208515	-0.00018151424220741024	0.0013369222070276565	0.99378687	24.60885811	0.92858923	0.05313751149816968	0.0114318	0.00122
0.0763	-0.0713	0.0725	0.0038501963298994907	-0.00015009831567151235	0.0011100294042683937	1.10109425	27.26608086	0.96089115	0.14875938748868997	0.011903	0.00157
0.0721	-0.1308	0.0837	0.0037646751965517687	-5.93411945678072e-05	0.0011955505376161158	1.00607431	24.9131279	0.96457844	0.08798996938995747	0.0118854	0.00148
0.0602	0.0377	0.0906	0.003975860036043083	1.7453292519943294e-06	0.0012304571226560022	1.18083	29.2405529	1.08551842	0.20265889741755008	0.0125269	0.00213
0.0706	0.0511	0.0852	0.003715805977495928	-6.45771823237902e-05	0.001335176877775662	1.0374583	25.69028282	0.94155561	0.050754816262129965	0.0124387	0.00193
0.0767	-0.0927	0.073	0.003998549316319009	-0.0001832595714594046	0.0013072516097437528	1.13591778	28.12840462	1.06757621	0.18356754979953024	0.012499	0.00213
0.0749	-0.1735	0.0734	0.0037245326237558994	-6.9813170079773176e-06	0.0016179202165987434	1.08854616	26.95535469	0.9800877	0.12104817769347638	0.0123662	0.002
0.0737	-0.0676	0.1334	0.003757693879543791	-0.0001186823891356144	0.0015882496193148398	1.18632865	29.37671661	1.06789963	0.1758266462599716	0.0108669	0.00133
0.0737	0.0639	0.1415	0.0031415926535897933	-0.0002129301687433082	0.0015341444125030156	1.23199296	30.50748634	1.05327533	0.1778227106186758	0.011327	0.0011
0.0755	-0.0561	0.1212	0.0029967303256742636	-0.00016929693744344995	0.0015079644737231008	1.18960845	29.45793152	1.02431944	0.15283377489976513	0.00998682	0.00109
0.0819	-0.1099	0.0954	0.0036547194536761256	-0.00017976891295541595	0.0014905111812031574	1.07282543	26.56606674	0.97902449	0.12029571980168856	0.0115235	0.00122
0.0817	-0.1072	0.112	0.003649483465920143	-0.00014486232791552936	0.0015306537539990272	1.04891014	25.97385979	0.95571147	0.023514257279586948	0.0114512	0.00136
0.0777	0.013	0.1598	0.0035953782591083183	-0.0003298672286269283	0.0015254177662430443	1.18743432	29.4040947	1.00973665	0.1842173047639603	0.0111534	0.00139
0.0812	-0.036	0.1585	0.0035499996985564664	-0.0002740166925631097	0.00147131255943122	1.0503155	26.00865936	0.94790246	0.06156671517137472	0.0100843	0.00109
0.0806	-0.1339	0.0961	0.0037262779530078936	-0.00014137166941154068	0.0013718287920675431	1.12250674	27.79631233	1.0058523	0.18132035224833365	0.0113902	0.00143
0.0771	-0.1413	0.087	0.0031712632508736965	-0.00017104226669544429	0.0014922565104551516	1.04528737	25.88415146	0.92901907	0.05525565089028549	0.0108933	0.00112
0.0741	-0.0193	0.133	0.003134611336581816	-0.0002007128639793479	0.0014957471689591403	1.07159305	26.53555107	0.99801254	0.17449065850398862	0.0100719	0.00093
0.073	0.0194	0.1936	0.003635520831904189	-0.0002740166925631097	0.001567305668290908	1.15094888	28.50061607	1.1058612	0.1326885911618951	0.0114415	0.00439
0.0679	0.0139	0.182	0.0034330626386728466	-0.00032463124087094524	0.0014364059743913332	1.18916285	29.44689751	1.14060884	0.04139862177193762	0.0101748	0.00128
0.0661	-0.1098	0.1331	0.003649483465920143	1.0471975511965975e-05	0.0012479104151759456	1.11423886	27.59157753	1.03871653	0.21140098014227976	0.010071	0.00106
0.0671	-0.1168	0.1233	0.003443534614184812	-3.4906585039886588e-06	0.0014486232791552935	0.99490005	24.63642311	0.94594136	0.03883121748653166	0.00999051	0.00115
0.0699	-0.08	0.1727	0.00326551103048139	-0.00021467549799530252	0.001450368608407288	1.03173482	25.54855156	0.96015034	0.1085476876223365	0.00942212	0.00061
0.0704	0.0117	0.1576	0.002963569069886372	-0.0004939281783143952	0.001296779634231787	1.095451	27.12633705	0.98021812	0.14403918075448055	0.00999808	0.00079
0.0739	-0.0431	0.1269	0.0036477381366681488	-0.0002844886680750757	0.0011379546723003027	1.01357102	25.09876823	0.9636498	0.14162167694762895	0.0109219	0.00127
0.076	-0.1597	0.1259	0.003968878719035105	-0.0002583087292951608	0.001022762941668677	1.09287298	27.06249809	1.02034122	0.14282561258892487	0.0114568	0.00145
0.0779	-0.096	0.1216	0.0038519416591514853	-0.00020769418098732522	0.0012252211349000194	0.97415215	24.12265015	0.93700223	0.0884004900711399	0.0111387	0.00137
0.0723	0.0423	0.1572	0.0036896260387160127	-0.0003944444109507184	0.0012339477811599909	1.1101104	27.48934364	1.01273849	0.19738962483294184	0.0118222	0.00155
0.0689	0.0279	0.1217	0.003363249468593073	-0.0004433136300065597	0.001129228026040331	1.08542609	26.87809372	0.95950093	0.07729827721492204	0.0117718	0.00155
0.0685	-0.1516	0.0554	0.003745476574779831	-0.00021642082724729686	0.0010332349171806431	1.19681513	29.63638878	1.08379843	0.28145565089028546	0.0127304	0.00206
0.0735	-0.1412	0.0724	0.003691371367968007	-0.00028099800957108706	0.001322959573011702	0.97292572	24.09227943	0.9164506	0.05282035224833368	0.0123926	0.00173
0.0742	-0.063	0.1492	0.0035918876006043304	-0.0005270894341022875	0.0012147491593880533	1.06136847	26.28236198	0.99949795	0.17838928027592632	0.0105846	0.00124
0.0762	-0.0031	0.1544	0.003351032163829113	-0.000635299847725936	0.001228711793404008	0.99315226	24.59314346	0.93136995	0.08525142422074104	0.0108401	0.00124
0.0787	-0.1176	0.1234	0.0035465090400524776	-0.000577703982410123	0.001256637061435917	1.09039247	27.00107384	1.02824829	0.1620499004785544	0.0115595	0.00154
0.0796	-0.1434	0.1064	0.003701843343479973	-0.0004014257279586958	0.0012322024519079964	1.01831365	25.21620941	0.91636961	0.06150235837034217	0.011911	0.00158
0.0758	-0.1152	0.1067	0.0035342917352885177	-0.000317649923862968	0.0014486232791552935	1.04867148	25.96795082	1.00303519	0.055687411976724006	0.0107083	0.00094
0.058	-0.052	0.2137	0.0038065630985996326	-0.0002600540585471551	0.001382300767579509	1.22663653	30.37484741	1.17082328	0.2078094870101356	0.011187	0.00461
0.0445	-0.0126	0.2636	0.004071853144902771	-0.00028099800957108706	0.0012164944886400475	1.11636579	27.64424515	1.08450326	0.12540201381332655	0.0109931	0.00204
0.046	-0.1983	0.2475	0.005321508889330711	-0.0005742133239061344	0.0006038839211900379	1.15824163	28.68120384	1.10620129	0.31107408131064984	0.0138757	0.00619
0.0434	-0.225	0.2305	0.005290092962794812	-0.0004939281783143952	0.0005515240436302081	1.00480306	24.88164902	0.95754369	0.05450304748437335	0.0140069	0.00618
0.0422	-0.1423	0.2437	0.0052115531464550675	-0.0005061454830783556	0.0007661995416255106	0.97657037	24.18253136	0.9358502	0.11237163095495038	0.0131171	0.0037
0.0367	-0.0307	0.2498	0.004588470603493092	-0.0005218534463463045	0.0007714355293814937	1.06048334	26.26044464	0.98605736	0.15540132469929535	0.0114613	0.00184
0.0358	-0.1554	0.2365	0.005227261109723017	-0.0005672320068981572	0.0007749261878854823	1.03434467	25.61318016	0.98505722	0.1732829862642883	0.0130873	0.00373
0.0339	-0.2186	0.2019	0.005407030022678433	-0.0002844886680750757	0.0008429940287132613	1.03912997	25.73167801	0.96556896	0.1262290046303138	0.0138963	0.00567
0.0292	-0.1568	0.171	0.00514348530562729	-0.00015707963267948963	0.0010192722831646884	1.08638453	26.90182686	1.03299589	0.1257616003449078	0.0125793	0.00296
0.0289	-0.0594	0.2306	0.0051277773423593406	-0.000466002910282486	0.0009878563566287904	1.18967855	29.45966721	1.08142866	0.17510235837034216	0.0127003	0.00261
0.0333	-0.0032	0.2327	0.004536110725933263	-0.0005253441048502931	0.000895353906273091	1.22634041	30.36751366	1.00060121	0.0998755130674792	0.0116673	0.00143
0.0344	-0.1045	0.1829	0.004646066468808905	-0.0003717551306747922	0.0008761552845011534	1.32734239	32.86859894	1.03545756	0.166337166941154	0.0128466	0.00278
0.0417	-0.1498	0.1916	0.004207988826558329	-0.00026878070480712676	0.001085594794740473	1.19093668	29.49082375	0.96935217	0.09882457891787802	0.0119386	0.00218
0.0416	-0.173	0.2324	0.003984586682303054	-0.00020420352248333657	0.001408480706359424	1.15587783	28.62267113	0.98593752	0.09464326190990079	0.0111581	0.00206
0.0397	-0.1387	0.2896	0.004335397861953915	-0.000296705972839036	0.001265363707695889	1.10284185	27.30935478	1.00599587	0.12272153143350475	0.0115586	0.00257
0.0409	-0.0827	0.2679	0.004134684997974567	-0.00040317105721069014	0.001244419756671957	1.0020349	24.81310272	0.93854901	0.09530609496874669	0.0105354	0.00155
0.0485	-0.1757	0.2424	0.004431390970813603	-0.00041713369122664475	0.001129228026040331	1.00900364	24.98566818	0.95051438	0.1473930168743308	0.0116085	0.00225
0.0497	-0.2238	0.2103	0.0043039819354180175	-0.00018675022996339323	0.0013700834628155487	0.96501541	23.89639854	0.93398482	0.11133239667170274	0.0120482	0.00281
0.0474	-0.1247	0.2491	0.004593706591249075	-0.0002670353755551324	0.0012671090369478833	1.0891943	26.97140503	1.01619477	0.1638492113645231	0.0116522	0.00287
0.0408	-0.0482	0.2681	0.0048188540647563435	-0.0003612831551628262	0.0010506882097005862	1.08798039	26.94134521	0.9888115	0.12889080401811298	0.0123175	0.00263
0.0423	-0.1228	0.223	0.005042256209011618	-0.0002652900463031381	0.0009808750396208131	1.08669579	26.90953636	0.99238093	0.1406604211597368	0.0123298	0.00273
0.0472	-0.2627	0.2022	0.004831071369520303	-0.0001972222054753592	0.0009180431865490173	1.14669251	28.3952179	1.03310741	0.18270422666954447	0.0137382	0.00624
0.0406	-0.1442	0.1821	0.004834562028024293	0.0001012290966156711	0.0010314895879286487	1.20843315	29.9240818	1.00975239	0.1659694180987325	0.0120745	0.00209
0.0374	-0.0258	0.2312	0.004447098934081553	-0.0002251474735072685	0.0010122909661567112	1.44892001	35.87918854	1.07573299	0.2073519142918808	0.0127743	0.00304
0.0328	0.0009	0.2226	0.004070107815650777	-0.00022340214425527416	0.0011205013797803594	1.24639642	30.86415672	1.01218566	0.06424734306532091	0.0117462	0.00175
0.036	-0.1693	0.1784	0.004445353604829557	-0.0001832595714594046	0.0008604473212332044	1.2407093	30.72332764	1.09042866	0.25137212102609013	0.0121142	0.00224
0.027	-0.1359	0.1619	0.003965388060531117	-0.0001937315469713706	0.0011257373675363424	1.08166313	26.78491402	0.95899905	0.09668637830567721	0.0107658	0.00154
0.0209	-0.077	0.2379	0.0037681658550557575	-0.00022165681500327985	0.0010035643198967395	1.09884381	27.21035385	1.0393166	0.15836602605734357	0.0102534	0.00118
0.0172	-0.0421	0.2945	0.003993313328563026	-0.00028797932657906436	0.0008011061266653974	1.02809918	25.4585247	0.97881868	0.11989640891571972	0.0119879	0.00231
0.0176	-0.1632	0.1642	0.007154104603924756	0.00021118483949131387	0.00034033920413889426	1.51834166	37.59825897	1.50660689	0.4578361181979306	0.021063	0.02891
0.0421	-0.1043	0.0219	0.008402015019100702	0.0006667157742618339	5.585053606381854e-05	1.83602142	45.46487045	1.73336925	0.3250965009010771	0.0292531	0.05048
0.0177	0.081	0.3161	-0.001572541656046891	7.330382858376184e-05	0.00042935099599060504	2.50714469	62.08370209	2.48835008	1.0509734540376223	0.0133235	0.01422
0.0081	-0.0979	0.2265	-0.0016598081186466073	5.061454830783555e-05	0.0006527531402458793	1.29734921	32.12588501	1.22667196	0.2947678943565459	0.0100413	0.00255
0.0164	-0.0449	0.2901	-0.0008098327729253688	-9.075712110370512e-05	0.0006946410422937432	1.09841371	27.19970322	1.03959037	0.17656174585903217	0.00955093	0.0021
0.0184	0.0423	0.3178	-0.0003961897402027128	-6.108652381980153e-05	0.0005340707511102648	1.09542811	27.12577248	0.98918824	0.14709419605950189	0.010498	0.00227
0.0236	-0.1313	0.2791	0.0006894050545377602	-0.0001256637061435917	0.0003159045946109737	1.15991688	28.72268677	1.08293345	0.28591690667817776	0.00896257	0.00096
0.0176	-0.2214	0.2521	0.001864011641129944	-0.0002670353755551324	0.000710349005561692	1.09630537	27.14749527	1.00455452	0.20862113334772217	0.0103434	0.00176
0.0124	-0.0783	0.2322	0.0014538592669112763	4.363323129985824e-05	0.0007958701389094143	1.16622412	28.87887383	1.08153691	0.20851710572106905	0.00813484	0.00067
0.0342	0.0267	0.2969	0.002005383310541485	-0.00037524578917878077	0.0006684611035138282	1.38766825	34.36243057	1.0886107	0.24639060497522167	0.01099	0.00187
0.0246	-0.024	0.2604	0.0011466813185602744	-0.0003944444109507184	0.000577703982410123	1.52021432	37.64463043	1.12638407	0.14523288674284263	0.0105623	0.0026
0.0184	-0.1808	0.2071	0.0011100294042683937	-5.235987755982988e-06	0.0009721483933608416	1.43541944	35.54487991	1.12002695	0.25731523742186674	0.0100528	0.0019
0.0208	-0.0956	0.2156	0.0014905111812031574	0.00010297442586766544	0.0010035643198967395	1.26101875	31.22624397	1.01309005	0.12210540585471548	0.00832987	0.00087
0.0412	-0.0667	0.2609	0.0039723693775390945	0.0011013027580084218	0.0006894050545377602	1.27875495	31.66544151	1.12937391	0.28431728969178366	0.010567	0.0019
0.0304	0.0111	0.2682	0.002816961412718848	0.001452113937659282	0.0008761552845011534	1.1582309	28.68093872	1.09986454	0.18054846872172495	0.00854063	0.00079
0.0292	-0.0634	0.2233	0.001382300767579509	0.0013124875974997359	0.0008779006137531476	1.13056648	27.99589157	1.03897995	0.19940161572754397	0.00644177	0.00046
0.0197	-0.1848	0.2131	0.0013456488532876281	0.0008621926504851988	0.0005515240436302081	1.08555186	26.88120842	1.01749064	0.18176617157146785	0.00859034	0.00063
0.0282	-0.1456	0.2345	0.001439896632895322	0.0009896016858807848	0.0004572762640225143	1.09268057	27.05773354	1.04979384	0.08489522973054865	0.00818402	0.00085
0.0202	-0.0202	0.2706	0.0011746065865921838	0.00048171087355043494	0.00022689280275926284	1.16221571	28.77961349	1.05940737	0.21967821599483703	0.00778878	0.001
0.0187	-0.0671	0.229	0.0006632251157578452	0.0006021385919380437	0.00033335788713091696	1.10658896	27.40214348	0.97397112	0.12691371367968007	0.00715238	0.00049
0.0163	-0.1347	0.2139	0.0006981317007977319	0.0005707226654021458	0.0005026548245743669	1.07206571	26.54725456	0.97146153	0.0968809724509617	0.00804013	0.00055
0.0193	-0.096	0.193	0.0007993607974134029	0.0008552113334772215	0.0008656833089891874	1.19172835	29.51042747	0.97420044	0.10003731245527836	0.0074538	0.00054
0.0225	-0.0179	0.2294	0.0013980087308474581	0.0009581857593448868	0.0005550147021341969	1.26530826	31.33246613	1.01935476	0.16831454830783554	0.00737602	0.00051
0.0233	0.0289	0.2918	0.001481784534943186	0.00091106186954104	0.0004904375198104066	1.19476557	29.58563614	1.03598096	0.11977384381116826	0.00880933	0.00121
0.0199	-0.0765	0.2643	0.00231779724664847	0.0010786134777324957	0.0004921828490624009	1.11974251	27.7278614	1.01711035	0.18656548245743676	0.0085842	0.00082
0.0185	-0.1911	0.2487	0.0022060961745208325	0.001165879940332212	0.0005270894341022875	1.14119327	28.25904083	1.02957543	0.14329370598836197	0.00877267	0.00096
0.0213	-0.1057	0.2662	0.0015847589608108511	0.0014486232791552935	0.0006806784082777885	1.09781575	27.18489647	0.99984817	0.15858347633542816	0.00758183	0.00075
0.0274	0.0372	0.2702	0.0005009094953223725	0.0011013027580084218	0.0005183627878423159	1.32751775	32.87294006	1.15743056	0.23267428035354112	0.00911045	0.00113
0.0242	0.0742	0.3002	-0.00024085543677521747	0.0008726646259971648	0.0006527531402458793	1.32143474	32.72230911	1.10576056	0.12543967082562055	0.00995988	0.0017
0.0307	-0.1113	0.2548	0.00014486232791552936	0.0011082840750163993	0.0006754424205218055	1.30640793	32.35020447	1.13930743	0.2696013246992954	0.00771213	0.00057
0.0291	-0.1717	0.2286	0.00020594885173533088	0.0012758356832078548	0.0007871434926494425	1.11763167	27.67559052	0.98285856	0.10521696020694472	0.00760067	0.0004
0.0267	-0.1248	0.2369	4.537856055185256e-05	0.001281071670963838	0.0009337511498169664	1.12105739	27.76042175	1.00127168	0.07322069680534926	0.00768059	0.00061
0.0345	-0.0527	0.3119	-0.00037350045992678646	0.0012636183784438947	0.0008429940287132613	1.16510773	28.85122871	1.0310374	0.1812544717051144	0.00785673	0.00078
0.0276	-0.0134	0.2841	-0.0002565634000431664	0.0011152653920243766	0.0008377580409572782	1.44362783	35.74814224	0.9880427	0.08752630170295603	0.00811636	0.00082
0.0308	-0.1392	0.227	0.0002583087292951608	0.0011693705988362008	0.000726056968829641	1.34187305	33.22841644	1.08549252	0.22013392041388943	0.0086655	0.00118
0.0171	-0.1236	0.1921	0.0002181661564992912	0.001329940890019679	0.0008499753457212384	1.25409889	31.05489159	0.97951685	0.08043156204354726	0.00736344	0.00058
0.023	-0.0432	0.2271	0.00045902159327450867	0.001324704902263696	0.0008150687606813518	1.15948451	28.71198082	1.00443223	0.13534990047855436	0.00694478	0.00034
0.0299	0.0383	0.2756	0.00048345620280242926	0.001296779634231787	0.0007941248096574199	1.10826659	27.44368744	0.99887064	0.1405651914291881	0.00763935	0.00063
0.0325	-0.0238	0.2291	0.0011100294042683937	0.0012793263417118436	0.0006510078109938849	1.08049142	26.75589752	0.99125578	0.15055717463247215	0.00636631	0.00037
0.038	-0.148	0.2169	0.0011484266478122688	0.0013700834628155487	0.0005183627878423159	1.13101923	28.00710487	1.01197245	0.15498996938995743	0.00759238	0.00042
0.0156	-0.0548	0.1906	0.0008395033702092724	0.0016545721308906245	0.0007993607974134029	1.13956177	28.21863937	1.01103222	0.185620497762458	0.006742	0.00031
0.0249	-0.0229	0.2548	0.0006510078109938849	0.0014695672301792255	0.0006632251157578452	1.23765504	30.64769745	1.01347523	0.13088180707911723	0.00714815	0.00055
0.0254	0.0786	0.2486	0.0002897246558310587	0.0013421581947836393	0.0006632251157578452	1.1953603	29.60036278	1.03572056	0.13263460952792067	0.00797617	0.00078
0.0244	-0.1117	0.1901	0.0005811946409141118	0.0014782938764391971	0.0006684611035138282	1.23090589	30.48056793	1.08795882	0.2714420827247297	0.00668395	0.00034
0.0227	-0.1109	0.2019	0.0004956735075663896	0.0012950343049797925	0.0009162978572970229	1.0623728	26.3072319	0.99454314	0.04013087292951607	0.00682187	0.00033
0.0222	-0.109	0.2118	0.0002670353755551324	0.0014119713648634124	0.000879645943005142	0.99786919	24.70994759	0.94053609	0.03141135530933789	0.00678891	0.00037
0.0293	-0.0074	0.2826	-4.0142572795869576e-05	0.0014660765716752368	0.0007504915783575615	1.08821332	26.94711494	1.01200209	0.20402187599052035	0.0070563	0.00048
0.0324	-0.0263	0.2661	6.108652381980153e-05	0.0011746065865921838	0.0005881759579220891	1.00846601	24.97235489	0.95394108	0.06625073510670984	0.00693488	0.00066
0.0372	-0.1461	0.224	0.00030194196059501896	0.001270599695451872	0.0006597344572538566	1.07702446	26.67004585	0.99067046	0.18712035224833368	0.00705713	0.00028
0.0328	-0.096	0.2206	0.000445058959258554	0.0013631021458075715	0.000879645943005142	1.02017379	25.26226997	0.95001459	0.08067654673852603	0.00628662	0.0003
0.0399	-0.0612	0.2513	0.00037350045992678646	0.001446877949903299	0.0007906341511534313	1.08080542	26.76367378	0.94893095	0.08481730476396032	0.0067116	0.00033
0.0359	-0.023	0.2893	0.00017104226669544429	0.0011187560505283654	0.000731292956585624	1.65226352	40.91452789	1.04129971	0.10969606435870412	0.00882596	0.00204
0.0317	-0.0198	0.2452	0.0007068583470577034	0.0013735741213195373	0.0006579891280018621	1.34024704	33.18815231	1.03253272	0.09469689898685965	0.00737363	0.00072
0.037	-0.2075	0.2222	0.0010332349171806431	0.0013683381335635543	0.0005515240436302081	1.30705738	32.36628723	1.10807644	0.23790388211252883	0.00827187	0.00091
0.0314	-0.1397	0.2286	0.0008028514559173916	0.001424188669627373	0.0007138396640656808	1.10255921	27.30235672	0.95750928	0.10222748088812712	0.00700992	0.00058
0.0318	-0.0714	0.2689	0.0006475171524898963	0.0013980087308474581	0.0006300638599699529	1.07951009	26.7315979	0.95900295	0.12226450231515684	0.00726736	0.00046
0.0275	0.109	0.2647	0.00029321531433504735	0.0013753194505715315	0.0005724679946541401	1.4606663	36.1700592	1.08797668	0.21062934918732937	0.00915509	0.00104
0.0312	-0.069	0.2318	0.0003961897402027128	0.0012932889757277981	0.0005497787143782138	1.34681237	33.35072708	1.10444247	0.22498470904936624	0.00723881	0.00045
0.025	-0.156	0.1964	0.0008569566627292158	0.0014224433403753785	0.0006161012259539982	1.20741391	29.89884377	0.99383336	0.16141218993749337	0.00767618	0.00051
-0.0008	-0.0305	0.1525	0.0006824237375297829	0.0016074482410867775	0.0007190756518216638	1.17313147	29.04991722	1.05230956	0.21832561258892483	0.00737619	0.00042
0.0062	-0.0356	0.1667	0.00020420352248333657	0.0017453292519943296	0.000640535835481919	1.09237206	27.0500946	0.96861044	0.06103205211468715	0.00679892	0.00045
0.0117	0.0297	0.1895	-0.00020594885173533088	0.0016318828506146981	0.0004886921905584122	1.16510248	28.85109901	0.97665841	0.1273721210260903	0.00782168	0.00069
0.0221	-0.0407	0.2032	-0.00024260076602721178	0.0013700834628155487	0.0005585053606381855	1.32619727	32.84024048	1.0330018	0.11291322360854018	0.00746781	0.00043
0.0279	-0.1411	0.1981	-0.0001256637061435917	0.0013020156219877698	0.0007714355293814937	1.2299937	30.45798111	0.97468067	0.13119675347273535	0.00765353	0.00063
0.02	-0.1271	0.1932	0.00012042771838760874	0.0013107422682477415	0.0011100294042683937	1.0638485	26.3437748	0.93067018	0.056470597283903606	0.00728917	0.00043
0.0256	-0.0514	0.2224	-0.0003193952531149623	0.001296779634231787	0.000879645943005142	1.07492995	26.61818123	0.9681215	0.1447084533390888	0.0073908	0.00057
0.02	0.0618	0.2409	-0.0003892084231947355	0.0011414453308042916	0.0006771877497737998	1.10834491	27.44562531	1.01732991	0.15868028333693057	0.00805581	0.00088
0.0207	-0.0546	0.1939	0.00048520153205442357	0.0009948376736367678	0.0004188790204786391	1.10804105	27.43810272	1.02966933	0.22806631708559216	0.00761485	0.00058
0.0137	-0.1458	0.1879	0.0007243116395776468	0.0010768681484805013	0.0006981317007977319	1.09922552	27.21980476	1.00280174	0.13421966313430245	0.00820762	0.00096
0.0178	-0.0603	0.1967	0.0008133234314293575	0.0011484266478122688	0.0005951572749300663	1.20191121	29.76258087	0.99457715	0.1115772358525572	0.00759488	0.00051
0.0197	0.0259	0.2437	0.00041538836197465044	0.0012775810124598492	0.0005218534463463045	1.45436621	36.01405334	1.06634571	0.16511966313430243	0.00887436	0.00125
0.0235	-0.0505	0.2189	0.0003001966313430247	0.001387536755335492	0.0006056292504420323	1.29691172	32.11505127	1.04275257	0.1204461638801498	0.00734168	0.00076
0.0106	-0.1243	0.1388	0.000640535835481919	0.001626646862858715	0.0007801621756414653	1.21524179	30.09268188	1.06974031	0.2044991118430775	0.00791317	0.00066
0.0069	-0.0682	0.1074	0.0004188790204786391	0.001462585913171248	0.0007871434926494425	1.33935583	33.16608429	1.06896566	0.1108349540849362	0.00948071	0.00146
0.0076	0.0403	0.134	-0.00016231562043547262	0.002001892652037496	0.0010733774899765126	1.38941967	34.40579987	1.11517909	0.20613676885537152	0.00839794	0.00081
0.0161	0.0216	0.1862	0.0001012290966156711	0.0017453292519943296	0.0012252211349000194	1.12427831	27.84018135	0.97844883	0.11299758810089083	0.00686246	0.00046
0.0183	-0.1067	0.1575	2.4434609527920616e-05	0.0017837264955382047	0.001165879940332212	1.07999551	26.74361801	0.98181638	0.16792664625997167	0.00662017	0.00034
0.0166	-0.0708	0.159	-0.00010471975511965978	0.0017872171540421933	0.0012461650859239514	0.97191185	24.067173	0.91594157	0.049746508437165424	0.00698781	0.00031
0.0222	-0.0106	0.1631	-5.93411945678072e-05	0.0018779742751458986	0.0016039575825827887	0.98373586	24.35996819	0.92677625	0.09459640891571974	0.00657082	0.00031
0.0274	0.0032	0.2132	-0.0002007128639793479	0.0020420352248333657	0.001658062789394613	1.00438952	24.87141037	0.95134452	0.0870768912955416	0.00620687	0.00036
0.0384	-0.0105	0.1995	-0.00020769418098732522	0.002038544566329377	0.001595230936322817	0.98593813	24.4145031	0.91551042	0.04206519142918809	0.00614613	0.00045
0.0371	-0.1222	0.1687	6.45771823237902e-05	0.001790707812546182	0.001329940890019679	1.10596991	27.38681412	1.0072544	0.18306990816987245	0.00698054	0.00028
0.0271	-0.0839	0.1416	0.00048171087355043494	0.0016615534478986017	0.0013578661580515882	1.06410778	26.35019493	0.93281255	0.1041106661953067	0.00684464	0.00028
0.0284	-0.061	0.1882	0.0006213372137099814	0.0014922565104551516	0.0010803588069844899	1.3789134	34.14563751	1.0121967	0.10012153143350475	0.00722766	0.00087
0.0183	-0.0125	0.223	0.0005619960191421741	0.0013439035240356337	0.0009040805525330626	1.31814444	32.64083099	1.04082689	0.1125986217719376	0.00720775	0.00079
0.0205	0.0023	0.1658	0.0012723450247038664	0.001785471824790199	0.0013281955607676848	1.23097146	30.48219109	1.06426425	0.153001615727544	0.00649589	0.00063
0.0125	-0.1744	0.156	0.0010349802464326373	0.0018273597268380628	0.0010786134777324957	1.27698505	31.62161446	1.09000452	0.2209417381677141	0.00732356	0.00066
-0.0043	-0.0641	0.1083	1.0471975511965975e-05	0.0021589722847169856	0.0011152653920243766	1.30232096	32.24900055	1.06635054	0.24443863715457373	0.00821126	0.00067
0.0011	0.0294	0.1375	0.0007347836150896127	0.0020350539078253884	0.0017645278737662671	1.38046646	34.18409348	1.07657333	0.20297462491055676	0.00861353	0.00097
-0.0112	0.0733	0.2037	0.0006911503837897545	0.0008342673824532895	0.0008395033702092724	1.34606647	33.33225632	1.16019108	0.2308722130114476	0.00895995	0.00104
-0.0042	-0.1119	0.1468	0.0012025318546240932	0.0015184364492350666	0.0013281955607676848	1.25879633	31.17121315	1.13736812	0.3333121364087264	0.00791365	0.00084
-0.0021	-0.1271	0.1494	0.0013334315485236678	0.0014852751934471744	0.001673770752662562	1.11192656	27.53431702	1.06832459	0.045381807079117195	0.00830191	0.00103
0.0015	-0.0965	0.1576	0.0009581857593448868	0.0019163715186897737	0.0020315632493213996	1.08693266	26.91539955	1.0248677	0.10060673055401084	0.00738531	0.00037
0.0138	0.0283	0.2329	0.00023561944901923448	0.0024260076602721182	0.0029530970943744054	1.19780171	29.66082001	1.11248314	0.32008681484805007	0.0075227	0.00064
0.0209	0.0053	0.1796	0.0002705260340591211	0.002097885760897184	0.0023422318561763904	1.06183004	26.29379082	0.99810202	0.1320946861306418	0.00683457	0.00049
0.0217	-0.0632	0.1221	0.001158898623324235	0.002134537675189065	0.0017889624832941875	1.09889507	27.21162224	1.01677328	0.20071469382195992	0.00754988	0.00066
0.0208	-0.0787	0.1191	0.0011606439525762293	0.002282890661608583	0.0020856684561332234	1.04999459	26.00071526	0.93284501	0.04174021442552743	0.00774699	0.0007
0.0153	-0.0575	0.1228	0.0012688543661998775	0.0025638886711796703	0.0022130774915288098	1.15368176	28.56829071	1.02203846	0.0562308729295161	0.00803113	0.00094
0.0176	0.0555	0.184	0.0009197885158010115	0.002385865087476248	0.0019582594207376374	1.26395464	31.29894447	1.06345636	0.215595375244673	0.00789088	0.00088
0.019	0.0397	0.1661	0.000778416846389471	0.002408554367752175	0.001912880860185785	1.12491691	27.85599518	0.9853172	0.04557197551196599	0.007379	0.00064
0.0141	-0.0959	0.1051	0.0012601277199399059	0.0026075219024795284	0.0018448130193580064	1.21388483	30.05908012	1.08130981	0.23893731245527833	0.00804639	0.00067
0.018	-0.0906	0.0765	0.0026197392072434887	0.002583087292951608	0.0020943951023931952	1.17644155	29.13188362	1.022301	0.1194814089933346	0.00956541	0.00093
0.0162	0.0008	0.1399	0.0014782938764391971	0.0023439771854283846	0.0021135937241651332	1.39227498	34.47650528	1.1176139	0.22658770300497263	0.00798953	0.00072
0.0309	0.0465	0.2124	3.4906585039886588e-06	0.0022060961745208325	0.0023998277214922034	1.30987334	32.43601608	1.06423318	0.2278459113084916	0.00772709	0.0009
0.0222	-0.0425	0.1954	0.0003193952531149623	0.0023544491609403502	0.002726204291615143	1.17512643	29.09931946	1.02077158	0.15423170755767154	0.00658065	0.00034
0.0245	-0.1404	0.1806	0.0007470009198535729	0.0022916173078685546	0.0027157323161031764	1.13085008	28.00291634	1.00484577	0.1400454747661186	0.00614297	0.00037
0.0173	-0.0994	0.1668	0.001155407964820246	0.002478367537831948	0.0028221974004748306	1.01200914	25.06009102	0.93272461	0.09708111796508605	0.00594914	0.00036
0.0128	-0.027	0.2171	0.0012147491593880533	0.0021921335405048776	0.002488839513343914	1.08248532	26.80527306	1.01272923	0.1611466539512897	0.00573999	0.00048
0.0165	-0.0214	0.226	0.0009843656981248017	0.002176425577236929	0.0023753931119642824	1.05913937	26.22716331	0.96847886	0.03617689129554161	0.00536364	0.00027
0.023	-0.0582	0.1961	0.0012304571226560022	0.0021223203704251047	0.0023771384412162766	1.06871438	26.46426773	0.93366061	0.08829709802975094	0.00530607	0.00025
0.0273	-0.1003	0.1767	0.001467821900927231	0.0022916173078685546	0.002368411794956305	1.01137841	25.04447174	0.91467949	0.08656941809873249	0.00577927	0.0003
0.029	-0.1026	0.163	0.0013631021458075715	0.0023230332344044524	0.0023701571242082994	1.20618367	29.86837959	0.96615083	0.02459405054537757	0.00672758	0.00051
0.0315	-0.0309	0.216	0.001186823891356144	0.002141518992197042	0.0024678955623199817	1.32483101	32.80640793	1.06150217	0.14997654673852595	0.00659758	0.00036
0.0241	0.0283	0.2501	0.0004520402762665313	0.002802998778702893	0.0025987952562195565	1.19577694	29.61067963	1.03784547	0.17705815477475192	0.00641602	0.00046
0.0241	-0.1031	0.2255	0.0008517206749732328	0.002645919146023404	0.0024172810140121463	1.1666702	28.88991737	1.0477568	0.19291371367968	0.00597262	0.00042
0.0182	-0.2351	0.1934	0.0013648474750595659	0.0028518679977587343	0.0024591689160600103	1.1738621	29.06800842	1.02393173	0.2080481776934764	0.00787675	0.00063
0.0104	-0.0862	0.1231	0.001218239817892042	0.0027611108766550296	0.00238237442897226	1.19894981	29.68924904	1.0829801	0.24270796326794888	0.00642872	0.00048
0.0153	-0.0068	0.1819	0.0009965830028887623	0.0027384215963791032	0.0024399702942880727	1.21186244	30.00900269	1.00123575	0.15819709802975096	0.00624639	0.0004
0.0194	0.0272	0.2571	0.0006161012259539982	0.0024731315500759648	0.0025062928058638572	1.27583408	31.59311295	1.00643454	0.1489047167406843	0.00687468	0.00045
0.0189	-0.0574	0.2399	0.0005864306286700947	0.002494075501099897	0.0024766222085799536	1.21008146	29.96489906	1.02567782	0.10631425727958695	0.00681829	0.00064
0.0167	-0.1348	0.2085	0.0005707226654021458	0.002565634000431664	0.0026965336943312393	1.15405643	28.57756805	1.00865916	0.1263588974175501	0.00649524	0.00048
0.0208	-0.1284	0.1831	0.0002600540585471551	0.002593559268463574	0.0030560715202420713	1.02557552	25.39603233	0.94102273	0.07080658503988663	0.00661081	0.00048
0.0184	-0.0669	0.231	0.00046425758103049166	0.0026005405854715507	0.002712241657599188	1.12623203	27.88856125	1.02268415	0.1395507351067098	0.00654101	0.00057
0.0202	0.0156	0.2329	0.0009826203688728075	0.002569124658935653	0.0027296949501191318	1.13899994	28.20472908	1.05079723	0.11456160034490787	0.00603443	0.00036
0.0255	-0.0663	0.1863	0.0013159782560037243	0.002895501229058593	0.0027977627909469105	1.05388868	26.09714317	0.96023728	0.17019011490408176	0.00570202	0.00036
0.0334	-0.1491	0.1906	0.001254891732183923	0.0027314402793711255	0.0027314402793711255	1.04124141	25.78396225	0.94973062	0.10957349925415268	0.00608575	0.0004
0.0329	-0.1411	0.2005	0.0014137166941154068	0.002694788365079245	0.0026267205242514655	1.0292362	25.48668098	0.92063812	0.033409831567151244	0.0062061	0.00034
0.036	0.0016	0.2515	0.0010122909661567112	0.002584832622203602	0.002436479635784084	1.39008486	34.42227173	1.05148796	0.231881117965086	0.00692213	0.00043
0.0337	0.0223	0.2505	0.0008988445647770796	0.002590068609959585	0.0025638886711796703	1.34350932	33.26893616	1.01113022	0.03630457122656005	0.00791425	0.00109
0.0286	-0.1555	0.2087	0.001410226035611418	0.002698279023583233	0.002553416695667704	1.41674697	35.08249664	1.15648724	0.25620319299849764	0.00690639	0.00054
0.0193	-0.1388	0.1628	0.0014416419621473165	0.0028658306317746896	0.002569124658935653	1.19230795	29.52477837	0.99042335	0.08263377489976519	0.00675893	0.00073
0.0343	-0.0797	0.2132	0.0006440264939859076	0.002766346864411012	0.002748893571891069	1.1741339	29.07473946	1.04860078	0.1783434074240251	0.00602853	0.00039
0.0202	-0.0029	0.2725	0.0001658062789394613	0.002659881780039358	0.0024190263432641405	1.1708914	28.9944458	1.00764233	0.19592762640225145	0.00659156	0.00021
0.015	0.0194	0.2614	0.00015533430342749534	0.0024853488548399255	0.0023649211364523163	1.1022588	27.29491806	0.92638609	0.05055550537616113	0.006621	0.00045
0.0157	-0.1278	0.2633	-0.00017627825445142725	0.0019931660057775245	0.002389355745980237	1.20122623	29.74561882	1.02071997	0.19221150082346217	0.00736237	0.00042
0.0172	-0.1071	0.252	7.330382858376184e-05	0.002261946710584651	0.0025865779514555962	1.05132842	26.0337429	0.95610021	0.06927924966588372	0.0068773	0.00031
0.0152	-0.1487	0.2673	0.00039793506945470715	0.0022985986248765322	0.0027593655474030345	1.04794121	25.94986725	0.97806673	0.08560353755551321	0.00719625	0.00045
0.0239	0.0326	0.2949	0.00045553093477052	0.0024836035255879313	0.002754129559647052	1.2633878	31.28490829	1.10288776	0.22999183768915973	0.00714409	0.00063
0.0222	0.0207	0.2635	0.0007470009198535729	0.0026441738167714093	0.0027052603405912107	1.11801434	27.68506813	1.00171331	0.0700454747661186	0.00659579	0.00049
0.0175	-0.1237	0.2248	0.0013072516097437528	0.002713986986851182	0.0025324727446437724	1.24347353	30.79177666	1.12841918	0.2279425727958696	0.0064292	0.00036
0.0246	-0.1628	0.1941	0.00102799892942466	0.002808234766458876	0.002438224965036078	1.11554372	27.62388992	0.99810538	0.10028741197672404	0.00646055	0.00021
0.0205	-0.0687	0.2107	0.0006475171524898963	0.0028309240467348025	0.002584832622203602	1.66180825	41.15087891	1.05395613	0.14228893571891074	0.00716132	0.0013
0.0188	0.0033	0.2545	0.0007627088831215222	0.0029478611066184224	0.0026057765732275338	1.38964212	34.41130829	1.0433391	0.13015363707695887	0.00662392	0.00055
0.0226	-0.0658	0.2555	0.0006789330790257941	0.0029722957161463434	0.0027436575841350863	1.18899655	29.44277954	1.01516789	0.08620457122656008	0.00602758	0.00043
0.0222	-0.1358	0.2545	0.0011274826967883368	0.002883283924294633	0.002574360646691636	1.10645032	27.39871025	0.9833813	0.10674291735288519	0.00648654	0.00046
0.0231	-0.1418	0.2684	0.001410226035611418	0.0029024825460665696	0.0023544491609403502	1.06922519	26.47691727	0.94003324	0.046892672317315205	0.00716257	0.00034
0.0212	-0.0722	0.2692	0.0011955505376161158	0.0028396506929947744	0.0024609142453120045	1.12002277	27.73480225	0.96716296	0.09149862177193757	0.00663477	0.00052
0.0201	-0.0353	0.3096	0.0007435102613495844	0.0027436575841350863	0.0024033183799961914	1.17486477	29.09283829	0.99414995	0.10868146252210165	0.00693887	0.00037
0.0261	0.0447	0.3079	0.0007592182246175333	0.0025603980126756814	0.002726204291615143	1.12000644	27.73439789	0.9701268	0.11379267231731524	0.0071606	0.00052
0.0255	-0.1462	0.2896	0.0011379546723003027	0.002754129559647052	0.0028221974004748306	1.20646417	29.87532425	1.0846357	0.24322305517569137	0.00683135	0.00042
0.0254	-0.1455	0.2592	0.001785471824790199	0.0029443704481144336	0.003001966313430246	1.07490826	26.61764336	0.97853766	0.08207634769563472	0.00700635	0.00055
0.0289	-0.0986	0.2407	0.0026267205242514655	0.002829178717482808	0.002769837522915001	1.12361157	27.82366943	1.01513953	0.12832846103040685	0.00629926	0.00058
0.0292	-0.0069	0.2762	0.001963495408493621	0.0027523842303950577	0.0025499260371637153	1.14991915	28.47511864	1.01255444	0.17549655442984402	0.0066759	0.00039
0.0308	0.0047	0.2502	0.0020664698343612863	0.0028658306317746896	0.002574360646691636	1.3128885	32.51068115	0.96554319	0.05124277183876092	0.00702846	0.00045
0.0349	-0.1631	0.2218	0.002494075501099897	0.0028187067419708422	0.0025080381351158514	1.27383661	31.54364967	1.0563428	0.22735260340591207	0.00757819	0.00042
0.034	-0.1324	0.2055	0.0027419122548830916	0.0029530970943744054	0.002595304597715568	1.13001895	27.98233414	0.96471666	0.07137467843932374	0.00770235	0.00066
0.0299	-0.0859	0.2423	0.002673844414055313	0.0030281462522101614	0.0027576202181510408	1.13013601	27.98523331	0.96963171	0.10267163095495035	0.00687814	0.00048
0.0328	-0.0168	0.289	0.0019879300180215415	0.0029775317039023265	0.002713986986851182	1.1404779	28.24132729	1.02017509	0.15770810878207325	0.00651807	0.00033
0.031	0.0203	0.2805	0.001980948701013564	0.0028763026072866553	0.002780309498426967	1.05287242	26.07197571	0.95229444	0.056126646259971616	0.00705367	0.00045
0.0321	-0.1164	0.2522	0.0020996310901491783	0.002813470754214859	0.002802998778702893	1.14067066	28.24609947	1.03838808	0.17631017612416683	0.00647289	0.00019
0.0237	-0.085	0.2184	0.00231779724664847	0.00308399678827398	0.0028623399732707008	1.03302443	25.5804882	0.93974935	0.10100166925631096	0.00637311	0.00028
0.0214	-0.1362	0.2043	0.001499237827463129	0.003033382239966145	0.002904227875318564	1.39041221	34.43037796	0.99007993	0.1131530934770519	0.0071336	0.00061
0.0234	0.0314	0.2618	0.0010419615634406148	0.0030525808617380824	0.0029181905093345183	1.3752346	34.05453873	1.10739273	0.25162187599052027	0.00670952	0.00051
0.0235	0.0489	0.2816	0.0009180431865490173	0.0030124382889422127	0.0030368728984701333	1.09948075	27.22612572	0.9556287	0.05153716694115415	0.00698537	0.00052
0.014	-0.0287	0.2534	0.0011257373675363424	0.003139847324337799	0.003082251459021986	1.07713628	26.67281723	0.98033127	0.1343240888467382	0.00607508	0.00034
0.0147	-0.1957	0.3199	0.0010995574287564276	0.0029408797896104456	0.002886774582798621	1.27630055	31.60466385	1.17712318	0.25523121748653166	0.0093714	0.00113
0.0092	-0.1019	0.2347	0.0007295476273336296	0.002900737216814576	0.0026563911215353696	1.15683484	28.64636803	1.0899704	0.21652679177409603	0.00624269	0.00027
0.01	0.0171	0.2604	0.0013473941825396225	0.0029443704481144336	0.0027331856086231197	1.12552619	27.87108231	1.01184194	0.18241371367968007	0.00629377	0.00037
0.0143	0.0434	0.253	0.0017680185322702558	0.0029740410453983376	0.0027855454861829498	1.05889273	26.22105598	0.93530109	0.06313274122871838	0.00657105	0.0004
0.0146	-0.0482	0.2042	0.001947787445225672	0.0029914943379182805	0.002686061718819273	1.08911276	26.96938515	0.96636476	0.15553529864195179	0.00622571	0.00039
0.0161	-0.1503	0.196	0.0021991148575128553	0.002975786374650332	0.0026302111827554544	1.09017551	26.99570274	0.98225811	0.12794429558094753	0.00703257	0.00048
0.0237	-0.1176	0.2189	0.002288126649364566	0.0029548424236264	0.0026267205242514655	1.18101072	29.24502945	0.98063584	0.06887232006898156	0.00695616	0.00067
0.0216	-0.0396	0.2915	0.001635373509118687	0.0029077185338225527	0.002450442269800039	1.28471053	31.81291771	1.06562236	0.1965077642250576	0.00717854	0.00067
0.0246	-0.0187	0.2809	0.0013753194505715315	0.0028187067419708422	0.0025342180738957666	1.18318462	29.29886055	0.98935137	0.05614208272472969	0.0069592	0.00055
0.0241	-0.1249	0.2374	0.0015515977050229591	0.0030159289474462015	0.00243473430653209	1.23534501	30.59049416	1.04291115	0.1738492113645231	0.00694442	0.00052
0.0191	-0.1383	0.1863	0.001158898623324235	0.003005456971934235	0.0026616271092913526	1.33154118	32.97257233	1.05370925	0.10100319299849768	0.00768274	0.00113
0.0313	-0.0231	0.2369	0.0009983283321407565	0.0030508355324860886	0.0027052603405912107	1.39604855	34.5699501	1.09281995	0.19047910415175956	0.0067758	0.00076
0.0235	0.0925	0.3058	-0.00012217304763960306	0.002490584842595908	0.0024068090385001802	1.28974009	31.93746185	1.13138473	0.29126016858807857	0.00923634	0.00146
0.0304	-0.0029	0.2841	-0.00021467549799530252	0.002829178717482808	0.002649409804527392	1.11979544	27.72917175	1.05705047	0.15768485456349055	0.00671059	0.00058
0.0291	-0.1806	0.2738	0.00012740903539558605	0.0028675759610266834	0.0027611108766550296	1.19052923	29.48073196	1.09667295	0.21390914245312012	0.00791448	0.00055
0.0279	-0.1009	0.2514	0.0005009094953223725	0.00308399678827398	0.0028780479365386495	1.09560728	27.13020706	1.04571853	0.13864291735288511	0.00640815	0.00046
0.0321	-0.042	0.3076	0.0005201081170943102	0.002848377339254746	0.0026790804018112955	1.10820079	27.44205856	1.03584425	0.14198928027592625	0.00661737	0.00063
0.0305	0.0731	0.3103	0.0006684611035138282	0.002846632010002751	0.0026057765732275338	1.13989425	28.2268734	1.00287866	0.13057010721276377	0.00745541	0.00076
0.0279	-0.01	0.2528	0.0008587019919812101	0.0029164451800825246	0.002513274122871834	1.19759524	29.65570641	0.98828096	0.1608278254451427	0.00616878	0.00036
0.0325	-0.1335	0.2446	0.0007190756518216638	0.002879793265790644	0.0025324727446437724	1.19715476	29.64479828	1.05695173	0.14607384381116828	0.00740743	0.00052
0.0454	-0.1155	0.2841	-3.839724354387525e-05	0.003239331091701475	0.0033946653951289706	1.25869334	31.16866112	1.07062166	0.16936016858807845	0.00762582	0.00061
0.0362	-0.0494	0.2917	7.67944870877505e-05	0.0037489672332838195	0.0034348079679248403	1.20079768	29.73500633	1.02120135	0.116148522250492	0.0071851	0.00051
0.0256	0.0551	0.2618	0.0004904375198104066	0.0031084313978019013	0.0027960174616949163	1.17222345	29.0274334	1.02437169	0.22964846872172492	0.00708878	0.00034
0.0454	-0.1095	0.2464	0.00018151424220741024	0.003363249468593073	0.0027052603405912107	1.17545259	29.10739517	1.05496697	0.23252492347489367	0.00615209	0.00021
0.0349	-0.2399	0.2407	0.0005951572749300663	0.003605850234620285	0.0029077185338225527	1.12183344	27.7796402	0.99167892	0.18953509959906048	0.00831336	0.00069
0.0316	-0.0436	0.2421	0.001022762941668677	0.003443534614184812	0.0028710666195306722	1.19043863	29.47849083	1.08612236	0.23232866007329817	0.00560576	0.0003
0.0501	0.0129	0.271	0.0012042771838760874	0.0031730085801256907	0.0026773350725593018	1.06675565	26.41576385	0.96148524	0.1361885911618951	0.00614452	0.00033
0.0482	-0.0006	0.2595	0.0006126105674500097	0.0028815385950426383	0.002258456052080662	1.17353642	29.05994606	0.94651904	0.0920007810993885	0.00641602	0.00051
0.0383	-0.1086	0.2231	0.000726056968829641	0.003010692959690218	0.002134537675189065	1.07036555	26.50515556	0.98025211	0.1726259571459404	0.00597715	0.00042
0.02	-0.096	0.2095	0.0010245082709206715	0.0032340951039454926	0.0026092672317315226	1.04459906	25.86710548	0.9295759	0.09432915014443811	0.00616735	0.00031
0.0273	-0.0791	0.2431	0.0008761552845011534	0.003307398932529255	0.0026755897433073067	1.04878831	25.97084427	0.95632443	0.07219896632895323	0.00609642	0.00037
0.027	0.007	0.2577	0.0005131268000863328	0.003895574890451344	0.0024748768793279594	1.19650602	29.62873459	1.00023441	0.15859586531581282	0.00677735	0.00031
0.0436	0.0164	0.3199	0.0006963863715457374	0.003447025272688801	0.0027384215963791032	1.13456547	28.0949192	0.99583068	0.1329676953136546	0.00748944	0.00042
0.037	-0.1132	0.2681	0.001450368608407288	0.003572688978832392	0.0025324727446437724	1.14822757	28.43322945	1.02768126	0.24227973973702363	0.00620693	0.00045
0.0282	-0.1102	0.2227	0.001668534764906579	0.0037751471720637348	0.00244695161129605	1.09859622	27.20422363	0.97487294	0.08250727415391781	0.00621229	0.00045
0.0266	-0.0475	0.1988	0.0011885692206081383	0.0038013271108436495	0.002633701841259443	1.1219281	27.78198433	1.01037807	0.12284478565208744	0.00563383	0.00036
0.0292	-0.038	0.2465	0.0013124875974997359	0.003677408733952052	0.0024277529895241124	1.25268328	31.01983452	0.98667874	0.0824892802759263	0.00615215	0.00037
0.0319	0.0009	0.3194	0.0009826203688728075	0.0035133477842645856	0.0024870941840919192	1.36954319	33.91360474	1.02982399	0.14216346864411009	0.00836599	0.00131
0.0334	-0.0179	0.304	0.0008220500776893293	0.003492403833240653	0.0026267205242514655	1.23854315	30.66968918	0.98378838	0.05175702911834788	0.00758004	0.00051
0.0347	-0.1114	0.2875	0.0007208209810736582	0.003555235686312449	0.0026162485487395003	1.16662014	28.8886795	0.9853942	0.12002664625997164	0.0072487	0.00055
0.0242	-0.1444	0.2509	0.0005811946409141118	0.0036948620264719957	0.0026843163895672786	1.05647707	26.16123772	0.94767383	0.09746602605734353	0.00703096	0.00042
0.0301	-0.0499	0.3018	0.00034208453339088857	0.003607595563872279	0.0027628562059070234	1.08322978	26.82370758	1.01127656	0.17154581932313423	0.00702971	0.0003
0.0311	0.0418	0.3226	0.000450294947014537	0.0037629298672997745	0.003038618227722128	1.1010927	27.2660408	1.01952411	0.14046533694331242	0.00843459	0.00054
0.0357	-0.0045	0.2856	0.000705113017805709	0.0038065630985996326	0.0033196162372932147	1.05457389	26.11410904	1.01508798	0.11687246558310582	0.00674856	0.00043
0.0337	-0.1831	0.2656	0.0008866272600131194	0.0037768925013157294	0.0035499996985564664	1.13014984	27.98557472	1.04040563	0.2226784150377283	0.00761336	0.00057
0.0288	-0.134	0.261	0.001223475805648025	0.0038938295611993493	0.0036599554414321086	1.0041225	24.86479759	0.93643532	0.08678706741970839	0.00702417	0.0004
0.0353	-0.0503	0.2935	0.0013665928043115599	0.004009021291830974	0.003569198320328404	1.08675003	26.91087914	0.96636059	0.14015329251994318	0.0074479	0.00057
0.0464	0.0304	0.342	0.0011728612573401894	0.003977605365295077	0.0035133477842645856	1.38129878	34.20470428	1.05077136	0.15434990047855435	0.00949478	0.00096
0.0475	-0.034	0.3098	0.0011833332328521555	0.00398284135305106	0.003501130479500625	1.22316909	30.2889843	1.0098399	0.09909626340159548	0.00870073	0.0009
0.0477	-0.1911	0.2649	0.001462585913171248	0.004207988826558329	0.003412118687648914	1.26816952	31.40331841	1.04945496	0.2318705972839036	0.00819844	0.00069
0.0354	-0.1211	0.2526	0.0015847589608108511	0.0042935099599060505	0.0033248522250491977	1.06706667	26.42346382	0.94256491	0.10934803217935209	0.00687379	0.00063
0.0345	-0.0494	0.2944	0.0015585790220309364	0.004211479485062317	0.0033283428835531865	1.04367507	25.84422493	0.95979257	0.11998505360638181	0.00705212	0.00064
0.0388	-0.0153	0.3302	0.0012636183784438947	0.004049163864626845	0.0032847096522533284	1.02338159	25.34170532	0.95286562	0.09924547476611861	0.00744301	0.00063
0.0373	-0.0766	0.2766	0.0011641346110802177	0.004202752838802345	0.0031974431896536117	1.0648936	26.3696537	0.96870794	0.13341696020694463	0.00693232	0.00031
0.0343	-0.1552	0.2366	0.0013962634015954637	0.0040282199136029125	0.0030229102644541784	1.07424307	26.60117149	0.95198892	0.1506597320457056	0.00673592	0.0004
0.0233	-0.1276	0.2082	0.0013543754995475996	0.003940953451003196	0.0030909781052819575	0.99201292	24.56492996	0.92526414	0.07686111027376799	0.00622511	0.00024
0.0283	-0.1107	0.2759	0.0013439035240356337	0.004089306437422714	0.0031799898971336684	1.03181469	25.55053139	0.96711524	0.1019918376891597	0.00692022	0.00031
0.0287	0.0011	0.2998	0.0008587019919812101	0.004096287754430691	0.0031328660073298214	1.12548161	27.86997795	0.997097	0.1630653369433124	0.00683552	0.00043
0.0212	0.0185	0.2512	0.0011397000015522971	0.0036843900509600297	0.0024818581963359366	1.16612267	28.87636185	0.96561613	0.1406951762017817	0.00630826	0.00043
0.0242	-0.1343	0.226	0.001218239817892042	0.003949680097263168	0.0024260076602721182	1.17730117	29.15316963	1.04039271	0.20098401993533505	0.0063495	0.00022
0.0242	-0.1412	0.2252	0.001446877949903299	0.004129449010218584	0.0027244589623631483	1.02058399	25.27242851	0.95133472	0.043042917352885166	0.00679827	0.00021
0.0189	-0.0658	0.2521	0.0014573499254152652	0.004167846253762459	0.0028902652413026098	1.0668304	26.41761398	0.94660451	0.11833377489976513	0.00675452	0.00045
0.0119	-0.0205	0.2943	0.0010349802464326373	0.0040561451816348215	0.002686061718819273	1.1393044	28.21226692	0.99577965	0.1314137136796801	0.00722742	0.00063
0.0035	-0.0124	0.2566	0.0010053096491487337	0.0034330626386728466	0.002165953601724963	1.06379187	26.34237099	0.95690859	0.11284306286700944	0.00639486	0.00058
0.0134	-0.1176	0.2247	0.0013735741213195373	0.004017747938090946	0.00249931148885588	1.10868263	27.45398903	0.98006359	0.211315382935991	0.00634938	0.00045
0.0062	-0.1517	0.1862	0.0016755160819145565	0.004190535534038385	0.00243473430653209	1.03905487	25.72981644	0.93633188	0.10676533694331238	0.007119	0.00043
0.0094	-0.045	0.2378	0.0016231562043547262	0.0042271874483302664	0.0024277529895241124	1.07418084	26.59963226	0.9924507	0.16629965544298445	0.00637323	0.00036
0.0202	0.0086	0.3126	0.0009808750396208131	0.004101523742186674	0.002466150233067988	1.05917227	26.22797966	0.98521312	0.17951710572106905	0.00688976	0.00043
0.0181	-0.0249	0.31	0.0011327186845443199	0.004084070449666731	0.002462659574563999	0.99149823	24.55218506	0.9267867	0.04683937979737192	0.00730634	0.00052
0.0237	-0.1254	0.299	0.001450368608407288	0.004117231705454623	0.0025603980126756814	1.10304999	27.31450844	1.03657228	0.1395274808881271	0.00755405	0.0006
0.0204	-0.1448	0.2815	0.001439896632895322	0.004202752838802345	0.0024818581963359366	1.04025829	25.75961685	0.96147689	0.04892664625997162	0.0073148	0.00045
0.0149	-0.0551	0.2376	0.0013840460968315032	0.004342379178961892	0.0025272367568877894	1.08370328	26.83543396	0.98255754	0.15114277183876088	0.00650793	0.0004
0.0125	-0.0499	0.2386	0.001001818990644745	0.004302236606166022	0.0026354471705114374	1.37244701	33.98551178	0.97038121	0.03512900463031379	0.00663114	0.00057
0.0198	0.0256	0.2666	0.0007993607974134029	0.00404741853537485	0.0025516713664157096	1.28019321	31.70105553	1.01678758	0.13785260340591207	0.00709069	0.00048
0.0208	-0.0218	0.2442	0.000932005820564972	0.004017747938090946	0.0025726153174396417	1.16151309	28.76221466	0.98544392	0.07996297857297024	0.00622386	0.00043
0.0261	-0.1404	0.2296	0.0016318828506146981	0.003960152072775134	0.002464404903815993	1.10805058	27.43833733	1.00411642	0.18178416544945936	0.00672174	0.00037
0.0201	-0.0934	0.2117	0.0016441001553786586	0.00400727596257898	0.0024225170017681294	1.00059772	24.7775135	0.93986314	0.07596145483078352	0.00616169	0.00043
0.0097	-0.0606	0.1799	0.001541125729510993	0.004368559117741807	0.0025638886711796703	1.00892162	24.98363686	0.94212331	0.10528146252210165	0.00657696	0.00057
0.0193	0.0016	0.2867	0.000900589894029074	0.004274311338134113	0.0026895523773232616	1.192518	29.52998161	1.08142254	0.2216223660616602	0.00753582	0.00084
0.0239	0.0096	0.2734	0.0006736970912698113	0.004213224814314312	0.002495820830351891	1.13291764	28.0541153	0.97710223	0.049985543677521754	0.00753063	0.0007
0.023	-0.0659	0.2277	0.0013665928043115599	0.00415213829049451	0.0024434609527920616	1.30356562	32.27981949	1.04215702	0.16241710572106896	0.00743741	0.00061
0.026	-0.1886	0.2136	0.0013194689145077131	0.0042167154728183	0.0023998277214922034	1.2541225	31.05547333	1.03367966	0.1475667151713747	0.00778002	0.0006
0.0203	-0.0713	0.2077	0.0015638150097869194	0.004110250388446646	0.0024556782575560214	1.17693686	29.14414978	1.02051204	0.14923308578573397	0.00713629	0.00057
0.0309	0.058	0.3076	-0.0004363323129985824	0.004335397861953915	0.0025918139392115793	1.32598782	32.8350563	1.22204319	0.35787152389741644	0.0100465	0.0029
0.0252	0.0702	0.3443	-0.0010733774899765126	0.004276056667386107	0.002909463863074547	1.09426296	27.09691811	1.0278607	0.10530181477043532	0.0106193	0.00294
0.0245	-0.1544	0.299	-0.0003892084231947355	0.0038781215979314006	0.0026755897433073067	1.2395134	30.69371414	1.15373915	0.33639891280018613	0.00891024	0.001
0.0162	-0.2239	0.2843	0.00013439035240356338	0.003974114706791089	0.0028187067419708422	1.02945364	25.49206352	0.9830153	0.1306354441560761	0.00967741	0.00104
0.0266	-0.1604	0.3013	0.0004485496177625427	0.004052654523130833	0.002780309498426967	0.99246579	24.57614517	0.94951781	0.11245481626212991	0.00841427	0.00085
0.0415	-0.0498	0.3489	0.00031415926535897925	0.004384267081009755	0.002897246558310587	1.08013773	26.74713898	0.99062841	0.20224699850830524	0.00913119	0.00124
0.0492	-0.0165	0.3242	0.0007086036763096977	0.004403465702781694	0.0029792770331543207	1.10909235	27.46413422	0.9713102	0.09048367537831951	0.0092805	0.00128
0.0491	-0.1094	0.2934	0.0012269664641520136	0.00434586983746588	0.0029373891311064567	1.11903977	27.71045876	1.00564989	0.15469232776029967	0.00789666	0.00055
0.0498	-0.1886	0.2832	0.0014748032179352085	0.004295255289158045	0.0029827676916583086	1.04383814	25.84826469	0.95487283	0.10729149313214408	0.00875372	0.00112
0.0454	-0.0997	0.2896	0.0014573499254152652	0.004195771521794368	0.002670353755551324	1.18365276	29.31045341	0.97299211	0.12116754979953026	0.00818402	0.00076
0.0524	-0.063	0.3432	0.0010175269539126942	0.004199262180298357	0.0027995081201989047	1.22390211	30.30713463	0.98738761	0.12592339973270697	0.00955242	0.00155
0.0518	0.0097	0.3191	0.0008866272600131194	0.004113741046950634	0.002708750999095199	1.17173874	29.01542854	1.00032155	0.11275889741755016	0.00907624	0.00119
0.0463	-0.1712	0.2643	0.000895353906273091	0.004167846253762459	0.00249931148885588	1.31901944	32.66249847	1.10125987	0.25481356816555584	0.00801313	0.00088
0.0443	-0.1452	0.2707	0.0007243116395776468	0.004012511950334963	0.0024678955623199817	1.08328009	26.82495308	0.94526749	0.05228962483294193	0.0074138	0.00055
0.0441	-0.1414	0.3336	0.00062482787221397	0.004068362486398782	0.0024766222085799536	1.02386248	25.3536129	0.95670052	0.0751030474843734	0.00817192	0.00046
0.045	-0.0026	0.3641	0.0003089232776029963	0.004057890510886817	0.0025726153174396417	1.07936502	26.72800446	1.00065751	0.1913184839491313	0.00825077	0.00055
0.0452	-0.0736	0.304	0.0005724679946541401	0.004194026192542374	0.0026406831582674204	1.02115738	25.28662682	0.95757085	0.15468741197672395	0.00703639	0.00025
0.0486	-0.24	0.2726	0.0009494591130849152	0.004201007509550351	0.002645919146023404	1.16901875	28.94807625	1.06446883	0.22066042115973675	0.00929165	0.00064
0.0428	-0.1181	0.2279	0.0011239920382843482	0.004221951460574283	0.002637192499763432	1.05444908	26.11101913	1.00793993	0.18261017612416683	0.00625318	0.00037
0.0335	-0.1113	0.2914	0.0008674286382411819	0.004068362486398782	0.0025394540616517493	1.05394745	26.09859848	0.98717607	0.10499454061651751	0.00684077	0.00036
0.0379	0.0002	0.3336	0.0005358160803622592	0.004063126498642799	0.0026389378290154262	1.12699711	27.90750504	1.01752082	0.17991661564992917	0.00761551	0.00058
0.0353	-0.0657	0.2837	0.0008325220532012951	0.00411548637620263	0.0025289820861397836	1.1469779	28.40228462	0.96292593	0.14135107966372543	0.00686198	0.00043
0.0379	-0.1486	0.2736	0.0011205013797803594	0.004230678106834255	0.002366666465704311	1.08820331	26.94686699	0.967955	0.12387433388230812	0.00719565	0.00052
0.0357	-0.1128	0.2558	0.0012252211349000194	0.004244640740850209	0.002513274122871834	0.98119009	24.29692841	0.90679821	0.06906450231515687	0.00658643	0.00021
0.0361	-0.1009	0.2674	0.0012897983172238095	0.004300491276914028	0.0025394540616517493	1.18940544	29.45290565	0.94128756	0.0312303828583762	0.00764459	0.00051
0.0312	0.0497	0.3245	0.0009128071987930344	0.0042271874483302664	0.0024260076602721182	1.33451903	33.04631042	1.07974022	0.2407870674197084	0.00898772	0.00087
0.0309	0.0148	0.3202	0.000307177948351002	0.004019493267342941	0.002466150233067988	1.17643356	29.13168526	0.99231593	0.0821733002112614	0.00839221	0.00084
0.029	-0.0786	0.2848	0.0007155849933176752	0.0037419859162758423	0.0023282692221604354	1.09613574	27.14329529	0.98876803	0.1718897703470662	0.0071947	0.00073
0.024	-0.1814	0.2591	0.0008848819307611251	0.003935717463247213	0.002490584842595908	1.1727798	29.04120827	0.99355397	0.15976720524251467	0.0079807	0.00069
0.0251	-0.1072	0.2661	0.0005707226654021458	0.00404741853537485	0.0024312436480281013	1.03901446	25.72881699	0.96956857	0.10656007660272115	0.00685161	0.00027
0.0239	-0.035	0.3384	0.0001972222054753592	0.00411548637620263	0.002331759880664424	1.07487917	26.61692429	0.99729776	0.17275260340591214	0.00778818	0.00052
0.0248	0.0403	0.3324	0.00020420352248333657	0.004019493267342941	0.0023282692221604354	1.06806886	26.44828224	0.96508109	0.08752325421858273	0.00809449	0.0006
0.0289	-0.0976	0.2768	0.0005689773361501514	0.004145156973486532	0.0024015730507441976	1.18694043	29.39186478	1.02685423	0.2257870674197084	0.00694114	0.0004
0.0356	-0.1835	0.2585	0.000635299847725936	0.004162610266006475	0.002333505209916419	1.11387253	27.58250618	0.98149776	0.11849218224617528	0.00765431	0.00066
0.0338	-0.147	0.2469	0.0007016223593017205	0.004070107815650777	0.00239459173373622	1.16176617	28.7684803	0.97162814	0.06089557428756421	0.00706905	0.0004
0.0305	-0.0318	0.3161	0.0006667157742618339	0.00393048147549123	0.002237512101056731	1.29490674	32.06540298	1.06663642	0.20428062789394608	0.00702107	0.00063
0.0302	-0.0159	0.3029	0.0005585053606381855	0.0037350045992678655	0.0022689280275926286	1.13264513	28.0473671	0.98057025	0.04615516081914554	0.00692892	0.00045
0.0333	-0.1557	0.2698	0.001048942880448592	0.004070107815650777	0.0022951079663725434	1.21336234	30.04614258	1.05951475	0.21858603374866167	0.00763863	0.00057
0.033	-0.1181	0.2296	0.0011309733552923255	0.00398284135305106	0.0023212879051524586	1.09871042	27.20705032	0.99017698	0.08787384381116829	0.0064292	0.0003
0.0271	-0.0809	0.2419	0.001282817000215832	0.00404741853537485	0.0024242623310201236	1.1823796	29.27892685	0.96406895	0.0713697626557481	0.0067997	0.00049
0.0338	-0.0508	0.3228	0.0008587019919812101	0.0040229839258469294	0.0024050637092481865	1.23645663	30.61802101	1.03099949	0.14108741197672395	0.00781196	0.00052
0.0341	-0.0393	0.3231	0.0008936085770210966	0.003963642731279122	0.0023788837704682713	1.0718857	26.54279709	0.94794188	0.01812138591938047	0.0075748	0.00063
0.0363	-0.1126	0.2801	0.0013648474750595659	0.00411548637620263	0.0023387411976724015	1.09518099	27.11965179	0.99998609	0.1516612557878923	0.00715387	0.00054
0.0321	-0.112	0.2293	0.0012950343049797925	0.004141666314982544	0.002303834612632515	1.08343339	26.8287487	0.98183784	0.062144984694978735	0.00673062	0.00039
0.0214	-0.0806	0.2357	0.0011484266478122688	0.004125958351714595	0.002258456052080662	1.07069731	26.51336861	0.95809659	0.05888470904936626	0.00651091	0.00049
0.0263	-0.0113	0.3001	0.0004677482395344803	0.003946189438759179	0.0022165681500327986	1.33598757	33.08267593	1.0171487	0.18371676116405336	0.00733519	0.00058
0.0334	-0.0325	0.3071	0.0003577924966588376	0.0038117990863556156	0.0022218041377887812	1.2328943	30.52980614	0.99121909	0.047779104151759455	0.00748831	0.00052
0.0328	-0.1189	0.2547	0.0009791297103688187	0.0039898226700590365	0.00238237442897226	1.18786812	29.41483688	1.01953532	0.18739655442984404	0.00687182	0.00043
0.0259	-0.1353	0.2278	0.0009337511498169664	0.004167846253762459	0.002384119758224254	1.06917536	26.4756813	0.95840426	0.06145737367536342	0.00665653	0.00048
0.0291	-0.0507	0.2336	0.0010681415022205296	0.004117231705454623	0.0024452062820440558	1.09446931	27.10202789	0.98932456	0.10590457122656007	0.00618708	0.0004
0.0376	-0.0211	0.2957	0.0007504915783575615	0.003998549316319009	0.0024748768793279594	1.11536324	27.6194191	1.00485257	0.12350014551412432	0.00675827	0.00052
0.0398	0.0939	0.2898	0.0005707226654021458	0.004036946559862884	0.002453932928304027	1.1417501	28.27282906	1.01045319	0.13505550537616115	0.00816536	0.00087
0.0349	-0.0337	0.2207	0.0007400196028455958	0.004066617157146788	0.0025254914276357948	1.20426559	29.8208828	1.05549606	0.21512630170295605	0.00671923	0.00039
0.0364	-0.1436	0.1956	0.0005131268000863328	0.004050909193878839	0.0025865779514555962	1.16394114	28.82234001	1.00738442	0.15168436449235065	0.00744188	0.00064
0.0357	-0.1057	0.1974	0.0006771877497737998	0.0040055306333269865	0.002570869988187647	1.11759758	27.67474747	0.96382269	0.05165737367536344	0.00712866	0.00052
0.0385	-0.0055	0.256	0.0005532693728822024	0.004019493267342941	0.0023352505391684127	1.19520772	29.59658623	1.03158092	0.18027502299633927	0.00684565	0.00049
0.0383	0.0214	0.24	0.000731292956585624	0.003974114706791089	0.0023125612588924867	1.11145294	27.52259064	0.97721672	0.05540457122655999	0.00675887	0.00045
0.041	-0.0982	0.2003	0.0012723450247038664	0.004082325120414737	0.0023527038316883565	1.15014362	28.48067665	1.02856599	0.196470252726888	0.00647104	0.00037
0.0377	-0.1344	0.1847	0.0013700834628155487	0.0042271874483302664	0.002398082392240209	1.06181407	26.293396	0.94129858	0.06949896632895322	0.00659961	0.00039
0.0365	-0.067	0.2055	0.0011798425743481666	0.004105014400690663	0.00231779724664847	1.37711072	34.10099792	0.98414622	0.1090349540849362	0.00712091	0.0007
0.0311	-0.0186	0.2889	0.0010873401239924673	0.0037681658550557575	0.002103121748653167	1.39005327	34.42148972	1.07322375	0.1694013246992953	0.00759208	0.00091
0.0283	-0.024	0.2637	0.0009407324668249436	0.0038746309394274117	0.002106612407157156	1.22643304	30.3698082	1.0205653	0.046228170002158335	0.00671327	0.00061
0.0311	-0.1142	0.2223	0.0011693705988362008	0.0040334559013588955	0.00222529479629277	1.14763618	28.41858482	1.00116981	0.15970727415391775	0.00653869	0.00057
0.0251	-0.0899	0.1875	0.0012164944886400475	0.004223696789826277	0.0022462387473167022	1.12507212	27.85983849	0.96020318	0.07801543646475803	0.00654233	0.00039
0.0255	-0.0409	0.2007	0.0012199851471440364	0.004174827570770436	0.002139773662945048	1.16109073	28.75175476	0.9685283	0.0705412480965742	0.00673342	0.00048
0.0328	0.0511	0.2719	0.0006300638599699529	0.004169591583014453	0.0022427480888127134	1.24279797	30.77504921	1.03323997	0.20540658503988657	0.0074504	0.0004
0.0356	-0.007	0.2702	0.0006126105674500097	0.004101523742186674	0.002234021442552742	1.10373688	27.33152008	0.95534425	0.06731238898038465	0.00677305	0.00051
0.034	-0.1386	0.2099	0.001322959573011702	0.004195771521794368	0.0021519909677090087	1.14578593	28.3727684	1.01812823	0.237831363000656	0.0068177	0.00043
0.0325	-0.1197	0.1901	0.001186823891356144	0.004108505059194652	0.00205599785884932	1.02040899	25.26809502	0.94114127	0.056169762655748155	0.0064624	0.00055
0.038	-0.0198	0.2153	0.0012514010736799342	0.004157374278250492	0.0020245819323134223	1.09768319	27.18161392	0.99067055	0.1378431163957764	0.00614566	0.00037
0.0365	0.0477	0.2818	0.0009826203688728075	0.00401076662108297	0.0019774580425095754	1.16000652	28.72490692	1.03766334	0.15862561258892482	0.0069797	0.00063
0.0397	-0.0039	0.2513	0.0009424777960769379	0.004038691889114879	0.0020525072003453313	1.12166679	27.7755127	0.96672773	0.09245584993317667	0.00609154	0.00045
0.052	-0.1032	0.1939	0.001356120828799594	0.004050909193878839	0.0019408061282176943	1.22341478	30.29506874	0.9980504	0.1958780704807127	0.00631696	0.00046
0.0357	-0.133	0.165	0.001265363707695889	0.0042603487041181585	0.0020804324683772408	1.24149191	30.7427063	0.98219983	0.09699114857512851	0.0072149	0.00064
0.0363	-0.1175	0.2118	0.001408480706359424	0.0043039819354180175	0.00222529479629277	1.25237429	31.01218414	1.00327017	0.07948062789394612	0.00647753	0.00042
0.0366	0.006	0.2797	0.001228711793404008	0.00426907535037813	0.002155481626212997	1.22019351	30.21530151	1.06829828	0.20592443340375385	0.00638551	0.00048
0.042	0.0063	0.2958	0.0011047934165124105	0.004118977034706617	0.0021327923459370708	1.09870267	27.20685959	0.9858477	0.03663529864195184	0.00726211	0.00063
0.0477	-0.1591	0.2786	0.0014695672301792255	0.004124213022462601	0.0021153390534171274	1.20110071	29.74251175	1.06643577	0.20767315469713704	0.00749874	0.00049
0.0478	-0.1174	0.2071	0.0015027284859671175	0.004057890510886817	0.001778490507782222	1.07536626	26.62898445	0.9876251	0.13511661564992908	0.00647819	0.0004
0.0408	-0.0697	0.204	0.0014643312424232424	0.0038798669271833948	0.0015585790220309364	1.19636571	29.62526131	0.96165911	0.07961661564992915	0.00650764	0.00045
0.0295	-0.016	0.2974	0.0013665928043115599	0.003953170755767157	0.001748819910498318	1.29558778	32.08226776	1.06171454	0.1764641577581413	0.00722796	0.0007
0.0295	0.0284	0.2557	0.002090904443889207	0.0042935099599060505	0.002574360646691636	1.17282486	29.04232407	1.01829968	0.18060957899549293	0.00719166	0.00057
0.0279	-0.0768	0.2175	0.002398082392240209	0.004331907203449926	0.002432988977280095	1.11801946	27.68519402	1.02034938	0.16934734306532084	0.00703937	0.00027
0.0231	-0.1301	0.1928	0.001656317460142619	0.00411199571769864	0.0021153390534171274	1.11353064	27.57403755	1.00103946	0.14676631708559212	0.00675875	0.00061
0.017	-0.0959	0.1473	0.0013910274138394805	0.004436626958569585	0.0024923301718479027	1.11039639	27.49642563	0.9966588	0.1341456202802429	0.00758636	0.00067
0.0205	-0.0339	0.188	0.003010692959690218	0.004169591583014453	0.002141518992197042	1.25931978	31.18417358	1.09885	0.2180756050528365	0.00829077	0.00096
0.0195	0.0632	0.21	0.003637266161156183	0.003824016391119576	0.0021991148575128553	1.27369523	31.54014969	1.09720266	0.17158721293383275	0.00923908	0.00101
0.0308	-0.1143	0.1717	0.003755948550291797	0.0038606683054114572	0.002092649773141201	1.25086308	30.97476387	1.11629098	0.2401899693899575	0.00831407	0.00109
0.0294	-0.1064	0.146	0.0038501963298994907	0.004009021291830974	0.0021048670779051613	1.11272562	27.55410576	0.96937025	0.04774090353955853	0.00866061	0.00137
0.0207	-0.0923	0.1382	0.003342305517569141	0.0041556289489984985	0.0019512781037296606	1.14346826	28.31537628	1.02642728	0.07100437218366873	0.00841945	0.00104
0.024	0.0105	0.2132	0.002993239667170275	0.004242895411598215	0.0022863813201125715	1.20025373	29.72153664	1.04311944	0.21967177646907465	0.00751507	0.00066
0.0288	-0.0253	0.2257	0.002522000769131806	0.004267330021126135	0.0026040312439755396	1.46682954	36.32267761	1.0003339	0.09376617157146787	0.00854194	0.0011
0.028	-0.0386	0.1626	0.002764601535159018	0.004117231705454623	0.00249931148885588	1.31657708	32.60202026	1.05458706	0.1020709418409192	0.0082882	0.00097
0.0185	-0.1331	0.1093	0.002775073510670984	0.004274311338134113	0.002542944720155738	1.26012075	31.2040081	1.03225164	0.16785924197456567	0.00783432	0.00072
0.0264	-0.072	0.1476	0.0017139133254584315	0.004291764630654057	0.002853613327010729	1.10185754	27.28498077	1.00197346	0.17676410422937439	0.006589	0.00034
0.0372	0.0266	0.2438	0.0006108652381980154	0.004122467693210606	0.0028274333882308137	1.18262565	29.28501892	1.07641953	0.2705262481741891	0.00691807	0.00049
0.0361	0.0575	0.2362	0.0010332349171806431	0.004162610266006475	0.002569124658935653	1.10621226	27.39281654	0.98549282	0.07564104905368287	0.007635	0.00058
0.0391	-0.0351	0.1592	0.0014189526818713899	0.0042882739721500675	0.002694788365079245	1.13124824	28.01277542	1.03121972	0.2044522588488965	0.00666481	0.0004
0.0397	-0.1165	0.1639	0.001186823891356144	0.004141666314982544	0.002790781473938933	1.06098938	26.27297592	0.9420218	0.1104364778271228	0.00688785	0.00051
0.0139	-0.0589	0.1785	0.0010838494654884787	0.004972443038931845	0.0033894294073729884	1.13915324	28.2085247	0.98825765	0.1746199541625511	0.00730222	0.00046
0.0226	0.0816	0.2497	0.0005864306286700947	0.004290019301402062	0.0031852258848896514	1.32413137	32.78908539	1.13904612	0.28960230484157523	0.009251	0.00161
0.0395	-0.013	0.341	-0.0006632251157578452	0.005146975964131278	0.0042603487041181585	1.36442876	33.78695679	1.20765569	0.3618867613192832	0.0109807	0.00315
0.0423	-0.1146	0.2859	0.00013788101090755203	0.004941027112395947	0.004009021291830974	1.1704284	28.98298073	1.08381468	0.2224191195343957	0.00815928	0.00072
0.0486	-0.2371	0.2495	0.0005672320068981572	0.004815363406252355	0.004103269071438669	1.15625203	28.63193512	1.03778155	0.1976631240870946	0.00998354	0.00128
0.0437	-0.1237	0.2539	0.0001675516081914556	0.004855505979048225	0.003478441199224699	1.15104175	28.50291443	1.01667652	0.17593254218582707	0.00789201	0.00057
0.0397	0.0264	0.2729	0.00048520153205442357	0.004831071369520303	0.0033056536032772606	1.51503825	37.5164566	1.05774192	0.1988436064669164	0.00849456	0.0011
0.0379	0.0143	0.2373	0.000932005820564972	0.00476125819944053	0.0031363566658338103	1.27823913	31.652668	0.99193451	0.08379571980168854	0.00819123	0.00087
0.0333	-0.1112	0.2048	0.0012932889757277981	0.005042256209011618	0.0032777283352453507	1.28952134	31.93204689	1.03798008	0.20178264170727267	0.00739521	0.00054
0.0176	-0.1283	0.175	0.0011519173063162574	0.005066690818539539	0.003605850234620285	1.12536502	27.86709023	0.98831817	0.0872964089157198	0.00820726	0.00084
0.0201	-0.0435	0.2378	0.0008482300164692441	0.0050893800988154655	0.0036250488563922224	1.16880989	28.94290352	1.07200554	0.1673787595947439	0.00714236	0.00054
0.0351	0.0263	0.3095	0.00091106186954104	0.004900884539600078	0.0035290557475325343	1.17388225	29.06850815	1.01916983	0.17386602605734358	0.00802916	0.00054
0.0384	-0.0496	0.247	0.0005393067388662478	0.00456752665246916	0.0035238197597765512	1.25369942	31.04499817	0.99419337	0.17721745027808464	0.00712693	0.00054
0.0439	-0.1819	0.2209	5.759586531581287e-05	0.004501204140893376	0.003602359576116296	1.20980024	29.95793533	1.02668402	0.19522866007329817	0.0089401	0.00051
0.0389	-0.0449	0.2504	-3.4906585039886588e-06	0.00426907535037813	0.003522074430524557	1.1850183	29.3442688	1.06846635	0.19017502299633932	0.00743192	0.00058
0.0439	-0.0217	0.3155	0.0002024581932313422	0.0042603487041181585	0.003106686068549906	1.13586211	28.1270256	1.03817723	0.12480319299849764	0.00769216	0.00046
0.0509	-0.0349	0.3073	0.0002199114857512855	0.00428129265514209	0.003186971214141646	1.04632568	25.90986252	0.95604246	0.03433411945678071	0.00737864	0.00067
0.0509	-0.1187	0.2575	0.0008290313946973065	0.004283037984394084	0.0030962140930379405	1.06832969	26.45474243	0.98492962	0.16868111796508603	0.00689512	0.00036
0.0686	-0.1534	0.2383	0.0012514010736799342	0.004283037984394084	0.0031677725923697077	1.07053518	26.50935555	0.97435926	0.09629640891571976	0.00715405	0.00043
0.0646	-0.0807	0.2126	0.0006719517620178169	0.0044593162388455124	0.0034417892849328176	1.11942911	27.72010231	0.99651778	0.15388721293383276	0.00637341	0.00043
0.0677	-0.0423	0.2819	0.0009669124056048585	0.004148647631990522	0.003214896482173555	1.13979471	28.2244091	0.98530849	0.1524261026600647	0.00652707	0.00028
0.0653	0.0317	0.3126	0.00021642082724729686	0.003984586682303054	0.00318871654339364	1.58523643	39.25475311	1.02324784	0.1541366233412472	0.00944686	0.00166
0.0711	-0.0779	0.292	0.00042760566673861073	0.003977605365295077	0.003218387140677544	1.35364211	33.51985168	1.10418918	0.14839183768915978	0.00863433	0.00091
0.0696	-0.1627	0.2633	0.0008499753457212384	0.004091051766674708	0.003220132469929538	1.26167917	31.24259758	1.03409561	0.1418780704807127	0.00801539	0.00107
0.0472	-0.1079	0.2038	0.0011187560505283654	0.004263839362622147	0.0031468286413457764	1.1384058	28.19001579	1.02029114	0.16244360646691638	0.00693852	0.00064
0.041	-0.0456	0.2443	0.00024260076602721178	0.004244640740850209	0.002963569069886372	1.13423347	28.08669662	1.00847852	0.16293067388662474	0.00693554	0.00049
0.0303	0.0477	0.2925	-0.0007888888219014368	0.004276056667386107	0.002958333082130389	1.14254248	28.29244995	1.0264997	0.2056070751110265	0.00851864	0.00076
0.0414	-0.0057	0.2521	-0.0005951572749300663	0.004300491276914028	0.0030508355324860886	1.08291245	26.8158493	0.97179802	0.12043343034274959	0.00751072	0.00049
0.0545	-0.1621	0.241	-0.0005358160803622592	0.0041381756564785556	0.003426081321664869	1.17919791	29.20013809	1.059326	0.21044513020910297	0.00877208	0.00075
0.041	-0.0748	0.1744	-0.0007644542123735164	0.004085815778918725	0.0037803831598197174	1.1208334	27.75487518	1.06848185	0.1991649923862968	0.008322	0.00061
0.0463	-0.0589	0.2782	-0.0012863076587198209	0.004262094033370152	0.0034662238944607386	1.13848066	28.19186974	1.05344489	0.17561454830783552	0.00861359	0.00069
0.054	0.0361	0.3175	-0.0011414453308042916	0.0042987459476620336	0.0034766958699727043	1.15317023	28.5556221	1.00536789	0.15159931088596884	0.00922871	0.00131
0.0521	-0.0605	0.2366	-0.0005375614096142535	0.004356341812977846	0.003309144261781249	1.18911636	29.44574547	1.05312038	0.22085156973486528	0.00734782	0.00052
0.05	-0.1522	0.1784	1.9198621771937625e-05	0.004487241506877421	0.003262020371977402	1.1722126	29.02716446	1.03624451	0.18873918075448068	0.00803739	0.00052
0.046	-0.0889	0.1454	-0.0002129301687433082	0.0045588000062091886	0.003373721444105039	1.13249612	28.04367447	1.01603467	0.12106941809873248	0.00774378	0.00063
0.0462	-0.0923	0.219	-0.0002478367537831948	0.004455825580341524	0.0031049407392979124	1.20747519	29.90036201	1.00250268	0.09753308578573389	0.00702012	0.00036
0.0367	0.0025	0.2644	-0.0006736970912698113	0.004071853144902771	0.003035127569218139	1.50055945	37.15792084	1.04253331	0.1936822971502572	0.00896257	0.00143
0.0431	-0.0594	0.2473	-0.0005864306286700947	0.0041608649367544815	0.002949606435870417	1.29118884	31.97333908	1.07710847	0.09848996938995751	0.00827771	0.00069
0.0437	-0.1476	0.2248	-0.00016231562043547262	0.004279547325890096	0.0029181905093345183	1.21597993	30.11096191	0.99128987	0.14001066619530675	0.0081256	0.00075
0.0387	-0.1106	0.1759	0.000153588974175501	0.00437379510549779	0.0030595621787460597	1.1190021	27.70952606	1.00548661	0.11847620218151046	0.00707072	0.00049
0.0454	-0.064	0.1979	0.00048345620280242926	0.0042167154728183	0.002883283924294633	1.08298278	26.81759262	0.96653894	0.10846125578789224	0.0065136	0.00043
0.0372	0.0647	0.1815	0.0008115781021773631	0.004422664324553631	0.002633701841259443	1.17384303	29.06753731	1.03491303	0.19248264170727272	0.00744188	0.00052
0.0341	0.0037	0.1446	0.0003298672286269283	0.004516912104161324	0.002883283924294633	1.40228033	34.72426605	1.01736398	0.14227703680966583	0.00824332	0.0009
0.0253	-0.1235	0.0762	0.000661479786505851	0.004534365396681268	0.0028658306317746896	1.29554892	32.08130646	1.05452967	0.22272595714594048	0.00927341	0.00104
0.0155	-0.0726	0.0473	2.268928027592628e-05	0.004396484385773717	0.002750638901143063	1.2322365	30.51351738	1.01159846	0.1341931623884551	0.0101866	0.0016
0.023	-0.0116	0.1076	-0.00020769418098732522	0.004436626958569585	0.002949606435870417	1.20747733	29.90041542	1.05071697	0.15227467843932369	0.00850213	0.00073
0.0135	0.0383	0.1673	-0.00038397243543875244	0.003920009499979264	0.0027052603405912107	1.1706599	28.98871422	1.05385537	0.16596209041604773	0.007595	0.00072
0.0296	-0.0205	0.1186	-0.00032463124087094524	0.004431390970813603	0.0030281462522101614	1.21624911	30.11762619	1.03058283	0.16828042885105485	0.0086273	0.00069
0.0316	-0.0564	0.0822	-0.0003001966313430247	0.004810127418496373	0.00318871654339364	1.09654593	27.15345192	0.97612906	0.10248706741970848	0.00989509	0.00113
0.0285	-0.0305	0.0847	-0.0005270894341022875	0.005258677036258915	0.003333578871309169	1.10079575	27.25868988	0.95342699	0.0725152374218667	0.010164	0.00158
0.0261	-0.0803	0.1535	-7.853981633974481e-05	0.004916592502868026	0.002874557278034661	1.145908	28.37579155	1.03423167	0.18348278722139696	0.00804657	0.00045
0.0226	0.0529	0.1623	-7.853981633974481e-05	0.004668755749084832	0.0026162485487395003	1.15619671	28.63056564	1.02535218	0.17080727415391775	0.00820446	0.0007
0.0419	0.0399	0.0655	0.0005951572749300663	0.004698426346368735	0.0024172810140121463	1.13182867	28.0271492	1.04714036	0.1742167611640534	0.0101265	0.00137
0.0391	-0.0423	0.0847	0.000609119908946021	0.004214970143566306	0.0025115287936198403	1.11455822	27.59948349	1.03217474	0.1337833308213039	0.00764567	0.00052
0.0329	-0.005	0.0715	0.00091106186954104	0.0044924774946334045	0.0028012534494508993	1.11037982	27.49601746	0.9859576	0.10015869837465884	0.00882632	0.00075
0.0313	0.0464	0.1634	0.0004310963252425994	0.004661774432076854	0.002553416695667704	1.31316316	32.51748276	1.07600352	0.18975496177625423	0.00793993	0.00057
0.0349	0.1252	0.2012	-0.0006824237375297829	0.004848524662040247	0.002813470754214859	1.37010086	33.92741394	1.0511522	0.1982162175641465	0.0106993	0.00185
0.019	-0.0471	0.1558	0.00039968039870670147	0.004970697709679851	0.002939134460358451	1.34060335	33.19697571	1.14460293	0.300097044500984	0.00769728	0.00069
0.0031	-0.077	0.0336	0.0003595378259108319	0.005159193268895238	0.0027401669256310974	1.34008205	33.18406677	1.14414254	0.1893802833369305	0.0115765	0.00324
0.0147	-0.0582	0.0851	0.0003525565089028545	0.005223770451219028	0.002846632010002751	1.18764639	29.40934563	1.07138397	0.09080117918517107	0.00905037	0.00118
0.0305	0.0182	0.2152	2.094395102393195e-05	0.005532693728822024	0.0031328660073298214	1.24205339	30.75661087	1.11365389	0.26863849164044945	0.00764835	0.00054
0.0348	0.0251	0.1977	5.585053606381854e-05	0.005504768460790115	0.00308399678827398	1.12195516	27.78265381	0.95742555	0.03428505360638188	0.00796735	0.00049
0.029	-0.0177	0.1396	0.00024085543677521747	0.005530948399570031	0.0031468286413457764	1.28941417	31.92939186	0.98769596	0.12040083462815553	0.00866115	0.00097
0.0189	-0.0568	0.1225	0.00011344640137963142	0.005735151922053367	0.003447025272688801	1.29876554	32.16095734	1.00703287	0.09789045946109735	0.0093751	0.00128
0.0272	-0.0851	0.1321	0.0004136430327226561	0.005639158813193679	0.0034819318577286873	1.18622947	29.37425804	0.99589003	0.06775481626212994	0.00853068	0.00075
0.0338	-0.0086	0.2013	-4.886921905584123e-05	0.0055484016920899736	0.0033527774930811067	1.15538454	28.61045647	1.019291	0.1864211868764892	0.00769091	0.00057
0.035	0.0783	0.1926	-8.37758040957278e-05	0.005293583621298802	0.0032515483964654355	1.21285141	30.03349113	0.97599127	0.1163476876223365	0.00898594	0.0009
0.0309	-0.0461	0.133	0.00027925268031909274	0.005134758659367318	0.00301941960595019	1.19051921	29.48048592	1.03132405	0.2257991118430775	0.00823492	0.00072
0.0276	-0.1079	0.1292	0.0002844886680750757	0.005265658353266893	0.0030700341542580253	1.12152505	27.77200317	0.94737809	0.07823751149816961	0.00841379	0.00094
0.0237	-0.0032	0.1146	0.0001832595714594046	0.005400048705670456	0.0031468286413457764	1.09125006	27.02231026	0.97959691	0.1388206968053493	0.00852263	0.00119
0.0224	0.0658	0.1557	7.330382858376184e-05	0.005489060497522166	0.0029373891311064567	1.11120486	27.51644516	0.97862998	0.13182035224833363	0.00883776	0.0009
0.0266	0.1079	0.1552	0.00026878070480712676	0.005578072289373877	0.0029513517651224112	1.0871799	26.92152405	0.96497665	0.06172256510455151	0.00977981	0.00143
0.0224	-0.0163	0.1072	0.00029496064358704166	0.005323254218582705	0.0026755897433073067	1.12850499	27.94484329	1.02353764	0.2042380015693096	0.00830925	0.0007
0.0157	-0.0886	0.1012	0.000705113017805709	0.005722934617289407	0.002802998778702893	1.09694636	27.16336632	1.0000738	0.13186209041604777	0.0090062	0.00072
0.0125	-0.0808	0.1931	0.0008569566627292158	0.005668829410477582	0.002535963403147761	1.17766559	29.16219521	1.07647523	0.12654921136452318	0.00797439	0.00066
0.0245	0.0872	0.2308	0.0005131268000863328	0.005483824509766183	0.002494075501099897	1.77829182	44.03532791	1.16019735	0.2462361332701073	0.0100679	0.00201
0.0267	0.0689	0.1877	0.00042236967898262774	0.005496041814530144	0.002874557278034661	1.32044387	32.69777298	1.0390818	0.08777281014012148	0.00963134	0.00116
0.027	-0.0657	0.133	0.001059414855960558	0.005738642580557355	0.0028221974004748306	1.30319679	32.2706871	1.1023643	0.23620029102824855	0.00852442	0.00113
0.0275	-0.0407	0.1023	0.000460766922526503	0.005532693728822024	0.0030560715202420713	1.15176523	28.52083206	0.99954786	0.10812354524683132	0.0089066	0.00109
0.0306	-0.0205	0.152	0.00033335788713091696	0.005529203070318036	0.003040363556974122	1.09324741	27.07177162	0.97173541	0.08033038285837615	0.00832343	0.00085
0.0219	0.0231	0.2655	0.001282817000215832	0.0051783918906671755	0.002949606435870417	1.41159081	34.95481873	1.17810776	0.23535137069197404	0.00925773	0.00176
0.0248	0.0894	0.2144	6.806784082777885e-05	0.004806636759992383	0.002708750999095199	1.26301205	31.27560425	1.1237235	0.2116679863419032	0.00897372	0.00075
0.0288	-0.0308	0.1269	0.0006719517620178169	0.005457644570986268	0.002928662484846485	1.19227898	29.5240612	1.06853316	0.2854401608967605	0.00899452	0.00118
0.0262	-0.1311	0.0963	0.0009285151620609833	0.0054384459492143305	0.0027768188399229783	1.12375474	27.82721519	1.04151902	0.15488028333693055	0.0101051	0.00122
0.0197	-0.026	0.0958	0.0010925761117484504	0.005562364326105927	0.0027471482426390747	1.1454035	28.36329842	1.06665715	0.12798249619314836	0.00914466	0.00091
0.0239	0.0289	0.1724	0.0002443460952792061	0.005815437067645105	0.003033382239966145	1.185305	29.35136795	1.05762708	0.2050768377667746	0.00889838	0.00093
0.0695	0.1017	0.189	0.00014660765716752367	0.006072000467688272	0.004146902302738527	1.1362915	28.13766098	1.02988703	0.20839109504636155	0.0105067	0.00187
0.0584	-0.0945	0.122	0.0011536626355682519	0.005478588522010201	0.0043039819354180175	1.24038768	30.71536446	1.14884176	0.36217732783791445	0.00888664	0.00107
0.0502	-0.0892	0.08	0.000973893722612836	0.005745623897565333	0.004187044875534397	1.0558399	26.14546013	0.98688825	0.08368706741970841	0.00961536	0.00137
0.0731	-0.0129	0.1551	0.000757472895365539	0.005522221753310059	0.003652974124424132	1.09947288	27.22593117	1.0168902	0.22299468613064177	0.00852329	0.00094
0.0801	0.0371	0.2473	0.0005497787143782138	0.005632177496185701	0.0036425021489121657	1.19914603	29.69410896	1.01976652	0.16560609496874665	0.00887084	0.00106
0.0724	-0.038	0.199	0.0005044001538263612	0.00540179403492245	0.0036128315516282617	1.12678623	27.90228271	0.99062523	0.1463716309549504	0.00780833	0.00057
0.0589	-0.1885	0.1463	0.00038397243543875244	0.0051557026103912496	0.0036180675393842456	1.20094585	29.73867798	1.05834264	0.23528775653373965	0.00940442	0.00093
0.063	-0.0284	0.1478	0.0004328416544945937	0.005307546255314756	0.0035901422713523357	1.20715475	29.89242554	1.07467151	0.17713190660056283	0.00808209	0.0006
0.0659	-0.0195	0.2265	0.0013107422682477415	0.005478588522010201	0.003478441199224699	1.21614134	30.11495781	1.0931768	0.14853219762881148	0.00896955	0.00103
0.065	-0.0192	0.2423	0.001462585913171248	0.005412266010434416	0.0036983526849759846	1.13551962	28.11854553	0.99680661	0.03890388211252884	0.0079484	0.00045
0.068	-0.0924	0.202	0.0013683381335635543	0.005567600313861911	0.0037419859162758423	1.06409395	26.34985161	0.96730465	0.1311607657167523	0.00791693	0.00069
0.0686	-0.0958	0.1819	0.0012601277199399059	0.005705481324769463	0.0037943457938356727	1.08286238	26.81460953	0.94535093	0.039022565104551536	0.0083338	0.00094
0.0621	-0.1052	0.1482	0.0016231562043547262	0.005731661263549379	0.003635520831904189	1.03552866	25.64249992	0.96810351	0.07700166925631102	0.00831175	0.00112
0.0603	-0.106	0.2138	0.0012339477811599909	0.00564788545945365	0.0034766958699727043	1.09375513	27.08434486	1.02338297	0.09979045946109745	0.0083788	0.00082
0.051	0.0616	0.2458	0.0012356931104119853	0.005544911033585984	0.0035342917352885177	1.21525109	30.09291458	1.06938835	0.21701578102177363	0.00859374	0.00082
0.0539	-0.0314	0.2011	0.001473057888683214	0.005510004448546098	0.003426081321664869	1.148929	28.45059776	0.98029828	0.15962408884673823	0.00814217	0.00063
0.057	-0.1508	0.1642	0.0011239920382843482	0.005431464632206353	0.0033440508468211352	1.14551926	28.36616516	1.00746628	0.1848818070791172	0.00895286	0.0007
0.0604	-0.1022	0.1649	0.0007627088831215222	0.005331980864842677	0.003267256359733385	1.26288772	31.27252579	0.99451481	0.07957807048071258	0.00887793	0.00125
0.0604	0.0378	0.2177	0.0010192722831646884	0.0055152404363020815	0.0033143802495372316	1.32845747	32.89620972	1.06764132	0.21714734306532088	0.00851268	0.00078
0.0538	0.0399	0.2436	0.001090830782496456	0.005595525581893821	0.0034313173094208515	1.08111966	26.77145576	0.97638032	0.04803903524035635	0.00824034	0.00078
0.058	0.0188	0.2135	0.0008342673824532895	0.005394812717914472	0.003488913174736664	1.05265737	26.0666523	0.9787263	0.0811436064669164	0.00843012	0.00072
0.0632	-0.1328	0.2009	0.00047647488579445195	0.005560618996853934	0.003427826650916863	1.18667459	29.38528252	1.1054237	0.19863426497090503	0.00887978	0.00101
0.0648	-0.0781	0.1942	7.330382858376184e-05	0.005380850083898519	0.0033283428835531865	1.01376092	25.10347176	0.95630425	0.09712118687648909	0.00776005	0.00043
0.0574	-0.0382	0.2187	3.665191429188092e-05	0.005281366316534841	0.0033196162372932147	1.00929868	24.99297333	0.93941458	0.07904311639577653	0.00763273	0.00042
0.0621	-0.0026	0.2698	-0.00020769418098732522	0.005356415474370597	0.003415609346152903	1.05260837	26.06543732	0.97578886	0.11216941809873252	0.00828046	0.00073
0.0659	0.0619	0.2473	-0.0005026548245743669	0.0052831116457868355	0.003673918075448063	1.14934433	28.46088219	0.97069852	0.12212866007329816	0.00919646	0.00101
0.0776	-0.0856	0.2154	-0.00034033920413889426	0.005407030022678433	0.0038536869884034796	1.15451097	28.58882332	1.03234714	0.2144001455141243	0.00844395	0.00069
0.075	-0.1825	0.1922	-0.00011693705988362007	0.005483824509766183	0.003886848244191372	1.12969446	27.97429848	0.99592223	0.13936789435654584	0.00967568	0.00107
0.0768	-0.0445	0.2048	-8.726646259971648e-06	0.005377359425394529	0.003862413634663451	1.23430765	30.56480598	1.04845464	0.1643555053761612	0.0083698	0.00066
0.0758	-0.0377	0.271	-0.00029845130209103034	0.005532693728822024	0.003867649622419434	1.19138265	29.50186729	1.04812144	0.09651474735072688	0.00880295	0.0009
0.078	-0.0415	0.2719	-0.00041538836197465044	0.005461135229490257	0.003974114706791089	1.16293871	28.79751778	0.9863649	0.021648032179352072	0.00895345	0.00099
0.0796	-0.1265	0.2366	-0.000153588974175501	0.005468116546498235	0.0038484510006474965	1.14139247	28.26397324	0.99390147	0.14162222054753595	0.00883394	0.0009
0.0743	-0.1187	0.2239	-0.00022165681500327985	0.005462880558742251	0.003820525732615587	1.03985405	25.74960709	0.9411464	0.030861454830783622	0.00902843	0.00076
0.0756	-0.0883	0.2316	-0.0002617993877991494	0.005302310267558773	0.003958406743523139	1.15462101	28.59154892	0.97961917	0.05632969374434498	0.00946915	0.00119
0.0796	-0.0396	0.2984	-0.0006126105674500097	0.00562345084992573	0.00422893277758226	1.19683027	29.63676262	1.02719313	0.1666238898038469	0.0101132	0.00103
0.0802	-0.0335	0.3226	-0.001244419756671957	0.005616469532917752	0.00429700061841004	1.07474756	26.61366463	0.97403887	0.06624291735288522	0.0106088	0.00157
0.0832	-0.1194	0.2728	-0.0006544984694978735	0.0055920349233898325	0.004244640740850209	1.05336952	26.08428574	0.98361706	0.1720357887130917	0.00990266	0.00107
0.0812	-0.1816	0.2546	-0.0007470009198535729	0.005529203070318036	0.00416435559525847	1.0256722	25.39842606	0.96086236	0.09418097245096176	0.0104815	0.00121
0.0857	-0.1356	0.2549	-0.0006998770300497262	0.005555383009097951	0.004098033083682686	0.99715286	24.69220924	0.93724166	0.05778131700797733	0.00938022	0.00091
0.0778	0.0164	0.2876	-0.0008464846872172499	0.005677556056737554	0.004089306437422714	1.15395761	28.57512093	1.05919548	0.20647536755335488	0.00966144	0.00116
0.0809	-0.0075	0.2779	-0.001022762941668677	0.005612978874413764	0.0041556289489984985	1.03317797	25.58428764	0.96093107	0.052058897417550126	0.00947607	0.00125
