trans_x	trans_y	trans_z	rot_x	rot_y	rot_z	dvars_std	dvars_nstd	dvars_vstd	framewise_displacement	aqi	aor
0.0	-0.0	0.0	-0.0	0.0	-0.0	n/a	n/a	n/a	n/a	0.0461481	0.00106
0.0041	0.002	0.0152	-0.00014486232791552936	-0.00011519173063162575	4.537856055185256e-05	1.13345063	32.55478668	0.92247889	0.03657163095495038	0.0453758	0.00071
-0.0006	0.0945	0.0502	-0.0006021385919380437	8.726646259971648e-05	-0.00012042771838760874	1.07683969	30.92881393	0.91868238	0.1734770368096659	0.0468043	0.00108
-0.0061	0.1424	0.0342	-0.0007539822368615504	1.7453292519943296e-05	-0.00026878070480712676	1.20286036	34.54835892	0.95957758	0.08790049007113987	0.0518506	0.00158
-0.0063	0.04	0.0112	-0.0006370451769779302	7.155849933176751e-05	-0.000296705972839036	1.1717602	33.65510559	0.96663673	0.13554837673636763	0.0488388	0.00128
-0.0055	-0.0148	0.0227	-0.0007679448708775049	-9.075712110370512e-05	-0.0003193952531149623	1.17633128	33.78639603	0.94789426	0.08289522973054868	0.0468071	0.0013
-0.0064	0.0175	0.0258	-0.0008237954069413235	-0.00015009831567151235	-0.00027750735106709843	1.05135715	30.19691086	0.88618072	0.044153981633974486	0.0480782	0.00117
-0.0094	0.0489	0.0179	-0.0006492624817418905	-0.00018151424220741024	-0.0003769911184307752	1.13385022	32.56626129	0.91458524	0.0575716309549504	0.0497307	0.00132
-0.012	0.0784	0.0749	-0.000895353906273091	8.726646259971648e-06	-0.0003700098014227979	1.21203506	34.81187439	0.96093444	0.11126568150032796	0.0467213	0.00104
-0.0176	0.1444	0.0758	-0.001043706892692609	-0.00016231562043547262	-0.00039095375244672985	1.14238834	32.81149292	0.92343285	0.0895169602069447	0.0490223	0.00129
-0.0149	0.0523	0.0453	-0.000973893722612836	-0.00015707963267948963	-0.0004206243497306334	1.13027608	32.46360779	0.91961507	0.130535987755983	0.0479803	0.00141
-0.012	-0.0267	0.039	-0.0009651670763528643	-0.00017976891295541595	-0.00046425758103049166	1.09860444	31.55393982	0.92859484	0.09195245789178781	0.0469789	0.00182
-0.0105	0.0368	0.0374	-0.0008761552845011534	-0.00022863813201125715	-0.00034208453339088857	1.24046874	35.62854385	0.93376113	0.07960270292735774	0.047974	0.00167
-0.0063	0.0406	0.0472	-0.0008028514559173916	-0.00032637657012293966	-5.93411945678072e-05	1.14986885	33.02634811	0.91726596	0.04048928027592629	0.0473135	0.00134
-0.0112	0.1022	0.0824	-0.0010978120995044332	-0.00017802358370342162	-0.00026354471705114377	1.06894445	30.70204926	0.92417031	0.1340758576244948	0.0471835	0.00129
-0.0149	0.1576	0.0534	-0.0011274826967883368	-0.00029496064358704166	-0.00034557519189487725	1.15779865	33.25410461	0.92494386	0.09953190660056285	0.0515482	0.00147
-0.0119	0.0536	0.0187	-0.0009337511498169664	-0.00027925268031909274	-0.0003211405823669566	1.16373467	33.42459869	0.97494111	0.15339370598836202	0.0494148	0.001
-0.0052	-0.0375	0.0214	-0.0006632251157578452	-0.0001675516081914556	-0.0001832595714594046	1.15124834	33.06596756	0.97083141	0.1265054058547155	0.0451035	0.00082
-0.0102	0.0103	0.0526	-0.0008569566627292158	-0.0003438298626428829	-0.0002024581932313422	1.11268067	31.95823288	0.92422706	0.10346042115973676	0.0437686	0.00064
-0.0141	0.0526	0.044	-0.0006963863715457374	-0.0005218534463463045	-0.00017104226669544429	1.07562637	30.89396667	0.89365195	0.07330049007113992	0.0452967	0.00062
-0.0105	0.0328	0.0449	-0.0007330382858376184	-0.00041538836197465044	-0.00028623399732707005	1.1373843	32.66776657	0.9334801	0.03721543646475804	0.0452505	0.0007
-0.0137	0.1059	0.0683	-0.0009564404300928925	-0.00020594885173533088	-0.00020769418098732522	1.20699084	34.666996	0.96297594	0.1252690735417169	0.0466259	0.00086
-0.0206	0.1273	0.0471	-0.0011065387457644049	-0.0002670353755551324	-0.000317649923862968	1.09358537	31.4097805	0.90797232	0.06555702911834783	0.0490196	0.0009
-0.0197	0.0073	0.0012	-0.000609119908946021	-0.00039269908169872416	-0.0003787364476827695	1.24268699	35.69225311	0.97004331	0.20100845333908887	0.0483479	0.00126
-0.0197	-0.0528	0.0307	-0.0005480333851262194	-0.00042760566673861073	-0.00041713369122664475	1.19291139	34.26260757	0.93555322	0.09631951762017818	0.0428364	0.00074
-0.0202	-0.0038	0.0407	-0.0003054326190990077	-0.0004049163864626844	-0.00023561944901923448	1.19951963	34.45240784	0.92561892	0.08184021442552741	0.0422707	0.00056
-0.0251	0.0486	0.0615	-0.0005061454830783556	-0.00039793506945470715	-0.00027925268031909274	1.1482687	32.98038864	0.91587903	0.09066637061435917	0.042413	0.00043
-0.0235	0.0969	0.0719	-0.0006562437987498679	-0.00030368728984701333	-0.0003106686068549907	1.16328776	33.41176224	0.90087698	0.07408810109075521	0.0440519	0.00059
-0.024	0.0951	0.0367	-0.0005916666164260777	-0.0003473205211468716	-0.000307177948351002	1.1498183	33.02489471	0.92970021	0.04308505360638185	0.0480006	0.00077
-0.0265	0.0071	0.0228	-0.00042236967898262774	-0.00017802358370342162	-0.0002478367537831948	1.21214557	34.81504822	0.9490033	0.12429675347273536	0.0450954	0.00074
-0.0196	-0.0597	0.0467	-0.0005480333851262194	-0.0004572762640225143	-0.00015533430342749534	1.17777324	33.82781219	0.93549315	0.12247094184091918	0.0412263	0.00078
-0.0191	0.018	0.0579	-0.0007190756518216638	-0.00046425758103049166	-0.0001605702911834783	1.04479373	30.00839615	0.90381571	0.09856297857297024	0.042832	0.00048
-0.0243	0.0341	0.0793	-0.0009669124056048585	-0.00038048177693476387	-0.00015009831567151235	1.12113488	32.20105362	0.92983366	0.059804226669544415	0.0421934	0.00056
-0.0278	0.0971	0.0586	-0.0009372418083209549	-0.00028623399732707005	-0.0002199114857512855	1.12064028	32.18684769	0.94477821	0.09688657734856851	0.0460528	0.00066
-0.0234	0.0558	0.0336	-0.000731292956585624	-0.0002478367537831948	-0.00019024088846738194	1.13175905	32.50619888	0.9225268	0.08440083462815551	0.0460436	0.00077
-0.0256	-0.009	0.0472	-0.0009075712110370514	-0.00039095375244672985	-0.0002181661564992912	1.05861509	30.40537262	0.90210289	0.09796602605734359	0.0430177	0.00075
-0.0203	0.0162	0.0482	-0.0008063421144213803	-0.0005288347633542819	-0.00024609142453120044	1.12164235	32.21562958	0.89463364	0.044851768777756616	0.0438538	0.00086
-0.0231	0.0897	0.0834	-0.0009564404300928925	-0.00032637657012293966	-0.0003089232776029963	1.15305555	33.11787415	0.94727426	0.13226941809873252	0.044278	0.00049
-0.0265	0.1209	0.0657	-0.0010192722831646884	-0.00028099800957108706	-0.00023387411976724014	1.13630688	32.63682175	0.9323549	0.06146297857297024	0.0465841	0.0011
-0.0296	0.0266	0.041	-0.0007173303225696694	-0.0003874630939427412	-0.00034033920413889426	1.10342276	31.69232941	0.93057631	0.14784360646691636	0.0441797	0.00069
-0.0314	-0.0114	0.0341	-0.0003787364476827695	-0.0006213372137099814	-0.00029845130209103034	1.09503758	31.4514904	0.90556437	0.07741779483510018	0.0427656	0.00058
-0.0306	-0.0194	0.0445	-0.0006108652381980154	-0.0005218534463463045	-0.000296705972839036	1.13330364	32.55056381	0.91635968	0.035867894356545846	0.0421556	0.00045
-0.0294	0.0435	0.0461	-0.0006876597252857658	-0.0005707226654021458	-0.00017976891295541595	1.10575521	31.75932312	0.93009209	0.0778300383013606	0.0442292	0.00053
-0.0264	0.0612	0.0816	-0.0008063421144213803	-0.000466002910282486	-0.00017627825445142725	1.15494323	33.17209244	0.92103678	0.06754464013796316	0.0423084	0.00047
-0.0279	0.11	0.0591	-0.0008220500776893293	-0.00038571776469074686	-0.0002007128639793479	1.04058075	29.88739014	0.89688381	0.07882138591938045	0.0455899	0.00063
-0.0247	0.0743	0.0146	-0.0003961897402027128	-0.0004433136300065597	-0.00030194196059501896	1.18442786	34.01894379	0.91847949	0.11263426497090503	0.0488897	0.00088
-0.0258	-0.0129	0.0264	-0.0006387905062299246	-0.0004049163864626844	-0.00035081117965086024	1.21507645	34.89922714	0.95191787	0.11659336143134642	0.0449224	0.00086
-0.0238	0.055	0.031	-0.0004468042885105483	-0.0004991641660703782	-0.0003001966313430247	1.17343605	33.70323944	0.93313334	0.09134242728174528	0.0460262	0.00074
-0.0225	0.063	0.0468	-0.000645771823237902	-0.0005270894341022875	-0.00019896753472735358	1.06768024	30.66573906	0.89215497	0.04150609496874672	0.0447712	0.00058
-0.0197	0.1289	0.058	-0.0006702064327658224	-0.00034208453339088857	-0.0002199114857512855	1.19016933	34.18384933	0.93518269	0.09141917306316256	0.0481158	0.00104
-0.019	0.1178	0.0486	-0.000783652834145454	-0.0002652900463031381	-0.0002740166925631097	1.1639291	33.43018341	0.9306125	0.03341730476396031	0.0486317	0.00081
-0.0272	0.1048	0.014	-0.0006963863715457374	-0.00023212879051524583	-0.00020943951023931956	1.10258353	31.66822433	0.93035967	0.06505024503556994	0.0498286	0.0009
-0.0247	-0.0217	0.023	-0.0003054326190990077	-0.00038571776469074686	-0.0001675516081914556	1.1794349	33.87553787	0.96972595	0.16732153143350476	0.0433414	0.00082
-0.0269	0.0188	0.0453	-0.00037524578917878077	-0.0004206243497306334	-0.00024609142453120044	1.03847563	29.82692909	0.90210748	0.07416297857297022	0.0429623	0.00045
-0.0301	0.0388	0.0318	-0.0003211405823669566	-0.0003961897402027128	-0.0002181661564992912	1.08813143	31.25313377	0.90969564	0.0420232542185827	0.0453303	0.00073
-0.0297	0.0244	0.0297	-0.00027925268031909274	-0.0005096361415823442	-0.00022165681500327985	1.14803302	32.97361755	0.93821096	0.0248412480965742	0.0441646	0.00044
-0.0274	0.0717	0.052	-0.0002478367537831948	-0.0002181661564992912	-0.00022340214425527416	1.1693604	33.58618164	0.93725181	0.08813156204354723	0.0434661	0.00059
-0.0303	0.1366	0.0626	-0.0006702064327658224	-0.00022689280275926284	-0.0002583087292951608	1.11929572	32.14823151	0.92248659	0.10170014551412428	0.0463891	0.00077
-0.0262	0.0786	0.021	-0.00046425758103049166	-0.0003438298626428829	-0.000148352986419518	1.17364669	33.70928955	0.90699651	0.12534208272472963	0.0471605	0.00069
-0.0282	0.003	0.0176	-0.0003892084231947355	-0.0005235987755982988	-0.0002495820830351891	1.15637422	33.21319199	0.93467542	0.09880235837034217	0.0452248	0.00096
-0.0247	0.0419	0.0294	-0.00035604716740684323	-0.0004886921905584122	-0.00010995574287564276	1.13889384	32.71112442	0.92295818	0.06458470904936625	0.0450996	0.00088
-0.0188	0.0258	0.0431	-0.00038048177693476387	-0.0006963863715457374	8.203047484373349e-05	1.12159014	32.2141304	0.91160713	0.0569057504117311	0.0436224	0.00078
-0.0208	0.1131	0.0707	-0.0006230825429619757	-0.00047822021504644627	7.853981633974481e-05	1.06371486	30.55184746	0.93066759	0.14011287905152456	0.0445008	0.00052
-0.0252	0.1604	0.0376	-0.00039793506945470715	-0.0004468042885105483	-4.71238898038469e-05	1.14061105	32.76044464	0.91005138	0.10391135530933789	0.0487087	0.00092
-0.031	0.056	0.0108	1.9198621771937625e-05	-0.00042411500823462205	-0.0001972222054753592	1.16783857	33.54246902	0.96423688	0.16649606435870415	0.0458945	0.00064
-0.0288	-0.0739	0.0338	-5.235987755982988e-06	-0.0005759586531581287	-8.203047484373349e-05	1.17455423	33.73535538	0.97942779	0.16967349925415265	0.0398183	0.00056
-0.0256	-0.0199	0.0398	9.42477796076938e-05	-0.0006806784082777885	3.316125578789226e-05	1.12307	32.25663376	0.93719308	0.07916976265574811	0.0404369	0.0004
-0.026	0.0361	0.0688	-0.00034906585039886593	-0.0008185594191853405	5.235987755982989e-05	1.04883575	30.12449074	0.91408791	0.11541966313430246	0.0403274	0.00036
-0.0278	0.0792	0.0764	-0.0005794493116621174	-0.0005585053606381855	3.839724354387525e-05	1.17590106	33.77404022	0.92164931	0.07772000769131807	0.0427393	0.00059
-0.0287	0.098	0.0487	-0.0005881759579220891	-0.0005410520681182421	-1.0471975511965975e-05	1.16161215	33.36363602	0.93531239	0.05115245789178781	0.0444709	0.00043
-0.0302	0.0583	0.0061	-7.67944870877505e-05	-0.0005235987755982988	-5.061454830783555e-05	1.12045336	32.18148041	0.93317093	0.1122488668075076	0.0451328	0.00059
-0.0246	-0.0272	0.0312	3.665191429188092e-05	-0.0009093165402890458	0.00021118483949131387	1.18004048	33.89293289	0.97174086	0.15424817769347635	0.0400994	0.00041
-0.022	-0.0123	0.0481	5.235987755982988e-06	-0.000853466004225227	0.00019896753472735358	1.03890061	29.83913422	0.91294429	0.03937418836818384	0.0392523	0.00033
-0.0308	0.0896	0.0585	-0.00035430183815484887	-0.0006422811647339132	-1.9198621771937625e-05	1.1606971	33.33735275	0.95268929	0.16054444109507185	0.0432218	0.00063
-0.0288	0.1684	0.0301	-0.0004415683007545654	-0.0007120943348136865	-1.0471975511965975e-05	1.12438822	32.29449463	0.9592003	0.11749031394697308	0.0487782	0.00089
-0.0333	0.0195	0.0051	3.839724354387525e-05	-0.0006318091892219474	-6.108652381980153e-05	1.1543926	33.1562767	0.99250397	0.2089432619099008	0.0431494	0.00043
-0.0302	0.0055	0.0189	0.00014137166941154068	-0.0008831366015091308	4.363323129985824e-05	1.12484765	32.30769348	0.91159569	0.05385107966372544	0.0418151	0.00034
-0.0322	0.0301	0.0358	4.537856055185256e-05	-0.0006632251157578452	-1.0471975511965975e-05	1.01121032	29.04381943	0.88539345	0.06200049007113989	0.0433333	0.00029
-0.0352	0.1105	0.0585	-0.0003874630939427412	-0.0005166174585903216	-6.283185307179586e-05	1.19009721	34.18177795	0.95833666	0.13769045946109737	0.0444965	0.00053
-0.0349	0.1221	0.0366	-0.00032463124087094524	-0.0004729842272904633	-3.665191429188092e-05	1.09704173	31.50905609	0.92666889	0.040432251157578473	0.0452616	0.00067
-0.0341	-0.0033	-0.0061	0.0002548180707911721	-0.00042411500823462205	-2.094395102393195e-05	1.13255417	32.52903748	0.97696956	0.20110132469929537	0.043698	0.00051
-0.0333	-0.0113	-0.0004	0.00047647488579445195	-0.0005253441048502931	-7.853981633974481e-05	1.07017493	30.73739243	0.90611438	0.03352408884673819	0.0417238	0.0003
-0.0288	0.0359	-0.0039	0.0006492624817418905	-0.0004886921905584122	5.585053606381854e-05	1.14064431	32.76140213	0.90025634	0.07239149313214413	0.0447741	0.00047
-0.0311	-0.0037	0.0005	0.0006230825429619757	-0.0006038839211900379	7.853981633974481e-05	1.14586794	32.91143417	0.92951494	0.05450304748437335	0.0422546	0.00048
-0.0305	0.0508	0.0353	0.0002600540585471551	-0.0002600540585471551	0.00013788101090755203	1.14844024	32.98531342	0.94314872	0.12820997708127552	0.0417142	0.0003
-0.0311	0.1571	0.0387	0.00010821041362364843	-0.0003822271061867582	0.00014486232791552936	1.15471792	33.16562271	0.95232406	0.12434990047855433	0.0468205	0.00049
-0.0304	0.0373	-0.0003	0.0004747295565424576	-0.0004921828490624009	0.00014486232791552936	1.13371015	32.5622406	0.94926444	0.18332374428972256	0.0442529	0.00052
-0.0272	0.0117	-0.0027	0.0006649704450098395	-0.0006318091892219474	0.0001291543646475804	1.0531311	30.24786186	0.91685552	0.04847875959474386	0.0439187	0.00045
-0.0236	0.0259	0.0188	0.00046425758103049166	-0.0006056292504420323	0.0001675516081914556	1.17118585	33.63861084	0.92150264	0.05256450231515691	0.0427938	0.00047
-0.0254	0.0578	0.0133	0.00028274333882308137	-0.0005235987755982988	0.000291469985083053	1.10278428	31.67399216	0.92514626	0.05857315469713706	0.044001	0.00051
-0.0249	0.0409	0.0496	0.0001605702911834783	-0.0005393067388662478	0.00030194196059501896	1.10436177	31.71930122	0.92381459	0.0611176493209759	0.0448006	0.00047
-0.026	0.0852	0.0624	-3.665191429188092e-05	-0.00041189770347066176	0.0003525565089028545	1.03033471	29.59310722	0.89670901	0.07696228945893904	0.0412666	0.00048
-0.0329	0.1395	0.0101	4.0142572795869576e-05	-0.00039269908169872416	0.00016406094968746698	1.20592809	34.63647079	0.94722551	0.12772443340375375	0.049156	0.00093
-0.0309	0.0008	0.003	0.00040840704496667313	-0.0005323254218582705	0.00010297442586766544	1.23491704	35.46908569	1.01130646	0.1762488668075076	0.0441484	0.0007
-0.0275	-0.0135	0.0119	0.000640535835481919	-0.00048520153205442357	0.00019896753472735358	1.1695075	33.59040451	0.93907457	0.04536228945893905	0.0422779	0.00055
-0.0301	0.0174	0.0248	0.0004537856055185257	-0.0005288347633542819	0.00017802358370342162	1.0592283	30.42298508	0.90209812	0.058966370614359165	0.0405062	0.00033
-0.0238	0.0599	0.0031	0.000874409955249159	-0.00047123889803846896	0.00027925268031909274	1.217556	34.97044754	0.90929367	0.09947246558310585	0.0477472	0.00055
-0.0233	0.0479	0.0389	0.0005235987755982988	-0.00046425758103049166	0.0002443460952792061	1.22608423	35.21539307	0.95468408	0.06793495408493622	0.0416492	0.00038
-0.0238	0.0577	0.0678	0.0002478367537831948	-0.0003298672286269283	0.00034208453339088857	1.18195963	33.94805145	0.94135039	0.0645945406165175	0.0397974	0.00043
-0.0261	0.096	0.0461	0.0004258603374866164	-0.0003769911184307752	0.0003717551306747922	1.087726	31.24149132	0.90899471	0.07504090353955861	0.041705	0.00069
-0.0282	0.012	0.0112	0.0008255407361933179	-0.000614355896702004	0.000317649923862968	1.14925051	33.00858688	0.9395098	0.1555575191894877	0.0421425	0.00084
-0.0271	-0.0148	0.0323	0.0007941248096574199	-0.000614355896702004	0.000296705972839036	1.19680858	34.37454224	0.91848313	0.05161799387799149	0.0398607	0.00058
-0.0268	-0.0281	0.031	0.00102799892942466	-0.0006440264939859076	0.00039269908169872416	1.16785669	33.54299164	0.92037258	0.0328768912955416	0.0392073	0.00066
-0.0306	0.0388	0.0658	0.0008587019919812101	-0.000705113017805709	0.00034906585039886593	1.09909546	31.56804085	0.91938665	0.11920083462815548	0.0382525	0.00052
-0.0337	0.0631	0.0952	0.0006370451769779302	-0.0006073745796940267	0.00024260076602721178	1.07360625	30.83594513	0.90751966	0.07809301687433085	0.0368289	0.00048
-0.0436	0.0063	0.0633	0.0005969026041820607	-0.0006998770300497262	8.37758040957278e-05	1.11874533	32.1324234	0.92957618	0.11317349925415268	0.0377151	0.00041
-0.0409	-0.0396	0.0472	0.0008970992355250854	-0.0007592182246175333	0.00018675022996339323	1.09176314	31.35744286	0.92302645	0.08782561258892486	0.0367948	0.00033
-0.0377	-0.0072	0.043	0.0008813912722571365	-0.000905825881785057	0.00028274333882308137	1.10290027	31.6773243	0.91775901	0.05271543646475805	0.0380911	0.00051
-0.0392	0.0001	0.0631	0.0007016223593017205	-0.0009442231253289323	0.00032463124087094524	1.06863296	30.69310188	0.90000833	0.04190270292735777	0.0361152	0.00021
-0.0393	0.0326	0.0754	0.0007400196028455958	-0.000736528944341607	0.00021467549799530252	1.08635914	31.20223045	0.89878092	0.06270235837034216	0.0366544	0.00036
-0.0347	0.0953	0.0879	0.0004328416544945937	-0.0006894050545377602	0.00023387411976724014	1.16507924	33.46321869	0.94962977	0.09847502299633933	0.0377966	0.00043
-0.0368	0.045	0.033	0.0005340707511102648	-0.0005567600313861911	0.0003211405823669566	1.14175677	32.79335403	0.95262818	0.12335702911834784	0.0403974	0.00045
-0.033	-0.0421	0.0239	0.0010576695267085637	-0.0007138396640656808	0.00034033920413889426	1.16227317	33.38262177	0.95480002	0.1349938515024863	0.0395277	0.00025
-0.0336	-0.0053	0.0288	0.0008866272600131194	-0.0006789330790257941	0.00020420352248333657	1.05131388	30.19566536	0.89482572	0.05940422666954442	0.0403115	0.00038
-0.0378	0.0502	0.0362	0.0008831366015091308	-0.0006963863715457374	0.00015184364492350666	1.13721037	32.66277313	0.94208729	0.0707651914291881	0.0396128	0.00038
-0.0408	0.0487	0.0761	0.0008080874436733745	-0.00039095375244672985	0.00019198621771937622	1.18298972	33.97763824	0.94434069	0.06543121748653168	0.0366678	0.0003
-0.0337	0.0781	0.055	0.0007557275661135446	-0.0006806784082777885	0.0003769911184307752	1.15326297	33.1238327	0.91686604	0.08395447170511439	0.0382411	0.0003
-0.0316	-0.0373	0.0351	0.0010367255756846318	-0.000645771823237902	0.0003717551306747922	1.13662839	32.64605713	0.92955738	0.15345702911834783	0.0360404	0.0003
-0.0323	-0.0291	0.0414	0.0009843656981248017	-0.0007679448708775049	0.00029321531433504735	1.13216567	32.51787949	0.91150336	0.027853637076958888	0.0364915	0.00038
-0.038	0.0599	0.0527	0.0009529497715889039	-0.0006771877497737998	0.00030368728984701333	1.18786621	34.11770248	0.94185175	0.11263225115757843	0.0383137	0.00032
-0.0354	0.0452	0.1012	0.0005515240436302081	-0.0006038839211900379	0.0003001966313430247	1.13133419	32.49399567	0.92171599	0.08971101075232232	0.0341973	0.00026
-0.0408	0.1151	0.0832	0.0004136430327226561	-0.0005951572749300663	0.0001972222054753592	1.03266799	29.66012383	0.90196677	0.10577910415175944	0.0387955	0.00026
-0.0452	0.001	0.0367	0.0009704030641088471	-0.0007609635538695277	0.0001832595714594046	1.2128123	34.834198	0.95908108	0.20182644721708037	0.0376195	0.00044
-0.0436	-0.0762	0.0495	0.0009878563566287904	-0.0007382742735936014	0.00023561944901923448	1.22911906	35.3025589	0.93504639	0.09622512251778499	0.0344105	0.00027
-0.0375	-0.0316	0.0521	0.0009145525280450286	-0.0007819075048934597	0.0003700098014227979	1.15390325	33.14222336	0.93192913	0.06586637061435917	0.0349456	0.00032
-0.0449	-0.0158	0.0803	0.0005602506898901797	-0.0008709192967451704	0.0002897246558310587	1.04370713	29.9771862	0.91052586	0.07757993877991494	0.0336458	0.00016
-0.0408	0.0705	0.0972	0.0004433136300065597	-0.0005393067388662478	0.0003787364476827695	1.14916396	33.0060997	0.93499708	0.13417807048071265	0.0359901	0.00037
-0.0437	0.1336	0.0627	0.0005026548245743669	-0.0005288347633542819	0.00021118483949131387	1.15484166	33.16917419	0.94744145	0.11236823891356144	0.0414183	0.00044
-0.0477	0.0155	0.0272	0.0011728612573401894	-0.0006492624817418905	0.0001675516081914556	1.15063548	33.04836655	0.96977285	0.19931336912266445	0.0376877	0.0003
-0.0498	-0.0297	0.0375	0.00124965574442794	-0.0008761552845011534	0.00015009831567151235	1.09973454	31.58639717	0.91134271	0.07365702911834784	0.0354826	0.00018
-0.0441	-0.033	0.0415	0.0013055062804917586	-0.0008464846872172499	0.0002373647782712288	1.0349437	29.72548676	0.88311962	0.02163937979737193	0.0358254	0.00032
-0.0474	0.0275	0.0689	0.001048942880448592	-0.0007627088831215222	0.00010821041362364843	1.15293443	33.11439514	0.92283692	0.11467467843932372	0.0354601	0.00036
-0.0473	0.0691	0.0778	0.0009913470151327792	-0.0006038839211900379	0.00021467549799530252	1.11173475	31.93106651	0.93361667	0.06674429558094755	0.0370783	0.00025
-0.0466	0.0101	0.0398	0.001322959573011702	-0.0007382742735936014	0.0002024581932313422	1.11748254	32.09615326	0.93436967	0.1216110107523223	0.036514	0.00032
-0.0428	-0.0201	0.0471	0.0011327186845443199	-0.0007958701389094143	0.00014660765716752367	1.03728688	29.79278564	0.885447	0.05648436449235068	0.0344279	0.00012
-0.0393	-0.0035	0.0417	0.0011519173063162574	-0.0007906341511534313	0.00024609142453120044	1.18154538	33.93615341	0.88263276	0.03169591884457987	0.036952	0.00043
-0.0417	0.0389	0.0653	0.0010716321607245184	-0.0008831366015091308	0.00021467549799530252	1.18762124	34.11066437	0.93005844	0.0786101761241668	0.0369259	0.00022
-0.0445	0.0927	0.0972	0.0007400196028455958	-0.000582939970166106	0.00028623399732707005	1.15499949	33.17370987	0.94066098	0.12366838442768574	0.0360029	0.00034
-0.0419	0.0638	0.0851	0.0007190756518216638	-0.0005480333851262194	0.0002740166925631097	1.07248724	30.8038063	0.90080241	0.04700339204138895	0.0352525	0.00026
-0.0432	0.0365	0.0442	0.0013212142437597075	-0.0006736970912698113	0.00019547687622336493	1.05193257	30.21343803	0.89995202	0.109817105721069	0.0366027	0.00027
-0.0394	-0.0069	0.052	0.001462585913171248	-0.0007976154681614085	0.00032463124087094524	1.05624723	30.33736229	0.91016172	0.07472222054753588	0.0359648	0.00041
-0.0422	-0.0112	0.0665	0.001377064779823526	-0.0008203047484373349	0.0002897246558310587	1.16037047	33.32797241	0.91246193	0.028755849933176755	0.0340235	0.00022
-0.044	0.01	0.1069	0.001256637061435917	-0.0005742133239061344	0.0003944444109507184	1.12454367	32.29896164	0.92656162	0.08696194490192342	0.0311336	0.00033
-0.0474	0.0773	0.1023	0.0009826203688728075	-0.0006300638599699529	0.00030194196059501896	1.12706447	32.37136459	0.90977229	0.09641848394913137	0.0347451	0.00019
-0.0477	-0.0157	0.0618	0.001382300767579509	-0.0006876597252857658	0.00026878070480712676	1.17836308	33.84475327	0.93017048	0.15832187599052033	0.0346456	0.00045
-0.0483	-0.007	0.0536	0.0017889624832941875	-0.0009128071987930344	0.00017627825445142725	1.13593841	32.62623978	0.92595743	0.053715581978882335	0.0354871	0.00055
-0.0459	-0.0068	0.058	0.0018291050560900572	-0.0007923794804054256	0.0004363323129985824	1.17740536	33.81724548	0.92919366	0.028031217486531687	0.034723	0.00034
-0.0473	-0.0313	0.0885	0.0016615534478986017	-0.0009529497715889039	0.0004537856055185257	1.12930131	32.43560791	0.9263392	0.07367875959474383	0.031488	0.00032
-0.0486	0.0253	0.1225	0.0013980087308474581	-0.0008237954069413235	0.0003298672286269283	1.02618647	29.47396278	0.89942894	0.11773087292951608	0.0314454	0.00029
-0.0518	0.0439	0.0944	0.001439896632895322	-0.0008395033702092724	0.0002617993877991494	1.16723275	33.52507019	0.9194209	0.05618318530717959	0.0340603	0.00038
-0.0476	-0.0309	0.0657	0.0018360863730980347	-0.000895353906273091	0.00038397243543875244	1.13899386	32.71399689	0.94457171	0.13641066619530673	0.0334367	0.00034
-0.0448	-0.0813	0.0585	0.002145009650701031	-0.0009023352232810684	0.0004747295565424576	1.11667895	32.07307053	0.92823576	0.08073308578573393	0.0321981	0.00055
-0.0464	0.0232	0.0838	0.0018901915799098587	-0.0010367255756846318	0.0004991641660703782	1.09630656	31.48793793	0.94498823	0.1520821516361328	0.0325216	0.00016
-0.0464	-0.0004	0.0805	0.0018832102629018814	-0.0010821041362364843	0.0005707226654021458	1.10362196	31.69804955	0.88773985	0.03309591884457986	0.0321136	0.00045
-0.0421	0.0146	0.0802	0.001891936909161853	-0.0011833332328521555	0.0005253441048502931	1.14133215	32.78115845	0.91915578	0.027366715171374786	0.032917	0.00021
-0.0462	0.02	0.0934	0.0017470745812463236	-0.0009494591130849152	0.000582939970166106	1.13923466	32.72091293	0.9169072	0.044516615649929134	0.0316507	0.00029
-0.049	0.0652	0.1416	0.0011711159280881952	-0.0007470009198535729	0.0005707226654021458	1.13351214	32.55655289	0.92676315	0.13573170755767155	0.0304837	0.00023
-0.0511	0.0449	0.1535	0.0012688543661998775	-0.0008517206749732328	0.00047123889803846896	1.09068596	31.32650566	0.88979908	0.04939709802975094	0.0290419	0.00026
-0.057	-0.0298	0.0904	0.00204378055408536	-0.0010332349171806431	0.0003106686068549907	1.14904892	33.00279617	0.95998864	0.1995505360638185	0.029974	0.00022
-0.0525	-0.0956	0.1132	0.0020996310901491783	-0.001069886831472524	0.000450294947014537	1.14618266	32.92047119	0.92973548	0.10470643952576228	0.0261181	0.00021
-0.0503	-0.052	0.1192	0.0020263272615654165	-0.0012112585008840647	0.0005340707511102648	1.11286747	31.96360016	0.91451359	0.06672256510455153	0.0268393	0.00025
-0.0574	-0.1109	0.1453	0.0018936822384138475	-0.0011693705988362008	0.0004939281783143952	1.02559328	29.45692253	0.89867817	0.10283377489976514	0.0233413	0.0001
-0.0602	0.0169	0.1426	0.0016877333866785165	-0.0009232791743050004	0.0004188790204786391	1.19124639	34.21478653	0.94503939	0.15965447170511435	0.0280648	0.00025
-0.0647	0.0402	0.097	0.001811651763570114	-0.0009512044423369096	0.00032463124087094524	1.18046725	33.90518951	0.94503422	0.08570457122656001	0.0319713	0.00033
-0.0636	-0.0778	0.0791	0.002256710722828668	-0.0010314895879286487	0.0003665191429188092	1.19443393	34.30633926	0.96889502	0.16536160034490782	0.0285782	0.00032
-0.0666	-0.1227	0.1108	0.0021851522234969008	-0.00124965574442794	0.000439822971502571	1.17301285	33.69108582	0.92052499	0.097751424220741	0.0256031	0.00021
-0.0617	-0.0456	0.1161	0.002061233846605303	-0.0011501719770642632	0.00048345620280242926	1.06601822	30.61800385	0.898843	0.10065176877775664	0.027529	0.00016
-0.059	0.0459	0.1361	0.001626646862858715	-0.000895353906273091	0.00038397243543875244	1.14491844	32.8841629	0.95015934	0.15364444109507183	0.0292166	0.00023
-0.063	0.0252	0.1085	0.001439896632895322	-0.0007766715171374765	0.000439822971502571	1.09500754	31.45062828	0.92721865	0.07036415775814131	0.0304267	0.00016
-0.0622	-0.0775	0.0739	0.001891936909161853	-0.001001818990644745	0.00040666171571467877	1.14577889	32.90887451	0.96034636	0.1736174502780846	0.0297793	0.00016
-0.0576	-0.0688	0.0855	0.001858775653373961	-0.001165879940332212	0.000445058959258554	1.02712989	29.50105858	0.89448554	0.03668097245096171	0.0286908	0.00012
-0.0535	-0.0246	0.0805	0.0019198621771937623	-0.0012147491593880533	0.0004677482395344803	1.10201406	31.65186882	0.9076101	0.05993225115757845	0.0305226	0.00026
-0.0559	-0.049	0.0848	0.0019181168479417679	-0.0011519173063162574	0.0005689773361501514	1.16776562	33.54037476	0.9382191	0.039390313946973066	0.0298845	0.00027
-0.0577	-0.0263	0.1146	0.0018081611050661253	-0.0011047934165124105	0.0005637413483941684	1.14853847	32.98813629	0.91879688	0.06241578102177362	0.0277053	0.00023
-0.0587	0.0442	0.1397	0.0014608405839192536	-0.0008970992355250854	0.0005305800926062762	1.09633911	31.48887253	0.91621761	0.12600879789610445	0.029426	8e-05
-0.0631	0.0059	0.1078	0.0015777776438028737	-0.0008936085770210966	0.0004886921905584122	1.11222267	31.9450779	0.92288593	0.08271578102177361	0.0303693	0.00033
-0.0735	-0.1033	0.0794	0.002309070600388498	-0.0010629055144645468	0.00038397243543875244	1.17841411	33.84621811	0.96994157	0.19826548245743672	0.0279089	0.00018
-0.0664	-0.0905	0.1057	0.002438224965036078	-0.0012426744274199627	0.0004886921905584122	1.13682747	32.65177536	0.91349086	0.0668821516361328	0.0264314	0.00021
-0.0679	-0.0689	0.1293	0.0021589722847169856	-0.0012514010736799342	0.000466002910282486	1.03497422	29.72636223	0.89003227	0.0622334303427495	0.0251641	0.00026
-0.0731	-0.0104	0.1235	0.0021956241990088664	-0.0012269664641520136	0.0003298672286269283	1.17469037	33.73926544	0.90976392	0.07936111027376797	0.0275971	0.00021
-0.0715	0.0078	0.1404	0.0018046704465621369	-0.0011117747335203881	0.00042935099599060504	1.1299324	32.45373535	0.92486917	0.06698146252210159	0.0272771	0.00011
-0.0744	0.0399	0.0922	0.002234021442552742	-0.0010000736613927507	0.0004729842272904633	1.14334106	32.83885574	0.94233442	0.11243426497090502	0.0313154	0.00032
-0.0742	-0.1043	0.1098	0.0022863813201125715	-0.0013107422682477415	0.0005689773361501514	1.17993808	33.88999176	0.96674323	0.18495107966372537	0.0250072	8e-05
-0.0707	-0.057	0.1192	0.0024766222085799536	-0.001350884841043611	0.0006736970912698113	1.15757573	33.24770355	0.88978671	0.07695516081914558	0.0262862	0.00025
-0.0632	-0.047	0.1267	0.0023265238929084412	-0.0014887658519511632	0.0006544984694978735	1.1540637	33.14683151	0.91311502	0.04035889741755013	0.0265416	0.00019
-0.0631	-0.0122	0.1358	0.0023212879051524586	-0.0012077678423800758	0.0007016223593017205	1.15082633	33.05384827	0.92969249	0.06066789435654585	0.0262015	0.00036
-0.0661	-0.0124	0.1599	0.0016528268016386303	-0.0010262536001726657	0.0005602506898901797	1.09049094	31.32090569	0.90591408	0.07686735075663895	0.0249444	0.00022
-0.0654	0.0297	0.1089	0.0018657569703819383	-0.0010210176124166828	0.000445058959258554	1.23857832	35.57424545	0.91033803	0.11046789435654585	0.0309881	0.00049
-0.0638	-0.0216	0.0811	0.002251474735072685	-0.001270599695451872	0.0005375614096142535	1.19760633	34.39745331	0.93054804	0.11709011490408176	0.0302025	0.0003
-0.0606	-0.0471	0.0996	0.0026755897433073067	-0.0013264502315156904	0.000705113017805709	1.20816362	34.70067978	0.93637193	0.07957585762449476	0.0271565	0.00034
-0.0631	-0.066	0.1385	0.002235766771804736	-0.0013578661580515882	0.0006719517620178169	1.10472763	31.72980881	0.94172453	0.08552000769131805	0.0244193	0.00021
-0.0674	0.074	0.1485	0.0019355701404617114	-0.0010245082709206715	0.0006492624817418905	1.19090307	34.20492554	0.97880453	0.1871121899374934	0.0292609	0.00041
-0.0679	0.0888	0.1201	0.0018936822384138475	-0.0011397000015522971	0.0005759586531581287	1.1370976	32.65953445	0.92850964	0.05521917306316257	0.0314756	0.00034
-0.0695	-0.0839	0.0826	0.0025324727446437724	-0.0010314895879286487	0.0006265732014659643	1.20305705	34.55400848	1.00785134	0.25168077340807044	0.0269669	0.00025
-0.0685	-0.0672	0.1033	0.0027296949501191318	-0.0013840460968315032	0.0006667157742618339	1.11982846	32.16353226	0.90207454	0.06789606435870417	0.0257599	0.00014
-0.0603	-0.0274	0.1118	0.0027523842303950577	-0.0014172073526193955	0.0007225663103256524	1.07571173	30.89641953	0.89236708	0.06208505360638184	0.0273867	0.00025
-0.066	-0.0318	0.15	0.002234021442552742	-0.0010716321607245184	0.0006684611035138282	1.13307786	32.54407883	0.92898574	0.09420215932745085	0.0250137	0.00021
-0.0713	0.0421	0.1185	0.0022479840765686964	-0.0010262536001726657	0.0006283185307179585	1.12423396	32.29006577	0.94625416	0.11567418836818384	0.0290581	0.00025
-0.0735	-0.0981	0.0856	0.0026581364507873638	-0.0012322024519079964	0.0005619960191421741	1.17604744	33.77824402	0.97723989	0.20942118687648908	0.0266196	7e-05
-0.0676	-0.044	0.0952	0.0025028021473598684	-0.0013840460968315032	0.000598647933434055	1.02789485	29.52302933	0.89015335	0.08679149313214415	0.027437	0.00015
-0.0697	-0.0202	0.0973	0.0023003439541285265	-0.0015358897417550098	0.0004939281783143952	1.10620379	31.77220726	0.90668583	0.05095107966372541	0.0289279	0.00034
-0.0674	-0.0985	0.1029	0.003120648702565861	-0.0011676252695842063	0.0005427973973702365	1.18947959	34.16403961	0.9536371	0.148071921983199	0.0290345	0.00023
-0.0719	-0.0335	0.1532	0.0021223203704251047	-0.0011571532940722405	0.0005602506898901797	1.16728354	33.5265274	0.93836309	0.17111268000863328	0.0243417	0.00015
-0.0742	0.025	0.1152	0.002319542575900464	-0.0010890854532444615	0.0004939281783143952	1.10582078	31.76120567	0.90197798	0.11538062789394612	0.0287201	0.00018
-0.0715	-0.0314	0.0732	0.0028675759610266834	-0.0012688543661998775	0.0004468042885105483	1.13476992	32.59267807	0.92708644	0.1398463093942741	0.0297523	0.00053
-0.0642	-0.085	0.095	0.0029077185338225527	-0.0013526301702956054	0.0006562437987498679	1.21970356	35.03212738	0.93329711	0.09936789435654585	0.0266328	0.00026
-0.0623	-0.0787	0.1185	0.0027104963283471934	-0.0015603243512829306	0.0006911503837897545	1.10160172	31.64002609	0.91318602	0.053691148575128536	0.0247774	0.00012
-0.0735	-0.0258	0.1573	0.0024591689160600103	-0.0013543754995475996	0.0005044001538263612	1.03993428	29.86882401	0.90902876	0.13510132469929537	0.0241498	0.00016
-0.076	0.0577	0.1334	0.002235766771804736	-0.0012060225131280816	0.0003961897402027128	1.17527318	33.75600433	0.92765639	0.13389827721492203	0.0292937	0.00032
-0.0813	-0.0184	0.0983	0.0025586526834236872	-0.0012897983172238095	0.0002513274122871834	1.1377846	32.67926407	0.95126691	0.14407620218151035	0.0283344	0.00023
-0.0783	-0.0493	0.0808	0.0029146998508305304	-0.0014538592669112763	0.0003961897402027128	1.1117388	31.93118286	0.92025025	0.08464852225049196	0.0280766	0.00026
-0.0693	-0.0652	0.1077	0.0029443704481144336	-0.0015027284859671175	0.0005602506898901797	1.13069665	32.47568512	0.93199968	0.06393003830136057	0.0256684	0.00025
-0.0675	-0.0644	0.1184	0.0028815385950426383	-0.0015603243512829306	0.0004991641660703782	1.07049334	30.74653625	0.88610059	0.02237571211037048	0.0255664	0.00018
-0.0693	0.0091	0.1358	0.0024975661596038853	-0.001387536755335492	0.00042935099599060504	1.14219391	32.8059082	0.93266129	0.12402866007329821	0.0266311	0.00025
-0.0738	-0.0023	0.113	0.0025726153174396417	-0.0011746065865921838	0.0004485496177625427	1.1417352	32.79273224	0.93358586	0.05405889741755012	0.0278948	0.00032
-0.073	-0.012	0.0847	0.002750638901143063	-0.0013264502315156904	0.00040317105721069014	1.16191661	33.3723793	0.9225524	0.05756228945893904	0.0287734	0.00023
-0.0692	-0.1107	0.09	0.0027890361446869386	-0.0015289084247470327	0.0004886921905584122	1.19395363	34.2925415	0.95013076	0.124118828506147	0.0265704	0.00036
-0.0642	-0.0495	0.115	0.002722713633111154	-0.0017697638615222502	0.0004799655442984406	1.19092	34.20541	0.94143599	0.1069952297305487	0.0266307	0.0003
-0.0725	-0.0388	0.1473	0.002583087292951608	-0.001429424657383356	0.00040317105721069014	1.17884636	33.85863495	0.94044605	0.07913800156930953	0.0242868	0.00025
-0.0782	0.0246	0.1657	0.0018849555921538759	-0.001387536755335492	0.00028274333882308137	1.09912848	31.56899071	0.92644373	0.13052236606166023	0.0256659	0.00021
-0.0816	0.0314	0.1053	0.002190388211252884	-0.0013997540600994523	0.0002740166925631097	1.19419324	34.29942322	0.89680068	0.08691882850614698	0.0304151	0.00041
-0.0698	-0.092	0.1097	0.0024068090385001802	-0.0017767451785302276	0.00041713369122664475	1.21556783	34.91334152	0.97136548	0.1764264472170803	0.0257085	0.00029
-0.072	-0.1142	0.1367	0.002239257430308725	-0.0016615534478986017	0.0004485496177625427	1.19167042	34.22696304	0.92756583	0.06710796326794892	0.0245301	0.00023
-0.0776	-0.0693	0.2188	0.0017540558982543013	-0.0018291050560900572	0.0005323254218582705	1.1521709	33.09246445	0.94751606	0.16942644721708036	0.0205184	0.00012
-0.0833	-0.0233	0.2584	0.001595230936322817	-0.0017208946424664088	0.0005375614096142535	1.04498947	30.01401711	0.92396167	0.1049135681655558	0.0204725	0.00018
-0.0894	-0.0014	0.2281	0.0017715091907742446	-0.0018029251173101424	0.0004799655442984406	1.10620785	31.77232361	0.91545151	0.0740952297305487	0.0219867	0.00034
-0.0912	-0.0364	0.1588	0.0025569073541716926	-0.0019250981649497454	0.0003769911184307752	1.11891675	32.13734436	0.94671206	0.1566272818452358	0.0234978	0.00026
-0.0924	-0.2029	0.1649	0.002892010570554604	-0.002141518992197042	0.0005759586531581287	1.1868161	34.08753967	1.00241156	0.21132457891787804	0.0198294	0.00037
-0.0907	-0.1062	0.1931	0.002722713633111154	-0.0023928464044842257	0.0005602506898901797	1.13217378	32.51811218	0.94931538	0.1484166156499291	0.0196837	0.00026
-0.0874	-0.1377	0.195	0.0022235494670407763	-0.0021135937241651332	0.00041538836197465044	1.03230596	29.64972496	0.8899001	0.08286395871524997	0.0194187	0.00019
-0.0918	-0.026	0.2093	0.0019250981649497454	-0.0018727382873899156	0.0003193952531149623	1.23025322	35.3351326	0.95333053	0.16216499238629684	0.0231393	0.0003
-0.0938	-0.0509	0.1904	0.001973967384005587	-0.0016842427281745281	0.0003473205211468716	1.12064207	32.18690109	0.92942182	0.05906450231515691	0.0228791	0.00022
-0.0879	-0.0725	0.1312	0.002686061718819273	-0.0016179202165987434	0.00042760566673861073	1.14383841	32.85314178	0.93202567	0.12963509959906047	0.0264902	0.0003
-0.0859	-0.0583	0.1634	0.0024452062820440558	-0.0017837264955382047	0.00042411500823462205	1.04161417	29.9170723	0.89038886	0.06890761871093336	0.0222882	0.00015
-0.0832	-0.0767	0.1684	0.0028152160834668534	-0.001933824811209717	0.000466002910282486	1.10545158	31.75060081	0.88630458	0.05419980095710871	0.0215381	0.00027
-0.0808	-0.0758	0.1864	0.0027104963283471934	-0.00214850030920502	0.0005131268000863328	1.17631125	33.78582001	0.91868317	0.039625957145940506	0.0213948	0.00019
-0.0771	-0.0937	0.1897	0.0027838001569309555	-0.002131047016685076	0.000705113017805709	1.16887653	33.57228088	0.93471377	0.0390371669411541	0.0200431	0.00027
-0.0811	-0.0205	0.2283	0.0022165681500327986	-0.001710422666954443	0.000593411945678072	1.11575055	32.04640579	0.93927155	0.17077787143782136	0.021798	0.00025
-0.0851	-0.0543	0.1841	0.0023073252711365037	-0.001647590813882647	0.0004991641660703782	1.17052591	33.61965561	0.91172975	0.0943918376891597	0.0220827	0.00022
-0.0903	-0.1402	0.1655	0.002645919146023404	-0.0017889624832941875	0.00040317105721069014	1.13089108	32.48126984	0.92543687	0.13849793265790644	0.0215282	0.0004
-0.0895	-0.1547	0.1906	0.0027523842303950577	-0.0020315632493213996	0.0005550147021341969	1.14394403	32.85617447	0.9046774	0.06544547476611864	0.0190797	0.00026
-0.0783	-0.0568	0.1934	0.0027314402793711255	-0.0020350539078253884	0.0005427973973702365	1.11625469	32.06088638	0.92973609	0.11373259571459408	0.0213209	0.00026
-0.0818	-0.1206	0.2172	0.002518510110627818	-0.0022130774915288098	0.0004904375198104066	1.04896438	30.12818336	0.92278105	0.11326568150032797	0.0185093	0.00033
-0.0849	-0.0316	0.2213	0.0023963370629882146	-0.0018901915799098587	0.00041189770347066176	1.10873032	31.84477234	0.92048099	0.12237993877991496	0.020724	0.00022
-0.0878	-0.0272	0.1865	0.002363175807200322	-0.001843067690106012	0.0003647738136668148	1.12593603	32.33895111	0.92166234	0.0484704517697793	0.0227631	0.0003
-0.085	-0.1701	0.1568	0.002846632010002751	-0.001778490507782222	0.00048345620280242926	1.15505731	33.17536926	0.98742088	0.20873578871309167	0.0208687	0.0003
-0.0802	-0.1383	0.1879	0.0030979594222899347	-0.0020245819323134223	0.0006283185307179585	1.12778008	32.39191818	0.91586947	0.09981405823669567	0.0186375	0.00021
-0.0773	-0.0861	0.2158	0.0029443704481144336	-0.0021223203704251047	0.0005201081170943102	1.02566135	29.45887947	0.89275833	0.10097689129554156	0.0180786	7e-05
-0.0757	-0.0821	0.2079	0.002975786374650332	-0.0022078415037728267	0.00047647488579445195	1.05536175	30.3119278	0.87211245	0.021528514559173897	0.0189453	0.00021
-0.0826	-0.1636	0.2185	0.0029880036794142917	-0.0022183134792847924	0.0003944444109507184	1.15319538	33.12189102	0.94781437	0.10423598775598295	0.0174044	0.00027
-0.0828	-0.0067	0.2097	0.002694788365079245	-0.0018133970928221085	0.0004974188368183839	1.22773635	35.26284409	0.99790209	0.20595530633326972	0.0208087	0.00036
-0.0837	-0.042	0.1902	0.00272096830385916	-0.0018238690683340744	0.00040317105721069014	1.09423494	31.42844009	0.8931304	0.06224498469497872	0.0203496	0.00015
-0.0848	-0.1695	0.1517	0.003312634920285238	-0.0018099064343181197	0.00041713369122664475	1.11312079	31.97087669	0.9414744	0.19807959422289936	0.0200895	0.00019
-0.0845	-0.086	0.1671	0.0034662238944607386	-0.002036799237077382	0.000439822971502571	1.10017288	31.59898758	0.92094354	0.11935855286053448	0.0211578	0.00021
-0.083	-0.0886	0.1791	0.003467969223712733	-0.002038544566329377	0.0005218534463463045	1.10179627	31.64561272	0.90936008	0.020376056667386132	0.0200557	0.00027
-0.0811	-0.0808	0.1794	0.00352731041828054	-0.0020245819323134223	0.0005201081170943102	1.0900898	31.30938339	0.90576573	0.0137524578917878	0.0203227	0.0003
-0.0903	-0.0684	0.211	0.0032218777991815323	-0.00200363798128949	0.000317649923862968	1.09236252	31.37465858	0.90007507	0.0796417381677141	0.0188745	0.00027
-0.0914	-0.0354	0.2171	0.002782054827678961	-0.0018570303241219666	0.00027576202181510406	1.15854275	33.27547836	0.89277361	0.07161592653589792	0.0206661	0.00025
-0.0916	-0.0233	0.1912	0.002782054827678961	-0.0018605209826259553	8.028514559173915e-05	1.15365028	33.13495636	0.92458682	0.04814837673636765	0.022482	0.00019
-0.0984	-0.1506	0.1631	0.0032166418114255493	-0.0018605209826259553	9.773843811168246e-05	1.14733636	32.95360947	0.96760394	0.1848020138133266	0.0206085	0.00018
-0.0947	-0.1563	0.1723	0.0036721727461960694	-0.002310815929640492	0.00016231562043547262	1.11433101	32.00563431	0.90808314	0.06712015320544235	0.0201015	0.00034
-0.0911	-0.1015	0.2009	0.0034330626386728466	-0.002368411794956305	0.00019896753472735358	1.02944863	29.56765556	0.90333001	0.1036678943565458	0.0189627	0.00016
-0.0895	-0.0597	0.1948	0.0033248522250491977	-0.0025202554398798117	0.00015707963267948963	1.08941603	31.29003143	0.89156471	0.06459709802975099	0.0213602	0.00018
-0.0917	-0.0809	0.2329	0.0028187067419708422	-0.0022043508452688383	0.00015707963267948963	1.15871835	33.28052139	0.93691637	0.10260250388446644	0.0180476	0.00018
-0.0889	-0.0227	0.2016	0.0026930430358272505	-0.0018779742751458986	0.00027750735106709843	1.12113523	32.20106506	0.93487852	0.120923399732707	0.0209411	0.00019
-0.0924	-0.0493	0.1656	0.0032969269570172887	-0.002005383310541485	0.0002007128639793479	1.10179138	31.64547348	0.91062936	0.10650437218366872	0.0221093	0.00026
-0.0874	-0.1866	0.1588	0.003570943649580398	-0.0022427480888127134	0.0002129301687433082	1.09088302	31.33216476	0.94375191	0.17527993877991488	0.0192024	0.00022
-0.0847	-0.1439	0.1759	0.003576179637336381	-0.002466150233067988	0.00024260076602721178	1.08185828	31.07295799	0.90422512	0.07541543646475805	0.019024	0.00023
-0.0829	-0.1056	0.1873	0.0034714598822167216	-0.002410299697004169	0.00020420352248333657	1.10888767	31.84929085	0.91700263	0.061448376736367646	0.0187436	0.00014
-0.0888	0.0066	0.2131	0.003227113786937515	-0.002064724505109292	0.00023212879051524583	1.15340722	33.12797546	0.96394335	0.17479232776029963	0.0212422	0.00034
-0.0988	-0.0546	0.2004	0.0031503192998497648	-0.0019826940302655584	3.141592653589793e-05	1.03804791	29.81464386	0.89685309	0.1018768912955416	0.0194571	0.00015
-0.1028	-0.1442	0.1426	0.004134684997974567	-0.0018133970928221085	-8.552113334772214e-05	1.16447151	33.44576263	0.93726757	0.2149299847725936	0.0253193	0.00049
-0.0973	-0.1573	0.1795	0.003953170755767157	-0.0021013764194011725	-7.504915783575618e-05	1.17559743	33.76531982	0.947452	0.079498277214922	0.0204713	0.00033
-0.0988	-0.1154	0.1846	0.004016002608838952	-0.002190388211252884	-5.235987755982989e-05	1.1398735	32.73926163	0.94820643	0.057226646259971606	0.019723	0.00025
-0.099	-0.0737	0.2107	0.0038013271108436495	-0.0021572269554649913	8.726646259971648e-05	1.15461993	33.16280746	0.9245663	0.08737315469713705	0.0205967	0.00034
-0.0941	-0.0408	0.2212	0.003010692959690218	-0.0020472712125893483	0.00021642082724729686	1.07491243	30.87346077	0.92929334	0.09978721293383276	0.0192061	8e-05
-0.1014	-0.11	0.1428	0.003623303527140228	-0.0019530234329816546	2.6179938779914945e-05	1.1992408	34.44440079	0.93276583	0.19975496177625424	0.0215819	0.0004
-0.0997	-0.1636	0.1345	0.0038065630985996326	-0.002384119758224254	-3.316125578789226e-05	1.14925945	33.00884247	0.91615638	0.09728485456349052	0.0218779	0.0003
-0.0978	-0.1466	0.1568	0.0038536869884034796	-0.0022916173078685546	0.00020420352248333657	1.13364542	32.56037903	0.92592771	0.06004955592153872	0.0207074	0.00034
-0.0944	-0.1054	0.1784	0.0038222710618675813	-0.0024225170017681294	0.00014486232791552936	1.12144017	32.20982361	0.91719922	0.07728284075016403	0.0202482	0.00015
-0.0981	-0.0744	0.219	0.0031119220563058892	-0.0022479840765686964	0.00019896753472735358	1.03119624	29.61785126	0.91731129	0.12224935687864746	0.018297	0.00025
-0.1003	-0.0564	0.1855	0.003033382239966145	-0.0021327923459370708	8.901179185171081e-05	1.1545707	33.16139221	0.89583017	0.06888436449235064	0.0211226	0.00034
-0.1042	-0.0941	0.146	0.0034330626386728466	-0.00217293491873294	3.4906585039886588e-06	1.14241028	32.81212234	0.92408958	0.10736720524251464	0.0226788	0.00041
-0.0993	-0.1324	0.1556	0.0036302848441482054	-0.0022602013813326567	0.00018151424220741024	1.1805892	33.90869141	0.92564228	0.07592561258892483	0.0214701	0.00022
-0.0919	-0.1741	0.1996	0.0035395277230445004	-0.0025324727446437724	0.0001832595714594046	1.10731852	31.80422401	0.91003568	0.1113386906833408	0.0176608	0.00019
-0.0874	-0.1315	0.1961	0.003480186528476693	-0.002593559268463574	0.0001884955592153876	1.00779819	28.94581795	0.88647838	0.056883185307179576	0.018137	0.00018
-0.0943	-0.0963	0.1943	0.0036634460999360975	-0.002478367537831948	8.901179185171081e-05	1.11152101	31.92492485	0.89765934	0.06379675347273535	0.0191934	0.0003
-0.0964	0.011	0.1994	0.003373721444105039	-0.0022235494670407763	9.948376736367679e-05	1.13806891	32.68743134	0.96175794	0.1422507351067098	0.0223625	0.0003
-0.0994	-0.0855	0.1631	0.00365646478292812	-0.0020734511513692635	0.0001291543646475804	1.15019381	33.03567886	0.95007189	0.15892561258892487	0.0212612	0.00032
-0.1017	-0.1741	0.1449	0.0039514254265151615	-0.002256710722828668	0.00011519173063162575	1.12432885	32.29278946	0.93924152	0.13370914245312004	0.0198019	0.00027
-0.0934	-0.1422	0.1511	0.003961897402027128	-0.0024678955623199817	0.00018500490071139895	1.02662742	29.48662758	0.89713051	0.06097349925415272	0.0204168	0.00022
-0.0903	-0.1499	0.1581	0.003715805977495928	-0.0026581364507873638	0.0001937315469713706	1.06058156	30.46185112	0.89490109	0.040052947962927694	0.0202222	0.00041
-0.1077	-0.09	0.1919	0.003855432317655474	-0.0025778513051956248	0.00023561944901923448	1.25256801	35.97605515	1.08804704	0.12418996938995744	0.0234295	0.00285
-0.3864	0.3022	0.9789	0.0011414453308042916	-0.003988077340807043	-0.0025499260371637153	3.36241794	96.57482147	3.07289745	1.803387925432277	0.0895334	0.09784
-0.2424	0.2883	0.8675	-0.001265363707695889	-0.0036948620264719957	0.000460766922526503	2.43213582	69.85540771	1.93950196	0.5548358656262723	0.06563	0.04592
-0.0919	-0.139	0.696	-0.0007033676885537148	-0.003307398932529255	0.0032096604944175725	2.24855208	64.58255005	1.93634356	0.9342176342487993	0.0316681	0.0048
-0.0346	0.0597	0.377	-0.0011117747335203881	-0.002535963403147761	0.0029146998508305304	1.62508333	46.67538071	1.39725619	0.6487401608967605	0.0317205	0.00307
-0.0323	0.0589	0.4601	-0.0003874630939427412	-0.002766346864411012	0.0028379053637427798	1.09696472	31.50684166	0.9907466	0.13777447939643245	0.0284708	0.00296
-0.0285	-0.1111	0.4996	0.00048520153205442357	-0.0029373891311064567	0.003118903373313867	1.0647341	30.58112144	0.99484125	0.27953524511318484	0.0219676	0.00158
-0.0195	-0.2381	0.5096	0.0013805554383275148	-0.0028658306317746896	0.003420845333908886	1.02104223	29.32620811	0.95318772	0.20944271830999395	0.0187806	0.00095
-0.0284	-0.1301	0.5201	0.001933824811209717	-0.0031503192998497648	0.0034487706019407953	1.17710042	33.80848694	0.97041269	0.1706841654494593	0.0195412	0.0013
-0.0394	-0.1151	0.5333	0.002790781473938933	-0.003412118687648914	0.003417354675404897	1.11932933	32.14919662	0.9338335	0.09670859885321313	0.0179246	0.00126
-0.0465	-0.1039	0.4534	0.0035377823937925057	-0.003649483465920143	0.003309144261781249	1.11204028	31.93984222	0.94195279	0.15282880558742243	0.0176056	0.001
-0.0505	-0.2772	0.4362	0.003944444109507185	-0.0038152897448596045	0.0030176742766981957	1.22371268	35.14727783	1.02092261	0.23769689898685972	0.0153024	0.00048
-0.0557	-0.2689	0.4704	0.0038571776469074684	-0.003782128489071712	0.003134611336581816	1.14289188	32.82595444	0.9369636	0.059568238913561486	0.0147787	0.00043
-0.0558	-0.3055	0.4881	0.004012511950334963	-0.004195771521794368	0.003199188518905606	1.12029147	32.17683029	0.92241096	0.08607772592369707	0.0156544	0.00053
-0.0643	-0.3406	0.4954	0.003792600464583678	-0.004527384079673291	0.0030665434957540365	1.04431295	29.99458885	0.90389239	0.08510845333908892	0.0149145	0.0003
-0.0641	-0.2249	0.4965	0.003947934768011174	-0.004380776422505768	0.0032061698359135836	1.08848166	31.26319504	0.93681832	0.13907841503772833	0.0142854	0.0004
-0.0608	-0.1608	0.4864	0.0038432150128915135	-0.004117231705454623	0.003193952531149623	1.16013193	33.32112122	0.95135568	0.09652408884673824	0.0166539	0.00058
-0.0308	-0.2583	0.4225	0.004129449010218584	-0.0038571776469074684	0.003443534614184812	1.12838387	32.4092598	0.98268927	0.23119350694547072	0.0142995	0.00034
-0.0176	-0.3902	0.4291	0.0045308747381772796	-0.0038135444156076103	0.0037262779530078936	1.20533955	34.61956787	1.00092656	0.18809011490408173	0.0153089	0.00062
-0.0291	-0.3148	0.475	0.004436626958569585	-0.00419228086329038	0.003532546406036523	1.14915514	33.00584793	0.94508372	0.1661357887130917	0.0136424	0.0003
-0.0269	-0.3147	0.4696	0.004431390970813603	-0.00411199571769864	0.0035290557475325343	1.06498718	30.58839035	0.88069072	0.012150589592585527	0.0134073	0.00023
-0.0307	-0.2662	0.4775	0.00404741853537485	-0.004045673206122856	0.003438298626428829	1.15744209	33.24386597	0.92528959	0.08725260340591201	0.0151516	0.00038
-0.0324	-0.1714	0.4771	0.00376118453804778	-0.003717551306747922	0.0035150931135165793	1.25915563	36.16526413	0.97546211	0.13145751918948767	0.0153117	0.00056
-0.0272	-0.2098	0.4385	0.004068362486398782	-0.0037402405870238476	0.0037297686115118824	1.14439309	32.86907196	0.9370352	0.10942713633111154	0.0135543	0.00037
-0.0046	-0.352	0.4269	0.0046251225177849735	-0.0039339721339952186	0.003984586682303054	1.12801266	32.39859772	0.95925302	0.22666548245743673	0.0139636	0.00047
-0.0085	-0.3179	0.4499	0.004832816698772298	-0.004080579791162742	0.0039706240482871	1.11479771	32.01903915	0.90844174	0.07941322360854011	0.0149236	0.00049
-0.016	-0.2944	0.4575	0.004864232625308196	-0.0040282199136029125	0.0039287361462392355	1.10743141	31.80746651	0.91868967	0.04488318530717962	0.0145702	0.00047
-0.0203	-0.2929	0.4613	0.004954989746411901	-0.0041608649367544815	0.003906046865963309	1.15383637	33.14030075	0.92158925	0.021904571226559973	0.0141222	0.00049
-0.0266	-0.276	0.477	0.004932300466135976	-0.004176572900022431	0.003745476574779831	1.048316	30.10956383	0.89555944	0.04884837673636758	0.0134825	0.00047
-0.0392	-0.2401	0.5036	0.005152211951887261	-0.004141666314982544	0.003480186528476693	1.16716671	33.52317429	0.90931136	0.10110540585471556	0.0145137	0.00034
-0.0486	-0.2848	0.4683	0.005426228644450371	-0.0043703044469938016	0.0031468286413457764	1.1729244	33.68854523	0.93548647	0.13120063558526424	0.0147579	0.00034
-0.0373	-0.3935	0.4276	0.0059079395180008055	-0.004290019301402062	0.0034766958699727043	1.19037497	34.1897583	0.97863434	0.20529316238845516	0.0162994	0.00051
-0.0306	-0.4133	0.455	0.005766567848589266	-0.004616395871525002	0.0036669367584400863	1.15878534	33.282444	0.94372271	0.0867994564000931	0.015847	0.00056
-0.0337	-0.3556	0.4685	0.0057142079710294355	-0.004673991736840814	0.003639011490408177	1.01137888	29.04866028	0.8957395	0.08119405054537758	0.0146506	0.00048
-0.0352	-0.3164	0.4532	0.005632177496185701	-0.004766494187196514	0.0036215581978882336	1.11636806	32.06414413	0.89542995	0.06559931088596893	0.0140802	0.00038
-0.0384	-0.2519	0.4861	0.005218534463463045	-0.0043266712156939426	0.0036285395148962112	1.13719559	32.66234589	0.93646078	0.14362236606166023	0.0144522	0.00034
-0.0419	-0.258	0.4502	0.005216789134211051	-0.004036946559862884	0.0035744343080843866	1.15699041	33.23089218	0.93433196	0.06277875959474388	0.0139961	0.00033
-0.0388	-0.3381	0.4218	0.005616469532917752	-0.004234168765338243	0.0035482543693044722	1.10409665	31.71168518	0.93683273	0.1427541271480987	0.013121	0.00021
-0.0312	-0.3678	0.4338	0.0058869955669768725	-0.004394739056521722	0.003502875808752619	1.11512172	32.02834702	0.89946179	0.07312374428972263	0.0152185	0.00058
-0.0297	-0.3383	0.4512	0.005768313177841259	-0.004501204140893376	0.003572688978832392	1.19421315	34.29999542	0.91887197	0.06314803217935203	0.0147982	0.00038
-0.029	-0.326	0.467	0.005811946409141117	-0.0042935099599060505	0.003530801076784529	1.15027308	33.03795624	0.9251515	0.043460765716752336	0.0143005	0.00038
-0.0388	-0.3092	0.4898	0.0051277773423593406	-0.004202752838802345	0.0033824480903650108	1.0645144	30.57481003	0.90707059	0.09556395871525004	0.0124308	0.00025
-0.0375	-0.2442	0.4139	0.005420992656694387	-0.0041835542170304075	0.0032166418114255493	1.20093989	34.49320221	0.93623978	0.16611101075232226	0.0131271	0.00037
-0.03	-0.3869	0.4031	0.005797983775125162	-0.004337143191205909	0.003307398932529255	1.2077409	34.6885376	0.9815006	0.1920668606854991	0.0143768	0.0004
-0.0328	-0.3815	0.4215	0.006269222673163632	-0.004480260189869444	0.0033545228223331013	1.13928497	32.7223587	0.94222694	0.05967398932529261	0.0152701	0.00071
-0.0342	-0.3416	0.4478	0.006187192198319898	-0.004644321139556911	0.0032515483964654355	1.07986188	31.01561928	0.94483807	0.08505329251994334	0.0143175	0.00033
-0.0317	-0.3055	0.4332	0.006281439977927592	-0.004632103834792951	0.0033231068957972035	1.08565092	31.18188858	0.90024293	0.062101179185171114	0.0155247	0.00041
-0.04	-0.3543	0.4668	0.005906194188748811	-0.0046041785667610404	0.0032480577379614467	1.12782848	32.39330673	0.93477312	0.11461101075232244	0.0149446	0.00047
-0.0498	-0.2475	0.4494	0.005616469532917752	-0.004310963252425994	0.003178244567881674	1.1528095	33.11080933	0.95885585	0.16663765701229383	0.0137249	0.0003
-0.0439	-0.3298	0.4078	0.005810201079889122	-0.0043266712156939426	0.003337069529813158	1.13220036	32.51887512	0.93257493	0.1482132236085401	0.013212	0.00032
-0.0339	-0.378	0.4209	0.005848598323432999	-0.004550073359949217	0.0033999013828849537	1.01146472	29.05112648	0.88877726	0.08753156204354735	0.0144369	0.00047
-0.0317	-0.3694	0.4314	0.005914920835008782	-0.0045588000062091886	0.003417354675404897	1.07986784	31.01578903	0.91271016	0.025925122517784904	0.0149512	0.00058
-0.0298	-0.3761	0.4358	0.005972516700324595	-0.004476769531365455	0.00352731041828054	1.11830604	32.11980438	0.922608	0.025479104151759444	0.0144989	0.00034
-0.024	-0.3047	0.4334	0.005956808737056647	-0.004726351614400644	0.003525565089028546	1.13574612	32.62071609	0.91258007	0.09295176877775654	0.0137879	0.00056
-0.0273	-0.2946	0.4424	0.0058695422744569304	-0.004696681017116741	0.0034609879067047556	1.05755222	30.3748436	0.87392882	0.03147571211037057	0.0129367	0.00023
-0.0312	-0.3053	0.4527	0.005503023131538122	-0.004509930787153347	0.0033702307856010505	1.17244196	33.67468643	0.90659076	0.05710132469929537	0.013965	0.00055
-0.0358	-0.2859	0.4265	0.005489060497522166	-0.004136430327226561	0.0034068826998929313	1.2333461	35.42396545	0.93574457	0.07140575041173117	0.0136976	0.00044
-0.0288	-0.3647	0.3935	0.005982988675836561	-0.004279547325890096	0.003570943649580398	1.15689445	33.22813416	0.94385568	0.15885530633326983	0.0136545	0.00038
-0.0235	-0.3951	0.4275	0.006241297405131722	-0.004616395871525002	0.003602359576116296	1.05997741	30.44449806	0.90603955	0.10102866007329822	0.0150384	0.00059
-0.028	-0.3709	0.4406	0.006143558967020039	-0.004705407663376713	0.003565707661824415	1.04914331	30.13332367	0.9052867	0.05297010721276375	0.0147781	0.00047
-0.0374	-0.3509	0.4853	0.005750859885321316	-0.004403465702781694	0.0035116024550125905	1.1029681	31.67926979	0.93763319	0.1115373124552784	0.0146245	0.00036
-0.0432	-0.2899	0.4941	0.005965535383316617	-0.004323180557189954	0.0035360370645405115	1.11334109	31.97720146	0.93231556	0.09156976265574807	0.0144216	0.00044
-0.0436	-0.3706	0.4496	0.006291911953439557	-0.004359832471481835	0.0035203291012725624	1.076437	30.91724777	0.93526818	0.14453682238413845	0.0133746	0.00027
-0.0326	-0.4238	0.424	0.0064280476350951155	-0.004544837372193235	0.003792600464583678	1.07252729	30.80495453	0.90497041	0.11947059728390376	0.0160891	0.00074
-0.0284	-0.408	0.4448	0.006124360345248102	-0.004637339822548933	0.0036721727461960694	1.1157285	32.04577255	0.91377533	0.06663087292951603	0.0174611	0.00049
-0.0387	-0.3459	0.4904	0.005843362335677014	-0.004302236606166022	0.0035622170033204267	1.16475177	33.45381165	0.95330847	0.15430284844148212	0.0146648	0.00036
-0.0445	-0.2785	0.4994	0.005503023131538122	-0.004408701690537677	0.003450515931192789	1.13175893	32.50619507	0.91785775	0.1101252680319092	0.013442	0.00029
-0.0361	-0.348	0.4639	0.00598647933434055	-0.004389503068765739	0.0035622170033204267	1.17335033	33.70077896	0.90263002	0.14411779483510015	0.0139805	0.0006
-0.0348	-0.4179	0.4675	0.0062186081248557954	-0.004427900312309613	0.003522074430524557	1.15330505	33.12504196	0.92284182	0.09033343034274952	0.0163264	0.00041
-0.0321	-0.4019	0.4452	0.0064332836228510985	-0.004351105825221863	0.003679154063204046	1.21379113	34.86231232	0.93446857	0.06342748088812718	0.0154495	0.00053
-0.0306	-0.3595	0.4799	0.006344271830999388	-0.004499458811641381	0.0037768925013157294	1.08608699	31.19441414	0.90856096	0.09535516081914562	0.01435	0.00044
-0.0337	-0.3378	0.4953	0.006239552075879728	-0.0041277036809665895	0.0035796702958403696	1.17372608	33.71157074	0.90883017	0.0738848545634906	0.0149549	0.0006
-0.038	-0.3283	0.4573	0.006148794954776023	-0.004075343803406759	0.003501130479500625	1.1527108	33.10797119	0.94110808	0.06288284075016404	0.0145105	0.00023
-0.0363	-0.4295	0.4408	0.006709045644666203	-0.004141666314982544	0.0036250488563922224	1.16034186	33.32715225	0.95323775	0.1569245789178781	0.0158529	0.00058
-0.0374	-0.4014	0.4796	0.006714281632422186	-0.004330161874197931	0.00376118453804778	1.08208072	31.07934761	0.90110029	0.08449336143134638	0.0149249	0.0003
-0.035	-0.3932	0.4807	0.006731734924942128	-0.004309217923174	0.0037681658550557575	1.06989038	30.72921944	0.88288513	0.013968928027592524	0.0163158	0.0004
-0.0341	-0.3274	0.5123	0.006250024051391693	-0.004436626958569585	0.003679154063204046	1.13527834	32.60728073	0.93971002	0.13320658503988653	0.0152471	0.00052
-0.0359	-0.3766	0.4819	0.006124360345248102	-0.00420449816805434	0.003916518841475275	1.0575068	30.37353897	0.92262403	0.11115786374650316	0.0156864	0.0004
-0.0329	-0.3831	0.4572	0.00653451271946677	-0.004340633849709897	0.003937462792499207	1.11083996	31.9053669	0.90313561	0.06256160034490788	0.0161627	0.00071
-0.0424	-0.4319	0.483	0.0064280476350951155	-0.004745550236172582	0.0038117990863556156	1.04355335	29.97276878	0.90150268	0.11595225884889657	0.0162051	0.00051
-0.0371	-0.3831	0.4821	0.006435028952103093	-0.004705407663376713	0.003837979025135531	1.08154607	31.06398964	0.89589771	0.058665191429188114	0.0165483	0.00074
-0.0347	-0.422	0.5313	0.006119124357492119	-0.004616395871525002	0.0038100537571036214	1.17801714	33.83481598	0.93634513	0.11214208272472972	0.0181376	0.00053
-0.0367	-0.3031	0.5148	0.005806710421385134	-0.004420918995301637	0.0036599554414321086	1.18927073	34.15804291	0.96960458	0.17029945640009314	0.0159078	0.00049
-0.0402	-0.2882	0.506	0.005695009349257497	-0.00447851486061745	0.0035203291012725624	1.1186378	32.1293335	0.90711489	0.04264616388014977	0.015873	0.00041
-0.0325	-0.4675	0.5087	0.005949827420048669	-0.0045308747381772796	0.0036686820876920805	1.19018233	34.18422318	0.98616656	0.212476546738526	0.0176712	0.00086
-0.0367	-0.4576	0.5012	0.006147049625524028	-0.004646066468808905	0.003637266161156183	1.13448536	32.58450317	0.91513052	0.038791493132144174	0.01904	0.00089
-0.0362	-0.3625	0.5058	0.0062116268078478195	-0.004365068459237818	0.0037437312455278365	1.21254039	34.82638931	0.95253238	0.12280201381332664	0.0198205	0.00047
-0.032	-0.4188	0.5535	0.0058468529941810045	-0.004523893421169302	0.003771656513559746	1.14907265	33.003479	0.97775925	0.1357762021815104	0.0177644	0.0006
-0.0295	-0.3769	0.5687	0.005059709501531561	-0.004207988826558329	0.0036093408931242737	1.04677868	30.0654068	0.94351912	0.12286818538479442	0.0154207	0.00027
-0.0308	-0.2936	0.4883	0.005831145030913055	-0.004256858045614169	0.003626794185644217	1.24263978	35.6908989	0.94600798	0.20688790204786384	0.0146295	0.00048
-0.0246	-0.3601	0.4802	0.006269222673163632	-0.004340633849709897	0.0037210419652519105	1.20094264	34.4932785	0.94048531	0.11160506129769984	0.018162	0.00059
-0.026	-0.3745	0.5064	0.00610341639422417	-0.004337143191205909	0.0038135444156076103	1.10193872	31.64970589	0.93606242	0.05508996938995747	0.0160724	0.00051
-0.028	-0.352	0.5288	0.006202900161587847	-0.004543092042941239	0.003787364476827695	1.09279764	31.38715744	0.90390128	0.06348062789394626	0.0168595	0.00038
-0.0322	-0.3329	0.6046	0.005654866776461627	-0.004682718383100785	0.0038048177693476384	1.07074094	30.75364685	0.93107089	0.13435565089028542	0.0180838	0.0004
-0.0352	-0.3817	0.6227	0.005843362335677014	-0.004707152992628707	0.0036459928074161546	1.07300842	30.81877327	0.89610027	0.08848775653373962	0.019382	0.0004
-0.0398	-0.4948	0.8063	0.007225663103256523	-0.004928809807631986	0.0036145768808802567	1.293841	37.16149139	1.13278473	0.3830686754559344	0.0334103	0.00158
-0.0475	-0.5925	0.999	0.008422958970124635	-0.005593780252641826	0.00393048147549123	1.29582429	37.21845627	1.11710868	0.40700854532444614	0.0540521	0.00518
-0.0638	-0.6342	1.1026	0.010164797563614976	-0.0059096848472528	0.003944444109507185	1.22160375	35.08670425	1.11376677	0.2651852911058635	0.0701961	0.01267
-0.0731	-0.558	1.207	0.009649925434276646	-0.0067212629494301625	0.0037227872945039047	1.21025145	34.76064682	1.09782088	0.26730535232594854	0.0794626	0.01934
-0.0797	-0.6539	1.2536	0.010339330488814408	-0.007183775201208661	0.0038170350741115982	1.15825498	33.26721191	1.04879944	0.21140825429619764	0.087701	0.02428
-0.0572	-0.6742	1.1915	0.010529571377281789	-0.006052801845916334	0.0037192966359999168	1.26389039	36.30125427	1.05347816	0.17584763409356943	0.082505	0.02135
-0.0799	-0.8176	1.1042	0.009279915632853849	-0.0058468529941810045	0.003649483465920143	1.34249878	38.55903244	1.16508546	0.3296708883121521	0.0761551	0.01223
-0.0815	-0.8282	1.0541	0.008332201849020929	-0.005579817618625871	0.0037227872945039047	1.21834362	34.9930687	1.02722841	0.12670264939859083	0.0705608	0.00866
-0.0738	-0.7619	1.0771	0.007566002307395418	-0.005082398781807488	0.003569198320328404	1.1506635	33.04917145	0.96485673	0.1678603676309697	0.0663589	0.00596
-0.0597	-0.721	1.0261	0.0071191980188848696	-0.004801400772236401	0.003565707661824415	1.04228115	29.93623161	0.91079919	0.1425646478292812	0.0591882	0.00414
-0.0521	-0.6605	0.9609	0.007141887299160796	-0.004508185457901353	0.0034400439556808234	1.13960803	32.73163605	0.9570455	0.15537841503772837	0.0517542	0.00245
-0.0578	-0.7109	0.9344	0.006503096792930871	-0.004305727264670011	0.003602359576116296	1.16355777	33.41951752	0.98118169	0.13277821599483694	0.0524412	0.0026
-0.0586	-0.6189	0.9233	0.0065275314024587925	-0.004471533543609472	0.0034487706019407953	1.16463125	33.45035172	0.95312038	0.12109149313214412	0.0469473	0.00174
-0.0664	-0.634	0.944	0.006473426195646968	-0.004405211032033687	0.003225368457685521	1.01920652	29.27348328	0.90084192	0.060791493132144096	0.0486426	0.00211
-0.0624	-0.5792	0.9051	0.0065659286460026675	-0.0044645522266014955	0.003239331091701475	1.11754465	32.09793472	0.91479204	0.10599031394697296	0.0455215	0.0024
-0.0634	-0.6028	0.8887	0.006660176425610361	-0.004401720373529699	0.0029914943379182805	1.16282892	33.39858246	0.95684897	0.06124581932313414	0.0461577	0.00344
-0.0812	-0.6834	0.9054	0.004576253298729132	-0.0035377823937925057	0.0019181168479417679	1.47988892	42.50513077	1.18586853	0.3161619298297466	0.0592238	0.01036
-0.0751	-0.5929	0.879	0.004995132319207771	-0.0045588000062091886	0.00243473430653209	1.3526144	38.84957123	1.11565523	0.22082570457428216	0.0468742	0.004
-0.0741	-0.6496	0.8964	0.004824090052512327	-0.004717624968140673	0.0026197392072434887	0.9908033	28.45769119	0.94887769	0.10084360646691629	0.0483425	0.00461
-0.0627	-0.5922	0.8775	0.004944517770899936	-0.004611159883769018	0.0027925268031909274	1.15607357	33.20455933	0.95108299	0.10768401993533513	0.0451608	0.00452
-0.0643	-0.5621	0.8824	0.00482932604026831	-0.004616395871525002	0.002717477645355171	1.0836947	31.1257019	0.92508953	0.046373843811168235	0.0438079	0.00462
-0.0602	-0.5526	0.8836	0.0046809730538487915	-0.004614650542273007	0.0027384215963791032	1.26834524	36.42920685	0.9310945	0.0233521133347724	0.044437	0.00598
-0.068	-0.591	0.9291	0.004845034003536259	-0.0046198865300289904	0.0026249751949994717	1.26077461	36.21176529	0.98216886	0.10583716694115405	0.0495374	0.00681
-0.0809	-0.5321	0.9205	0.004885176576332128	-0.004401720373529699	0.0023509585024363614	1.22130108	35.07801056	0.97813019	0.10701627109291352	0.0465493	0.00648
-0.0827	-0.6046	0.8779	0.005241223743738971	-0.0045204027626653135	0.00238237442897226	1.14567471	32.90588379	0.96191858	0.14220727415391785	0.0464891	0.00565
-0.0875	-0.6917	0.9014	0.0052220251219670345	-0.004667010419832838	0.002410299697004169	1.07164812	30.77970314	0.93468146	0.12508657734856843	0.0510095	0.00643
-0.0887	-0.5583	0.8904	0.00518013721991917	-0.004775220833456485	0.0022060961745208325	1.07827413	30.97001457	0.97139108	0.1633150919077424	0.0434001	0.00458
-0.0985	-0.6058	0.8714	0.004960225734167885	-0.005002113636215748	0.002054252529597326	1.11098361	31.90949249	0.95293802	0.10623239667170274	0.0439911	0.00341
-0.0939	-0.5449	0.8701	0.004845034003536259	-0.0047193702973926666	0.0021921335405048776	1.09185374	31.36004448	0.95365722	0.0935908040181129	0.0418646	0.0027
-0.0918	-0.5676	0.8471	0.005019566928735692	-0.0047577675409365425	0.0022602013813326567	1.12711847	32.37291336	0.94233706	0.061849900478554376	0.0402552	0.00195
-0.0899	-0.5445	0.8508	0.004705407663376713	-0.004858996637552213	0.002171189589480946	1.0756284	30.8940239	0.92461205	0.053920007691318106	0.0376874	0.0013
-0.0854	-0.5485	0.8331	0.004651302456564888	-0.004888667234836118	0.002253220064324679	1.06522167	30.5951252	0.90625622	0.03449031394697318	0.0359675	0.00088
-0.0926	-0.5338	0.8439	0.004763003528692525	-0.004845034003536259	0.0021153390534171274	1.09880435	31.55968094	0.92257184	0.04736076571675234	0.0359499	0.00081
-0.1056	-0.4878	0.8506	0.004403465702781694	-0.004700171675620729	0.001954768762233649	1.11707747	32.08451843	0.9398236	0.09894852225049203	0.0344967	0.00071
-0.0986	-0.5464	0.7882	0.004872959271568168	-0.004886921905584123	0.0019896753472735357	1.12745488	32.38257599	0.94845445	0.16255751918948774	0.0318069	0.00051
-0.0951	-0.6292	0.8201	0.004696681017116741	-0.005042256209011618	0.002118829711921116	1.10495424	31.73631668	0.93040985	0.14123834612632513	0.0366445	0.00048
-0.0936	-0.6347	0.8069	0.00466002910282486	-0.00488168591782814	0.0022060961745208325	0.99887341	28.68947983	0.88999344	0.03442443340375392	0.0361406	0.00052
-0.0936	-0.6112	0.7962	0.004616395871525002	-0.004815363406252355	0.0021258110289290935	1.07020366	30.73821449	0.91214511	0.04371204442336912	0.0348883	0.00067
-0.0991	-0.5379	0.8077	0.004590215932745087	-0.004715879638888678	0.0020176006153054447	1.09476805	31.44375038	0.94699289	0.10199370598836192	0.033118	0.00043
-0.1099	-0.4784	0.8348	0.0045971972497530645	-0.0048467793327882525	0.0017243853009703976	1.12318063	32.2598114	0.95079557	0.11895481626213004	0.0330336	0.00047
-0.1166	-0.4699	0.8724	0.0047193702973926666	-0.004794419455228423	0.001572541656046891	1.05608118	30.33259392	0.90899601	0.06911882850614688	0.0347847	0.00048
-0.1118	-0.6211	0.814	0.005365142120630569	-0.0044977134823893875	0.0015323990832510211	1.10949671	31.86678505	0.98147647	0.2635310184436404	0.0366217	0.00064
-0.1094	-0.6093	0.8049	0.004991641660703782	-0.0044977134823893875	0.0015062191444711063	1.09601307	31.47950935	0.91513515	0.04328401993533509	0.0359662	0.00055
-0.1049	-0.6166	0.8021	0.004965461721923867	-0.00451516677490933	0.0017889624832941875	1.1141293	31.99984169	0.928467	0.030918828506146967	0.0361274	0.0006
-0.0986	-0.5522	0.7906	0.005061454830783556	-0.004584979944989103	0.002001892652037496	1.13377523	32.5641098	0.93443022	0.10113682238413856	0.0327711	0.00052
-0.0975	-0.5758	0.7846	0.004874704600820162	-0.004499458811641381	0.0019163715186897737	1.03784442	29.80879784	0.8868867	0.0485896248329418	0.0327016	0.00048
-0.0983	-0.483	0.7934	0.004546582701445229	-0.004609414554517024	0.0017523105690023068	1.17773294	33.82665634	0.94621059	0.1325069295969022	0.0306015	0.00052
-0.0996	-0.5209	0.7609	0.004377285764001779	-0.004351105825221863	0.0017139133254584315	1.15424538	33.15205002	0.94128721	0.09500014551412432	0.0298821	0.00038
-0.0859	-0.6067	0.7544	0.0046530477858168825	-0.0044593162388455124	0.0019024088846738192	1.14434481	32.86768723	0.95291264	0.13462339973270704	0.0324118	0.00045
-0.0847	-0.6202	0.7838	0.004403465702781694	-0.004534365396681268	0.001980948701013564	1.0583955	30.39906311	0.91400059	0.06425855286053453	0.035085	0.00037
-0.0863	-0.4646	0.7641	0.004045673206122856	-0.004501204140893376	0.0017208946424664088	1.24205244	35.6740303	0.98574329	0.20945039054969425	0.0270771	0.00041
-0.0903	-0.6048	0.7673	0.0042655846918741415	-0.004529129408925285	0.0018325957145940458	1.20990241	34.7506218	0.98028116	0.16537689129554153	0.0327199	0.00053
-0.0972	-0.4947	0.8053	0.004323180557189954	-0.004499458811641381	0.0017523105690023068	1.16493225	33.45899582	0.9661302	0.1633775804095728	0.0310683	0.0003
-0.1042	-0.4436	0.8012	0.004187044875534397	-0.0044977134823893875	0.0014695672301792255	1.04229629	29.93666649	0.91026533	0.0832312174865316	0.0285778	0.00022
-0.104	-0.5337	0.7412	0.005126032013107346	-0.004577998627981126	0.0014433872913993105	1.13518476	32.60459137	0.9271034	0.20257261109723013	0.0276902	0.00043
-0.0982	-0.6053	0.7574	0.004963716392671873	-0.004768239516448508	0.0016632987771505957	1.15921926	33.29490662	0.92611947	0.12222339973270696	0.0319128	0.00036
-0.0925	-0.5943	0.7418	0.004888667234836118	-0.004557054676957195	0.0017366026057343581	1.15773582	33.25230026	0.93000437	0.05027689129554139	0.032184	0.00048
-0.0966	-0.5361	0.7802	0.004098033083682686	-0.004663519761328848	0.001710422666954443	1.12895679	32.42571259	0.92107898	0.14686395871525	0.0301041	0.00026
-0.0983	-0.5137	0.8032	0.004209734155810323	-0.004550073359949217	0.0016790067404185449	1.12182605	32.2209053	0.89935806	0.059928170002158256	0.0308714	0.0004
-0.1066	-0.5054	0.8259	0.0038816122564353885	-0.004536110725933263	0.0016039575825827887	1.14354265	32.84464645	0.9337342	0.06015668456133227	0.033119	0.00041
-0.1098	-0.46	0.7756	0.004389503068765739	-0.004365068459237818	0.0014940018397071458	1.1386553	32.70427322	0.95158644	0.13834444109507188	0.0283931	0.00044
-0.1054	-0.5794	0.7769	0.004698426346368735	-0.0044628068973495	0.0015341444125030156	1.17618358	33.78215408	0.96536456	0.14744021442552752	0.0304142	0.00022
-0.1017	-0.6392	0.7871	0.004932300466135976	-0.004476769531365455	0.0017348572764823637	1.03366506	29.68875885	0.90486828	0.09612748088812717	0.0349225	0.00047
-0.0988	-0.5548	0.7851	0.0051120693790913906	-0.004532620067429273	0.0016859880574265225	1.10206711	31.6533947	0.94774134	0.10352443340375372	0.0315971	0.00027
-0.1066	-0.5261	0.8013	0.0049846603436958055	-0.00451865743341332	0.0016283921921107093	1.14832699	32.98206329	0.93167165	0.06264837673636754	0.0318617	0.00038
-0.1179	-0.475	0.8309	0.0042882739721500675	-0.004825835381764321	0.0013055062804917586	1.14840817	32.98439407	0.9347668	0.15832251157578453	0.031186	0.00032
-0.1145	-0.5504	0.7723	0.004621631859280984	-0.004756022211684548	0.001324704902263696	1.07255602	30.80578041	0.90261951	0.1585184839491314	0.0304154	0.00036
-0.1092	-0.5487	0.7681	0.005105088062083414	-0.004700171675620729	0.0013002702927357754	1.06556678	30.60503769	0.90880042	0.03938706741970847	0.0301124	0.00034
-0.1064	-0.5714	0.7804	0.004679227724596798	-0.004771730174952496	0.0014137166941154068	1.10145342	31.63576698	0.91139296	0.06834326190990078	0.0321246	0.00051
-0.1016	-0.5844	0.782	0.004686209041604775	-0.00467224640758882	0.0014905111812031574	1.10974813	31.87400436	0.92349568	0.02856297857297028	0.0332368	0.00058
-0.1056	-0.5736	0.8097	0.0043266712156939426	-0.004783947479716458	0.0013857914260834976	1.05878484	30.4102459	0.92305037	0.0712979326579065	0.033231	0.00041
-0.1045	-0.4589	0.8128	0.0040055306333269865	-0.004810127418496373	0.001085594794740473	1.2306689	35.3470726	0.96597413	0.1512758576244948	0.0321591	0.00064
-0.1082	-0.4985	0.7629	0.004234168765338243	-0.0046809730538487915	0.0010384709049366262	1.14115906	32.77618408	0.94818955	0.11344581932313424	0.0280381	0.00023
-0.0948	-0.5996	0.7456	0.004836307357276287	-0.00482932604026831	0.001218239817892042	1.13683879	32.65209961	0.95332087	0.17831302456564893	0.0306268	0.00044
-0.103	-0.5195	0.7916	0.0046041785667610404	-0.004632103834792951	0.0013072516097437528	1.10938311	31.86352348	0.93066796	0.1602181393921158	0.0288348	0.00026
-0.1009	-0.5522	0.7792	0.00441393767829366	-0.0043877577395137445	0.0014172073526193955	1.00412905	28.84043312	0.87707071	0.07442713633111152	0.0297775	0.0003
-0.1094	-0.4742	0.8133	0.004207988826558329	-0.0043929937272697275	0.0012775810124598492	1.07837021	30.97277451	0.94492192	0.138140558982543	0.030363	0.00032
-0.1193	-0.4461	0.8161	0.003947934768011174	-0.004330161874197931	0.0011257373675363424	1.07613659	30.90862083	0.94237488	0.06453647782712296	0.0300809	0.00062
-0.1175	-0.5228	0.7533	0.004598942579005058	-0.004485496177625427	0.0011082840750163993	1.07362676	30.8365345	0.93858848	0.18248977034706632	0.0285205	0.00034
-0.1115	-0.6299	0.7731	0.00481710873550435	-0.004553564018453206	0.0012618730491919003	1.08717215	31.22558212	0.93147688	0.1548911485751286	0.0333123	0.00062
-0.1093	-0.5964	0.7685	0.005054473513775579	-0.0044593162388455124	0.0012531464029319286	1.02544272	29.45260048	0.89614311	0.05731696020694476	0.0327094	0.00051
-0.115	-0.4904	0.7935	0.0046251225177849735	-0.004717624968140673	0.0010629055144645468	1.13616538	32.63275909	0.95258025	0.18059503068765745	0.0301346	0.00036
-0.1284	-0.4928	0.7891	0.004372049776245795	-0.004522148091917307	0.0007417649320975902	1.13592231	32.6257782	0.9287493	0.05868451000647497	0.0304538	0.00038
-0.1231	-0.5194	0.7651	0.004174827570770436	-0.004640830481052923	0.0006597344572538566	1.13676274	32.64991379	0.91083259	0.07579675347273537	0.0285396	0.00029
-0.1136	-0.5917	0.7418	0.004885176576332128	-0.004455825580341524	0.0008761552845011534	1.10007191	31.5960865	0.91268338	0.16068873667601935	0.0297671	0.00048
-0.108	-0.5661	0.7553	0.004886921905584123	-0.004600687908257053	0.001048942880448592	1.13930714	32.72299576	0.91120716	0.06066976265574807	0.030548	0.00041
-0.1087	-0.5866	0.7682	0.004942772441647941	-0.004649557127312894	0.0012793263417118436	1.18435621	34.01688766	0.91958961	0.050855160819145526	0.032217	0.00034
-0.1171	-0.5683	0.8142	0.004494222823885398	-0.0045308747381772796	0.0009930923443847736	1.14173687	32.79278183	0.92720372	0.11537330021126138	0.0339732	0.00034
-0.1161	-0.486	0.8261	0.003785619147575701	-0.004352851154473858	0.0007696902001294993	1.09742785	31.52014542	0.91346031	0.1507014702134196	0.0326349	0.00038
-0.1211	-0.4738	0.7732	0.004066617157146788	-0.004270820679630125	0.0007470009198535729	1.12130129	32.20583344	0.92767467	0.08938588823453725	0.0281817	0.00051
-0.1195	-0.602	0.7615	0.004433136300065597	-0.004225442119078272	0.0009372418083209549	1.20114303	34.49903488	0.98415805	0.1716069295969022	0.0321629	0.00037
-0.1152	-0.5454	0.779	0.004815363406252355	-0.004359832471481835	0.0010873401239924673	1.13419688	32.57621765	0.93244758	0.11173578871309171	0.0305748	0.00048
-0.1184	-0.5238	0.7988	0.0045483280306972225	-0.004525638750421296	0.001158898623324235	1.01808727	29.24133682	0.90039987	0.06982000769131795	0.0308576	0.00036
-0.1174	-0.5074	0.7891	0.004543092042941239	-0.004469788214357478	0.0011711159280881952	1.03916693	29.84678459	0.88541605	0.03076519142918808	0.0312577	0.00021
-0.1163	-0.5083	0.7915	0.0045588000062091886	-0.0045640359939651725	0.0012479104151759456	1.09914231	31.56938744	0.91387827	0.013737511498169689	0.0312453	0.00037
-0.1226	-0.4658	0.8205	0.00428129265514209	-0.0044436082755775624	0.0012374384396639797	1.14017284	32.74785995	0.93403533	0.09822035224833375	0.032098	0.00029
-0.1272	-0.4731	0.8212	0.003944444109507185	-0.004576253298729132	0.001064650843716541	1.13798583	32.68504333	0.90857057	0.04471405823669576	0.0308136	0.00027
-0.1264	-0.5753	0.7577	0.004588470603493092	-0.004600687908257053	0.001090830782496456	1.10339522	31.69153976	0.93025376	0.2012320521146872	0.0304341	0.0004
-0.1245	-0.5499	0.7757	0.004665265090580842	-0.0046914450293607576	0.0012356931104119853	1.1063447	31.77625465	0.92005639	0.0609206968053491	0.031463	0.00047
-0.1254	-0.5077	0.7769	0.004403465702781694	-0.00451865743341332	0.0012042771838760874	1.12743688	32.382061	0.93212512	0.06760014551412434	0.0298679	0.00044
-0.1282	-0.4882	0.824	0.003707079331235956	-0.004424409653805625	0.0011571532940722405	1.12628019	32.34883881	0.92419007	0.1112879020478639	0.0322937	0.00043
-0.1326	-0.4823	0.8393	0.0033318335420571745	-0.004616395871525002	0.0009669124056048585	1.13230991	32.52202225	0.8888117	0.06347364476827713	0.0323131	0.00043
-0.1335	-0.4727	0.7734	0.003907792195215304	-0.004380776422505768	0.0007539822368615504	1.13047135	32.46921539	0.93052137	0.12762541354603368	0.0314819	0.0006
-0.1328	-0.5598	0.7674	0.00456752665246916	-0.004366813788489812	0.0009930923443847736	1.23697603	35.52822495	0.95475145	0.1394403599396517	0.032394	0.00037
-0.1278	-0.5356	0.792	0.004412192349041665	-0.004534365396681268	0.0011431906600562858	1.13760805	32.67419434	0.91387487	0.0774492113645232	0.0308387	0.00036
-0.123	-0.5016	0.7969	0.004358087142229841	-0.0044977134823893875	0.001186823891356144	1.01082289	29.03269005	0.8947842	0.05041951762017808	0.0301757	0.0003
-0.129	-0.4793	0.84	0.003996803987067014	-0.004488986836129415	0.0009965830028887623	1.07621646	30.91091347	0.92325305	0.09941253449450897	0.0328927	0.00033
-0.1404	-0.4571	0.8501	0.0036459928074161546	-0.004323180557189954	0.0007993607974134029	1.06394458	30.55844307	0.91810386	0.079391983203284	0.0330749	0.00041
-0.1351	-0.5292	0.7821	0.00422893277758226	-0.004309217923174	0.000900589894029074	1.07745373	30.94645119	0.94380687	0.18030658503988647	0.0314764	0.00034
-0.1295	-0.5291	0.7921	0.004270820679630125	-0.0044261549830576195	0.0010524335389525807	1.05017996	30.16309738	0.89722147	0.031233430342749537	0.0323167	0.00026
-0.1257	-0.5112	0.7869	0.0042167154728183	-0.004417428336797647	0.0010890854532444615	1.02583957	29.46399879	0.87855679	0.03187418836818388	0.0317876	0.00032
-0.1189	-0.5212	0.7933	0.0042603487041181585	-0.00451865743341332	0.00119729586686811	1.08736098	31.23100662	0.91042018	0.03585363707695892	0.0311828	0.00043
-0.1275	-0.5177	0.8048	0.004150392961242515	-0.004448844263333546	0.00124965574442794	1.09276485	31.38621521	0.92217204	0.03520643952576222	0.0323604	0.00051
-0.13	-0.4442	0.8175	0.0036721727461960694	-0.004574507969477138	0.0010524335389525807	1.11595285	32.05221558	0.9353141	0.12875530633326995	0.0302923	0.00044
-0.1305	-0.5575	0.7676	0.0038275070496235643	-0.004546582701445229	0.0010768681484805013	1.05627835	30.33825684	0.93541486	0.17408470904936632	0.0293792	0.00043
-0.1274	-0.5111	0.7606	0.004122467693210606	-0.004639085151800928	0.0010978120995044332	1.07468808	30.86701584	0.9233551	0.07692035224833357	0.028394	0.00044
-0.1246	-0.562	0.7763	0.00399505865781502	-0.004581489286485115	0.0013037609512397642	1.10999227	31.88101768	0.92646919	0.08894768762233651	0.0311746	0.00038
-0.1283	-0.488	0.7997	0.00394269878025519	-0.004593706591249075	0.0012688543661998775	1.14065361	32.76166916	0.94006562	0.10607418836818384	0.0305123	0.00041
-0.1294	-0.4776	0.8438	0.0030159289474462015	-0.0046251225177849735	0.001090830782496456	1.08375227	31.12735748	0.91221832	0.1124104671524154	0.0317142	0.00026
-0.1253	-0.4423	0.7749	0.0031433379828417875	-0.0044628068973495	0.0010140362954087054	1.13619649	32.63365173	0.91880114	0.12662595714594047	0.0263631	0.00038
-0.1204	-0.5851	0.7493	0.003661700770684103	-0.004537856055185257	0.001054178868204575	1.19274068	34.25770569	0.9921532	0.20497772592369712	0.0305538	0.00041
-0.1209	-0.56	0.7584	0.0035796702958403696	-0.004529129408925285	0.0011885692206081383	1.16583502	33.48492432	0.92110733	0.04595737367536334	0.0300958	0.00037
-0.1226	-0.4742	0.7858	0.0031381019950858045	-0.004612905213021013	0.0011449359893082802	1.13834262	32.69529343	0.9264875	0.1433488668075077	0.0284647	0.00021
-0.1268	-0.4601	0.8394	0.0029548424236264	-0.004628613176288962	0.0010716321607245184	1.07361245	30.83612251	0.89369554	0.08551356816555573	0.0306368	0.0004
-0.1251	-0.4955	0.8233	0.003005456971934235	-0.004532620067429273	0.0010454522219446034	1.13123989	32.49128723	0.91581184	0.06183937979737192	0.0320036	0.00041
-0.1219	-0.5672	0.764	0.003787364476827695	-0.004358087142229841	0.0012007865253720988	1.19689691	34.37707901	0.95093677	0.18978873667601945	0.0305718	0.0004
-0.1214	-0.5327	0.794	0.003675663404700058	-0.004516912104161324	0.0011990411961201044	1.16988313	33.60119247	0.93092326	0.07861356816555584	0.0296913	0.00022
-0.121	-0.5234	0.7913	0.0035465090400524776	-0.004384267081009755	0.0012112585008840647	1.04259193	29.945158	0.88225005	0.026100834628155503	0.0296166	0.00033
-0.1211	-0.5292	0.792	0.0035674529910764093	-0.004495968153137393	0.0011693705988362008	1.10359931	31.69740105	0.91135911	0.015326646259971734	0.0310341	0.00058
-0.1346	-0.4854	0.8217	0.003497639820996636	-0.004504694799397364	0.0009878563566287904	1.18188667	33.94595718	0.95767656	0.1000027029273577	0.0316723	0.00056
-0.1379	-0.4193	0.8264	0.00294262511886244	-0.004583234615737109	0.000932005820564972	1.10194051	31.64975739	0.92515875	0.108570252726888	0.0289927	0.00037
-0.1339	-0.525	0.7534	0.0035534903570604553	-0.004501204140893376	0.0010297442586766543	1.11282539	31.96238899	0.93675424	0.22223170755767163	0.0280322	0.00036
-0.1326	-0.5285	0.7633	0.0034609879067047556	-0.004571017310973149	0.001129228026040331	1.09812295	31.54010963	0.91338684	0.027789969389957456	0.0297208	0.00022
-0.138	-0.4737	0.8076	0.0029530970943744054	-0.004756022211684548	0.0011117747335203881	1.12217879	32.23103714	0.96380732	0.14001745027808454	0.0307309	0.0004
-0.1398	-0.4654	0.8381	0.0027192229746071652	-0.0048136180770003605	0.0010122909661567112	1.12604392	32.34205246	0.94729498	0.060147687622336486	0.0328705	0.00052
-0.1442	-0.4656	0.8141	0.002282890661608583	-0.004684463712352781	0.0009756390518648303	1.02649784	29.48290634	0.90130246	0.058706929596902074	0.0305706	0.00041
-0.141	-0.5397	0.7477	0.002895501229058593	-0.004532620067429273	0.0009529497715889039	1.08671689	31.21250534	0.91696067	0.18305717463247212	0.0293239	0.0006
-0.132	-0.5608	0.7464	0.0032009338481576006	-0.0046251225177849735	0.0010105456369047167	1.0885824	31.26608849	0.91397733	0.05417654673852611	0.0300581	0.00049
-0.1317	-0.5268	0.7533	0.003199188518905606	-0.0045308747381772796	0.0010629055144645468	1.11995709	32.16722488	0.9262566	0.048617649320975856	0.0299146	0.00051
-0.1408	-0.4903	0.8127	0.0028099800957108703	-0.004560545335461182	0.0008848819307611251	1.15237951	33.09845734	0.94313445	0.13484513020910305	0.0312509	0.00041
-0.1426	-0.3931	0.8005	0.002701769682087222	-0.004441862946325569	0.0008063421144213803	1.11969745	32.15976715	0.92203741	0.12647163095495034	0.0279102	0.00043
-0.1393	-0.488	0.7477	0.0035098571257605967	-0.0043877577395137445	0.0008185594191853405	1.17850626	33.84886551	0.95841568	0.19472049776245787	0.0286822	0.00081
-0.1395	-0.5676	0.742	0.0038571776469074684	-0.004284783313646079	0.0009756390518648303	1.20074439	34.48758698	0.9416075	0.1158687289847014	0.0301251	0.00025
-0.133	-0.5686	0.7701	0.003373721444105039	-0.004384267081009755	0.0010629055144645468	1.13687217	32.6530571	0.93602993	0.06911032163829112	0.0312333	0.00038
-0.125	-0.4704	0.785	0.003014183618194207	-0.004333652532701919	0.0009826203688728075	1.03796208	29.81217766	0.91551621	0.14562187599052037	0.028071	0.00026
-0.1275	-0.4707	0.7723	0.003118903373313867	-0.004480260189869444	0.0009040805525330626	1.15768373	33.2508049	0.90286903	0.03199336143134653	0.0278982	0.00056
-0.1378	-0.5173	0.8162	0.002897246558310587	-0.004565781323217166	0.0007888888219014368	1.18616295	34.06877899	0.94294656	0.12191848394913143	0.0326584	0.00045
-0.1499	-0.4186	0.795	0.00277332818141899	-0.004644321139556911	0.0004136430327226561	1.15569603	33.19371414	0.96372908	0.16088519912050608	0.02891	0.00036
-0.1541	-0.5015	0.7578	0.0033580134808370897	-0.004801400772236401	0.0003682644721708035	1.08085907	31.04425812	0.93683389	0.163657174632472	0.0277334	0.00038
-0.1502	-0.5383	0.7634	0.0035918876006043304	-0.004897393881096089	0.0005270894341022875	1.03063869	29.60183716	0.91165487	0.07073460952792064	0.029871	0.00052
-0.1493	-0.5401	0.7818	0.0034749505407207105	-0.004810127418496373	0.0005288347633542819	1.1442759	32.8657074	0.91432761	0.03139744258676664	0.0315663	0.00048
-0.1558	-0.4917	0.8097	0.0032079151651655774	-0.00463559449329694	0.0005235987755982988	1.10631478	31.77539253	0.93396154	0.1051402144255274	0.032236	0.00032
-0.1528	-0.3876	0.8463	0.0026267205242514655	-0.004766494187196514	0.0005410520681182421	1.1463511	32.92531204	0.95365558	0.1801773813666816	0.0311698	0.00049
-0.1515	-0.4902	0.8066	0.0029478611066184224	-0.004679227724596798	0.0005445427266222308	1.06393325	30.55811882	0.91802305	0.16419488517353317	0.0300452	0.00029
-0.1552	-0.509	0.7687	0.0037978364523396607	-0.004752531553180559	0.0005707226654021458	1.06483352	30.58397484	0.91174946	0.10787295565424564	0.0284529	0.0004
-0.1481	-0.6028	0.7888	0.0036459928074161546	-0.0048467793327882525	0.0005654866776461627	1.18220901	33.95521545	0.93510706	0.13356637061435905	0.0332555	0.0004
-0.1416	-0.5517	0.7892	0.0038362336958835358	-0.004769984845700502	0.0006894050545377602	1.14093733	32.76981735	0.92451649	0.07754768762233655	0.0313675	0.00033
-0.1406	-0.5492	0.8066	0.0036145768808802567	-0.004942772441647941	0.0006876597252857658	1.07310271	30.82148361	0.89476727	0.04070948701013553	0.0311345	0.00023
-0.1457	-0.5254	0.8115	0.0037210419652519105	-0.00481710873550435	0.000593411945678072	1.05221844	30.22164917	0.8822043	0.050118828506147	0.0306047	0.00026
-0.1501	-0.4253	0.8267	0.00322885911618951	-0.00486946861306418	0.00042411500823462205	1.15534973	33.18376923	0.95777885	0.155391983203284	0.0304745	0.00048
-0.1502	-0.4757	0.7771	0.003516838442768574	-0.004469788214357478	0.0005515240436302081	1.11241055	31.95047569	0.95158882	0.14085343803406755	0.0285052	0.00037
-0.1481	-0.5315	0.773	0.00409977841293468	-0.004668755749084832	0.0006876597252857658	1.10699022	31.79479408	0.92307791	0.1079021593274508	0.0297205	0.00034
-0.1438	-0.6017	0.8036	0.0037140606482439333	-0.004909611185860049	0.000804596785169386	1.04561734	30.03205299	0.90208744	0.14227551306747918	0.0335954	0.00023
-0.1411	-0.4858	0.7923	0.0036285395148962112	-0.004721115626644662	0.0007853981633974483	1.07756984	30.94978714	0.93105564	0.1445607657167523	0.029385	0.00032
-0.1441	-0.5089	0.8372	0.003152064629101759	-0.004820599394008338	0.0007068583470577034	1.13088036	32.48096085	0.93707694	0.10372492347489372	0.0330842	0.00059
-0.1479	-0.4251	0.8278	0.002780309498426967	-0.004506440128649358	0.0007487462491055673	1.12444508	32.29613113	0.96172843	0.13339011490408187	0.030388	0.00033
-0.146	-0.5099	0.7658	0.0033964107243809652	-0.004487241506877421	0.000783652834145454	1.12020648	32.17438889	0.940536	0.18221032163829104	0.02802	0.00022
-0.1367	-0.5684	0.7721	0.003459242577452761	-0.004473278872861466	0.0008342673824532895	1.04518402	30.01960564	0.90608808	0.0804704517697793	0.0303399	0.0003
-0.1346	-0.506	0.7754	0.0035081117965086025	-0.004461061568097506	0.0008360127117052838	1.06231833	30.51173401	0.91143541	0.07094159265358975	0.0293522	0.00034
-0.1412	-0.4837	0.8087	0.003160791275361731	-0.004408701690537677	0.0007731808586334879	1.08729732	31.22917747	0.91930679	0.08532561258892483	0.0305409	0.00041
-0.1431	-0.4183	0.8183	0.002879793265790644	-0.004420918995301637	0.0007400196028455958	1.12992692	32.45357895	0.93747774	0.09321882850614704	0.0310232	0.00041
-0.1482	-0.4176	0.7681	0.0030578168494940655	-0.004372049776245795	0.000705113017805709	1.04602575	30.04378319	0.89880774	0.06908996938995751	0.0264344	0.00023
-0.1408	-0.5563	0.7433	0.0036215581978882336	-0.004553564018453206	0.0008447393579652555	1.14045763	32.75603867	0.9524798	0.21514409653805633	0.0299201	0.0004
-0.1358	-0.5653	0.7735	0.0037315139407638766	-0.004665265090580842	0.0008866272600131194	1.17485774	33.74407196	0.9139111	0.05737723585255717	0.0322039	0.00032
-0.1396	-0.5358	0.7772	0.00394269878025519	-0.004675737066092809	0.0010122909661567112	1.13488889	32.59609604	0.91860338	0.05436602605734361	0.0314508	0.00036
-0.1533	-0.4824	0.8304	0.003516838442768574	-0.004689699700108763	0.0007888888219014368	1.12330067	32.26325989	0.93462069	0.15346125578789227	0.0316316	0.00033
-0.1531	-0.4158	0.8178	0.0031555552876057474	-0.004698426346368735	0.0007243116395776468	1.12117374	32.20217133	0.90795815	0.10112934918732946	0.0291839	0.0004
-0.1476	-0.4912	0.7668	0.00352731041828054	-0.004654793115068877	0.0006998770300497262	1.13951612	32.72899628	0.9356148	0.15389114857512853	0.0291594	0.00037
-0.1475	-0.5733	0.7368	0.003975860036043083	-0.004445353604829557	0.0007993607974134029	1.14628589	32.92343903	0.94477243	0.15007364476827703	0.0301952	0.00049
-0.1439	-0.5157	0.7616	0.003975860036043083	-0.004850269991292241	0.0007295476273336296	1.12467682	32.30278397	0.93138864	0.10973647782712286	0.0288222	0.00036
-0.142	-0.499	0.784	0.0037751471720637348	-0.0049462631001519295	0.0007819075048934597	1.02009881	29.29911232	0.88540186	0.05845329251994338	0.0290654	0.00032
-0.147	-0.4518	0.8087	0.0031468286413457764	-0.004879940588576145	0.0006963863715457374	1.07935059	31.00093269	0.91898868	0.1159081087820732	0.030011	0.0004
-0.1489	-0.4395	0.7871	0.002834414705238791	-0.004745550236172582	0.0006335545184739417	1.08278704	31.09963226	0.92169893	0.06128180707911718	0.0290157	0.00041
-0.1478	-0.4549	0.7199	0.0036145768808802567	-0.0045553093477052	0.0007016223593017205	1.13169146	32.5042572	0.95916146	0.1356235452468314	0.0263306	0.00038
-0.1425	-0.5081	0.742	0.0035918876006043304	-0.004790928796724435	0.0007417649320975902	1.11544251	32.03755951	0.95497531	0.09552256510455152	0.026844	0.00023
-0.1349	-0.527	0.7378	0.003782128489071712	-0.0045867252742410975	0.0008028514559173916	1.04843938	30.11310768	0.89222988	0.053476546738526046	0.0291197	0.00033
-0.1379	-0.4902	0.7956	0.00334579617607313	-0.004839798015780276	0.0007661995416255106	1.10087442	31.61913681	0.93003043	0.13390284844148204	0.0309898	0.00048
-0.1437	-0.3941	0.7982	0.003033382239966145	-0.004441862946325569	0.0007871434926494425	1.13783503	32.68071365	0.95819718	0.14106464782928124	0.0301229	0.00044
-0.1448	-0.5405	0.7549	0.0033911747366249826	-0.004618141200776996	0.0007208209810736582	1.17262948	33.68007278	0.98966977	0.22081966313430249	0.0296758	0.00041
-0.1371	-0.6114	0.7463	0.0037489672332838195	-0.00481710873550435	0.0008290313946973065	1.02708161	29.49967194	0.90162863	0.1204485222504921	0.0307689	0.00033
-0.1289	-0.4993	0.7506	0.0037053340019839614	-0.0047246062851486505	0.000783652834145454	1.11673558	32.0746994	0.94780641	0.13367571211037063	0.0276362	0.0003
-0.1392	-0.5073	0.7857	0.003443534614184812	-0.004864232625308196	0.0007173303225696694	1.14998126	33.02957535	0.93244919	0.07678741197672384	0.0296652	0.00036
-0.144	-0.4384	0.8044	0.00312413936106985	-0.004799655442984407	0.0007906341511534313	1.12145197	32.21016312	0.93410357	0.11526381320112568	0.0297681	0.00041
-0.1431	-0.4916	0.7816	0.0031799898971336684	-0.004654793115068877	0.000804596785169386	1.0551976	30.30721474	0.90433818	0.08763377489976514	0.028398	0.00015
-0.1367	-0.4917	0.7394	0.003755948550291797	-0.004694935687864747	0.0008464846872172499	1.11228323	31.94681931	0.89503861	0.08159945640009321	0.0265789	0.0004
-0.1279	-0.5191	0.7516	0.003488913174736664	-0.004775220833456485	0.0009389871375729493	1.18173432	33.94158173	0.92207791	0.0703911485751286	0.0309132	0.00032
-0.1298	-0.5061	0.7714	0.0034400439556808234	-0.004752531553180559	0.0008918632477691023	1.16629899	33.49824905	0.92050895	0.04063411945678065	0.0301577	0.00032
-0.141	-0.4477	0.8361	0.0026511551337793865	-0.004783947479716458	0.0005654866776461627	1.10314023	31.68421364	0.92809614	0.1916340659280137	0.031358	0.00037
-0.1427	-0.4459	0.8	0.0024870941840919192	-0.0046914450293607576	0.00047822021504644627	1.1359458	32.62644958	0.88997618	0.05679149313214408	0.0296717	0.00041
-0.1388	-0.4433	0.745	0.0029792770331543207	-0.004583234615737109	0.0004799655442984406	1.13866341	32.70450592	0.93599991	0.09160692959690223	0.0264422	0.00045
-0.1334	-0.5573	0.7432	0.003152064629101759	-0.00449073216538141	0.0006510078109938849	1.18936431	34.16072845	0.96079434	0.14301661564992912	0.0302801	0.00036
-0.1282	-0.5051	0.7747	0.003214896482173555	-0.00474904089467657	0.0006789330790257941	1.1248306	32.30720139	0.91777245	0.10635329251994335	0.0295359	0.00032
-0.1277	-0.5367	0.7831	0.0032724923474893677	-0.0046478117980608994	0.000783652834145454	0.9992457	28.70017242	0.87741494	0.05367723585255709	0.0305605	0.00021
-0.1334	-0.4137	0.8084	0.003001966313430246	-0.0047856928089684515	0.0005951572749300663	1.14300513	32.82920837	0.95808818	0.18384513020910292	0.0291046	0.0004
-0.1392	-0.4036	0.8096	0.0027331856086231197	-0.004806636759992383	0.0005951572749300663	1.13028634	32.46390152	0.93409556	0.031586232791552864	0.0295411	0.00038
-0.1425	-0.5154	0.7658	0.003193952531149623	-0.004806636759992383	0.00047123889803846896	1.14381492	32.85246658	0.95215211	0.1881342649709049	0.029701	0.00033
-0.1399	-0.5438	0.7561	0.0034609879067047556	-0.004948008429403923	0.0006387905062299246	1.02113569	29.32889366	0.89659684	0.06949793265790646	0.0287533	0.00019
-0.1323	-0.5206	0.7538	0.003677408733952052	-0.004810127418496373	0.0007068583470577034	1.05391729	30.27044106	0.88997353	0.05421848394913124	0.0283423	0.0003
-0.1293	-0.4918	0.7674	0.0032044245066615894	-0.004860741966804208	0.0006928957130417488	1.13341308	32.55370712	0.91545305	0.0722780704807125	0.0288272	0.00032
-0.1364	-0.4568	0.8149	0.0029373891311064567	-0.004914847173616032	0.0006021385919380437	1.15203619	33.08859634	0.92864301	0.11019488517353312	0.0309616	0.00032
-0.1394	-0.4185	0.8357	0.0026773350725593018	-0.004944517770899936	0.0005358160803622592	1.06304801	30.53269386	0.89735663	0.07990235837034221	0.030164	0.00027
-0.1323	-0.449	0.7835	0.00301941960595019	-0.00476125819944053	0.0005393067388662478	1.16668642	33.50937653	0.8998476	0.11624173816771416	0.0283895	0.0006
-0.1322	-0.5856	0.7885	0.0034068826998929313	-0.004827580711016315	0.0006021385919380437	1.21719837	34.96017456	0.96975494	0.1675308729295161	0.0340384	0.00069
-0.131	-0.5579	0.7802	0.003605850234620285	-0.004733332931408622	0.0008639379797371932	1.17149842	33.64758682	0.92803796	0.06495073510670984	0.0317448	0.00044
-0.1279	-0.5427	0.8092	0.003342305517569141	-0.004824090052512327	0.0009564404300928925	1.06948578	30.71759605	0.9178469	0.0696402144255274	0.0325297	0.00033
-0.1308	-0.4415	0.8336	0.002886774582798621	-0.004616395871525002	0.0008325220532012951	1.09816325	31.5412674	0.95246453	0.167857174632472	0.0306283	0.00041
-0.1287	-0.4705	0.8007	0.0028431413514987624	-0.004569271981721155	0.0009232791743050004	1.09035218	31.31691933	0.92895914	0.07307571211037056	0.0293521	0.00044
-0.1276	-0.5557	0.7367	0.003682644721708035	-0.004356341812977846	0.00102799892942466	1.12865198	32.41695786	0.94361437	0.208157664703612	0.0289425	0.00032
-0.1256	-0.559	0.7707	0.0037367499285198597	-0.004628613176288962	0.0010978120995044332	1.12318075	32.25981522	0.91493733	0.059109487010135776	0.029936	0.00037
-0.1206	-0.5361	0.7823	0.0037245326237558994	-0.00451865743341332	0.0011274826967883368	1.0148958	29.14967346	0.8842792	0.04709218224617527	0.0299096	0.00037
-0.1196	-0.5236	0.7853	0.003673918075448063	-0.004654793115068877	0.0010210176124166828	1.08611369	31.1951828	0.90918571	0.03116076571675245	0.0303974	0.00032
-0.1295	-0.458	0.8172	0.0032934362985133003	-0.004434881629317591	0.0009424777960769379	1.15964365	33.30709839	0.94229942	0.14134665395128967	0.0313174	0.00043
-0.1291	-0.445	0.809	0.0028396506929947744	-0.004511676116405342	0.0008674286382411819	1.11551356	32.03960037	0.90774058	0.05188146252210166	0.029535	0.00038
-0.1257	-0.4869	0.738	0.003572688978832392	-0.004314453910929983	0.0008691739674931761	1.06649232	30.6316185	0.91982327	0.1629002910282486	0.0267888	0.00027
-0.1201	-0.5678	0.7602	0.00364424747816416	-0.00447851486061745	0.0009581857593448868	1.10445046	31.72184563	0.9338567	0.12493156204354729	0.0311491	0.00052
-0.1162	-0.5299	0.773	0.003712315318991939	-0.004379031093253773	0.0010140362954087054	1.11163628	31.92823601	0.92297027	0.06577010721276369	0.0304345	0.00038
-0.1258	-0.5117	0.8292	0.0032969269570172887	-0.004637339822548933	0.0008639379797371932	1.13753712	32.67215729	0.9388113	0.12518977034706616	0.0335378	0.00032
-0.1374	-0.4548	0.8319	0.0026267205242514655	-0.004675737066092809	0.0006649704450098395	1.0597955	30.43927574	0.9068282	0.1165785605518526	0.0314628	0.0003
-0.1335	-0.516	0.7543	0.003267256359733385	-0.004447098934081553	0.0007400196028455958	1.18147731	33.93420029	0.93197164	0.18991115626644664	0.0290197	0.00058
-0.1317	-0.5346	0.7527	0.0036843900509600297	-0.004441862946325569	0.0008726646259971648	1.15305853	33.11796188	0.90847214	0.04975073510670976	0.0297209	0.0003
-0.1268	-0.4893	0.765	0.0037350045992678655	-0.004525638750421296	0.0009093165402890458	1.15969408	33.30854416	0.92944665	0.07105211333477213	0.0292409	0.00048
-0.1269	-0.5038	0.7801	0.0034033920413889425	-0.004670501078336825	0.0008569566627292158	1.06799781	30.67486	0.90372217	0.056141738167714166	0.0292491	0.00025
-0.1345	-0.5541	0.8122	0.002848377339254746	-0.004743804906920588	0.000661479786505851	1.07209909	30.79265785	0.89492383	0.13118977034706622	0.0335314	0.00044
-0.1396	-0.4466	0.79	0.0026302111827554544	-0.004782202150464463	0.0005340707511102648	1.16060436	33.33469009	0.96538624	0.15399862177193768	0.0301334	0.00047
-0.1405	-0.5379	0.7306	0.003218387140677544	-0.004302236606166022	0.0005515240436302081	1.11512947	32.02856827	0.95244375	0.20587973973702375	0.0322548	0.00033
-0.129	-0.5508	0.7478	0.0032131511529215613	-0.004427900312309613	0.0006876597252857658	1.10073197	31.61504555	0.91188586	0.054951768777756496	0.0329082	0.00034
-0.13	-0.5263	0.7758	0.003239331091701475	-0.004646066468808905	0.000635299847725936	1.02427232	29.41898537	0.89313097	0.06833529864195174	0.0331542	0.00036
-0.1302	-0.4622	0.7733	0.0033772121026090277	-0.004618141200776996	0.0006335545184739417	1.10221958	31.65777206	0.89978315	0.07517758040957283	0.0302236	0.00059
-0.1302	-0.4708	0.7878	0.003118903373313867	-0.004553564018453206	0.0007627088831215222	1.11777008	32.10441208	0.92314017	0.045702013813326496	0.0317467	0.00041
-0.1366	-0.5004	0.804	0.002621484536495483	-0.004529129408925285	0.0007016223593017205	1.14603031	32.91609573	0.94934631	0.0813469985083054	0.0347291	0.00049
-0.1371	-0.4445	0.7853	0.0024591689160600103	-0.004593706591249075	0.0006108652381980154	1.07184839	30.7854557	0.92324458	0.0909824961931484	0.0304872	0.00033
-0.1297	-0.4812	0.7386	0.003152064629101759	-0.004344124508213886	0.000705113017805709	1.12980461	32.45006561	0.90809466	0.14263627878423152	0.0298898	0.00051
