trans_x	trans_y	trans_z	rot_x	rot_y	rot_z	dvars_std	dvars_nstd	dvars_vstd	framewise_displacement	aqi	aor
0.0	-0.0	0.0	-0.0	0.0	-0.0	n/a	n/a	n/a	n/a	0.0115426	0.00114
-0.0017	-0.0208	0.0081	-8.203047484373349e-05	-7.67944870877505e-05	2.094395102393195e-05	1.08168447	28.58931541	0.97124586	0.039588445647770795	0.0121273	0.00088
-0.0009	0.0017	-0.0158	-3.316125578789226e-05	-7.67944870877505e-05	-1.7453292519943296e-05	1.28448939	33.94952393	1.00121441	0.05156332312998582	0.0123503	0.00135
0.003	0.0553	0.0365	-0.0004991641660703782	-7.67944870877505e-05	-7.504915783575618e-05	1.27544963	33.71059799	1.02054247	0.13597993877991493	0.0113201	0.00111
0.0068	0.0678	0.0177	-0.0005864306286700947	-0.0001937315469713706	-7.67944870877505e-05	1.09853435	29.03466225	0.9723141	0.04539744258676654	0.0127046	0.00138
-0.0025	-0.0006	-0.0217	-0.0002181661564992912	-8.901179185171081e-05	-1.3962634015954635e-05	1.17633009	31.09083176	1.01708625	0.14389080401811297	0.0122024	0.00142
-0.0099	-0.0425	-0.0117	-0.0002548180707911721	-1.9198621771937625e-05	5.061454830783555e-05	1.22039282	32.25542831	1.00693556	0.0678521133347722	0.0114093	0.00093
-0.0068	0.0258	0.0026	-0.0004520402762665313	-5.759586531581287e-05	-6.9813170079773176e-06	1.10914063	29.314991	0.99222463	0.10036076571675236	0.0113853	0.00104
0.0061	0.0253	0.0341	-0.0009180431865490173	-0.0002652900463031381	-9.075712110370512e-05	1.31532729	34.76457977	0.9872433	0.08277364476827696	0.0119321	0.00161
0.0061	0.0348	0.0344	-0.0006789330790257941	-0.0002129301687433082	-9.773843811168246e-05	1.22060823	32.26111984	1.00184633	0.024722565104551526	0.0117788	0.00143
-0.0024	-0.0508	-0.0131	-0.00013962634015954637	-1.7453292519943296e-05	-5.235987755982988e-06	1.14942253	30.37965584	1.03864571	0.1829643032722656	0.0108249	0.00097
-0.0084	-0.0437	-0.0054	-0.00011693705988362007	-2.6179938779914945e-05	-4.363323129985824e-05	1.09565151	28.95846748	0.97116696	0.024290658503988656	0.0104607	0.00092
-0.0084	-0.0065	-0.0089	-0.0001256637061435917	-2.792526803190927e-05	-4.0142572795869576e-05	1.10969901	29.32975006	0.96222479	0.04139813170079774	0.0121626	0.00115
0.0007	-0.0036	0.0153	-0.0003647738136668148	4.71238898038469e-05	-5.235987755982988e-06	1.28543186	33.9744339	1.05115942	0.053653292519943295	0.0127853	0.00142
0.0021	0.0285	0.0369	-0.0006038839211900379	1.7453292519943294e-06	-2.4434609527920616e-05	1.17675662	31.102108	1.00615066	0.07028436449235066	0.011098	0.00096
-0.0035	-0.085	-0.016	-0.00012217304763960306	-5.93411945678072e-05	-0.00011170107212763708	1.26333606	33.39043427	1.03789191	0.20350319299849765	0.0110269	0.00072
-0.0139	-0.051	-0.0145	0.00024260076602721178	6.632251157578452e-05	-4.18879020478639e-05	1.29911971	34.33620834	1.01364817	0.07391253449450899	0.0115768	0.00096
-0.0088	-0.0108	0.002	-0.00011170107212763708	6.806784082777885e-05	-4.886921905584123e-05	1.1715585	30.96471786	1.01514194	0.07995142422074104	0.0125299	0.00081
0.0086	0.0031	0.0261	-0.0004625122517784973	-0.00019198621771937622	-3.839724354387525e-05	1.32297003	34.96657944	1.00617745	0.08646686068549905	0.0116132	0.00096
0.0033	0.037	0.0341	-0.000291469985083053	-8.37758040957278e-05	8.901179185171081e-05	1.30967534	34.61519623	1.0311128	0.06753308578573393	0.0110291	0.00078
0.0016	-0.0199	-0.0	-6.45771823237902e-05	6.632251157578452e-05	9.075712110370512e-05	1.09994531	29.07195663	0.9858183	0.11163682238413848	0.00954807	0.00068
-0.0025	-0.1296	0.0038	-6.9813170079773176e-06	5.585053606381854e-05	0.00012740903539558605	1.1011467	29.10370827	1.00112926	0.12283598775598296	0.0117484	0.00076
-0.0014	-0.0145	-0.0122	4.0142572795869576e-05	-3.316125578789226e-05	5.061454830783555e-05	1.29894924	34.33170319	1.04636078	0.1428465084371654	0.011655	0.00096
0.0027	0.0135	0.0287	-0.00017104226669544429	0.0001064650843716541	2.792526803190927e-05	1.27256083	33.63424683	1.03768585	0.09167502299633933	0.0107049	0.00107
-0.0038	0.0385	0.0159	-0.0002670353755551324	-6.283185307179586e-05	-5.061454830783555e-05	1.0532434	27.83760834	0.96705024	0.061491493132144144	0.010605	0.00082
-0.0106	-0.1014	-0.0137	-5.585053606381854e-05	-6.806784082777885e-05	-2.4434609527920616e-05	1.29136014	34.13111877	1.05089733	0.18843003830136065	0.0105723	0.00079
-0.0225	-0.0854	-0.0129	0.00015009831567151235	7.67944870877505e-05	1.2217304763960308e-05	1.27086961	33.5895462	1.02580993	0.048073154697137056	0.0112497	0.00088
-0.0233	0.0351	-0.0078	0.00013962634015954637	0.00010471975511965978	-9.948376736367679e-05	1.19176912	31.49889183	1.05923686	0.1339049157835756	0.0111911	0.00083
-0.0176	-0.0208	-0.021	0.00019198621771937622	6.806784082777885e-05	-1.3962634015954635e-05	1.38390803	36.57719421	1.03071536	0.08352664625997165	0.0128301	0.00124
-0.0141	-0.0287	0.0442	-0.00039793506945470715	2.094395102393195e-05	-6.9813170079773176e-06	1.34999895	35.68096542	1.02781882	0.1088013246992954	0.00980294	0.00063
-0.0097	-0.0382	0.0481	-0.00046425758103049166	-0.0001186823891356144	-9.42477796076938e-05	1.07576048	28.43274117	0.9618456	0.032460765716752354	0.00971693	0.00058
-0.0133	-0.0162	-0.0056	8.901179185171081e-05	-8.726646259971648e-05	-0.00010471975511965978	1.22283018	32.31984711	1.01046147	0.1090578637465033	0.0119305	0.00107
-0.0165	-0.0836	0.0193	8.726646259971648e-06	-4.886921905584123e-05	-1.2217304763960308e-05	1.27929771	33.81230545	1.02771708	0.1060592419745657	0.00965136	0.00071
-0.0159	-0.0344	0.01	-1.5707963267948964e-05	-0.00022165681500327985	-5.585053606381854e-05	1.23926675	32.75427246	0.98252156	0.07114277183876087	0.0107784	0.00078
-0.018	-0.0219	0.0099	-4.71238898038469e-05	-6.632251157578452e-05	1.7453292519943294e-06	1.25102723	33.06510544	1.00609372	0.026917304763960308	0.0116267	0.00114
-0.0115	-0.0286	0.0442	-0.0004014257279586958	-0.00014660765716752367	-8.203047484373349e-05	1.17488635	31.05267334	1.00459515	0.07341813939211579	0.00943661	0.00057
-0.0019	-0.0432	0.0496	-0.0005183627878423159	-0.00022689280275926284	-0.0002007128639793479	1.23708177	32.69652176	0.96951064	0.04539522973054868	0.0106491	0.00099
-0.0147	-0.0614	0.0268	-9.599310885968811e-05	-7.504915783575618e-05	-0.0001605702911834783	1.28985429	34.09132004	1.01661973	0.08451779483510019	0.0106518	0.00111
-0.02	-0.0396	0.0169	3.490658503988659e-05	-5.061454830783555e-05	-0.00017976891295541595	1.14879441	30.36305428	0.99618409	0.04572664625997166	0.0094614	0.00058
-0.0137	-0.0397	0.0156	1.2217304763960308e-05	-0.00017278759594743863	-0.00011344640137963142	1.21197486	32.0329361	0.9620146	0.018259241974565688	0.0109208	0.00086
-0.0201	-0.0716	0.013	0.0001937315469713706	2.268928027592628e-05	-4.537856055185256e-05	1.27634144	33.73416901	1.01024341	0.0631529479629277	0.0107553	0.00092
-0.0167	-0.0325	0.0292	1.0471975511965975e-05	-9.250245035569947e-05	-0.00015707963267948963	1.14254689	30.19792938	0.98414901	0.07920761871093338	0.00966132	0.00075
-0.005	0.0084	0.0331	-0.0002722713633111154	-0.00022863813201125715	-0.00028099800957108706	1.26136005	33.33820724	0.9947415	0.08363986986851182	0.0116669	0.00106
-0.0032	0.0107	0.0635	-0.00040840704496667313	-0.00024260076602721178	-0.00022689280275926284	1.28991461	34.09291458	1.03579337	0.04471017612416683	0.0105427	0.00095
-0.0124	-0.0229	0.0304	4.0142572795869576e-05	-9.42477796076938e-05	-0.00014486232791552936	1.06341147	28.10635185	0.98439022	0.10984665395128967	0.00985038	0.00082
-0.017	-0.0714	0.0166	-0.00010995574287564276	-7.853981633974481e-05	-0.00022689280275926284	1.28259361	33.89941788	0.98077393	0.07929183768915975	0.011687	0.0011
-0.0192	0.0119	0.0225	-8.726646259971648e-06	3.141592653589793e-05	-0.0002129301687433082	1.31928873	34.86928177	1.01901775	0.10265737367536344	0.011291	0.00093
-0.0036	-0.0184	0.0635	-0.0004468042885105483	-0.0002199114857512855	-0.0002740166925631097	1.11813235	29.55264664	0.98594073	0.12442457891787807	0.00950933	0.0007
-0.0028	0.0506	0.0706	-0.0006859143960337716	-0.00035430183815484887	-0.00034906585039886593	1.23796535	32.71987534	0.98172285	0.09932748088812712	0.0112256	0.00095
-0.0132	-0.0286	0.0294	-0.00019024088846738194	-0.00019024088846738194	-0.00023387411976724014	1.26034915	33.31148911	1.02710006	0.1695463093942741	0.0100343	0.00081
-0.022	-0.0735	0.0372	-0.00012740903539558605	-0.000158824961931484	-0.0002129301687433082	1.1680572	30.87217903	1.01430487	0.06725958653158129	0.0085758	0.00061
-0.0253	-0.069	0.0118	-9.42477796076938e-05	-0.00016231562043547262	-0.00024609142453120044	1.26660514	33.47683716	0.96864037	0.03669065850398865	0.0103881	0.00078
-0.0306	0.021	0.0053	2.094395102393195e-05	-1.2217304763960308e-05	-0.00017802358370342162	1.32599461	35.04652023	1.05449629	0.11846789435654584	0.0115294	0.00127
-0.0149	-0.0121	0.0704	-0.0005009094953223725	-0.0003438298626428829	-0.00030194196059501896	1.20400667	31.82233429	1.03595998	0.1627692190558412	0.00848269	0.00054
-0.0058	0.0375	0.0853	-0.0006003932626860494	-0.00039968039870670147	-0.0003316125578789226	1.23704767	32.69562149	0.96718697	0.08285024503556995	0.0101271	0.00065
0.0042	-0.0073	0.039	-0.00022340214425527416	-0.00016231562043547262	-0.00022165681500327985	1.22554982	32.39172745	1.00159367	0.13731558197888233	0.0100157	0.0007
-0.0081	-0.0457	0.0152	-0.0001972222054753592	4.363323129985824e-05	3.665191429188092e-05	1.21224821	32.04016113	1.04075022	0.09902187599052031	0.00938755	0.00043
-0.0179	-0.055	0.0242	-0.00037350045992678646	-2.96705972839036e-05	-3.665191429188092e-05	1.08158875	28.58678436	0.97259964	0.04424429558094754	0.00973725	0.00058
-0.0248	0.0623	-0.0192	-0.00023561944901923448	-1.3962634015954635e-05	-9.250245035569947e-05	1.39725327	36.92991257	1.08122094	0.17807197551196596	0.0132058	0.00127
-0.0121	-0.0288	0.0607	-0.0008185594191853405	-0.0002478367537831948	-0.00010821041362364843	1.33091164	35.17647934	1.08071032	0.22532610266006475	0.00910652	0.00058
-0.0072	0.0126	0.0607	-0.0009581857593448868	-0.00035604716740684323	-0.00015184364492350666	1.31254983	34.69116974	0.98415008	0.060873499254152655	0.0116659	0.00093
-0.0097	0.0318	0.03	-0.00037350045992678646	-0.0001308996938995747	-0.00016231562043547262	1.30549681	34.50475693	1.01791422	0.09341523742186675	0.0110671	0.00108
-0.0156	-0.0343	0.0257	-0.00019024088846738194	-6.632251157578452e-05	-0.0001605702911834783	1.18876457	31.41948128	1.01662409	0.08877910415175942	0.00882083	0.00051
-0.0221	-0.0934	0.0148	-0.0003211405823669566	-8.552113334772214e-05	-0.00010995574287564276	1.25956273	33.29070282	1.01182907	0.0865356431989674	0.0115651	0.00096
-0.0202	-0.0165	0.0159	-0.0003193952531149623	-8.726646259971648e-06	-3.839724354387525e-05	1.31410003	34.7321434	1.04475195	0.0874049157835756	0.0107101	0.00076
-0.0108	0.0547	0.0655	-0.0008307767239493009	-0.0001675516081914556	-0.00014486232791552936	1.18968654	31.44384766	1.00993242	0.16903357585687384	0.0100871	0.00046
-0.0051	0.03	0.0496	-0.000778416846389471	-0.0002303834612632515	-0.00015707963267948963	1.22569466	32.3955574	0.96436873	0.0526704517697793	0.0106267	0.00074
-0.0116	-0.0352	0.0034	-0.00032812189937493397	-9.773843811168246e-05	-4.363323129985824e-05	1.22904003	32.48397446	1.02403017	0.15271931857728688	0.0103211	0.00086
-0.0224	-0.0463	0.0118	-0.00028274333882308137	-4.537856055185256e-05	2.96705972839036e-05	1.22076166	32.26517487	1.01215973	0.038852113334772224	0.00990951	0.00061
-0.0214	-0.0338	0.0114	-0.00035430183815484887	-5.759586531581287e-05	1.3962634015954635e-05	1.06359673	28.11124992	0.97295652	0.01887418836818384	0.0106145	0.00063
-0.01	0.0347	0.0205	-0.0005445427266222308	-0.00024260076602721178	-8.552113334772214e-05	1.36715651	36.13444519	1.03612206	0.11273647782712289	0.0122335	0.00139
-0.0092	0.008	0.0674	-0.0007819075048934597	-0.0001605702911834783	-6.632251157578452e-05	1.29830456	34.31466293	1.01955601	0.09132969374434499	0.00995255	0.00086
-0.0052	-0.0685	0.0341	-0.0004747295565424576	-0.0001675516081914556	-0.00010821041362364843	1.0774461	28.47729492	0.99917412	0.1316023583703422	0.00961822	0.00054
-0.0105	-0.102	0.006	-0.00017802358370342162	-9.42477796076938e-05	-9.250245035569947e-05	1.25166976	33.08208847	1.03984143	0.08618588823453731	0.0105894	0.0005
-0.0198	-0.0074	0.0128	-0.00014137166941154068	5.235987755982989e-05	4.0142572795869576e-05	1.34178257	35.46380234	1.0602324	0.12649522973054866	0.0109359	0.00079
-0.0154	-0.0742	0.0071	-0.0001291543646475804	-6.806784082777885e-05	-3.490658503988659e-05	1.29065466	34.11247253	1.0358107	0.08728470904936625	0.010367	0.0009
-0.0112	0.0028	0.0446	-0.0002844886680750757	-8.203047484373349e-05	-4.886921905584123e-05	1.32045603	34.90013504	1.05790466	0.12786297857297024	0.0114489	0.00106
-0.0069	0.0428	0.0625	-0.0006632251157578452	-9.075712110370512e-05	-7.330382858376184e-05	1.16859794	30.88646889	0.99263915	0.08279488517353308	0.0103479	0.00093
-0.006	-0.0337	0.0159	-0.0002443460952792061	-8.203047484373349e-05	-0.00012042771838760874	1.27334785	33.65504837	1.02398463	0.14773647782712288	0.010578	0.00076
-0.016	-0.0672	0.0142	-2.96705972839036e-05	-5.4105206811824215e-05	-1.2217304763960308e-05	1.28299427	33.91000748	0.991608	0.06274055898254301	0.0105496	0.00088
-0.0222	-0.0688	0.0307	-0.00029496064358704166	-1.3962634015954635e-05	5.235987755982988e-06	1.21191275	32.03129578	1.02238883	0.04044429558094756	0.00901866	0.00063
-0.025	-0.0497	0.0129	-0.0001361356816555577	-6.981317007977319e-05	-0.0001675516081914556	1.36858642	36.1722374	0.99531887	0.059073154697137045	0.0121394	0.00085
-0.0056	-0.0551	0.0748	-0.00045553093477052	-4.18879020478639e-05	-2.6179938779914945e-05	1.34193325	35.46778488	1.0224276	0.1111346095279206	0.00930285	0.00063
-0.0031	-0.0092	0.0845	-0.0008185594191853405	-0.00021642082724729686	-0.00011344640137963142	1.09549677	28.95438004	1.01441192	0.08934139361069851	0.00943035	0.00058
0.007	-0.0581	0.0306	-0.00041538836197465044	-4.18879020478639e-05	-8.726646259971648e-05	1.25633264	33.2053299	1.0288278	0.1430941960595019	0.00966817	0.0005
-0.0079	-0.073	0.0119	-0.00017976891295541595	-6.9813170079773176e-06	8.37758040957278e-05	1.23826325	32.72774887	0.98983975	0.07057841503772826	0.0101915	0.00085
-0.0155	0.0103	0.0275	-0.00023911010752322313	6.45771823237902e-05	5.061454830783555e-05	1.21039987	31.99131012	1.02728353	0.11470304748437332	0.00956017	0.00078
-0.0196	-0.0665	0.0193	-0.0003351032163829112	-8.203047484373349e-05	-1.5707963267948964e-05	1.34087801	35.43989563	1.00792427	0.1045461638801498	0.0100682	0.00061
-0.0103	0.008	0.0468	-0.0004258603374866164	-8.726646259971648e-05	-2.792526803190927e-05	1.3099494	34.62244034	1.03064831	0.11671052068118244	0.010524	0.00083
-0.0084	0.0163	0.0765	-0.000879645943005142	-0.00021642082724729686	-0.00013264502315156904	1.13708031	30.05344582	0.99835307	0.0742829862642883	0.0095824	0.00051
-0.009	0.0438	0.039	-0.0006038839211900379	-0.00016231562043547262	-0.00015533430342749534	1.22845995	32.46864319	0.99737448	0.08322782544514272	0.0108466	0.00081
-0.0084	-0.1097	0.0219	-0.0004363323129985824	-0.0001239183768915974	9.42477796076938e-05	1.30441451	34.47615051	1.08121978	0.193976546738526	0.0102189	0.00081
-0.0113	-0.0944	0.0347	-0.0007923794804054256	4.18879020478639e-05	0.00015533430342749534	1.2122066	32.0390625	1.00391036	0.0601469985083053	0.00884801	0.0004
-0.015	-0.0015	0.0242	-0.0009442231253289323	-8.552113334772214e-05	9.773843811168246e-05	1.20938253	31.96442032	0.99607234	0.12394242728174527	0.0108257	0.00079
-0.0078	-0.0203	0.0499	-0.000973893722612836	-8.203047484373349e-05	-6.9813170079773176e-06	1.22672522	32.42279434	1.0004206	0.058594050545377606	0.0108357	0.00082
-0.0106	-0.0443	0.0986	-0.0013264502315156904	-0.0001972222054753592	-6.45771823237902e-05	1.2039305	31.82032204	0.99906484	0.10176720524251466	0.00937331	0.00072
-0.0099	-0.0515	0.0649	-0.0009337511498169664	-0.00016231562043547262	-6.45771823237902e-05	1.03589797	27.37915993	0.96103613	0.06298028333693052	0.0100307	0.00051
-0.0099	-0.059	0.0204	-0.0007731808586334879	-1.7453292519943294e-06	0.0001239183768915974	1.18476665	31.31381416	0.99671351	0.07748180707911721	0.0103346	0.00067
-0.0131	-0.0341	0.0138	-0.0008150687606813518	6.981317007977319e-05	0.00016406094968746698	1.23020339	32.51472473	1.01276452	0.042379448708775046	0.0114754	0.001
-0.0101	0.0137	0.0309	-0.0009721483933608416	0.00013962634015954637	0.00023561944901923448	1.17508268	31.05786324	1.02733341	0.08282256510455152	0.0101344	0.00075
-0.0052	-0.0232	0.0609	-0.001256637061435917	-0.00011344640137963142	-2.094395102393195e-05	1.30796409	34.56996918	0.98586529	0.11150624048287099	0.0108353	0.00082
-0.0124	0.0112	0.0754	-0.0012339477811599909	-0.00010297442586766544	-5.235987755982988e-06	1.27066159	33.58404922	1.00629366	0.058543460952792045	0.0107195	0.00086
-0.0124	-0.0162	0.0502	-0.0008970992355250854	-5.061454830783555e-05	-0.0001012290966156711	1.1208241	29.62379074	0.9986166	0.07686007660272115	0.00958359	0.0006
-0.014	-0.0673	0.0348	-0.000778416846389471	-0.00013264502315156904	-5.235987755982988e-06	1.22560871	32.39328384	1.01193005	0.08293529864195177	0.0103508	0.00058
-0.0202	-0.1277	0.0329	-0.000726056968829641	9.948376736367679e-05	8.203047484373349e-05	1.28835273	34.05163193	1.03746431	0.08708775653373961	0.0101367	0.00074
-0.0096	-0.0595	0.0482	-0.0008866272600131194	1.3962634015954635e-05	-0.0	1.16861069	30.88680649	1.01167735	0.1105060949687467	0.00933725	0.00061
-0.0068	0.0282	0.0553	-0.0007068583470577034	-0.00024609142453120044	-0.00021118483949131387	1.30156326	34.40079117	1.06485056	0.13015039054969424	0.011222	0.0009
-0.0066	-0.0073	0.0727	-0.0007923794804054256	-4.886921905584123e-05	-9.599310885968811e-05	1.2749244	33.69671631	1.02094843	0.07299675347273536	0.00920755	0.00061
-0.0128	-0.0722	0.0379	-0.0005131268000863328	-0.00010995574287564276	-5.759586531581287e-05	1.06523371	28.15451431	0.98007523	0.12483682238413848	0.00840759	0.00049
-0.0107	-0.0438	0.0255	-0.0006475171524898963	-8.37758040957278e-05	2.6179938779914945e-05	1.23320293	32.59400177	0.9718486	0.05511730476396032	0.0107818	0.00054
-0.0166	-0.025	0.0293	-0.0006754424205218055	3.490658503988659e-05	0.00013264502315156904	1.29471207	34.2197113	1.01076901	0.04115363707695889	0.0099231	0.00061
-0.005	-0.0626	0.0584	-0.001054178868204575	-0.0001658062789394613	6.981317007977319e-05	1.14265466	30.20077896	1.00345126	0.11041405823669569	0.00961339	0.00049
0.0027	-0.0144	0.0705	-0.0012426744274199627	-0.00021118483949131387	6.9813170079773176e-06	1.248613	33.001297	1.01685667	0.08283529864195181	0.0109223	0.00085
-0.0085	-0.0032	0.066	-0.000895353906273091	-0.00014660765716752367	8.726646259971648e-06	1.24550426	32.91913223	1.0156606	0.04758215163613281	0.00978762	0.001
-0.0108	-0.0706	0.0521	-0.0005846852994181004	-0.0001239183768915974	5.759586531581287e-05	1.10026181	29.08032036	0.99048155	0.1027113553093379	0.00867105	0.00029
-0.0173	-0.083	0.0422	-0.0006073745796940267	-0.0001937315469713706	-2.96705972839036e-05	1.27385592	33.6684761	0.97973026	0.0377884456477708	0.0103015	0.00049
-0.0207	0.011	0.0339	-0.0003892084231947355	-7.330382858376184e-05	-4.71238898038469e-05	1.31123686	34.65646744	1.03664963	0.12350235837034217	0.0103687	0.00092
-0.0122	0.0146	0.0738	-0.0009808750396208131	-0.0002897246558310587	-4.537856055185256e-05	1.14077747	30.15116501	0.99347924	0.09249163864626844	0.00969338	0.0006
-0.0057	0.0535	0.0798	-0.001308996938995747	-0.00029321531433504735	-6.632251157578452e-05	1.26397228	33.40724945	0.97395652	0.06902782544514272	0.0113992	0.00092
-0.0077	-0.0302	0.0494	-0.0007714355293814937	-0.00023561944901923448	0.0	1.27291691	33.64365768	1.02928618	0.14917398932529247	0.0103573	0.00085
-0.0139	-0.093	0.0434	-0.0006684611035138282	-0.00012740903539558605	0.00011519173063162575	1.16604137	30.81889915	1.00403169	0.09131882850614696	0.00850719	0.00057
-0.0168	-0.0963	0.0444	-0.0007644542123735164	-0.00027750735106709843	3.490658503988659e-05	1.06372857	28.11473465	0.95744506	0.02351882850614698	0.0100593	0.00058
-0.0262	0.0154	-0.0024	-0.00041015237421866745	-0.0002024581932313422	-6.108652381980153e-05	1.39365411	36.83478546	1.09121495	0.19416720524251468	0.0124184	0.00128
-0.0131	0.0013	0.068	-0.0009581857593448868	-0.0002513274122871834	-6.806784082777885e-05	1.28892672	34.06680298	1.04443806	0.1277941960595019	0.0097304	0.00063
-0.0122	-0.0208	0.0809	-0.0011990411961201044	-0.00040317105721069014	-0.00015184364492350666	1.17215967	30.98060799	0.96748045	0.0597237442897226	0.0104686	0.00068
-0.0087	0.0035	0.0362	-0.0008150687606813518	-0.0003665191429188092	-0.00017453292519943296	1.22518647	32.38212585	1.0312988	0.09466568150032796	0.0111308	0.00082
-0.022	-0.0701	0.0178	-0.0005672320068981572	-0.00020420352248333657	-7.853981633974481e-05	1.18385994	31.28985023	1.02119952	0.1306072741539178	0.0104732	0.00097
-0.0255	-0.0676	0.0317	-0.0007923794804054256	-0.00013439035240356338	-1.0471975511965975e-05	1.19037747	31.46211052	1.01183707	0.038051424220741016	0.00979924	0.0007
-0.0225	-0.031	0.0372	-0.0009389871375729493	-0.00023212879051524583	-6.632251157578452e-05	1.07833147	28.50069427	0.97942727	0.06010983156715123	0.0107683	0.00078
-0.0221	0.0702	0.0388	-0.0009686577348568529	-0.00011170107212763708	-1.5707963267948964e-05	1.35890746	35.91641998	1.05955462	0.1132356431989674	0.0130684	0.00171
-0.0178	-0.0248	0.0774	-0.0012479104151759456	-0.00019024088846738194	-4.71238898038469e-05	1.2786417	33.79496765	1.04638729	0.15736042115973675	0.00984955	0.00061
-0.0145	-0.0587	0.0256	-0.0008028514559173916	-0.000158824961931484	-4.18879020478639e-05	1.0965848	28.98313522	0.98284357	0.11308554367752174	0.00993484	0.00083
-0.0157	-0.1342	0.0129	-0.0006527531402458793	-0.00018151424220741024	3.141592653589793e-05	1.20871711	31.94683266	1.00765328	0.10170457122656	0.0119432	0.00071
-0.0239	-0.0489	0.0133	-0.0006283185307179585	-5.759586531581287e-05	5.585053606381854e-05	1.3034128	34.44967651	1.03127982	0.10253937979737195	0.00976008	0.00068
-0.0132	-0.0224	0.0204	-0.0009546951008408983	-0.00015707963267948963	3.839724354387525e-05	1.45757353	38.52420044	1.00883798	0.06646568150032799	0.0118383	0.0012
-0.0122	-0.092	0.0735	-0.0011746065865921838	-0.0001605702911834783	0.00010297442586766544	1.38097024	36.49954605	1.04908461	0.1380989663289532	0.0104584	0.00096
-0.0069	-0.0059	0.0735	-0.0013369222070276565	-0.00017453292519943296	3.490658503988659e-05	1.15034986	30.40416718	1.00993997	0.10361730476396028	0.00952476	0.00057
-0.0062	-0.0365	0.0305	-0.0008970992355250854	-0.0001291543646475804	0.0001064650843716541	1.21712303	32.16900635	0.98764227	0.10213800156930956	0.0104457	0.00083
-0.0105	-0.0391	0.0193	-0.0007487462491055673	-8.37758040957278e-05	0.0001832595714594046	1.24784887	32.98110199	1.00840723	0.031626301702956064	0.0106204	0.0009
-0.0096	-0.0395	0.0449	-0.0010803588069844899	-1.3962634015954635e-05	0.00019024088846738194	1.23780036	32.71551514	1.00968242	0.04732035224833365	0.00953931	0.00046
-0.0044	-0.0045	0.0756	-0.0014137166941154068	-0.0002513274122871834	-5.235987755982988e-06	1.29387271	34.19752884	0.9913141	0.10920997708127551	0.0110937	0.00092
-0.0078	-0.0214	0.0808	-0.0015132004614790836	-0.00017802358370342162	-1.2217304763960308e-05	1.27230334	33.62744141	1.00960092	0.03448844564777079	0.0111008	0.00103
-0.0069	-0.0936	0.0527	-0.0011850785621041497	2.6179938779914945e-05	6.632251157578452e-05	1.19140291	31.48921204	1.01847862	0.13174326190990077	0.00968653	0.00072
-0.012	-0.101	0.0479	-0.0010768681484805013	-8.552113334772214e-05	0.00016929693744344995	1.08064175	28.56175613	0.96698769	0.03344429558094755	0.00968641	0.00058
-0.0158	-0.0666	0.0335	-0.0009756390518648303	-0.00011344640137963142	3.141592653589793e-05	1.30532002	34.50008392	0.99680665	0.0659517687777566	0.0109422	0.00083
-0.0162	-0.0111	0.0599	-0.0009581857593448868	-5.759586531581287e-05	0.00010471975511965978	1.31251454	34.69023895	1.02535721	0.0896303828583762	0.0102353	0.00064
-0.0115	-0.0213	0.0807	-0.0013578661580515882	-0.00028274333882308137	-8.028514559173915e-05	1.12119448	29.63357925	0.97609675	0.07619163864626843	0.010085	0.0006
-0.0119	0.0027	0.0486	-0.0011414453308042916	-0.00019896753472735358	-4.18879020478639e-05	1.1977272	31.65636826	0.97315287	0.07342969374434499	0.0107964	0.00072
-0.0198	-0.0561	0.017	-0.0006492624817418905	-6.806784082777885e-05	4.363323129985824e-05	1.2204746	32.25758743	1.0020564	0.1337301838154849	0.00991827	0.00082
-0.0203	-0.0653	0.0423	-0.0009529497715889039	-0.00012042771838760874	7.504915783575618e-05	1.14999139	30.39469147	0.98337991	0.05437315469713705	0.0090704	0.00061
-0.0323	-0.026	0.028	-0.0007871434926494425	-0.00013962634015954637	1.5707963267948964e-05	1.29703224	34.28103638	0.98999474	0.0778173047639603	0.0104851	0.00082
-0.0354	-0.0176	0.0266	-0.0005846852994181004	0.00011344640137963142	0.00016929693744344995	1.3062346	34.52425766	1.00684949	0.04335599544730104	0.0106367	0.00085
-0.0249	-0.0088	0.0845	-0.0011903145498601325	-0.0002443460952792061	0.0001186823891356144	1.19509256	31.58673096	1.02928045	0.1279018147704353	0.011513	0.00067
-0.0207	-0.0424	0.0925	-0.0013386675362796509	-0.00019024088846738194	4.18879020478639e-05	1.24010789	32.77650452	0.99917184	0.05976263401595464	0.0100736	0.00076
-0.0228	-0.0419	0.0307	-0.0007086036763096977	-0.00010995574287564276	7.853981633974481e-05	1.24589586	32.92948151	1.03234382	0.10175004599267864	0.0105057	0.00089
-0.0303	-0.0907	0.0403	-0.0008848819307611251	-5.93411945678072e-05	0.00010821041362364843	1.20265782	31.78668404	1.00160597	0.07872817000215833	0.00906748	0.00067
-0.0355	-0.0399	0.022	-0.000926769832808989	-4.71238898038469e-05	9.948376736367679e-05	1.06325424	28.10219765	0.96075074	0.0774415926535898	0.0105649	0.00058
-0.0392	-0.0411	-0.0072	-0.0008412486994612669	-3.4906585039886588e-06	5.061454830783555e-05	1.31152213	34.66400909	1.04507977	0.04300117918517108	0.0119615	0.001
-0.0267	0.027	0.0535	-0.0011885692206081383	8.726646259971648e-06	4.363323129985824e-05	1.28101897	33.85779953	1.03483853	0.15962595714594044	0.0104324	0.00076
-0.0125	-0.0149	0.0747	-0.001500983156715123	-0.00014311699866353502	7.504915783575618e-05	1.21077991	32.00135422	0.97461979	0.10208367537831949	0.0112621	0.00106
-0.0101	0.0175	0.0412	-0.0011623892818282235	-9.948376736367679e-05	9.250245035569947e-05	1.21675396	32.15925217	1.00714102	0.08828401993533505	0.0119162	0.00097
-0.0182	-0.0279	0.028	-0.0008342673824532895	0.0001361356816555577	0.00015184364492350666	1.21944559	32.23039246	1.01905525	0.0978541271480988	0.0101584	0.00051
-0.022	-0.0651	0.0421	-0.0009791297103688187	-6.981317007977319e-05	0.00013439035240356338	1.09453547	28.92897034	0.96704988	0.07351322360854017	0.0101354	0.00068
-0.0257	-0.0041	0.0079	-0.0008499753457212384	-8.901179185171081e-05	0.00011519173063162575	1.35411322	35.78970718	1.03006363	0.10727758040957276	0.0126084	0.00085
-0.0166	-0.0001	0.0653	-0.0012339477811599909	-0.00011170107212763708	0.0001605702911834783	1.30489182	34.48876572	1.03265746	0.09310201381332656	0.0100278	0.00046
-0.0151	0.0172	0.0734	-0.0014381513036433276	-0.00024609142453120044	4.0142572795869576e-05	1.2160151	32.13972092	0.96319341	0.04985107966372545	0.01117	0.00056
-0.0186	-0.0406	0.0465	-0.0010978120995044332	-5.4105206811824215e-05	0.00017453292519943296	1.25451636	33.15732574	1.01107531	0.1215357887130917	0.0106367	0.00083
-0.0246	-0.0515	0.0513	-0.0007295476273336296	-3.665191429188092e-05	0.00023911010752322313	1.2198602	32.24134827	1.00069991	0.044214747350726856	0.00892508	0.00053
-0.0273	-0.0642	0.0356	-0.000460766922526503	-0.0001064650843716541	3.316125578789226e-05	1.20390069	31.8195343	1.01814035	0.05832713633111152	0.0105666	0.00113
-0.0306	-0.0584	0.0335	-0.0005846852994181004	-0.0001239183768915974	8.028514559173915e-05	1.26191962	33.35299683	1.03413962	0.020624777960769367	0.0111643	0.00114
-0.0178	-0.0048	0.0846	-0.0010140362954087054	-0.0002722713633111154	2.094395102393195e-05	1.22880006	32.47763443	1.02390484	0.14935225884889652	0.00897449	0.00049
-0.0155	0.0266	0.0746	-0.0006946410422937432	-0.0003351032163829112	-5.061454830783555e-05	1.27485466	33.69487381	0.97815865	0.06638928027592626	0.0103533	0.00058
-0.0182	0.0364	0.0345	-0.00041189770347066176	-0.00024609142453120044	5.235987755982988e-06	1.26992655	33.56462097	1.00264418	0.07398028333693055	0.0107279	0.00127
-0.0233	-0.1516	0.0394	-0.0005532693728822024	-0.00019547687622336493	7.155849933176751e-05	1.30471325	34.48404694	1.12423115	0.210915436464758	0.00915635	0.00086
-0.0299	-0.0489	0.0365	-0.0007592182246175333	-0.0002199114857512855	-1.3962634015954635e-05	1.10831463	29.29315948	1.00610631	0.1279952297305487	0.0104584	0.00058
-0.0299	0.0292	0.0081	-0.0006824237375297829	-0.00020943951023931956	-0.00010471975511965978	1.32750309	35.08639145	1.02671863	0.11540117918517107	0.0119951	0.0011
-0.0191	-0.0012	0.0795	-0.0008988445647770796	-0.00017802358370342162	-6.283185307179586e-05	1.30561757	34.50794983	1.04487398	0.12708623279155293	0.0102327	0.00093
-0.0233	0.0098	0.0878	-0.0012356931104119853	-0.00022340214425527416	-5.585053606381854e-05	1.07749438	28.47857094	0.96651841	0.04296042115973678	0.0100737	0.00075
-0.0286	-0.0605	0.0226	-0.000460766922526503	-0.0001937315469713706	-7.67944870877505e-05	1.28446388	33.94884872	1.01798031	0.1820770368096659	0.0112208	0.00076
-0.0398	-0.0841	0.0184	-0.0002129301687433082	-0.0001605702911834783	-0.00010297442586766544	1.27734566	33.76071167	1.01485803	0.054358897417550095	0.0102192	0.00082
-0.0422	-0.0381	0.0247	-0.0004433136300065597	-6.283185307179586e-05	-0.0001186823891356144	1.17025423	30.93024445	0.99779757	0.07189149313214413	0.0093174	0.0007
-0.0299	-0.049	0.0154	-0.0005567600313861911	-0.0002303834612632515	-0.00016231562043547262	1.42867017	37.76027298	1.01693804	0.048731562043547255	0.0112899	0.00096
-0.0283	-0.0331	0.0751	-0.0010245082709206715	-0.0002007128639793479	-8.203047484373349e-05	1.37619019	36.37320709	1.03965877	0.10608519912050617	0.00972784	0.00076
-0.0269	0.0041	0.0597	-0.0010000736613927507	-0.00020943951023931956	-5.759586531581287e-05	1.09533644	28.95014191	1.00199676	0.05687979326579064	0.00991738	0.00063
-0.0278	-0.0748	0.0206	-0.0007435102613495844	-0.000291469985083053	-4.363323129985824e-05	1.24116802	32.80452347	1.02514441	0.13652782544514272	0.0102642	0.00068
-0.0412	-0.0645	0.0074	-0.00011170107212763708	-0.0003351032163829112	-0.000158824961931484	1.29099226	34.12139511	1.04404595	0.07643170755767156	0.0105494	0.00104
-0.0377	-0.0031	0.0095	-0.0002844886680750757	-0.00013788101090755203	-0.0002199114857512855	1.19229567	31.51280785	1.05541693	0.08855481626212998	0.00942719	0.00065
-0.0285	-0.0009	0.046	-0.0006859143960337716	-0.0003211405823669566	-0.00020420352248333657	1.40559566	37.15040588	1.0227026	0.07791966313430246	0.0108373	0.00074
-0.0279	-0.0003	0.0733	-0.0009040805525330626	-0.00040840704496667313	-7.67944870877505e-05	1.31421244	34.73511505	1.00603417	0.05014208272472969	0.00992328	0.00083
-0.032	-0.067	0.0422	-0.0006126105674500097	-0.00028797932657906436	-0.00010995574287564276	1.12272477	29.67402649	0.995446	0.12415294796292768	0.00793558	0.00043
-0.0321	-0.0711	0.0339	-0.0007225663103256524	-0.0003577924966588376	-7.67944870877505e-05	1.07892776	28.51645279	0.95767408	0.023146508437165404	0.00979829	0.00046
-0.0411	-0.0258	0.0137	-0.000731292956585624	-0.000291469985083053	-0.0001239183768915974	1.20579422	31.86958122	1.00425444	0.08060865238198016	0.0106099	0.0006
-0.0352	-0.0906	0.0466	-0.0007225663103256524	-0.0002513274122871834	-9.250245035569947e-05	1.24449122	32.89235687	1.03491832	0.10761425727958694	0.00959736	0.00078
-0.0287	0.0445	0.0774	-0.0010733774899765126	-0.0003298672286269283	-0.00017278759594743863	1.20306385	31.79741669	1.07288508	0.1978818070791172	0.0102612	0.00068
-0.0317	-0.0309	0.0463	-0.0006318091892219474	-0.0002199114857512855	-9.599310885968811e-05	1.19302285	31.5320282	0.99424369	0.1409159265358979	0.0100986	0.00071
-0.0405	-0.0713	0.0088	8.203047484373349e-05	-0.000296705972839036	-0.000153588974175501	1.19464052	31.57478333	1.00211006	0.1291115008234622	0.0101026	0.00078
-0.0447	-0.0683	0.0306	-0.000153588974175501	-0.0002007128639793479	-0.00017278759594743863	1.2318908	32.55932236	0.99933549	0.04654055898254301	0.00878519	0.00049
-0.0409	-0.025	0.0049	-3.839724354387525e-05	-0.0002251474735072685	-0.00016406094968746698	1.47345388	38.94392395	1.03125109	0.0802176493209759	0.0121104	0.00124
-0.0347	0.0094	0.0683	-0.0002478367537831948	-0.0001239183768915974	2.4434609527920616e-05	1.43008924	37.79777908	1.04170368	0.12895820830351892	0.00920373	0.00054
-0.0359	-0.012	0.0736	-0.00041015237421866745	-0.0002303834612632515	2.792526803190927e-05	1.25907922	33.27792358	0.99808342	0.04151356816555578	0.0103495	0.00081
-0.0384	-0.0577	0.0282	-0.00011693705988362007	-0.00018500490071139895	1.5707963267948964e-05	1.23911798	32.75033951	1.0127178	0.111140558982543	0.00952446	0.00082
-0.0374	-0.0871	0.0417	-0.0001972222054753592	-0.00022340214425527416	-6.632251157578452e-05	1.23013699	32.51296997	1.01931643	0.05393564319896738	0.00813222	0.00042
-0.0255	-0.0677	0.0781	-0.001291543646475804	-0.0001186823891356144	-0.00021642082724729686	1.40689099	37.18464279	1.19698043	0.13515697558958084	0.0131024	0.00519
-0.0211	-0.0703	0.2132	0.000466002910282486	-0.000148352986419518	-0.000783652834145454	1.57920253	41.73889923	1.35767192	0.25982245804701753	0.0120479	0.00437
-0.0181	-0.0038	0.1027	0.0002373647782712288	-2.268928027592628e-05	-0.00028623399732707005	1.28941739	34.07977295	1.19711249	0.22258603374866165	0.00956261	0.00076
-0.0086	-0.0143	0.0892	0.0001012290966156711	-6.108652381980153e-05	-0.00018675022996339323	1.2498765	33.03469086	0.98581073	0.04720083462815549	0.00927973	0.00086
-0.0176	-0.0478	0.0405	0.00013264502315156904	6.9813170079773176e-06	2.268928027592628e-05	1.18716514	31.3772068	0.98964158	0.1066461638801498	0.00920266	0.00065
-0.0301	-0.0946	0.0495	0.00034208453339088857	-9.773843811168246e-05	-6.9813170079773176e-06	1.21267498	32.05144119	0.99944799	0.08549149313214414	0.00880498	0.00056
-0.0245	-0.0139	0.0479	3.665191429188092e-05	-8.028514559173915e-05	-6.9813170079773176e-06	1.14143395	30.16851425	1.00434059	0.10404429558094754	0.00880814	0.00049
-0.0226	-0.0191	0.0322	-0.00017278759594743863	-0.0001937315469713706	-7.155849933176751e-05	1.35368586	35.77841187	1.00771878	0.042173154697137054	0.0104026	0.00054
-0.0207	-0.0167	0.0847	7.853981633974481e-05	-0.0001361356816555577	-0.00015533430342749534	1.33534169	35.29356766	1.0212236	0.07643495408493621	0.00876737	0.00051
-0.0172	-0.0278	0.089	0.00017976891295541595	-0.0001972222054753592	-0.00016406094968746698	1.06534767	28.15752602	0.96113588	0.027452113334772207	0.00790411	0.00053
-0.0228	-0.0698	0.044	0.00038048177693476387	-0.0001675516081914556	-8.726646259971648e-05	1.21630704	32.14743805	0.98991862	0.1079588974175501	0.00895345	0.00057
-0.0267	-0.0739	0.0424	0.00062482787221397	-0.00017976891295541595	-6.45771823237902e-05	1.2469523	32.95740509	1.00122636	0.02356263401595463	0.00977468	0.00061
-0.0236	-0.0486	0.0569	0.0003717551306747922	-0.00017802358370342162	-0.0001675516081914556	1.16414833	30.76886368	0.98553891	0.06078962483294188	0.00774813	0.0004
-0.0189	-0.0247	0.0538	0.00047647488579445195	-0.0003717551306747922	-0.00032637657012293966	1.35728216	35.87346268	0.98886584	0.05456381320112572	0.00962943	0.00063
-0.0096	-0.0284	0.0884	0.001043706892692609	-0.0002199114857512855	-0.00041015237421866745	1.32835841	35.10899734	1.01205989	0.08774257279586958	0.00809199	0.00051
-0.022	-0.0832	0.0622	0.0012758356832078548	-0.0003316125578789226	-0.00040666171571467877	1.0750854	28.41489792	0.99369449	0.1107660260573436	0.00957084	0.00039
-0.0298	-0.1228	0.0302	0.0014067353771074296	-0.000439822971502571	-0.0004677482395344803	1.22697389	32.42936707	1.00308174	0.09440983156715123	0.00942755	0.0004
-0.0418	-0.0431	0.023	0.0015760323145508795	-0.00026354471705114377	-0.0004956735075663896	1.30723023	34.55057144	1.04216502	0.11757502299633932	0.00964659	0.0006
-0.0379	-0.0546	0.0258	0.0013753194505715315	-0.00034208453339088857	-0.0005480333851262194	1.11302388	29.41762543	0.97387029	0.03478062789394613	0.0086875	0.00057
-0.0364	-0.0459	0.0327	0.0012426744274199627	-0.0003316125578789226	-0.0005113814708343385	1.30259871	34.42815781	0.99351574	0.026088445647770776	0.0105304	0.00074
-0.0283	-0.0377	0.0915	0.0009180431865490173	-0.00024260076602721178	-0.00039968039870670147	1.29933953	34.34201813	1.01312845	0.10136720524251466	0.00831693	0.00058
-0.0341	-0.0884	0.0632	0.0009773843811168245	-0.00015707963267948963	-0.0003874630939427412	1.08949494	28.79574776	0.9773478	0.09265398163397448	0.00847191	0.00036
-0.0485	-0.1197	0.0263	0.001439896632895322	-7.853981633974481e-05	-0.0003630284844148205	1.23068833	32.52754211	1.0081406	0.11087433388230816	0.0103627	0.0009
-0.0608	-0.072	0.0274	0.0018867009214058703	-2.96705972839036e-05	-0.00030194196059501896	1.29227674	34.15534592	1.02026579	0.08893800156930953	0.00962281	0.00061
-0.0435	-0.0263	0.0339	0.0009965830028887623	-0.00026354471705114377	-0.0005916666164260777	1.13160145	29.908638	1.01034572	0.14018583470577037	0.0101441	0.00061
-0.0349	-0.0029	0.0644	0.000874409955249159	-0.00039793506945470715	-0.0005235987755982988	1.29125226	34.1282692	0.99194268	0.07873156204354728	0.0103774	0.00081
-0.0375	-0.0244	0.0894	0.0009128071987930344	-0.00020594885173533088	-0.0003298672286269283	1.28982186	34.09046173	1.00286019	0.0703057504117311	0.00914156	0.0006
-0.0504	-0.1117	0.0652	0.0012217304763960308	-0.00026354471705114377	-0.0005288347633542819	1.09443688	28.9263649	1.00102514	0.1526743338823081	0.00794029	0.00049
-0.0525	-0.066	0.0529	0.0009546951008408983	-0.0004363323129985824	-0.0006492624817418905	1.30819786	34.57614517	0.97607898	0.08811253449450898	0.0100453	0.00071
-0.0573	-0.0687	0.0516	0.0009564404300928925	-0.00019896753472735358	-0.0005567600313861911	1.31087935	34.64701843	0.99752349	0.02538062789394612	0.00995553	0.00093
-0.042	-0.0596	0.074	0.00091106186954104	-0.00035430183815484887	-0.0005288347633542819	1.13790834	30.07533264	0.99003421	0.05823190660056284	0.00837487	0.00051
-0.0291	-0.0425	0.1014	0.0007190756518216638	-0.0004904375198104066	-0.0005707226654021458	1.29489982	34.22467422	0.99495716	0.0759004900711399	0.0106195	0.00088
-0.0325	-0.0452	0.1081	0.0007086036763096977	-0.0002513274122871834	-0.0004206243497306334	1.30673742	34.53754807	1.0190789	0.03278401993533507	0.0100706	0.00081
-0.0396	-0.0823	0.0841	0.000874409955249159	-0.0002548180707911721	-0.00047647488579445195	1.10124731	29.10636902	0.97462373	0.07945737367536344	0.00870579	0.00058
-0.0437	-0.1373	0.0726	0.0007539822368615504	-0.0003647738136668148	-0.000577703982410123	1.27920604	33.80988312	0.97507641	0.08718062789394611	0.0102264	0.00092
-0.0474	-0.0641	0.0604	0.0008569566627292158	-0.00021642082724729686	-0.0005044001538263612	1.27201796	33.61989975	1.01524344	0.10533156204354724	0.010354	0.00082
-0.0393	-0.0765	0.098	0.0005148721293383271	-0.00029496064358704166	-0.0004747295565424576	1.18538034	31.33003426	1.00294961	0.08061474735072684	0.00828701	0.00057
-0.0349	-0.0321	0.1172	0.0002548180707911721	-0.0004328416544945937	-0.0004747295565424576	1.26041663	33.31327057	0.97372891	0.08789675347273536	0.00911409	0.0005
-0.0361	-0.0826	0.1026	0.0006126105674500097	-0.00040840704496667313	-0.0004729842272904633	1.25097811	33.06380844	0.99937491	0.08549862177193762	0.00871027	0.00051
-0.0462	-0.1246	0.0821	0.0009756390518648303	-0.0003577924966588376	-0.0005323254218582705	1.18818283	31.40410423	1.00082705	0.09624921136452312	0.0074681	0.0004
-0.0484	-0.0528	0.0566	0.0007941248096574199	-0.00041538836197465044	-0.0006527531402458793	1.11146319	29.37637711	0.99072087	0.1174768912955416	0.00884938	0.00036
-0.0536	-0.0642	0.0181	0.0009232791743050004	-0.00041189770347066176	-0.0006510078109938849	1.26122701	33.33469009	1.01378965	0.06181951762017817	0.00988543	0.00076
-0.0516	-0.0985	0.0819	0.0005305800926062762	-0.00046425758103049166	-0.0006161012259539982	1.25101638	33.06481934	1.02020084	0.12409827721492205	0.00729102	0.00032
-0.0426	-0.0704	0.1178	0.0002303834612632515	-0.0006265732014659643	-0.0005550147021341969	1.27148831	33.60589981	0.97769285	0.0991799387799149	0.00875729	0.00063
-0.0438	-0.0649	0.093	0.0005305800926062762	-0.0005375614096142535	-0.0004886921905584122	1.27797377	33.77731323	1.00659727	0.054276546738526006	0.0088104	0.00079
-0.0475	-0.1242	0.0695	0.0006998770300497262	-0.00033684854563490564	-0.00037350045992678646	1.21210921	32.03648758	1.02724542	0.11076007660272116	0.00747222	0.00042
-0.0527	-0.1325	0.0631	0.0005393067388662478	-0.0004921828490624009	-0.0005323254218582705	1.13601732	30.02535057	0.97768348	0.04363647782712288	0.00903726	0.00057
-0.0565	-0.0475	0.0255	0.0006946410422937432	-0.0003769911184307752	-0.0005585053606381855	1.26698625	33.48690796	1.03602903	0.14123529864195183	0.00947583	0.0009
-0.0506	-0.0898	0.0776	0.00045902159327450867	-0.00045553093477052	-0.0005811946409141118	1.25555444	33.18476105	1.02836693	0.1171424272817453	0.00728601	0.00039
-0.0451	-0.094	0.1206	0.00012042771838760874	-0.0006754424205218055	-0.0005427973973702365	1.28386295	33.93296432	0.99837355	0.08254513020910302	0.00938386	0.0006
-0.0469	-0.0757	0.0967	0.00034557519189487725	-0.0005567600313861911	-0.0005078908123303499	1.28206849	33.88553619	1.02388097	0.06293682238413847	0.00874311	0.00086
-0.0684	-0.0267	0.0385	0.0009302604913129776	-0.0004310963252425994	-0.0006736970912698113	1.22266304	32.31542969	1.03516246	0.17250776422505767	0.00810534	0.00056
-0.0642	-0.1379	0.0514	0.0004677482395344803	-0.0005445427266222308	-0.0006928957130417488	1.17392576	31.02728462	1.04612711	0.15805786374650332	0.0096572	0.00058
-0.0644	-0.0948	0.026	0.00047647488579445195	-0.0004974188368183839	-0.0007330382858376184	1.28902769	34.06947327	1.0239847	0.07349965544298441	0.0107034	0.00111
-0.0602	-0.0121	0.1088	0.0001256637061435917	-0.0005951572749300663	-0.0006632251157578452	1.32484639	35.01617432	1.09490438	0.1956181393921158	0.00807029	0.00046
-0.052	-0.0701	0.1331	-9.250245035569947e-05	-0.0007819075048934597	-0.000635299847725936	1.20883751	31.95001602	0.98447464	0.11214208272472968	0.00928509	0.0005
-0.0615	-0.1004	0.0609	0.0004904375198104066	-0.0005724679946541401	-0.0005707226654021458	1.25593114	33.19471741	1.04439213	0.15484783313646075	0.00919414	0.00056
-0.0731	-0.0908	0.0393	0.0007749261878854823	-0.0004328416544945937	-0.0007086036763096977	1.215873	32.13596725	1.00649299	0.07089980095710871	0.00768691	0.00056
-0.0661	-0.0782	0.0369	0.0005393067388662478	-0.0005235987755982988	-0.0007243116395776468	1.09459317	28.93049622	0.9629915	0.03910422666954442	0.00881702	0.00039
-0.0698	-0.033	0.0159	0.0007208209810736582	-0.0005009094953223725	-0.0007190756518216638	1.34669697	35.59369278	1.03306504	0.08037197551196598	0.0109311	0.00099
-0.0599	-0.0507	0.1119	0.00010471975511965978	-0.0006562437987498679	-0.0005637413483941684	1.31828499	34.84275436	1.05102274	0.16993849164044947	0.00782931	0.00053
-0.0508	-0.0012	0.1178	5.235987755982988e-06	-0.0007243116395776468	-0.0006300638599699529	1.17220604	30.98183441	0.97780344	0.076193705988362	0.00930697	0.00054
-0.0632	-0.0819	0.049	0.0005707226654021458	-0.0006492624817418905	-0.0006562437987498679	1.23317349	32.59322357	1.04205407	0.1952357887130917	0.00877422	0.00067
-0.0688	-0.1371	0.0421	0.0006667157742618339	-0.0004677482395344803	-0.0006911503837897545	1.22742665	32.44133377	1.00847556	0.08332069680534925	0.00848711	0.00076
-0.0686	-0.0833	0.0353	0.0003787364476827695	-0.0004310963252425994	-0.0007173303225696694	1.13173842	29.91226006	0.99786581	0.07834055898254302	0.00846958	0.00046
-0.0612	-0.0989	0.0398	0.0003211405823669566	-0.0005096361415823442	-0.0007033676885537148	1.3889153	36.70953751	1.00433605	0.03500491578357562	0.00987136	0.00047
-0.0592	-0.0491	0.1091	9.599310885968811e-05	-0.0005724679946541401	-0.0006056292504420323	1.3540585	35.78826141	1.04757266	0.14038588823453735	0.00852352	0.00038
-0.0585	-0.0383	0.1219	-2.268928027592628e-05	-0.00062482787221397	-0.0006056292504420323	1.1108228	29.35945129	0.99887969	0.032852113334772205	0.00832468	0.00054
-0.0592	-0.0485	0.0394	0.0009180431865490173	-0.0005393067388662478	-0.0006283185307179585	1.29554737	34.24179077	1.04907345	0.1458471440224296	0.0104607	0.00051
-0.0767	-0.1431	0.0413	0.0002844886680750757	-0.0005096361415823442	-0.0007138396640656808	1.30351532	34.45238495	1.04892871	0.1514373124552784	0.00883412	0.0006
-0.0749	-0.0739	0.0518	5.235987755982988e-06	-0.0005602506898901797	-0.0007993607974134029	1.15983951	30.65498161	0.99594635	0.10226941809873252	0.0077669	0.00053
-0.0672	-0.0808	0.04	-0.0001012290966156711	-0.0005899212871740833	-0.000710349005561692	1.37926996	36.45460892	0.9871065	0.03765737367536343	0.00973874	0.00065
-0.0638	-0.0553	0.1149	-0.00024260076602721178	-0.0005044001538263612	-0.0005619960191421741	1.35234249	35.74290466	1.02686313	0.12256228945893904	0.00825769	0.00039
-0.056	-0.02	0.1272	-0.0003874630939427412	-0.000661479786505851	-0.0005078908123303499	1.09278274	28.88264465	0.97393879	0.07320235837034218	0.00861132	0.00051
-0.064	-0.0623	0.0514	0.0001256637061435917	-0.0005148721293383271	-0.0005811946409141118	1.26302612	33.3822403	1.02873504	0.16275191429188096	0.00903702	0.00057
-0.074	-0.0993	0.0387	0.0002583087292951608	-0.00048345620280242926	-0.0005567600313861911	1.28101873	33.8577919	1.00800192	0.06912477796076938	0.0100533	0.0004
-0.0699	-0.1004	0.0474	-7.853981633974481e-05	-0.00042760566673861073	-0.0006038839211900379	1.11877418	29.5696106	0.97012099	0.03589114857512855	0.0081569	0.00039
-0.0686	0.0051	0.0353	1.5707963267948964e-05	-0.0005742133239061344	-0.0006719517620178169	1.37700796	36.39482117	1.04314648	0.13434616388014983	0.0108457	0.00096
-0.0641	-0.0744	0.1131	-0.00033335788713091696	-0.0005148721293383271	-0.0005358160803622592	1.35474014	35.80627441	1.06940116	0.18902713633111157	0.0082432	0.00063
-0.0634	-0.0617	0.1299	-0.00047123889803846896	-0.0006126105674500097	-0.0005131268000863328	1.06196165	28.06803322	0.96013387	0.04311543646475804	0.00798559	0.0006
-0.0662	-0.1187	0.0782	2.6179938779914945e-05	-0.0005759586531581287	-0.0004939281783143952	1.23571956	32.66051865	0.99915458	0.1391634686441101	0.00910532	0.00043
-0.0774	-0.1537	0.0331	0.0014381513036433276	-0.0005375614096142535	-0.000582939970166106	1.33298767	35.23134995	1.14527681	0.16826902001294997	0.0110716	0.00438
-0.088	-0.1552	0.0404	0.0014643312424232424	-0.000307177948351002	-0.0006579891280018621	1.2750777	33.70076752	1.05919281	0.03598062789394613	0.0105347	0.00437
-0.0681	-0.1567	0.062	0.0006527531402458793	-0.0005166174585903216	-0.0007976154681614085	1.37726688	36.40166473	1.01612018	0.10103219762881144	0.0116107	0.00362
-0.0653	-0.1219	0.0807	0.000614355896702004	-0.0004206243497306334	-0.0006649704450098395	1.3026464	34.42942047	1.026303	0.06965176877775664	0.0111871	0.00452
-0.0628	-0.1094	0.0062	0.0011274826967883368	0.000466002910282486	-0.0005759586531581287	1.27098191	33.59251404	1.11743641	0.16393829259755816	0.0122999	0.00661
-0.0672	-0.2192	-0.0012	0.0014800392056911916	-2.268928027592628e-05	-0.000853466004225227	1.22971416	32.50179291	1.06860665	0.1775378025264183	0.0141263	0.00556
-0.0682	-0.148	-0.0226	0.0013665928043115599	4.537856055185256e-05	-0.0006841690667817771	1.29741895	34.29125595	1.06619355	0.11114055898254303	0.0123574	0.00382
-0.0566	-0.076	0.042	0.0007923794804054256	-1.0471975511965975e-05	-0.0004049163864626844	1.27836287	33.78759766	1.06779701	0.19366582701445223	0.00904125	0.00106
-0.051	-0.0208	0.0605	0.0003769911184307752	-0.00017627825445142725	-0.00041015237421866745	1.3692162	36.18888474	1.01201454	0.10862153143350473	0.0104648	0.00121
-0.0524	-0.0627	0.0395	0.0005288347633542819	-0.00014311699866353502	-0.00022340214425527416	1.31822991	34.84129715	1.03014515	0.08288775653373961	0.00925249	0.00076
-0.0599	-0.1523	0.0387	0.0006265732014659643	-0.0002181661564992912	-0.0003089232776029963	1.21709549	32.16827774	1.02533114	0.11081543646475801	0.00788397	0.00039
-0.0586	-0.164	0.0442	0.0006161012259539982	-0.00026878070480712676	-0.00039269908169872416	1.13193142	29.91736031	0.96659348	0.025743116395776495	0.00987691	0.00054
-0.0607	-0.105	0.0197	0.0006544984694978735	-0.0002443460952792061	-0.00035604716740684323	1.2759459	33.72371674	1.03270154	0.09057418836818384	0.0106843	0.00078
-0.0549	-0.0686	0.088	0.00023212879051524583	-0.000322885911618951	-0.0003438298626428829	1.25401461	33.14406204	1.0184729	0.13615634000431664	0.00790155	0.00056
-0.0537	-0.0755	0.0929	8.726646259971648e-05	-0.0003577924966588376	-0.00040666171571467877	1.25344753	33.1290741	0.97395533	0.0251300383013606	0.00989109	0.00103
-0.0608	-0.1471	0.0401	0.0005375614096142535	-0.00028797932657906436	-0.000312413936106985	1.27832186	33.78651428	1.0433519	0.1622177948351002	0.0095529	0.00082
-0.0664	-0.1246	0.0482	0.0006754424205218055	-0.0001972222054753592	-0.0004380776422505767	1.1986953	31.68195343	0.98585251	0.05391509190774245	0.00819016	0.00061
-0.0665	-0.1177	0.0429	0.0006161012259539982	-0.0002617993877991494	-0.0004729842272904633	1.10913074	29.31472969	0.96138594	0.020241248096574207	0.0105104	0.00065
-0.0696	-0.0876	0.0448	0.0006265732014659643	-0.00027925268031909274	-0.00047647488579445195	1.24956989	33.02658844	1.00007731	0.036670796326794895	0.00993156	0.00099
-0.0635	-0.0705	0.0714	0.002516764781375823	-0.00021642082724729686	-0.0001308996938995747	1.44966292	38.3151207	1.26777326	0.1647299312438266	0.0130276	0.00789
0.0194	-0.1308	0.1273	0.01000946326018748	0.0005619960191421741	0.00031415926535897925	1.85291541	48.97322845	1.9739336	0.6349087142229841	0.0359406	0.07168
0.012	-0.1852	0.1586	0.009108873366158406	0.0001361356816555577	-0.0001832595714594046	1.35898137	35.91837311	1.25862197	0.18429345341670375	0.0320799	0.05045
0.0002	-0.3564	0.047	0.007763224512870777	0.00016929693744344995	0.00015184364492350666	1.44873857	38.29068756	1.3573877	0.3802956662729216	0.0283766	0.03194
-0.0059	-0.4415	0.0998	0.0075450583563714865	-0.0004049163864626844	0.0002199114857512855	1.23234701	32.57138062	1.1170047	0.1870223660616602	0.030968	0.03955
-0.0056	-0.2934	0.0648	0.007351326809400116	-0.0004049163864626844	0.001001818990644745	1.44579661	38.21293259	1.24595925	0.23218195259324148	0.0250781	0.02626
-0.0208	-0.2816	0.0035	0.006969099703213358	-0.00041189770347066176	0.00038571776469074686	1.28101885	33.85779572	1.11748353	0.1385654824574367	0.0216171	0.01638
-0.0297	-0.2747	-0.0043	0.006042329870404369	-0.00047123889803846896	0.0001308996938995747	1.19301414	31.53179741	1.00881378	0.08564645490839838	0.019087	0.01051
-0.0392	-0.1928	-0.0058	0.005630432166933707	-0.0002670353755551324	0.00011693705988362007	1.29422772	34.20690918	1.05780035	0.12440319299849768	0.0165909	0.00661
-0.0327	-0.2367	0.0312	0.005279620987282846	-0.0005078908123303499	6.806784082777885e-05	1.16415858	30.76913643	1.04294123	0.11942679177409594	0.0146608	0.00428
-0.0344	-0.2091	0.0582	0.0051399946471233	-0.0007417649320975902	-3.665191429188092e-05	1.31070685	34.64245987	1.00755382	0.08021101075232227	0.0163711	0.00426
-0.046	-0.24	0.04	0.005447172595474302	-0.0005619960191421741	-2.96705972839036e-05	1.28812945	34.04573059	1.03286	0.08539640891571974	0.0163986	0.00549
-0.0458	-0.2717	0.0427	0.005258677036258915	-0.0005567600313861911	-0.00012217304763960306	1.1185118	29.56267357	0.98981783	0.04891169986635348	0.015347	0.00499
-0.0467	-0.2138	0.0214	0.0051557026103912496	-0.0006702064327658224	-0.00022165681500327985	1.37500226	36.34181213	1.01650076	0.09589522973054868	0.0165614	0.00462
-0.0552	-0.2069	0.0367	0.004937536453891958	-0.0005393067388662478	-0.0001308996938995747	1.3116889	34.66841507	1.01520595	0.05269114857512856	0.01548	0.00419
-0.0579	-0.1698	0.0383	0.004787438138220445	-0.0005445427266222308	-0.0001064650843716541	1.09358406	28.90382576	0.98772527	0.050388445647770806	0.0146059	0.00375
-0.0585	-0.1231	0.0229	0.005279620987282846	-0.000778416846389471	-0.000158824961931484	1.2779609	33.77697372	1.0502036	0.10162084231947353	0.018579	0.00798
-0.0541	-0.1861	0.0892	0.004876449930072156	-0.0005532693728822024	6.981317007977319e-05	1.31101584	34.65062714	1.07163437	0.17654783313646075	0.0170276	0.00558
-0.0499	-0.2309	0.078	0.0046041785667610404	-0.0007086036763096977	-0.00012740903539558605	1.08151102	28.58473206	0.99665516	0.09144139361069854	0.0191298	0.00605
-0.0422	-0.1985	0.0631	0.004494222823885398	-0.0008412486994612669	-0.00028797932657906436	1.2729969	33.64577103	1.01057621	0.07515855286053447	0.0187376	0.00841
-0.0503	-0.246	0.0866	0.004347615166717875	-0.0007155849933176752	-0.00024085543677521747	1.30819333	34.57602692	1.03705783	0.09506976265574808	0.0181924	0.00821
-0.0502	-0.2165	0.1044	0.0038397243543875246	-0.0008709192967451704	-0.00026878070480712676	1.07964456	28.53540039	1.00777563	0.08195751918948771	0.0162784	0.00654
-0.0539	-0.1692	0.0857	0.0038501963298994907	-0.0010088003076527223	-0.0003944444109507184	1.30902386	34.59797668	1.01216511	0.0834008346281555	0.0177615	0.00715
-0.0561	-0.2569	0.114	0.003652974124424132	-0.0008395033702092724	-0.0003961897402027128	1.30733871	34.55344009	1.0343304	0.1366132236085402	0.0177558	0.00738
-0.0465	-0.1981	0.1628	0.003454006589696778	-0.001064650843716541	-0.00041189770347066176	1.08524573	28.68343925	1.00204701	0.13919114857512857	0.0165546	0.00681
-0.0495	-0.172	0.1331	0.0035395277230445004	-0.00102799892942466	-0.0005131268000863328	1.27398956	33.67200851	1.02218466	0.06997010721276374	0.0173909	0.00647
-0.0564	-0.2172	0.138	0.0034993851502486306	-0.0009424777960769379	-0.0004520402762665313	1.26403356	33.40886688	1.00959525	0.0663375114981697	0.0166146	0.00662
-0.0564	-0.138	0.1454	0.003227113786937515	-0.0010768681484805013	-0.0004537856055185257	1.12305844	29.68284416	1.00819721	0.10702035224833364	0.0160075	0.00644
-0.0613	-0.1628	0.1245	0.003897320219703338	-0.0010349802464326373	-0.00023387411976724014	1.28524971	33.96961975	1.07080819	0.09720029102824862	0.018935	0.0085
-0.0481	-0.1638	0.1729	0.0030700341542580253	-0.001117010721276371	-0.0004677482395344803	1.29595947	34.25268173	1.04914778	0.11975953300281432	0.0159949	0.00577
-0.0409	-0.2133	0.1513	0.0027925268031909274	-0.0011780972450961724	-0.0005550147021341969	1.22194338	32.29640961	1.0254806	0.09959301687433078	0.015599	0.00424
-0.046	-0.1752	0.15	0.0029914943379182805	-0.0011623892818282235	-0.0006126105674500097	1.24515939	32.91001511	1.02053672	0.05811356816555575	0.0156844	0.00434
-0.0437	-0.2468	0.1882	0.0025603980126756814	-0.001239183768915974	-0.000645771823237902	1.24143088	32.81147003	1.03116675	0.13915260340591207	0.0151019	0.00345
-0.0473	-0.2117	0.163	0.002281145332356589	-0.0012601277199399059	-0.0005969026041820607	1.19222271	31.51087952	0.98934813	0.08135329251994326	0.0145154	0.00277
-0.0543	-0.1893	0.149	0.002647664475275398	-0.0011519173063162574	-0.0005253441048502931	1.25198984	33.09054947	1.03049251	0.07071440279371127	0.0143505	0.00266
-0.0436	-0.1776	0.1705	0.0022008601867648495	-0.0012479104151759456	-0.00045902159327450867	1.22579932	32.39832306	1.02625744	0.0743559954473011	0.0137892	0.00157
-0.0437	-0.2113	0.1555	0.0022863813201125715	-0.0013439035240356337	-0.0005916666164260777	1.22185695	32.2941246	0.97838632	0.06450796326794896	0.0131102	0.00178
-0.0505	-0.1894	0.144	0.0025987952562195565	-0.001223475805648025	-0.0005532693728822024	1.25704682	33.22420502	1.00663532	0.06376194490192344	0.0126286	0.00139
-0.0431	-0.1797	0.1948	0.002373647782712288	-0.0012304571226560022	-0.0005951572749300663	1.1744498	31.04113579	1.00951023	0.08160083462815548	0.0117703	0.00129
-0.042	-0.1728	0.2174	0.0021624629432209744	-0.0013578661580515882	-0.0005951572749300663	1.12191474	29.65261459	0.97862689	0.047529693744344986	0.0133909	0.00161
-0.0445	-0.2283	0.1725	0.0024766222085799536	-0.0012531464029319286	-0.0006387905062299246	1.15552402	30.54092026	1.00436343	0.1260256125889249	0.0129192	0.00129
-0.0549	-0.3114	0.1482	0.0026040312439755396	-0.0013124875974997359	-0.000577703982410123	1.17724562	31.1150322	1.02697131	0.1301918376891597	0.0146273	0.00232
-0.0645	-0.2001	0.1441	0.002515019452123829	-0.0013159782560037243	-0.0006719517620178169	1.19570041	31.60279846	1.06349728	0.13433751149816964	0.0110075	0.00093
-0.0665	-0.2297	0.1403	0.002258456052080662	-0.0012897983172238095	-0.0006213372137099814	1.0477469	27.69233131	0.96636069	0.052067894356545845	0.0129929	0.00138
-0.0639	-0.1601	0.1634	0.0025045474766118626	-0.0012339477811599909	-0.0005445427266222308	1.32534683	35.02939987	1.10197575	0.11423682238413849	0.0124946	0.0015
-0.0497	-0.1547	0.1839	0.002090904443889207	-0.0012322024519079964	-0.0004974188368183839	1.19905818	31.69154549	1.02486653	0.06322561258892485	0.0132908	0.00111
-0.0522	-0.2617	0.1208	0.002432988977280095	-0.0011746065865921838	-0.0005550147021341969	1.28783679	34.03799438	1.04817444	0.19546381320112569	0.0129892	0.0016
-0.0562	-0.336	0.1155	0.0026930430358272505	-0.0012042771838760874	-0.0005166174585903216	1.27797914	33.77745438	1.0294578	0.10000609496874675	0.0137622	0.00217
-0.0646	-0.2702	0.1021	0.002363175807200322	-0.00119729586686811	-0.0006440264939859076	1.15383613	30.49631119	1.02247238	0.11081287905152463	0.0120068	0.00097
-0.0537	-0.1794	0.1155	0.0024853488548399255	-0.0011938052083641214	-0.0005916666164260777	1.3656857	36.09556961	1.04912864	0.1240011791851711	0.0117998	0.0009
-0.0468	-0.1475	0.1907	0.002150245638457014	-0.0011519173063162574	-0.00047822021504644627	1.3301214	35.15559387	1.03449739	0.13852187599052035	0.0109915	0.00093
-0.0462	-0.1789	0.1678	0.002333505209916419	-0.0011833332328521555	-0.000598647933434055	1.12373543	29.700737	0.98938443	0.0716551608191456	0.0117865	0.0009
-0.0554	-0.2928	0.1145	0.002239257430308725	-0.001322959573011702	-0.0005305800926062762	1.22801161	32.45679474	1.06993023	0.19149709802975096	0.0126599	0.00138
-0.0617	-0.2563	0.1057	0.0019879300180215415	-0.0010419615634406148	-0.0005497787143782138	1.27042389	33.57776642	1.03117628	0.07917620218151043	0.0101718	0.00086
-0.0654	-0.162	0.0777	0.0016179202165987434	-0.0010803588069844899	-0.0006492624817418905	1.14831388	30.35035515	1.01356447	0.15139454061651747	0.00898659	0.00035
-0.0578	-0.1563	0.1535	0.001593485607070823	-0.0013107422682477415	-0.0006021385919380437	1.30494297	34.49011993	1.05874576	0.10419709802975095	0.0106927	0.00104
-0.0495	-0.1618	0.2129	0.0011065387457644049	-0.0012671090369478833	-0.0005131268000863328	1.28414345	33.9403801	1.04854404	0.10417959422289937	0.0120004	0.0011
-0.05	-0.2242	0.1782	0.0014765485471872027	-0.001254891732183923	-0.0006440264939859076	1.12041855	29.61307144	1.03816452	0.12325634000431668	0.0116408	0.00083
-0.0632	-0.2905	0.1421	0.0016301375213627037	-0.001403244718603441	-0.0006579891280018621	1.168944	30.89561653	1.01961698	0.13139522973054862	0.0126749	0.00139
-0.0825	-0.2189	0.1128	0.0016877333866785165	-0.0012531464029319286	-0.0007068583470577034	1.27556014	33.71352005	1.0570656	0.1330281700021583	0.010727	0.00095
-0.0763	-0.2184	0.1372	0.0014224433403753785	-0.0012863076587198209	-0.0007400196028455958	1.1422286	30.18951988	1.01317828	0.04768062789394612	0.0101757	0.00085
-0.069	-0.144	0.1591	0.001324704902263696	-0.001298524963483781	-0.000593411945678072	1.34220922	35.47507858	1.03017187	0.11642817000215834	0.0111699	0.00113
-0.0629	-0.112	0.1705	0.0011746065865921838	-0.0011641346110802177	-0.0005044001538263612	1.29486239	34.22368622	1.02924478	0.06817502299633933	0.0106372	0.00099
-0.0618	-0.2428	0.1333	0.0014486232791552935	-0.0011955505376161158	-0.0005742133239061344	1.17906713	31.16317368	1.07829629	0.18786228945893904	0.0104977	0.001
-0.0621	-0.2841	0.1301	0.001462585913171248	-0.0013753194505715315	-0.0006213372137099814	1.25530457	33.17815781	0.98660848	0.056842771838760894	0.0133524	0.00146
-0.073	-0.2228	0.1167	0.001837831702350029	-0.0010733774899765126	-0.0006597344572538566	1.36597252	36.10315323	1.06586307	0.12137924966588376	0.0110472	0.00104
-0.0702	-0.1968	0.113	0.0015917402778188286	-0.0011571532940722405	-0.0007278022980816354	1.17632484	31.09069443	0.99729202	0.05239675347273534	0.00979865	0.00082
-0.0588	-0.2044	0.148	0.0013997540600994523	-0.0012897983172238095	-0.000609119908946021	1.25496399	33.16915512	1.00215407	0.07616568150032799	0.0114391	0.0011
-0.0591	-0.1455	0.1861	0.0012636183784438947	-0.0011763519158441782	-0.0005183627878423159	1.29022348	34.10107803	1.03436882	0.11431696020694468	0.0102103	0.00064
-0.063	-0.1945	0.1371	0.001785471824790199	-0.001090830782496456	-0.000598647933434055	1.06732583	28.20981216	0.98624961	0.1362829862642883	0.00976664	0.00063
-0.0698	-0.3363	0.1191	0.002005383310541485	-0.0012025318546240932	-0.0007539822368615504	1.27878404	33.79872894	1.06585185	0.19094734306532088	0.0139372	0.00163
-0.0781	-0.2733	0.127	0.0021380283336930534	-0.0010471975511965976	-0.0007155849933176752	1.3142755	34.73678207	1.02846764	0.09551882850614696	0.0119076	0.00131
-0.081	-0.1785	0.1235	0.002005383310541485	-0.001054178868204575	-0.0007539822368615504	1.18165016	31.23144341	1.03533739	0.11010117918517104	0.00980985	0.00058
-0.0731	-0.1001	0.1257	0.0020839231268812296	-0.001155407964820246	-0.0007155849933176752	1.29857528	34.32181931	1.02705746	0.09940830782496454	0.010902	0.00083
-0.0645	-0.2006	0.1767	0.0016004669240788003	-0.0010314895879286487	-0.0005235987755982988	1.30611646	34.52113342	1.06694067	0.20006803987067012	0.0104429	0.00075
-0.0635	-0.1987	0.1345	0.001891936909161853	-0.0010157816246606998	-0.0006335545184739417	1.16600704	30.81799126	0.9912497	0.06595668456133223	0.0108752	0.00074
-0.0639	-0.2623	0.1194	0.001998401993533507	-0.0010629055144645468	-0.0005096361415823442	1.21867061	32.20990753	1.01610331	0.09297536755335489	0.0123893	0.00121
-0.0686	-0.2175	0.1413	0.0018971728969178364	-0.0009704030641088471	-0.0005445427266222308	1.27177811	33.61355972	1.03553438	0.08283190660056282	0.0107018	0.00071
-0.0614	-0.2209	0.1432	0.0017872171540421933	-0.0010890854532444615	-0.0005654866776461627	1.35132265	35.71595001	0.99022103	0.024979104151759465	0.0119168	0.0009
-0.0578	-0.1421	0.1859	0.0016039575825827887	-0.0009651670763528643	-0.000466002910282486	1.37031913	36.21803284	1.07613778	0.145433085785734	0.0117159	0.00099
-0.0587	-0.1699	0.201	0.0016790067404185449	-0.0010157816246606998	-0.0005759586531581287	1.15229368	30.45554161	1.00961518	0.05558097245096172	0.0109033	0.00095
-0.0586	-0.2843	0.1359	0.0027942721324429216	-0.0013892820845874865	-0.0007225663103256524	1.29322708	34.18046188	1.09288915	0.2613686754559344	0.0156847	0.00206
-0.0647	-0.272	0.0715	0.001811651763570114	-0.0008080874436733745	-0.0007417649320975902	1.31375325	34.72297668	1.10301842	0.16195068157794285	0.0116689	0.00102
-0.0601	-0.0909	0.096	0.001556833692778942	-0.000874409955249159	-0.0007016223593017205	1.29484153	34.22313309	1.11666464	0.22826415775814135	0.00800973	0.0005
-0.0465	-0.1639	0.1522	0.0013316862192716734	-0.0011327186845443199	-0.0006562437987498679	1.2940166	34.20133209	1.01946878	0.16924173816771407	0.0101734	0.00083
-0.0526	-0.1838	0.1596	0.0014556045961632708	-0.0010471975511965976	-0.0005218534463463045	1.2853862	33.97322464	1.01654606	0.050591493132144144	0.0104609	0.00082
-0.0613	-0.19	0.1199	0.0016336281798666925	-0.0009930923443847736	-0.0005148721293383271	1.11858368	29.5645752	0.98549135	0.06655550537616116	0.00840044	0.00057
-0.0707	-0.2451	0.1041	0.001583013631558857	-0.0012077678423800758	-0.0006632251157578452	1.23112559	32.53909683	0.97828711	0.1009821516361328	0.0109344	0.00088
-0.0745	-0.1459	0.0818	0.0017139133254584315	-0.0010663961729685354	-0.0005951572749300663	1.29219472	34.15317917	1.05427101	0.1423169602069447	0.00933713	0.00083
-0.0658	-0.1709	0.1405	0.0013997540600994523	-0.0011693705988362008	-0.0005061454830783556	1.22094822	32.27010727	1.02341993	0.11770727415391775	0.00831836	0.00053
-0.0596	-0.1716	0.1786	0.0011676252695842063	-0.0014154620233674013	-0.0005515240436302081	1.24068487	32.79175186	0.97402091	0.07117993877991495	0.0107493	0.00078
-0.0618	-0.2356	0.14	0.0015969762655748114	-0.0011519173063162574	-0.0005270894341022875	1.2610203	33.32922745	1.03979776	0.1406665161284835	0.0110201	0.00093
-0.07	-0.2388	0.1265	0.001932079481957723	-0.0009843656981248017	-0.0005846852994181004	1.1849401	31.31839752	1.00418805	0.05291253449450904	0.00969005	0.00058
-0.0715	-0.2055	0.129	0.0017976891295541592	-0.0010454522219446034	-0.0006178465552059926	1.09229195	28.86967468	0.97427486	0.048731906600562896	0.0105644	0.00078
-0.0886	-0.108	0.0919	0.0021537362969610025	-0.0009686577348568529	-0.000593411945678072	1.29414356	34.20468521	1.05512751	0.1745638132011257	0.0105616	0.00078
-0.068	-0.1858	0.1587	0.001504473815219112	-0.0010559241974565693	-0.0005305800926062762	1.27829158	33.7857132	1.04292015	0.20516803987067017	0.00946885	0.00065
-0.0589	-0.1739	0.1791	0.0011850785621041497	-0.001218239817892042	-0.000598647933434055	1.28083944	33.85305405	0.98885719	0.06888893571891068	0.0112886	0.00071
-0.0587	-0.1881	0.1523	0.0015271630954950383	-0.0010349802464326373	-0.0004380776422505767	1.28848314	34.05508041	1.02802251	0.0754957198016886	0.0109016	0.00104
-0.0579	-0.2473	0.1342	0.0018029251173101424	-0.0009302604913129776	-0.0004415683007545654	1.18109381	31.21674156	1.01096528	0.0972986217719376	0.0101455	0.00083
-0.068	-0.2496	0.1246	0.0018814649336498872	-0.0010524335389525807	-0.0006370451769779302	1.08422923	28.65657425	0.96524041	0.04180948701013564	0.0111386	0.00086
-0.0701	-0.15	0.1051	0.001970476725501598	-0.0010821041362364843	-0.0006527531402458793	1.26735473	33.49664688	1.04850116	0.12791951762017817	0.00988972	0.00081
-0.059	-0.1504	0.1713	0.0014695672301792255	-0.001043706892692609	-0.0005637413483941684	1.27963042	33.82109833	1.03625	0.10911592653589797	0.00923783	0.00063
-0.0565	-0.1614	0.1592	0.0014905111812031574	-0.0010629055144645468	-0.0004921828490624009	1.04615879	27.6503582	0.96229614	0.03118505360638184	0.00942105	0.00047
-0.0607	-0.2244	0.1076	0.0018186330805780916	-0.0009634217471008699	-0.00048520153205442357	1.18536961	31.32975006	1.0160487	0.14052934918732943	0.0103053	0.00061
-0.0708	-0.2019	0.0897	0.001973967384005587	-0.0010105456369047167	-0.0006422811647339132	1.21436584	32.09613037	1.02887906	0.06847689129554159	0.00982505	0.0009
-0.076	-0.1737	0.096	0.0018675022996339327	-0.000905825881785057	-0.0006579891280018621	1.20163965	31.75977325	0.99742893	0.051044640137963136	0.00878501	0.00047
-0.0673	-0.1697	0.1397	0.0016807520696705393	-0.0011065387457644049	-0.0006876597252857658	1.04887831	27.72223663	0.98203636	0.07725668456133225	0.00977927	0.00054
-0.0634	-0.1622	0.1453	0.0014433872913993105	-0.0011501719770642632	-0.0006422811647339132	1.24794495	32.98363876	1.0168324	0.03331882850614699	0.0104197	0.00064
-0.072	-0.1845	0.0958	0.002033308578573394	-0.0009878563566287904	-0.0006510078109938849	1.21281123	32.05504227	1.0577062	0.11844817769347638	0.0102249	0.00095
-0.0798	-0.2261	0.0942	0.002234021442552742	-0.0009564404300928925	-0.000752236907609556	1.17511547	31.05873108	0.99499658	0.06766789435654585	0.0106099	0.00092
-0.085	-0.1983	0.1005	0.002078687139125246	-0.0010140362954087054	-0.0008569566627292158	1.0462414	27.65254021	0.95969679	0.055182496193148425	0.0102543	0.00064
-0.085	-0.145	0.0717	0.002253220064324679	-0.0010157816246606998	-0.0007382742735936014	1.36194992	35.9968338	1.01132893	0.09684803217935213	0.0107669	0.00093
-0.0735	-0.1249	0.1363	0.0017400932642383465	-0.0010332349171806431	-0.000640535835481919	1.31266022	34.69408798	1.0213999	0.12761592653589793	0.00943929	0.00056
-0.0643	-0.1578	0.1305	0.0016929693744344998	-0.0010873401239924673	-0.0005759586531581287	1.15101922	30.42185783	0.98707361	0.056190313946973054	0.0099538	0.0005
-0.0739	-0.2028	0.0787	0.00214850030920502	-0.0010000736613927507	-0.0007068583470577034	1.18870306	31.41785431	1.01720928	0.1400848545634906	0.0104167	0.00075
-0.0889	-0.2604	0.0788	0.0021170843826691216	-0.0009180431865490173	-0.0007941248096574199	1.24470484	32.89800262	1.01635008	0.08273564319896742	0.0106645	0.00086
-0.095	-0.1537	0.0643	0.001839577031602023	-0.0009686577348568529	-0.0009424777960769379	1.12413585	29.71131897	1.0190275	0.15112374428972264	0.00820506	0.00047
-0.0954	-0.0901	0.0299	0.0018238690683340744	-0.0009128071987930344	-0.0008517206749732328	1.33049488	35.16546631	1.00306916	0.1065157810217736	0.00952405	0.00075
-0.0833	-0.0991	0.1195	0.0016388641676226754	-0.0009250245035569946	-0.0006771877497737998	1.35894036	35.91728973	1.06208536	0.1292877565337396	0.00868601	0.00045
-0.0729	-0.1004	0.1347	0.001387536755335492	-0.0010000736613927507	-0.0006178465552059926	1.09016204	28.81337929	0.99575557	0.04618588823453732	0.00875908	0.00047
-0.072	-0.1422	0.0702	0.001853539665617978	-0.0008080874436733745	-0.0005480333851262194	1.22534525	32.38632202	1.01035282	0.14359011490408174	0.00911659	0.0006
-0.0748	-0.2418	0.0778	0.0018849555921538759	-0.0007627088831215222	-0.00041713369122664475	1.28080833	33.85223007	1.04115855	0.12038470904936624	0.0107727	0.00092
-0.0703	-0.1097	0.0834	0.0016458454846306526	-0.0006894050545377602	-0.0003665191429188092	1.25207984	33.09292603	1.08938962	0.16035142422074103	0.00819427	0.00049
-0.0664	-0.1321	0.0771	0.0015027284859671175	-0.0007731808586334879	-0.000322885911618951	1.29335618	34.18387604	0.9803834	0.04612630170295605	0.00911224	0.00056
-0.0685	-0.168	0.1319	0.0014259339988793671	-0.0008587019919812101	-0.0004625122517784973	1.30951798	34.61103821	1.03481174	0.10789709802975093	0.00968361	0.00076
-0.0735	-0.0785	0.1371	0.0012409290981679683	-0.0009424777960769379	-0.0005358160803622592	1.19571459	31.6031723	1.04021961	0.11680422666954444	0.00808907	0.0005
-0.0712	-0.1851	0.1009	0.0016249015336067207	-0.0009913470151327792	-0.0005358160803622592	1.17620921	31.08763885	1.02204998	0.16674208272472968	0.0113158	0.0006
-0.0766	-0.1734	0.0885	0.0017366026057343581	-0.0009424777960769379	-0.0005742133239061344	1.22919738	32.48813629	1.02057662	0.039448376736367696	0.0101439	0.00082
-0.0793	-0.1779	0.1142	0.001520181778487061	-0.0008691739674931761	-0.0005811946409141118	1.26534009	33.44340134	1.03415176	0.04773529864195181	0.00832832	0.00032
-0.0739	-0.1105	0.1227	0.0013543754995475996	-0.0011257373675363424	-0.0006946410422937432	1.30059266	34.37513733	1.01162089	0.10809080401811298	0.00941992	0.00064
-0.074	-0.094	0.1555	0.001335176877775662	-0.0010943214410004448	-0.0005689773361501514	1.32436168	35.00336075	1.03884552	0.05821391272257135	0.0103653	0.00076
-0.0763	-0.1322	0.1537	0.0013107422682477415	-0.0010384709049366262	-0.000645771823237902	1.15676272	30.5736618	0.99826644	0.05015398163397451	0.00839764	0.00042
-0.0701	-0.2049	0.0905	0.0016458454846306526	-0.001054178868204575	-0.0006876597252857658	1.27400672	33.67246246	1.02936436	0.1617349540849362	0.0110517	0.00086
-0.076	-0.1938	0.0736	0.0016667894356545846	-0.0008237954069413235	-0.0006492624817418905	1.28701878	34.0163765	1.00650787	0.04838623279155294	0.0100865	0.00086
-0.0751	-0.1283	0.0956	0.001473057888683214	-0.0008011061266653974	-0.0005881759579220891	1.24580991	32.92721176	1.05129409	0.1022753675533549	0.0079689	0.00031
-0.0674	-0.1751	0.1471	0.0012147491593880533	-0.001155407964820246	-0.0007086036763096977	1.29189324	34.14521027	1.00905021	0.14265191429188087	0.0104776	0.00063
-0.0736	-0.1099	0.1611	0.0011885692206081383	-0.0012426744274199627	-0.0006597344572538566	1.30672693	34.53726959	1.03627015	0.09351578102177363	0.010085	0.00106
-0.0786	-0.1256	0.1345	0.00152367243699105	-0.0010978120995044332	-0.0007155849933176752	1.17375779	31.02284622	1.00448245	0.07409080401811297	0.00862944	0.00045
-0.0885	-0.2501	0.122	0.0017296212887263805	-0.0011763519158441782	-0.0007976154681614085	1.1229142	29.67903137	1.03172413	0.16522595714594046	0.0128113	0.00078
-0.0864	-0.1522	0.0764	0.0017994344588061536	-0.0011379546723003027	-0.0007941248096574199	1.33027935	35.15976715	1.04620731	0.15118505360638185	0.0100897	0.00071
-0.0774	-0.1453	0.1301	0.001748819910498318	-0.0010978120995044332	-0.0006963863715457374	1.31291378	34.70079041	1.04712056	0.07902477796076937	0.0111129	0.00097
-0.0748	-0.0828	0.1572	0.0012217304763960308	-0.0011763519158441782	-0.0006876597252857658	1.12259114	29.67049217	1.00170262	0.1229177948351002	0.00943148	0.00067
-0.0882	-0.1866	0.0968	0.0018832102629018814	-0.0009285151620609833	-0.0005445427266222308	1.32017803	34.89278793	1.04676615	0.230221676947629	0.0100802	0.00067
-0.0958	-0.2051	0.0834	0.0021118483949131386	-0.0009197885158010115	-0.0005340707511102648	1.25156021	33.07919312	1.00685906	0.05189183768915975	0.0103437	0.00071
-0.0844	-0.1875	0.1066	0.0015166911199830724	-0.0011117747335203881	-0.0007208209810736582	1.16939926	30.90764999	0.98766784	0.10089468613064179	0.00853568	0.00046
-0.0774	-0.1548	0.1098	0.0013962634015954637	-0.0011903145498601325	-0.0007923794804054256	1.35105479	35.70886993	0.98450183	0.05642630170295603	0.0097363	0.00049
-0.076	-0.1672	0.1593	0.0012479104151759456	-0.0011466813185602744	-0.000640535835481919	1.32321489	34.97305298	1.03149173	0.08049149313214414	0.0108043	0.00058
-0.075	-0.152	0.1497	0.0011379546723003027	-0.0011536626355682519	-0.0007016223593017205	1.10144353	29.11155319	0.97661487	0.03470117918517108	0.00854927	0.00053
-0.0801	-0.2024	0.1107	0.0012269664641520136	-0.0011397000015522971	-0.0006824237375297829	1.27059448	33.58227539	1.01063918	0.10060865238198013	0.00984418	0.00054
-0.0973	-0.2291	0.0896	0.0011955505376161158	-0.0009686577348568529	-0.0007504915783575615	1.26958442	33.55558014	1.01480303	0.07852630170295603	0.0100752	0.00076
-0.1082	-0.1349	0.0933	0.0011030480872604163	-0.0009599310885968812	-0.0010070549784007281	1.21741009	32.17659378	1.02193667	0.12668962483294188	0.00779635	0.00031
-0.0931	-0.1117	0.1164	0.0011833332328521555	-0.0010873401239924673	-0.0008360127117052838	1.30687988	34.54131317	0.98483206	0.08033682238413847	0.00950217	0.00045
-0.0904	-0.1409	0.1673	0.0011065387457644049	-0.0010192722831646884	-0.000661479786505851	1.34009516	35.41920471	1.04516436	0.09876976265574815	0.0100659	0.00075
-0.0908	-0.1626	0.1694	0.001265363707695889	-0.0010995574287564276	-0.0008307767239493009	1.0850879	28.67926979	0.98384022	0.04462035224833366	0.00909007	0.00053
-0.092	-0.1658	0.1131	0.0017313666179783749	-0.0010297442586766543	-0.0009040805525330626	1.26442897	33.41931915	1.00182471	0.09115599544730103	0.0100757	0.00063
-0.0924	-0.1986	0.1181	0.001778490507782222	-0.0009250245035569946	-0.0008552113334772215	1.26323795	33.38784027	0.99657969	0.04823564319896738	0.0104653	0.00089
-0.0933	-0.236	0.1277	0.0015254177662430443	-0.0008220500776893293	-0.000874409955249159	1.17004824	30.92480278	0.99819329	0.06666228945893903	0.00978655	0.00061
-0.0889	-0.1892	0.138	0.001446877949903299	-0.0010838494654884787	-0.0009354964790689606	1.32459223	35.00945663	0.99181657	0.0815712863979348	0.0107369	0.00057
-0.0923	-0.1403	0.1721	0.0011431906600562858	-0.0009983283321407565	-0.000890117918517108	1.32184708	34.93690109	1.02602878	0.10812934918732937	0.0103815	0.00086
-0.0915	-0.1659	0.1487	0.001329940890019679	-0.0009843656981248017	-0.0008831366015091308	1.08558834	28.69249535	0.97621548	0.06018470904936625	0.00886917	0.00046
-0.0925	-0.2557	0.0959	0.001759291886010284	-0.001043706892692609	-0.0010262536001726657	1.22745609	32.44211197	1.02375965	0.17519045946109735	0.0118499	0.00102
-0.0982	-0.1648	0.071	0.0018500490071139892	-0.0008848819307611251	-0.0010192722831646884	1.24715984	32.96289062	1.04881187	0.13432817000215833	0.0100937	0.00088
-0.0914	-0.1638	0.1317	0.0015428710587629874	-0.0009180431865490173	-0.0008831366015091308	1.25642085	33.20766068	1.03385848	0.09232374428972259	0.00901175	0.00064
-0.0852	-0.1647	0.1713	0.0010995574287564276	-0.0011519173063162574	-0.0007696902001294993	1.06740618	28.21193314	0.98402943	0.08623170755767158	0.00982803	0.00057
-0.0821	-0.1924	0.1288	0.0013962634015954637	-0.0011222467090323538	-0.0008028514559173916	1.23417437	32.6196785	0.98710289	0.09127689129554156	0.00999349	0.00074
-0.0855	-0.193	0.0749	0.0018483036778619948	-0.0008098327729253688	-0.0006003932626860494	1.24411881	32.88251495	1.01525503	0.10624562028024293	0.0098539	0.00072
-0.0867	-0.1738	0.0672	0.0016912240451825054	-0.0007539822368615504	-0.0005881759579220891	1.18817019	31.40377045	1.00111118	0.03935737367536338	0.00854355	0.00046
-0.074	-0.1856	0.0701	0.001504473815219112	-0.0006981317007977319	-0.0004625122517784973	1.36277962	36.01876068	1.01920314	0.04581322360854017	0.0100706	0.00076
-0.0649	-0.1209	0.1177	0.0013072516097437528	-0.000726056968829641	-0.00029496064358704166	1.3201704	34.89258575	1.03875769	0.1410349540849362	0.00943261	0.0007
-0.0594	-0.1275	0.1173	0.001192059879112127	-0.0006719517620178169	-0.0003089232776029963	1.12189841	29.65218544	0.97236032	0.02166297857297024	0.00831252	0.00063
-0.0581	-0.2261	0.0783	0.0015777776438028737	-0.0005009094953223725	-0.000153588974175501	1.20061183	31.7326088	1.01823362	0.17450471674068427	0.0100732	0.00071
-0.0591	-0.2339	0.0643	0.0015166911199830724	-0.0003612831551628262	-7.330382858376184e-05	1.2234	32.33490753	1.01902451	0.03684990047855433	0.0107219	0.00108
-0.0588	-0.1306	0.0803	0.001265363707695889	-0.000291469985083053	-9.075712110370512e-05	1.26192462	33.35312653	1.02629202	0.136529693744345	0.00770205	0.00036
-0.0533	-0.114	0.0912	0.0011449359893082802	-0.0005201081170943102	-0.00027750735106709843	1.31268764	34.69481277	0.98346182	0.05979080401811296	0.00932235	0.0005
-0.0572	-0.1609	0.1482	0.0010960667702524388	-0.0007208209810736582	-0.0004747295565424576	1.32432067	35.00227737	1.0258438	0.13014021442552742	0.00981867	0.00067
-0.0689	-0.113	0.1383	0.0011763519158441782	-0.0006911503837897545	-0.000466002910282486	1.09394455	28.91335487	0.98457022	0.0754341194567807	0.00855559	0.00053
-0.0803	-0.2025	0.0807	0.0020699604928652747	-0.0007766715171374765	-0.00046949356878647465	1.28296804	33.9093132	1.05274318	0.2076310184436404	0.010741	0.00085
-0.0699	-0.1904	0.0303	0.0015481070465189703	-0.00046425758103049166	-0.0005166174585903216	1.28130388	33.86532974	1.04216498	0.1169695636128568	0.0114763	0.00097
-0.0665	-0.1168	0.0534	0.0015254177662430443	-0.0003647738136668148	-0.00046949356878647465	1.20378232	31.81640434	1.01260788	0.10856484687217252	0.00777334	0.00045
-0.0565	-0.1259	0.0732	0.0012374384396639797	-0.0006806784082777885	-0.0005602506898901797	1.28079283	33.8518219	0.97746939	0.07363205211468718	0.0104771	0.00064
-0.0552	-0.1182	0.1156	0.0012339477811599909	-0.0006702064327658224	-0.00048171087355043494	1.26602137	33.46140671	1.00419272	0.056025122517785	0.00879264	0.0006
-0.0511	-0.1299	0.1157	0.0012950343049797925	-0.0005864306286700947	-0.00037524578917878077	1.10054839	29.08789635	0.96504608	0.02846637061435917	0.00813574	0.0005
-0.0471	-0.2106	0.0746	0.0014643312424232424	-0.000317649923862968	-9.948376736367679e-05	1.06669152	28.19304466	0.98378182	0.16149198320328406	0.00859791	0.00057
-0.0467	-0.1954	0.0565	0.0013002702927357754	-0.00040666171571467877	-0.00018675022996339323	1.23065758	32.52672958	0.97190651	0.05071696020694474	0.00943387	0.00042
-0.0506	-0.1881	0.051	0.0013316862192716734	-0.0002705260340591211	-0.00013962634015954637	1.26808584	33.51597214	1.03170925	0.027433774899765135	0.00951004	0.00085
-0.0418	-0.092	0.11	0.0009878563566287904	-0.0003769911184307752	-0.00015184364492350666	1.20513189	31.85207367	1.04335207	0.1870256125889249	0.00804919	0.00046
-0.0413	-0.0985	0.1124	0.000905825881785057	-0.00046425758103049166	-0.0002495820830351891	1.27212334	33.62268448	0.96297414	0.022751768777756608	0.00941086	0.00064
-0.0513	-0.1983	0.0738	0.0014433872913993105	-0.0002303834612632515	-2.792526803190927e-05	1.28254902	33.89823914	1.04225523	0.19805461721923864	0.010316	0.00085
-0.0466	-0.1751	0.0856	0.0014381513036433276	-0.00018500490071139895	6.45771823237902e-05	1.18217742	31.2453804	0.99098993	0.04685584993317672	0.00862914	0.00074
-0.0493	-0.181	0.0718	0.0015899949485668342	-0.00019024088846738194	2.96705972839036e-05	1.30055499	34.37414169	0.97804329	0.03199931088596878	0.00984228	0.00061
-0.0621	-0.1584	0.077	0.0015498523757709647	3.665191429188092e-05	-5.235987755982988e-06	1.29852021	34.32036209	1.00286934	0.05569709802975093	0.00874573	0.00038
-0.0527	-0.1245	0.1058	0.0014346606451393388	-0.00039793506945470715	-0.00032637657012293966	1.18123782	31.22054672	1.02275667	0.11564596483725856	0.00930983	0.00047
-0.0537	-0.1091	0.1285	0.001291543646475804	-0.0005305800926062762	-0.0003787364476827695	1.19321585	31.53712845	1.01170288	0.05550609496874668	0.0098061	0.00047
-0.0553	-0.1186	0.1171	0.0013840460968315032	-0.00041713369122664475	-0.00032812189937493397	1.19338429	31.54158211	1.00640622	0.03532817000215832	0.011367	0.00088
-0.0566	-0.2375	0.1004	0.0014486232791552935	-0.00029321531433504735	-0.0002583087292951608	1.14645433	30.30120659	1.03347583	0.149815436464758	0.0104567	0.00063
-0.0643	-0.1514	0.0767	0.0016126842288427606	-0.0003193952531149623	-0.00034557519189487725	1.25004673	33.0391922	1.01946204	0.1313753675533549	0.00962973	0.00078
-0.0701	-0.1297	0.0937	0.0015062191444711063	-0.00021118483949131387	-0.0003717551306747922	1.26302052	33.38209152	1.00278092	0.056542771838760886	0.00825721	0.00046
-0.0645	-0.1368	0.0965	0.0013020156219877698	-0.0004991641660703782	-0.00034906585039886593	1.2360245	32.6685791	0.96609111	0.041243606466916334	0.00899744	0.00067
-0.0619	-0.1489	0.1288	0.0011780972450961724	-0.0004625122517784973	-0.0003630284844148205	1.25244343	33.10253525	1.00351183	0.055726646259971646	0.0102341	0.00061
-0.0616	-0.0918	0.1567	0.0008848819307611251	-0.0005026548245743669	-0.000460766922526503	1.1865871	31.36193085	1.00444581	0.10685481626212996	0.00874132	0.00063
-0.0704	-0.1706	0.1035	0.0013002702927357754	-0.00047123889803846896	-0.0004258603374866164	1.22449481	32.36384583	1.00726227	0.16488554367752173	0.0102221	0.00051
-0.0792	-0.2112	0.0794	0.0015062191444711063	-0.0002722713633111154	-0.0004049163864626844	1.25634205	33.20557785	1.0090932	0.09479301687433085	0.0107923	0.00115
-0.0734	-0.1096	0.0759	0.001298524963483781	-0.00024085543677521747	-0.0004729842272904633	1.25668037	33.2145195	1.04567296	0.12625889741755011	0.00826955	0.0005
-0.0616	-0.1201	0.1281	0.0010786134777324957	-0.0005427973973702365	-0.00039968039870670147	1.17250299	30.98968315	0.99654406	0.10425786374650328	0.00945449	0.00068
-0.067	-0.1591	0.1514	0.0009162978572970229	-0.0006003932626860494	-0.0004380776422505767	1.2068882	31.89849472	1.0092598	0.08061543646475806	0.00973874	0.00056
-0.0683	-0.1471	0.1227	0.0013439035240356337	-0.0004886921905584122	-0.0004485496177625427	1.19857812	31.6788578	1.0035195	0.06948893571891067	0.00946373	0.00046
-0.0681	-0.1645	0.1098	0.001387536755335492	-0.0004921828490624009	-0.00034906585039886593	1.06957936	28.26937103	0.96005774	0.0378303828583762	0.008443	0.00054
-0.0554	-0.2104	0.0829	0.0012130038301360591	-0.00038571776469074686	-0.00017976891295541595	1.28270662	33.90240479	0.98099655	0.10801474735072684	0.00978875	0.00067
-0.0558	-0.2087	0.0684	0.0014433872913993105	-0.00017802358370342162	5.585053606381854e-05	1.28264809	33.90085602	1.01338251	0.05028485456349056	0.00955409	0.00063
-0.0418	-0.1617	0.1227	0.0008604473212332044	-0.0003577924966588376	3.141592653589793e-05	1.16899228	30.89689064	1.01933901	0.1546571746324721	0.00835103	0.00043
-0.0437	-0.1289	0.1288	0.0006265732014659643	-0.00045553093477052	-3.316125578789226e-05	1.28393805	33.93495178	0.98651545	0.060609487010135646	0.00919873	0.00061
-0.05	-0.102	0.0922	0.0009826203688728075	-0.00029496064358704166	5.235987755982988e-06	1.28107619	33.85931015	1.01362356	0.09755073510670983	0.00878298	0.00061
-0.0489	-0.223	0.0966	0.0009337511498169664	-0.00015707963267948963	0.00017278759594743863	1.20610297	31.87774086	1.04579249	0.14421509190774243	0.00897646	0.00064
-0.053	-0.1509	0.0696	0.0009704030641088471	4.363323129985824e-05	0.0002024581932313422	1.33441854	35.26916885	0.99949039	0.11655176877775662	0.00931638	0.0005
-0.063	-0.1286	0.0595	0.001223475805648025	0.0002181661564992912	0.0002495820830351891	1.33015859	35.15657806	1.01677648	0.06613647782712291	0.00838166	0.00035
-0.0496	-0.0966	0.1104	0.000710349005561692	-0.00023387411976724014	-8.726646259971648e-06	1.1710546	30.95140076	1.00572192	0.15747379028240124	0.00819135	0.00042
-0.0464	-0.0426	0.1171	0.0004991641660703782	-0.0002722713633111154	-2.4434609527920616e-05	1.24919045	33.0165596	1.01302274	0.07716450231515692	0.00918275	0.00081
-0.0475	-0.1476	0.1025	0.0008499753457212384	-7.330382858376184e-05	0.00010995574287564276	1.29164147	34.13855362	1.05303663	0.15490845333908887	0.00872892	0.00075
-0.0517	-0.1846	0.0966	0.0011414453308042916	-7.330382858376184e-05	6.283185307179586e-05	1.13226104	29.92607117	0.98965593	0.06402969374434497	0.00835443	0.00051
-0.0539	-0.1192	0.0841	0.001048942880448592	-0.00011693705988362007	-6.45771823237902e-05	1.3077358	34.56393433	0.99050548	0.0932772358525572	0.00907105	0.0005
-0.0533	-0.1797	0.0995	0.0010890854532444615	-7.67944870877505e-05	2.268928027592628e-05	1.29844439	34.31835938	1.02054518	0.0848775804095728	0.00859255	0.00061
-0.0536	-0.1677	0.1553	0.0005881759579220891	-0.0005864306286700947	-0.00014486232791552936	1.14607477	30.29117393	1.00829469	0.1270048622548086	0.00932407	0.0005
-0.053	-0.0853	0.1548	0.0004380776422505767	-0.0005707226654021458	-0.0002722713633111154	1.27778828	33.77241135	0.99690001	0.09816076571675235	0.00931209	0.00054
-0.0565	-0.11	0.0996	0.0011833332328521555	-0.00035081117965086024	-0.0002024581932313422	1.25711155	33.22591782	1.02893129	0.13514901232163187	0.0091778	0.00074
-0.0549	-0.231	0.0946	0.0012060225131280816	-0.00024609142453120044	-4.0142572795869576e-05	1.24911857	33.01465988	1.07638851	0.1420862327915529	0.00903785	0.0007
-0.0505	-0.1686	0.0897	0.0009948376736367678	-0.00019024088846738194	7.853981633974481e-05	1.07756042	28.48031425	0.97645495	0.09098588823453731	0.00940096	0.00053
-0.0479	-0.1143	0.1132	0.0007225663103256524	-0.000291469985083053	-2.792526803190927e-05	1.29451978	34.21463013	1.03969801	0.10439827721492202	0.00990099	0.00078
-0.0497	-0.0963	0.137	0.00042760566673861073	-0.0002705260340591211	3.141592653589793e-05	1.26245964	33.36726761	1.01896784	0.06236228945893906	0.00877494	0.00075
-0.0507	-0.208	0.0838	0.0008203047484373349	-0.00013439035240356338	4.886921905584123e-05	1.09103978	28.83658028	1.02333842	0.19321440279371124	0.00873172	0.00057
-0.0541	-0.1328	0.064	0.0007853981633974483	-0.0001832595714594046	0.00010471975511965978	1.26444185	33.41965866	1.00710135	0.10538131700797732	0.00917542	0.00056
-0.0607	-0.1283	0.056	0.0007504915783575615	-6.108652381980153e-05	4.18879020478639e-05	1.29652369	34.26759338	1.01637101	0.03009557428756429	0.00886905	0.00056
-0.0465	-0.1585	0.1183	0.0003647738136668148	-0.0004206243497306334	-2.6179938779914945e-05	1.17503774	31.05667496	1.00175144	0.1473661715714679	0.00959653	0.00063
-0.0492	-0.0774	0.1281	0.0004380776422505767	-0.0004415683007545654	-4.886921905584123e-05	1.3177532	34.8286972	1.02182016	0.09944685299418099	0.00987947	0.00075
-0.0511	-0.1691	0.1219	0.0007749261878854823	-0.00034208453339088857	-4.886921905584123e-05	1.29471719	34.21984863	1.04178477	0.12161661564992912	0.0091868	0.00058
-0.0555	-0.1997	0.0691	0.0011397000015522971	-0.00017976891295541595	1.9198621771937625e-05	1.14194119	30.18192101	1.02182406	0.1175578637465033	0.00904554	0.00058
-0.0562	-0.1856	0.0116	0.0009651670763528643	-2.792526803190927e-05	-9.599310885968811e-05	1.31871748	34.8541832	1.00440812	0.09437841503772829	0.0100082	0.00074
-0.0559	-0.0929	0.0475	0.0011135200627723821	-2.094395102393195e-05	-0.00014311699866353502	1.35179007	35.72830582	1.060263	0.1390229096615671	0.00825793	0.00046
-0.0436	-0.1255	0.1038	0.0006946410422937432	-0.0003054326190990077	-0.00010995574287564276	1.15103674	30.42232132	1.0157699	0.13802644721708035	0.0103555	0.00054
-0.0439	-0.1054	0.1024	0.0006928957130417488	-0.00035604716740684323	-9.599310885968811e-05	1.22679293	32.42458344	0.98614326	0.02511612557878924	0.00845605	0.00051
-0.0466	-0.1766	0.0534	0.0012147491593880533	-0.0001308996938995747	5.235987755982988e-06	1.19259632	31.52075577	1.01514089	0.1653115008234622	0.00894213	0.00078
-0.0517	-0.145	0.0634	0.0011501719770642632	-7.504915783575618e-05	-3.141592653589793e-05	1.20178771	31.76368713	0.99813894	0.054553981633974485	0.00761622	0.00039
-0.0532	-0.1147	0.056	0.0009180431865490173	-0.00010821041362364843	-4.18879020478639e-05	1.05941892	28.0008297	0.96446946	0.05298810109075519	0.00825828	0.00047
-0.0473	-0.0686	0.0673	0.0008604473212332044	-0.00022863813201125715	-0.00015184364492350666	1.34765315	35.61896515	1.01602087	0.07769896632895322	0.00945628	0.00071
-0.0441	-0.0901	0.1158	0.000598647933434055	-0.0001605702911834783	-0.00011344640137963142	1.31245482	34.68865967	1.02884644	0.0916132236085402	0.00827664	0.00049
-0.0434	-0.1624	0.0984	0.0007609635538695277	-0.00015533430342749534	-6.981317007977319e-05	1.08700156	28.72984886	0.98040714	0.10095924197456568	0.00850719	0.00058
-0.0484	-0.2182	0.0787	0.0010506882097005862	-0.0002844886680750757	-0.0001239183768915974	1.19801176	31.66388893	1.00107941	0.10414921136452315	0.00972331	0.00079
-0.0533	-0.1377	0.0955	0.0010611601852125523	-0.00020594885173533088	-9.599310885968811e-05	1.29032063	34.10364532	1.02411667	0.108046852994181	0.00784385	0.00036
-0.0525	-0.1388	0.0792	0.0009232791743050004	-0.0002443460952792061	-0.00011344640137963142	1.35480011	35.80786133	0.98625999	0.027886577348568534	0.00954574	0.00079
-0.0473	-0.1701	0.117	0.0008726646259971648	-0.00015184364492350666	-0.00011519173063162575	1.3260231	35.04727554	1.01260806	0.08154311639577645	0.00908446	0.00063
-0.0435	-0.0929	0.1303	0.0005899212871740833	-0.00034557519189487725	-0.0002530727415391778	1.14005458	30.13205719	1.00524276	0.12501779483510023	0.00882232	0.00043
-0.05	-0.1291	0.0858	0.0009442231253289323	-0.0003316125578789226	-0.00021118483949131387	1.20485508	31.84475899	0.99525756	0.10770761871093336	0.00960201	0.00071
-0.053	-0.1587	0.0679	0.001244419756671957	-5.4105206811824215e-05	-0.000148352986419518	1.27419984	33.67756653	1.0286016	0.08252679177409594	0.00914997	0.00067
-0.0509	-0.1672	0.0867	0.0010175269539126942	-0.0001832595714594046	-0.00012042771838760874	1.12479603	29.7287693	0.98408379	0.0485986217719376	0.00831622	0.00026
-0.045	-0.1692	0.0956	0.0008813912722571365	-0.00028797932657906436	-0.00014486232791552936	1.30586004	34.51435852	0.98218723	0.030064502315156914	0.00925541	0.00057
-0.0494	-0.1146	0.1298	0.0007417649320975902	-0.00030368728984701333	-0.00015184364492350666	1.31266975	34.69433975	1.01906473	0.10131578102177365	0.0106866	0.00056
-0.0563	-0.1506	0.1049	0.0008290313946973065	-0.00023387411976724014	-0.00024260076602721178	1.07870615	28.51059723	0.98314995	0.08019183768915975	0.00738454	0.00033
-0.0564	-0.1324	0.0678	0.001165879940332212	-0.00019198621771937622	-0.00020594885173533088	1.18075669	31.20782852	0.96894166	0.07616941809873251	0.00889641	0.00071
-0.0739	-0.1676	0.0496	0.0012199851471440364	-9.599310885968811e-05	-0.0002181661564992912	1.26464713	33.42508316	1.03130863	0.07901578102177363	0.00958157	0.0007
-0.0809	-0.129	0.0776	0.0016126842288427606	-0.0005148721293383271	-0.00020769418098732522	1.23830664	32.72889709	1.03284781	0.11470250388446644	0.00780815	0.00038
-0.0699	-0.0964	0.0926	0.0012723450247038664	-0.0004310963252425994	-0.00030368728984701333	1.26299179	33.3813324	0.97904702	0.0846054058547155	0.00946748	0.00074
-0.0584	-0.1306	0.0893	0.001129228026040331	-0.00035081117965086024	-0.00028274333882308137	1.27256083	33.63424683	1.00618811	0.06121730476396031	0.00902909	0.0006
-0.0583	-0.1168	0.0494	0.0012863076587198209	-0.00033335788713091696	-0.00038571776469074686	1.16700935	30.84448242	0.99727701	0.06767536755335493	0.00778776	0.00042
-0.0585	-0.1716	0.0619	0.0010960667702524388	-0.000460766922526503	-0.0004310963252425994	1.07793713	28.49027061	0.97486322	0.08565142422074103	0.00883394	0.00047
-0.0591	-0.0859	0.0326	0.0013037609512397642	-0.0003298672286269283	-0.00033335788713091696	1.29566491	34.24489594	1.02405651	0.13741661564992913	0.00897497	0.00075
-0.0598	-0.1281	0.07	0.0011309733552923255	-0.00020420352248333657	-0.0003211405823669566	1.28781426	34.03739929	1.0242246	0.09583343034274952	0.00775599	0.00046
-0.0576	-0.1076	0.1291	0.000757472895365539	-0.0005637413483941684	-0.00031415926535897925	1.12199533	29.65474701	0.98960578	0.11880098014227976	0.00821537	0.00038
-0.0554	-0.1026	0.1145	0.0007731808586334879	-0.000486946861306418	-0.0003385938748868999	1.21195841	32.03250122	0.98405997	0.02764685299418099	0.00859493	0.00047
-0.0579	-0.1926	0.0742	0.0010384709049366262	-0.0002478367537831948	-0.00014311699866353502	1.24049938	32.78684998	1.03485825	0.16779385150248632	0.00954616	0.00068
-0.061	-0.1115	0.0762	0.0007225663103256524	-0.00022340214425527416	-0.00017278759594743863	1.16730011	30.85216713	1.00726689	0.1047004900711399	0.00737292	0.0004
-0.0516	-0.1338	0.1014	0.0006544984694978735	-0.00034033920413889426	-0.00016231562043547262	1.22103763	32.27246857	0.97060689	0.06667384381116824	0.00923836	0.00056
-0.0529	-0.1175	0.1081	0.000619591884457987	-0.0002617993877991494	-0.00018500490071139895	1.23859179	32.73643112	1.01483572	0.031106784082777898	0.00903857	0.00067
-0.0604	-0.0966	0.0727	0.0009407324668249436	-0.00017802358370342162	-0.00022165681500327985	1.16658914	30.83337784	0.99768511	0.08587841503772825	0.00763345	0.00051
-0.0616	-0.1802	0.062	0.0011746065865921838	-0.0003089232776029963	-0.0001937315469713706	1.14280117	30.20465088	0.99803255	0.1151349540849362	0.0106689	0.00063
-0.0643	-0.1365	0.0442	0.0014137166941154068	-0.00010995574287564276	-0.0002199114857512855	1.24543726	32.91736221	1.02587775	0.08741287905152456	0.00943172	0.0006
-0.0631	-0.1354	0.0615	0.0011222467090323538	-0.000153588974175501	-0.00027750735106709843	1.18264747	31.25780487	0.99817885	0.03923495408493623	0.0077067	0.00036
-0.0536	-0.0693	0.0751	0.000973893722612836	-0.00041538836197465044	-0.0003385938748868999	1.29592252	34.25170517	0.99901387	0.11276194490192344	0.00934064	0.0005
-0.0584	-0.0448	0.1154	0.0009232791743050004	-0.00027925268031909274	-0.0003822271061867582	1.32704973	35.07440948	1.02320605	0.08111917306316258	0.00885308	0.00038
-0.0624	-0.1865	0.1011	0.0009965830028887623	-0.00027576202181510406	-0.0003577924966588376	1.13060999	29.88243484	1.04861238	0.16506145483078355	0.00818521	0.00039
-0.0693	-0.202	0.0656	0.0012479104151759456	-0.00037350045992678646	-0.0004939281783143952	1.23365653	32.60599136	0.9868264	0.08216007660272116	0.0113306	0.00082
-0.0789	-0.1239	0.0582	0.0011728612573401894	-0.0002652900463031381	-0.0004747295565424576	1.29023421	34.10136032	1.02435338	0.10522290966156712	0.00840974	0.00063
-0.074	-0.1063	0.0715	0.0008360127117052838	-0.0002844886680750757	-0.000450294947014537	1.12756646	29.80199242	0.97644001	0.054824088846738166	0.0074839	0.00061
-0.0584	-0.1536	0.1161	0.0008115781021773631	-0.0004799655442984406	-0.0003822271061867582	1.29536235	34.23690033	1.00135881	0.1218989663289532	0.0110405	0.00072
-0.0571	-0.0929	0.1385	0.0007347836150896127	-0.0003595378259108319	-0.0003298672286269283	1.30452299	34.47901917	1.03145206	0.09687910415175946	0.00880575	0.00054
-0.0695	-0.0608	0.0969	0.0011379546723003027	-0.0003054326190990077	-0.00041015237421866745	1.11399484	29.44329071	0.98407838	0.11297807048071268	0.00783366	0.0004
-0.0859	-0.2476	0.0937	0.001387536755335492	-0.000307177948351002	-0.0006736970912698113	1.18730104	31.38080025	1.08450994	0.23214360646691637	0.010662	0.00081
-0.0903	-0.1422	0.0534	0.0013543754995475996	-0.000291469985083053	-0.0006318091892219474	1.28512537	33.96633148	1.03923901	0.1546378560551853	0.00928599	0.00081
-0.0784	-0.0476	0.0935	0.001223475805648025	-0.0002199114857512855	-0.0004886921905584122	1.27966213	33.82193756	1.03064957	0.16387875959474385	0.00796974	0.00042
-0.0634	-0.1009	0.1247	0.0006649704450098395	-0.00039269908169872416	-0.00045553093477052	1.10036922	29.08315849	0.98303146	0.13772271061867583	0.0082711	0.00056
-0.066	-0.1025	0.083	0.0008604473212332044	-0.00028274333882308137	-0.0004799655442984406	1.23106551	32.53750992	0.98111143	0.06239336143134642	0.00881261	0.00072
-0.0763	-0.1803	0.0773	0.0011780972450961724	-0.00020769418098732522	-0.00032812189937493397	1.27313316	33.6493721	1.03769341	0.12102713633111153	0.00951231	0.00072
-0.0835	-0.1298	0.0835	0.0011798425743481666	-0.000322885911618951	-0.000445058959258554	1.13491511	29.99621964	0.99285263	0.075593705988362	0.00800204	0.0004
-0.0742	-0.1259	0.0425	0.0007941248096574199	-0.00039793506945470715	-0.0005131268000863328	1.34108317	35.44531631	0.99561988	0.08064173816771408	0.00894397	0.00051
-0.0663	-0.1347	0.113	0.0005113814708343385	-0.00034557519189487725	-0.00039793506945470715	1.31329238	34.71079636	1.02065469	0.10971474735072684	0.00815642	0.00045
-0.0678	-0.1257	0.127	0.00019024088846738194	-0.0004729842272904633	-0.00035430183815484887	1.06957579	28.26927948	0.96416812	0.04910914245312002	0.00817496	0.00051
-0.07	-0.1112	0.0608	0.000921533845053006	-0.0003595378259108319	-0.0004625122517784973	1.25723648	33.22921753	1.02174987	0.13054748857944523	0.00895441	0.0005
-0.0799	-0.2273	0.0425	0.0011117747335203881	-0.00024085543677521747	-0.0004468042885105483	1.29023838	34.10147095	1.05301649	0.16053156204354727	0.0100473	0.00093
-0.0849	-0.1015	0.0441	0.0009861110273767962	-0.000153588974175501	-0.0005794493116621174	1.26051927	33.31598282	1.07890875	0.1496787595947439	0.00755614	0.00038
-0.0788	-0.1014	0.0218	0.0008552113334772215	-0.000317649923862968	-0.0005096361415823442	1.2920481	34.14930344	0.97976699	0.04673869068334076	0.012134	0.00089
-0.0693	-0.1007	0.0647	0.000778416846389471	-0.0002652900463031381	-0.0003892084231947355	1.28866744	34.05995178	1.01239715	0.06557910415175945	0.00881761	0.0006
-0.0592	-0.0404	0.1046	0.00034208453339088857	-0.00031415926535897925	-0.0003874630939427412	1.18987811	31.44891167	1.01496704	0.13464734306532086	0.00771052	0.00032
-0.0515	-0.0629	0.0638	0.0006649704450098395	-0.00023911010752322313	-0.00037524578917878077	1.18833792	31.40820312	0.960769	0.09150761871093338	0.00896204	0.0005
-0.0564	-0.1781	0.0323	0.0010262536001726657	-0.00014137166941154068	-0.0001937315469713706	1.23929203	32.75494003	1.03846939	0.18362679177409597	0.00917107	0.00064
-0.0613	-0.1427	0.0473	0.0009302604913129776	-8.028514559173915e-05	-0.0002583087292951608	1.23762071	32.71076584	1.00543287	0.06638284075016401	0.00812554	0.0005
-0.0605	-0.1377	0.0264	0.0008237954069413235	-3.665191429188092e-05	-0.00028099800957108706	1.25557232	33.18523407	0.99453479	0.035339379797371936	0.00937849	0.00057
-0.0539	-0.1081	0.0766	0.0006667157742618339	-0.00013439035240356338	-0.000291469985083053	1.2610358	33.32963562	1.01462645	0.09966450231515687	0.00916463	0.00056
-0.0574	-0.0546	0.1206	0.0002548180707911721	-0.0003193952531149623	-0.00034033920413889426	1.19980454	31.71127129	1.01584613	0.13328859116189512	0.00814861	0.00049
-0.0402	-0.0401	0.0545	0.0025062928058638572	-0.0007086036763096977	-0.00040666171571467877	1.31742811	34.82010651	1.12570883	0.23315028349216024	0.0117045	0.00157
-0.039	-0.1001	0.0295	0.003005456971934235	-0.000783652834145454	-0.000752236907609556	1.28414309	33.94036865	1.07158045	0.13218942579005055	0.0123312	0.00286
-0.0452	-0.0226	-0.043	0.0023073252711365037	-0.0010105456369047167	-0.0008604473212332044	1.34376085	35.51609039	1.16422429	0.20786174585903208	0.0116089	0.00356
-0.0317	-0.0481	-0.0256	0.001864011641129944	-0.0011013027580084218	-0.001281071670963838	1.30408728	34.46750259	1.13264521	0.10413475504204492	0.0116867	0.00263
0.0001	0.0092	0.1026	0.0010978120995044332	-0.0012461650859239514	-0.0011641346110802177	1.32896245	35.12496185	1.15882821	0.268699946471233	0.0122803	0.00342
-0.0079	-0.081	0.0745	0.00047647488579445195	-0.0007993607974134029	-0.0005131268000863328	1.33136368	35.18842697	1.20489707	0.2122574656607208	0.00942892	0.00088
-0.0442	-0.1168	-0.0229	0.0005078908123303499	-0.0007173303225696694	-0.0007906341511534313	1.13622391	30.03081131	1.05768476	0.18904768762233648	0.00885034	0.00049
-0.0489	-0.0666	-0.0222	0.00038397243543875244	-0.000710349005561692	-0.0008307767239493009	1.20498979	31.8483181	0.97896719	0.0641521133347722	0.0126244	0.00102
-0.048	-0.0516	-0.0181	0.00021118483949131387	-0.000460766922526503	-0.0007086036763096977	1.3272295	35.07915878	1.05047607	0.04722713633111154	0.0104955	0.00096
-0.0408	-0.0313	0.0489	-4.363323129985824e-05	-0.0006003932626860494	-0.0007627088831215222	1.18479371	31.31453133	1.02024828	0.11692748088812714	0.00899959	0.00095
-0.0362	-0.0072	0.0476	0.0001675516081914556	-0.0006230825429619757	-0.0008203047484373349	1.26255429	33.36977005	0.99140348	0.04457349925415264	0.0122979	0.00106
-0.0448	-0.1074	0.0198	0.0005044001538263612	-0.00033335788713091696	-0.0007470009198535729	1.28162813	33.87389755	1.03593625	0.17159385150248627	0.00911647	0.00072
-0.0476	-0.0928	0.0374	0.0003647738136668148	-0.0004136430327226561	-0.0008429940287132613	1.11549437	29.4829216	0.97205346	0.0507952297305487	0.00957775	0.00089
-0.0492	-0.0594	0.0201	0.00048345620280242926	-0.00042236967898262774	-0.0008482300164692441	1.30572736	34.510849	1.01605769	0.05893225115757844	0.0109928	0.00111
-0.0257	-0.052	0.093	8.203047484373349e-05	-0.0003193952531149623	-0.0008325220532012951	1.29384315	34.19674683	1.04241344	0.12980540585471553	0.00972342	0.00095
-0.0068	-0.0706	0.1316	-0.0005235987755982988	-0.0002740166925631097	-0.0006841690667817771	1.25632918	33.20523834	0.98777205	0.11606803987067014	0.0111078	0.00132
-0.0096	-0.1115	0.1032	-0.00017104226669544429	-0.00013439035240356338	-0.0006771877497737998	1.25654328	33.21089554	1.01200218	0.09705820830351891	0.0111748	0.0017
0.0016	-0.2068	0.1208	-0.00018675022996339323	0.0001012290966156711	-0.0009354964790689606	1.21680737	32.1606636	1.03214766	0.14958180707911722	0.0108768	0.00164
-0.0031	-0.1566	0.1136	-0.00015184364492350666	8.726646259971648e-06	-0.00091106186954104	1.08227623	28.60495377	0.9732201	0.06969218224617535	0.0109435	0.00127
-0.0077	-0.0575	0.0732	0.00011519173063162575	1.5707963267948964e-05	-0.0009721483933608416	1.29677701	34.27428818	1.04458013	0.16085516081914558	0.0110349	0.00153
-0.0017	-0.0956	0.128	-0.0003159045946109737	1.3962634015954635e-05	-0.0009983283321407565	1.27458107	33.68764114	1.03653298	0.12185107966372544	0.00981903	0.00114
-0.0009	-0.0675	0.1389	-0.0005916666164260777	-0.0001361356816555577	-0.0010838494654884787	1.30083334	34.38150024	0.99005112	0.06536907354171692	0.0115557	0.00171
-0.0078	-0.1384	0.1174	-0.00032637657012293966	-6.9813170079773176e-06	-0.0009494591130849152	1.27806962	33.77984619	1.0289163	0.12574173816771408	0.0118413	0.00167
-0.0054	-0.1309	0.088	-0.0002251474735072685	0.0001658062789394613	-0.0008063421144213803	1.154145	30.50447273	0.99597468	0.060156684561332247	0.00948113	0.0009
