trans_x	trans_y	trans_z	rot_x	rot_y	rot_z	dvars_std	dvars_nstd	dvars_vstd	framewise_displacement	aqi	aor
0.0	-0.0	0.0	-0.0	0.0	-0.0	n/a	n/a	n/a	n/a	0.019762	0.004
-0.0006	-0.1024	0.0081	-3.141592653589793e-05	9.773843811168246e-05	-3.4906585039886588e-06	1.33197224	34.16488266	1.06914164	0.11773225115757846	0.0187259	0.00309
-0.0011	-0.0555	0.0175	-6.45771823237902e-05	7.853981633974481e-05	1.7453292519943296e-05	1.32283676	33.93055725	1.00331649	0.060465191429188096	0.0191833	0.00298
0.0051	-0.0693	0.027	-0.0002181661564992912	-1.2217304763960308e-05	0.0	1.11390126	28.57139587	0.98191832	0.042589969389957474	0.0186069	0.00317
0.0152	0.0245	0.0193	-0.0007976154681614085	-0.00016231562043547262	0.0002129301687433082	1.13867128	29.20674324	1.03121076	0.15872388980384688	0.0228187	0.006
0.0213	0.0906	0.0096	-0.0008831366015091308	-0.000322885911618951	0.0005358160803622592	1.21032119	31.04455185	0.99879099	0.11034886680750756	0.0247824	0.00956
0.0394	0.0997	-0.0251	-0.0008848819307611251	-0.000593411945678072	0.0009023352232810684	1.22517681	31.42559433	1.05595574	0.09383952531149622	0.0249997	0.01336
0.0488	-0.0049	-0.0356	-0.0010070549784007281	-0.0006649704450098395	0.0011257373675363424	1.16133177	29.78798103	1.04990165	0.14535668456133224	0.0222506	0.00897
0.0547	-0.0021	-0.0541	-0.0006230825429619757	-0.000705113017805709	0.0011641346110802177	1.03668749	26.59087372	0.94801547	0.05032561258892486	0.0227709	0.01
0.0488	-0.0705	-0.0641	-0.0002513274122871834	-0.0006597344572538566	0.0011205013797803594	1.17526114	30.14526558	1.01090123	0.10733834612632515	0.0208705	0.00671
0.0422	-0.1141	-0.019	-4.0142572795869576e-05	-0.0003612831551628262	0.0011955505376161158	1.16845667	29.97073364	1.03221176	0.12453426497090501	0.017941	0.00305
0.0376	-0.1595	0.0176	3.839724354387525e-05	-0.0002722713633111154	0.0012269664641520136	1.12797272	28.93232536	1.02719312	0.09654837673636768	0.0181877	0.00226
0.0343	-0.078	0.006	5.235987755982988e-06	-0.0002740166925631097	0.0010262536001726657	1.22344172	31.38109207	1.03733899	0.10818097245096173	0.0179353	0.00223
0.042	-0.038	0.0363	-0.00035604716740684323	-0.0003892084231947355	0.0009372418083209549	1.23135734	31.58412552	1.00700245	0.10627433388230816	0.0186285	0.00233
0.0474	0.0967	-0.0023	-0.00040666171571467877	-0.0006544984694978735	0.0007993607974134029	1.16648602	29.92018509	1.06481845	0.20138928027592623	0.0216061	0.0058
0.0452	-0.0826	-0.0225	-0.00022340214425527416	-0.0005427973973702365	0.000895353906273091	1.22312832	31.3730526	1.11435823	0.2212476876223365	0.0187286	0.00243
0.0406	-0.095	0.0076	5.235987755982988e-06	-0.0004188790204786391	0.0009424777960769379	1.17390287	30.11042595	0.99340446	0.06708401993533507	0.0174546	0.00192
0.0444	0.0043	0.0483	-0.0005044001538263612	-0.00045553093477052	0.0007557275661135446	1.2148509	31.16073608	1.05905024	0.18045191429188087	0.0195488	0.00359
0.0431	0.05	0.0695	-0.0008098327729253688	-0.00048171087355043494	0.0007993607974134029	1.07807076	27.65234947	0.9985658	0.08696228945893905	0.0221815	0.00553
0.0319	0.0435	0.0876	-0.0008360127117052838	-0.000598647933434055	0.0007976154681614085	1.14834642	29.45490837	0.98679834	0.04304311639577647	0.021301	0.00553
0.0462	-0.0249	0.0408	-0.0007888888219014368	-0.0010053096491487337	0.000804596785169386	1.13654053	29.15209007	1.02150975	0.1525383461263251	0.0200396	0.00415
0.0472	-0.1268	-0.0281	-0.000296705972839036	-0.000890117918517108	0.0011082840750163993	1.17527068	30.14551163	1.0750519	0.217353093477052	0.0189565	0.00418
0.0475	-0.2106	-0.0029	5.4105206811824215e-05	-0.0007487462491055673	0.0012688543661998775	1.09284484	28.03129959	0.99997977	0.14193765701229397	0.0190437	0.00317
0.0425	-0.1343	0.0156	0.0004310963252425994	-0.0007190756518216638	0.0012374384396639797	1.25081336	32.08316803	1.00717663	0.12170388211252885	0.0180072	0.00305
0.0491	-0.0567	0.0415	0.00016929693744344995	-0.0008307767239493009	0.0010995574287564276	1.18397701	30.36882591	0.99292501	0.13566907354171692	0.0181568	0.00314
0.0519	0.035	-0.0049	-4.71238898038469e-05	-0.0008639379797371932	0.0010367255756846318	1.22228885	31.35152054	1.0410262	0.15652069680534925	0.0207177	0.00562
0.0474	-0.1114	-0.0256	0.00026878070480712676	-0.0008255407361933179	0.0012514010736799342	1.31418693	33.70869064	1.09323145	0.20004886680750755	0.0181132	0.00255
0.0452	-0.1402	0.0143	0.0004886921905584122	-0.0010105456369047167	0.0012426744274199627	1.32109714	33.88593674	1.00100309	0.09158215163613277	0.0160581	0.00153
0.0523	-0.0691	0.0438	-4.71238898038469e-05	-0.0009651670763528643	0.0011990411961201044	1.10755491	28.4086132	0.99276409	0.1389413936106985	0.0173609	0.00167
0.0579	-0.0368	0.0407	-0.00034906585039886593	-0.0009180431865490173	0.0010890854532444615	1.34352624	34.46123886	1.00611779	0.06395107966372544	0.018804	0.00265
0.0539	-0.0308	0.0056	2.4434609527920616e-05	-0.0008848819307611251	0.0010506882097005862	1.3116231	33.64292908	1.00311414	0.0673529479629277	0.0174524	0.00159
0.0532	-0.1011	0.0316	0.0002443460952792061	-0.0009634217471008699	0.001064650843716541	1.16618037	29.91234589	0.9919317	0.11262069680534924	0.0155496	0.00115
0.0532	-0.0724	0.0553	-0.0002478367537831948	-0.0009250245035569946	0.0010384709049366262	1.06165445	27.23127365	0.97037494	0.08023800156930953	0.0178875	0.0016
0.0533	0.0366	0.0416	-0.0004625122517784973	-0.0009861110273767962	0.001043706892692609	1.19608188	30.67931557	1.01474012	0.13684990047855436	0.0199401	0.00298
0.0601	0.0167	0.0021	-0.00010995574287564276	-0.0011728612573401894	0.001001818990644745	1.14592957	29.39291763	0.99459343	0.0952597320457056	0.0186399	0.00307
0.0548	-0.1176	-0.0131	0.0001256637061435917	-0.0012060225131280816	0.0009180431865490173	1.18239105	30.32814789	1.06321734	0.1724278254451427	0.0157334	0.00128
0.0431	-0.1468	0.0308	0.000450294947014537	-0.000905825881785057	0.0010192722831646884	1.11399329	28.57375526	1.01182541	0.12110284844148209	0.0158494	0.00106
0.0465	-0.1154	0.0594	0.0003682644721708035	-0.0008203047484373349	0.0010053096491487337	1.18360043	30.3591671	0.96712942	0.07247571211037052	0.0163536	0.0012
0.0546	-0.0129	0.0553	-0.00014486232791552936	-0.0011519173063162574	0.0009634217471008699	1.25611746	32.21921921	1.04557528	0.15903136300065598	0.0179074	0.00202
0.0505	-0.0582	-0.0094	0.000296705972839036	-0.0009407324668249436	0.000926769832808989	1.09318578	28.04004669	1.00336232	0.148570252726888	0.0155902	0.00143
0.0494	-0.1455	0.023	0.0005846852994181004	-0.000900589894029074	0.0010053096491487337	1.15273476	29.56746864	1.01187331	0.14113308578573394	0.015654	0.00105
0.0491	-0.0642	0.0509	0.0004206243497306334	-0.0009704030641088471	0.0009442231253289323	1.23213911	31.60417747	1.01227487	0.12424803217935208	0.0160185	0.00137
0.0623	-0.0463	0.0449	5.4105206811824215e-05	-0.0010314895879286487	0.0006946410422937432	1.11997533	28.72719383	0.97362436	0.07095938748868999	0.0160146	0.00116
0.0567	-0.0939	0.0235	0.00039269908169872416	-0.0008656833089891874	0.0007714355293814937	1.05426025	27.04161263	0.96861051	0.10365973204570558	0.015485	0.00121
0.0517	-0.1253	0.0339	0.0004188790204786391	-0.0007417649320975902	0.0008237954069413235	1.2131058	31.11597633	0.96061023	0.05692290966156709	0.0152892	0.00081
0.0548	-0.0112	0.0601	0.0002617993877991494	-0.000932005820564972	0.0007609635538695277	1.23780906	31.7496109	1.0021854	0.16390761871093337	0.0161555	0.00164
0.0584	-0.019	0.0355	1.2217304763960308e-05	-0.0009651670763528643	0.0007347836150896127	1.05766773	27.12901497	0.96092412	0.05144616388014983	0.0170212	0.00138
0.0508	-0.0382	-0.0022	0.0004886921905584122	-0.000879645943005142	0.0008307767239493009	1.12361109	28.82044983	0.98151817	0.09739945640009312	0.0158885	0.00132
0.0484	-0.1179	0.0315	0.0007853981633974483	-0.0009075712110370514	0.0008342673824532895	1.17141616	30.04664421	1.0013987	0.1322060949687467	0.0139427	0.00103
0.0505	-0.0711	0.0527	0.0005078908123303499	-0.0008185594191853405	0.0007452555906015787	1.11835587	28.68565559	1.0117072	0.09287654673852602	0.0159975	0.00135
0.0506	-0.0044	0.0436	1.9198621771937625e-05	-0.000900589894029074	0.0007417649320975902	1.0668292	27.36400414	0.97923955	0.10461066619530672	0.0181612	0.00224
0.0579	0.0456	0.0042	7.67944870877505e-05	-0.0010960667702524388	0.0008185594191853405	1.22920895	31.5290184	1.05437605	0.1131933614313464	0.0185899	0.00297
0.0519	-0.1162	-0.0143	0.000439822971502571	-0.0008970992355250854	0.0008272860654453122	1.19201875	30.57509613	1.07945352	0.21483613327010728	0.0146258	0.00088
0.0493	-0.1566	0.0267	0.0006806784082777885	-0.0007923794804054256	0.0009965830028887623	1.06934977	27.42865562	0.95779539	0.10974360646691636	0.014426	0.00057
0.0497	-0.1178	0.0435	0.0007347836150896127	-0.0006265732014659643	0.0009302604913129776	1.2567277	32.23487091	0.97255783	0.07031169986635348	0.0154539	0.00123
0.0607	-0.0353	0.0708	0.0002478367537831948	-0.0007853981633974483	0.0007557275661135446	1.27060878	32.59091949	1.03994158	0.16181523742186676	0.0163547	0.00159
0.0685	-0.0856	0.0295	0.0003316125578789226	-0.0009372418083209549	0.0006597344572538566	1.16170907	29.79765701	0.98969994	0.11598062789394614	0.0152687	0.00128
0.0614	-0.0981	0.035	0.0006824237375297829	-0.0007696902001294993	0.0007923794804054256	1.16510785	29.8848362	0.9746652	0.057650390549694265	0.0158549	0.00169
0.0612	-0.0746	0.0574	0.0007173303225696694	-0.0008726646259971648	0.0006492624817418905	1.31769764	33.79874039	0.98224729	0.06014990047855436	0.0151706	0.00162
0.0638	-0.0037	0.0738	7.67944870877505e-05	-0.0008883725892651138	0.0005794493116621174	1.09107149	27.98581505	0.98499524	0.12620284844148208	0.0175238	0.00185
0.0746	-0.0678	0.0466	7.853981633974481e-05	-0.0010314895879286487	0.0005462880558742252	1.1375587	29.17820358	0.98506672	0.11100117918517108	0.0165935	0.00133
0.0726	-0.0983	0.0485	0.0004258603374866164	-0.0010297442586766543	0.0005078908123303499	1.16370487	29.84885025	0.96699144	0.05377315469713707	0.0147851	0.00099
0.0577	-0.0637	0.0644	0.0005375614096142535	-0.0008464846872172499	0.0004904375198104066	1.10428786	28.32481194	0.99240175	0.08102069680534922	0.0154544	0.0011
0.0607	-0.0745	0.0674	5.061454830783555e-05	-0.0009407324668249436	0.0005637413483941684	1.1250838	28.85822678	0.96193407	0.04952492347489367	0.0165606	0.00128
0.068	-0.046	0.0329	0.000291469985083053	-0.001117010721276371	0.0004974188368183839	1.19898009	30.75365257	1.01870097	0.09447281014012147	0.0158513	0.0015
0.0545	-0.16	0.0301	0.0005375614096142535	-0.000921533845053006	0.0005375614096142535	1.15373826	29.59320831	1.05406145	0.15438554367752175	0.0143765	0.00088
0.0475	-0.1502	0.0477	0.0008272860654453122	-0.0008150687606813518	0.000614355896702004	1.0586673	27.15465164	0.96024824	0.058049211364523165	0.014618	0.00099
0.0569	-0.1017	0.0768	0.00033335788713091696	-0.0009093165402890458	0.0005585053606381855	1.19404042	30.62695122	0.99439879	0.11920132469929538	0.0154752	0.00115
0.0568	0.0116	0.0356	0.00011344640137963142	-0.001043706892692609	0.000450294947014537	1.17017436	30.01479149	1.04130817	0.17772561258892483	0.0163969	0.00192
0.0651	-0.0554	-0.001	0.00040840704496667313	-0.0012042771838760874	0.000466002910282486	1.06594622	27.34135628	0.98809241	0.13546194490192345	0.0157141	0.00121
0.0542	-0.1371	0.0064	0.000921533845053006	-0.0008412486994612669	0.000593411945678072	1.20411754	30.88542938	1.05946992	0.15017821599483697	0.0142326	0.00098
0.0507	-0.1462	0.0447	0.001254891732183923	-0.0009651670763528643	0.0006213372137099814	1.1539818	29.59945488	0.98832774	0.07516007660272117	0.0125158	0.00062
0.0537	-0.0933	0.0668	0.0006073745796940267	-0.0008325220532012951	0.0005515240436302081	1.07700861	27.625103	0.98994023	0.12049876728606192	0.0141138	0.00079
0.0581	-0.0245	0.0232	0.00045553093477052	-0.0010245082709206715	0.0005515240436302081	1.24402571	31.90906715	1.02856525	0.13399149313214415	0.0162886	0.00174
0.0714	-0.0245	-0.0042	0.0005619960191421741	-0.001043706892692609	0.000661479786505851	1.2373172	31.73699379	1.02710769	0.05248097245096173	0.0159927	0.00121
0.066	-0.1299	0.002	0.0007243116395776468	-0.0010803588069844899	0.00047822021504644627	1.17715371	30.19381142	1.04342572	0.1361113553093379	0.0132119	0.00079
0.0518	-0.1784	0.0288	0.0011082840750163993	-0.000900589894029074	0.0005846852994181004	1.07722914	27.6307621	0.95644602	0.12301032163829113	0.0136832	0.00062
0.0584	-0.0851	0.0641	0.000731292956585624	-0.0008709192967451704	0.0005044001538263612	1.21920598	31.27244568	1.03275433	0.15954734306532092	0.0144749	0.00115
0.0523	0.0152	0.0421	0.0003682644721708035	-0.0009651670763528643	0.0005044001538263612	1.19281721	30.59557724	1.04830699	0.15126381320112575	0.0155622	0.00159
0.0558	-0.0906	-0.0091	0.00042236967898262774	-0.0010349802464326373	0.0006021385919380437	1.09065151	27.97504234	1.0013363	0.171582840750164	0.015076	0.00098
0.0466	-0.2049	-0.0105	0.0009285151620609833	-0.0009965830028887623	0.0008028514559173916	1.18888843	30.49480438	1.02131006	0.1621627795300789	0.0141634	0.00098
0.0461	-0.149	0.0272	0.0014137166941154068	-0.0011135200627723821	0.0007138396640656808	1.18207967	30.32016182	0.9941425	0.12865751918948773	0.0122168	0.00057
0.0506	-0.0506	0.0611	0.0006736970912698113	-0.0009162978572970229	0.0007016223593017205	1.09244668	28.02108765	0.99508184	0.18427295565424567	0.0146468	0.00106
0.0534	-0.0032	0.0186	0.0007138396640656808	-0.0010890854532444615	0.0005270894341022875	1.28680968	33.00646973	0.97318536	0.11207315469713706	0.015599	0.00175
0.05	-0.1331	-0.0029	0.001420698011123384	-0.0009983283321407565	0.0004956735075663896	1.30012345	33.34796524	1.05421981	0.19625156973486527	0.0123993	0.00083
0.0408	-0.1288	0.02	0.0016004669240788003	-0.0009093165402890458	0.0005410520681182421	1.11666083	28.64217758	0.9734299	0.05210796326794897	0.011412	0.00039
0.0474	-0.1837	0.048	0.0011327186845443199	-0.000932005820564972	0.0005148721293383271	1.05496991	27.05981445	0.95687286	0.11533087292951608	0.0136524	0.00066
0.0513	-0.033	0.0454	0.000635299847725936	-0.0009285151620609833	0.0005218534463463045	1.30184114	33.39202499	1.06018078	0.18259454061651753	0.0150059	0.00096
0.0648	-0.0063	0.0079	0.0009494591130849152	-0.0011903145498601325	0.00031415926535897925	1.16705513	29.93478394	0.98187922	0.11688264170727268	0.0144631	0.00125
0.0489	-0.1176	0.0069	0.0010943214410004448	-0.0010210176124166828	0.00035081117965086024	1.15259337	29.56384277	1.03573102	0.14574055898254298	0.0133427	0.00074
0.0411	-0.219	0.0247	0.0011676252695842063	-0.0009512044423369096	0.00041538836197465044	1.2038027	30.87735176	0.98464814	0.13738470904936623	0.0139064	0.00093
0.0462	-0.1044	0.0641	0.0009232791743050004	-0.0011711159280881952	0.00033684854563490564	1.31264114	33.66904068	1.04803097	0.18623986986851185	0.0130702	0.00054
0.0444	0.0335	0.0423	0.0004625122517784973	-0.0011623892818282235	0.00037350045992678646	1.16142106	29.79027176	1.07670439	0.1868072741539178	0.0164154	0.00177
0.0524	-0.1003	0.0007	0.0007016223593017205	-0.0012356931104119853	0.00037524578917878077	1.2349596	31.67652321	1.05199499	0.19910796326794897	0.013897	0.00066
0.0407	-0.2032	0.0114	0.0012845623294678264	-0.0010890854532444615	0.00042760566673861073	1.22787726	31.4948616	1.01904979	0.16439537524467296	0.0122686	0.00057
0.0411	-0.243	0.0415	0.0013473941825396225	-0.0010821041362364843	0.0005602506898901797	1.10230184	28.27387238	0.96082093	0.08042290966156711	0.0127121	0.00069
0.0459	-0.0655	0.0568	0.0009093165402890458	-0.001022762941668677	0.0004380776422505767	1.38883376	35.62337112	1.07213237	0.22857959422289936	0.0142949	0.00111
0.052	-0.0024	0.0288	0.0009494591130849152	-0.0012601277199399059	0.00034557519189487725	1.29788172	33.29046631	0.99171929	0.11570049007113987	0.0141311	0.00106
0.0443	-0.0941	0.0006	0.0012252211349000194	-0.00119729586686811	0.00033684854563490564	1.11082137	28.49239731	0.98460887	0.14496602605734357	0.0118919	0.00054
0.0391	-0.2586	0.0308	0.0015079644737231008	-0.0009128071987930344	0.0005166174585903216	1.31490362	33.72707367	1.05587644	0.23725004599267863	0.0133018	0.00116
0.0431	-0.1542	0.0681	0.0013037609512397642	-0.00102799892942466	0.000445058959258554	1.36583555	35.03347015	1.03762535	0.1652476876223365	0.0132689	0.00076
0.0481	-0.0342	0.0535	0.000645771823237902	-0.0011013027580084218	0.00034208453339088857	1.19469869	30.64383507	1.07118744	0.1813133691226645	0.0146918	0.00099
0.0519	-0.0408	0.0186	0.0006265732014659643	-0.0012095131716320703	0.0004625122517784973	1.07921016	27.68157387	1.00661422	0.05769183768915975	0.0151751	0.00081
0.0593	-0.096	-0.0051	0.0006230825429619757	-0.0010681415022205296	0.0004799655442984406	1.17472768	30.13158226	1.00155261	0.09441578102177363	0.0142117	0.00067
0.0513	-0.1976	0.0124	0.0011571532940722405	-0.0011065387457644049	0.00041015237421866745	1.17526281	30.14530754	1.01469805	0.15921405823669563	0.0124651	0.00052
0.0478	-0.1585	0.039	0.0012531464029319286	-0.0009896016858807848	0.00041015237421866745	1.09457922	28.0757885	0.97588019	0.0798465084371654	0.012956	0.00066
0.0522	-0.1237	0.0497	0.0008342673824532895	-0.0010681415022205296	0.0003961897402027128	1.15121377	29.52845383	1.00426346	0.07546907354171693	0.0140802	0.00062
0.059	-0.0433	0.0152	0.0009459684545809266	-0.0013055062804917586	0.00032812189937493397	1.23485208	31.67376518	1.02283231	0.14255668456133225	0.0140017	0.00105
0.0455	-0.1459	-0.0063	0.0013264502315156904	-0.0012042771838760874	0.000296705972839036	1.11327565	28.55534935	1.00762116	0.16325634000431663	0.0116341	0.00059
0.0398	-0.209	0.0143	0.001656317460142619	-0.0010070549784007281	0.0004991641660703782	1.25140285	32.09828949	0.97545137	0.1258773813666815	0.0124739	0.00106
0.0519	-0.0424	0.0622	0.0011676252695842063	-0.0012356931104119853	0.00037524578917878077	1.39350796	35.74326324	1.08551635	0.2686624349730633	0.0139083	0.00079
0.0581	-0.0298	0.0334	0.0007627088831215222	-0.0012304571226560022	0.00038048177693476387	1.0973897	28.14787483	0.98045534	0.06836941809873251	0.0140868	0.00103
0.0486	-0.1514	0.0173	0.0012688543661998775	-0.0010978120995044332	0.0005026548245743669	1.24831355	32.0190506	1.0204222	0.1852481776934764	0.0127389	0.00086
0.0456	-0.1622	0.0418	0.0014660765716752368	-0.0010733774899765126	0.000609119908946021	1.27285409	32.64850998	0.97650168	0.054706094968746705	0.0122074	0.00062
0.0583	-0.1568	0.0816	0.0009634217471008699	-0.0011274826967883368	0.0005061454830783556	1.11831808	28.68468475	0.99948986	0.09088672286269284	0.0133476	0.00081
0.0606	-0.0747	0.0409	0.0010332349171806431	-0.0013543754995475996	0.0005689773361501514	1.08467793	27.82182121	1.00469321	0.1430768912955416	0.0138951	0.00054
0.0567	-0.1649	0.0379	0.001541125729510993	-0.0010402162341886204	0.0005201081170943102	1.20667815	30.95110703	1.03885586	0.14064596483725847	0.0129297	0.00073
0.0483	-0.1448	0.0405	0.0016318828506146981	-0.001069886831472524	0.0004939281783143952	1.12957597	28.97344971	0.98873549	0.03843038285837616	0.011587	0.00061
0.0525	-0.137	0.0543	0.0013631021458075715	-0.0010995574287564276	0.000598647933434055	1.04028904	26.68325233	0.93501908	0.0459585528605345	0.0126182	0.00069
0.0553	-0.0693	0.0648	0.0009197885158010115	-0.0010576695267085637	0.0005218534463463045	1.17493618	30.13693047	0.9975838	0.1090998009571087	0.0146718	0.00101
0.0652	-0.048	0.0176	0.0013386675362796509	-0.001361356816555577	0.0003054326190990077	1.17001355	30.01066589	1.0064785	0.12534935687864743	0.0127	0.00062
0.0509	-0.1441	0.0338	0.0015515977050229591	-0.0012304571226560022	0.00037524578917878077	1.11227632	28.52971458	0.98844814	0.1472821516361328	0.011507	0.00037
0.0483	-0.1246	0.0419	0.001452113937659282	-0.0011257373675363424	0.0003385938748868999	1.02753162	26.3560276	0.93389689	0.0422427718387609	0.0127699	0.00066
0.0535	-0.0755	0.0675	0.000947713783832921	-0.0010960667702524388	0.000439822971502571	1.19664812	30.69384003	0.99622532	0.1116649923862968	0.0131403	0.00088
0.0581	-0.0182	0.0124	0.000661479786505851	-0.0012461650859239514	0.00041538836197465044	1.12140071	28.76375389	1.01495621	0.14003834612632515	0.0141488	0.00113
0.0579	-0.0105	-0.0151	0.0007679448708775049	-0.0013631021458075715	0.0005462880558742252	1.02607095	26.31855965	0.95391755	0.05311509190774243	0.0149466	0.00126
0.0617	-0.0993	-0.0305	0.0012671090369478833	-0.0013159782560037243	0.0004380776422505767	1.18373513	30.36262131	1.00721534	0.1407249234748937	0.012889	0.00073
0.044	-0.2362	0.0098	0.001656317460142619	-0.0011780972450961724	0.00045553093477052	1.22701585	31.47276688	1.06667488	0.22212713633111153	0.011483	0.00069
0.0292	-0.1622	0.0086	0.0013369222070276565	-0.000973893722612836	0.0003473205211468716	1.10636926	28.37819862	1.00258221	0.12159045946109732	0.011847	0.00059
0.0318	-0.1369	0.0109	0.0013107422682477415	-0.001059414855960558	0.00034033920413889426	1.09014976	27.96217346	0.96432024	0.03613411945678073	0.0131022	0.00083
0.0262	-0.1086	0.0004	0.0010454522219446034	-0.001129228026040331	0.00040317105721069014	1.22967756	31.54104042	1.026092	0.06429675347273535	0.0132456	0.00079
0.0283	-0.1151	0.0055	0.001329940890019679	-0.0011047934165124105	0.0003595378259108319	1.12089467	28.75077438	0.96288237	0.031327825445142704	0.011969	0.00061
0.0394	-0.1135	0.0557	0.0010070549784007281	-0.001239183768915974	0.00038048177693476387	1.10318983	28.29664803	0.99087215	0.08681101075232228	0.0128511	0.00049
0.0477	0.015	0.0418	0.0008325220532012951	-0.001265363707695889	0.0005096361415823442	1.41070902	36.18446732	1.04210135	0.1671933614313464	0.0159153	0.00184
0.057	-0.0634	0.0232	0.0010053096491487337	-0.0013753194505715315	0.0005113814708343385	1.24625385	31.96621895	1.00310536	0.12052443340375378	0.0134172	0.00088
0.0514	-0.1762	0.0145	0.0013212142437597075	-0.0012845623294678264	0.0004991641660703782	1.18643725	30.43193054	1.01498821	0.14804395102393195	0.0115708	0.00084
0.0447	-0.2055	0.0519	0.0013142329267517303	-0.0012356931104119853	0.0005899212871740833	1.07061243	27.4610424	0.95574926	0.08073038285837617	0.0131438	0.00076
0.0459	-0.1063	0.0807	0.0006789330790257941	-0.001282817000215832	0.0005550147021341969	1.22163188	31.33466721	1.02875098	0.16506651612848347	0.0142058	0.00116
0.0521	-0.0443	0.0378	0.0006754424205218055	-0.0013596114873035826	0.0005969026041820607	1.17013264	30.01372147	1.05223541	0.11720865238198017	0.0147642	0.00125
0.0568	-0.0624	-0.0016	0.0006475171524898963	-0.0014259339988793671	0.0005811946409141118	1.06384635	27.28749275	0.99056222	0.06769778714378213	0.0139469	0.00118
0.0459	-0.1487	-0.0294	0.0011082840750163993	-0.0014748032179352085	0.0006073745796940267	1.11007214	28.47317886	1.02174188	0.15179080401811298	0.0136038	0.00096
0.0413	-0.2231	-0.0052	0.0015306537539990272	-0.0013212142437597075	0.0006824237375297829	1.20663571	30.95001984	1.01776872	0.13575039054969426	0.0121644	0.00081
0.049	-0.1637	0.026	0.0017086773377024485	-0.001361356816555577	0.0006998770300497262	1.13316679	29.06555367	0.98730059	0.11008097245096168	0.0111706	0.00061
0.0545	-0.0422	0.0491	0.0009791297103688187	-0.00124965574442794	0.0006998770300497262	1.11592364	28.62327003	1.01811635	0.19216243497306332	0.0137722	0.00096
0.0603	-0.0467	0.0034	0.0011449359893082802	-0.001356120828799594	0.0007888888219014368	1.24987483	32.05909729	0.97248058	0.07406415775814133	0.0145921	0.00155
0.0516	-0.1831	-0.0091	0.0017523105690023068	-0.001450368608407288	0.0008168140899333463	1.29889369	33.31642151	1.07263422	0.1940773813666815	0.0122064	0.00084
0.0491	-0.1725	0.0258	0.0017715091907742446	-0.0014172073526193955	0.000757472895365539	1.13475442	29.10627365	0.97968862	0.053585053606381904	0.0110121	0.00081
0.0599	-0.1302	0.0574	0.0011030480872604163	-0.0013526301702956054	0.0007417649320975902	1.06228209	27.24737167	0.97054851	0.12213731245527835	0.0128683	0.00074
0.0605	-0.0208	0.0301	0.0010367255756846318	-0.0014119713648634124	0.0006824237375297829	1.253438	32.15048981	1.03243905	0.14655024503556993	0.014204	0.00101
0.0598	-0.1537	-0.0051	0.0013945180723434693	-0.0014224433403753785	0.0006161012259539982	1.1987927	30.74884605	1.03560901	0.1905293491873294	0.0114298	0.00066
0.0492	-0.2045	0.0212	0.001579522973054868	-0.0013473941825396225	0.0007557275661135446	1.13096547	29.00908852	0.99590342	0.10768401993533504	0.0117181	0.00061
0.0555	-0.1452	0.0523	0.001256637061435917	-0.0014224433403753785	0.0006928957130417488	1.13791037	29.18722534	0.96897283	0.11973834612632514	0.0131235	0.00079
0.0533	-0.1298	0.0539	0.0009023352232810684	-0.0014556045961632708	0.0007016223593017205	1.25579977	32.21107101	1.00246263	0.03900948701013563	0.0127231	0.00081
0.0511	-0.0684	-0.0222	0.001408480706359424	-0.0014643312424232424	0.0007016223593017205	1.13302469	29.06190872	1.03898605	0.16544360646691636	0.011701	0.00089
0.0402	-0.1718	0.0064	0.0015917402778188286	-0.0014172073526193955	0.0008220500776893293	1.1357888	29.13280678	1.03164799	0.16044055898254303	0.0124201	0.00062
0.0457	-0.1433	0.0386	0.0016179202165987434	-0.0014486232791552935	0.0007539822368615504	1.19119859	30.55405998	0.9844342	0.07248318530717958	0.0116398	0.00052
0.0542	-0.0911	0.0581	0.0011327186845443199	-0.0014433872913993105	0.0006911503837897545	1.18729842	30.45402145	1.03384941	0.10786346864411012	0.0129212	0.00078
0.058	-0.0638	0.0294	0.0009162978572970229	-0.001473057888683214	0.0008342673824532895	1.30717111	33.52873611	0.99827559	0.07926042115973679	0.0139661	0.00148
0.0622	-0.0301	0.0382	0.0012042771838760874	-0.0017435839227423352	0.0008866272600131194	1.2541523	32.1688118	1.0172725	0.07724326190990077	0.0139245	0.00098
0.0434	-0.1171	-0.0468	0.001322959573011702	-0.0016057029118347831	0.0005881759579220891	1.19833243	30.73704147	1.06637608	0.21855073510670983	0.0127476	0.00111
0.0382	-0.2058	-0.0132	0.0012775810124598492	-0.0015271630954950383	0.0007731808586334879	1.21031272	31.04433441	1.04275837	0.1429461638801498	0.0128633	0.0012
0.0447	-0.0789	0.0216	0.0015306537539990272	-0.0016947147036864942	0.0006876597252857658	1.31426609	33.71072006	1.07613867	0.19350727415391783	0.0121344	0.00083
0.0562	-0.1038	0.032	0.0010349802464326373	-0.001658062789394613	0.0006335545184739417	1.10943747	28.45689774	0.9915107	0.07612153143350478	0.012422	0.00076
0.0411	-0.0778	0.0009	0.0013334315485236678	-0.0014957471689591403	0.0006021385919380437	1.15880108	29.72306824	0.96938763	0.09680914245312008	0.0130467	0.00093
0.0464	-0.0526	0.0379	0.0011676252695842063	-0.0018727382873899156	0.0003525565089028545	1.24519455	31.93904686	1.01220007	0.1071189740202713	0.0133029	0.00084
0.0517	0.0388	0.078	5.4105206811824215e-05	-0.0019198621771937623	0.0005113814708343385	1.1901077	30.52607727	1.05782497	0.2027734457253857	0.0177442	0.0027
0.046	-0.0114	0.1038	-0.0003892084231947355	-0.0019879300180215415	0.0006335545184739417	1.22807693	31.49998283	1.03173814	0.1133777259236971	0.0202774	0.0046
0.0249	-0.062	0.0932	-0.0007661995416255106	-0.00199142067652553	-0.00016406094968746698	1.40980375	36.16124725	1.16289199	0.1412048622548086	0.0196682	0.00422
0.0247	-0.127	0.1103	0.0007208209810736582	-0.0021921335405048776	-9.075712110370512e-05	1.31306863	33.68000793	1.13344214	0.17035186076311387	0.0155221	0.00165
0.013	-0.2214	0.0717	0.0007766715171374765	-0.0018186330805780916	-5.93411945678072e-05	1.1971792	30.7074604	1.09540162	0.16773834612632507	0.0156265	0.00123
0.0084	-0.0752	0.001	-0.00045553093477052	-0.0013020156219877698	0.00046425758103049166	1.31777704	33.80077744	1.16730292	0.3351209343048308	0.0171201	0.0029
0.0174	-0.0424	0.01	0.0002303834612632515	-0.0014590952546672592	0.00039968039870670147	1.10444462	28.32883453	1.01521409	0.09617856055185257	0.015506	0.00174
-0.008	-0.0548	-0.005	0.0003961897402027128	-0.0009564404300928925	1.5707963267948964e-05	1.31895149	33.8309021	0.99937311	0.10542167694762902	0.0162424	0.00191
-0.0186	-0.008	0.0287	-0.00039095375244672985	-0.0012409290981679683	-0.00047822021504644627	1.35316443	34.70845795	1.0861274	0.16937801695194568	0.0216323	0.00582
-0.0511	-0.0018	0.281	-0.002885029253546627	-0.0012130038301360591	-0.0007766715171374765	1.59924531	41.02039337	1.49541984	0.4320226035611419	0.0340822	0.03997
-0.0548	0.0076	0.3109	-0.00041015237421866745	-0.00325329372571743	0.0002548180707911721	1.36356366	34.97519684	1.27582967	0.3203328181418989	0.0280952	0.02826
-0.0393	-0.0225	0.2802	0.0008150687606813518	-0.003309144261781249	-0.0007330382858376184	1.36792314	35.08701706	1.17751941	0.18974640137963145	0.0211208	0.01465
-0.0255	0.0165	0.2178	0.0007120943348136865	-0.0034068826998929313	-0.0006946410422937432	1.10663342	28.38497543	1.03918365	0.12715550537616116	0.0193328	0.00826
-0.0142	-0.0759	0.2043	0.0009808750396208131	-0.0031311206780778272	-0.00047123889803846896	1.17810726	30.21826935	1.01955331	0.1555972435438752	0.0175951	0.0053
0.0017	-0.1071	0.1799	0.0010349802464326373	-0.0030944687637859463	-0.0001937315469713706	1.18410194	30.37203026	1.01842591	0.08991322360854018	0.0166252	0.00427
0.0065	-0.0975	0.1309	0.0008709192967451704	-0.002998475654926258	0.0001605702911834783	1.09708571	28.14007759	0.99861129	0.09411779483510019	0.01493	0.00179
0.0057	-0.1451	0.1462	0.0009930923443847736	-0.0030159289474462015	0.00013788101090755203	1.0842365	27.81049919	0.9862682	0.07181578102177365	0.0146968	0.00132
0.0001	-0.1264	0.155	0.0010576695267085637	-0.002823942729726825	-8.552113334772214e-05	1.13893187	29.21342659	0.98575278	0.05709827721492204	0.0142557	0.00179
-0.0085	-0.1291	0.1486	0.001335176877775662	-0.0026912977065752563	-0.000148352986419518	1.1231823	28.80945206	0.96952183	0.0413492113645231	0.0132456	0.00137
-0.0206	-0.1552	0.1291	0.0011047934165124105	-0.002385865087476248	-0.0003612831551628262	1.09742463	28.14877319	0.99121618	0.09513731245527841	0.0131243	0.00138
-0.0087	-0.0409	0.0938	0.0014276793281313615	-0.002389355745980237	-0.00016231562043547262	1.09773207	28.15665817	1.02036388	0.18776720524251464	0.0140533	0.00106
0.0094	0.0508	0.0787	0.001450368608407288	-0.0026529004630313807	0.00015707963267948963	1.28249526	32.89580536	1.02768387	0.15518146252210163	0.0150841	0.00164
0.0147	-0.0145	0.103	0.001673770752662562	-0.0029234264970905022	0.0004188790204786391	1.19528484	30.6588726	1.00065019	0.13268637830567723	0.0137768	0.00142
0.0197	-0.0285	0.0847	0.001689478715930511	-0.003003711642682241	0.0005201081170943102	1.09704638	28.13907051	0.96543968	0.04716111027376793	0.0128575	0.00116
0.0192	-0.1315	0.0497	0.0014364059743913332	-0.0026284658535034606	0.0006213372137099814	1.15374517	29.5933857	1.04784695	0.17497738136668145	0.0117917	0.00064
0.0104	-0.2087	0.0737	0.001843067690106012	-0.0025394540616517493	0.0004886921905584122	1.1100508	28.47262955	1.013458	0.14141592653589796	0.011744	0.00078
0.004	-0.1829	0.0923	0.0017976891295541592	-0.002373647782712288	0.0004258603374866164	1.17688763	30.18698692	0.96716137	0.06450083462815547	0.0113503	0.00066
0.0103	-0.1265	0.1091	0.0018273597268380628	-0.0024801128670839424	0.0004310963252425994	1.1900686	30.52507401	0.98541084	0.08656858347057705	0.0115823	0.00081
0.0169	-0.0749	0.0875	0.0016807520696705393	-0.002356194490192345	0.00037350045992678646	1.09512651	28.08982658	0.96907703	0.0962060949687467	0.0112105	0.00052
0.0064	-0.1727	0.0873	0.0018622663118779497	-0.002452187599052033	0.00032637657012293966	1.48729861	38.14897919	1.01289461	0.12473156204354724	0.0129064	0.00147
0.0005	-0.1447	0.0996	0.0020298179200694054	-0.0024836035255879313	7.330382858376184e-05	1.37971652	35.38951492	0.99533731	0.06880201381332658	0.0119872	0.00089
0.0058	-0.0888	0.132	0.0017470745812463236	-0.002522000769131806	9.599310885968811e-05	1.1618861	29.80219841	0.98524283	0.11079149313214412	0.0120593	0.00115
0.0126	-0.0917	0.1615	0.0016615534478986017	-0.0027331856086231197	0.000158824961931484	1.2314527	31.58657265	0.96111233	0.05717689129554157	0.0150094	0.00196
0.0071	-0.0406	0.1754	0.0016231562043547262	-0.002933898472602468	9.42477796076938e-05	1.27642238	32.74003601	0.98459787	0.0856843644923507	0.0154525	0.00282
0.0033	-0.0722	0.1529	0.0013910274138394805	-0.0030665434957540365	0.00016406094968746698	1.10211384	28.2690506	0.96575307	0.07962934918732938	0.0140409	0.00191
0.007	-0.1243	0.0808	0.0016196655458507376	-0.003082251459021986	0.00034557519189487725	1.09632432	28.12055016	1.0296686	0.14919301687433087	0.0134045	0.00126
-0.0062	-0.2008	0.0202	0.002001892652037496	-0.002750638901143063	0.00015009831567151235	1.20782125	30.98042679	1.08429583	0.19576582701445236	0.0110924	0.00094
-0.0169	-0.2427	0.044	0.0023404865269243957	-0.0025499260371637153	0.0001186823891356144	1.18231308	30.32614708	1.00468583	0.10493613327010728	0.00980008	0.00066
-0.0237	-0.1759	0.06	0.0025569073541716926	-0.0024923301718479027	-9.250245035569947e-05	1.1076951	28.41220665	0.98620308	0.11386007660272116	0.00874978	0.0004
-0.0243	-0.1488	0.0544	0.0027296949501191318	-0.002267182698340634	-0.00011519173063162575	1.13407111	29.08874702	0.9416629	0.05433121748653172	0.00950342	0.00034
-0.026	-0.1526	0.0556	0.002708750999095199	-0.002230530784048753	-0.00028623399732707005	1.1910187	30.5494442	0.96136967	0.018131906600562915	0.00971097	0.00044
-0.0313	-0.1709	0.0647	0.0026668630970473357	-0.0021642082724729686	-0.0005201081170943102	1.12835443	28.94211578	0.95994945	0.04980422666954439	0.00858212	0.00044
-0.0258	-0.1641	0.0751	0.0026563911215353696	-0.0021851522234969008	-0.00040317105721069014	1.15528142	29.63278961	0.97939041	0.03011764932097592	0.00986457	0.00067
-0.0289	-0.0504	0.0891	0.0024294983187761066	-0.002256710722828668	-0.0004904375198104066	1.23937809	31.78985596	1.00436461	0.1500858882345373	0.0112891	0.00066
-0.0393	-0.1396	0.0663	0.002569124658935653	-0.002380629099720265	-0.0007016223593017205	1.16330945	29.83870697	0.98424017	0.14613647782712283	0.00877458	0.00052
-0.0381	-0.2227	0.0774	0.002820452071222836	-0.0021956241990088664	-0.0006038839211900379	1.09697914	28.13734627	0.95985449	0.1221035375555132	0.00950336	0.00042
-0.0346	-0.1982	0.0794	0.00318871654339364	-0.0019757127132575807	-0.0006038839211900379	1.13907695	29.21714783	0.9561903	0.0594087978961045	0.00896102	0.00049
-0.0276	-0.1297	0.0761	0.0029234264970905022	-0.002228785454796759	-0.0007888888219014368	1.17016304	30.01450157	0.99190762	0.11396838442768573	0.00886494	0.00044
-0.0357	-0.1989	0.0607	0.0028658306317746896	-0.0021205750411731105	-0.0008674286382411819	1.12775898	28.92684174	1.0317888	0.10491730476396029	0.00833094	0.00044
-0.039	-0.2276	0.0659	0.0029897490086662863	-0.0020996310901491783	-0.0009878563566287904	1.16512442	29.88525963	0.95324342	0.05046450231515688	0.00910318	0.00054
-0.036	-0.1772	0.0865	0.002958333082130389	-0.0021118483949131386	-0.0012199851471440364	1.24342728	31.89371681	0.97829271	0.0877881010907552	0.00880128	0.00064
-0.0296	-0.0536	0.0881	0.0027960174616949163	-0.0021572269554649913	-0.0011100294042683937	1.12327266	28.81176949	1.01195454	0.14748249619314835	0.00934178	0.00071
-0.0285	-0.1817	0.0654	0.0027454029133870805	-0.0022322761133007477	-0.0010035643198967395	1.23000193	31.54935837	1.01893301	0.16350643952576227	0.00915658	0.0004
-0.032	-0.2649	0.0836	0.003139847324337799	-0.0022427480888127134	-0.001085594794740473	1.26163363	32.36070633	1.01065521	0.1292473430653209	0.00912273	0.00067
-0.0363	-0.2509	0.1064	0.003014183618194207	-0.0022113321622768156	-0.0010838494654884787	1.15381646	29.59521294	1.00833047	0.04904124809657422	0.00965303	0.00064
-0.0315	-0.1484	0.1177	0.002806489437206882	-0.002145009650701031	-0.0010716321607245184	1.18258071	30.33301353	0.98923015	0.13291169986635348	0.00967485	0.00062
-0.021	-0.1157	0.1138	0.002769837522915001	-0.002457423586808016	-0.0009546951008408983	1.16998816	30.01001549	0.96868008	0.0704001455141243	0.00932324	0.00047
-0.0218	-0.0994	0.0526	0.0028361600344907856	-0.0024434609527920616	-0.0008395033702092724	1.10419273	28.32237244	0.99799394	0.08807384381116824	0.00889307	0.00052
-0.0292	-0.2469	0.0487	0.0032044245066615894	-0.0023387411976724015	-0.0008482300164692441	1.1738596	30.10931587	1.03973487	0.18288554367752177	0.00886655	0.00037
-0.0273	-0.2692	0.076	0.0035953782591083183	-0.0022636920398366456	-0.0009669124056048585	1.15605164	29.65254593	0.98373558	0.08073426497090494	0.00827616	0.0004
-0.0217	-0.2214	0.0979	0.0031817352263856626	-0.0021938788697568722	-0.0010000736613927507	1.11749268	28.66351509	0.97501015	0.10113087292951604	0.00941062	0.00051
-0.018	-0.1513	0.1095	0.0030979594222899347	-0.0022008601867648495	-0.0008604473212332044	1.17035055	30.01931	0.96816006	0.0969191730631626	0.0102342	0.00064
-0.0211	-0.1939	0.1485	0.0030700341542580253	-0.0024556782575560214	-0.0005532693728822024	1.23415935	31.65599632	1.01113539	0.11419606435870416	0.0114304	0.00236
-0.0316	-0.2106	0.2263	0.002518510110627818	-0.0027558748888990466	-0.0001012290966156711	1.1748848	30.13561249	1.06176617	0.1701880475619882	0.0155583	0.00818
-0.0356	-0.1953	0.2497	0.001467821900927231	-0.002713986986851182	0.0004363323129985824	1.16781116	29.95417404	1.02994569	0.12420687606813524	0.0199248	0.01319
-0.0416	-0.2018	0.3025	0.0006946410422937432	-0.0029321531433504737	0.0009302604913129776	1.22506869	31.42282295	1.05689641	0.1395637596723587	0.0261648	0.02604
-0.0598	-0.2506	0.298	0.0011100294042683937	-0.003127630019573839	0.000973893722612836	1.21177864	31.08193588	1.03308184	0.10422492347489368	0.0269071	0.02904
-0.0505	-0.3746	0.3125	0.002363175807200322	-0.0030979594222899347	-2.268928027592628e-05	1.27078819	32.59552002	1.12105808	0.26177000015522967	0.0260597	0.02528
-0.0478	-0.2182	-0.0805	0.0032044245066615894	-0.0019617500792416262	-0.0002513274122871834	1.91621244	49.15055084	1.87819681	0.6624048087260417	0.0154001	0.00715
-0.0551	-0.1795	-0.136	0.0044436082755775624	-0.002324778563656447	-0.0007696902001294993	1.33743095	34.30489731	1.15078516	0.2075287520586555	0.0128333	0.00302
-0.0555	-0.2015	-0.1095	0.004379031093253773	-0.0022933626371205488	-0.0008936085770210966	1.18726552	30.4531765	1.03883621	0.05989557428756428	0.00982118	0.00099
-0.0617	-0.1866	-0.0652	0.004700171675620729	-0.002082177797629235	-0.0009983283321407565	1.38217509	35.45257568	1.01534927	0.09725225884889652	0.0092808	0.00101
-0.0565	-0.1786	-0.025	0.004733332931408622	-0.002001892652037496	-0.0011571532940722405	1.3578068	34.82753372	0.99635725	0.06701356816555576	0.00752079	0.00044
-0.0553	-0.1322	-0.0266	0.0044924774946334045	-0.001960004749989632	-0.0011746065865921838	1.10906684	28.44739342	0.95598061	0.06420983156715121	0.00723177	0.00035
-0.061	-0.1505	-0.0297	0.004673991736840814	-0.0021118483949131386	-0.0012479104151759456	1.32365489	33.9515419	0.97817588	0.04743308578573385	0.00936288	0.00099
-0.0524	-0.1593	-0.0141	0.004858996637552213	-0.0021118483949131386	-0.0013142329267517303	1.34146225	34.40829849	1.00994852	0.04556637061435921	0.00780308	0.00051
-0.0515	-0.1686	-0.0143	0.00456752665246916	-0.0020629791758572974	-0.0013473941825396225	1.10370135	28.30976868	0.97607941	0.029075022996339343	0.00711435	0.0004
-0.0574	-0.244	-0.0082	0.0047193702973926666	-0.0020350539078253884	-0.0013980087308474581	1.04893208	26.90494537	0.95314445	0.09891917306316254	0.0075624	0.00046
-0.0551	-0.1842	-0.0049	0.004885176576332128	-0.0019268434942017398	-0.0015498523757709647	1.23157704	31.58975983	0.9902948	0.0866930168743308	0.0093748	0.00059
-0.0561	-0.2011	0.01	0.0051557026103912496	-0.0018744836166419098	-0.0015428710587629874	1.31118882	33.63179016	1.09713621	0.04929336143134646	0.00828809	0.00057
-0.0503	-0.127	-0.0059	0.004872959271568168	-0.0020769418098732523	-0.001614429558094755	1.13191736	29.03350639	1.02703614	0.1236380015693096	0.0076524	0.00069
-0.0662	-0.2081	-0.0294	0.0050789081233034985	-0.002036799237077382	-0.0016842427281745281	1.05222285	26.98935318	0.95850562	0.13629522973054872	0.007963	0.00062
-0.0721	-0.2159	-0.0105	0.004995132319207771	-0.002036799237077382	-0.0017191493132144146	1.17988956	30.26398468	0.95528721	0.03853411945678072	0.00939566	0.00066
-0.0719	-0.232	0.0051	0.00499862297771176	-0.002001892652037496	-0.0017837264955382047	1.18244815	30.32961273	0.95938554	0.03704872129338328	0.00843501	0.00071
-0.071	-0.1715	-0.0015	0.004806636759992383	-0.0019931660057775245	-0.0018762289458939042	1.06985581	27.44163513	0.9646556	0.0826607657167524	0.00821561	0.00067
-0.0737	-0.1966	0.0014	0.004961971063419879	-0.0019373154697137059	-0.001864011641129944	1.45744276	37.38318253	1.0035047	0.04187010721276373	0.0106269	0.00118
-0.0692	-0.1864	0.0131	0.004960225734167885	-0.0020664698343612863	-0.0018448130193580064	1.38992214	35.65128708	1.00662224	0.03390491578357558	0.00923187	0.00101
-0.0687	-0.1552	0.0088	0.004759512870188536	-0.002089159114637212	-0.001839577031602023	1.11323774	28.5543766	0.97076388	0.04743190660056289	0.00916004	0.00137
-0.0706	-0.1932	0.0141	0.004705407663376713	-0.001956514091485643	-0.0018291050560900572	1.13270175	29.05362511	0.97439841	0.05506111027376792	0.0106588	0.00138
-0.0677	-0.1878	0.0326	0.004991641660703782	-0.00204378055408536	-0.0017976891295541592	1.18696785	30.44554138	1.01083104	0.047045819323134216	0.00925213	0.00101
-0.0601	-0.1433	0.036	0.004457570909593518	-0.0021537362969610025	-0.0016702800941585732	1.08534932	27.83904076	0.96868212	0.09407177646907464	0.00842112	0.00069
-0.0559	-0.1187	0.0274	0.004365068459237818	-0.0022776546738526	-0.0015603243512829306	1.08689368	27.87865448	0.92705733	0.05371882850614703	0.00851291	0.00054
-0.0502	-0.1593	-0.0012	0.004714134309636684	-0.0022479840765686964	-0.0015062191444711063	1.17462134	30.12885475	0.9693027	0.09654208272472972	0.00866085	0.00047
-0.0517	-0.2091	-0.0229	0.004925319149127998	-0.002368411794956305	-0.001621410875102732	1.15248168	29.56097603	1.01635469	0.09534021442552743	0.00807601	0.00067
-0.0577	-0.2542	-0.0044	0.0050841441110594816	-0.002145009650701031	-0.0017313666179783749	1.08250761	27.76615143	0.98386892	0.09420914245311998	0.0092634	0.00066
-0.0548	-0.2193	0.0156	0.0049898963314517885	-0.0021589722847169856	-0.0016824973989225337	1.16351712	29.84403419	0.97818016	0.06565398163397443	0.00897378	0.00076
-0.0473	-0.1133	0.0768	0.00476474885794452	-0.0023928464044842257	-0.001562069680534925	1.27022076	32.58096695	1.11687271	0.2036724655831058	0.00850385	0.00066
-0.0412	-0.1367	0.0376	0.004935791124639963	-0.002267182698340634	-0.0015254177662430443	1.05391824	27.03283882	0.9574632	0.08536789435654574	0.00800699	0.00059
-0.0414	-0.2719	-0.0314	0.005335471523346666	-0.0022479840765686964	-0.0014154620233674013	1.22220862	31.34946251	1.06225059	0.23084173816771417	0.00764978	0.0003
-0.0467	-0.3536	-0.0098	0.005710717312525446	-0.002178170906488923	-0.0014416419621473165	1.21149051	31.07454491	1.02179518	0.13216194490192348	0.0091576	0.00084
-0.0551	-0.2277	0.004	0.005633922825437696	-0.0021607176139689798	-0.0014922565104551516	1.1741451	30.11664009	1.02471669	0.15534311639577647	0.00702387	0.00025
-0.0557	-0.1041	0.0166	0.005148721293383272	-0.002228785454796759	-0.001361356816555577	1.17180204	30.05653954	0.99608565	0.17100845333908887	0.00819749	0.00037
-0.0528	-0.1701	-0.0153	0.00514348530562729	-0.002441715623540067	-0.001439896632895322	1.23693752	31.72725677	0.99203462	0.11563529864195175	0.00760823	0.00059
-0.0567	-0.2935	-0.0454	0.005632177496185701	-0.002314306588144481	-0.001462585913171248	1.17556047	30.15294456	1.0425716	0.18933952531149617	0.00750732	0.0003
-0.0613	-0.2524	-0.0179	0.005904448859496816	-0.0021537362969610025	-0.0014800392056911916	1.08097994	27.72696686	0.95387942	0.0957147473507268	0.00792652	0.00042
-0.0628	-0.2197	0.0082	0.0056042522281537915	-0.0020525072003453313	-0.0015358897417550098	1.15210795	29.5513916	0.98085928	0.0831638132011257	0.00837088	0.00067
-0.0515	-0.1519	0.0261	0.005293583621298802	-0.002282890661608583	-0.001473057888683214	1.22974062	31.54265785	1.06551226	0.12719419605950189	0.0078702	0.00057
-0.0456	-0.1596	-0.0109	0.005387831400906495	-0.0023422318561763904	-0.0016126842288427606	1.05087519	26.95478439	0.95786097	0.06526076571675232	0.00754821	0.00061
-0.0522	-0.3029	-0.0511	0.005916666164260778	-0.0022863813201125715	-0.0015865042900628454	1.18402672	30.37010193	1.03993098	0.22064326190990083	0.00854164	0.00037
-0.0576	-0.3377	-0.0327	0.006152285613280011	-0.0021676989309769574	-0.001658062789394613	1.1990273	30.75486374	0.95895539	0.07989301687433073	0.00915396	0.00056
-0.0528	-0.2393	0.0245	0.005544911033585984	-0.002408554367752175	-0.0016964600329384882	1.257025	32.24249649	1.00957706	0.204731363000656	0.00759411	0.00054
-0.0597	-0.1637	0.0331	0.005101597403579425	-0.0022410027595607188	-0.001609193570338772	1.29722989	33.27374649	1.02370747	0.12600658503988657	0.00844884	0.00078
-0.0628	-0.2466	-0.0443	0.005557128338349946	-0.0023160519173964756	-0.0016231562043547262	1.25034428	32.07113647	1.07646615	0.1906271363311116	0.00832057	0.00069
-0.0663	-0.3259	-0.0369	0.005976007358828583	-0.002267182698340634	-0.0017278759594743865	1.26922464	32.55541611	1.04134437	0.11882339973270696	0.00793326	0.00054
-0.0691	-0.2427	-0.0048	0.005993460651348527	-0.0020664698343612863	-0.0016982053621904826	1.14908767	29.47392082	1.03219293	0.1304918376891598	0.00817609	0.0004
-0.0596	-0.1658	0.0213	0.005262167694762903	-0.0021624629432209744	-0.0015306537539990272	1.30841565	33.5606575	1.06019871	0.1622418836818384	0.00793439	0.00057
-0.0503	-0.1442	0.0007	0.005448917924726297	-0.002305579941884509	-0.001424188669627373	1.24396992	31.90763474	0.98342003	0.0733166156499291	0.00772715	0.00051
-0.0475	-0.2594	-0.0513	0.006042329870404369	-0.00233001455141243	-0.0015638150097869194	1.13742507	29.17477608	1.02344294	0.20787364476827697	0.00687414	0.00025
-0.0556	-0.3202	-0.0267	0.006003932626860492	-0.002282890661608583	-0.0014940018397071458	1.09515607	28.0905838	0.96983481	0.10126671517137482	0.00806862	0.00049
-0.0548	-0.261	-0.0011	0.0057142079710294355	-0.00214850030920502	-0.0015289084247470327	1.13466644	29.10401726	1.06129225	0.10855107966372532	0.00872546	0.00047
-0.0517	-0.1935	0.0246	0.0053162729015747276	-0.00209614043164519	-0.001452113937659282	1.22308695	31.37199211	1.01285004	0.12265447170511443	0.00718147	0.00034
-0.0412	-0.1629	-0.0316	0.005838126347921033	-0.0022602013813326567	-0.0015515977050229591	1.13243246	29.04671669	0.98834393	0.13656990816987247	0.00736189	0.00037
-0.0543	-0.2524	-0.038	0.006316346562967479	-0.002050761871093337	-0.001656317460142619	1.1037904	28.31205368	0.98673347	0.14861897402027127	0.00700343	0.00034
-0.0572	-0.2904	-0.0243	0.006421066318087138	-0.0019093902016817967	-0.0017366026057343581	1.20740366	30.96971703	0.95919374	0.07091882850614692	0.00824094	0.00067
-0.0519	-0.2097	0.0171	0.005881759579220891	-0.0020594885173533086	-0.0016947147036864942	1.21634042	31.19894409	0.99181015	0.1639646478292811	0.00803125	0.00051
-0.0458	-0.1474	0.0149	0.005485569839018178	-0.002256710722828668	-0.0017837264955382047	1.18145418	30.3041172	0.98047516	0.10472118687648913	0.00751156	0.00052
-0.0367	-0.1564	-0.0173	0.005457644570986268	-0.0022916173078685546	-0.0017278759594743865	1.04758823	26.87047577	0.94047835	0.05623411945678074	0.00693268	0.00025
-0.0398	-0.271	-0.039	0.005810201079889122	-0.0023125612588924867	-0.0017872171540421933	1.27852035	32.79384995	1.0069397	0.16104208272472967	0.00830895	0.00094
-0.0552	-0.3044	-0.0216	0.006201154832335853	-0.0022060961745208325	-0.0018256143975860688	1.29994333	33.34334564	0.96955351	0.09299080401811302	0.00802559	0.00046
-0.0618	-0.2842	0.02	0.005784021141109208	-0.002333505209916419	-0.001912880860185785	1.12696397	28.90645218	0.96993418	0.09999045946109741	0.00762808	0.00049
-0.0603	-0.1836	0.022	0.005412266010434416	-0.002251474735072685	-0.0017575465567582897	1.11237097	28.53214264	1.00125981	0.13455599544730107	0.00708258	0.0003
-0.0587	-0.2441	-0.0424	0.005963790054064624	-0.0022968532956245376	-0.0018814649336498872	1.20925462	31.01719284	1.0184843	0.1625410490536829	0.00801992	0.00032
-0.0681	-0.3138	-0.0201	0.006396631708559217	-0.0022636920398366456	-0.0019530234329816546	1.18940759	30.50812149	1.0371969	0.12827807048071263	0.00804067	0.00049
-0.0742	-0.2447	-0.0053	0.00629714794119554	-0.0021607176139689798	-0.0018657569703819383	1.07206166	27.49821472	0.96558605	0.10448623279155296	0.00685418	0.00032
-0.0702	-0.1626	0.018	0.005656612105713622	-0.0021642082724729686	-0.0018360863730980347	1.04630888	26.83765984	0.97200426	0.14308485456349054	0.00755173	0.00042
-0.0673	-0.1064	-0.0087	0.005529203070318036	-0.002129301687433082	-0.0017749998492782332	1.16246784	29.8171196	0.96102195	0.09697010721276368	0.00777918	0.00039
-0.0679	-0.1739	-0.0637	0.005743878568313338	-0.002087413785385218	-0.0016859880574265225	1.17574883	30.15777397	0.99111136	0.14037875959474383	0.00816286	0.00029
-0.069	-0.2975	-0.0382	0.006059783162924312	-0.0022026055160168437	-0.001635373509118687	1.16548228	29.8944397	1.01896051	0.17428554367752175	0.00740027	0.00039
-0.0741	-0.2572	-0.0133	0.00628493063643158	-0.002054252529597326	-0.0016842427281745281	1.04336619	26.76218224	0.93933606	0.09141848394913137	0.00678837	0.00034
-0.0709	-0.2297	0.0115	0.005785766470361203	-0.0019861846887695473	-0.0016842427281745281	1.36987722	35.13713837	0.95208482	0.08386160034490782	0.00806451	0.00093
-0.0664	-0.1257	0.0156	0.005380850083898519	-0.002061233846605303	-0.0016109388995907662	1.32911146	34.09150314	1.01261553	0.14026346864411005	0.00848836	0.00044
-0.0589	-0.1298	-0.0095	0.005246459731494954	-0.0022654373690886398	-0.0016772614111665507	1.09467363	28.07820892	0.96261764	0.05694581932313428	0.00743121	0.00061
-0.0543	-0.2478	-0.0333	0.005653121447209634	-0.0021101030656611444	-0.001647590813882647	1.13208497	29.03780365	1.00647084	0.1759833308213039	0.00758368	0.00034
-0.0633	-0.2799	-0.0267	0.005811946409141117	-0.002145009650701031	-0.0016964600329384882	1.10109711	28.24296951	0.95848806	0.05983003830136055	0.00829691	0.00062
-0.0608	-0.2218	0.0071	0.005932374127528725	-0.0021746802479849347	-0.0016790067404185449	1.15586293	29.64770508	0.99789951	0.10277758040957274	0.00754535	0.00032
-0.0583	-0.2242	0.0379	0.005274384999526864	-0.0021258110289290935	-0.0016528268016386303	1.12334538	28.81363487	1.00662691	0.07235191429188088	0.00717992	0.00034
-0.0572	-0.2054	-0.0149	0.005433209961458348	-0.0022130774915288098	-0.0016126842288427606	1.17404437	30.11405563	0.96235351	0.0870116998663535	0.00694168	0.00037
-0.063	-0.275	-0.0262	0.005850343652684992	-0.0022200588085367874	-0.001567305668290908	1.21561074	31.18022728	0.97773666	0.11017467843932371	0.00736022	0.00035
-0.0671	-0.2626	-0.0064	0.006087708430956222	-0.002078687139125246	-0.0017174039839624202	1.11042631	28.48226166	0.95266916	0.0627417381677142	0.00693077	0.0002
-0.0587	-0.2097	0.018	0.005771803836345247	-0.0019879300180215415	-0.0017034413499464657	1.10507476	28.3449955	0.98105073	0.10673121748653168	0.00812429	0.00034
-0.0611	-0.1497	0.0052	0.005544911033585984	-0.002209586833024821	-0.001621410875102732	1.2158463	31.18626785	1.00302934	0.10172900463031379	0.00736916	0.00034
-0.0567	-0.1994	-0.0548	0.00598647933434055	-0.0022794000031045943	-0.0017418385934903407	1.09616959	28.11657906	0.97049702	0.14569045946109735	0.00701934	0.00037
-0.0666	-0.3275	-0.0318	0.0062343160881237454	-0.002082177797629235	-0.0015882496193148398	1.13804591	29.19070053	0.99841563	0.19093239667170275	0.00797528	0.00046
-0.0661	-0.3351	-0.0095	0.006541494036474748	-0.0019111355309337906	-0.001647590813882647	1.04917049	26.91106033	0.93953545	0.057278070480712685	0.00935769	0.00044
-0.0639	-0.2216	0.0337	0.00613134166225608	-0.0019268434942017398	-0.0016231562043547262	1.26515484	32.45102692	1.01792009	0.18141474735072688	0.00770223	0.00044
-0.0501	-0.1478	-0.0261	0.006373942428283292	-0.002078687139125246	-0.0017505652397503124	1.14891171	29.46940613	1.02242019	0.17349267231731524	0.00732899	0.00035
-0.0659	-0.2801	-0.0335	0.006553711341238707	-0.0020280725908174107	-0.0016301375213627037	1.1346724	29.10417175	1.02443438	0.17304055898254295	0.00744796	0.00017
-0.0666	-0.2355	-0.0295	0.00659908990179056	-0.0019687313962496035	-0.0016720254234105676	1.26427746	32.4285202	0.95520465	0.05663038285837624	0.00880629	0.0004
-0.0588	-0.2211	0.0076	0.006225589441863773	-0.0020594885173533086	-0.0017156586547104257	1.2654978	32.45982361	0.96841287	0.08469454061651747	0.00754446	0.00034
-0.0553	-0.1606	-0.006	0.00605105651666434	-0.002057743188101315	-0.0016807520696705393	1.10006297	28.21644592	0.99995026	0.08815924197456566	0.00736111	0.00022
-0.063	-0.2759	-0.0328	0.006319837221471467	-0.002038544566329377	-0.001706932008450454	1.12465394	28.84720039	0.99368874	0.165507963267949	0.00828218	0.0004
-0.0651	-0.2865	-0.005	0.00633729051399141	-0.0019216075064457567	-0.0017208946424664088	1.17115295	30.03989029	0.96529754	0.0479176493209759	0.00823504	0.0004
-0.0635	-0.1769	0.0278	0.005797983775125162	-0.0021275563581810873	-0.0017837264955382047	1.15757644	29.69165611	1.0067126	0.18440437218366873	0.00729847	0.00032
-0.0647	-0.1835	0.0092	0.005633922825437696	-0.0020420352248333657	-0.0016807520696705393	1.04575264	26.82339287	0.94036597	0.04402782544514261	0.00764066	0.00037
-0.0677	-0.1812	-0.0365	0.0059131755057567886	-0.0020717058221172693	-0.0015393804002589986	1.14618313	29.39941978	0.97436393	0.07351474735072684	0.00816762	0.00032
-0.0675	-0.2849	-0.0397	0.006398377037811212	-0.0021676989309769574	-0.0016057029118347831	1.17945325	30.25279427	1.01917856	0.13947585762449477	0.00770545	0.00049
-0.0731	-0.2933	-0.0039	0.006401867696315201	-0.002008873969045473	-0.0016301375213627037	1.08988702	27.9554348	0.96438791	0.05913751149816972	0.00810575	0.00047
-0.0716	-0.2492	0.0164	0.006072000467688272	-0.0020280725908174107	-0.0015777776438028737	1.07512808	27.57686806	0.94758055	0.08597128639793483	0.00857884	0.00054
-0.0663	-0.1908	-0.0192	0.006059783162924312	-0.002136283004441059	-0.0016057029118347831	1.23771608	31.74722481	1.01108083	0.10671764932097588	0.00718868	0.00044
-0.0713	-0.2457	-0.0642	0.006557201999742696	-0.002087413785385218	-0.0016772614111665507	1.12422597	28.8362236	1.02489786	0.1357923277602996	0.00812691	0.00046
-0.0695	-0.2872	-0.029	0.006663667084114349	-0.001956514091485643	-0.0016493361431346415	1.13563406	29.12883759	1.04247282	0.09176450231515683	0.00793272	0.0004
-0.0622	-0.2489	0.0028	0.006283185307179587	-0.0020664698343612863	-0.0016528268016386303	1.24276042	31.87661171	1.00601947	0.10209640891571972	0.00804096	0.00035
-0.0497	-0.1821	-0.0235	0.006352998477259359	-0.0021101030656611444	-0.001614429558094755	1.23183966	31.59649658	0.98238234	0.11319218224617528	0.00740165	0.00039
-0.0621	-0.2073	-0.0433	0.0066374871453344355	-0.0020699604928652747	-0.001706932008450454	1.10968816	28.46332932	0.99911696	0.07825668456133225	0.00699604	0.00027
-0.067	-0.2781	-0.0281	0.006674139059626316	-0.0019879300180215415	-0.0016196655458507376	1.06352806	27.27933121	0.95033876	0.10119744258676648	0.00803435	0.00034
-0.0577	-0.2545	0.0158	0.006122615015996109	-0.0019844393595175526	-0.0016720254234105676	1.18611407	30.42364311	0.96220059	0.10716872898470133	0.00761884	0.00027
-0.0572	-0.1831	-0.0216	0.006147049625524028	-0.0021467549799530253	-0.0017086773377024485	1.17461443	30.12867928	0.99425821	0.12047010721276365	0.00726712	0.00029
-0.0678	-0.2792	-0.0329	0.00628842129493557	-0.0021572269554649913	-0.0015882496193148398	1.12839031	28.94303703	1.00933775	0.13161356816555575	0.00728416	0.00034
-0.0662	-0.244	-0.0171	0.00616799357654796	-0.0021101030656611444	-0.0016126842288427606	1.2002387	30.78593636	0.95881833	0.062199310885968896	0.00828511	0.0004
-0.0634	-0.1614	0.0072	0.005883504908472884	-0.002124065699677099	-0.0015463617172669759	1.24815428	32.01496506	1.000505	0.1279386906833407	0.00726628	0.00037
-0.0557	-0.1366	-0.0339	0.005801474433629152	-0.002197369528260861	-0.0015306537539990272	1.07406878	27.54969788	0.96739337	0.08215211333477214	0.00725669	0.00044
-0.0608	-0.2544	-0.0817	0.006009168614616477	-0.00217293491873294	-0.0014940018397071458	1.11767983	28.66831398	1.01876914	0.1841390352403564	0.00766993	0.0004
-0.0647	-0.2849	-0.0521	0.006602580560294549	-0.002089159114637212	-0.0015114551322270892	1.06573749	27.33600044	0.96450895	0.09873205211468711	0.0083974	0.00049
-0.0696	-0.2671	-0.0258	0.006698573669154236	-0.002033308578573394	-0.0015341444125030156	1.17121911	30.04158974	0.96898807	0.057726646259971565	0.00804967	0.00052
-0.056	-0.1782	0.0011	0.006141813637768045	-0.0022218041377887812	-0.0015603243512829306	1.16118991	29.78434181	0.99675341	0.16797177646907463	0.00721127	0.00039
-0.0494	-0.1581	-0.0359	0.006120869686744114	-0.0021938788697568722	-0.0015376350710070042	1.09246004	28.02143097	0.99321814	0.06727792496658833	0.0075171	0.00034
-0.0565	-0.3129	-0.0587	0.0066217791820664855	-0.0020769418098732523	-0.0016179202165987434	1.40128279	35.94268799	1.09017842	0.21960658503988653	0.0101747	0.00101
-0.0608	-0.2923	-0.0333	0.0069307024596694826	-0.002181661564992912	-0.0016667894356545846	1.32858181	34.07791901	0.9834546	0.0734256125889249	0.00784701	0.00042
-0.0618	-0.2299	0.0049	0.006199409503083859	-0.002057743188101315	-0.0016231562043547262	1.14355278	29.33195305	1.00954139	0.146542228238854	0.00749338	0.00032
-0.0568	-0.1584	-0.0054	0.005911430176504794	-0.0021642082724729686	-0.001500983156715123	1.25731862	32.2500267	0.98254888	0.11263087292951608	0.00774145	0.00067
-0.0625	-0.2437	-0.0549	0.006358234465015343	-0.002171189589480946	-0.001499237827463129	1.29255915	33.15394211	1.01410746	0.163276546738526	0.0075798	0.0003
-0.061	-0.2945	-0.022	0.006642723133090418	-0.002054252529597326	-0.001410226035611418	1.12197506	28.77848625	0.98420003	0.10972187599052025	0.00810361	0.00057
-0.0638	-0.2682	-0.0069	0.006387905062299246	-0.0018448130193580064	-0.0013945180723434693	1.04648066	26.84206581	0.94562613	0.06819827721492201	0.00761998	0.00024
-0.0638	-0.1928	-0.0023	0.006037093882648386	-0.001801179788058148	-0.0013892820845874865	1.06225693	27.24672699	0.99639783	0.09998401993533503	0.00768858	0.00035
-0.058	-0.1685	-0.066	0.006529276731710787	-0.00182212373908208	-0.0014800392056911916	1.21010113	31.038908	1.01986597	0.12399419605950188	0.00914943	0.00069
-0.0646	-0.2872	-0.0517	0.007007496946757234	-0.0018064157758141308	-0.0014538592669112763	1.19722807	30.70871544	1.02236886	0.16560540585471553	0.00924999	0.00059
-0.0693	-0.2803	-0.0408	0.00700226095900125	-0.001689478715930511	-0.0015079644737231008	1.09877062	28.1832962	0.99635977	0.031313912722571426	0.00769746	0.00022
-0.0632	-0.2292	-0.0247	0.0067212629494301625	-0.0017208946424664088	-0.001514945790731078	1.26131785	32.35260773	0.96545256	0.08926976265574811	0.00876522	0.00062
-0.0583	-0.1682	-0.0079	0.006270968002415626	-0.0016702800941585732	-0.001462585913171248	1.30470204	33.46540451	1.07418323	0.1103634686441101	0.00895131	0.00066
-0.0521	-0.115	-0.0426	0.006181956210563915	-0.002061233846605303	-0.0014870205226991688	1.19677806	30.69717216	1.08328637	0.11932000769131804	0.00886977	0.00081
-0.0472	-0.265	-0.0538	0.006092944418712205	-0.002007128639793479	-0.001408480706359424	1.16668701	29.92534256	1.03588411	0.177182840750164	0.00882244	0.00056
-0.0521	-0.2814	-0.0636	0.00653451271946677	-0.0019826940302655584	-0.0014067353771074296	1.10483813	28.33892632	0.96417748	0.05448741197672398	0.00901634	0.00046
-0.0525	-0.2655	-0.0246	0.00672824426643814	-0.002040289895581371	-0.0014451326206513049	1.18061006	30.28246498	0.97894477	0.06978623279155287	0.0080986	0.00034
-0.0521	-0.2102	0.0136	0.006108652381980153	-0.0018360863730980347	-0.001420698011123384	1.12438834	28.84038544	0.99764626	0.1363115008234622	0.00679713	0.0003
-0.0469	-0.2041	-0.0257	0.006181956210563915	-0.00199142067652553	-0.0013735741213195373	1.06757987	27.38325882	0.95427942	0.06438810109075518	0.00723636	0.00034
-0.0535	-0.2795	-0.0491	0.006632251157578452	-0.0019687313962496035	-0.0012880529879718153	1.18703651	30.44730377	0.98463588	0.13332526803190928	0.00775546	0.00039
-0.0514	-0.2861	-0.0258	0.006618288523562498	-0.0020141099568014562	-0.0013264502315156904	1.12248087	28.79146194	0.96122813	0.03688692190558406	0.00716913	0.00024
-0.0504	-0.2304	0.0072	0.00598647933434055	-0.0020210912738094335	-0.0013107422682477415	1.0606426	27.20531845	0.97053059	0.12242492347489373	0.00782484	0.00034
-0.0474	-0.0761	-0.0212	0.005953318078552658	-0.001998401993533507	-0.0012618730491919003	1.27549052	32.71613312	1.09855839	0.19093598775598297	0.00872409	0.00042
-0.0386	-0.1328	-0.05	0.006412339671827167	-0.0023125612588924867	-0.0009913470151327792	1.11825037	28.68294907	0.98490231	0.14648534463463048	0.00855714	0.00037
-0.0485	-0.2867	-0.0767	0.006347762489503377	-0.0019617500792416262	-0.0009721483933608416	1.20517612	30.91258049	1.07098055	0.2122293491873294	0.00794202	0.00046
-0.0538	-0.322	-0.0414	0.006543239365726741	-0.0019250981649497454	-0.0010297442586766543	1.08037889	27.71155167	0.98062068	0.09038623279155286	0.00885808	0.00046
-0.0489	-0.2203	-0.0267	0.006408849013323179	-0.0018413223608540175	-0.0011711159280881952	1.22292626	31.36786842	1.03957794	0.13927689129554152	0.00861442	0.00057
-0.0392	-0.1617	-0.0374	0.006328563867731438	-0.0018884462506578647	-0.0011501719770642632	1.2328428	31.62222672	1.03363165	0.086417649320976	0.00833434	0.00032
-0.0427	-0.2321	-0.0829	0.006717772290926174	-0.0020525072003453313	-0.0011205013797803594	1.14110649	29.26920319	1.03596912	0.14854699850830536	0.00818312	0.00034
-0.0466	-0.3106	-0.0652	0.006876597252857658	-0.0019181168479417679	-0.0010332349171806431	1.25736821	32.25130081	1.01508894	0.11912408884673818	0.00928497	0.00071
-0.0409	-0.182	-0.0212	0.006447246256867054	-0.001970476725501598	-0.0010663961729685354	1.30179596	33.39086533	1.04185426	0.20404360646691636	0.00925094	0.00042
-0.0317	-0.176	-0.0325	0.0062186081248557954	-0.002033308578573394	-0.0010890854532444615	1.17860627	30.23106766	1.00834472	0.04220796326794902	0.00708222	0.00047
-0.034	-0.2119	-0.0645	0.006295402611943547	-0.0019826940302655584	-0.0010175269539126942	1.05225909	26.99028397	0.94213684	0.08014837673636772	0.00717109	0.0003
-0.0457	-0.3109	-0.0478	0.006635741816082441	-0.001933824811209717	-0.0011222467090323538	1.20598304	30.93327904	0.96974277	0.1520964089157197	0.00901002	0.00083
-0.0474	-0.2143	-0.0315	0.006551966011986713	-0.001960004749989632	-0.00119729586686811	1.29393303	33.18918228	0.9863479	0.12385024503556998	0.00760621	0.00047
-0.0366	-0.1604	-0.004	0.0061453042962720346	-0.0020280725908174107	-0.0011466813185602744	1.10646832	28.38074112	0.97156929	0.11846720524251464	0.0069918	0.00039
-0.0413	-0.1826	-0.0525	0.006126105674500097	-0.0020210912738094335	-0.0010821041362364843	1.03390312	26.51945496	0.94426349	0.07993785605518526	0.00714475	0.00035
-0.0513	-0.2676	-0.0612	0.006682865705886288	-0.002050761871093337	-0.0010611601852125523	1.06715214	27.37228584	0.97017635	0.13406872898470132	0.00785375	0.00034
-0.0534	-0.306	-0.0429	0.006850417314077744	-0.0018168877513260971	-0.0009896016858807848	1.14450538	29.35638618	0.96358382	0.08244921136452316	0.00832421	0.00051
-0.0439	-0.2119	0.0067	0.006550220682734718	-0.001891936909161853	-0.0009564404300928925	1.19008243	30.52542877	0.99809984	0.1736203522483337	0.00730336	0.00027
-0.0389	-0.1667	-0.0345	0.006569419304506657	-0.0018849555921538759	-0.0011047934165124105	1.0950011	28.08660889	0.98102147	0.10012664625997168	0.00711995	0.0002
-0.0484	-0.272	-0.0595	0.006803293424273897	-0.0017662732030182616	-0.0009197885158010115	1.18265998	30.33504486	0.99832279	0.1666780704807127	0.00790757	0.00052
-0.0515	-0.2454	-0.0373	0.00693768377667746	-0.001748819910498318	-0.001075122819228507	1.20217872	30.83569717	0.97459831	0.06725889741755015	0.00905257	0.00052
-0.04	-0.2139	0.0031	0.006490879488166912	-0.0018133970928221085	-0.0010978120995044332	1.20630431	30.94151878	1.00134941	0.11010353755551326	0.00940168	0.00089
-0.0428	-0.1227	-0.0282	0.006551966011986713	-0.0018570303241219666	-0.0011082840750163993	1.27365625	32.66908646	1.20708697	0.13105958653158123	0.00884563	0.00046
-0.0501	-0.2296	-0.0414	0.006785840131753953	-0.001790707812546182	-0.0010960667702524388	1.17657959	30.17908478	1.01507554	0.14302069680534923	0.00861257	0.00046
-0.0464	-0.2074	-0.0208	0.00693768377667746	-0.0018029251173101424	-0.0011693705988362008	1.16703534	29.93427658	0.97170051	0.05836823891356151	0.00819701	0.00029
-0.0381	-0.1915	0.0114	0.006391395720803235	-0.0019250981649497454	-0.001186823891356144	1.10302305	28.29237175	0.97494352	0.09069571980168856	0.00701213	0.00037
-0.0421	-0.1892	-0.0024	0.006173229564303944	-0.0019041542139258136	-0.0011082840750163993	1.02359164	26.25496674	0.93694978	0.035982496193148354	0.00725543	0.0003
-0.0382	-0.2102	-0.0581	0.006609561877302526	-0.0019425514574696887	-0.0011711159280881952	1.18842757	30.48298264	0.96580547	0.1074780704807126	0.00801867	0.0002
-0.0454	-0.2847	-0.0596	0.007173303225696694	-0.0019303341527057286	-0.0012199851471440364	1.16636956	29.91719818	0.98072644	0.11444139361069848	0.00812042	0.00044
-0.0493	-0.2697	-0.0362	0.007112216701876892	-0.001947787445225672	-0.0012758356832078548	1.09750593	28.15085793	0.96606072	0.049019517620178185	0.00738269	0.0004
-0.0446	-0.2683	-0.0028	0.006586872597026601	-0.0019041542139258136	-0.0012671090369478833	1.06377006	27.28553581	0.96994501	0.06838519912050607	0.00808728	0.00049
-0.0434	-0.1359	-0.0272	0.006632251157578452	-0.0019617500792416262	-0.0013194689145077131	1.30278695	33.41628265	1.06436141	0.16576671517137467	0.00838637	0.00035
-0.0505	-0.251	-0.0587	0.007059856824317063	-0.001947787445225672	-0.0013735741213195373	1.14496946	29.36828995	1.00729996	0.17848367537831947	0.00758064	0.00035
-0.0559	-0.3191	-0.0401	0.007183775201208661	-0.0018465583486100008	-0.0012409290981679683	1.15473676	29.61882019	0.98331601	0.10998962483294188	0.00963706	0.00054
-0.0485	-0.2588	-0.0089	0.006738716241950105	-0.0018343410438460403	-0.00124965574442794	1.19784617	30.72456932	0.9871269	0.12220014551412436	0.00804603	0.00034
-0.0411	-0.1364	-0.0014	0.0064943701466709	-0.0020141099568014562	-0.0012688543661998775	1.18524778	30.4014225	1.00993982	0.1594656815003279	0.00742102	0.0003
-0.0405	-0.2348	-0.0536	0.006888814557621618	-0.0019198621771937623	-0.0012112585008840647	1.08993852	27.95675468	0.97820296	0.17851440279371122	0.00726694	0.00024
-0.0487	-0.2837	-0.0459	0.0071715578964447	-0.001778490507782222	-0.0012060225131280816	1.16501749	29.88251877	0.96944528	0.08626754979953025	0.00883532	0.00069
-0.0482	-0.2324	-0.0317	0.007302457590344275	-0.0017976891295541592	-0.0012723450247038664	1.20034409	30.78863907	0.96491195	0.07682104136236487	0.00800341	0.00059
-0.0431	-0.185	-0.0108	0.006801548095021902	-0.001912880860185785	-0.0013142329267517303	1.15025198	29.50378609	1.03380156	0.10629945640009313	0.00731838	0.00024
-0.0485	-0.2032	-0.0587	0.0072570790297924225	-0.0019024088846738192	-0.0013177235852557187	1.06868923	27.41171455	0.97917003	0.09497467843932371	0.00824559	0.00034
-0.0463	-0.2818	-0.0545	0.007339109504636156	-0.0019146261894377795	-0.001298524963483781	1.21139312	31.07204437	0.97570075	0.09067232006898159	0.00878119	0.0002
-0.0405	-0.2319	-0.0019	0.006784094802501958	-0.0019931660057775245	-0.001335176877775662	1.19672346	30.69577026	0.97691844	0.1418103216382912	0.00718349	0.00039
-0.0379	-0.169	-0.0077	0.006354743806511354	-0.002038544566329377	-0.0012322024519079964	1.12213933	28.78270149	0.97758824	0.10018519912050608	0.00723314	0.0003
-0.0336	-0.2089	-0.0295	0.006475171524898962	-0.0021886428820008896	-0.0011903145498601325	1.14264417	29.30864716	0.97799293	0.08162069680534925	0.00778055	0.0003
-0.0416	-0.2906	-0.0654	0.006969099703213358	-0.0020699604928652747	-0.0012147491593880533	1.19402361	30.62652206	0.99739257	0.1574522588488966	0.00772017	0.00044
-0.0465	-0.2912	-0.0339	0.007089527421600967	-0.001947787445225672	-0.0012374384396639797	1.12732387	28.91568184	0.99172119	0.050264502315156896	0.00815159	0.00044
-0.0416	-0.2004	-0.0034	0.00665144977935039	-0.0019931660057775245	-0.0011344640137963143	1.19185996	30.57102203	1.01306842	0.15552153143350475	0.0084514	0.00035
-0.0381	-0.1554	-0.0051	0.006326818538479445	-0.0020472712125893483	-0.0010349802464326373	1.22893035	31.52187347	1.01095041	0.07411101075232229	0.00837058	0.00057
-0.0397	-0.2038	-0.0507	0.006529276731710787	-0.002057743188101315	-0.0011327186845443199	1.1346035	29.10240364	1.04820031	0.11113343034274956	0.00725132	0.00037
-0.0453	-0.3055	-0.0924	0.006928957130417489	-0.00199142067652553	-0.0010384709049366262	1.13170981	29.02818298	1.02595796	0.17701253449450896	0.00965416	0.00056
-0.047	-0.3235	-0.0598	0.007140141969908803	-0.0018867009214058703	-0.001090830782496456	1.25041962	32.07307053	1.03813201	0.07071322360854017	0.00913614	0.00052
-0.0357	-0.2679	-0.0282	0.006813765399785863	-0.001912880860185785	-0.0011501719770642632	1.15835989	29.71175194	0.98924542	0.11909488517353307	0.00749552	0.00044
-0.0396	-0.1371	-0.0401	0.0065554566704907015	-0.0018971728969178364	-0.0010768681484805013	1.25105131	32.08927155	1.01677454	0.1639660260573436	0.00839043	0.00051
-0.0353	-0.1921	-0.099	0.006997024971245267	-0.0019896753472735357	-0.0010314895879286487	1.20092583	30.80356216	1.00513478	0.14717246558310584	0.00917697	0.00037
-0.0398	-0.2433	-0.0705	0.007138396640656808	-0.0020280725908174107	-0.0009965830028887623	1.23480332	31.67251396	1.05296981	0.09493377489976515	0.00850183	0.00049
-0.0416	-0.2558	-0.0281	0.00700226095900125	-0.0019425514574696887	-0.0011397000015522971	1.07878006	27.67053986	0.95245123	0.0749386906833408	0.00784588	0.0003
-0.0392	-0.1615	0.0019	0.0061295963330040846	-0.0019879300180215415	-0.0010873401239924673	1.24515975	31.93815613	0.99122933	0.1752201532054424	0.00771666	0.00042
-0.0392	-0.1177	0.0155	0.006192428186075881	-0.002197369528260861	-0.000879645943005142	1.21111298	31.06485939	0.96673708	0.08139827721492209	0.00819325	0.00032
-0.0349	-0.1308	-0.0192	0.005843362335677014	-0.002143264321449037	-0.0006771877497737998	1.06656814	27.35730743	0.95550528	0.08238146252210164	0.00752187	0.00042
-0.0231	-0.185	-0.1199	0.005972516700324595	-0.0021467549799530253	-0.0005218534463463045	1.12132359	28.76177597	1.02933331	0.1810989663289532	0.00996041	0.00106
-0.0332	-0.2464	-0.1384	0.006562437987498679	-0.0019774580425095754	-0.0005061454830783556	1.10828328	28.42729568	1.02058694	0.12874630939427414	0.00976992	0.00094
-0.0437	-0.3083	-0.096	0.006646213791594407	-0.0019442967867216831	-0.0006981317007977319	1.15546489	29.63749504	0.98991487	0.13024616388014984	0.00893778	0.00054
-0.0361	-0.2804	-0.0634	0.006745697558958083	-0.0020245819323134223	-0.0008761552845011534	1.16263866	29.82150078	0.98383039	0.08598962483294188	0.00845689	0.00064
-0.0299	-0.1419	-0.0563	0.006281439977927592	-0.0019757127132575807	-0.0008709192967451704	1.13299215	29.0610733	1.02876785	0.17771813939211578	0.00746053	0.00025
-0.0347	-0.1488	-0.1235	0.006759660192974038	-0.001932079481957723	-0.0008377580409572782	1.36550808	35.02507019	0.98341569	0.10665073510670976	0.0111191	0.00106
-0.0448	-0.2956	-0.0975	0.007073819458333017	-0.0018675022996339327	-0.0009965830028887623	1.36955094	35.12876892	1.08514349	0.20977807048071265	0.00939089	0.00052
-0.044	-0.3239	-0.0594	0.006977826349473328	-0.0018814649336498872	-0.0011309733552923255	1.15720236	29.68206024	0.98493865	0.07941730476396036	0.00848454	0.00054
-0.0354	-0.1591	-0.038	0.00647866218340295	-0.0018727382873899156	-0.0010454522219446034	1.19782257	30.72396278	1.05620413	0.2244705972839036	0.0078969	0.00037
-0.03	-0.0803	-0.051	0.006140068308516051	-0.0020734511513692635	-0.0009093165402890458	1.1885345	30.4857254	0.98684577	0.13097212102609027	0.00972676	0.00071
-0.0359	-0.2598	-0.0781	0.00648215284190694	-0.0021153390534171274	-0.0010768681484805013	1.28461027	32.95005417	1.09982047	0.24007620218151043	0.00825113	0.00057
-0.0391	-0.2856	-0.0536	0.006724753607934152	-0.0020106192982974674	-0.0010471975511965976	1.10851753	28.43330193	0.98344617	0.07234955592153881	0.00837147	0.00071
-0.0389	-0.2483	-0.0372	0.006665412413366345	-0.0017959438003021652	-0.0009843656981248017	1.26755321	32.51254272	1.02247007	0.07074242728174526	0.00874186	0.00052
-0.032	-0.1241	-0.0106	0.006265732014659643	-0.0018709929581379211	-0.0009197885158010115	1.33776116	34.31336594	1.03675763	0.18466533694331244	0.00822628	0.00052
-0.0371	-0.2113	-0.067	0.006639232474586429	-0.0019250981649497454	-0.0010105456369047167	1.11212564	28.5258503	1.00257862	0.1746181393921158	0.00760126	0.00052
-0.0466	-0.2846	-0.0514	0.007000515629749256	-0.0017715091907742446	-0.0010332349171806431	1.07850587	27.66350746	0.96179421	0.1252780704807127	0.00859308	0.00049
-0.047	-0.2025	-0.0471	0.007056366165813074	-0.0017470745812463236	-0.0010838494654884787	1.20979929	31.03116417	1.02881781	0.09334498469497872	0.00913495	0.00046
-0.0389	-0.2441	-0.0121	0.006609561877302526	-0.001960004749989632	-0.001090830782496456	1.2019825	30.83066368	1.04562665	0.11803578871309169	0.0076468	0.0004
-0.0389	-0.1814	-0.0597	0.006609561877302526	-0.0019442967867216831	-0.001059414855960558	1.05959737	27.17850876	0.96507266	0.11265619449019235	0.0081113	0.0004
-0.0466	-0.2561	-0.0632	0.006862634618841703	-0.001778490507782222	-0.001001818990644745	1.20568454	30.92562103	0.9950115	0.10972374428972256	0.00870961	0.00049
-0.0493	-0.2396	-0.0413	0.007122688677388859	-0.0018517943363659836	-0.0011030480872604163	1.24619222	31.96463776	1.00078451	0.06282934918732941	0.00876719	0.00042
-0.0458	-0.2061	-0.0337	0.007010987605261222	-0.001980948701013564	-0.0011536626355682519	1.09161103	27.99965286	0.95515407	0.059173499254152655	0.00760353	0.0004
-0.0388	-0.1671	-0.0185	0.006471680866394974	-0.0019093902016817967	-0.0010524335389525807	1.03242302	26.48148918	0.94284903	0.09680471674068435	0.00748688	0.00027
-0.0341	-0.1463	-0.0685	0.006682865705886288	-0.0020769418098732523	-0.0011536626355682519	1.19548917	30.66411209	0.97508565	0.09949827721492206	0.00850266	0.00047
-0.0408	-0.2862	-0.0685	0.007031931556285153	-0.001956514091485643	-0.0011780972450961724	1.17776942	30.20960236	1.03001417	0.17129640891571976	0.00796044	0.00047
-0.0442	-0.2445	-0.0461	0.0070808007753409945	-0.0019285888234537342	-0.0011205013797803594	1.11242402	28.53350449	1.00412334	0.07421951762017817	0.00921762	0.00042
-0.0321	-0.2039	-0.0188	0.006682865705886288	-0.0018849555921538759	-0.0011082840750163993	1.16099477	29.77933693	0.99011951	0.10268928027592623	0.00761354	0.00049
-0.03	-0.1681	-0.0429	0.006784094802501958	-0.0021380283336930534	-0.001186823891356144	1.13176322	29.02955055	0.96424648	0.08364208272472962	0.00742489	0.00029
-0.0444	-0.2369	-0.0721	0.007148868616168773	-0.002012364627549462	-0.0011013027580084218	1.10285723	28.28811836	0.97289749	0.14119793265790642	0.00779009	0.00015
-0.0431	-0.2682	-0.0571	0.007307693578100258	-0.0017645278737662671	-0.0010245082709206715	1.15044892	29.50883675	0.97121316	0.07177281014012152	0.0086416	0.00035
-0.0451	-0.2942	-0.0294	0.007276277651564359	-0.0018884462506578647	-0.0010716321607245184	1.17705572	30.19129562	0.9703516	0.06582290966156722	0.00804514	0.00047
-0.0461	-0.2126	-0.05	0.007049384848805097	-0.0018570303241219666	-0.0010873401239924673	1.08338439	27.78864098	0.97195025	0.11690083462815544	0.00716019	0.0003
-0.0478	-0.2015	-0.0574	0.007162831250184728	-0.0019268434942017398	-0.0011431906600562858	1.14668572	29.41231155	0.93284355	0.0321555053761611	0.00817913	0.00037
-0.0476	-0.2692	-0.0427	0.007305948248848264	-0.0019303341527057286	-0.0011606439525762293	1.21619904	31.19531631	0.98173538	0.09080304748437341	0.0080843	0.00029
-0.0448	-0.2637	-0.0253	0.007024950239277177	-0.0019006635554218248	-0.0011152653920243766	1.06343317	27.27689552	0.92780131	0.04350235837034216	0.00741172	0.00024
-0.0394	-0.1628	-0.0245	0.006501351463678877	-0.0018186330805780916	-0.0009878563566287904	1.27130103	32.6086731	1.03397603	0.143751914291881	0.00830072	0.00042
-0.034	-0.2041	-0.0424	0.0067038096569102205	-0.0020804324683772408	-0.001054178868204575	1.27947879	32.81843185	1.06684345	0.09112900463031384	0.0103768	0.00116
-0.0392	-0.2211	-0.0728	0.007190756518216637	-0.0018971728969178364	-0.0010873401239924673	1.08852065	27.92038536	0.97013144	0.08776838442768561	0.00881821	0.00046
-0.0428	-0.2638	-0.0574	0.007358308126408092	-0.0017924531417981763	-0.001085594794740473	1.22006595	31.29450417	1.03201172	0.0754008346281555	0.00904888	0.00039
-0.0388	-0.2281	-0.0145	0.0070965087386089445	-0.0019233528356977512	-0.0011274826967883368	1.23802483	31.75514412	0.97110398	0.1043293491873293	0.0081268	0.00049
-0.0283	-0.2147	-0.0146	0.00647866218340295	-0.0018832102629018814	-0.0011606439525762293	1.07576478	27.59319878	0.96457573	0.05855751918948781	0.00734532	0.00035
-0.0278	-0.2125	-0.0429	0.0065833819385226105	-0.002005383310541485	-0.0009826203688728075	1.1017158	28.25883865	0.94502663	0.05124581932313427	0.00788671	0.00042
-0.0237	-0.281	-0.0659	0.007251843042036439	-0.002001892652037496	-0.0010576695267085637	1.16664875	29.92435837	0.98794347	0.13295004599267868	0.00860137	0.00064
-0.0338	-0.2768	-0.0424	0.0072954762733362976	-0.0019582594207376374	-0.0010524335389525807	1.10987186	28.46804047	0.96258697	0.04242512251778507	0.00778919	0.00047
-0.0348	-0.2269	-0.0078	0.0067701321684860045	-0.0018622663118779497	-0.0010140362954087054	1.18534732	30.40397453	0.96924733	0.1184867228626928	0.00795048	0.00051
-0.038	-0.1293	0.0114	0.00662352451131848	-0.0020717058221172693	-0.0009651670763528643	1.26331365	32.40380096	0.99760745	0.14024581932313426	0.00788283	0.00062
-0.0467	-0.1684	0.0373	0.006551966011986713	-0.0019879300180215415	-0.0008831366015091308	1.072541	27.51050949	0.9547628	0.08556823891356143	0.00758702	0.00051
-0.0386	-0.2524	-0.0176	0.006672393730374321	-0.002145009650701031	-0.0008395033702092724	1.15913033	29.73151207	1.01300882	0.16305702911834782	0.00851411	0.00059
-0.0273	-0.2734	-0.095	0.007260569688296411	-0.0022183134792847924	-0.0006824237375297829	1.25544286	32.20191574	1.04104365	0.15062797095926697	0.00880921	0.00059
-0.0313	-0.2986	-0.0595	0.007520623746843567	-0.002087413785385218	-0.0007470009198535729	1.13920033	29.22031212	1.000515	0.08747654673852602	0.00860447	0.00054
-0.0334	-0.2731	-0.0213	0.007279768310068348	-0.0019425514574696887	-0.0008185594191853405	1.07627308	27.60623741	0.96995532	0.08866381320112572	0.00845271	0.00049
-0.0326	-0.1685	-0.0097	0.006839945338565778	-0.0020193459445574393	-0.0008779006137531476	1.27802598	32.78116989	1.04664415	0.1457979326579064	0.00875753	0.00037
-0.0192	-0.1062	-0.0427	0.0070197142515211934	-0.0022043508452688383	-0.0007888888219014368	1.21142364	31.07282829	1.00516806	0.13138928027592628	0.00900161	0.00057
-0.0184	-0.24	-0.0932	0.007154104603924756	-0.002209586833024821	-0.0008639379797371932	1.16635382	29.91679573	1.0437129	0.19583377489976508	0.00832587	0.00037
-0.0289	-0.3066	-0.0801	0.007428121296487867	-0.0021467549799530253	-0.000736528944341607	1.1093266	28.45405579	0.99489642	0.1134128790515246	0.00925076	0.00037
-0.0278	-0.2951	-0.0474	0.007391469382195986	-0.002049016541841343	-0.0007958701389094143	1.22390187	31.39289474	0.98340573	0.05498657734856852	0.0086	0.00039
-0.0221	-0.1872	-0.008	0.006791076119509936	-0.002118829711921116	-0.0008517206749732328	1.24319696	31.88780975	1.04966598	0.18930284844148204	0.00739413	0.00025
-0.0218	-0.2195	-0.0552	0.006834709350809794	-0.002209586833024821	-0.0008255407361933179	1.20036602	30.78920364	1.025571	0.08782851455917388	0.0081526	0.00037
-0.0281	-0.2669	-0.095	0.007464773210779748	-0.002092649773141201	-0.000804596785169386	1.1841222	30.37255096	1.02548339	0.1318972435438753	0.00922626	0.00044
-0.0327	-0.2211	-0.0634	0.007693411342791005	-0.0021519909677090087	-0.0008970992355250854	1.22974682	31.54281425	0.96965144	0.10102408884673823	0.00809509	0.00046
-0.027	-0.2313	-0.0139	0.006934193118173471	-0.0020315632493213996	-0.0007731808586334879	1.12066698	28.74493408	0.99717301	0.11557821599483704	0.00769532	0.0002
-0.0223	-0.1524	-0.0287	0.006761405522226033	-0.002139773662945048	-0.0007417649320975902	1.19691968	30.70080566	0.97230546	0.11402069680534918	0.0081327	0.0004
-0.0275	-0.2253	-0.0896	0.007297221602588292	-0.0021851522234969008	-0.000804596785169386	1.26610637	32.47543335	1.02579753	0.17120132469929536	0.00843602	0.00051
-0.0338	-0.3343	-0.0598	0.007555530331883452	-0.002089159114637212	-0.0008133234314293575	1.15151584	29.53620148	1.01009012	0.163251424220741	0.00866425	0.00064
-0.0321	-0.2519	-0.0512	0.007592182246175334	-0.0020001473227855013	-0.0007696902001294993	1.04639447	26.83985519	0.96075684	0.10116484687217255	0.00839895	0.00039
-0.0251	-0.1736	-0.0171	0.0071191980188848696	-0.001965240737745615	-0.0007225663103256524	1.25728512	32.2491684	0.98832566	0.14715073510670987	0.00874722	0.0003
-0.0159	-0.1769	-0.06	0.007250097712784445	-0.002169444260228951	-0.0007347836150896127	1.16480553	29.87708092	1.01336281	0.07276602605734357	0.00855511	0.00056
-0.0314	-0.2745	-0.0777	0.007693411342791005	-0.0021135937241651332	-0.0007347836150896127	1.13856697	29.20406532	0.99602619	0.1557582083035189	0.00868547	0.00035
-0.0309	-0.2822	-0.0538	0.007806857744170635	-0.0019163715186897737	-0.000705113017805709	1.25012708	32.06556702	1.00325124	0.049116960206944685	0.0106072	0.00084
-0.0246	-0.23	-0.0127	0.007555530331883452	-0.002136283004441059	-0.0007923794804054256	1.33192873	34.16376495	1.01428497	0.12752526803190928	0.00840783	0.00047
-0.023	-0.1693	0.0043	0.006726498937186146	-0.002057743188101315	-0.0006841690667817771	1.08737886	27.89109993	0.97857565	0.13008908123303492	0.00773555	0.00032
-0.0188	-0.1751	-0.0555	0.007138396640656808	-0.0022026055160168437	-0.0008028514559173916	1.19646752	30.68920708	0.97815297	0.10357212102609024	0.00897396	0.00047
-0.0303	-0.2711	-0.0448	0.007628834160467214	-0.0022462387473167022	-0.0009372418083209549	1.23313987	31.62984657	0.99800552	0.1516230551756914	0.00838661	0.00051
-0.0333	-0.261	-0.0103	0.007197737835224614	-0.0020263272615654165	-0.0008098327729253688	1.09121931	27.98960495	0.95681975	0.08652084231947359	0.00788498	0.00032
-0.03	-0.1682	-0.0147	0.006693337681398254	-0.0020943951023931952	-0.0006981317007977319	1.17895746	30.24007607	0.99820005	0.1347084533390888	0.0080201	0.00054
-0.0249	-0.232	-0.068	0.007468263869283736	-0.00233001455141243	-0.0009459684545809266	1.16603971	29.90873718	1.01075607	0.1851191195343956	0.00869954	0.00057
-0.0364	-0.3008	-0.052	0.007658504757751118	-0.0020699604928652747	-0.0008290313946973065	1.12003982	28.72884941	0.99365575	0.12466160034490788	0.00830603	0.00034
-0.0278	-0.2926	-0.0408	0.007660250087003113	-0.0019093902016817967	-0.0007661995416255106	1.0501821	26.9370079	0.942004	0.03925737367536341	0.00879729	0.00052
-0.0188	-0.1715	-0.008	0.007234389749516495	-0.002040289895581371	-0.0006667157742618339	1.24523151	31.93999672	1.01786078	0.19571218993749345	0.00802159	0.00052
-0.0159	-0.2341	-0.0386	0.007244861725028462	-0.0021589722847169856	-0.000890117918517108	1.13220763	29.04095078	1.0184836	0.11372782544514276	0.00776756	0.00029
-0.034	-0.2726	-0.063	0.00757472895365539	-0.00200363798128949	-0.0008447393579652555	1.21040714	31.04675674	1.0114709	0.10752900463031383	0.00863022	0.00042
-0.0419	-0.2627	-0.0535	0.007730063257082885	-0.0019268434942017398	-0.0008552113334772215	1.18804169	30.4730854	0.95476927	0.03943003830136058	0.00867599	0.00032
-0.0401	-0.2115	-0.0277	0.0074124133332199174	-0.0018797196043978928	-0.0009704030641088471	1.13290215	29.0587635	0.97173257	0.102798277214922	0.00763464	0.00032
-0.0336	-0.2054	-0.0115	0.006878342582109652	-0.0020106192982974674	-0.000783652834145454	1.05684209	27.10783577	0.9383253	0.07138603374866165	0.00741076	0.00035
-0.0229	-0.2412	-0.0303	0.00680852941202988	-0.0020734511513692635	-0.000783652834145454	1.15290689	29.57188416	0.97365825	0.07193225115757843	0.00820309	0.00039
-0.0174	-0.216	-0.0442	0.0069533917399454085	-0.002178170906488923	-0.0007592182246175333	1.09874797	28.18271446	0.95223788	0.05830083462815546	0.00778121	0.00052
-0.0127	-0.21	-0.076	0.007164576579436722	-0.0022043508452688383	-0.0008482300164692441	1.05649149	27.09884262	0.94146153	0.05881882850614698	0.00827366	0.00052
-0.0214	-0.2689	-0.0715	0.0075834555999153615	-0.001996656664281513	-0.0008011061266653974	1.10309768	28.29428482	0.98037436	0.10578485456349056	0.0102233	0.00062
-0.0244	-0.3504	-0.0407	0.007675958050271062	-0.0020176006153054447	-0.000778416846389471	1.20355701	30.87105179	1.01060533	0.12210678408277792	0.0097121	0.0004
-0.0214	-0.1715	-0.0108	0.007037167544041136	-0.002054252529597326	-0.00091106186954104	1.20576751	30.92774963	1.07361845	0.25220437218366876	0.00718355	0.00034
-0.02	-0.1628	-0.0554	0.007251843042036439	-0.002197369528260861	-0.0008028514559173916	1.1617775	29.79941177	0.9610023	0.07800014551412429	0.00845242	0.00044
-0.0308	-0.2995	-0.0746	0.007869689597242433	-0.0022078415037728267	-0.0007871434926494425	1.25443232	32.17599487	1.05459419	0.19890132469929547	0.00924069	0.00035
-0.0351	-0.3239	-0.051	0.008011061266653973	-0.002251474735072685	-0.0008709192967451704	1.12622702	28.88754845	0.97065726	0.0657390352403563	0.00975078	0.00046
-0.0308	-0.2238	-0.0148	0.007234389749516495	-0.0021519909677090087	-0.000710349005561692	1.06725645	27.37496185	0.97598568	0.19243627878423164	0.00860572	0.00051
-0.0291	-0.21	-0.0217	0.006974335690969341	-0.0020699604928652747	-0.0007958701389094143	1.16163421	29.79573822	0.96591239	0.04378028333693053	0.00931907	0.00066
-0.0252	-0.2496	-0.0668	0.007752752537358812	-0.0022776546738526	-0.0009843656981248017	1.14146924	29.27850914	1.00839598	0.1473303293296092	0.00859356	0.00054
-0.0383	-0.298	-0.0504	0.007871434926494426	-0.002057743188101315	-0.0009232791743050004	1.06760597	27.3839283	0.952281	0.09788401993533503	0.0086056	0.0004
-0.0378	-0.2782	-0.036	0.007953465401338159	-0.0020106192982974674	-0.0009459684545809266	0.99348515	25.4827404	0.91862424	0.042292182246175286	0.00910389	0.00032
-0.0298	-0.2385	-0.0048	0.007501425125071628	-0.002143264321449037	-0.0009093165402890458	1.20857346	30.99972153	0.97421842	0.10996686068549905	0.00846934	0.00042
-0.0245	-0.1811	0.0328	0.007117452689632876	-0.002303834612632515	-0.0011187560505283654	1.12958825	28.97376442	0.97415889	0.13799911184307748	0.0081203	0.00042
-0.024	-0.1861	0.0677	0.00705462083656108	-0.002356194490192345	-0.0010192722831646884	1.09938407	28.19902992	0.94250394	0.0511337748997651	0.00891006	0.00062
-0.0289	-0.1566	0.0812	0.007044148861049114	-0.002373647782712288	-0.0008412486994612669	1.23164058	31.5913887	0.95372144	0.05819744258676656	0.0115409	0.00177
-0.0291	-0.2366	0.0822	0.0068975412038815905	-0.002513274122871834	-0.0007347836150896127	1.2303021	31.55705833	1.00104932	0.10083495408493617	0.0116277	0.00145
-0.0217	-0.2875	0.0532	0.00672824426643814	-0.0027890361446869386	-0.0006387905062299246	1.15449166	29.61253166	0.99033937	0.11435260340591212	0.0106884	0.00121
-0.0122	-0.2656	-0.0256	0.00653451271946677	-0.0027349309378751144	-0.0006178465552059926	1.10701549	28.3947773	1.01641605	0.12363903524035628	0.00903469	0.00059
-0.0135	-0.3527	-0.0098	0.006853907972581732	-0.0025464353786597265	-0.0004363323129985824	1.17826331	30.22227097	1.03219991	0.13867025272688804	0.0103247	0.00066
-0.0192	-0.392	-0.0078	0.007274532322312366	-0.0024050637092481865	-0.000598647933434055	1.21855068	31.25563622	1.00401432	0.08321558197888232	0.0107934	0.00103
-0.0216	-0.3047	0.0161	0.006970845032465352	-0.0024068090385001802	-0.000614355896702004	1.1221621	28.78328323	1.00297206	0.1296570291183478	0.00871742	0.00047
-0.0272	-0.2461	-0.0026	0.006984807666481306	-0.0024748768793279594	-0.000645771823237902	1.23391652	31.64976692	0.96997042	0.08857232006898154	0.00870287	0.00032
-0.0282	-0.3085	0.0046	0.007154104603924756	-0.002522000769131806	-0.0006544984694978735	1.26687729	32.49520493	0.99987081	0.08185737367536339	0.00882488	0.00049
-0.0264	-0.2623	0.0216	0.006778858814745977	-0.00249931148885588	-0.00062482787221397	1.08213627	27.75662804	0.9581815	0.08638028333693044	0.00754017	0.00037
-0.0236	-0.2401	-0.0054	0.007185520530460655	-0.0023596851486963333	-0.0005148721293383271	1.06881571	27.41495705	0.95562668	0.08481218993749337	0.00814581	0.00044
-0.0265	-0.3058	-0.024	0.007286749627076325	-0.0023282692221604354	-0.00038571776469074686	1.18491006	30.39275932	0.98762465	0.1002899693899574	0.00907153	0.00069
-0.0282	-0.3037	-0.0075	0.007410668003967923	-0.002438224965036078	-0.0003700098014227979	1.12040281	28.73815918	0.95621901	0.03277910415175945	0.00868469	0.00052
-0.0233	-0.2558	0.0148	0.006979571678725324	-0.002258456052080662	-0.00032463124087094524	1.09487116	28.08327675	0.98431739	0.10791218993749338	0.00832033	0.00046
-0.0207	-0.2244	0.008	0.006846926655573755	-0.002331759880664424	-0.00021118483949131387	1.0678004	27.38891602	1.00693697	0.05676976265574815	0.00806481	0.00039
-0.022	-0.3056	-0.0384	0.007302457590344275	-0.002389355745980237	-0.0003787364476827695	1.20826125	30.99171448	0.9906213	0.16293392041388946	0.00888944	0.00049
-0.0227	-0.3141	-0.0256	0.007463027881527753	-0.0024225170017681294	-0.0004433136300065597	1.13992119	29.23880196	0.97895478	0.03491543646475804	0.00994152	0.00073
-0.0264	-0.257	-0.0108	0.007431611954991856	-0.002384119758224254	-0.00047822021504644627	1.12823772	28.93912315	1.0163914	0.08083598775598294	0.00797307	0.00035
-0.0256	-0.2599	0.0134	0.006841690667817772	-0.0023788837704682713	-0.0004485496177625427	1.28126299	32.86419678	0.96429359	0.05914139361069853	0.00906223	0.00059
-0.017	-0.2211	0.0036	0.0068329640215578	-0.002574360646691636	-0.0004537856055185257	1.30778587	33.54450607	1.00509466	0.06767197551196598	0.0086934	0.00066
-0.0288	-0.2957	-0.0241	0.00713141532364883	-0.0024015730507441976	-0.0004886921905584122	1.16085994	29.77587891	1.03413661	0.1394072741539178	0.00801623	0.00047
-0.0314	-0.2803	-0.0046	0.007419394650227894	-0.0022008601867648495	-0.0004625122517784973	1.09367537	28.05260277	0.94798541	0.06324360646691637	0.00944036	0.00061
-0.0278	-0.2684	0.0252	0.007099999397112933	-0.0022200588085367874	-0.00042760566673861073	1.21786189	31.23797035	0.98882729	0.06397502299633925	0.00884026	0.00034
-0.0268	-0.2103	0.0491	0.00649786080517489	-0.0022165681500327986	-0.0005235987755982988	1.11637688	28.63489342	0.9891662	0.11808111796508604	0.00739241	0.00034
-0.0349	-0.2271	0.0154	0.006544984694978735	-0.0022479840765686964	-0.00046425758103049166	1.03231478	26.47871399	0.94569611	0.06549405054537753	0.00764591	0.00037
-0.0351	-0.2116	-0.0367	0.0067212629494301625	-0.002305579941884509	-0.0005183627878423159	1.14379609	29.33819199	0.96193241	0.08219896632895318	0.00852489	0.00035
-0.035	-0.3107	-0.0488	0.007400196028455957	-0.002380629099720265	-0.0005166174585903216	1.21177578	31.0818615	1.0153451	0.14908637830567717	0.00847858	0.00044
-0.0395	-0.3394	-0.0279	0.007319910882864217	-0.002178170906488923	-0.0005724679946541401	1.13556004	29.12693977	1.01340765	0.071029693744345	0.00933075	0.00061
-0.0412	-0.2316	-0.0055	0.007204719152232592	-0.0020472712125893483	-0.0005375614096142535	1.09976983	28.20892715	1.00789399	0.14594990047855433	0.00820309	0.00019
-0.0354	-0.1977	0.0192	0.006916739825653527	-0.0022060961745208325	-0.0004310963252425994	1.24674225	31.97874451	1.01021752	0.09206346864411016	0.00863725	0.00046
-0.0323	-0.1794	-0.0279	0.006995279641993272	-0.002319542575900464	-0.0005078908123303499	1.13518584	29.117342	0.99997542	0.08193903524035633	0.00753307	0.0004
-0.0319	-0.3433	-0.0471	0.0072692963345563815	-0.0022148228207808044	-0.0005323254218582705	1.19483352	30.647295	1.06986663	0.20365855286053447	0.00895953	0.00049
-0.0321	-0.327	-0.0232	0.007431611954991856	-0.0022985986248765322	-0.0005026548245743669	1.20589328	30.93097496	1.00712436	0.05418810109075528	0.00965697	0.00046
-0.0495	-0.2664	0.0314	0.007065092812073046	-0.00239459173373622	-0.0005864306286700947	1.24932611	32.04502106	1.02055678	0.15991440279371125	0.00792104	0.0003
-0.0461	-0.1677	0.0335	0.006501351463678877	-0.0022706733568446224	-0.0005323254218582705	1.11261904	28.53850555	0.99262664	0.14128824660487957	0.00783855	0.00039
-0.0404	-0.2636	-0.0331	0.0070912727508529606	-0.0023928464044842257	-0.0004188790204786391	1.22418034	31.40003586	1.04561539	0.20947703680966592	0.00851697	0.00061
-0.0337	-0.3373	-0.0285	0.0075834555999153615	-0.0024399702942880727	-0.000486946861306418	1.18355167	30.35791779	0.99417155	0.11536872898470132	0.00855696	0.00054
-0.0351	-0.3276	-0.0146	0.007656759428499123	-0.0022444934180647076	-0.00033684854563490564	1.09874368	28.18260574	0.97651039	0.045943951023931937	0.00978327	0.00057
-0.0366	-0.2654	0.0233	0.007101744726364926	-0.002209586833024821	-0.0002844886680750757	1.29939413	33.32925797	1.05694113	0.1337140582366957	0.00933486	0.00035
-0.0312	-0.2199	0.0227	0.006869615935849681	-0.0023265238929084412	-0.00029845130209103034	1.24766755	32.00247955	1.01850664	0.06965142422074103	0.0077548	0.00066
-0.0232	-0.2491	-0.0287	0.0071471232869167785	-0.0023404865269243957	-0.000439822971502571	1.0876534	27.89814186	0.97614399	0.11024208272472964	0.00759321	0.00032
-0.0412	-0.3627	-0.04	0.007311184236604247	-0.0022427480888127134	-0.0005148721293383271	1.21730316	31.22363663	0.9858226	0.1597424272817454	0.0100135	0.00062
-0.0458	-0.2952	-0.0141	0.0071471232869167785	-0.0020717058221172693	-0.0006161012259539982	1.26771271	32.51663589	0.98280927	0.11981661564992918	0.00860035	0.00052
-0.0429	-0.1756	0.0311	0.00641757565958315	-0.0021921335405048776	-0.0005916666164260777	1.1872288	30.45223427	1.05196109	0.21142049776245783	0.00706738	0.00042
-0.0389	-0.1487	0.0232	0.006227334771115768	-0.002256710722828668	-0.0004328416544945937	1.05778706	27.13207436	0.98239083	0.05948215163613287	0.00804341	0.00056
-0.0256	-0.1956	-0.0303	0.006693337681398254	-0.002371902453460294	-0.00041538836197465044	1.31294537	33.67684555	0.96999328	0.1436323966717028	0.00840127	0.00084
-0.0285	-0.2533	-0.0662	0.006866125277345693	-0.0023771384412162766	-0.0003577924966588376	1.26076281	32.33837128	0.97917848	0.10828097245096174	0.00831884	0.00037
-0.0266	-0.3221	-0.033	0.007105235384868916	-0.0024766222085799536	-0.0004014257279586958	1.14814973	29.44986153	0.98011982	0.12301135530933786	0.00805569	0.00069
-0.033	-0.2754	-0.008	0.007073819458333017	-0.00233001455141243	-0.0004206243497306334	1.06322122	27.27145958	0.96331029	0.08796111027376803	0.00775284	0.00039
-0.0326	-0.1603	0.0265	0.006698573669154236	-0.0024015730507441976	-0.0003211405823669566	1.39037466	35.6628952	1.02884264	0.17731440279371127	0.00899565	0.00081
-0.0187	-0.191	-0.0101	0.006628760499074463	-0.002488839513343914	-0.0003595378259108319	1.25040579	32.07271576	1.0058484	0.09097384381116819	0.0075947	0.00051
-0.027	-0.2433	-0.0543	0.006557201999742696	-0.002453932928304027	-0.00029845130209103034	1.11676431	28.6448307	0.97634531	0.11317758040957276	0.00826341	0.00051
-0.0285	-0.2895	-0.0365	0.006916739825653527	-0.002253220064324679	-5.235987755982989e-05	1.14379656	29.33820534	0.97941567	0.105817105721069	0.00869358	0.0003
-0.0274	-0.3069	-0.0042	0.007110471372624898	-0.0022741640153486112	-6.45771823237902e-05	1.18226731	30.32497406	0.96883701	0.06214464013796319	0.00863153	0.00035
-0.0266	-0.2539	0.0258	0.006529276731710787	-0.0022794000031045943	-8.203047484373349e-05	1.14834261	29.45480919	1.03273982	0.11399419605950184	0.00779355	0.00039
-0.0179	-0.2014	0.0166	0.006424556976591126	-0.002239257430308725	-6.108652381980153e-05	1.13695335	29.16267776	0.97954349	0.07869031394697314	0.00745338	0.00035
-0.0205	-0.2063	-0.0579	0.0066217791820664855	-0.002288126649364566	2.094395102393195e-05	1.23631465	31.71128082	1.01543665	0.09840609496874671	0.00831968	0.00051
-0.0248	-0.3398	-0.0477	0.007112216701876892	-0.0022985986248765322	-7.853981633974481e-05	1.17194545	30.06022072	1.03150155	0.1780196631343024	0.00851387	0.00057
-0.0281	-0.3377	-0.0153	0.007251843042036439	-0.0021624629432209744	-4.886921905584123e-05	1.07286131	27.51872635	0.9603123	0.05307163095495039	0.00864136	0.00066
-0.023	-0.2051	0.0102	0.0068329640215578	-0.0021467549799530253	-1.9198621771937625e-05	1.132532	29.04927063	1.00044224	0.1864128790515245	0.00796127	0.00029
-0.0165	-0.1802	0.0085	0.0067212629494301625	-0.0022985986248765322	8.726646259971648e-05	1.19242465	30.58550644	0.96588136	0.05160049007113993	0.00795877	0.00052
-0.0099	-0.2837	-0.0513	0.007255333700540428	-0.002368411794956305	-2.4434609527920616e-05	1.12551928	28.8693943	1.02175248	0.20567924966588377	0.00840354	0.00051
-0.0206	-0.3193	-0.0379	0.007206464481484587	-0.002186897552748895	-3.4906585039886588e-06	1.05073678	26.95123482	0.94285376	0.07226637061435913	0.00832099	0.00051
-0.0208	-0.2342	-0.0234	0.0072902402855803145	-0.0021101030656611444	-6.9813170079773176e-06	1.32060289	33.8732605	0.97020461	0.10800304748437337	0.00941396	0.00066
-0.0161	-0.2782	0.0225	0.006881833240613641	-0.0023265238929084412	-8.726646259971648e-05	1.31530929	33.73748016	0.99706104	0.12985565089028545	0.00859898	0.00049
-0.0142	-0.1624	0.0163	0.006504842122182866	-0.0023020892833805202	-0.00010471975511965978	1.18263519	30.33440971	1.02759626	0.144843951023932	0.00768471	0.00039
-0.0198	-0.2134	-0.04	0.006890559886873613	-0.0023492131731843676	-0.00012740903539558605	1.20147264	30.8175869	0.9907025	0.13567654673852608	0.00904775	0.00093
-0.0233	-0.3123	-0.0098	0.0072850042978243315	-0.0024277529895241124	-0.0002443460952792061	1.32100725	33.88363266	0.99725782	0.1620960643587042	0.00879949	0.00057
-0.0261	-0.2795	0.0247	0.006729989595690135	-0.002380629099720265	-0.00018151424220741024	1.11343849	28.55952454	0.96639906	0.10334852225049199	0.00842071	0.00066
-0.0216	-0.1927	0.0345	0.0064228116473391324	-0.0022497294058206906	-2.4434609527920616e-05	1.074139	27.55150032	0.99072193	0.13085786374650335	0.00829291	0.00039
-0.0243	-0.2252	-0.0407	0.006633996486830446	-0.0024068090385001802	-1.7453292519943294e-06	1.15515018	29.62942314	1.01221509	0.12994768762233647	0.00773495	0.00034
-0.0326	-0.3085	-0.0318	0.0072570790297924225	-0.0023544491609403502	-3.665191429188092e-05	1.12104559	28.75464439	0.98805907	0.13601745027808462	0.00833273	0.00071
-0.0272	-0.2713	-0.0075	0.0074124133332199174	-0.00231779724664847	-0.00010471975511965978	1.10451198	28.33056259	0.97578116	0.07990270292735772	0.00828278	0.00066
-0.0264	-0.2252	0.0132	0.006967354373961363	-0.0021676989309769574	4.886921905584123e-05	1.13713205	29.16726112	1.07496868	0.10503731245527836	0.00882059	0.0004
-0.0168	-0.2305	-0.0207	0.007024950239277177	-0.002385865087476248	4.71238898038469e-05	1.27908742	32.80839539	1.06243583	0.06267536755335495	0.0084337	0.00042
-0.0248	-0.2502	-0.0607	0.007243116395776467	-0.0023527038316883565	-3.141592653589793e-05	1.12963641	28.97500038	0.9749637	0.08419336143134627	0.00779277	0.00054
-0.0296	-0.3488	-0.019	0.007342600163140145	-0.0023003439541285265	0.00010471975511965978	1.14303064	29.31855774	1.01609351	0.15949896632895327	0.00957572	0.00062
-0.0247	-0.2567	0.0141	0.007037167544041136	-0.0022427480888127134	5.93411945678072e-05	1.19348454	30.61269379	0.99299986	0.1505203522483337	0.00840288	0.00032
-0.0143	-0.225	0.0181	0.006782349473249965	-0.002366666465704311	4.537856055185256e-05	1.1874727	30.45849037	0.9870705	0.06573495408493614	0.00769436	0.00035
-0.0174	-0.25	-0.0487	0.006846926655573755	-0.002363175807200322	5.235987755982989e-05	1.06860721	27.40961075	0.96913377	0.09865245789178775	0.00721729	0.00042
-0.0247	-0.3391	-0.0293	0.007189011188964644	-0.0023753931119642824	7.330382858376184e-05	1.18375587	30.36315346	0.97580846	0.13456228945893903	0.00912726	0.00052
-0.0242	-0.2709	0.0155	0.007218681786248547	-0.00231779724664847	-2.4434609527920616e-05	1.25642872	32.22720337	0.99452673	0.12275024503556999	0.00834417	0.00035
-0.0221	-0.1908	0.025	0.006517059426946826	-0.002331759880664424	-2.6179938779914945e-05	1.13583648	29.13402939	1.00999351	0.12756651612848344	0.00806403	0.00056
-0.0258	-0.1953	-0.0508	0.006942919764433443	-0.002363175807200322	-4.18879020478639e-05	1.30163777	33.38680649	1.08259434	0.1076492113645232	0.00839198	0.00037
-0.0271	-0.3441	-0.0293	0.0072902402855803145	-0.0022985986248765322	0.00013439035240356338	1.32582867	34.00730133	1.09676661	0.2010087978961044	0.00924951	0.00076
-0.0298	-0.2845	0.0036	0.006969099703213358	-0.0021746802479849347	6.108652381980153e-05	1.14428163	29.35064507	0.99127006	0.12111813939211584	0.00783676	0.00044
-0.0247	-0.2244	0.0248	0.0067491882174620715	-0.0021624629432209744	0.00017976891295541595	1.04399288	26.77825546	0.96100696	0.10394055898254304	0.00819659	0.0004
-0.022	-0.183	-0.061	0.007028440897781166	-0.002235766771804736	6.108652381980153e-05	1.18198347	30.31769371	1.02318166	0.15346194490192347	0.00809902	0.00054
-0.0319	-0.3074	-0.052	0.007644542123735163	-0.002150245638457014	8.37758040957278e-05	1.19122398	30.55471039	1.0452667	0.17951558197888226	0.00943673	0.00064
-0.0376	-0.3163	-0.0287	0.007564256978143424	-0.0021851522234969008	-4.363323129985824e-05	1.11205828	28.52412415	0.96531123	0.050030038301360574	0.00847363	0.00042
-0.0359	-0.2622	-0.0197	0.007098254067860938	-0.0021380283336930534	7.67944870877505e-05	1.03019905	26.42444611	0.9535535	0.09647772592369713	0.00855911	0.0004
-0.033	-0.2601	-0.0472	0.007213445798492564	-0.002178170906488923	-1.7453292519943296e-05	1.25311053	32.14208984	0.9959753	0.044979104151759465	0.0087778	0.0004
-0.0365	-0.2985	-0.0415	0.007660250087003113	-0.002136283004441059	-0.00012042771838760874	1.15659404	29.66645813	0.96262221	0.07718333082130385	0.00882035	0.00059
-0.0363	-0.2851	-0.0247	0.007593927575427327	-0.00205599785884932	-9.075712110370512e-05	1.07655573	27.61348724	0.96576869	0.03921391272257138	0.00870901	0.00054
-0.0227	-0.2578	0.0013	0.006956882398449398	-0.002015855286053451	6.632251157578452e-05	1.39167273	35.69618988	0.98623353	0.10861336912266444	0.00953758	0.00132
-0.022	-0.1849	-0.0085	0.006681120376634293	-0.0021589722847169856	0.0001239183768915974	1.34191406	34.41988754	1.01827427	0.1072237442897226	0.00855565	0.00056
-0.0213	-0.2065	-0.0654	0.007215191127744558	-0.002410299697004169	5.061454830783555e-05	1.13972819	29.23385048	0.99376065	0.1221350995990605	0.00931096	0.00084
-0.0301	-0.3239	-0.03	0.0072692963345563815	-0.002150245638457014	9.42477796076938e-05	1.19963694	30.77050018	1.0562886	0.17948962483294184	0.0091359	0.00071
-0.0385	-0.2706	-0.0323	0.007506661112827611	-0.0021380283336930534	1.3962634015954635e-05	1.04701161	26.85568428	0.95571746	0.08049336143134651	0.00955957	0.00039
-0.0365	-0.1839	-0.0065	0.0069307024596694826	-0.0020210912738094335	1.9198621771937625e-05	1.20185125	30.82729721	0.98959433	0.1494065850398866	0.00846082	0.00061
-0.0289	-0.1301	-0.0124	0.006761405522226033	-0.002124065699677099	7.330382858376184e-05	1.13870013	29.20748329	0.98633133	0.08361882850614696	0.00883514	0.00057
-0.0265	-0.1177	-0.0545	0.006712536303170191	-0.002197369528260861	9.250245035569947e-05	1.08462155	27.82037354	0.95909558	0.06396858347057709	0.00897789	0.00081
-0.0151	-0.1927	-0.0764	0.0067980574365179135	-0.0021851522234969008	0.0002495820830351891	1.10189402	28.26341248	0.97400202	0.12104090353955863	0.00925195	0.00066
-0.0128	-0.2369	-0.0912	0.006970845032465352	-0.002097885760897184	0.0002530727415391778	1.12870646	28.95114517	0.96889494	0.07447723585255718	0.00985622	0.00073
-0.0222	-0.3346	-0.0854	0.0074996797958196346	-0.0021380283336930534	0.00015707963267948963	1.28701615	33.01176453	1.07233916	0.146148522250492	0.0105872	0.00101
-0.0348	-0.282	-0.0428	0.007532841051607526	-0.002097885760897184	1.5707963267948964e-05	1.15132213	29.53123474	1.02616616	0.1185337748997651	0.00837088	0.00054
-0.0428	-0.3104	-0.0169	0.007356562797156099	-0.0020664698343612863	-5.061454830783555e-05	1.04108322	26.70362282	0.94598821	0.0760008346281555	0.00891894	0.00051
-0.0405	-0.2056	-0.0001	0.006965609044709369	-0.0020420352248333657	-1.7453292519943296e-05	1.2868948	33.00865173	0.99917497	0.1463274808881271	0.00874025	0.00037
-0.0358	-0.1517	-0.0153	0.006939429105929455	-0.0020856684561332234	-1.7453292519943294e-06	1.21794915	31.24020767	1.00152357	0.07807605666738607	0.0084185	0.00044
