trans_x	trans_y	trans_z	rot_x	rot_y	rot_z	dvars_std	dvars_nstd	dvars_vstd	framewise_displacement	aqi	aor
0.0	-0.0	0.0	-0.0	0.0	-0.0	n/a	n/a	n/a	n/a	0.00987417	0.00168
0.0019	0.1144	0.0302	0.00026878070480712676	2.268928027592628e-05	0.0003682644721708035	1.32730901	36.41632843	1.04586134	0.17948672286269282	0.0113493	0.00242
0.0068	0.0099	-0.0458	0.000460766922526503	9.075712110370512e-05	-6.632251157578452e-05	1.29113495	35.4238472	1.03726356	0.2201320521146872	0.00985831	0.00154
-0.0082	-0.0371	-0.0808	0.0001605702911834783	0.000486946861306418	-0.0005044001538263612	1.19656098	32.82909775	0.98887609	0.1537232006898157	0.00935888	0.00092
-0.0138	0.0146	-0.1178	6.45771823237902e-05	0.0008272860654453122	-0.0005916666164260777	1.12575769	30.8865242	0.95293709	0.12047993877991495	0.010341	0.00089
-0.0122	0.0785	-0.112	0.0005166174585903216	0.0007208209810736582	-0.0007033676885537148	1.41878784	38.92615891	1.01049358	0.10481032163829114	0.0132864	0.0018
-0.0105	0.0588	0.0098	0.0003001966313430247	0.0006667157742618339	-0.0006370451769779302	1.39311194	38.22171021	1.08988007	0.16004242728174528	0.00834823	0.00092
-0.0072	-0.0189	0.0137	3.839724354387525e-05	0.0006335545184739417	-0.00048520153205442357	1.07269907	29.43079567	0.97521501	0.1072402144255274	0.008497	0.00071
-0.0051	0.0058	-0.0609	-1.3962634015954635e-05	0.0007120943348136865	-0.000705113017805709	1.29812896	35.61573792	0.98404439	0.118940558982543	0.00999182	0.00112
-0.003	0.008	-0.0873	5.585053606381854e-05	0.0007225663103256524	-0.0010140362954087054	1.31790113	36.15821075	0.97998018	0.05016042115973678	0.00982487	0.00092
-0.0049	0.0468	-0.0859	8.726646259971648e-06	0.0006754424205218055	-0.0010367255756846318	1.20765257	33.13340759	0.99055205	0.047946852994181006	0.00912625	0.00101
-0.0066	0.0968	0.0121	-0.000153588974175501	0.0005759586531581287	-0.0007923794804054256	1.12003684	30.72956467	1.03064416	0.17500727415391776	0.00855708	0.00072
-0.0092	0.0928	0.0513	0.00018151424220741024	0.0005654866776461627	-0.0004991641660703782	1.41742039	38.88864136	0.98026677	0.07773952531149622	0.0106757	0.00131
-0.0028	0.0013	-0.0044	0.00047123889803846896	0.0006161012259539982	-0.0007033676885537148	1.36065638	37.33125305	1.04029499	0.18082713633111155	0.00947255	0.00085
-0.0051	-0.1075	-0.0331	0.00015184364492350666	0.0005654866776461627	-0.000973893722612836	1.2363863	33.92175293	1.0058751	0.17182679177409593	0.00905699	0.00094
-0.0086	-0.0076	-0.049	1.7453292519943296e-05	0.000752236907609556	-0.0010786134777324957	1.1038909	30.28658104	0.99172752	0.14059301687433085	0.00850713	0.00069
-0.0155	0.0606	-0.0284	0.00020594885173533088	0.000895353906273091	-0.0008604473212332044	1.48570478	40.76210785	1.01809924	0.12318893571891068	0.0100322	0.00107
-0.0357	0.0712	0.193	0.0008988445647770796	0.0004904375198104066	-0.000736528944341607	1.6012069	43.93104553	1.31479523	0.3132865238198016	0.0152169	0.00501
-0.0346	-0.0255	0.3172	0.0016964600329384882	9.948376736367679e-05	-0.0006475171524898963	1.29390204	35.4997673	1.16696382	0.28587905062299246	0.0220021	0.0169
-0.0277	-0.0745	0.2721	0.002012364627549462	0.00040840704496667313	-0.0003473205211468716	1.06780708	29.29657936	1.02648037	0.14725122517784975	0.0199785	0.01072
-0.0337	-0.0817	0.1667	0.0014922565104551516	0.0010070549784007281	-0.0007138396640656808	1.06728923	29.28237152	1.025325	0.19286375967235875	0.0144452	0.00257
-0.0395	-0.0963	0.0888	0.000757472895365539	0.0013805554383275148	-0.000895353906273091	1.02421391	28.10054588	0.98395159	0.16278991586119043	0.012731	0.00181
-0.0381	-0.0479	0.0204	0.0006108652381980154	0.0014172073526193955	-0.000900589894029074	1.65530896	45.41540146	1.05189491	0.12762477796076935	0.0114935	0.00174
-0.0344	0.0005	0.0141	0.000614355896702004	0.0013665928043115599	-0.0010838494654884787	1.34984517	37.03463364	0.99964588	0.07026823891356145	0.00965524	0.00116
-0.0449	0.0285	0.1012	0.0007016223593017205	0.0011222467090323538	-0.0009407324668249436	1.22217357	33.53181076	1.02788765	0.14933647782712287	0.0103431	0.00116
-0.0381	-0.0246	0.0863	0.0005131268000863328	0.001043706892692609	-0.0007731808586334879	1.08103716	29.65956116	0.95704335	0.0965293491873294	0.00943857	0.00082
-0.0312	-0.0634	0.0297	0.00039793506945470715	0.001218239817892042	-0.0009634217471008699	1.36040223	37.32427979	1.02935304	0.12629827721492204	0.0111193	0.00139
-0.0291	-0.0324	0.0048	0.0008063421144213803	0.0011187560505283654	-0.0011449359893082802	1.40658534	38.59136963	1.03869947	0.092470252726888	0.00867742	0.00079
-0.0372	-0.0371	-0.0125	0.00028274333882308137	0.0013700834628155487	-0.0009686577348568529	1.15189731	31.60369492	0.96776616	0.07766022211684545	0.00761914	0.0006
-0.032	0.0006	-0.006	0.0002740166925631097	0.0013421581947836393	-0.0009128071987930344	1.43776131	39.44672012	0.97865124	0.054025122517784976	0.010249	0.00134
-0.0356	-0.0021	0.0977	0.0003769911184307752	0.0010978120995044332	-0.0008482300164692441	1.47919512	40.58350754	1.05471207	0.13059488517353307	0.010276	0.00072
-0.0286	0.0178	0.0566	-2.094395102393195e-05	0.00119729586686811	-0.0008656833089891874	1.14311945	31.36286354	0.97821043	0.09374360646691637	0.0082016	0.00082
-0.03	-0.0805	0.0035	-0.0002443460952792061	0.001324704902263696	-0.0011379546723003027	1.09569693	30.06176949	0.97169847	0.18395412714809875	0.00861734	0.00054
-0.0319	0.0418	-0.0253	-0.000317649923862968	0.0013805554383275148	-0.001192059879112127	1.3430444	36.84804535	1.00893042	0.16216297857297024	0.00891244	0.00075
-0.0345	0.0149	0.0896	-0.00013439035240356338	0.0011885692206081383	-0.0009913470151327792	1.35689461	37.2280426	1.09134697	0.17319793265790645	0.00973201	0.00085
-0.022	0.0761	0.0537	-0.00012042771838760874	0.0010506882097005862	-0.0010733774899765126	1.19210637	32.70687866	1.04381328	0.121293705988362	0.00923675	0.00079
-0.0282	-0.0061	-0.0155	-0.00012740903539558605	0.0013072516097437528	-0.001256637061435917	1.13338149	31.09569168	0.99447405	0.1799402144255274	0.00743979	0.00044
-0.0254	0.068	-0.0636	0.00012217304763960306	0.0013596114873035826	-0.0012863076587198209	1.27751696	35.05022049	0.98968024	0.14158062789394615	0.00994521	0.00082
-0.0291	-0.0111	0.0323	0.0003700098014227979	0.0010733774899765126	-0.0012042771838760874	1.44802833	39.72840881	1.12004093	0.20950506129769997	0.00975615	0.00074
-0.0305	0.039	0.1519	0.0003316125578789226	0.0008639379797371932	-0.000804596785169386	1.33491063	36.62488556	1.09791133	0.2034758576244948	0.010849	0.00133
-0.0248	-0.0101	0.1525	0.0004433136300065597	0.0010262536001726657	-0.0005654866776461627	1.04803717	28.75416565	0.95294027	0.08105634000431662	0.0113229	0.00106
-0.0199	-0.0152	0.0525	0.00030368728984701333	0.0010821041362364843	-0.000890117918517108	1.17040479	32.11146927	1.00171939	0.13600540585471552	0.00957197	0.00051
-0.0211	-0.0438	0.0064	-1.3962634015954635e-05	0.001281071670963838	-0.0009930923443847736	0.98857778	27.12282562	0.91681344	0.10687959422289936	0.00953299	0.00065
-0.0209	-0.0067	-0.0031	0.0002652900463031381	0.0012479104151759456	-0.0010821041362364843	1.33557892	36.64322281	1.01572896	0.0668712863979348	0.00898272	0.00072
-0.0272	0.0072	0.0795	0.0005183627878423159	0.0010821041362364843	-0.0008237954069413235	1.25773633	34.50751495	1.03901828	0.13665938748869	0.00883907	0.00088
-0.025	-0.029	0.0905	0.0002600540585471551	0.0011449359893082802	-0.0005445427266222308	1.06711245	29.27752113	0.97306267	0.07941966313430246	0.00936919	0.00053
-0.02	-0.0055	0.0542	0.00010471975511965978	0.001265363707695889	-0.0007731808586334879	1.18026054	32.38187408	0.94656012	0.09002000769131804	0.00915486	0.00063
-0.0224	-0.0694	0.0615	-0.0001012290966156711	0.0014590952546672592	-0.0008621926504851988	1.29992247	35.6649437	0.99856521	0.0980346095279206	0.0103843	0.00082
-0.0231	-0.0063	0.0336	0.0001012290966156711	0.0013124875974997359	-0.0010733774899765126	1.31325555	36.03075409	1.01640076	0.11971253449450896	0.0083335	0.00054
-0.0252	0.029	0.0815	0.00023561944901923448	0.0012618730491919003	-0.0007417649320975902	1.1288408	30.9711113	0.96861113	0.11113087292951608	0.00907713	0.00091
-0.0204	0.029	0.1142	0.0004677482395344803	0.0011711159280881952	-0.00041189770347066176	1.3551203	37.17936325	0.99645237	0.07013765701229396	0.0111327	0.00091
-0.0151	-0.0194	0.0635	0.0003630284844148205	0.0013334315485236678	-0.0004904375198104066	1.24894512	34.26631927	0.9813755	0.12167875959474386	0.00924921	0.00079
-0.0132	-0.037	0.0064	0.0004433136300065597	0.0013735741213195373	-0.0009354964790689606	1.26374257	34.67230606	1.08323133	0.10487433388230814	0.00918174	0.00065
-0.0103	-0.0262	-0.0409	6.108652381980153e-05	0.0015027284859671175	-0.0008080874436733745	1.15086329	31.57532501	0.98411284	0.09293952531149623	0.00724471	0.00032
-0.0115	0.0287	0.0047	0.0002024581932313422	0.0015062191444711063	-0.0008307767239493009	1.06853426	29.31653023	0.93598671	0.1100775804095728	0.00817215	0.00039
-0.0088	0.0129	0.0938	0.0006527531402458793	0.001450368608407288	-0.0003298672286269283	1.35790074	37.25564957	1.01317511	0.1579527489200364	0.0101954	0.00118
-0.0022	-0.0153	0.0771	0.0007958701389094143	0.0014311699866353504	-0.0003787364476827695	1.27153897	34.88620758	0.98878798	0.06205924197456568	0.00916702	0.00054
-0.0064	-0.0905	0.0238	0.0006859143960337716	0.001382300767579509	-0.0008691739674931761	1.22127998	33.5072937	1.01423501	0.16516312408709452	0.00836569	0.00059
-0.0113	-0.0291	-0.0197	0.0002565634000431664	0.0014556045961632708	-0.0009983283321407565	1.10413802	30.29335976	0.97014814	0.14139045946109735	0.00723881	0.00026
-0.0096	0.0329	-0.0133	0.00035604716740684323	0.0014364059743913332	-0.0010506882097005862	1.55957019	42.78869247	0.99815643	0.07865211333477219	0.00955421	0.00083
-0.0165	0.0434	0.1085	0.00038571776469074686	0.0010786134777324957	-0.0008447393579652555	1.4632175	40.1451416	1.08271323	0.16887059728390355	0.00997454	0.00082
-0.0105	0.0573	0.0997	0.0003892084231947355	0.0009616764178488756	-0.0006632251157578452	1.11064959	30.47201538	0.97701384	0.043797098029750944	0.00879818	0.00107
-0.0074	-0.0724	0.0337	-4.886921905584123e-05	0.0012252211349000194	-0.0010122909661567112	1.13895428	31.24858856	1.00684413	0.2513344104850293	0.00822139	0.00035
-0.0029	-0.0309	-0.0414	-8.028514559173915e-05	0.0014364059743913332	-0.0011903145498601325	1.21544874	33.3473053	0.97612486	0.14213121748653168	0.00887966	0.00063
-0.0045	0.001	0.0027	8.552113334772214e-05	0.001452113937659282	-0.0011327186845443199	1.27748811	35.04943085	1.00569098	0.08955550537616114	0.00898099	0.00059
-0.0091	0.0373	0.1259	0.000439822971502571	0.0010681415022205296	-0.0008970992355250854	1.34014988	36.76863098	1.10005692	0.2127946861306418	0.0104008	0.00103
-0.0015	0.0072	0.1708	0.000614355896702004	0.000895353906273091	-0.0007731808586334879	1.09769726	30.11665154	0.99709065	0.10616194490192346	0.0122969	0.00171
0.0067	0.0084	0.1072	0.0007888888219014368	0.0010192722831646884	-0.000614355896702004	1.06957614	29.34511566	0.99448135	0.09586381320112575	0.0101348	0.0011
0.0001	-0.0916	0.036	0.00041015237421866745	0.0012950343049797925	-0.0008674286382411819	1.08903193	29.87890816	0.98443846	0.22317856055185256	0.00929219	0.00065
-0.0027	0.0249	-0.0002	0.00027576202181510406	0.0013264502315156904	-0.001129228026040331	1.00745559	27.64076233	0.97028778	0.17688028333693048	0.0088461	0.00051
-0.0051	0.0149	-0.0116	0.0004991641660703782	0.0013945180723434693	-0.0011484266478122688	1.54939854	42.50962067	0.98857254	0.03933343034274953	0.00941718	0.00095
-0.0093	0.0181	0.0844	0.000614355896702004	0.0010402162341886204	-0.0009983283321407565	1.36609912	37.48057938	1.0381969	0.13437959422289936	0.00975001	0.00074
-0.0067	-0.0091	0.0856	0.0005218534463463045	0.0008412486994612669	-0.0007679448708775049	1.12846136	30.96070099	0.98090308	0.05709267231731523	0.00856066	0.00051
-0.0017	-0.052	0.0261	0.0001658062789394613	0.0010210176124166828	-0.00102799892942466	1.05734956	29.00966454	0.95477811	0.1471935069454707	0.00756681	0.00029
0.0008	0.0089	-0.0154	0.0001675516081914556	0.001129228026040331	-0.0011309733552923255	1.30787659	35.8831749	0.95101395	0.1155465084371654	0.00816828	0.00086
0.0009	-0.0578	-0.0148	0.0001675516081914556	0.0010611601852125523	-0.0012095131716320703	1.28996575	35.39176941	0.9816661	0.07473038285837617	0.00931102	0.00054
0.0017	0.0088	0.0274	0.00032463124087094524	0.0010105456369047167	-0.0012845623294678264	1.25965714	34.560215	0.99575164	0.12373716694115404	0.00798333	0.0005
-0.0062	0.0983	0.1064	0.00045902159327450867	0.0009232791743050004	-0.000890117918517108	1.17755985	32.3077774	1.03337818	0.20720506129769992	0.00953794	0.00109
0.0051	0.0056	0.0547	0.00010297442586766544	0.0009948376736367678	-0.0009861110273767962	1.0814842	29.67182541	1.01340945	0.18187993877991493	0.0079754	0.00054
0.0054	-0.0516	0.0199	1.2217304763960308e-05	0.0011501719770642632	-0.0010716321607245184	1.37121379	37.62090683	0.99190729	0.10888062789394612	0.00897491	0.001
0.0067	-0.0074	0.0178	-0.00012217304763960306	0.0010681415022205296	-0.001239183768915974	1.31260109	36.01279831	0.98732088	0.06679862177193763	0.00933653	0.00045
-0.001	0.019	0.0528	-5.585053606381854e-05	0.0009704030641088471	-0.0014014993893514465	1.23033428	33.75570679	0.98366394	0.08541882850614697	0.00848299	0.00069
-0.0117	-0.0149	0.2123	0.0001064650843716541	0.0006492624817418905	-0.0010733774899765126	1.28630853	35.29142761	1.1665535	0.2446789051088681	0.0135641	0.00279
-0.0013	-0.0028	0.1838	0.00029321531433504735	0.0007714355293814937	-0.0007853981633974483	1.06849909	29.3155632	1.00237848	0.08084513020910303	0.0127416	0.00159
0.0067	-0.0594	0.0959	-3.316125578789226e-05	0.0009930923443847736	-0.001192059879112127	1.35619199	37.20876694	1.02806138	0.20023475504204488	0.0108134	0.00083
0.0081	-0.0612	0.0326	-0.00015533430342749534	0.000890117918517108	-0.0014364059743913332	1.30085039	35.69040298	0.97734175	0.08997467843932373	0.00928098	0.00054
0.0066	-0.007	-0.0024	-0.00010995574287564276	0.0009686577348568529	-0.0016301375213627037	1.17425191	32.21702194	0.9787328	0.1065824961931484	0.00769037	0.00069
-0.0013	0.0345	0.0903	-7.853981633974481e-05	0.0007714355293814937	-0.0014259339988793671	1.17716646	32.29698563	1.04632527	0.1637420827247297	0.00900525	0.00071
-0.0049	0.0683	0.1735	-3.141592653589793e-05	0.0007016223593017205	-0.0009965830028887623	1.09920895	30.15812492	1.00888617	0.14791440279371124	0.0119098	0.00133
0.0015	-0.0523	0.1162	-0.0002129301687433082	0.0006998770300497262	-0.0010524335389525807	1.29275525	35.46830368	1.02819487	0.19625550537616113	0.0104798	0.00074
0.0061	-0.0844	0.0717	-0.0002129301687433082	0.0007487462491055673	-0.001239183768915974	1.26354074	34.66676712	0.97411297	0.09298097245096172	0.0105187	0.00071
0.0076	-0.0177	0.034	-0.0001832595714594046	0.0008726646259971648	-0.0013177235852557187	1.22758031	33.68014908	0.99129572	0.11750643952576233	0.00805891	0.00047
-0.0006	-0.026	0.0671	-0.0001832595714594046	0.00091106186954104	-0.0013491395117916165	1.13317752	31.09009361	0.98691833	0.053090658503988655	0.0083974	0.00054
-0.0023	0.0278	0.1545	-0.00029496064358704166	0.0008848819307611251	-0.0009302604913129776	1.07493603	29.49216843	0.98802884	0.17073800156930954	0.0108845	0.00072
-0.0086	0.0364	0.2748	0.0003298672286269283	0.0004328416544945937	-0.0009302604913129776	1.5297792	41.97134018	1.10228299	0.18904340742402503	0.019457	0.00714
-0.0183	0.029	0.3133	0.0010960667702524388	0.00019024088846738194	-0.0002583087292951608	1.34545541	36.91419601	1.03732013	0.139637603483527	0.0219296	0.01039
-0.0146	-0.0834	0.24	0.0012775810124598492	0.0003787364476827695	-0.00027750735106709843	1.25607514	34.46194077	1.08958422	0.2088604211597368	0.016512	0.00501
-0.0199	-0.1028	0.1463	0.0004956735075663896	0.0007749261878854823	-0.0007190756518216638	1.18260252	32.44612885	1.10244802	0.19938327729253685	0.0127912	0.00163
-0.0118	-0.0396	0.0728	1.0471975511965975e-05	0.0009564404300928925	-0.0007417649320975902	1.09706986	30.09943771	1.04552128	0.179270252726888	0.00926363	0.00068
-0.004	0.0547	0.0278	0.00023212879051524583	0.001181587903600161	-0.000804596785169386	1.54387617	42.35810852	1.02815278	0.1725818070791172	0.0094105	0.00088
-0.0075	-0.0116	0.1355	0.0006492624817418905	0.0009983283321407565	-0.0008272860654453122	1.40286303	38.48924255	1.07447605	0.20865412714809883	0.0118878	0.00089
0.0004	0.0641	0.1131	9.773843811168246e-05	0.0007557275661135446	-0.0008587019919812101	1.20340657	33.01691437	1.03082652	0.1472770368096659	0.00978553	0.00098
-0.003	-0.1412	0.0692	0.0001884955592153876	0.0007417649320975902	-0.0006562437987498679	1.3440485	36.87559509	1.14786721	0.2679588974175501	0.0114751	0.00299
0.0048	-0.0217	0.0207	0.0013927727430914749	0.0012112585008840647	-0.0005567600313861911	1.38656867	38.04218674	1.11028496	0.264462726001312	0.0104151	0.00092
0.0004	0.1715	0.1792	0.001504473815219112	0.0009930923443847736	-0.000905825881785057	1.51406872	41.54030609	1.32718847	0.3900466539512897	0.0184171	0.00892
0.0021	0.1052	0.2315	0.00214850030920502	0.0006998770300497262	-0.00033335788713091696	1.1709981	32.12774658	1.11381319	0.1957854901487548	0.0195624	0.00779
0.0094	-0.1451	0.1225	0.002033308578573394	0.0009442231253289323	-0.00033335788713091696	1.26401174	34.67969131	1.23083833	0.3845768912955417	0.0146946	0.00384
0.0035	-0.1297	0.0851	0.0009389871375729493	0.0010733774899765126	-0.0007347836150896127	0.93254501	25.58549881	0.93496431	0.13994507668033604	0.012204	0.00143
0.0087	-0.0463	0.032	0.000577703982410123	0.0009686577348568529	-0.0009581857593448868	1.56547272	42.95063782	1.06649525	0.17617025272688802	0.0121759	0.00145
0.0111	-0.0031	0.0046	0.0012112585008840647	0.0009337511498169664	-0.0009093165402890458	1.31670189	36.12530899	1.00476122	0.10886651612848348	0.00977445	0.00098
0.0071	0.0196	-0.0213	0.0012775810124598492	0.0009494591130849152	-0.0009616764178488756	1.16423392	31.94216537	0.97337644	0.05931951762017816	0.00854802	0.00054
-0.0013	-0.0229	0.0359	0.0006859143960337716	0.0010681415022205296	-0.0012077678423800758	1.13913596	31.25357056	0.97729985	0.1559220215046446	0.00864309	0.00077
-0.0115	0.0371	0.1999	0.0010663961729685354	0.0008203047484373349	-0.0010122909661567112	1.56880093	43.04195023	1.20209618	0.27538977034706613	0.0163248	0.00338
-0.0004	-0.0272	0.1643	0.0013194689145077131	0.0008656833089891874	-0.0007923794804054256	1.32325673	36.30514908	1.07702253	0.13691813939211575	0.0142962	0.00181
-0.001	-0.0337	0.0858	0.0013857914260834976	0.0008447393579652555	-0.0009354964790689606	1.21631658	33.37111664	1.00758601	0.09711917306316259	0.0107878	0.00095
-0.0022	-0.0437	0.0487	0.0011152653920243766	0.0008936085770210966	-0.0010821041362364843	1.15052462	31.56603432	0.97200097	0.0716001455141243	0.00867593	0.00066
-0.0061	-0.0726	0.0388	0.0002303834612632515	0.0010053096491487337	-0.0012322024519079964	1.04404747	28.64470291	0.9331128	0.10003406592801373	0.00806051	0.00042
-0.0037	0.0214	0.0157	0.00015707963267948963	0.0010175269539126942	-0.00124965574442794	1.23030591	33.75492859	0.96792153	0.12464872129338328	0.00845593	0.00063
-0.0049	0.0413	-0.004	0.0001186823891356144	0.0011484266478122688	-0.0012042771838760874	1.23944664	34.00571823	0.95018392	0.05153377489976512	0.00918835	0.00072
-0.0031	-0.0132	0.0028	0.00016406094968746698	0.0011362093430483087	-0.0013055062804917586	1.247087	34.21533966	0.96269093	0.07104124809657421	0.00847858	0.00048
-0.0157	0.0154	0.0784	0.00038397243543875244	0.0009407324668249436	-0.0013072516097437528	1.20620632	33.09372711	1.0504693	0.13765668456133223	0.00934958	0.00075
-0.0174	0.0482	0.1637	0.00042760566673861073	0.0008970992355250854	-0.0009634217471008699	1.14129329	31.3127594	1.04991565	0.14135481626213	0.0112555	0.00109
-0.0137	-0.0245	0.1015	0.0002443460952792061	0.0010105456369047167	-0.0010053096491487337	1.05897009	29.05412292	0.97397587	0.15552969374434503	0.00942343	0.00053
-0.0138	-0.0326	0.0678	0.0002129301687433082	0.001228711793404008	-0.0010088003076527223	1.2462703	34.19293213	0.94980694	0.054553637076958886	0.00932348	0.00059
-0.0176	-0.0795	0.0535	0.00010821041362364843	0.001270599695451872	-0.0010506882097005862	1.21221161	33.25849152	0.9570435	0.07442477796076938	0.00978911	0.0008
-0.0117	0.0205	0.0298	0.0002565634000431664	0.0012740903539558604	-0.0011798425743481666	1.24769735	34.23208618	0.98596378	0.14364990047855436	0.00818169	0.00047
-0.0149	-0.0363	0.0672	0.0001832595714594046	0.001085594794740473	-0.00124965574442794	1.13391995	31.110466	0.97627197	0.11398062789394613	0.00832254	0.00066
-0.0269	0.0259	0.1999	0.000296705972839036	0.0008761552845011534	-0.0011414453308042916	1.21121597	33.23117447	1.11060433	0.22845481626212996	0.0133131	0.00198
-0.0262	-0.0108	0.1754	0.000312413936106985	0.0008395033702092724	-0.0011082840750163993	1.07253838	29.42638779	0.97210766	0.06617605666738609	0.0122137	0.00104
-0.0131	-0.0796	0.075	6.806784082777885e-05	0.0011344640137963143	-0.0012932889757277981	1.27479875	34.97564316	1.02440847	0.21851558197888232	0.00972998	0.00071
-0.0169	-0.0276	0.0419	4.537856055185256e-05	0.0012147491593880533	-0.0013700834628155487	1.2409929	34.04814148	0.96757373	0.09788844564777081	0.00877297	0.00044
-0.0126	0.0056	0.0409	0.00034208453339088857	0.001356120828799594	-0.0012426744274199627	1.153023	31.6345787	0.9583625	0.06677433388230813	0.0078302	0.00053
-0.022	0.0009	0.1799	0.0006213372137099814	0.0011205013797803594	-0.0010454522219446034	1.25482965	34.42776871	1.14973068	0.18870471674068437	0.0130876	0.00199
-0.0229	0.0301	0.2208	0.0008429940287132613	0.0010454522219446034	-0.0006597344572538566	1.05514395	28.94915009	0.98850588	0.10512118687648912	0.0141419	0.00216
-0.0134	-0.0604	0.131	0.0009965830028887623	0.001048942880448592	-0.0006754424205218055	1.20209825	32.98101807	1.01962391	0.1984393797973719	0.0111428	0.00095
-0.0129	-0.0628	0.0429	0.0005480333851262194	0.0013665928043115599	-0.0009232791743050004	1.23685062	33.9344902	0.99879591	0.14170181477043528	0.00959545	0.00074
-0.0096	0.0001	-0.0041	0.0005061454830783556	0.0013910274138394805	-0.0010559241974565693	1.26935244	34.82621765	0.99101638	0.12314837673636764	0.00808078	0.0005
-0.011	0.0026	-0.0076	0.0004939281783143952	0.0012339477811599909	-0.0010978120995044332	1.13729632	31.2031002	0.96642736	0.0179592419745657	0.00808328	0.00071
-0.0208	0.0558	0.0964	0.0005148721293383271	0.0011135200627723821	-0.000900589894029074	1.14639568	31.45275116	1.02557499	0.18392969374434492	0.00952721	0.00075
-0.0212	-0.0536	0.1403	0.0008709192967451704	0.0010384709049366262	-0.0006911503837897545	1.62161839	44.49106216	1.10414802	0.18572679177409593	0.0128582	0.00186
-0.0178	-0.0578	0.0502	0.0007801621756414653	0.001387536755335492	-0.0007120943348136865	1.33058393	36.50617981	1.02606959	0.12073834612632516	0.0100073	0.00086
-0.0144	-0.0254	-0.0122	0.0007714355293814937	0.0014695672301792255	-0.0010890854532444615	1.2157836	33.35649109	0.98381571	0.121587411976724	0.00778031	0.00044
-0.0146	-0.0179	-0.0481	0.0007976154681614085	0.0014556045961632708	-0.0010925761117484504	1.10331905	30.2708931	0.9559581	0.045781661564992915	0.00749904	0.0005
-0.0217	-0.0477	0.0338	0.0007330382858376184	0.0015271630954950383	-0.0010402162341886204	1.11352694	30.55095673	1.00322033	0.1282247779607694	0.00821269	0.00045
-0.0225	0.0863	0.1179	0.0006649704450098395	0.001408480706359424	-0.0010471975511965976	1.26301312	34.65229034	1.04648972	0.22858657734856852	0.0105447	0.0011
-0.02	0.0135	0.0711	0.00028274333882308137	0.0016702800941585732	-0.0011798425743481666	1.18750107	32.58052826	1.00475626	0.16093357585687385	0.00961262	0.00062
-0.0143	0.0132	0.0276	0.0005951572749300663	0.0016179202165987434	-0.0013491395117916165	1.30139208	35.70526505	0.9976668	0.07620353755551322	0.00901794	0.00065
-0.0165	-0.0602	0.0396	0.00022689280275926284	0.0014486232791552935	-0.0014154620233674013	1.19756889	32.85675049	0.99044727	0.11779419605950192	0.00794941	0.00051
-0.0266	0.0121	0.161	8.37758040957278e-05	0.0013142329267517303	-0.0011885692206081383	1.169631	32.09024048	1.07710305	0.22902000769131808	0.0115134	0.00118
-0.0153	0.0465	0.0799	0.00039269908169872416	0.0014364059743913332	-0.0012409290981679683	1.19496679	32.78535843	0.99418503	0.15097281014012143	0.0090338	0.00063
-0.0197	-0.114	0.0229	0.00020769418098732522	0.0016057029118347831	-0.0013805554383275148	1.3202163	36.22172928	1.05635788	0.24659640891571977	0.00986338	0.0008
-0.0173	0.0147	-0.0059	0.0004939281783143952	0.0015777776438028737	-0.001324704902263696	1.29368269	35.49374771	1.020018	0.17840049007113987	0.00798243	0.00042
-0.0267	-0.0248	0.0534	0.0006754424205218055	0.0014049900478554352	-0.0012042771838760874	1.17807758	32.32198334	1.02785534	0.13193647782712287	0.00849384	0.0006
-0.0271	0.0031	0.1038	0.0004886921905584122	0.001254891732183923	-0.0010454522219446034	1.07000434	29.35686302	0.95760316	0.10348367537831948	0.00912988	0.00054
-0.0214	-0.0124	0.0851	0.00047123889803846896	0.0013421581947836393	-0.0008639379797371932	1.03082287	28.28186989	0.92569262	0.0542116998663535	0.00866711	0.00038
-0.0172	-0.0721	0.0256	0.0005044001538263612	0.0015515977050229591	-0.0008936085770210966	1.30562508	35.8214035	0.9793679	0.13701356816555577	0.00922644	0.00079
-0.0196	-0.0498	-0.0103	0.0003822271061867582	0.0016039575825827887	-0.0009704030641088471	1.29382217	35.49757385	0.97249033	0.07316637061435916	0.0088762	0.00044
-0.0231	-0.0397	0.0346	0.0004886921905584122	0.0015166911199830724	-0.0011431906600562858	1.24505723	34.1596489	1.01810324	0.07682595714594045	0.00848377	0.00066
-0.0291	0.0394	0.1456	0.00045902159327450867	0.0012077678423800758	-0.0011344640137963143	1.19420516	32.76446152	1.06488047	0.2134660260573436	0.0103077	0.00094
-0.0245	-0.0212	0.1093	8.726646259971648e-06	0.001282817000215832	-0.0011728612573401894	1.03444839	28.38134193	0.95816676	0.12968706741970842	0.00895011	0.00056
-0.0201	-0.1182	0.0737	0.00011344640137963142	0.0014433872913993105	-0.0013316862192716734	1.28691769	35.30814362	0.98406117	0.15820575041173113	0.0104263	0.00104
-0.0201	-0.0544	0.0529	0.00029496064358704166	0.0013945180723434693	-0.0013404128655316449	1.28953695	35.38000488	0.98269928	0.09655550537616113	0.00984114	0.00077
-0.014	0.0302	0.0463	0.0005410520681182421	0.001254891732183923	-0.001350884841043611	1.28437018	35.23824692	1.02841382	0.11710948701013564	0.00837129	0.00063
-0.02	-0.021	0.1277	0.0009599310885968812	0.0010768681484805013	-0.0011885692206081383	1.20052838	32.93794632	1.05298569	0.17656091123087667	0.0103484	0.00104
-0.0178	-0.0039	0.1742	0.0015690509975429022	0.0009651670763528643	-0.0007906341511534313	1.07097518	29.38349724	0.99415364	0.12173780252641823	0.012477	0.00187
-0.0057	-0.0053	0.0755	0.0016824973989225337	0.0010629055144645468	-0.0008883725892651138	1.49675786	41.06536102	1.04851907	0.12764616388014982	0.0111501	0.00115
-0.0057	-0.0978	0.0297	0.0016598081186466073	0.0011519173063162574	-0.0011711159280881952	1.33064413	36.50783157	0.99972131	0.15802222054753592	0.00979	0.00088
-0.0046	-0.0595	-0.0054	0.0015847589608108511	0.001186823891356144	-0.001520181778487061	1.17960584	32.36391068	1.00638862	0.09745107966372545	0.00844765	0.00101
-0.0214	-0.0019	0.0513	0.0016074482410867775	0.001514945790731078	-0.0016126842288427606	1.15838265	31.78162956	1.01264711	0.153265681500328	0.00925368	0.00079
-0.0256	0.0407	0.1255	0.0016667894356545846	0.0017645278737662671	-0.0015847589608108511	1.11150134	30.49538422	0.99849381	0.13784242728174523	0.0112541	0.00128
-0.0147	-0.0483	0.0753	0.0018186330805780916	0.0017016960206944712	-0.001609193570338772	1.03759181	28.46758652	0.9712981	0.1620555053761612	0.0104431	0.00089
-0.0047	-0.0711	0.0301	0.0016423548261266642	0.001583013631558857	-0.0012269664641520136	1.05299246	28.89012146	0.94105456	0.11185938748869	0.0105867	0.00083
-0.0118	-0.0453	0.0161	0.0004956735075663896	0.0013945180723434693	-0.0011327186845443199	1.46857786	40.29220963	1.10666599	0.1183712328691678	0.0114008	0.00267
-0.0033	-0.0123	-0.0281	0.0016249015336067207	0.0015882496193148398	-0.0011990411961201044	1.46228564	40.1195755	1.07871162	0.15516410422937427	0.009857	0.00112
-0.0058	0.0126	-0.0244	0.0009494591130849152	0.0013264502315156904	-0.0014887658519511632	0.94239134	25.85564613	0.91137664	0.09244832320760067	0.00842148	0.00083
-0.0138	0.0023	0.0562	0.0008272860654453122	0.0011955505376161158	-0.001556833692778942	1.02926576	28.23914909	1.00225861	0.1149570291183478	0.0101312	0.00183
-0.0041	-0.0073	-0.0121	0.0018989182261698304	0.0009965830028887623	-0.0012199851471440364	1.20539188	33.07138443	1.08731013	0.16797241205433888	0.0114613	0.00307
-0.0072	-0.0352	-0.045	0.002441715623540067	0.0009581857593448868	-0.0008883725892651138	1.32595742	36.37924576	1.10853215	0.10954035993965172	0.0135159	0.00391
-0.0098	0.0178	-0.0935	0.0023876104167282427	0.0010175269539126942	-0.0008011061266653974	1.17466342	32.22830963	1.05916889	0.1141356431989674	0.011261	0.00121
-0.0135	0.026	-0.0187	0.002124065699677099	0.0012618730491919003	-0.0007766715171374765	1.05173814	28.85570717	1.02667552	0.11331627109291352	0.0113801	0.00184
-0.0118	0.0546	0.1365	0.002371902453460294	0.0010786134777324957	-0.0004747295565424576	1.32691169	36.40542603	1.13307284	0.22215191429188091	0.0141454	0.00387
-0.0017	-0.0077	0.106	0.002841396022246768	0.0010733774899765126	-0.00048345620280242926	1.0432502	28.62283134	1.01580445	0.12707281014012148	0.0129982	0.00233
0.0036	-0.1156	0.0545	0.0022985986248765322	0.0011379546723003027	-0.0009232791743050004	1.08553731	29.78302765	0.99807435	0.21705987755982983	0.0115553	0.0014
0.0018	-0.0531	0.0082	0.002045525883337354	0.0013316862192716734	-0.0010890854532444615	1.20078468	32.94498062	0.97616777	0.14123052837250047	0.0109461	0.0011
0.0	-0.0542	0.0487	0.002373647782712288	0.0011100294042683937	-0.0012461650859239514	1.36269855	37.38728333	1.04216367	0.07874291735288519	0.012657	0.00168
-0.0062	-0.0397	0.1603	0.0023404865269243957	0.0009232791743050004	-0.0008517206749732328	1.27269411	34.91790009	1.09223791	0.1630177948351002	0.0126413	0.00186
0.0023	-0.0163	0.0955	0.002090904443889207	0.0009756390518648303	-0.0008063421144213803	1.07852447	29.59062386	1.01779224	0.11406602605734356	0.010449	0.0011
-0.0033	-0.0769	0.063	0.0017767451785302276	0.0012060225131280816	-0.0009791297103688187	1.07624841	29.52817535	0.95833709	0.13456651612848344	0.0101626	0.00088
-0.003	-0.046	0.0318	0.0018867009214058703	0.0012845623294678264	-0.001048942880448592	1.22482073	33.60443878	0.9551361	0.07531543646475801	0.010164	0.00079
-0.0058	-0.0111	0.1073	0.0020298179200694054	0.0011379546723003027	-0.0009896016858807848	1.3833338	37.95343399	1.06203496	0.13065329251994331	0.011913	0.00106
-0.0026	0.0841	0.1191	0.0018360863730980347	0.0010873401239924673	-0.0009651670763528643	1.24888766	34.2647438	1.06576975	0.12363903524035633	0.0112921	0.0014
0.0025	-0.0435	0.0574	0.001706932008450454	0.0011100294042683937	-0.0011065387457644049	1.16556656	31.97872734	1.03306502	0.2090607657167524	0.00884241	0.00042
0.0008	-0.0889	0.0021	0.0012845623294678264	0.0012793263417118436	-0.001410226035611418	1.05722547	29.00625801	0.93748399	0.14716769531365456	0.00823021	0.00047
-0.0019	0.011	0.0064	0.0013159782560037243	0.0014154620233674013	-0.0013421581947836393	1.3041203	35.78011703	0.99648276	0.1186809724509617	0.00931931	0.00051
-0.006	0.0275	0.1423	0.001572541656046891	0.0010088003076527223	-0.0011431906600562858	1.40842903	38.64195251	1.13103035	0.19960963252426	0.0124937	0.00142
0.0065	0.0104	0.0831	0.0018064157758141308	0.001117010721276371	-0.0010524335389525807	1.16991234	32.09795761	1.04026328	0.11044208272472968	0.0092023	0.00062
0.0111	-0.0691	0.0064	0.001837831702350029	0.0011431906600562858	-0.0012531464029319286	1.16532743	31.97216797	1.02246008	0.17371543646475807	0.00830269	0.0005
0.009	-0.0269	-0.0373	0.0014573499254152652	0.0013805554383275148	-0.0012618730491919003	1.07673872	29.54162788	0.96806609	0.11932866007329825	0.00799507	0.00039
0.0044	0.0271	0.0189	0.0014660765716752368	0.001329940890019679	-0.0011990411961201044	1.3080529	35.88801193	0.98652903	0.12090865238198016	0.00924414	0.00059
0.0001	0.0442	0.1088	0.0013805554383275148	0.0012112585008840647	-0.0008848819307611251	1.32996523	36.48920441	1.04132432	0.13721813939211577	0.0110622	0.00086
0.0135	0.0299	0.0197	0.0016022122533307947	0.0012252211349000194	-0.0009930923443847736	1.20457554	33.04898453	1.01350643	0.13399149313214415	0.00865555	0.00042
0.0116	-0.1002	-0.0317	0.001572541656046891	0.0012758356832078548	-0.0013439035240356337	1.19784474	32.86431885	1.02937967	0.20495481626212997	0.00874031	0.00079
0.0079	-0.0443	-0.0499	0.0014590952546672592	0.0013892820845874865	-0.0013927727430914749	1.10871601	30.41896248	0.96312644	0.09158810109075523	0.00788689	0.00048
0.0003	0.0407	0.0626	0.0013840460968315032	0.001181587903600161	-0.0011379546723003027	1.38521373	38.00501251	1.0840432	0.23197807048071273	0.00949728	0.00082
0.0024	-0.0043	0.079	0.0010786134777324957	0.0010768681484805013	-0.0010821041362364843	1.2522428	34.35679626	0.98536483	0.0868001455141243	0.0104359	0.00068
0.011	-0.059	0.0326	0.0013962634015954637	0.0011257373675363424	-0.0013980087308474581	1.28764844	35.32818985	0.98738466	0.14382118687648915	0.00899929	0.00063
0.0101	-0.0655	-0.0189	0.0013526301702956054	0.0012025318546240932	-0.0015585790220309364	1.16541314	31.97451782	0.97302867	0.07294990047855437	0.00764829	0.00059
-0.0026	-0.0053	0.0486	0.0010524335389525807	0.0011746065865921838	-0.0016074482410867775	1.12634814	30.90272141	1.00895741	0.15924955592153875	0.00793248	0.00053
-0.004	0.0659	0.1167	0.0012461650859239514	0.0010314895879286487	-0.0012339477811599909	1.2729671	34.92539215	1.01180822	0.1762174502780846	0.0101423	0.00088
0.0087	-0.0641	0.0541	0.0011501719770642632	0.0011431906600562858	-0.001324704902263696	1.41944599	38.94421768	1.10482463	0.2202225651045515	0.0109815	0.0008
0.0072	-0.0688	-0.0019	0.0015603243512829306	0.0013491395117916165	-0.0015655603390389136	1.3026787	35.74056625	1.03105591	0.1050478331364608	0.00962228	0.00092
0.0	0.0036	-0.0058	0.0012932889757277981	0.001322959573011702	-0.0015585790220309364	1.1678524	32.04144287	1.02577491	0.09850983156715122	0.0072332	0.00033
-0.0086	-0.0076	0.0949	0.001223475805648025	0.0011327186845443199	-0.0013369222070276565	1.33919823	36.74252319	1.04497001	0.14458554367752174	0.0100854	0.00077
-0.0007	0.0347	0.0477	0.0011309733552923255	0.0011850785621041497	-0.0011728612573401894	1.26778817	34.78330231	1.0054396	0.11284616388014981	0.00985199	0.00069
0.0075	-0.0137	-0.0257	0.0013927727430914749	0.0013631021458075715	-0.001429424657383356	1.30489874	35.80147552	1.02806008	0.16481931857728688	0.00841069	0.00056
0.0042	-0.0232	-0.0455	0.001410226035611418	0.0013596114873035826	-0.0015166911199830724	1.14016867	31.28190613	0.95798246	0.038010520681182415	0.00765795	0.00054
-0.0068	-0.0031	-0.0071	0.0012025318546240932	0.0014660765716752368	-0.0014154620233674013	1.06198549	29.13685417	0.95962848	0.09026941809873248	0.007523	0.00045
-0.0131	0.0112	0.1008	0.0013788101090755204	0.0012322024519079964	-0.0011257373675363424	1.30863357	35.90394211	1.05151943	0.16349385150248635	0.00978827	0.00066
-0.0041	0.0148	0.0478	0.0013107422682477415	0.001452113937659282	-0.0009965830028887623	1.27515662	34.98546219	1.02382654	0.08645668456133222	0.0100169	0.00091
0.002	-0.1079	0.0161	0.0016807520696705393	0.0013316862192716734	-0.0012095131716320703	1.35370862	37.14063263	1.0576037	0.1956683844276857	0.010049	0.00128
-0.0076	-0.0521	0.008	0.0013840460968315032	0.001481784534943186	-0.0011501719770642632	1.18822896	32.6004982	0.98637137	0.09880727415391778	0.00775367	0.00044
-0.005	-0.0365	0.0211	0.0013631021458075715	0.001481784534943186	-0.0012740903539558604	1.25363624	34.39502716	0.94092	0.03854311639577645	0.00899291	0.00071
-0.0159	0.0384	0.1264	0.0012042771838760874	0.0013735741213195373	-0.0011362093430483087	1.34581077	36.92394638	1.06734857	0.2113458193231342	0.011745	0.0011
-0.0043	-0.0375	0.0995	0.001296779634231787	0.0012252211349000194	-0.0011746065865921838	1.29801285	35.61255264	1.09515945	0.12836263401595463	0.010944	0.00109
-0.0023	-0.0343	0.0336	0.001403244718603441	0.0013945180723434693	-0.0014119713648634124	1.16599941	31.9906044	1.01100587	0.09675634000431663	0.00763488	0.00038
-0.0057	-0.031	-0.004	0.001155407964820246	0.0016441001553786586	-0.0014259339988793671	1.05734253	29.00946999	0.94664584	0.06986907354171694	0.00759411	0.00035
-0.0128	-0.0266	0.0512	0.0011379546723003027	0.001609193570338772	-0.0013264502315156904	1.31812751	36.16442108	0.9821194	0.07429218224617533	0.00957626	0.0008
-0.0088	0.018	0.1301	0.0012688543661998775	0.0012217304763960308	-0.0010663961729685354	1.39725173	38.335289	1.08612352	0.16642084231947354	0.011603	0.00115
-0.0062	-0.0254	0.1066	0.0013805554383275148	0.0012479104151759456	-0.0009372418083209549	1.13330567	31.09361076	0.9816638	0.0828517687777566	0.00951701	0.00079
-0.002	-0.1115	0.0433	0.001356120828799594	0.0014311699866353504	-0.0012112585008840647	1.13769698	31.21409225	1.02119469	0.1776855436775218	0.00866091	0.00069
-0.0049	-0.032	0.0079	0.0011484266478122688	0.0015847589608108511	-0.0013212142437597075	1.05195498	28.8616581	0.96118667	0.14136194490192344	0.00762755	0.00036
-0.0149	-0.0145	0.0604	0.0011676252695842063	0.0015707963267948967	-0.00119729586686811	1.54909635	42.50133133	1.00844501	0.0878539816339745	0.00997013	0.00088
-0.0141	0.0112	0.1321	0.0011327186845443199	0.001223475805648025	-0.0011257373675363424	1.3432821	36.85456848	1.022288	0.12088928027592624	0.0109073	0.00079
-0.0028	-0.0339	0.0503	0.0013177235852557187	0.0012461650859239514	-0.0013421581947836393	1.1914202	32.68805313	1.0179325	0.15940575041173108	0.00775224	0.00047
-0.0021	-0.0421	-0.0102	0.0011728612573401894	0.001504473815219112	-0.0016702800941585732	1.10287797	30.25878906	0.95282244	0.10596464782928117	0.0072723	0.00041
-0.0053	-0.016	-0.0099	0.0013281955607676848	0.001668534764906579	-0.0015707963267948967	1.28542292	35.26713181	0.94763038	0.05054395102393195	0.0083757	0.00056
-0.0119	0.0033	0.1149	0.0012147491593880533	0.001298524963483781	-0.0012758356832078548	1.44195974	39.56190872	1.08219953	0.1896208423194736	0.0109401	0.00085
-0.0025	-0.0141	0.0392	0.0012740903539558604	0.0013002702927357754	-0.0013386675362796509	1.24920559	34.2734642	1.03939058	0.10869591884457988	0.0079928	0.00036
-0.0046	-0.0849	-0.0086	0.001324704902263696	0.001504473815219112	-0.0015184364492350666	1.14782906	31.49207687	0.98667824	0.14242934918732938	0.00743169	0.00057
-0.0052	-0.0523	-0.0347	0.0012688543661998775	0.0016283921921107093	-0.0015603243512829306	1.02338719	28.0778656	0.91070827	0.07038284075016399	0.00781828	0.00035
-0.0126	0.0612	0.0337	0.0015062191444711063	0.0016231562043547262	-0.0013020156219877698	1.43054962	39.24885941	1.03621758	0.21434547476611865	0.00959128	0.00059
-0.0075	0.0558	0.0877	0.0013788101090755204	0.001329940890019679	-0.0009896016858807848	1.3261714	36.38511658	1.01559386	0.1011519142918809	0.0103914	0.00074
0.0066	0.0109	-0.0136	0.0015393804002589986	0.0013683381335635543	-0.0011746065865921838	1.25763726	34.50479889	1.0444583	0.17949862177193762	0.00766873	0.00068
0.0097	-0.0088	-0.056	0.0011519173063162574	0.0016318828506146981	-0.001329940890019679	1.13783967	31.21800613	0.95989493	0.105517105721069	0.00738603	0.00036
0.0056	-0.0336	-0.0527	0.0012304571226560022	0.0016667894356545846	-0.0013212142437597075	1.41050625	38.69894409	0.95419208	0.03830865238198014	0.00945687	0.00074
0.0024	0.0817	0.0679	0.0013334315485236678	0.0014556045961632708	-0.0011065387457644049	1.45876014	40.02284622	1.11148739	0.2655417381677141	0.0102016	0.00097
0.008	0.0857	0.046	0.0012374384396639797	0.0013788101090755204	-0.0010245082709206715	1.12897062	30.97467422	0.97947593	0.04424090353955861	0.00841045	0.00071
0.0046	-0.0231	-0.0206	0.0012147491593880533	0.0015690509975429022	-0.0014119713648634124	1.16472602	31.95566559	1.01034131	0.20881966313430245	0.00712502	0.00036
0.0011	-0.0596	-0.0105	0.0011955505376161158	0.001621410875102732	-0.001473057888683214	1.09812498	30.12838554	0.94196346	0.05673225115757845	0.00842911	0.00053
-0.0106	-0.0033	0.1217	0.0009075712110370514	0.001572541656046891	-0.0011100294042683937	1.4059037	38.57266617	1.1094009	0.23519385150248628	0.0113314	0.00124
-0.0058	-0.0342	0.1178	0.0010611601852125523	0.0015463617172669759	-0.0010943214410004448	1.26222503	34.63066864	1.03682229	0.049373843811168265	0.0110409	0.00104
0.0035	-0.0441	0.0256	0.0011885692206081383	0.0016301375213627037	-0.001614429558094755	1.22023416	33.47859955	1.06869827	0.1479646478292812	0.00771123	0.00062
-0.0008	-0.0456	-0.0183	0.001090830782496456	0.0018552849948699724	-0.0015987215948268059	1.11519349	30.59667969	0.9632766	0.066629693744345	0.00781745	0.00054
-0.0081	-0.0101	0.0581	0.0011082840750163993	0.0016964600329384882	-0.0014137166941154068	1.19697726	32.84051895	1.00166787	0.13726415775814133	0.00911832	0.00062
-0.0001	0.0718	0.0847	0.0014311699866353504	0.0014835298641951804	-0.0011239920382843482	1.43353927	39.33088303	1.06984583	0.15777703680966587	0.0118575	0.00098
0.0073	-0.0493	0.0185	0.0013107422682477415	0.0016057029118347831	-0.001329940890019679	1.2852782	35.26316071	1.07843269	0.2171274808881271	0.00792885	0.00056
0.0008	-0.0235	-0.0411	0.0013788101090755204	0.0018238690683340744	-0.0015306537539990272	1.13984585	31.2730484	0.96198937	0.11624734306532092	0.00732183	0.00035
-0.0059	-0.0358	-0.0094	0.0011746065865921838	0.001864011641129944	-0.001499237827463129	1.05391741	28.91549873	0.95442107	0.0644881010907552	0.00854415	0.00048
-0.0096	0.0254	0.0903	0.001218239817892042	0.0017016960206944712	-0.001048942880448592	1.59257042	43.69409561	1.07206077	0.19741218993749343	0.0108086	0.00086
0.0047	-0.0396	0.0602	0.0012217304763960308	0.0017680185322702558	-0.0011449359893082802	1.31352115	36.03804016	1.00501301	0.1176903139469731	0.00883496	0.00065
0.0015	-0.0907	0.0194	0.0012426744274199627	0.0017959438003021652	-0.0014538592669112763	1.16694117	32.01644135	0.97673779	0.11298962483294188	0.00793433	0.0006
-0.0034	-0.0539	-0.0047	0.0010314895879286487	0.001839577031602023	-0.0016493361431346415	1.0703814	29.36720848	0.94477635	0.08831474735072686	0.00753284	0.00047
-0.0131	0.0122	0.0667	0.0010506882097005862	0.001668534764906579	-0.0015882496193148398	1.19639444	32.82452774	1.00109309	0.15976637061435917	0.00934505	0.00072
-0.0153	0.0141	0.1155	0.0010524335389525807	0.001609193570338772	-0.0012479104151759456	1.31968176	36.20706558	1.0701567	0.07297128639793478	0.0115142	0.00139
0.0008	-0.0296	-0.0104	0.0012950343049797925	0.0017086773377024485	-0.0013404128655316449	1.32571375	36.37255859	1.09849095	0.2074293491873294	0.00840586	0.00041
-0.0011	-0.0525	-0.0549	0.0013805554383275148	0.0018308503853420514	-0.0015254177662430443	1.15687454	31.74025154	0.96848843	0.08893495408493622	0.0078662	0.00053
-0.0076	-0.0364	-0.0095	0.001129228026040331	0.0018971728969178364	-0.0015079644737231008	1.09637868	30.08047485	0.96681282	0.08475516081914558	0.00776011	0.0005
-0.0121	0.0105	0.0943	0.0011135200627723821	0.0016318828506146981	-0.001186823891356144	1.2450155	34.15850449	1.02696402	0.1853069295969022	0.00970435	0.00077
0.0004	0.047	0.0379	0.0010332349171806431	0.0018186330805780916	-0.0010332349171806431	1.27253139	34.91343689	1.02551635	0.12643121748653166	0.00960469	0.00074
0.0092	-0.0271	-0.0692	0.0013002702927357754	0.00199142067652553	-0.0012147491593880533	1.34215355	36.82360458	1.04779241	0.22106686068549905	0.00956267	0.00069
0.0113	-0.0705	-0.1063	0.0012095131716320703	0.002064724505109292	-0.001291543646475804	1.25430775	34.41344833	1.02683932	0.0946427718387609	0.00881767	0.00082
0.002	-0.0432	-0.0528	0.0011379546723003027	0.0019931660057775245	-0.001239183768915974	1.28646541	35.29573441	1.00182094	0.09987384381116823	0.00819165	0.00089
-0.002	0.0352	0.0375	0.0011117747335203881	0.0017366026057343581	-0.0009861110273767962	1.35463023	37.16591644	1.04588582	0.1994908040181129	0.00981122	0.00091
0.0043	-0.0231	-0.0011	0.0012339477811599909	0.0018273597268380628	-0.0010105456369047167	1.24780822	34.2351265	0.98470692	0.1150682389135614	0.00838089	0.00085
-0.0001	-0.0658	-0.0213	0.001256637061435917	0.0018133970928221085	-0.001270599695451872	1.15145266	31.59149551	0.96360514	0.08213529864195179	0.0077126	0.00065
-0.0016	-0.0271	-0.0456	0.0010629055144645468	0.0019844393595175526	-0.0012269664641520136	1.05554616	28.960186	0.93623727	0.08492035224833364	0.00763029	0.00041
-0.0093	-0.0088	-0.0046	0.001192059879112127	0.001963495408493621	-0.0012147491593880533	1.18460691	32.50112152	0.95277358	0.07511578102177362	0.0089733	0.00057
-0.0133	0.1093	0.0572	0.0011414453308042916	0.0018064157758141308	-0.0008569566627292158	1.33839309	36.72043228	1.0454905	0.2121743338823081	0.0100998	0.00106
0.0018	-0.0395	-0.0222	0.0013631021458075715	0.0019408061282176943	-0.0010821041362364843	1.31836438	36.17092133	1.08263775	0.2723597320457056	0.00836045	0.00071
-0.0013	-0.0347	-0.0569	0.001075122819228507	0.00200363798128949	-0.0012932889757277981	1.15639186	31.72700691	0.97828461	0.07069980095710869	0.00779891	0.00033
-0.0064	-0.0252	-0.0324	0.0011082840750163993	0.0020176006153054447	-0.0012897983172238095	1.45790315	39.99933624	0.99154542	0.04163072741539177	0.0094173	0.00068
-0.018	0.0135	0.1662	0.0011833332328521555	0.0014364059743913332	-0.0015323990832510211	1.55515265	42.66749191	1.24323161	0.2938422282388539	0.0131887	0.00293
-0.0178	0.0741	0.232	0.002015855286053451	0.0008395033702092724	-0.001265363707695889	1.19858754	32.88469696	1.08034557	0.21142300164692443	0.0161494	0.00541
-0.0118	-0.08	0.1077	0.0021956241990088664	0.0015358897417550098	-0.0011938052083641214	1.2625761	34.64030075	1.15537159	0.3317856891916461	0.0105077	0.00137
-0.0104	-0.1638	0.0035	0.0016179202165987434	0.001820378409830086	-0.0016109388995907662	1.17012858	32.10389328	1.02096694	0.2533663170855922	0.0103773	0.00109
-0.0032	-0.0172	-0.0639	0.001574286985298885	0.0018867009214058703	-0.0015498523757709647	1.08585942	29.7918644	1.02793134	0.2297521133347722	0.00919867	0.00059
-0.0018	0.0051	-0.0873	0.0015760323145508795	0.0018675022996339327	-0.0015184364492350666	1.3439908	36.87401199	0.98694496	0.0497179938779915	0.0100518	0.0008
-0.0087	0.0273	0.0236	0.0016493361431346415	0.0015690509975429022	-0.0015271630954950383	1.30570638	35.82363129	1.06802574	0.1590240888467382	0.00872743	0.00066
-0.0114	0.0452	0.0438	0.0014782938764391971	0.001500983156715123	-0.0013892820845874865	1.1351012	31.14287376	1.02035519	0.05964955592153877	0.00846606	0.00056
-0.0064	-0.0995	-0.0191	0.0012095131716320703	0.0017749998492782332	-0.001595230936322817	1.14813495	31.50046921	1.05699387	0.2500373124552784	0.00794053	0.00042
-0.0026	-0.0549	-0.0647	0.0013473941825396225	0.0019093902016817967	-0.0014486232791552935	1.38775408	38.07471085	0.98868118	0.11494395102393196	0.00957066	0.00103
0.0003	-0.0275	-0.0487	0.0014433872913993105	0.0017924531417981763	-0.0015882496193148398	1.33114469	36.52156448	0.98678389	0.06392782544514272	0.00935292	0.00051
-0.007	0.0208	0.0103	0.0013892820845874865	0.0016772614111665507	-0.0014852751934471744	1.24958837	34.28396606	1.01210017	0.1282135681655557	0.0076986	0.00059
-0.0029	-0.0365	-0.027	0.0009494591130849152	0.0017226399717184032	-0.0015463617172669759	1.10472453	30.30945206	0.99880891	0.12601440279371126	0.00762582	0.00059
-0.0052	-0.0215	-0.0719	0.0012164944886400475	0.0017872171540421933	-0.0017331119472303693	1.22809732	33.69433594	0.98285536	0.0881181393921158	0.00854999	0.00072
-0.0053	-0.0373	-0.0872	0.0011693705988362008	0.001933824811209717	-0.0017051866791984597	1.24851859	34.25461578	0.94659159	0.042282840750164	0.00968266	0.00068
-0.0079	-0.0213	-0.0296	0.0011693705988362008	0.0016441001553786586	-0.0019408061282176943	1.29723036	35.59108353	1.00383026	0.10246720524251464	0.0085907	0.00082
-0.0076	0.041	0.0443	0.0009075712110370514	0.0014608405839192536	-0.0016912240451825054	1.20085537	32.94691849	1.03077287	0.17123205211468717	0.00790548	0.0008
-0.0023	0.0144	-0.0385	0.0011798425743481666	0.001567305668290908	-0.0018099064343181197	1.28369462	35.21971512	1.00220332	0.1395709418409192	0.00831103	0.00077
-0.0022	-0.0256	-0.0754	0.0012147491593880533	0.0015655603390389136	-0.0018448130193580064	1.32608056	36.38262177	0.98620152	0.08057792496658839	0.0114641	0.00092
-0.0042	0.0341	-0.0922	0.0013020156219877698	0.0016336281798666925	-0.001963495408493621	1.32137644	36.25355911	0.98560264	0.09220083462815552	0.00970709	0.00085
-0.0122	0.0466	0.0009	0.0012461650859239514	0.0015027284859671175	-0.0017470745812463236	1.19142306	32.68813324	1.04267113	0.1337585528605345	0.00798976	0.00068
-0.0147	-0.0006	0.0685	0.001064650843716541	0.0014486232791552935	-0.001500983156715123	1.07819819	29.58167076	0.99085552	0.1413855436775218	0.00853539	0.00048
-0.0046	-0.0214	-0.0427	0.0010663961729685354	0.0017296212887263805	-0.001626646862858715	1.27924788	35.09771347	1.02857081	0.16252035224833367	0.00865513	0.00045
-0.0116	-0.0567	-0.0847	0.0012514010736799342	0.001801179788058148	-0.0017051866791984597	1.24928212	34.2755661	0.95645986	0.10105516081914552	0.00932121	0.00062
-0.0113	-0.0172	-0.0776	0.001308996938995747	0.0017139133254584315	-0.0018064157758141308	1.20175636	32.97163773	0.96634796	0.059204571226560025	0.00793964	0.0005
-0.0216	0.0197	0.0068	0.0011309733552923255	0.001408480706359424	-0.0015917402778188286	1.15605128	31.71766472	1.00478593	0.16650658503988655	0.00753129	0.00047
-0.0109	0.0265	-0.0275	0.001043706892692609	0.0015254177662430443	-0.0015498523757709647	1.03553069	28.41103745	0.95416722	0.06410457122656003	0.00776333	0.00045
-0.0025	-0.0128	-0.1483	0.001239183768915974	0.0018709929581379211	-0.0018046704465621369	1.50103843	41.18280411	1.08331889	0.2082935069454707	0.0114704	0.00075
-0.0083	-0.021	-0.1574	0.0013892820845874865	0.0018186330805780916	-0.0019722220547535923	1.39480734	38.26822662	1.02182343	0.0416004900711399	0.0104747	0.00075
-0.0235	0.03	-0.0018	0.0012042771838760874	0.0015498523757709647	-0.0017243853009703976	1.33984327	36.76021957	1.17843827	0.25688111796508606	0.00751001	0.00057
-0.0181	0.026	0.0124	0.0010506882097005862	0.0014049900478554352	-0.0015166911199830724	1.10109425	30.20985031	0.99632665	0.04890727415391778	0.00806445	0.00047
-0.0075	-0.0593	-0.0979	0.0010803588069844899	0.0015987215948268059	-0.0018832102629018814	1.15391421	31.65903091	1.0227503	0.23569606435870416	0.00924057	0.00051
-0.0055	-0.0273	-0.1527	0.0012845623294678264	0.0018064157758141308	-0.0019792033717615696	1.31642306	36.11765671	0.99293622	0.1141945406165175	0.01104	0.00072
-0.0051	0.0471	-0.1351	0.0013753194505715315	0.0016842427281745281	-0.002171189589480946	1.24365234	34.12110519	0.99834819	0.1126458193231342	0.00960821	0.00095
-0.0132	0.0234	-0.0054	0.0013177235852557187	0.0013439035240356337	-0.0017924531417981763	1.24813354	34.24405289	1.102752	0.20033357585687384	0.00764441	0.00065
-0.0103	-0.0368	-0.0048	0.0010995574287564276	0.0013910274138394805	-0.0017034413499464657	1.0868392	29.81874657	0.9587178	0.08141509190774243	0.00773168	0.00041
-0.0039	-0.0681	-0.0672	0.0012374384396639797	0.001609193570338772	-0.0019146261894377795	1.38695109	38.05268097	1.01271745	0.12846160034490786	0.00977814	0.00086
-0.002	-0.0238	-0.1187	0.0014852751934471744	0.0017976891295541592	-0.002131047016685076	1.37301302	37.67027283	1.00307436	0.1303376570122939	0.00902373	0.00071
-0.0074	-0.0262	-0.1062	0.001329940890019679	0.0016999506914424768	-0.002141518992197042	1.13825953	31.22952461	0.96081776	0.033477235852557186	0.00799608	0.00047
-0.0134	0.0281	-0.0279	0.0010210176124166828	0.0015463617172669759	-0.001811651763570114	1.06440115	29.20313263	0.96513505	0.17821897402027123	0.00772023	0.00044
-0.0038	0.036	-0.0788	0.0010838494654884787	0.001673770752662562	-0.0018081611050661253	1.27962017	35.10792542	0.95926227	0.07808657734856851	0.00889969	0.00066
-0.0016	-0.0538	-0.1233	0.0012130038301360591	0.0017505652397503124	-0.002061233846605303	1.30226159	35.72912216	0.99710329	0.15945107966372543	0.00977153	0.00062
-0.0065	-0.0044	-0.1042	0.0013683381335635543	0.0017749998492782332	-0.001947787445225672	1.25674665	34.48036194	0.99741048	0.08806076571675235	0.0082559	0.00041
-0.0171	0.0139	0.0089	0.0009424777960769379	0.0015358897417550098	-0.0017575465567582897	1.192348	32.71350861	1.04060573	0.18476056667386112	0.00777328	0.00051
-0.0043	-0.0151	-0.0502	0.0009529497715889039	0.0015481070465189703	-0.0019111355309337906	0.99257916	27.2326088	0.94637943	0.10971391272257135	0.00816637	0.00044
-0.0063	-0.0579	-0.1257	0.001322959573011702	0.0018256143975860688	-0.002001892652037496	0.95338792	26.15735054	0.95106199	0.15721371367968012	0.011408	0.00101
-0.012	-0.0367	-0.1544	0.0015690509975429022	0.001790707812546182	-0.002005383310541485	1.49523151	41.02348328	1.0483461	0.0698244334037538	0.0122607	0.00103
-0.0166	0.054	-0.0212	0.001567305668290908	0.001473057888683214	-0.0017051866791984597	1.37879682	37.8289566	1.11659974	0.25947959422289935	0.00819671	0.00065
-0.0162	-0.0232	-0.0	0.0013316862192716734	0.001377064779823526	-0.0015690509975429022	1.11832762	30.68267059	1.00129636	0.122187411976724	0.00778866	0.00047
-0.0058	-0.0264	-0.0966	0.001408480706359424	0.0016510814723866359	-0.0018343410438460403	1.17184925	32.15110016	1.04805237	0.14100506129769996	0.00933129	0.00057
-0.0122	0.0147	-0.1365	0.00152367243699105	0.0017575465567582897	-0.0018622663118779497	1.34617376	36.93390274	0.97142056	0.09987910415175946	0.0110111	0.00091
-0.0029	0.0031	-0.1235	0.0017016960206944712	0.0016720254234105676	-0.001748819910498318	1.36134446	37.35013199	0.99610511	0.052749555921538765	0.0100258	0.00106
-0.0078	0.0651	-0.0663	0.0011082840750163993	0.001473057888683214	-0.0014957471689591403	1.16048348	31.83926773	0.99634658	0.17637261109723015	0.00813973	0.00068
0.0287	0.0197	-0.2003	0.0035534903570604553	0.0014922565104551516	-0.0010506882097005862	1.4112426	38.71914673	1.1813476	0.36137319315372735	0.0155249	0.00772
0.0415	0.0105	-0.3094	0.0021676989309769574	0.0014643312424232424	-0.0020804324683772408	1.36956227	37.57559586	1.10207702	0.25327304763960307	0.0192164	0.00823
0.044	0.078	-0.3204	0.0018308503853420514	0.0017174039839624202	-0.0022427480888127134	1.17477286	32.2313118	0.99923253	0.11861184538047784	0.0189024	0.01148
0.0351	0.0614	-0.1758	0.0015289084247470327	0.0015690509975429022	-0.0018657569703819383	1.14071631	31.29693031	1.10881166	0.2114643032722656	0.0116685	0.00243
0.0457	0.0798	-0.2402	0.0015114551322270892	0.0015638150097869194	-0.0016598081186466073	1.02989113	28.25630951	1.05008845	0.10483190660056284	0.0153302	0.00658
0.0374	-0.0233	-0.2904	0.0008220500776893293	0.0016790067404185449	-0.001811651763570114	1.21368158	33.2988205	1.10283127	0.20942202150464456	0.0174876	0.00734
0.0286	0.0279	-0.2495	0.0009372418083209549	0.0019216075064457567	-0.0018849555921538759	1.24778724	34.23455048	1.03354292	0.12245481626212996	0.0156533	0.00445
0.0291	0.1387	-0.1499	0.0018709929581379211	0.0017732545200262388	-0.0015341444125030156	1.4278568	39.17497635	1.07901801	0.2825457657943672	0.0140651	0.00397
0.0313	0.072	-0.1293	0.0023230332344044524	0.0017819811662862105	-0.001420698011123384	1.28943503	35.37720871	1.02431857	0.11821066619530672	0.0116875	0.0021
0.0346	-0.0623	-0.2128	0.0021467549799530253	0.0019495327744776662	-0.0015917402778188286	1.25327957	34.38523865	1.08397466	0.24684360646691636	0.012808	0.00219
0.0303	-0.0305	-0.2578	0.0020141099568014562	0.0021642082724729686	-0.0017348572764823637	1.1305654	31.0184288	1.00435182	0.1056218759905203	0.0149356	0.00267
0.0199	-0.0125	-0.196	0.002033308578573394	0.002124065699677099	-0.0017016960206944712	1.28883374	35.36071014	1.02405251	0.09482512251778492	0.0134416	0.00248
0.0175	0.0383	-0.0658	0.001574286985298885	0.001820378409830086	-0.0015987215948268059	1.40714514	38.6067276	1.11467393	0.22668416544945932	0.00902146	0.00074
0.0278	-0.0172	-0.1375	0.0009372418083209549	0.00182212373908208	-0.0017348572764823637	1.17193389	32.15342331	1.02763897	0.17624630939427413	0.00927305	0.00074
0.0166	0.0234	-0.1643	0.0005148721293383271	0.002251474735072685	-0.0019425514574696887	1.17235672	32.1650238	1.03284107	0.13157074279802788	0.0106274	0.00125
0.0065	-0.0105	-0.0379	-0.0006649704450098395	0.0023509585024363614	-0.0018675022996339327	1.25968134	34.56087875	1.1167758	0.23811877497738	0.00941318	0.00086
0.003	-0.0026	-0.0351	0.00023561944901923448	0.002057743188101315	-0.0016196655458507376	1.30692363	35.85702896	1.00268626	0.0862820981073658	0.00937599	0.00062
0.0167	0.0306	-0.0979	0.0006667157742618339	0.0020751964806212577	-0.0014782938764391971	1.23291552	33.82652664	1.04805983	0.1391960643587041	0.00888318	0.00054
0.0222	-0.0896	-0.1926	0.0008587019919812101	0.002251474735072685	-0.0016999506914424768	1.17663777	32.28247833	1.05827434	0.24989606435870407	0.0114351	0.00142
0.0218	-0.0321	-0.2144	0.0007906341511534313	0.002008873969045473	-0.0016947147036864942	1.09481311	30.03751945	0.96567649	0.09549522973054868	0.0121697	0.00136
0.0118	-0.0128	-0.1366	0.0007504915783575615	0.002078687139125246	-0.001572541656046891	1.07036519	29.36676407	0.98643023	0.1187064395257623	0.00952739	0.00044
0.0069	0.0756	-0.023	0.0010943214410004448	0.0018291050560900572	-0.0012461650859239514	1.54640508	42.42749405	1.08220521	0.25288942579005064	0.00951827	0.00091
0.0126	-0.0237	-0.0985	0.0008709192967451704	0.0021799162357409173	-0.0011833332328521555	1.27442718	34.96545029	1.06146949	0.21235225884889647	0.00924784	0.00079
0.0205	-0.0824	-0.1796	0.0009424777960769379	0.0022235494670407763	-0.0015393804002589986	1.28151405	35.15988541	1.01009186	0.17126194490192348	0.0111889	0.00128
0.0173	0.033	-0.1773	0.0009093165402890458	0.002049016541841343	-0.0016807520696705393	1.22085667	33.49567795	1.03193802	0.13835329251994333	0.0106806	0.00088
0.0072	0.0186	-0.0493	0.0005393067388662478	0.0018832102629018814	-0.0017331119472303693	1.15235054	31.61613083	1.05937027	0.18190879789610448	0.00733578	0.00053
-0.0016	0.0776	0.0243	0.0007347836150896127	0.0017976891295541592	-0.0015166911199830724	1.4227103	39.03377533	0.99033963	0.1662709418409192	0.00958723	0.00094
0.0082	-0.0395	0.0049	0.0007592182246175333	0.001801179788058148	-0.0015812683023068625	1.35935283	37.29548645	1.06173694	0.150925122517785	0.00965852	0.00083
0.0144	-0.0321	-0.1061	0.0005794493116621174	0.0020472712125893483	-0.0018936822384138475	1.22691894	33.66200256	1.03329397	0.16151371367968004	0.0089339	0.00075
0.0199	0.0066	-0.222	0.0004904375198104066	0.0020682151636132805	-0.0017435839227423352	1.0971477	30.10157204	1.05018203	0.1731027029273578	0.0130743	0.00183
0.0186	0.0269	-0.1739	0.000705113017805709	0.0019146261894377795	-0.0018797196043978928	1.14112127	31.30804253	1.04991012	0.09492000769131806	0.0108954	0.00103
0.0071	0.0498	-0.0326	0.0006562437987498679	0.0018744836166419098	-0.0015969762655748114	1.19811368	32.87169647	1.08840017	0.1942877565337396	0.00762188	0.00042
0.0104	0.0235	-0.0943	0.0006702064327658224	0.002007128639793479	-0.001621410875102732	1.21828318	33.42507172	0.99421179	0.09985211333477219	0.00879437	0.00054
0.0176	-0.0112	-0.2023	0.000661479786505851	0.002385865087476248	-0.0016249015336067207	1.16164768	31.87120819	0.99954538	0.1694476876223365	0.0123644	0.00094
0.0194	0.0085	-0.228	0.000640535835481919	0.002303834612632515	-0.0017121679962064373	1.16584611	31.9863987	0.94565212	0.05671204442336909	0.0133929	0.00162
0.0077	0.0837	-0.0955	0.000926769832808989	0.0019390607989657003	-0.0017226399717184032	1.37374818	37.69044113	1.13152507	0.25247398932529247	0.0102421	0.00095
0.0024	0.0273	-0.0112	0.0008325220532012951	0.0018884462506578647	-0.0013264502315156904	1.21946895	33.45760345	1.0704693	0.1730526034059121	0.00770992	0.00069
0.0172	-0.034	-0.1369	0.0007278022980816354	0.0022008601867648495	-0.0014573499254152652	1.23850858	33.97998047	1.08254492	0.22920166925631097	0.00979567	0.00065
0.0217	-0.0464	-0.2101	0.0005497787143782138	0.002314306588144481	-0.0016406094968746698	1.21096504	33.22428894	0.97651363	0.1138364778271229	0.0130537	0.0014
0.0235	0.0257	-0.2147	0.0006108652381980154	0.0022270401255447643	-0.0019111355309337906	1.36821842	37.53872681	1.11604471	0.09944395102393194	0.0149088	0.00199
0.0133	0.0529	-0.0547	0.0006754424205218055	0.0018465583486100008	-0.001726130630222392	1.40125155	38.44503021	1.21611728	0.2289031929984976	0.00807929	0.00048
0.0257	-0.0094	-0.1055	8.901179185171081e-05	0.001998401993533507	-0.0015498523757709647	1.12608624	30.89553833	1.0247096	0.17122762640225142	0.00871718	0.00048
0.0332	0.0519	-0.2564	0.00032463124087094524	0.0017959438003021652	-0.002129301687433082	1.31606066	36.10771561	1.1061857	0.2705763476956347	0.0159163	0.0029
0.0245	-0.0155	-0.2954	0.0002722713633111154	0.001281071670963838	-0.0023160519173964756	1.25017023	34.29993057	1.0199027	0.1527991118430775	0.0176492	0.00405
0.0279	0.0536	-0.308	0.0005218534463463045	0.0014381513036433276	-0.002197369528260861	1.23803771	33.96706009	0.98646449	0.11136720524251464	0.0176795	0.00518
0.0119	0.0643	-0.116	0.0007138396640656808	0.0014381513036433276	-0.00214850030920502	1.39178097	38.18519211	1.25557051	0.23074277183876088	0.00996804	0.00118
0.0144	0.0809	-0.067	0.0006998770300497262	0.0016929693744344998	-0.0015987215948268059	1.09853423	30.13961411	1.0362122	0.10902797095926704	0.00849009	0.00065
0.0265	0.0213	-0.2217	0.000486946861306418	0.0018797196043978928	-0.0018570303241219666	1.1711098	32.1308136	1.07711557	0.2592994564000931	0.0126011	0.00113
0.0286	0.0163	-0.2995	0.0005462880558742252	0.0019390607989657003	-0.0018849555921538759	1.11361957	30.55349922	0.97480024	0.09223038285837616	0.0171923	0.00308
0.0301	0.0631	-0.3066	0.0005637413483941684	0.0018971728969178364	-0.0018151424220741027	1.13341427	31.09659004	0.99454579	0.06185771823237902	0.0186275	0.00574
0.0222	0.0809	-0.1352	0.0011571532940722405	0.0016545721308906245	-0.0016999506914424768	1.55387366	42.63240051	1.24037438	0.24466022211684543	0.0124714	0.0014
0.0116	0.0485	0.0081	0.001408480706359424	0.0015446163880149814	-0.001403244718603441	1.35050058	37.05261612	1.16254756	0.21919945640009308	0.00880778	0.00082
0.013	-0.0579	-0.0774	0.0007539822368615504	0.0018884462506578647	-0.0015987215948268059	1.21094751	33.22380829	1.07733228	0.25299026041820605	0.00770271	0.00044
0.0197	-0.0604	-0.1598	0.0004886921905584122	0.001853539665617978	-0.0019373154697137059	1.13688576	31.1918335	0.95816073	0.12353952531149624	0.0104858	0.00071
0.0176	0.0504	-0.1622	0.0002548180707911721	0.0018413223608540175	-0.002186897552748895	1.29466248	35.52062988	0.99356918	0.1400836753783195	0.011202	0.00098
0.0112	0.0008	-0.0316	0.0004921828490624009	0.0015079644737231008	-0.0019826940302655584	1.39998591	38.41030502	1.11250495	0.22534630939427408	0.00816029	0.00062
0.0111	0.0531	-0.0297	0.000593411945678072	0.0015917402778188286	-0.0016283921921107093	1.15969312	31.81758308	1.0066192	0.0812653369433124	0.00761777	0.00057
0.015	-0.0641	-0.0967	0.0007906341511534313	0.0020804324683772408	-0.0016022122533307947	1.15594172	31.71465874	1.02357717	0.22370471674068423	0.00840831	0.00056
0.0223	-0.002	-0.1628	0.0009250245035569946	0.0018517943363659836	-0.0019093902016817967	1.11713815	30.65003395	1.00169514	0.16901032163829113	0.0110787	0.00069
0.0133	0.0083	-0.1857	0.0008779006137531476	0.0019844393595175526	-0.0019181168479417679	1.21667361	33.38091278	0.95007269	0.05162477796076936	0.0119054	0.00124
0.0105	0.0277	-0.0854	0.0008936085770210966	0.0016772614111665507	-0.001790707812546182	1.3335284	36.58696365	1.0641157	0.14501474735072684	0.00890863	0.0008
0.0169	0.0321	-0.0818	0.0008447393579652555	0.001621410875102732	-0.001635373509118687	1.13608479	31.16985893	0.98989744	0.027402702927357737	0.00784618	0.00053
0.0152	-0.0704	-0.1609	0.0009965830028887623	0.0018709929581379211	-0.0018238690683340744	1.13475454	31.13336372	1.00712687	0.21279606435870413	0.00940847	0.00089
0.0114	-0.0478	-0.1717	0.0006510078109938849	0.00204378055408536	-0.0017645278737662671	1.03197742	28.31354713	0.91913468	0.06608519912050617	0.0101228	0.0006
0.0084	0.005	-0.1332	0.0006928957130417488	0.001932079481957723	-0.0019442967867216831	1.27082908	34.86673355	0.97034657	0.1109678943565458	0.0101817	0.00092
-0.0074	-0.0233	0.0832	0.0006946410422937432	0.0016022122533307947	-0.0018099064343181197	1.59757888	43.83150864	1.32352524	0.28380014551412436	0.0103002	0.00145
0.0077	-0.0615	0.034	0.0007819075048934597	0.001583013631558857	-0.0018605209826259553	1.31364751	36.04150772	1.09547673	0.11035398163397447	0.0086053	0.00042
0.0078	-0.1103	-0.0691	0.0007627088831215222	0.0017645278737662671	-0.0020141099568014562	1.20379508	33.02757263	1.01684037	0.16971509190774242	0.00760108	0.00041
0.0081	-0.0188	-0.1045	0.0007452555906015787	0.0018448130193580064	-0.002139773662945048	1.06201065	29.13754654	0.97067094	0.1383701072127637	0.00944418	0.00056
-0.0037	-0.0087	0.0019	0.0006632251157578452	0.0016423548261266642	-0.0018675022996339327	1.48590076	40.76748276	1.08474281	0.15613800156930954	0.00888598	0.00071
0.0075	0.0052	0.011	0.0005235987755982988	0.001450368608407288	-0.0018622663118779497	1.25798213	34.51425934	0.99541931	0.05104242728174528	0.00803304	0.0005
0.0199	-0.0511	-0.1064	0.0006841690667817771	0.0016179202165987434	-0.0022549653935766737	1.1967603	32.83456421	1.03838605	0.22214104905368287	0.00866735	0.00075
0.0077	0.0012	-0.138	0.000752236907609556	0.001748819910498318	-0.0021746802479849347	1.13509011	31.1425705	0.9745916	0.11006263401595465	0.0090397	0.00047
0.0036	-0.0293	-0.0732	0.0007068583470577034	0.0016545721308906245	-0.0020996310901491783	1.21581733	33.35741806	0.98201718	0.11013377489976514	0.00848567	0.00048
-0.0018	0.0205	0.0163	0.0005619960191421741	0.001567305668290908	-0.0016807520696705393	1.3302362	36.49663925	1.02891572	0.17725039054969424	0.00881797	0.00045
0.0082	0.0057	-0.0329	0.0006928957130417488	0.001647590813882647	-0.0018867009214058703	1.26581514	34.72916794	0.9873139	0.09485668456133223	0.00768757	0.0005
0.0059	-0.0581	-0.0568	0.0008709192967451704	0.0016598081186466073	-0.002033308578573394	1.16304219	31.9094696	0.9646763	0.10684242728174526	0.00758845	0.00054
0.0106	-0.023	-0.1022	0.0006073745796940267	0.0017749998492782332	-0.0020856684561332234	1.04345572	28.62846756	0.93427565	0.10675481626212996	0.00811952	0.0003
0.0032	-0.041	-0.0653	0.0007592182246175333	0.0017523105690023068	-0.0020106192982974674	1.4179585	38.90340424	0.9922042	0.07477910415175945	0.00926214	0.00072
0.0037	0.0019	0.008	0.0005445427266222308	0.0014660765716752368	-0.0018709929581379211	1.34385562	36.87030411	1.01719297	0.14872679177409592	0.00930119	0.00048
0.0157	-0.0794	-0.0821	0.0004956735075663896	0.001658062789394613	-0.0018744836166419098	1.26509726	34.70947266	1.08750923	0.19561730476396028	0.00876153	0.00088
0.0102	-0.0284	-0.1301	0.0005567600313861911	0.0018238690683340744	-0.0019390607989657003	1.13829637	31.23053551	0.96598039	0.11907349925415264	0.00886297	0.00062
0.003	0.0004	-0.1016	0.0006422811647339132	0.0018046704465621369	-0.0019268434942017398	1.19812202	32.87192535	0.9463339	0.070346852994181	0.0090664	0.00063
-0.0026	0.0268	0.0375	0.0006021385919380437	0.0014922565104551516	-0.0016249015336067207	1.41852021	38.91881561	1.10605164	0.20382492347489367	0.00925618	0.0008
0.0108	0.0262	0.051	0.0006998770300497262	0.0015428710587629874	-0.0015079644737231008	1.25349379	34.3911171	1.01728057	0.040764502315156895	0.00911093	0.00079
0.0143	-0.0716	-0.0732	0.0007906341511534313	0.0016772614111665507	-0.001748819910498318	1.21454513	33.32251358	1.07483117	0.24880014551412427	0.00806963	0.00079
0.0102	-0.0187	-0.1282	0.0006544984694978735	0.0019460421159736775	-0.0018081611050661253	1.1068188	30.36691093	0.97088683	0.1352128790515246	0.00888509	0.00057
0.0081	-0.0534	-0.1328	0.0006998770300497262	0.0019792033717615696	-0.001839577031602023	1.32924283	36.46938324	0.94609877	0.046897787143782114	0.00985241	0.00082
0.0111	0.0206	-0.0353	0.0007679448708775049	0.001567305668290908	-0.0016632987771505957	1.39516509	38.27804184	1.04484321	0.20731218993749337	0.00857019	0.0006
0.0204	-0.0053	-0.0087	0.0008691739674931761	0.0015969762655748114	-0.001509709802975095	1.18984735	32.64490128	0.96735488	0.07602443340375376	0.0073669	0.0006
0.0224	-0.0451	-0.1041	0.0009494591130849152	0.0016912240451825054	-0.0016406094968746698	1.12907267	30.97747231	0.98898475	0.1524716309549504	0.00784904	0.00044
0.0194	-0.0579	-0.1479	0.0007923794804054256	0.0017819811662862105	-0.001837831702350029	1.05796957	29.02667427	0.92743128	0.08185294796292769	0.00983489	0.00062
0.0154	-0.0195	-0.1543	0.0007993607974134029	0.001864011641129944	-0.001932079481957723	1.34551525	36.91583633	0.96572642	0.05796297857297023	0.0108808	0.00088
0.0039	0.0471	-0.0227	0.001059414855960558	0.0014451326206513049	-0.0018622663118779497	1.43793416	39.45146179	1.12112424	0.2471373124552784	0.00859207	0.00045
0.0105	-0.0305	-0.0382	0.0008133234314293575	0.0014067353771074296	-0.0016720254234105676	1.15892661	31.79655266	1.05411655	0.12343647782712289	0.00753874	0.00054
0.0156	-0.1206	-0.1179	0.0005462880558742252	0.0016057029118347831	-0.0019669860669976093	1.12139392	30.76679802	0.98524981	0.2129481776934764	0.00944108	0.00062
0.0146	-0.0482	-0.1499	0.0004747295565424576	0.0015515977050229591	-0.0020664698343612863	1.201262	32.95807648	0.95481264	0.1166573736753634	0.0106741	0.0008
0.0177	-0.0012	-0.0293	0.00035604716740684323	0.0011780972450961724	-0.0016493361431346415	1.43907106	39.48265457	1.09026828	0.21616582701445233	0.00875711	0.00057
0.0265	-0.0134	-0.0294	0.0007382742735936014	0.0015079644737231008	-0.001509709802975095	1.22454143	33.59677505	0.9928532	0.06368603374866165	0.00708789	0.00035
0.0348	-0.0269	-0.1597	0.0008220500776893293	0.001572541656046891	-0.0017331119472303693	1.17814434	32.32381439	1.06465265	0.17068775653373963	0.0100222	0.0008
0.0295	-0.0303	-0.2012	0.0005218534463463045	0.0018308503853420514	-0.001956514091485643	1.06073403	29.10251999	0.94208379	0.08929537524467293	0.0111619	0.00077
0.0143	0.0125	-0.0847	0.000921533845053006	0.001616174887346749	-0.0019024088846738192	1.35530496	37.18442917	1.07999746	0.2079230551756914	0.00919557	0.00065
0.0131	0.0095	-0.0075	0.0007871434926494425	0.0014259339988793671	-0.0015987215948268059	1.32237697	36.28100967	1.04329928	0.1128159265358979	0.00847965	0.00072
0.0244	-0.0122	-0.094	0.000921533845053006	0.0015515977050229591	-0.0017662732030182616	1.28447473	35.24111557	1.04166688	0.14088028333693056	0.00876349	0.00054
0.0193	-0.0491	-0.124	0.0009599310885968812	0.0015987215948268059	-0.0019792033717615696	1.17127335	32.13529968	0.96845798	0.08692256510455149	0.00847733	0.0006
0.0089	-0.0451	-0.1067	0.000783652834145454	0.0017540558982543013	-0.0019861846887695473	1.10323238	30.26851463	1.02020463	0.048629693744345	0.00972974	0.00085
0.0073	0.0393	-0.0215	0.0008552113334772215	0.0015376350710070042	-0.0016039575825827887	1.45512497	39.92311096	1.18893065	0.2047103216382912	0.00860745	0.00057
0.0173	0.0706	-0.0251	0.0007016223593017205	0.0014311699866353504	-0.0015777776438028737	1.33933377	36.74624252	0.99437121	0.05921169986635348	0.00931835	0.00083
0.0171	-0.0713	-0.0844	0.000486946861306418	0.001562069680534925	-0.0018605209826259553	1.24090791	34.04580688	1.01757089	0.23281592653589797	0.00794154	0.00047
0.0226	-0.0287	-0.1307	0.0006073745796940267	0.0017051866791984597	-0.001843067690106012	1.14781332	31.49164581	0.97703278	0.10844990047855436	0.00882322	0.00066
0.0151	-0.0006	-0.0527	0.0006073745796940267	0.0015707963267948967	-0.0018832102629018814	1.13441515	31.12405014	1.01521737	0.12232664625997164	0.00779867	0.0003
0.0114	0.1074	-0.0015	0.0006719517620178169	0.0014782938764391971	-0.001467821900927231	1.43855798	39.46857834	1.01905632	0.19152339973270696	0.00971735	0.00089
0.0225	-0.0521	-0.1053	0.000577703982410123	0.0018238690683340744	-0.0014957471689591403	1.40277922	38.48694229	1.12469974	0.297787411976724	0.0093227	0.0005
0.0187	-0.0505	-0.1616	0.0007417649320975902	0.0017575465567582897	-0.0018709929581379211	1.19361329	32.74822235	0.97728338	0.09198146252210161	0.00958467	0.00062
0.0109	0.0112	-0.1131	0.000726056968829641	0.0017296212887263805	-0.0018064157758141308	1.13019764	31.00833702	0.98601505	0.12341052068118244	0.00877798	0.00069
0.0064	0.0386	-0.0029	0.0008691739674931761	0.0015707963267948967	-0.0014189526818713899	1.19841945	32.88008499	1.0196129	0.176570252726888	0.0079248	0.00047
0.0121	0.0188	-0.0042	0.0007120943348136865	0.0017697638615222502	-0.0012583823906879114	1.1189537	30.69984627	0.94840209	0.05263087292951608	0.00827211	0.00071
0.0194	-0.0599	-0.1016	0.0006597344572538566	0.001853539665617978	-0.0015882496193148398	1.20670843	33.1075058	1.01127366	0.20670014551412433	0.00944483	0.00077
0.0211	-0.0458	-0.1544	0.0009145525280450286	0.001839577031602023	-0.0019774580425095754	1.23552382	33.89809036	0.98620284	0.10149945640009314	0.0100291	0.00077
0.0143	-0.0029	-0.1316	0.0009337511498169664	0.001616174887346749	-0.0019024088846738192	1.19601357	32.81407928	1.01329515	0.08838249619314842	0.00901198	0.00057
0.0085	0.0547	-0.0057	0.0006684611035138282	0.0015114551322270892	-0.001450368608407288	1.17414057	32.21396637	1.04858373	0.2304025038844664	0.00742602	0.00036
0.0137	0.0059	-0.0314	0.0008133234314293575	0.001562069680534925	-0.0013631021458075715	1.24546337	34.17079163	0.96284503	0.09383716694115408	0.00790149	0.00048
0.0125	-0.1226	-0.0882	0.0007609635538695277	0.0017051866791984597	-0.0016999506914424768	1.29610193	35.56012344	1.02647023	0.21311627109291348	0.0100883	0.00082
0.0132	-0.0479	-0.1289	0.0011013027580084218	0.0017296212887263805	-0.0019163715186897737	1.28787386	35.33437729	1.00791631	0.14515973204570556	0.00959247	0.00072
0.0092	0.0166	-0.1073	0.0007609635538695277	0.0017139133254584315	-0.0018657569703819383	1.14968324	31.54294968	0.97697388	0.1104330857857339	0.00775731	0.00038
0.0097	0.0694	-0.0385	0.000645771823237902	0.0015254177662430443	-0.001706932008450454	1.20006788	32.92531204	0.96690711	0.14522561258892483	0.00785226	0.00066
0.0191	-0.0135	-0.1041	0.0006126105674500097	0.0015690509975429022	-0.0017976891295541592	1.32546258	36.36566925	1.01712412	0.16627758040957274	0.0100281	0.00054
0.0146	-0.042	-0.1422	0.0008499753457212384	0.0016929693744344998	-0.00214850030920502	1.29674029	35.57763672	0.99381062	0.10670471674068437	0.0101231	0.00101
0.0044	0.0142	-0.037	0.000640535835481919	0.001583013631558857	-0.0019390607989657003	1.25975502	34.56290054	1.0788772	0.1980417381677141	0.00733769	0.00041
0.003	0.0532	0.0382	0.000752236907609556	0.001481784534943186	-0.0016772614111665507	1.11999941	30.72853851	0.97442094	0.13933647782712283	0.00874066	0.0006
0.0085	-0.0549	0.0185	0.0008395033702092724	0.0015707963267948967	-0.001579522973054868	1.10699141	30.37164688	0.99189923	0.14700083462815547	0.00897652	0.00048
0.0164	-0.0417	-0.1141	0.0006021385919380437	0.0017523105690023068	-0.0016859880574265225	1.06640327	29.25806427	1.01156423	0.17996720524251467	0.00977582	0.00063
0.0199	-0.0222	-0.1603	0.0007208209810736582	0.0019390607989657003	-0.0017749998492782332	1.27497613	34.98051071	0.98253341	0.08892222054753596	0.0110994	0.00097
0.0181	-0.0542	-0.1756	0.001069886831472524	0.0018867009214058703	-0.0019303341527057286	1.25674641	34.48035812	1.00201573	0.07693800156930956	0.0116031	0.00122
0.0082	0.0277	-0.0667	0.0008691739674931761	0.0017435839227423352	-0.0016947147036864942	1.27199471	34.89871216	1.15165218	0.2296724655831059	0.00807536	0.00056
0.0062	0.0439	0.0158	0.0009634217471008699	0.0015306537539990272	-0.0014782938764391971	1.28265131	35.19108963	0.99307766	0.1268799387799149	0.008205	0.00051
0.0114	0.0095	-0.0236	0.0008552113334772215	0.0017313666179783749	-0.0013805554383275148	1.26787078	34.78556824	0.98297177	0.09933308578573392	0.00846726	0.00059
0.0187	-0.0858	-0.1076	0.0009145525280450286	0.0017976891295541592	-0.0018832102629018814	1.31774843	36.15402222	1.03241564	0.2180159265358979	0.00916934	0.0006
0.0201	-0.044	-0.1382	0.0008464846872172499	0.0017348572764823637	-0.0020420352248333657	1.18649292	32.55286789	0.99338263	0.08828623279155293	0.00900781	0.00066
0.0095	0.0218	-0.0575	0.0006736970912698113	0.001647590813882647	-0.001933824811209717	1.0869925	29.82295418	1.00153384	0.17551322360854016	0.00760657	0.00033
0.0097	0.0228	-0.0039	0.0006422811647339132	0.001446877949903299	-0.0017976891295541592	1.54429173	42.36951065	1.02518891	0.0732132236085402	0.00979137	0.00074
0.0133	-0.1001	-0.0654	0.0005462880558742252	0.0016039575825827887	-0.002082177797629235	1.40228391	38.47335434	1.07024955	0.21487807048071264	0.00882214	0.00077
0.014	-0.026	-0.1383	0.0007138396640656808	0.0016423548261266642	-0.0021101030656611444	1.19503379	32.78719711	1.00852372	0.15939370598836203	0.00925076	0.00075
0.0079	0.0204	-0.1515	0.0006230825429619757	0.0018186330805780916	-0.002057743188101315	1.02488494	28.11895752	0.94129926	0.08166976265574807	0.00988168	0.00056
0.004	0.0302	-0.0402	0.0006911503837897545	0.001658062789394613	-0.0016702800941585732	1.40591538	38.5729866	1.0458009	0.15580506129769997	0.00814027	0.0006
0.0113	0.016	-0.0077	0.0006370451769779302	0.0015969762655748114	-0.0013997540600994523	1.22292221	33.55234909	0.97243697	0.07328588823453731	0.00811309	0.00054
0.0199	-0.0443	-0.1056	0.000645771823237902	0.0016545721308906245	-0.001572541656046891	1.19493866	32.78458786	1.01324464	0.1787555053761612	0.0085057	0.00062
0.0174	-0.036	-0.176	0.0008761552845011534	0.001710422666954443	-0.0019024088846738192	1.15216863	31.6111393	1.008337	0.11200506129769988	0.0102408	0.00092
0.0083	-0.0667	-0.1936	0.0007976154681614085	0.0018465583486100008	-0.0017226399717184032	1.05419958	28.92323875	0.94390969	0.07712222054753595	0.0109301	0.00083
0.0044	0.0162	-0.1177	0.0008237954069413235	0.0016842427281745281	-0.0016772614111665507	1.40234375	38.47499466	1.04275583	0.174393705988362	0.00936574	0.00089
0.0058	0.0287	-0.0223	0.0007190756518216638	0.0014835298641951804	-0.0015027284859671175	1.3613435	37.35010529	1.04839962	0.133298277214922	0.00910985	0.0005
0.0174	-0.0804	-0.1115	0.0007923794804054256	0.0015603243512829306	-0.00182212373908208	1.32575321	36.37364197	1.07792783	0.2333746784393237	0.00910181	0.00075
0.0253	-0.0386	-0.1702	0.000932005820564972	0.001626646862858715	-0.001762782544514273	1.1816057	32.41878128	0.98871849	0.12166450231515688	0.0101601	0.00082
0.0189	-0.0206	-0.1518	0.0005235987755982988	0.0016964600329384882	-0.0019722220547535923	1.0363239	28.43279839	0.94296077	0.0771829862642883	0.00968021	0.00066
0.0137	0.0731	-0.0124	0.0002373647782712288	0.0017086773377024485	-0.0018727382873899156	1.55986786	42.79685974	1.14455754	0.2581967534727354	0.00948578	0.00091
0.0142	0.0192	0.0378	6.283185307179586e-05	0.0015550883635269475	-0.002139773662945048	1.38327277	37.95175934	1.0749938	0.13435786374650333	0.00963593	0.00085
0.0199	-0.0119	-0.0626	0.0005532693728822024	0.0016720254234105676	-0.0020106192982974674	1.25959873	34.55861282	1.08395905	0.17402644721708035	0.00797927	0.00149
0.0164	-0.077	-0.0873	0.0005166174585903216	0.0014486232791552935	-0.0019669860669976093	1.31772733	36.15344238	1.03765593	0.10848436449235065	0.012897	0.00267
0.0156	0.0874	-0.1803	0.0008237954069413235	0.002012364627549462	-0.0020210912738094335	1.34062052	36.78154373	1.16514316	0.30445122517784967	0.0124953	0.00137
0.0182	-0.0359	-0.2066	0.0006998770300497262	0.0019268434942017398	-0.002050761871093337	0.94569039	25.94615936	0.95661119	0.1641555053761612	0.0126821	0.00116
0.0192	0.0423	-0.1015	0.0009581857593448868	0.001762782544514273	-0.0019669860669976093	1.0356648	28.41471481	1.02796272	0.20960727415391772	0.0107459	0.00124
0.0248	0.0351	0.0015	0.0008447393579652555	0.0017435839227423352	-0.0014800392056911916	1.08811224	29.85367584	1.0228213	0.14677959422289935	0.00929505	0.00103
0.0254	-0.0723	-0.0984	0.0004433136300065597	0.002040289895581371	-0.001424188669627373	1.02267742	28.05839157	1.01767483	0.24559911184307753	0.0101547	0.00124
0.0227	-0.0216	-0.1699	-0.000148352986419518	0.0021799162357409173	-0.001572541656046891	1.33338809	36.58311462	1.05836169	0.16888229715025707	0.0131249	0.00171
0.0212	-0.0335	-0.1765	-0.00011519173063162575	0.002078687139125246	-0.0017139133254584315	1.33067119	36.50857162	1.00714767	0.033788101090755196	0.0121009	0.00156
0.0108	0.0463	-0.0583	-0.00017976891295541595	0.0018762289458939042	-0.0015603243512829306	1.24543929	34.17013168	1.06774015	0.22943121748653164	0.00793374	0.00042
0.0154	0.0396	-0.0336	0.00016406094968746698	0.001858775653373961	-0.0012636183784438947	1.29642522	35.56899261	0.96434137	0.0688994564000931	0.00876731	0.0008
0.0223	-0.0133	-0.1067	-2.4434609527920616e-05	0.0020717058221172693	-0.0015446163880149814	1.32489526	36.35010147	1.02143939	0.16702118687648915	0.0106059	0.00094
0.0197	0.0552	-0.1446	-0.00011170107212763708	0.002089159114637212	-0.001933824811209717	1.349388	37.02209091	1.00635952	0.13369640891571977	0.0105836	0.00082
0.0131	0.0249	-0.1369	-0.0003525565089028545	0.002022836603061428	-0.0019373154697137059	1.17257822	32.17110062	0.97964639	0.060133430342749525	0.00919384	0.0008
0.0095	0.0652	-0.0352	-0.000296705972839036	0.001960004749989632	-0.0016772614111665507	1.3894031	38.11995316	1.03959292	0.16453682238413844	0.00855696	0.00082
0.0102	0.0613	-0.0113	-0.0007138396640656808	0.0018238690683340744	-0.0015550883635269475	1.21335649	33.28990173	0.97483909	0.06227212102609028	0.00887114	0.00065
0.0182	-0.0439	-0.0594	-0.0006894050545377602	0.001912880860185785	-0.0019687313962496035	1.2485739	34.25613403	1.00375424	0.1876544717051144	0.00855529	0.0008
0.0172	-0.0492	-0.0699	-0.0006562437987498679	0.002045525883337354	-0.0022165681500327986	1.12732744	30.92959023	0.9616978	0.03748215163613282	0.00861698	0.00074
0.0117	0.0325	-0.0633	-0.0005358160803622592	0.0020193459445574393	-0.0021799162357409173	1.13608134	31.16976547	1.00532359	0.10296297857297024	0.00797915	0.00051
0.0038	0.0363	0.0412	-0.000710349005561692	0.0017366026057343581	-0.0018029251173101424	1.18005025	32.37610626	1.06807888	0.15791336912266443	0.00958747	0.00098
0.0134	-0.0457	-0.0626	-0.0004921828490624009	0.001895427567665842	-0.0016982053621904826	1.21025443	33.20479202	1.0444011	0.21948554367752168	0.00874984	0.00059
0.0134	-0.0393	-0.1035	-0.00045553093477052	0.001965240737745615	-0.0019669860669976093	1.25982285	34.56476212	0.97000356	0.06606228945893902	0.00957322	0.00056
0.0119	0.0189	-0.1151	-0.00016231562043547262	0.002090904443889207	-0.00214850030920502	1.23611212	33.91423035	0.98861668	0.10131966313430248	0.00898153	0.00072
0.0077	0.0523	-0.0086	-0.00032812189937493397	0.0018064157758141308	-0.001973967384005587	1.23765957	33.95668793	1.10264934	0.1753413936106985	0.00861984	0.00075
0.0091	0.0348	0.0083	-0.0005794493116621174	0.001668534764906579	-0.0015865042900628454	1.0509249	28.833395	0.95981397	0.07463357585687386	0.00757194	0.00033
0.0172	0.0134	-0.0798	-0.0003961897402027128	0.0019250981649497454	-0.001656317460142619	1.31355619	36.03900146	1.00099791	0.14308180707911725	0.0086208	0.00072
0.0167	-0.0353	-0.1034	-0.0003298672286269283	0.0017976891295541592	-0.0019390607989657003	1.29847014	35.62509918	0.99280869	0.09662374428972259	0.00997871	0.00075
0.0142	-0.0255	-0.1177	-2.792526803190927e-05	0.0018605209826259553	-0.0019355701404617114	1.24487007	34.15451431	0.97083862	0.04501322360854018	0.0092684	0.0006
0.0017	0.0318	0.0057	-0.000466002910282486	0.001762782544514273	-0.0017348572764823637	1.21019137	33.20306396	1.06283874	0.23002644721708032	0.00778818	0.00051
0.0108	0.0992	-0.0045	-0.00042236967898262774	0.0017174039839624202	-0.001439896632895322	1.5671829	42.99755859	1.01133592	0.10589862177193762	0.0103534	0.00142
0.0168	-0.0437	-0.0667	-0.00034033920413889426	0.0019250981649497454	-0.001837831702350029	1.43410516	39.34640884	1.0623218	0.24548298626428827	0.00995958	0.00077
0.0187	-0.0585	-0.0851	-0.000577703982410123	0.0018343410438460403	-0.001973967384005587	1.27443743	34.96573257	0.97636082	0.05831287905152458	0.00876784	0.00074
0.0141	0.0089	-0.0392	-0.000900589894029074	0.0018291050560900572	-0.0019861846887695473	1.07496572	29.49298286	0.97813833	0.1349169602069447	0.00853729	0.00053
0.0021	0.0679	0.1092	-0.0006056292504420323	0.0017348572764823637	-0.0017121679962064373	1.54002154	42.25235367	1.21504177	0.25256125578789224	0.0119883	0.00162
0.0059	0.0244	0.0521	-0.0007330382858376184	0.0017819811662862105	-0.0016126842288427606	1.30635095	35.84131622	1.07416253	0.11810083462815547	0.00926304	0.00059
0.0051	-0.1018	-0.0488	-0.0007801621756414653	0.0019024088846738192	-0.0020210912738094335	1.28064108	35.13593674	1.07658221	0.2566979326579064	0.00873613	0.00074
0.0028	-0.0169	-0.1163	-0.0009459684545809266	0.002040289895581371	-0.0021258110289290935	1.15995777	31.82484436	1.00739042	0.17512035224833364	0.00868225	0.00062
-0.0006	-0.016	-0.0694	-0.0008988445647770796	0.0018570303241219666	-0.0021153390534171274	1.06125116	29.11670685	0.9368303	0.06324277183876087	0.0090698	0.00053
-0.0003	0.1385	-0.0124	-0.0007923794804054256	0.0017680185322702558	-0.001748819910498318	1.41782594	38.89976883	1.07081401	0.23989980095710872	0.010108	0.00097
0.0137	0.0227	-0.0726	-0.0007557275661135446	0.0017697638615222502	-0.001689478715930511	1.2860868	35.28534698	1.02852155	0.19488692190558407	0.00898021	0.00051
0.0159	-0.0244	-0.0965	-0.0006544984694978735	0.0019041542139258136	-0.0018675022996339327	1.1943028	32.76713943	0.98803527	0.09388215163613284	0.00847179	0.0005
0.0112	-0.0404	-0.1273	-0.0009023352232810684	0.0020350539078253884	-0.0019687313962496035	1.07546151	29.50658798	0.92831999	0.07549827721492201	0.00949329	0.00066
0.0079	0.043	-0.0638	-0.0007504915783575615	0.0018832102629018814	-0.0018465583486100008	1.45658374	39.96313477	1.05317218	0.17149301687433083	0.0101306	0.0008
0.0085	0.0675	-0.003	-0.0006806784082777885	0.0015655603390389136	-0.0017383479349863521	1.35082936	37.06163788	1.02822207	0.11068367537831948	0.00847244	0.00071
0.0119	-0.0521	-0.063	-0.0007086036763096977	0.001614429558094755	-0.0017435839227423352	1.1958555	32.80974197	1.03407445	0.1871015237421867	0.00803393	0.00071
0.0141	-0.0242	-0.129	-0.0008709192967451704	0.0018832102629018814	-0.0018709929581379211	1.08912575	29.88148308	0.95580384	0.12402526803190923	0.00948322	0.00047
0.0077	-0.0047	-0.1412	-0.0007976154681614085	0.001980948701013564	-0.0017994344588061536	1.31704795	36.13480377	0.94003506	0.050230038301360594	0.0105986	0.00079
0.0038	0.0784	-0.0496	-0.0006544984694978735	0.001647590813882647	-0.0019198621771937623	1.40492284	38.54575729	1.07699833	0.208445130209103	0.00936717	0.00066
0.0075	0.0417	-0.008	-0.0008115781021773631	0.0014695672301792255	-0.0018273597268380628	1.2318666	33.79774857	1.00862321	0.10338028333693051	0.0079149	0.00048
0.0081	0.0122	-0.057	-0.0009616764178488756	0.0017174039839624202	-0.0018675022996339327	1.0936656	30.00603867	0.97861163	0.10100388211252884	0.00826222	0.00054
0.0104	-0.0137	-0.1092	-0.0009634217471008699	0.0017767451785302276	-0.0020996310901491783	1.27675283	35.02925873	0.96423035	0.09506076571675236	0.00972402	0.00083
0.0056	0.0386	-0.0708	-0.000947713783832921	0.001710422666954443	-0.0020856684561332234	1.29343104	35.48684311	0.99284844	0.10029965544298441	0.00949198	0.00086
0.0062	0.0314	0.0068	-0.001022762941668677	0.0014835298641951804	-0.0019442967867216831	1.3039887	35.77650452	1.04473714	0.10756568150032794	0.0087772	0.00086
0.016	-0.0174	-0.0866	-0.0009756390518648303	0.001609193570338772	-0.001837831702350029	1.18546903	32.52477646	1.02942888	0.16596263401595462	0.00846708	0.00048
0.0173	0.0198	-0.1375	-0.0011117747335203881	0.0018238690683340744	-0.0019076448724298022	1.10206306	30.23643112	0.99024082	0.11043121748653167	0.0103081	0.00094
0.0133	0.017	-0.1255	-0.0009372418083209549	0.0018448130193580064	-0.0018849555921538759	1.44703352	39.70111465	0.97335405	0.029708307824964593	0.0109153	0.001
0.0056	0.0589	-0.0222	-0.0007138396640656808	0.0015865042900628454	-0.0020001473227855013	1.39870799	38.37524414	1.04614802	0.182745130209103	0.00836372	0.00069
0.0073	0.0111	-0.0691	-0.0009512044423369096	0.0015847589608108511	-0.0017680185322702558	1.10216892	30.23933792	0.97433633	0.11996194490192343	0.00770152	0.0005
0.0053	-0.0342	-0.1028	-0.0011205013797803594	0.0018936822384138475	-0.0018325957145940458	1.05240405	28.87397766	0.93920109	0.1081398698685118	0.00920475	0.00048
0.0021	0.0016	-0.0898	-0.0010070549784007281	0.0018901915799098587	-0.001954768762233649	1.24132955	34.05737686	0.94230227	0.06395550537616117	0.00951374	0.00082
-0.001	0.077	0.0264	-0.001048942880448592	0.0014433872913993105	-0.0018675022996339327	1.43693459	39.42403793	1.08420663	0.2234979326579064	0.00991035	0.00091
0.0103	0.0183	-0.0061	-0.0010454522219446034	0.001556833692778942	-0.0019373154697137059	1.23172617	33.79389572	1.01504921	0.11183751149816969	0.00829756	0.00054
0.0131	-0.0334	-0.0703	-0.0008412486994612669	0.0015638150097869194	-0.0022270401255447643	1.1440196	31.3875618	0.9834774	0.14374547476611862	0.00794232	0.00047
0.0093	0.001	-0.1174	-0.000947713783832921	0.001616174887346749	-0.002141518992197042	1.06358397	29.18071175	0.96325445	0.09751730476396028	0.00929523	0.0006
0.0068	0.0466	-0.0935	-0.0008970992355250854	0.001520181778487061	-0.002118829711921116	1.26902652	34.817276	0.98728215	0.0804648468721725	0.00991529	0.00124
0.0025	0.0747	0.0218	-0.0010314895879286487	0.00124965574442794	-0.001778490507782222	1.39767623	38.34693527	1.10964075	0.1849627795300789	0.00994587	0.00107
0.0082	0.006	0.007	-0.0009197885158010115	0.0012932889757277981	-0.0017156586547104257	1.21388793	33.30448151	0.98799057	0.10010830782496456	0.00847524	0.00077
0.0044	-0.085	-0.054	-0.0008482300164692441	0.001410226035611418	-0.0020141099568014562	1.19052517	32.66349792	1.0216197	0.18014734306532088	0.00841123	0.00068
-0.0016	0.0062	-0.086	-0.0011536626355682519	0.0015690509975429022	-0.002012364627549462	1.11723053	30.65257072	0.99604108	0.1525001455141243	0.00890028	0.00059
-0.0032	0.045	-0.019	-0.001075122819228507	0.0014364059743913332	-0.0020472712125893483	1.25336003	34.38744736	0.96679562	0.11970457122656	0.00915676	0.00056
0.0089	0.023	0.0345	-0.0009756390518648303	0.0014381513036433276	-0.0016807520696705393	1.27353978	34.94110489	0.98159523	0.110987411976724	0.00934571	0.00063
0.0208	0.06	0.0464	-0.0004939281783143952	0.0013264502315156904	-0.001450368608407288	1.23412633	33.85974884	0.97578274	0.10198977034706616	0.00922441	0.00083
0.0239	-0.0131	-0.0122	-0.0006579891280018621	0.001356120828799594	-0.0013753194505715315	1.21300209	33.28017807	1.02026054	0.1482390352403563	0.0076021	0.00063
0.0125	-0.077	-0.048	-0.0013072516097437528	0.0015777776438028737	-0.0017680185322702558	1.12718976	30.92581367	0.96460561	0.17428091892219474	0.008901	0.00048
0.0073	-0.0198	-0.0578	-0.0011990411961201044	0.0014433872913993105	-0.0019198621771937623	1.01659632	27.89154816	0.92882615	0.09192222054753593	0.0095377	0.00085
0.0054	0.0014	-0.0267	-0.001001818990644745	0.0013281955607676848	-0.0019181168479417679	1.40692198	38.60060501	1.04004468	0.06990796326794897	0.0100082	0.00068
0.0064	0.0467	0.0482	-0.000905825881785057	0.0011536626355682519	-0.0018186330805780916	1.26414585	34.68336868	1.03789212	0.13970049007113988	0.00844014	0.00072
0.0082	-0.0265	-0.0166	-0.0009442231253289323	0.001239183768915974	-0.0018046704465621369	1.11420977	30.5696907	0.9904748	0.14669405054537757	0.00772667	0.00047
0.0087	-0.0445	-0.0817	-0.0009599310885968812	0.0013526301702956054	-0.0019896753472735357	1.11001337	30.45455742	0.9480942	0.09930796326794894	0.00968623	0.0006
0.0057	-0.0347	-0.0964	-0.0008028514559173916	0.001541125729510993	-0.0018099064343181197	1.3012383	35.70104599	0.97568919	0.05376720524251465	0.0102572	0.00101
0.0069	0.0546	-0.0183	-0.0005253441048502931	0.001420698011123384	-0.0016702800941585732	1.35063255	37.05623627	1.07989813	0.19547807048071267	0.00901246	0.00071
0.0068	0.0225	0.0126	-0.0006562437987498679	0.0011693705988362008	-0.0015812683023068625	1.14575636	31.43520927	0.98687321	0.08666194490192344	0.00803244	0.0006
0.0079	-0.0647	-0.0284	-0.0010105456369047167	0.0012618730491919003	-0.0017767451785302276	1.08511055	29.77131844	0.97611252	0.16141405823669563	0.00919658	0.00066
0.008	-0.0101	-0.0515	-0.000661479786505851	0.001254891732183923	-0.0018709929581379211	1.60274398	43.97321701	1.06017112	0.1003147473507268	0.0104612	0.0011
0.0072	0.0138	-0.0376	-0.0006003932626860494	0.0011780972450961724	-0.001947787445225672	1.43775392	39.44651794	0.99941486	0.04933377489976514	0.00879747	0.00068
0.0036	0.0146	0.0622	-0.0009442231253289323	0.0009965830028887623	-0.0016632987771505957	1.22647929	33.64994049	1.04884287	0.14469163864626847	0.00866717	0.00048
0.0111	0.0252	0.0506	-0.0010140362954087054	0.0012514010736799342	-0.001553343034274953	1.02739751	28.18789101	0.93834252	0.05142934918732937	0.00851673	0.00051
0.0091	-0.0554	-0.025	-0.0009756390518648303	0.00147131255943122	-0.0018343410438460403	1.29560673	35.54653549	1.02733147	0.1851653369433124	0.00993532	0.00075
0.0094	-0.0266	-0.0775	-0.0010210176124166828	0.0013788101090755204	-0.0019844393595175526	1.29285109	35.47093201	1.00710369	0.09599896632895324	0.00902766	0.00053
0.001	-0.0263	0.0018	-0.0009372418083209549	0.0012426744274199627	-0.002007128639793479	1.23331773	33.83756256	1.02927806	0.10013003830136057	0.00827616	0.00091
-0.0069	0.0267	0.0916	-0.0010210176124166828	0.0010088003076527223	-0.0018046704465621369	1.1805557	32.38997269	1.04361947	0.17670540585471556	0.00968987	0.00082
0.001	-0.0256	-0.0002	-0.0009285151620609833	0.0012095131716320703	-0.0018657569703819383	1.17130327	32.13611984	0.99688398	0.16971509190774248	0.00872165	0.00038
0.0055	-0.0653	-0.0792	-0.0007120943348136865	0.0013212142437597075	-0.002089159114637212	1.38599062	38.02632904	1.02243317	0.1507762021815104	0.0108255	0.00072
0.0006	0.0117	-0.0831	-0.0007993607974134029	0.0014067353771074296	-0.0021275563581810873	1.35999668	37.31315231	1.01131061	0.09635924197456568	0.00828105	0.00047
-0.0058	0.0343	0.0044	-0.0010803588069844899	0.0012950343049797925	-0.00205599785884932	1.13104784	31.0316658	1.00796431	0.13971287905152452	0.00843829	0.00044
0.0013	0.1172	0.0223	-0.0010925761117484504	0.0011274826967883368	-0.0019512781037296606	1.29137027	35.43030548	1.00106259	0.12212443340375378	0.00978822	0.0011
0.023	0.0194	-0.0651	-0.0008203047484373349	0.0012740903539558604	-0.0012164944886400475	1.37173831	37.63529968	1.07229257	0.26458313177841264	0.00998783	0.00085
0.016	-0.0024	-0.0762	-0.0010559241974565693	0.0013665928043115599	-0.001853539665617978	1.30703139	35.85998535	1.00571622	0.08815835381764321	0.00879681	0.00075
0.0008	0.0035	0.005	-0.0011623892818282235	0.0011850785621041497	-0.0018517943363659836	1.21110368	33.22809219	1.04881007	0.11678623279155292	0.00800967	0.00047
0.0015	0.0513	0.0788	-0.001090830782496456	0.0011571532940722405	-0.001556833692778942	1.4032191	38.49901199	1.01687571	0.1420222205475359	0.00974268	0.00094
0.0051	0.0243	-0.0159	-0.0013281955607676848	0.0013334315485236678	-0.0014782938764391971	1.19493258	32.78442001	1.0287586	0.14990914245312006	0.00899887	0.00075
0.0038	-0.015	-0.0808	-0.00147131255943122	0.001361356816555577	-0.001668534764906579	1.18811631	32.59740829	1.00120439	0.1235641577581413	0.00949365	0.00085
0.0046	0.0064	-0.1081	-0.001075122819228507	0.0013037609512397642	-0.002090904443889207	1.21888149	33.44148636	0.98971495	0.09330776422505768	0.00972283	0.00092
-0.0037	0.0269	-0.0069	-0.0011728612573401894	0.0011798425743481666	-0.0018343410438460403	1.19658899	32.8298645	1.05007196	0.15391101075232233	0.00828391	0.00033
-0.0021	0.0334	0.0716	-0.0009878563566287904	0.0010524335389525807	-0.0016790067404185449	1.31802583	36.16163254	0.99443164	0.109987411976724	0.00984609	0.00116
0.011	-0.0246	-0.0239	-0.0011484266478122688	0.0012042771838760874	-0.0017086773377024485	1.28544366	35.2677002	1.04850402	0.1837042266695444	0.00925094	0.00069
0.0194	-0.019	-0.0998	-0.0009128071987930344	0.0014364059743913332	-0.0018046704465621369	1.28210938	35.17621994	1.037625	0.11808706741970842	0.00942624	0.00048
0.0124	0.0571	-0.0952	-0.0009808750396208131	0.0013055062804917586	-0.0019163715186897737	1.14870465	31.51610184	0.97997205	0.10323343034274952	0.00883502	0.00054
0.0049	0.0845	0.0199	-0.0011693705988362008	0.0010454522219446034	-0.0018971728969178364	1.11403668	30.56494331	1.01738413	0.17338741197672403	0.00890803	0.0008
0.0047	0.0237	0.017	-0.0011780972450961724	0.001181587903600161	-0.0015585790220309364	1.40144134	38.45023727	1.00556316	0.08807281014012147	0.0101714	0.00083
0.0201	0.0033	-0.0708	-0.0008011061266653974	0.001186823891356144	-0.0017924531417981763	1.38932514	38.11781311	1.05536	0.15440506129769993	0.0103604	0.00059
0.0126	-0.0156	-0.1116	-0.0012060225131280816	0.001239183768915974	-0.0019373154697137059	1.27679813	35.0304985	0.9996945	0.09730692959690218	0.00931132	0.00083
0.0154	-0.0187	-0.0491	-0.0021572269554649913	0.0014765485471872027	-0.0011676252695842063	1.31175697	35.98963928	1.06594861	0.16631297103688192	0.012137	0.0016
0.0157	0.0688	0.0676	-0.0018413223608540175	0.001181587903600161	-0.0013002702927357754	1.44264841	39.58080292	1.1394392	0.2416755130674792	0.011209	0.00143
0.0206	0.046	0.0932	-0.0015132004614790836	0.0012479104151759456	-0.0010402162341886204	1.17750716	32.30633163	0.974964	0.0860249234748937	0.00987697	0.00116
0.0307	-0.0452	0.0293	-0.0017976891295541592	0.0013281955607676848	-0.0010611601852125523	1.0874145	29.83452988	0.98156716	0.18448588823453732	0.00922072	0.00094
0.021	-0.0458	-0.0262	-0.0018238690683340744	0.001499237827463129	-0.0013142329267517303	1.08832943	29.8596344	0.96852485	0.08831474735072686	0.00954205	0.00068
0.0147	-0.0367	-0.0185	-0.001895427567665842	0.0016615534478986017	-0.00147131255943122	1.04654574	28.7132473	0.94454264	0.04264768762233649	0.00965822	0.00065
0.0135	0.022	0.0772	-0.0017889624832941875	0.0014765485471872027	-0.0013683381335635543	1.50467968	41.28270721	1.0574553	0.175322220547536	0.0110729	0.00113
0.019	0.0238	0.0576	-0.0016632987771505957	0.0014660765716752368	-0.0013072516097437528	1.23284483	33.82458878	0.96449717	0.036761110273767966	0.00949907	0.00104
0.018	-0.0989	-0.0167	-0.0015585790220309364	0.0016720254234105676	-0.0013648474750595659	1.20663214	33.10541153	1.04444322	0.21641322360854015	0.00959557	0.00088
0.0144	-0.0234	-0.0652	-0.0017313666179783749	0.0017994344588061536	-0.0013857914260834976	1.07248354	29.42488098	0.96029766	0.1436570291183478	0.00918531	0.00062
0.0109	0.0191	-0.0284	-0.001647590813882647	0.0016632987771505957	-0.0013962634015954637	1.39886844	38.3796463	0.97007787	0.09431917306316256	0.00977677	0.00109
0.0136	0.0473	0.0615	-0.0015515977050229591	0.0013439035240356337	-0.001256637061435917	1.34157622	36.80776596	1.03117104	0.14855073510670982	0.0105878	0.00094
0.021	0.0183	0.0117	-0.0013700834628155487	0.0013700834628155487	-0.001324704902263696	1.2327714	33.82257462	1.0045016	0.0999881010907552	0.00886643	0.00074
0.02	-0.0818	-0.0543	-0.0018570303241219666	0.0016441001553786586	-0.0015289084247470327	1.16919303	32.07822418	1.00438611	0.21535835381764323	0.00981081	0.00079
0.0184	-0.0159	-0.0666	-0.0019163715186897737	0.0016441001553786586	-0.001541125729510993	1.41078758	38.70666122	0.98058542	0.08337792496658838	0.0111759	0.00113
0.0138	-0.0057	0.0478	-0.0016824973989225337	0.0014067353771074296	-0.0014974924982111347	1.42179704	39.0087204	1.07369594	0.15494360646691635	0.0100521	0.00107
0.017	0.0428	0.1128	-0.001668534764906579	0.001296779634231787	-0.0012583823906879114	1.17076325	32.12130356	1.03466304	0.13485142422074103	0.0110221	0.00163
0.0127	-0.0317	0.0424	-0.0018517943363659836	0.001452113937659282	-0.0012514010736799342	1.09532082	30.05145073	1.00110104	0.16647875959474387	0.0105949	0.00094
0.0144	-0.063	-0.0481	-0.0019687313962496035	0.0015166911199830724	-0.0014433872913993105	1.30977547	35.93527222	1.07394844	0.14217502299633936	0.010619	0.00113
0.0146	-0.0188	-0.069	-0.0020210912738094335	0.0016755160819145565	-0.001473057888683214	1.2879318	35.3359642	0.98049229	0.0773427718387609	0.01039	0.0008
0.0123	0.0067	0.0198	-0.0017680185322702558	0.00152367243699105	-0.001553343034274953	1.28899729	35.36520004	1.02098426	0.14086007660272115	0.0094552	0.00095
0.0159	0.0362	0.0968	-0.0015987215948268059	0.0013439035240356337	-0.0013892820845874865	1.13631809	31.17625999	0.99072428	0.13575634000431666	0.0100087	0.00125
0.0151	0.0037	0.095	-0.0017645278737662671	0.00147131255943122	-0.001158898623324235	1.01252973	27.77997589	0.93830144	0.06127993877991495	0.010043	0.00107
0.023	-0.0527	0.0005	-0.001998401993533507	0.0016772614111665507	-0.0013107422682477415	1.39715934	38.33275604	1.01488573	0.18838333082130387	0.0103739	0.00106
0.0274	0.0294	-0.0697	-0.0017453292519943296	0.0014364059743913332	-0.0016458454846306526	1.43097508	39.26053238	1.08259456	0.19815156973486528	0.0123013	0.0014
0.0208	0.0226	-0.0754	-0.0019216075064457567	0.0015847589608108511	-0.0016179202165987434	1.23666787	33.92947769	0.99095559	0.03672782544514271	0.00989878	0.00097
0.0239	-0.0308	-0.0073	-0.0018692476288859267	0.0014364059743913332	-0.0016022122533307947	1.19990981	32.92097473	0.99274134	0.13542104136236485	0.0108894	0.00092
0.0327	0.0913	0.0279	-0.001891936909161853	0.0014311699866353504	-0.0012845623294678264	1.32731199	36.41640854	1.04092292	0.18337875959474387	0.0107565	0.00128
0.0425	-0.0126	-0.0178	-0.0017435839227423352	0.001408480706359424	-0.0014433872913993105	1.28633499	35.29215622	1.04407044	0.17589336143134643	0.0104243	0.00098
0.0377	-0.0373	-0.0423	-0.0018099064343181197	0.0013456488532876281	-0.0015638150097869194	1.16792512	32.04343796	0.99074908	0.06647910415175948	0.00929517	0.00069
0.032	0.0474	-0.053	-0.0018779742751458986	0.0015446163880149814	-0.0016702800941585732	1.05330026	28.89856529	0.95769843	0.11977502299633933	0.0102225	0.00107
0.034	0.0724	0.0071	-0.0016912240451825054	0.0013264502315156904	-0.0016632987771505957	1.4354043	39.38205338	1.0238019	0.10769488517353308	0.0114137	0.00122
0.0369	0.0011	0.0709	-0.0017313666179783749	0.0011850785621041497	-0.0015899949485668342	1.31770968	36.15295792	1.05243954	0.1507409035395586	0.0102805	0.00121
0.0386	-0.0283	0.0042	-0.0020943951023931952	0.0013404128655316449	-0.0016336281798666925	1.15583432	31.71171188	1.04016138	0.1258998009571087	0.00970882	0.00091
0.036	-0.0797	-0.0508	-0.0021205750411731105	0.0013107422682477415	-0.0019285888234537342	1.15419102	31.66662407	0.9561958	0.126540558982543	0.0108114	0.00085
0.0373	0.015	-0.0799	-0.0019303341527057286	0.0013421581947836393	-0.001837831702350029	1.34537601	36.91201782	1.00487259	0.1407206968053492	0.0110387	0.00094
