trans_x	trans_y	trans_z	rot_x	rot_y	rot_z	dvars_std	dvars_nstd	dvars_vstd	framewise_displacement	aqi	aor
0.0	-0.0	0.0	-0.0	0.0	-0.0	n/a	n/a	n/a	n/a	0.0101584	0.00109
-0.0016	-0.073	-0.0424	-0.0001256637061435917	-1.7453292519943296e-05	-0.000153588974175501	1.32517612	36.17176056	1.02344878	0.1318352986419518	0.0110682	0.00109
0.0015	0.0103	-0.0731	-0.0002740166925631097	0.00010995574287564276	-0.0002705260340591211	1.28031778	34.94731522	1.03397056	0.1367349540849362	0.00962114	0.00079
0.0005	0.041	-0.0839	-0.0005846852994181004	0.00030194196059501896	-0.00014137166941154068	1.05082536	28.68313408	0.92525715	0.07409045946109737	0.0094611	0.00073
-0.0012	0.1016	-0.0918	-0.0004956735075663896	0.0002652900463031381	-0.00016406094968746698	1.18719685	32.40550613	0.93148645	0.07761764932097588	0.0108385	0.00123
0.0026	0.0874	-0.0438	-0.00017976891295541595	4.18879020478639e-05	-0.00013439035240356338	1.3795855	37.65690994	1.03116033	0.09444886680750758	0.011839	0.001
-0.0026	0.1154	0.0521	-0.0003001966313430247	4.18879020478639e-05	-9.599310885968811e-05	1.2845062	35.06164169	1.06479236	0.1370412480965742	0.00973046	0.00136
-0.0002	0.0757	0.122	-0.00024260076602721178	-0.0001675516081914556	-5.759586531581287e-05	1.04421937	28.50281715	0.95867635	0.12727163095495037	0.0114861	0.00147
0.0064	0.0802	0.0734	-0.00024260076602721178	1.5707963267948964e-05	0.00020769418098732522	1.12816	30.79404449	0.95602658	0.08212748088812713	0.0109552	0.00127
0.0134	0.0051	-0.0118	-0.00017976891295541595	0.00022165681500327985	0.000312413936106985	1.16494048	31.79800034	1.00874614	0.1859750229963393	0.0103191	0.00092
0.0148	0.0327	-0.0789	-3.665191429188092e-05	0.000322885911618951	8.552113334772214e-05	1.3486371	36.81214905	1.03315126	0.11966194490192344	0.0107461	0.00077
0.0055	0.041	-0.1029	-0.0004904375198104066	0.00045902159327450867	-3.141592653589793e-05	1.19126391	32.51651764	0.9689284	0.07694291735288515	0.0091843	0.00056
-0.0038	0.0931	-0.1079	-0.0006771877497737998	0.0005148721293383271	-0.00017104226669544429	1.01623118	27.73885918	0.92903713	0.08551135530933789	0.0104098	0.00098
-0.004	0.0877	-0.1192	-0.0004677482395344803	0.00047123889803846896	-7.155849933176751e-05	1.30282283	35.56161118	0.93586795	0.034527825445142726	0.0114948	0.00089
-0.0002	0.059	-0.1256	-0.00016929693744344995	0.00038571776469074686	-0.00021642082724729686	1.32252884	36.09950256	0.98737614	0.06534173816771408	0.0115259	0.00092
-0.0085	0.0365	-0.0038	-0.0003438298626428829	0.0003001966313430247	-0.00020769418098732522	1.29938006	35.46763611	1.08829126	0.16603903524035632	0.0088141	0.0007
-0.0475	0.0984	0.1813	0.0002513274122871834	-0.0013753194505715315	-0.0015550883635269475	1.39672256	38.12467957	1.3231782	0.46690337696921214	0.0173191	0.01488
0.0129	0.054	0.2249	0.000291469985083053	-0.0008185594191853405	0.0004572762640225143	1.33423722	36.41909027	1.30797993	0.2788633615865761	0.0199896	0.01319
0.0252	0.0461	0.1213	-0.0008482300164692441	-0.0005846852994181004	-0.0004729842272904633	1.16189134	31.71476936	1.15279542	0.23899173063162568	0.0117739	0.00115
0.0168	-0.0184	0.056	-0.001186823891356144	-0.0005637413483941684	-0.0008936085770210966	1.05592287	28.82227516	0.97717654	0.17720810878207324	0.0105686	0.00092
0.001	0.0126	0.0355	-0.0010454522219446034	-0.0009250245035569946	-0.0014172073526193955	1.32455909	36.15491867	1.08704395	0.11861268000863329	0.0113183	0.0025
-0.2175	0.1033	0.2912	-6.45771823237902e-05	-0.007213445798492564	-0.006117379028240125	2.02220654	55.19777298	2.04036018	1.1633734005088556	0.0403767	0.09142
-0.1693	0.0438	0.3006	0.002595304597715568	-0.007129669994396836	-0.005230751768227006	1.70579362	46.56102753	1.78021392	0.29861424220741023	0.0453936	0.09787
-0.0937	-0.0176	0.0323	0.002642428487519415	-0.007710864635310948	-0.004790928796724435	1.90269351	51.93556976	1.86196689	0.4587070751110265	0.0325663	0.05332
-0.0934	0.0216	-0.0717	0.00016231562043547262	-0.003754203221039803	-0.004487241506877421	1.53700554	41.95381927	1.41101598	0.4805230785601051	0.0182244	0.01119
-0.0669	0.0367	-0.0902	4.18879020478639e-05	-0.003338814859065152	-0.004176572900022431	1.21105647	33.05677414	0.99683218	0.1024242343608625	0.0157723	0.00659
-0.053	0.1107	-0.0509	0.00023911010752322313	-0.002897246558310587	-0.0037315139407638766	1.1207515	30.59182358	1.00145913	0.18139247327442393	0.0143733	0.00467
-0.0498	-0.0106	-0.0589	-0.000153588974175501	-0.002750638901143063	-0.0034766958699727043	1.05855072	28.89400291	0.99618754	0.17220624048287103	0.0128598	0.003
-0.0413	-0.0205	-0.1154	-0.00026878070480712676	-0.0026075219024795284	-0.0033353242005611634	1.18400061	32.31826019	0.96812933	0.09488401993533506	0.0140508	0.00339
-0.0312	0.1035	-0.135	-0.00034033920413889426	-0.0025080381351158514	-0.0030927234345339517	1.33284187	36.38100433	1.04746334	0.17438215163613283	0.0152325	0.00389
-0.0259	0.0822	-0.1294	-0.0004939281783143952	-0.002441715623540067	-0.003120648702565861	1.26196802	34.44644547	0.96976144	0.044591837689159766	0.0131469	0.00304
-0.0255	0.0663	-0.0474	-0.0007382742735936014	-0.0024277529895241124	-0.0028274333882308137	1.16411781	31.77554321	1.01619665	0.1258762021815104	0.0110923	0.00171
-0.0247	0.0837	-0.0576	-0.0009599310885968812	-0.0024015730507441976	-0.002829178717482808	1.05135632	28.69762802	1.01087226	0.04087910415175944	0.0120177	0.00171
-0.025	0.0762	-0.1414	-0.0010559241974565693	-0.0023771384412162766	-0.0029792770331543207	1.31015491	35.76174545	1.06984707	0.10512630170295607	0.0136277	0.00306
-0.0293	0.0903	-0.0805	-0.001085594794740473	-0.002366666465704311	-0.00308399678827398	1.3181541	35.98009109	1.06251181	0.08654311639577641	0.013232	0.00258
-0.042	0.0902	0.0983	-0.0007033676885537148	-0.002853613327010729	-0.003077015471266003	1.48676765	40.58253479	1.23968833	0.23540776422505763	0.013947	0.00409
-0.0356	0.042	0.0151	-0.0009145525280450286	-0.0026790804018112955	-0.0029269171555944902	1.14850962	31.34950638	1.0582146	0.164590804018113	0.0112621	0.00173
-0.0266	0.0579	-0.0576	-0.0012252211349000194	-0.002490584842595908	-0.003005456971934235	1.06665123	29.11511421	0.97678726	0.12648519912050615	0.0119364	0.0015
-0.0307	0.1083	-0.0791	-0.0010053096491487337	-0.0022654373690886398	-0.0029513517651224112	1.22690725	33.48943329	0.96038239	0.10095820830351888	0.012576	0.00227
-0.0301	0.0906	0.0388	-0.0007539822368615504	-0.0023928464044842257	-0.0027331856086231197	1.40068817	38.23292542	1.16402277	0.16604513020910303	0.0129209	0.00189
-0.0219	0.0907	0.0614	-0.0008848819307611251	-0.002478367537831948	-0.0026267205242514655	1.19481468	32.61344147	1.03828305	0.04704429558094756	0.0116856	0.0015
-0.014	0.0156	-0.0236	-0.0012112585008840647	-0.0024225170017681294	-0.0026162485487395003	1.16300893	31.7452774	1.05643308	0.18763495408493616	0.0110952	0.00111
-0.0201	0.0264	-0.0861	-0.001499237827463129	-0.00233001455141243	-0.0027244589623631483	1.06698763	29.1242981	0.98931097	0.1038346095279206	0.0116308	0.00162
-0.0392	0.1224	0.0133	-0.0014014993893514465	-0.0025045474766118626	-0.003127630019573839	1.3131609	35.84379578	1.09562532	0.24827212102609028	0.0135617	0.00312
-0.0377	0.1455	0.1159	-0.0015289084247470327	-0.0026668630970473357	-0.002769837522915001	1.38140929	37.70669174	1.11821239	0.15957585762449483	0.0149912	0.00435
-0.0206	0.0507	-0.0132	-0.0016702800941585732	-0.0024242623310201236	-0.0027349309378751144	1.28497171	35.07434845	1.11558614	0.2619439510239319	0.0119032	0.00171
-0.0203	0.0669	-0.0723	-0.0018901915799098587	-0.002518510110627818	-0.0030490902032340936	1.12625194	30.74196434	0.99222715	0.10701592653589793	0.01204	0.00211
-0.0288	0.0484	-0.0819	-0.0019425514574696887	-0.0024713862208239705	-0.0031014500807939236	1.06463063	29.05996132	0.95283569	0.04419218224617537	0.0122961	0.0023
-0.025	0.0643	-0.0252	-0.0018605209826259553	-0.002356194490192345	-0.0028623399732707008	1.14243269	31.18362999	0.95266438	0.0982166156499291	0.0113434	0.00139
-0.02	0.0672	-0.0063	-0.001635373509118687	-0.0023701571242082994	-0.002647664475275398	1.22760224	33.50840378	0.9569155	0.04948928027592627	0.0117208	0.00155
-0.0136	0.0344	-0.0808	-0.0017540558982543013	-0.002331759880664424	-0.0027593655474030345	1.17686808	32.1235733	0.97163493	0.1271390352403563	0.0116503	0.00173
-0.0182	0.0356	-0.1039	-0.0016179202165987434	-0.002253220064324679	-0.0028221974004748306	1.1694361	31.92071152	0.95717963	0.042775367553354954	0.0112953	0.00165
-0.0223	0.0357	-0.1199	-0.0017051866791984597	-0.0022008601867648495	-0.002823942729726825	1.1809777	32.23574829	1.03916233	0.027268583470577007	0.0136992	0.00241
-0.0284	0.0727	-0.0543	-0.0016196655458507376	-0.0021118483949131386	-0.0026529004630313807	1.13623118	31.01435661	1.01773994	0.12597875959474386	0.0103851	0.00103
-0.0282	0.1653	0.0108	-0.0014311699866353504	-0.002281145332356589	-0.002522000769131806	1.41060257	38.50354767	0.99896003	0.18233460952792063	0.0131436	0.00206
-0.0204	0.0806	-0.002	-0.0014870205226991688	-0.0022636920398366456	-0.0024068090385001802	1.30237448	35.54937363	1.01542652	0.11472477796076938	0.0116259	0.001
-0.0186	0.0133	-0.0449	-0.0016947147036864942	-0.0022060961745208325	-0.0026668630970473357	1.20496047	32.89037704	0.97662283	0.13826720524251468	0.0103877	0.00111
-0.0233	-0.0124	-0.072	-0.0019146261894377795	-0.0022462387473167022	-0.0026546457922833754	1.12843382	30.8015213	0.95775537	0.07111356816555577	0.0106676	0.00121
-0.0299	0.089	-0.0714	-0.00182212373908208	-0.002064724505109292	-0.0025394540616517493	1.06099594	28.96074677	0.96789302	0.12806042115973676	0.0108998	0.00132
-0.0235	0.1207	-0.0155	-0.0014660765716752368	-0.002007128639793479	-0.0023998277214922034	1.285671	35.09343719	0.97709666	0.1216634686441101	0.0111035	0.0013
-0.014	0.1003	-0.0369	-0.0015690509975429022	-0.0020717058221172693	-0.0023125612588924867	1.21083224	33.05065155	0.99530913	0.06404090353955863	0.0113397	0.0012
-0.0147	0.0001	-0.1056	-0.0016790067404185449	-0.0019792033717615696	-0.0026022859147235454	1.21045947	33.04047775	1.03015188	0.19420914245312	0.0109162	0.00142
-0.021	0.0415	-0.1376	-0.0018343410438460403	-0.0019373154697137059	-0.0025080381351158514	1.14259052	31.18793869	0.97521053	0.09427349925415264	0.0113367	0.00129
-0.0285	0.0373	-0.0844	-0.001965240737745615	-0.0017889624832941875	-0.0025481807079117207	1.04480827	28.51889229	0.96320202	0.08086976265574813	0.0107084	0.00071
-0.0259	0.0991	0.0021	-0.0017296212887263805	-0.00199142067652553	-0.0023125612588924867	1.39354146	38.03784943	1.00865595	0.18458485456349052	0.0108694	0.00115
-0.0133	0.0676	0.007	-0.0016458454846306526	-0.002131047016685076	-0.0022706733568446224	1.20191789	32.80732727	0.9665155	0.06226450231515693	0.0107894	0.00091
-0.0165	0.0377	-0.0551	-0.001541125729510993	-0.0021135937241651332	-0.002509783464367846	1.1708566	31.95948601	0.97234425	0.11326415775814132	0.0103129	0.00114
-0.0237	0.0032	-0.0818	-0.0016283921921107093	-0.0021799162357409173	-0.0026720990848033187	1.12085903	30.59476089	0.97821078	0.08419522973054862	0.0105425	0.00142
-0.0257	0.0779	-0.0928	-0.001973967384005587	-0.0019826940302655584	-0.0027052603405912107	1.06586719	29.09371185	0.97420424	0.11649793265790644	0.0109928	0.00121
-0.028	0.1125	-0.0657	-0.0016982053621904826	-0.0019355701404617114	-0.002565634000431664	1.29731572	35.41128922	0.97681356	0.0871256125889249	0.0112678	0.00155
-0.0252	0.1453	0.0007	-0.0016057029118347831	-0.0020839231268812296	-0.0023125612588924867	1.29966748	35.47548294	0.99983757	0.12669640891571976	0.0116962	0.00108
-0.0169	0.0874	-0.0382	-0.001785471824790199	-0.002178170906488923	-0.0025551620249196984	1.20540082	32.90239716	0.97810602	0.13093087292951605	0.0105973	0.00106
-0.0214	0.0459	-0.0555	-0.0017994344588061536	-0.0022200588085367874	-0.0025551620249196984	1.12168109	30.61719894	0.97379086	0.06609252680319094	0.0107479	0.00123
-0.0247	0.0881	-0.0615	-0.002015855286053451	-0.00204378055408536	-0.0025446900494077327	1.02104902	27.87036514	0.93750213	0.07165855286053452	0.0106026	0.00103
-0.0235	0.074	-0.0112	-0.001933824811209717	-0.0019826940302655584	-0.002436479635784084	1.40114641	38.24543381	0.97589665	0.0781663706143592	0.0110593	0.00106
-0.0196	0.1192	0.0609	-0.0016842427281745281	-0.002165953601724963	-0.0022200588085367874	1.2947675	35.34173203	1.02070001	0.15366312408709448	0.0119135	0.0013
-0.0166	0.1527	0.0565	-0.0015358897417550098	-0.002239257430308725	-0.0022218041377887812	1.09065926	29.77043152	0.9485725	0.05207010721276372	0.0116848	0.0018
-0.0135	0.0159	-0.0213	-0.0016126842288427606	-0.0022060961745208325	-0.0025237460983838006	1.0907011	29.77157402	1.02558279	0.23829488517353312	0.00983196	0.00083
-0.0174	0.0049	-0.0612	-0.0017208946424664088	-0.002253220064324679	-0.002712241657599188	1.08477056	29.60969543	0.96361787	0.07199149313214412	0.0107727	0.00127
-0.0184	0.0768	-0.0803	-0.0019093902016817967	-0.0021013764194011725	-0.0026755897433073067	1.03791285	28.33067513	0.95296284	0.1108495559215388	0.0110869	0.00123
-0.0235	0.0403	-0.0165	-0.0017034413499464657	-0.0018727382873899156	-0.002535963403147761	1.48707557	40.59093857	1.01724716	0.13411066619530668	0.0113026	0.0012
-0.0173	0.1119	0.0138	-0.0017418385934903407	-0.0021467549799530253	-0.0023352505391684127	1.30410862	35.59670639	1.0106949	0.13375634000431663	0.011411	0.00115
-0.0102	0.072	-0.0676	-0.0015707963267948967	-0.002087413785385218	-0.002570869988187647	1.19025064	32.48886108	1.00395475	0.1517001455141243	0.0106404	0.00085
-0.0174	0.0063	-0.0832	-0.0018046704465621369	-0.0021170843826691216	-0.0026441738167714093	1.14889777	31.36009979	0.976351	0.10534242728174528	0.0107644	0.00106
-0.0175	0.0709	-0.0788	-0.001843067690106012	-0.002064724505109292	-0.0026581364507873638	1.15821123	31.61431885	0.97030112	0.07433598775598298	0.0109953	0.00123
-0.0194	0.1609	0.0172	-0.0016824973989225337	-0.00210835773640915	-0.0023492131731843676	1.4129765	38.56834412	1.08601572	0.2135563400043166	0.0131471	0.00145
-0.0098	0.1083	0.0009	-0.0017872171540421933	-0.0021275563581810873	-0.0024190263432641405	1.23768294	33.78356552	0.99916558	0.08818657734856847	0.0108199	0.00086
-0.0067	0.0163	-0.051	-0.0017540558982543013	-0.0021153390534171274	-0.002570869988187647	1.15584648	31.54977226	0.99943521	0.15686111027376792	0.0106522	0.00103
-0.0109	0.0329	-0.0689	-0.002005383310541485	-0.002090904443889207	-0.0026092672317315226	1.05031431	28.66918373	0.95837599	0.054407963267948986	0.0104951	0.00103
-0.0169	0.1329	-0.0026	-0.001837831702350029	-0.0021607176139689798	-0.002617993877991494	1.23583448	33.73310852	1.00289142	0.18460457122656	0.0118545	0.00127
-0.0116	0.1216	0.066	-0.0020315632493213996	-0.0022060961745208325	-0.002178170906488923	1.29621112	35.38113785	1.04037301	0.1191466539512897	0.0122441	0.00138
0.0004	0.0522	-0.0445	-0.0018552849948699724	-0.002145009650701031	-0.0025761059759436306	1.29740465	35.41371536	1.07274404	0.2236649923862968	0.0108083	0.00098
-0.0121	0.006	-0.1032	-0.0019896753472735357	-0.001932079481957723	-0.002567379329683659	1.23232377	33.63727951	1.02930266	0.13520235837034214	0.0112518	0.00136
-0.0162	0.1113	-0.0663	-0.0020315632493213996	-0.0019024088846738192	-0.0026057765732275338	1.18188918	32.26062775	1.00846424	0.15179778714378211	0.0116972	0.00167
-0.0201	0.1086	0.0304	-0.0020751964806212577	-0.0020717058221172693	-0.0023596851486963333	1.32811856	36.25207901	1.12185973	0.12625107966372542	0.0119234	0.00135
-0.01	0.0891	-0.0381	-0.002239257430308725	-0.0019774580425095754	-0.0023963370629882146	1.1965729	32.66143036	1.02048902	0.11284803217935215	0.0107302	0.00121
-0.0013	0.0286	-0.0772	-0.0020176006153054447	-0.0019949113350295183	-0.0024870941840919192	1.19295847	32.56277466	0.9989978	0.1247933614313464	0.0107028	0.00106
-0.0051	0.0972	-0.0839	-0.002012364627549462	-0.0019687313962496035	-0.002380629099720265	1.1126821	30.37156487	0.97399756	0.08599405054537756	0.0108764	0.00117
-0.0088	0.0965	0.0614	-0.0023282692221604354	-0.0021519909677090087	-0.002169444260228951	1.15078115	31.41150856	1.08699018	0.18521745027808464	0.0112856	0.00097
-0.0017	0.1092	0.0181	-0.0020315632493213996	-0.0019722220547535923	-0.002106612407157156	1.14311385	31.20222282	0.95188256	0.09006533694331238	0.0105655	0.00092
-0.005	-0.0019	-0.0468	-0.0020629791758572974	-0.001980948701013564	-0.0022968532956245376	1.27198029	34.71973801	1.04260385	0.19081917306316257	0.0112495	0.00115
-0.0003	0.0739	-0.0822	-0.0017889624832941875	-0.001970476725501598	-0.0022951079663725434	1.26255798	34.4625473	0.99454891	0.13021169986635348	0.0110153	0.00097
-0.0081	0.1278	-0.0352	-0.0018500490071139892	-0.0020734511513692635	-0.002256710722828668	1.22940063	33.5574913	1.01546051	0.11882290966156712	0.0109968	0.00135
-0.0028	0.1314	0.0056	-0.0018692476288859267	-0.0019303341527057286	-0.0020263272615654165	1.35653818	37.02781296	0.99994031	0.06933495408493619	0.0107089	0.00105
-0.0081	0.0601	0.0008	-0.002267182698340634	-0.0017400932642383465	-0.0021275563581810873	1.24432433	33.96484756	0.99057658	0.11587025272688797	0.0111395	0.001
-0.0098	0.0622	-0.0046	-0.0022200588085367874	-0.0017959438003021652	-0.0020245819323134223	1.28669488	35.12138367	0.97125974	0.019497442586766504	0.00987464	0.00085
-0.0328	0.0039	0.1112	-0.002900737216814576	-0.002129301687433082	-0.00042935099599060504	1.33892751	36.54711533	1.21323305	0.32756336158657606	0.0125517	0.00224
-0.0343	0.1124	0.1795	-0.002811725424962865	-0.0023544491609403502	-0.0004310963252425994	1.17821431	32.16032028	1.09653072	0.19409522973054863	0.0151778	0.00295
-0.0162	0.042	0.1819	-0.002234021442552742	-0.002165953601724963	-0.0004537856055185257	1.09925008	30.00492668	0.98184469	0.13034444109507184	0.0140122	0.00206
0.0057	-0.0087	0.0613	-0.0020769418098732523	-0.0019460421159736775	-0.0004328416544945937	1.2521714	34.179039	1.06566567	0.21309675347273527	0.010819	0.00064
0.0069	-0.0076	0.0053	-0.0022497294058206906	-0.001778490507782222	-0.0008220500776893293	1.23824489	33.79890442	0.99953526	0.09477738136668144	0.0096339	0.00067
0.0082	0.0159	-0.0273	-0.0023003439541285265	-0.001748819910498318	-0.0010000736613927507	1.21390581	33.13454819	0.99615414	0.07031543646475807	0.0094282	0.00061
0.0075	0.0661	-0.051	-0.0023876104167282427	-0.0016057029118347831	-0.0008656833089891874	1.09569681	29.907938	0.96269556	0.09283869068334072	0.00905806	0.00053
0.0041	0.0637	0.0063	-0.001970476725501598	-0.0016458454846306526	-0.0008011061266653974	1.24888945	34.08945465	0.96913115	0.0891926723173152	0.00932008	0.00045
0.0131	0.112	0.0386	-0.0019687313962496035	-0.0015428710587629874	-0.0004206243497306334	1.25876331	34.35897064	0.98769255	0.11386007660272118	0.0102244	0.00064
0.0207	0.0005	0.0121	-0.0018936822384138475	-0.001504473815219112	-0.0005096361415823442	1.25924838	34.37221146	1.02233089	0.15572290966156713	0.00851589	0.00062
0.0207	0.0186	-0.0046	-0.0019111355309337906	-0.0015899949485668342	-0.0005026548245743669	1.17807817	32.15660477	0.96937779	0.04029778714378213	0.00823629	0.00045
0.0192	0.0023	-0.0189	-0.0022113321622768156	-0.001467821900927231	-0.0003822271061867582	1.03985679	28.38373947	0.93121688	0.05923986986851183	0.00825602	0.00036
0.0146	0.0904	0.0355	-0.0022200588085367874	-0.001462585913171248	-0.00039968039870670147	1.41096306	38.51338577	0.9949308	0.1486707963267949	0.0100313	0.00065
0.021	0.0743	0.0562	-0.002134537675189065	-0.001509709802975095	-0.00032812189937493397	1.2588973	34.36262894	0.98118835	0.05341017612416685	0.00942117	0.00041
0.0265	0.0214	-0.0355	-0.0020176006153054447	-0.001514945790731078	-0.0005270894341022875	1.2082994	32.98151779	1.01640706	0.16615702911834787	0.0079776	0.00044
0.0116	0.0347	-0.0541	-0.002309070600388498	-0.0013177235852557187	-0.0005550147021341969	1.09675705	29.9368763	0.94473407	0.0726308729295161	0.00807625	0.00032
0.0061	0.0238	0.0124	-0.0019250981649497454	-0.001244419756671957	-0.0004485496177625427	1.37203324	37.4507637	0.99318262	0.1110870674197084	0.00877035	0.00048
0.0096	0.0672	0.1316	-0.0015847589608108511	-0.0015079644737231008	-7.853981633974481e-05	1.36961055	37.38463593	1.08064806	0.21479468613064176	0.0113987	0.00092
0.014	0.063	0.0838	-0.0015289084247470327	-0.0013386675362796509	1.3962634015954635e-05	1.12666643	30.75327682	0.97848711	0.07228249619314839	0.00907946	0.00065
0.0171	-0.0275	0.0001	-0.001609193570338772	-0.001356120828799594	-0.0001256637061435917	1.09315896	29.83866501	1.00644962	0.18916823891356144	0.00836617	0.0007
0.011	-0.0207	-0.0112	-0.001912880860185785	-0.0013596114873035826	-9.42477796076938e-05	1.09308529	29.83665466	0.9613575	0.041129693744344976	0.00879413	0.00042
0.0073	0.0601	0.0362	-0.0019495327744776662	-0.0013456488532876281	1.3962634015954635e-05	1.22778082	33.51327896	0.98953037	0.13984124809657417	0.00901818	0.00055
0.011	0.0467	0.0846	-0.0017313666179783749	-0.0013055062804917586	0.000317649923862968	1.2862705	35.10980225	1.01429887	0.09359980095710867	0.0106664	0.00071
0.0216	-0.0077	0.0286	-0.0016458454846306526	-0.0012217304763960308	0.00019547687622336493	1.23654318	33.75245285	1.00882793	0.13557349925415263	0.00840652	0.00048
0.0178	-0.0253	-0.0042	-0.0017837264955382047	-0.0012426744274199627	0.00015533430342749534	1.18710744	32.40306473	0.99022189	0.06414837673636767	0.00809067	0.00039
0.0165	0.009	-0.0219	-0.002050761871093337	-0.0011030480872604163	0.00028623399732707005	1.0430423	28.47068977	0.92386436	0.08017807048071267	0.00792944	0.00036
0.0166	0.1105	0.0078	-0.0018709929581379211	-0.000947713783832921	0.00035081117965086024	1.41475475	38.61688232	0.99066076	0.15128401993533505	0.00946748	0.00059
0.0253	0.1162	0.0449	-0.001895427567665842	-0.0011903145498601325	0.0004939281783143952	1.27526152	34.80930328	0.96812321	0.07200761871093336	0.00949746	0.00064
0.0274	0.0452	-0.0118	-0.0017889624832941875	-0.0013369222070276565	0.0003892084231947355	1.19593763	32.64409256	1.00000315	0.14768962483294196	0.00790179	0.00039
0.0182	0.005	-0.039	-0.002054252529597326	-0.0012217304763960308	0.00042935099599060504	1.14789331	31.33268356	0.98472848	0.09763121748653168	0.00847846	0.00055
0.0146	0.0158	-0.0358	-0.002251474735072685	-0.0010559241974565693	0.0003438298626428829	1.03365839	28.21454811	0.95387707	0.040027480888127125	0.00842768	0.00042
0.0158	0.161	0.0333	-0.0019303341527057286	-0.0009616764178488756	0.0005881759579220891	1.38870335	37.90578842	1.05448095	0.2484867228626928	0.0100847	0.00068
0.0271	0.1214	0.0323	-0.0016441001553786586	-0.0010629055144645468	0.0008639379797371932	1.2162354	33.19813538	0.97240567	0.08506125578789225	0.00954795	0.00047
0.0369	-0.0514	-0.0371	-0.0017226399717184032	-0.0009337511498169664	0.0007225663103256524	1.29225659	35.27319717	1.07785027	0.26945329251994327	0.00836748	0.00052
0.0375	-0.0113	-0.062	-0.0018832102629018814	-0.0009651670763528643	0.0007208209810736582	1.12348962	30.66656494	0.96799402	0.07528657734856851	0.00820929	0.00039
0.0321	0.0797	-0.0692	-0.0019774580425095754	-0.0007155849933176752	0.0008133234314293575	1.06624472	29.10401726	0.99687235	0.12541661564992912	0.00913435	0.00061
0.0334	0.0968	-0.0213	-0.0017872171540421933	-0.0007033676885537148	0.00091106186954104	1.44114876	39.33732986	1.00170456	0.08130983156715123	0.00949574	0.00068
0.0397	0.0628	0.0268	-0.0016441001553786586	-0.0007976154681614085	0.0011117747335203881	1.32351947	36.12654114	1.00181499	0.11030388211252884	0.00904179	0.00045
0.0472	0.0372	-0.0198	-0.0015987215948268059	-0.0008150687606813518	0.0011850785621041497	1.17736292	32.13708115	1.00085634	0.08650678408277787	0.00755864	0.00038
0.0392	0.015	-0.0411	-0.0016964600329384882	-0.0007627088831215222	0.0010978120995044332	1.10929918	30.2792263	0.95295714	0.06336823891356141	0.00752872	0.00035
0.0323	0.0328	-0.0505	-0.0017941984710501708	-0.0006387905062299246	0.0009913470151327792	1.07225633	29.26811028	0.90843457	0.05050609496874671	0.00783771	0.00023
0.0277	0.0404	-0.0031	-0.001626646862858715	-0.0006370451769779302	0.0011047934165124105	1.23755431	33.78005219	0.97664019	0.07373716694115408	0.00863981	0.00062
0.0371	0.063	0.0509	-0.0017156586547104257	-0.0007888888219014368	0.0012356931104119853	1.26646626	34.56922913	0.99708165	0.1045877565337396	0.00842005	0.0005
0.0463	0.0506	-0.0033	-0.0015969762655748114	-0.0008168140899333463	0.00119729586686811	1.14675415	31.30158806	0.98624097	0.08505024503556995	0.00761002	0.00052
0.0472	0.0112	-0.0425	-0.001689478715930511	-0.000710349005561692	0.0013386675362796509	1.14772105	31.32798004	1.01180232	0.09651696020694472	0.0085246	0.0005
0.0432	0.0532	-0.0456	-0.001726130630222392	-0.0006370451769779302	0.001186823891356144	1.18790221	32.42475891	0.95428724	0.06218996938995748	0.00854307	0.00038
0.0275	0.0419	0.0996	-0.0019617500792416262	-0.0010192722831646884	0.0010122909661567112	1.42289066	38.83895874	1.16789749	0.21181897402027128	0.010692	0.00101
0.0254	0.0754	0.1479	-0.002183406894244906	-0.0013037609512397642	0.0009494591130849152	1.20277417	32.83069992	1.02268585	0.1123488668075076	0.0113966	0.00105
0.0339	-0.0242	0.0555	-0.001912880860185785	-0.0009843656981248017	0.0008970992355250854	1.05804992	28.88033295	1.0010191	0.23261405823669568	0.00912052	0.00058
0.0345	-0.0165	0.0047	-0.0018675022996339327	-0.0009302604913129776	0.0008813912722571365	1.10317504	30.11206055	0.97601318	0.06485958653158126	0.00905555	0.00067
0.0352	0.0018	-0.0151	-0.0019390607989657003	-0.0007871434926494425	0.0009616764178488756	1.06394875	29.0413475	0.9362621	0.05354803217935209	0.00851601	0.00038
0.0413	0.0925	0.0407	-0.0016196655458507376	-0.0007155849933176752	0.0012897983172238095	1.46055889	39.86714554	1.01547437	0.1885537825910832	0.0101627	0.00079
0.0493	0.0842	0.0131	-0.001673770752662562	-0.0007417649320975902	0.0014172073526193955	1.23962522	33.83657837	0.97545185	0.054284709049366255	0.00908619	0.00042
0.0483	0.0187	-0.027	-0.001626646862858715	-0.0008604473212332044	0.001239183768915974	1.17985761	32.20517349	0.97572668	0.12379149313214415	0.00791413	0.0005
0.0462	-0.0152	-0.0396	-0.0018971728969178364	-0.000614355896702004	0.0011693705988362008	1.09124672	29.78646851	0.9386318	0.07792153143350473	0.00821722	0.00039
0.041	0.0166	-0.0314	-0.0016528268016386303	-0.0005078908123303499	0.001324704902263696	1.6036756	43.77363205	1.01049601	0.07050727415391776	0.00974524	0.00092
0.0542	0.1073	0.0278	-0.0013753194505715315	-0.000640535835481919	0.001387536755335492	1.4322077	39.09327698	1.01732263	0.1867492113645232	0.00921088	0.00048
0.0629	-0.0177	0.0125	-0.001054178868204575	-0.000710349005561692	0.0017174039839624202	1.19071567	32.50155258	1.05324518	0.18504104905368288	0.00897604	0.00105
0.0589	-0.0121	-0.0057	-0.001556833692778942	-0.0005218534463463045	0.001572541656046891	1.10563815	30.17929268	0.9994745	0.06960063558526416	0.00800472	0.00042
0.0549	0.0269	-0.0325	-0.0017540558982543013	-0.0006003932626860494	0.0014346606451393388	1.14211786	31.17503738	0.93549136	0.09048215163613281	0.00822586	0.00042
0.0484	0.1034	0.0184	-0.0017435839227423352	-0.0006283185307179585	0.0013631021458075715	1.31988859	36.0274353	1.02356477	0.13939778714378215	0.00919539	0.00048
0.0356	0.0385	0.1669	-0.0020664698343612863	-0.0010960667702524388	0.0012426744274199627	1.37505317	37.5331955	1.15898504	0.271753093477052	0.0122425	0.00118
0.0464	0.0201	0.0957	-0.0018029251173101424	-0.0010611601852125523	0.0011327186845443199	1.14313483	31.20279503	1.0338754	0.12082035224833364	0.00952905	0.00052
0.0453	-0.0711	0.0082	-0.0021258110289290935	-0.0007016223593017205	0.0011100294042683937	1.13091195	30.86916161	1.02621672	0.2150556508902854	0.00863153	0.00044
0.0449	0.0099	-0.0313	-0.0019495327744776662	-0.00048171087355043494	0.0010053096491487337	1.20405293	32.8656044	0.96392196	0.14594547476611866	0.00840479	0.00047
0.0476	0.093	-0.0068	-0.0016336281798666925	-0.0006073745796940267	0.0010454522219446034	1.33039773	36.31428909	1.00083164	0.13438554367752173	0.00894409	0.00064
0.0558	0.128	0.0354	-0.0012723450247038664	-0.0008133234314293575	0.0011780972450961724	1.25359356	34.21785736	1.00094428	0.12039385150248633	0.0091387	0.00061
0.0562	0.0381	0.0664	-0.001155407964820246	-0.0009494591130849152	0.0013456488532876281	1.1159246	30.46006966	0.99242269	0.14233121748653169	0.0084784	0.0005
0.0565	-0.0353	0.0199	-0.0016720254234105676	-0.0007138396640656808	0.001377064779823526	1.07109046	29.23628807	0.95668799	0.15938264170727265	0.00807327	0.0002
0.0607	0.0546	-0.0462	-0.001635373509118687	-0.0006667157742618339	0.001350884841043611	1.2648766	34.52583694	0.9877259	0.1656977871437821	0.0087378	0.00039
0.0558	0.0691	-0.0592	-0.0015969762655748114	-0.0005270894341022875	0.0013334315485236678	1.23190081	33.62573624	0.94880353	0.042173843811168246	0.00904596	0.00055
0.0524	-0.0069	-0.034	-0.001439896632895322	-0.0005462880558742252	0.0012217304763960308	1.24462545	33.97306442	0.98470006	0.1189989663289532	0.00790781	0.00036
0.0475	0.1321	0.037	-0.0013578661580515882	-0.0008237954069413235	0.0013683381335635543	1.24207437	33.90343094	1.06607006	0.24020727415391777	0.00883836	0.00053
0.057	0.0519	0.0286	-0.0012531464029319286	-0.0006998770300497262	0.0014957471689591403	1.34666049	36.75819397	0.9843882	0.11590235837034214	0.00828254	0.00062
0.0614	-0.0327	0.0005	-0.0009773843811168245	-0.0005288347633542819	0.0017767451785302276	1.298545	35.44484329	1.00699069	0.1534901149040818	0.0112497	0.00138
0.0576	0.0169	-0.0097	-0.0002024581932313422	-0.0007452555906015787	0.0016929693744344998	1.41317534	38.57377243	1.06080768	0.11735614096142535	0.0116081	0.00203
0.0476	0.0596	0.006	-0.0007679448708775049	-0.0006824237375297829	0.001609193570338772	1.21769929	33.23809433	1.00779651	0.1040047167406843	0.00821811	0.00053
0.0503	0.0423	0.0055	-0.000926769832808989	-0.0005532693728822024	0.0014870205226991688	1.00713956	27.49069405	0.91762329	0.04100761871093338	0.00844651	0.00039
0.0482	0.0428	0.037	-0.00102799892942466	-0.0006632251157578452	0.001382300767579509	1.24947703	34.10549164	0.94940384	0.04989522973054868	0.00849879	0.00044
0.0385	0.0333	0.0484	0.0006387905062299246	-0.0010716321607245184	0.001572541656046891	1.34113967	36.60749817	1.10781131	0.143871868454432	0.0118259	0.00283
0.0546	-0.0422	0.062	-0.0010559241974565693	-0.00040666171571467877	0.001595230936322817	1.33394992	36.41125107	1.12451336	0.224318721448613	0.00930667	0.00059
0.0627	-0.0048	0.054	-0.0008168140899333463	-0.0005480333851262194	0.001759291886010284	1.09825075	29.97764778	0.97100419	0.08072713633111153	0.00940722	0.00077
0.0612	-0.0854	0.0314	-0.0012374384396639797	-0.0003682644721708035	0.0017348572764823637	1.03139246	28.15269661	0.9480552	0.13594139361069849	0.00957316	0.00064
0.0645	-0.0171	0.0269	-0.001223475805648025	-0.00029845130209103034	0.0016545721308906245	1.22230291	33.36375427	0.94571179	0.08430304748437334	0.00928551	0.00059
0.0709	0.03	0.0871	-0.000609119908946021	-0.0004939281783143952	0.0018448130193580064	1.43288696	39.11181641	1.0369075	0.1637036830696375	0.0116746	0.00089
0.0748	0.075	0.0565	-0.0007435102613495844	-0.0004625122517784973	0.0019146261894377795	1.23317277	33.6604538	1.00260241	0.0912809724509617	0.00899124	0.00064
0.0712	-0.0746	0.0491	-0.001361356816555577	-0.000439822971502571	0.0018046704465621369	1.168401	31.89245796	1.02445043	0.19812457891787807	0.0098418	0.00064
0.0687	-0.0239	0.0203	-0.0015306537539990272	-0.000307177948351002	0.0017470745812463236	1.26698637	34.58342361	0.95977655	0.0999768912955416	0.00949681	0.00077
0.067	0.0366	0.0307	-0.0013945180723434693	-0.00034906585039886593	0.0017418385934903407	1.26028132	34.40040588	0.98537849	0.08176297857297023	0.00903809	0.00048
0.0681	0.0042	0.0867	-0.0012112585008840647	-0.000466002910282486	0.0018291050560900572	1.20209122	32.8120575	0.99734544	0.10887315469713704	0.0100559	0.00086
0.0722	0.0008	0.09	-0.0011850785621041497	-0.0005375614096142535	0.001996656664281513	1.03435421	28.23353958	0.95532643	0.024064502315156916	0.00997257	0.00065
0.0724	-0.0873	0.0669	-0.0015498523757709647	-0.0003054326190990077	0.002131047016685076	1.04154181	28.42973137	0.95531149	0.1479646478292812	0.0106763	0.00064
0.0681	0.0043	0.0396	-0.0014974924982111347	-0.0003473205211468716	0.00199142067652553	1.08580494	29.63792992	0.95849432	0.134893705988362	0.00994718	0.00083
0.0643	-0.021	0.0355	-0.0016179202165987434	-0.0002617993877991494	0.001980948701013564	1.18205893	32.2652626	0.96032167	0.04402104136236484	0.0102147	0.00083
0.0632	0.0274	0.1076	-0.001281071670963838	-0.0004974188368183839	0.0021519909677090087	1.26035988	34.40254974	1.0197893	0.1587755130674792	0.0113283	0.0012
0.0802	0.0706	0.0981	-0.0011117747335203881	-0.0007190756518216638	0.002282890661608583	1.1335752	30.94185829	1.02246151	0.0957926723173152	0.0117715	0.00117
0.0781	-0.0011	0.0964	-0.0010576695267085637	-0.0007382742735936014	0.002209586833024821	1.10217261	30.08469772	0.99173361	0.08283038285837621	0.0107741	0.00074
0.0752	-0.0613	0.0959	-0.0018552849948699724	-0.0006003932626860494	0.0020856684561332234	1.07311428	29.29152679	0.97623493	0.11657074279802793	0.0114767	0.00085
0.0749	-0.0311	0.0866	-0.0018081611050661253	-0.0004328416544945937	0.0018325957145940458	1.09567857	29.90744019	0.95720383	0.06318741197672403	0.0112069	0.0008
0.0652	0.0609	0.1192	-0.0016615534478986017	-0.00042760566673861073	0.0019582594207376374	1.31325841	35.84645844	1.04357738	0.14817536755335492	0.0121783	0.00109
0.0769	0.0435	0.1184	-0.0017208946424664088	-0.0006911503837897545	0.0020525072003453313	1.25558293	34.27215958	1.01466803	0.05075668456133224	0.0117559	0.00089
0.0833	-0.0152	0.0875	-0.0016423548261266642	-0.0006702064327658224	0.0019373154697137059	1.15138507	31.42799377	0.97209457	0.10673377489976511	0.0100833	0.00068
0.0817	-0.0315	0.0547	-0.001706932008450454	-0.0006771877497737998	0.0019408061282176943	1.12814116	30.79353333	0.95639328	0.054452457891787785	0.00916255	0.00061
0.0792	-0.0419	0.0284	-0.0016039575825827887	-0.0004363323129985824	0.0018971728969178364	1.44338918	39.39848328	0.97420642	0.05857315469713702	0.0097698	0.00088
0.0812	-0.0032	0.1044	-0.0014922565104551516	-0.0006108652381980154	0.0019826940302655584	1.35684502	37.03619003	1.0142664	0.1352877565337396	0.011367	0.00056
0.0721	0.0821	0.1592	-0.001574286985298885	-0.0008831366015091308	0.0018343410438460403	1.2786485	34.90175247	1.03528319	0.17433274122871836	0.0121953	0.00115
0.0747	0.0302	0.1026	-0.001572541656046891	-0.000778416846389471	0.0016929693744344998	1.04188311	28.43904877	0.95898618	0.12349183768915972	0.00960177	0.00036
0.0764	-0.0459	0.0656	-0.0019722220547535923	-0.0005445427266222308	0.0017208946424664088	1.06506205	29.07173729	0.98660315	0.14787398932529247	0.0111762	0.00092
0.0751	-0.0093	0.0456	-0.0019163715186897737	-0.00039968039870670147	0.0016598081186466073	1.02650058	28.01917076	0.94646191	0.07098996938995747	0.0102911	0.00088
0.0655	0.0654	0.1243	-0.0018744836166419098	-0.00048520153205442357	0.0017662732030182616	1.42058218	38.77594757	1.063281	0.17469370598836198	0.0120689	0.00117
0.0702	0.1093	0.1768	-0.0016842427281745281	-0.0007243116395776468	0.002124065699677099	1.20475554	32.8847847	0.97520055	0.14045717463247212	0.0140173	0.00192
0.0759	-0.0434	0.1449	-0.0016231562043547262	-0.0006981317007977319	0.0021118483949131386	1.15237093	31.45490456	1.03493845	0.19527418836818383	0.0120189	0.00109
0.0779	-0.0718	0.0934	-0.001609193570338772	-0.0005707226654021458	0.0018570303241219666	1.10862708	30.26087761	0.97786118	0.10170948701013562	0.0108818	0.00079
0.0726	-0.0415	0.0468	-0.001811651763570114	-0.00042760566673861073	0.001790707812546182	1.106709	30.2085228	0.96993488	0.10279488517353308	0.00970477	0.00052
0.0698	-0.0769	0.0506	-0.0018168877513260971	-0.0002548180707911721	0.00182212373908208	1.22540033	33.44829941	0.96208704	0.05247197551196598	0.0101881	0.00058
0.0747	-0.0114	0.1352	-0.0014974924982111347	-0.0006492624817418905	0.0020193459445574393	1.49534023	40.81652832	1.08059888	0.200553093477052	0.0136146	0.00115
0.0739	0.0276	0.1512	-0.001710422666954443	-0.0005846852994181004	0.0023125612588924867	1.28713906	35.13351059	1.02661383	0.08433613327010729	0.0118256	0.00115
0.0759	-0.0368	0.1239	-0.0020210912738094335	-0.000486946861306418	0.0022724186860966175	1.11293614	30.37849998	0.96902231	0.11612748088812712	0.0111362	0.00068
0.076	0.0053	0.0797	-0.0018483036778619948	-0.0002583087292951608	0.00210835773640915	1.30231106	35.54764175	0.95197433	0.11467433388230816	0.00971383	0.00082
0.0788	-0.0076	0.0656	-0.0019495327744776662	-0.00031415926535897925	0.0020245819323134223	1.2862308	35.10871887	0.97457262	0.041842771838760874	0.00994366	0.0005
0.0734	-0.0086	0.1396	-0.001973967384005587	-0.0004991641660703782	0.002176425577236929	1.25486922	34.25267792	1.00197134	0.09846415775814131	0.0116774	0.0008
0.0764	0.0672	0.1526	-0.002139773662945048	-0.0005724679946541401	0.0024277529895241124	1.09835196	29.98040962	0.98392315	0.1163218759905203	0.0116264	0.00092
0.0812	-0.0856	0.1032	-0.002054252529597326	-0.0003682644721708035	0.002169444260228951	1.14151907	31.15869141	1.02275575	0.234401669256311	0.0114818	0.00085
0.0781	0.0052	0.073	-0.0016790067404185449	-0.00046949356878647465	0.0020280725908174107	1.43462574	39.15927887	1.02648476	0.1549923277602996	0.0109884	0.00048
0.0662	0.0529	0.1414	-0.001785471824790199	-0.0005235987755982988	0.0020298179200694054	1.38315701	37.75439835	1.02398598	0.13611578102177363	0.0110536	0.00083
0.0667	0.1146	0.1784	-0.0022270401255447643	-0.0006126105674500097	0.002314306588144481	1.08246219	29.54668617	0.97508339	0.1399534380340676	0.0130616	0.00159
0.0713	-0.0621	0.1316	-0.001932079481957723	-0.00041015237421866745	0.002267182698340634	1.15849924	31.62218094	1.05149907	0.25532713633111154	0.0121012	0.00091
0.07	-0.0393	0.0973	-0.0017994344588061536	-0.0002495820830351891	0.002256710722828668	1.23797178	33.79144669	0.99361759	0.07358436449235069	0.0115768	0.00074
0.0744	0.0307	0.0792	-0.0015393804002589986	-0.0003525565089028545	0.0021519909677090087	1.24749029	34.0512619	0.98602417	0.11588741197672396	0.00999314	0.00055
0.0634	0.0352	0.1374	-0.001574286985298885	-0.00048345620280242926	0.0021170843826691216	1.20405746	32.86573029	1.00649303	0.0837356431989674	0.0112646	0.001
0.0661	0.0665	0.1647	-0.0016632987771505957	-0.0005707226654021458	0.0022322761133007477	1.08669317	29.66217613	0.96112299	0.07587349925415268	0.0119208	0.00114
0.0657	0.0142	0.1112	-0.0014922565104551516	-0.0003630284844148205	0.002237512101056731	1.18317878	32.29582977	0.98180387	0.12539862177193767	0.0101495	0.00082
0.0628	-0.0899	0.054	-0.001450368608407288	-0.0002495820830351891	0.0021327923459370708	1.30737364	35.68582916	1.028599	0.1772027029273577	0.0108808	0.00065
0.0621	0.0219	0.0528	-0.0013788101090755204	-0.00017453292519943296	0.0021275563581810873	1.30272675	35.55898666	1.03057066	0.12129218224617536	0.00892389	0.0005
0.0548	0.0525	0.114	-0.0012740903539558604	-0.0002722713633111154	0.002281145332356589	1.15527558	31.53418732	0.98869351	0.1169023583703422	0.0105376	0.00088
0.0639	0.05	0.1353	-0.001186823891356144	-0.0003595378259108319	0.0024033183799961914	1.0629679	29.01457405	0.93430888	0.04773529864195176	0.0108461	0.00077
0.0704	0.0554	0.0757	-0.000879645943005142	-0.00022689280275926284	0.0024399702942880727	1.3737061	37.49642563	1.00081861	0.09532374428972264	0.0118039	0.00089
0.0771	-0.0131	0.0459	-0.0009145525280450286	-0.00013264502315156904	0.002230530784048753	1.35037696	36.85963821	1.01662552	0.121929693744345	0.00918692	0.00047
0.0728	0.0126	0.0114	-0.0011536626355682519	-0.00012740903539558605	0.0022636920398366456	1.16443074	31.78408432	0.97198715	0.07837536755335493	0.00817305	0.00058
0.0672	-0.0028	0.0781	-0.0015603243512829306	-8.552113334772214e-05	0.002165953601724963	1.05342925	28.75420952	0.96052038	0.11501440279371128	0.00935882	0.00032
0.0671	0.1003	0.1155	-0.0015289084247470327	-0.00026878070480712676	0.002466150233067988	1.44076455	39.32684326	1.00532984	0.16634360646691637	0.01171	0.00115
0.0801	0.0366	0.0731	-0.0014940018397071458	-0.0002565634000431664	0.002462659574563999	1.23579133	33.73192978	0.97742526	0.1216307274153918	0.010396	0.00068
0.0818	-0.0374	0.0367	-0.0013212142437597075	-0.000317649923862968	0.002186897552748895	1.261042	34.42116928	1.00724697	0.1375818070791172	0.00935578	0.00073
0.06	-0.0267	0.0794	-0.0016231562043547262	-0.0003351032163829112	0.001811651763570114	1.21118236	33.06020737	1.03919303	0.10993205211468712	0.00967729	0.00068
0.0432	0.0363	0.1938	-0.0009948376736367678	-0.0011239920382843482	0.0012095131716320703	1.25892317	34.36333466	1.10530797	0.29516729722787194	0.0134382	0.00139
0.0568	0.0622	0.085	-0.0011641346110802177	-0.000619591884457987	0.0014154620233674013	1.20900345	33.00073242	1.04509576	0.19228229715025713	0.00995404	0.0005
0.0645	-0.0323	0.0055	-0.0013910274138394805	-0.00020420352248333657	0.0015760323145508795	1.23597336	33.73690033	1.01647677	0.22184257279586955	0.00852531	0.00045
0.0703	0.015	-0.0217	-0.0014538592669112763	-0.00028099800957108706	0.001574286985298885	1.22492683	33.43537521	1.00415727	0.08736858347057705	0.00821865	0.00053
0.0596	0.0228	0.0696	-0.0016109388995907662	-0.0002251474735072685	0.0017366026057343581	1.18881691	32.4497261	1.01676398	0.12856228945893908	0.00881118	0.00056
0.0633	0.0516	0.1071	-0.0015132004614790836	-0.0003944444109507184	0.001858775653373961	1.08563435	29.63327408	0.92883282	0.08946042115973676	0.00981122	0.00042
0.0767	-0.0417	0.0573	-0.0014643312424232424	-0.0002513274122871834	0.002005383310541485	1.233688	33.67451859	0.99428452	0.17342969374434497	0.00970733	0.00061
0.0876	0.0203	0.0166	-0.000973893722612836	-0.0003769911184307752	0.0019250981649497454	1.33272731	36.37787628	1.01596629	0.14841931857728685	0.00937986	0.00055
0.0751	-0.0084	0.0644	-0.001382300767579509	-0.0001937315469713706	0.0020734511513692635	1.24872327	34.08491898	1.00757979	0.12600098014227978	0.00875485	0.00036
0.0724	0.0294	0.1141	-0.001296779634231787	-0.000317649923862968	0.0022148228207808044	1.11391163	30.40512466	0.93994626	0.107740558982543	0.0102417	0.00056
0.0807	-0.0379	0.0686	-0.0012932889757277981	-0.00017278759594743863	0.0023282692221604354	1.11888051	30.54075623	0.96344219	0.13418996938995745	0.0101363	0.00067
0.0896	-0.0417	0.0515	-0.0010803588069844899	-0.0001832595714594046	0.0022951079663725434	1.22175157	33.34870529	0.96640564	0.04262817000215832	0.00999784	0.00035
0.0871	0.0185	0.0545	-0.0009512044423369096	-0.00027576202181510406	0.0022026055160168437	1.20629871	32.92690659	0.98058231	0.081407963267949	0.00893986	0.00061
0.0804	0.0764	0.0862	-0.0007435102613495844	-0.0004014257279586958	0.0022043508452688383	1.12591326	30.73271942	0.98951282	0.11305516081914556	0.01078	0.00103
0.0843	0.0338	0.0668	-0.0011798425743481666	-0.0003630284844148205	0.0020298179200694054	1.10074592	30.04575539	0.96483773	0.09836312408709452	0.00940001	0.00038
0.078	-0.0073	0.0498	-0.0013107422682477415	-0.00015707963267948963	0.0020594885173533086	1.2414608	33.88668442	0.97173734	0.08272595714594044	0.00969476	0.00044
0.0813	0.0045	0.0259	-0.0013910274138394805	-0.000296705972839036	0.0018291050560900572	1.23512363	33.71370697	0.96588541	0.06151474735072683	0.00848252	0.00039
0.0718	0.0416	0.0795	-0.0013316862192716734	-0.00034557519189487725	0.0018762289458939042	1.21724498	33.22569275	1.01697688	0.10796671517137477	0.00982863	0.00085
0.0719	0.0116	0.1061	-0.0017121679962064373	-0.0004520402762665313	0.002064724505109292	1.07618868	29.37544632	0.97367751	0.09047212102609029	0.0099836	0.00044
0.0812	-0.0256	0.0392	-0.001574286985298885	-0.00018500490071139895	0.0021223203704251047	1.37100708	37.4227562	0.98321353	0.13652561258892484	0.00951529	0.00067
0.0907	0.0107	0.0003	-0.0015271630954950383	-0.0002251474735072685	0.0019181168479417679	1.29724264	35.40929413	0.98148217	0.09927349925415264	0.0091303	0.00055
0.0793	0.0484	0.066	-0.0015481070465189703	-0.00026354471705114377	0.0019024088846738192	1.26814187	34.61496353	1.00515303	0.11855245789178782	0.00977176	0.00059
0.0626	0.0888	0.1541	-0.0018308503853420514	-0.0005375614096142535	0.0018483036778619948	1.19698834	32.67277145	1.08207203	0.17574326190990075	0.0119858	0.00139
0.0374	0.0373	0.1694	-4.537856055185256e-05	-0.0011257373675363424	0.000726056968829641	1.1728003	32.01253891	1.07446518	0.2667947245872321	0.0127116	0.00156
0.0473	-0.0342	0.0315	-0.0006824237375297829	-0.0005969026041820607	0.0005846852994181004	1.29552329	35.36236191	1.1316199	0.2846625804871877	0.00897115	0.00047
0.0492	0.0018	-0.0516	-0.0016720254234105676	-0.000153588974175501	0.0004136430327226561	1.09435034	29.8711853	1.0359173	0.20119787912913945	0.00966793	0.00073
0.0325	-0.0089	-0.1307	-0.0020106192982974674	0.0001675516081914556	0.00010821041362364843	1.32726359	36.22874069	1.15462815	0.1547583538176432	0.0141518	0.00453
0.0425	-0.0016	-0.212	-0.001668534764906579	0.0004537856055185257	-9.773843811168246e-05	1.38641191	37.84324265	1.11895231	0.14031336912266443	0.0138452	0.00304
0.0527	0.115	-0.3469	-0.0021991148575128553	0.00039095375244672985	-0.0002617993877991494	1.13435256	30.96307755	1.1201863	0.29957364476827686	0.0218778	0.01757
0.0505	0.1364	-0.1612	-0.0015358897417550098	3.490658503988659e-05	-0.0006038839211900379	1.51594937	41.3790741	1.21617026	0.2773678408277788	0.0158257	0.00507
0.0329	0.0062	0.0018	-0.0007731808586334879	0.00034033920413889426	-0.00021642082724729686	1.42664623	38.9414711	1.23566139	0.38358022980816353	0.00928491	0.00089
0.0304	-0.1006	-0.0314	-0.0013578661580515882	0.0002897246558310587	-0.00021467549799530252	1.15289307	31.46915436	1.02946529	0.1743522588488965	0.00889003	0.00055
0.0313	0.0399	-0.0957	-0.0018849555921538759	0.0004747295565424576	-0.00015533430342749534	1.08937716	29.73543549	1.02997853	0.2442717764690747	0.00884962	0.00041
0.0318	0.0262	-0.1238	-0.0019460421159736775	0.0005550147021341969	-2.4434609527920616e-05	1.33413851	36.41639709	0.97105392	0.055913568165555774	0.00986058	0.00082
0.0313	0.0665	-0.0444	-0.0015865042900628454	0.00035604716740684323	-4.18879020478639e-05	1.37381935	37.49951935	1.0431181	0.14899793265790645	0.00962245	0.0007
0.0219	0.0705	0.0418	-0.0016772614111665507	0.00017627825445142725	-3.141592653589793e-05	1.23397863	33.68245316	1.06035621	0.11364990047855436	0.00866538	0.00074
0.029	0.0405	-0.0026	-0.0021467549799530253	0.00033335788713091696	4.363323129985824e-05	1.08104467	29.50799561	0.99696004	0.116581117965086	0.00718373	0.00033
0.0382	0.0236	-0.0633	-0.0022968532956245376	0.000598647933434055	8.901179185171081e-05	1.31225002	35.81893158	0.96342713	0.10983834612632512	0.00810295	0.00061
0.0114	-0.0391	0.0045	-0.0024312436480281013	-0.00031415926535897925	-0.0003577924966588376	1.36683083	37.3087616	1.08490573	0.2320000919853573	0.0102757	0.00079
-0.012	0.1269	0.1859	-0.0024713862208239705	-0.0011536626355682519	-0.0007435102613495844	1.5565474	42.48722839	1.31664741	0.43406818538479447	0.0136102	0.00214
0.0093	-0.0294	0.0751	-0.002553416695667704	-0.0004921828490624009	-0.0005323254218582705	1.24985492	34.11580658	1.12987475	0.336134755042045	0.00847864	0.00038
0.016	-0.0801	-0.024	-0.0029565877528783943	-0.0001291543646475804	-0.0005026548245743669	1.1061542	30.19337845	0.99337979	0.1962935069454707	0.00905752	0.00045
0.0106	0.0382	-0.0256	-0.0027454029133870805	-0.00017104226669544429	-0.0003525565089028545	1.49300349	40.75274658	1.0477107	0.14545855286053452	0.00994104	0.00061
0.0093	0.0141	0.1004	-0.0023771384412162766	-0.00039269908169872416	-0.0002705260340591211	1.42336905	38.85201645	1.08833497	0.18499758810089087	0.0103306	0.00086
0.0117	0.0615	0.1219	-0.002033308578573394	-0.00041538836197465044	-0.00033335788713091696	1.08676827	29.66422462	0.97884059	0.09276754979953024	0.00992841	0.00064
0.0122	-0.0238	0.031	-0.0024591689160600103	-0.00021467549799530252	-0.0003525565089028545	1.09039092	29.7631073	0.9978614	0.2089885911618951	0.00813621	0.00038
0.0202	-0.0314	-0.0354	-0.0027523842303950577	-8.726646259971648e-06	-0.0002373647782712288	1.02461088	27.96758842	0.93681763	0.1127177948351002	0.00865054	0.00032
0.018	0.0693	-0.0313	-0.0025272367568877894	0.0001064650843716541	-0.0001605702911834783	1.45293367	39.65900803	1.01321761	0.12785668456133223	0.00906867	0.00059
0.009	0.0772	0.1035	-0.002054252529597326	-0.0002478367537831948	-0.0001308996938995747	1.40189564	38.2658844	1.08179114	0.1945478331364608	0.0104101	0.00067
0.0208	0.0121	0.0822	-0.00204378055408536	-0.00019198621771937622	-0.00017802358370342162	1.17672503	32.11966705	1.01706555	0.1038723200689816	0.00904852	0.00058
0.0242	-0.1119	0.0092	-0.0022689280275926286	2.96705972839036e-05	-0.00022689280275926284	1.18392885	32.31630325	1.02652057	0.22518367537831951	0.00875884	0.00048
0.0302	-0.0108	-0.0621	-0.0025080381351158514	0.00014137166941154068	-0.00013962634015954637	1.08658767	29.65929413	1.00835539	0.2003038821125288	0.008286	0.00044
0.0297	0.0755	-0.0794	-0.0023876104167282427	0.00022165681500327985	-3.316125578789226e-05	1.34098017	36.6031456	0.99235823	0.1194588974175501	0.008793	0.00058
0.0271	0.0622	0.0219	-0.001858775653373961	-5.93411945678072e-05	-7.504915783575618e-05	1.37436938	37.51453018	1.07923099	0.15978603374866163	0.00982279	0.00076
0.0306	0.0198	0.0221	-0.0013578661580515882	-0.0001064650843716541	0.00012740903539558605	1.27822828	34.89028168	1.05577628	0.0836245789178781	0.0088585	0.00056
0.0289	-0.0257	-0.0099	-0.0022933626371205488	0.00012217304763960306	0.00014137166941154068	1.16898966	31.90852356	0.99835487	0.13810486225480864	0.00803602	0.00044
0.0159	-0.0167	-0.0119	-0.0016039575825827887	-0.00024260076602721178	9.599310885968811e-05	1.39060616	37.95772934	1.03227252	0.07897787143782135	0.00967598	0.00074
0.0209	0.0473	-0.0194	-0.001616174887346749	-0.0003106686068549907	-2.6179938779914945e-05	1.32356429	36.12776566	1.00933946	0.0866229096615671	0.00880253	0.00038
0.0128	0.0533	0.0712	-0.0013980087308474581	-0.00039095375244672985	-3.490658503988659e-05	1.23656774	33.75312424	1.03192146	0.12005889741755008	0.00855255	0.00041
0.008	0.0899	0.1203	-0.0006544984694978735	-0.00048345620280242926	-5.235987755982989e-05	1.09102237	29.78034401	0.9852566	0.13317330021126136	0.01006	0.00089
0.006	-0.0613	0.0527	-0.0014119713648634124	-0.0003787364476827695	-0.00022863813201125715	1.15675032	31.57444191	1.05283388	0.2727235452468313	0.00828952	0.00035
0.0118	-0.0652	-0.0128	-0.0018709929581379211	-0.0001832595714594046	-0.00033335788713091696	1.18884695	32.45054626	0.97955937	0.11316091123087665	0.00841534	0.00045
0.009	0.0521	-0.0483	-0.0018989182261698304	-0.0001308996938995747	-0.00014311699866353502	1.29068923	35.23041534	1.01613862	0.16912630170295603	0.00854117	0.00039
0.0128	0.0214	-0.0359	-0.001759291886010284	-5.93411945678072e-05	-0.00014311699866353502	1.25138772	34.15764618	0.97780638	0.057459241974565686	0.00788516	0.00033
0.0012	0.0309	0.0585	-0.0014765485471872027	-0.00024609142453120044	-9.42477796076938e-05	1.24868357	34.0838356	1.09411594	0.1414181393921158	0.00866085	0.00036
-0.0037	0.066	0.1047	-0.0013037609512397642	-0.00022863813201125715	-0.00020769418098732522	1.08085275	29.50275612	0.97750533	0.10138436449235064	0.00885558	0.00062
-0.0002	0.0376	0.0971	-0.001377064779823526	-0.00020420352248333657	-0.00015533430342749534	1.30064225	35.50209045	0.95363526	0.04700491578357561	0.0101184	0.00095
0.0089	-0.0737	0.048	-0.0015463617172669759	-5.061454830783555e-05	-9.075712110370512e-05	1.32381713	36.13466644	1.01410036	0.18887315469713703	0.00989729	0.00044
0.0169	0.0486	0.0036	-0.001520181778487061	-4.71238898038469e-05	-5.759586531581287e-05	1.31534588	35.90343857	1.05065041	0.1778415926535898	0.00781929	0.00026
0.0185	0.0235	-0.0218	-0.0017470745812463236	-6.981317007977319e-05	3.490658503988659e-05	1.12474668	30.70087814	0.95885963	0.06920422666954441	0.00733149	0.00048
0.0258	-0.054	-0.0049	-0.0018256143975860688	5.93411945678072e-05	0.0003211405823669566	1.62932098	44.47364426	1.04959374	0.1263964089157198	0.0109706	0.00139
0.0197	0.0504	0.0991	-0.0015498523757709647	-0.00028099800957108706	0.00022689280275926284	1.50761175	41.15148926	1.08998821	0.2500174502780846	0.0111779	0.00077
0.023	0.0216	0.0609	-0.0018308503853420514	1.7453292519943296e-05	0.0002373647782712288	1.17189932	31.98794746	0.96974875	0.09979606435870415	0.00852042	0.00062
0.0267	-0.0434	0.0006	-0.0021223203704251047	0.0001291543646475804	0.0001361356816555577	1.10877192	30.26483345	0.98201325	0.15422000769131808	0.00878471	0.00052
0.02	0.021	-0.057	-0.0018605209826259553	0.00020594885173533088	0.00013439035240356338	1.30283368	35.56190491	0.99974235	0.14571696020694472	0.00859338	0.00045
0.0095	-0.0017	0.0194	-0.0015777776438028737	5.759586531581287e-05	1.9198621771937625e-05	1.30479574	35.61546326	1.04763153	0.13691440279371128	0.0086841	0.00048
0.007	0.0725	0.129	-0.000932005820564972	-0.00019198621771937622	-0.000148352986419518	1.29153252	35.25343323	1.10542071	0.23944527572322727	0.0110636	0.00101
0.0129	0.0126	0.1161	-0.0010035643198967395	-0.0001361356816555577	3.665191429188092e-05	1.09095418	29.77848244	1.00466858	0.09432069680534924	0.00967848	0.0007
0.0186	-0.1012	0.0191	-0.001481784534943186	-2.4434609527920616e-05	5.061454830783555e-05	1.14810598	31.33848763	1.03697791	0.24669419605950196	0.00887448	0.00045
0.0229	0.0258	-0.0687	-0.0015219271077390555	8.028514559173915e-05	-1.0471975511965975e-05	1.30518627	35.62612152	1.04095635	0.22939744258676653	0.00797868	0.0003
0.0175	0.0136	-0.071	-0.0014940018397071458	0.00010471975511965978	0.00012740903539558605	1.23450649	33.69686127	0.95204873	0.02941204442336911	0.00829077	0.00055
0.0169	0.0405	0.043	-0.0012025318546240932	-2.094395102393195e-05	0.0001239183768915974	1.32514989	36.17104721	1.04399488	0.16253121748653163	0.0082075	0.00048
0.0128	0.0364	0.1018	-0.001254891732183923	-0.00011170107212763708	0.00028797932657906436	1.13032699	30.85319519	0.9747981	0.08235889741755009	0.00875229	0.00045
0.0243	-0.0628	0.0381	-0.0015585790220309364	6.9813170079773176e-06	0.0002478367537831948	1.28419459	35.05313873	1.02792286	0.19752561258892484	0.00863087	0.00058
0.0352	0.0114	-0.0358	-0.0015062191444711063	0.0001937315469713706	0.0001658062789394613	1.35820067	37.0731926	1.06412045	0.1750570291183478	0.00961441	0.00053
0.0356	0.0011	-0.0437	-0.001572541656046891	2.4434609527920616e-05	3.4906585039886588e-06	1.31999135	36.03023911	0.97919053	0.038496753472735366	0.00742203	0.00032
0.0141	-0.0021	0.0919	-0.001706932008450454	-3.839724354387525e-05	8.552113334772214e-05	1.28654647	35.11733246	1.14961709	0.1742626340159546	0.0094673	0.00088
0.0021	0.089	0.2183	-0.001424188669627373	-0.0004677482395344803	-8.552113334772214e-05	1.22338057	33.3931694	1.11212377	0.27365683007545655	0.0141084	0.00186
0.0072	-0.0098	0.128	-0.001462585913171248	-0.0001361356816555577	-8.726646259971648e-06	1.29392612	35.31876755	1.06747662	0.21654021442552737	0.0114385	0.00095
0.0263	-0.09	-0.0042	-0.0017889624832941875	7.853981633974481e-05	0.0	1.35894477	37.09350586	1.08945575	0.2589889357189107	0.00924432	0.00041
0.0238	-0.0068	-0.0632	-0.0018064157758141308	0.0002303834612632515	-2.6179938779914945e-05	1.25045693	34.1322403	1.02880879	0.15447384381116824	0.00753665	0.00036
0.0238	0.002	-0.0519	-0.0018657569703819383	0.0002722713633111154	4.537856055185256e-05	1.09469044	29.88046646	0.95390837	0.028739379797371945	0.00748992	0.00041
0.0158	0.0119	0.0699	-0.0017941984710501708	0.00018675022996339323	2.6179938779914945e-05	1.16660643	31.84347153	1.04266211	0.14851391272257136	0.00820005	0.00053
0.017	0.0041	0.1134	-0.001843067690106012	2.268928027592628e-05	0.0001186823891356144	1.29884279	35.45297241	0.98311136	0.06777163095495038	0.010551	0.00077
0.0308	-0.0752	0.0245	-0.0016598081186466073	2.268928027592628e-05	-2.792526803190927e-05	1.32222891	36.09131622	1.0560264	0.19849336143134644	0.00929469	0.00055
0.0323	-0.0668	-0.041	-0.0017243853009703976	0.00017104226669544429	2.6179938779914945e-05	1.26257277	34.46295166	1.00065881	0.08875176877775662	0.00795984	0.00038
0.0323	-0.0049	-0.0812	-0.0017610372152622785	0.0002652900463031381	2.96705972839036e-05	1.18200183	32.26370239	0.98145	0.10881951762017816	0.00749499	0.00042
0.0284	0.0535	-0.0853	-0.001656317460142619	0.00041015237421866745	0.00020943951023931956	1.23533571	33.71949387	0.95414376	0.08786754979953025	0.00922829	0.00045
0.032	-0.0033	-0.0091	-0.0013927727430914749	0.00022863813201125715	0.00024609142453120044	1.30636311	35.65824509	1.01654738	0.16068554367752175	0.00833094	0.00041
0.0406	0.0154	-0.0115	-0.0014905111812031574	0.0001972222054753592	0.0004537856055185257	1.13957512	31.10563087	0.96863141	0.04654242728174528	0.00792199	0.00052
0.0366	-0.0133	-0.0453	-0.0016074482410867775	0.0003473205211468716	0.0004468042885105483	1.05048895	28.6739521	0.927927	0.08020083462815548	0.00802541	0.00035
0.0348	-0.0268	-0.0654	-0.001514945790731078	0.0003892084231947355	0.0003700098014227979	1.34655344	36.75527191	0.96780777	0.04595924197456569	0.00840199	0.00061
0.0322	-0.0177	-0.0398	-0.0012130038301360591	0.00029321531433504735	0.00038571776469074686	1.30299926	35.56642532	0.97608639	0.0579821516361328	0.00940692	0.00047
0.0345	-0.0083	-0.0328	-0.001265363707695889	0.0002478367537831948	0.0005916666164260777	1.27732265	34.86556244	1.02456304	0.03388436449235066	0.00913906	0.00114
0.0305	-0.0576	-0.057	-0.001473057888683214	0.0004310963252425994	0.0006789330790257941	1.16718864	31.85936546	0.97729144	0.10141101075232233	0.00864065	0.00044
0.0324	0.0178	-0.0807	-0.0013142329267517303	0.0005044001538263612	0.0005864306286700947	1.18400943	32.31850052	0.94768628	0.11723156204354725	0.00866216	0.00047
0.0294	0.0127	-0.0141	-0.00017976891295541595	0.0005846852994181004	0.0003961897402027128	1.36537361	37.26898575	1.03239918	0.1449495023927717	0.00994855	0.00053
0.0325	0.0314	0.0698	0.000307177948351002	0.0004328416544945937	0.0005183627878423159	1.31837344	35.98607635	1.02900522	0.1437481776934764	0.0101709	0.00061
0.0358	0.0903	0.0487	0.0003577924966588376	0.0004729842272904633	0.0005811946409141118	1.10107028	30.05461121	0.98644778	0.09097944870877504	0.00865924	0.00059
0.0416	-0.0502	-0.0374	-0.0001239183768915974	0.0005951572749300663	0.0004520402762665313	1.19020057	32.48749542	1.03788708	0.26905191429188097	0.0085656	0.00056
0.0373	-0.0144	-0.0854	-0.0005358160803622592	0.0007819075048934597	0.0005602506898901797	1.10678482	30.21059227	0.95398396	0.12344291735288516	0.00877976	0.00052
0.0378	0.0777	-0.1172	-0.0005253441048502931	0.0006562437987498679	0.000577703982410123	1.34496665	36.71195984	1.03020031	0.13207944870877503	0.010166	0.00056
0.026	0.0328	0.0619	-0.0002530727415391778	0.00045902159327450867	0.0006771877497737998	1.41811049	38.70848083	1.18098735	0.2642488668075076	0.00912362	0.00085
0.0261	0.0501	0.0977	2.6179938779914945e-05	0.000450294947014537	0.0007923794804054256	1.0996803	30.01666832	0.98858926	0.07335855286053451	0.00943679	0.00085
0.0389	-0.0999	0.0189	-0.0004136430327226561	0.000614355896702004	0.0007557275661135446	1.14820147	31.34109306	1.04752096	0.27362679177409593	0.00875479	0.00038
0.0489	0.0098	-0.0648	-0.0003385938748868999	0.0006928957130417488	0.0008848819307611251	1.34679186	36.76177979	1.03333497	0.21753716694115408	0.0085606	0.00058
0.0496	-0.014	-0.0327	-0.00017802358370342162	0.0005689773361501514	0.0009128071987930344	1.29891825	35.45503235	1.00584904	0.07222069680534925	0.00929099	0.00052
0.0373	-0.0259	0.0813	-0.0002303834612632515	0.0003647738136668148	0.0007243116395776468	1.32396472	36.13869476	1.08717161	0.16045294796292767	0.00989109	0.00071
0.0344	0.0109	0.03	-0.00030194196059501896	0.0004206243497306334	0.0008237954069413235	1.10799074	30.2435112	0.98104853	0.10234464013796314	0.00775433	0.00045
0.0427	-0.0734	-0.0695	-0.00024260076602721178	0.0005969026041820607	0.00047647488579445195	1.35610127	37.01588821	1.0255687	0.22124699850830531	0.00876528	0.00065
0.0334	-0.0206	-0.0924	2.792526803190927e-05	0.0006544984694978735	0.00041015237421866745	1.20183599	32.80509186	0.97907581	0.10472222054753592	0.00944269	0.00056
0.0305	0.0349	0.0329	0.0004136430327226561	0.0004921828490624009	0.0003647738136668148	1.36097646	37.14896011	1.08890406	0.2133705972839036	0.00890976	0.00079
0.0326	0.0518	0.0927	0.0008098327729253688	0.0002513274122871834	0.0005794493116621174	1.07191181	29.25870514	0.98483265	0.12138603374866164	0.0104871	0.0012
0.0401	-0.0468	0.0549	0.0013927727430914749	0.000486946861306418	0.000853466004225227	1.03555095	28.26620674	1.01010357	0.19852880558742247	0.0103849	0.00121
0.0423	-0.1339	-0.0174	0.0010053096491487337	0.0007941248096574199	0.000752236907609556	1.09694242	29.94193649	1.00107486	0.20139350694547067	0.0102744	0.00145
0.0404	-0.002	-0.0597	0.0004747295565424576	0.0008709192967451704	0.000757472895365539	1.57540798	43.00204468	1.0732982	0.20673052837250047	0.00986266	0.00071
0.0429	-0.0164	-0.0581	0.00046949356878647465	0.0008168140899333463	0.0006894050545377602	1.32563198	36.1842041	0.97075622	0.024870451769779305	0.00904208	0.00039
0.0354	-0.0596	0.0264	0.000460766922526503	0.0006422811647339132	0.0007504915783575615	1.27309537	34.75017548	1.06865656	0.1474173047639603	0.00918913	0.00073
0.0325	0.0195	0.0854	0.0003211405823669566	0.0006318091892219474	0.0010384709049366262	1.09157014	29.79529572	1.00884192	0.16290388211252887	0.00925511	0.00073
0.0394	0.0296	0.0141	0.0004572762640225143	0.0006667157742618339	0.0010367255756846318	1.22608113	33.46688461	0.96330097	0.09693937979737197	0.00843298	0.00053
0.0517	-0.0445	-0.054	0.0007086036763096977	0.0006911503837897545	0.0007749261878854823	1.34035265	36.58601761	1.03286783	0.18137807048071264	0.0111345	0.00079
0.0509	-0.034	-0.0888	0.0005340707511102648	0.0006544984694978735	0.0007906341511534313	1.31755221	35.96366119	0.99995317	0.057444640137963146	0.00893182	0.00059
0.0476	-0.034	-0.0548	0.00037524578917878077	0.000752236907609556	0.000778416846389471	1.09796906	29.96996117	0.96105452	0.050739035240356334	0.00848311	0.00053
0.0449	0.0239	0.0126	0.0005969026041820607	0.0007539822368615504	0.0010681415022205296	1.29379451	35.3151741	1.0067199	0.15365634000431663	0.0104191	0.00074
0.0498	0.0171	-0.0102	0.0003961897402027128	0.0005654866776461627	0.000804596785169386	1.24036098	33.85666275	0.9970856	0.06713765701229396	0.0106373	0.00088
0.0383	-0.0727	-0.0166	0.0002513274122871834	0.0009651670763528643	0.00048345620280242926	1.23942661	33.83115768	1.02445399	0.1509841654494594	0.00918901	0.00079
0.035	0.0014	-0.0925	0.0002495820830351891	0.0007330382858376184	0.0006894050545377602	1.1659404	31.82529259	1.01794733	0.1752911485751285	0.00840181	0.00044
0.0355	-0.0176	-0.0938	0.0002617993877991494	0.0008936085770210966	0.0007452555906015787	1.08009875	29.48217392	0.92988915	0.03223190660056284	0.00885785	0.00062
0.0338	0.0303	-0.0025	0.0004974188368183839	0.0009075712110370514	0.000890117918517108	1.36217737	37.18173981	1.03922441	0.16062222054753592	0.00964886	0.00059
0.0448	-0.0667	-0.0081	0.000710349005561692	0.000619591884457987	0.0009285151620609833	1.31738448	35.95908356	1.03837582	0.14056533694331239	0.0102583	0.00098
0.0391	-0.0574	-0.067	0.0006283185307179585	0.0009180431865490173	0.0008517206749732328	1.17746329	32.1398201	0.99020143	0.09676381320112573	0.00845522	0.0007
0.0453	0.0001	-0.1293	0.00046949356878647465	0.0009162978572970229	0.0008621926504851988	1.10083067	30.048069	0.95973784	0.1345521133347722	0.0100131	0.00059
0.0391	0.0356	-0.1137	0.0006649704450098395	0.0010245082709206715	0.0008936085770210966	1.2975471	35.41760635	0.97578516	0.07405516081914557	0.0112601	0.00083
0.0352	0.011	0.0215	0.0008290313946973065	0.0007888888219014368	0.0008342673824532895	1.37982476	37.6634407	1.10522074	0.18665107966372543	0.00997585	0.00065
0.0446	-0.0056	-0.0334	0.00038048177693476387	0.0007731808586334879	0.0009529497715889039	1.09505093	29.89030838	0.98951465	0.11004699850830528	0.00816947	0.00045
0.0448	-0.0242	-0.0766	0.00017976891295541595	0.000853466004225227	0.0007923794804054256	1.10725272	30.22336388	0.98345772	0.08407841503772825	0.00896132	0.00065
0.0458	-0.0397	-0.0967	0.00017976891295541595	0.000900589894029074	0.0007452555906015787	1.2095449	33.01551437	0.94661433	0.04131238898038469	0.00947392	0.00061
0.0372	-0.0266	-0.0373	6.108652381980153e-05	0.0009389871375729493	0.0009302604913129776	1.27484655	34.79797363	1.03384201	0.09820422666954447	0.00978899	0.00053
0.0425	-0.0091	0.0032	0.00011344640137963142	0.0007417649320975902	0.0009896016858807848	1.27266037	34.73830032	0.99657061	0.07874616388014982	0.00885075	0.0005
0.0478	-0.0507	-0.0864	0.00017104226669544429	0.0007627088831215222	0.0008412486994612669	1.17505717	32.07414246	1.01958168	0.1478446401379631	0.00890559	0.00052
0.0454	-0.0614	-0.1582	-6.283185307179586e-05	0.0011222467090323538	0.0007801621756414653	1.09340119	29.84527779	0.96883189	0.11762492347489369	0.0105882	0.00076
0.0404	0.0242	-0.136	0.00026878070480712676	0.001181587903600161	0.0008517206749732328	1.50357807	41.04138947	1.04037865	0.13592561258892488	0.011403	0.00094
0.0325	0.1009	0.029	0.00042411500823462205	0.0007819075048934597	0.0007661995416255106	1.44041574	39.31732178	1.16838713	0.28162679177409594	0.0101423	0.00079
0.0374	-0.0032	0.0237	0.00027925268031909274	0.0007208209810736582	0.0008813912722571365	1.0737133	29.30787849	0.99328569	0.1303570291183478	0.0082556	0.00041
0.0457	-0.0764	-0.06	0.000307177948351002	0.0008587019919812101	0.0008726646259971648	1.06281912	29.01051521	0.99408132	0.1739266462599716	0.00887537	0.00082
0.0501	-0.03	-0.1315	0.0002495820830351891	0.0010000736613927507	0.0007400196028455958	1.1490854	31.36522293	1.00578986	0.13888062789394615	0.00985926	0.00083
0.0463	-0.0466	-0.106	0.00022689280275926284	0.001117010721276371	0.0006928957130417488	1.2639935	34.50173187	0.99362319	0.05523751149816969	0.00934356	0.00047
0.0363	-0.0004	0.0313	0.0003193952531149623	0.000710349005561692	0.0006876597252857658	1.4183929	38.71619034	1.099109	0.21872000769131808	0.00997651	0.00059
0.0375	0.0383	0.0607	0.0005811946409141118	0.0008255407361933179	0.0008150687606813518	1.21361959	33.12673569	0.9784862	0.09452000769131808	0.00948644	0.00044
0.0343	-0.0541	0.0273	0.0007801621756414653	0.0009232791743050004	0.0009389871375729493	1.13811481	31.0657692	0.98680718	0.15003121748653167	0.00846994	0.00067
0.0371	-0.0816	-0.0286	0.0003351032163829112	0.0011344640137963143	0.000879645943005142	1.06355214	29.03052139	0.93815243	0.12197924966588376	0.00846237	0.00048
0.0391	-0.0283	-0.0813	0.0003595378259108319	0.0012426744274199627	0.0010524335389525807	1.32666981	36.21253204	0.97761806	0.1232716309549504	0.00940788	0.00042
0.0338	0.0218	0.0282	0.000577703982410123	0.0009896016858807848	0.0009826203688728075	1.3829205	37.74794006	1.07778985	0.19195260340591208	0.00994939	0.00052
0.0402	-0.0011	0.0446	0.00028099800957108706	0.000804596785169386	0.0009634217471008699	1.25595164	34.28222275	1.01724837	0.07074547476611862	0.00923955	0.00055
0.0453	-0.054	-0.0436	-0.00011344640137963142	0.0010454522219446034	0.0007801621756414653	1.17727971	32.13480759	1.02398823	0.18712797095926703	0.00831223	0.00044
0.0455	0.0217	-0.0948	-4.18879020478639e-05	0.001048942880448592	0.0007609635538695277	1.33708572	36.49684525	1.02142819	0.13181238898038466	0.00947964	0.0007
0.0518	-0.0449	-0.1161	-3.4906585039886588e-06	0.0009983283321407565	0.0006510078109938849	1.30788517	35.69979095	0.98787232	0.10414837673636768	0.0106934	0.00064
0.0388	-0.0079	0.0153	0.0001605702911834783	0.000853466004225227	0.0005899212871740833	1.37609184	37.56154633	1.14550273	0.19990049007113989	0.00924575	0.00098
0.0223	0.0368	0.1466	0.00030368728984701333	0.00042411500823462205	0.0003525565089028545	1.27061331	34.68242645	1.17128363	0.23299163864626843	0.0121216	0.00165
0.0323	-0.0655	-0.0013	0.00010995574287564276	0.000705113017805709	0.00015707963267948963	1.27096415	34.69200134	1.1245904	0.29371032163829114	0.00861597	0.00052
0.037	-0.0516	-0.0827	-0.00022689280275926284	0.0011100294042683937	0.000439822971502571	1.23148644	33.61442566	0.98813587	0.1512254135460336	0.00945491	0.00061
0.0469	-0.0158	-0.0925	-0.00017976891295541595	0.0011466813185602744	0.0002705260340591211	1.23448038	33.69614792	0.97085387	0.06815363707695887	0.00879794	0.00041
0.0383	0.0675	0.0021	-4.537856055185256e-05	0.0010122909661567112	0.0005061454830783556	1.26161814	34.43689346	1.05247148	0.21172000769131805	0.00846148	0.00045
0.0371	0.0281	-0.0124	-0.00034557519189487725	0.0011065387457644049	0.0007190756518216638	1.07855237	29.4399662	0.96272614	0.08546872898470134	0.0072214	0.0003
0.0426	-0.0391	-0.0883	-0.00024609142453120044	0.0012601277199399059	0.0006946410422937432	1.32771039	36.24093628	0.98406503	0.16247536755335493	0.00893629	0.00041
0.0449	-0.0204	-0.1196	-0.00017104226669544429	0.0012636183784438947	0.0006126105674500097	1.26675248	34.57704163	0.97325019	0.06032851455917393	0.0100871	0.00052
0.046	-0.0278	-0.1161	-0.00010821041362364843	0.001244419756671957	0.00048345620280242926	1.22212386	33.35886765	0.98106023	0.022559241974565696	0.00944752	0.00055
0.0281	0.0344	0.0302	-8.028514559173915e-05	0.0010838494654884787	0.0005969026041820607	1.26377213	34.49568939	1.12795524	0.24149709802975092	0.00821006	0.00056
0.031	-0.0278	0.0792	-0.0002722713633111154	0.0011205013797803594	0.0006562437987498679	1.07770848	29.41692924	0.9888006	0.1284989663289532	0.00898653	0.00068
0.0368	-0.0582	0.0049	-0.00018500490071139895	0.0013107422682477415	0.0006178465552059926	1.27337563	34.75782394	0.99030158	0.12629522973054869	0.00860667	0.00045
0.0419	-0.0517	-0.0249	-0.0006108652381980154	0.0014346606451393388	0.00031415926535897925	1.2792412	34.9179306	0.98463487	0.08407330021126136	0.0096041	0.00064
0.0356	0.0555	-0.0088	-0.0021327923459370708	0.0014940018397071458	-0.00013788101090755203	1.34072661	36.59622574	1.10981982	0.23126542892866964	0.00885183	0.0007
0.0162	-0.0111	0.0662	-0.0010995574287564276	0.0009581857593448868	-7.504915783575618e-05	1.21819568	33.25164413	1.08479818	0.24259414253073489	0.00886595	0.00067
0.0243	-0.0057	0.0433	-0.0007539822368615504	0.0011484266478122688	0.00010995574287564276	1.41237581	38.55194855	1.00407441	0.07244104905368291	0.00908333	0.00064
0.0374	-0.0487	-0.0447	-0.0008063421144213803	0.0012514010736799342	0.00021642082724729686	1.25752246	34.32509995	1.00287671	0.15718996938995747	0.00950927	0.00052
0.043	0.0139	-0.0867	-0.0005969026041820607	0.0013212142437597075	0.00015707963267948963	1.29927516	35.46477509	1.00105067	0.127129693744345	0.00931972	0.00055
0.0363	-0.0138	-0.0611	-0.0006771877497737998	0.0012671090369478833	0.0002007128639793479	1.16629469	31.83496284	0.98712299	0.06890117918517108	0.00809395	0.00055
0.0305	0.0642	0.0245	-0.0007330382858376184	0.0011414453308042916	0.0003787364476827695	1.10599041	30.18890953	1.00926158	0.1873768912955416	0.00761265	0.00041
0.0245	-0.0226	-0.0383	-0.0006998770300497262	0.0011501719770642632	0.0005044001538263612	1.44446993	39.42798233	1.10558814	0.16397758040957275	0.0116991	0.00218
0.0297	-0.0601	-0.0789	0.00020943951023931956	0.0016231562043547262	0.00023911010752322313	1.34975028	36.84253311	1.05396785	0.16567954069413232	0.00961441	0.00061
0.0351	0.0118	-0.1272	-3.839724354387525e-05	0.0017523105690023068	0.0003525565089028545	0.97147691	26.51725388	0.93577664	0.15012187599052035	0.00933141	0.00059
0.0342	0.0222	-0.1363	-0.0005358160803622592	0.0017662732030182616	0.0004014257279586958	0.872078	23.80407906	0.89252254	0.04841253449450898	0.00964421	0.00079
0.0271	0.0343	-0.0115	-0.0003577924966588376	0.0014590952546672592	0.00035604716740684323	1.43798327	39.25092316	1.11670907	0.17052900463031384	0.011097	0.00117
0.0207	0.0116	0.047	-0.0004049163864626844	0.0011117747335203881	0.00017278759594743863	1.20475471	32.88476181	1.0468841	0.11648519912050612	0.00921363	0.0007
0.0322	-0.0287	-0.0226	-0.0006003932626860494	0.0012897983172238095	0.00019896753472735358	1.1359874	31.00769997	1.0210094	0.1413840199353351	0.00790316	0.00029
0.0419	-0.0477	-0.118	-0.0004415683007545654	0.001462585913171248	6.632251157578452e-05	1.27491975	34.79997253	0.98357325	0.14731287905152457	0.00946373	0.00038
0.0403	-0.031	-0.1566	-0.000661479786505851	0.0014172073526193955	-2.792526803190927e-05	1.2710048	34.69311142	0.9790294	0.07487689129554156	0.0108683	0.00076
0.0229	0.021	-0.0235	-0.00034208453339088857	0.0012217304763960308	-0.00023561944901923448	1.42154908	38.80234146	1.14374188	0.23862831551628264	0.00918156	0.00058
0.0059	0.0454	0.0623	-0.0003577924966588376	0.0009896016858807848	-0.00031415926535897925	1.21565831	33.18238449	1.06072377	0.143518828506147	0.00863492	0.0008
0.027	-0.0363	-0.0595	-0.0005550147021341969	0.0013124875974997359	-0.00017453292519943296	1.26528621	34.53701782	1.07832946	0.25758672286269285	0.00807697	0.00032
0.0323	-0.0273	-0.1388	-0.000710349005561692	0.0014800392056911916	-0.00013264502315156904	1.20797062	32.97254181	0.9817009	0.11183869068334074	0.0101947	0.00065
0.0399	0.0135	-0.1536	-0.0005410520681182421	0.0013753194505715315	-9.599310885968811e-05	1.26091397	34.41767502	0.97931028	0.0787334303427495	0.0105107	0.00068
0.02	0.0442	-0.0028	-0.0007120943348136865	0.0011798425743481666	6.632251157578452e-05	1.33123696	36.33719635	1.13744891	0.22784173816771408	0.00814205	0.00044
0.0225	-0.0268	0.0036	-0.000947713783832921	0.001158898623324235	0.00019547687622336493	1.09143806	29.79169083	1.00126143	0.09918588823453735	0.00744957	0.00029
0.0376	-0.024	-0.105	-0.000926769832808989	0.0013212142437597075	6.283185307179586e-05	1.10637569	30.19942474	0.99577584	0.14229522973054867	0.00843036	0.00047
0.0391	0.0363	-0.1418	-0.0009442231253289323	0.0014765485471872027	0.00013439035240356338	1.32427716	36.14722443	0.97741428	0.11081730476396032	0.0105123	0.0008
0.0396	-0.0108	-0.0969	-0.000921533845053006	0.0013316862192716734	0.00024260076602721178	1.3230406	36.11347198	1.04146671	0.1062881010907552	0.0095529	0.0005
0.0369	0.0798	0.0046	-0.0010873401239924673	0.0011100294042683937	0.000312413936106985	1.29099536	35.23876953	1.07539287	0.2176638132011257	0.00839394	0.00058
0.0399	-0.0285	-0.065	-0.0010297442586766543	0.0012147491593880533	0.000291469985083053	1.14753413	31.32287788	1.01574671	0.19006297857297016	0.00795627	0.00027
0.0458	-0.0286	-0.1228	-0.0011222467090323538	0.0014067353771074296	0.000158824961931484	1.07646704	29.38304329	0.9563248	0.08465668456133224	0.00882524	0.00027
0.0393	0.01	-0.1054	-0.001085594794740473	0.0015463617172669759	0.00020769418098732522	1.3241806	36.14458847	0.97574106	0.07375737367536342	0.00991446	0.00058
0.0268	0.0478	0.0563	-0.001001818990644745	0.0010821041362364843	0.00019198621771937622	1.54546189	42.18464279	1.23230816	0.24018706741970844	0.0107638	0.00077
0.0145	0.0358	0.0936	-0.0012112585008840647	0.0010070549784007281	0.00019896753472735358	1.14883637	31.35842323	0.98917167	0.07617349925415266	0.00931871	0.00064
0.0253	-0.0864	0.0039	-0.0011327186845443199	0.0012164944886400475	8.203047484373349e-05	1.19414544	32.59517288	1.05293163	0.24294581932313425	0.00834876	0.00042
0.0344	-0.0461	-0.0761	-0.0010419615634406148	0.001509709802975095	1.9198621771937625e-05	1.14321744	31.20505142	0.96884464	0.15174021442552743	0.00942093	0.00056
0.0397	-0.0099	-0.1157	-0.0010786134777324957	0.0016022122533307947	8.028514559173915e-05	1.31691849	35.94636154	1.0266771	0.09061204442336912	0.00978786	0.00042
0.0333	-0.0322	-0.0269	-0.0009075712110370514	0.0015219271077390555	5.759586531581287e-05	1.27047002	34.67851257	1.03696119	0.1312008346281555	0.00796133	0.00052
0.0253	0.0409	0.0477	-0.0009843656981248017	0.0011728612573401894	0.00013439035240356338	1.14768696	31.32705116	1.01688442	0.1808327412287184	0.00766659	0.00047
0.0396	0.0173	-0.0098	-0.00091106186954104	0.0014224433403753785	0.0003822271061867582	1.02032042	27.85047722	0.9368095	0.12393613327010727	0.00705701	0.00021
0.0452	-0.0565	-0.0385	-0.0008970992355250854	0.0016283921921107093	3.839724354387525e-05	1.271438	34.70493698	0.96538729	0.1362870674197084	0.00843072	0.00042
0.0452	-0.0744	-0.048	-0.000947713783832921	0.0015358897417550098	-0.00020420352248333657	1.30372572	35.58625412	0.99703369	0.04668588823453734	0.0103047	0.00059
0.0428	-0.0506	0.0043	-0.001064650843716541	0.0013404128655316449	-0.0003316125578789226	1.33160543	36.34725571	1.05851067	0.10049114857512852	0.00880557	0.00056
0.022	0.0729	0.0904	-0.0014259339988793671	0.001192059879112127	-0.00028797932657906436	1.28196311	34.99222565	1.10471184	0.25806346864411006	0.010176	0.00083
0.0311	0.0258	-0.0025	-0.0012636183784438947	0.0014590952546672592	-0.0003089232776029963	1.27652383	34.84375763	1.04730071	0.17161474735072685	0.00912863	0.00058
0.0397	-0.0692	-0.0533	-0.0012688543661998775	0.001452113937659282	-0.0004136430327226561	1.2905066	35.22542953	1.02942696	0.16024685299418098	0.00944042	0.00053
0.0442	-0.0791	-0.0782	-0.0013212142437597075	0.0014940018397071458	-0.00040317105721069014	1.17223704	31.99716377	0.97330229	0.04453598775598301	0.009004	0.00056
0.037	0.0234	-0.06	-0.0012863076587198209	0.0015114551322270892	-0.00033684854563490564	1.12941337	30.82825661	0.98683808	0.13383411945678073	0.00758988	0.00035
0.0338	0.0158	0.0348	-0.0011239920382843482	0.0014014993893514465	-0.00028274333882308137	1.21418059	33.14204788	1.0348028	0.12191882850614696	0.00848567	0.00062
0.0437	0.0182	-0.0257	-0.0011903145498601325	0.0014870205226991688	-0.00017802358370342162	1.2919476	35.26476288	1.00936441	0.0856281700021583	0.00910938	0.00058
0.0467	-0.0351	-0.0853	-0.0010419615634406148	0.0014870205226991688	-0.00038048177693476387	1.28400159	35.04787064	0.99551548	0.133440558982543	0.00945908	0.00045
0.0414	-0.0419	-0.0935	-0.0013002702927357754	0.0013805554383275148	-0.0004625122517784973	1.20831347	32.98189926	0.97124877	0.042640214425527394	0.00865716	0.00042
0.0358	-0.0096	-0.0416	-0.001520181778487061	0.0014782938764391971	-0.0005078908123303499	1.07075751	29.22719765	0.95528759	0.10795142422074103	0.00792742	0.0003
0.0262	0.0396	0.0792	-0.0013753194505715315	0.0013369222070276565	-0.00018675022996339323	1.48100019	40.42510605	1.09214382	0.20996872898470137	0.0104429	0.00079
0.0359	-0.0104	0.0596	-0.0011763519158441782	0.0012740903539558604	-0.00024609142453120044	1.25087297	34.14359665	0.99667552	0.09535702911834784	0.010253	0.00083
0.0392	-0.0721	-0.0094	-0.0011344640137963143	0.0013212142437597075	-0.00039968039870670147	1.22278869	33.37701416	1.01023124	0.14613003830136062	0.00816619	0.00039
0.0346	-0.0751	-0.0261	-0.0013962634015954637	0.0015882496193148398	-0.00024260076602721178	1.10353816	30.12197304	0.94787272	0.05859571980168857	0.00829071	0.00033
0.0385	-0.0239	-0.0525	-0.0013910274138394805	0.0014800392056911916	-0.00031415926535897925	1.07524097	29.34957886	0.92499247	0.09075024503556993	0.00798851	0.00032
0.0289	0.0605	0.0243	-0.0014224433403753785	0.001500983156715123	-0.00019024088846738194	1.3500874	36.85173416	1.02073154	0.17961391272257135	0.0091902	0.00064
0.0395	-0.0158	0.0206	-0.0011728612573401894	0.001324704902263696	-0.00029496064358704166	1.28531909	35.08383179	1.04306985	0.1171290046303138	0.00967485	0.00056
0.0466	-0.0361	-0.0735	-0.0008447393579652555	0.0014311699866353504	-0.00034906585039886593	1.26110911	34.42300034	1.06514997	0.14593460952792064	0.00826049	0.00039
0.0389	-0.0317	-0.1054	-0.0011431906600562858	0.0015289084247470327	-0.0006003932626860494	1.15064263	31.4077282	0.96742571	0.07637585762449482	0.00862032	0.00035
0.0274	0.0195	-0.0088	-0.0008342673824532895	0.0013596114873035826	-0.0006702064327658224	1.30374885	35.58688736	1.03339211	0.18670166925631093	0.00881881	0.00045
0.0315	0.0526	0.0558	-0.0010297442586766543	0.0009896016858807848	-0.0007993607974134029	1.23696399	33.7639389	0.998396	0.13653205211468716	0.00932801	0.00065
0.037	-0.0347	0.0398	-0.0006370451769779302	0.0011100294042683937	-0.0006300638599699529	1.11013758	30.30211067	0.99456028	0.14292118687648916	0.00834596	0.00044
0.047	-0.0642	-0.039	-0.0006946410422937432	0.001059414855960558	-0.0005864306286700947	1.0838207	29.58376884	0.98383644	0.12589218224617535	0.00790995	0.00056
0.0475	-0.0735	-0.0673	-0.0010838494654884787	0.0014311699866353504	-0.0005253441048502931	1.08493555	29.61420059	0.95588647	0.07920250388446648	0.00841188	0.00059
0.0462	-0.0736	-0.0959	-0.001054178868204575	0.0016039575825827887	-0.00039269908169872416	1.46932375	40.10638809	0.96904817	0.04675516081914555	0.00961161	0.00062
0.055	-0.0643	-0.0953	-0.0007819075048934597	0.0014608405839192536	-0.0003892084231947355	1.28012884	34.94215775	0.97487272	0.03964395102393197	0.0100653	0.0005
0.0464	0.0336	-0.0115	-0.000661479786505851	0.0013020156219877698	-0.00045902159327450867	1.30010831	35.4875145	1.08219253	0.20775329251994323	0.00843972	0.00048
0.0386	0.0351	-0.0034	-0.0008587019919812101	0.0013386675362796509	-0.0002181661564992912	1.067994	29.15176582	0.93030826	0.04113647782712288	0.00749099	0.00059
0.042	-0.0889	-0.0403	-0.0010192722831646884	0.0015027284859671175	-0.0003298672286269283	1.19261813	32.55348206	1.00445487	0.18611661564992907	0.00836533	0.00064
0.0384	0.004	-0.0459	-0.0010070549784007281	0.0015481070465189703	-0.0002024581932313422	1.31874597	35.99624634	1.00973229	0.11135024503557	0.00993013	0.0008
0.0451	-0.0474	-0.0601	-0.0009913470151327792	0.0014974924982111347	-0.000307177948351002	1.33233154	36.36707306	1.04181833	0.08085211333477221	0.00935835	0.00053
0.0318	0.0121	-0.0047	-0.0011082840750163993	0.00152367243699105	-0.0003298672286269283	1.18219924	32.26909256	1.00555708	0.13649031394697309	0.00751913	0.00044
0.0341	0.0241	0.0423	-0.0012880529879718153	0.0013700834628155487	-0.0001972222054753592	1.16823959	31.88805199	0.96113846	0.0846001455141243	0.00830561	0.00052
0.0412	-0.0374	-0.0125	-0.0012775810124598492	0.0016859880574265225	-0.00012042771838760874	1.26417065	34.50656891	0.99264542	0.1435585528605345	0.00948173	0.00076
0.0484	-0.0577	-0.0413	-0.001054178868204575	0.0014957471689591403	-0.0002548180707911721	1.28440249	35.05881119	0.97412452	0.08370166925631099	0.0089339	0.0008
0.0351	-0.0166	-0.0254	-0.0012531464029319286	0.0015481070465189703	-0.00030194196059501896	1.1876986	32.4192009	0.99544592	0.0852225651045515	0.00817573	0.00055
0.0242	0.0388	0.0775	-0.0013177235852557187	0.0013177235852557187	-0.0003665191429188092	1.26938808	34.648983	1.02836733	0.1871768912955416	0.00950986	0.00068
0.0297	0.0207	0.0849	-0.0013212142437597075	0.0013718287920675431	-0.00022689280275926284	1.20964277	33.01818466	0.97945342	0.040861110273767993	0.0107255	0.00092
0.041	-0.0769	-0.0213	-0.0011117747335203881	0.0014695672301792255	-0.00039269908169872416	1.3247155	36.15918732	1.07288295	0.2387492113645232	0.00983775	0.00073
0.0348	-0.0561	-0.0933	-0.0013020156219877698	0.0017156586547104257	-0.0004433136300065597	1.21103704	33.0562439	1.0267032	0.12334734306532089	0.00843209	0.00041
0.0323	-0.0178	-0.1176	-0.0013997540600994523	0.0018465583486100008	-0.000307177948351002	1.04700935	28.57897186	0.92982035	0.08333869068334074	0.00898278	0.00023
0.0285	0.0127	-0.1069	-0.0012060225131280816	0.0018552849948699724	-0.00022340214425527416	1.30439353	35.60448456	0.9756607	0.05931169986635351	0.00966614	0.00047
0.0274	-0.0624	-0.0042	-0.0012252211349000194	0.0015882496193148398	-0.0002565634000431664	1.33841681	36.53317642	1.07906614	0.19486976265574807	0.00849044	0.00053
0.0381	-0.0442	-0.0336	-0.0013124875974997359	0.001439896632895322	-0.00027925268031909274	1.11353362	30.39480782	0.97447231	0.07121543646475802	0.00753808	0.00036
0.0375	-0.0121	-0.0901	-0.001410226035611418	0.0016109388995907662	-0.00038397243543875244	1.06068265	28.95219612	0.96311344	0.1078750229963393	0.00794941	0.00024
0.0336	-0.0277	-0.1124	-0.0013718287920675431	0.0018517943363659836	-0.0003473205211468716	1.39786935	38.15598297	0.95574347	0.057595229730548654	0.00960523	0.00053
0.0303	-0.0078	0.0169	-0.0012479104151759456	0.0015550883635269475	-0.00024085543677521747	1.41589606	38.64803696	1.08965609	0.17885447170511437	0.00895858	0.00044
0.0312	-0.0017	0.0673	-0.0013857914260834976	0.0012077678423800758	-0.00032637657012293966	1.15038133	31.40059662	0.9785985	0.08593613327010728	0.0086183	0.00045
0.0327	0.0318	0.0398	-0.0014137166941154068	0.0013194689145077131	-9.250245035569947e-05	1.08513534	29.61965179	0.97936605	0.08117502299633934	0.00802493	0.00041
0.0373	-0.1332	-0.0715	-0.001439896632895322	0.001658062789394613	-0.00028797932657906436	1.31827462	35.98337936	1.14882341	0.308912534494509	0.0104558	0.00064
0.0378	-0.0837	-0.1425	-0.0015707963267948967	0.0018884462506578647	-0.0003298672286269283	1.02651	28.01942635	0.95520108	0.14115855286053453	0.0105265	0.00095
0.038	0.0276	-0.1625	-0.0010873401239924673	0.0016999506914424768	-0.00040317105721069014	1.37663817	37.57646179	1.09200852	0.16876277953007895	0.0113191	0.00062
0.0309	0.0208	-0.0669	-0.0009337511498169664	0.001308996938995747	-0.0005166174585903216	1.26008809	34.39513016	1.02752109	0.1423994564000931	0.00777948	0.00052
0.0251	0.0206	0.0126	-0.0014154620233674013	0.001322959573011702	-0.000577703982410123	1.10106635	30.05450439	0.97817743	0.11333800156930957	0.00751209	0.00036
0.0337	-0.0483	-0.0536	-0.0012060225131280816	0.0015515977050229591	-0.0005619960191421741	1.25315881	34.20598984	0.99494749	0.1663892802759263	0.00824606	0.00039
0.0391	-0.0305	-0.1213	-0.0009372418083209549	0.0015463617172669759	-0.0006510078109938849	1.34047973	36.58948517	1.0280775	0.10905142422074104	0.0111977	0.00065
0.0397	-0.0471	-0.1441	-0.0010629055144645468	0.0017121679962064373	-0.0005253441048502931	1.33788896	36.51876831	1.00512022	0.06085668456133225	0.00930291	0.0005
0.0357	-0.0357	-0.1593	-0.001296779634231787	0.0017767451785302276	-0.0003647738136668148	1.04767108	28.59703445	0.93094736	0.05355107966372543	0.00984693	0.00058
0.0227	0.084	-0.0681	-0.0012409290981679683	0.0016929693744344998	-0.00040317105721069014	1.37572789	37.55161285	1.07188816	0.23280117918517104	0.00952202	0.00074
0.026	0.0589	-0.0116	-0.0013648474750595659	0.0013892820845874865	-0.0004310963252425994	1.30973315	35.7502327	1.04149964	0.107676546738526	0.00881994	0.00052
0.0371	-0.0489	-0.0754	-0.001165879940332212	0.0014643312424232424	-0.0005602506898901797	1.22883165	33.54196167	1.02990459	0.20285855286053447	0.00811934	0.00045
0.0306	-0.0831	-0.1217	-0.0013857914260834976	0.0017837264955382047	-0.0004258603374866164	1.15585399	31.54997635	0.96745889	0.12068485456349055	0.00895858	0.0005
0.0255	-0.0409	-0.1007	-0.0016999506914424768	0.0016632987771505957	-0.000460766922526503	1.16627991	31.83456039	0.95461441	0.09177467843932374	0.00968862	0.00056
0.0106	0.0164	0.0559	-0.0012636183784438947	0.0011431906600562858	-0.0005497787143782138	1.50258195	41.0141983	1.19465798	0.28107261109723014	0.00967014	0.00076
0.0076	-0.0219	0.0319	-0.0014049900478554352	0.0013142329267517303	-0.0005602506898901797	1.18450046	32.33190536	1.00374014	0.08144429558094755	0.00764865	0.00053
0.02	-0.0566	-0.0536	-0.0011135200627723821	0.001335176877775662	-0.0005183627878423159	1.11744678	30.50161934	1.00760797	0.15031509190774245	0.00821698	0.00039
0.0216	-0.0304	-0.1044	-0.0011623892818282235	0.0016249015336067207	-0.0004415683007545654	1.08533657	29.62514496	0.99317136	0.09936941809873251	0.00880831	0.00035
0.0106	-0.0105	-0.0011	-0.0009808750396208131	0.0015515977050229591	-0.0004886921905584122	1.33755386	36.50962067	1.03527356	0.14929709802975097	0.00830173	0.00039
0.0164	0.0419	0.0191	-0.0010000736613927507	0.0013735741213195373	-0.0004206243497306334	1.29855168	35.4450264	1.01015257	0.09166450231515688	0.00905854	0.00052
0.0263	-0.0661	-0.094	-0.0009250245035569946	0.0015655603390389136	-0.0005637413483941684	1.2993468	35.46672821	1.06176558	0.2515076187109334	0.00883108	0.00056
0.0239	-0.0153	-0.1437	-0.0010471975511965976	0.0016406094968746698	-0.0003944444109507184	1.20748889	32.95939255	0.99879435	0.12122595714594044	0.00973785	0.00048
0.0222	0.0046	-0.1348	-0.001048942880448592	0.0016772614111665507	-0.00030194196059501896	1.12497103	30.70700073	0.96321359	0.03704498469497873	0.00893074	0.00041
0.0144	0.0275	-0.0298	-0.0009546951008408983	0.0016423548261266642	-0.0001884955592153876	1.36935568	37.37767792	1.05888728	0.1478300383013606	0.00921649	0.00045
0.0126	0.0613	0.0221	-0.0007801621756414653	0.0013962634015954637	-0.00028274333882308137	1.27464318	34.79242325	1.01369935	0.11324360646691636	0.00938594	0.0005
0.0089	-0.0497	-0.063	-0.0008307767239493009	0.0015638150097869194	-0.0005602506898901797	1.23000181	33.57390213	1.04828146	0.22458367537831947	0.00849265	0.00062
0.0094	-0.0657	-0.1382	-0.0011606439525762293	0.0017016960206944712	-0.0005253441048502931	1.18785048	32.42334747	1.03446311	0.11683274122871833	0.0101635	0.0007
0.0113	0.0099	-0.1601	-0.0012060225131280816	0.0018151424220741027	-0.00041189770347066176	1.15357411	31.48774338	1.01032428	0.11301356816555576	0.0102002	0.00071
0.0079	0.0915	-0.0451	-0.0006963863715457374	0.0014887658519511632	-0.00039793506945470715	1.50338125	41.03601456	1.0996438	0.24249876728606193	0.0106058	0.00056
0.0147	0.0225	-0.058	-0.001254891732183923	0.001473057888683214	-0.0004921828490624009	1.27384162	34.77054596	1.03060453	0.12212305517569141	0.00805604	0.00042
0.0143	0.0246	-0.1224	-0.001387536755335492	0.001759291886010284	-0.0003665191429188092	1.12449634	30.69404221	0.9590662	0.09412713633111151	0.00897658	0.00044
0.0158	0.0286	-0.1644	-0.001387536755335492	0.0018849555921538759	-0.0005724679946541401	1.0440042	28.49694443	0.94992728	0.06408062789394614	0.0108283	0.0005
0.0049	-0.0054	-0.0494	-0.0010716321607245184	0.0017383479349863521	-0.0007155849933176752	1.23113132	33.60473251	1.06249386	0.1901814625221016	0.00878066	0.00058
-0.0002	0.0115	0.0068	-0.0006894050545377602	0.0016982053621904826	-0.000726056968829641	1.18707478	32.40217209	0.99973487	0.09984208272472968	0.00900269	0.00058
0.0062	0.0071	-0.0508	-0.0004433136300065597	0.001837831702350029	-0.000577703982410123	1.14537537	31.26395416	0.99422953	0.09510353755551325	0.00920594	0.00048
0.0048	-0.0289	-0.1545	-0.000598647933434055	0.0021013764194011725	-0.0007958701389094143	1.19406354	32.59293747	1.04497527	0.1729522588488965	0.0102379	0.00062
0.0023	-0.0561	-0.2157	-0.0008482300164692441	0.0020472712125893483	-0.0009162978572970229	1.10599327	30.18898582	0.9824418	0.11210575041173113	0.0125709	0.0013
0.003	-0.0131	-0.2328	-0.001064650843716541	0.00209614043164519	-0.0008220500776893293	1.0714581	29.24632072	0.96502239	0.07877689129554158	0.0128143	0.00098
-0.0022	0.0384	-0.1521	-0.0008063421144213803	0.0019058995431778078	-0.0006998770300497262	1.17320275	32.02352524	0.98837833	0.1659361332701073	0.0101328	0.00061
-0.0021	0.0321	-0.1114	-0.0006021385919380437	0.0019006635554218248	-0.0005742133239061344	1.31501317	35.89435577	0.96828836	0.06385516081914559	0.0102426	0.00059
0.0017	-0.0115	-0.1721	-0.0006684611035138282	0.0018308503853420514	-0.0005340707511102648	1.30048549	35.49781036	1.00108654	0.11691391272257136	0.012011	0.00082
0.0025	-0.0282	-0.2121	-0.0008761552845011534	0.001965240737745615	-0.0005846852994181004	1.20857584	32.98906326	0.98519772	0.07713495408493623	0.0119076	0.00085
0.0035	0.0695	-0.2232	-0.0010803588069844899	0.001973967384005587	-0.0006370451769779302	1.13188958	30.89584923	1.00271797	0.1230645023151569	0.012962	0.00115
0.0038	0.0373	-0.1	-0.0006161012259539982	0.0017016960206944712	-0.0007138396640656808	1.47806156	40.34489441	1.11365064	0.1963661715714679	0.0117772	0.0008
0.0091	0.0555	-0.0729	-0.0007033676885537148	0.0016423548261266642	-0.0006928957130417488	1.33242369	36.36959076	1.03368999	0.058977580409572766	0.0093084	0.00061
0.0066	-0.0151	-0.1451	-0.0009093165402890458	0.0019006635554218248	-0.0006579891280018621	1.15229654	31.45287132	0.99133683	0.17025820830351887	0.00988472	0.0007
0.0072	0.0132	-0.1758	-0.0011903145498601325	0.001947787445225672	-0.000804596785169386	1.05496132	28.79602814	0.93455627	0.08333647782712289	0.0111155	0.00056
0.0009	0.0294	-0.1578	-0.0012322024519079964	0.0020350539078253884	-0.0007888888219014368	1.23435605	33.69275284	0.96467095	0.04774311639577649	0.0109769	0.00068
-0.0076	-0.013	0.0251	-0.0012583823906879114	0.0017994344588061536	-0.0006754424205218055	1.47715652	40.32019043	1.24194519	0.25256228945893905	0.00938559	0.00103
-0.0006	0.0822	0.0261	-0.0007766715171374765	0.0015463617172669759	-0.0007644542123735164	1.19263613	32.55397415	1.03322634	0.14438977034706615	0.00903583	0.00065
-0.0038	-0.0538	-0.0763	-0.0007330382858376184	0.0019844393595175526	-0.0007243116395776468	1.22232974	33.36448669	1.07003686	0.26769267231731525	0.00820869	0.00038
-0.0025	-0.096	-0.1547	-0.0007941248096574199	0.0020682151636132805	-0.000853466004225227	1.1587292	31.62845802	0.99259269	0.13560083462815548	0.0107243	0.00062
-0.0026	-0.0214	-0.2022	-0.0007400196028455958	0.0022218041377887812	-0.0006771877497737998	1.28873348	35.17702866	0.99346265	0.1413986217719376	0.012358	0.00094
-0.0037	-0.0096	-0.1375	-0.0004729842272904633	0.002097885760897184	-0.0007173303225696694	1.30112457	35.51525497	1.05288402	0.09915481626212992	0.0100601	0.00052
-0.0089	0.0587	-0.0671	-0.0005619960191421741	0.0018151424220741027	-0.000582939970166106	1.18352544	32.30529022	1.02449299	0.16920727415391779	0.00855911	0.00053
-0.003	-0.0426	-0.1417	-0.0009354964790689606	0.0019826940302655584	-0.000582939970166106	1.09903097	29.99894524	1.00616325	0.20885260340591208	0.00917846	0.00048
0.003	-0.014	-0.2105	-0.0008779006137531476	0.002134537675189065	-0.0005602506898901797	1.50217736	41.00315475	1.01303117	0.11500643952576228	0.014501	0.00164
0.007	-0.0059	-0.2103	-0.0006981317007977319	0.0020315632493213996	-0.0005672320068981572	1.40965807	38.47776413	0.98316999	0.02678623279155293	0.0128741	0.00121
0.0015	-0.0039	-0.1232	-0.0009162978572970229	0.0020751964806212577	-0.00047647488579445195	1.21711886	33.22225189	1.03212007	0.1122278254451427	0.00926208	0.00055
0.0129	0.0922	-0.1198	-0.0010943214410004448	0.0019268434942017398	-0.0004468042885105483	1.11229265	30.36093521	0.97530815	0.1287023583703422	0.00991541	0.00061
0.0117	-0.0207	-0.2035	-0.0010663961729685354	0.0021956241990088664	-0.0006161012259539982	1.28253436	35.00782013	1.02464234	0.22110014551412424	0.0127947	0.00086
0.0121	0.0029	-0.2236	-0.0007766715171374765	0.0022148228207808044	-0.0006003932626860494	1.24220455	33.90698624	0.96427123	0.06033156204354729	0.0130016	0.00121
0.0097	-0.018	-0.1244	-0.00035430183815484887	0.0019303341527057286	-0.0005218534463463045	1.22879744	33.54102707	1.05691391	0.1617699081698724	0.00996	0.0007
0.0122	0.0535	-0.1373	-0.0005358160803622592	0.0020996310901491783	-0.00028274333882308137	1.06933784	29.18844604	0.9804404	0.11639606435870416	0.00935328	0.00039
0.0164	-0.0262	-0.2242	-0.0006544984694978735	0.0022444934180647076	-0.0005707226654021458	1.23578537	33.73176956	0.99584725	0.1983762021815104	0.0125973	0.00086
0.0148	-0.0505	-0.2439	-0.000661479786505851	0.0022078415037728267	-0.0005131268000863328	1.27246821	34.73305511	0.98503758	0.05066145483078356	0.0145157	0.00151
0.0112	0.0316	-0.1434	-0.0002583087292951608	0.0020176006153054447	-0.0004049163864626844	1.40981376	38.4820137	1.09076444	0.2212811179650861	0.0102184	0.00053
0.0026	0.0686	-0.1063	-0.0004433136300065597	0.0020106192982974674	-0.00022863813201125715	1.12293625	30.65146065	0.97867101	0.10111322360854012	0.00902587	0.00048
0.0132	0.0072	-0.1755	-0.0007470009198535729	0.0020594885173533086	-0.000460766922526503	1.15733647	31.59044266	0.97509068	0.170434264970905	0.0115889	0.00064
0.0181	-0.0222	-0.2117	-0.0009581857593448868	0.0021135937241651332	-0.00045553093477052	1.26358271	34.49052048	1.03230682	0.0840263017029561	0.0132462	0.00118
0.0129	0.0045	-0.1768	-0.0007295476273336296	0.0020210912738094335	-0.0005218534463463045	1.30235982	35.54897308	0.99940557	0.08617315469713709	0.0113974	0.00085
0.0057	0.0502	-0.1033	-0.0011117747335203881	0.0019460421159736775	-0.0003665191429188092	1.2024442	32.82169342	1.03781046	0.1570305283725005	0.0084663	0.0003
0.0165	-0.0331	-0.1786	-0.0011938052083641214	0.0020525072003453313	-0.0005253441048502931	1.09221542	29.81290817	0.97282758	0.18676602605734355	0.0108583	0.00061
0.0195	0.0166	-0.2481	-0.001069886831472524	0.0022462387473167022	-0.0006649704450098395	1.30225837	35.54620361	1.00910623	0.1450638132011257	0.0143638	0.00127
0.0185	0.0332	-0.2076	-0.0006859143960337716	0.002033308578573394	-0.0006492624817418905	1.35219657	36.90930557	1.03371012	0.08873052837250049	0.012445	0.00097
0.007	0.0796	-0.1181	-0.0008011061266653974	0.0019774580425095754	-0.0004572762640225143	1.19293606	32.56216049	1.03527351	0.16555142422074104	0.00902599	0.0005
0.016	0.0253	-0.1919	-0.0008674286382411819	0.0021258110289290935	-0.000312413936106985	1.26623356	34.56287766	0.99687117	0.15507689129554159	0.0122937	0.00079
0.0238	-0.0224	-0.2469	-0.0007679448708775049	0.0021170843826691216	-0.0005567600313861911	1.31515682	35.89827728	1.01700485	0.12812782544514276	0.0145882	0.00133
0.0234	0.0294	-0.2713	-0.0008621926504851988	0.0021607176139689798	-0.000645771823237902	1.22896671	33.54564667	0.99986455	0.0879446401379631	0.0149946	0.00168
0.0118	0.0766	-0.1563	-0.0007609635538695277	0.0021676989309769574	-0.0004799655442984406	1.14693677	31.30657387	1.03518538	0.18750083462815553	0.0101954	0.00048
0.0097	0.0719	-0.0882	-0.000661479786505851	0.001864011641129944	-0.00038397243543875244	1.27638519	34.83997345	0.97389767	0.09985820830351891	0.00920278	0.00061
0.0171	0.0105	-0.1248	-0.0007714355293814937	0.0017819811662862105	-0.0003106686068549907	1.26883793	34.63396454	1.02895988	0.11866450231515688	0.0105941	0.00073
0.025	-0.0408	-0.2254	-0.000640535835481919	0.0018675022996339327	-0.0005742133239061344	1.31272888	35.83200455	1.05080962	0.18379827721492203	0.0128067	0.00114
0.0176	0.0114	-0.2817	-0.000757472895365539	0.001973967384005587	-0.0005619960191421741	1.18881702	32.44972992	1.02500756	0.12768097245096174	0.0148596	0.00151
0.011	0.056	-0.2393	-0.0006597344572538566	0.0020298179200694054	-0.0005183627878423159	1.10342515	30.11888885	0.98758345	0.10346111027376793	0.0130824	0.00132
0.0074	0.0514	-0.1302	-0.0001308996938995747	0.002082177797629235	-0.0002024581932313422	1.41701639	38.67861557	1.06954448	0.16215496177625427	0.0107191	0.00071
0.021	-0.012	-0.1768	-0.00017976891295541595	0.0018901915799098587	-0.000307177948351002	1.31569827	35.91305542	1.04161272	0.14087875959474389	0.0116715	0.00085
0.0152	-0.0369	-0.2054	-0.0006422811647339132	0.002078687139125246	-0.0003612831551628262	1.20849943	32.98697662	0.9930031	0.09455565089028543	0.0116482	0.0008
0.016	-0.0797	-0.2109	-0.0007278022980816354	0.002237512101056731	-0.000307177948351002	1.29671669	35.39493942	0.95436687	0.06402256510455155	0.0131956	0.00148
0.0165	0.0243	-0.1134	-0.0004677482395344803	0.0020298179200694054	-0.00026878070480712676	1.37557709	37.5474968	1.08850214	0.22730727415391777	0.0111483	0.00073
0.0198	0.0546	-0.1316	-0.0004485496177625427	0.0020350539078253884	-0.0002199114857512855	1.22713077	33.49553299	1.01482093	0.055465191429188085	0.0100226	0.00052
0.0187	-0.041	-0.1982	-0.0006736970912698113	0.0020298179200694054	-0.0003874630939427412	1.18549788	32.35913086	1.0169432	0.18319675347273537	0.0115063	0.00065
0.0189	-0.0239	-0.2466	-0.0008360127117052838	0.002143264321449037	-0.000460766922526503	1.10548806	30.17519569	0.9665935	0.08315329251994331	0.0135592	0.00105
0.0123	0.0301	-0.22	-0.00047822021504644627	0.00222529479629277	-0.0003787364476827695	1.32421803	36.14561081	0.99933521	0.1132926723173152	0.0135829	0.00105
0.015	0.0562	-0.1261	-0.00028797932657906436	0.002012364627549462	-0.0002844886680750757	1.35052323	36.8636322	1.07826159	0.1475709418409192	0.0103947	0.00086
0.0166	0.0471	-0.1765	-0.00048171087355043494	0.0019303341527057286	-0.0002670353755551324	1.14999843	31.39014244	1.02232986	0.07576076571675237	0.0104016	0.00085
0.0164	-0.0669	-0.2338	-0.000577703982410123	0.00205599785884932	-0.0004380776422505767	1.10437226	30.14474106	0.99870464	0.19113495408493625	0.0128754	0.00108
0.0153	-0.0182	-0.2501	-0.000661479786505851	0.0022130774915288098	-0.0003630284844148205	1.27486885	34.79858398	0.96297299	0.08189522973054868	0.0144916	0.0015
0.0174	0.0623	-0.194	-0.0004136430327226561	0.002007128639793479	-0.0004468042885105483	1.31848788	35.98920059	1.02558481	0.16557807048071263	0.0121616	0.00082
0.0223	0.0996	-0.1478	-0.0003700098014227979	0.0019041542139258136	-0.00021118483949131387	1.1912117	32.51509476	1.00040176	0.10751135530933792	0.0108926	0.00082
0.0232	-0.0112	-0.1795	-0.0006126105674500097	0.002001892652037496	-0.00039793506945470715	1.20003474	32.75592422	1.02745443	0.16975447170511437	0.0106283	0.00056
0.0168	-0.0102	-0.1974	-0.0011850785621041497	0.002001892652037496	-0.0005340707511102648	1.24777758	34.05910492	0.97039864	0.06073018381548488	0.0130038	0.00106
0.0189	0.0126	-0.1604	-0.0013648474750595659	0.0020664698343612863	-0.0005480333851262194	1.31961191	36.0198822	1.00242784	0.07481543646475806	0.0111139	0.00088
0.0142	0.0469	-0.0611	-0.0012897983172238095	0.0018517943363659836	-0.0002740166925631097	1.26465642	34.5198288	1.14687428	0.16648706741970842	0.00933701	0.00067
0.0176	0.025	-0.0923	-0.0014852751934471744	0.0019442967867216831	-0.00018500490071139895	1.08399773	29.58860207	1.05367964	0.07534955592153873	0.0083155	0.00035
0.0198	0.0021	-0.1575	-0.0012688543661998775	0.00205599785884932	-0.00034208453339088857	1.24485517	33.97933578	0.96284776	0.11456007660272118	0.0101295	0.0007
0.0204	-0.0283	-0.19	-0.0013788101090755204	0.0020106192982974674	-0.0003822271061867582	1.25540376	34.26726913	0.96825046	0.07327384381116826	0.0121291	0.00092
0.0207	0.0077	-0.1287	-0.0011082840750163993	0.0019111355309337906	-0.0003961897402027128	1.27259994	34.73665237	1.00496643	0.1167986217719376	0.00975025	0.00058
0.022	0.0346	-0.084	-0.0013683381335635543	0.0018832102629018814	-7.504915783575618e-05	1.11000311	30.29843903	0.95807977	0.10335599544730104	0.00803089	0.00055
0.0322	-0.0289	-0.158	-0.0013578661580515882	0.0018605209826259553	-0.0002513274122871834	1.08537221	29.62611961	0.96468624	0.15817197551196596	0.0098958	0.00045
0.0376	-0.0039	-0.2136	-0.0012374384396639797	0.0019216075064457567	-0.0004310963252425994	1.35025656	36.85635376	1.01133618	0.10406415775814128	0.0139666	0.00124
0.0395	0.0123	-0.218	-0.0007435102613495844	0.0018884462506578647	-0.0005497787143782138	1.37609851	37.56172943	1.02387232	0.05478859116189506	0.0138099	0.00138
0.0254	0.0437	-0.1083	-0.001322959573011702	0.0019146261894377795	-0.0003665191429188092	1.27074683	34.68606949	1.06857311	0.19464444109507184	0.00902367	0.00061
0.0239	0.0638	-0.0616	-0.0012740903539558604	0.0017453292519943296	-0.0003211405823669566	1.20931911	33.00934982	0.97780061	0.08147723585255719	0.00913095	0.00065
0.0299	-0.0333	-0.0852	-0.0014695672301792255	0.0018448130193580064	-7.330382858376184e-05	1.24746406	34.05054855	1.00842978	0.1538398698685118	0.0100415	0.00073
0.0357	-0.0075	-0.1336	-0.0012950343049797925	0.0018500490071139892	-0.0004328416544945937	1.27654457	34.8443222	0.98397577	0.1069653369433124	0.00965971	0.00047
0.0341	0.0091	-0.1722	-0.001322959573011702	0.0017959438003021652	-0.00041538836197465044	1.16130805	31.69885063	0.97277852	0.061774188368183845	0.0102648	0.00068
0.0273	-0.0417	-0.1631	-0.0014974924982111347	0.0018936822384138475	-0.0003159045946109737	1.0402267	28.39383507	0.94213615	0.08528775653373957	0.0104813	0.00058
0.0233	0.057	-0.0961	-0.0014660765716752368	0.001820378409830086	-0.00029845130209103034	1.3050369	35.62204361	1.01459317	0.17580865238198015	0.00945365	0.00082
0.0269	0.0454	-0.0578	-0.0013369222070276565	0.0016790067404185449	-1.7453292519943296e-05	1.26647043	34.56934357	0.98815887	0.08107620218151043	0.00966316	0.00062
0.0363	0.0016	-0.122	-0.0011152653920243766	0.0017383479349863521	-0.0001256637061435917	1.26865852	34.62906647	1.02290197	0.1368604211597368	0.009808	0.00085
0.0264	-0.0624	-0.1665	-0.0013962634015954637	0.0017959438003021652	-0.00029845130209103034	1.19506633	32.62030792	1.00186379	0.14396907354171695	0.0103106	0.00065
0.0325	0.0306	-0.2039	-0.0013020156219877698	0.0017435839227423352	-0.0002583087292951608	1.4051559	38.35487366	1.00708615	0.14583751149816965	0.0134665	0.00136
0.0318	0.0284	-0.1992	-0.001158898623324235	0.0017959438003021652	-0.00035604716740684323	1.30504215	35.62218857	0.96395368	0.02226076571675237	0.0122564	0.00108
0.0253	0.0724	-0.1158	-0.0012322024519079964	0.0016493361431346415	-0.00024260076602721178	1.20484245	32.88715744	1.02574209	0.15056789435654583	0.00933015	0.00094
0.0261	0.0274	-0.0576	-0.00147131255943122	0.0016598081186466073	-5.759586531581287e-05	1.05450273	28.78351021	0.96334462	0.12572934918732942	0.00806141	0.00061
0.03	0.0048	-0.0907	-0.0012932889757277981	0.0015638150097869194	6.632251157578452e-05	1.34062779	36.59352875	0.96197208	0.07949675347273535	0.0103488	0.00089
0.0386	-0.0848	-0.1674	-0.0011449359893082802	0.0016441001553786586	-0.00016929693744344995	1.35379028	36.95280838	1.05502983	0.19811287905152453	0.0125112	0.00109
0.0339	0.0141	-0.2179	-0.00124965574442794	0.0017732545200262388	-0.00034557519189487725	1.29552543	35.36242294	1.05019022	0.1746076187109334	0.0122786	0.00138
0.0327	0.0276	-0.2431	-0.0015515977050229591	0.001970476725501598	-0.00029845130209103034	1.04958212	28.64920044	0.92888868	0.06721440279371127	0.0135926	0.00121
