trans_x	trans_y	trans_z	rot_x	rot_y	rot_z	dvars_std	dvars_nstd	dvars_vstd	framewise_displacement	aqi	aor
0.0	-0.0	0.0	-0.0	0.0	-0.0	n/a	n/a	n/a	n/a	0.011426	0.00136
0.0015	0.129	-0.0213	0.00033684854563490564	-9.948376736367679e-05	9.948376736367679e-05	1.13638914	26.51898003	1.04470705	0.17859080401811295	0.0138179	0.00184
0.0022	0.1096	-0.0419	-3.316125578789226e-05	-0.00019198621771937622	5.235987755982989e-05	1.17908549	27.51535225	1.00721487	0.06618180707911722	0.0132964	0.00164
-0.0002	0.1488	-0.0518	-0.00014486232791552936	-0.00019896753472735358	-0.0001972222054753592	1.0908941	25.45730209	0.97425179	0.06991322360854016	0.0143407	0.00161
0.0052	0.0396	-0.0209	-1.3962634015954635e-05	-0.0001675516081914556	-0.0001291543646475804	1.19316614	27.84393883	1.0267698	0.1570191730631626	0.0115217	0.00087
0.0064	0.0155	-0.0049	8.37758040957278e-05	-0.0001884955592153876	-0.00017976891295541595	1.11565232	26.03506279	0.98858874	0.0497648468721725	0.0106279	0.00095
0.0045	0.1102	-0.0076	-0.0001937315469713706	-0.00034557519189487725	-0.0002007128639793479	1.16284955	27.13646698	1.02516769	0.122076546738526	0.0125344	0.00098
0.0026	0.1696	-0.0353	-3.141592653589793e-05	-0.00010297442586766544	-0.000153588974175501	1.14881051	26.80884933	1.00464727	0.11160201381332656	0.0136334	0.00128
0.0036	0.0585	-0.0185	4.537856055185256e-05	-4.537856055185256e-05	-7.853981633974481e-05	1.16267169	27.13231659	1.02180012	0.13937197551196595	0.0105751	0.00074
0.0053	-0.0111	0.0106	8.552113334772214e-05	2.96705972839036e-05	-2.4434609527920616e-05	1.09013438	25.43957138	0.98877129	0.1088648468721725	0.00996166	0.00065
0.0175	0.1248	0.0262	-0.00029321531433504735	5.061454830783555e-05	0.00024085543677521747	1.14429259	26.70341682	1.05099833	0.196948522250492	0.012607	0.00155
0.0029	0.1134	-0.015	-0.0001884955592153876	0.00015009831567151235	0.0001012290966156711	1.07201588	25.01675415	0.97717861	0.08439149313214413	0.0119142	0.00092
0.004	0.0478	0.0144	-0.00012740903539558605	0.00015009831567151235	7.504915783575618e-05	1.12211263	26.18582153	1.01449532	0.10046332312998582	0.0112232	0.00092
0.0063	0.0547	0.0213	-0.0001605702911834783	0.00013788101090755203	0.00010821041362364843	1.02426839	23.9025116	0.96244266	0.02002699081698724	0.0110582	0.00084
-0.0002	0.0954	0.0171	-0.0003298672286269283	0.00017976891295541595	0.0001832595714594046	1.0279423	23.98824692	0.95293639	0.0657116998663535	0.0119534	0.00113
-0.0029	0.0932	-0.0091	-0.00021118483949131387	0.00018500490071139895	6.283185307179586e-05	1.0516299	24.54102325	0.96796835	0.0433173047639603	0.0118315	0.00088
0.0045	0.0527	0.0172	-0.0002897246558310587	0.00017278759594743863	8.028514559173915e-05	1.07124197	24.99869537	0.98173275	0.07961052068118243	0.0114188	0.00077
0.0132	0.0026	0.0412	-0.00027750735106709843	4.0142572795869576e-05	0.0001186823891356144	1.068156	24.92667961	0.97672259	0.09196297857297024	0.0108637	0.00081
0.0139	0.0285	0.041	-0.0006440264939859076	-6.45771823237902e-05	0.00016406094968746698	1.14241052	26.65949631	0.96947614	0.05263087292951608	0.0116214	0.00111
0.0092	0.056	0.0141	-0.0005253441048502931	-4.71238898038469e-05	7.330382858376184e-05	1.13136482	26.4017334	0.97971878	0.07044464013796313	0.0119689	0.00136
0.0167	-0.0529	0.0362	-0.0003630284844148205	-4.0142572795869576e-05	2.96705972839036e-05	1.17758381	27.48030663	1.01720736	0.14914650843716543	0.0111638	0.00085
0.0166	0.0413	0.0358	-8.726646259971648e-05	0.00010471975511965978	8.726646259971648e-05	1.16567779	27.20246506	1.02646941	0.11861101075232232	0.0122125	0.00114
0.0166	0.0349	0.0318	-0.000296705972839036	3.839724354387525e-05	0.00015533430342749534	1.11235952	25.95822144	0.97819998	0.027591493132144148	0.0115939	0.00109
0.0086	0.067	-0.0094	-0.00020420352248333657	0.0001937315469713706	2.094395102393195e-05	1.08516049	25.32350159	0.99228279	0.10041135530933792	0.0116376	0.00111
0.0159	-0.0405	0.0303	-0.00015707963267948963	0.0001361356816555577	1.5707963267948964e-05	1.16224599	27.12238121	1.03608241	0.15999778714378216	0.0110259	0.00091
0.0127	-0.0154	0.0362	-0.00020420352248333657	0.00014137166941154068	-1.0471975511965975e-05	1.03868198	24.23887062	0.96157248	0.03812699081698725	0.0109456	0.00098
0.0124	0.0065	0.0412	-0.00034033920413889426	4.71238898038469e-05	1.3962634015954635e-05	1.03460765	24.1437912	0.96543547	0.0399409035395586	0.0110353	0.00095
0.0056	0.1007	0.0039	-0.00010821041362364843	0.00024609142453120044	3.4906585039886588e-06	1.1149497	26.01866722	1.02362682	0.16037841503772823	0.0118392	0.00129
0.0103	0.0197	0.033	-0.00010471975511965978	0.00016406094968746698	7.155849933176751e-05	1.06864238	24.93803024	0.99325398	0.12247944870877504	0.0108895	0.00085
0.0118	0.0112	0.0401	-8.552113334772214e-05	0.00018675022996339323	0.0001361356816555577	1.03570664	24.1694355	0.94596155	0.022423254218582697	0.0107876	0.00111
0.0103	0.0455	0.0343	-0.00013264502315156904	0.00010995574287564276	0.0001675516081914556	1.0637598	24.82409096	0.95982145	0.04936671517137476	0.010929	0.00092
0.0071	0.0893	-0.0014	-0.0003089232776029963	0.00018675022996339323	6.981317007977319e-05	1.07667637	25.12551308	0.97400942	0.100240558982543	0.011938	0.001
0.0086	0.0416	-0.0024	-0.00023387411976724014	0.00014311699866353502	-1.7453292519943296e-05	1.05583441	24.63914299	0.96099405	0.06049744258676655	0.0110796	0.00094
0.0095	0.0242	0.0112	5.585053606381854e-05	0.0001972222054753592	8.901179185171081e-05	1.04820383	24.46107292	0.96644309	0.05441474735072685	0.0104562	0.00083
0.0009	0.0886	0.0313	-0.0003211405823669566	6.9813170079773176e-06	-0.00017104226669544429	1.07864726	25.17150688	0.9977798	0.13446430327226555	0.0120316	0.00107
-0.0016	0.0679	-0.0098	-0.00020769418098732522	0.0001658062789394613	-9.075712110370512e-05	1.07254827	25.02918053	0.98489338	0.08192782544514271	0.0110123	0.00105
0.0065	0.0105	-0.0008	-8.028514559173915e-05	0.0001064650843716541	-6.981317007977319e-05	1.07550526	25.09818459	0.98593403	0.08488470904936625	0.0103157	0.00094
0.0121	0.0456	0.0195	-6.45771823237902e-05	9.599310885968811e-05	-5.4105206811824215e-05	1.0484457	24.46671867	0.9688649	0.0630943951023932	0.0109927	0.001
0.0061	0.1133	0.0053	-0.00042236967898262774	1.2217304763960308e-05	-4.0142572795869576e-05	1.08128595	25.23308372	0.98634171	0.110676546738526	0.012127	0.00135
0.0081	0.0444	0.0075	-0.0007068583470577034	6.45771823237902e-05	-5.759586531581287e-05	1.10826683	25.86271286	0.98523629	0.09081509190774244	0.0112048	0.00107
0.0169	-0.0167	0.0576	-0.0005969026041820607	-3.490658503988659e-05	-3.665191429188092e-05	1.11987638	26.13363647	1.00156237	0.13151917306316255	0.011646	0.00129
0.0181	-0.0741	0.0808	-0.0007819075048934597	2.268928027592628e-05	2.4434609527920616e-05	1.07799494	25.15628242	0.98979043	0.09698436449235069	0.0124284	0.00178
0.0114	0.0324	0.0522	-0.0008080874436733745	3.839724354387525e-05	3.316125578789226e-05	1.14459026	26.71036339	1.05175764	0.14433072741539177	0.0121201	0.00149
0.0126	-0.0792	0.0501	-0.0006387905062299246	0.000153588974175501	7.155849933176751e-05	1.14889812	26.81089211	1.0239987	0.13104429558094755	0.0112859	0.0011
0.0145	-0.0475	0.0588	-0.0007033676885537148	0.00017453292519943296	6.632251157578452e-05	1.02537012	23.92822266	0.95021113	0.046837856055185256	0.0118451	0.00118
0.0137	-0.0564	0.0542	-0.0007470009198535729	-7.330382858376184e-05	7.67944870877505e-05	1.12626898	26.28281403	0.98580025	0.029397098029750945	0.0120656	0.00166
0.0098	0.0582	-0.0021	-0.0003106686068549907	-4.18879020478639e-05	-2.792526803190927e-05	1.16733003	27.24102402	1.06229144	0.20342339973270704	0.0115136	0.00106
0.0143	0.0015	0.0173	-0.00032637657012293966	0.0001605702911834783	6.45771823237902e-05	1.06563592	24.86787033	0.9787916	0.09613343034274954	0.0104825	0.00074
0.0119	-0.0737	0.028	-0.0003089232776029963	9.773843811168246e-05	1.5707963267948964e-05	1.08948505	25.4244194	0.97964538	0.09475771823237902	0.01048	0.00089
0.009	0.0084	0.0092	-0.0005340707511102648	5.235987755982989e-05	9.42477796076938e-05	1.09823513	25.62861252	0.99928122	0.12125329251994328	0.0106069	0.00095
0.0069	-0.01	-0.0092	-0.00045902159327450867	0.0002181661564992912	4.18879020478639e-05	1.07953095	25.19212914	0.96755087	0.05356076571675236	0.0100122	0.00054
0.0043	-0.0572	0.0113	-0.0005427973973702365	0.0002199114857512855	-6.632251157578452e-05	1.09724045	25.60540009	0.95901697	0.07998657734856851	0.00996143	0.0007
0.0087	-0.0164	0.0235	-0.0005532693728822024	4.18879020478639e-05	-2.4434609527920616e-05	1.03891718	24.24435806	0.9591166	0.06891917306316257	0.0101237	0.00077
0.0044	0.0671	-0.0262	-0.0006108652381980154	9.42477796076938e-05	5.93411945678072e-05	1.15581298	26.97225952	1.04149652	0.14718657734856855	0.0116245	0.001
-0.0047	-0.0097	0.0142	-0.0009616764178488756	0.00035430183815484887	0.0002024581932313422	1.17776024	27.48442459	1.06159393	0.16399911184307753	0.0107478	0.00099
-0.0084	-0.1155	0.0732	-0.00243473430653209	-0.0002443460952792061	0.00032463124087094524	1.35301244	31.57414246	1.16912556	0.2781939434878436	0.0165321	0.00832
-0.012	-0.0899	0.0569	-0.0017226399717184032	0.00026878070480712676	0.0003961897402027128	1.42358482	33.22103119	1.16820442	0.11033898171158936	0.0150059	0.0034
-0.0152	-0.0618	0.0861	-0.001446877949903299	0.00046949356878647465	0.00045553093477052	1.2915206	30.13915634	1.09424461	0.08729080401811294	0.0138187	0.00326
-0.0112	-0.0093	0.0908	-0.0015655603390389136	0.0005375614096142535	0.0003874630939427412	1.23247623	28.76128769	1.05414893	0.07394090353955862	0.0132735	0.00325
-0.0071	-0.1414	0.0679	-0.0013421581947836393	0.000598647933434055	0.00032812189937493397	1.2483716	29.13222313	1.10789212	0.17629149313214415	0.0126064	0.00211
-0.001	-0.1821	0.0642	-0.001410226035611418	0.0005864306286700947	0.00034033920413889426	1.12601149	26.27680779	0.99743899	0.05512512251778497	0.0133875	0.00211
-0.0088	-0.1527	0.0497	-0.001647590813882647	0.0005951572749300663	0.00026878070480712676	1.07184255	25.01271057	0.9671783	0.0675824961931484	0.0130597	0.002
-0.0102	-0.0593	0.0499	-0.001579522973054868	0.000466002910282486	0.00015533430342749534	1.14321876	26.67835808	1.01740994	0.11053343034274953	0.0121631	0.00166
-0.0462	0.0003	-0.0358	-8.37758040957278e-05	8.726646259971648e-05	-0.0014329153158873448	1.38173664	32.24445343	1.22634934	0.35443666179783745	0.0120218	0.0019
-0.1054	0.1006	-0.1238	7.853981633974481e-05	0.0005044001538263612	-0.0009948376736367678	1.56220233	36.45583344	1.24440247	0.2983763476956347	0.016508	0.00442
-0.0925	0.1604	-0.1434	0.0005253441048502931	0.0008168140899333463	-0.00048171087355043494	1.37382376	32.05979919	1.13278854	0.15591725123519332	0.0162825	0.00351
-0.0735	0.0651	-0.1202	0.0003822271061867582	0.0006475171524898963	-0.0004747295565424576	1.21425366	28.3360405	1.08811729	0.1534697626557481	0.0123276	0.00106
-0.0575	0.1552	-0.1051	0.0006998770300497262	0.0006003932626860494	-0.0003211405823669566	1.24191487	28.98154831	1.07114706	0.1471181393921158	0.0136697	0.00136
-0.0641	0.1761	-0.1672	0.0010454522219446034	0.0006946410422937432	-0.0003700098014227979	1.31788695	30.75444603	1.05262151	0.1140346095279206	0.0166113	0.00332
-0.0553	0.0613	-0.1183	0.0010663961729685354	0.00062482787221397	-0.00031415926535897925	1.36119676	31.765131	1.09039901	0.17983038285837616	0.0118753	0.00077
-0.055	0.1128	-0.099	0.0008709192967451704	0.0005759586531581287	-0.00034906585039886593	1.12386084	26.22661972	0.97984414	0.08506263401595462	0.0123056	0.00085
-0.0502	0.139	-0.0814	0.000486946861306418	0.0005445427266222308	-0.0002897246558310587	1.04624152	24.41527939	0.97385247	0.0723364778271229	0.012492	0.00096
-0.0512	0.1156	-0.112	0.0005689773361501514	0.0006946410422937432	-0.0002617993877991494	1.06670582	24.89283943	0.9675131	0.06800270292735777	0.0124088	0.00095
-0.0459	0.0312	-0.0941	0.0005096361415823442	0.0006318091892219474	-0.0002513274122871834	1.0937742	25.52451134	0.993173	0.11423225115757844	0.0104938	0.00058
-0.0548	0.0525	-0.103	0.0004921828490624009	0.0007243116395776468	-0.00027750735106709843	1.01830828	23.76342583	0.95326785	0.045906784082777874	0.0113611	0.00102
-0.0509	0.1001	-0.0967	0.0003385938748868999	0.0006265732014659643	-0.0002443460952792061	1.07059062	24.9834938	0.96588615	0.0720244334037538	0.0122945	0.00098
-0.0458	0.1113	-0.0905	0.00019024088846738194	0.0004729842272904633	-0.0002199114857512855	1.12534928	26.26135445	0.9772827	0.03881882850614698	0.0125942	0.00113
-0.0442	0.0697	-0.1148	0.00013264502315156904	0.0006283185307179585	-0.00015184364492350666	1.1296587	26.3619194	0.9884286	0.08154990047855436	0.0126482	0.00151
-0.0393	-0.0175	-0.0956	-0.00038397243543875244	0.00048171087355043494	-6.806784082777885e-05	1.16188788	27.11402512	1.0077168	0.1486500459926786	0.011934	0.00109
-0.0443	0.0527	-0.0826	0.0002495820830351891	0.00039968039870670147	-0.0003316125578789226	1.09460354	25.5438652	0.99027797	0.13715648551844092	0.0115716	0.00087
-0.0518	0.1324	-0.1045	0.0005707226654021458	0.00042935099599060504	-0.0005078908123303499	1.08146346	25.23722458	0.98510134	0.13545447170511435	0.0133914	0.00151
-0.0512	0.094	-0.1306	0.0006824237375297829	0.0003892084231947355	-0.00048345620280242926	1.09089768	25.45738411	0.97590759	0.07391391272257136	0.0130508	0.00131
-0.0489	0.0204	-0.1062	0.0008028514559173916	0.0005305800926062762	-0.0004729842272904633	1.11880779	26.1086998	0.99868624	0.11391356816555576	0.0112737	0.00087
-0.0471	0.0874	-0.0874	0.001001818990644745	0.0005462880558742252	-0.0005148721293383271	1.07703078	25.13378334	0.97918751	0.10042817000215833	0.011889	0.00089
-0.0436	0.0663	-0.0777	0.0007470009198535729	0.0004939281783143952	-0.0004136430327226561	1.12589014	26.27397537	0.97927155	0.05472035224833367	0.0112078	0.00113
-0.0464	0.1301	-0.1094	0.0008447393579652555	0.0005654866776461627	-0.0003595378259108319	1.16463149	27.17805099	1.00543607	0.10947010721276368	0.0132987	0.00175
-0.0446	0.1226	-0.1141	0.0008203047484373349	0.0006370451769779302	-0.0003769911184307752	1.09263396	25.49790382	0.99243345	0.01967232006898155	0.0135846	0.00133
-0.0413	0.001	-0.0839	0.0007749261878854823	0.0006527531402458793	-0.0003525565089028545	1.19056988	27.7833519	1.0461691	0.1593760566673861	0.0104605	0.00089
-0.0416	0.0563	-0.0771	0.0006736970912698113	0.0006265732014659643	-0.0003682644721708035	1.17951453	27.52536392	0.99429512	0.06955584993317676	0.0111523	0.00106
-0.041	0.0957	-0.0773	0.00045902159327450867	0.0006003932626860494	-0.00030368728984701333	1.14058256	26.61684036	1.00742444	0.05547163095495036	0.0123889	0.00114
-0.0425	0.1394	-0.1053	0.00040317105721069014	0.0006056292504420323	-0.00022689280275926284	1.09806764	25.62470436	0.99252191	0.0800940505453776	0.0135407	0.00124
-0.0389	-0.0299	-0.0828	0.0003665191429188092	0.0005794493116621174	-0.00022863813201125715	1.19014275	27.77338409	1.08255307	0.19862885911618952	0.00983685	0.00059
-0.0448	0.0753	-0.087	0.0002617993877991494	0.0004921828490624009	-0.00019547687622336493	1.11352313	25.98537636	1.00671426	0.12655737367536343	0.0110944	0.00078
-0.0484	0.1167	-0.1178	0.00029321531433504735	0.0005148721293383271	-0.00033335788713091696	1.0693289	24.95405197	0.99246088	0.08539931088596883	0.0124965	0.00096
-0.0458	0.0267	-0.0795	0.0003193952531149623	0.0005724679946541401	-0.000322885911618951	1.08714759	25.36987114	0.99983389	0.1356123889803847	0.0096612	0.00059
-0.0451	0.0341	-0.0729	0.00034906585039886593	0.0005113814708343385	-0.00037350045992678646	1.02501142	23.9198513	0.95131295	0.021768583470577023	0.00943482	0.00051
-0.0481	0.0941	-0.0786	0.0002007128639793479	0.00039793506945470715	-0.0003106686068549907	1.07098877	24.99278641	0.98881044	0.08493156204354725	0.0111079	0.00077
-0.0534	0.0532	-0.1069	0.0003351032163829112	0.0005410520681182421	-0.0004206243497306334	1.08113587	25.22957993	0.98454563	0.09387315469713708	0.0103958	0.00051
-0.0484	0.0071	-0.0743	0.00013962634015954637	0.0005201081170943102	-0.0003944444109507184	1.12553906	26.2657814	0.99646477	0.09583003830136061	0.00953597	0.00054
-0.047	0.0725	-0.0801	0.0003193952531149623	0.0004677482395344803	-0.0002897246558310587	1.14006448	26.60474968	0.99563299	0.08944242728174527	0.0108461	0.0005
-0.0509	0.1445	-0.0933	0.00017453292519943296	0.00039095375244672985	-0.0002617993877991494	1.26152515	29.43917847	1.01952761	0.10157910415175941	0.0132695	0.00131
-0.0498	0.0759	-0.1018	0.00022340214425527416	0.0005497787143782138	-0.00030368728984701333	1.09353411	25.51890945	0.99036038	0.09067910415175946	0.0117093	0.00091
-0.0443	0.0045	-0.064	0.00027750735106709843	0.00046425758103049166	-0.0002897246558310587	1.14675236	26.76082039	0.99359143	0.12237944870877504	0.0100722	0.00076
-0.0472	0.0481	-0.0642	0.00023387411976724014	0.00047123889803846896	-0.0002652900463031381	1.03797019	24.22225761	0.95558402	0.0504524578917878	0.0103322	0.00058
-0.0513	0.1237	-0.0896	0.00015184364492350666	0.00047822021504644627	-0.0003106686068549907	1.07444715	25.07349205	0.97964948	0.11181951762017817	0.0124251	0.00074
-0.0469	0.1017	-0.088	0.000296705972839036	0.00046425758103049166	-0.0003595378259108319	1.02698517	23.96591187	0.95160838	0.03838470904936627	0.0118181	0.0008
-0.0458	0.0392	-0.0694	0.0002495820830351891	0.0005166174585903216	-0.0003577924966588376	1.08071053	25.21965599	0.98116376	0.08726145483078354	0.010629	0.00063
-0.0453	0.1244	-0.066	0.00014137166941154068	0.00041538836197465044	-0.00028797932657906436	1.18871546	27.74007797	1.03423214	0.10306263401595464	0.012291	0.0011
-0.0439	0.1171	-0.0816	-6.45771823237902e-05	0.0005305800926062762	-0.0003769911184307752	1.07655609	25.12270546	0.96681219	0.044807618710933375	0.0121607	0.00098
-0.0416	0.0566	-0.0759	0.0002617993877991494	0.0005585053606381855	-0.00033335788713091696	1.08733535	25.37425232	0.98077598	0.08839675347273536	0.0106041	0.00073
-0.0272	0.015	-0.0525	0.00027576202181510406	0.0004886921905584122	-0.00023212879051524583	1.0553484	24.62779999	0.96259674	0.08865024503556995	0.00966948	0.00077
-0.0265	0.1084	-0.0526	0.00023387411976724014	0.0003822271061867582	-0.0002740166925631097	1.12143207	26.16993904	1.00298183	0.10371204442336908	0.0115802	0.00088
-0.039	0.0573	-0.0958	0.00022340214425527416	0.0004468042885105483	-0.00022689280275926284	1.17574692	27.43744087	1.01141923	0.11290865238198014	0.0111381	0.00127
-0.0335	-0.0075	-0.0821	0.0002670353755551324	0.000486946861306418	-0.0003159045946109737	1.10292518	25.73806	0.98883852	0.09263937979737193	0.00999981	0.00051
-0.0346	0.0439	-0.0596	0.0002897246558310587	0.0004956735075663896	-0.00035604716740684323	1.13063502	26.38470078	0.98824865	0.07857792496658839	0.00972867	0.00063
-0.035	0.0513	-0.0572	6.9813170079773176e-06	0.00041015237421866745	-0.00029321531433504735	1.12617064	26.28052139	0.98443812	0.03175481626212997	0.00984424	0.00072
-0.039	0.1645	-0.111	8.552113334772214e-05	0.0005393067388662478	-0.0002600540585471551	1.18981934	27.76583862	1.05095173	0.1830427718387609	0.0136797	0.00132
-0.0346	0.0316	-0.1142	0.00024609142453120044	0.000598647933434055	-0.000296705972839036	1.14808011	26.79180336	1.04852455	0.15332817000215834	0.0102013	0.00051
-0.0291	0.007	-0.0699	0.0003351032163829112	0.0006300638599699529	-0.0002513274122871834	1.09373927	25.5236969	0.97709326	0.08269031394697306	0.00893933	0.00044
-0.0278	0.0514	-0.0722	0.0001361356816555577	0.000450294947014537	-0.0002129301687433082	1.04570532	24.40276718	0.95547854	0.06885668456133223	0.00961256	0.0005
-0.0413	0.1294	-0.1052	8.552113334772214e-05	0.0005881759579220891	-0.00022340214425527416	1.11134958	25.93465424	0.98924946	0.13444837673636767	0.0121578	0.00091
-0.0348	0.0327	-0.0942	-4.18879020478639e-05	0.0006108652381980154	-0.00017278759594743863	1.10191524	25.7144928	0.99890346	0.12423564319896736	0.00988609	0.00065
-0.0331	0.0307	-0.0585	0.00013962634015954637	0.00042760566673861073	-0.00028099800957108706	1.06010902	24.73889351	0.97469442	0.06304921136452317	0.00978208	0.00066
-0.0334	0.0342	-0.0588	-2.96705972839036e-05	0.00042935099599060504	-0.00017627825445142725	1.05866945	24.70530128	0.97179626	0.0178881010907552	0.00967032	0.00047
-0.0371	0.0878	-0.0848	-0.0001186823891356144	0.00038571776469074686	-0.0002530727415391778	1.08913708	25.41629982	0.97678457	0.093771975511966	0.0111727	0.00076
-0.0361	0.0338	-0.0779	1.2217304763960308e-05	0.00040666171571467877	-0.000322885911618951	1.07732642	25.14068413	0.97382873	0.072982840750164	0.00970423	0.00058
-0.0421	0.0043	-0.0767	-0.00018500490071139895	0.0004921828490624009	-0.0002565634000431664	1.10183752	25.712677	0.98311017	0.05415329251994329	0.00972247	0.00029
-0.0393	0.0849	-0.0884	-0.00012042771838760874	0.00037524578917878077	-6.45771823237902e-05	1.1031425	25.74313164	0.98958754	0.11377502299633932	0.0114243	0.00073
-0.0426	0.0909	-0.0935	-0.0012252211349000194	0.0003351032163829112	5.235987755982988e-06	1.19240177	27.82610321	1.04863507	0.07513745796940266	0.0140427	0.00147
-0.0951	0.097	-0.0351	-0.0005969026041820607	0.00034208453339088857	-0.0004468042885105483	1.4569788	34.00032043	1.31117076	0.1713670061996234	0.0155998	0.00476
-0.0898	0.061	-0.071	-0.0004974188368183839	0.0002513274122871834	-0.0003473205211468716	1.4262805	33.28393936	1.23628899	0.09168623279155293	0.0137571	0.00224
-0.0396	0.0407	-0.0181	-0.00046425758103049166	0.0003682644721708035	0.00015184364492350666	1.25096309	29.19269943	1.10712089	0.15586312408709452	0.0118489	0.00147
-0.022	0.0189	-0.0101	4.0142572795869576e-05	0.000450294947014537	0.00021642082724729686	1.19768667	27.94943237	1.05751523	0.07995039054969424	0.00945944	0.00045
-0.0113	0.0223	-0.0431	5.93411945678072e-05	0.000661479786505851	0.00042411500823462205	1.1856463	27.66845512	1.00939259	0.06900388211252884	0.00927287	0.00055
-0.0029	-0.069	-0.0274	0.00037524578917878077	0.0006702064327658224	0.0003351032163829112	1.10065496	25.68508148	0.99228276	0.1360821516361328	0.00890768	0.00061
-0.01	-0.0248	-0.0163	0.0003298672286269283	0.0005619960191421741	0.0002670353755551324	1.10072041	25.68660927	0.96620525	0.07348284075016398	0.00876284	0.00048
-0.0102	0.107	-0.0126	6.45771823237902e-05	0.0004520402762665313	0.000153588974175501	1.33310401	31.1095562	1.1034744	0.16013460952792063	0.0118541	0.00151
-0.0107	0.0611	-0.0477	1.7453292519943294e-06	0.00041538836197465044	1.5707963267948964e-05	1.22278678	28.53517151	1.03690694	0.09336823891356143	0.0101417	0.00054
-0.0129	-0.077	-0.0379	0.00015707963267948963	0.0004433136300065597	3.490658503988659e-05	1.18983757	27.76626396	1.0492569	0.1602229096615671	0.00846833	0.00048
-0.0111	-0.0576	-0.0133	0.00016231562043547262	0.0003892084231947355	1.7453292519943294e-06	1.08007896	25.204916	0.96075727	0.05042512251778498	0.00852424	0.00048
-0.0106	0.033	0.0039	0.0001186823891356144	0.0002600540585471551	-8.726646259971648e-05	1.0839715	25.29575348	0.98897333	0.12138996938995748	0.00906426	0.00058
-0.0136	0.1001	-0.0246	0.0001291543646475804	0.00035430183815484887	-6.806784082777885e-05	1.08964908	25.42824745	1.00226727	0.10479591884457984	0.0106843	0.00058
-0.0125	-0.0422	-0.0241	0.0003193952531149623	0.00028797932657906436	-0.0001658062789394613	1.13486695	26.48345947	1.04674195	0.1616150919077424	0.00829953	0.0004
-0.0064	-0.0135	0.0008	0.00035081117965086024	0.00034906585039886593	-0.00017627825445142725	1.04470122	24.3793354	0.96639236	0.06484872129338327	0.0090065	0.00051
-0.0005	-0.0211	0.0234	0.00017976891295541595	0.0002583087292951608	-0.00010995574287564276	1.07301557	25.04008484	0.9860525	0.0525060949687467	0.00950372	0.00059
-0.0006	0.0844	0.0002	0.0003193952531149623	0.0003089232776029963	-0.00010821041362364843	1.16124594	27.09904289	1.02728821	0.13839931088596885	0.0105722	0.00065
-0.0043	-0.0058	-0.0084	0.000460766922526503	0.00028797932657906436	-0.00016929693744344995	1.15392876	26.92828751	1.02881034	0.11367010721276372	0.00898415	0.00058
-0.0013	-0.0436	0.0212	0.0004677482395344803	0.00020420352248333657	-0.0002513274122871834	1.10565877	25.80185127	0.98973693	0.07903937979737195	0.00935119	0.0004
0.0006	-0.0281	0.0321	0.0003961897402027128	0.00021118483949131387	-0.0001012290966156711	1.30231822	30.39113235	0.98713787	0.03973190660056285	0.0100658	0.001
0.0013	0.0023	0.0261	8.37758040957278e-05	0.0002251474735072685	-0.0001361356816555577	1.27873349	29.84075546	1.02509032	0.055164157758141305	0.0104609	0.00143
-0.0046	-0.0242	0.0026	0.0002181661564992912	0.0003700098014227979	-0.00017802358370342162	1.2738961	29.72786903	1.02316942	0.07195702911834784	0.00974405	0.00072
-0.0028	-0.0777	0.0203	0.00021118483949131387	0.0003822271061867582	-0.00015184364492350666	1.18990004	27.76772118	0.9969903	0.07526892802759265	0.00958651	0.00085
-0.0024	0.0327	0.0107	0.00014486232791552936	0.00015009831567151235	-0.00021642082724729686	1.15251827	26.8953743	1.02605182	0.138551424220741	0.00975424	0.0008
-0.0133	0.1153	-0.0911	0.0010943214410004448	0.000312413936106985	-0.00028274333882308137	1.21289706	28.30438423	1.11448616	0.25420486225480865	0.0121382	0.00106
-0.0108	0.0611	-0.157	0.0009669124056048585	0.0003473205211468716	-0.00016929693744344995	1.10798597	25.85615921	1.02014393	0.13638810109075522	0.0124574	0.0012
-0.0067	0.0199	-0.1014	0.0009197885158010115	0.00032637657012293966	-7.330382858376184e-05	1.12002444	26.13709068	1.01935602	0.10910304748437334	0.00959134	0.00055
0.0034	0.0698	-0.0614	0.0008936085770210966	0.0003351032163829112	-0.0	1.07866001	25.17180252	0.98933165	0.10541052068118242	0.00986767	0.00048
0.0146	0.0991	-0.0523	0.0008988445647770796	0.0003630284844148205	0.0001605702911834783	1.10270965	25.73303032	0.99616288	0.05928657734856852	0.010426	0.00094
0.0016	0.1154	-0.0886	0.0008011061266653974	0.00037350045992678646	0.00017802358370342162	1.1306839	26.38584137	0.99299128	0.07188318530717958	0.0111153	0.00072
-0.005	0.1003	-0.105	0.0008429940287132613	0.0003054326190990077	4.18879020478639e-05	1.10202205	25.7169838	0.98959762	0.050404571226560016	0.0113387	0.00107
-0.0005	0.0647	-0.065	0.0008848819307611251	0.0002600540585471551	3.141592653589793e-05	1.08896208	25.41221428	0.98556567	0.08498692190558411	0.0102606	0.00067
0.0067	0.0742	-0.0337	0.0006527531402458793	0.0001291543646475804	-4.363323129985824e-05	1.1198101	26.13208961	0.97831276	0.06990388211252885	0.0105074	0.00058
0.0064	0.0902	-0.0213	0.000486946861306418	4.0142572795869576e-05	-1.5707963267948964e-05	1.11808324	26.09179115	0.97673442	0.04283716694115408	0.0108742	0.00085
0.0035	-0.0276	-0.0436	0.0005183627878423159	1.5707963267948964e-05	-7.853981633974481e-05	1.1354295	26.49658775	1.02398849	0.14893411945678073	0.0095067	0.00072
0.004	0.0458	-0.0248	0.0005270894341022875	9.599310885968811e-05	-0.0002007128639793479	1.15712738	27.00293159	1.00903019	0.10325924197456568	0.0102537	0.00073
0.0076	0.0373	-0.0119	0.0005393067388662478	-3.665191429188092e-05	-0.00022165681500327985	1.12573719	26.27040482	0.97835924	0.03329031394697306	0.00979596	0.00066
0.0047	-0.0162	-0.0089	0.0002303834612632515	-0.00010297442586766544	-0.0002844886680750757	1.12409353	26.23204803	0.98635422	0.08130388211252883	0.0091874	0.00051
0.0001	0.0338	-0.0427	0.00038397243543875244	1.7453292519943296e-05	-0.0003054326190990077	1.08895802	25.41212082	0.99368683	0.10314803217935208	0.0100707	0.0008
0.0028	-0.0292	-0.0198	0.0004433136300065597	7.155849933176751e-05	-0.0003385938748868999	1.09504485	25.55416298	0.98870592	0.09593038285837616	0.00865728	0.00055
0.0075	0.0382	-0.0046	0.0004904375198104066	5.93411945678072e-05	-0.0002670353755551324	1.12056351	26.14967155	1.0030142	0.09384498469497872	0.00981563	0.00069
0.0084	0.0406	-0.0249	0.0005410520681182421	0.00017453292519943296	-8.726646259971648e-05	1.10205579	25.71777153	0.99881693	0.040878759594743866	0.00948125	0.00062
-0.0015	0.0602	-0.0861	0.0009040805525330626	0.0003525565089028545	-0.00016929693744344995	1.16721606	27.23836517	1.02132981	0.12185412714809876	0.0104357	0.00077
0.0015	0.0518	-0.0591	0.0009180431865490173	-2.96705972839036e-05	-0.000317649923862968	1.11999762	26.13646507	1.00617477	0.06562713633111153	0.0107492	0.00085
0.0081	-0.0369	-0.0195	0.0009040805525330626	-6.108652381980153e-05	-0.00032812189937493397	1.10947907	25.89100266	1.02404834	0.13769252680319094	0.008874	0.00036
0.0026	0.0582	-0.0186	0.0008587019919812101	0.0001605702911834783	-0.0002199114857512855	1.13010311	26.37228966	1.00615302	0.12026228945893903	0.00996202	0.00054
-0.0035	0.0859	-0.0679	0.0010349802464326373	5.585053606381854e-05	-0.000439822971502571	1.16655374	27.22290802	1.0031573	0.1081454747661186	0.0104064	0.00063
0.006	-0.0871	-0.0183	0.0009302604913129776	0.00027750735106709843	-0.00028797932657906436	1.28639066	30.01944351	1.11092441	0.25601101075232235	0.00840414	0.0005
0.0039	-0.0736	0.0143	0.000921533845053006	0.0002705260340591211	-0.00028099800957108706	1.05945456	24.72362328	0.96121799	0.04933446401379632	0.0085088	0.00058
-0.0	-0.0224	0.0054	0.0009616764178488756	0.00039269908169872416	-0.0002495820830351891	1.07088387	24.99033737	0.97140307	0.07368657734856851	0.00857329	0.00055
-0.0046	0.0337	-0.0108	0.0010175269539126942	0.0004328416544945937	-0.0002495820830351891	1.10658717	25.82351685	0.98820322	0.08169965544298441	0.00907862	0.00065
-0.0111	-0.0144	-0.0203	0.0012356931104119853	0.0005637413483941684	-0.0003106686068549907	1.09225178	25.48898315	0.98106181	0.08460761871093338	0.00803208	0.00039
-0.0251	-0.051	-0.0198	0.0010768681484805013	0.0006440264939859076	-0.00039095375244672985	1.06124389	24.76537895	0.95732816	0.06706976265574811	0.00780451	0.00041
-0.0259	-0.015	-0.0143	0.0009913470151327792	0.000726056968829641	-0.0003612831551628262	1.03934503	24.25434303	0.9536501	0.05216111027376796	0.00795048	0.00036
-0.0297	0.0094	-0.0289	0.0007539822368615504	0.0007155849933176752	-0.0003874630939427412	1.04435849	24.37133789	0.95128091	0.05650083462815548	0.00848633	0.00045
-0.0301	-0.0079	-0.0191	0.0009354964790689606	0.0006283185307179585	-0.0005183627878423159	1.02827466	23.9960022	0.95269838	0.04748401993533508	0.00803375	0.00039
-0.0287	0.0123	-0.0152	0.000947713783832921	0.0006475171524898963	-0.0005288347633542819	1.03482509	24.14886284	0.95180308	0.027594395102393202	0.0082953	0.00041
-0.0283	0.0505	-0.0157	0.0007801621756414653	0.0006108652381980154	-0.0004310963252425994	1.05062497	24.5175724	0.95637342	0.05419709802975096	0.00871867	0.00023
-0.034	-0.0104	-0.0455	0.000905825881785057	0.0006859143960337716	-0.00047123889803846896	1.06451356	24.84168053	0.96848377	0.10844277183876087	0.00810558	0.0003
-0.0392	-0.0003	-0.0369	0.0011414453308042916	0.0006736970912698113	-0.0006126105674500097	1.02250457	23.86134911	0.93930989	0.04336042115973677	0.00865054	0.00048
-0.0385	0.0391	-0.0342	0.0012060225131280816	0.0007714355293814937	-0.0006073745796940267	1.04956925	24.49293709	0.96908124	0.05117758040957279	0.00920719	0.00051
-0.0391	0.0222	-0.0398	0.0012461650859239514	0.0006632251157578452	-0.000593411945678072	1.03018749	24.04063988	0.96020217	0.031215781021773647	0.00896138	0.00048
-0.0399	0.0068	-0.0619	0.0012740903539558604	0.0007941248096574199	-0.0005619960191421741	1.02422667	23.90153694	0.95156719	0.04781204442336907	0.00854135	0.00028
-0.0364	-0.0129	-0.0339	0.0014259339988793671	0.0008237954069413235	-0.0005689773361501514	1.05799103	24.68946838	0.94980053	0.06062477796076938	0.00847262	0.00033
-0.039	0.0436	-0.0263	0.001282817000215832	0.0007766715171374765	-0.0005881759579220891	1.02784109	23.98588562	0.9580665	0.07717197551196599	0.00901884	0.00048
-0.0372	0.0272	-0.0411	0.0010978120995044332	0.0007295476273336296	-0.00047647488579445195	1.04534149	24.39427757	0.96194156	0.050191493132144153	0.00865942	0.00037
-0.0392	0.0234	-0.0559	0.0012897983172238095	0.000710349005561692	-0.0006230825429619757	1.04135966	24.30135536	0.96353491	0.03848962483294188	0.00908828	0.0004
-0.0419	-0.0034	-0.0339	0.001155407964820246	0.0007557275661135446	-0.000598647933434055	1.03839099	24.23207855	0.96337085	0.06171017612416684	0.00835997	0.00025
-0.0472	0.0421	-0.0317	0.0010314895879286487	0.0007208209810736582	-0.0006649704450098395	1.02739584	23.97549438	0.96133673	0.06425737367536341	0.00938594	0.00036
-0.0558	0.1157	-0.0853	0.0013980087308474581	0.0006649704450098395	-0.0006300638599699529	1.12667942	26.29239273	1.03065845	0.15866381320112574	0.0108144	0.00056
-0.0483	0.0346	-0.0724	0.0009773843811168245	0.0006126105674500097	-0.0006894050545377602	1.08791554	25.38779259	0.99424791	0.12811627109291354	0.00912386	0.00045
-0.0434	-0.0519	-0.0282	0.000905825881785057	0.0005550147021341969	-0.0007173303225696694	1.12541282	26.26283455	1.00859517	0.14345398163397446	0.00820369	0.00054
-0.0413	-0.029	-0.0184	0.000973893722612836	0.0005602506898901797	-0.0006719517620178169	1.03457487	24.14302635	0.95387935	0.04073411945678071	0.00821406	0.00036
-0.043	0.0725	-0.0364	0.0009651670763528643	0.0005044001538263612	-0.0007033676885537148	1.12739432	26.30907631	0.99876603	0.1259996554429844	0.00961173	0.00039
-0.0514	0.0026	-0.0682	0.0011938052083641214	0.000645771823237902	-0.000778416846389471	1.09127975	25.46630096	0.98972242	0.13235294796292768	0.00931168	0.00051
-0.0446	-0.0815	-0.0334	0.0012269664641520136	0.0007033676885537148	-0.000757472895365539	1.12524879	26.25900841	1.00690104	0.13128505360638185	0.00839531	0.00041
-0.0441	-0.0313	-0.0233	0.0010175269539126942	0.0005811946409141118	-0.0006928957130417488	1.04062557	24.28422546	0.95182823	0.08060948701013562	0.00807083	0.00048
-0.0408	-0.015	-0.0447	0.0010088003076527223	0.0006108652381980154	-0.0005637413483941684	1.0642159	24.83473396	0.96963649	0.0493775804095728	0.00815612	0.00039
-0.0382	-0.0426	-0.0494	0.0010873401239924673	0.0007190756518216638	-0.0006056292504420323	1.06625235	24.88225746	0.96478572	0.04633190660056288	0.00794446	0.00039
-0.0336	-0.0656	-0.0382	0.0010681415022205296	0.0007592182246175333	-0.0006038839211900379	1.04417813	24.36712837	0.94279154	0.04185432619099009	0.00763154	0.00032
-0.0424	-0.0756	-0.0245	0.0009826203688728075	0.0006597344572538566	-0.0007295476273336296	1.02669632	23.9591713	0.94362756	0.048033430342749525	0.00791937	0.00036
-0.0405	-0.0519	-0.0262	0.0006928957130417488	0.0005637413483941684	-0.0006963863715457374	1.05114114	24.52961731	0.95516896	0.04824395102393195	0.00807655	0.0003
-0.0423	0.0016	-0.0577	0.0006056292504420323	0.0005445427266222308	-0.0008429940287132613	1.08600307	25.34316254	0.97006194	0.09945363707695888	0.00873846	0.00036
-0.0393	-0.0259	-0.0359	0.0006649704450098395	0.0004188790204786391	-0.0009023352232810684	1.08996201	25.43554878	0.99808098	0.0645173047639603	0.00857168	0.0004
-0.0353	-0.1116	0.0105	0.000593411945678072	0.000439822971502571	-0.0007976154681614085	1.13887644	26.57702637	1.04932527	0.14596111027376796	0.00882953	0.00033
-0.0303	0.0139	0.0219	0.0006038839211900379	0.0004049163864626844	-0.000705113017805709	1.16001928	27.0704174	1.04819622	0.1487940505453776	0.00943714	0.00044
-0.0287	0.0399	-0.0384	0.001043706892692609	0.0003630284844148205	-0.0009494591130849152	1.17777705	27.4848175	1.02529473	0.12420284844148204	0.00949973	0.00062
-0.0346	-0.1135	-0.0547	0.0011344640137963143	0.0006265732014659643	-0.0007906341511534313	1.25204372	29.2179184	1.09748946	0.2012563400043167	0.00922799	0.00055
-0.061	-0.1214	-0.0555	0.0008552113334772215	0.0008709192967451704	-0.0006981317007977319	1.26154172	29.43956566	1.06001247	0.06590506129769991	0.00955218	0.00105
-0.0633	-0.0747	-0.1004	-0.00010821041362364843	6.981317007977319e-05	-0.0005515240436302081	1.25677896	29.32842064	1.08817688	0.18945677654668952	0.0120905	0.00179
-0.0309	-0.0419	-0.0917	0.0007068583470577034	0.00016406094968746698	-0.00039793506945470715	1.23985088	28.93338394	1.06650166	0.12704527572322735	0.00906348	0.00054
-0.0211	-0.0947	-0.0654	0.0007714355293814937	0.00010821041362364843	-0.0004049163864626844	1.14446652	26.70747757	1.01288176	0.09527045176977933	0.00852674	0.00041
-0.0247	-0.0139	-0.0551	0.0007906341511534313	0.00030194196059501896	-0.0003665191429188092	1.16679978	27.22864914	1.01166873	0.10726637061435916	0.00843632	0.00058
-0.0274	-0.0912	-0.1061	0.000752236907609556	0.0005253441048502931	-0.000307177948351002	1.17521679	27.42506981	1.0331255	0.14705702911834784	0.00930303	0.00051
-0.0186	-0.1552	-0.0769	0.0008813912722571365	0.000460766922526503	-0.00042236967898262774	1.11582792	26.03916168	0.99052306	0.11744616388014982	0.00938213	0.00072
-0.0218	-0.0879	-0.0627	0.0006998770300497262	0.0004258603374866164	-0.0004625122517784973	1.11903584	26.1140213	1.00074927	0.09752817000215833	0.00904363	0.00065
-0.0145	-0.0929	-0.0405	0.0008063421144213803	0.0005340707511102648	-0.00033335788713091696	1.15501964	26.95374489	1.0112061	0.05169149313214413	0.00883186	0.00092
-0.0186	-0.0784	-0.0693	0.0008552113334772215	0.0005637413483941684	-0.0002303834612632515	1.12258196	26.19677544	0.99397843	0.05647571211037052	0.00832224	0.00055
-0.0171	-0.1216	-0.0768	0.0008482300164692441	0.0005288347633542819	-0.0003351032163829112	1.06283867	24.80259514	0.98161027	0.059530382858376175	0.00822133	0.00032
-0.0161	-0.1084	-0.0495	0.0008970992355250854	0.0005358160803622592	-0.000445058959258554	1.07177508	25.01113701	0.95626967	0.04979031394697306	0.00791895	0.00037
-0.0176	-0.0638	-0.0266	0.0009773843811168245	0.0004904375198104066	-0.00048345620280242926	1.04566717	24.40187836	0.96614976	0.07720304748437334	0.00760335	0.00037
-0.0274	-0.0312	-0.0656	0.000947713783832921	0.00038397243543875244	-0.0005811946409141118	1.06625831	24.88239479	0.97120877	0.093093705988362	0.00776994	0.00029
-0.0237	-0.1018	-0.0558	0.0009826203688728075	0.0003682644721708035	-0.0006824237375297829	1.06302667	24.80698204	0.97924088	0.09169218224617534	0.00795144	0.00044
-0.0228	-0.1036	-0.0241	0.0009669124056048585	0.0003769911184307752	-0.0007696902001294993	1.03742647	24.20956993	0.95323433	0.03998505360638185	0.00774616	0.00033
-0.0239	-0.0854	-0.018	0.0008255407361933179	0.0003211405823669566	-0.0006562437987498679	1.03302276	24.1068058	0.95142725	0.04093343034274952	0.00773352	0.0004
-0.0288	-0.0179	-0.0396	0.0006649704450098395	0.0002548180707911721	-0.0006998770300497262	1.10101819	25.69355965	0.98570071	0.10752630170295609	0.00815237	0.00041
-0.0294	-0.0968	-0.0641	0.0006702064327658224	0.0004136430327226561	-0.0007435102613495844	1.10531831	25.79390717	0.99227364	0.11438470904936628	0.00811034	0.00034
-0.0226	-0.101	-0.0366	0.0008970992355250854	0.0004537856055185257	-0.0007749261878854823	1.08591652	25.34114265	0.96059839	0.05342256510455154	0.00765383	0.00039
-0.027	-0.0978	-0.0327	0.0009459684545809266	0.00029496064358704166	-0.0007155849933176752	1.0090704	23.54784775	0.93605242	0.024851768777756623	0.00759906	0.00023
-0.0311	-0.0139	-0.0565	0.0008587019919812101	0.0003159045946109737	-0.0007138396640656808	1.09658062	25.59000206	0.97586743	0.11729778714378213	0.00810635	0.00039
-0.0283	-0.0755	-0.0586	0.0009616764178488756	0.0005235987755982988	-0.0006632251157578452	1.07149279	25.00454712	0.96900223	0.0845641577581413	0.00786209	0.00039
-0.0255	-0.1248	-0.0224	0.0008936085770210966	0.0005480333851262194	-0.0006684611035138282	1.09026384	25.44259262	0.97333289	0.09318692190558413	0.00806588	0.00032
-0.0302	-0.0975	-0.0203	0.0009407324668249436	0.00045553093477052	-0.0006789330790257941	1.0237608	23.89066696	0.94772699	0.041604915783575606	0.0075807	0.00032
-0.0351	-0.0873	-0.0311	0.0008517206749732328	0.0005462880558742252	-0.000661479786505851	1.03033495	24.04408264	0.94828961	0.03576111027376796	0.00768405	0.00037
-0.0357	-0.0894	-0.0352	0.0010349802464326373	0.0006021385919380437	-0.0007470009198535729	1.03258502	24.09659004	0.94540455	0.023031562043547248	0.00752968	0.00028
-0.0381	-0.0869	-0.0241	0.0010035643198967395	0.0005166174585903216	-0.0007853981633974483	1.05577111	24.63766479	0.95349742	0.02376671517137476	0.00774938	0.00032
-0.0392	-0.1353	-0.0215	0.0009808750396208131	0.0005009094953223725	-0.0007400196028455958	1.08784926	25.38624573	0.98047112	0.056288790204786394	0.00835633	0.00029
-0.0363	-0.0201	-0.0259	0.0006579891280018621	0.00038048177693476387	-0.0006632251157578452	1.1321733	26.42060089	1.01471634	0.14850540585471547	0.00878263	0.00067
-0.039	-0.0353	-0.0428	0.0005916666164260777	0.00062482787221397	-0.0005096361415823442	1.07331061	25.04697037	0.99291502	0.058012879051524566	0.00860047	0.00047
-0.0344	-0.1459	-0.0093	0.0006841690667817771	0.0006736970912698113	-0.000635299847725936	1.20318139	28.07765579	1.03203618	0.16205176877775662	0.00880027	0.0005
-0.0384	-0.056	-0.0143	0.0008779006137531476	0.000614355896702004	-0.0007173303225696694	1.0958215	25.57228661	0.99080256	0.11565516081914556	0.00800341	0.00032
-0.0412	-0.0042	-0.0291	0.000932005820564972	0.00042935099599060504	-0.0006597344572538566	1.05277896	24.56783867	0.96936017	0.08423529864195183	0.00851941	0.00043
-0.0421	-0.0261	-0.0544	0.0010663961729685354	0.0005689773361501514	-0.0007452555906015787	1.06598401	24.87599564	0.967961	0.06607689129554159	0.00819618	0.00039
-0.0343	-0.1335	-0.0156	0.0009930923443847736	0.0005619960191421741	-0.0006981317007977319	1.16470826	27.17984009	1.02765335	0.16037045176977932	0.00812352	0.00036
-0.036	-0.0728	-0.0075	0.0009354964790689606	0.0005201081170943102	-0.0007417649320975902	1.09145725	25.47044373	0.98123521	0.07765584993317677	0.00810397	0.00052
-0.0331	0.0074	-0.013	0.0009599310885968812	0.0005899212871740833	-0.0006003932626860494	1.09779513	25.61834335	0.98202753	0.10038097245096173	0.0085187	0.00048
-0.0374	-0.0469	-0.0468	0.001064650843716541	0.0007976154681614085	-0.0005672320068981572	1.05630708	24.65017319	0.97840174	0.10967875959474387	0.00826085	0.00022
-0.0432	-0.1437	-0.023	0.0009791297103688187	0.0007766715171374765	-0.0005864306286700947	1.1014713	25.70413208	0.98632644	0.1326831853071796	0.00896949	0.00041
-0.0448	-0.0781	-0.0197	0.0008220500776893293	0.0007016223593017205	-0.0006283185307179585	1.04234016	24.32423782	0.965376	0.08420083462815542	0.0083074	0.00037
-0.042	-0.0424	-0.0115	0.0006981317007977319	0.0005794493116621174	-0.0004991641660703782	1.10327506	25.74622536	0.95757922	0.06546228945893905	0.00870305	0.00041
-0.0451	-0.0771	-0.0399	0.000661479786505851	0.0006841690667817771	-0.00035430183815484887	1.04504526	24.38736343	0.96564686	0.08051169986635347	0.00870794	0.00036
-0.0336	-0.1823	-0.018	0.0009337511498169664	0.0008360127117052838	-0.0003106686068549907	1.19606328	27.91154671	1.02402147	0.161987411976724	0.00997776	0.00058
-0.0325	-0.0915	-0.0093	0.0010088003076527223	0.0008150687606813518	-0.00041538836197465044	1.1197865	26.1315403	1.01170417	0.11063564319896736	0.00888884	0.00066
-0.0394	-0.0523	-0.0229	0.0011728612573401894	0.0008831366015091308	-0.0004188790204786391	1.06265795	24.79837608	0.96562968	0.07148097245096174	0.00873828	0.0005
-0.0443	-0.0022	-0.0502	0.0011187560505283654	0.0008115781021773631	-0.0005218534463463045	1.08238256	25.25867462	0.9766702	0.09373190660056285	0.0089016	0.00054
-0.0429	-0.0828	-0.0679	0.001054178868204575	0.0008552113334772215	-0.0004886921905584122	1.07473278	25.08015633	0.97631937	0.10676858347057704	0.0089851	0.00056
-0.0384	-0.1266	-0.0417	0.0010768681484805013	0.0007627088831215222	-0.0006003932626860494	1.08262718	25.26438141	0.97349436	0.08584464013796313	0.0094918	0.00056
-0.0384	-0.1147	-0.0332	0.001090830782496456	0.0008517206749732328	-0.0005759586531581287	1.16625333	27.21589661	1.00787984	0.026770451769779297	0.00950813	0.00111
-0.0389	-0.0296	-0.0304	0.0009040805525330626	0.0008726646259971648	-0.00048520153205442357	1.23739707	28.87612152	1.03275314	0.10332256510455153	0.00890595	0.00078
-0.0417	-0.0761	-0.06	0.000890117918517108	0.0008674286382411819	-0.0005619960191421741	1.12593913	26.27511787	0.98209507	0.08369965544298438	0.00864422	0.00048
-0.0348	-0.1718	-0.0268	0.0008220500776893293	0.0008691739674931761	-0.000466002910282486	1.15274966	26.900774	1.00687358	0.14409031394697305	0.00919485	0.00065
-0.0367	-0.0959	-0.0182	0.0008761552845011534	0.0009581857593448868	-0.0005427973973702365	1.15551865	26.96539116	1.01442744	0.09739557428756429	0.00833142	0.00059
-0.0444	-0.0799	-0.0134	0.0007766715171374765	0.0009791297103688187	-0.0005131268000863328	1.17297053	27.37265205	1.00742743	0.03600491578357561	0.00784773	0.00044
-0.0495	-0.1114	-0.0234	0.0007120943348136865	0.000926769832808989	-0.0005393067388662478	1.14588535	26.74058723	0.99466698	0.05375584993317674	0.0082556	0.00048
-0.0459	-0.1963	-0.0188	0.0007068583470577034	0.0009459684545809266	-0.0006579891280018621	1.15737271	27.00865746	1.01550377	0.10025584993317672	0.00955117	0.00059
-0.0462	-0.0369	-0.0071	0.0007086036763096977	0.0008168140899333463	-0.0007278022980816354	1.19940972	27.98964119	1.06120136	0.18143564319896732	0.00798726	0.00036
-0.0449	-0.0487	-0.0016	0.0006422811647339132	0.0007661995416255106	-0.0007173303225696694	1.09709084	25.60190964	0.95134184	0.024970451769779304	0.00821227	0.00041
-0.0481	-0.0904	-0.018	0.0005759586531581287	0.0007208209810736582	-0.0006597344572538566	1.19674528	27.92746162	0.97678442	0.06976484687217246	0.00844014	0.00062
-0.0382	-0.1573	0.0057	0.0006335545184739417	0.0008115781021773631	-0.000614355896702004	1.23231089	28.75742722	1.00719808	0.11018657734856852	0.00931966	0.00073
-0.0342	-0.1142	0.013	0.0005358160803622592	0.0008098327729253688	-0.000577703982410123	1.26235867	29.45862961	1.00045196	0.06120678408277789	0.00881582	0.00037
-0.0243	-0.1044	0.016	0.0005270894341022875	0.0010978120995044332	-0.0002199114857512855	1.19697618	27.93285179	1.01944432	0.055424923474893674	0.00877458	0.00055
-0.0345	-0.1747	-0.0022	0.0005148721293383271	0.0008691739674931761	-0.0005864306286700947	1.16984248	27.29965401	1.02590964	0.12906872898470131	0.00888789	0.00051
-0.0334	-0.1358	0.0184	0.0005218534463463045	0.0008063421144213803	-0.0005550147021341969	1.14986897	26.83354759	1.00911508	0.06566145483078355	0.00913703	0.00044
-0.0349	-0.0986	0.0268	0.00041713369122664475	0.0008412486994612669	-0.0005550147021341969	1.1544373	26.94015694	0.99477447	0.05408131700797733	0.0086655	0.0005
-0.0379	-0.1033	0.0153	0.0003700098014227979	0.0008220500776893293	-0.0005218534463463045	1.22682905	28.62950325	0.97986025	0.02417418836818385	0.00893587	0.00052
-0.0338	-0.1608	0.0175	0.0005078908123303499	0.0007539822368615504	-0.0005340707511102648	1.25251091	29.2288208	1.01360931	0.07470830782496457	0.0101244	0.00088
-0.0395	-0.1171	-0.0013	0.0008063421144213803	0.0009337511498169664	-0.0006003932626860494	1.34079885	31.28912354	1.02492133	0.09542713633111155	0.00914055	0.00056
-0.0612	0.0077	-0.0704	0.0009285151620609833	0.0007435102613495844	-0.0006544984694978735	1.35306215	31.57530022	1.15806346	0.23392595714594047	0.0102687	0.00117
-0.0657	0.0061	-0.1296	0.0012269664641520136	0.0009913470151327792	-0.0005654866776461627	1.18739283	27.70921135	1.0878476	0.0970649923862968	0.0108657	0.00105
-0.045	-0.2244	-0.055	0.0011484266478122688	0.0010140362954087054	-0.0004939281783143952	1.42005718	33.13871002	1.25573621	0.33443937979737187	0.0104516	0.00078
-0.0485	-0.0805	-0.0654	0.0014957471689591403	0.0009424777960769379	-0.0006824237375297829	1.215042	28.35443878	1.09185326	0.18816872898470127	0.0086863	0.00043
-0.0515	0.0287	-0.0708	0.001424188669627373	0.0008936085770210966	-0.0004939281783143952	1.19197834	27.81621933	1.05467524	0.1330461638801498	0.00976884	0.00072
-0.0615	0.0262	-0.1189	0.0015777776438028737	0.0009128071987930344	-0.0006370451769779302	1.16132832	27.1009655	1.01294316	0.07639522973054867	0.0100691	0.00059
-0.0582	-0.0794	-0.0929	0.0015498523757709647	0.0008831366015091308	-0.0006771877497737998	1.19937396	27.98880577	1.05041061	0.13978692190558414	0.00840694	0.00052
-0.0521	-0.0195	-0.0569	0.0016318828506146981	0.0007871434926494425	-0.0006754424205218055	1.13688993	26.53066826	1.00774374	0.1109884456477708	0.00893617	0.00056
-0.0469	-0.0192	-0.0523	0.0015638150097869194	0.0007923794804054256	-0.0007016223593017205	1.44268084	33.66666031	1.03550835	0.015074188368183843	0.0093379	0.00092
-0.0523	-0.0293	-0.0831	0.0017139133254584315	0.0009389871375729493	-0.0006178465552059926	1.34198284	31.31675339	1.04075693	0.06532408884673818	0.0090403	0.00073
-0.0505	-0.041	-0.0913	0.0015515977050229591	0.0009756390518648303	-0.000609119908946021	1.17861211	27.50430298	1.00614063	0.032084709049366264	0.00939405	0.00063
-0.0739	0.0246	-0.0632	0.0021048670779051613	0.0008552113334772215	-0.001085594794740473	1.31480253	30.68246841	1.11903437	0.17460859885321314	0.0119119	0.00197
-0.0695	0.0158	-0.0697	0.0012007865253720988	0.0006754424205218055	-0.0007801621756414653	1.2152549	28.35940552	1.05081897	0.08916410422937429	0.0101888	0.00114
-0.0519	-0.0143	-0.0279	0.0016039575825827887	0.0007539822368615504	-0.0007086036763096977	1.15365672	26.92193985	1.0350385	0.11716346864411012	0.00955218	0.00111
-0.041	0.0317	-0.0167	0.001467821900927231	0.0006300638599699529	-0.0006335545184739417	1.14292216	26.67143631	1.03752856	0.08485516081914554	0.0101477	0.00106
-0.0475	0.0248	-0.0651	0.001541125729510993	0.0007243116395776468	-0.0006894050545377602	1.19604719	27.91117287	1.01465507	0.07297010721276372	0.0101494	0.00092
-0.0394	-0.1563	-0.0346	0.0015777776438028737	0.0006300638599699529	-0.0008133234314293575	1.25483584	29.28307533	1.12342922	0.23244090353955857	0.00985563	0.0007
-0.0396	-0.1475	-0.0143	0.0015777776438028737	0.0005078908123303499	-0.0008779006137531476	1.06056392	24.74950981	0.96731761	0.03863751149816966	0.00954223	0.00066
-0.0402	-0.0129	-0.029	0.001626646862858715	0.0006579891280018621	-0.0008656833089891874	1.28257453	29.9303894	1.07054176	0.16045924197456568	0.00936717	0.00109
-0.0436	-0.0133	-0.0622	0.0016615534478986017	0.0005619960191421741	-0.0009407324668249436	1.22380805	28.55900574	1.01883291	0.047297442586766526	0.00944763	0.00099
-0.0355	-0.1069	-0.0363	0.001656317460142619	0.0006335545184739417	-0.0008936085770210966	1.23723984	28.87245178	1.06950954	0.13379591884457984	0.00881094	0.00062
-0.0436	-0.0775	-0.0288	0.0015166911199830724	0.0006335545184739417	-0.0008447393579652555	1.15848541	27.0346241	1.02514087	0.05442477796076938	0.00782549	0.00051
-0.0414	-0.0296	-0.0239	0.0010803588069844899	0.0005009094953223725	-0.0008499753457212384	1.10311818	25.74256516	0.98641139	0.08371066619530672	0.00844932	0.0004
-0.039	-0.0564	-0.0338	0.0009913470151327792	0.0006161012259539982	-0.00091106186954104	1.07870686	25.17289734	0.95994465	0.05236450231515689	0.00794095	0.00045
-0.0372	-0.1377	-0.0001	0.001043706892692609	0.0005270894341022875	-0.0009512044423369096	1.16195273	27.11553764	1.02001045	0.1258757121103705	0.00886399	0.0003
-0.0347	-0.0896	0.0131	0.0006702064327658224	0.0005393067388662478	-0.0008080874436733745	1.10057569	25.68323326	0.9987917	0.09024173816771408	0.00836098	0.00039
-0.0425	-0.031	-0.0197	0.0009686577348568529	0.0005550147021341969	-0.0008517206749732328	1.14599764	26.74320793	0.98054986	0.11708962483294189	0.00838453	0.00029
-0.0513	0.0039	-0.0662	0.0011763519158441782	0.000736528944341607	-0.0007853981633974483	1.20652378	28.15565491	1.00714905	0.112976546738526	0.00871414	0.00055
-0.0428	-0.1657	-0.047	0.001129228026040331	0.0008255407361933179	-0.000736528944341607	1.26200414	29.45035553	1.07792621	0.20655024503556996	0.00916994	0.00034
-0.0407	-0.1272	-0.0117	0.001129228026040331	0.0006073745796940267	-0.0008831366015091308	1.08346593	25.28395653	0.9932527	0.09413869068334071	0.00870651	0.00051
-0.0438	-0.0331	-0.0077	0.0011780972450961724	0.0005794493116621174	-0.000900589894029074	1.18435729	27.63837433	1.02661324	0.10591238898038471	0.00883746	0.00069
-0.0438	-0.0818	-0.0373	0.0013212142437597075	0.000710349005561692	-0.0009372418083209549	1.15211713	26.88601112	1.00508223	0.09383343034274952	0.00822222	0.00072
-0.0451	-0.123	-0.0311	0.001296779634231787	0.000609119908946021	-0.0010262536001726657	1.13855362	26.56949234	0.97432208	0.059433774899765125	0.00840724	0.00058
-0.0505	-0.0829	-0.0325	0.0014346606451393388	0.0006527531402458793	-0.0011484266478122688	1.10415328	25.76671791	0.96771904	0.062084364492350656	0.00829142	0.00043
-0.0499	0.0009	-0.0362	0.0014276793281313615	0.0005131268000863328	-0.0011676252695842063	1.12815464	26.32682037	0.99718628	0.09639031394697309	0.0082534	0.00059
-0.0606	-0.0105	-0.0633	0.0015638150097869194	0.0006894050545377602	-0.001192059879112127	1.09125531	25.46573067	0.97526945	0.06604242728174528	0.0082041	0.00061
-0.0686	-0.1087	-0.0804	0.0017558012275062952	0.0008307767239493009	-0.0012077678423800758	1.11035717	25.9114933	0.99706962	0.14075329251994328	0.00791466	0.00034
-0.0684	-0.1225	-0.0725	0.0019879300180215415	0.0008220500776893293	-0.0012112585008840647	1.07357943	25.05324364	0.96308619	0.03411730476396032	0.00831258	0.00054
-0.0632	0.0793	-0.0711	0.00204378055408536	0.0007958701389094143	-0.0010192722831646884	1.32873797	31.00766945	1.17292119	0.22210083462815544	0.0109746	0.00142
-0.0657	0.0612	-0.1095	0.002036799237077382	0.0009023352232810684	-0.0010925761117484504	1.1663574	27.21832466	1.01635237	0.06833751149816968	0.0102941	0.00056
-0.0702	-0.1291	-0.0947	0.0016406094968746698	0.0008726646259971648	-0.0010297442586766543	1.28454399	29.97634888	1.12781474	0.2340346095279206	0.00826198	0.00034
-0.0622	-0.1568	-0.0452	0.0017243853009703976	0.0008220500776893293	-0.0010454522219446034	1.09824717	25.6288929	0.9714714	0.09270491578357565	0.00839549	0.00051
-0.0653	-0.0327	-0.0452	0.0017715091907742446	0.000640535835481919	-0.0011780972450961724	1.13369274	26.45605659	1.01935338	0.14526415775814128	0.00798482	0.0005
-0.0738	-0.0022	-0.088	0.0017732545200262388	0.0006946410422937432	-0.001218239817892042	1.08270359	25.26616669	0.96651923	0.08659965544298441	0.00882012	0.00052
-0.0727	-0.06	-0.096	0.0019006635554218248	0.0008779006137531476	-0.0011780972450961724	1.0690254	24.94696808	0.96848078	0.084440558982543	0.00844562	0.00036
-0.0666	-0.0568	-0.0522	0.0017941984710501708	0.0007644542123735164	-0.0012095131716320703	1.07998395	25.20269966	0.96626281	0.06566637061435915	0.00798416	0.00047
-0.0649	-0.0639	-0.0367	0.0015289084247470327	0.0005567600313861911	-0.001228711793404008	1.051458	24.5370121	0.96594846	0.04890914245312006	0.00824302	0.00039
-0.0708	-0.0387	-0.0648	0.0015515977050229591	0.0006771877497737998	-0.0012356931104119853	1.06740892	24.90924644	0.95598639	0.06670491578357561	0.00811088	0.00021
-0.063	-0.1145	-0.0485	0.0016964600329384882	0.0006387905062299246	-0.001223475805648025	1.06964028	24.96131706	0.97047016	0.10967384381116822	0.00851154	0.00041
-0.0603	-0.0681	-0.0405	0.0017051866791984597	0.000619591884457987	-0.0012130038301360591	1.06606698	24.87793159	0.96530521	0.05901986217719376	0.00778323	0.0003
-0.0619	0.0271	-0.0575	0.0016720254234105676	0.0004991641660703782	-0.001239183768915974	1.14507616	26.72170258	0.99585425	0.12278844564777076	0.00914782	0.0005
-0.0757	0.0987	-0.1422	0.001780235837034216	0.0006073745796940267	-0.0012147491593880533	1.21067321	28.25248718	1.06762754	0.18214277183876088	0.0132396	0.00133
-0.0695	-0.1205	-0.1104	0.0020856684561332234	0.0007504915783575615	-0.0011798425743481666	1.35814285	31.69386673	1.20425474	0.28137281014012144	0.00938463	0.00029
-0.0658	-0.089	-0.0603	0.0015882496193148398	0.0006579891280018621	-0.001186823891356144	1.10429859	25.77011108	0.98864656	0.11514513020910302	0.00864089	0.0004
-0.0658	-0.0057	-0.0471	0.001446877949903299	0.0006073745796940267	-0.0012147491593880533	1.07478869	25.08146095	0.98212746	0.10749557428756427	0.00858581	0.00037
-0.0736	0.0184	-0.074	0.0014590952546672592	0.0006230825429619757	-0.001192059879112127	1.18546653	27.66426086	0.98370924	0.06133072741539176	0.00933343	0.00059
-0.0676	-0.123	-0.0713	0.0015690509975429022	0.0008604473212332044	-0.001064650843716541	1.17110312	27.32907295	1.06618998	0.1738364778271229	0.00903159	0.00054
-0.0543	-0.0677	-0.0405	0.0017435839227423352	0.0006510078109938849	-0.0010402162341886204	1.10101306	25.69343758	0.98483433	0.11982035224833364	0.00852197	0.00043
-0.0549	0.0099	-0.0313	0.001514945790731078	0.0006911503837897545	-0.0009424777960769379	1.19090748	27.79123116	1.00384842	0.10572595714594044	0.00935912	0.0007
-0.0704	-0.0848	-0.0793	0.001165879940332212	0.0008342673824532895	-0.0007557275661135446	1.23422301	28.80204964	1.06558819	0.19214665395128971	0.00990283	0.00078
-0.0637	-0.094	-0.0639	0.001420698011123384	0.0008011061266653974	-0.000926769832808989	1.15001082	26.83686066	1.00755937	0.05425107966372543	0.00930053	0.00077
-0.0604	-0.111	-0.0406	0.0012339477811599909	0.0007993607974134029	-0.00091106186954104	1.12049389	26.14804649	0.97143007	0.05381017612416683	0.00901037	0.00056
-0.064	-0.174	-0.0343	0.0011606439525762293	0.0006981317007977319	-0.0009616764178488756	1.17059577	27.31723404	1.01508599	0.0841573736753634	0.00978285	0.00095
-0.0699	-0.1139	-0.0357	0.0010192722831646884	0.0006597344572538566	-0.0009826203688728075	1.15924954	27.0524559	1.02440692	0.0774356431989674	0.008802	0.00039
-0.0708	-0.1027	-0.054	0.000874409955249159	0.0006876597252857658	-0.0009965830028887623	1.0559454	24.64173126	0.95239852	0.03973751149816966	0.0084458	0.00039
-0.0648	-0.1531	-0.0206	0.0008028514559173916	0.000661479786505851	-0.0009861110273767962	1.075441	25.09668541	0.95918502	0.09521052068118244	0.0089798	0.00062
-0.0616	-0.135	-0.0053	0.0008447393579652555	0.0006073745796940267	-0.0010384709049366262	1.05971336	24.72966194	0.97127173	0.04401764932097591	0.00906086	0.00065
-0.0695	-0.1508	-0.0046	0.0006702064327658224	0.0005445427266222308	-0.0010314895879286487	1.06057894	24.74986076	0.97551993	0.0366173047639603	0.00900102	0.00032
-0.0751	-0.0523	-0.0574	0.000757472895365539	0.0006544984694978735	-0.001075122819228507	1.13173795	26.41044044	1.02853214	0.16894277183876083	0.00844646	0.00039
-0.0702	-0.1665	-0.0408	0.0008726646259971648	0.0006440264939859076	-0.001085594794740473	1.12274456	26.20056915	1.01936706	0.1425067840827779	0.00921488	0.00058
-0.0643	-0.1645	-0.0153	0.000932005820564972	0.0005811946409141118	-0.0011431906600562858	1.08349431	25.28461647	0.97450218	0.0423884456477708	0.00938708	0.00061
-0.0646	-0.0907	-0.0351	0.001054178868204575	0.0005078908123303499	-0.001158898623324235	1.12912083	26.34936714	1.00517679	0.10445924197456571	0.00892305	0.00043
-0.0495	-0.0876	-0.0651	0.0009285151620609833	0.00033684854563490564	-0.0011205013797803594	1.47828698	34.49757004	1.0296341	0.0649551608191456	0.00994825	0.00129
-0.0585	-0.102	-0.0813	0.0007853981633974483	0.0005044001538263612	-0.0009093165402890458	1.43432236	33.47160339	1.07005979	0.0656926723173152	0.0109206	0.00136
-0.0802	-0.2481	-0.0447	-0.00013264502315156904	0.0008168140899333463	-0.0008307767239493009	1.4345907	33.47786713	1.19250798	0.26984984694978736	0.0133635	0.0025
-0.0888	-0.2673	0.0185	-0.00020594885173533088	0.0006440264939859076	-0.0009407324668249436	1.2737546	29.72456741	1.09131497	0.10880235837034216	0.0144385	0.00387
-0.119	-0.2043	-0.0286	0.000450294947014537	0.0006021385919380437	-0.0009424777960769379	1.26963246	29.62837029	1.12793894	0.1752938515024863	0.0134034	0.00444
-0.1009	-0.0966	-0.0187	0.0009634217471008699	0.000645771823237902	-0.0008028514559173916	1.27639019	29.78607178	1.10481157	0.1705193185772869	0.00997442	0.00139
-0.0737	-0.1503	-0.0159	0.000853466004225227	0.0006073745796940267	-0.0007068583470577034	1.11134279	25.93449402	1.01018536	0.0959173047639603	0.0092259	0.00077
-0.064	-0.1411	-0.0184	0.0008115781021773631	0.0006998770300497262	-0.0006318091892219474	1.04675508	24.42726326	0.96571794	0.03187197551196596	0.00867909	0.00065
-0.0562	-0.1853	-0.0431	0.0008377580409572782	0.000726056968829641	-0.0007190756518216638	1.07154155	25.00568581	0.96683449	0.08368131700797729	0.00923163	0.00041
-0.0528	-0.2738	-0.0083	0.0006771877497737998	0.0005794493116621174	-0.0006841690667817771	1.12123883	26.16543007	1.00795304	0.1438042266695444	0.012228	0.00124
-0.0528	-0.2161	0.0116	0.0005742133239061344	0.0006283185307179585	-0.0006771877497737998	1.10969722	25.89609337	1.01116531	0.0855412480965742	0.0103604	0.00088
-0.0679	-0.1857	0.0015	0.000445058959258554	0.0006073745796940267	-0.0007714355293814937	1.08417046	25.30039787	0.99053999	0.06781730476396029	0.00961357	0.00062
-0.0828	-0.1387	-0.0329	0.0004049163864626844	0.0005969026041820607	-0.000895353906273091	1.11088073	25.92371178	0.99162228	0.10502664625997164	0.0090459	0.00056
-0.116	-0.2001	-0.0015	0.00042935099599060504	0.0005445427266222308	-0.001090830782496456	1.18425643	27.63602066	1.04596455	0.13961356816555578	0.0109887	0.00178
-0.0618	-0.1804	0.0133	0.00022863813201125715	0.0004310963252425994	-0.0006510078109938849	1.22820091	28.6615181	1.109736	0.1263991118430775	0.0109215	0.00166
-0.0542	-0.2536	0.0218	0.0008709192967451704	0.00027750735106709843	-0.0007120943348136865	1.32140279	30.83649254	1.14857033	0.13214783313646075	0.0153868	0.00389
-0.07	-0.1161	0.0137	0.0006544984694978735	0.0008848819307611251	-0.0004956735075663896	1.36294389	31.80590439	1.1587908	0.213410811709431	0.014171	0.00447
-0.065	-0.1915	0.0278	0.00047647488579445195	0.0004537856055185257	-0.0006126105674500097	1.50859559	35.20485687	1.18316027	0.13080284844148207	0.0122543	0.00193
-0.0759	-0.3277	0.0268	0.0005340707511102648	0.0005846852994181004	-0.0006230825429619757	1.28611219	30.01294518	1.11014274	0.15804837673636765	0.0167939	0.00356
-0.0796	-0.2179	0.0473	0.00022165681500327985	0.00045902159327450867	-0.0006422811647339132	1.32354522	30.88648987	1.07432083	0.1568638132011257	0.0131146	0.00187
-0.0775	-0.2086	0.0459	0.00037524578917878077	0.00039269908169872416	-0.000726056968829641	1.17154264	27.33932877	1.00872136	0.02798436449235066	0.0127131	0.00166
-0.0774	-0.1668	0.0134	0.00021118483949131387	0.00042935099599060504	-0.0007435102613495844	1.11047494	25.9142437	1.01166153	0.08530830782496458	0.011244	0.00111
-0.0709	-0.2403	0.0207	0.0003665191429188092	0.00048345620280242926	-0.0007661995416255106	1.0772028	25.13779831	0.98913001	0.09890643952576227	0.0127599	0.00183
-0.0658	-0.2216	0.0362	0.0004747295565424576	0.0004485496177625427	-0.000853466004225227	1.05096817	24.52558136	0.95340015	0.0508191730631626	0.0122827	0.0014
-0.0658	-0.1916	0.0365	0.0005759586531581287	0.00041189770347066176	-0.000879645943005142	1.09962189	25.6609745	0.99669075	0.03850304748437335	0.0114327	0.00124
-0.0722	-0.2197	0.0235	0.0007871434926494425	0.0004520402762665313	-0.0008220500776893293	1.14038193	26.61215782	0.99783284	0.06294616388014981	0.0114658	0.00139
-0.0992	-0.142	-0.0158	0.0007627088831215222	0.0004625122517784973	-0.0010733774899765126	1.16513956	27.18990707	1.04799542	0.1583116998663535	0.00983995	0.00179
-0.1113	-0.2052	-0.0051	0.000932005820564972	0.00019198621771937622	-0.001228711793404008	1.12794948	26.32203102	1.04385836	0.11575786374650332	0.011172	0.0031
-0.0973	-0.1422	0.0116	0.0018832102629018814	0.0002722713633111154	-0.0014748032179352085	1.1547581	26.94764137	1.06547047	0.15757905062299246	0.0106548	0.00125
-0.088	0.0255	-0.0707	0.0018343410438460403	-0.00011344640137963142	-0.0017296212887263805	1.2994529	30.32426643	1.17480722	0.293770252726888	0.010353	0.00094
-0.071	-0.0401	-0.1185	0.0021135937241651332	0.00028099800957108706	-0.0013386675362796509	1.13247025	26.42752838	1.0432226	0.18363254218582703	0.00963074	0.00069
-0.067	-0.1199	-0.0593	0.001895427567665842	8.726646259971648e-05	-0.0013421581947836393	1.16316855	27.14390945	1.04487229	0.16376941809873252	0.00961351	0.00067
-0.0644	-0.1366	-0.034	0.0017697638615222502	8.726646259971648e-06	-0.001265363707695889	1.03940833	24.25581932	0.9754148	0.05864990047855435	0.00857151	0.00047
-0.0806	-0.0777	-0.0396	0.0016423548261266642	5.93411945678072e-05	-0.0015393804002589986	1.08324909	25.27889633	1.00650989	0.10330201381332654	0.00901431	0.00065
-0.0833	-0.0271	-0.0812	0.0018186330805780916	0.00017627825445142725	-0.0015079644737231008	1.11011946	25.90594864	0.99326587	0.11113156204354724	0.00921929	0.00073
-0.0754	-0.1181	-0.0521	0.00200363798128949	0.00028797932657906436	-0.0014433872913993105	1.11116469	25.93033791	0.99977814	0.14606415775814127	0.00835973	0.00054
-0.0758	-0.0818	-0.0309	0.0021624629432209744	0.0002600540585471551	-0.0015777776438028737	1.02734995	23.97442245	0.96006981	0.07395702911834784	0.00899297	0.00056
-0.0765	-0.1265	-0.0241	0.0019931660057775245	8.028514559173915e-05	-0.001553343034274953	1.07089663	24.99063492	0.98308706	0.07087502299633931	0.00895309	0.00067
-0.0661	-0.111	-0.0082	0.0015760323145508795	6.45771823237902e-05	-0.0014538592669112763	1.11262739	25.96447182	0.97983437	0.06841627109291352	0.00874001	0.00051
-0.0573	-0.1129	-0.0098	0.001656317460142619	0.0001012290966156711	-0.0013683381335635543	1.07772326	25.14994431	0.95463476	0.022422909661567125	0.00869918	0.00044
-0.0627	-0.1196	-0.0002	0.0015690509975429022	0.00015009831567151235	-0.0014067353771074296	1.03754473	24.21232986	0.94335247	0.030426646259971664	0.00906563	0.00036
-0.0706	-0.1903	0.0043	0.0012897983172238095	0.00012042771838760874	-0.0012863076587198209	1.05557144	24.63300514	0.98225435	0.10456754979953024	0.0102689	0.00062
-0.0709	-0.1226	0.0013	0.0011205013797803594	0.00016929693744344995	-0.00124965574442794	1.07612574	25.11266327	0.98619549	0.08374090353955861	0.00958139	0.00069
-0.0656	-0.1348	-0.0074	0.001706932008450454	0.00017453292519943296	-0.0013177235852557187	1.03549647	24.16453171	0.95909013	0.05918672286269282	0.00989491	0.00073
-0.0672	-0.1878	0.0083	0.0018273597268380628	0.0003054326190990077	-0.001223475805648025	1.07416856	25.0669899	0.97405553	0.08757875959474384	0.0113672	0.0007
-0.0681	-0.1044	0.0184	0.001811651763570114	0.00028099800957108706	-0.0011641346110802177	1.11249423	25.96136475	1.02226651	0.0993741883681838	0.009646	0.00044
-0.074	-0.0955	-0.0507	0.0019687313962496035	0.0005515240436302081	-0.0012426744274199627	1.1189481	26.11197281	1.03841883	0.10920727415391776	0.00921863	0.00026
-0.0666	-0.2379	-0.006	0.0018360863730980347	0.0006073745796940267	-0.0010349802464326373	1.23882174	28.90936661	1.07251055	0.21430948701013564	0.0111026	0.00078
-0.0709	-0.2137	0.0192	0.0018168877513260971	0.0007644542123735164	-0.0010105456369047167	1.04602289	24.41017914	0.9650239	0.06373564319896738	0.0106899	0.0008
-0.0684	-0.1704	0.0184	0.001726130630222392	0.0007382742735936014	-0.0008290313946973065	1.05290127	24.57069206	0.96098423	0.06152256510455152	0.0094102	0.00055
-0.0671	-0.0829	0.004	0.0017156586547104257	0.0008674286382411819	-0.0007295476273336296	1.23643744	28.85372543	0.9973284	0.11515550537616116	0.00857723	0.00076
-0.0631	-0.2367	0.0187	0.001658062789394613	0.0008325220532012951	-0.0007993607974134029	1.25385189	29.26011276	1.08070811	0.1806157810217736	0.0111349	0.0011
-0.059	-0.2169	0.0149	0.0017558012275062952	0.0008185594191853405	-0.000874409955249159	1.19534826	27.89486313	0.99316483	0.03703751149816965	0.0107062	0.00094
-0.065	-0.1708	0.0204	0.0015585790220309364	0.0006510078109938849	-0.000804596785169386	1.13547242	26.4975872	0.9857314	0.07932934918732938	0.0095011	0.00063
-0.0657	-0.198	0.0037	0.0014311699866353504	0.0006422811647339132	-0.0009878563566287904	1.06241333	24.7926693	0.97678496	0.06056976265574809	0.00985563	0.00073
-0.0654	-0.283	0.0163	0.0016720254234105676	0.0006841690667817771	-0.001069886831472524	1.0770613	25.13449478	0.98544472	0.11613869068334068	0.0122382	0.00121
-0.0635	-0.2262	0.0206	0.0016947147036864942	0.0008307767239493009	-0.001022762941668677	1.04189169	24.3137722	0.96789621	0.07382104136236482	0.0106263	0.00085
-0.0681	-0.084	-0.0073	0.0017174039839624202	0.0007417649320975902	-0.0010419615634406148	1.16139042	27.10241508	1.04723981	0.1812449846949787	0.00827765	0.00061
-0.0691	-0.1106	-0.0328	0.0017889624832941875	0.0007801621756414653	-0.001064650843716541	1.05867743	24.7054863	0.95383168	0.05973225115757842	0.00835514	0.00037
-0.0643	-0.2343	-0.0139	0.0018081611050661253	0.0007592182246175333	-0.001064650843716541	1.15355158	26.919487	1.03066358	0.14940712863979347	0.0103934	0.00062
-0.0643	-0.1465	-0.0007	0.0018989182261698304	0.000752236907609556	-0.0010995574287564276	1.16657078	27.22330666	1.02344141	0.10763225115757848	0.00880283	0.00076
-0.0618	-0.1793	0.0102	0.0018046704465621369	0.0006684611035138282	-0.0010716321607245184	1.12814212	26.32652855	0.99848094	0.05649744258676651	0.00930375	0.00062
-0.0641	-0.17	-0.0002	0.0016859880574265225	0.0005881759579220891	-0.0011100294042683937	1.13548863	26.49796677	0.99897711	0.03386823891356141	0.00911123	0.00058
-0.0619	-0.143	-0.0111	0.001811651763570114	0.000705113017805709	-0.001075122819228507	1.11091089	25.92441559	1.00911512	0.05397536755335493	0.00927949	0.00051
-0.0593	-0.205	0.0098	0.0018517943363659836	0.0007679448708775049	-0.0009948376736367678	1.10245466	25.7270813	1.00617261	0.09466297857297022	0.010564	0.00072
-0.0606	-0.1526	0.0225	0.0016493361431346415	0.0007225663103256524	-0.0010088003076527223	1.06634986	24.88453293	0.97702177	0.07948996938995742	0.00969034	0.00054
-0.0655	-0.1633	-0.0076	0.0015812683023068625	0.0008168140899333463	-0.0008970992355250854	1.03665662	24.19160461	0.95892251	0.05940083462815548	0.00942433	0.00048
-0.0568	-0.2064	0.0056	0.0016842427281745281	0.0008185594191853405	-0.0009424777960769379	1.0593015	24.7200489	0.96176698	0.07250491578357561	0.0103669	0.00056
-0.0561	-0.2285	0.024	0.0016598081186466073	0.0007819075048934597	-0.0009564404300928925	1.02567756	23.93539619	0.95780539	0.04495245789178782	0.0113711	0.00078
-0.058	-0.1713	0.026	0.0016598081186466073	0.000752236907609556	-0.0009180431865490173	1.06454206	24.84234428	0.97324642	0.06450339204138894	0.0101621	0.00096
-0.0646	-0.1275	-0.0084	0.001609193570338772	0.0007068583470577034	-0.0009930923443847736	1.12745011	26.31037903	0.99084402	0.09335211333477222	0.00912857	0.00088
-0.0542	-0.19	-0.0019	0.0017540558982543013	0.0007417649320975902	-0.001022762941668677	1.07543635	25.09657478	0.9732999	0.08987197551196599	0.0100288	0.00069
-0.0529	-0.2511	0.0066	0.0020106192982974674	0.0009529497715889039	-0.0008639379797371932	1.10646772	25.82073021	0.98800472	0.10222866007329816	0.0122448	0.00107
-0.0489	-0.1135	0.0278	0.0022165681500327986	0.0010419615634406148	-0.0007068583470577034	1.20601499	28.14378166	1.05814432	0.1854020138133266	0.00954551	0.00105
-0.0569	-0.0951	-0.0094	0.0023230332344044524	0.0010716321607245184	-0.0007539822368615504	1.11867166	26.10552406	1.00618473	0.0727629785729702	0.00911182	0.00073
-0.0575	-0.2165	-0.0223	0.0023230332344044524	0.0011013027580084218	-0.0008220500776893293	1.16962779	27.29464531	1.0505	0.13978692190558412	0.0103626	0.00072
-0.0499	-0.2371	0.009	0.0021013764194011725	0.0009651670763528643	-0.000705113017805709	1.08858562	25.40342903	0.97127637	0.0832364778271229	0.0114102	0.00105
-0.0843	-0.1268	-0.0196	0.0018483036778619948	0.0009669124056048585	-0.0007801621756414653	1.19524205	27.89238358	1.0764322	0.1897933614313464	0.00975442	0.00154
-0.1053	-0.0791	-0.053	0.0025464353786597265	0.0006859143960337716	-0.0009354964790689606	1.24206853	28.98513412	1.11342263	0.15882320068981567	0.0121205	0.00383
-0.0646	-0.1123	-0.0344	0.002466150233067988	0.0007033676885537148	-0.0004415683007545654	1.29382527	30.19293976	1.12523109	0.12208333082130383	0.00953317	0.00139
-0.0598	-0.0509	-0.0128	0.002748893571891069	0.0008517206749732328	-0.00032463124087094524	1.27704358	29.80131912	1.05480197	0.11520166925631097	0.0101106	0.00151
-0.0507	-0.0634	-0.0259	0.0028187067419708422	0.0010262536001726657	-0.00032463124087094524	1.18053961	27.54928398	1.01963716	0.0469173047639603	0.0096525	0.00065
-0.043	-0.1999	-0.0189	0.002516764781375823	0.0010314895879286487	-0.0003089232776029963	1.20173538	28.04391289	1.04794843	0.1673442955809476	0.0101669	0.00059
-0.0359	-0.1967	-0.0087	0.0026249751949994717	0.0009512044423369096	-0.00021118483949131387	1.06040299	24.74575424	0.95872697	0.0348116998663535	0.00979817	0.00058
-0.0444	-0.0605	-0.0398	0.0027436575841350863	0.0008831366015091308	-0.00042411500823462205	1.17747509	27.47776985	1.06808919	0.19578401993533512	0.00933671	0.00048
-0.0713	0.1106	-0.1789	0.004000294645571003	0.0012217304763960308	-0.00028274333882308137	1.43887687	33.57788849	1.25786109	0.4239301302867178	0.0160486	0.00472
-0.0737	-0.038	-0.2218	0.004441862946325569	0.0016196655458507376	-8.028514559173915e-05	1.22088504	28.49079132	1.13415677	0.2459980781720308	0.0143698	0.00343
-0.0642	-0.0234	-0.2164	0.00486597795456019	0.001499237827463129	-1.2217304763960308e-05	1.09761441	25.61412621	0.99390306	0.060130528372500415	0.0142192	0.0037
-0.0647	0.0959	-0.1759	0.004618141200776996	0.0017208946424664088	5.235987755982988e-06	1.15320873	26.91148567	1.05197992	0.18464734306532088	0.0157178	0.00413
-0.064	0.1086	-0.1848	0.004560545335461182	0.0017313666179783749	1.9198621771937625e-05	1.19341862	27.84983063	0.9815447	0.026401523742186697	0.0166968	0.00389
-0.0624	-0.0052	-0.1732	0.004185299546282402	0.0016336281798666925	7.504915783575618e-05	1.13455606	26.47620392	1.02461888	0.15344173816771403	0.0129612	0.00158
-0.0514	-0.0201	-0.1318	0.003977605365295077	0.0015481070465189703	0.00010297442586766544	1.11366749	25.98874474	0.9817993	0.08335702911834783	0.0115755	0.00099
-0.0444	-0.0128	-0.1017	0.0038885935734433662	0.0014573499254152652	9.075712110370512e-05	1.05785215	24.6862278	0.96923755	0.05399931088596879	0.0113863	0.00096
-0.0473	0.0338	-0.1016	0.0035499996985564664	0.0012479104151759456	4.886921905584123e-05	1.10160768	25.70731354	0.97806736	0.07909606435870414	0.0113934	0.00091
-0.0498	-0.0769	-0.1104	0.003593632929856324	0.0013316862192716734	2.96705972839036e-05	1.13129377	26.40007591	1.01181829	0.12933038285837614	0.010516	0.00091
-0.0389	-0.104	-0.0686	0.003443534614184812	0.001223475805648025	-2.96705972839036e-05	1.09473622	25.54696083	0.96836657	0.09568249619314835	0.0102077	0.00067
-0.035	-0.0446	-0.0584	0.0034609879067047556	0.0012042771838760874	-0.0001064650843716541	1.06539309	24.8622036	0.97930002	0.07917232006898153	0.010583	0.00084
-0.0377	-0.0432	-0.0648	0.003349286834577118	0.0011117747335203881	-0.0001239183768915974	1.11433172	26.00424576	0.97489001	0.021582840750164006	0.0102429	0.00089
-0.0491	-0.1456	-0.0906	0.003452261260444784	0.0013386675362796509	-8.726646259971648e-05	1.14067292	26.61894798	1.03211612	0.1579259571459405	0.0104991	0.00067
-0.0354	-0.1699	-0.0584	0.0034662238944607386	0.0012304571226560022	-0.00010297442586766544	1.07072663	24.98666954	0.96844717	0.07709405054537759	0.0107911	0.0008
-0.0321	-0.0889	-0.0471	0.003415609346152903	0.0010175269539126942	-0.00027750735106709843	1.1111474	25.92993546	0.9843352	0.11750388211252882	0.00998503	0.00081
-0.0316	-0.1364	-0.0448	0.003232349774693498	0.001085594794740473	-0.00020594885173533088	1.10628295	25.81641769	0.9829905	0.06644429558094754	0.00987303	0.001
-0.0299	-0.1058	-0.0616	0.0032916909692613052	0.0010210176124166828	-0.00028623399732707005	1.09924006	25.65206337	0.97673176	0.059310176124166815	0.01002	0.00076
-0.0275	-0.1508	-0.0476	0.003199188518905606	0.0009494591130849152	-0.0003193952531149623	1.13959765	26.59385681	0.99326526	0.07126111027376794	0.0100509	0.00096
-0.0297	-0.061	-0.0465	0.0031555552876057474	0.0009285151620609833	-0.00041189770347066176	1.15473258	26.94704819	1.01213587	0.10095398163397448	0.00949067	0.0007
-0.0376	-0.1183	-0.0604	0.002811725424962865	0.0008587019919812101	-0.0004310963252425994	1.09157526	25.47319794	0.99745857	0.10074208272472966	0.00908828	0.00044
-0.0278	-0.1992	-0.0387	0.002432988977280095	0.0008587019919812101	-0.00024609142453120044	1.10024178	25.67543983	0.99872902	0.14058706741970844	0.00974548	0.00058
-0.0275	-0.1917	-0.0157	0.0027558748888990466	0.0009232791743050004	-0.00013264502315156904	1.08071518	25.21976471	0.97838138	0.05584547476611864	0.00968015	0.00056
-0.0395	-0.1214	-0.0404	0.0034574972482007667	0.0012897983172238095	-0.00013962634015954637	1.09015012	25.4399395	1.00619242	0.16075614096142535	0.00955695	0.00065
-0.0549	-0.0439	-0.0912	0.0036145768808802567	0.001439896632895322	-9.250245035569947e-05	1.11413872	25.9997406	1.00776071	0.16141509190774245	0.00992489	0.00067
-0.063	-0.0431	-0.1156	0.003728023282259888	0.0015655603390389136	-0.00015009831567151235	1.05756235	24.67946625	0.96581549	0.04813529864195177	0.0105799	0.00061
-0.052	-0.1039	-0.0546	0.0036669367584400863	0.0015603243512829306	-0.00010297442586766544	1.12448931	26.24128342	1.00454185	0.13847232006898158	0.00987929	0.00059
-0.0532	-0.1079	-0.0368	0.0037227872945039047	0.00147131255943122	-6.283185307179586e-05	1.05177844	24.54449081	0.96553539	0.032250245035569926	0.010057	0.00056
-0.0476	-0.0919	-0.0369	0.0034417892849328176	0.0013491395117916165	-4.886921905584123e-05	1.09492433	25.55135155	0.97748888	0.042556684561332256	0.0095669	0.00052
-0.0445	-0.0653	-0.0579	0.0033615041393410786	0.0013526301702956054	-3.490658503988659e-05	1.12708402	26.30183601	0.97586955	0.055586921905584126	0.00937641	0.00039
-0.0373	-0.1331	-0.0326	0.003218387140677544	0.0013718287920675431	-2.4434609527920616e-05	1.13541055	26.49614334	0.99858465	0.10893937979737192	0.00982088	0.00051
-0.0199	-0.1824	0.0079	0.0030752701420140084	0.0009581857593448868	-0.00018500490071139895	1.23619485	28.84806633	1.0170855	0.1430665161284835	0.0111142	0.00117
-0.0121	-0.1059	-0.0814	0.002874557278034661	0.0012740903539558604	-0.00013439035240356338	1.4161942	33.0485611	1.13168211	0.20196160034490784	0.00973809	0.00088
-0.0231	-0.0441	-0.1618	0.003691371367968007	0.0022951079663725434	0.0005375614096142535	1.24889493	29.14443588	1.09995166	0.2786891732183923	0.0123721	0.00169
-0.0171	-0.2231	-0.0747	0.003563962332572421	0.0021101030656611444	0.0006126105674500097	1.33297074	31.10644341	1.17712077	0.291473154697137	0.0121468	0.00091
-0.0177	-0.2047	-0.0472	0.003307398932529255	0.0018448130193580064	0.0005148721293383271	1.09099007	25.45953941	0.99295151	0.07747959422289932	0.0112033	0.00087
-0.0201	-0.0957	-0.0359	0.00326551103048139	0.0018762289458939042	0.00040317105721069014	1.15401602	26.93032646	1.03257493	0.13195024503556999	0.00981069	0.00067
-0.0233	-0.0805	-0.0525	0.0031712632508736965	0.0019024088846738192	0.000450294947014537	1.10525799	25.79249954	1.00144002	0.04337758040957276	0.00984651	0.00083
-0.0246	-0.1652	-0.0618	0.0033894294073729884	0.001960004749989632	0.0004258603374866164	1.11722136	26.07167816	1.00649438	0.11030983156715125	0.0102686	0.00052
-0.0229	-0.1723	-0.053	0.003478441199224699	0.0019460421159736775	0.0004468042885105483	1.09307182	25.50811958	0.97945624	0.02379591884457984	0.0103861	0.00074
-0.0241	-0.1414	-0.0444	0.0034033920413889425	0.0019826940302655584	0.0005235987755982988	1.09630561	25.58358574	0.99167705	0.05012477796076938	0.0104955	0.00067
-0.0424	-0.0849	-0.0894	0.003766420525803763	0.0021589722847169856	0.0005585053606381855	1.13814402	26.55993462	1.00833705	0.14851066619530667	0.0110819	0.0005
-0.041	-0.1389	-0.0827	0.0037297686115118824	0.0021956241990088664	0.0005358160803622592	1.15504384	26.95430946	1.01043992	0.06689965544298436	0.010979	0.00047
-0.0315	-0.1858	-0.0575	0.003490658503988659	0.0020420352248333657	0.0005253441048502931	1.13007057	26.37153053	0.98942523	0.1017585528605345	0.0118017	0.00078
-0.0325	-0.1704	-0.0542	0.0034749505407207105	0.002089159114637212	0.0006387905062299246	1.38384104	32.29356384	1.02317835	0.028513912722571335	0.0125733	0.0015
-0.0348	-0.0906	-0.0436	0.0033911747366249826	0.0020943951023931952	0.0005969026041820607	1.46128976	34.10092163	1.05122495	0.09924498469497872	0.0109834	0.00074
-0.0383	-0.1483	-0.0753	0.0033283428835531865	0.0022794000031045943	0.0006649704450098395	1.19748259	27.94466972	1.0207769	0.10869522973054868	0.0106975	0.00069
-0.0334	-0.2206	-0.0713	0.0033946653951289706	0.002178170906488923	0.0006806784082777885	1.15589392	26.9741478	1.0097007	0.09036297857297022	0.0113629	0.00091
-0.0368	-0.1079	-0.0755	0.0035447637108004834	0.0021589722847169856	0.0004677482395344803	1.16754961	27.24614716	1.03400011	0.13941135530933793	0.0102224	0.00054
-0.0491	-0.1279	-0.0668	0.0035377823937925057	0.002190388211252884	0.0006213372137099814	1.09019947	25.44109154	0.98454908	0.05059931088596888	0.0105414	0.00061
-0.0494	-0.0359	-0.0978	0.0037594392087957856	0.0022043508452688383	0.0005288347633542819	1.11791646	26.08790016	1.01351019	0.13970609496874667	0.0110143	0.00074
-0.0408	-0.1661	-0.0774	0.003652974124424132	0.0022462387473167022	0.0005410520681182421	1.15487611	26.95039558	1.04918279	0.16722851455917387	0.0109092	0.00065
-0.0416	-0.1141	-0.0561	0.0035534903570604553	0.0021886428820008896	0.0005061454830783556	1.09351301	25.51841545	0.98979391	0.08369931088596878	0.010577	0.0005
-0.038	-0.1016	-0.0466	0.0035133477842645856	0.00205599785884932	0.0005742133239061344	1.19874454	27.97411919	0.97386122	0.037642771838760886	0.0103882	0.00051
-0.0334	-0.0262	-0.0808	0.0034714598822167216	0.0018360863730980347	0.0004886921905584122	1.30535686	30.46204185	1.05039531	0.13156602605734355	0.0112934	0.00127
-0.0334	-0.1248	-0.1164	0.00324107642095347	0.0018971728969178364	0.0005602506898901797	1.22072327	28.48701668	1.07015161	0.15235142422074102	0.0109422	0.00094
-0.022	-0.2387	-0.0579	0.002766346864411012	0.0017400932642383465	0.000710349005561692	1.28331637	29.94770241	1.10042618	0.22289537524467296	0.0120589	0.00135
-0.0679	-0.2147	-0.0434	0.0025865779514555962	0.001509709802975095	0.0006597344572538566	1.29817367	30.29441452	1.11803733	0.10743834612632513	0.0123181	0.0026
-0.0679	-0.1354	-0.0449	0.0028361600344907856	0.0019093902016817967	0.0008831366015091308	1.34870803	31.47369385	1.14217054	0.12443323129985828	0.0115029	0.00216
-0.0506	-0.1454	-0.0609	0.0033911747366249826	0.0018029251173101424	0.001158898623324235	1.20359707	28.08735847	1.03753701	0.09016209041604778	0.011638	0.00191
-0.035	-0.0361	-0.0975	0.0037088246604879502	0.0018901915799098587	0.0009599310885968812	1.23270488	28.76662254	1.0701078	0.1916941960595019	0.0121081	0.00127
-0.0215	-0.1866	-0.1126	0.0037734018428117405	0.0020525072003453313	0.0012007865253720988	1.23374212	28.7908287	1.09387455	0.202487411976724	0.0119985	0.00076
-0.0032	-0.3033	-0.0703	0.003593632929856324	0.0020682151636132805	0.001424188669627373	1.18945086	27.7572403	1.05732249	0.198243951023932	0.0143347	0.00182
0.0053	-0.1464	-0.0767	0.0037227872945039047	0.001980948701013564	0.0013840460968315032	1.18381381	27.62569046	1.07906894	0.18462817000215836	0.0112157	0.0008
-0.0004	-0.1292	-0.0725	0.003991567999311032	0.0020682151636132805	0.001361356816555577	1.58113241	36.89759064	1.03529022	0.04603682238413848	0.012774	0.00168
-0.0034	-0.1303	-0.0832	0.004021238596594935	0.0022043508452688383	0.0012793263417118436	1.43476462	33.48192596	1.04518273	0.027191837689159688	0.0125819	0.00138
-0.0032	-0.1971	-0.1104	0.004270820679630125	0.0023492131731843676	0.0012740903539558604	1.21400511	28.33024025	1.04221087	0.11418401993533513	0.013025	0.00125
-0.0074	-0.1485	-0.0833	0.0043039819354180175	0.0022130774915288098	0.001223475805648025	1.17030036	27.31034088	1.00016866	0.09089557428756433	0.011951	0.00102
-0.0071	-0.1274	-0.0685	0.004279547325890096	0.0021938788697568722	0.0011466813185602744	1.11095214	25.9253788	0.99082275	0.04222138591938045	0.0114887	0.00111
-0.0104	-0.1559	-0.0706	0.004045673206122856	0.002007128639793479	0.0010943214410004448	1.09649885	25.58809471	0.99285243	0.05754921136452312	0.0112074	0.00058
-0.0189	-0.0744	-0.1064	0.004157374278250492	0.0020263272615654165	0.0009128071987930344	1.12297177	26.20587158	1.01244273	0.1414206968053492	0.0114058	0.00078
-0.0109	-0.1708	-0.1096	0.00419228086329038	0.0019041542139258136	0.0009581857593448868	1.11873221	26.1069355	1.00828376	0.11772290966156716	0.0122139	0.00087
-0.0479	-0.0761	-0.0502	0.003991567999311032	0.0022427480888127134	0.000705113017805709	1.26369607	29.48983765	1.13367445	0.23071897402027128	0.0138056	0.00255
-0.0306	-0.178	-0.0831	0.0036896260387160127	0.001970476725501598	0.001069886831472524	1.25871873	29.37368774	1.08883759	0.19904935687864744	0.0115068	0.0008
-0.0172	-0.0374	-0.0858	0.004012511950334963	0.001965240737745615	0.0010611601852125523	1.22937381	28.68888855	1.09703383	0.1735424272817453	0.0122292	0.00103
-0.0085	-0.1035	-0.0738	0.003977605365295077	0.0017540558982543013	0.0009442231253289323	1.11126018	25.9325676	1.02237172	0.104951424220741	0.0110001	0.00092
-0.0109	-0.1143	-0.0918	0.003771656513559746	0.001839577031602023	0.0010506882097005862	1.098912	25.64440727	0.98595619	0.051096753472735325	0.0108835	0.00073
-0.0078	-0.1987	-0.0959	0.003953170755767157	0.0019058995431778078	0.0010506882097005862	1.07641113	25.11932373	0.99031823	0.10399183768915977	0.0117434	0.0007
-0.0045	-0.1908	-0.0806	0.004267330021126135	0.0019425514574696887	0.0011082840750163993	1.08801925	25.39021301	0.98195976	0.0469203522483336	0.0123175	0.00105
-0.0122	-0.074	-0.0923	0.004909611185860049	0.002181661564992912	0.001090830782496456	1.18758297	27.71364975	1.05911839	0.181142228238854	0.0132171	0.00175
-0.0213	-0.0743	-0.0956	0.0047246062851486505	0.0021607176139689798	0.0010297442586766543	1.12419474	26.23441124	1.00938253	0.026051768777756643	0.0129023	0.00122
-0.0241	-0.0434	-0.1231	0.00478918346747244	0.0021258110289290935	0.0009913470151327792	1.2404716	28.94786835	1.00371376	0.06809405054537755	0.0135548	0.00151
-0.0154	-0.1788	-0.0838	0.004276056667386107	0.0018901915799098587	0.0009686577348568529	1.27101398	29.6606102	1.08905167	0.22197177646907476	0.0126974	0.00124
-0.0259	-0.1305	-0.0985	0.004532620067429273	0.0020350539078253884	0.0008813912722571365	1.2499063	29.16803932	1.02745879	0.09793460952792064	0.0131774	0.0016
-0.0309	-0.0494	-0.105	0.004790928796724435	0.001947787445225672	0.0008482300164692441	1.29122496	30.13225746	1.03716002	0.11153682238413856	0.013043	0.00147
-0.0285	-0.0091	-0.1338	0.00477696616270848	0.002015855286053451	0.0008621926504851988	1.11326063	25.97924995	0.99774196	0.07629965544298446	0.0137872	0.00223
-0.0166	-0.1721	-0.0765	0.0043877577395137445	0.0020420352248333657	0.0009232791743050004	1.25341415	29.249897	1.11849548	0.2560237442897226	0.0127798	0.00129
-0.0149	-0.1251	-0.0547	0.004206243497306334	0.0019198621771937623	0.0008621926504851988	1.07034826	24.97783852	0.97754471	0.08873869068334075	0.0115308	0.00106
-0.0235	-0.1112	-0.0632	0.003886848244191372	0.0018709929581379211	0.0007958701389094143	1.10193956	25.71505928	0.98895966	0.05272934918732941	0.0108798	0.00116
-0.0329	-0.1219	-0.1024	0.004085815778918725	0.0020525072003453313	0.000778416846389471	1.0977149	25.61647224	0.99657022	0.07919675347273532	0.0115449	0.00117
-0.0266	-0.1506	-0.0963	0.0043982297150257105	0.0021048670779051613	0.0006510078109938849	1.07798791	25.15611839	0.97825302	0.0657091424531201	0.012307	0.00089
-0.0227	-0.1412	-0.084	0.004527384079673291	0.0020682151636132805	0.0006562437987498679	1.07303035	25.04042816	0.96682955	0.034152113334772236	0.0120652	0.00084
-0.0188	-0.1865	-0.0726	0.004403465702781694	0.0019896753472735357	0.0008080874436733745	1.11010647	25.90564537	0.99641945	0.07831509190774247	0.0125521	0.00131
-0.0267	-0.1087	-0.0963	0.004159119607502487	0.002015855286053451	0.0008691739674931761	1.15630925	26.98384094	1.01968643	0.12598062789394615	0.0117364	0.00088
-0.0203	-0.1561	-0.1052	0.004401720373529699	0.002090904443889207	0.0007871434926494425	1.07826614	25.16261292	0.98754252	0.08268401993533507	0.0119329	0.00058
-0.0102	-0.205	-0.0749	0.004461061568097506	0.0019617500792416262	0.0008133234314293575	1.13313425	26.44302559	1.00544635	0.10003377489976514	0.0125446	0.0011
-0.0161	-0.1576	-0.0736	0.004508185457901353	0.001933824811209717	0.000778416846389471	1.14201903	26.65036201	1.00740892	0.0600977871437821	0.0120465	0.00084
-0.0242	-0.0202	-0.0964	0.004546582701445229	0.0019268434942017398	0.0007923794804054256	1.24608135	29.07877731	1.06111072	0.17126705972839043	0.0130661	0.00127
-0.0277	-0.1437	-0.1192	0.004495968153137393	0.0020996310901491783	0.0007400196028455958	1.15874982	27.04079437	1.04231014	0.1635881010907552	0.0126697	0.00124
-0.0157	-0.2087	-0.0743	0.004389503068765739	0.0019687313962496035	0.0006771877497737998	1.11478949	26.01492691	1.00333521	0.13690983156715122	0.0127892	0.00088
-0.0158	-0.1274	-0.0583	0.004534365396681268	0.0019687313962496035	0.0006056292504420323	1.10693014	25.83152008	1.00274399	0.1082210413623648	0.0123866	0.0008
-0.025	-0.0799	-0.0768	0.004766494187196514	0.001864011641129944	0.0006126105674500097	1.12775505	26.31749535	0.98533203	0.09239149313214416	0.0125677	0.0012
-0.0553	-0.0123	-0.1552	0.005134758659367318	0.0018448130193580064	0.0005969026041820607	1.20003605	28.0042572	1.08191255	0.19645855286053457	0.0151436	0.00289
-0.0466	-0.1096	-0.1291	0.004885176576332128	0.002235766771804736	0.0007435102613495844	1.16044986	27.08046532	1.04655984	0.17145717463247223	0.01297	0.00151
-0.0307	-0.2252	-0.0659	0.004523893421169302	0.0021537362969610025	0.0007190756518216638	1.21040225	28.24616432	1.0647834	0.218087411976724	0.0131526	0.00142
-0.0353	-0.1206	-0.0735	0.00488168591782814	0.002253220064324679	0.0006859143960337716	1.10156119	25.70623016	1.00893859	0.14132187599052037	0.0124406	0.0011
-0.0432	-0.1663	-0.0659	0.004914847173616032	0.00239459173373622	0.0008691739674931761	1.15910351	27.04904747	1.00040779	0.0790896248329419	0.0133187	0.00173
-0.0345	-0.1494	-0.0725	0.004488986836129415	0.0021589722847169856	0.0007557275661135446	1.17636061	27.45176125	1.0040899	0.07094630939427413	0.0124622	0.00144
-0.0203	-0.1751	-0.0528	0.004195771521794368	0.002036799237077382	0.0007644542123735164	1.15514219	26.95660591	1.0071737	0.0808057504117311	0.0119299	0.00083
-0.0201	-0.2347	-0.0342	0.0041381756564785556	0.001973967384005587	0.0006824237375297829	1.17793965	27.48861122	1.02765543	0.08852290966156703	0.0124379	0.0008
-0.0233	-0.2236	-0.0168	0.003867649622419434	0.001960004749989632	0.0007068583470577034	1.0909611	25.45886421	0.98942319	0.04714616388014985	0.012306	0.00087
-0.0258	-0.1933	-0.0372	0.0035482543693044722	0.001965240737745615	0.0007086036763096977	1.07671833	25.12649155	0.96872124	0.06951882850614695	0.0116521	0.00083
-0.0215	-0.2407	-0.0425	0.00365646478292812	0.0019687313962496035	0.0007487462491055673	1.07375062	25.05723763	0.98887245	0.06459218224617527	0.0123775	0.00088
-0.0148	-0.2598	-0.0182	0.0033859387488689996	0.0017645278737662671	0.0008011061266653974	1.09376919	25.52439308	0.99397425	0.07645447170511431	0.0130098	0.00099
-0.0132	-0.2359	-0.0196	0.003494149162492647	0.001785471824790199	0.0008447393579652555	1.07529438	25.09326172	0.96462331	0.03553937979737186	0.0124945	0.00106
-0.0189	-0.1393	-0.0372	0.0033999013828849537	0.0018709929581379211	0.0008185594191853405	1.19162858	27.80805779	1.01458387	0.1301974425867665	0.0107294	0.00058
-0.0156	-0.2864	-0.0265	0.0036425021489121657	0.0018308503853420514	0.0007435102613495844	1.16368568	27.15597725	1.06722059	0.17898962483294187	0.0138912	0.00091
-0.0145	-0.3309	-0.0118	0.0036651914291880917	0.001785471824790199	0.0006894050545377602	1.07303166	25.04045868	0.98291657	0.06640865238198015	0.0156729	0.00179
-0.0179	-0.1974	-0.0155	0.003796091123087667	0.0019058995431778078	0.0008063421144213803	1.22295213	28.53903008	1.07343268	0.15901322360854023	0.0122774	0.00118
-0.0222	-0.1688	-0.0431	0.0038833575856873836	0.0020193459445574393	0.000783652834145454	1.12182367	26.17907906	0.98659298	0.0716701072127637	0.0116537	0.00085
-0.0134	-0.283	-0.0272	0.0037681658550557575	0.0018884462506578647	0.0008028514559173916	1.17820144	27.49472046	1.03174845	0.15216450231515688	0.0140246	0.00128
-0.0134	-0.2224	-0.0235	0.0038048177693476384	0.0018936822384138475	0.0006789330790257941	1.17222905	27.35534859	1.02070324	0.07259031394697305	0.0123391	0.00106
-0.0078	-0.2128	-0.012	0.0037437312455278365	0.001811651763570114	0.0007173303225696694	1.15295267	26.90550995	1.00137861	0.03577571211037053	0.0122135	0.00096
-0.0152	-0.2026	-0.0484	0.0036512287951721376	0.001839577031602023	0.0006841690667817771	1.10646546	25.8206768	0.99653092	0.061679448708775	0.0112417	0.00065
-0.014	-0.3257	-0.0337	0.003661700770684103	0.0018675022996339327	0.0008360127117052838	1.15634382	26.98464775	1.05350988	0.14851204442336907	0.0142534	0.00155
-0.0114	-0.2522	-0.0341	0.00394269878025519	0.0017662732030182616	0.0007155849933176752	1.10712731	25.83612251	1.01330703	0.10163274122871836	0.0126894	0.00128
-0.0097	-0.2194	-0.014	0.0034766958699727043	0.0018744836166419098	0.0008429940287132613	1.06611133	24.87896538	0.99744359	0.08968111796508597	0.0119612	0.00088
-0.0188	-0.1671	-0.0563	0.003586651612848347	0.0019163715186897737	0.0007923794804054256	1.1017803	25.71134186	1.0034202	0.11382290966156712	0.0111378	0.00044
-0.0127	-0.2925	-0.0381	0.0037367499285198597	0.0019425514574696887	0.0007435102613495844	1.13486481	26.48340797	1.04449879	0.1609573736753634	0.0142196	0.00121
-0.012	-0.2487	-0.0163	0.0036931166972200015	0.0019617500792416262	0.0007086036763096977	1.0525353	24.56215286	0.96732833	0.0711869219055841	0.0128907	0.00089
-0.0135	-0.1549	-0.0182	0.003351032163829113	0.0018867009214058703	0.000757472895365539	1.10293734	25.73834419	1.00865292	0.12050014551412427	0.0113272	0.0007
-0.0187	-0.1664	-0.0657	0.0036512287951721376	0.0020350539078253884	0.0007504915783575615	1.0752517	25.09226799	0.98545402	0.08697654673852598	0.0114952	0.00073
-0.0142	-0.2737	-0.04	0.0038152897448596045	0.002057743188101315	0.0007609635538695277	1.1176517	26.08172035	1.02428929	0.147361110273768	0.0139256	0.0015
-0.0114	-0.2515	-0.028	0.003754203221039803	0.001956514091485643	0.0008168140899333463	1.05616796	24.64692497	0.98195684	0.04790830782496457	0.0134972	0.00116
-0.0075	-0.1971	-0.0286	0.0034627332359567498	0.0019250981649497454	0.0008621926504851988	1.11596382	26.0423317	0.99381948	0.07731322360854019	0.0118765	0.00095
-0.0149	-0.1897	-0.0631	0.0037192966359999168	0.001965240737745615	0.0008307767239493009	1.13026893	26.37615776	0.98236571	0.06570609496874673	0.0119142	0.00103
-0.0111	-0.309	-0.05	0.003679154063204046	0.0018727382873899156	0.0009773843811168245	1.15834868	27.03143311	1.04170602	0.15016263401595464	0.0145893	0.00158
-0.0158	-0.1811	-0.0168	0.0031956978604016175	0.0017156586547104257	0.0009704030641088471	1.1605835	27.08358574	1.05486869	0.1981758576244948	0.0118582	0.00074
-0.0292	-0.1674	-0.076	0.0037000980142279784	0.001895427567665842	0.0008395033702092724	1.14756978	26.77989578	1.01694169	0.1270534380340676	0.0112555	0.00061
-0.0181	-0.279	-0.0518	0.0034295719801688577	0.0019006635554218248	0.0007801621756414653	1.16963863	27.29489708	1.04529669	0.16365516081914555	0.0134742	0.00133
-0.0277	-0.3182	-0.0419	0.002921681167838507	0.0016912240451825054	0.0007539822368615504	1.24455607	29.04318428	1.04756839	0.0958755130674792	0.0152617	0.00242
-0.0164	-0.1842	-0.0336	0.0037088246604879502	0.0018675022996339327	0.0007749261878854823	1.30721915	30.50550079	1.12165966	0.20281828490624007	0.0117325	0.0007
-0.0132	-0.2476	-0.0178	0.003673918075448063	0.0018867009214058703	0.0008325220532012951	1.1222111	26.18811989	1.00864217	0.08798505360638186	0.0130353	0.00088
-0.0161	-0.1966	-0.0179	0.0035674529910764093	0.0018989182261698304	0.0008272860654453122	1.10168195	25.70904732	0.9852612	0.06019591884457983	0.0118852	0.00106
-0.0139	-0.2949	-0.0577	0.0035482543693044722	0.001963495408493621	0.0008395033702092724	1.17981744	27.53243065	1.02849775	0.1450996554429844	0.0132988	0.00103
-0.0083	-0.346	-0.05	0.0036215581978882336	0.0019861846887695473	0.0008936085770210966	1.08653152	25.35549545	0.99051633	0.07190491578357558	0.0148019	0.00169
-0.014	-0.3134	-0.0455	0.0035796702958403696	0.0020717058221172693	0.000853466004225227	1.05426192	24.6024456	0.97502043	0.05117758040957274	0.013813	0.00116
-0.0182	-0.2509	-0.0367	0.003640756819660172	0.002190388211252884	0.0007644542123735164	1.09917223	25.65048218	1.00073857	0.08893903524035637	0.0129392	0.00081
-0.0214	-0.2543	-0.0483	0.0034662238944607386	0.0019722220547535923	0.0007871434926494425	1.14338946	26.68234253	0.98968002	0.03896941809873256	0.0124889	0.00094
-0.0188	-0.2409	-0.058	0.003518583772020568	0.00205599785884932	0.000635299847725936	1.07687926	25.13024712	0.98147197	0.04009896632895322	0.0121556	0.00084
-0.0269	-0.2994	-0.0429	0.003558726344816438	0.0019722220547535923	0.0005061454830783556	1.10486126	25.78324127	0.98920048	0.0943536370769589	0.0138808	0.00149
-0.0257	-0.3006	-0.034	0.003679154063204046	0.0020525072003453313	0.0004258603374866164	1.03591669	24.17433929	0.96676149	0.0253499004785543	0.0141402	0.00153
-0.0339	-0.2397	-0.0453	0.0034609879067047556	0.0019844393595175526	0.0005253441048502931	1.07968616	25.19575119	0.97965477	0.09968588823453728	0.0121189	0.00088
-0.0297	-0.2565	-0.0666	0.0036547194536761256	0.0020298179200694054	0.0005340707511102648	1.0448848	24.38361931	0.97942072	0.05469183768915974	0.0128702	0.00083
-0.0329	-0.2971	-0.046	0.003968878719035105	0.0019844393595175526	0.0005061454830783556	1.08236194	25.25819397	0.98339208	0.08377315469713704	0.0143511	0.00132
-0.0326	-0.2677	-0.049	0.004021238596594935	0.0019442967867216831	0.0005009094953223725	1.04078972	24.28805733	0.96319876	0.03758692190558409	0.0134793	0.00113
-0.0302	-0.2736	-0.0392	0.0037646751965517687	0.0019355701404617114	0.0005654866776461627	1.15403998	26.93088341	1.00302724	0.03459336143134641	0.0134631	0.00158
-0.0318	-0.2003	-0.0697	0.003984586682303054	0.0020298179200694054	0.00039793506945470715	1.1298995	26.36753654	1.01109883	0.12948554367752177	0.0115358	0.00109
-0.0234	-0.3178	-0.0351	0.003947934768011174	0.0019896753472735357	0.0004677482395344803	1.14568412	26.73589134	1.03485062	0.16783038285837615	0.0148108	0.00166
-0.0201	-0.3009	-0.0248	0.0037402405870238476	0.0019582594207376374	0.0005044001538263612	1.1384753	26.56766319	0.98448818	0.044288101090755295	0.0141768	0.00158
-0.015	-0.3436	-0.0234	0.003605850234620285	0.0020001473227855013	0.0006073745796940267	1.21087658	28.25723267	1.02701148	0.06316263401595462	0.0157642	0.00233
-0.0223	-0.2449	-0.0312	0.0033929200658769764	0.001932079481957723	0.0006492624817418905	1.23822856	28.89552307	1.05613648	0.12994429558094756	0.0117183	0.0008
-0.025	-0.2687	-0.0517	0.0034819318577286873	0.0019233528356977512	0.0005393067388662478	1.09651279	25.58841896	0.98225737	0.05738470904936627	0.0122145	0.00081
-0.022	-0.4256	-0.0328	0.0035046211380046137	0.0018936822384138475	0.0005445427266222308	1.22179604	28.51205063	1.09585943	0.1816797932657906	0.0185962	0.00315
-0.0194	-0.3	-0.0261	0.0036599554414321086	0.001947787445225672	0.0005201081170943102	1.18175912	27.57774353	1.05631025	0.146593705988362	0.0133961	0.00117
-0.0215	-0.1477	-0.0353	0.0035883969421003415	0.001932079481957723	0.0005270894341022875	1.23739159	28.87599373	1.07454631	0.16831238898038464	0.0109629	0.00065
-0.0252	-0.2771	-0.0544	0.003598868917612307	0.00199142067652553	0.00062482787221397	1.3004818	30.34827805	1.06434919	0.1605775804095728	0.0130894	0.001
-0.0193	-0.3624	-0.036	0.0036948620264719957	0.0019285888234537342	0.0005462880558742252	1.16688144	27.23055458	1.01773768	0.12146823891356141	0.0159465	0.00224
-0.0163	-0.2883	-0.0303	0.0037646751965517687	0.0020594885173533086	0.0005393067388662478	1.24983406	29.16635132	1.04707789	0.09318470904936624	0.0141416	0.00136
-0.0143	-0.2806	-0.0307	0.003506366467256608	0.0019617500792416262	0.0004537856055185257	1.1892612	27.75281334	1.02767056	0.032178415037728246	0.0131375	0.00106
-0.019	-0.2584	-0.0359	0.0032724923474893677	0.0019233528356977512	0.0004886921905584122	1.11114025	25.92976952	1.00371862	0.04745889741755008	0.0123296	0.00087
-0.0176	-0.3221	-0.0625	0.003494149162492647	0.002036799237077382	0.00047123889803846896	1.09293401	25.50490379	1.00250789	0.10932782544514266	0.0137195	0.00125
-0.0177	-0.4059	-0.0341	0.003597123588360313	0.0019303341527057286	0.000445058959258554	1.14062595	26.61785316	1.02340608	0.12408097245096168	0.0173014	0.00307
-0.028	-0.2641	-0.0377	0.003830997708127553	0.0019181168479417679	0.00024609142453120044	1.1954515	27.89727211	1.08860453	0.17795294796292768	0.0134097	0.00151
-0.0282	-0.2212	-0.0682	0.003785619147575701	0.0017051866791984597	0.0001308996938995747	1.11784339	26.08619308	1.01567493	0.09227502299633933	0.0136523	0.00191
-0.0456	-0.2648	-0.1256	0.003979350694547071	0.0018517943363659836	-8.552113334772214e-05	1.12678444	26.29484558	1.02864981	0.14623800156930952	0.0145785	0.00303
-0.0222	-0.3653	-0.077	0.0029408797896104456	0.0015446163880149814	0.0003385938748868999	1.25660026	29.32424927	1.12336251	0.26098819307611254	0.0171177	0.00627
-0.0264	-0.3195	-0.064	0.002946115777366428	0.0017331119472303693	0.0004258603374866164	1.18483591	27.64954376	1.05004608	0.07704990047855435	0.0153224	0.00396
-0.0231	-0.3102	-0.077	0.0030700341542580253	0.0015969762655748114	0.00040317105721069014	1.56520128	36.52581787	1.03327937	0.03973716694115409	0.0155678	0.00416
-0.0228	-0.2628	-0.1144	0.003375466773357033	0.0018273597268380628	0.00034208453339088857	1.26153409	29.43938637	1.04391907	0.11494513020910305	0.0142063	0.0034
-0.0183	-0.3882	-0.0873	0.0032829643230013338	0.0017924531417981763	0.00042411500823462205	1.44322634	33.67938995	1.09987585	0.167471975511966	0.0176069	0.0041
0.0121	-0.3631	-0.0647	0.0033440508468211352	0.0016790067404185449	0.00028797932657906436	1.2272265	28.63877678	1.04608999	0.09363343034274954	0.0163453	0.0035
