trans_x	trans_y	trans_z	rot_x	rot_y	rot_z	dvars_std	dvars_nstd	dvars_vstd	framewise_displacement	aqi	aor
0.0	-0.0	0.0	-0.0	0.0	-0.0	n/a	n/a	n/a	n/a	0.018781	0.00314
0.0043	-0.0417	0.0061	6.45771823237902e-05	-6.632251157578452e-05	2.4434609527920616e-05	1.10083771	26.2312336	0.98974254	0.05986671517137477	0.0198321	0.00318
0.0027	-0.044	0.0271	0.0002373647782712288	0.0001361356816555577	9.075712110370512e-05	1.06658673	25.41508484	0.97341093	0.046978415037728254	0.0207656	0.00344
0.0016	0.0865	0.0268	6.806784082777885e-05	0.0001937315469713706	0.00011344640137963142	1.15008521	27.40472412	1.05257884	0.14437910415175945	0.0186816	0.00336
-0.0058	0.0005	-0.0097	0.00011693705988362007	0.0001972222054753592	1.0471975511965975e-05	1.09772813	26.15713501	1.01728721	0.13766671517137477	0.0176595	0.0019
-0.0035	-0.0094	0.0159	0.00017453292519943296	0.00021642082724729686	-1.5707963267948964e-05	1.07287812	25.56499863	0.97664017	0.04294872129338328	0.019282	0.00267
0.0023	-0.0448	0.0188	0.0002583087292951608	0.0001884955592153876	0.00015184364492350666	1.06797266	25.44810867	0.953911	0.05806263401595464	0.0205084	0.00244
0.0147	0.0394	0.0328	4.0142572795869576e-05	0.00019547687622336493	0.00020943951023931956	1.59437454	37.99143982	1.07279933	0.12473716694115405	0.0208878	0.00436
0.0034	0.065	0.0037	0.0001361356816555577	0.0003089232776029963	0.00017627825445142725	1.38601017	33.02644348	1.04885166	0.07813003830136057	0.0181242	0.00264
0.0052	-0.0495	0.0081	0.00012740903539558605	0.00039269908169872416	0.0002181661564992912	1.27663827	30.42028236	1.08661461	0.12741951762017817	0.0203851	0.0033
0.002	-0.0594	0.0293	0.00028099800957108706	0.00035604716740684323	0.00010471975511965978	1.15150499	27.43855476	0.99809664	0.04948436449235067	0.0216343	0.00356
0.0038	0.0268	0.0302	0.0001832595714594046	0.0003106686068549907	0.00013264502315156904	1.61087799	38.38468933	1.04720946	0.09745211333477219	0.0217854	0.00451
0.0008	-0.0121	0.0133	2.6179938779914945e-05	0.00038048177693476387	0.00015184364492350666	1.49298668	35.57552719	1.04321851	0.07110457122656003	0.0212722	0.00414
0.0031	-0.0723	0.0273	3.839724354387525e-05	0.0005009094953223725	0.0001186823891356144	1.27930641	30.48386002	1.05996054	0.08479031394697306	0.0228215	0.0049
0.0028	-0.0328	0.0349	0.00020594885173533088	0.0005061454830783556	0.00019198621771937622	1.14391208	27.25762749	0.99233835	0.059704571226560026	0.0215013	0.0046
0.0003	0.0215	0.0337	-1.0471975511965975e-05	0.00047123889803846896	0.00032463124087094524	1.09645677	26.1268425	0.99394545	0.07719862177193763	0.0202092	0.00351
0.0039	0.0598	0.0307	-5.93411945678072e-05	0.0005619960191421741	0.00028797932657906436	1.10440803	26.31630707	0.99875178	0.05371391272257136	0.0182976	0.00245
0.0037	-0.0146	0.043	0.0001239183768915974	0.00048345620280242926	0.00027925268031909274	1.10583723	26.35036278	1.01088295	0.10042630170295604	0.0210309	0.00307
0.0003	0.0441	0.0332	5.235987755982989e-05	0.0005061454830783556	0.00024085543677521747	1.10422266	26.31189156	0.99143394	0.07853225115757843	0.0196255	0.0023
-0.0033	-0.0172	0.0087	0.00013264502315156904	0.000598647933434055	0.0003298672286269283	1.20043981	28.60459518	1.00939367	0.10248996938995746	0.0191165	0.00215
0.0035	-0.0521	0.0278	0.00012217304763960306	0.0006265732014659643	0.00045553093477052	1.24746263	29.72507477	1.00740485	0.06900304748437334	0.0214961	0.00336
0.0047	0.0479	0.0035	0.0005358160803622592	0.0007592182246175333	0.00047123889803846896	1.28207672	30.54987335	1.07446734	0.1535998009571087	0.0182788	0.00288
-0.0109	0.0683	-0.0445	0.0007435102613495844	0.0010611601852125523	0.0006876597252857658	1.17698979	28.04581642	1.03670146	0.12030284844148206	0.0149022	0.00173
-0.0038	-0.1024	-0.0106	0.0004625122517784973	0.0011501719770642632	0.0007906341511534313	1.26302695	30.09594727	1.12035681	0.2353492113645232	0.0205529	0.00252
-0.0104	0.0156	-0.0105	0.0006003932626860494	0.0011344640137963143	0.000645771823237902	1.17190325	27.92461205	1.04960735	0.1396225651045515	0.0178221	0.00186
-0.0107	0.0923	-0.0199	0.0006003932626860494	0.0012007865253720988	0.0006946410422937432	1.17219853	27.93164825	0.98040933	0.09215958653158128	0.0160164	0.00164
-0.0155	0.0487	-0.0444	0.0007487462491055673	0.0013264502315156904	0.0007470009198535729	1.2562387	29.93419266	0.98692857	0.08921882850614694	0.0152947	0.00161
-0.0136	-0.0263	-0.0204	0.0007958701389094143	0.001324704902263696	0.0007033676885537148	1.19532526	28.48272324	0.99349809	0.10552512251778497	0.0172498	0.00124
-0.0101	0.0379	-0.0083	0.000853466004225227	0.001408480706359424	0.0007661995416255106	1.20803607	28.78560066	0.99184071	0.09001017612416685	0.0164628	0.0015
-0.0165	0.0686	-0.0196	0.0007644542123735164	0.001387536755335492	0.000752236907609556	1.19840872	28.55619621	1.00004256	0.05459591884457985	0.0160072	0.0018
-0.0212	0.0006	-0.0349	0.0007504915783575615	0.0013945180723434693	0.0007243116395776468	1.17094779	27.90184593	1.01751467	0.09044346095279203	0.0152683	0.00116
-0.0255	0.0054	-0.0392	0.0007295476273336296	0.0015254177662430443	0.0006265732014659643	1.10475135	26.32448959	0.97412082	0.025879104151759477	0.0148593	0.00091
-0.025	0.0503	-0.0156	0.0006667157742618339	0.0015271630954950383	0.000582939970166106	1.12930965	26.90967369	1.00348401	0.07441052068118238	0.0155631	0.00122
-0.0227	0.0692	-0.0069	0.0005811946409141118	0.0014748032179352085	0.0006894050545377602	1.21496665	28.95074654	0.9675109	0.04211730476396031	0.0155982	0.00111
-0.0266	-0.0182	-0.033	0.0006684611035138282	0.0014346606451393388	0.0006126105674500097	1.28058946	30.51443481	1.02483184	0.12761017612416686	0.0163662	0.00149
-0.0211	-0.0199	-0.0127	0.0006789330790257941	0.0016179202165987434	0.0005462880558742252	1.26284027	30.09149933	0.98056707	0.04050270292735776	0.0169284	0.00111
-0.0196	0.0254	0.0045	0.0006928957130417488	0.0016406094968746698	0.0005689773361501514	1.15268636	27.46670532	0.97683044	0.06696705972839036	0.0168334	0.00133
-0.0269	0.133	-0.0108	0.000710349005561692	0.001614429558094755	0.0006265732014659643	1.14414978	27.26329231	1.01143088	0.13526145483078358	0.0150705	0.0014
-0.0309	0.0197	-0.0464	0.0005375614096142535	0.0017191493132144146	0.0006213372137099814	1.12912989	26.90539169	1.02875478	0.16703716694115403	0.0142043	0.00072
-0.0342	-0.0648	-0.0488	0.0006283185307179585	0.0018448130193580064	0.000486946861306418	1.08903992	25.95010948	0.99862306	0.107740558982543	0.0156066	0.00107
-0.0466	0.0046	-0.062	0.000778416846389471	0.001965240737745615	0.0004363323129985824	1.11850095	26.65212059	1.00978565	0.1110570291183478	0.0141765	0.00103
-0.0567	0.0213	-0.0595	0.0007504915783575615	0.002118829711921116	0.0005235987755982988	1.0878191	25.92102051	0.98184051	0.04273903524035633	0.0136273	0.00087
-0.0572	0.0128	-0.0703	0.0005009094953223725	0.002090904443889207	0.0005619960191421741	1.09575438	26.11010361	0.98072689	0.03559522973054867	0.0138113	0.00092
-0.0545	0.0516	-0.0723	0.0005881759579220891	0.0020472712125893483	0.00046425758103049166	1.10231912	26.26653099	0.98232804	0.05493190660056289	0.0127038	0.00062
-0.0596	0.0345	-0.0739	0.0005602506898901797	0.002049016541841343	0.00041538836197465044	1.13658082	27.08293343	0.95525931	0.02772699081698725	0.0132242	0.00066
-0.0684	0.0271	-0.0766	0.0006562437987498679	0.0021642082724729686	0.0005637413483941684	1.23168445	29.34910393	0.99355935	0.03687689129554161	0.0135674	0.00124
-0.0687	0.0356	-0.0954	0.0008290313946973065	0.0022043508452688383	0.00047647488579445195	1.26442242	30.12919998	0.97853428	0.04260983156715122	0.0124058	0.00059
-0.066	0.0195	-0.0855	0.0007749261878854823	0.0021170843826691216	0.0003682644721708035	1.18452013	28.22525406	0.98588365	0.041179104151759446	0.0124191	0.00099
-0.066	0.074	-0.0811	0.0009616764178488756	0.002012364627549462	0.0003159045946109737	1.13228869	26.98065948	0.99006015	0.07609149313214414	0.0119502	0.00061
-0.0689	0.0397	-0.0775	0.0007853981633974483	0.001947787445225672	0.00035604716740684323	1.08293283	25.80458641	0.97210249	0.05484990047855434	0.0119145	0.00055
-0.0639	0.0122	-0.0919	0.0006387905062299246	0.0019024088846738192	0.000322885911618951	1.05492747	25.13726425	0.95607588	0.05815737367536344	0.0119468	0.00058
-0.0618	0.0415	-0.074	0.0005497787143782138	0.0019058995431778078	0.000291469985083053	1.06310964	25.33223152	0.96507304	0.05549591884457986	0.0120248	0.00069
-0.0611	0.0662	-0.061	0.0005131268000863328	0.0018186330805780916	0.0003961897402027128	1.06401742	25.35386276	0.96633671	0.04983190660056284	0.0127037	0.00081
-0.0576	0.0064	-0.0866	0.0003665191429188092	0.0019512781037296606	0.0004799655442984406	1.13730538	27.10019875	0.97340701	0.10705142422074101	0.0126455	0.00051
-0.0575	0.0407	-0.0846	0.0006632251157578452	0.0019111355309337906	0.00041713369122664475	1.04497528	24.90011978	0.9599055	0.05638401993533509	0.0121812	0.00048
-0.0577	0.0056	-0.0719	0.0008168140899333463	0.0018779742751458986	0.0003385938748868999	1.02883065	24.5154171	0.94976776	0.061264502315156885	0.0131548	0.00074
-0.0632	0.0336	-0.0728	0.000778416846389471	0.0020106192982974674	0.000460766922526503	1.03920901	24.76271629	0.95068091	0.049060765716752365	0.0130813	0.00058
-0.0656	0.0705	-0.0983	0.0007208209810736582	0.0020804324683772408	0.0004537856055185257	1.0516547	25.05927849	0.96200643	0.07151951762017816	0.0117975	0.00054
-0.0573	0.0561	-0.0738	0.0007993607974134029	0.0020106192982974674	0.00042935099599060504	1.03231609	24.59847069	0.9508688	0.05583937979737193	0.0130279	0.00074
-0.0547	0.0008	-0.0706	0.0007609635538695277	0.00205599785884932	0.00042411500823462205	1.07170904	25.5371418	0.96645328	0.06555058959258554	0.0139276	0.00124
-0.0598	0.0548	-0.0761	0.0007190756518216638	0.002087413785385218	0.000577703982410123	1.16470635	27.75312233	0.98672934	0.07594464013796313	0.0130196	0.00107
-0.0619	0.0581	-0.1127	0.0006510078109938849	0.0021589722847169856	0.000577703982410123	1.12045085	26.6985836	0.97678185	0.0489813170079773	0.0118263	0.00083
-0.0539	-0.0499	-0.092	0.0006387905062299246	0.002118829711921116	0.0004799655442984406	1.15011203	27.40536118	1.0146617	0.1442049157835756	0.0138072	0.00091
-0.0527	-0.0082	-0.0899	0.0007627088831215222	0.0019687313962496035	0.000445058959258554	1.09592175	26.11409378	0.97963495	0.06044616388014983	0.0127999	0.00083
-0.0588	0.1112	-0.0911	0.0006283185307179585	0.0020420352248333657	0.0005532693728822024	1.12349617	26.77114677	1.02085515	0.14249522973054873	0.0116265	0.00096
-0.0642	0.0511	-0.1261	0.0006021385919380437	0.0021013764194011725	0.0005794493116621174	1.07735658	25.67171478	0.98400784	0.1060850536063818	0.010613	0.00066
-0.0547	-0.0017	-0.1083	0.0006527531402458793	0.0019058995431778078	0.00047123889803846896	1.08141983	25.76853371	0.98798658	0.0978150919077424	0.0122687	0.00067
-0.0559	0.0303	-0.0978	0.0006021385919380437	0.0018657569703819383	0.000486946861306418	1.0561744	25.16697502	0.97810799	0.049023254218582696	0.011521	0.0005
-0.0614	0.0793	-0.0939	0.0004415683007545654	0.001853539665617978	0.0004363323129985824	1.07390273	25.5894146	0.95690746	0.06957010721276372	0.0114778	0.00037
-0.0673	0.0481	-0.1295	0.0004049163864626844	0.002012364627549462	0.0004188790204786391	1.15590978	27.54351234	0.96496152	0.08334650843716541	0.0108703	0.00052
-0.0535	-0.007	-0.0958	0.0006370451769779302	0.0018675022996339327	0.0004729842272904633	1.07486594	25.61236572	0.97513504	0.12415481626212996	0.0126255	0.00043
-0.0516	0.0418	-0.0996	0.0009372418083209549	0.0019582594207376374	0.0006038839211900379	1.07200563	25.54421043	0.97490566	0.08059267231731518	0.0119994	0.00059
-0.0616	0.0986	-0.1163	0.0006492624817418905	0.0019861846887695473	0.0005846852994181004	1.07800722	25.68721771	0.96350338	0.1002551608191456	0.0110771	0.00067
-0.0572	-0.0136	-0.1438	0.0006894050545377602	0.0019146261894377795	0.0005445427266222308	1.10239744	26.26839828	1.02107428	0.15169218224617537	0.0115664	0.00059
-0.044	-0.0338	-0.1049	0.0006859143960337716	0.001748819910498318	0.0005654866776461627	1.05544615	25.14962387	0.95511817	0.08181204442336913	0.0131984	0.0007
-0.0444	0.0365	-0.1024	0.0009669124056048585	0.0017662732030182616	0.00046949356878647465	1.11759126	26.63044357	0.97857787	0.09292222054753592	0.0116386	0.0007
-0.0623	0.0624	-0.1223	0.00119729586686811	0.0020298179200694054	0.0006562437987498679	1.16978097	27.8740406	0.98578057	0.09773392041388944	0.0112031	0.0007
-0.0667	0.088	-0.1543	0.0011798425743481666	0.002078687139125246	0.0005724679946541401	1.14914751	27.38237762	0.99008722	0.06950491578357558	0.0101058	0.00073
-0.0541	0.0147	-0.1282	0.0010384709049366262	0.0019076448724298022	0.000661479786505851	1.15025783	27.40883636	1.00453716	0.13207128639793472	0.011501	0.00055
-0.0564	0.0659	-0.1129	0.0010629055144645468	0.002012364627549462	0.0007435102613495844	1.12638175	26.83990669	0.99142603	0.07935924197456569	0.0110179	0.00069
-0.0641	0.1213	-0.1435	0.0010210176124166828	0.002097885760897184	0.0006771877497737998	1.10574245	26.34810448	1.00935086	0.10338657734856851	0.0105461	0.00058
-0.0601	-0.0002	-0.1459	0.0009389871375729493	0.002001892652037496	0.0005881759579220891	1.12710536	26.85714912	1.01966348	0.14125176877775664	0.0111589	0.00061
-0.0541	-0.0133	-0.1121	0.0006824237375297829	0.0017348572764823637	0.0004136430327226561	1.09106779	25.99843025	0.97090944	0.08780658503988657	0.0123227	0.00062
-0.0512	0.1724	-0.0421	0.0010873401239924673	0.0017086773377024485	0.000296705972839036	1.31185091	31.2593441	1.18199395	0.28600166925631104	0.0150145	0.00195
-0.1052	0.1807	-0.1843	0.0021013764194011725	0.0017435839227423352	0.00019024088846738194	1.34743226	32.10719299	1.23295287	0.2622703982410123	0.0114121	0.00146
-0.13	0.0759	-0.2102	0.0015760323145508795	0.001853539665617978	0.00026878070480712676	1.27167511	30.30201912	1.11706663	0.19119198320328404	0.0120035	0.00289
-0.1127	0.1429	-0.2676	0.0028309240467348025	0.0018605209826259553	0.0010035643198967395	1.30214024	31.0279541	1.12275253	0.24153283321407568	0.011834	0.00201
-0.1026	0.2146	-0.1942	0.0024591689160600103	0.0020263272615654165	0.0010000736613927507	1.21143472	28.86658669	1.0780073	0.18225260340591207	0.0123645	0.00191
-0.0921	0.1458	-0.1889	0.0023073252711365037	0.001912880860185785	0.0009145525280450286	1.15214729	27.45385933	1.02103532	0.102140558982543	0.0101383	0.00091
-0.0874	0.2122	-0.2216	0.002452187599052033	0.0020420352248333657	0.0008307767239493009	1.16603327	27.78474045	1.0082335	0.12168962483294184	0.0110396	0.00094
-0.0722	0.1481	-0.2096	0.0026581364507873638	0.001973967384005587	0.000783652834145454	1.14520347	27.28839874	1.02458032	0.1073570291183478	0.0101855	0.00078
-0.0611	0.1011	-0.1659	0.002452187599052033	0.001820378409830086	0.0007417649320975902	1.09241819	26.03060913	0.97158069	0.1218712863979348	0.0102869	0.00062
-0.0669	0.1332	-0.1762	0.002368411794956305	0.0017959438003021652	0.0007452555906015787	1.09277868	26.03919792	0.98666115	0.05378505360638188	0.00966471	0.00048
-0.0754	0.2029	-0.2109	0.0023439771854283846	0.0018500490071139892	0.0006946410422937432	1.10483193	26.32640839	0.97961321	0.11935771823237896	0.0104425	0.00072
-0.0692	0.1523	-0.2106	0.0024260076602721182	0.0018256143975860688	0.0006632251157578452	1.05110908	25.04627609	0.95742211	0.0639940505453776	0.00969005	0.00069
-0.0644	0.0832	-0.1738	0.0023474678439323734	0.0016999506914424768	0.0006335545184739417	1.1748718	27.99534988	0.99762069	0.122393705988362	0.00957263	0.00055
-0.0729	0.1624	-0.1847	0.0022602013813326567	0.0017278759594743865	0.0006841690667817771	1.08324552	25.81203842	0.97793702	0.10689031394697308	0.00926179	0.00061
-0.0784	0.1814	-0.2109	0.002040289895581371	0.0017610372152622785	0.0005846852994181004	1.03821516	24.73903656	0.95035561	0.06832782544514274	0.00954723	0.00065
-0.0775	0.0456	-0.2203	0.0019826940302655584	0.0019198621771937623	0.0006632251157578452	1.12055409	26.70104408	1.02489568	0.16084803217935204	0.00894779	0.00037
-0.0824	0.0096	-0.1915	0.001556833692778942	0.0019844393595175526	0.0006702064327658224	1.06910837	25.47517204	0.9620623	0.0945709418409192	0.00949365	0.00041
-0.0915	0.1801	-0.2011	0.0021135937241651332	0.0021886428820008896	0.0008674286382411819	1.18872273	28.32539558	1.07154968	0.2371092879672444	0.00972724	0.00074
-0.092	0.1916	-0.218	0.0018814649336498872	0.002150245638457014	0.0007766715171374765	1.0837369	25.82374763	0.95456353	0.04696415775814132	0.00944865	0.00065
-0.0792	0.0585	-0.1864	0.0014154620233674013	0.0019111355309337906	0.0006963863715457374	1.1211437	26.71509171	1.02358564	0.2167699081698724	0.00915122	0.00039
-0.0655	0.0555	-0.1509	0.001429424657383356	0.001853539665617978	0.0007452555906015787	1.04939497	25.00543404	0.95921779	0.05822138591938044	0.00973833	0.00063
-0.0669	0.1203	-0.1647	0.0013177235852557187	0.0018308503853420514	0.0007731808586334879	1.04977417	25.01446915	0.97037585	0.08811578102177364	0.00967836	0.00051
-0.0691	0.1015	-0.1896	0.0013665928043115599	0.0017837264955382047	0.000757472895365539	1.09777105	26.15815926	0.953066	0.051485053606381816	0.00908381	0.00037
-0.0606	0.086	-0.1899	0.001635373509118687	0.001748819910498318	0.0007696902001294993	1.01880324	24.27647972	0.94274857	0.04009522973054873	0.00916398	0.00047
-0.0587	0.0677	-0.1681	0.0015428710587629874	0.0016458454846306526	0.0006841690667817771	1.0247916	24.41917229	0.93958484	0.05604990047855436	0.00938565	0.00033
-0.0654	0.1393	-0.1839	0.001356120828799594	0.0016615534478986017	0.0007435102613495844	1.09579515	26.11107635	0.96569526	0.1071899693899575	0.00969177	0.00061
-0.0689	0.1138	-0.221	0.0014451326206513049	0.0017051866791984597	0.0007278022980816354	1.07126844	25.52664375	0.96441019	0.0735176493209759	0.00899732	0.00062
-0.0594	0.0319	-0.1773	0.0014800392056911916	0.001593485607070823	0.0006719517620178169	1.1054368	26.34082222	0.98148121	0.1452229096615671	0.00949639	0.00032
-0.0597	0.0279	-0.1734	0.001439896632895322	0.0016510814723866359	0.0006544984694978735	1.12154305	26.72460747	0.94878715	0.013959586531581296	0.00934201	0.00037
-0.0644	0.1461	-0.2051	0.0012793263417118436	0.0014782938764391971	0.0005602506898901797	1.26852548	30.22696877	1.03330972	0.17598028333693058	0.00945395	0.00062
-0.0634	0.074	-0.2115	0.0012060225131280816	0.0015341444125030156	0.0004939281783143952	1.1199224	26.68598938	0.98269005	0.08927384381116825	0.00855607	0.00033
-0.0577	-0.0148	-0.1687	0.0013072516097437528	0.0015847589608108511	0.0006073745796940267	1.13969398	27.15711594	0.99433339	0.1505645023151569	0.00983274	0.00048
-0.0547	0.0113	-0.1618	0.0011798425743481666	0.0015166911199830724	0.0005567600313861911	1.04119194	24.80996704	0.94770762	0.04830457122656002	0.00936151	0.0004
-0.0662	0.0791	-0.187	0.0010035643198967395	0.001520181778487061	0.000640535835481919	1.09886742	26.18428421	0.98758494	0.11767723585255718	0.00907606	0.00048
-0.0583	0.0958	-0.1992	0.001043706892692609	0.0016126842288427606	0.0006544984694978735	1.06498563	25.37693405	0.96462711	0.04413038285837615	0.00869691	0.00037
-0.0494	0.04	-0.1578	0.001090830782496456	0.00152367243699105	0.000598647933434055	1.09241235	26.03046989	0.9775516	0.1156993108859688	0.00943583	0.00043
-0.0543	0.0164	-0.1558	0.0009930923443847736	0.0014329153158873448	0.0006056292504420323	1.07132602	25.52801514	0.96842427	0.04027384381116824	0.00960648	0.00056
-0.066	0.067	-0.1788	0.0008970992355250854	0.0014189526818713899	0.0006440264939859076	1.06237495	25.31472397	0.96898598	0.09271764932097593	0.00923604	0.00036
-0.0627	-0.0004	-0.2027	0.0010122909661567112	0.001541125729510993	0.0006649704450098395	1.07754195	25.6761322	0.97333714	0.10751543646475804	0.00934303	0.00033
-0.0525	0.0303	-0.1678	0.0010088003076527223	0.0014276793281313615	0.000614355896702004	1.06836975	25.45757103	0.97112674	0.08417758040957278	0.00929368	0.0003
-0.0568	0.0696	-0.1719	0.001075122819228507	0.001335176877775662	0.0006003932626860494	1.07092822	25.51853561	0.95282396	0.056339379797371934	0.00897294	0.0004
-0.0609	0.0965	-0.1922	0.0009424777960769379	0.0013578661580515882	0.0006387905062299246	1.13687634	27.08997726	0.94776219	0.06098657734856854	0.00890511	0.00026
-0.063	0.0727	-0.2155	0.0011239920382843482	0.0015132004614790836	0.0006021385919380437	1.08136177	25.76715088	0.95230123	0.06787502299633931	0.00880468	0.00056
-0.0506	0.0246	-0.1695	0.0011152653920243766	0.0013421581947836393	0.0005340707511102648	1.09817469	26.16777802	0.96124119	0.11889183768915972	0.0097093	0.00028
-0.0526	0.0187	-0.1693	0.0011746065865921838	0.0013491395117916165	0.0006038839211900379	1.04632437	24.93226624	0.94398011	0.014906784082777888	0.00983083	0.00059
-0.0655	0.1024	-0.2008	0.0009983283321407565	0.0014049900478554352	0.0005201081170943102	1.15524828	27.52775192	1.01205452	0.14389522973054866	0.00908518	0.00066
-0.0653	0.0899	-0.2237	0.0011571532940722405	0.0015271630954950383	0.0006178465552059926	1.04727066	24.954813	0.95810943	0.0545368223841385	0.00901592	0.00045
-0.0549	0.0003	-0.1742	0.0011676252695842063	0.0014433872913993105	0.0006649704450098395	1.15151799	27.43886375	1.00589285	0.15656858347057703	0.0107842	0.00052
-0.0666	0.002	-0.1776	0.0016057029118347831	0.001572541656046891	0.0004921828490624009	1.03826261	24.74016571	0.9464652	0.05380098014227983	0.0102273	0.00041
-0.0823	0.1957	-0.2436	0.0023404865269243957	0.0017034413499464657	0.0007173303225696694	1.44197834	34.3600769	1.18024847	0.3299415391248228	0.0111422	0.00099
-0.0792	0.1853	-0.3103	0.0029618237406343773	0.0023876104167282427	0.0011466813185602744	1.24763024	29.72906876	1.08879901	0.1669428638241182	0.0118428	0.0011
-0.0618	0.0257	-0.2103	0.001778490507782222	0.0020839231268812296	0.0011205013797803594	1.3220799	31.50308609	1.14456998	0.3526600230739542	0.0103409	0.00048
-0.0672	0.0869	-0.192	0.0016022122533307947	0.0020245819323134223	0.0010384709049366262	1.10397327	26.30594826	1.00369899	0.10078249619314836	0.00952119	0.00061
-0.0807	0.1192	-0.2171	0.0018046704465621369	0.00205599785884932	0.0010576695267085637	1.08325791	25.81233406	0.96787814	0.08355363707695884	0.00905704	0.00054
-0.079	0.1229	-0.2372	0.0017610372152622785	0.0020682151636132805	0.0009826203688728075	1.05864179	25.22577095	0.95888526	0.03204498469497873	0.00898749	0.00055
-0.0656	0.0541	-0.1904	0.0014416419621473165	0.001748819910498318	0.0009075712110370514	1.12610185	26.83323669	1.00057144	0.164691983203284	0.00897229	0.0007
-0.0638	0.075	-0.1833	0.001509709802975095	0.0016842427281745281	0.0007539822368615504	1.09663415	26.13106918	0.97900702	0.04411169986635351	0.00876969	0.00044
-0.0714	0.167	-0.184	0.001504473815219112	0.001658062789394613	0.000640535835481919	1.14620376	27.31223488	1.00249279	0.1075431163957765	0.00915825	0.00045
-0.0673	0.0642	-0.1829	0.0009424777960769379	0.0014782938764391971	0.000661479786505851	1.25637472	29.93743515	1.03088912	0.14613544415607607	0.00960934	0.00039
-0.0521	0.019	-0.1146	0.0005288347633542819	0.0015638150097869194	0.0007435102613495844	1.12109709	26.71398163	1.01363018	0.1577597320457056	0.0119177	0.00054
-0.0552	0.0114	-0.1082	0.0004537856055185257	0.0014224433403753785	0.0007906341511534313	1.05970752	25.25116539	0.96314003	0.030277235852557184	0.0121075	0.00063
-0.0616	0.0385	-0.1576	0.0006108652381980154	0.0015254177662430443	0.0007749261878854823	1.1133126	26.52849007	0.99344373	0.0966881010907552	0.0109686	0.00065
-0.0542	-0.0315	-0.1433	0.0008569566627292158	0.0015166911199830724	0.0006632251157578452	1.13591254	27.06701088	0.98776004	0.11002595714594046	0.0117216	0.0005
-0.0482	-0.0242	-0.1147	0.0009023352232810684	0.00147131255943122	0.0006789330790257941	1.04985595	25.01641846	0.94112306	0.04722325421858272	0.0122988	0.00069
-0.0507	0.0091	-0.1205	0.0007086036763096977	0.0014416419621473165	0.0006824237375297829	1.03810239	24.7363472	0.95540488	0.05294464013796314	0.0114584	0.00063
-0.0582	0.0218	-0.1663	0.0008168140899333463	0.0014974924982111347	0.0007016223593017205	1.07205176	25.54530907	0.95983637	0.0751629785729702	0.0099957	0.00048
-0.0532	-0.0668	-0.1382	0.0008203047484373349	0.0014957471689591403	0.0006440264939859076	1.08869672	25.94193268	0.99634878	0.12484159265358982	0.0129414	0.00063
-0.0467	-0.0514	-0.1259	0.0008709192967451704	0.001514945790731078	0.0006544984694978735	1.09227407	26.027174	0.96600092	0.038214257279586925	0.0123669	0.00054
-0.0445	0.0432	-0.1234	0.0006387905062299246	0.0014433872913993105	0.000645771823237902	1.13114214	26.95333862	0.99834254	0.11492069680534926	0.0110394	0.00069
-0.0546	0.0554	-0.1698	0.000932005820564972	0.0017016960206944712	0.0007766715171374765	1.0714798	25.53167915	0.98047492	0.10282118687648915	0.00975019	0.00054
-0.0459	-0.1027	-0.1289	0.0008621926504851988	0.0015446163880149814	0.0007068583470577034	1.18202567	28.16581345	1.08568374	0.22253529864195185	0.0135127	0.001
-0.0435	0.0009	-0.1186	0.0008848819307611251	0.001509709802975095	0.000731292956585624	1.10413849	26.30988503	0.99822016	0.12040152374218664	0.0114561	0.00063
-0.0508	0.0411	-0.1322	0.0008970992355250854	0.0015777776438028737	0.000757472895365539	1.16781783	27.82726288	0.98483388	0.06642325421858271	0.0106616	0.0008
-0.0543	0.0022	-0.1515	0.0008709192967451704	0.0015899949485668342	0.0006928957130417488	1.11909306	26.66622925	0.9823207	0.06684872129338326	0.0102766	0.00058
-0.0475	-0.0468	-0.1399	0.0008395033702092724	0.001637118838370681	0.0006667157742618339	1.08341265	25.81602097	0.97480129	0.07263598775598297	0.0116242	0.001
-0.0475	-0.0286	-0.1264	0.000932005820564972	0.0015062191444711063	0.0006876597252857658	1.06258035	25.31962013	0.96315386	0.04391730476396029	0.0115624	0.00063
-0.0501	0.0365	-0.1218	0.0006736970912698113	0.001562069680534925	0.0007138396640656808	1.05346835	25.10249519	0.96188576	0.0893169602069447	0.0105576	0.00052
-0.0578	-0.0058	-0.1564	0.0008203047484373349	0.0016632987771505957	0.000726056968829641	1.04607046	24.92621613	0.9587594	0.09760270292735773	0.0104473	0.00056
-0.0492	-0.0974	-0.135	0.0007120943348136865	0.0016842427281745281	0.000726056968829641	1.08810925	25.92793465	0.99267129	0.12805771823237905	0.0133449	0.0008
-0.0488	-0.0302	-0.1234	0.0008080874436733745	0.0015289084247470327	0.0006667157742618339	1.04246819	24.84037971	0.96757183	0.09473343034274952	0.0118124	0.00076
-0.052	0.0995	-0.1334	0.0006597344572538566	0.0014800392056911916	0.0007225663103256524	1.16426146	27.74252129	1.05852751	0.15555363707695888	0.0101341	0.0005
-0.0539	0.0498	-0.1617	0.0004520402762665313	0.0015184364492350666	0.0007435102613495844	1.06658363	25.41501045	0.96346504	0.09325176877775665	0.0101598	0.00055
-0.0444	-0.0197	-0.1231	0.0006841690667817771	0.0015376350710070042	0.0006946410422937432	1.07178259	25.53889465	0.9727163	0.1326098315671512	0.0114014	0.00055
-0.0424	-0.0401	-0.1164	0.0006963863715457374	0.0014643312424232424	0.0006213372137099814	1.01817036	24.26140022	0.95016526	0.03704124809657419	0.0118443	0.00047
-0.0486	0.0588	-0.1275	0.0006684611035138282	0.001450368608407288	0.0006963863715457374	1.10570824	26.34729004	0.98576118	0.12204685299418096	0.0103233	0.00032
-0.0525	0.0098	-0.1524	0.0007295476273336296	0.001452113937659282	0.0006754424205218055	1.14828587	27.36184692	0.96484809	0.08198879020478637	0.0108382	0.0005
-0.0405	-0.0174	-0.1199	0.0005550147021341969	0.0013980087308474581	0.000752236907609556	1.11506426	26.57022858	1.02443745	0.08697163095495035	0.0123772	0.00058
-0.0338	-0.0474	-0.1167	0.0002530727415391778	0.001265363707695889	0.0004974188368183839	1.21575487	28.9695282	1.01057839	0.07437025272688803	0.0128883	0.00072
-0.0483	0.0931	-0.1742	0.0008412486994612669	0.0014049900478554352	0.0005759586531581287	1.30468488	31.08859062	1.08489045	0.252817105721069	0.00938845	0.00056
-0.0531	0.022	-0.1857	0.0006021385919380437	0.001689478715930511	0.0008656833089891874	1.15937328	27.62604332	1.02000523	0.12806617157146788	0.00998932	0.00034
-0.0538	-0.1191	-0.1134	-9.773843811168246e-05	0.001446877949903299	0.0006824237375297829	1.25185668	29.82977676	1.11317376	0.27038686837681714	0.0156912	0.00184
-0.1023	-0.0504	-0.107	0.00015533430342749534	0.0013648474750595659	0.0004886921905584122	1.2167449	28.99311829	1.09260873	0.1500417381677141	0.0158107	0.00457
-0.1067	0.0675	-0.1356	0.0012130038301360591	0.001593485607070823	0.0007661995416255106	1.39037371	33.13042068	1.14719531	0.229090750489346	0.0119818	0.00222
-0.0799	0.1673	-0.1119	0.0014433872913993105	0.001553343034274953	0.0008691739674931761	1.23214781	29.36014557	1.06090685	0.16897502299633935	0.0127526	0.00161
-0.0679	-0.0127	-0.1669	0.0012636183784438947	0.0015917402778188286	0.0008918632477691023	1.32344449	31.53560257	1.15477547	0.25904277183876084	0.0110528	0.00069
-0.0391	-0.1249	-0.112	0.0011623892818282235	0.00147131255943122	0.0008691739674931761	1.21856749	29.03654671	1.04208501	0.20811730476396023	0.0154678	0.0014
-0.0374	-0.0586	-0.1052	0.001001818990644745	0.0013962634015954637	0.0008429940287132613	1.05124223	25.04944992	0.96790462	0.08788996938995745	0.0130913	0.00088
-0.0397	0.0721	-0.1315	0.0011309733552923255	0.001462585913171248	0.0009023352232810684	1.35995209	32.40552139	1.07898643	0.1720409035395586	0.0111479	0.00085
-0.0459	-0.0471	-0.1737	0.0011885692206081383	0.0016441001553786586	0.0009407324668249436	1.20691693	28.75893402	1.06802428	0.1814753675533549	0.0116333	0.00087
-0.0308	-0.0924	-0.112	0.0011362093430483087	0.001706932008450454	0.0010035643198967395	1.22201312	29.11865234	1.02218782	0.13100117918517104	0.0137914	0.00073
-0.0292	-0.0154	-0.1017	0.001059414855960558	0.001509709802975095	0.0008517206749732328	1.22917962	29.28941917	1.0116376	0.11019301687433083	0.0122195	0.00073
-0.0392	-0.0401	-0.1116	0.0009337511498169664	0.0014800392056911916	0.0009285151620609833	1.16369295	27.7289753	0.99875014	0.05620643952576227	0.01199	0.00103
-0.041	-0.0605	-0.1317	0.0007906341511534313	0.0015341444125030156	0.0008412486994612669	1.12721789	26.85983086	0.98505438	0.05652443340375379	0.0122836	0.00066
-0.029	-0.123	-0.0892	0.0006265732014659643	0.0015219271077390555	0.0008831366015091308	1.1827805	28.18379974	1.0262618	0.12790830782496457	0.0157803	0.00127
-0.0282	-0.0298	-0.085	0.000635299847725936	0.001439896632895322	0.000879645943005142	1.12602079	26.83130455	1.00080442	0.10291238898038468	0.0129996	0.00076
-0.0288	-0.0113	-0.105	0.0005550147021341969	0.0014014993893514465	0.001001818990644745	1.12939513	26.91171074	0.95596726	0.05114277183876088	0.01197	0.00051
-0.028	-0.0654	-0.1029	0.0005131268000863328	0.001446877949903299	0.0009197885158010115	1.07449472	25.60352135	0.96730958	0.06546484687217251	0.0140293	0.00066
-0.0225	-0.0717	-0.0906	0.0007627088831215222	0.0014014993893514465	0.0007941248096574199	1.06146836	25.29312134	0.96567323	0.04513121748653168	0.0141081	0.00078
-0.0266	0.0032	-0.1061	0.0011309733552923255	0.001387536755335492	0.0008237954069413235	1.17365146	27.96626854	0.99713745	0.11509488517353308	0.0117512	0.00052
-0.0327	0.0344	-0.137	0.0012077678423800758	0.001403244718603441	0.0007016223593017205	1.17801654	28.07028389	1.00746504	0.07893377489976512	0.0105302	0.00054
-0.0277	-0.0486	-0.1124	0.0009948376736367678	0.0014119713648634124	0.000757472895365539	1.16573322	27.7775898	1.00510236	0.12647536755335487	0.0132921	0.00069
-0.0217	-0.1022	-0.0959	0.0006754424205218055	0.0012147491593880533	0.0006946410422937432	1.12409806	26.78549004	0.98720959	0.10507246558310589	0.0144356	0.00098
-0.0184	-0.0206	-0.1019	0.0006806784082777885	0.0011205013797803594	0.0005358160803622592	1.14313829	27.23918915	1.00212523	0.10381543646475806	0.0119623	0.00065
-0.0304	-0.0293	-0.1296	0.0006178465552059926	0.0012426744274199627	0.0005724679946541401	1.1020577	26.26030159	0.98030475	0.05948284075016399	0.01157	0.00062
-0.0214	-0.138	-0.0944	5.235987755982989e-05	0.0013037609512397642	0.0007487462491055673	1.18064332	28.13287354	1.06033004	0.1930425727958696	0.0162967	0.00116
-0.0159	-0.1248	-0.0721	-6.981317007977319e-05	0.001218239817892042	0.000757472895365539	1.08969784	25.96578789	0.98764878	0.05182104136236487	0.0170857	0.00116
-0.0162	-0.0176	-0.075	0.0001012290966156711	0.0011239920382843482	0.0006073745796940267	1.15099967	27.42651176	1.0272076	0.1311694180987325	0.0138509	0.00066
-0.0252	-0.0912	-0.1197	0.00011344640137963142	0.0012217304763960308	0.00062482787221397	1.12283373	26.75536156	0.99579653	0.13367045176977932	0.0141686	0.00085
-0.0221	-0.1925	-0.0937	0.00015009831567151235	0.0011763519158441782	0.0006719517620178169	1.11183095	26.49318504	1.01453411	0.136857718232379	0.0188203	0.00146
-0.0195	-0.0966	-0.0852	0.00024085543677521747	0.0011082840750163993	0.0006684611035138282	1.11359882	26.53530884	1.02291775	0.11511578102177364	0.0153762	0.001
-0.0272	0.0279	-0.1228	0.0004363323129985824	0.0010524335389525807	0.000577703982410123	1.23603106	29.45267868	1.05594554	0.1869042266695444	0.0111367	0.00067
-0.0425	-0.016	-0.1719	0.000640535835481919	0.0012758356832078548	0.0005358160803622592	1.11528313	26.57544518	0.98690966	0.13177467843932372	0.0103852	0.00058
-0.0371	-0.1881	-0.1392	0.0005462880558742252	0.0012164944886400475	0.0004921828490624009	1.28613102	30.64648056	1.10550393	0.220061110273768	0.0166983	0.00164
-0.0295	-0.0902	-0.1152	0.0004380776422505767	0.0011309733552923255	0.0005183627878423159	1.17916489	28.09764481	1.0316055	0.14049557428756423	0.0137326	0.00094
-0.0307	0.0007	-0.1284	0.0006021385919380437	0.0010576695267085637	0.000486946861306418	1.20969296	28.82508087	1.04545268	0.11873903524035632	0.0109397	0.00058
-0.0392	0.0213	-0.1705	0.0007155849933176752	0.0011990411961201044	0.0005288347633542819	1.18484163	28.23291397	1.0263772	0.08603529864195182	0.0100506	0.00052
-0.0349	-0.1131	-0.1271	0.0005497787143782138	0.0011501719770642632	0.0004380776422505767	1.24479544	29.6615181	1.10320614	0.1973716309549504	0.0139415	0.00081
-0.0284	-0.1038	-0.0803	0.00045553093477052	0.0010419615634406148	0.0003438298626428829	1.10708499	26.38009453	0.99314711	0.07743529864195177	0.0148826	0.00091
-0.028	-0.0549	-0.0771	0.00041189770347066176	0.0009389871375729493	0.00029845130209103034	1.10679042	26.37307739	0.97473665	0.06209931088596882	0.0137463	0.00069
-0.0279	-0.0412	-0.0966	0.00039095375244672985	0.0009407324668249436	0.00038397243543875244	1.46787584	34.97717285	1.00924614	0.038710520681182414	0.0135592	0.00107
-0.0308	-0.0748	-0.13	0.0004415683007545654	0.0011501719770642632	0.0003612831551628262	1.23751736	29.48809433	1.00680572	0.08403716694115407	0.01353	0.00098
-0.026	-0.1351	-0.0912	0.00039269908169872416	0.0011780972450961724	0.0004974188368183839	1.3594209	32.39286423	1.03661739	0.1145465084371654	0.0166642	0.00149
-0.0575	-0.0281	-0.1491	0.0011187560505283654	0.0014067353771074296	0.0002670353755551324	1.35510361	32.28998947	1.12350521	0.25565392810520754	0.0115907	0.0008
-0.078	0.0711	-0.22	0.0014765485471872027	0.0013718287920675431	0.0001239183768915974	1.24970269	29.77845001	1.07450591	0.21739080401811292	0.00906456	0.0004
-0.0836	0.0497	-0.2662	0.0018465583486100008	0.0015184364492350666	0.00011519173063162575	1.12211335	26.73819733	0.9860784	0.09946720524251464	0.00894171	0.00062
-0.0864	0.1173	-0.2329	0.0019268434942017398	0.0013980087308474581	-5.235987755982988e-06	1.1069864	26.37774658	0.98395891	0.1197570291183478	0.00910157	0.00048
-0.0828	0.1565	-0.2336	0.0020699604928652747	0.001265363707695889	4.71238898038469e-05	1.10635602	26.36272621	0.95897072	0.05990609496874672	0.00938314	0.00051
-0.0825	0.1638	-0.252	0.002038544566329377	0.0012583823906879114	0.0001239183768915974	1.14447629	27.27107239	0.9755993	0.031759586531581285	0.009022	0.00062
-0.0877	0.1922	-0.2714	0.0021607176139689798	0.001377064779823526	2.268928027592628e-05	1.06880319	25.46789932	0.95473533	0.07010422666954441	0.00926054	0.00041
-0.0849	0.0908	-0.2417	0.002281145332356589	0.0013753194505715315	1.7453292519943296e-05	1.14467502	27.27580643	1.01060962	0.1402704517697793	0.00803262	0.00026
-0.0827	0.132	-0.2332	0.0024748768793279594	0.001499237827463129	9.250245035569947e-05	1.13251853	26.98613739	0.95944106	0.07153495408493622	0.00818443	0.00044
-0.0791	0.1349	-0.2284	0.002230530784048753	0.0013072516097437528	6.632251157578452e-05	1.17870677	28.08673096	0.99054782	0.034425612588924855	0.00829446	0.00056
-0.088	0.1758	-0.2533	0.0021746802479849347	0.0013526301702956054	-8.726646259971648e-06	1.1242528	26.78917694	0.9818274	0.08351391272257139	0.00910735	0.00047
-0.0898	0.1118	-0.2503	0.0022951079663725434	0.001265363707695889	-0.0001186823891356144	1.09337544	26.05341721	0.97558585	0.08468249619314841	0.00798321	0.00043
-0.0861	0.0656	-0.2298	0.0022235494670407763	0.0012409290981679683	-0.00012740903539558605	1.11430061	26.55203247	0.98454994	0.07563598775598297	0.00797522	0.00036
-0.0814	0.1066	-0.2129	0.0019669860669976093	0.0011955505376161158	-0.0001605702911834783	1.11325288	26.52706718	0.98157041	0.07935516081914556	0.00786996	0.00039
-0.0863	0.2102	-0.2379	0.0019216075064457567	0.0012199851471440364	-0.00013788101090755203	1.28126061	30.53042793	1.03518364	0.138125122517785	0.0104264	0.00061
-0.0821	0.0935	-0.2223	0.001778490507782222	0.0012409290981679683	-0.0001361356816555577	1.18274379	28.18292618	1.0504743	0.14479031394697303	0.00900471	0.00052
-0.0744	-0.0049	-0.1843	0.0015446163880149814	0.0010943214410004448	-0.00014137166941154068	1.19595754	28.49778748	1.04750728	0.16338588823453737	0.0110286	0.00047
-0.0716	0.0416	-0.175	0.0015690509975429022	0.0010611601852125523	-0.00015184364492350666	1.15805817	27.59470558	0.97127291	0.06200339204138896	0.00943148	0.00045
-0.0752	0.0847	-0.1869	0.0015306537539990272	0.001085594794740473	-0.00017104226669544429	1.13105869	26.95135117	0.95996706	0.0627015237421867	0.00898087	0.00037
-0.0776	0.081	-0.2112	0.0016877333866785165	0.001158898623324235	-0.0002373647782712288	1.07958114	25.72472191	0.96068853	0.04523529864195178	0.00838053	0.0005
-0.0742	-0.0102	-0.1719	0.0019268434942017398	0.0010419615634406148	-0.00019024088846738194	1.15311205	27.4768486	1.01060577	0.15405855286053452	0.0097239	0.00044
-0.0753	0.072	-0.1729	0.001504473815219112	0.0010768681484805013	-0.00016231562043547262	1.13617027	27.07315254	1.00222395	0.10856007660272116	0.00872475	0.00047
-0.0823	0.1196	-0.1814	0.001155407964820246	0.00027750735106709843	-0.0006824237375297829	1.128474	26.88976288	1.010416	0.14652673824532897	0.00922102	0.00054
-0.0774	0.0297	-0.1736	0.0009372418083209549	-0.0001658062789394613	-0.0007435102613495844	1.1442349	27.26531792	1.01447278	0.1387283155162826	0.0097822	0.0004
-0.0686	-0.0012	-0.1578	0.0008779006137531476	7.330382858376184e-05	-0.0004799655442984406	1.08001506	25.73506165	0.97958568	0.0835998009571087	0.0105288	0.00051
-0.0715	0.1364	-0.2159	0.001424188669627373	0.00028797932657906436	-9.599310885968811e-05	1.28095472	30.52313805	1.09075955	0.255846799465414	0.00941062	0.00055
-0.0826	0.1745	-0.2752	0.001963495408493621	0.0005550147021341969	-4.18879020478639e-05	1.23533678	29.43613434	1.01669179	0.15152236606166022	0.00982481	0.0007
-0.0775	0.0059	-0.2299	0.0020629791758572974	0.0005358160803622592	-0.00010297442586766544	1.31952119	31.44211578	1.11254901	0.2279884456477708	0.00970364	0.00051
-0.0692	0.0359	-0.191	0.001895427567665842	0.0004363323129985824	-0.00020943951023931956	1.11993802	26.68636131	0.97797045	0.09587502299633929	0.00903463	0.00034
-0.0741	0.147	-0.1998	0.001895427567665842	0.0004677482395344803	-0.0002443460952792061	1.167328	27.81559181	1.02215237	0.1281161255787892	0.0087164	0.00044
-0.0798	0.1643	-0.2289	0.0019024088846738192	0.0005654866776461627	-0.00016406094968746698	1.12839007	26.88776207	0.99090533	0.061350245035569934	0.00850552	0.0004
-0.0732	0.0556	-0.2099	0.0019425514574696887	0.0006440264939859076	-0.000153588974175501	1.12839448	26.88786697	1.00636268	0.14075771823237898	0.00820774	0.00029
-0.067	0.0853	-0.1869	0.001996656664281513	0.0007976154681614085	-6.108652381980153e-05	1.07975507	25.72886658	0.94942612	0.07390983156715121	0.0085991	0.00041
-0.0713	0.1377	-0.197	0.002082177797629235	0.0006754424205218055	-6.45771823237902e-05	1.14805984	27.35646248	0.99929865	0.07735924197456566	0.00836259	0.00062
-0.0768	0.1482	-0.2193	0.0023492131731843676	0.0007627088831215222	-3.665191429188092e-05	1.16391408	27.73424339	0.99892974	0.05741135530933793	0.0084343	0.00052
-0.0826	0.1808	-0.2432	0.002183406894244906	0.0008342673824532895	-2.6179938779914945e-05	1.1265409	26.8436985	0.9783646	0.07469183768915974	0.00842702	0.00047
-0.0861	0.1726	-0.2753	0.0024486969405480446	0.0008848819307611251	-0.00012740903539558605	1.09415805	26.07206535	0.96326836	0.06465668456133222	0.00871044	0.00025
-0.0823	0.1018	-0.2391	0.0024486969405480446	0.0008517206749732328	-0.0002478367537831948	1.10491025	26.32827568	0.98037196	0.11847944870877503	0.00797302	0.00028
-0.0804	0.1053	-0.2171	0.002408554367752175	0.0007714355293814937	-0.000158824961931484	1.08016169	25.738554	0.96325356	0.037871975511966006	0.00914752	0.00033
-0.0782	0.1505	-0.224	0.002176425577236929	0.000577703982410123	-0.00016929693744344995	1.11688387	26.61358833	0.96682825	0.07611661564992914	0.00924671	0.00041
-0.0886	0.1611	-0.2594	0.0020717058221172693	0.0007190756518216638	-0.0001361356816555577	1.09223258	26.02618599	0.96815949	0.07036263401595463	0.00863624	0.0004
-0.0797	0.0978	-0.2307	0.0021851522234969008	0.0006719517620178169	-0.00019024088846738194	1.07685423	25.65974426	0.96832062	0.11163377489976516	0.00837439	0.00043
-0.077	0.1145	-0.2061	0.0022741640153486112	0.000640535835481919	-0.00022340214425527416	1.04209578	24.83150482	0.95061683	0.05167944870877501	0.00847453	0.00041
-0.0828	0.1847	-0.2245	0.0022898719786165604	0.0005462880558742252	-0.00017453292519943296	1.08466411	25.84584045	0.97738551	0.1023412480965742	0.00929856	0.00066
-0.0867	0.1612	-0.2593	0.0022410027595607188	0.0006876597252857658	-0.00022165681500327985	1.08172703	25.77585411	0.97245026	0.0740682389135614	0.00915313	0.00073
-0.0839	0.042	-0.2205	0.002176425577236929	0.0007470009198535729	-9.948376736367679e-05	1.14004254	27.16542244	1.02927009	0.17310457122656	0.00903541	0.00066
-0.0798	0.0804	-0.2089	0.002384119758224254	0.0005864306286700947	-0.0002513274122871834	1.13174343	26.96766853	0.97054196	0.08010540585471548	0.00912601	0.00056
-0.0797	0.1401	-0.213	0.0021938788697568722	0.0005427973973702365	-0.00027576202181510406	1.14587581	27.30442047	0.99180157	0.07681543646475805	0.0093298	0.00073
-0.0803	0.0926	-0.2121	0.002001892652037496	0.0004904375198104066	-0.0002530727415391778	1.15634847	27.55396652	0.99873306	0.06235176877775661	0.00871015	0.00059
-0.0751	0.0506	-0.2036	0.0019006635554218248	0.0005305800926062762	-0.0002443460952792061	1.11114812	26.47691345	0.9822153	0.06320491578357564	0.00858378	0.0005
-0.0738	0.0905	-0.1857	0.0017016960206944712	0.000466002910282486	-0.0002583087292951608	1.0852505	25.85981369	0.95868902	0.07297536755335492	0.00851476	0.00039
-0.0789	0.1279	-0.2003	0.0015323990832510211	0.0003961897402027128	-0.0002181661564992912	1.07269156	25.5605526	0.9600179	0.07106263401595465	0.00862294	0.00066
-0.0869	0.0353	-0.2375	0.0017523105690023068	0.0005794493116621174	-0.00029496064358704166	1.12648344	26.84232903	0.99644819	0.16179827721492207	0.00820559	0.00026
-0.0808	0.0504	-0.2013	0.0017680185322702558	0.0005637413483941684	-0.000291469985083053	1.06381249	25.34897995	0.95555501	0.05914532925199432	0.00861442	0.00039
-0.081	0.1183	-0.1923	0.0019146261894377795	0.0004991641660703782	-0.00029496064358704166	1.06143439	25.29231453	0.97046507	0.08783377489976514	0.00851393	0.00048
-0.0797	0.1417	-0.1997	0.0018256143975860688	0.00046949356878647465	-0.00037350045992678646	1.14828718	27.36187935	0.9660272	0.041961110273767935	0.00849152	0.00059
-0.0877	0.0787	-0.2373	0.0018552849948699724	0.0005201081170943102	-0.00026878070480712676	1.1288749	26.89931488	0.98975874	0.11785024503556996	0.00806588	0.00052
-0.0775	0.1006	-0.2074	0.0019408061282176943	0.0005113814708343385	-0.000317649923862968	1.12584317	26.82707214	0.97215484	0.06915584993317674	0.0081315	0.00044
-0.0761	0.0994	-0.1905	0.0019303341527057286	0.0005375614096142535	-0.0003054326190990077	1.16544259	27.77066612	0.96180606	0.02194346095279204	0.00830609	0.00045
-0.0804	0.0576	-0.1899	0.0017226399717184032	0.000486946861306418	-0.000296705972839036	1.16321254	27.71752739	0.98360282	0.06005176877775662	0.0083735	0.00025
-0.0822	0.0868	-0.2068	0.0017400932642383465	0.0005009094953223725	-0.0002548180707911721	1.13989484	27.16190147	0.98231541	0.05156519142918809	0.00789076	0.00036
-0.0797	0.0889	-0.1935	0.0016772614111665507	0.0004380776422505767	-0.00033684854563490564	1.10397589	26.30600929	0.97401113	0.02828470904936628	0.00817144	0.00043
-0.0779	0.0957	-0.1801	0.001726130630222392	0.0003525565089028545	-0.0003717551306747922	1.08592522	25.87589073	0.95553075	0.030464846872172487	0.00804943	0.00029
-0.0798	0.1268	-0.1968	0.0015481070465189703	0.000312413936106985	-0.0003787364476827695	1.10139596	26.24453354	0.94892883	0.06095737367536343	0.00837457	0.00044
-0.0865	0.1041	-0.2361	0.0015446163880149814	0.0004188790204786391	-0.00035430183815484887	1.09988093	26.20843506	0.96133718	0.07541951762017818	0.00824994	0.00047
-0.0771	0.0469	-0.1905	0.0015812683023068625	0.0004904375198104066	-0.0003385938748868999	1.0818969	25.7799015	0.97418016	0.11839591884457988	0.00886679	0.00043
-0.0787	0.0711	-0.19	0.0017034413499464657	0.00040666171571467877	-0.00021467549799530252	1.12331629	26.76686287	0.98772708	0.042793361431346405	0.0087859	0.00047
-0.086	0.1417	-0.2222	0.0016947147036864942	0.00047822021504644627	-0.0001361356816555577	1.21577644	28.97004318	1.02092655	0.11804124809657418	0.00926453	0.00076
-0.0905	0.1011	-0.2607	0.001656317460142619	0.0006387905062299246	-0.00018675022996339323	1.10395896	26.30560684	0.9841317	0.09607910415175944	0.00851589	0.0003
-0.1003	0.081	-0.2702	0.0031974431896536117	0.0010419615634406148	-0.00042411500823462205	1.28271389	30.56505585	1.1680845	0.1484830782496456	0.0108541	0.00195
-0.1769	0.153	-0.5847	0.0031974431896536117	0.0001186823891356144	-0.0014381513036433276	2.02184129	48.1772995	1.84590028	0.5599657734856853	0.0293971	0.02666
-0.138	0.174	-0.3298	0.002778564169174973	0.0001012290966156711	-0.0008621926504851988	1.76611924	42.08384705	1.59364875	0.36541454830783543	0.0119476	0.00182
-0.1275	0.1019	-0.2394	0.002469640891571976	0.0002722713633111154	-0.000582939970166106	1.22173381	29.1119957	1.0822841	0.21096091123087668	0.00980562	0.00151
-0.119	0.0928	-0.2541	0.002541199390903744	0.00022340214425527416	-0.0005811946409141118	1.11200869	26.49741936	0.98223687	0.038408652381980185	0.00937212	0.00063
-0.1008	0.0209	-0.2691	0.002469640891571976	0.000460766922526503	-0.00033335788713091696	1.06663764	25.41629791	0.97609173	0.13293800156930957	0.00902325	0.00039
-0.0805	-0.0856	-0.2129	0.002012364627549462	0.00020769418098732522	-0.00020769418098732522	1.13482034	27.04098511	1.01995907	0.2248006355852641	0.0112398	0.00094
-0.0786	-0.0071	-0.2001	0.001956514091485643	0.00038397243543875244	-1.7453292519943296e-05	1.26130044	30.05480576	1.02882885	0.1143184839491314	0.0096733	0.00072
-0.0852	0.0013	-0.2166	0.001811651763570114	0.0003316125578789226	-5.585053606381854e-05	1.29003298	30.73945808	1.01345379	0.043280972450961686	0.00971872	0.00052
-0.1002	-0.0265	-0.273	0.0020141099568014562	0.0003595378259108319	-0.0002548180707911721	1.20795524	28.78367615	1.03440185	0.12066754979953027	0.00895905	0.00039
-0.0925	-0.0744	-0.2313	0.0020001473227855013	0.0003665191429188092	-0.0003054326190990077	1.17331374	27.95822144	0.98840366	0.1008779249665884	0.00971133	0.0005
-0.088	-0.0454	-0.1987	0.0018133970928221085	0.00024260076602721178	-0.00034906585039886593	1.11606908	26.59417152	0.98410521	0.08381509190774243	0.00952286	0.00043
-0.0942	0.0242	-0.2037	0.0014660765716752368	0.000153588974175501	-0.0003159045946109737	1.12604797	26.83195305	0.98795692	0.10427467843932373	0.0088495	0.00043
-0.102	0.0612	-0.2464	0.001609193570338772	0.00021467549799530252	-0.0003316125578789226	1.16556096	27.77348709	0.977197	0.09849557428756425	0.00865686	0.00044
-0.0902	-0.1179	-0.2082	0.001500983156715123	0.00018151424220741024	-0.00037524578917878077	1.22055793	29.08397675	1.09850181	0.23835024503557	0.0119997	0.00096
-0.0885	-0.0524	-0.1947	0.0017086773377024485	7.155849933176751e-05	-0.00039968039870670147	1.15868509	27.60964394	0.99857585	0.09780422666954444	0.0106483	0.00074
-0.0902	0.0207	-0.2192	0.0019530234329816546	7.853981633974481e-05	-0.0004380776422505767	1.28180373	30.54336929	1.02041348	0.11378623279155292	0.00902647	0.00039
-0.1003	0.0836	-0.2531	0.0018797196043978928	8.203047484373349e-05	-0.0003351032163829112	1.25658965	29.94255638	1.03520777	0.11588844564777076	0.00887471	0.00061
-0.1031	-0.0013	-0.2816	0.0020001473227855013	0.00034557519189487725	-0.00035430183815484887	1.15824735	27.59921455	1.00708721	0.13635855286053447	0.00900739	0.00061
-0.0905	-0.0546	-0.2306	0.0021275563581810873	0.0002722713633111154	-0.0005427973973702365	1.15154171	27.43943024	0.98817768	0.1363604211597368	0.009767	0.00067
-0.0883	-0.0687	-0.2102	0.0019024088846738192	0.00019198621771937622	-0.0004520402762665313	1.05137181	25.05253792	0.95371916	0.056509487010135605	0.0106764	0.00087
-0.0906	-0.0149	-0.2134	0.0015882496193148398	5.061454830783555e-05	-0.0005427973973702365	1.08580911	25.87312508	0.97821125	0.08661440279371127	0.00972331	0.00061
-0.0969	0.0546	-0.2406	0.001579522973054868	3.4906585039886588e-06	-0.0006911503837897545	1.14080608	27.18361664	1.00402682	0.11321017612416684	0.00935876	0.00054
-0.0864	-0.0393	-0.2254	0.0018762289458939042	0.00014311699866353502	-0.0004974188368183839	1.11093581	26.47185516	1.01361358	0.15110319299849767	0.0101337	0.0005
-0.0806	-0.0219	-0.2232	0.0019826940302655584	8.203047484373349e-05	-0.0004537856055185257	1.08804035	25.92629051	0.94922284	0.03595924197456568	0.00992841	0.00045
-0.0844	-0.035	-0.2212	0.0017994344588061536	0.00010471975511965978	-0.0003630284844148205	1.22997606	29.30839729	1.01523834	0.033735298641951815	0.0103294	0.00058
-0.0914	0.0274	-0.2623	0.0018046704465621369	0.00011519173063162575	-0.0004433136300065597	1.26278126	30.09009171	1.02353761	0.11529965544298436	0.00915414	0.00063
-0.0868	-0.0543	-0.2495	0.0019861846887695473	5.4105206811824215e-05	-0.0004991641660703782	1.16819513	27.83625412	1.00581202	0.11402256510455148	0.00956684	0.00048
-0.0861	-0.0929	-0.2557	0.0024836035255879313	9.075712110370512e-05	-0.0005864306286700947	1.16569018	27.77656364	1.01222929	0.07656686068549906	0.0103544	0.00072
-0.0964	0.0906	-0.2785	0.003218387140677544	0.0006544984694978735	-0.00019024088846738194	1.29909885	30.95548248	1.1359223	0.3013357351843248	0.00879943	0.00037
-0.1169	0.2497	-0.3466	0.003420845333908886	0.0005846852994181004	-0.00033335788713091696	1.25452495	29.89335823	1.10237646	0.26846941809873254	0.0122181	0.00074
-0.1244	0.1269	-0.3656	0.002925171826342496	0.000731292956585624	-0.0002251474735072685	1.17362702	27.9656868	1.05709058	0.186824578917878	0.00995743	0.00056
-0.1132	0.0111	-0.3321	0.0017470745812463236	0.0005759586531581287	8.726646259971648e-06	1.20876384	28.80294228	1.06653172	0.23886528341454533	0.00961185	0.00028
-0.1036	0.0223	-0.3105	0.002239257430308725	0.0004258603374866164	-0.00014137166941154068	1.28788686	30.68832016	0.98324392	0.08201897402027129	0.0094533	0.00058
-0.1008	0.0353	-0.313	0.0022427480888127134	0.0005078908123303499	-0.0001832595714594046	1.30660868	31.13442993	1.00176089	0.02467045176977929	0.00953197	0.00062
-0.1021	0.0578	-0.3302	0.00214850030920502	0.00039269908169872416	-0.00037524578917878077	1.26818883	30.21894646	1.00778869	0.06107128639793476	0.00927842	0.00052
-0.0948	-0.0523	-0.291	0.001965240737745615	0.00024609142453120044	-0.00037524578917878077	1.21405423	28.92900276	1.05001488	0.17309336143134643	0.00981683	0.00069
-0.0924	0.0361	-0.2595	0.0018500490071139892	0.00017278759594743863	-0.0004258603374866164	1.16422009	27.74153519	1.01767697	0.13425550537616115	0.00829005	0.00056
-0.092	0.0133	-0.2514	0.001553343034274953	0.0001291543646475804	-0.0004485496177625427	1.08697534	25.90091515	0.97658087	0.04945142422074103	0.00877613	0.00047
-0.096	0.0056	-0.2771	0.001481784534943186	2.96705972839036e-05	-0.00048171087355043494	1.06432831	25.3612709	0.97714493	0.047610176124166806	0.00923902	0.00044
-0.0873	-0.0655	-0.2491	0.0015760323145508795	4.18879020478639e-05	-0.0004921828490624009	1.07942533	25.7210083	0.98241128	0.113646852994181	0.0102575	0.0005
-0.0814	0.0096	-0.2389	0.00147131255943122	-0.00022863813201125715	-0.0005358160803622592	1.08495641	25.85280609	0.98863146	0.11214395102393195	0.0093202	0.00033
-0.0875	-0.0065	-0.2428	0.001509709802975095	-0.0003298672286269283	-0.000640535835481919	1.12605333	26.83208084	0.95575196	0.03831730476396028	0.00951016	0.00043
-0.086	0.0823	-0.3198	0.0021258110289290935	-0.0005009094953223725	-0.0007243116395776468	1.36829376	32.60429001	1.06668484	0.2108459648372585	0.0104278	0.00114
-0.1258	0.1666	-0.4519	0.004019493267342941	0.0005532693728822024	-0.00024260076602721178	1.42374432	33.92559052	1.22871159	0.4276785990084429	0.0149877	0.00147
-0.1031	0.1078	-0.409	0.003792600464583678	0.0006527531402458793	-8.901179185171081e-05	1.19317842	28.43156624	1.04035692	0.14839827721492208	0.0112889	0.00061
-0.1036	0.1205	-0.3717	0.003841469683639519	0.0006702064327658224	-0.00020769418098732522	1.11082351	26.46917725	0.97307395	0.0597502450355699	0.00998569	0.00052
-0.1067	0.1684	-0.3783	0.0036896260387160127	0.00047822021504644627	-0.00028099800957108706	1.17840242	28.07947731	0.98807323	0.07845668456133226	0.0111463	0.00062
-0.1146	0.2137	-0.4362	0.0037768925013157294	0.0005305800926062762	-0.0003211405823669566	1.14508271	27.28552055	1.00894499	0.12008844564777076	0.0141231	0.00087
-0.1088	0.1326	-0.4053	0.003820525732615587	0.0006108652381980154	-0.0003874630939427412	1.11838675	26.6493988	1.0123295	0.12731204442336908	0.0114813	0.00043
-0.1035	0.1324	-0.3743	0.0038117990863556156	0.0005148721293383271	-0.0004485496177625427	1.08876038	25.94344711	0.95972802	0.04479031394697303	0.0106051	0.00055
-0.1073	0.1665	-0.3758	0.00365646478292812	0.0005375614096142535	-0.0003717551306747922	1.10139942	26.24461746	0.97667639	0.05214090353955866	0.0106848	0.00054
-0.1145	0.2081	-0.4026	0.0035116024550125905	0.0005026548245743669	-0.00045553093477052	1.1201787	26.69209671	0.98295326	0.08877723585255717	0.0121871	0.00072
-0.1114	0.143	-0.3877	0.003640756819660172	0.0005044001538263612	-0.00039269908169872416	1.10488486	26.32766914	0.99387162	0.09278657734856863	0.0104775	0.00045
-0.1112	0.1311	-0.3682	0.0035674529910764093	0.000439822971502571	-0.00047647488579445195	1.06524384	25.38308716	0.95884614	0.04268284075016399	0.00996423	0.0003
-0.1103	0.1481	-0.3658	0.0034609879067047556	0.0003647738136668148	-0.00046425758103049166	1.16164446	27.68016052	0.9523581	0.029986577348568542	0.0102977	0.00039
-0.1108	0.1809	-0.3673	0.003506366467256608	0.00032463124087094524	-0.00045553093477052	1.19831312	28.55391884	0.9984238	0.03951238898038468	0.0119157	0.00091
-0.1116	0.138	-0.3903	0.0036931166972200015	0.0004380776422505767	-0.0004310963252425994	1.20628464	28.74386597	1.0151256	0.08293156204354725	0.0108695	0.00076
-0.1033	0.0495	-0.346	0.003387684078120994	0.00038571776469074686	-0.0005096361415823442	1.18916953	28.3360405	1.01892588	0.16291661564992913	0.0099982	0.00063
-0.0987	0.0637	-0.3194	0.0029862583501622975	0.0001972222054753592	-0.0004677482395344803	1.11471498	26.56190491	0.96395047	0.07699045946109734	0.00874156	0.00045
-0.1055	0.1592	-0.3292	0.002949606435870417	0.00019896753472735358	-0.0005427973973702365	1.12446535	26.79424095	1.00140809	0.11777232006898151	0.00944978	0.00052
-0.112	0.1805	-0.3825	0.003223623128433527	0.0002024581932313422	-0.0005794493116621174	1.09663332	26.1310482	1.00508241	0.09680796326794898	0.0112372	0.00054
-0.1009	0.0393	-0.3546	0.003214896482173555	0.00014660765716752367	-0.0005672320068981572	1.17764747	28.0614872	1.06524158	0.18403972435438748	0.00949752	0.00044
-0.0968	0.0992	-0.3293	0.00324107642095347	0.00018151424220741024	-0.0006056292504420323	1.11053133	26.46221733	0.9885464	0.09427418836818385	0.00902838	0.00058
-0.1007	0.1431	-0.3348	0.0031293753488258326	0.0001937315469713706	-0.0005148721293383271	1.07847917	25.69846344	0.97262832	0.06403377489976515	0.00948757	0.00045
-0.1054	0.1738	-0.3718	0.0031223940318178558	0.0002530727415391778	-0.000439822971502571	1.11534238	26.57685471	0.99428876	0.07946858347057704	0.0107191	0.00062
-0.1018	0.0982	-0.3665	0.00318871654339364	0.00034208453339088857	-0.0005340707511102648	1.10140777	26.24481583	0.99261211	0.09697910415175946	0.0094108	0.00033
-0.0943	0.0966	-0.3278	0.0029618237406343773	0.00026354471705114377	-0.0005148721293383271	1.06652248	25.41355515	0.97181656	0.06403156204354726	0.0087027	0.00037
-0.0983	0.1276	-0.3213	0.00285012266850674	0.00017802358370342162	-0.0005288347633542819	1.04334581	24.86128998	0.94684462	0.0520592419745657	0.00913364	0.00045
-0.1021	0.0882	-0.333	0.002659881780039358	0.00012740903539558605	-0.0005113814708343385	1.32535362	31.58109474	0.98934091	0.06781543646475807	0.00945604	0.0007
-0.105	0.1234	-0.3601	0.0028658306317746896	0.00026878070480712676	-0.0005044001538263612	1.1362009	27.07388115	0.97244968	0.08291509190774243	0.0099383	0.00072
-0.0962	0.0216	-0.3222	0.002879793265790644	0.00028274333882308137	-0.0005689773361501514	1.21562135	28.96634674	1.00499775	0.15312512251778496	0.00867689	0.00039
-0.1	0.1029	-0.3185	0.0030002209841782524	0.0002024581932313422	-0.0004520402762665313	1.14080977	27.18370438	0.97786173	0.10468249619314836	0.00867194	0.00032
-0.1064	0.1058	-0.3499	0.002935643801854462	0.00023911010752322313	-0.0005654866776461627	1.13662851	27.08407211	0.98464583	0.051433774899765104	0.00927818	0.00055
-0.1027	0.0448	-0.3463	0.002921681167838507	0.00027576202181510406	-0.0005445427266222308	1.10023832	26.21695137	0.97690029	0.07187792496658839	0.00901431	0.00051
-0.0974	0.027	-0.325	0.002960078411382383	0.0001605702911834783	-0.0004921828490624009	1.11985433	26.68436813	0.9892157	0.05469744258676656	0.00868833	0.00054
-0.1065	0.0757	-0.3289	0.002939134460358451	0.00020943951023931956	-0.0004974188368183839	1.10315084	26.28635216	0.97873011	0.06545245789178783	0.0087021	0.00029
-0.1087	0.1589	-0.3459	0.0026529004630313807	0.00017278759594743863	-0.0005619960191421741	1.12061453	26.70248222	0.98991809	0.12177315469713704	0.00983346	0.00054
-0.1046	0.0995	-0.3534	0.002782054827678961	0.00011519173063162575	-0.000710349005561692	1.11091602	26.47138405	0.98174137	0.08775516081914558	0.00964433	0.00055
-0.099	0.0549	-0.3216	0.0028605946440187057	0.0001605702911834783	-0.0006981317007977319	1.07243633	25.55447197	0.97081153	0.08880678408277785	0.00880396	0.00034
-0.0994	0.0867	-0.3235	0.002895501229058593	9.075712110370512e-05	-0.0006859143960337716	1.18603635	28.26138115	0.95651181	0.03994685299418104	0.00911248	0.00028
-0.1075	0.1538	-0.3363	0.0026930430358272505	0.00014137166941154068	-0.0005707226654021458	1.22012329	29.07361984	0.99689605	0.10641322360854016	0.00982845	0.00048
-0.1072	0.0716	-0.3625	0.0027995081201989047	0.0002583087292951608	-0.0005358160803622592	1.16483629	27.75621796	0.99764326	0.12161543646475804	0.00951648	0.00044
-0.1006	0.0144	-0.3248	0.002834414705238791	0.00020769418098732522	-0.000577703982410123	1.16565347	27.77569008	0.98562566	0.1078704517697793	0.00929213	0.00047
-0.1008	0.037	-0.3261	0.0029775317039023265	0.0002652900463031381	-0.0005707226654021458	1.18998969	28.3555851	0.99523953	0.03448470904936631	0.00889516	0.00066
-0.1111	0.1167	-0.3338	0.002583087292951608	0.0003473205211468716	-0.0003682644721708035	1.21051788	28.84473801	1.02154176	0.13164665395128972	0.00933671	0.00056
-0.11	0.1074	-0.3585	0.0026755897433073067	0.00039968039870670147	-0.0004537856055185257	1.13193989	26.97234917	0.99295889	0.046619173063162545	0.00975245	0.00043
-0.1027	-0.0083	-0.3163	0.0027104963283471934	0.00028274333882308137	-0.00046949356878647465	1.18125641	28.14748383	1.03408347	0.17357758040957275	0.00888431	0.00045
-0.102	0.1325	-0.3077	0.0028623399732707008	0.00022689280275926284	-0.0004921828490624009	1.17819726	28.07458878	1.0382649	0.16161917306316265	0.0093078	0.0004
-0.1068	0.1384	-0.3016	0.0024120450262561633	0.00017453292519943296	-0.0003647738136668148	1.2219919	29.1181469	0.97033311	0.04830319299849766	0.00953567	0.00056
-0.1085	0.0893	-0.3275	0.002464404903815993	0.00027576202181510406	-0.00040317105721069014	1.2335608	29.39381599	0.99970746	0.08629931088596883	0.00936222	0.00052
-0.0975	0.0357	-0.3002	0.002457423586808016	0.00022165681500327985	-0.00041538836197465044	1.20290387	28.66330719	0.98201529	0.09556519142918803	0.00882059	0.00052
-0.0925	0.0501	-0.2865	0.002288126649364566	0.00019547687622336493	-0.0002181661564992912	1.19168806	28.39605331	0.97906414	0.052734954084936246	0.00896722	0.00067
-0.1103	0.0878	-0.3128	0.002082177797629235	0.00034208453339088857	-0.0001256637061435917	1.22602046	29.21414185	1.03372665	0.10405294796292776	0.00945544	0.00096
-0.1623	0.0454	-0.3335	0.0018448130193580064	0.000466002910282486	-0.00042411500823462205	1.2174927	29.01093674	1.08859672	0.1480867228626928	0.0107636	0.00238
-0.1977	0.1372	-0.3791	0.002848377339254746	0.00035430183815484887	-0.0006998770300497262	1.27022755	30.26752663	1.14279906	0.242351370691974	0.0156156	0.00618
-0.1287	0.1207	-0.3235	0.0035150931135165793	2.4434609527920616e-05	-0.000640535835481919	1.44922245	34.53269196	1.31184341	0.1938962098728284	0.0114806	0.00171
-0.1182	0.1261	-0.243	0.0015655603390389136	0.00023911010752322313	-0.0002443460952792061	1.33618808	31.83926201	1.19055641	0.2244199006337841	0.0103735	0.00175
-0.1214	0.0533	-0.2383	0.001839577031602023	-0.00019896753472735358	-0.0003595378259108319	1.21010363	28.83486748	1.07221599	0.12206430327226556	0.00945139	0.00139
-0.1281	0.1155	-0.2814	0.0024556782575560214	7.67944870877505e-05	-0.0003665191429188092	1.17246342	27.93796158	1.01116622	0.15694222823885395	0.00911456	0.00094
-0.1066	0.0194	-0.2923	0.0027855454861829498	7.330382858376184e-05	-0.00042411500823462205	1.10777116	26.39644432	1.00041838	0.14804768762233647	0.00929058	0.00091
-0.099	-0.0005	-0.2646	0.0025761059759436306	0.00013439035240356338	-0.0004188790204786391	1.19473839	28.46873856	1.00046484	0.06898810109075519	0.00970089	0.0011
-0.0986	0.0245	-0.2607	0.0027052603405912107	0.0001605702911834783	-0.0004468042885105483	1.17989957	28.11515236	1.00340976	0.03846297857297024	0.00914359	0.00088
-0.102	-0.0092	-0.2654	0.002371902453460294	0.00014137166941154068	-0.0004258603374866164	1.15739214	27.57883644	1.001226	0.06047502299633936	0.00925374	0.00063
-0.107	-0.0499	-0.2971	0.0023788837704682713	0.00019024088846738194	-0.00040317105721069014	1.12228394	26.74226189	0.98201342	0.0813269908169872	0.00933963	0.00051
-0.0989	-0.0469	-0.2522	0.002082177797629235	9.948376736367679e-05	-0.00042935099599060504	1.08551598	25.86613846	0.96993681	0.07668215163613282	0.00952917	0.00059
-0.1017	0.007	-0.25	0.0022497294058206906	-1.7453292519943296e-05	-0.0005096361415823442	1.25252318	29.84565926	0.98728637	0.0771386906833407	0.00901157	0.00055
-0.0978	0.0225	-0.2382	0.0025342180738957666	0.0002373647782712288	-0.0002530727415391778	1.3512547	32.19827652	1.01419245	0.07099350694547073	0.00909179	0.00073
-0.1058	0.0793	-0.3093	0.0026005405854715507	0.00040317105721069014	-0.00030368728984701333	1.25304866	29.858181	1.05043817	0.15003716694115407	0.00899482	0.00067
-0.0991	-0.0422	-0.2681	0.002363175807200322	0.00039793506945470715	-0.0003106686068549907	1.23831415	29.50708008	1.05251674	0.18187910415175948	0.00910479	0.00062
-0.0949	-0.11	-0.2369	0.0022916173078685546	0.0003106686068549907	-0.00029845130209103034	1.14973438	27.39636421	0.99416134	0.1117521133347722	0.0108443	0.00105
-0.0965	-0.0193	-0.2354	0.002235766771804736	0.00017802358370342162	-0.0003385938748868999	1.14610922	27.3099823	1.01422032	0.10523190660056286	0.00871241	0.00062
-0.1045	0.0582	-0.2813	0.0022043508452688383	0.0002478367537831948	-0.00021642082724729686	1.11851203	26.6523838	0.9980141	0.14257010721276367	0.00848562	0.00045
-0.1059	-0.0291	-0.2749	0.002237512101056731	0.00039793506945470715	-0.0002007128639793479	1.09975088	26.20533562	0.99791432	0.10504837673636772	0.0093118	0.00043
-0.0974	-0.0642	-0.2324	0.0020682151636132805	0.00023212879051524583	-0.00022165681500327985	1.08971035	25.96608543	0.98937284	0.10390235837034215	0.0100992	0.00069
-0.0997	-0.0607	-0.2402	0.002131047016685076	0.00019198621771937622	-0.00035081117965086024	1.08414531	25.83347893	0.94808812	0.02520643952576228	0.0104217	0.00076
-0.0994	0.0614	-0.2668	0.0023457225146803788	3.490658503988659e-05	-0.0005218534463463045	1.59145582	37.92189026	1.06276547	0.1761398698685118	0.00964934	0.00102
-0.1025	-0.0014	-0.2924	0.0024015730507441976	0.00023387411976724014	-0.0004328416544945937	1.30622053	31.12518311	1.00495752	0.10869149313214418	0.00934023	0.00054
-0.1018	-0.0799	-0.2694	0.0024399702942880727	0.00024609142453120044	-0.00043458698374658803	1.27882028	30.47227859	1.02009158	0.10481799387799148	0.0102517	0.00073
-0.1041	-0.0765	-0.2582	0.0024818581963359366	0.00029321531433504735	-0.0003612831551628262	1.16828203	27.8383255	0.99849	0.02501578102177361	0.00998318	0.00067
-0.1061	-0.0231	-0.252	0.0022218041377887812	0.00022165681500327985	-0.00041015237421866745	1.13940442	27.15021706	0.98934112	0.0806240888467382	0.00868624	0.00037
-0.1088	0.0205	-0.2659	0.002237512101056731	0.0001239183768915974	-0.0005340707511102648	1.13568246	27.06152725	0.97093036	0.07206823891356147	0.00842917	0.00034
-0.1082	-0.0654	-0.2737	0.0022270401255447643	0.0002740166925631097	-0.0004537856055185257	1.33038688	31.70102882	1.00151201	0.10634277183876086	0.010254	0.00081
-0.0999	-0.1078	-0.2415	0.002040289895581371	9.599310885968811e-05	-0.00047822021504644627	1.23254657	29.36964798	0.99619515	0.10236042115973679	0.0117015	0.00114
-0.1023	0.0184	-0.252	0.002022836603061428	0.0001064650843716541	-0.0004572762640225143	1.38703537	33.0508728	1.07440246	0.14154346095279202	0.00972593	0.00052
-0.1146	0.069	-0.2932	0.0019181168479417679	0.00022165681500327985	-0.0005148721293383271	1.18733597	28.29235077	1.0415321	0.11797536755335496	0.00860721	0.00052
-0.1084	-0.0683	-0.2776	0.002040289895581371	0.0002722713633111154	-0.0003682644721708035	1.20695341	28.75980186	1.04802238	0.17506976265574814	0.0100948	0.00063
-0.1041	-0.0767	-0.2611	0.0024015730507441976	0.00028274333882308137	-0.0003892084231947355	1.13871336	27.13374901	0.98897497	0.048834954084936245	0.0101406	0.0007
-0.116	0.0741	-0.2825	0.0026965336943312393	0.0003089232776029963	-0.000445058959258554	1.1911478	28.38317871	1.06231925	0.20294955592153877	0.00800055	0.00034
-0.1198	0.0354	-0.3152	0.002825688058978819	0.000577703982410123	-0.0003717551306747922	1.08083296	25.75455093	0.96762051	0.09876194490192339	0.00843096	0.00034
-0.112	-0.0968	-0.2988	0.0026005405854715507	0.0004799655442984406	-0.00034557519189487725	1.15253997	27.46321678	1.03466039	0.17385329251994325	0.0102912	0.00096
-0.1056	-0.0238	-0.2727	0.002642428487519415	0.00039095375244672985	-0.0003682644721708035	1.10221219	26.26398468	0.99539346	0.11317944870877508	0.00879252	0.00052
-0.1079	0.0644	-0.276	0.002637192499763432	0.00034033920413889426	-0.000450294947014537	1.13863754	27.13194275	0.97832929	0.1006940505453776	0.00839674	0.00029
-0.1179	0.017	-0.2716	0.0025638886711796703	0.0003822271061867582	-0.0004310963252425994	1.33815813	31.88620377	0.98206428	0.06851951762017817	0.00864697	0.00077
-0.122	0.0074	-0.3029	0.00277332818141899	0.000460766922526503	-0.00047123889803846896	1.20783281	28.7807579	0.96603315	0.06140609496874668	0.00875676	0.00051
-0.1107	-0.0059	-0.2674	0.0025778513051956248	0.0003316125578789226	-0.0004974188368183839	1.18820333	28.31301689	0.97988544	0.07764055898254299	0.00904965	0.00047
-0.113	0.0045	-0.2721	0.002649409804527392	0.0003193952531149623	-0.000577703982410123	1.15100837	27.42671967	0.97059536	0.025603047484373306	0.0084182	0.0004
-0.1238	0.0603	-0.302	0.0025918139392115793	0.00034033920413889426	-0.000460766922526503	1.13373959	27.01523209	0.98804579	0.1062738438111682	0.00831312	0.00062
-0.1246	0.0559	-0.3459	0.0028099800957108703	0.0005619960191421741	-0.000466002910282486	1.0678159	25.44437599	0.96494875	0.0713529479629277	0.00885814	0.00044
-0.1147	-0.0438	-0.3013	0.002829178717482808	0.00041538836197465044	-0.0004956735075663896	1.13411736	27.02423477	1.01045276	0.1639738438111682	0.00905603	0.00066
-0.1159	-0.023	-0.2755	0.0029129545215785357	0.00035081117965086024	-0.0005148721293383271	1.06330931	25.33698845	0.95591241	0.056177580409572776	0.00858057	0.00065
-0.1237	0.0439	-0.2918	0.0025603980126756814	0.0003874630939427412	-0.0004677482395344803	1.1328156	26.99321556	0.999778	0.11281661564992908	0.00860649	0.00054
-0.1588	0.0689	-0.333	0.00243473430653209	0.0005201081170943102	-0.0007173303225696694	1.18055701	28.13081932	1.00649064	0.12669454061651747	0.00962973	0.00096
-0.1645	0.0044	-0.3028	0.0025586526834236872	0.0004415683007545654	-0.0008220500776893293	1.12916315	26.90618324	1.00683427	0.1157588974175501	0.00979215	0.00124
-0.1883	-0.0283	-0.2694	0.0013473941825396225	0.0005480333851262194	-0.0007487462491055673	1.21452272	28.94016647	1.06136289	0.15945137069197407	0.0133103	0.00436
-0.1932	0.0313	-0.28	0.0013002702927357754	0.0005270894341022875	-0.0007504915783575615	1.27856672	30.46623421	1.08379301	0.07859065850398873	0.0113471	0.00311
-0.1756	0.0537	-0.271	0.002165953601724963	0.0004258603374866164	-0.0005864306286700947	1.14626682	27.31373596	1.0435898	0.10554866776461629	0.0105391	0.00176
-0.1546	0.0642	-0.2873	0.002389355745980237	0.00034033920413889426	-0.000460766922526503	1.12015855	26.69161797	1.0149121	0.06952934918732939	0.00899535	0.0007
-0.1466	0.0573	-0.3234	0.002389355745980237	0.00041189770347066176	-0.0005358160803622592	1.12891555	26.90028381	0.9788534	0.058330382858376176	0.00913441	0.00058
-0.1391	-0.0573	-0.3078	0.0023596851486963333	0.00032812189937493397	-0.0006003932626860494	1.10722029	26.38331985	1.00184955	0.14660117918517104	0.00991124	0.00072
-0.1345	-0.0666	-0.2917	0.002357939819444339	0.0003001966313430247	-0.0005637413483941684	1.07452118	25.60415077	0.95857285	0.03331612557878923	0.0101506	0.00089
-0.1389	0.06	-0.3169	0.0027331856086231197	0.0003717551306747922	-0.0006998770300497262	1.21334124	28.91201591	1.0712721	0.18534699850830527	0.00911564	0.00034
-0.1409	0.0987	-0.3279	0.0024120450262561633	0.0003717551306747922	-0.0006108652381980154	1.25174344	29.82707787	1.01516526	0.07220761871093338	0.00959134	0.00041
-0.1398	-0.0037	-0.3444	0.0027523842303950577	0.0005497787143782138	-0.000619591884457987	1.15508938	27.52396393	1.0235774	0.14635447170511431	0.00970429	0.00085
-0.1314	-0.0588	-0.3061	0.0028361600344907856	0.0003612831551628262	-0.0006928957130417488	1.08173144	25.77596092	0.96175829	0.11907875959474389	0.0100075	0.00074
-0.1322	0.0467	-0.3108	0.0030508355324860886	0.0003159045946109737	-0.0008185594191853405	1.18583393	28.25655937	1.00337603	0.1302858882345374	0.00908321	0.00063
-0.135	0.0907	-0.3113	0.0031171580440618727	0.00047822021504644627	-0.0008237954069413235	1.21531606	28.95907211	0.99513193	0.05899370598836199	0.00904268	0.00045
-0.1423	0.0571	-0.3469	0.0031799898971336684	0.0004799655442984406	-0.0009093165402890458	1.18555057	28.24980736	0.9817773	0.08400491578357558	0.00952125	0.0007
-0.1402	0.0426	-0.3243	0.0031031954100459182	0.0004363323129985824	-0.0009896016858807848	1.11295199	26.51989746	0.96337345	0.049235643198967394	0.00941736	0.00033
-0.1387	0.0479	-0.3037	0.002909463863074547	0.0003595378259108319	-0.0009861110273767962	1.10270655	26.27576447	0.96228029	0.04110083462815546	0.00901794	0.00048
-0.1398	0.0207	-0.2961	0.002694788365079245	0.0003473205211468716	-0.0008866272600131194	1.08853579	25.938097	0.97223613	0.05221882850614701	0.00889438	0.00065
-0.1444	0.0476	-0.3126	0.002553416695667704	0.00038397243543875244	-0.0009232791743050004	1.09743893	26.15024376	0.96809696	0.058733774899765154	0.00885212	0.00048
-0.143	0.0543	-0.3146	0.0027436575841350863	0.00035081117965086024	-0.0009424777960769379	1.07272589	25.56137085	0.95558455	0.022230038301360604	0.00869143	0.00033
-0.1373	0.0609	-0.2999	0.002698279023583233	0.0002670353755551324	-0.0009250245035569946	1.05481195	25.13451195	0.94879745	0.0343303828583762	0.00880587	0.0004
-0.1377	0.0714	-0.3052	0.0028675759610266834	0.00028274333882308137	-0.0008307767239493009	1.14538538	27.29273415	0.9653944	0.03016263401595466	0.00914913	0.0003
-0.1393	0.0857	-0.3324	0.003113667385557884	0.00041713369122664475	-0.0007853981633974483	1.15965867	27.63284302	0.98465166	0.06439301687433077	0.0095222	0.00052
-0.1331	0.0232	-0.3372	0.00342259066316088	0.00045902159327450867	-0.0008674286382411819	1.16711795	27.81058502	0.99812807	0.09514208272472972	0.00976068	0.00062
-0.1292	0.059	-0.3247	0.003556981015564444	0.0004747295565424576	-0.0007923794804054256	1.21371388	28.92089462	0.98963058	0.06345737367536346	0.00956458	0.00056
-0.1307	0.0735	-0.3244	0.0034243359924128747	0.0004014257279586958	-0.0008220500776893293	1.16582072	27.77967453	0.98333408	0.02808097245096172	0.00918263	0.00055
-0.1453	0.1828	-0.3537	0.0033859387488689996	0.0004799655442984406	-0.0007714355293814937	1.18108535	28.14340782	1.0403046	0.1615775804095728	0.0111877	0.00061
-0.1576	0.1464	-0.4162	0.0036651914291880917	0.0007086036763096977	-0.000900589894029074	1.08071733	25.75179482	0.98864517	0.14305225884889644	0.0119954	0.00062
-0.1532	-0.0028	-0.3698	0.0036215581978882336	0.0006213372137099814	-0.00091106186954104	1.23110044	29.33518791	1.07170388	0.20706858347057705	0.010635	0.0008
-0.1455	0.0422	-0.3387	0.003691371367968007	0.0005480333851262194	-0.000905825881785057	1.07889259	25.7083149	0.97983765	0.09121764932097594	0.00965405	0.00066
-0.1481	0.0877	-0.3378	0.0037350045992678655	0.000486946861306418	-0.000890117918517108	1.07129514	25.52728081	0.97242638	0.055021385919380474	0.00998116	0.00044
-0.1511	0.1903	-0.3512	0.0038030724400956446	0.0004380776422505767	-0.0008674286382411819	1.1443516	27.26810074	1.01723983	0.12598131700797735	0.0113734	0.00067
-0.1534	0.1711	-0.3819	0.004057890510886817	0.0005881759579220891	-0.000900589894029074	1.15433037	27.50587845	0.97249941	0.07410388211252883	0.0118131	0.00063
-0.1444	0.1111	-0.3571	0.003907792195215304	0.0005881759579220891	-0.0008185594191853405	1.11420012	26.54963684	0.97847546	0.10540643952576235	0.0107337	0.00055
-0.1384	0.077	-0.3344	0.003771656513559746	0.0005532693728822024	-0.0007941248096574199	1.21109343	28.85845375	0.9995194	0.07257384381116828	0.0100038	0.00076
-0.1405	0.1048	-0.3359	0.0037646751965517687	0.0006126105674500097	-0.0008360127117052838	1.30028558	30.98376274	1.00849824	0.03681052068118245	0.0103266	0.00069
-0.1474	0.1465	-0.3616	0.003661700770684103	0.0005270894341022875	-0.0008639379797371932	1.1877172	28.30143356	1.01574063	0.08512104136236483	0.0112222	0.00085
-0.143	0.0671	-0.3625	0.003597123588360313	0.0005846852994181004	-0.0008185594191853405	1.1234045	26.76896286	1.01119086	0.09307758040957279	0.0105777	0.00063
-0.1374	0.0566	-0.3355	0.0035081117965086025	0.0005253441048502931	-0.0008185594191853405	1.08872163	25.94252586	0.9787578	0.050517649320975855	0.00995046	0.00096
-0.1376	0.0782	-0.3311	0.0036285395148962112	0.0004747295565424576	-0.0007923794804054256	1.09159017	26.01087761	0.96800987	0.036061110273767995	0.00988406	0.00099
-0.141	0.1308	-0.3318	0.0035499996985564664	0.0004014257279586958	-0.000879645943005142	1.14901471	27.37921333	0.98525195	0.06865550537616111	0.0106223	0.00094
-0.1395	0.1887	-0.3869	0.0039287361462392355	0.00046425758103049166	-0.0008517206749732328	1.2708714	30.28286934	1.02977201	0.13797467843932373	0.0126309	0.00117
-0.1479	0.0971	-0.3951	0.003925245487735247	0.0005759586531581287	-0.0008848819307611251	1.15831316	27.60078239	1.00256847	0.11561764932097585	0.0114207	0.00065
-0.148	0.0994	-0.3762	0.004180063558526419	0.00047647488579445195	-0.0009372418083209549	1.06628168	25.40781593	0.96910022	0.041633085785733936	0.0109817	0.00052
-0.1523	0.193	-0.3713	0.004349360495969869	0.0005864306286700947	-0.0009930923443847736	1.20061815	28.60884285	1.01703687	0.11955516081914556	0.0123519	0.00065
-0.1584	0.2718	-0.4184	0.004684463712352781	0.0007679448708775049	-0.0008970992355250854	1.20230985	28.64915466	1.03173672	0.16263052837250047	0.0163442	0.00129
-0.1626	0.2	-0.4469	0.0048939032225921	0.0008028514559173916	-0.0009878563566287904	1.11000586	26.44969368	1.00091708	0.12125516081914552	0.0151867	0.00085
-0.1604	0.1242	-0.4235	0.0047577675409365425	0.0007592182246175333	-0.0009965830028887623	1.12975907	26.92038345	0.99355112	0.11082477796076944	0.0125539	0.00091
-0.1476	0.122	-0.3859	0.004714134309636684	0.0008552113334772215	-0.0008587019919812101	1.15985	27.63740158	1.00985434	0.06647536755335487	0.0113524	0.00066
-0.1367	0.2363	-0.3958	0.005115560037595381	0.0008639379797371932	-0.000635299847725936	1.23217547	29.36080551	1.06162974	0.1667777259236971	0.0143105	0.00106
-0.1499	0.2768	-0.4503	0.005131268000863328	0.0009704030641088471	-0.000731292956585624	1.19744551	28.53324509	1.01583646	0.11910830782496444	0.017213	0.00133
-0.1484	0.113	-0.4211	0.004825835381764321	0.0009878563566287904	-0.0007033676885537148	1.27154899	30.29901505	1.1041923	0.21204055898254295	0.0121409	0.00048
-0.1406	0.1716	-0.3777	0.004687954370856769	0.0008482300164692441	-0.0007487462491055673	1.09370792	26.06134033	0.97956735	0.12594429558094755	0.0118577	0.00051
-0.1355	0.1399	-0.3694	0.004773475504204492	0.0007819075048934597	-0.0007504915783575615	1.56817424	37.36712646	1.00855877	0.05277944870877503	0.012485	0.00132
-0.1401	0.1475	-0.3673	0.0046530477858168825	0.0007086036763096977	-0.0008150687606813518	1.4933629	35.58449173	1.02545925	0.02721543646475805	0.0119572	0.00055
-0.1493	0.1888	-0.4049	0.004537856055185257	0.0007766715171374765	-0.000921533845053006	1.21103907	28.85715866	1.01213062	0.10258623279155286	0.0130861	0.00072
-0.1464	0.1533	-0.3863	0.004551818689201211	0.0007452555906015787	-0.0009669124056048585	1.10260451	26.2733326	0.98597082	0.06153785605518519	0.0118914	0.0007
-0.1414	0.1687	-0.3583	0.004544837372193235	0.0006161012259539982	-0.00102799892942466	1.09050655	25.98505783	0.98087188	0.058261110273767874	0.0117512	0.00058
-0.147	0.1558	-0.3503	0.004537856055185257	0.0005759586531581287	-0.0010262536001726657	1.03710282	24.71253014	0.95819563	0.02894346095279208	0.0108948	0.00072
-0.1502	0.2325	-0.3795	0.00451865743341332	0.0005864306286700947	-0.0010663961729685354	1.07527244	25.62205315	0.98765015	0.11259065850398868	0.0131976	0.00099
-0.1491	0.2239	-0.3842	0.004577998627981126	0.0005846852994181004	-0.0010786134777324957	1.03890026	24.75536156	0.96608062	0.018065191429188047	0.0131918	0.0007
-0.1434	0.1377	-0.3474	0.004375540434749784	0.0004537856055185257	-0.0011065387457644049	1.10672593	26.37154007	1.01410309	0.14676415775814133	0.0105948	0.00045
-0.1434	0.1772	-0.3532	0.004543092042941239	0.0004468042885105483	-0.0011309733552923255	1.09763777	26.15498352	0.96765289	0.05524837673636772	0.0116121	0.0004
-0.1432	0.244	-0.3675	0.004427900312309613	0.00034208453339088857	-0.0009913470151327792	1.37971509	32.87644196	1.00208331	0.09927689129554158	0.0137641	0.00118
-0.148	0.2201	-0.3974	0.004546582701445229	0.0005201081170943102	-0.0010349802464326373	1.18311417	28.19175148	1.0011546	0.07561696020694474	0.0139087	0.00094
-0.1393	0.1254	-0.3489	0.004347615166717875	0.0005689773361501514	-0.0010245082709206715	1.2751931	30.38584709	1.03658627	0.164815436464758	0.0109835	0.00056
-0.1349	0.1392	-0.3323	0.004201007509550351	0.0005113814708343385	-0.0010088003076527223	1.16453898	27.74913406	0.98040961	0.04579557428756426	0.0106195	0.00085
-0.1433	0.1853	-0.3475	0.004066617157146788	0.00038397243543875244	-0.0009721483933608416	1.12326312	26.76559448	0.99349187	0.08462256510455153	0.0114511	0.00076
-0.1466	0.1833	-0.3712	0.0041381756564785556	0.00048171087355043494	-0.000973893722612836	1.08318841	25.81067848	0.9735937	0.03755211333477224	0.011978	0.00077
-0.146	0.1191	-0.3534	0.0039898226700590365	0.0004049163864626844	-0.0009023352232810684	1.11789429	26.63766479	1.00379693	0.09743529864195184	0.0103704	0.00065
-0.1596	0.2126	-0.3655	0.0039514254265151615	0.0005619960191421741	-0.0007295476273336296	1.16298544	27.71211433	1.02419099	0.1376132236085402	0.0124756	0.00063
-0.1571	0.1931	-0.3893	0.003981096023799066	0.0006894050545377602	-0.0006475171524898963	1.23340607	29.39012718	0.9800258	0.0577555053761612	0.0126953	0.00078
-0.1615	0.1092	-0.3263	0.003214896482173555	0.000921533845053006	-0.000312413936106985	1.45324481	34.62854004	1.13668034	0.21797157742618337	0.0115576	0.00136
-0.1363	0.0758	-0.2658	0.003316125578789226	0.0007958701389094143	-0.00034557519189487725	1.56807542	37.3647728	1.14574863	0.1321027029273577	0.0101963	0.00102
-0.1232	0.13	-0.1775	0.0031049407392979124	0.0004014257279586958	-0.0003054326190990077	1.38684404	33.04631424	1.13179874	0.18788859116189505	0.0111307	0.00193
-0.0973	0.3069	-0.0308	0.0030490902032340936	-0.00024609142453120044	-0.0001012290966156711	1.47284341	35.09554291	1.33315471	0.39487856055185255	0.0198762	0.01411
-0.1319	0.2924	-0.1165	0.003935717463247213	0.000905825881785057	-0.0005026548245743669	1.30743027	31.15400887	1.204848	0.2567985147144036	0.017882	0.00809
-0.1174	0.1975	-0.1262	0.003961897402027128	0.0010035643198967395	-0.0005270894341022875	1.26210392	30.07395363	1.09317295	0.12651764932097587	0.0143999	0.00314
-0.1143	0.1579	-0.1122	0.0036285395148962112	0.0011152653920243766	-0.00021642082724729686	1.10646713	26.3653717	0.99553764	0.09448637830567724	0.0137935	0.0027
-0.1172	0.1304	-0.1335	0.003717551306747922	0.0011152653920243766	-0.0002600540585471551	1.14716101	27.33504486	0.98928204	0.05833225115757849	0.0132493	0.00204
-0.1133	0.1902	-0.1303	0.0038536869884034796	0.0010838494654884787	-0.00028099800957108706	1.13601768	27.06951714	0.98991011	0.07632477796076939	0.0136966	0.0025
-0.1177	0.1178	-0.1285	0.003438298626428829	0.0007627088831215222	-0.0004520402762665313	1.33359218	31.77740669	1.07228252	0.12397856055185257	0.013883	0.0029
-0.1214	0.0847	-0.1447	0.0030752701420140084	0.0005253441048502931	-0.0004921828490624009	1.33472061	31.80429459	1.09462685	0.08502679177409597	0.0122843	0.00147
-0.1123	0.2158	-0.1409	0.003771656513559746	0.0007504915783575615	-0.0004206243497306334	1.19371772	28.44441605	1.07452831	0.19365461721923863	0.0145612	0.00333
-0.1041	0.1195	-0.1242	0.004070107815650777	0.0006108652381980154	-0.000486946861306418	1.08233762	25.79040337	1.00927231	0.14642000769131808	0.0137843	0.00224
-0.1001	0.034	-0.0963	0.004073598474154764	0.00048171087355043494	-0.0003630284844148205	1.07230401	25.55131912	1.01305599	0.13022817000215828	0.0149069	0.00373
-0.1089	0.1501	-0.1768	0.004286528642898074	0.0005113814708343385	-0.00021467549799530252	1.19602823	28.49947166	1.12022787	0.22494768762233655	0.0127008	0.00195
-0.1078	0.1206	-0.2183	0.0040561451816348215	0.000757472895365539	-0.00019547687622336493	1.08861625	25.94001389	1.01140085	0.0968836753783195	0.0110152	0.00113
-0.1213	0.063	-0.1824	0.004019493267342941	0.0006736970912698113	-0.0003473205211468716	1.11707747	26.6182003	1.0160412	0.12061356816555573	0.0117656	0.0022
-0.106	0.0616	-0.2331	0.0038798669271833948	0.0009128071987930344	-8.726646259971648e-05	1.20132351	28.62565231	1.06556419	0.09933952531149624	0.0123904	0.00194
-0.0931	0.2151	-0.288	0.005534439058074019	0.0011344640137963143	0.0001064650843716541	1.46583688	34.92858887	1.21465995	0.32479802464326374	0.0145782	0.00216
-0.1068	0.3037	-0.3456	0.0059690260418206065	0.0012723450247038664	2.268928027592628e-05	1.18238437	28.17436028	1.05955942	0.19271218993749345	0.0180722	0.00323
-0.0908	0.1247	-0.3152	0.005553637679845957	0.0012618730491919003	-1.3962634015954635e-05	1.30070961	30.99386597	1.1446357	0.2485256125889249	0.0120794	0.00091
-0.0786	0.0175	-0.2285	0.00462337718853298	0.0009948376736367678	5.4105206811824215e-05	1.19937825	28.57929993	1.06092919	0.2693681853847944	0.0108795	0.00092
-0.0864	0.1266	-0.2619	0.004897393881096089	0.0008464846872172499	8.726646259971648e-06	1.2967	30.89832306	1.08883942	0.17368741197672397	0.0112824	0.00118
-0.0972	0.1715	-0.2909	0.004461061568097506	0.000973893722612836	0.0001361356816555577	1.22377205	29.16056442	1.03641248	0.11925751918948777	0.0112095	0.00076
-0.1004	0.0248	-0.2932	0.004494222823885398	0.0013194689145077131	0.00015009831567151235	1.21491086	28.94941521	1.06013258	0.17183495408493626	0.0099265	0.00067
-0.0835	0.001	-0.2352	0.0042324234360862495	0.0011571532940722405	0.00011519173063162575	1.16100979	27.66503716	0.98808661	0.1216510796637254	0.00989246	0.00092
-0.0788	0.0779	-0.2199	0.0042882739721500675	0.0010070549784007281	1.7453292519943296e-05	1.10509408	26.33265495	0.98315573	0.11208436449235062	0.00997931	0.00076
-0.09	0.1225	-0.275	0.004689699700108763	0.0008464846872172499	-0.00030368728984701333	1.15776086	27.58762169	1.00551408	0.1550568300754565	0.0106496	0.0005
-0.1081	0.2615	-0.3668	0.005229006438975011	0.000783652834145454	-0.00023212879051524583	1.36785626	32.59386444	1.11764163	0.28258485456349064	0.0153558	0.00127
-0.1346	0.3045	-0.4774	0.005689773361501514	0.0013648474750595659	-0.00019024088846738194	1.23158836	29.34681511	1.09302778	0.23429247327442387	0.0206624	0.00306
-0.1275	0.1214	-0.405	0.005157447939643243	0.00124965574442794	-0.00024260076602721178	1.30899882	31.19138527	1.15068994	0.2975938515024863	0.0127115	0.00091
-0.1228	0.0894	-0.3721	0.005202826500195096	0.0010890854532444615	-0.00022340214425527416	1.11085713	26.46998024	0.9800335	0.08085737367536347	0.011391	0.0008
-0.1271	0.1668	-0.3825	0.005536184387326013	0.0011431906600562858	-0.0002844886680750757	1.1657486	27.77795792	1.00409913	0.11452748088812714	0.0128767	0.00069
-0.1374	0.3071	-0.4196	0.005677556056737554	0.0012636183784438947	-0.0001256637061435917	1.27923584	30.48217964	1.0864239	0.20873121748653167	0.0191287	0.00209
-0.1238	0.1565	-0.4153	0.0056374134839416844	0.0014782938764391971	2.6179938779914945e-05	1.21611786	28.97817612	1.07319665	0.1888330857857339	0.0140796	0.00085
-0.1207	0.1319	-0.3838	0.005396558047166466	0.001282817000215832	-2.4434609527920616e-05	1.14153099	27.20088959	0.99687629	0.08354734306532098	0.0121748	0.0008
-0.1268	0.2006	-0.3939	0.00544193660771832	0.0012252211349000194	-8.028514559173915e-05	1.10531247	26.33786011	0.9972092	0.09284124809657424	0.0137975	0.00091
-0.1298	0.2734	-0.432	0.00574038790980935	0.0013735741213195373	-8.203047484373349e-05	1.13375914	27.01569748	1.0039957	0.13632748088812713	0.0173257	0.0014
-0.1265	0.136	-0.4035	0.005462880558742251	0.0013997540600994523	-6.108652381980153e-05	1.14773357	27.34868813	1.04939274	0.1854315620435472	0.01299	0.00074
-0.1197	0.1772	-0.3729	0.005366887449882563	0.0012618730491919003	-7.155849933176751e-05	1.09129775	26.00391006	0.99322947	0.09081730476396029	0.0126861	0.00062
-0.1221	0.1602	-0.3737	0.005241223743738971	0.0010367255756846318	-9.948376736367679e-05	1.09713626	26.14303398	0.97024809	0.03913682238413846	0.0124174	0.00058
-0.1244	0.2995	-0.4075	0.005537929716578008	0.0012356931104119853	-2.268928027592628e-05	1.63760889	39.02164459	1.09662127	0.20402339973270703	0.0184482	0.00238
-0.1174	0.1849	-0.3791	0.005564109655357922	0.001192059879112127	-6.45771823237902e-05	1.29597712	30.88109779	1.06644666	0.15558505360638175	0.0140899	0.00158
-0.1101	0.1244	-0.3511	0.005398303376418462	0.0011693705988362008	-4.71238898038469e-05	1.41091537	33.61989594	1.03803419	0.10609744258676646	0.0122326	0.00078
-0.1113	0.1537	-0.3503	0.005298819609054784	0.0011641346110802177	-0.0001291543646475804	1.1933372	28.43535042	1.00590118	0.04063751149816974	0.0120025	0.00083
-0.12	0.2629	-0.3661	0.005110324049839397	0.0010873401239924673	-0.0001361356816555577	1.17181182	27.92243385	1.0371503	0.1473135681655557	0.0147407	0.00124
-0.1259	0.2218	-0.3905	0.005174901232163186	0.0011711159280881952	-0.00028797932657906436	1.10030043	26.21842957	0.99219411	0.08640983156715126	0.0141063	0.00085
-0.118	0.079	-0.3479	0.005206317158699085	0.0010122909661567112	-0.00032637657012293966	1.21626651	28.98171997	1.07073835	0.20473190660056292	0.0112026	0.00077
-0.1109	0.1985	-0.3497	0.00554665636283798	0.0010192722831646884	-0.00032637657012293966	1.16949415	27.86720848	1.05023758	0.1457660260573436	0.0136424	0.00095
-0.1077	0.3164	-0.3969	0.006077236455444256	0.0005532693728822024	-0.0005358160803622592	1.31519055	31.33892441	1.16470642	0.228601125656404	0.0206294	0.00581
-0.1435	0.2415	-0.3736	0.005384340742402506	0.000853466004225227	-0.0006230825429619757	1.46222234	34.84246063	1.20645186	0.18801794034922453	0.0157592	0.00244
-0.1613	0.1422	-0.3446	0.004480260189869444	0.0008063421144213803	-0.0004991641660703782	1.40551686	33.49125671	1.18674284	0.1998561409614253	0.0146923	0.00439
-0.1404	0.1545	-0.3452	0.004283037984394084	0.000757472895365539	-0.0001832595714594046	1.26795256	30.21331596	1.09150778	0.0618998009571087	0.0118608	0.0014
-0.1093	0.1557	-0.2811	0.005080653452555493	0.0008464846872172499	-0.00018151424220741024	1.22619224	29.21823502	1.08770547	0.14081862946325568	0.0116412	0.00111
-0.1063	0.0785	-0.301	0.004808382089244378	0.0007993607974134029	-0.0001361356816555577	1.11476958	26.56320572	1.02341264	0.11833869068334069	0.0101349	0.00073
-0.1057	0.2216	-0.3599	0.005506513790042109	0.0009180431865490173	-0.0001675516081914556	1.19065249	28.37137604	1.06227369	0.24501150082346207	0.0134981	0.00087
-0.1009	0.1877	-0.3959	0.005431464632206353	0.0008115781021773631	-0.00026878070480712676	1.07318413	25.57229042	0.97162604	0.08883716694115405	0.0133553	0.00096
-0.0916	0.0933	-0.3257	0.0050893800988154655	0.0009512044423369096	-0.00011693705988362007	1.12987745	26.92320251	1.03834406	0.20557772592369705	0.010869	0.00067
-0.0905	0.0784	-0.3127	0.004907865856608054	0.0008203047484373349	-5.759586531581287e-05	1.14649618	27.31920242	0.97938616	0.04758775653373967	0.0100101	0.00069
-0.0934	0.1462	-0.3236	0.004834562028024293	0.000879645943005142	-5.061454830783555e-05	1.23784459	29.49589157	1.01082335	0.08858131700797733	0.0108002	0.00066
-0.1066	0.1968	-0.3689	0.004991641660703782	0.000932005820564972	-0.0002129301687433082	1.18908024	28.3339119	1.01672774	0.12768775653373962	0.0122977	0.00056
-0.1017	0.1012	-0.3415	0.004937536453891958	0.0008412486994612669	-0.0002600540585471551	1.17491031	27.99626732	1.02758293	0.13749931088596878	0.00996834	0.00048
-0.0743	0.0449	-0.2797	0.003577924966588375	0.0005515240436302081	-0.00012217304763960306	1.20372641	28.68290901	1.05437569	0.23486085770210968	0.00834745	0.00051
-0.0644	0.0441	-0.2733	0.0033353242005611634	0.0005567600313861911	7.504915783575618e-05	1.11022031	26.45480537	0.97752529	0.03935294796292772	0.00823253	0.00048
-0.0758	0.0969	-0.3125	0.0035238197597765512	0.0006056292504420323	-4.71238898038469e-05	1.15073347	27.42016983	0.97580665	0.1213768912955416	0.00880754	0.00039
-0.0738	-0.0114	-0.2906	0.0037751471720637348	0.0006998770300497262	-0.0001239183768915974	1.08917987	25.95344353	0.99160292	0.1533184839491314	0.00935912	0.00076
-0.0662	-0.0221	-0.2682	0.003961897402027128	0.000582939970166106	-0.00011519173063162575	1.04607332	24.92628288	0.95373272	0.05632069680534931	0.00949216	0.00061
-0.0741	0.0442	-0.3089	0.0044628068973495	0.000661479786505851	-6.45771823237902e-05	1.12971842	26.91941452	0.99561044	0.14640319299849763	0.00931633	0.00069
-0.0894	0.1794	-0.3687	0.005202826500195096	0.0008377580409572782	-0.0001291543646475804	1.26075292	30.04175949	1.07284556	0.2593437519810407	0.0120326	0.0008
-0.0933	0.1259	-0.389	0.0053162729015747276	0.0008936085770210966	-0.00017802358370342162	1.08302295	25.80673409	0.97458167	0.08860830782496454	0.0115767	0.00044
-0.0828	0.1051	-0.3271	0.00495848040491589	0.0008377580409572782	-0.00012042771838760874	1.12762141	26.8694458	0.98737049	0.11676194490192345	0.010022	0.00058
-0.0797	0.0812	-0.3033	0.004731587602156627	0.00046949356878647465	-0.00043458698374658803	1.1479665	27.3542366	0.99137668	0.09626582701445228	0.00947946	0.00045
-0.082	0.1275	-0.328	0.0046582837735728655	0.0003612831551628262	-0.0004206243497306334	1.1562984	27.55277443	1.00020715	0.08307384381116825	0.0100706	0.00072
-0.0857	0.1537	-0.3528	0.0045971972497530645	0.0006422811647339132	-0.00026354471705114377	1.10496736	26.32963562	0.98186706	0.07965820830351886	0.010809	0.00059
-0.083	0.0257	-0.3126	0.004433136300065597	0.000609119908946021	-0.00015009831567151235	1.14788616	27.35232162	1.04947284	0.1864334303427496	0.00939155	0.00061
-0.0808	0.0169	-0.3101	0.00447851486061745	0.0005969026041820607	-0.00016231562043547262	1.04337871	24.86207581	0.96474046	0.01699065850398868	0.00925952	0.00062
-0.0793	0.1082	-0.3188	0.004270820679630125	0.0004625122517784973	-0.00019198621771937622	1.09732032	26.14741898	0.99425068	0.1200877565337396	0.00919849	0.00058
-0.0861	0.1002	-0.3502	0.004590215932745087	0.0005794493116621174	-0.0002495820830351891	1.10673368	26.37172508	0.95831206	0.07089640891571981	0.00955713	0.00034
-0.0824	0.0055	-0.3163	0.0044924774946334045	0.0005113814708343385	-0.00020943951023931956	1.11620152	26.59732819	0.9926393	0.14259744258676652	0.00968188	0.00054
-0.088	0.1027	-0.3231	0.004642575810304917	0.00041713369122664475	-0.0004747295565424576	1.24762213	29.72887421	1.00581562	0.13508180707911718	0.0100981	0.00089
-0.0897	0.2275	-0.3568	0.004694935687864747	0.0002897246558310587	-0.0004433136300065597	1.32842004	31.65416145	1.06645572	0.17075924197456563	0.0129958	0.00083
-0.0917	0.1165	-0.3857	0.004633849164044945	0.0005183627878423159	-0.0003316125578789226	1.14911962	27.38171387	1.02987253	0.1619712863979348	0.0111964	0.00058
-0.086	0.0227	-0.3421	0.004543092042941239	0.0005358160803622592	-0.0003892084231947355	1.1318562	26.97035408	1.0050418	0.15139031394697308	0.0101143	0.00076
-0.0819	0.0825	-0.3162	0.004379031093253773	0.0003717551306747922	-0.0003682644721708035	1.06949723	25.48443794	0.95446434	0.10725329251994332	0.00938648	0.0005
-0.0825	0.1505	-0.3223	0.004324925886441949	0.00026354471705114377	-0.0003577924966588376	1.08195436	25.78127289	0.97964479	0.08333937979737192	0.0102083	0.00062
-0.0952	0.1738	-0.3494	0.00445058959258554	0.0005672320068981572	-0.00029496064358704166	1.06933165	25.48049355	0.99100658	0.08770914245312006	0.0111569	0.00059
-0.0871	0.0268	-0.3421	0.0045588000062091886	0.0005183627878423159	-0.00039095375244672985	1.1541388	27.50131416	1.05981163	0.17505363707695887	0.00952852	0.00056
-0.0863	0.0735	-0.3237	0.004546582701445229	0.0004729842272904633	-0.00039968039870670147	1.0801779	25.73894119	0.96833802	0.06921612557878921	0.00938123	0.00055
-0.0921	0.1381	-0.3324	0.004815363406252355	0.0004677482395344803	-0.00042935099599060504	1.14643908	27.31784058	0.99361517	0.09428436449235064	0.0103303	0.00066
-0.0945	0.1105	-0.3424	0.0046582837735728655	0.000445058959258554	-0.00047123889803846896	1.1374799	27.10435867	0.98136606	0.051082840750164	0.00980258	0.0005
-0.0927	0.0751	-0.3429	0.004763003528692525	0.00039269908169872416	-0.0005305800926062762	1.10963547	26.44086838	0.97807503	0.048521041362364806	0.00973356	0.00051
-0.0956	0.1656	-0.3486	0.004972443038931845	0.0003944444109507184	-0.0005113814708343385	1.23025477	29.31503677	0.99986604	0.11061917306316262	0.0112059	0.00056
-0.1042	0.2144	-0.3639	0.005082398781807488	0.0006038839211900379	-0.00042760566673861073	1.12618053	26.83511162	0.9754623	0.09285855286053453	0.0128884	0.00087
-0.1106	0.2306	-0.427	0.005393067388662479	0.0007819075048934597	-0.0003473205211468716	1.21248043	28.89150238	1.0062738	0.11414886680750756	0.0154063	0.00094
-0.1086	0.0958	-0.4458	0.005412266010434416	0.0007661995416255106	-0.0003612831551628262	1.16038156	27.65006828	1.04527123	0.15804346095279206	0.0133916	0.00088
-0.1029	0.0996	-0.4014	0.0054873151682701725	0.0007487462491055673	-0.0003438298626428829	1.11729884	26.62347412	0.97449835	0.059397787143782126	0.0120949	0.00081
-0.1016	0.1984	-0.3968	0.005649630788705644	0.0007330382858376184	-0.000317649923862968	1.09441042	26.07808113	0.99241805	0.11491017612416676	0.0135995	0.00055
-0.1134	0.2622	-0.4356	0.005590289594137836	0.0005113814708343385	-0.0003944444109507184	1.14566648	27.29943085	0.99698315	0.1322896248329419	0.0167004	0.00121
-0.136	0.2426	-0.5747	0.005991715322096533	0.0008098327729253688	-0.00020769418098732522	1.19555628	28.48822594	1.09443934	0.225631363000656	0.0230909	0.00385
-0.1623	0.1101	-0.7146	0.0060405845411523745	0.0012845623294678264	0.00018151424220741024	1.25181472	29.82877731	1.15895202	0.3443403599396518	0.0297871	0.01398
-0.1636	0.1335	-0.6712	0.005757841202329294	0.0014870205226991688	0.0001937315469713706	1.1591146	27.61987877	1.0466618	0.09297094184091918	0.0263869	0.00698
-0.1566	0.1899	-0.631	0.005949827420048669	0.0013596114873035826	0.00029496064358704166	1.16842401	27.84170723	1.03619242	0.12463121748653166	0.0251438	0.0053
-0.1486	0.2123	-0.6045	0.005787511799613196	0.0012112585008840647	0.00023212879051524583	1.13481164	27.04077721	1.01099968	0.07557502299633924	0.0233644	0.00387
-0.146	0.1473	-0.5867	0.0056985000077614855	0.0012007865253720988	9.42477796076938e-05	1.12253487	26.74824142	1.0099218	0.09726823891356147	0.0204995	0.00264
-0.1371	0.2145	-0.55	0.00585732496969297	0.0009983283321407565	-2.6179938779914945e-05	1.28376317	30.59005928	1.01470217	0.13688554367752173	0.0207377	0.00285
-0.139	0.1959	-0.5381	0.005757841202329294	0.0009913470151327792	-1.3962634015954635e-05	1.28815401	30.69468498	1.01730134	0.03833411945678072	0.0197679	0.00187
-0.1454	0.1669	-0.5402	0.005475097863506211	0.0009826203688728075	-0.0001832595714594046	1.29648936	30.89330482	1.01110448	0.06053834612632519	0.0183933	0.00157
-0.1419	0.1831	-0.5422	0.005581562947877866	0.0009424777960769379	-0.00020769418098732522	1.11255062	26.51033211	0.98526906	0.03025211333477227	0.0191088	0.0014
-0.1398	0.1592	-0.5228	0.0055152404363020815	0.0009040805525330626	-0.0001937315469713706	1.09650993	26.12810898	0.98287336	0.051334119456780666	0.0174475	0.00138
-0.1408	0.2015	-0.5173	0.005510004448546098	0.0008063421144213803	-0.0002251474735072685	1.09872532	26.18089867	0.98519962	0.055519517620178274	0.0179101	0.00127
-0.1467	0.2043	-0.5232	0.005523967082562053	0.0007714355293814937	-0.00029845130209103034	1.08786976	25.92222595	0.96729259	0.02070865238198019	0.0183717	0.00161
-0.1414	0.1775	-0.5201	0.005508259119294104	0.0008203047484373349	-0.000291469985083053	1.22126853	29.10091019	0.97800478	0.03877792496658839	0.0184028	0.00158
-0.1335	0.1131	-0.4769	0.004949753758655919	0.0008918632477691023	-0.00019547687622336493	1.20036256	28.60275269	1.01986158	0.15180284844148204	0.0154255	0.00107
-0.1338	0.218	-0.4873	0.005174901232163186	0.0009581857593448868	-0.00017802358370342162	1.26361096	30.10986328	1.04928966	0.13104616388014975	0.0171454	0.0014
-0.1361	0.155	-0.4981	0.0050893800988154655	0.0008761552845011534	-0.0002129301687433082	1.16856194	27.84499359	1.01601279	0.08622290966156702	0.016409	0.00118
-0.1308	0.1548	-0.4928	0.00534943415736262	0.0010559241974565693	-0.00021467549799530252	1.10669863	26.37088776	0.99542214	0.0328784150377282	0.0158247	0.00096
-0.1308	0.1764	-0.4748	0.005448917924726297	0.0010297442586766543	-0.0002129301687433082	1.11911881	26.66684151	0.99309273	0.04597045176977933	0.0156127	0.00102
-0.1333	0.1823	-0.477	0.005359906132874586	0.0010524335389525807	-0.00018675022996339323	1.07338417	25.57705879	0.97480664	0.017494050545377584	0.0158663	0.00113
-0.1367	0.1584	-0.4895	0.005248205060746949	0.001048942880448592	-0.0001605702911834783	1.08008611	25.73675346	0.97278174	0.04686858347057699	0.0154962	0.00105
-0.1308	0.1745	-0.4794	0.005368632779134557	0.0010314895879286487	-0.00022340214425527416	1.0748688	25.61243439	0.96592528	0.042135643198967336	0.015751	0.00085
-0.1254	0.1717	-0.4551	0.005380850083898519	0.000879645943005142	-0.0002199114857512855	1.11552501	26.58120728	0.95950845	0.04087758040957282	0.0149176	0.00107
-0.1286	0.1736	-0.4642	0.005185373207675152	0.000853466004225227	-0.00022165681500327985	1.16418076	27.74059868	0.98397848	0.025370107212763775	0.0152721	0.00111
-0.1376	0.2222	-0.5024	0.005398303376418462	0.0009529497715889039	-0.00027925268031909274	1.20789313	28.78219604	1.0104642	0.11430049007113992	0.0182481	0.00154
-0.1302	0.1532	-0.4828	0.0056374134839416844	0.001181587903600161	-0.0002583087292951608	1.13954508	27.15356827	1.00170869	0.12043460952792052	0.0159736	0.00116
-0.1302	0.1979	-0.4742	0.005777039824101231	0.0010803588069844899	-0.00021642082724729686	1.13220394	26.97864151	0.97371081	0.06743716694115406	0.0166335	0.00125
-0.1354	0.2366	-0.4843	0.005560618996853934	0.0009407324668249436	-0.00026878070480712676	1.09966266	26.20323181	0.97720587	0.07442035224833363	0.017825	0.0012
-0.1437	0.2831	-0.5338	0.005777039824101231	0.0010943214410004448	-0.0002740166925631097	1.06993949	25.49497604	0.98462036	0.1230622894589391	0.0218695	0.00275
-0.1332	0.1965	-0.507	0.005852088981936987	0.001281071670963838	-0.00030368728984701333	1.11187983	26.49434853	1.022711	0.13847349925415264	0.0180303	0.00184
-0.1308	0.2124	-0.4651	0.005815437067645105	0.001129228026040331	-0.000307177948351002	1.09636903	26.12475204	0.98789882	0.06979931088596886	0.0170827	0.00143
-0.1315	0.2268	-0.4624	0.005881759579220891	0.0010314895879286487	-0.0002705260340591211	1.08842397	25.93543243	0.98394586	0.02783564319896749	0.0172238	0.00168
-0.1337	0.1848	-0.4652	0.005497787143782138	0.0010175269539126942	-0.00032637657012293966	1.13063204	26.941185	1.00438763	0.06968928027592639	0.0156227	0.00107
-0.1436	0.3435	-0.5245	0.005963790054064624	0.0010960667702524388	-0.0003612831551628262	1.3022368	31.03025627	1.11928163	0.2568724655831059	0.0244905	0.00334
-0.1327	0.1809	-0.4802	0.005691518690753509	0.0010471975511965976	-0.00038048177693476387	1.21919739	29.05155754	1.1090679	0.23481696020694467	0.0167247	0.00122
-0.1317	0.137	-0.4511	0.005640904142445672	0.0010245082709206715	-0.0003298672286269283	1.05667579	25.17892265	0.96742129	0.08019591884457992	0.0151504	0.00103
-0.1351	0.2723	-0.4734	0.0055204764240580646	0.0009128071987930344	-0.00033684854563490564	1.1457094	27.30045319	1.04054807	0.17295550537616103	0.0191776	0.00201
-0.1452	0.2562	-0.5276	0.005848598323432999	0.0011239920382843482	-0.00041189770347066176	1.04165828	24.82107925	0.9767318	0.1111177948351002	0.0213299	0.00263
-0.1389	0.1812	-0.4761	0.005895722213236845	0.0011833332328521555	-0.00047123889803846896	1.09531093	26.0995369	1.01394915	0.1410903139469729	0.0178919	0.00212
-0.1404	0.21	-0.4662	0.0059027035302448225	0.0011135200627723821	-0.00047647488579445195	1.02735031	24.48014259	0.97760937	0.04430152374218671	0.0186906	0.00248
-0.1449	0.2582	-0.4825	0.005811946409141117	0.0008063421144213803	-0.0005166174585903216	1.12364888	26.774786	0.99009144	0.09090388211252881	0.0202378	0.00283
-0.1572	0.2118	-0.5365	0.005911430176504794	0.0011431906600562858	-0.00041189770347066176	1.18163633	28.15653801	1.00727786	0.1397526034059121	0.0213223	0.00344
-0.1493	0.1542	-0.5121	0.006024876577884425	0.001090830782496456	-0.0004520402762665313	1.10366225	26.29853821	0.99351526	0.10019744258676652	0.0184135	0.0019
-0.144	0.1935	-0.4744	0.005942846103040692	0.0010314895879286487	-0.0005148721293383271	1.13953745	27.15338707	0.98122425	0.0925101761241668	0.017741	0.00153
-0.1439	0.1932	-0.4696	0.0057089719832734516	0.001022762941668677	-0.00048171087355043494	1.15990162	27.63863182	0.98467096	0.018988101090755174	0.0178002	0.00156
-0.1514	0.2558	-0.5201	0.005850343652684992	0.0011484266478122688	-0.00040840704496667313	1.17838693	28.07910919	1.06424691	0.13761696020694467	0.0209372	0.00216
-0.1557	0.1489	-0.4884	0.005490805826774161	0.0013892820845874865	-0.0004921828490624009	1.19897616	28.56971741	1.07829861	0.17710845333908884	0.0164075	0.00147
