trans_x	trans_y	trans_z	rot_x	rot_y	rot_z	dvars_std	dvars_nstd	dvars_vstd	framewise_displacement	aqi	aor
0.0	-0.0	0.0	-0.0	0.0	-0.0	n/a	n/a	n/a	n/a	0.110901	0.06995
0.0238	0.0859	0.0179	0.0008429940287132613	0.000598647933434055	-0.0009040805525330626	1.7137624	45.11911774	1.67561551	0.2448861257340189	0.115081	0.0773
0.0357	-0.0564	-0.1233	0.0030124382889422127	0.0002617993877991494	0.0004677482395344803	1.65845692	43.66306305	1.55541733	0.4893060798965701	0.129548	0.09999
0.0185	0.0135	-0.1209	0.0022444934180647076	-0.001567305668290908	0.00015533430342749534	1.60997391	42.38662338	1.41715325	0.23497319315372736	0.125926	0.08753
-0.0515	-0.0347	0.116	0.001335176877775662	-0.0014119713648634124	-0.0006859143960337716	1.47600734	38.85961533	1.50648027	0.4503949771588904	0.110327	0.06391
-0.0658	-0.0193	0.1479	0.0015498523757709647	-0.0009826203688728075	-0.0009128071987930344	1.17975974	31.06015205	1.09644881	0.10514596483725852	0.109813	0.05981
-0.0425	-0.1119	0.0521	0.00182212373908208	-0.0010611601852125523	-0.0007470009198535729	1.28459549	33.82021713	1.1494362	0.23753087292951608	0.109164	0.0576
-0.0525	-0.2045	0.072	0.001579522973054868	-0.0013369222070276565	-0.0008569566627292158	1.38143551	36.36977386	1.09116827	0.15391592653589792	0.105117	0.05136
-0.054	-0.1711	0.076	0.00147131255943122	-0.0010821041362364843	-0.000778416846389471	1.28042305	33.7103653	1.04212904	0.060978415037728245	0.103355	0.0494
-0.0609	-0.116	0.1424	0.0011274826967883368	-0.0010629055144645468	-0.0007976154681614085	1.30650532	34.39704895	1.05526126	0.14751135530933793	0.101917	0.04821
-0.0673	-0.0443	0.152	0.001158898623324235	-0.000900589894029074	-0.000890117918517108	1.29870975	34.19181061	1.02694274	0.10201169986635351	0.104711	0.05219
-0.0584	-0.142	0.1002	0.0012269664641520136	-0.0010088003076527223	-0.0008621926504851988	1.30960763	34.47872543	1.08906847	0.1686101761241668	0.102938	0.05025
-0.0625	-0.216	0.0971	0.0012583823906879114	-0.0012932889757277981	-0.000932005820564972	1.37451887	36.18767548	1.05901734	0.10048588823453732	0.101768	0.04837
-0.0666	-0.162	0.1039	0.0011135200627723821	-0.001509709802975095	-0.0008203047484373349	1.2506243	32.92583847	1.06039386	0.08854921136452316	0.101001	0.04832
-0.0658	-0.1398	0.1671	0.0007906341511534313	-0.0014154620233674013	-0.0008133234314293575	1.25562322	33.05744934	1.06561752	0.1074057504117311	0.100084	0.04527
-0.086	-0.0806	0.1998	0.0007539822368615504	-0.0014835298641951804	-0.0012863076587198209	1.13501275	29.88207436	1.03353558	0.14098519912050617	0.100093	0.04724
-0.0823	-0.1151	0.1945	0.001387536755335492	-0.0013159782560037243	-0.0010157816246606998	1.21605647	32.0157547	1.04370063	0.09708160803622592	0.102579	0.05035
-0.0768	-0.2917	0.1786	0.0014049900478554352	-0.0015638150097869194	-0.0010384709049366262	1.35044718	35.55392838	1.16730506	0.21239896632895328	0.0980915	0.04438
-0.0719	-0.314	0.1899	0.0007435102613495844	-0.0018517943363659836	-0.0009826203688728075	1.16710031	30.72685814	1.03689434	0.08876548245743665	0.092417	0.03912
-0.0755	-0.1768	0.1697	0.00029496064358704166	-0.0018238690683340744	-0.0009546951008408983	1.24554551	32.7921257	1.11304212	0.18622000769131805	0.0927445	0.03936
-0.0846	-0.1362	0.2007	-0.0001291543646475804	-0.0019390607989657003	-0.0011397000015522971	1.18989968	31.32711029	1.02063649	0.11691558197888235	0.091961	0.03821
-0.0892	-0.0938	0.2076	0.00014486232791552936	-0.0018465583486100008	-0.0011850785621041497	1.38218391	36.38947678	1.01366055	0.0744948851735331	0.0953001	0.0421
-0.0893	-0.1417	0.1727	0.0005602506898901797	-0.001801179788058148	-0.001282817000215832	1.32057309	34.76741791	1.07924569	0.11082526803190929	0.0963928	0.04314
-0.0782	-0.2271	0.149	0.0012095131716320703	-0.0018884462506578647	-0.00102799892942466	1.29651606	34.13405609	1.0667317	0.16976735075663896	0.0987272	0.0436
-0.0892	-0.2636	0.1528	0.0009372418083209549	-0.002045525883337354	-0.0010681415022205296	1.28569496	33.84916306	1.05116617	0.07477467843932371	0.0953931	0.04039
-0.094	-0.2046	0.1478	0.0005899212871740833	-0.002089159114637212	-0.0011728612573401894	1.16984129	30.79902267	0.99292344	0.09358367537831949	0.0957938	0.04036
-0.0985	-0.1912	0.1906	0.0006527531402458793	-0.00199142067652553	-0.0014381513036433276	1.43236661	37.71066284	1.05251382	0.08199301687433083	0.095108	0.04153
-0.1095	-0.093	0.1825	0.0005654866776461627	-0.001963495408493621	-0.0017470745812463236	1.36832476	36.02460098	1.08615038	0.13850575041173108	0.0979115	0.04514
-0.0963	-0.2073	0.1443	0.0011414453308042916	-0.001932079481957723	-0.001281071670963838	1.29712987	34.15021515	1.11413498	0.2193688744988256	0.098207	0.04437
-0.0856	-0.2803	0.1648	0.0008220500776893293	-0.0022497294058206906	-0.0009581857593448868	1.30843055	34.44773483	1.05050033	0.15219655442984403	0.0952558	0.04163
-0.0935	-0.1823	0.1684	0.0004363323129985824	-0.002103121748653167	-0.0012950343049797925	1.24073052	32.6653595	1.04430983	0.1529586983746588	0.0950894	0.0416
-0.0962	-0.205	0.2138	0.00010995574287564276	-0.0022218041377887812	-0.0015498523757709647	1.28057909	33.71447372	1.05917431	0.10579385150248626	0.091682	0.03893
-0.0997	-0.1505	0.2306	-0.00022340214425527416	-0.001970476725501598	-0.001593485607070823	1.28475404	33.82439041	1.04925063	0.10621592653589793	0.0906259	0.03726
-0.0881	-0.1835	0.1911	3.4906585039886588e-06	-0.0018709929581379211	-0.0015062191444711063	1.23717117	32.57165146	1.06303744	0.10478215163613284	0.0907522	0.03751
-0.0857	-0.2451	0.1948	-0.0002024581932313422	-0.001956514091485643	-0.001429424657383356	1.26127934	33.20635986	1.02823899	0.0861132236085402	0.0878885	0.03395
-0.0895	-0.22	0.184	-0.00016406094968746698	-0.002050761871093337	-0.001420698011123384	1.23753238	32.5811615	0.98994359	0.046768583470577066	0.0892726	0.03666
-0.0937	-0.2343	0.1762	0.00012042771838760874	-0.0019373154697137059	-0.0014451326206513049	1.25108504	32.93796921	1.03614696	0.04741848394913141	0.0914503	0.0391
-0.0966	-0.186	0.1924	0.0006073745796940267	-0.001954768762233649	-0.001572541656046891	1.29825878	34.17993546	1.06922831	0.09899045946109736	0.0952901	0.04269
-0.1083	-0.0973	0.2105	0.0005672320068981572	-0.0017645278737662671	-0.0015777776438028737	1.25416958	33.01917648	1.10831141	0.1302809724509617	0.0961028	0.04512
-0.1055	-0.2306	0.1857	0.0006736970912698113	-0.0019512781037296606	-0.0015323990832510211	1.29374254	34.06103516	1.08744905	0.17782969374434499	0.0930951	0.03947
-0.1035	-0.3319	0.1729	0.0008464846872172499	-0.0020245819323134223	-0.001614429558094755	1.18444753	31.18356895	1.02123054	0.1325060949687467	0.0929177	0.03947
-0.1161	-0.2873	0.1791	0.0006422811647339132	-0.0019442967867216831	-0.0018605209826259553	1.25765991	33.11106873	1.00645814	0.08992900463031378	0.0921488	0.03943
-0.1193	-0.2843	0.1841	0.0005323254218582705	-0.0019442967867216831	-0.0019181168479417679	1.30341482	34.31568146	1.01116366	0.019577580409572783	0.0927086	0.0395
-0.1271	-0.2547	0.2238	0.0004136430327226561	-0.0017662732030182616	-0.001956514091485643	1.23085177	32.40527725	1.04484453	0.09385516081914555	0.0905825	0.03701
-0.1344	-0.1971	0.2159	6.806784082777885e-05	-0.0019949113350295183	-0.0022794000031045943	1.26698232	33.35650635	1.02669261	0.11765496177625424	0.0894017	0.03628
-0.1151	-0.2764	0.1782	0.00039095375244672985	-0.0018936822384138475	-0.0018500490071139892	1.2577281	33.11286545	1.02337328	0.17897330021126132	0.0910472	0.03781
-0.1238	-0.292	0.1843	0.00032637657012293966	-0.0018517943363659836	-0.0021101030656611444	1.24893355	32.88132477	1.0030342	0.04872595714594046	0.0902373	0.03755
-0.1261	-0.298	0.1958	0.00017976891295541595	-0.001780235837034216	-0.00210835773640915	1.2916553	34.00608444	1.01773846	0.030795574287564288	0.0890455	0.03658
-0.1276	-0.2261	0.2012	-0.000148352986419518	-0.001579522973054868	-0.0020420352248333657	1.25129914	32.94360733	1.04304638	0.1085578637465033	0.0863145	0.03431
-0.1301	-0.2947	0.2117	-0.0003351032163829112	-0.0016859880574265225	-0.0021676989309769574	1.23730564	32.5751915	1.01295705	0.102543951023932	0.0836003	0.03166
-0.1339	-0.2059	0.2317	-0.00023911010752322313	-0.001635373509118687	-0.002234021442552742	1.30284274	34.30062103	1.03508016	0.1232465084371654	0.0868338	0.03408
-0.1343	-0.2232	0.2062	-0.0002565634000431664	-0.0016004669240788003	-0.0023509585024363614	1.24928737	32.89064026	1.02708729	0.05166484687217249	0.0854506	0.03361
-0.1218	-0.2933	0.1826	0.00047822021504644627	-0.0014800392056911916	-0.002078687139125246	1.27138841	33.47250748	1.04342105	0.1625741348394168	0.0889657	0.03557
-0.1245	-0.3218	0.1842	0.0007382742735936014	-0.0012880529879718153	-0.0019024088846738192	1.19483876	31.45714378	1.01842502	0.06421592653589786	0.0894507	0.03733
-0.1239	-0.2872	0.195	0.00046949356878647465	-0.0013439035240356337	-0.0019861846887695473	1.22393739	32.2232399	1.01101734	0.06642035224833363	0.0877491	0.03459
-0.1314	-0.2463	0.196	0.0005358160803622592	-0.0015132004614790836	-0.0022165681500327986	1.20151949	31.63302994	0.9867347	0.0727001455141243	0.0898882	0.03722
-0.1311	-0.2673	0.2164	0.0003700098014227979	-0.0014189526818713899	-0.0021467549799530253	1.2644031	33.28860092	1.02428288	0.0581933614313464	0.0882956	0.03564
-0.1272	-0.3098	0.1815	0.0005637413483941684	-0.001256637061435917	-0.0021851522234969008	1.29158866	34.00432968	1.08478651	0.10102222054753598	0.0904653	0.03681
-0.1322	-0.3997	0.1773	0.0005864306286700947	-0.0012636183784438947	-0.0022148228207808044	1.21810412	32.069664	1.05661993	0.10206705972839034	0.086702	0.03609
-0.1268	-0.3242	0.1934	9.42477796076938e-05	-0.0012740903539558604	-0.0019582594207376374	1.22026062	32.12643814	1.02031248	0.13496091123087667	0.0848645	0.03282
-0.1281	-0.2961	0.1993	-0.0001605702911834783	-0.0011850785621041497	-0.002045525883337354	1.08521843	28.57111168	0.98373671	0.05685481626213	0.0839854	0.03108
-0.1371	-0.3161	0.23	-0.0007435102613495844	-0.0011274826967883368	-0.002515019452123829	1.34173298	35.32450485	1.03779255	0.11520147021341973	0.079788	0.02752
-0.1361	-0.2754	0.1986	-0.0007033676885537148	-0.0011431906600562858	-0.002647664475275398	1.33037889	35.02558136	1.05929781	0.0825247779607694	0.0793405	0.02786
-0.1313	-0.3393	0.188	-0.0006161012259539982	-0.0008325220532012951	-0.002363175807200322	1.28779316	33.90440369	1.02947798	0.11342118687648918	0.0775809	0.02682
-0.1326	-0.3189	0.1852	-0.0003665191429188092	-0.0010262536001726657	-0.002450442269800039	1.26071703	33.19155502	1.02014099	0.051029004630313776	0.0803474	0.02847
-0.1326	-0.307	0.1832	-0.0004206243497306334	-0.0009512044423369096	-0.00238237442897226	1.25147569	32.94825363	0.98662853	0.02376111027376797	0.0803424	0.02853
-0.1364	-0.2942	0.2187	-0.0007906341511534313	-0.0008674286382411819	-0.0025446900494077327	1.25934911	33.15554047	1.04298873	0.0829050612976999	0.0778171	0.02738
-0.142	-0.2472	0.1964	-0.0007400196028455958	-0.0006946410422937432	-0.0026790804018112955	1.2341392	32.49182892	1.03392702	0.09278962483294187	0.0776523	0.02736
-0.1392	-0.3459	0.1535	-0.00018675022996339323	-0.000598647933434055	-0.002478367537831948	1.23394918	32.48682404	1.07728284	0.1868987672860619	0.0800973	0.0288
-0.134	-0.3554	0.1721	-0.00047822021504644627	-0.0006265732014659643	-0.002314306588144481	1.22721159	32.30944061	0.99859144	0.057472810140121455	0.0785245	0.02706
-0.1419	-0.3463	0.1781	-0.0006492624817418905	-0.0007819075048934597	-0.002488839513343914	1.11034751	29.23269844	0.97119204	0.04804547476611862	0.0788676	0.02711
-0.1479	-0.2751	0.2026	-0.0007853981633974483	-0.0007138396640656808	-0.002645919146023404	1.27039742	33.44641495	1.04275509	0.11976415775814132	0.0783023	0.02736
-0.1478	-0.2738	0.1854	-0.0008918632477691023	-0.000609119908946021	-0.0027471482426390747	1.25935256	33.15563202	1.04169164	0.03422069680534926	0.0763945	0.02652
-0.1417	-0.4008	0.1674	-0.0006422811647339132	-0.00033684854563490564	-0.0024556782575560214	1.2561363	33.07095718	1.0895707	0.19176617157146789	0.0759907	0.02496
-0.1401	-0.3895	0.1848	-0.0011955505376161158	-0.0004904375198104066	-0.0024748768793279594	1.22951043	32.3699646	0.99289888	0.06660284844148204	0.0724536	0.02245
-0.1423	-0.3089	0.1771	-0.0016022122533307947	-0.000296705972839036	-0.0025499260371637153	1.34688604	35.46017075	1.0220629	0.12427212102609025	0.0725733	0.02159
-0.1441	-0.358	0.1959	-0.0017139133254584315	-0.00030368728984701333	-0.0027715828521669953	1.32091177	34.77633286	1.04327197	0.08671696020694465	0.0694813	0.02013
-0.1588	-0.3255	0.2357	-0.0020210912738094335	-7.155849933176751e-05	-0.003008947630438224	1.27594805	33.59255219	1.05032612	0.1258335758568738	0.0672527	0.0182
-0.1621	-0.2488	0.2245	-0.0021118483949131386	-0.0002199114857512855	-0.003242821750205464	1.20844579	31.81538391	1.02071423	0.11484921136452315	0.0686488	0.01941
-0.1527	-0.4715	0.1834	-0.001609193570338772	-0.00028099800957108706	-0.0031049407392979124	1.30974901	34.48244476	1.16384988	0.30828111796508595	0.0696499	0.02058
-0.1557	-0.4475	0.1922	-0.0014974924982111347	-0.00033684854563490564	-0.003040363556974122	1.18072534	31.08557129	0.99417597	0.04740643952576228	0.0718369	0.02094
-0.1538	-0.4159	0.2039	-0.001614429558094755	-0.00034208453339088857	-0.0029967303256742636	1.28994024	33.96092987	0.99946656	0.05349031394697311	0.0690401	0.02024
-0.1536	-0.3251	0.2042	-0.001839577031602023	-0.000158824961931484	-0.0030421088862261168	1.218418	32.07792664	1.04595444	0.11398928027592628	0.0678895	0.01974
-0.1616	-0.3312	0.2595	-0.0019826940302655584	-0.0001884955592153876	-0.0032218777991815323	1.24422228	32.75728989	1.026704	0.08702782544514273	0.0685169	0.01814
-0.1564	-0.3284	0.2404	-0.0022060961745208325	-9.773843811168246e-05	-0.003321361566545209	1.1665169	30.71149826	0.99323858	0.04778215163613275	0.0665464	0.01693
-0.1447	-0.2912	0.1921	-0.0015132004614790836	-6.806784082777885e-05	-0.003227113786937515	1.37492108	36.19826508	1.06361014	0.13804070449666736	0.0733159	0.02276
-0.1444	-0.4107	0.2047	-0.0013718287920675431	-0.00023212879051524583	-0.003162536604613725	1.42300034	37.46407318	1.12770388	0.15090049007113984	0.0714812	0.0222
-0.1497	-0.4651	0.218	-0.001514945790731078	-0.000148352986419518	-0.0030874874467779687	1.27892733	33.67098618	1.06152037	0.08809709802975098	0.069339	0.02079
-0.1485	-0.3613	0.2341	-0.0019111355309337906	-0.00016406094968746698	-0.003118903373313867	1.2582382	33.12629318	1.04289435	0.143265681500328	0.0680292	0.01822
-0.1507	-0.3175	0.2654	-0.0024975661596038853	-0.00026354471705114377	-0.0033999013828849537	1.17879105	31.03464699	0.99811827	0.12564562028024293	0.0653893	0.017
-0.1503	-0.3056	0.2305	-0.002562143341927676	7.330382858376184e-05	-0.003532546406036523	1.35800576	35.75292587	1.02096012	0.07390353755551332	0.0649682	0.01627
-0.1391	-0.4535	0.2083	-0.0022008601867648495	7.853981633974481e-05	-0.0031852258848896514	1.40075099	36.87830353	1.10935335	0.21699198320328408	0.0653334	0.01664
-0.1391	-0.4217	0.2212	-0.0020751964806212577	0.00026878070480712676	-0.0029880036794142917	1.25988007	33.16952133	1.03876004	0.07035634000431666	0.0650799	0.01645
-0.1371	-0.3374	0.2318	-0.0022235494670407763	6.806784082777885e-05	-0.0029478611066184224	1.26328087	33.25905609	1.01569756	0.11636042115973683	0.0651706	0.01625
-0.1447	-0.4162	0.2694	-0.0023876104167282427	-7.330382858376184e-05	-0.0031311206780778272	1.23494673	32.51308823	1.02584759	0.1484346095279206	0.0651429	0.01563
-0.1494	-0.3315	0.2674	-0.002844886680750757	0.00013962634015954637	-0.0033946653951289706	1.35724175	35.73281097	1.073375	0.13808755749084825	0.0617757	0.01438
-0.1438	-0.2893	0.2174	-0.0026616271092913526	0.00029496064358704166	-0.0033684854563490563	1.28647006	33.86956787	1.04758467	0.11603869068334072	0.0663232	0.01525
-0.14	-0.4282	0.2109	-0.002054252529597326	0.0003316125578789226	-0.0030874874467779687	1.27227783	33.49592209	1.09941131	0.19545122517784977	0.0653595	0.01682
-0.1374	-0.3879	0.2358	-0.002171189589480946	0.00013264502315156904	-0.0029513517651224112	1.25103307	32.93659973	1.0069166	0.09040201381332656	0.0651903	0.01617
-0.1408	-0.3346	0.2429	-0.0023771384412162766	9.599310885968811e-05	-0.0030962140930379405	1.20043981	31.60460472	0.98092758	0.08317315469713707	0.0644154	0.01587
-0.1531	-0.3396	0.2801	-0.002698279023583233	0.0	-0.003478441199224699	1.29890513	34.19695282	1.03733084	0.09446803987067016	0.0627714	0.01492
-0.1476	-0.3651	0.2532	-0.0028326693759867967	0.0002670353755551324	-0.003269001688985379	1.2870549	33.8849678	1.04189161	0.08844326190990082	0.0613219	0.01304
-0.1422	-0.3797	0.2328	-0.0025446900494077327	0.0001972222054753592	-0.003038618227722128	1.24739671	32.84086609	1.01755466	0.06980879789610439	0.0628974	0.01419
-0.1431	-0.3932	0.2431	-0.0030316369107141502	0.00013788101090755203	-0.0030368728984701333	1.1256187	29.63475037	0.99365859	0.05210166925631098	0.0607142	0.01246
-0.1487	-0.3988	0.2375	-0.003085742117525975	0.0002530727415391778	-0.0032061698359135836	1.33178425	35.06258011	0.98728639	0.03372969374434505	0.0608361	0.01279
-0.1618	-0.3251	0.2814	-0.003480186528476693	5.759586531581287e-05	-0.003478441199224699	1.37924325	36.3120575	1.06570104	0.1738096325242599	0.0588386	0.01212
-0.1756	-0.2953	0.2857	-0.0036250488563922224	0.0001658062789394613	-0.0035796702958403696	1.27591205	33.59160233	1.06680805	0.06561509190774245	0.0577488	0.01184
-0.1698	-0.2796	0.2585	-0.0034714598822167216	-1.7453292519943296e-05	-0.003686135380212024	1.20951331	31.84348869	0.99001701	0.07086568150032797	0.0581698	0.01268
-0.1709	-0.4605	0.2321	-0.0030229102644541784	-2.268928027592628e-05	-0.0037384952577718534	1.29805863	34.17466736	1.11018052	0.23370727415391776	0.0607397	0.0127
-0.1687	-0.4095	0.2248	-0.0030002209841782524	0.00011693705988362007	-0.003637266161156183	1.26768482	33.375	1.029678	0.07367723585255719	0.0600518	0.01319
-0.1698	-0.3894	0.2378	-0.0030997047515419294	0.00011693705988362007	-0.0036669367584400863	1.26255059	33.23983002	1.0086482	0.040657718232378987	0.0588887	0.01213
-0.1693	-0.3663	0.2347	-0.003153809958353753	0.00013264502315156904	-0.0035517450278084606	1.24455869	32.76614761	1.00696268	0.03595024503556995	0.0586988	0.01189
-0.1746	-0.377	0.2818	-0.0036128315516282617	6.632251157578452e-05	-0.0038327430373795474	1.20548463	31.73742294	1.00671736	0.10341710572106896	0.0569312	0.01081
-0.18	-0.2351	0.2588	-0.0036843900509600297	0.00019024088846738194	-0.003963642731279122	1.42560029	37.53252411	1.09136019	0.18661882850614703	0.0601857	0.01396
-0.179	-0.3322	0.2321	-0.0033684854563490563	0.00017802358370342162	-0.004091051766674708	1.34676516	35.45698929	1.07812499	0.1475765467385259	0.0597051	0.01266
-0.1744	-0.4442	0.2271	-0.002960078411382383	0.00017278759594743863	-0.003932226804743224	1.32039058	34.76261139	1.10734708	0.150223399732707	0.059705	0.01266
-0.1721	-0.3753	0.2454	-0.0029373891311064567	7.330382858376184e-05	-0.0038362336958835358	1.24193895	32.69717407	1.00825805	0.10040830782496452	0.060598	0.01321
-0.1721	-0.3903	0.2612	-0.00312413936106985	-0.00012740903539558605	-0.003984586682303054	1.09820044	28.9128952	0.9750472	0.05759080401811293	0.060397	0.01262
-0.1788	-0.2894	0.2826	-0.0035081117965086025	2.6179938779914945e-05	-0.004012511950334963	1.41711175	37.30904007	1.05562383	0.15727433388230813	0.0604513	0.01338
-0.1812	-0.363	0.2552	-0.003710569989739945	3.490658503988659e-05	-0.0041608649367544815	1.35344315	35.63280487	1.05928489	0.12137689129554166	0.0564747	0.0105
-0.1736	-0.3977	0.2306	-0.003560471674068432	0.00015009831567151235	-0.004038691889114879	1.22562158	32.26757812	1.01282108	0.08627315469713706	0.0557212	0.01033
-0.1748	-0.3993	0.2652	-0.004487241506877421	-3.665191429188092e-05	-0.003993313328563026	1.2587204	33.13898849	1.00311575	0.09534493116621176	0.0511625	0.00796
-0.175	-0.3771	0.2785	-0.005239478414486977	-4.886921905584123e-05	-0.00409977841293468	1.17154837	30.84396553	0.97530576	0.07924596483725851	0.0488021	0.00637
-0.1751	-0.358	0.2786	-0.005473352534254217	0.00023212879051524583	-0.004043927876870862	1.2790767	33.67491913	1.01424886	0.047836133270107245	0.0471111	0.00567
-0.1809	-0.3318	0.3211	-0.005651376117957638	0.0002617993877991494	-0.0042324234360862495	1.3236444	34.84827805	1.0319833	0.09430948701013561	0.0459023	0.00497
-0.188	-0.2592	0.3092	-0.005497787143782138	0.00042411500823462205	-0.004113741046950634	1.26779318	33.37785339	1.03158004	0.11332934918732943	0.0477685	0.00622
-0.1802	-0.3482	0.2699	-0.0051836278784231585	0.00014137166941154068	-0.004197516851046362	1.23268545	32.45355225	1.0090655	0.17013392041388944	0.04675	0.00589
-0.1712	-0.4672	0.263	-0.004885176576332128	0.0002181661564992912	-0.004080579791162742	1.28327549	33.78546524	1.02887159	0.15950914245312003	0.0495091	0.00647
-0.1711	-0.3619	0.2582	-0.004961971063419879	0.00028797932657906436	-0.004103269071438669	1.36605966	35.96496582	1.05194757	0.11866484687217256	0.0487047	0.00671
-0.1719	-0.411	0.2715	-0.0051452306348792835	0.000439822971502571	-0.004021238596594935	1.23254585	32.44987869	1.01957624	0.08405668456133229	0.0470332	0.00575
-0.1755	-0.3242	0.3041	-0.005391322059410484	0.0003001966313430247	-0.004159119607502487	1.2668848	33.35393906	1.03403981	0.14917993877991492	0.0471453	0.00551
-0.1807	-0.316	0.3215	-0.005733406592801372	0.000312413936106985	-0.004317944569433971	1.152035	30.3302269	0.98255148	0.056456340004316645	0.0461567	0.00538
-0.1738	-0.3166	0.2751	-0.005164429256651221	0.000317649923862968	-0.004251622057858187	1.27386177	33.53762436	0.99830917	0.08592679177409587	0.0497732	0.00624
-0.167	-0.4354	0.2741	-0.004824090052512327	0.0003316125578789226	-0.004159119607502487	1.34334779	35.36701965	1.04687957	0.14894021442552752	0.0490708	0.0066
-0.163	-0.3475	0.2738	-0.004804891430740389	0.00045553093477052	-0.003953170755767157	1.21034694	31.86543655	1.02180519	0.10965329251994332	0.0500265	0.00717
-0.1771	-0.3926	0.3125	-0.005331980864842677	0.00037350045992678646	-0.004157374278250492	1.16325426	30.62560272	1.02242149	0.13856617157146786	0.0469493	0.00571
-0.1805	-0.2859	0.3179	-0.00610341639422417	0.00019547687622336493	-0.004187044875534397	1.24488068	32.77462387	1.03986587	0.164456485518441	0.0447071	0.00534
-0.1709	-0.3711	0.277	-0.0055920349233898325	0.00012042771838760874	-0.004038691889114879	1.19560993	31.47744751	1.02287008	0.1724391807544806	0.046165	0.00507
-0.1694	-0.4051	0.2674	-0.00529707427980279	0.00041189770347066176	-0.003956661414271145	1.25944865	33.15816116	1.0425017	0.07852305517569146	0.0483127	0.00612
-0.1727	-0.4333	0.271	-0.00476125819944053	0.000450294947014537	-0.003960152072775134	1.32787359	34.95962143	1.04051892	0.06398519912050618	0.0493774	0.00722
-0.1735	-0.3583	0.2753	-0.005218534463463045	0.0005969026041820607	-0.0039706240482871	1.28283632	33.77390289	1.04627559	0.11081779483510024	0.0475113	0.00604
-0.1725	-0.3398	0.2957	-0.005955063407804653	0.0004729842272904633	-0.003940953451003196	1.23723578	32.57335281	1.00729446	0.08440589592585548	0.0440485	0.00444
-0.1804	-0.3065	0.3492	-0.0061959188445798695	0.0003089232776029963	-0.004162610266006475	1.37276459	36.14149094	1.01672617	0.12602866007329813	0.0458358	0.00485
-0.1851	-0.388	0.4089	-0.0060685098091842835	0.0003961897402027128	-0.004316199240181977	1.36710835	35.9925766	1.0780547	0.1643132236085402	0.0466167	0.00518
-0.1732	-0.3847	0.6401	-0.003239331091701475	0.0006562437987498679	-0.004139920985730549	1.80571246	47.53993607	1.67399659	0.4096755515240696	0.0750263	0.05613
-0.1592	-0.4001	0.5763	-0.00662352451131848	0.0010245082709206715	-0.003593632929856324	2.2082665	58.13818741	2.1521669	0.3081372973831017	0.0701489	0.04843
-0.1536	-0.5702	0.3062	-0.010170033551370958	0.0012688543661998775	-0.004024729255098924	2.39226866	62.9825058	2.36205341	0.6568975730287142	0.0320579	0.00439
-0.1421	-0.4646	0.3618	-0.01016654289286697	0.0015428710587629874	-0.004031710572106902	1.28765249	33.90069962	1.23162126	0.18692443340375367	0.028242	0.00082
-0.1372	-0.4343	0.346	-0.010046115174479361	0.0017331119472303693	-0.003900810878207326	1.28748035	33.89616776	1.00891661	0.07307841503772838	0.0278425	0.0005
-0.1307	-0.4342	0.3346	-0.01015083492959902	0.001980948701013564	-0.003677408733952052	1.20461178	31.71444321	1.00115097	0.0467979326579064	0.0258433	0.00038
-0.1447	-0.4517	0.3748	-0.010367255756846317	0.0015341444125030156	-0.0037978364523396607	1.26284587	33.24760437	0.99971361	0.11088264170727272	0.0257667	0.00025
-0.1499	-0.3294	0.3604	-0.010210176124166827	0.0012688543661998775	-0.0038327430373795474	1.17484832	30.93084526	1.02476772	0.1647638132011257	0.0266946	0.0004
-0.15	-0.4315	0.3241	-0.009618509507740751	0.0014364059743913332	-0.003926990816987242	1.24298823	32.72480011	0.99430922	0.18117330021126127	0.028441	0.00078
-0.152	-0.5224	0.3219	-0.009908234163571809	0.0013892820845874865	-0.003958406743523139	1.3245517	34.87216568	1.02000745	0.11351322360854006	0.0277817	0.00067
-0.1479	-0.4511	0.32	-0.009967575358139616	0.0014957471689591403	-0.003904301536711315	1.25574267	33.06059265	1.05979469	0.08829557428756425	0.0269957	0.00048
-0.16	-0.4585	0.355	-0.01034805713507438	0.0014905111812031574	-0.00400727596257898	1.25034082	32.91837692	1.0134685	0.07893460952792057	0.0257836	0.00048
-0.1611	-0.3683	0.3769	-0.011253883016859437	0.001281071670963838	-0.004197516851046362	1.24362791	32.741642	1.00781686	0.1784753140245879	0.0228741	0.00027
-0.1561	-0.4649	0.3425	-0.010971139678036356	0.001350884841043611	-0.004057890510886817	1.41768217	37.32405853	1.00494672	0.16060914245311989	0.0246413	0.00085
-0.1484	-0.4814	0.3534	-0.011482521148870694	0.0014590952546672592	-0.004082325120414737	1.37113571	36.09860611	0.99586515	0.06730132469929528	0.0234263	0.00059
-0.1489	-0.4543	0.3568	-0.011789699097221695	0.0017313666179783749	-0.003991567999311032	1.28627884	33.86453629	0.99033607	0.06451032163829108	0.0212033	0.00029
-0.1504	-0.4758	0.3627	-0.011911872144861299	0.0018064157758141308	-0.003996803987067014	1.25543725	33.05255127	0.9900099	0.03902290966156713	0.0209121	0.00041
-0.1457	-0.4331	0.3527	-0.012056734472776828	0.001726130630222392	-0.0040334559013588955	1.15494132	30.406744	0.951254	0.0704899693899575	0.0206949	0.00027
-0.1498	-0.412	0.3763	-0.012233012727228255	0.001567305668290908	-0.004108505059194652	1.31523895	34.62698364	0.9871205	0.0693076187109334	0.0220237	0.00045
-0.1576	-0.3462	0.3859	-0.013360495424016593	0.001593485607070823	-0.004354596483725852	1.40415621	36.96795273	1.05778299	0.15318770300497264	0.0212469	0.00038
-0.1548	-0.3452	0.3745	-0.014098769697610194	0.002061233846605303	-0.004333652532701919	1.3535856	35.63655472	1.12208883	0.07654832320760076	0.0190728	0.0005
-0.153	-0.3866	0.3604	-0.01276708347833852	0.0016632987771505957	-0.004230678106834255	1.28502822	33.83160782	1.05081198	0.1489297857297023	0.0199833	0.00029
-0.1512	-0.4258	0.3649	-0.01315454657228126	0.0015655603390389136	-0.004284783313646079	1.19310689	31.41154861	0.99734865	0.07246533694331234	0.0197414	0.00034
-0.1504	-0.3759	0.3754	-0.014130185624146092	0.0016999506914424768	-0.004195771521794368	1.22290158	32.19596863	0.97008069	0.12115205980600532	0.018025	0.00035
-0.1548	-0.4051	0.3698	-0.014782938764391972	0.0018081611050661253	-0.00426907535037813	1.2939384	34.06619263	0.99981975	0.08091336912266446	0.0168086	0.00022
-0.1532	-0.3109	0.3636	-0.015376350710070043	0.0019408061282176943	-0.004253367387110181	1.25684154	33.08952332	1.02476257	0.13908824660487948	0.0158874	0.00025
-0.1557	-0.3322	0.3891	-0.016027358521063927	0.0018029251173101424	-0.004286528642898074	1.2610054	33.19914627	0.98749788	0.09040250388446641	0.0153247	0.00029
-0.1596	-0.3336	0.4405	-0.016144295580947546	0.0018099064343181197	-0.004522148091917307	1.18137813	31.10276031	0.98599692	0.07467689129554153	0.0146417	0.00022
-0.156	-0.3045	0.3944	-0.015575318244797397	0.002209586833024821	-0.004391248398017733	1.31689525	34.67058945	0.99788802	0.13377787143782127	0.0159221	0.00046
-0.1477	-0.4265	0.3692	-0.015063936773963057	0.002118829711921116	-0.004352851154473858	1.35783982	35.74855804	1.0387716	0.187526791774096	0.0160984	0.00027
-0.1436	-0.479	0.37	-0.014615387156200517	0.002288126649364566	-0.004171336912266447	1.26662004	33.34696579	1.00585242	0.09736803987067008	0.0158151	0.00015
-0.1416	-0.3681	0.3797	-0.014838789300455789	0.0021589722847169856	-0.004199262180298357	1.27042639	33.44717789	1.01683178	0.1416240888467381	0.01468	0.00018
-0.1407	-0.3518	0.378	-0.014639821765728435	0.002124065699677099	-0.004185299546282402	1.12236476	29.5490818	0.9320452	0.031291837689159725	0.014837	0.0002
-0.15	-0.3497	0.3843	-0.01482308133718784	0.0020943951023931952	-0.004375540434749784	1.3239249	34.8556633	0.96931127	0.03785855286053452	0.0155516	0.00027
-0.1542	-0.3191	0.4112	-0.01567829267066506	0.002253220064324679	-0.004544837372193235	1.33385062	35.11698151	1.01613876	0.12086666164260786	0.0154306	0.00026
-0.1566	-0.2718	0.3903	-0.015227997723650525	0.002452187599052033	-0.004396484385773717	1.2903918	33.97282028	1.01529123	0.11048077340807048	0.0161107	0.0002
-0.1504	-0.3843	0.3651	-0.015194836467862634	0.00214850030920502	-0.004312708581677988	1.26237154	33.23511505	1.01005127	0.16493121748653164	0.0148317	0.00015
-0.144	-0.4325	0.3572	-0.014390239682693247	0.00205599785884932	-0.004237659423842232	1.22737026	32.31361771	0.97962257	0.11110741966804216	0.0175884	0.0005
-0.146	-0.4741	0.3667	-0.014435618243245098	0.0021956241990088664	-0.0042935099599060505	1.28079224	33.72008514	0.99857222	0.0651427718387609	0.0167483	0.00025
-0.1454	-0.4031	0.3746	-0.015022048871915192	0.0021851522234969008	-0.004195771521794368	1.21015382	31.86035156	1.01799619	0.11423205211468707	0.016165	0.0003
-0.154	-0.3829	0.4142	-0.016034339838071905	0.0022218041377887812	-0.004300491276914028	1.25603712	33.06834412	1.02369381	0.12608313177841263	0.0152189	0.00027
-0.153	-0.3063	0.4343	-0.016901768476313087	0.00214850030920502	-0.004283037984394084	1.2264334	32.28895187	1.00393448	0.14560928796724437	0.0149053	0.00022
-0.1501	-0.3149	0.3701	-0.015964526667992134	0.002235766771804736	-0.004312708581677988	1.35713291	35.72994614	0.97983748	0.12840894341022868	0.0184298	0.00033
-0.1499	-0.4209	0.3632	-0.015126768627034853	0.002015855286053451	-0.0041381756564785556	1.29980707	34.22069931	1.03720472	0.17471012259539984	0.016692	0.00034
-0.1444	-0.3761	0.3723	-0.015037756835183142	0.0022759093446006054	-0.004159119607502487	1.26820791	33.38877106	1.00486764	0.07790049007113982	0.0149325	0.00019
-0.1445	-0.3965	0.3538	-0.014531611352104788	0.0025499260371637153	-0.004129449010218584	1.18926942	31.31051636	0.98019345	0.0794916386462684	0.0187026	0.00015
-0.0794	-0.1598	0.0249	-0.011337658820955164	0.0028605946440187057	-0.0043703044469938016	2.26578999	59.65263367	2.08415207	0.8179738287389917	0.0533911	0.0309
-0.0074	0.2249	-0.378	-0.008948303074974929	0.0022043508452688383	-0.005258677036258915	2.75244188	72.46497345	2.63537089	1.0562986066997606	0.115348	0.10502
-0.1085	-0.0354	0.2217	-0.009520771069629067	0.0018448130193580064	-0.004494222823885398	2.64151764	69.5446167	2.62302464	1.0459230016469243	0.0485408	0.01637
-0.1351	-0.2484	0.3456	-0.004358087142229841	0.0009302604913129776	-0.004239404753094226	1.94578588	51.22772217	1.81059899	0.6801027263117715	0.0607428	0.02557
-0.1439	-0.4239	0.4024	-0.007223917774004529	0.0013648474750595659	-0.005281366316534841	1.64135098	43.2127037	1.54954729	0.4582189589480945	0.0450262	0.00746
-0.1312	-0.593	0.465	-0.009730210579868387	0.0014573499254152652	-0.004700171675620729	1.50515413	39.62697983	1.3028749	0.4033994948566834	0.0366433	0.00429
-0.1286	-0.594	0.4709	-0.010124654990819104	0.001567305668290908	-0.0047088983218807005	1.27708077	33.62237167	1.0294338	0.03515634000431654	0.033868	0.00303
-0.118	-0.6193	0.4891	-0.011637855452298188	0.0015707963267948967	-0.004595451920501069	1.29532015	34.10256958	1.00829675	0.13560687606813515	0.0305307	0.00267
-0.1143	-0.6056	0.4848	-0.012109094350336656	0.0014887658519511632	-0.004593706591249075	1.30235457	34.28776932	1.02883112	0.0494507351067097	0.0283389	0.00165
-0.1075	-0.5288	0.4731	-0.012630947796682963	0.0017837264955382047	-0.004422664324553631	1.25720048	33.09897232	1.04382373	0.14469281783143959	0.0239389	0.00087
-0.1022	-0.4574	0.4742	-0.013149310584525276	0.0018727382873899156	-0.004344124508213886	1.29820657	34.17856216	1.00777526	0.11209571980168852	0.0208486	0.00042
-0.1048	-0.4582	0.4816	-0.013465215179136252	0.0018186330805780916	-0.004359832471481835	1.19104588	31.35728836	0.9634696	0.03008588823453738	0.0201796	0.00034
-0.1086	-0.4	0.4858	-0.013796827737015176	0.001864011641129944	-0.0044156830075456534	1.35211349	35.59779739	0.98987213	0.08784208272472976	0.0203937	0.00086
-0.1057	-0.4788	0.4531	-0.013418091289332405	0.0018901915799098587	-0.004396484385773717	1.35204482	35.59598923	1.01681506	0.1356057504117311	0.0229933	0.00061
-0.0992	-0.4615	0.4473	-0.013165018547793226	0.002015855286053451	-0.004206243497306334	1.21609724	32.01682663	0.99523599	0.0580488668075077	0.0215967	0.00044
-0.0956	-0.5336	0.4699	-0.013294172912440809	0.00217293491873294	-0.0040561451816348215	1.26847053	33.3956871	1.01359699	0.12011661564992916	0.0224143	0.0012
-0.0955	-0.5008	0.4866	-0.013587388226775854	0.002134537675189065	-0.004129449010218584	1.17098546	30.82914734	0.9734504	0.06984581932313408	0.0225133	0.00151
-0.0893	-0.416	0.4814	-0.013526301702956054	0.0021153390534171274	-0.004103269071438669	1.23355865	32.47654343	1.00547858	0.10152325421858267	0.0231169	0.00184
-0.0948	-0.4911	0.4824	-0.013521065715200072	0.0020594885173533086	-0.0041329396687225725	1.32400084	34.8576622	1.03307132	0.08613785605518523	0.0250382	0.00337
-0.0944	-0.4865	0.4683	-0.013426817935592377	0.0020664698343612863	-0.004103269071438669	1.39379346	36.69512939	1.00208337	0.025644984694978796	0.0279	0.00424
-0.0982	-0.4442	0.4769	-0.013838715639063038	0.002258456052080662	-0.004075343803406759	1.33869684	35.24457169	1.0135384	0.08629045946109738	0.0267772	0.00515
-0.1	-0.4385	0.5163	-0.014603169851436556	0.00222529479629277	-0.00420449816805434	1.2907536	33.98234558	1.01302567	0.0932384916404495	0.0259392	0.00597
-0.1017	-0.4576	0.5075	-0.01490336648277958	0.0022148228207808044	-0.004173082241518442	1.37999201	36.33177185	0.97612959	0.046704226669544366	0.0260336	0.00643
-0.1007	-0.5717	0.5036	-0.014655529728996385	0.002050761871093337	-0.004248131399354198	1.33807468	35.22819138	1.05177357	0.14334734306532076	0.0287411	0.00746
-0.0965	-0.5293	0.4939	-0.014704398948052227	0.0021746802479849347	-0.00411199571769864	1.35691428	35.72418976	1.01467025	0.07174616388014993	0.0271593	0.00637
-0.1011	-0.5055	0.5053	-0.015175637846090696	0.0024015730507441976	-0.004148647631990522	1.28281415	33.77331924	1.0118173	0.07653918075448066	0.0248967	0.0053
-0.0971	-0.4367	0.5201	-0.016168730190475468	0.002478367537831948	-0.004103269071438669	1.25794637	33.11861038	1.00328069	0.14336326960121873	0.0219051	0.00354
-0.0939	-0.3925	0.5153	-0.016355480420438863	0.0025080381351158514	-0.00411548637620263	1.18962753	31.31994629	0.96760455	0.06363190660056296	0.019865	0.00271
-0.1003	-0.3833	0.5133	-0.01622981671429527	0.0024766222085799536	-0.004117231705454623	1.22144675	32.15766525	1.00029724	0.02554124809657428	0.0195058	0.00192
-0.0978	-0.4662	0.5185	-0.016463690834062513	0.0024050637092481865	-0.004014257279586958	1.3137728	34.58838272	1.0316766	0.1110203522483338	0.0192235	0.0014
-0.1069	-0.3986	0.5333	-0.016355480420438863	0.0023649211364523163	-0.003911282853719292	1.23762596	32.58362579	1.02459416	0.10406637061435935	0.0176371	0.00068
-0.1138	-0.3524	0.5038	-0.016776104770169498	0.0026302111827554544	-0.004150392961242515	1.17685413	30.98365402	1.00270898	0.1288512251778498	0.0153428	0.00052
-0.1186	-0.4542	0.4506	-0.0160657557646078	0.0024486969405480446	-0.004307472593922005	1.2225405	32.1864624	1.02378961	0.21224714402242975	0.0144711	0.00025
-0.1104	-0.434	0.4544	-0.015545647647513493	0.0024015730507441976	-0.004209734155810323	1.11486578	29.35165215	0.97586877	0.0654485222504919	0.0166236	0.00023
-0.108	-0.466	0.4311	-0.01592263876594427	0.002515019452123829	-0.004124213022462601	1.229406	32.3672142	0.97388085	0.08649793265790653	0.0147795	0.00029
-0.105	-0.4708	0.4346	-0.016137314263939568	0.002595304597715568	-0.00416435559525847	1.2960608	34.12207031	0.9972707	0.028055160819145306	0.0148255	0.0002
-0.1154	-0.356	0.4397	-0.01614604091019954	0.0027384215963791032	-0.004337143191205909	1.2407347	32.66547012	1.04393316	0.1465315620435474	0.0143187	0.00022
-0.1174	-0.3327	0.4297	-0.0162821765918551	0.002930407814098479	-0.004241150082346221	1.24604416	32.80525589	0.98020911	0.05650575041173099	0.013899	0.00029
-0.1119	-0.4392	0.4337	-0.016435765566030602	0.0027995081201989047	-0.0042271874483302664	1.22261691	32.18847275	1.00074298	0.13092256510455155	0.0128233	0.00011
-0.1046	-0.5028	0.4721	-0.017222909058680045	0.0029827676916583086	-0.004108505059194652	1.24354959	32.73957825	0.99192017	0.16375427266222314	0.0166457	0.00034
-0.103	-0.4647	0.4716	-0.017673204005694578	0.003199188518905606	-0.0041661009245104645	1.31529129	34.62836075	1.00079086	0.0764155819788822	0.0139986	0.00022
-0.0997	-0.3875	0.4615	-0.01766447735943461	0.003227113786937515	-0.004108505059194652	1.29850876	34.18651962	1.01828949	0.09531238898038456	0.0130169	0.00026
-0.1073	-0.3711	0.4868	-0.01815666020849701	0.003337069529813158	-0.0042655846918741415	1.26674747	33.35032272	0.9890677	0.0872609112308767	0.0129787	0.00016
-0.109	-0.2989	0.4833	-0.018784978739214968	0.0033231068957972035	-0.004424409653805625	1.23072815	32.40202332	0.98656365	0.1174553063332698	0.0129011	0.00022
-0.1051	-0.3563	0.4271	-0.017943730039753702	0.0032567843842214186	-0.004358087142229841	1.22366762	32.21613693	0.96326723	0.16619468613064178	0.0124473	0.00031
-0.1031	-0.4741	0.4172	-0.017474236470967228	0.0031311206780778272	-0.004223696789826277	1.24831665	32.8650856	1.01947649	0.16617738136668145	0.0135082	0.00026
-0.096	-0.4813	0.4274	-0.01754754029955099	0.0032131511529215613	-0.004043927876870862	1.26612628	33.33396912	0.97447409	0.04125516081914549	0.014023	0.00033
-0.095	-0.3829	0.4128	-0.01765226005467065	0.003438298626428829	-0.0039723693775390945	1.21981025	32.11458206	1.0356908	0.13407128639793478	0.017573	0.00023
-0.0951	-0.3631	0.4187	-0.01816189619625299	0.0033265975543011915	-0.003937462792499207	1.18876231	31.29716682	0.95844827	0.05861218993749334	0.0136263	0.0003
-0.1	-0.4029	0.4605	-0.018776252092954998	0.0033318335420571745	-0.004101523742186674	1.16807878	30.7526207	0.97009536	0.12568264170727292	0.0138885	0.0002
-0.1059	-0.2965	0.4391	-0.018736109520159125	0.003543018381548489	-0.004316199240181977	1.43237352	37.71084595	1.03316773	0.15700014551412456	0.0151061	0.00068
-0.1047	-0.3449	0.3956	-0.018072884404401284	0.0034662238944607386	-0.004317944569433971	1.35038114	35.55218887	1.00007994	0.13018824660487924	0.013903	0.0004
-0.1003	-0.4755	0.4059	-0.01798736327105356	0.003555235686312449	-0.004108505059194652	1.34133005	35.31389618	1.05341684	0.16449862177193764	0.0133557	0.00034
-0.0985	-0.4092	0.4024	-0.017940239381249716	0.0034295719801688577	-0.004129449010218584	1.24674237	32.82363892	0.99028754	0.08128657734856838	0.012361	0.00014
-0.097	-0.368	0.4052	-0.017912314113217805	0.0033981560536329595	-0.004136430327226561	1.15531588	30.416605	0.95479508	0.04881612557878934	0.0126033	0.00022
-0.1001	-0.3238	0.4311	-0.01853888731468377	0.003525565089028546	-0.004358087142229841	1.31859231	34.71526718	1.00001418	0.12198195259324147	0.0151513	0.00041
-0.1034	-0.3211	0.4331	-0.01913229926036184	0.003494149162492647	-0.004328416544945937	1.32286286	34.82770157	0.99368272	0.04072492347489375	0.0131743	0.00023
-0.1016	-0.3731	0.3925	-0.018282323914640606	0.0036843900509600297	-0.004185299546282402	1.22414565	32.22872162	0.99606283	0.15356666164260763	0.0117873	0.00015
-0.0963	-0.4223	0.4174	-0.018100809672433188	0.0036302848441482054	-0.0041381756564785556	1.2628274	33.24711609	0.97849145	0.09353716694115441	0.0119692	5e-05
-0.0945	-0.3917	0.409	-0.017975145966289602	0.0036896260387160127	-0.003998549316319009	1.17831945	31.02223015	0.94683363	0.05703156204354704	0.0141041	0.00023
-0.0969	-0.3886	0.4036	-0.018095573684677208	0.0037140606482439333	-0.0040613811693908045	1.27051151	33.44942093	0.96409382	0.02128470904936605	0.0121107	0.00022
-0.0986	-0.3512	0.4308	-0.01842544091330414	0.0037646751965517687	-0.004202752838802345	1.29786432	34.16955185	0.997971	0.09239267231731532	0.0126667	0.00018
-0.1132	-0.3223	0.4457	-0.01904328746851013	0.0039723693775390945	-0.004389503068765739	1.22408974	32.22724915	1.00737438	0.10901454830783552	0.0128343	0.00035
-0.1157	-0.3074	0.4217	-0.01902408884673819	0.0036669367584400863	-0.004468042885105484	1.20589149	31.74813461	0.97620681	0.06155855286053446	0.0130404	0.00019
-0.1111	-0.4225	0.4179	-0.01822821870782878	0.0033702307856010505	-0.004316199240181977	1.16749585	30.73727417	1.00434596	0.18572098783359772	0.012356	0.00011
-0.1073	-0.4055	0.4227	-0.01800307123432151	0.0036320301734002	-0.004105014400690663	1.16589487	30.69512367	0.95927346	0.060506585039886714	0.0135399	0.00035
-0.1091	-0.4153	0.3998	-0.01798387261254957	0.0036669367584400863	-0.004134684997974567	1.29424012	34.07413483	0.98670004	0.03868879020478642	0.012608	0.00011
-0.1056	-0.3834	0.3838	-0.01814444290373305	0.0036896260387160127	-0.00404741853537485	1.19954705	31.58110046	0.9804985	0.06492630170295612	0.0126861	0.00014
-0.1122	-0.3606	0.4195	-0.019032815492998165	0.003691371367968007	-0.004251622057858187	1.18111515	31.09583473	0.9703813	0.11981607205002232	0.0123935	0.00018
-0.1081	-0.355	0.4014	-0.018819885324254857	0.00364424747816416	-0.004181808887778414	1.14682698	30.19311142	0.94578872	0.04429336143134639	0.01232	0.00012
-0.1045	-0.3603	0.3969	-0.018388788999012258	0.0037350045992678655	-0.004225442119078272	1.21390522	31.95911789	0.94956266	0.041674333882308165	0.0130953	0.00018
-0.1112	-0.38	0.4519	-0.019247490990993467	0.003766420525803763	-0.00445058959258554	1.2565788	33.08260727	1.00656281	0.13716326960121877	0.0126494	0.00018
-0.114	-0.3005	0.433	-0.019655898035960143	0.003906046865963309	-0.004705407663376713	1.25784433	33.11592484	1.01315611	0.1413425727958698	0.0129362	0.00025
-0.12	-0.404	0.4054	-0.01865756970381938	0.00376118453804778	-0.004693190358612751	1.18921423	31.30906487	1.01851491	0.19487039824101277	0.011954	0.00023
-0.1158	-0.4332	0.4146	-0.018299777207160545	0.003679154063204046	-0.004551818689201211	1.2204566	32.13159943	1.01598341	0.07165973204570543	0.0125479	0.00022
-0.117	-0.4637	0.4245	-0.01843067690106012	0.0036163222101322505	-0.004646066468808905	1.10755014	29.1590519	0.94933163	0.055998966328953154	0.0130969	0.00018
-0.1166	-0.4238	0.4155	-0.01843067690106012	0.0036896260387160127	-0.004591961261997081	1.23058081	32.39814377	0.95954137	0.055670451769779326	0.0123049	0.00023
-0.1187	-0.3514	0.4163	-0.01842020492554815	0.0036145768808802567	-0.004750786223928565	1.28282869	33.77370071	1.01138828	0.08751730476396045	0.0126091	0.00029
-0.1214	-0.347	0.4563	-0.01938711733115301	0.0037472219040318253	-0.004904375198104066	1.2571063	33.09649277	1.00317741	0.10975732014659643	0.0121257	0.00019
-0.1282	-0.3306	0.423	-0.019315558831821247	0.004017747938090946	-0.005042256209011618	1.17761469	31.00367546	0.98683975	0.08049827721492178	0.0118915	0.0002
-0.125	-0.3466	0.4144	-0.01848827276637593	0.0036704274169440743	-0.004916592502868026	1.17266166	30.87327576	0.95521508	0.09281351463678902	0.0112774	8e-05
-0.1174	-0.4276	0.4121	-0.01803972314861339	0.003555235686312449	-0.004820599394008338	1.13625824	29.91486359	0.97301309	0.12388672286269269	0.0127888	0.00012
-0.1192	-0.3908	0.3916	-0.017975145966289602	0.0037367499285198597	-0.004850269991292241	1.252056	32.96353149	0.97322988	0.07288810109075507	0.0130289	0.00033
-0.1252	-0.4121	0.4311	-0.018795450714726936	0.0035395277230445004	-0.004911356515112043	1.27329051	33.52258301	0.99768225	0.12073067388662476	0.0126426	0.00018
-0.1299	-0.3261	0.4257	-0.019151497882133776	0.003755948550291797	-0.005077162794051505	1.20577323	31.74502182	1.0129327	0.1330137136796799	0.0125111	0.00018
-0.1318	-0.2985	0.4075	-0.01882163065350685	0.0037751471720637348	-0.00503527489200364	1.17903507	31.04107094	0.9819251	0.06724768762233636	0.012828	0.00015
-0.1233	-0.4676	0.4097	-0.01833468379220043	0.003675663404700058	-0.004827580711016315	1.2436142	32.7412796	1.06319574	0.2195062404828712	0.0119673	0.00022
-0.1214	-0.3866	0.3987	-0.018320721158184478	0.003892084231947355	-0.00476125819944053	1.21723759	32.0468483	0.98078095	0.1087352986419518	0.0123455	0.00016
-0.1228	-0.366	0.4247	-0.018613936472519525	0.003864158963915446	-0.004790928796724435	1.31442392	34.60552597	1.02725258	0.0655405589825431	0.0131817	0.00037
-0.1289	-0.3013	0.4554	-0.01934173877060116	0.003939208121751202	-0.004855505979048225	1.27128601	33.46981049	1.02113827	0.14487143191205895	0.0133806	0.00026
-0.129	-0.3887	0.4326	-0.018931586396382493	0.0038065630985996326	-0.004750786223928565	1.21719027	32.04560471	0.99994196	0.14267585762449483	0.0122614	0.00027
-0.1222	-0.4178	0.4219	-0.018216001403064817	0.003611086222376268	-0.004693190358612751	1.15136027	30.31246185	0.96959201	0.09503288674284271	0.012404	0.00034
-0.1194	-0.4232	0.393	-0.018102555001685183	0.003771656513559746	-0.00462337718853298	1.20442677	31.70957375	0.96282977	0.054291493132144174	0.013377	0.00034
-0.1205	-0.4424	0.3838	-0.018072884404401284	0.003867649622419434	-0.004539601384437251	1.24651492	32.81764984	0.9683417	0.03997197551196578	0.0132705	0.00027
-0.126	-0.4171	0.4147	-0.018711674910631207	0.0039339721339952186	-0.004687954370856769	1.2358458	32.53675842	0.99742842	0.1043733002112613	0.0127856	0.00033
-0.1332	-0.3453	0.4236	-0.019291124222293322	0.004139920985730549	-0.00478918346747244	1.22316337	32.20286179	1.0106204	0.13223136300065583	0.0128464	0.00019
-0.1275	-0.3363	0.3762	-0.01864011641129944	0.0041608649367544815	-0.004838052686528281	1.22093904	32.14429855	0.9717424	0.09814104905368275	0.012247	0.00015
-0.1143	-0.4246	0.3573	-0.017941984710501707	0.004049163864626845	-0.004577998627981126	1.21064627	31.87331772	0.98190957	0.17389434157362624	0.0129648	0.00018
-0.1146	-0.3748	0.3481	-0.017968164649281623	0.003979350694547071	-0.004513421445657336	1.24699306	32.83023834	0.98510835	0.06732851455917392	0.0130132	0.00019
-0.1156	-0.4074	0.357	-0.018359118401728353	0.003925245487735247	-0.0044645522266014955	1.28325617	33.78495407	0.98483276	0.06719640891571961	0.0131111	0.0002
-0.1252	-0.3352	0.4133	-0.019161969857645747	0.004153883619746505	-0.004750786223928565	1.22328818	32.20614624	1.01323644	0.2039861792627861	0.0124907	0.0002
-0.1287	-0.3508	0.415	-0.019158479199141754	0.004057890510886817	-0.004878195259324152	1.23448718	32.50098801	0.9625361	0.03214464013796335	0.0120511	8e-05
-0.1173	-0.3776	0.3818	-0.018416714267044162	0.003872885610175417	-0.004707152992628707	1.11907291	29.4624176	0.95739836	0.12629060497522188	0.0127392	0.00014
-0.1167	-0.453	0.3892	-0.01830501319491653	0.004064871827894794	-0.004766494187196514	1.2515378	32.94989014	0.97302638	0.10155142422074089	0.0139423	0.00031
-0.1187	-0.4558	0.3967	-0.018490018095627926	0.004199262180298357	-0.0048188540647563435	1.33982038	35.27415085	0.99789627	0.03088775653373944	0.0136888	0.00022
-0.1192	-0.3327	0.4155	-0.019057250102526086	0.004237659423842232	-0.004729842272904633	1.28606284	33.85884857	1.03068796	0.17713205211468727	0.0129213	0.00019
-0.1221	-0.2999	0.4598	-0.020118410287738638	0.004118977034706617	-0.0048467793327882525	1.24410105	32.75409698	0.98264704	0.14483898171158935	0.0130571	0.0001
-0.1249	-0.286	0.4372	-0.020158552860534504	0.004202752838802345	-0.005026548245743668	1.17638075	30.9711895	0.95889839	0.054484364492350515	0.0130594	0.00016
-0.1269	-0.3909	0.4249	-0.01905550477327409	0.00408756110817072	-0.00506320016003555	1.3218646	34.8014183	1.01052777	0.18194458660919605	0.0128647	0.00041
-0.12	-0.4757	0.4209	-0.01854761396094374	0.00411548637620263	-0.004909611185860049	1.37716258	36.25727844	1.00407937	0.1301702527268882	0.0131254	0.00026
-0.1188	-0.454	0.4156	-0.018755308141931066	0.004146902302738527	-0.004705407663376713	1.19674921	31.50744057	0.97539143	0.050365681500328	0.0130283	0.00025
-0.1218	-0.408	0.4194	-0.01884257460453078	0.0042324234360862495	-0.004707152992628707	1.16727543	30.73147011	0.97410932	0.06152664625997156	0.0124055	0.00029
-0.1279	-0.3565	0.4879	-0.019816468327143618	0.004120722363958612	-0.005054473513775579	1.24230826	32.70689774	1.0105701	0.19774576579436737	0.0128658	0.00022
-0.1286	-0.2661	0.4438	-0.020181242140810435	0.004344124508213886	-0.005098106745075437	1.27912819	33.67627716	1.0025562	0.16679045946109747	0.0132934	0.0002
-0.1275	-0.3924	0.4054	-0.01931032284406526	0.00416435559525847	-0.0051452306348792835	1.33841491	35.23714828	1.04829492	0.22069060497522192	0.0132378	0.00052
-0.1147	-0.4936	0.4121	-0.018940313042642463	0.004084070449666731	-0.00486597795456019	1.3503207	35.55059814	1.03003576	0.15717738136668147	0.013306	0.0003
-0.1168	-0.3989	0.4019	-0.018819885324254857	0.004310963252425994	-0.004782202150464463	1.25436795	33.0243988	1.01585023	0.12855481626212983	0.0122649	0.00018
-0.1148	-0.3548	0.4245	-0.019158479199141754	0.004194026192542374	-0.004738568919164605	1.23380554	32.48304367	0.98164112	0.09365820830351873	0.0135932	0.00018
-0.1165	-0.3129	0.451	-0.02014109956801456	0.004194026192542374	-0.0048467793327882525	1.22545564	32.2632103	0.9811016	0.12464153912482276	0.0131267	0.00015
-0.1214	-0.3734	0.4378	-0.020057323763918833	0.0043266712156939426	-0.005045746867515607	1.3536092	35.63717651	0.9916199	0.09936941809873256	0.0138541	0.00057
-0.1163	-0.4086	0.4323	-0.01980076036387567	0.004174827570770436	-0.004972443038931845	1.33452773	35.13480759	0.97631653	0.06988554367752162	0.0139697	0.00031
-0.115	-0.3808	0.4406	-0.01999972789860302	0.004543092042941239	-0.00478918346747244	1.3053894	34.36766815	0.98559577	0.0749245789178779	0.0129966	0.00027
-0.1135	-0.3994	0.4552	-0.020523326674201318	0.004534365396681268	-0.004783947479716458	1.24722505	32.83634567	0.97878523	0.06157807048071251	0.0134672	0.00016
-0.1097	-0.3517	0.4492	-0.020488420089161432	0.0045204027626653135	-0.004733332931408622	1.1899507	31.32845306	0.95035266	0.062474188368183775	0.0136718	0.00011
-0.118	-0.3712	0.4283	-0.02053205332046129	0.0046198865300289904	-0.004874704600820162	1.28220856	33.75737381	0.96625204	0.06292443340375374	0.0139781	0.0004
-0.1123	-0.3547	0.443	-0.020326104468725962	0.004475024202113462	-0.004707152992628707	1.30128193	34.25952911	1.00788915	0.06281813939211563	0.0133684	0.00018
-0.1203	-0.3414	0.5141	-0.020158552860534504	0.004726351614400644	-0.004782202150464463	1.24552679	32.79163361	1.0377615	0.11709640891571987	0.0126181	0.00022
-0.1199	-0.3001	0.4869	-0.020738002172196623	0.004750786223928565	-0.00485376064979623	1.20706713	31.77908707	0.9775672	0.10267212102609032	0.0129577	0.00023
-0.1133	-0.3603	0.4616	-0.020202186091834363	0.004553564018453206	-0.004909611185860049	1.10915518	29.2013092	0.96135732	0.1315444410950719	0.0119351	0.00016
-0.1098	-0.4296	0.4545	-0.01957212223186441	0.004461061568097506	-0.004820599394008338	1.15925217	30.52023697	0.96519604	0.12047890510886816	0.01311	0.00038
-0.1119	-0.3917	0.4296	-0.01949881840328065	0.004710643651132695	-0.004769984845700502	1.26072979	33.19189072	0.98220886	0.0835750229963393	0.012122	0.00016
-0.1132	-0.4229	0.4362	-0.019657643365212137	0.004740314248416599	-0.004796164784480418	1.20438564	31.70849037	0.99045974	0.04983377489976533	0.0123919	0.00025
-0.1243	-0.367	0.471	-0.020799088696016425	0.004825835381764321	-0.0049898963314517885	1.2689513	33.40834427	1.01206393	0.17283490055616907	0.0136449	0.00023
-0.1226	-0.3189	0.4592	-0.020830504622552322	0.004686209041604775	-0.005071926806295522	1.23178566	32.42986298	0.96108376	0.0742536370769587	0.0127487	0.00018
-0.115	-0.3564	0.4367	-0.019758872461827805	0.004473278872861466	-0.00503527489200364	1.36255932	35.87281036	0.97188297	0.13366071218798536	0.0134873	0.00049
-0.1127	-0.4244	0.4509	-0.020076522385690774	0.004752531553180559	-0.005105088062083414	1.37011623	36.0717659	1.00231235	0.11783578871309176	0.0141435	0.00022
-0.1167	-0.4356	0.4549	-0.020457004162625535	0.004981169685191816	-0.00486946861306418	1.36899292	36.04219055	1.00168189	0.06143696789826263	0.0134876	0.00015
-0.1136	-0.4037	0.4594	-0.02057394122250916	0.004892157893340105	-0.004799655442984407	1.25211692	32.96513748	0.96549484	0.0532881010907553	0.013184	0.00016
-0.1095	-0.3289	0.4545	-0.02053728930821728	0.004745550236172582	-0.004803146101488395	1.31044376	34.50073624	0.97397817	0.09313751149816957	0.0135673	0.00015
-0.1196	-0.3457	0.4996	-0.021352358068898628	0.004831071369520303	-0.005077162794051505	1.29743075	34.15813828	0.99243959	0.130730329329609	0.0144657	0.00026
-0.1228	-0.3727	0.4809	-0.021580996200909884	0.005070181477043527	-0.005045746867515607	1.27055836	33.45065308	0.99046107	0.07385820830351882	0.0138016	0.00019
-0.1207	-0.359	0.4575	-0.02090206312188409	0.004778711491960474	-0.004948008429403923	1.20018637	31.59793282	0.96028355	0.09260707511102646	0.012404	0.00025
-0.1156	-0.414	0.4479	-0.020799088696016425	0.004782202150464463	-0.004803146101488395	1.15499043	30.40803528	0.9627731	0.08226637061435918	0.0137408	0.00019
-0.1172	-0.3967	0.4257	-0.020591394515029098	0.004892157893340105	-0.00476474885794452	1.22259295	32.18784332	0.94494264	0.0589023583703422	0.0140054	0.00033
-0.1215	-0.3775	0.4544	-0.02087064719534819	0.004878195259324152	-0.004902629868852071	1.27824557	33.65303802	0.99383663	0.0737548162621299	0.013766	0.00025
-0.1269	-0.3121	0.4887	-0.021682225297525556	0.005042256209011618	-0.005061454830783556	1.22210407	32.17497253	1.01287286	0.16182320068981573	0.0140406	0.00014
-0.1263	-0.3371	0.4636	-0.02171713188256544	0.004942772441647941	-0.005030038904247658	1.20776558	31.79747391	0.96470043	0.05899031394697306	0.0134726	0.00018
-0.1241	-0.4017	0.4434	-0.021088813351847483	0.00473682358991261	-0.005054473513775579	1.13737154	29.94417381	0.96770534	0.12993509959906047	0.0131516	0.00026
-0.1188	-0.4143	0.4073	-0.020762436781724545	0.004925319149127998	-0.004824090052512327	1.31246614	34.55398178	0.97906267	0.09126277953007891	0.0146301	0.00029
-0.1172	-0.3653	0.3947	-0.02074149283070061	0.004888667234836118	-0.004621631859280984	1.36454594	35.92511368	1.01687043	0.07620270292735792	0.0141225	0.0002
-0.1316	-0.3545	0.4487	-0.021394245970946493	0.005133013330115323	-0.004909611185860049	1.28230417	33.75989151	0.99986706	0.13845392810520768	0.0137855	0.00025
-0.1326	-0.2844	0.4647	-0.021959732648592654	0.005016076270231703	-0.005096361415823441	1.22509849	32.25380707	0.97119636	0.13055869837465872	0.0140645	0.00025
-0.1288	-0.2933	0.4265	-0.02142566189748239	0.004954989746411901	-0.005195845183187119	1.29121995	33.99462128	0.95220191	0.08563205211468727	0.0136757	0.00037
-0.1285	-0.4056	0.4123	-0.02087064719534819	0.004885176576332128	-0.0051836278784231585	1.30861866	34.45268631	1.01824583	0.15865225884889655	0.014284	0.00056
-0.1249	-0.4016	0.4146	-0.020891591146372124	0.005225515780471023	-0.005003858965467743	1.35869002	35.77094269	0.98488822	0.036952603405912186	0.0137966	0.00014
-0.1252	-0.3991	0.4256	-0.020839231268812295	0.005194099853935124	-0.004921828490624009	1.2648288	33.2998085	0.96469588	0.022090313946973063	0.0136707	0.00012
-0.1253	-0.3352	0.436	-0.020989329584483803	0.005215043804959057	-0.005026548245743668	1.16748846	30.73707962	0.96571324	0.088188101090755	0.0145136	0.00018
-0.1289	-0.3226	0.4689	-0.02198940324587656	0.005131268000863328	-0.005166174585903216	1.35437691	35.65738678	0.98798347	0.11027379028240164	0.0160695	0.00029
-0.1292	-0.3323	0.4529	-0.022247711975171718	0.005232497097479001	-0.005120796025351363	1.33122504	35.04785538	0.99976741	0.04624581932313412	0.015017	0.0002
-0.1272	-0.3365	0.4215	-0.021073105388579535	0.005195845183187119	-0.005070181477043527	1.2332654	32.46882248	1.00314559	0.10069365245959508	0.0156646	0.00029
-0.1191	-0.3639	0.4341	-0.020853193902828252	0.0050893800988154655	-0.005014330940979708	1.18552029	31.21181107	0.9689873	0.06721135530933776	0.0144747	0.00015
-0.1176	-0.3954	0.4273	-0.020598375832037073	0.005103342732831419	-0.004972443038931845	1.20917761	31.83465004	0.94684683	0.055333430342749755	0.0147886	0.00023
-0.1178	-0.3644	0.4261	-0.020598375832037073	0.005242969072990966	-0.005066690818539539	1.27729416	33.62799072	0.98985275	0.04409370598836204	0.0143718	0.00016
-0.1174	-0.3911	0.4203	-0.02087064719534819	0.005379104754646523	-0.004968952380427856	1.26545966	33.31641769	0.98632778	0.058207274153917875	0.014836	0.00019
-0.1178	-0.3187	0.4545	-0.021404717946458453	0.005126032013107346	-0.005030038904247658	1.28203189	33.75272369	1.00321625	0.1494115008234621	0.0148579	0.00022
-0.1228	-0.3508	0.4602	-0.022298326523479555	0.005126032013107346	-0.0050893800988154655	1.24813533	32.8603096	0.96858544	0.09044748857944544	0.0158977	0.00026
-0.1299	-0.2982	0.429	-0.021842795588709035	0.0051399946471233	-0.005321508889330711	1.33249724	35.08135223	1.00649234	0.125981117965086	0.0162537	0.00048
-0.125	-0.3333	0.422	-0.02087064719534819	0.004911356515112043	-0.005174901232163186	1.35920358	35.78446198	0.99661176	0.1143697091269812	0.014554	0.0004
-0.1264	-0.4432	0.4327	-0.02113942790015532	0.005199335841691108	-0.005002113636215748	1.3117826	34.53598404	1.05206732	0.15847738136668155	0.0153686	0.00031
-0.1224	-0.405	0.4408	-0.02155830692063396	0.005105088062083414	-0.004944517770899936	1.23646569	32.5530777	0.96993248	0.07883613327010734	0.0152243	0.0002
-0.1228	-0.3063	0.4169	-0.021467549799530253	0.005324999547834699	-0.005092870757319453	1.32478631	34.87834167	1.0035421	0.14595107966372553	0.0176182	0.00022
-0.1224	-0.3683	0.4227	-0.021727603858077406	0.005452408583230286	-0.005054473513775579	1.29108512	33.99107361	1.00959672	0.0894930168743307	0.0166727	0.00018
-0.1224	-0.3348	0.4441	-0.022258183950683685	0.005605997557405786	-0.0050125856117277144	1.30039358	34.2361412	0.9959338	0.09120284844148221	0.0159526	0.00016
-0.1277	-0.2858	0.4917	-0.023209388393020596	0.005480333851262195	-0.0051173053668473745	1.26829886	33.39116669	0.99446063	0.16097939518000812	0.0164969	0.0002
-0.1309	-0.2399	0.4566	-0.023162264503216744	0.0055204764240580646	-0.005237733085234983	1.19774771	31.53372955	0.97330819	0.09458470904936649	0.0170981	0.00038
-0.13	-0.3304	0.4395	-0.022225022694895794	0.005408775351930427	-0.0052499503899989435	1.32513499	34.88751984	0.99224205	0.16155800926062747	0.0159282	0.00041
-0.1204	-0.4059	0.456	-0.02156703356689393	0.005319763560078716	-0.005202826500195096	1.41694546	37.30466461	1.01140578	0.14130624048287108	0.0159436	0.00019
-0.1177	-0.381	0.4426	-0.021320942142362728	0.005618214862169747	-0.005057964172279567	1.23017609	32.38748932	0.98465727	0.07547025272688809	0.0154377	0.00011
-0.1179	-0.3622	0.4367	-0.02106263341306757	0.005551892350593962	-0.004960225734167885	1.20285177	31.66810799	0.96531961	0.04601848394913126	0.0155928	0.00016
-0.1153	-0.3467	0.4261	-0.020657717026604884	0.005527457741066041	-0.004864232625308196	1.09991074	28.95792389	0.9422487	0.0549672052425148	0.0155315	0.00027
-0.1176	-0.3885	0.4318	-0.020799088696016425	0.005553637679845957	-0.005049237526019596	1.29929471	34.20721054	0.96768608	0.06742782544514284	0.0154734	0.00034
-0.1218	-0.3525	0.475	-0.021568778896145925	0.005670574739729577	-0.0051173053668473745	1.36072016	35.82439041	1.00767799	0.13113475504204494	0.0154124	0.00022
-0.1304	-0.2803	0.4572	-0.02199463923363254	0.005855579640440977	-0.005049237526019596	1.26886964	33.40619278	1.0129494	0.1325466539512896	0.0150463	0.00027
-0.1272	-0.3466	0.4471	-0.022102849647256187	0.005599016240397809	-0.005209807817203074	1.21484804	31.98394012	0.97763212	0.1058672052425146	0.0146578	0.00016
-0.1226	-0.4305	0.4284	-0.02096664030420788	0.005393067388662479	-0.005068436147791533	1.22537661	32.26113129	0.97954522	0.18137649320975888	0.014153	0.00022
-0.1171	-0.4272	0.4022	-0.020823523305544347	0.005640904142445672	-0.0049462631001519295	1.23813677	32.5970726	0.97254742	0.06065634000431645	0.014244	0.00015
-0.1183	-0.4163	0.4051	-0.02097013096271187	0.0057089719832734516	-0.004883431247080134	1.26156509	33.21388245	0.97780779	0.028875367553354892	0.0142766	0.00026
-0.123	-0.3317	0.4247	-0.021252874301534948	0.005785766470361203	-0.0048904125640881115	1.29444218	34.07945633	1.00583967	0.1272259571459404	0.014818	0.00026
-0.1285	-0.2697	0.4691	-0.022413518254111177	0.005787511799613196	-0.005174901232163186	1.21853781	32.08108139	0.98780934	0.18424389749516487	0.0160815	0.00016
-0.1282	-0.258	0.4321	-0.02260375914257856	0.005787511799613196	-0.005230751768227006	1.49532807	39.36828232	0.97986941	0.06130457122656022	0.0172983	0.0007
-0.1277	-0.2899	0.4147	-0.022355922388795364	0.005850343652684992	-0.005318018230826722	1.35179961	35.58953476	0.99065629	0.06969675347273539	0.0174407	0.0004
-0.1242	-0.433	0.4378	-0.021565288237641936	0.005914920835008782	-0.0051731559029111925	1.35306191	35.6227684	1.06811107	0.21970368306963745	0.013921	0.00016
-0.1261	-0.4411	0.4447	-0.020991074913735804	0.006052801845916334	-0.005033529562751646	1.23689127	32.56428146	0.99221296	0.05948603374866145	0.0170279	0.0001
-0.124	-0.3914	0.4429	-0.021240656996770992	0.006124360345248102	-0.004968952380427856	1.12900341	29.7238636	0.96392009	0.0728858882345372	0.0151229	0.00012
-0.1228	-0.348	0.4171	-0.02145009650701031	0.0062290801003677615	-0.0049898963314517885	1.28414941	33.80847168	0.97590576	0.08715516081914551	0.0163344	0.00029
-0.1162	-0.2915	0.4056	-0.021544344286618004	0.00628842129493557	-0.004857251308300219	1.29959309	34.215065	0.99200268	0.08891169986635358	0.0168411	0.00022
-0.1266	-0.2906	0.4435	-0.02129301687433082	0.006227334771115768	-0.004977679026687828	1.23856175	32.60826111	1.00287799	0.07084208272472961	0.0153256	0.0002
-0.1306	-0.2648	0.4656	-0.021287780886574837	0.005719443958785417	-0.004925319149127998	1.27563667	33.5843544	1.00853945	0.08017433388230828	0.0149392	0.00016
-0.1302	-0.3157	0.4108	-0.020598375832037073	0.005618214862169747	-0.00506320016003555	1.2429266	32.72317886	0.98631919	0.1525257581030493	0.0132803	0.00018
-0.1331	-0.3993	0.3894	-0.019359192063121103	0.0053162729015747276	-0.005162683927399226	1.30665803	34.40106964	1.00059791	0.1899304748437333	0.013948	0.00042
-0.1271	-0.5079	0.3899	-0.019423769245444894	0.005485569839018178	-0.005080653452555493	1.40856636	37.08406067	1.03208004	0.1308952297305488	0.0144711	0.00034
-0.1286	-0.3588	0.3695	-0.01951976235430458	0.005756095873077299	-0.004949753758655919	1.3073312	34.41879272	1.06316394	0.1958709418409192	0.0128735	0.00027
-0.1286	-0.3197	0.381	-0.020059069093170828	0.0058747782622129135	-0.004804891430740389	1.23473632	32.50754929	0.96720845	0.09074257279586953	0.0132142	0.00019
-0.126	-0.3971	0.3852	-0.02057568655176115	0.005955063407804653	-0.0048624872960562025	1.26398003	33.27746201	0.96619145	0.11692492347489376	0.0139565	0.00014
-0.1289	-0.2809	0.423	-0.021277308911062873	0.006031857894892403	-0.0050509828552715895	1.39592183	36.75116348	1.04206921	0.205245620280243	0.0161698	0.00044
-0.135	-0.2852	0.429	-0.02171713188256544	0.0062343160881237454	-0.005024802916491674	1.35425425	35.65415955	1.00271173	0.049823055175691376	0.016013	0.00027
-0.1355	-0.3434	0.4162	-0.021472785787286234	0.006098180406468187	-0.004928809807631986	1.25334239	32.99739838	1.01410756	0.09532374428972269	0.0151934	0.00029
-0.1354	-0.4548	0.3904	-0.020657717026604884	0.005878268920716902	-0.004993386989955777	1.16836977	30.76028252	0.99852458	0.19227787143782127	0.0145711	0.00015
-0.1335	-0.4218	0.3856	-0.020577431881013145	0.006061528492176306	-0.004988151002199794	1.26337779	33.26160812	0.96565787	0.05313903524035631	0.0147406	0.00023
-0.1328	-0.3427	0.382	-0.020790362049756452	0.006085963101704227	-0.004899139210348083	1.35512686	35.67713165	1.00951931	0.09971882850614701	0.0145243	0.00019
-0.1366	-0.3512	0.3729	-0.020629791758572973	0.006277949319423604	-0.004783947479716458	1.23726332	32.57407761	0.97867129	0.04478741197672401	0.0138588	0.00022
-0.1367	-0.3469	0.4036	-0.020851448573576258	0.006070255138436278	-0.00486946861306418	1.23313248	32.4653244	0.97390369	0.06084360646691663	0.0136184	0.0001
-0.1395	-0.2949	0.4499	-0.021560052249885952	0.005967280712568612	-0.005052728184523583	1.22764015	32.32072449	0.98903461	0.1508418836818382	0.0144554	0.00018
-0.1451	-0.2628	0.3986	-0.0216071761396898	0.0059690260418206065	-0.005229006438975011	1.32160175	34.79449844	1.0233577	0.10025737367536358	0.0159414	0.00041
-0.14	-0.3638	0.3735	-0.021050416108303608	0.00564788545945365	-0.0051399946471233	1.32076609	34.77249908	1.02026758	0.179545620280243	0.0147257	0.00016
-0.1398	-0.3639	0.3688	-0.020352284407505875	0.00588525023772488	-0.00503527489200364	1.24681413	32.82552719	0.98168565	0.05701081170943115	0.0132284	0.00022
-0.1372	-0.3706	0.3731	-0.020539034637469273	0.005761331860833282	-0.004942772441647941	1.21445405	31.97356606	0.95839989	0.03375855286053474	0.013332	0.0001
-0.1372	-0.3947	0.3654	-0.020596630502785082	0.005766567848589266	-0.004879940588576145	1.26253605	33.23944473	0.95087935	0.03808318530717943	0.0147656	0.00027
-0.1369	-0.3139	0.3535	-0.02080083402526842	0.00598647933434055	-0.004975933697435834	1.33357859	35.10982132	1.00932492	0.11900540585471552	0.0156672	0.00031
-0.1366	-0.2871	0.3733	-0.021350612739646634	0.0060632738214283005	-0.004977679026687828	1.3388052	35.24742508	1.03181045	0.0783159265358979	0.0152573	0.00033
-0.1424	-0.2625	0.4242	-0.022476350107182977	0.005914920835008782	-0.005010840282475721	1.27646136	33.60606384	0.9992314	0.14666258048718772	0.0154526	0.0003
-0.1427	-0.2892	0.3857	-0.022211060060879837	0.0059358647860327145	-0.0051452306348792835	1.27211654	33.49167633	0.96005848	0.08653121748653178	0.0152845	0.00018
-0.1443	-0.383	0.3697	-0.021532126981854045	0.005900958200992828	-0.005255186377754926	1.29034245	33.97151947	0.99834614	0.15258977034706608	0.0148082	0.00033
-0.1374	-0.3958	0.3549	-0.020935224377671983	0.005956808737056647	-0.005003858965467743	1.35519481	35.67892075	0.98317513	0.07970402762665316	0.0142044	0.00019
-0.1433	-0.3963	0.3526	-0.02092126174365603	0.006016149931624455	-0.004911356515112043	1.24350929	32.73851776	0.98278403	0.016990313946973083	0.0149645	0.00025
-0.1402	-0.3376	0.3505	-0.021024236169523692	0.0059131755057567886	-0.00488168591782814	1.21867704	32.08474731	0.96965382	0.07568097245096163	0.0163292	0.00025
-0.144	-0.3133	0.3608	-0.021076596047083524	0.0058538343111889804	-0.004925319149127998	1.29072726	33.98165131	0.96736022	0.04616671517137494	0.0170143	0.00037
-0.1503	-0.337	0.4004	-0.02187770217374892	0.006065019150680294	-0.005171410573659199	1.2896204	33.95251083	1.00834208	0.1325191195343955	0.017249	0.0004
-0.1495	-0.2778	0.367	-0.02186199421048097	0.006049311187412347	-0.005080653452555493	1.26288176	33.2485466	1.03052685	0.09950865238198024	0.0160312	0.00025
-0.1425	-0.3348	0.3464	-0.020926497731412013	0.005712462641777441	-0.004968952380427856	1.21904624	32.09446716	0.97301711	0.15380230484157492	0.0143025	0.00025
-0.1415	-0.3644	0.339	-0.020804324683772406	0.0057648225193372695	-0.004949753758655919	1.11087132	29.24649048	0.96225751	0.04768657734856865	0.0154765	0.00026
-0.144	-0.344	0.3165	-0.020727530196684656	0.005948082090796675	-0.004892157893340105	1.27029276	33.44366074	0.95526787	0.06128249619314852	0.0159419	0.0004
-0.1484	-0.3392	0.3272	-0.02110626664436743	0.0058869955669768725	-0.004970697709679851	1.31536281	34.63024521	0.99262055	0.04581813939211608	0.0157295	0.00035
-0.1518	-0.3294	0.3791	-0.022183134792847926	0.006127851003752092	-0.005044001538263612	1.26387501	33.27469635	1.02138997	0.1346513706919738	0.0163798	0.0003
-0.1509	-0.2312	0.3683	-0.022750366799746086	0.0060842177724522335	-0.005106833391335408	1.27313685	33.51853943	1.02566898	0.1435848545634907	0.0170081	0.00038
-0.148	-0.2676	0.3293	-0.021896900795520854	0.005949827420048669	-0.005105088062083414	1.27035248	33.44523239	0.97112253	0.1277800842940396	0.0168743	0.00038
-0.1439	-0.3802	0.3446	-0.021320942142362728	0.00589397688398485	-0.005150466622635266	1.26820445	33.3886795	1.01843171	0.16585938748868986	0.0148669	0.0002
-0.1404	-0.403	0.3354	-0.021390755312442503	0.006136577650012062	-0.005061454830783556	1.35275066	35.61457443	0.99920232	0.05557128639793495	0.0154877	0.00025
-0.1451	-0.3183	0.3138	-0.021247638313778967	0.006154030942532006	-0.004993386989955777	1.2689079	33.40719986	1.01201857	0.12243190660056288	0.0176775	0.00037
-0.1443	-0.3113	0.3247	-0.021734585175085388	0.005958554066308641	-0.005003858965467743	1.10446346	29.0777874	0.94584519	0.05334478565208753	0.0170304	0.00031
-0.152	-0.2254	0.3624	-0.02231228915749551	0.0060353485533963915	-0.005066690818539539	1.39614117	36.75693893	1.02661332	0.16716651612848335	0.0186522	0.00059
-0.1532	-0.2416	0.3405	-0.022633429739862463	0.006016149931624455	-0.005166174585903216	1.33823454	35.23239899	1.00476483	0.0612911485751284	0.0184293	0.00035
-0.1549	-0.2801	0.3012	-0.0219457700145767	0.006143558967020039	-0.005241223743738971	1.25688779	33.0907402	1.0112671	0.12400589592585512	0.0170237	0.0005
-0.1523	-0.3562	0.3011	-0.021198769094723124	0.006019640590128442	-0.005379104754646523	1.27171874	33.48120499	1.00870804	0.12924001538263633	0.0155605	0.00016
-0.1479	-0.3485	0.2959	-0.021156881192675264	0.0060685098091842835	-0.005429719302954359	1.19228971	31.39003372	0.95028809	0.024368583470576903	0.0164858	0.00029
-0.1503	-0.3247	0.3081	-0.02122494903350304	0.006169738905799955	-0.005489060497522166	1.23604333	32.54195786	0.97456118	0.049831906600562755	0.0159588	0.00034
-0.1487	-0.3249	0.3706	-0.02216393617107599	0.006243042734383717	-0.005510004448546098	1.27786851	33.64311218	1.00657644	0.11596174585903209	0.0160574	0.00026
-0.1544	-0.2029	0.3512	-0.02246413280241901	0.00644201026911107	-0.005567600313861911	1.22195148	32.17095566	1.05242218	0.17493800156930944	0.018095	0.0005
-0.1523	-0.3185	0.341	-0.02187246618599294	0.006201154832335853	-0.005496041814530144	1.21925414	32.09994125	1.00980116	0.17310402762665272	0.0163218	0.0002
-0.1454	-0.387	0.3304	-0.021676989309769572	0.006106907052728159	-0.005518731094806069	1.12679195	29.66563988	0.96152111	0.1016206968053494	0.0161382	0.00019
-0.1471	-0.4059	0.3201	-0.02163161074921772	0.0061959188445798695	-0.005455899241734273	1.23426604	32.49516678	0.9527393	0.040761110273767845	0.0169321	0.00034
-0.1488	-0.3758	0.3324	-0.021694442602289518	0.006166248247295967	-0.0055431657043339905	1.28377569	33.79863358	0.97678388	0.05308844564777074	0.0164408	0.00029
-0.1545	-0.2894	0.377	-0.022361158376551345	0.0064228116473391324	-0.005597270911145814	1.25579131	33.06187439	1.02327787	0.18556921905584084	0.016263	0.00019
-0.152	-0.2256	0.367	-0.022724186860966174	0.006384414403795257	-0.0055710909723658995	1.2608521	33.19511032	0.98931651	0.0976802833369309	0.0180634	0.00038
-0.1519	-0.3229	0.343	-0.022322761133007473	0.006190682856823887	-0.005640904142445672	1.20913792	31.83360672	0.99489576	0.15464852225049217	0.0169864	0.00026
-0.1524	-0.3718	0.3283	-0.021483257762798205	0.0060964350772161925	-0.005609488215909776	1.22388422	32.2218399	0.99081589	0.11235835381764296	0.0158914	0.00042
-0.151	-0.3913	0.333	-0.021519909677090086	0.006286675965683575	-0.005717698629533424	1.33773816	35.21932983	0.97832672	0.042355160819145525	0.0162638	0.00029
-0.1521	-0.3195	0.3276	-0.02160892146894179	0.006368706440527309	-0.005562364326105927	1.27920318	33.67824936	1.02938576	0.09461882850614685	0.0158668	0.0003
-0.1558	-0.3429	0.3778	-0.022092377671744226	0.006157521601035994	-0.005618214862169747	1.26989508	33.43318939	1.00909999	0.11482457891787844	0.0157743	0.00022
-0.1548	-0.2521	0.384	-0.022725932190218165	0.006082472443200237	-0.005612978874413764	1.24548411	32.79051208	0.98355437	0.13369198320328393	0.0169349	0.00026
-0.1545	-0.2756	0.3419	-0.022469368790175	0.006077236455444256	-0.005721189288037411	1.33680856	35.19485855	0.99771207	0.08440049007113981	0.0186585	0.0008
-0.1531	-0.3759	0.3291	-0.021472785787286234	0.006012659273120465	-0.005640904142445672	1.38794911	36.54125977	1.03793902	0.1715722665402147	0.0165911	0.00031
-0.1512	-0.3409	0.3276	-0.021418680580474414	0.006213372137099812	-0.005503023131538122	1.27615559	33.59801483	0.99230767	0.05803495408493595	0.0165998	0.00037
-0.1514	-0.3357	0.3408	-0.02175203846760533	0.0061453042962720346	-0.00554665636283798	1.19583082	31.48326302	0.96073229	0.040852947962927606	0.0164745	0.00033
-0.1512	-0.3246	0.3148	-0.02147453111653823	0.006307619916707506	-0.0056653387519735934	1.37254715	36.13576508	0.96175715	0.06522526803190935	0.0217022	0.00057
-0.1537	-0.2962	0.3278	-0.022162190841823994	0.006202900161587847	-0.005719443958785417	1.35221708	35.6005249	0.98912412	0.08622423436086235	0.0190653	0.00045
-0.1539	-0.3199	0.3277	-0.022247711975171718	0.006393141050055229	-0.005640904142445672	1.28443623	33.81602478	0.99217952	0.04171509190774248	0.0175563	0.00037
-0.1563	-0.3136	0.4342	-0.023246040307312477	0.006126105674500097	-0.005696754678509492	1.32353377	34.84536362	1.05709386	0.18126071218798556	0.0172932	0.00027
-0.1658	-0.311	0.5304	-0.023670155315547097	0.006028367236388414	-0.005759586531581288	1.32632804	34.91893005	1.03347166	0.137534264970905	0.0189338	0.00068
-0.2263	-0.4792	0.7241	-0.014348351780645384	0.004082325120414737	-0.0064280476350951155	2.1965394	57.82944107	2.06315035	1.0192153377194608	0.0355452	0.02408
-0.2205	-0.4508	0.7999	-0.01275835683207855	0.004012511950334963	-0.005949827420048669	1.58869123	41.82630539	1.40716205	0.2169014166846528	0.0455409	0.02185
-0.2098	-0.3607	0.7612	-0.012386601701403757	0.0044156830075456534	-0.005640904142445672	1.21792531	32.06495667	1.1185001	0.19369247327442407	0.043509	0.01641
-0.2207	-0.5428	0.8334	-0.011568042282218416	0.0047193702973926666	-0.005503023131538122	1.35203195	35.59564972	1.27397488	0.3282063859969952	0.0574949	0.03925
-0.2116	-0.6533	0.9117	-0.013826498334299078	0.005227261109723017	-0.005728170605045389	1.35658169	35.71543503	1.21186873	0.347474716895914	0.06104	0.04498
-0.2112	-0.7828	0.8076	-0.015107570005262918	0.00629714794119554	-0.006485643500410928	1.47723424	38.89191818	1.19371665	0.38942156989009513	0.0531769	0.03121
-0.1915	-0.8019	0.765	-0.015840608291100535	0.006473426195646968	-0.00607898178469625	1.55509615	40.94182968	1.14864233	0.14719891280018607	0.0475802	0.02403
-0.1821	-0.7536	0.7269	-0.015810937693816633	0.006005677956112489	-0.005640904142445672	1.37076116	36.08874512	1.09890626	0.14257482395344787	0.0389301	0.01409
-0.1827	-0.6784	0.7003	-0.01691922176883303	0.006045820528908357	-0.005506513790042109	1.43090475	37.67217636	1.08623884	0.16654085001079139	0.0331393	0.00786
-0.1929	-0.6008	0.6826	-0.017462019166203265	0.0062622413561556544	-0.005640904142445672	1.51726079	39.94571686	1.07603827	0.1501804288510548	0.0275031	0.00384
-0.1935	-0.5991	0.6731	-0.018254398646608695	0.006019640590128442	-0.005670574739729577	1.17189193	30.85301208	0.98422735	0.06503254218582738	0.0252305	0.00274
-0.2024	-0.5383	0.705	-0.018901915799098588	0.006154030942532006	-0.006049311187412347	1.39517677	36.73154831	1.01502751	0.1596321976288112	0.0252228	0.00296
-0.2026	-0.5139	0.6947	-0.019481365110760707	0.006368706440527309	-0.006143558967020039	1.34074318	35.29844666	1.02266946	0.07931862946325566	0.0249517	0.00234
-0.2011	-0.5166	0.6884	-0.019296360210049306	0.0063058745874555126	-0.006075491126192261	1.26645899	33.34272766	0.98438523	0.026295229730548632	0.0243551	0.00228
-0.1975	-0.5396	0.6964	-0.020450022845617557	0.006511823439190843	-0.00602662190713642	1.16201794	30.59305382	0.98438157	0.10502403531797116	0.0257019	0.00249
-0.1908	-0.5382	0.6805	-0.020429078894593628	0.006475171524898962	-0.005958554066308641	1.33011711	35.0186882	0.97279474	0.03028318530717943	0.0258901	0.0029
-0.1898	-0.5804	0.6707	-0.020334831114985935	0.006436774281355088	-0.006031857894892403	1.33842051	35.23729706	1.01399076	0.0632974425867665	0.0279953	0.00448
-0.1883	-0.5972	0.6534	-0.020488420089161432	0.006607816548050532	-0.005934119456780722	1.35327137	35.62828064	1.00823843	0.05671848394913103	0.0289292	0.00485
-0.1937	-0.5125	0.6828	-0.020985838925979817	0.006709045644666203	-0.005993460651348527	1.29678881	34.14123535	1.02421053	0.1523994564000931	0.0279394	0.00544
-0.1958	-0.5498	0.6929	-0.021186551789959165	0.006836454680061789	-0.0062063908200918365	1.19185102	31.37848473	0.99829981	0.07655260340591219	0.029571	0.00654
-0.1888	-0.5101	0.6501	-0.020572195893257164	0.006633996486830446	-0.006105161723476165	1.21617854	32.01896667	0.99229664	0.13540215932745067	0.026678	0.00613
-0.1977	-0.5516	0.6531	-0.02060361181979306	0.006677629718130304	-0.006225589441863773	1.27501845	33.56807709	1.01229502	0.06317384381116813	0.0291133	0.00789
-0.1971	-0.5003	0.6493	-0.02016378884829049	0.006510078109938849	-0.006201154832335853	1.38536549	36.4732399	1.0229801	0.08729045946109741	0.0277491	0.00728
-0.2001	-0.5238	0.6421	-0.020511109369437362	0.006668903071870333	-0.006124360345248102	1.21991146	32.11724472	1.00781025	0.06284699850830552	0.0278464	0.00672
-0.2033	-0.5321	0.6474	-0.020814796659284374	0.0069027771916375736	-0.006148794954776023	1.260952	33.19774246	0.98669611	0.04489980095710858	0.028657	0.00574
-0.2047	-0.4859	0.6325	-0.020923007072908024	0.0069097585086455495	-0.006199409503083859	1.20108116	31.62149048	1.0232329	0.07079031394697312	0.0262549	0.00495
-0.218	-0.3716	0.4743	-0.014821336007935846	0.007066838141325039	-0.007112216701876892	1.94208539	51.1302948	1.69643838	0.644377894822235	0.0368297	0.01086
-0.2496	-0.5304	0.2999	-0.014405947645961197	0.00450294947014537	-0.007379252077432025	2.16747904	57.06435013	1.8780357	0.5271156204354726	0.0359151	0.01223
-0.234	-0.4229	0.4725	-0.019205603088945603	0.00566010276421761	-0.007016223593017205	1.65708601	43.62696838	1.49138738	0.6116918610735733	0.0216878	0.00309
-0.2255	-0.4625	0.5289	-0.021327923459370707	0.006134832320760068	-0.006935938447425466	1.15678096	30.4551754	1.02271402	0.2383667536279652	0.021604	0.00192
-0.2258	-0.4651	0.5597	-0.021259855618542926	0.00644201026911107	-0.006977826349473328	1.16257453	30.60770798	1.00454892	0.0545566845613322	0.022485	0.00154
-0.2261	-0.3726	0.6448	-0.021565288237641936	0.006633996486830446	-0.0070528755073090855	1.29144192	34.00046539	1.04325897	0.2065233997327072	0.0226004	0.00192
-0.2274	-0.4469	0.5818	-0.02091428042664805	0.0066165431943105025	-0.007225663103256523	1.15998733	30.53959084	1.00756665	0.1806624349730634	0.0210609	0.00099
-0.2196	-0.5157	0.5396	-0.020217894055102315	0.006593853914034577	-0.0069481557521894255	1.21110296	31.88534164	1.00128784	0.1686291501444379	0.0198288	0.00085
-0.2217	-0.4861	0.529	-0.02028945255443408	0.006684611035138282	-0.007007496946757234	1.27365816	33.53226471	0.98527998	0.05338284075016399	0.0186	0.00085
-0.2229	-0.4749	0.5182	-0.020380209675537785	0.006613052535806515	-0.0067369709126981125	1.28705549	33.88498306	0.99766709	0.0448420827247296	0.0194867	0.00095
-0.2244	-0.4387	0.5585	-0.020722294208928675	0.006803293424273897	-0.0067038096569102205	1.25839329	33.13037872	1.00635685	0.1062743338823082	0.0187678	0.00063
-0.2301	-0.3529	0.6269	-0.021310470166850764	0.006733480254194123	-0.006880087911361647	1.29851997	34.18681335	1.02688118	0.2016133691226644	0.0206844	0.00082
-0.2282	-0.4211	0.6146	-0.02157925087165789	0.006761405522226033	-0.007038912873293131	1.17919517	31.04528618	0.97706696	0.10517654673852594	0.0201791	0.00055
-0.2243	-0.5581	0.5715	-0.021109757302871415	0.0067160269616741795	-0.007065092812073046	1.30494452	34.35595703	1.0460914	0.21105260340591225	0.0220175	0.00075
-0.2193	-0.5422	0.5581	-0.02130872483759877	0.006827728033801816	-0.006874851923605664	1.30793905	34.43479538	1.00615551	0.05934547476611866	0.020705	0.0007
-0.2167	-0.4723	0.5351	-0.021268582264802896	0.006887069228369624	-0.006813765399785863	1.22666967	32.29517365	1.01955925	0.10352851455917415	0.0202509	0.00045
-0.2195	-0.4394	0.5419	-0.021387264653938514	0.00665144977935039	-0.006677629718130304	1.21359217	31.95087624	0.9942381	0.06702187599052055	0.0177825	0.00042
-0.2256	-0.4726	0.6165	-0.022005111209144505	0.0065886179262785935	-0.006853907972581732	1.19165707	31.37337875	1.02708589	0.15674783313646076	0.0216728	0.00082
-0.2268	-0.3912	0.5844	-0.02192133540504878	0.006665412413366345	-0.006935938447425466	1.28475869	33.82451248	1.03168837	0.12683003830136058	0.0199017	0.00068
-0.2251	-0.4399	0.5355	-0.021226694362755035	0.006567673975254662	-0.006916739825653527	1.25496256	33.04005432	1.05203655	0.13987890510886838	0.0185658	0.00064
-0.2147	-0.5355	0.5286	-0.021050416108303608	0.006543239365726741	-0.006724753607934152	1.28685439	33.87968826	1.0232554	0.13253495408493615	0.0192996	0.00072
-0.2154	-0.4773	0.5172	-0.020999801559995774	0.0069027771916375736	-0.0066217791820664855	1.22183526	32.16789627	1.00170269	0.0959563400043166	0.0177785	0.0005
-0.2138	-0.5225	0.5184	-0.021170843826691217	0.006705554986162213	-0.00662352451131848	1.22529173	32.25889587	0.97133088	0.06650049007113987	0.0192729	0.00049
-0.2121	-0.445	0.4885	-0.021097539998107456	0.006647959120846402	-0.006574655292262638	1.30063987	34.24262619	0.97721178	0.11808844564777064	0.0175539	0.00048
-0.2193	-0.4706	0.5374	-0.021355848727402614	0.006586872597026601	-0.006785840131753953	1.35493159	35.67199326	1.0321478	0.10822900463031367	0.0201578	0.00082
-0.2227	-0.3831	0.5484	-0.021900391454024844	0.006766641509982015	-0.006825982704549823	1.33151329	35.05544662	1.04315942	0.1401227106186758	0.0192086	0.00052
-0.2208	-0.4594	0.5194	-0.02156703356689393	0.006564183316750673	-0.006717772290926174	1.2803719	33.70901871	1.01447508	0.13940132469929528	0.0178744	0.00048
-0.217	-0.5356	0.5236	-0.021275563581810878	0.006426302305843123	-0.006780604143997971	1.20252895	31.65960884	0.99584037	0.10880914245311991	0.0182317	0.0005
-0.2137	-0.442	0.5	-0.021284290228070848	0.006501351463678877	-0.006628760499074463	1.34360206	35.37371445	1.01308638	0.1322809724509615	0.0176077	0.00057
-0.2135	-0.4635	0.5054	-0.021694442602289518	0.006510078109938849	-0.006581636609270616	1.39643669	36.7647171	1.01586404	0.050400145514124445	0.0180737	0.0004
-0.2225	-0.3517	0.5358	-0.022015583184656476	0.0067648961807300215	-0.006581636609270616	1.35157645	35.58366013	1.05365316	0.17999793265790665	0.0165651	0.00037
-0.2244	-0.3781	0.5394	-0.022287854547967587	0.006717772290926174	-0.006661921754862355	1.19545066	31.47325516	0.98354684	0.051884019935334806	0.0168973	0.00029
-0.2189	-0.4185	0.4853	-0.021495475067562164	0.006625269840570476	-0.006660176425610361	1.19720876	31.51953888	0.96123871	0.14433136300065577	0.0149781	0.00027
-0.2158	-0.5139	0.4611	-0.02149023907980618	0.006702064327658226	-0.006398377037811212	1.27842605	33.65779114	0.99571781	0.1398914931321442	0.0174923	0.00044
-0.2172	-0.4626	0.4616	-0.021549580274373984	0.006733480254194123	-0.006375687757535285	1.35173368	35.58779907	0.98821557	0.058872320068981424	0.0166851	0.00023
-0.2235	-0.3967	0.4746	-0.021560052249885952	0.006939429105929455	-0.0063948863793072235	1.26244748	33.23711395	1.00172213	0.09698097245096193	0.0156505	0.00029
-0.2237	-0.4144	0.5463	-0.022132520244540092	0.006752678875966061	-0.006607816548050532	1.22591174	32.27521896	1.00822352	0.13820741966804212	0.0168587	0.0003
-0.2197	-0.4091	0.5134	-0.021806143674417154	0.006536258048718765	-0.006653195108602383	1.31681645	34.66851425	0.96488787	0.07160879789610428	0.0162877	0.0004
-0.2111	-0.4833	0.451	-0.02116560783893523	0.0064332836228510985	-0.00647866218340295	1.34905171	35.51718903	1.02625032	0.19110215932745112	0.0171137	0.00033
-0.2135	-0.4792	0.4511	-0.021362830044410593	0.00662352451131848	-0.006326818538479445	1.41520667	37.25888443	1.00775084	0.03356533694331247	0.0161952	0.00035
-0.2091	-0.4563	0.4544	-0.021649064041737665	0.006464699549386996	-0.006281439977927592	1.20416629	31.70271492	0.97565424	0.055121875990520486	0.0155558	0.00014
-0.2177	-0.4194	0.4919	-0.02171713188256544	0.00650658745143486	-0.006538003377970758	1.33005166	35.01696396	0.99630299	0.1013259571459403	0.0165736	0.00026
-0.2191	-0.4166	0.5447	-0.02200336587989251	0.006550220682734718	-0.006740461571202101	1.29399467	34.06767273	1.01677018	0.08361627109291339	0.0181537	0.0004
-0.2205	-0.361	0.5307	-0.02226865592619565	0.006717772290926174	-0.006745697558958083	1.24086201	32.66882324	0.99468246	0.09290388211252897	0.0174773	0.00033
-0.2137	-0.4356	0.5216	-0.02199987522138852	0.006571164633758651	-0.006649704450098395	1.21404648	31.96283722	0.9951212	0.116069073541717	0.0174583	0.00019
-0.2105	-0.5843	0.546	-0.022095868330248212	0.006375687757535285	-0.006607816548050532	1.22705472	32.3053093	1.05350307	0.19296789435654613	0.0217986	0.00045
-0.2103	-0.4569	0.4972	-0.02175203846760533	0.006501351463678877	-0.006538003377970758	1.40071809	36.87743759	1.06523256	0.2033653369433125	0.0174736	0.00031
-0.2094	-0.481	0.4692	-0.021790435711149202	0.006520550085450815	-0.006401867696315201	1.31911147	34.72893524	0.9992121	0.06268657734856825	0.0170225	0.00026
-0.216	-0.4274	0.5215	-0.022190116109855905	0.006466444878638991	-0.006443755598363065	1.30581069	34.37876129	1.0213729	0.13728367537831945	0.0173514	0.00046
-0.2224	-0.3623	0.5491	-0.022858577213369733	0.006455972903127025	-0.006724753607934152	1.19701612	31.51446915	0.998086	0.14709655442984407	0.0182486	0.00025
-0.2235	-0.4295	0.4961	-0.022418754241867164	0.006462954220135002	-0.006773622826989993	1.39515758	36.73104095	0.97078613	0.14608367537831937	0.018576	0.0005
-0.2193	-0.4832	0.4459	-0.02153910829886202	0.006660176425610361	-0.006705554986162213	1.33216798	35.07268143	1.00029981	0.16534679946541414	0.0174986	0.00055
-0.22	-0.5112	0.426	-0.02158448685941387	0.0067928214487619305	-0.006445500927615059	1.31322205	34.57388306	0.98983586	0.07050388211252871	0.0168224	0.00034
-0.2193	-0.438	0.4391	-0.021711895894809458	0.006607816548050532	-0.006361725123519331	1.21722901	32.04662323	0.98204727	0.10680948701013568	0.016081	0.00026
-0.2248	-0.3777	0.5072	-0.022528709984742806	0.006380923745291268	-0.006654940437854378	1.1768496	30.98353386	0.99023413	0.20074611035138287	0.01722	0.00029
-0.2244	-0.3822	0.49	-0.022321015803755482	0.0064053583548191895	-0.006633996486830446	1.37129569	36.10281754	0.99431827	0.03475363707695883	0.0172741	0.00049
-0.2202	-0.4524	0.4337	-0.021753783796857322	0.0066165431943105025	-0.0065606926582466845	1.36776423	36.00984192	1.0137114	0.17328603374866175	0.0174817	0.00029
-0.2224	-0.4522	0.4258	-0.02179741702815718	0.006719517620178169	-0.006375687757535285	1.3055582	34.37211227	0.99894471	0.02688062789394621	0.0168395	0.00031
-0.2209	-0.4655	0.4387	-0.02200336587989251	0.006574655292262638	-0.006396631708559217	1.1845175	31.18541145	0.96576602	0.046287756533739566	0.0163392	0.00016
-0.2205	-0.4252	0.4311	-0.021846286247213024	0.006572909963010645	-0.006391395720803235	1.31206357	34.54338455	0.95606728	0.05650304748437307	0.017719	0.00026
-0.2194	-0.4146	0.4488	-0.021879447503000915	0.006635741816082441	-0.006525786073206799	1.30271912	34.2973671	1.00050012	0.040919173063162506	0.0172866	0.00031
-0.2246	-0.3988	0.5427	-0.02242224490037115	0.006756169534470049	-0.006593853914034577	1.33790267	35.22366333	1.07168134	0.15146464782928107	0.0177783	0.00031
-0.2272	-0.4203	0.531	-0.02251823800923084	0.00654673002423073	-0.006656685767106373	1.23022556	32.38879013	0.99849126	0.05421322360854027	0.0170478	0.0004
-0.2235	-0.4898	0.4891	-0.021868975527488947	0.006424556976591126	-0.00669159235214626	1.16813409	30.754076	0.97140105	0.1554171057210693	0.0168903	0.00025
-0.2199	-0.4958	0.4662	-0.02173982116284137	0.006585127267774605	-0.006738716241950105	1.24188864	32.69585037	0.95887872	0.049342427281745135	0.017832	0.00046
-0.218	-0.4088	0.4488	-0.02177123708937727	0.006654940437854378	-0.006578145950766627	1.36776662	36.00990677	1.0148968	0.11938996938995756	0.0164156	0.00027
-0.2246	-0.4125	0.4736	-0.02192308073430077	0.006838200009313782	-0.006607816548050532	1.26974666	33.42928314	0.99825418	0.0533386906833406	0.0167434	0.00026
-0.2279	-0.3416	0.5306	-0.02264390171537443	0.0065327673902147755	-0.006679375047382299	1.22901165	32.3568306	0.9995651	0.1860906049752216	0.0171993	0.00029
-0.2242	-0.3596	0.486	-0.02218488012209992	0.0064071036840711824	-0.006756169534470049	1.33472514	35.14000702	0.9693847	0.09937398932529257	0.0165061	0.00029
-0.2258	-0.4897	0.4537	-0.021736330504337383	0.006356489135763348	-0.006866125277345693	1.29434872	34.07699585	1.04875839	0.19445599544730083	0.0185555	0.00048
-0.2245	-0.505	0.4524	-0.02179392636965319	0.006517059426946826	-0.006750933546714066	1.31854892	34.71412659	0.97829719	0.03456789435654565	0.0182871	0.00038
-0.2299	-0.4588	0.4615	-0.022151718866312033	0.00669159235214626	-0.006597344572538566	1.26284611	33.24760818	0.98429769	0.09499571980168876	0.018263	0.00025
-0.2226	-0.3817	0.4823	-0.023349014733180143	0.006630505828326458	-0.006712536303170191	1.18684757	31.2467556	1.00030008	0.17387870606597683	0.0178021	0.0003
-0.2267	-0.3664	0.5294	-0.023654447352279145	0.006672393730374321	-0.006799802765769907	1.38506782	36.46540451	0.99252721	0.08822934918732908	0.0192856	0.00053
-0.2296	-0.2775	0.4781	-0.02311339528416091	0.006572909963010645	-0.0068591439603377154	1.34994817	35.54079056	1.04744887	0.17809385150248597	0.0192342	0.0004
-0.2343	-0.439	0.4603	-0.022558380582026707	0.006553711341238707	-0.006974335690969341	1.295205	34.0995369	1.07378348	0.21847025272688828	0.0174348	0.00026
-0.2289	-0.5687	0.483	-0.02218488012209992	0.006251769380643689	-0.006819001387541846	1.27036011	33.44543457	1.03545404	0.19933883619746492	0.0201354	0.00042
-0.2298	-0.5255	0.4579	-0.022074924379224276	0.006438519610607082	-0.006820746716793839	1.11004674	29.22477913	0.9671475	0.08412256510455153	0.0192646	0.00034
-0.2336	-0.4583	0.4621	-0.022279127901707618	0.006670648401122327	-0.006871361265101675	1.29347312	34.05394363	0.97762454	0.09954734306532115	0.0179465	0.0004
-0.2375	-0.3842	0.5158	-0.022729422848722154	0.006705554986162213	-0.0069533917399454085	1.30978775	34.4834671	1.02266628	0.16006160034490785	0.0188699	0.00042
-0.2412	-0.358	0.4897	-0.022766074763014035	0.006839945338565778	-0.006914994496401533	1.20756745	31.79225922	0.99462711	0.06647197551196603	0.0176299	0.00031
-0.2392	-0.4466	0.4855	-0.02180090768666117	0.0066217791820664855	-0.00686088928958971	1.20534813	31.73383141	0.99398734	0.15667192198319907	0.0168461	0.00023
-0.2389	-0.5405	0.476	-0.02189864612477285	0.006672393730374321	-0.00686088928958971	1.16165912	30.58360672	0.99437317	0.11111764932097572	0.0197309	0.0004
-0.2399	-0.4598	0.4322	-0.021759019784613306	0.006855653301833726	-0.006834709350809794	1.32191706	34.80279922	0.99367326	0.1429532925199432	0.0178238	0.00038
-0.2385	-0.4447	0.4688	-0.022177898805091942	0.006759660192974038	-0.006862634618841703	1.30198658	34.27807999	1.0042851	0.08023986986851174	0.0184463	0.00033
-0.2414	-0.3897	0.4851	-0.022851595896361755	0.006829473363053811	-0.006963863715457375	1.23581123	32.53584671	1.01212158	0.11643696789826281	0.0185065	0.00029
-0.2437	-0.4454	0.461	-0.022287854547967587	0.006663667084114349	-0.006942919764433443	1.23888409	32.61674881	0.97094002	0.119624578917878	0.0180303	0.00034
-0.2392	-0.442	0.4387	-0.022142992220052057	0.006670648401122327	-0.006869615935849681	1.12611794	29.64789581	0.94322988	0.0414573736753636	0.0174552	0.00027
-0.2392	-0.4175	0.4253	-0.022211060060879837	0.00680852941202988	-0.006799802765769907	1.32519913	34.88920975	0.97285105	0.05168810109075532	0.0181506	0.00052
-0.2357	-0.4709	0.4332	-0.022265165267691664	0.006901031862385578	-0.006780604143997971	1.34247541	35.34405136	0.99556575	0.07309031394697307	0.0185022	0.0004
-0.242	-0.4075	0.4931	-0.022551399265018732	0.0069481557521894255	-0.006817256058289851	1.31324065	34.57437134	1.0209258	0.1481004900711398	0.0184522	0.00022
-0.2462	-0.3345	0.5233	-0.023190189771248655	0.006846926655573755	-0.007030186227033159	1.20711827	31.78043365	0.99869987	0.15504748857944503	0.0185696	0.00023
-0.2393	-0.3489	0.4732	-0.022397810290843232	0.006633996486830446	-0.0070685834705770355	1.37673378	36.24599075	0.96361185	0.12358534463463033	0.0182381	0.00063
-0.2385	-0.4917	0.4887	-0.02201034719690049	0.006600835231042554	-0.0070528755073090855	1.37197471	36.12069321	1.0571002	0.18091661564992936	0.0191623	0.00042
-0.2376	-0.4499	0.4866	-0.022008601867648494	0.006838200009313782	-0.0069097585086455495	1.31647825	34.65961075	0.989932	0.06391135530933797	0.0175338	0.00031
-0.2389	-0.4127	0.4699	-0.02210808563501217	0.006853907972581732	-0.006853907972581732	1.24998581	32.90903091	0.97617744	0.0637521133347722	0.0167676	0.00025
-0.2373	-0.484	0.4586	-0.02227563724320363	0.006782349473249965	-0.006866125277345693	1.14314568	30.09619331	0.96626862	0.0967663706143592	0.0187598	0.00033
-0.2361	-0.4344	0.4596	-0.022361158376551345	0.006724753607934152	-0.006921975813409511	1.28559244	33.84646225	0.96718614	0.06174837673636738	0.0181603	0.00034
-0.2395	-0.3907	0.5136	-0.022626448422854488	0.006723008278682157	-0.006983062337229313	1.32647324	34.92275238	1.00472749	0.11750609496874692	0.0199284	0.00037
-0.2433	-0.3537	0.4956	-0.022935371700457487	0.006908013179393556	-0.006944665093685436	1.22930682	32.36460114	1.01684877	0.08541627109291364	0.0184904	0.00037
-0.2404	-0.4508	0.4713	-0.02224945730442371	0.006719517620178169	-0.006995279641993272	1.22070861	32.13823318	1.00981296	0.17055122517784999	0.0176439	0.00029
-0.2336	-0.4811	0.4481	-0.022181389463595932	0.006763150851478027	-0.006894050545377602	1.12008953	29.48918152	0.97266529	0.07094650843716528	0.0189975	0.00026
-0.2373	-0.4028	0.4154	-0.021980676599616587	0.006633996486830446	-0.006881833240613641	1.31533277	34.62945175	1.02510664	0.13180422666954436	0.0174764	0.00031
-0.2376	-0.4188	0.4624	-0.02227738257245562	0.006647959120846402	-0.006867870606597688	1.30555081	34.37191772	1.00744398	0.07953156204354707	0.0185195	0.00025
-0.2441	-0.4021	0.494	-0.023043582114081133	0.006878342582109652	-0.006934193118173471	1.28974307	33.95573807	1.01284916	0.1079452757232274	0.0190476	0.00026
-0.2381	-0.3785	0.4536	-0.022432716875883118	0.006824237375297828	-0.006988298324985294	1.22369182	32.21677399	0.9759465	0.10595378259108316	0.0172989	0.00016
-0.2352	-0.4308	0.4345	-0.022265165267691664	0.006799802765769907	-0.006881833240613641	1.21568227	32.00590134	0.96569122	0.08922256510455141	0.0174366	0.00023
-0.2354	-0.4353	0.4448	-0.02227563724320363	0.006843435997069766	-0.006983062337229313	1.23522174	32.52032852	0.96827406	0.022766715171374734	0.0184909	0.00027
-0.2348	-0.4024	0.447	-0.022198842756115878	0.006969099703213358	-0.006834709350809794	1.28761268	33.89965057	0.97450283	0.053240558982543096	0.0170411	0.00019
-0.2392	-0.4063	0.4833	-0.022404791607851207	0.00693768377667746	-0.0068591439603377154	1.24488151	32.77464676	0.9811202	0.05768996938995739	0.0176036	0.00023
-0.2427	-0.3226	0.511	-0.023476423768575724	0.006750933546714066	-0.006934193118173471	1.20442009	31.70939827	0.99981286	0.18157157742618327	0.0186908	0.00038
-0.2411	-0.3814	0.4755	-0.022999948882781274	0.006702064327658226	-0.006998770300497261	1.3496356	35.53256226	0.97752242	0.12539606435870404	0.0201874	0.00044
-0.2389	-0.4913	0.45	-0.022129029586036103	0.006801548095021902	-0.0069586277277013915	1.32373452	34.85065079	1.04018576	0.18812728184523583	0.0185338	0.0004
-0.234	-0.4611	0.4428	-0.02203129114792442	0.006785840131753953	-0.00686088928958971	1.2684679	33.39561844	0.9779561	0.05285924197456562	0.0171252	0.00031
-0.24	-0.4091	0.4802	-0.022385592986079266	0.006724753607934152	-0.006848671984825749	1.22322464	32.2044754	0.98744294	0.11678028333693032	0.0176334	0.0003
-0.2413	-0.3461	0.5025	-0.023345524074676147	0.006571164633758651	-0.006890559886873613	1.16564918	30.68865395	0.98955288	0.1443703982410122	0.0187355	0.00031
-0.2388	-0.3761	0.4427	-0.02230705316973953	0.006593853914034577	-0.006941174435181449	1.26783025	33.37882996	0.97525327	0.14788873667601898	0.0175349	0.00034
-0.2344	-0.464	0.4232	-0.02214473754930405	0.006595599243286571	-0.006960373056953386	1.28118873	33.73052597	1.01267699	0.1209629785729704	0.0181661	0.00026
-0.2334	-0.3983	0.4164	-0.022273891913951634	0.006867870606597688	-0.006763150851478027	1.28457785	33.81975174	1.00299832	0.10343239667170298	0.0170711	0.00042
-0.2415	-0.4179	0.4921	-0.022896974456913608	0.006742206900454094	-0.006838200009313782	1.27101314	33.46262741	1.05092072	0.1445897703470662	0.0188271	0.00026
-0.2447	-0.3484	0.5093	-0.023464206463811768	0.006801548095021902	-0.007016223593017205	1.15852213	30.50101662	0.98397789	0.13012983925846955	0.0191231	0.00033
-0.2423	-0.3593	0.4738	-0.022972023614749364	0.006754424205218055	-0.007000515629749256	1.3655535	35.95164108	0.97415191	0.07655073510671001	0.0193161	0.00063
-0.2394	-0.464	0.4877	-0.02227738257245562	0.006829473363053811	-0.007005751617505238	1.35230839	35.60292816	1.01619504	0.16024630939427412	0.0187678	0.00042
-0.2381	-0.449	0.4654	-0.022321015803755482	0.006974335690969341	-0.006916739825653527	1.27517533	33.5722084	1.00138403	0.0524753675533552	0.0176468	0.00027
-0.2403	-0.4974	0.466	-0.022375121010567305	0.006822492046045835	-0.006869615935849681	1.19118106	31.36084747	0.97722344	0.06385363707695883	0.0217302	0.00031
-0.242	-0.397	0.5111	-0.023190189771248655	0.00659908990179056	-0.006991788983489284	1.17014349	30.80697823	1.00831146	0.2052321976288113	0.0182614	0.00034
-0.2427	-0.3072	0.4708	-0.023191935100500646	0.0068329640215578	-0.007026695568529171	1.31408942	34.59671783	1.00709193	0.14432630170295604	0.0191814	0.00038
-0.2395	-0.3836	0.4313	-0.022366394364307332	0.006665412413366345	-0.006960373056953386	1.29560626	34.11010361	1.00768241	0.17207074279802767	0.019309	0.00027
-0.2363	-0.4842	0.4289	-0.022228513353399783	0.006895795874629596	-0.006867870606597688	1.27630985	33.60207748	1.0175043	0.12923834612632487	0.0182242	0.00022
-0.2393	-0.4589	0.4251	-0.022190116109855905	0.006906267850141561	-0.00674395222970609	1.20950329	31.84322548	0.97662439	0.04073937979737213	0.0176856	0.00035
-0.2391	-0.4065	0.4622	-0.02273989482423412	0.006630505828326458	-0.006801548095021902	1.16477787	30.66571617	0.98258216	0.13385683007545643	0.0175725	0.00016
-0.2431	-0.2856	0.4827	-0.02326174827058042	0.006675884388878311	-0.006934193118173471	1.32114446	34.78245926	1.0221963	0.1803938515024862	0.0188175	0.00052
-0.2448	-0.3487	0.4453	-0.022940607688213467	0.006689847022894265	-0.007010987605261222	1.28072667	33.7183609	1.01213351	0.122794885173533	0.0192941	0.0004
-0.2396	-0.4824	0.4295	-0.022149973537060032	0.006663667084114349	-0.006899286533133583	1.32233226	34.81373215	1.04104412	0.20112575810304945	0.0188436	0.00027
-0.2406	-0.4586	0.4217	-0.02177298241862926	0.006740461571202101	-0.0068329640215578	1.25882471	33.14173508	0.99815404	0.058605405854715326	0.0177212	0.00031
-0.2428	-0.4032	0.4473	-0.022165681500327987	0.006578145950766627	-0.006932447788921477	1.17172933	30.84873009	0.97283271	0.11592492347489385	0.0175269	0.00037
-0.2408	-0.3693	0.4995	-0.023076743369869028	0.006571164633758651	-0.007023204910025181	1.41595352	37.27854919	0.99768612	0.1385400153826361	0.0197625	0.00045
-0.2448	-0.3909	0.4773	-0.022879521164393665	0.006695083010650248	-0.007150613945420769	1.32763016	34.95321274	1.00978052	0.07022748088812741	0.0205944	0.00045
-0.2392	-0.474	0.4436	-0.022258183950683685	0.006784094802501958	-0.0069533917399454085	1.30512118	34.36060715	1.01027482	0.16777856055185247	0.0187159	0.00048
-0.238	-0.471	0.4401	-0.022012092526152487	0.006668903071870333	-0.006806784082777885	1.24112618	32.67577744	0.97664107	0.033094540616517384	0.0177755	0.00046
-0.2365	-0.4487	0.4524	-0.022174408146587957	0.006611307206554521	-0.006787585461005948	1.09325147	28.78260231	0.94560444	0.048055505376160955	0.0177279	0.00029
-0.2425	-0.4228	0.4921	-0.022752112128998084	0.006686356364390277	-0.0070197142515211934	1.30754125	34.42432022	0.98688228	0.11584409653805636	0.0188828	0.00044
-0.2469	-0.3984	0.4669	-0.023003439541285264	0.006806784082777885	-0.007243116395776467	1.27728724	33.62780762	1.0122502	0.08375786374650308	0.0234066	0.00041
-0.2397	-0.4026	0.4132	-0.0222826185602116	0.006778858814745977	-0.007115707360380881	1.19535851	31.4708271	1.00555874	0.1089077642250579	0.0210274	0.00025
-0.2434	-0.5013	0.4054	-0.02201383785540448	0.006888814557621618	-0.006995279641993272	1.23691833	32.56499481	1.03870876	0.13515820830351843	0.0219471	0.00052
-0.2418	-0.4372	0.4182	-0.022198842756115878	0.006754424205218055	-0.0070197142515211934	1.14206672	30.06778717	0.97740318	0.09569149313214409	0.0216426	0.00034
-0.2459	-0.448	0.4131	-0.022129029586036103	0.006806784082777885	-0.0070808007753409945	1.29458594	34.08324051	0.95591297	0.029162978572970327	0.021678	0.00038
-0.2434	-0.4227	0.4105	-0.02201907384316046	0.00686088928958971	-0.007031931556285153	1.31558406	34.63607025	0.97803318	0.041046508437165424	0.0213851	0.00038
-0.2467	-0.329	0.4639	-0.022448424839151066	0.006991788983489284	-0.007086036763096978	1.33346391	35.10680008	1.03357437	0.18111779483510013	0.0212928	0.00042
