trans_x	trans_y	trans_z	rot_x	rot_y	rot_z	dvars_std	dvars_nstd	dvars_vstd	framewise_displacement	aqi	aor
0.0	-0.0	0.0	-0.0	0.0	-0.0	n/a	n/a	n/a	n/a	0.0283172	0.00689
0.0102	-0.1716	-0.0446	0.0007871434926494425	-0.00028623399732707005	3.665191429188092e-05	1.27395785	37.40898895	1.10112921	0.28190147021341966	0.0260142	0.00565
0.0105	-0.0568	-0.0734	0.0017976891295541592	-0.0005532693728822024	-7.504915783575618e-05	1.19306231	35.03354263	1.04574713	0.21336410422937432	0.0312809	0.00664
-0.0088	-0.112	-0.0782	-0.0026354471705114374	-0.0010663961729685354	1.7453292519943296e-05	1.53685927	45.12892914	1.31217475	0.33123827752538143	0.0310885	0.01055
-0.0284	-0.0187	-0.13	0.00015533430342749534	-0.0006038839211900379	5.585053606381854e-05	1.522928	44.71984482	1.26721574	0.32928454846306526	0.0348983	0.01
-0.0207	-0.0111	-0.1309	-1.7453292519943294e-06	-0.0006527531402458793	2.268928027592628e-05	1.0747658	31.55983734	0.97158705	0.02815550537616115	0.034067	0.00907
-0.0106	-0.126	-0.1033	-9.599310885968811e-05	-0.0008848819307611251	-0.00023212879051524583	1.1376611	33.40671921	0.99245209	0.1816597320457056	0.0286242	0.00587
0.0006	0.0237	-0.0279	-0.00018675022996339323	-0.0011135200627723821	-0.00020594885173533088	1.24356365	36.51648331	1.03789271	0.25357875959474374	0.0280154	0.00507
0.006	0.0099	-0.0333	-3.839724354387525e-05	-0.0011309733552923255	-0.00027750735106709843	1.04654098	30.73103142	0.9444327	0.03646823891356144	0.0272452	0.00445
0.002	-0.0791	-0.0872	7.155849933176751e-05	-0.0011065387457644049	-0.00041538836197465044	1.10646164	32.49056625	0.97427755	0.16051356816555576	0.0275908	0.00452
0.013	-0.0933	-0.1007	0.00020943951023931956	-0.0010506882097005862	-0.0005270894341022875	1.12310672	32.9793396	0.93905232	0.053971630954950375	0.0290262	0.00516
0.016	-0.0271	-0.0552	0.0003961897402027128	-0.001181587903600161	-0.000731292956585624	1.29062772	37.89849091	0.99199417	0.14079267231731524	0.0275382	0.00449
0.0144	0.0398	-0.0238	1.3962634015954635e-05	-0.0011763519158441782	-0.0006876597252857658	1.10502243	32.44830322	0.96746498	0.12145481626212996	0.0277284	0.0044
0.0232	-0.0615	-0.0614	0.00020420352248333657	-0.0012601277199399059	-0.0006440264939859076	1.2795074	37.57194901	0.99380241	0.16358249619314838	0.0263092	0.00438
0.0315	-0.1623	-0.0704	5.235987755982988e-06	-0.0013055062804917586	-0.0008115781021773631	1.26957715	37.28035355	0.99477683	0.13869488517353307	0.0256341	0.00304
0.0311	-0.064	-0.0499	-3.4906585039886588e-06	-0.0014329153158873448	-0.0008203047484373349	1.2532872	36.80200958	1.00983436	0.12644311639577646	0.0255985	0.00353
0.0273	-0.0124	-0.024	8.37758040957278e-05	-0.0013177235852557187	-0.0007888888219014368	1.09305811	32.09698105	0.95813422	0.092993705988362	0.027168	0.00371
0.035	0.022	0.0575	-0.0002617993877991494	-0.0012793263417118436	-0.0007487462491055673	1.1942333	35.06792831	1.02441246	0.14480575041173108	0.0236485	0.00233
0.0364	-0.0039	0.0174	-7.330382858376184e-05	-0.0015219271077390555	-0.0007190756518216638	1.19715858	35.15382767	0.97825532	0.09043834612632513	0.0234373	0.00256
0.0331	-0.1402	-0.0049	0.00011693705988362007	-0.0015446163880149814	-0.0006789330790257941	1.20364809	35.34438705	1.02793697	0.17455363707695887	0.0215257	0.00219
0.0319	-0.1737	-0.0146	-0.00017104226669544429	-0.0012845623294678264	-0.0006579891280018621	1.04465365	30.6756134	0.92870522	0.07284886680750757	0.0226245	0.0027
0.0313	-0.062	0.0366	-0.00039968039870670147	-0.0012845623294678264	-0.000614355896702004	1.19074512	34.96549988	1.01748015	0.17711356816555576	0.0223002	0.00247
0.028	0.0744	0.0293	-0.0001832595714594046	-0.0012723450247038664	-0.0005078908123303499	1.23449373	36.25014877	1.03432443	0.1637551608191455	0.0264907	0.00388
0.0354	-0.0875	-0.027	0.00012042771838760874	-0.001296779634231787	-0.0005044001538263612	1.21251118	35.60464478	1.06055911	0.2421806278939461	0.0232803	0.00329
0.041	-0.1609	-0.0293	-0.0002129301687433082	-0.0013159782560037243	-0.00048171087355043494	1.06547844	31.28711891	0.95102645	0.100062289458939	0.0234421	0.00324
0.0406	-0.0705	0.0254	-0.000486946861306418	-0.001616174887346749	-0.0007627088831215222	1.19589996	35.11686707	1.0107314	0.18826056667386107	0.0220635	0.00222
0.0374	0.0479	0.0575	-0.00020769418098732522	-0.0017837264955382047	-0.0007068583470577034	1.24995816	36.70425415	1.02057417	0.17883274122871837	0.0239429	0.00278
0.0407	-0.0956	0.0058	-9.250245035569947e-05	-0.0017976891295541592	-0.0008150687606813518	1.2066406	35.43225861	1.03441691	0.21036823891356143	0.0208738	0.00198
0.0437	-0.2042	-0.0061	-7.504915783575618e-05	-0.0017540558982543013	-0.0007871434926494425	1.0986222	32.26036453	0.96564997	0.1279505895925855	0.0213225	0.00182
0.0482	-0.1309	-0.0432	-8.028514559173915e-05	-0.0015987215948268059	-0.0007679448708775049	1.25995016	36.99766159	0.98269734	0.1238884456477708	0.0249125	0.00281
0.0391	-0.0125	0.0148	0.00018675022996339323	-0.001429424657383356	-0.0006736970912698113	1.39857316	41.06824112	1.0466393	0.21202900463031377	0.024565	0.00302
0.0389	0.0925	0.0739	-6.806784082777885e-05	-0.0015358897417550098	-0.0005899212871740833	1.21476638	35.67086792	1.03233909	0.18655294796292768	0.0258673	0.0032
0.0598	0.1102	0.1132	0.0004328416544945937	-0.001244419756671957	-0.0008517206749732328	1.13717055	33.39231491	0.9930904	0.13060894341022877	0.0273177	0.00355
0.0599	-0.0672	0.0146	0.0006003932626860494	-0.0011833332328521555	-0.0009564404300928925	1.23175013	36.16958618	1.08859115	0.2927678943565458	0.0234718	0.00241
0.0618	-0.192	-0.0178	0.0004206243497306334	-0.0013718287920675431	-0.0010681415022205296	1.23162818	36.16600418	1.01960613	0.183098277214922	0.0212096	0.0024
0.0548	-0.2355	-0.016	0.000593411945678072	-0.0015882496193148398	-0.0011030480872604163	1.16767538	34.28807068	0.96295424	0.07350575041173107	0.0213815	0.0018
0.0477	-0.1887	-0.0222	0.0004572762640225143	-0.001556833692778942	-0.0009407324668249436	1.0796982	31.70467567	0.9597907	0.0765933614313464	0.0217267	0.00193
0.0551	-0.1708	0.0323	0.00011170107212763708	-0.0016947147036864942	-0.0009616764178488756	1.23252821	36.1924324	0.99990273	0.10502000769131808	0.0197617	0.00137
0.056	-0.0425	0.0792	0.00028797932657906436	-0.0016336281798666925	-0.0008936085770210966	1.26181901	37.05253983	1.02217746	0.1913716309549504	0.0202076	0.00135
0.056	-0.096	0.0472	0.0006632251157578452	-0.0017470745812463236	-0.0010192722831646884	1.20815539	35.47674179	0.97552147	0.11621779483510018	0.0195498	0.00118
0.0551	-0.1795	0.0245	0.0006283185307179585	-0.0018238690683340744	-0.001001818990644745	1.12051558	32.90325165	0.95439079	0.11355771823237902	0.018683	0.001
0.0562	-0.2207	0.0168	0.0005131268000863328	-0.0020420352248333657	-0.0011117747335203881	1.27988684	37.58309174	0.94403505	0.07216568150032801	0.0191864	0.00144
0.0608	-0.2049	0.0435	0.0005462880558742252	-0.002169444260228951	-0.0012618730491919003	1.3410933	39.38038254	0.97038313	0.0626334303427495	0.0184336	0.00086
0.0607	-0.1397	0.0489	0.0004485496177625427	-0.002181661564992912	-0.0011362093430483087	1.13306475	33.2717514	0.9541189	0.08248097245096174	0.0185238	0.00115
0.0698	-0.0843	0.0694	0.0004625122517784973	-0.002097885760897184	-0.0012339477811599909	1.28745067	37.80519867	0.95858343	0.09477384381116824	0.0192112	0.00128
0.0714	-0.1172	0.0224	0.0005567600313861911	-0.0019861846887695473	-0.0011955505376161158	1.24906135	36.67791748	0.97171705	0.09371730476396029	0.0203285	0.00125
0.061	-0.149	0.0041	0.0004537856055185257	-0.0019669860669976093	-0.0011274826967883368	1.18105686	34.68100739	0.95325529	0.07001204442336913	0.0207513	0.00154
0.0405	-0.0543	0.0286	0.0004956735075663896	-0.0016807520696705393	-0.0009651670763528643	1.10869503	32.55614853	0.97900011	0.16422187599052032	0.0219669	0.00202
0.0351	0.0169	0.0282	0.0006003932626860494	-0.001673770752662562	-0.0008866272600131194	1.07411194	31.54063606	0.93762617	0.0865120444233691	0.0237877	0.00231
0.0463	-0.1033	-0.0016	0.0006667157742618339	-0.0018465583486100008	-0.000947713783832921	1.14989674	33.76601028	0.98257724	0.17620983156715125	0.0214637	0.00147
0.0477	-0.1732	0.0197	0.000635299847725936	-0.00199142067652553	-0.0010332349171806431	1.1823318	34.71844864	0.9632593	0.10568996938995744	0.0190513	0.00112
0.048	-0.1276	0.0268	0.0005026548245743669	-0.001778490507782222	-0.001069886831472524	1.09127474	32.04461288	0.93255644	0.07211135530933789	0.0195717	0.00151
0.049	-0.0879	0.0554	0.0003089232776029963	-0.0018238690683340744	-0.0011327186845443199	1.01322699	29.75278664	0.91535989	0.08439709802975091	0.0190821	0.00115
0.0596	0.0286	0.0569	0.00048520153205442357	-0.0017645278737662671	-0.0010105456369047167	1.28007913	37.58873749	0.9887082	0.14648962483294187	0.0236136	0.00225
0.0635	-0.1708	0.0279	0.0006894050545377602	-0.0020629791758572974	-0.0011274826967883368	1.31495988	38.61298752	1.06909698	0.2632795942228994	0.0187925	0.00089
0.0647	-0.1813	0.0325	0.0008499753457212384	-0.0022916173078685546	-0.001165879940332212	1.17263508	34.43370819	0.94702916	0.037680283336930485	0.018504	0.00106
0.0654	-0.1825	0.0362	0.0007661995416255106	-0.002251474735072685	-0.0011606439525762293	1.03518605	30.39760399	0.90820158	0.012057718232379024	0.0182425	0.00086
0.0699	-0.1345	0.0329	0.0005131268000863328	-0.0021275563581810873	-0.0011379546723003027	1.21330309	35.62789917	0.93847272	0.07578401993533507	0.0198035	0.00128
0.0764	-0.0909	0.0624	0.0005358160803622592	-0.002324778563656447	-0.0013491395117916165	1.23538923	36.2764473	0.94881035	0.10115481626213	0.0193176	0.00115
0.0662	-0.0795	0.0138	0.0009302604913129776	-0.0021013764194011725	-0.0011746065865921838	1.15898287	34.03282166	0.97974103	0.10981897402027124	0.0214295	0.00153
0.06	-0.1387	-0.0015	0.0009145525280450286	-0.0019617500792416262	-0.0011431906600562858	1.05751097	31.05315971	0.9451215	0.09003751149816963	0.021818	0.00209
0.0572	-0.0717	0.0787	0.00024260076602721178	-0.002040289895581371	-0.0011885692206081383	1.14997494	33.76830673	1.00836767	0.18979350694547073	0.019524	0.00099
0.0653	0.0501	0.1504	0.00041015237421866745	-0.0020943951023931952	-0.0011798425743481666	1.24642682	36.60055923	1.04550013	0.21311917306316255	0.0217644	0.00161
0.0447	0.1693	0.2044	0.0016999506914424768	-0.000921533845053006	-0.0006876597252857658	1.37024748	40.2364769	1.1253562	0.34154212118132	0.0337182	0.00853
0.0374	0.0887	0.1981	0.00200363798128949	-0.001254891732183923	-0.0006719517620178169	1.16612482	34.24253845	1.05257735	0.126837657012294	0.0312157	0.00782
0.033	-0.2826	0.079	0.0019408061282176943	-0.0016650441064025902	-0.0008011061266653974	1.62645125	47.75974274	1.40564329	0.5249069295969022	0.0220377	0.00292
0.0449	-0.3582	0.0225	0.00147131255943122	-0.00199142067652553	-0.0009773843811168245	1.25887513	36.96609497	1.03986683	0.19260741966804207	0.0212578	0.00235
0.0368	-0.3373	0.0713	0.0012426744274199627	-0.002303834612632515	-0.0012793263417118436	1.23129165	36.15612411	0.99684746	0.11994970143566308	0.0177668	0.00097
0.0288	-0.2208	0.1087	0.0006859143960337716	-0.002106612407157156	-0.0013892820845874865	1.19650126	35.1345253	1.00789258	0.2050968989868596	0.0155308	0.0006
0.0298	-0.1312	0.1465	0.00015707963267948963	-0.0017749998492782332	-0.0016598081186466073	1.07509446	31.56948853	0.97766767	0.18494866776461624	0.0173538	0.00134
0.0301	-0.197	0.1638	0.0003630284844148205	-0.0022270401255447643	-0.001748819910498318	1.14161658	33.52286911	0.96160613	0.12075004599267863	0.0157774	0.0008
0.0403	-0.0969	0.2128	0.00046949356878647465	-0.0029024825460665696	-0.0018727382873899156	1.21652114	35.72239685	0.98634616	0.2045912940892529	0.0156155	0.00057
0.0474	-0.1152	0.2072	0.000148352986419518	-0.0035395277230445004	-0.001973967384005587	1.09918272	32.27682495	0.93553317	0.08397074279802794	0.0128794	0.00032
0.0508	-0.1494	0.2075	-1.3962634015954635e-05	-0.003946189438759179	-0.002124065699677099	1.01061058	29.67595863	0.90923293	0.07385378259108316	0.0121424	0.00022
0.0549	-0.1781	0.1951	-0.00019547687622336493	-0.004118977034706617	-0.002181661564992912	1.15117598	33.80357361	0.92351044	0.06579488517353306	0.0124251	0.00017
0.0601	-0.1806	0.2191	-8.37758040957278e-05	-0.004291764630654057	-0.0022951079663725434	1.18940532	34.92615509	0.93543929	0.05159675347273541	0.0112326	0.00017
0.0605	-0.1489	0.1685	0.00035081117965086024	-0.0040334559013588955	-0.0020751964806212577	1.11907077	32.86082458	0.9515083	0.12834035993965173	0.0123246	0.00025
0.0575	-0.2238	0.1744	0.00019024088846738194	-0.004080579791162742	-0.0019844393595175526	1.04867935	30.79382324	0.94345275	0.09872256510455149	0.0112509	0.00023
0.0567	-0.1434	0.1859	3.665191429188092e-05	-0.004092797095926702	-0.002136283004441059	1.15605605	33.94687653	0.94203538	0.10858249619314839	0.0124468	0.00032
0.0623	-0.1067	0.1976	0.00010821041362364843	-0.004150392961242515	-0.002209586833024821	1.15485013	33.91146469	0.93423824	0.06412290966156713	0.0128922	0.00022
0.0589	-0.2118	0.2001	0.0003700098014227979	-0.004071853144902771	-0.0022602013813326567	1.20239508	35.3075943	0.97127283	0.13054768762233648	0.0123666	0.00032
0.0503	-0.2512	0.2081	2.792526803190927e-05	-0.0039723693775390945	-0.002251474735072685	1.07095444	31.44791794	0.9255325	0.07851474735072683	0.0114642	0.0002
0.0438	-0.1577	0.2293	-0.00017453292519943296	-0.003597123588360313	-0.0024260076602721182	1.15920639	34.03938293	0.95479072	0.15881184538047782	0.0132048	0.00033
0.0465	-0.0716	0.2835	-0.000614355896702004	-0.0032550390549694243	-0.0022322761133007477	1.18935132	34.92457199	1.01373196	0.1917819525932415	0.0161693	0.00074
0.054	-0.1507	0.2337	-0.0001658062789394613	-0.0034365532971768345	-0.002169444260228951	1.20927393	35.50958633	0.98973464	0.17104478565208744	0.0135195	0.00044
0.0548	-0.2777	0.2467	-9.599310885968811e-05	-0.0038990655489553323	-0.0021624629432209744	1.18118656	34.68481827	1.00942647	0.1677653369433124	0.0117159	0.00025
0.0472	-0.1547	0.2537	-0.0002024581932313422	-0.004117231705454623	-0.0022741640153486112	1.0855211	31.87565994	0.98415353	0.15941661564992907	0.0121306	0.00028
0.0587	-0.1385	0.277	-0.0002007128639793479	-0.004145156973486532	-0.0022759093446006054	1.13327992	33.27806854	0.96736365	0.052570796326794914	0.0125663	0.00016
0.0634	-0.229	0.2555	-3.316125578789226e-05	-0.0043266712156939426	-0.0023928464044842257	1.15678406	33.96825409	0.95653858	0.14000014551412432	0.011279	0.00019
0.0666	-0.2947	0.2655	-2.96705972839036e-05	-0.004541346713689245	-0.002453932928304027	1.14625704	33.65913391	0.94879458	0.09286263401595465	0.0114322	0.00028
0.0681	-0.1719	0.2694	-9.948376736367679e-05	-0.004717624968140673	-0.002438224965036078	1.12360168	32.9938736	0.97696355	0.14128996938995747	0.0109814	0.0002
0.0718	-0.2189	0.2763	-0.00020420352248333657	-0.0048467793327882525	-0.002535963403147761	1.02735031	30.16751099	0.90361118	0.07418062789394617	0.0108075	0.00016
0.0741	-0.1736	0.2904	-0.00028623399732707005	-0.0049864056729478	-0.002494075501099897	1.09187651	32.06228256	0.92286265	0.07487723585255725	0.0111452	0.00013
0.0723	-0.2224	0.265	-0.00028099800957108706	-0.004916592502868026	-0.002450442269800039	1.13496375	33.32751465	0.93406964	0.08193411945678071	0.0105354	0.00012
0.0693	-0.2344	0.262	-0.00032637657012293966	-0.004961971063419879	-0.0024120450262561633	1.08066714	31.73312569	0.91653557	0.024457718232379057	0.00981188	0.00017
0.0736	-0.2105	0.3105	-0.0004572762640225143	-0.004991641660703782	-0.002537708732399755	1.03416443	30.36760139	0.93186311	0.09101169986635348	0.0116445	0.00026
0.0585	-0.0204	0.3613	-0.000879645943005142	-0.00478918346747244	-0.0022933626371205488	1.26241136	37.06993484	1.07913932	0.2994586983746588	0.0159806	0.00067
0.0441	0.0316	0.3965	-0.000705113017805709	-0.004417428336797647	-0.002228785454796759	1.158234	34.01082993	1.01934869	0.1321432619099008	0.0204779	0.00163
0.0555	-0.1713	0.3412	0.00023212879051524583	-0.004628613176288962	-0.0021746802479849347	1.24410963	36.53251648	1.10295381	0.32972659273120475	0.0144222	0.00039
0.0432	-0.3946	0.3173	-0.0003385938748868999	-0.004820599394008338	-0.0022183134792847924	1.28152812	37.63128662	1.11241802	0.2998171057210689	0.0144678	0.00038
0.0468	-0.2931	0.3054	-0.0005061454830783556	-0.00486946861306418	-0.0023928464044842257	1.10215867	32.36421204	1.03862497	0.13654768762233654	0.0117425	0.00028
0.056	-0.3398	0.2997	-0.0005026548245743669	-0.005174901232163186	-0.0026040312439755396	1.06155968	31.17204857	0.93221086	0.08760540585471537	0.0119004	0.00023
0.0524	-0.3152	0.2837	-0.00039269908169872416	-0.005103342732831419	-0.002754129559647052	1.14501238	33.6225853	0.94989773	0.06078062789394613	0.0112731	7e-05
0.0473	-0.246	0.367	-0.0003717551306747922	-0.005302310267558773	-0.0027366762671271086	1.24989605	36.70243073	1.01342676	0.1694682389135614	0.0126098	0.00025
0.0452	-0.0427	0.3708	-0.000486946861306418	-0.005335471523346666	-0.002581341963699613	1.21836269	35.77647018	1.06531913	0.22438436449235072	0.0148501	0.00055
0.0497	-0.2329	0.2829	-0.00027750735106709843	-0.005126032013107346	-0.0026808257310632897	1.34597528	39.52373886	1.06693134	0.3085181393921158	0.0109811	0.00033
0.0429	-0.3332	0.2757	-0.0002513274122871834	-0.005024802916491674	-0.002712241657599188	1.23602998	36.29526138	0.9783131	0.1222412480965742	0.0113051	0.00029
0.0351	-0.2975	0.2897	-2.96705972839036e-05	-0.005044001538263612	-0.002722713633111154	1.15322816	33.8638382	0.9260147	0.0700663706143592	0.0107839	0.00015
0.0384	-0.2671	0.3165	-0.00023911010752322313	-0.005377359425394529	-0.002848377339254746	1.03643322	30.43422318	0.92431642	0.09392305517569137	0.0110755	0.00013
0.0404	-0.2312	0.356	-0.0006806784082777885	-0.005387831400906495	-0.002820452071222836	1.15489972	33.91292191	0.94441157	0.10139827721492206	0.0120107	0.00019
0.0419	-0.251	0.2756	-0.00018675022996339323	-0.005276130328778859	-0.0027419122548830916	1.19570911	35.11126328	0.98893561	0.13590845333908874	0.0103016	0.00016
0.0427	-0.3106	0.3027	-0.0005009094953223725	-0.0051836278784231585	-0.0026878070480712674	1.16935277	34.33732605	0.96166186	0.11053834612632515	0.010909	0.0002
0.0325	-0.2496	0.3376	-0.0010332349171806431	-0.005469861875750229	-0.002726204291615143	1.09013951	32.01127625	0.93845562	0.1489478331364608	0.0103987	0.00017
0.0349	-0.2506	0.3996	-0.0011152653920243766	-0.005679301385989549	-0.002754129559647052	1.06812692	31.36489105	0.93897454	0.08136976265574813	0.0126924	0.00013
0.0355	-0.2817	0.3323	-0.0008395033702092724	-0.005263913024014897	-0.0026267205242514655	1.09703541	32.21377182	0.95080326	0.13992797095926715	0.0113437	0.00012
0.0409	-0.3375	0.3164	-0.0008499753457212384	-0.005307546255314756	-0.0026581364507873638	1.19276714	35.02487564	0.94787777	0.08137605666738615	0.0117785	0.00013
0.036	-0.3234	0.3427	-0.0009634217471008699	-0.00514348530562729	-0.002642428487519415	1.147066	33.68288803	0.95125591	0.05996076571675232	0.0113325	0.00022
0.042	-0.2697	0.3985	-0.0010175269539126942	-0.005541420375081997	-0.0027960174616949163	1.06642723	31.31498146	0.93457077	0.14578146252210167	0.012875	0.0002
0.0375	-0.2527	0.3633	-0.0008307767239493009	-0.005279620987282846	-0.0027052603405912107	1.21200693	35.58983994	0.92223761	0.08366533694331249	0.0126216	0.0006
0.036	-0.2648	0.3131	-0.0002844886680750757	-0.005094616086571448	-0.002700024352835228	1.24734926	36.62764359	0.96737876	0.10062644721708032	0.0115982	0.00028
0.0287	-0.2951	0.3273	0.0001675516081914556	-0.0050562188430275734	-0.0027384215963791032	1.20222569	35.30261993	0.93875291	0.07824173816771401	0.0119781	0.00035
0.026	-0.3145	0.3425	-0.0002024581932313422	-0.005237733085234983	-0.002750638901143063	1.06597483	31.30169487	0.9367327	0.06548706741970842	0.0121244	0.00013
0.0296	-0.2712	0.3436	-0.0006387905062299246	-0.005295328950550796	-0.002722713633111154	1.23996532	36.41082001	0.93699399	0.07409267231731523	0.012707	0.00036
0.0381	-0.2724	0.3823	-0.0005218534463463045	-0.005489060497522166	-0.0028710666195306722	1.31574833	38.63614273	0.94930819	0.07135107966372536	0.0129208	0.00019
0.0394	-0.2764	0.468	-0.0007696902001294993	-0.005541420375081997	-0.002670353755551324	1.19247758	35.01637268	0.99217967	0.11604547476611872	0.0173393	0.00031
0.03	-0.2208	0.4354	-0.0005427973973702365	-0.006005677956112489	-0.0026040312439755396	1.12571084	33.05580902	0.95836006	0.13547364476827695	0.0148585	0.00036
0.0369	-0.3279	0.3294	-9.075712110370512e-05	-0.005612978874413764	-0.002748893571891069	1.25555062	36.86847305	1.03736189	0.2694800842940393	0.0127925	0.00023
0.035	-0.3724	0.3497	-0.0005497787143782138	-0.005530948399570031	-0.0027384215963791032	1.16325474	34.15826035	0.95427995	0.09427620218151032	0.0132697	0.00013
0.0315	-0.2429	0.445	-0.000635299847725936	-0.005789257128865191	-0.0027366762671271086	1.20297933	35.32474899	1.03979532	0.24557875959474387	0.0151547	0.00032
0.0334	-0.1234	0.44	-0.00047647488579445195	-0.005728170605045389	-0.0027366762671271086	1.0932107	32.1014595	0.98740376	0.13739557428756433	0.0158085	0.00052
0.0341	-0.2438	0.3273	-5.585053606381854e-05	-0.005291838292046808	-0.00272096830385916	1.19413042	35.06490707	1.04748485	0.27743323129985814	0.0117322	0.00029
0.0392	-0.3452	0.3115	0.0002443460952792061	-0.005496041814530144	-0.0027960174616949163	1.19266355	35.02183151	1.01194426	0.15127246558310586	0.0127006	0.00038
0.0386	-0.3668	0.3835	-5.93411945678072e-05	-0.005801474433629152	-0.002808234766458876	1.18331194	34.74722672	1.01051581	0.12526686068549903	0.013856	0.00029
0.0382	-0.1958	0.4523	-0.0002670353755551324	-0.006047565858160352	-0.002834414705238791	1.14104462	33.506073	1.0402693	0.264198277214922	0.0161126	0.00028
0.035	-0.1698	0.4542	-0.0005532693728822024	-0.005934119456780722	-0.002834414705238791	1.10722899	32.51309967	0.92805582	0.05108401993533503	0.0163691	0.00042
0.0446	-0.3212	0.4166	-0.0003595378259108319	-0.00602662190713642	-0.0030072023011862297	1.23872101	36.37428284	1.06237787	0.2215510796637253	0.0149221	0.00033
0.0469	-0.3766	0.4258	-0.0001291543646475804	-0.006099925735720181	-0.0030455995447301047	1.17030776	34.36536789	0.94741358	0.08400422666954435	0.0156696	0.00022
0.0435	-0.3642	0.4079	-0.00039095375244672985	-0.006072000467688272	-0.00294262511886244	1.0497973	30.82665253	0.92828148	0.053334954084936166	0.0146154	0.0002
0.0454	-0.3501	0.4048	-0.0004572762640225143	-0.006003932626860492	-0.003014183618194207	1.22201848	35.88382339	0.95521882	0.029397442586766555	0.0158293	0.00029
0.0472	-0.2712	0.4973	-0.0006894050545377602	-0.006333799855487422	-0.0029705503868943488	1.30670071	38.37046432	1.01344058	0.20348146252210172	0.0182968	0.00051
0.0451	-0.147	0.492	-0.00039095375244672985	-0.006316346562967479	-0.0030281462522101614	1.22494686	35.96981049	1.02528859	0.15027502299633935	0.0174733	0.00038
0.0433	-0.3064	0.4157	-0.00037350045992678646	-0.00610341639422417	-0.0030752701420140084	1.16617763	34.24409103	1.03202698	0.25137536755335493	0.0142384	0.00022
0.0428	-0.4421	0.4414	-0.0007766715171374765	-0.006159266930287989	-0.0031031954100459182	1.18210661	34.71183395	0.99885576	0.18624734306532087	0.0191972	0.00044
0.0297	-0.3001	0.4	-0.0006056292504420323	-0.0058747782622129135	-0.0031730085801256907	1.37834692	40.47431183	1.16619143	0.22276720524251464	0.0155074	0.00144
0.0115	0.0016	0.182	-0.0018814649336498872	-0.004574507969477138	-0.0021223203704251047	1.84879613	54.28876114	1.61919666	0.7192397092822108	0.0158038	0.00183
0.0124	0.0318	0.2738	-0.0019268434942017398	-0.004571017310973149	-0.0016964600329384882	1.20962679	35.51994705	1.08701504	0.14663647782712289	0.0190749	0.00246
0.0048	-0.1278	0.1701	-0.0004328416544945937	-0.004475024202113462	-0.0020298179200694054	1.48793221	43.69221497	1.15799542	0.36706764178488754	0.0176203	0.00218
0.0146	-0.398	0.0501	-0.0005550147021341969	-0.004211479485062317	-0.0021799162357409173	1.57274973	46.18283081	1.25523355	0.42679080401811287	0.018492	0.00228
0.0172	-0.3878	0.0578	-0.0004729842272904633	-0.004209734155810323	-0.002305579941884509	1.31596935	38.64263153	1.00825821	0.03097197551196604	0.0156398	0.0011
0.0171	-0.4047	0.171	-0.0010611601852125523	-0.004516912104161324	-0.0026075219024795284	1.21854222	35.7817421	1.03524176	0.19006479334340556	0.0121573	0.00047
0.0206	-0.382	0.2472	-0.0014852751934471744	-0.005110324049839397	-0.0028379053637427798	1.12065303	32.9072876	0.98869741	0.1647955207587973	0.0106909	0.00019
0.0333	-0.2488	0.2997	-0.0018483036778619948	-0.005480333851262195	-0.0031171580440618727	1.25464416	36.8418541	1.03024585	0.2490145483078356	0.00972039	0.00026
0.0349	-0.2659	0.3096	-0.001647590813882647	-0.005609488215909776	-0.0031852258848896514	1.17033648	34.36621094	0.94391726	0.0484967534727354	0.00928509	0.0001
0.0341	-0.3134	0.2908	-0.0018291050560900572	-0.005651376117957638	-0.003106686068549906	1.04363608	30.64573288	0.91714005	0.08219709802975081	0.00907606	0.0002
0.0402	-0.3242	0.2736	-0.0017139133254584315	-0.005749114556069322	-0.0032480577379614467	1.13350606	33.28470993	0.90001836	0.051815091907742486	0.0101713	0.00013
0.0447	-0.2936	0.2546	-0.0014381513036433276	-0.005728170605045389	-0.003160791275361731	1.22070467	35.84524155	0.94999366	0.07329862177193763	0.00933331	0.00012
0.0339	-0.274	0.2886	-0.0016388641676226754	-0.005616469532917752	-0.003026400922958167	1.15404284	33.88776016	0.93418796	0.08674021442552744	0.00878751	0.00016
0.0339	-0.199	0.2946	-0.0016441001553786586	-0.005859070298944964	-0.003166027263117714	1.0450809	30.68815994	0.92265844	0.10037315469713706	0.0087949	0.00012
0.0417	-0.2424	0.2522	-0.001574286985298885	-0.005895722213236845	-0.0032864549815053226	1.19378424	35.05474091	0.91866172	0.10494464013796312	0.00911546	0.00038
0.0415	-0.2868	0.2718	-0.0018133970928221085	-0.005927138139772744	-0.0035412730522964946	1.20409989	35.35765457	0.94118274	0.09046720524251473	0.0102683	0.00016
0.0404	-0.2852	0.3158	-0.0016912240451825054	-0.006246533392887705	-0.0035918876006043304	1.16416419	34.18496704	0.95365601	0.07130914245312005	0.0104814	6e-05
0.024	-0.1711	0.3051	-0.0021519909677090087	-0.005839871677173027	-0.0035377823937925057	1.10180175	32.35373306	0.98145843	0.1872766922526504	0.0110749	0.00023
0.0274	-0.2637	0.2904	-0.002045525883337354	-0.0057142079710294355	-0.0034819318577286873	1.23498189	36.26448441	0.96846023	0.1250989663289532	0.0109665	0.00057
0.0325	-0.3346	0.3084	-0.0018325957145940458	-0.005995205980600523	-0.003572688978832392	1.22953451	36.10452652	0.94591859	0.12323426497090503	0.0123737	0.00028
0.0337	-0.2624	0.3382	-0.001595230936322817	-0.00605105651666434	-0.0035482543693044722	1.20555425	35.40036011	0.94169613	0.11908249619314824	0.0118796	0.0002
0.0334	-0.2629	0.3623	-0.0015882496193148398	-0.0062343160881237454	-0.0035447637108004834	1.04617918	30.72040939	0.90859433	0.034586577348568605	0.0122766	0.00023
0.0327	-0.2798	0.3573	-0.0015987215948268059	-0.006396631708559217	-0.0035377823937925057	1.20610023	35.41639328	0.91922398	0.03158844564777075	0.0126767	0.00041
0.025	-0.2799	0.3569	-0.0015114551322270892	-0.006290166624187564	-0.0037734018428117405	1.25871146	36.96128845	0.9465393	0.02966754979953022	0.0132261	0.00039
0.0209	-0.3031	0.3698	-0.0015550883635269475	-0.0062447880636357115	-0.0037734018428117405	1.17733109	34.57160568	0.93766121	0.04465058959258558	0.0130204	0.00028
0.0251	-0.3346	0.3861	-0.001965240737745615	-0.00626049602690366	-0.003787364476827695	1.04361868	30.64522171	0.90989456	0.07399114857512853	0.0141172	0.00026
0.0303	-0.343	0.3616	-0.0018099064343181197	-0.006215117466351807	-0.0036337755026521943	1.11732411	32.80953598	0.92043683	0.05581509190774248	0.0144736	0.00029
0.0357	-0.2745	0.3625	-0.0017645278737662671	-0.006351253148007365	-0.003600614246864302	1.21054184	35.54681778	0.95560452	0.08553377489976519	0.0131455	0.00023
0.0279	-0.1523	0.417	-0.0025289820861397836	-0.006969099703213358	-0.003495894491744642	1.21810055	35.76877594	1.01589397	0.2588510261349585	0.0142053	0.00029
0.0249	-0.1032	0.5305	-0.002701769682087222	-0.007253588371288434	-0.003351032163829113	1.15978634	34.05641174	1.06475558	0.1957069295969021	0.0203027	0.00102
0.0235	-0.2344	0.4401	-0.0019216075064457567	-0.006869615935849681	-0.0033318335420571745	1.24856555	36.6633606	1.11354852	0.28216666164260784	0.0157048	0.00033
0.0271	-0.374	0.2856	-0.0012339477811599909	-0.006625269840570476	-0.0033667401270970616	1.35127926	39.67948532	1.17305943	0.3460456202802429	0.0116538	0.00028
0.0309	-0.3313	0.3106	-0.000879645943005142	-0.006965609044709369	-0.003611086222376268	1.12410629	33.00868988	0.94706817	0.1184493568786474	0.0104315	0.00016
0.0339	-0.3293	0.3347	-0.0008709192967451704	-0.007122688677388859	-0.0036547194536761256	1.0250659	30.10043144	0.91587314	0.039571975511965965	0.011014	0.00017
0.0357	-0.2922	0.3203	-0.0008813912722571365	-0.007044148861049114	-0.0036425021489121657	1.1380434	33.41794586	0.92382306	0.058361454830783525	0.0107701	0.00012
0.032	-0.2187	0.3293	-0.0009843656981248017	-0.007045894190301109	-0.003677408733952052	1.23514569	36.26929474	0.96377288	0.09318131700797734	0.0101444	6e-05
0.0369	-0.2085	0.3808	-0.0013665928043115599	-0.007152359274672762	-0.0036198128686362394	1.15689635	33.97154999	0.93950234	0.09391440279371123	0.0106976	0.00016
0.038	-0.1552	0.3922	-0.0016179202165987434	-0.007051130178057092	-0.0036250488563922224	1.06089652	31.15257263	0.91550235	0.08368962483294176	0.0117067	0.00032
0.0391	-0.2091	0.3389	-0.0012007865253720988	-0.006991788983489284	-0.0037262779530078936	1.13466263	33.31867218	0.94487843	0.1371851991205062	0.0101706	0.00017
0.0423	-0.3057	0.3412	-0.0012950343049797925	-0.0071069807141209106	-0.0038170350741115982	1.19368374	35.05178833	0.96077494	0.1171098315671513	0.0102361	0.00016
0.0403	-0.3329	0.3491	-0.0012601277199399059	-0.007084291433844983	-0.0038449603421435077	1.10221183	32.36577225	0.9325202	0.041376056667386155	0.0109576	0.00015
0.0401	-0.3188	0.3516	-0.0012897983172238095	-0.007201228493728604	-0.003871140280923423	1.01262641	29.73515129	0.90669283	0.025439379797371993	0.0116093	0.00019
0.0385	-0.2014	0.3502	-0.0013631021458075715	-0.007204719152232592	-0.003766420525803763	1.18195629	34.70742035	0.99688535	0.1294757121103705	0.0111631	0.00015
0.036	-0.2192	0.3096	-0.0008011061266653974	-0.007049384848805097	-0.0036425021489121657	1.20718622	35.44828033	0.97680809	0.10296243497306336	0.0103562	0.00022
0.0336	-0.3237	0.2992	-0.0007417649320975902	-0.006979571678725324	-0.0035482543693044722	1.16697335	34.26745605	0.9732677	0.12847010721276364	0.00998062	0.00017
0.0368	-0.3418	0.3334	-0.001165879940332212	-0.0071471232869167785	-0.0036215581978882336	1.07049251	31.43435478	0.92416761	0.08874852225049187	0.0114431	0.0002
0.0433	-0.2139	0.3803	-0.0013631021458075715	-0.00732863752912419	-0.0036425021489121657	1.19942141	35.22027206	1.00736974	0.2012840199353352	0.0124753	0.00015
0.0398	-0.2724	0.3697	-0.0007888888219014368	-0.007120943348136864	-0.003522074430524557	1.23304081	36.2074852	0.96937147	0.11771676116405345	0.0118433	0.00033
0.0454	-0.3507	0.3571	-0.00042935099599060504	-0.006990043654237291	-0.0033440508468211352	1.15928364	34.04165268	0.96376767	0.1299230551756914	0.0124787	0.00023
0.049	-0.3266	0.3862	-0.0010611601852125523	-0.006726498937186146	-0.0032847096522533284	1.09121943	32.04298782	0.92284174	0.10453475504204494	0.0132228	0.00025
0.0514	-0.3162	0.3792	-0.0017941984710501708	-0.005850343652684992	-0.003237585762449481	1.21578705	35.70084	0.96811171	0.10261587300713104	0.0134689	0.00026
0.0521	-0.3971	0.4418	-0.0022322761133007477	-0.0059690260418206065	-0.003227113786937515	1.25422561	36.82956314	0.99724738	0.17256160034490794	0.0170689	0.00042
0.05	-0.3839	0.472	-0.0026843163895672786	-0.00618370153981591	-0.0031311206780778272	1.12776124	33.11601639	0.93287403	0.08363544415607602	0.0188393	0.00032
0.0479	-0.3789	0.3924	-0.0027855454861829498	-0.0057421332390613445	-0.0029653143991383657	1.24160457	36.45895386	1.00361661	0.12213018381548484	0.0159745	0.00049
0.0437	-0.3926	0.407	-0.003349286834577118	-0.005424483315198376	-0.0027576202181510408	1.23554289	36.28095627	1.00367872	0.08695427266222301	0.0163509	0.00025
0.0436	-0.388	0.4424	-0.0035796702958403696	-0.005705481324769463	-0.0028309240467348025	1.10964322	32.583992	0.94115157	0.06933426497090507	0.0178651	0.00033
0.0524	-0.4042	0.5239	-0.004571017310973149	-0.00598647933434055	-0.002886774582798621	1.24291909	36.49755478	1.03196998	0.17290977803838428	0.0239807	0.00086
0.0474	-0.2328	0.6136	-0.004045673206122856	-0.005981243346584567	-0.002808234766458876	1.39221382	40.88150406	1.09752114	0.29655599544730094	0.0246607	0.00105
0.0546	-0.2914	0.5956	-0.003555235686312449	-0.006031857894892403	-0.0027244589623631483	1.12352264	32.99155045	0.97333434	0.11504139361069857	0.0243793	0.00081
0.0638	-0.4438	0.5143	-0.0033597588100890844	-0.006012659273120465	-0.002829178717482808	1.22267878	35.90320969	1.03667581	0.2588697626557482	0.0233223	0.00081
0.0568	-0.4867	0.4878	-0.003214896482173555	-0.0056985000077614855	-0.002717477645355171	1.17363286	34.46300888	0.9663217	0.10493613327010728	0.0225589	0.00087
0.0651	-0.4614	0.4694	-0.003218387140677544	-0.005838126347921033	-0.002748893571891069	1.07623625	31.60301781	0.94492813	0.060726646259971775	0.0217043	0.00068
0.0633	-0.374	0.553	-0.00365646478292812	-0.006019640590128442	-0.0027558748888990466	1.23887193	36.3787117	1.03125359	0.2041286600732982	0.0241004	0.00083
0.0484	-0.2001	0.5359	-0.002082177797629235	-0.006021385919380436	-0.00222529479629277	1.4753015	43.32132339	1.17672753	0.3112306203578577	0.0222697	0.00124
0.0224	-0.1185	0.3194	-0.0012252211349000194	-0.004717624968140673	-0.0014451326206513049	1.42424798	41.82216644	1.29214008	0.47114398948052233	0.0151836	0.0009
0.0267	-0.3463	0.3361	-0.0022898719786165604	-0.0048467793327882525	-0.001621410875102732	1.31719625	38.67865753	1.15749829	0.3173041731407774	0.0164948	0.00044
0.0248	-0.5035	0.3384	-0.002778564169174973	-0.005276130328778859	-0.001956514091485643	1.23362541	36.22465134	1.05593779	0.2240573201465964	0.0192066	0.00086
0.0321	-0.4381	0.3872	-0.002898991887562581	-0.005295328950550796	-0.0017889624832941875	1.21491885	35.67534637	1.01857655	0.13685889741755003	0.0180339	0.0008
0.0305	-0.2098	0.4925	-0.0028780479365386495	-0.005288347633542819	-0.0017034413499464657	1.34417665	39.47092056	1.15612994	0.3408723200689816	0.0191931	0.00068
0.0381	-0.2923	0.4406	-0.0022602013813326567	-0.005195845183187119	-0.0015969762655748114	1.05843437	31.08027649	0.98165766	0.18284070449666728	0.0179901	0.00084
0.0434	-0.3955	0.3245	-0.00204378055408536	-0.0050073496239717305	-0.0016109388995907662	1.18205225	34.71023941	1.02769409	0.245543951023932	0.0169983	0.00087
0.0375	-0.4729	0.3288	-0.002583087292951608	-0.005134758659367318	-0.0019216075064457567	1.18865597	34.90415192	0.98072806	0.13646921905584125	0.0189264	0.00103
0.0379	-0.3224	0.457	-0.002637192499763432	-0.005525712411814047	-0.0018256143975860688	1.37500858	40.37628174	1.10509435	0.30615260340591205	0.0190235	0.00065
0.039	-0.249	0.4485	-0.002398082392240209	-0.005672320068981571	-0.0018762289458939042	1.13221455	33.24678421	0.97713094	0.10481661564992915	0.0180832	0.00073
0.0414	-0.4272	0.3402	-0.002363175807200322	-0.005770058507093254	-0.002022836603061428	1.3484019	39.59499359	1.08240562	0.3028626340159547	0.0170148	0.0009
0.0329	-0.4315	0.3466	-0.002708750999095199	-0.005553637679845957	-0.0020717058221172693	1.21210349	35.59267426	0.98923367	0.04974326190990078	0.0179895	0.00122
0.012	-0.2746	0.4562	-0.003005456971934235	-0.005234242426730994	-0.001980948701013564	1.48988533	43.74956894	1.09239447	0.32274291735288513	0.0178853	0.0006
0.0058	-0.2397	0.3891	-0.0032218777991815323	-0.004171336912266447	-0.0022043508452688383	1.21503007	35.67861176	1.05273212	0.18333642429835595	0.0164738	0.00096
0.0281	-0.3382	0.3195	-0.00322885911618951	-0.0041661009245104645	-0.001864011641129944	1.18413627	34.77143478	1.01443286	0.20802782544514273	0.0157049	0.00141
0.0097	-0.2877	0.2149	-0.004825835381764321	-0.005070181477043527	-0.0013910274138394805	1.47274923	43.24637604	1.21368426	0.3222020522699169	0.0191832	0.00257
-0.0027	-0.2828	0.1901	-0.00210835773640915	-0.0051731559029111925	-0.0016109388995907662	1.48768246	43.68488312	1.22172265	0.19411817784870608	0.0110313	0.00019
-0.0117	-0.2566	0.2307	-0.002501056818107874	-0.005434955290710342	-0.0018291050560900572	1.10657799	32.49398422	0.94771574	0.11943323129985824	0.00985712	0.0002
-0.0071	-0.217	0.2944	-0.002368411794956305	-0.004831071369520303	-0.0019687313962496035	1.11278999	32.67639542	0.97831437	0.1517077642250577	0.0109524	0.00045
0.0071	-0.168	0.3971	-0.0024225170017681294	-0.0053825954131505125	-0.0020141099568014562	1.14513588	33.62621307	0.98666788	0.19845039054969427	0.0137708	0.00077
0.0096	-0.2128	0.3041	-0.0019442967867216831	-0.005506513790042109	-0.002036799237077382	1.22921848	36.09524536	0.99800022	0.17154139361069845	0.0110527	0.00121
0.024	-0.355	0.2701	-0.0019041542139258136	-0.006089453760208215	-0.002124065699677099	1.33980227	39.34247208	1.02002971	0.22611745027808453	0.0117378	0.00039
0.0178	-0.3207	0.2978	-0.0025551620249196984	-0.006227334771115768	-0.0020280725908174107	1.24021482	36.41814804	0.96110042	0.11244409653805627	0.0108618	0.00017
0.0219	-0.287	0.3756	-0.00266860842629933	-0.0069202304841575165	-0.002171189589480946	1.10147202	32.34404755	0.95490962	0.16307295565424573	0.0116843	0.00013
0.0213	-0.2271	0.3726	-0.0026616271092913526	-0.0069097585086455495	-0.0022916173078685546	1.35538518	39.80005264	0.97570083	0.07039405054537763	0.0131947	0.00099
0.0277	-0.3274	0.3263	-0.002181661564992912	-0.006970845032465352	-0.0024172810140121463	1.34055758	39.36465073	1.02438684	0.18633578871309175	0.012704	0.00039
0.0263	-0.3673	0.3401	-0.002267182698340634	-0.0070179689222692	-0.002384119758224254	1.21477723	35.67118835	0.9603191	0.06339031394697313	0.0132334	0.00047
0.0276	-0.3098	0.3752	-0.0027855454861829498	-0.00724835238353245	-0.002438224965036078	1.09221077	32.07209778	0.95205769	0.13404257279586948	0.0139163	0.00038
0.0277	-0.1885	0.4219	-0.002707005669843205	-0.007770205829878755	-0.002569124658935653	1.20226336	35.3037262	1.00485856	0.20466464782928123	0.014776	0.00036
0.0281	-0.3055	0.3306	-0.0020106192982974674	-0.007190756518216637	-0.002303834612632515	1.26913548	37.26738358	1.05100089	0.2857562864755497	0.0126082	0.00036
0.0209	-0.3254	0.3086	-0.0018360863730980347	-0.006871361265101675	-0.0019774580425095754	1.16193104	34.1193924	0.97890818	0.09011523742186672	0.011943	0.00028
0.0205	-0.2593	0.4093	-0.002234021442552742	-0.0070179689222692	-0.001954768762233649	1.15391266	33.88393784	1.02186426	0.195561600344908	0.0139605	0.00035
0.02	-0.1202	0.3936	-0.002816961412718848	-0.006787585461005948	-0.0018291050560900572	1.19396412	35.06002426	1.03406518	0.20224935687864745	0.0130739	0.00023
0.0211	-0.2782	0.3184	-0.002389355745980237	-0.006332054526235428	-0.0016999506914424768	1.24512172	36.56223297	1.05902478	0.2849145483078356	0.0113316	0.00017
0.0149	-0.3865	0.3367	-0.0023352505391684127	-0.006677629718130304	-0.0017278759594743865	1.13745654	33.40071106	0.98676696	0.1541802833369305	0.0116763	0.0002
0.0166	-0.2767	0.4011	-0.0024190263432641405	-0.00705462083656108	-0.0018779742751458986	1.07984078	31.7088623	0.98416404	0.2064432619099008	0.0125304	0.00033
0.0262	-0.2014	0.4391	-0.0025028021473598684	-0.0072902402855803145	-0.0018448130193580064	1.1249609	33.03378677	0.97205826	0.14052782544514267	0.0130595	0.00016
0.0308	-0.2831	0.3425	-0.002118829711921116	-0.006993534312741278	-0.0020141099568014562	1.17134964	34.39596176	1.00388232	0.22539876728606192	0.0102758	0.00013
0.0296	-0.385	0.3446	-0.001647590813882647	-0.007276277651564359	-0.0021537362969610025	1.19181192	34.99682617	0.97336417	0.1498804288510548	0.0120006	0.00019
0.0252	-0.2824	0.3811	-0.0020629791758572974	-0.007642796794483169	-0.002237512101056731	1.11484766	32.73681641	0.96464667	0.1867841654494594	0.0114532	0.0001
0.0281	-0.2191	0.4455	-0.002324778563656447	-0.008072147790473773	-0.002305579941884509	1.20736098	35.45341492	0.97225136	0.16856091123087663	0.0140833	0.00029
0.0425	-0.2671	0.3569	-0.001954768762233649	-0.007918558816298273	-0.0023457225146803788	1.19006324	34.94547653	0.99553061	0.17918706741970844	0.0110322	0.00015
0.0365	-0.3976	0.3381	-0.0020996310901491783	-0.007555530331883452	-0.0023212879051524586	1.27240539	37.36340332	1.00196331	0.18191627109291353	0.0121794	0.00019
0.024	-0.296	0.4183	-0.0026249751949994717	-0.007489207820307668	-0.0021153390534171274	1.20147705	35.28063583	1.00283753	0.23418077340807048	0.013607	4e-05
0.0319	-0.1407	0.4348	-0.002363175807200322	-0.007822565707438583	-0.0019006635554218248	1.24659657	36.60554123	1.01221418	0.2201916386462684	0.0131827	0.00031
0.031	-0.2946	0.3343	-0.0021223203704251047	-0.007653268769995135	-0.002089159114637212	1.21913087	35.7990303	1.03868015	0.28523239667170264	0.00995338	0.0002
0.0251	-0.3672	0.3215	-0.0019041542139258136	-0.007862708280234455	-0.002145009650701031	1.21531868	35.68708801	0.96701818	0.11547281014012153	0.0109119	0.00016
0.0246	-0.3702	0.3623	-0.0019844393595175526	-0.007934266779566223	-0.0022479840765686964	1.18336737	34.74885559	0.982214	0.05704090353955857	0.0121514	0.00028
-0.0116	0.1498	0.1305	0.0002897246558310587	-0.006342526501747393	-0.0013369222070276565	2.23059535	65.50006104	1.84316441	1.026848308135424	0.0239232	0.00302
-0.0202	0.2646	0.1528	0.001129228026040331	-0.00574038790980935	-0.001281071670963838	1.67086005	49.06377792	1.12887784	0.22057462491055668	0.0348506	0.01448
-0.0224	-0.0418	0.2029	0.0006981317007977319	-0.005928883469024737	-0.001403244718603441	1.58750701	46.61616898	1.31929218	0.39578824660487943	0.0193687	0.00298
-0.0093	-0.3412	0.128	0.00024609142453120044	-0.006052801845916334	-0.001410226035611418	1.66584265	48.91644669	1.31645168	0.4165469985083052	0.0143915	0.0007
0.0032	-0.4493	0.2073	-0.0007470009198535729	-0.006955137069197403	-0.0017296212887263805	1.27330589	37.3898468	1.05822429	0.31064114103904017	0.0125747	0.00045
0.0136	-0.4442	0.2444	-0.0012740903539558604	-0.007342600163140145	-0.0019617500792416262	1.1580224	34.00461578	0.95854077	0.10993406592801372	0.0113248	0.00028
0.0208	-0.3303	0.2707	-0.0012130038301360591	-0.007663740745507101	-0.0021676989309769574	1.25718343	36.91641998	1.00487512	0.1768087978961044	0.00900978	0.00013
0.0191	-0.2969	0.2924	-0.001265363707695889	-0.007644542123735163	-0.002190388211252884	1.14624953	33.65891266	0.929938	0.06151238898038471	0.00830722	0.00013
0.0214	-0.2775	0.2781	-0.0016441001553786586	-0.007548549014875476	-0.002165953601724963	1.06224549	31.19218445	0.91867619	0.060958208303518835	0.00849187	0.00015
0.0212	-0.2697	0.2766	-0.002087413785385218	-0.00740543201621194	-0.0022706733568446224	1.16221547	34.12774277	0.94408413	0.044057519189487776	0.00930595	0.00016
0.0234	-0.2183	0.3682	-0.002092649773141201	-0.00776846050062676	-0.0024312436480281013	1.22752559	36.04553604	0.9763922	0.1716417381677141	0.0101773	0.00015
0.0236	-0.2041	0.3067	-0.002078687139125246	-0.00776846050062676	-0.002319542575900464	1.06465268	31.2628727	0.94587674	0.08218318530717966	0.00930983	0.00015
0.0278	-0.333	0.2955	-0.001980948701013564	-0.0077335539155868735	-0.0024137903555081575	1.22831261	36.06864548	0.99799649	0.15564464013796311	0.0108724	0.00016
0.0311	-0.3277	0.296	-0.0016824973989225337	-0.007707373976806959	-0.0025516713664157096	1.23359275	36.22369385	0.93642293	0.032225612588924875	0.0107323	0.00016
0.0244	-0.2709	0.3234	-0.0017208946424664088	-0.007805112414918642	-0.0026267205242514655	1.11944878	32.87192535	0.92643538	0.10145924197456575	0.0103155	0.00025
0.0272	-0.2511	0.317	-0.0018552849948699724	-0.007983135998622064	-0.0025987952562195565	1.15923369	34.04018402	0.91249952	0.04601696020694472	0.011134	0.00029
0.0322	-0.3014	0.3096	-0.0018308503853420514	-0.008077383778229757	-0.002764601535159018	1.2133826	35.63023376	0.95407234	0.07692443340375382	0.0122821	0.00036
0.0353	-0.2947	0.3344	-0.0017976891295541592	-0.00832871119051694	-0.0027558748888990466	1.18342745	34.7506218	0.92374953	0.04926076571675229	0.0121383	0.00029
0.033	-0.2942	0.3446	-0.0018762289458939042	-0.008311257897996997	-0.0028326693759867967	1.04685009	30.7401104	0.90611995	0.021639379797371943	0.013693	0.00042
0.0344	-0.2906	0.3356	-0.0020193459445574393	-0.008365363104808822	-0.002958333082130389	1.23159993	36.16517639	0.94049159	0.030144295580947614	0.0146785	0.00068
0.0333	-0.3375	0.3419	-0.0018570303241219666	-0.00813497964354557	-0.0029688050576423546	1.3181777	38.70747757	0.96111738	0.0744585528605345	0.0145925	0.00047
0.0165	-0.178	0.4782	-0.002823942729726825	-0.008138470302049559	-0.0025464353786597265	1.35837078	39.88772202	1.1318938	0.3822386371545739	0.017291	0.00051
0.0245	-0.0603	0.4841	-0.002928662484846485	-0.007881906902006392	-0.0022689280275926286	1.22508168	35.97377014	1.04492766	0.16353952531149618	0.018671	0.00093
0.0308	-0.2816	0.375	-0.0024242623310201236	-0.007707373976806959	-0.002464404903815993	1.31659138	38.6608963	1.14961398	0.38042049776245784	0.0134047	0.00031
0.033	-0.3833	0.3534	-0.0020699604928652747	-0.007847000316966505	-0.0025987952562195565	1.18098843	34.67900085	0.99661982	0.15691592653589792	0.0137494	0.00033
0.0274	-0.353	0.3894	-0.0025272367568877894	-0.007942993425826193	-0.0025638886711796703	1.11901331	32.85913849	0.95770332	0.10130879789610446	0.0130486	0.00017
0.0247	-0.3398	0.393	-0.0026773350725593018	-0.007995353303386023	-0.0027157323161031764	1.02469063	30.08941078	0.92265691	0.03721509190774242	0.0124328	0.00019
0.0275	-0.3161	0.3936	-0.002780309498426967	-0.0080948370707497	-0.002782054827678961	1.03537643	30.40319252	0.89727023	0.040539035240356326	0.0122101	0.00022
0.0317	-0.29	0.397	-0.0026825710603152844	-0.008126252997285598	-0.0028640853025226946	1.09860861	32.2599678	0.92000951	0.04425924197456575	0.0123771	0.00012
0.0212	-0.2585	0.4169	-0.0027349309378751144	-0.007560766319639435	-0.003043854215478111	1.18352568	34.75350571	0.9667302	0.10178077340807044	0.0125529	0.00017
0.0215	-0.2226	0.5006	-0.0031956978604016175	-0.00817163155783745	-0.002686061718819273	1.16327119	34.15874481	0.99302834	0.1913712328691679	0.0154322	0.00017
0.0338	-0.2214	0.4629	-0.0026406831582674204	-0.008314748556500984	-0.0026773350725593018	1.04995823	30.83137894	0.94505513	0.08654291735288516	0.0133784	0.00031
0.0427	-0.35	0.4233	-0.002750638901143063	-0.008511970761976346	-0.002898991887562581	1.18259478	34.72616959	0.9772185	0.20354173816771404	0.0138322	0.00023
0.0475	-0.3964	0.432	-0.0026668630970473357	-0.008613199858592015	-0.0030560715202420713	1.19193399	35.00040817	0.94981563	0.07700422666954437	0.0152814	0.00033
0.0564	-0.3885	0.4203	-0.0024713862208239705	-0.008555603993276205	-0.0031223940318178558	1.13723445	33.39419174	0.94491879	0.04446976265574797	0.0144131	0.00019
0.0627	-0.3022	0.4111	-0.0021956241990088664	-0.008452629567408538	-0.0030543261909900766	1.05011928	30.83610725	0.94455942	0.12414021442552745	0.0125364	0.00017
0.0608	-0.3725	0.4114	-0.0025028021473598684	-0.008396779031344719	-0.003186971214141646	1.2206316	35.84309769	0.94886078	0.09728367537831951	0.0151235	0.00033
0.0591	-0.3424	0.4074	-0.002305579941884509	-0.008361872446304834	-0.0032637657012293962	1.25431609	36.83222198	0.94229526	0.051246163880149694	0.0137207	0.00023
0.0476	-0.3236	0.4567	-0.002998475654926258	-0.008400269689848708	-0.0030525808617380824	1.1596452	34.05226898	0.95227915	0.12672388980384683	0.0154569	0.00029
0.027	-0.1539	0.5341	-0.0032759830059933565	-0.008363617775556827	-0.0026267205242514655	1.18374968	34.76008224	1.04388038	0.30470098014227986	0.0175169	0.00032
0.0291	-0.2693	0.449	-0.0029112091923265415	-0.00817512221634144	-0.002778564169174973	1.16115904	34.09672165	1.00947228	0.2378556508902855	0.0137404	0.00029
0.041	-0.4096	0.412	-0.0026790804018112955	-0.00829205927622506	-0.0030874874467779687	1.20514548	35.38835526	1.00055654	0.22209945640009315	0.0152736	0.00033
0.0415	-0.4405	0.4362	-0.0030560715202420713	-0.008391543043588736	-0.003186971214141646	1.15459073	33.90384674	0.95331331	0.0843979326579065	0.0170041	0.00038
0.0361	-0.4082	0.4577	-0.003593632929856324	-0.008426449628628624	-0.0032637657012293962	1.05773735	31.05980873	0.93562014	0.09166312408709452	0.0168891	0.00032
0.0462	-0.3975	0.4487	-0.003485422516232676	-0.008513716091228338	-0.0032847096522533284	1.02300251	30.03983879	0.90034658	0.040621041362364725	0.0164496	0.00025
0.0463	-0.2676	0.5053	-0.003686135380212024	-0.008600982553828056	-0.0032218777991815323	1.20747507	35.45676422	1.00419021	0.20414055898254305	0.0174641	0.00029
0.0442	-0.2069	0.5183	-0.0033999013828849537	-0.008583529261308114	-0.0032550390549694243	1.21747613	35.75043869	0.96537259	0.0926424272817453	0.017476	0.00051
0.0452	-0.3263	0.4675	-0.003269001688985379	-0.008440412262644578	-0.0033231068957972035	1.1455965	33.63973618	0.99670824	0.18830422666954444	0.0153922	0.00026
0.0475	-0.3846	0.4604	-0.003298672286269283	-0.008803440747059398	-0.003419100004656891	1.04156196	30.58482742	0.91587727	0.09213460952792067	0.0164181	0.00031
0.0525	-0.4196	0.4536	-0.003223623128433527	-0.008967501696746864	-0.0035849062835963527	1.17369497	34.46483231	0.93236054	0.06704581932313414	0.0182675	0.00028
0.0541	-0.4713	0.4711	-0.003113667385557884	-0.009176941206986184	-0.0036896260387160127	1.25527251	36.86030579	0.96003815	0.0920057504117312	0.0205356	0.00047
0.0527	-0.3901	0.4794	-0.0031258846903218446	-0.009121090670922365	-0.0036669367584400863	1.14758909	33.69824982	0.95086857	0.09543785605518532	0.0177912	0.00038
0.0511	-0.3705	0.4505	-0.0030421088862261168	-0.008976228343006836	-0.003733259270015871	1.07758009	31.64247894	0.91569877	0.06484803217935205	0.0165626	0.00041
0.0418	-0.3669	0.4462	-0.003417354675404897	-0.008829620685839314	-0.003649483465920143	1.15750241	33.98934555	0.95107133	0.04748146252210152	0.0166932	0.00033
0.0311	-0.2978	0.5358	-0.0033684854563490563	-0.00894132175796695	-0.003450515931192789	1.26771533	37.2256813	0.99521171	0.1873768912955416	0.019141	0.00028
0.0094	-0.2091	0.4481	-0.0030997047515419294	-0.007792895110154682	-0.0030473448739821	1.17994964	34.64849472	1.03791682	0.2891189204915043	0.0132128	0.00025
0.0022	-0.4051	0.4372	-0.003782128489071712	-0.008101818387757679	-0.0035395277230445004	1.20819426	35.47788239	1.05928818	0.288276493209759	0.0162963	0.00035
-0.0018	-0.4328	0.4517	-0.003837979025135531	-0.008103563717009672	-0.003502875808752619	1.12085128	32.91310883	0.94222544	0.05091238898038467	0.0184762	0.00039
0.0107	-0.3179	0.5575	-0.004328416544945937	-0.00869523033343575	-0.0033021629447732717	1.23373568	36.22789001	1.0558304	0.2973408500107916	0.0216044	0.00061
0.0169	-0.1618	0.5413	-0.0033056536032772606	-0.008632398480363955	-0.0030159289474462015	1.28412008	37.70739746	1.05781438	0.24709143960337707	0.0187227	0.0006
0.0176	-0.3314	0.4786	-0.003106686068549906	-0.008496262798708396	-0.003139847324337799	1.1513499	33.80868149	1.02911434	0.25595107966372554	0.0155137	0.00022
0.0137	-0.4697	0.4745	-0.0033143802495372316	-0.008618435846348	-0.0033911747366249826	1.09245408	32.07924271	0.9848032	0.1753597320457057	0.0197365	0.00067
0.0178	-0.4812	0.4798	-0.0033231068957972035	-0.008808676734815382	-0.0035098571257605967	1.09991705	32.29838943	0.92392412	0.03678249619314847	0.0207067	0.00044
0.0163	-0.3967	0.4938	-0.003492403833240653	-0.008833111344343302	-0.0035465090400524776	1.17117047	34.39070129	0.96713161	0.11151917306316252	0.0188573	0.00044
0.02	-0.3378	0.5348	-0.0036250488563922224	-0.008918632477691025	-0.003480186528476693	1.19240427	35.01421738	0.97918152	0.11782443340375393	0.0194309	0.00029
0.0229	-0.3225	0.5097	-0.003337069529813158	-0.009060004147102564	-0.003490658503988659	1.05422509	30.95667076	0.926591	0.06529114857512851	0.0171877	0.00038
0.029	-0.4186	0.4982	-0.0034348079679248403	-0.00905825881785057	-0.0036477381366681488	1.09693122	32.21071243	0.94505663	0.12652817000215844	0.0193028	0.00029
0.027	-0.4077	0.4958	-0.0035290557475325343	-0.009149015938954275	-0.0037943457938356727	1.12054086	32.90399551	0.93746408	0.03188062789394615	0.0196757	0.00041
0.026	-0.4661	0.5051	-0.003303908274025266	-0.009222319767538036	-0.003935717463247213	1.18072319	34.67121124	0.94223017	0.09069114857512849	0.0216348	0.00073
0.0237	-0.3889	0.5089	-0.0032724923474893677	-0.009241518389309976	-0.0038397243543875246	1.09584415	32.17879105	0.94388863	0.09063038285837632	0.0189785	0.00038
0.0196	-0.339	0.4917	-0.003190461872645634	-0.009185667853246156	-0.0038117990863556156	1.06199491	31.18482971	0.91180385	0.0794903139469731	0.0176216	0.00022
0.0267	-0.35	0.4877	-0.0029618237406343773	-0.009086184085882479	-0.0038030724400956446	1.14638758	33.66296768	0.92935218	0.03894242728174519	0.0182707	0.00028
0.021	-0.3347	0.5538	-0.0032882003107573173	-0.00905825881785057	-0.0034417892849328176	1.23571122	36.28590012	0.96943102	0.1228792496658837	0.0209962	0.00036
0.0202	-0.1794	0.5972	-0.003623303527140228	-0.009258971681829917	-0.0032847096522533284	1.1783247	34.60078049	1.01129244	0.23414478565208732	0.0222262	0.00084
0.0232	-0.3106	0.4927	-0.0030927234345339517	-0.008958775050486893	-0.0034749505407207105	1.15942025	34.04566193	1.03949461	0.28975088062083404	0.0167355	0.00031
0.0228	-0.4729	0.4663	-0.0031730085801256907	-0.008946557745722932	-0.003680899392456041	1.18024886	34.65728378	1.01066651	0.20402256510455155	0.0202016	0.00045
0.0208	-0.4393	0.4753	-0.003082251459021986	-0.00903731486682664	-0.0037402405870238476	1.16042471	34.07515717	0.95401417	0.0566427718387609	0.0193776	0.00048
0.0097	-0.4163	0.4774	-0.0032847096522533284	-0.00863065315111196	-0.003900810878207326	1.11801147	32.82971954	0.93198804	0.07468451000647502	0.0177591	0.00023
0.0136	-0.3519	0.502	-0.003506366467256608	-0.008918632477691025	-0.003914773512223281	1.00947189	29.64252281	0.92834899	0.11907993877991496	0.0173164	0.00032
0.0169	-0.3733	0.5153	-0.0037245326237558994	-0.008984954989266809	-0.003911282853719292	1.10439932	32.43000793	0.93248106	0.052398966328953245	0.0195755	0.00023
0.02	-0.3666	0.5006	-0.00322885911618951	-0.009054768159346582	-0.004078834461910747	1.15520704	33.92194366	0.9471937	0.061151914291880896	0.0184844	0.00036
0.0156	-0.3974	0.5136	-0.0032061698359135836	-0.00927118898659388	-0.0041329396687225725	1.15694857	33.9730835	0.9342008	0.06286076571675231	0.0193455	0.00041
0.017	-0.3745	0.5348	-0.0034051373706409367	-0.009653416092780637	-0.004105014400690663	1.02665389	30.14706039	0.90697977	0.07595599544730113	0.0199115	0.00041
0.0207	-0.3647	0.5492	-0.003635520831904189	-0.009697049324080494	-0.004120722363958612	1.16712213	34.27182388	0.92583054	0.04238623279155288	0.0222302	0.00051
0.0112	-0.2706	0.6518	-0.004209734155810323	-0.009403834009745446	-0.004105014400690663	1.29691803	38.08320236	1.08300307	0.2503568300754566	0.0300489	0.00201
0.0031	-0.2164	0.6111	-0.00398284135305106	-0.009176941206986184	-0.004141666314982544	1.20694613	35.44123077	1.04495266	0.1275218759905203	0.0242524	0.00105
-0.0028	-0.456	0.5529	-0.003829252378875559	-0.009040805525330627	-0.00426907535037813	1.28172946	37.6371994	1.12486981	0.3245566845613322	0.0252857	0.001
-0.0051	-0.4735	0.5289	-0.004040437218366873	-0.009297368925373792	-0.00420449816805434	1.04126132	30.57599831	0.94046016	0.07041627109291335	0.02415	0.001
0.0057	-0.4164	0.5669	-0.004253367387110181	-0.010011208589439474	-0.0042324234360862495	1.11804545	32.83071899	0.99447228	0.15363475504204488	0.025376	0.00126
-0.0108	-0.0571	0.4059	-0.0036599554414321086	-0.008840092661351278	-0.0034365532971768345	1.80264914	52.9336853	1.54050561	0.6648199006337842	0.0175101	0.0015
-0.0304	-0.004	0.2937	-0.005927138139772744	-0.00796568270610212	-0.0028693212902786776	1.60257137	47.05852509	1.45956572	0.37034123302439753	0.0249875	0.01214
-0.0152	-0.2912	0.024	-0.0058974675424888386	-0.005267403682518886	-0.0022602013813326567	1.92973912	56.66560364	1.73269535	0.7389534764906581	0.0265369	0.00991
-0.0155	-0.1682	0.0911	-0.007909832170038301	-0.006487388829662923	-0.0020245819323134223	1.49414527	43.87465668	1.34464838	0.36379846118563675	0.0317398	0.01124
-0.0271	-0.082	0.0274	-0.006265732014659643	-0.0072082098107365804	-0.002495820830351891	1.51267636	44.4188118	1.27216028	0.3033080017245392	0.0249362	0.00488
-0.017	-0.0557	0.0314	-0.006185446869067903	-0.007871434926494426	-0.0027366762671271086	1.13350987	33.28482056	0.98215274	0.08961828490624013	0.0225896	0.00302
-0.0219	-0.2327	0.0687	-0.006344271830999388	-0.008850564636863244	-0.002846632010002751	1.22017741	35.82976151	1.05728773	0.28159552075879724	0.0195507	0.00161
-0.0233	-0.1784	0.0707	-0.007051130178057092	-0.009257226352577924	-0.002574360646691636	1.16315985	34.15547562	0.9698482	0.12698957130417493	0.0212772	0.00212
-0.0346	-0.1769	0.0206	-0.007419394650227894	-0.008976228343006836	-0.0026162485487395003	1.10026705	32.30866623	0.95945113	0.09745751918948771	0.0245702	0.00385
-0.0365	-0.184	0.0427	-0.0076881753550350216	-0.00845786555516452	-0.0028326693759867967	1.31349254	38.56990051	0.96836267	0.08127821599483696	0.0246341	0.00423
-0.0272	-0.1489	0.0898	-0.006750933546714066	-0.008929104453202991	-0.0029653143991383657	1.29248714	37.95309067	1.00855694	0.16855628647554977	0.0196497	0.00151
-0.0184	-0.0953	0.0515	-0.006274458660919614	-0.008948303074974929	-0.003003711642682241	1.202371	35.30688477	0.99488119	0.12740353755551323	0.0203618	0.00196
-0.0225	-0.2073	0.0316	-0.006403613025567195	-0.008923868465447005	-0.0030159289474462015	1.11978662	32.88184738	0.98188003	0.14429031394697323	0.0206717	0.00195
-0.0294	-0.2249	0.0308	-0.006359979794267337	-0.008726646259971648	-0.0032463124087094525	1.24281919	36.49462128	0.92983152	0.04886194490192331	0.0216723	0.00266
-0.0332	-0.196	0.0481	-0.00645422757387503	-0.008958775050486893	-0.003454006589696778	1.22207117	35.88536835	0.95539823	0.07670353755551315	0.0214981	0.00211
-0.029	-0.1653	0.0913	-0.00589397688398485	-0.00913854396344231	-0.003452261260444784	1.2530036	36.7936821	0.95665811	0.11518824660487947	0.0182472	0.00103
-0.0257	-0.1255	0.1126	-0.006319837221471467	-0.009351474132185619	-0.0035098571257605967	1.06071377	31.14720726	0.93757586	0.09921931857728694	0.018479	0.00141
-0.0223	-0.206	0.0975	-0.0062238441126117785	-0.009485864484589181	-0.003611086222376268	1.25522625	36.85894775	0.96039324	0.11558062789394612	0.0195832	0.00185
-0.0171	-0.2984	0.1121	-0.00632507320922745	-0.009815731713216109	-0.003745476574779831	1.32965469	39.04449463	0.97805624	0.14047433388230815	0.0205757	0.00212
-0.0162	-0.1736	0.1256	-0.0062447880636357115	-0.010047860503731356	-0.003745476574779831	1.21402967	35.64923477	0.98172819	0.15482069680534927	0.0194513	0.00137
-0.0149	-0.2127	0.1317	-0.006113888369736136	-0.009998991284675513	-0.0037768925013157294	1.04727376	30.75255013	0.92418996	0.057059241974565834	0.0197244	0.00128
-0.0177	-0.2121	0.1153	-0.0061453042962720346	-0.010028661881959416	-0.0038030724400956446	1.19050872	34.95855713	0.96607687	0.024163323129985852	0.0209255	0.00126
-0.021	-0.1474	0.2028	-0.006681120376634293	-0.009998991284675513	-0.003733259270015871	1.25269449	36.78460312	1.01571079	0.1872649923862968	0.0186639	0.00119
-0.0161	-0.0618	0.2026	-0.0062570053683996705	-0.010178760197630931	-0.0037803831598197174	1.14513946	33.62631607	0.97349253	0.12325039054969436	0.0183235	0.00128
-0.0143	-0.2836	0.182	-0.006258750697651665	-0.010199704148654861	-0.003968878719035105	1.21724844	35.74375153	1.07903503	0.2547592419745657	0.0180058	0.00106
-0.0113	-0.2492	0.1455	-0.006106907052728159	-0.009922196797587763	-0.004017747938090946	1.01254714	29.73282433	0.92221763	0.09781101075232237	0.0176852	0.00094
-0.0178	-0.2915	0.1407	-0.0058800142499688965	-0.009632472141756703	-0.004000294645571003	1.12314403	32.98043442	0.94550389	0.08030353755551325	0.0172521	0.0008
-0.0277	-0.1911	0.1478	-0.005967280712568612	-0.009679596031560551	-0.0039339721339952186	1.16831303	34.30679321	0.97686779	0.12743564319896739	0.0164571	0.00073
-0.0286	-0.0894	0.2621	-0.00645422757387503	-0.009810495725460127	-0.0036582101121801144	1.22145331	35.86722565	1.05112803	0.26158042885105487	0.0162737	0.0008
-0.0316	0.0192	0.3327	-0.006700318998406232	-0.01007753110101526	-0.003495894491744642	1.14597178	33.65075684	1.03186426	0.21597212102609037	0.0201122	0.00212
-0.0379	0.0405	0.3246	-0.005539675045830002	-0.009443976582541317	-0.003501130479500625	1.3254472	38.92094421	1.02271731	0.12567172294030776	0.0220196	0.0033
-0.0284	-0.274	0.1986	-0.0050789081233034985	-0.009297368925373792	-0.003864158963915446	1.55170012	45.56472015	1.29060417	0.49852015320544246	0.0174267	0.00084
-0.0184	-0.4345	0.1659	-0.0050789081233034985	-0.00932005820564972	-0.003996803987067014	1.31559157	38.63153839	1.08914993	0.21096671517137483	0.0194361	0.00182
-0.0137	-0.3507	0.165	-0.005440191278466324	-0.009379399400217526	-0.00394269878025519	1.13578904	33.35174561	0.96946567	0.11313647782712272	0.0163918	0.00094
-0.0053	-0.3439	0.172	-0.005445427266222308	-0.009691813336324512	-0.004052654523130833	1.07770157	31.64604568	0.93664798	0.04358028333693068	0.0153568	0.00067
-0.0069	-0.3084	0.1665	-0.005578072289373877	-0.009899507517311838	-0.004235914094590238	1.18516815	34.80173492	0.95734587	0.06877993877991491	0.0157845	0.00052
-0.0139	-0.3032	0.1683	-0.005518731094806069	-0.009793042432940184	-0.00420449816805434	1.22769761	36.0505867	0.96806475	0.023861110273767985	0.015346	0.00054
-0.007	-0.2842	0.1733	-0.0057421332390613445	-0.009862855603019957	-0.0041608649367544815	1.06809568	31.36397362	0.92900479	0.04774242728174536	0.0150508	0.00042
-0.0015	-0.3108	0.1818	-0.0061121430404841425	-0.010124654990819104	-0.0042603487041181585	1.19097161	34.9721489	0.92964782	0.07716464782928109	0.0173827	0.00067
0.0024	-0.2581	0.1928	-0.005989969992844539	-0.010175269539126942	-0.004375540434749784	1.26864803	37.25307083	0.95749464	0.08199896632895337	0.0162724	0.00047
-0.002	-0.2737	0.2355	-0.0063948863793072235	-0.010409143658894181	-0.004365068459237818	1.1188246	32.85359573	0.93481059	0.09516312408709453	0.0165113	0.00047
-0.0157	-0.1475	0.2461	-0.0064071036840711824	-0.010063568466999304	-0.004218460802070294	1.11467147	32.73164368	0.96846032	0.175720007691318	0.0160398	0.00064
-0.0129	-0.2301	0.1852	-0.0060353485533963915	-0.0099728113458956	-0.00429700061841004	1.11742902	32.81261826	0.95498713	0.17335260340591202	0.0152964	0.00068
-0.0201	-0.3362	0.1771	-0.005928883469024737	-0.009789551774436193	-0.0045640359939651725	1.17684722	34.55739594	0.97585379	0.14923800156930972	0.0167785	0.00113
-0.0267	-0.222	0.1851	-0.005619960191421741	-0.009714502616600437	-0.0042655846918741415	1.16070449	34.08337402	0.97586962	0.16292118687648907	0.0143725	0.00063
-0.0236	-0.2928	0.1852	-0.005497787143782138	-0.010081021759519247	-0.004468042885105484	1.03651214	30.43654251	0.93795167	0.10855751918948776	0.0151342	0.0007
-0.022	-0.2756	0.1876	-0.005473352534254217	-0.009939650090107706	-0.00451516677490933	1.25911236	36.97306061	0.95230205	0.0318465084371654	0.015219	0.00112
-0.0182	-0.2832	0.2057	-0.005208062487951079	-0.010079276430267252	-0.004588470603493092	1.25955224	36.98597717	0.95061801	0.05341101075232232	0.0150879	0.0006
-0.0217	-0.2909	0.2305	-0.004949753758655919	-0.010028661881959416	-0.004351105825221863	1.20197737	35.29532623	0.94395204	0.06331440279371127	0.0138651	0.00033
-0.0324	-0.2776	0.2376	-0.005185373207675152	-0.009992009967667536	-0.004143411644234539	1.08265936	31.79162788	0.92409406	0.05509827721492189	0.013858	0.00025
-0.0377	-0.2752	0.2308	-0.005625196179177724	-0.009370672753957556	-0.004000294645571003	1.29770625	38.10634613	0.948004	0.07471385919380438	0.0160809	0.00089
-0.0399	-0.3405	0.2859	-0.006316346562967479	-0.009585348251952858	-0.003956661414271145	1.43450165	42.1232605	1.01496304	0.1700729556542457	0.0182189	0.00061
-0.0383	-0.332	0.2907	-0.006105161723476165	-0.009850638298255996	-0.003958406743523139	1.11563802	32.76002502	0.93693968	0.03881101075232232	0.0170149	0.00038
-0.0304	-0.302	0.2634	-0.005899212871740834	-0.009936159431603718	-0.003988077340807043	1.23402774	36.23646545	0.95492936	0.08125702911834783	0.0170686	0.0007
-0.0287	-0.2893	0.2767	-0.005960299395560636	-0.009815731713216109	-0.003984586682303054	1.27067995	37.31273651	0.95121144	0.036950245035569936	0.0170696	0.00049
-0.0281	-0.3105	0.2925	-0.006270968002415626	-0.009791297103688189	-0.003909537524467298	1.09546649	32.16770172	0.9351745	0.05810761871093328	0.0175891	0.00052
-0.0229	-0.2368	0.2993	-0.006469935537142979	-0.009833185005736052	-0.003787364476827695	1.14275622	33.55633545	0.94294215	0.10385142422074096	0.0165632	0.00045
-0.0151	-0.2828	0.2125	-0.005616469532917752	-0.009793042432940184	-0.0038938295611993493	1.2485168	36.66193008	1.03187926	0.19060368306963743	0.0164217	0.00081
-0.0271	-0.3182	0.2084	-0.006696828339902243	-0.008773770149775494	-0.0034627332359567498	1.24136066	36.45179367	1.06976476	0.17803637076958895	0.019786	0.00119
-0.0377	-0.1226	0.399	-0.007330382858376183	-0.008990190977022791	-0.0027872908154349444	1.3736341	40.33592224	1.2371001	0.47307088831215216	0.0190663	0.00113
-0.0353	-0.0853	0.4042	-0.00713141532364883	-0.009288642279113822	-0.002846632010002751	1.11984575	32.88358307	0.99095062	0.07273800156930953	0.0194135	0.00142
-0.031	-0.2992	0.3065	-0.006553711341238707	-0.009293878266869804	-0.00308399678827398	1.27673411	37.49051285	1.10928249	0.3569152374218668	0.0168352	0.00048
-0.0311	-0.4205	0.2688	-0.005810201079889122	-0.009173450548482195	-0.0033807027611130165	1.18546188	34.81035995	1.00258782	0.21713219762881147	0.0181636	0.0006
-0.0333	-0.3648	0.241	-0.0060021872976084994	-0.009482373826085192	-0.0035465090400524776	1.09932029	32.28086472	0.97042174	0.11903578871309171	0.0167332	0.00057
-0.0298	-0.3453	0.232	-0.006202900161587847	-0.009642944117268671	-0.0037978364523396607	1.06153178	31.17122841	0.9648839	0.0626305283725005	0.0168751	0.0006
-0.0258	-0.3813	0.286	-0.006581636609270616	-0.010204940136410845	-0.003902556207459321	1.18154514	34.69534683	0.97983584	0.1462726110972301	0.0196034	0.00078
-0.0312	-0.2207	0.3389	-0.006620033852814493	-0.010302678574522528	-0.003745476574779831	1.31002176	38.46798325	1.04476233	0.2335607657167524	0.0172862	0.00078
-0.0302	-0.2524	0.2582	-0.0061453042962720346	-0.010032152540463406	-0.0036721727461960694	1.10080779	32.324543	0.96732649	0.1543279709592671	0.0151303	0.00028
-0.0286	-0.4106	0.239	-0.006611307206554521	-0.00995710338262765	-0.00382576172037157	1.22641361	36.01288223	0.98816259	0.21373205211468713	0.0198078	0.00102
-0.0362	-0.3199	0.2717	-0.00628842129493557	-0.01026428133097865	-0.003907792195215304	1.18480575	34.79109192	0.98261693	0.1666047167406843	0.0176448	0.00057
-0.0464	-0.1823	0.3014	-0.005871287603708924	-0.010285225282002585	-0.003635520831904189	1.3543191	39.76874924	1.0550741	0.21301745027808475	0.0156723	0.00045
-0.0691	-0.0175	0.3222	-0.005686282702997525	-0.009953612724123661	-0.0030176742766981957	1.28004456	37.58772278	1.08723175	0.26502320068981583	0.0180098	0.00125
-0.0612	-0.0973	0.2871	-0.004742059577668593	-0.009986773979911554	-0.0031834805556376572	1.28584003	37.75790405	1.01141186	0.17995953300281425	0.0168636	0.00172
-0.053	-0.3142	0.1772	-0.004831071369520303	-0.009520771069629067	-0.0033178709080412204	1.30647218	38.36375427	1.11001758	0.36947025272688794	0.0164642	0.00147
-0.0512	-0.3743	0.1604	-0.004729842272904633	-0.009510299094117103	-0.0034697145529647274	1.36037028	39.94643784	0.9740889	0.09187723585255715	0.0163499	0.00087
-0.0252	-0.119	-0.0958	0.0014765485471872027	-0.006717772290926174	-0.0013072516097437528	2.22660422	65.38286591	1.91074395	1.095569028325187	0.0307469	0.01259
0.1382	0.0569	-0.4093	0.00715584993317675	-0.00848579082319643	0.006928957130417489	2.30843687	67.78582764	2.2417549	1.4369764329210524	0.0823894	0.06847
0.1724	0.0956	-0.4409	0.00753807703936351	-0.009850638298255996	0.007283258968572337	1.81755376	53.37134933	1.69947043	0.20956882097005877	0.0849881	0.06647
0.1109	0.101	-0.361	0.0038746309394274117	-0.010135126966331072	0.0046582837735728655	1.65633607	48.63729095	1.46745545	0.47544549815053233	0.0612957	0.02822
0.075	0.081	-0.3383	0.003691371367968007	-0.01000946326018748	0.0037262779530078936	1.22974205	36.11061859	1.05769666	0.1406464549083984	0.0556866	0.01897
0.065	-0.0022	-0.3289	0.002813470754214859	-0.009815731713216109	0.0036704274169440743	1.10192919	32.35747528	0.98400231	0.15897413483941691	0.0492499	0.01391
0.0539	-0.0063	-0.3193	0.00324107642095347	-0.01040041701263421	0.0030665434957540365	1.00327909	29.46067238	0.94138363	0.10560874436733753	0.0477679	0.01223
0.0462	0.0533	-0.3118	0.0023282692221604354	-0.010529571377281789	0.0024068090385001802	1.27085781	37.31795883	0.99614341	0.1598848010347234	0.0485442	0.01071
0.029	-0.005	-0.2649	0.0011187560505283654	-0.010353293122830362	0.0019041542139258136	1.32027209	38.76897812	1.0444745	0.2168223125328932	0.0405884	0.0043
0.0189	0.0806	-0.2416	0.0010873401239924673	-0.010341075818066403	0.001446877949903299	1.1792047	34.62662125	0.98919893	0.1440454747661186	0.0409055	0.0042
0.025	-0.0393	-0.3033	0.0014329153158873448	-0.010489428804485921	0.0013718287920675431	1.15234995	33.83804703	1.01782896	0.2161488668075076	0.0415426	0.00561
0.0187	-0.0782	-0.3179	0.0015393804002589986	-0.01050513676775387	0.0009564404300928925	1.19346988	35.04550934	0.98945286	0.08667807048071265	0.0428568	0.00644
0.0151	-0.0601	-0.2804	0.0013491395117916165	-0.01088387321543664	0.00045902159327450867	1.32138693	38.80171585	0.9868861	0.11251980864842684	0.0397652	0.00433
0.0153	-0.042	-0.259	0.001265363707695889	-0.010841985313388773	0.0004258603374866164	1.12084997	32.91307068	0.93946199	0.04764124809657427	0.0379398	0.00414
0.0111	-0.0578	-0.2521	0.000752236907609556	-0.01081580537460886	0.0002722713633111154	1.04715776	30.74914551	0.94630845	0.06154478565208735	0.0370299	0.00331
0.0116	-0.0199	-0.2422	0.0007330382858376184	-0.010822786691616838	0.0001937315469713706	1.16809189	34.3003006	0.96036734	0.05353598775598294	0.0377636	0.00382
0.0062	-0.0517	-0.1526	0.000705113017805709	-0.011040952848116129	5.061454830783555e-05	1.25264299	36.7830925	1.01889315	0.14626042115973678	0.0299225	0.00148
0.0046	-0.021	-0.1263	0.0008604473212332044	-0.011297516248159294	5.759586531581287e-05	1.07418942	31.54291153	0.94311742	0.0795439510239319	0.0288855	0.0015
0.0054	-0.0808	-0.1704	0.0010506882097005862	-0.011358602771979098	7.67944870877505e-05	1.09349096	32.10969162	0.95595467	0.11822630170295612	0.0307369	0.00234
0.0118	-0.1348	-0.1782	0.00119729586686811	-0.011360348101231092	0.00010821041362364843	1.19115603	34.97756577	0.98982695	0.07718844564777082	0.0306673	0.00177
0.0144	-0.0661	-0.1723	0.0012793263417118436	-0.01137256540599505	7.67944870877505e-05	1.19210291	35.00537109	0.95813198	0.08348318530717942	0.0313252	0.00204
0.0117	-0.0725	-0.2025	0.0013718287920675431	-0.011520918392414568	0.00014660765716752367	1.06046069	31.13977814	0.93840707	0.054833430342749526	0.0330032	0.00256
0.0147	-0.0458	-0.1919	0.0009878563566287904	-0.011595967550250323	0.0	1.15670359	33.96588898	0.94832028	0.07058146252210161	0.0325205	0.00235
0.0136	0.0084	-0.1692	0.0011641346110802177	-0.011522663721666564	-6.108652381980153e-05	1.19781995	35.17324829	0.95560695	0.09353343034274941	0.0327932	0.00244
0.0111	-0.0392	-0.1584	0.0011780972450961724	-0.011391764027766987	-5.93411945678072e-05	1.08669996	31.91027832	0.93704278	0.06823038285837627	0.029762	0.00163
0.0098	-0.0922	-0.1651	0.0012845623294678264	-0.011582004916234371	-3.839724354387525e-05	1.02915823	30.22059822	0.92386252	0.07688249619314849	0.0289243	0.00153
0.0057	-0.0545	-0.1731	0.0012374384396639797	-0.01155757030670645	-0.00013788101090755203	1.12374294	32.99802017	0.95125205	0.058352113334772256	0.030007	0.00179
0.0013	-0.0759	-0.1634	0.00147131255943122	-0.011527899709422544	-0.00019198621771937622	1.14931929	33.74905396	0.94163449	0.0513824961931485	0.0288683	0.00161
0.0077	-0.1237	-0.1204	0.001382300767579509	-0.011510446416902603	-0.0002600540585471551	1.09843349	32.25482559	0.95058854	0.10592664625997154	0.0247822	0.00121
0.0038	-0.1008	-0.0949	0.001181587903600161	-0.0115732782699744	-0.0003351032163829112	1.02066052	29.97106934	0.93032857	0.06922969374434502	0.0237359	0.00096
0.0107	-0.1209	-0.1296	0.0013718287920675431	-0.01179144442647369	-0.0003577924966588376	1.1109575	32.6225853	0.94246779	0.08325481626212988	0.025395	0.00124
0.0106	-0.1489	-0.1389	0.0017121679962064373	-0.01204975315576885	-0.00038397243543875244	1.19198513	35.00191116	0.95146348	0.06864139361069854	0.0261932	0.00153
0.0062	-0.1293	-0.1007	0.0012758356832078548	-0.011845549633285515	-0.0004206243497306334	1.14183414	33.52925873	0.96212378	0.09605938748868995	0.0237838	0.00119
-0.005	-0.0281	0.0031	0.000947713783832921	-0.01207767842380076	-0.00039968039870670147	1.23385882	36.23150635	1.06038057	0.24525973204570556	0.0217964	0.0009
-0.017	0.1534	-0.0058	0.0011397000015522971	-0.011756537841433804	-0.0002600540585471551	1.32898247	39.02475357	1.12596212	0.23503765701229393	0.0299256	0.00267
-0.0137	-0.1027	-0.1837	0.0021048670779051613	-0.011744320536669845	-1.2217304763960308e-05	1.50440419	44.17590332	1.30948134	0.49856105674500095	0.0302078	0.00192
-0.0073	-0.1995	-0.0989	0.0007888888219014368	-0.011445869234578814	-6.632251157578452e-05	1.32554746	38.92388535	1.14370793	0.271426738245329	0.0234271	0.0008
-0.0207	-0.2207	-0.0399	-2.96705972839036e-05	-0.011314969540679239	-1.3962634015954635e-05	1.15921664	34.0396843	1.0256158	0.14369094953223727	0.0178123	0.0006
-0.0247	-0.0527	0.0066	0.00019896753472735358	-0.011665780720330098	-1.5707963267948964e-05	1.26648331	37.18950272	1.06048028	0.2475597320457056	0.0195317	0.00058
-0.0336	0.0944	0.0521	0.0004747295565424576	-0.01146157719784676	0.0003298672286269283	1.29841578	38.12718201	1.04916036	0.242777036809666	0.0245009	0.00147
-0.0366	0.0123	-0.0398	0.0009704030641088471	-0.011051424823628093	0.00031415926535897925	1.15336061	33.86772537	1.04189573	0.22307669225265028	0.0240262	0.00061
-0.037	-0.2429	-0.0967	0.0009389871375729493	-0.01115439924949576	0.0003787364476827695	1.31061137	38.48529816	1.15241762	0.32244837673636767	0.0214819	0.00078
-0.0269	-0.2188	-0.1231	0.0010349802464326373	-0.01133940415020716	0.00017453292519943296	1.11502337	32.74197769	0.94190924	0.08486007660272128	0.0231129	0.00083
-0.0269	-0.2012	-0.06	0.000619591884457987	-0.011538371684934514	-0.00010821041362364843	1.17276573	34.43754578	0.98052415	0.1255549617762543	0.0195041	0.00042
-0.0331	0.0062	0.0069	0.0007609635538695277	-0.011702432634621979	-4.363323129985824e-05	1.36415589	40.05759811	1.10760974	0.2990004900711398	0.0221234	0.00071
-0.0436	-0.0666	-0.0671	0.0015289084247470327	-0.011337658820955164	-2.268928027592628e-05	1.12330031	32.9850235	1.00887449	0.2149831317784126	0.0237643	0.00065
-0.0633	-0.1491	-0.1556	0.0019425514574696887	-0.011051424823628093	0.000312413936106985	1.14079332	33.49869537	0.9979113	0.24244901232163185	0.0282655	0.00106
-0.0627	-0.1364	-0.1426	0.0012531464029319286	-0.010924015788232508	-1.7453292519943294e-06	1.21156073	35.57673645	0.98784732	0.08284866776461625	0.0265171	0.00094
-0.0631	-0.1778	-0.0768	0.0005061454830783556	-0.010861183935160713	-0.00012217304763960306	1.29547572	38.04084778	1.00806875	0.15411302456564885	0.0207894	0.00032
-0.0677	-0.1577	-0.0361	0.0004014257279586958	-0.011374310735247044	-0.0004206243497306334	1.09990036	32.29789734	0.96292251	0.11121489286485108	0.0185851	0.00029
-0.0551	-0.1289	0.0366	5.235987755982989e-05	-0.011805407060489645	-0.000614355896702004	1.28303862	37.67564011	0.98803772	0.16279468613064188	0.0169531	0.0009
-0.0493	-0.1368	-0.0264	0.0004537856055185257	-0.0116343647937942	-0.000614355896702004	1.31525886	38.62176895	1.03043515	0.10532339973270705	0.0190074	0.00039
-0.0434	-0.19	-0.0816	0.001064650843716541	-0.011609930184266279	-0.00013264502315156904	1.19612503	35.12347794	1.01118145	0.17015053606381858	0.0209902	0.00058
-0.0537	-0.2049	-0.0907	0.0002513274122871834	-0.011496483782886648	-0.00042935099599060504	1.1146667	32.73150253	0.98344502	0.09547379028240119	0.0205097	0.00049
-0.0429	-0.256	-0.0203	-0.00042411500823462205	-0.011735593890409872	-0.000640535835481919	1.19778144	35.17211533	0.99093019	0.18858686837681715	0.0173532	0.00039
-0.0456	-0.0544	0.0264	-0.000593411945678072	-0.011782717780213718	-0.0008883725892651138	1.3857038	40.69034195	1.0788085	0.2742128790515246	0.0175372	0.00042
-0.0405	-0.142	-0.0061	-0.00023387411976724014	-0.011677998025094059	-0.0008185594191853405	1.1181072	32.83253098	0.96408061	0.1519035375555132	0.0167907	0.00031
-0.0393	-0.2809	-0.0309	0.0001937315469713706	-0.011875220230569418	-0.0007155849933176752	1.12649667	33.07888412	0.99305752	0.20129011490408172	0.0174273	0.00033
-0.0399	-0.3081	-0.0056	0.00011170107212763708	-0.011889182864585374	-0.0008185594191853405	1.2209686	35.85299301	0.9624914	0.0630483767363677	0.0174017	0.00049
-0.0447	-0.2115	0.0678	-0.0002199114857512855	-0.011623892818282234	-0.0012095131716320703	1.36438692	40.06438446	1.02776359	0.2241928178314396	0.013724	0.00033
-0.0602	-0.1383	0.1322	-0.0007033676885537148	-0.011288789601899323	-0.0013037609512397642	1.18360448	34.75581741	0.98792892	0.19874035993965172	0.011912	0.00023
-0.0518	-0.211	0.1055	-0.0007155849933176752	-0.011578514257730382	-0.001244419756671957	1.11289144	32.67937469	0.93860656	0.12586415775814136	0.0117456	0.00039
-0.0436	-0.2495	0.0916	-0.000577703982410123	-0.011737339219661866	-0.001254891732183923	1.13759518	33.40478516	0.92798139	0.07595889741755012	0.0126761	0.00025
-0.0414	-0.1991	0.1083	-0.0003385938748868999	-0.011894418852341356	-0.0013665928043115599	1.23270178	36.19752884	0.94065979	0.09469454061651747	0.0127102	0.00029
-0.0434	-0.162	0.1405	-0.000598647933434055	-0.01196423202242113	-0.0013805554383275148	1.10118723	32.33568573	0.92398889	0.08849149313214418	0.0116478	0.00032
-0.0442	-0.2603	0.1279	-0.00031415926535897925	-0.012006119924468994	-0.0013159782560037243	1.0364399	30.43442154	0.92787139	0.13124768762233652	0.0116799	0.0002
-0.0447	-0.233	0.1055	-0.0002513274122871834	-0.011882201547577395	-0.0011501719770642632	1.13461924	33.31739807	0.92748255	0.06782782544514274	0.0122052	0.00016
-0.0492	-0.2287	0.1073	-3.316125578789226e-05	-0.011414453308042916	-0.0010838494654884787	1.19383609	35.05626297	0.93517094	0.048211845380477805	0.0124853	0.00032
-0.064	-0.2595	0.1222	-0.0005201081170943102	-0.011376056064499042	-0.0011205013797803594	1.1142025	32.71787262	0.94004727	0.08859980095710861	0.0113115	0.00012
-0.0571	-0.2452	0.1025	-0.00039793506945470715	-0.011512191746154598	-0.0009442231253289323	1.07170069	31.46983147	0.91365854	0.0626293491873293	0.0119721	0.00028
-0.0587	-0.2466	0.106	-0.0005096361415823442	-0.011398745344774966	-0.0007801621756414653	1.16166389	34.11154556	0.95696739	0.02596042115973684	0.0126972	0.00019
-0.063	-0.132	0.1777	-0.0008080874436733745	-0.011314969540679239	-0.0006073745796940267	1.28845179	37.83459473	1.02933693	0.21835073510670977	0.0117027	0.00013
-0.0668	-0.0906	0.1943	-0.00047123889803846896	-0.011063642128392056	-0.00035430183815484887	1.09250569	32.08075714	0.94200212	0.10386243497306331	0.0128165	0.00029
-0.056	-0.1812	0.1235	-0.0002478367537831948	-0.010887363873940627	-0.0003595378259108319	1.08271646	31.79330444	0.97591048	0.19244581932313432	0.0119318	0.00026
-0.0549	-0.3142	0.0941	-0.00034906585039886593	-0.010953686385516413	-0.0005340707511102648	1.11978483	32.88179398	0.96233336	0.18060422666954443	0.0122671	0.00033
-0.055	-0.3098	0.077	-0.00021467549799530252	-0.011091567396423963	-0.0007295476273336296	1.13306463	33.27174759	0.94788837	0.04498741197672389	0.0127995	0.00023
-0.05	-0.3807	0.0945	-0.00034033920413889426	-0.011126473981463849	-0.0008272860654453122	1.13975835	33.46830368	0.9485558	0.10631543646475798	0.0130892	0.00032
-0.0495	-0.2633	0.1465	-0.0007731808586334879	-0.011271336309379381	-0.0007923794804054256	1.11159956	32.64143753	0.98810416	0.20053052837250063	0.0109945	0.00016
-0.0499	-0.094	0.1842	-0.0007173303225696694	-0.011520918392414568	-0.0007452555906015787	1.23105204	36.149086	1.04019465	0.22502782544514252	0.0123717	0.00023
-0.0457	-0.2375	0.1022	-0.0003385938748868999	-0.01161865683052625	-0.0008831366015091308	1.19768977	35.16942596	1.02421357	0.26041779483510014	0.0116863	0.0002
-0.0347	-0.341	0.0916	1.7453292519943294e-06	-0.0117268672441499	-0.000705113017805709	1.23514748	36.26934814	0.99068197	0.1564286600732983	0.0138111	0.00026
-0.0316	-0.3175	0.1081	-0.0004974188368183839	-0.011993902619705033	-0.0008831366015091308	1.11068678	32.61463547	0.93967469	0.09031115626644665	0.0118155	0.00017
-0.0298	-0.1878	0.1786	-0.000905825881785057	-0.012154472910888512	-0.001022762941668677	1.15990531	34.05990601	1.00955752	0.2374301838154849	0.010926	0.00016
-0.0359	-0.1428	0.1638	-0.0006667157742618339	-0.012131783630612585	-0.0009773843811168245	1.15919495	34.03904724	0.98440923	0.08125889741755012	0.0128193	0.00012
-0.041	-0.2284	0.0904	-0.0007382742735936014	-0.011735593890409872	-0.0011239920382843482	1.24699318	36.6171875	1.0262902	0.19481779483510017	0.0119848	0.00013
-0.0458	-0.3489	0.1007	-0.0009546951008408983	-0.011669271378834088	-0.0011344640137963143	1.17165935	34.405056	0.98284807	0.15026076571675234	0.0122493	0.00012
-0.0461	-0.2483	0.1162	-0.0009354964790689606	-0.011779227121709732	-0.0011536626355682519	1.0564599	31.022295	0.95241686	0.123817649320976	0.011308	0.00016
-0.0582	-0.1575	0.1423	-0.0015376350710070042	-0.011301006906663283	-0.0010384709049366262	1.21425509	35.65585327	0.97496222	0.18877752688080593	0.0113187	0.00033
-0.0488	-0.1117	0.113	-0.0011205013797803594	-0.011679743354346054	-0.0010978120995044332	1.17797446	34.59049606	0.9475576	0.12726056667386113	0.012327	0.0002
-0.0421	-0.2733	0.1074	-0.000645771823237902	-0.011744320536669845	-0.001256637061435917	1.21381176	35.64283752	1.00622054	0.20880658503988664	0.0116786	0.00017
-0.0595	-0.2003	0.0801	-0.0009948376736367678	-0.011660544732574116	-0.0009494591130849152	1.20845222	35.48545837	1.04819481	0.1547009801422798	0.0153638	0.00096
-0.0787	0.0813	0.0815	-0.0008587019919812101	-0.010634291132401448	-0.00041538836197465044	1.82164466	53.49147797	1.32561076	0.38702300164692466	0.0232714	0.00204
-0.0816	-0.1553	0.0223	-0.0006632251157578452	-0.010142108283339047	-0.0007138396640656808	1.44105971	42.31583405	1.17808596	0.3480055513688398	0.0170792	0.0009
-0.0621	-0.1772	0.0238	-0.0005794493116621174	-0.010571459279329653	-0.0006265732014659643	1.34821856	39.58961105	1.00634836	0.07291966313430252	0.0190605	0.00142
-0.0719	-0.2105	0.0257	-0.0036163222101322505	-0.011917108132617283	-0.0003874630939427412	1.50590706	44.22003555	1.20210062	0.27608159296404927	0.0217375	0.00234
-0.0622	-0.1077	0.0138	-0.0006946410422937432	-0.011782717780213718	-0.000614355896702004	1.42695534	41.90166855	1.16001138	0.2885482161500668	0.0174171	0.00036
-0.0634	-0.1818	-0.0147	-0.000577703982410123	-0.012004374595216999	-0.0007347836150896127	1.02538836	30.10989761	0.95329333	0.12675107966372545	0.017539	0.00038
-0.0634	-0.2748	0.008	-0.0008656833089891874	-0.011993902619705033	-0.000905825881785057	1.09564149	32.17284012	0.98034427	0.1391746784393237	0.015218	0.00025
-0.0696	-0.2828	0.0033	-0.0009581857593448868	-0.012048007826516856	-0.0011466813185602744	1.08668697	31.90989494	0.93551454	0.038273154697137005	0.0162967	0.00026
-0.0672	-0.2248	0.0443	-0.0008307767239493009	-0.01222254075171629	-0.0013159782560037243	1.19875872	35.20081329	0.9885861	0.12496194490192349	0.0142581	0.00036
-0.0687	-0.1698	0.0654	-0.0008272860654453122	-0.01234820445785988	-0.001296779634231787	1.08082998	31.73790741	0.95016135	0.08501764932097577	0.0139278	0.00025
-0.0782	-0.1699	0.0294	-0.0007435102613495844	-0.012035790521752895	-0.0012618730491919003	1.10279834	32.38299561	0.93918142	0.06715481626212996	0.0144519	0.00025
-0.079	-0.2548	0.044	-0.0010471975511965976	-0.012109094350336656	-0.001446877949903299	1.18379021	34.76127243	0.96816566	0.12839980095710868	0.0144759	0.00029
-0.0737	-0.2198	0.1139	-0.0010088003076527223	-0.012144000935376544	-0.0015603243512829306	1.23938131	36.39366913	0.9586127	0.11953751149816975	0.0123386	0.00016
-0.0732	-0.1294	0.1037	-0.0009093165402890458	-0.01211782099659663	-0.001567305668290908	1.12631965	33.07368469	0.96226625	0.10773225115757842	0.0135054	0.00032
-0.0726	-0.2035	0.0771	-0.0006771877497737998	-0.011988666631949049	-0.0015271630954950383	1.14166117	33.52417755	0.9324449	0.1213712863979348	0.0133728	0.00029
-0.0754	-0.2399	0.0802	-0.00034208453339088857	-0.012418017627939655	-0.0015899949485668342	1.17142785	34.39825821	0.95397044	0.08366430327226566	0.0145252	0.00032
-0.0738	-0.2489	0.0999	-0.0002443460952792061	-0.012171926203408455	-0.0014276793281313615	1.21993184	35.82254791	0.97083636	0.055607274153917786	0.0143785	0.00033
-0.0747	-0.2147	0.1303	-0.00020420352248333657	-0.012501793432035384	-0.0015585790220309364	1.08810842	31.95163536	0.94643644	0.09054547476611868	0.0136349	0.00029
-0.0682	-0.2223	0.1554	-0.00032463124087094524	-0.01222254075171629	-0.0013735741213195373	1.11484087	32.73661804	0.92491865	0.06843426497090507	0.0128102	0.00022
-0.0703	-0.257	0.1573	-0.0004258603374866164	-0.011936306754389218	-0.001410226035611418	1.21431506	35.65761566	0.96889278	0.05990575041173119	0.0134323	0.00029
-0.0771	-0.2736	0.1864	-0.0009756390518648303	-0.01175479251218181	-0.001403244718603441	1.23185956	36.17279816	1.00207567	0.08941371367968001	0.0123543	0.00044
-0.0783	-0.2345	0.185	-0.0012147491593880533	-0.011899654840097338	-0.001322959573011702	1.12626839	33.07217789	0.97253483	0.06491287905152457	0.011658	0.00025
-0.0748	-0.2294	0.1716	-0.0009302604913129776	-0.011763519158441782	-0.001335176877775662	1.15741348	33.9867363	0.94242589	0.04364208272472955	0.0121501	0.00036
-0.0584	-0.2715	0.1756	-0.00034033920413889426	-0.012081169082304749	-0.0011362093430483087	1.20729947	35.45160675	0.96972873	0.1178269372882202	0.0126957	0.00031
-0.0672	-0.1686	0.1849	-0.0012531464029319286	-0.011826351011513577	-0.001129228026040331	1.15448296	33.90068436	1.02123143	0.17973032932960922	0.0121908	0.00016
-0.0687	-0.0777	0.2777	-0.001450368608407288	-0.011625638147534229	-0.0009424777960769379	1.26192057	37.05552292	1.08128761	0.21443426497090504	0.0139814	0.00057
-0.0716	-0.0894	0.1874	-0.0007696902001294993	-0.011210249785559578	-0.0007696902001294993	1.17793655	34.58938217	1.01314426	0.16834271830999387	0.0141135	0.00038
-0.0762	-0.2576	0.0954	-0.0003159045946109737	-0.010951941056264416	-0.0006649704450098395	1.23584473	36.28982162	1.07962469	0.3056407044966673	0.0129327	0.00035
-0.0827	-0.279	0.0547	-0.00013439035240356338	-0.010752973521537063	-0.0007661995416255106	1.07629836	31.60483932	0.94665833	0.0926855436775218	0.0150374	0.00036
-0.0855	-0.3279	0.0635	-0.0005113814708343385	-0.010653489754173387	-0.0009930923443847736	1.04584682	30.71064949	0.93565895	0.09566838442768567	0.0140353	0.00047
-0.0776	-0.2272	0.1169	-0.000645771823237902	-0.01113869128622781	-0.0010611601852125523	1.17365861	34.46376419	1.01931327	0.19638298626428824	0.0125629	0.00032
-0.0774	-0.0694	0.1829	-0.0006998770300497262	-0.011072368774652026	-0.0008691739674931761	1.34163713	39.39635086	1.06828217	0.23962069680534925	0.0148925	0.00068
-0.0813	0.0829	0.255	-0.0009302604913129776	-0.01038470904936626	-0.0006544984694978735	1.3135246	38.57084274	1.1072642	0.284935934227216	0.0229856	0.0043
-0.0729	-0.0186	0.3133	-0.0006387905062299246	-0.010454522219446033	-0.00048171087355043494	1.17554104	34.51903915	1.03851032	0.1949035375555133	0.0243838	0.00631
-0.0781	-0.244	0.1217	0.00017627825445142725	-0.010067059125503292	-0.0005166174585903216	1.69569659	49.79308701	1.32860353	0.48407192198319904	0.0223271	0.00486
-0.0725	-0.402	-0.0743	0.0006789330790257941	-0.0099728113458956	-0.0005009094953223725	1.79591095	52.73582077	1.3288567	0.3902305283725004	0.0267346	0.00504
-0.0803	-0.3791	-0.1845	0.0006928957130417488	-0.010344566476570392	-1.2217304763960308e-05	1.33197379	39.11259079	1.10105678	0.184620497762458	0.0303925	0.0042
-0.0927	-0.3789	-0.0393	-0.0008709192967451704	-0.010330603842554437	-0.0002740166925631097	1.45224416	42.64425659	1.21861831	0.2497788515801012	0.0213557	0.00109
-0.0933	-0.3171	0.0914	-0.0012636183784438947	-0.010550515328305723	-0.0005288347633542819	1.46170652	42.92211533	1.17615527	0.23647143191205916	0.0124313	0.00028
-0.0919	-0.2519	0.127	-0.0017941984710501708	-0.010587167242597603	-0.0007766715171374765	1.12529361	33.04355621	0.95571288	0.14295343803406754	0.0105536	0.00015
-0.0865	-0.2068	0.1395	-0.0018901915799098587	-0.010547024669801732	-0.0008028514559173916	1.19757164	35.16595459	0.9550949	0.07111578102177374	0.010796	0.00023
-0.0885	-0.2476	0.0746	-0.0008674286382411819	-0.01019097750239489	-0.0005916666164260777	1.28666449	37.78211212	1.00094451	0.1871997474283416	0.0124887	0.00025
-0.1093	-0.208	-0.0062	-0.0008604473212332044	-0.009625490824748726	0.0001832595714594046	1.20790219	35.46930695	1.03256652	0.2085697091269812	0.0159312	0.00029
-0.1374	-0.2425	-0.0002	-0.0018901915799098587	-0.00951378975262109	-0.0005288347633542819	1.12308764	32.97877884	0.98385308	0.16127698328089884	0.0151846	0.00035
-0.1322	-0.2062	0.035	-0.001361356816555577	-0.009653416092780637	-0.0007382742735936014	1.14882505	33.73454285	0.96584104	0.12059503068765738	0.0145197	0.00032
-0.1201	-0.2511	0.0555	-0.0011100294042683937	-0.009770353152664255	-0.0009128071987930344	1.20641732	35.42570496	0.97036874	0.10463986986851172	0.012962	0.00019
-0.1131	-0.2364	0.075	-0.0013543754995475996	-0.010096729722787197	-0.0010576695267085637	1.11938798	32.87014008	0.93084693	0.07697924966588382	0.0120439	0.00031
-0.1124	-0.231	0.0821	-0.001291543646475804	-0.010567968620825666	-0.001228711793404008	1.07741356	31.63758659	0.90453202	0.048455650890285445	0.0126296	0.00035
-0.1083	-0.2867	0.0873	-0.0014608405839192536	-0.010616837839881505	-0.001403244718603441	1.34245479	39.42036057	0.94897724	0.08463495408493611	0.014301	0.00126
-0.1003	-0.2846	0.0972	-0.0011397000015522971	-0.010649999095669398	-0.0015463617172669759	1.36947143	40.2136879	0.97374419	0.04487094184091919	0.0147459	0.00073
-0.0999	-0.2348	0.1008	-0.0012636183784438947	-0.010681415022205296	-0.0014154620233674013	1.18963659	34.93294907	0.95909044	0.06811169986635354	0.013468	0.00052
-0.0944	-0.3002	0.0953	-0.0013124875974997359	-0.0105574966453137	-0.0012863076587198209	1.16572297	34.23073959	0.94671625	0.09149709802975091	0.0152475	0.00125
-0.0978	-0.2696	0.1614	-0.0019216075064457567	-0.010882127886184645	-0.001595230936322817	1.28567243	37.75297928	1.01021233	0.16223372137099812	0.0143813	0.0007
-0.1035	-0.225	0.1855	-0.0018413223608540175	-0.01090830782496456	-0.0015847589608108511	1.25117695	36.74004364	0.95610428	0.08024685299418098	0.0138704	0.00055
-0.1034	-0.2367	0.15	-0.0016632987771505957	-0.010735520229017121	-0.0015132004614790836	1.07539427	31.57829094	0.94215059	0.06841848394913133	0.0126308	0.00038
-0.1012	-0.2835	0.1537	-0.001778490507782222	-0.010697122985473246	-0.0015603243512829306	1.07133782	31.45917702	0.93370619	0.06273564319896742	0.0133337	0.00045
-0.0983	-0.2929	0.153	-0.0016126842288427606	-0.010735520229017121	-0.0016074482410867775	1.13591087	33.35532379	0.93647596	0.0255663706143592	0.0127341	0.00044
-0.0948	-0.2296	0.1738	-0.001616174887346749	-0.01077566280181299	-0.0016528268016386303	1.17337716	34.45549774	0.95301119	0.09205058959258547	0.011647	0.00029
-0.0954	-0.1993	0.2043	-0.0018343410438460403	-0.010892599861696611	-0.0016790067404185449	1.09387052	32.12083435	0.9328243	0.07946415775814138	0.0107803	0.00025
-0.0943	-0.1132	0.2826	-0.002450442269800039	-0.010709340290237207	-0.00152367243699105	1.15102053	33.79901123	1.00444166	0.2132347550420449	0.0117279	0.00032
-0.0923	-0.149	0.2525	-0.0018989182261698304	-0.010833258667128804	-0.001658062789394613	1.14949441	33.75419617	0.98400067	0.10839163864626843	0.0110896	0.00033
-0.0988	-0.2093	0.2049	-0.0017767451785302276	-0.010304423903774522	-0.0017837264955382047	1.15890062	34.03040314	0.96995874	0.1532335758568738	0.0105603	0.00017
-0.1212	-0.2987	0.2207	-0.0015899949485668342	-0.010143853612591043	-0.0021519909677090087	1.14391911	33.5904808	0.97412222	0.16337924966588382	0.0107151	0.00047
-0.1071	-0.3219	0.2309	-0.0016231562043547262	-0.010503391438501875	-0.002371902453460294	1.01996219	29.95056152	0.91349691	0.07813052837250038	0.0109528	0.00045
-0.0992	-0.3492	0.2191	-0.0015865042900628454	-0.010890854532444616	-0.0024277529895241124	1.10827625	32.54384995	0.9223983	0.07099827721492205	0.0113614	0.00064
-0.0932	-0.31	0.2139	-0.0015481070465189703	-0.011054915482132083	-0.002408554367752175	1.13906205	33.4478569	0.94874458	0.061482840750163935	0.0106636	0.00035
-0.0895	-0.2814	0.2387	-0.0013037609512397642	-0.01116661655425972	-0.0023998277214922034	1.14412415	33.59650421	0.92878471	0.07533869068334077	0.00979227	0.00028
-0.0856	-0.3175	0.2413	-0.0015690509975429022	-0.011353366784223114	-0.002389355745980237	1.036291	30.43004799	0.90623415	0.0657256125889249	0.0105152	0.00031
-0.0863	-0.2303	0.2079	-0.0014189526818713899	-0.0112957709189073	-0.0022706733568446224	1.16706634	34.27018738	0.9537511	0.13761882850614704	0.0101419	0.00015
-0.0881	-0.2539	0.1752	-0.0010768681484805013	-0.011203268468551603	-0.002183406894244906	1.2075634	35.45935822	0.95511584	0.0841926723173151	0.0104468	0.00028
-0.0963	-0.2385	0.2461	-0.0018081611050661253	-0.011526154380170553	-0.0021170843826691216	1.20524085	35.39115524	0.9872741	0.150525068989018	0.00999397	0.00016
-0.1005	-0.1239	0.4276	-0.0028728119487826664	-0.012226031410220278	-0.0018081611050661253	1.28490889	37.7305603	1.18515843	0.4039725575684631	0.01612	0.00118
-0.0995	-0.1988	0.0631	-0.0013596114873035826	-0.011121237993707869	-0.001689478715930511	1.66396427	48.86128998	1.48429981	0.5772338133563554	0.0129026	0.00028
-0.1042	-0.3835	0.0383	-0.0011903145498601325	-0.011119492664455872	-0.0021101030656611444	1.25710773	36.91419601	1.07252956	0.243783330821304	0.0160779	0.00054
-0.1104	-0.3064	0.0587	-0.0011606439525762293	-0.010890854532444616	-0.0022968532956245376	1.19279397	35.02566147	0.98543662	0.1259529479629276	0.0130125	0.00032
-0.1015	-0.2451	0.0989	-0.0011065387457644049	-0.011351621454971119	-0.0022427480888127134	1.10483491	32.44279861	0.93206701	0.13884886680750755	0.011534	0.0002
-0.0973	-0.2135	0.0843	-0.0008429940287132613	-0.011447614563830808	-0.002181661564992912	1.01579916	29.82831764	0.89844338	0.07143121748653174	0.0118273	0.00028
-0.0924	-0.2449	0.0472	-0.000598647933434055	-0.011470303844106734	-0.002129301687433082	1.1505487	33.78515625	0.93501012	0.08936976265574809	0.0136876	0.00017
-0.1032	-0.2516	0.0327	-0.0003822271061867582	-0.01132020552843522	-0.0021327923459370708	1.28871834	37.84242249	0.97692691	0.0505004900711399	0.014464	0.00025
-0.1137	-0.2067	0.0539	-0.0007958701389094143	-0.011472049173358728	-0.0021380283336930534	1.13641191	33.37003708	0.94253669	0.10513613327010732	0.0132143	0.00026
-0.1055	-0.2366	0.0398	-0.0007976154681614085	-0.011398745344774966	-0.002033308578573394	1.3030895	38.26442337	0.94250509	0.06118844564777083	0.0142792	0.00063
-0.1011	-0.1993	0.0055	-9.075712110370512e-05	-0.011695451317614004	-0.0017348572764823637	1.33479249	39.19536209	0.97393022	0.1411007810993886	0.0160967	0.00035
-0.1111	-0.1692	0.066	-0.0007190756518216638	-0.011203268468551603	-0.0018151424220741027	1.25982773	36.99406815	1.03402544	0.16063932626860494	0.0141422	0.00035
-0.1039	-0.0348	0.1561	-0.0012461650859239514	-0.01133940415020716	-0.001658062789394613	1.21314073	35.6231308	1.07563435	0.2727152374218667	0.0147462	0.00032
-0.1014	-0.0562	0.1663	-0.0008639379797371932	-0.01107411410390402	-0.0016283921921107093	1.10883713	32.56032181	0.96288243	0.0679593874886901	0.0145578	0.00048
-0.0907	-0.1512	0.0916	-0.00023387411976724014	-0.011046188835872113	-0.0015707963267948967	1.17628253	34.54081345	0.99827908	0.21617924966588364	0.0141494	0.00032
-0.0896	-0.3273	0.0607	3.490658503988659e-05	-0.011194541822291628	-0.0016772614111665507	1.25119328	36.74052048	1.04857633	0.2342799387799148	0.0146254	0.00032
-0.0886	-0.3418	0.0737	-0.00020769418098732522	-0.011526154380170553	-0.0018675022996339327	1.07128429	31.45760345	0.92652022	0.06672271061867599	0.0139803	0.00023
-0.0842	-0.285	0.0679	-0.0003159045946109737	-0.011547098331194484	-0.00200363798128949	1.0398283	30.53391838	0.93106139	0.08026450231515683	0.0130126	0.00029
-0.0955	-0.2758	0.0557	-0.0004258603374866164	-0.011412707978790921	-0.0021746802479849347	1.13724172	33.39440536	0.94140169	0.0534694180987325	0.0132864	0.00023
-0.1044	-0.1945	0.1304	-0.0007766715171374765	-0.01124690169985146	-0.0022497294058206906	1.25501394	36.85271454	0.99128311	0.19448333082130384	0.0119931	0.00023
-0.1068	-0.0933	0.1156	-0.0005811946409141118	-0.011065387457644049	-0.002235766771804736	1.10990238	32.59160233	0.9695923	0.13794768762233653	0.0132211	0.0002
-0.1022	-0.1899	0.1085	-0.00023561944901923448	-0.011171852542015703	-0.00204378055408536	1.11043906	32.60736084	0.95006621	0.14050132469929538	0.0119417	0.00025
-0.1089	-0.0313	0.1575	-0.000619591884457987	-0.011208504456307583	-0.0017156586547104257	1.30117476	38.20819855	1.06200514	0.2517373124552784	0.01666	0.00068
-0.1052	0.063	0.1167	-1.3962634015954635e-05	-0.011042698177368124	-0.0014887658519511632	1.2671771	37.20987701	1.05847701	0.18871641660703767	0.0239182	0.00314
-0.0917	-0.1916	0.0673	0.0003001966313430247	-0.011367329418239067	-0.0015323990832510211	1.33738458	39.27147675	1.17371587	0.3516211868764891	0.0186896	0.00109
-0.0808	-0.3075	0.0542	0.00035430183815484887	-0.011882201547577395	-0.001562069680534925	1.09649038	32.19776535	0.96661632	0.16983239667170283	0.0177521	0.00118
-0.0708	-0.3614	0.0368	0.00026878070480712676	-0.012356931104119851	-0.0017558012275062952	1.15674579	33.96712875	0.93626791	0.11899911184307745	0.018243	0.0008
-0.0661	-0.2943	0.0384	0.00042935099599060504	-0.012395328347663728	-0.001843067690106012	1.26025712	37.00667572	0.98280348	0.08771169986635356	0.016723	0.00051
-0.0698	-0.2921	0.03	0.0002722713633111154	-0.012126547642856601	-0.001864011641129944	1.11582124	32.76540375	0.9483634	0.036640214425527416	0.0154281	0.00028
-0.0943	-0.2811	-0.0222	-0.00023212879051524583	-0.011723376585645911	-0.0019111355309337906	1.19637227	35.1307373	0.96990413	0.1354347550420449	0.0164153	0.00033
-0.0968	-0.2881	0.0137	-0.0009791297103688187	-0.011559315635958444	-0.0018325957145940458	1.23441625	36.24787521	0.99226278	0.0948800842940392	0.015348	0.00047
-0.1128	-0.1686	0.0772	-0.000731292956585624	-0.010852457288900741	-0.0022165681500327986	1.29660332	38.07395935	1.0644423	0.26593337681398255	0.0140225	0.00078
-0.1335	-0.0628	0.0103	-0.002649409804527392	-0.01115090859099177	-0.0017226399717184032	1.39720201	41.02797699	1.19295801	0.32892481641735966	0.0221435	0.00302
-0.1476	-0.1053	-0.1149	-0.00010995574287564276	-0.01062207382763749	-0.001424188669627373	1.68008399	49.33463287	1.38327876	0.350137006354853	0.0271786	0.00281
-0.1326	-0.0733	-0.081	0.0002530727415391778	-0.011037462189612138	-0.0014765485471872027	1.19539022	35.10189819	1.07785622	0.12243883619746487	0.0236617	0.00097
-0.1249	-0.021	-0.0637	0.00016406094968746698	-0.010993828958312283	-0.0014224433403753785	1.06206095	31.18676567	0.94696774	0.08663751149816952	0.0250667	0.00105
-0.1131	0.0174	0.0045	0.00026354471705114377	-0.011349876125719123	-0.0016109388995907662	1.14215672	33.53873062	1.00020263	0.1506013246992952	0.0223256	0.00086
-0.1074	-0.034	-0.063	0.000973893722612836	-0.011515682404658587	-0.001839577031602023	1.13025844	33.18934631	1.00021309	0.1798396708256207	0.0252754	0.00118
-0.1106	-0.1963	-0.0635	0.0005061454830783556	-0.011325441516191205	-0.0019233528356977512	1.20750916	35.45776367	1.04132014	0.2030882466048796	0.0206184	0.00083
-0.1059	-0.1737	-0.0494	0.0005044001538263612	-0.011463322527098758	-0.002129301687433082	1.12758267	33.11077118	0.93256138	0.058678759594743966	0.0198943	0.00086
-0.1075	-0.1598	-0.0324	0.00013788101090755203	-0.011445869234578814	-0.001954768762233649	1.21277118	35.6122818	0.97195446	0.06042526803190935	0.020634	0.00122
-0.1069	-0.1364	0.0415	-3.665191429188092e-05	-0.011451105222334798	-0.001932079481957723	1.33105826	39.08570862	0.97585116	0.10802290966156712	0.0180098	0.00038
-0.1061	-0.0045	0.0519	0.00012042771838760874	-0.011735593890409872	-0.001932079481957723	1.18690753	34.85280991	1.01546672	0.16517841503772815	0.0212077	0.00097
-0.1026	-0.1391	-0.018	0.00035430183815484887	-0.011681488683598048	-0.001853539665617978	1.32459736	38.89598846	1.00890124	0.2263259571459404	0.0211272	0.0014
-0.1056	-0.254	-0.0037	5.061454830783555e-05	-0.011643091440054173	-0.002022836603061428	1.37628472	40.41375351	1.00582961	0.15776907354171693	0.0212077	0.00105
-0.1168	-0.2142	-0.0137	-1.7453292519943296e-05	-0.011445869234578814	-0.0020245819323134223	1.16287255	34.14703751	0.94330012	0.07435176877775662	0.0211855	0.0011
-0.1159	-0.1989	0.0385	-0.00034557519189487725	-0.011761773829189788	-0.0020298179200694054	1.05001974	30.83318329	0.94460429	0.10086312408709452	0.0187253	0.00067
-0.1061	-0.1644	0.0532	-0.0005969026041820607	-0.011897909510845343	-0.0020420352248333657	1.13318789	33.27536774	0.94110638	0.07898401993533498	0.0186266	0.0007
-0.1085	-0.0387	0.1055	-0.0007086036763096977	-0.011913617474113293	-0.0019757127132575807	1.23027515	36.12627411	1.00848105	0.19008657734856857	0.0199156	0.00061
-0.1181	0.1656	0.0315	0.0003630284844148205	-0.011496483782886648	-0.0018133970928221085	1.37351334	40.33237457	1.14677219	0.37045407361933186	0.0324852	0.00544
-0.124	0.1291	0.0749	0.0004520402762665313	-0.011273081638631376	-0.001562069680534925	1.10195887	32.35834503	1.00368644	0.11398706741970832	0.0321292	0.00753
-0.1076	-0.0868	-0.0326	0.0011047934165124105	-0.011903145498601327	-0.0017348572764823637	1.45773458	42.80548096	1.16960673	0.41258022980816333	0.0293821	0.00356
-0.1034	-0.3842	-0.0564	0.0005323254218582705	-0.011779227121709732	-0.0016406094968746698	1.73612618	50.98027802	1.27529329	0.36493170755767135	0.0263311	0.00266
-0.1037	-0.3104	-0.013	0.0004014257279586958	-0.011958996034665145	-0.0017662732030182616	1.24524856	36.56595993	1.00216226	0.13931661564992892	0.0211186	0.00097
-0.1024	-0.3073	0.0007	-0.00017104226669544429	-0.011889182864585374	-0.0017540558982543013	1.09887767	32.26786804	0.93643976	0.050824923474893584	0.0184408	0.00049
-0.0965	-0.238	0.051	-0.00037350045992678646	-0.011711159280881954	-0.0017697638615222502	1.24306142	36.50173569	1.00845921	0.1453094870101356	0.0171363	0.00048
