trans_x	trans_y	trans_z	rot_x	rot_y	rot_z	dvars_std	dvars_nstd	dvars_vstd	framewise_displacement	aqi	aor
0.0	-0.0	0.0	-0.0	0.0	-0.0	n/a	n/a	n/a	n/a	0.0153183	0.0125
-0.0018	-0.0568	0.0701	-0.0004991641660703782	-0.00011519173063162575	-0.00015009831567151235	1.16034591	28.360672	1.0898384	0.16692271061867583	0.0159275	0.01294
-0.006	0.0368	0.0677	-0.0007906341511534313	-0.00017802358370342162	-0.00017802358370342162	1.30337405	31.85650253	1.06159108	0.11931135530933788	0.015245	0.01186
-0.0051	0.0049	0.0301	-0.00027925268031909274	-0.0001064650843716541	-0.00013788101090755203	1.2013756	29.3635025	1.08141342	0.10155412714809876	0.0160529	0.01214
-0.0032	-0.0522	0.0439	-0.0001239183768915974	-4.363323129985824e-05	-0.00012042771838760874	1.1574955	28.29100227	1.02135232	0.08458097245096173	0.0174657	0.01311
-0.0032	-0.0326	0.0484	-0.00012217304763960306	2.96705972839036e-05	-0.00010297442586766544	1.09021115	26.64646721	1.00864998	0.02872512251778498	0.0152378	0.01157
-0.0072	0.0328	0.0912	-0.0006806784082777885	-6.283185307179586e-05	-0.00024260076602721178	1.07801592	26.34839821	1.01713479	0.15173170755767157	0.0149647	0.0114
-0.0102	0.0437	0.0515	-0.0007487462491055673	-5.061454830783555e-05	-0.00023911010752322313	1.13904333	27.84000397	1.00408971	0.0577887902047864	0.0147448	0.01189
-0.0126	0.0112	0.0253	-0.00018151424220741024	8.901179185171081e-05	-0.0001239183768915974	1.11203873	27.17996788	0.9960545	0.10220250388446644	0.0153893	0.01077
-0.0133	-0.0648	0.0174	-3.665191429188092e-05	-8.726646259971648e-05	-0.0002373647782712288	1.21062875	29.58966255	1.040957	0.1063293491873294	0.0147768	0.01156
-0.0276	0.0389	0.0119	-0.00029496064358704166	4.18879020478639e-05	-0.00042411500823462205	1.15857828	28.31746674	1.04760423	0.1522106661953067	0.0146098	0.01142
-0.0223	0.0947	0.0563	-0.0006876597252857658	-0.00019547687622336493	-0.0004258603374866164	1.15254271	28.16995049	1.01386487	0.13709045946109738	0.0152198	0.01237
-0.0174	0.005	0.0067	-0.0002024581932313422	1.7453292519943296e-05	-0.0002478367537831948	1.21490872	29.69427109	1.04748331	0.1880077642250577	0.0149929	0.01082
-0.0076	-0.0089	0.0076	-1.7453292519943296e-05	2.4434609527920616e-05	-0.00012217304763960306	1.2403307	30.31562424	1.00613554	0.04048249619314839	0.0146903	0.01099
-0.0081	-0.0111	0.0412	-0.00033335788713091696	-5.061454830783555e-05	-0.00019024088846738194	1.12254107	27.43666267	1.0201904	0.05925107966372544	0.0161	0.01211
-0.0069	0.0569	0.0659	-0.0007993607974134029	-0.00020943951023931956	-0.00022863813201125715	1.12196875	27.42267227	1.01334718	0.12706125578789226	0.0150374	0.01113
-0.0047	-0.0058	0.0283	-0.00018500490071139895	-5.4105206811824215e-05	-5.061454830783555e-05	1.20832336	29.53331566	1.02941325	0.14988568919164605	0.0163543	0.01137
-0.0011	-0.0249	0.0024	-7.330382858376184e-05	4.537856055185256e-05	-7.155849933176751e-05	1.18637598	28.99688721	1.01447923	0.06020643952576229	0.017558	0.0132
-0.004	0.0115	0.0307	-0.0003682644721708035	-0.00010471975511965978	-0.00011693705988362007	1.12894523	27.59319115	1.03401048	0.09212187599052032	0.0147171	0.01066
-0.0085	0.0194	0.0376	-0.0006440264939859076	-3.839724354387525e-05	-0.00010297442586766544	1.07105386	26.1782341	1.01665143	0.03710235837034216	0.0142606	0.00989
-0.007	-0.0318	-0.0114	-4.363323129985824e-05	0.00014137166941154068	-6.632251157578452e-05	1.05595386	25.80916786	0.99493342	0.1425407044966673	0.0146024	0.01095
-0.0059	0.0246	0.0163	-0.00029321531433504735	3.316125578789226e-05	-4.537856055185256e-05	1.06697285	26.0784874	0.9891463	0.10413682238413847	0.0149369	0.01247
-0.0059	0.0499	0.014	-9.42477796076938e-05	3.839724354387525e-05	-3.141592653589793e-05	1.3491621	32.97563553	1.02872271	0.038508307824964554	0.0162113	0.01214
-0.0121	0.0544	0.0491	-0.000609119908946021	-5.235987755982989e-05	-0.0001832595714594046	1.27213955	31.09308434	1.04447091	0.08367364476827693	0.0155638	0.01271
-0.0101	0.01	-0.0017	-0.0003717551306747922	5.585053606381854e-05	-0.00019024088846738194	1.13017726	27.62330246	1.04591175	0.11482782544514272	0.0147704	0.01197
-0.0072	-0.0386	0.014	-0.000148352986419518	2.4434609527920616e-05	2.6179938779914945e-05	1.08881247	26.6122818	1.01048432	0.09076194490192345	0.0150727	0.01183
-0.0058	0.0097	0.0263	-0.00017453292519943296	9.599310885968811e-05	-4.537856055185256e-05	1.08362722	26.48554611	0.99979742	0.0704648468721725	0.0153028	0.0125
-0.012	0.0576	0.0765	-0.0006003932626860494	-0.0001361356816555577	-0.000158824961931484	1.26888359	31.01350212	1.04511102	0.14287177646907467	0.0158623	0.0123
-0.0128	0.0326	0.0638	-0.0009983283321407565	-0.00018151424220741024	-0.00027925268031909274	1.17673647	28.76128197	1.01239136	0.06668706741970841	0.0146738	0.01119
-0.0065	-0.0143	0.0036	-0.0003351032163829112	5.235987755982988e-06	-0.00012740903539558605	1.1049999	27.00792885	1.0275671	0.16349094953223725	0.0151995	0.01186
-0.0066	-0.0309	0.0317	-0.000158824961931484	3.141592653589793e-05	-5.759586531581287e-05	1.06513906	26.03366661	0.98582864	0.05841356816555577	0.0144703	0.01164
-0.0046	0.0115	0.0372	-0.0002705260340591211	-1.3962634015954635e-05	-7.330382858376184e-05	1.05171824	25.70564079	0.98779385	0.05853937979737193	0.0147228	0.01174
-0.0144	0.0735	0.0664	-0.0008255407361933179	-0.00013264502315156904	-0.0002495820830351891	1.21015322	29.57803917	1.02402397	0.14349876728606192	0.0149328	0.01164
-0.022	0.0558	0.0642	-0.0011013027580084218	-0.00043458698374658803	-0.00035081117965086024	1.17484844	28.71513557	1.02020927	0.0614466539512897	0.015371	0.01241
-0.0239	0.1344	0.1389	-0.0016790067404185449	-0.0008272860654453122	-0.0002617993877991494	1.17690837	28.76548386	1.10685353	0.2081707427980279	0.0177106	0.02032
-0.0171	0.011	-0.0355	-0.0007906341511534313	-0.00017976891295541595	-0.00017278759594743863	1.31996858	32.26210022	1.30027869	0.385845076680336	0.0161279	0.01545
-0.0192	-0.0733	-0.0653	-0.0006300638599699529	4.71238898038469e-05	-0.00024609142453120044	1.13303614	27.69317818	1.06830812	0.13923834612632513	0.0173663	0.01494
-0.0223	-0.067	-0.0053	-0.0005532693728822024	-6.45771823237902e-05	-0.0003159045946109737	1.2816689	31.3259964	1.20558001	0.08231543646475804	0.0182763	0.01348
-0.0221	-0.057	0.0358	-0.0007714355293814937	-0.00023911010752322313	-0.0004572762640225143	1.28641939	31.44210434	1.22170334	0.07800353755551323	0.0152059	0.01291
-0.0233	0.0174	0.04	-0.000783652834145454	-0.0002024581932313422	-0.0003961897402027128	1.34902394	32.97225952	1.04602479	0.08529778714378214	0.0148323	0.01167
-0.0214	-0.013	0.0402	-0.0008237954069413235	-0.00020943951023931956	-0.00040666171571467877	1.23316181	30.14040565	1.04953629	0.03537979326579063	0.0167058	0.01308
-0.0231	0.0286	0.0852	-0.0013648474750595659	-0.0002530727415391778	-0.0004677482395344803	1.21210623	29.62577438	1.07335379	0.1205885911618951	0.015893	0.01233
-0.0172	0.0054	0.0845	-0.0014154620233674013	-0.00012042771838760874	-0.0004258603374866164	1.14056885	27.87729073	1.0417358	0.041057373675363405	0.0151828	0.0117
-0.0155	-0.0203	0.1012	-0.0012845623294678264	-0.0001832595714594046	-0.00038048177693476387	1.20993161	29.57262421	0.99476857	0.05605550537616114	0.0166492	0.0135
-0.0218	-0.0515	0.1097	-0.0013194689145077131	-0.0001605702911834783	-0.0003438298626428829	1.2857753	31.42636299	1.02295285	0.0507123889803847	0.0176185	0.01568
-0.0168	0.0011	0.1003	-0.0012897983172238095	-9.42477796076938e-05	-0.000317649923862968	1.12087631	27.39597321	1.02627473	0.07310865238198017	0.0158034	0.01428
-0.0202	0.0029	0.1373	-0.0018099064343181197	-0.00020769418098732522	-0.00041713369122664475	1.06066597	25.92433739	0.99838662	0.07885191429188092	0.0167674	0.01613
-0.0238	-0.0465	0.1048	-0.001647590813882647	-4.363323129985824e-05	-0.00034906585039886593	1.08526993	26.52569771	1.00155984	0.10522222054753592	0.0167647	0.01626
-0.0184	-0.0502	0.0971	-0.0013177235852557187	-5.061454830783555e-05	-0.0002495820830351891	1.07284522	26.22201729	0.9815816	0.03861661564992912	0.0175661	0.01734
-0.0187	-0.0452	0.1105	-0.001452113937659282	-0.00018151424220741024	-0.00030368728984701333	1.1225028	27.43572807	0.9831934	0.03466976265574811	0.0178027	0.01753
-0.018	-0.0182	0.1299	-0.0017296212887263805	-0.00017278759594743863	-0.0003787364476827695	1.11268342	27.19572639	1.00301314	0.06516415775814131	0.0168997	0.01801
-0.0214	0.0309	0.1125	-0.0016493361431346415	-5.235987755982989e-05	-0.0003892084231947355	1.07065201	26.16841125	0.99522295	0.08045924197456567	0.016461	0.01712
-0.0194	-0.0036	0.1155	-0.0014748032179352085	-3.141592653589793e-05	-0.00034208453339088857	1.05878079	25.87826157	0.99917917	0.05163003830136059	0.0166274	0.01709
-0.0185	-0.0322	0.1127	-0.001429424657383356	-0.00021467549799530252	-0.000312413936106985	1.23332977	30.14451027	0.9836488	0.04521543646475804	0.0175713	0.01934
-0.0171	-0.0102	0.1203	-0.0014748032179352085	-0.00017453292519943296	-0.0003385938748868999	1.22316229	29.89600182	0.99561733	0.03658505360638185	0.0181079	0.01953
-0.0162	0.028	0.1347	-0.0017034413499464657	-0.00018675022996339323	-0.0003298672286269283	1.13460159	27.7314415	1.00465636	0.06597910415175944	0.0179255	0.02158
-0.0176	0.0361	0.1124	-0.0015550883635269475	-0.00010297442586766544	-0.0003438298626428829	1.07919014	26.37709618	0.98748029	0.04410457122656001	0.0175052	0.02091
-0.0145	0.0531	0.1165	-0.001504473815219112	-0.00010297442586766544	-0.0002705260340591211	1.19272685	29.15211296	0.97892201	0.030395918844579876	0.0186397	0.0222
-0.0173	-0.0191	0.1329	-0.0017453292519943296	-5.93411945678072e-05	-0.000312413936106985	1.22590113	29.96294403	1.02689488	0.10771882850614696	0.0188388	0.02166
-0.0169	0.0204	0.1197	-0.0018552849948699724	-0.00014311699866353502	-0.00030368728984701333	1.15785456	28.29977798	1.04337963	0.06322290966156711	0.0175668	0.01943
-0.0054	0.0583	0.0614	-0.0013194689145077131	1.7453292519943296e-05	-6.9813170079773176e-06	1.13514316	27.74467659	1.08425751	0.15735461721923863	0.0180278	0.01901
0.0095	-0.0343	0.0659	-0.0012252211349000194	2.96705972839036e-05	0.00019896753472735358	1.09166014	26.68188286	1.04849005	0.12762069680534924	0.01665	0.01565
0.0046	0.0381	0.0856	-0.0013700834628155487	2.094395102393195e-05	0.00014660765716752367	1.04685116	25.58668137	1.01382143	0.10729744258676652	0.0159003	0.01333
-0.0055	0.0363	0.0921	-0.001726130630222392	4.71238898038469e-05	1.0471975511965975e-05	1.36440873	33.34828568	1.46260498	0.044318139392115805	0.00838113	0.00144
-0.0002	-0.0089	0.0601	-0.0012199851471440364	8.203047484373349e-05	4.18879020478639e-05	1.28466499	31.39922523	1.03936905	0.111123399732707	0.00848436	0.00113
-0.0	0.0216	0.0583	-0.0010960667702524388	5.93411945678072e-05	4.537856055185256e-05	1.26267207	30.86168289	1.04820016	0.04000491578357563	0.00869817	0.00074
-0.0003	0.0547	0.065	-0.0011379546723003027	3.316125578789226e-05	9.42477796076938e-05	1.10615969	27.03627586	1.00063472	0.045946852994181005	0.00811142	0.00107
-0.0073	0.0712	0.0959	-0.001452113937659282	0.0001256637061435917	2.6179938779914945e-05	1.33488929	32.62678528	1.04420009	0.07813647782712288	0.00922716	0.0014
-0.0049	-0.0059	0.0777	-0.0013491395117916165	0.00017453292519943296	5.235987755982989e-05	1.28833544	31.48893738	1.03745268	0.10660117918517108	0.00857854	0.00067
-0.0027	-0.0542	0.0605	-0.0012252211349000194	-5.585053606381854e-05	-4.0142572795869576e-05	1.1390065	27.8391037	1.02013827	0.09004021442552743	0.0089668	0.00101
-0.0094	-0.0191	0.0728	-0.0012740903539558604	4.886921905584123e-05	-0.00017976891295541595	1.09605956	26.78941154	1.00160688	0.06876076571675235	0.00862038	0.00063
-0.0148	-0.0168	0.0982	-0.0014486232791552935	9.250245035569947e-05	-0.00019547687622336493	1.22130764	29.85067177	0.99952383	0.044793705988362006	0.00916433	0.00056
-0.0158	0.0225	0.1103	-0.0019495327744776662	-4.18879020478639e-05	-0.00023911010752322313	1.23483765	30.18136597	1.05540038	0.08634665395128971	0.00927567	0.00071
-0.0148	-0.0108	0.0643	-0.001329940890019679	-6.108652381980153e-05	-0.0002548180707911721	1.13586688	27.76236725	1.04049794	0.11302492347489368	0.007999	0.0008
-0.0133	-0.0446	0.0797	-0.0012740903539558604	-6.981317007977319e-05	-0.0002478367537831948	1.1217016	27.41614342	1.06224864	0.05427792496658838	0.00775856	0.00056
-0.01	0.0132	0.0856	-0.0013892820845874865	-3.316125578789226e-05	-0.0001658062789394613	1.11282134	27.19909668	1.05443785	0.07869370598836203	0.00956416	0.00105
-0.0142	0.0071	0.105	-0.0017051866791984597	-4.71238898038469e-05	-0.0001972222054753592	1.26334822	30.87821007	1.05888294	0.04776415775814129	0.00844014	0.0009
-0.0158	0.0084	0.0568	-0.0013857914260834976	1.5707963267948964e-05	-0.0002600540585471551	1.21714354	29.74889374	1.03667587	0.07335294796292768	0.00767028	0.00067
-0.0135	-0.0073	0.0587	-0.0011693705988362008	6.806784082777885e-05	-0.0002513274122871834	1.16464293	28.46569824	0.99687111	0.03377536755335492	0.00721782	0.00086
-0.0176	0.0075	0.0738	-0.0012409290981679683	5.4105206811824215e-05	-0.0002548180707911721	1.09385931	26.73563576	1.00363916	0.038450589592585536	0.00811571	0.00061
-0.016	0.0167	0.1225	-0.001595230936322817	-0.00014311699866353502	-0.00026354471705114377	1.3307575	32.5257988	1.10699812	0.08751253449450899	0.00906515	0.00105
-0.0154	-0.007	0.1091	-0.0019058995431778078	-0.00033684854563490564	-0.00048345620280242926	1.2333883	30.14594269	1.03317535	0.07391558197888233	0.00815886	0.00078
-0.0139	-0.0236	0.0599	-0.0012601277199399059	6.632251157578452e-05	-0.0002670353755551324	1.15457618	28.21965027	1.02809002	0.13056818538479445	0.00801051	0.0005
-0.0087	0.0303	0.069	-0.0013072516097437528	-7.504915783575618e-05	-0.00021118483949131387	1.14311934	27.93962669	1.05429634	0.08041730476396032	0.00774503	0.0008
-0.0061	-0.0255	0.1233	-0.0017191493132144146	-0.00028099800957108706	-0.00032463124087094524	1.11423361	27.23361588	1.03143718	0.1492646478292812	0.00863051	0.00113
-0.0105	0.0678	0.107	-0.0019495327744776662	-0.00022340214425527416	-0.00039968039870670147	1.32298088	32.33572388	1.08715014	0.13215142422074103	0.0093835	0.00108
-0.0097	0.033	0.0509	-0.0013072516097437528	-5.585053606381854e-05	-0.00027925268031909274	1.27217638	31.0939846	1.13896507	0.13821302456564888	0.00839049	0.00081
-0.0099	-0.0572	0.058	-0.0011327186845443199	0.00013962634015954637	-0.00024260076602721178	1.18931711	29.06877327	1.09610467	0.11783308578573394	0.00794965	0.00105
-0.0108	-0.0985	0.0765	-0.0012740903539558604	0.00011519173063162575	-0.0002181661564992912	1.10175431	26.92860031	1.0380738	0.07021204442336908	0.0090704	0.00135
-0.0142	0.0497	0.1074	-0.0019024088846738192	6.283185307179586e-05	-0.0003316125578789226	1.19387829	29.18025589	1.13082395	0.22220624048287105	0.00864613	0.00135
-0.014	-0.0437	0.0493	-0.0015132004614790836	3.141592653589793e-05	-0.0003438298626428829	1.29603708	31.67717552	1.10500625	0.1733420827247297	0.00856543	0.00114
-0.0147	-0.0556	0.0457	-0.0011362093430483087	6.108652381980153e-05	-0.00024609142453120044	1.17034018	28.60494804	1.00994792	0.04142000769131804	0.00871217	0.00104
-0.0131	0.0032	0.0585	-0.0011257373675363424	0.00015184364492350666	-0.0002600540585471551	1.22902143	30.03920937	1.04314992	0.07895958653158129	0.00761092	0.00064
-0.0181	0.0426	0.101	-0.001562069680534925	0.00010297442586766544	-0.0003647738136668148	1.13607812	27.76752853	1.0435453	0.11639606435870416	0.0094946	0.00114
-0.0193	0.0491	0.0704	-0.001647590813882647	6.9813170079773176e-06	-0.0003612831551628262	1.25069237	30.56888199	1.19624129	0.047550245035569934	0.00933874	0.00083
-0.0188	-0.0507	0.0537	-0.0012147491593880533	0.00018500490071139895	-0.0003001966313430247	1.15433049	28.21364403	1.05578751	0.15059758810089083	0.00983989	0.00083
-0.0117	-0.039	0.0625	-0.0011379546723003027	5.061454830783555e-05	-0.00023212879051524583	1.21327496	29.65434074	1.06844601	0.04156263401595465	0.00761306	0.0005
-0.0147	0.0315	0.0901	-0.0014329153158873448	-4.886921905584123e-05	-0.0003106686068549907	1.20528138	29.4589653	1.05369324	0.12474921136452317	0.00829142	0.00081
-0.0157	-0.0329	0.1064	-0.0018971728969178364	-0.00011170107212763708	-0.0003717551306747922	1.14260507	27.92705727	1.02149821	0.11110879789610444	0.00867158	0.001
-0.0132	-0.0351	0.0452	-0.001387536755335492	9.42477796076938e-05	-0.00028099800957108706	1.11189473	27.17644882	1.05004415	0.106217105721069	0.00775796	0.00086
-0.0159	-0.0155	0.0573	-0.0010925761117484504	-1.5707963267948964e-05	-0.00032812189937493397	1.07749116	26.3355732	1.0094565	0.05700201381332656	0.0076977	0.0008
-0.0132	-0.043	0.0683	-0.0012845623294678264	4.537856055185256e-05	-0.00034557519189487725	1.13511813	27.74406624	1.05336845	0.054726301702956046	0.00922602	0.00093
-0.0125	-0.0301	0.0943	-0.0016528268016386303	-1.5707963267948964e-05	-0.00029321531433504735	1.3315953	32.54627609	1.05080144	0.06368554367752176	0.00878817	0.00105
-0.0156	0.0288	0.0758	-0.001710422666954443	8.726646259971648e-05	-0.0003682644721708035	1.22410703	29.91909218	1.03399851	0.0922809724509617	0.00767052	0.00084
-0.0162	-0.0455	0.0459	-0.0011344640137963143	0.00022165681500327985	-0.0003159045946109737	1.11117446	27.1588459	1.02114521	0.1429354441560761	0.00770873	0.0008
-0.023	-0.0341	0.0739	-0.0011763519158441782	0.00014486232791552936	-0.00038048177693476387	1.11021352	27.1353569	1.03587182	0.05536297857297023	0.00724876	0.00064
-0.0344	0.0035	0.1058	-0.0016039575825827887	6.632251157578452e-05	-0.0006283185307179585	1.19595468	29.23100662	1.03611462	0.11859911184307752	0.00761801	0.00076
-0.0359	0.0259	0.1061	-0.0018709929581379211	-4.71238898038469e-05	-0.0006928957130417488	1.18855333	29.05010414	1.02093179	0.04645294796292771	0.00809211	0.00053
-0.0329	0.0261	0.0746	-0.001420698011123384	8.552113334772214e-05	-0.0006387905062299246	1.14071286	27.88080978	1.01602746	0.06655225884889653	0.00716281	0.00063
-0.0341	-0.0792	0.0842	-0.0013159782560037243	6.632251157578452e-05	-0.000645771823237902	1.17317331	28.67419434	1.08116254	0.12264498469497875	0.00985968	0.00071
-0.0373	-0.0123	0.1055	-0.0015865042900628454	5.235987755982989e-05	-0.0006789330790257941	1.07946873	26.38390541	1.03018977	0.1072824961931484	0.00900853	0.0007
-0.0375	0.0055	0.1143	-0.0021170843826691216	-5.061454830783555e-05	-0.000757472895365539	1.12610018	27.52365112	1.08531021	0.062404716740684325	0.00824869	0.00113
-0.039	-0.0295	0.0448	-0.0016301375213627037	0.0001308996938995747	-0.0007086036763096977	1.11251938	27.19171715	1.05323802	0.14186651612848347	0.00815672	0.00104
-0.0428	0.0198	0.0287	-0.0010786134777324957	0.0001832595714594046	-0.0007155849933176752	1.16978407	28.59135437	1.00498954	0.09974326190990077	0.00835115	0.0011
-0.0437	0.0224	0.0369	-0.0011187560505283654	4.71238898038469e-05	-0.0007766715171374765	1.27065122	31.05670738	1.07618246	0.023568238913561444	0.0109392	0.00162
-0.0409	-0.0043	0.0816	-0.0017767451785302276	3.4906585039886588e-06	-0.0008098327729253688	1.25677884	30.71764374	1.04799431	0.11093918075448064	0.00849593	0.00086
-0.0404	-0.0362	0.0283	-0.0014154620233674013	0.00022689280275926284	-0.0007173303225696694	1.26221442	30.8504982	1.02439608	0.11955938748869	0.0082522	0.00105
-0.0352	-0.0146	0.0275	-0.001075122819228507	0.00015009831567151235	-0.0006754424205218055	1.16591775	28.49685669	1.0110465	0.050551079663725434	0.00887954	0.00093
-0.0323	0.0189	0.0424	-0.0012950343049797925	0.0002617993877991494	-0.000640535835481919	1.27852821	31.24923325	1.06764253	0.06962595714594044	0.00749296	0.00067
-0.0316	0.0164	0.1003	-0.0019285888234537342	-5.235987755982988e-06	-0.0006894050545377602	1.12183011	27.41928482	1.02151746	0.10857295565424575	0.00767469	0.00077
-0.0316	-0.003	0.0545	-0.0016039575825827887	0.00017627825445142725	-0.0006667157742618339	1.30570161	31.91339302	1.05108451	0.0916417381677141	0.00884116	0.00117
-0.0329	-0.0228	0.0567	-0.0013683381335635543	0.00011693705988362007	-0.0006126105674500097	1.3070966	31.94748878	1.12283089	0.04075329251994328	0.00851941	0.00068
-0.0338	-0.0224	0.071	-0.0015777776438028737	0.00012740903539558605	-0.000726056968829641	1.18186855	28.88671875	1.01210597	0.03226789435654582	0.00723094	0.00053
-0.0309	0.0398	0.0435	-0.0016999506914424768	0.00012042771838760874	-0.0006859143960337716	1.08135307	26.42996407	1.01170098	0.1010648468721725	0.0071708	0.00058
-0.0326	0.0526	-0.0431	-0.0009023352232810684	0.00019547687622336493	-0.0006736970912698113	1.14545751	27.99677658	1.0828694	0.1453440965380562	0.00855517	0.00125
-0.0296	-0.0005	0.0259	-0.0009930923443847736	0.00015009831567151235	-0.0006318091892219474	1.18188882	28.88721275	1.08274292	0.13400117918517107	0.00745022	0.00056
-0.0299	0.0281	0.0623	-0.001350884841043611	3.316125578789226e-05	-0.00062482787221397	1.21393061	29.67036438	1.04457517	0.08938554367752174	0.0077666	0.00054
-0.035	0.1142	0.0665	-0.001762782544514273	2.6179938779914945e-05	-0.0007243116395776468	1.27054441	31.05409431	1.1386291	0.1213181393921158	0.0091244	0.00105
-0.0358	0.018	0.0189	-0.001155407964820246	0.00013439035240356338	-0.0007295476273336296	1.24660408	30.46895599	1.18373083	0.1806410490536829	0.00755155	0.0004
-0.0345	-0.0064	0.0423	-0.001117010721276371	0.00013962634015954637	-0.0007138396640656808	1.07496762	26.27389336	1.0035008	0.052067059728390326	0.00698763	0.00046
-0.0349	0.0601	0.0492	-0.0012636183784438947	0.0002722713633111154	-0.0006265732014659643	1.15522313	28.23546219	0.99198749	0.09212595714594046	0.00724882	0.00051
-0.0374	0.0479	0.0744	-0.0017208946424664088	-2.4434609527920616e-05	-0.0008203047484373349	1.20635462	29.48519516	1.02167105	0.08728568919164603	0.00807101	0.00071
-0.0346	0.0093	0.0159	-0.0011013027580084218	0.00011519173063162575	-0.0006824237375297829	1.18010223	28.84354591	1.01932919	0.14475496177625424	0.00723338	0.00067
-0.0348	-0.0293	0.0353	-0.00102799892942466	1.7453292519943294e-06	-0.0006544984694978735	1.09705412	26.8137207	1.00820864	0.06893377489976511	0.00747335	0.00036
-0.0357	0.0145	0.0549	-0.0012199851471440364	-2.268928027592628e-05	-0.0007382742735936014	1.0756427	26.29039192	1.01198095	0.07930983156715121	0.00696248	0.00037
-0.0433	-0.0127	0.0963	-0.0017348572764823637	2.268928027592628e-05	-0.000783652834145454	1.11874545	27.34389114	1.00400572	0.1064814625221016	0.0077163	0.00051
-0.041	-0.0068	0.0427	-0.0013631021458075715	0.00013962634015954637	-0.0007382742735936014	1.27391756	31.13653946	1.04170801	0.08850353755551325	0.00775743	0.00063
-0.035	-0.0678	0.0502	-0.001239183768915974	0.00010471975511965978	-0.0006876597252857658	1.31803811	32.21491623	1.15633817	0.08497197551196599	0.0122883	0.00191
-0.0298	0.0047	0.0499	-0.0012775810124598492	9.250245035569947e-05	-0.0006475171524898963	1.25681984	30.718647	1.12801327	0.08253785605518525	0.00753373	0.00053
-0.0375	0.0168	0.1051	-0.0017941984710501708	5.585053606381854e-05	-0.0006963863715457374	1.09848106	26.84859848	1.01673388	0.10510692959690218	0.00814444	0.00084
-0.0315	0.0154	0.0681	-0.001609193570338772	-5.235987755982989e-05	-0.0006981317007977319	1.06989098	26.14981079	0.98773699	0.05914803217935208	0.00751758	0.00058
-0.0375	-0.0236	0.0696	-0.0012880529879718153	6.9813170079773176e-06	-0.0006824237375297829	1.15858376	28.31760216	1.05114059	0.06630948701013563	0.00855613	0.00074
-0.0383	0.0301	0.0788	-0.0013631021458075715	-6.108652381980153e-05	-0.000752236907609556	1.18420267	28.94376945	1.00653174	0.0743465084371654	0.0083465	0.0007
-0.0427	0.0301	0.1166	-0.001778490507782222	-1.9198621771937625e-05	-0.0008970992355250854	1.22722077	29.9951973	1.05756328	0.07230692959690221	0.00862235	0.00107
-0.0406	0.0379	0.0861	-0.0016702800941585732	3.665191429188092e-05	-0.0008779006137531476	1.10614026	27.03580093	1.02560039	0.04956297857297026	0.00782698	0.00073
-0.0415	-0.0323	0.0897	-0.0014433872913993105	8.028514559173915e-05	-0.0008185594191853405	1.0815227	26.43410873	1.0021459	0.09119336143134643	0.00883508	0.00086
-0.0394	-0.0105	0.0838	-0.0013055062804917586	0.00019547687622336493	-0.0007941248096574199	1.12242055	27.43371582	0.99446292	0.04367536755335492	0.00793713	0.00063
-0.0427	0.0468	0.12	-0.0016720254234105676	2.6179938779914945e-05	-0.0008080874436733745	1.18379986	28.93392181	1.03338994	0.12428893571891068	0.00906616	0.00086
-0.0397	-0.0195	0.0977	-0.001748819910498318	-1.5707963267948964e-05	-0.0008360127117052838	1.16576314	28.49307632	1.03556715	0.09893038285837616	0.00806481	0.00086
-0.0398	0.0248	0.0657	-0.0013648474750595659	0.000153588974175501	-0.000757472895365539	1.10265243	26.95055199	1.02175094	0.10799045946109732	0.00785422	0.00036
-0.0428	-0.0068	0.0757	-0.0012479104151759456	0.0002844886680750757	-0.0007435102613495844	1.04068887	25.43606758	0.97216735	0.05768996938995748	0.00721425	0.00047
-0.0406	0.0071	0.1036	-0.001609193570338772	0.00015707963267948963	-0.0008133234314293575	1.04947841	25.65089607	0.97608255	0.07192526803190927	0.00780457	0.00056
-0.0406	0.0656	0.0997	-0.0018692476288859267	0.00010995574287564276	-0.0008464846872172499	1.13568223	27.75785255	1.0187029	0.0794169602069447	0.00799721	0.0007
-0.0397	-0.0152	0.0675	-0.0014172073526193955	0.0001291543646475804	-0.0007661995416255106	1.26332176	30.87756348	1.14107985	0.14147620218151039	0.00928694	0.00061
-0.0414	-0.0248	0.0784	-0.0013194689145077131	0.00010471975511965978	-0.0007801621756414653	1.10612452	27.03541565	0.9863626	0.029006784082777876	0.00867641	0.00054
-0.0397	-0.0106	0.0984	-0.001403244718603441	0.00017453292519943296	-0.0008028514559173916	1.16683233	28.51921082	1.06571647	0.044713912722571365	0.00771481	0.00057
-0.0406	0.0249	0.1224	-0.0019198621771937623	1.2217304763960308e-05	-0.0008464846872172499	1.11601818	27.27723122	1.02742867	0.09652831551628259	0.00751644	0.00068
-0.0423	0.0112	0.0776	-0.001635373509118687	0.0002199114857512855	-0.0008639379797371932	1.04876137	25.63337135	0.98640854	0.08568180707911718	0.00681549	0.00047
-0.0445	-0.0265	0.0758	-0.0013107422682477415	0.00020420352248333657	-0.0008133234314293575	1.04057837	25.43336487	0.97311738	0.0612476876223365	0.0077945	0.00037
-0.0461	-0.0371	0.1189	-0.001593485607070823	0.00015533430342749534	-0.0008011061266653974	1.09798753	26.8365345	1.03917101	0.07249149313214415	0.00857717	0.00074
-0.0487	0.0708	0.11	-0.0019896753472735357	0.00020769418098732522	-0.000853466004225227	1.1223408	27.43176651	1.07375252	0.14444547476611863	0.00761825	0.00066
-0.0462	0.0326	0.0556	-0.0013857914260834976	0.0002373647782712288	-0.0008255407361933179	1.0626862	25.97371674	1.00083473	0.12817398932529256	0.00719774	0.0006
-0.0411	-0.0129	0.048	-0.0010506882097005862	0.000312413936106985	-0.0007644542123735164	1.09513271	26.76675987	1.02934774	0.08176194490192346	0.00840366	0.00074
-0.0444	-0.0066	0.0533	-0.0011274826967883368	0.0002565634000431664	-0.0007766715171374765	1.2182591	29.77615929	1.02090631	0.02214311639577647	0.00815278	0.00067
-0.0423	0.049	0.0883	-0.001635373509118687	0.00014486232791552936	-0.0008639379797371932	1.25778878	30.74232864	1.10469178	0.1280429173528852	0.00903034	0.00114
-0.0387	0.0008	0.0608	-0.0017383479349863521	0.0001308996938995747	-0.0007853981633974483	1.09469867	26.75614929	1.00243307	0.08907384381116824	0.00777406	0.00063
-0.0389	-0.0471	0.0449	-0.0011397000015522971	0.0001658062789394613	-0.000731292956585624	1.22520185	29.94585228	1.02286497	0.09838298626428829	0.00930864	0.00107
-0.0599	-0.0412	0.0778	-0.0013002702927357754	0.0001658062789394613	-0.001075122819228507	1.28037083	31.29426765	1.08316204	0.08502000769131807	0.0077399	0.00068
-0.0712	-0.0055	0.1162	-0.001864011641129944	0.0002251474735072685	-0.0011780972450961724	1.19414794	29.18684578	1.03080101	0.12170284844148206	0.00834328	0.00078
-0.0678	-0.0296	0.0766	-0.0016667894356545846	0.0003769911184307752	-0.00102799892942466	1.13328838	27.69934464	1.06037787	0.09205820830351889	0.00718927	0.00066
-0.0588	-0.0682	0.0752	-0.0013980087308474581	0.00042236967898262774	-0.0010506882097005862	1.06601286	26.05502319	0.99788312	0.06584242728174526	0.00792521	0.00038
-0.0543	0.0473	0.0702	-0.0012723450247038664	0.00033684854563490564	-0.000973893722612836	1.20917237	29.55406761	1.05113667	0.1393989663289532	0.00765324	0.00073
-0.0543	0.0206	0.1161	-0.0017348572764823637	0.00019198621771937622	-0.0010297442586766543	1.19923723	29.31123543	1.02427955	0.10576125578789226	0.00817239	0.0007
-0.053	-0.0061	0.0948	-0.0019146261894377795	0.00014311699866353502	-0.0010454522219446034	1.16444588	28.46088219	1.01621387	0.061517304763960313	0.00734293	0.00066
-0.0543	-0.0543	0.0507	-0.0013334315485236678	0.00029496064358704166	-0.0009913470151327792	1.13428235	27.72363853	1.06483296	0.1329571746324721	0.00902015	0.00081
-0.0512	-0.0133	0.063	-0.001256637061435917	0.0003438298626428829	-0.0009529497715889039	1.09522915	26.76911736	1.01109082	0.06460304748437337	0.00820506	0.0007
-0.0511	0.0454	0.1034	-0.0016615534478986017	0.00032463124087094524	-0.000973893722612836	1.16360664	28.44036865	1.0814671	0.12145294796292772	0.00828403	0.00068
-0.0549	0.0176	0.0899	-0.0019408061282176943	0.00028274333882308137	-0.0010297442586766543	1.20535183	29.46068764	1.00193653	0.06394955592153875	0.00799257	0.00066
-0.0466	-0.0243	0.042	-0.0013892820845874865	0.0003054326190990077	-0.0009651670763528643	1.14875698	28.07742119	1.02590957	0.1300395253114962	0.0080139	0.00053
-0.0468	-0.0062	0.0459	-0.0011780972450961724	0.00031415926535897925	-0.0008918632477691023	1.17570055	28.73596191	1.04678851	0.036860765716752376	0.00805426	0.00073
-0.0481	0.0235	0.0464	-0.0011641346110802177	0.00034557519189487725	-0.0009494591130849152	1.09643328	26.79854774	0.99310713	0.03664872129338327	0.00754839	0.00047
-0.0514	0.039	0.0946	-0.0016999506914424768	0.00018500490071139895	-0.0010035643198967395	1.08668339	26.56024551	1.01791726	0.10452457891787809	0.00804299	0.00095
-0.0557	0.0106	0.0713	-0.0015760323145508795	0.0002251474735072685	-0.00102799892942466	1.07858551	26.36231995	1.00682238	0.06542477796076937	0.00725418	0.00058
-0.054	-0.0525	0.0543	-0.001165879940332212	0.00020594885173533088	-0.0009773843811168245	1.15938687	28.33723068	1.0429523	0.10579827721492202	0.00820863	0.00061
-0.0552	-0.0184	0.0543	-0.0011484266478122688	0.00027925268031909274	-0.000973893722612836	1.18158174	28.87970734	1.01260365	0.04001238898038468	0.00757277	0.00037
-0.0548	-0.0009	0.1046	-0.001785471824790199	0.0001884955592153876	-0.0010053096491487337	1.22610795	29.96800041	1.03449752	0.10616091123087663	0.0072577	0.00061
-0.0523	0.0402	0.0782	-0.0018622663118779497	0.00021118483949131387	-0.0009808750396208131	1.0984689	26.84830093	1.02259605	0.07619591884457985	0.00725967	0.00061
-0.0528	-0.0057	0.04	-0.0013543754995475996	0.0003193952531149623	-0.0009861110273767962	1.05998898	25.90779114	0.99484793	0.11566686068549908	0.00677454	0.00053
-0.0482	-0.0246	0.0639	-0.0012583823906879114	0.00027576202181510406	-0.0009564404300928925	1.06686795	26.07592392	0.98132689	0.0558648468721725	0.00688887	0.00044
-0.0499	0.0589	0.1022	-0.0016301375213627037	0.0001884955592153876	-0.0009843656981248017	1.1013391	26.91845322	1.03067597	0.1478473430653209	0.00782859	0.00047
-0.0529	0.0615	0.0899	-0.001960004749989632	0.00023561944901923448	-0.0009843656981248017	1.33419013	32.60969543	1.0702533	0.036749555921538765	0.0108531	0.00138
-0.0464	-0.0208	0.0181	-0.0014433872913993105	0.00032812189937493397	-0.0008709192967451704	1.25603414	30.69944191	1.13091269	0.1967283155162826	0.00792933	0.00077
-0.0287	0.0017	-0.005	-0.0011082840750163993	0.00010995574287564276	-0.0006161012259539982	1.17135262	28.62969398	1.03640346	0.10370437218366872	0.00786501	0.00081
-0.0302	0.0205	-0.0342	-0.001075122819228507	5.4105206811824215e-05	-0.0007243116395776468	1.14440799	27.97112465	1.07320485	0.05936111027376797	0.0077045	0.00077
-0.0341	0.0245	0.0094	-0.0014974924982111347	-0.00018675022996339323	-0.0007190756518216638	1.06721735	26.08446312	1.00691671	0.08492305517569139	0.00682873	0.00054
-0.0351	0.0076	-0.0157	-0.0012479104151759456	0.00018675022996339323	-0.0006806784082777885	1.05302882	25.73767281	0.98526818	0.07607398932529252	0.00710529	0.00038
-0.0313	-0.0343	-0.0562	-0.0008831366015091308	-1.7453292519943296e-05	-0.0006998770300497262	1.10274553	26.95282745	1.03220651	0.11560879789610444	0.00884783	0.00084
-0.0278	-0.0273	-0.0032	-0.001085594794740473	-0.00017627825445142725	-0.0006440264939859076	1.1698786	28.59366417	1.02699034	0.08435668456133222	0.0077669	0.0006
-0.0275	0.0689	0.0503	-0.0017086773377024485	-0.00029321531433504735	-0.0006283185307179585	1.25469494	30.6667099	1.08503214	0.18778637830567724	0.0080955	0.00066
-0.0259	-0.0206	-0.005	-0.0011082840750163993	1.0471975511965975e-05	-0.0005846852994181004	1.13941789	27.84915924	1.04484352	0.19378568919164604	0.00746799	0.00054
-0.0217	-0.0585	0.0022	-0.0008517206749732328	-7.330382858376184e-05	-0.0005113814708343385	1.11831284	27.33331871	1.03670087	0.0699821516361328	0.00744927	0.0006
-0.0275	-0.0225	0.0319	-0.0009861110273767962	-0.00018675022996339323	-0.0006213372137099814	1.10038364	26.89509964	1.0244535	0.08938962483294188	0.00697243	0.00063
-0.0251	0.0209	0.0766	-0.0016039575825827887	-0.0002495820830351891	-0.0006876597252857658	1.09594905	26.78671074	1.0119231	0.12785004599267863	0.00679684	0.00041
-0.0273	0.0142	0.0362	-0.001329940890019679	-0.000307177948351002	-0.0006667157742618339	1.32095075	32.28610611	1.01296152	0.06692782544514271	0.00783497	0.00076
-0.0253	-0.0768	0.0291	-0.0010245082709206715	-0.00013962634015954637	-0.0006527531402458793	1.27318525	31.11864281	1.08526486	0.12444734306532088	0.0084222	0.0007
-0.0309	0.0227	0.0377	-0.001085594794740473	-0.00010995574287564276	-0.0006283185307179585	1.23215187	30.11572075	1.06706915	0.11945958653158129	0.00741553	0.00037
-0.041	0.0683	0.0743	-0.0017313666179783749	-0.00011693705988362007	-0.0009250245035569946	1.11009657	27.13249779	1.02566364	0.13977295565424577	0.00732988	0.0004
-0.0418	0.0623	0.0504	-0.001616174887346749	-0.00016231562043547262	-0.0009424777960769379	1.0515784	25.70222473	0.97941051	0.03960117918517109	0.00744528	0.00034
-0.0449	-0.0081	0.039	-0.001228711793404008	4.886921905584123e-05	-0.0009075712110370514	1.07621086	26.30427933	1.00349291	0.11657772592369708	0.00751358	0.00061
-0.0422	0.0202	0.0418	-0.0010716321607245184	0.0001012290966156711	-0.0009250245035569946	1.20587134	29.47338486	1.02988865	0.04514464013796313	0.00899172	0.00118
-0.044	-0.0047	0.0643	-0.001377064779823526	5.235987755982989e-05	-0.0009023352232810684	1.23420036	30.16578865	1.08361551	0.06804955592153875	0.00796545	0.00044
-0.0468	0.0632	0.0815	-0.0017732545200262388	-6.283185307179586e-05	-0.0009878563566287904	1.18570709	28.98053741	1.06284677	0.11774513020910304	0.00738281	0.00064
-0.0447	0.0059	0.0443	-0.0015166911199830724	-4.0142572795869576e-05	-0.0009773843811168245	1.1515317	28.14523888	1.08000558	0.11108623279155294	0.00774747	0.00051
-0.0496	-0.0042	0.041	-0.0011397000015522971	-1.0471975511965975e-05	-0.0009686577348568529	1.08455431	26.50820541	1.01203022	0.03906941809873252	0.0104774	0.001
-0.0472	-0.0352	0.0683	-0.001322959573011702	-3.665191429188092e-05	-0.0009546951008408983	1.06795847	26.10257912	0.99493125	0.07187010721276371	0.00850511	0.00067
-0.0521	-0.0255	0.0866	-0.0016510814723866359	-0.00010297442586766544	-0.0010629055144645468	1.31210101	32.06980515	1.01716543	0.05803274122871834	0.00767171	0.00061
-0.0506	-0.0255	0.0577	-0.001446877949903299	-8.552113334772214e-05	-0.0010576695267085637	1.19452798	29.19613457	1.0137376	0.041744640137963154	0.00863451	0.0006
-0.0534	-0.0299	0.0469	-0.0011205013797803594	-1.0471975511965975e-05	-0.0010349802464326373	1.19020641	29.09050941	1.03386021	0.039205750411731126	0.00684553	0.00051
-0.0501	0.0099	0.0643	-0.0011850785621041497	-2.6179938779914945e-05	-0.001069886831472524	1.10174501	26.92837334	1.01925246	0.0662595865315813	0.00712413	0.0005
-0.0491	0.013	0.0971	-0.0018832102629018814	-3.490658503988659e-05	-0.0011274826967883368	1.08524525	26.52509308	1.00635975	0.07512271061867584	0.00784361	0.00067
-0.0467	-0.0009	0.0533	-0.0015882496193148398	-1.7453292519943296e-05	-0.0011100294042683937	1.1698209	28.59225464	1.00974873	0.0765933614313464	0.0076949	0.00074
-0.0472	0.0003	0.0375	-0.0011955505376161158	8.028514559173915e-05	-0.001048942880448592	1.10693908	27.05532646	0.99273502	0.04507620218151041	0.00863671	0.00056
-0.0478	-0.0395	0.0644	-0.001322959573011702	-4.71238898038469e-05	-0.0010053096491487337	1.1782006	28.79706955	1.05666682	0.08222256510455153	0.008021	0.00037
-0.0501	0.0094	0.0999	-0.0017697638615222502	-9.773843811168246e-05	-0.0010890854532444615	1.13544011	27.75193596	1.03531086	0.11575973204570558	0.0072332	0.00047
-0.0579	-0.0009	0.0386	-0.001509709802975095	0.00020769418098732522	-0.0011222467090323538	1.07884061	26.36855507	1.00931561	0.10933239667170276	0.00697249	0.00046
-0.0532	0.0054	0.0515	-0.0011484266478122688	9.42477796076938e-05	-0.001059414855960558	1.13884473	27.83514977	1.09084516	0.050778070480712666	0.00837225	0.00061
-0.0511	0.0168	0.0607	-0.0010960667702524388	0.00013788101090755203	-0.0010402162341886204	1.08551204	26.5316143	1.01252522	0.028459586531581288	0.00680697	0.0004
-0.0511	0.0538	0.0784	-0.0013072516097437528	0.00014137166941154068	-0.0010402162341886204	1.31709135	32.19177628	1.03310221	0.06543377489976514	0.0088076	0.00077
-0.0515	0.0495	0.0751	-0.0016493361431346415	4.18879020478639e-05	-0.0011082840750163993	1.23437309	30.17001343	0.99898777	0.03348180707911721	0.00811988	0.00053
-0.0509	0.0111	0.0337	-0.0010716321607245184	0.0001361356816555577	-0.001085594794740473	1.11539173	27.26192093	1.02340811	0.11513205211468713	0.00819194	0.00038
-0.0466	-0.0222	0.0526	-0.0011257373675363424	0.00015184364492350666	-0.0010070549784007281	1.30931246	32.00164795	1.23030876	0.06391764932097589	0.0113172	0.0011
-0.0473	0.003	0.0733	-0.0013788101090755204	0.00021642082724729686	-0.00102799892942466	1.28721654	31.46158981	1.228382	0.06352969374434501	0.00719452	0.00043
-0.0523	0.0421	0.0987	-0.0019093902016817967	8.901179185171081e-05	-0.0010192722831646884	1.25376642	30.64401436	1.01956927	0.10283578871309168	0.00907105	0.00097
-0.0501	-0.013	0.0466	-0.0016318828506146981	-5.235987755982988e-06	-0.0010140362954087054	1.27589524	31.1848793	1.17293216	0.12824955592153875	0.00780594	0.00051
-0.0481	-0.0534	0.0477	-0.0012042771838760874	0.00010471975511965978	-0.00102799892942466	1.20756578	29.51479912	1.11578468	0.07107620218151041	0.00841451	0.0005
-0.0456	-0.0089	0.0548	-0.0011519173063162574	0.00012217304763960306	-0.0009948376736367678	1.13916683	27.84302139	1.06241604	0.05924872129338328	0.00794804	0.00044
-0.0489	0.0358	0.0941	-0.0016423548261266642	-4.0142572795869576e-05	-0.0010733774899765126	1.1088407	27.10180283	1.04021774	0.1238646478292812	0.0076105	0.00058
-0.0451	0.0346	0.0678	-0.0017191493132144146	8.028514559173915e-05	-0.0010122909661567112	1.09610581	26.79054451	0.99106736	0.044215436464758034	0.00742888	0.00061
-0.046	0.0051	0.0286	-0.0011623892818282235	0.00014311699866353502	-0.0009459684545809266	1.20144379	29.36516953	1.03257384	0.10389571980168856	0.00796378	0.00048
-0.0393	-0.0044	0.0374	-0.0009285151620609833	-1.9198621771937625e-05	-0.000890117918517108	1.1802659	28.84754753	0.99403152	0.04760201381332657	0.0090149	0.00074
-0.0392	0.0238	0.0494	-0.0009965830028887623	3.665191429188092e-05	-0.0009546951008408983	1.1852715	28.9698925	1.0066028	0.04972477796076939	0.00756532	0.00063
-0.0397	-0.0137	0.0927	-0.001616174887346749	-1.5707963267948964e-05	-0.0010140362954087054	1.12515521	27.50055695	1.02389692	0.1178646478292812	0.00814807	0.00051
-0.0423	0.0501	0.0554	-0.0016528268016386303	3.839724354387525e-05	-0.0009285151620609833	1.23479784	30.18039322	1.0738285	0.11251391272257136	0.00980502	0.00081
-0.0443	-0.0137	0.03	-0.0011135200627723821	0.00018675022996339323	-0.000926769832808989	1.23165905	30.10367584	1.12885081	0.12567025272688803	0.00863338	0.00054
-0.0418	-0.0161	0.051	-0.0011641346110802177	6.45771823237902e-05	-0.0008970992355250854	1.15638185	28.2637825	0.99319609	0.03602290966156711	0.0079748	0.00084
-0.047	0.015	0.0878	-0.0015690509975429022	4.18879020478639e-05	-0.0010768681484805013	1.13819599	27.81929207	1.00838658	0.10346872898470132	0.00814766	0.00073
-0.0502	0.0678	0.0541	-0.001626646862858715	3.839724354387525e-05	-0.0010663961729685354	1.09932721	26.86927795	1.03114519	0.09327792496658835	0.00784689	0.00067
-0.0541	0.0121	0.0254	-0.0010070549784007281	0.00010995574287564276	-0.0010890854532444615	1.07511568	26.2775116	1.02647363	0.12399198320328404	0.00767082	0.00073
-0.0537	-0.02	0.0497	-0.0009913470151327792	9.599310885968811e-05	-0.0010506882097005862	1.06606483	26.05629349	0.99720276	0.06020339204138896	0.00813603	0.0006
-0.0538	-0.0228	0.0613	-0.0011501719770642632	0.00021118483949131387	-0.0010611601852125523	1.15268564	28.17344284	1.00771791	0.0287244334037538	0.00751793	0.00041
-0.0534	0.0623	0.0778	-0.0016057029118347831	2.268928027592628e-05	-0.0010786134777324957	1.28319609	31.3633213	1.06829921	0.13507398932529255	0.00854236	0.00076
-0.0522	0.0352	0.0167	-0.0012793263417118436	0.000153588974175501	-0.0011100294042683937	1.18531406	28.97093201	1.0287549	0.1138346095279206	0.00759959	0.00044
-0.0514	-0.0234	0.0241	-0.0009372418083209549	0.00012740903539558605	-0.001085594794740473	1.13706923	27.79175377	1.05071255	0.08643495408493622	0.00775623	0.00077
-0.049	0.0353	0.0397	-0.001064650843716541	0.000153588974175501	-0.0010402162341886204	1.07866514	26.36426544	1.00436414	0.08664837673636767	0.00799733	0.00053
-0.052	0.0522	0.0905	-0.001656317460142619	7.330382858376184e-05	-0.001054178868204575	1.11288273	27.20059586	1.01306208	0.10499571980168856	0.00788462	0.00066
-0.0533	0.0032	0.0619	-0.0017191493132144146	0.0001256637061435917	-0.0010367255756846318	1.25885558	30.7684021	1.05238101	0.08553225115757845	0.00887644	0.0006
-0.0525	-0.0237	0.0254	-0.0011763519158441782	0.00017976891295541595	-0.0010349802464326373	1.22246873	29.87905121	1.07949186	0.09413239667170276	0.00811416	0.00046
-0.0522	-0.0488	0.0378	-0.001117010721276371	6.108652381980153e-05	-0.0011501719770642632	1.12287295	27.44477272	0.9763845	0.05246076571675238	0.00809193	0.00044
-0.0559	0.0081	0.063	-0.0011641346110802177	0.00010297442586766544	-0.0011065387457644049	1.08392668	26.49286461	1.00338113	0.09243225115757843	0.00873977	0.00047
-0.0577	0.0081	0.0858	-0.0015865042900628454	2.094395102393195e-05	-0.0011484266478122688	1.16966522	28.58845139	1.10330479	0.05191440279371126	0.0076955	0.00054
-0.0538	0.0189	0.0514	-0.0012601277199399059	4.537856055185256e-05	-0.0010175269539126942	1.23872256	30.2763195	0.99188703	0.07318554367752172	0.00782502	0.00073
-0.0573	-0.0786	0.0614	-0.0010821041362364843	0.00015707963267948963	-0.0010786134777324957	1.24053395	30.32059288	1.07699867	0.128540558982543	0.0088284	0.00076
-0.0558	0.0283	0.0494	-0.000879645943005142	0.00015533430342749534	-0.0010890854532444615	1.25901246	30.77223587	1.07363235	0.13113377489976513	0.00681388	0.00034
-0.0534	0.0274	0.0785	-0.001356120828799594	0.00011344640137963142	-0.001085594794740473	1.11969602	27.36712456	1.01648664	0.058492672317315225	0.00713968	0.00044
-0.0536	-0.0028	0.0914	-0.001839577031602023	1.3962634015954635e-05	-0.0010943214410004448	1.16219187	28.40578842	1.00305166	0.07288333082130387	0.00941199	0.00084
-0.0567	0.0439	0.0299	-0.0013142329267517303	9.773843811168246e-05	-0.0010367255756846318	1.25006866	30.55363655	1.10890664	0.14463578871309168	0.00801027	0.00061
-0.0534	-0.0376	0.0516	-0.0011397000015522971	0.00014660765716752367	-0.0010681415022205296	1.19584501	29.22832489	1.05204226	0.1192409035395586	0.0081082	0.00073
-0.0544	0.0265	0.0667	-0.0012531464029319286	0.0001937315469713706	-0.001085594794740473	1.18868053	29.05321312	1.09610721	0.08910117918517109	0.00878614	0.0007
-0.0561	0.0086	0.1019	-0.0015987215948268059	8.726646259971648e-05	-0.0010821041362364843	1.07837689	26.3572216	1.01835485	0.07757654673852601	0.00807691	0.00071
-0.0591	-0.0061	0.0652	-0.001499237827463129	0.00014486232791552936	-0.001075122819228507	1.0744046	26.26012993	0.9995537	0.06260304748437336	0.00743765	0.00068
-0.0575	-0.0119	0.0401	-0.0010297442586766543	0.0003089232776029963	-0.0010245082709206715	1.14449537	27.97326088	0.99532061	0.06670845333908886	0.00733262	0.00061
-0.0547	0.0312	0.0355	-0.0009424777960769379	0.00019896753472735358	-0.0009913470151327792	1.18340945	28.92437935	1.00438338	0.06201917306316257	0.0084874	0.00054
-0.0586	0.0131	0.0785	-0.0012025318546240932	0.00014137166941154068	-0.0010716321607245184	1.19101882	29.11036491	1.00804965	0.08489675347273537	0.00776714	0.00074
-0.055	0.0067	0.0839	-0.001726130630222392	3.490658503988659e-05	-0.0011082840750163993	1.07575417	26.29311562	0.98554688	0.048735788713091685	0.00772762	0.00051
-0.057	-0.0134	0.0494	-0.001350884841043611	0.0002373647782712288	-0.0010454522219446034	1.1647464	28.46822548	1.04525946	0.08862679177409595	0.00905848	0.00067
-0.0587	-0.068	0.0643	-0.0012130038301360591	0.00021467549799530252	-0.0009704030641088471	1.38371003	33.82004166	1.25948988	0.08298097245096171	0.0113622	0.00111
-0.0577	-0.0265	0.0642	-0.0011693705988362008	0.0002024581932313422	-0.0010402162341886204	1.26218641	30.84981346	1.07566329	0.04888318530717961	0.00730771	0.00051
-0.0624	0.0309	0.1004	-0.001499237827463129	0.00015707963267948963	-0.0011397000015522971	1.13496995	27.74044228	1.02410063	0.12203647782712287	0.00731546	0.00053
-0.0614	0.0388	0.0873	-0.001706932008450454	9.250245035569947e-05	-0.0011519173063162574	1.10774076	27.07492065	1.02976025	0.03622443340375377	0.00829232	0.0007
-0.0555	-0.0561	0.055	-0.0013840460968315032	0.00015707963267948963	-0.0010559241974565693	1.12426329	27.47875595	1.05464964	0.15727281014012143	0.00719714	0.00053
-0.0512	0.0226	0.0603	-0.0012077678423800758	5.585053606381854e-05	-0.000973893722612836	1.09151256	26.67827797	0.99939648	0.10627689129554158	0.00691867	0.00044
-0.0531	-0.0168	0.1067	-0.001658062789394613	-9.42477796076938e-05	-0.0010506882097005862	1.16533852	28.48269844	1.01928036	0.12155938748868998	0.00786847	0.00051
-0.0538	-0.002	0.1	-0.0018151424220741027	-7.67944870877505e-05	-0.0010314895879286487	1.19017529	29.08974838	1.05985282	0.031886577348568534	0.00928283	0.00073
-0.0496	-0.0482	0.0551	-0.0013369222070276565	0.000153588974175501	-0.0010245082709206715	1.19821846	29.2863369	1.1337525	0.13107924966588375	0.00770921	0.00056
-0.0499	-0.0258	0.0475	-0.0011205013797803594	0.0001186823891356144	-0.0009930923443847736	1.05161166	25.70303535	0.9735782	0.04443716694115408	0.00693035	0.00047
-0.0522	0.0439	0.0893	-0.0014433872913993105	7.504915783575618e-05	-0.0010000736613927507	1.16046941	28.36369133	1.01786153	0.13247502299633931	0.00803018	0.00054
-0.0529	0.0147	0.0818	-0.0017959438003021652	-9.075712110370512e-05	-0.0010611601852125523	1.21653891	29.73411751	1.02095022	0.06637246558310589	0.00807244	0.0005
-0.0533	0.0052	0.0389	-0.0012339477811599909	0.00010471975511965978	-0.0010105456369047167	1.26114035	30.82424545	1.10302257	0.09320437218366874	0.0095042	0.00086
-0.0498	0.0248	0.0471	-0.0010943214410004448	0.00017104226669544429	-0.0009407324668249436	1.26417613	30.89844513	1.18314326	0.045088101090755194	0.00762743	0.00066
-0.0492	-0.0101	0.0783	-0.0013805554383275148	0.00024609142453120044	-0.0008848819307611251	1.25809038	30.74970055	1.19641281	0.08755668456133221	0.00945246	0.00046
-0.0547	0.0455	0.1148	-0.0017191493132144146	1.7453292519943294e-06	-0.0009599310885968812	1.32958448	32.49712753	1.09826816	0.13049945640009308	0.00775301	0.00064
-0.058	0.0256	0.0812	-0.0017435839227423352	3.490658503988659e-05	-0.0010733774899765126	1.21264219	29.63887405	1.03521781	0.06535211333477223	0.00833416	0.00047
-0.0564	-0.0371	0.0584	-0.0013578661580515882	0.000148352986419518	-0.0010122909661567112	1.17251921	28.65820503	1.0358513	0.115112534494509	0.00811827	0.00048
-0.054	-0.0258	0.0701	-0.001387536755335492	3.490658503988659e-05	-0.0010803588069844899	1.10071051	26.90308952	0.9905757	0.035959241974565695	0.0077619	0.00031
-0.0582	-0.0141	0.1018	-0.001504473815219112	0.00011519173063162575	-0.0010506882097005862	1.11748791	27.31315422	1.05794386	0.05894464013796315	0.00857002	0.00071
-0.06	0.0633	0.1052	-0.0018238690683340744	-6.9813170079773176e-06	-0.0010419615634406148	1.10865176	27.09718704	1.03540612	0.10511474735072684	0.00790793	0.00057
-0.0621	-0.0192	0.0488	-0.0014538592669112763	0.00023212879051524583	-0.0010559241974565693	1.22641349	29.97546768	1.09129979	0.17215412714809877	0.00822157	0.00066
-0.0543	-0.0578	0.0405	-0.0011327186845443199	0.0001064650843716541	-0.0010175269539126942	1.30226016	31.82927704	1.1813519	0.07896007660272115	0.00947952	0.00103
-0.0582	0.0367	0.0735	-0.0013543754995475996	8.901179185171081e-05	-0.0010733774899765126	1.2828207	31.35414886	1.14599761	0.14614803217935207	0.00721365	0.00034
-0.0582	0.0367	0.0843	-0.0018291050560900572	4.537856055185256e-05	-0.0010524335389525807	1.10794902	27.08000946	1.00976397	0.0377653369433124	0.00731498	0.00063
-0.0602	0.0116	0.037	-0.0015166911199830724	0.0002007128639793479	-0.0010943214410004448	1.0576309	25.85015488	0.98567683	0.0998818070791172	0.00653958	0.00048
-0.0549	-0.0503	0.0405	-0.001265363707695889	0.0001658062789394613	-0.0010035643198967395	1.07428706	26.25725746	0.99245509	0.08954955592153878	0.0075323	0.00044
-0.0561	0.0136	0.038	-0.0011763519158441782	0.00014660765716752367	-0.0009459684545809266	1.24892545	30.52569389	1.00861223	0.07589031394697306	0.00789952	0.00074
-0.0569	0.003	0.0893	-0.0017418385934903407	2.792526803190927e-05	-0.0010768681484805013	1.24160635	30.34680557	1.02200225	0.1034534380340676	0.00752437	0.00051
-0.0599	0.0051	0.0644	-0.0017523105690023068	5.235987755982988e-06	-0.0010821041362364843	1.08716714	26.57206726	0.99191028	0.03191986217719378	0.00683099	0.0006
-0.0562	0.0195	0.0544	-0.0015341444125030156	5.4105206811824215e-05	-0.001048942880448592	1.07559454	26.28921509	0.9987981	0.04310983156715124	0.00738233	0.0005
-0.057	0.0095	0.0618	-0.0013491395117916165	0.00020943951023931956	-0.001059414855960558	1.09024799	26.64736748	1.0097049	0.03574055898254302	0.00706953	0.00046
-0.057	0.0046	0.0658	-0.0012199851471440364	0.00020420352248333657	-0.0010262536001726657	1.12443233	27.48288727	0.97331933	0.017277580409572765	0.00723743	0.00048
-0.059	-0.004	0.1093	-0.0016004669240788003	-5.585053606381854e-05	-0.0010890854532444615	1.21300304	29.64769554	1.04061294	0.08926838442768573	0.00898427	0.00064
-0.0629	0.0498	0.088	-0.0018064157758141308	-5.585053606381854e-05	-0.001129228026040331	1.18195236	28.88876724	1.04464311	0.09130457122656	0.00707781	0.00048
-0.06	-0.0055	0.0453	-0.0013439035240356337	0.0001064650843716541	-0.0011414453308042916	1.11240864	27.18900871	1.0360906	0.13275225884889652	0.0068205	0.00037
-0.0517	-0.0472	0.0327	-0.0011309733552923255	7.853981633974481e-05	-0.0010733774899765126	1.08428645	26.50165939	0.99867487	0.0780461638801498	0.00809109	0.00068
-0.0575	-0.0085	0.0756	-0.0014486232791552935	0.00010297442586766544	-0.001054178868204575	1.19832695	29.28898811	1.09943496	0.10546415775814132	0.0077709	0.00058
-0.0652	0.0481	0.0863	-0.0017749998492782332	8.901179185171081e-05	-0.0011362093430483087	1.34243441	32.81119919	1.11889576	0.09611848394913139	0.0092268	0.00095
-0.0603	-0.0415	0.054	-0.001562069680534925	-1.3962634015954635e-05	-0.0011623892818282235	1.24315178	30.3845768	1.11164021	0.14390422666954444	0.00783145	0.00061
-0.058	-0.0561	0.0383	-0.0010629055144645468	0.00013788101090755203	-0.001117010721276371	1.14218211	27.91672134	1.01984289	0.06741931857728686	0.00763267	0.00057
-0.0575	-0.0041	0.0513	-0.0011397000015522971	0.00018151424220741024	-0.001155407964820246	1.07734609	26.33202553	0.9986572	0.0734412480965742	0.00785184	0.00067
-0.057	0.027	0.0923	-0.001567305668290908	9.42477796076938e-05	-0.0010576695267085637	1.21645761	29.73212814	1.15082386	0.10323052837250046	0.0105822	0.0008
-0.0578	-0.014	0.0648	-0.0016999506914424768	0.00011693705988362007	-0.0011239920382843482	1.26789618	30.98936844	1.08716654	0.08038284075016398	0.00830454	0.00057
-0.0583	-0.0279	0.0322	-0.0012007865253720988	0.00021118483949131387	-0.0010454522219446034	1.15131783	28.14001274	1.02991491	0.08059758810089082	0.00913876	0.00057
-0.0605	-0.0319	0.0432	-0.0011030480872604163	0.00013264502315156904	-0.001059414855960558	1.17970598	28.8338623	1.03930253	0.02671204442336909	0.00728017	0.00051
-0.0564	0.0543	0.0428	-0.0009599310885968812	0.00015184364492350666	-0.001085594794740473	1.14788914	28.05620956	1.04222228	0.10012477796076936	0.00710642	0.00051
-0.0607	-0.0154	0.0976	-0.0015358897417550098	3.665191429188092e-05	-0.0011466813185602744	1.14562166	28.00078773	1.05462531	0.1664118453804778	0.00703835	0.00063
-0.0672	0.0587	0.0582	-0.0015865042900628454	0.00012217304763960306	-0.0011484266478122688	1.27129698	31.07248878	1.04121539	0.1268940505453776	0.00764352	0.00071
-0.062	0.0009	0.0252	-0.0010663961729685354	0.00017453292519943296	-0.001117010721276371	1.22853971	30.0274353	1.08582692	0.12619419605950188	0.00812751	0.00073
-0.0638	-0.0439	0.0461	-0.0010297442586766543	0.00015533430342749534	-0.001192059879112127	1.34880519	32.96691132	1.13552515	0.07404498469497874	0.00872403	0.00066
-0.0655	0.002	0.0935	-0.0013631021458075715	8.028514559173915e-05	-0.0013316862192716734	1.13190091	27.66543198	1.05655133	0.122401669256311	0.0074209	0.00048
-0.0671	0.0118	0.102	-0.0017016960206944712	-3.490658503988659e-05	-0.0013281955607676848	1.0739553	26.24914932	1.00413893	0.0427638132011257	0.0072577	0.00044
-0.0636	-0.0172	0.0623	-0.0013578661580515882	7.330382858376184e-05	-0.00119729586686811	1.10500932	27.00815964	0.98630918	0.1013469985083053	0.00755978	0.00077
-0.0608	-0.0136	0.0522	-0.0011274826967883368	7.330382858376184e-05	-0.001186823891356144	1.13643134	27.7761631	0.97976026	0.02854277183876086	0.0082112	0.00057
-0.0619	-0.0177	0.08	-0.0013578661580515882	6.806784082777885e-05	-0.0012147491593880533	1.21912766	29.79738998	1.05032067	0.04617723585255717	0.00850421	0.00074
-0.068	0.0494	0.1018	-0.0017872171540421933	4.363323129985824e-05	-0.0013456488532876281	1.15953231	28.34078598	1.06249552	0.12423426497090502	0.00801325	0.00087
-0.0666	0.0368	0.0465	-0.0014172073526193955	0.0002600540585471551	-0.001223475805648025	1.07746542	26.33494186	1.00541667	0.1047301838154849	0.00752521	0.00054
-0.0662	-0.0615	0.0412	-0.00124965574442794	0.0002705260340591211	-0.001158898623324235	1.2011404	29.35775185	1.1423409	0.11613003830136058	0.00961059	0.00133
-0.0671	0.0088	0.0422	-0.0011100294042683937	0.00026878070480712676	-0.0011693705988362008	1.32952273	32.49561691	1.12549596	0.07979218224617533	0.00819623	0.00083
-0.0699	-0.0397	0.0949	-0.0016039575825827887	5.93411945678072e-05	-0.0012479104151759456	1.30265975	31.83904457	1.10322875	0.14309537524467295	0.00911129	0.00095
-0.0718	-0.0227	0.0561	-0.001583013631558857	0.00019024088846738194	-0.0013037609512397642	1.17535937	28.72762299	1.05730889	0.06808470904936625	0.00775379	0.00067
-0.0737	-0.0446	0.042	-0.0011990411961201044	0.00022863813201125715	-0.0012322024519079964	1.09461665	26.75414467	1.01033854	0.06259640891571976	0.00934476	0.00125
-0.0689	0.0049	0.0482	-0.001181587903600161	0.00019024088846738194	-0.0012252211349000194	1.11335862	27.21222878	0.98531641	0.06364159265358978	0.00909317	0.00076
-0.0665	-0.0248	0.0724	-0.0013962634015954637	1.3962634015954635e-05	-0.001298524963483781	1.22824919	30.02033424	1.05921621	0.07951287905152457	0.00824291	0.00086
-0.0652	-0.0322	0.0955	-0.0017749998492782332	3.4906585039886588e-06	-0.001239183768915974	1.19122684	29.11544991	1.02218713	0.054227480888127136	0.0078544	0.00066
-0.069	-0.0023	0.0288	-0.0013648474750595659	4.886921905584123e-05	-0.001281071670963838	1.0838213	26.4902916	1.01160658	0.1252709418409192	0.00677955	0.00048
-0.0668	-0.0138	0.0252	-0.0009704030641088471	9.42477796076938e-05	-0.001282817000215832	1.04299724	25.49248695	0.98681658	0.03937841503772826	0.00672799	0.00046
-0.0658	-0.0252	0.0417	-0.001085594794740473	5.235987755982988e-06	-0.0012461650859239514	1.07871342	26.36544609	1.0131685	0.04094277183876087	0.00808835	0.00046
-0.0728	0.0254	0.0832	-0.00152367243699105	5.235987755982988e-06	-0.0013700834628155487	1.16134608	28.38511658	1.07430865	0.12719980095710867	0.00722641	0.00074
-0.0692	0.0437	0.0387	-0.0014556045961632708	-0.00012042771838760874	-0.0013124875974997359	1.3775022	33.66831207	1.13597616	0.07896637061435918	0.00996107	0.00105
-0.0668	0.0269	0.0086	-0.0009512044423369096	-8.901179185171081e-05	-0.0012636183784438947	1.17082322	28.61675453	0.98698965	0.078534264970905	0.00952786	0.00076
-0.0648	-0.0223	0.0079	-0.0008255407361933179	1.2217304763960308e-05	-0.0012863076587198209	1.18802166	29.03710938	1.04845501	0.06437910415175946	0.00698495	0.00041
-0.0644	0.0399	0.0728	-0.0013386675362796509	5.235987755982988e-06	-0.0013055062804917586	1.116786	27.29599953	1.031265	0.1544653369433124	0.00695467	0.0005
-0.0651	0.0742	0.0683	-0.0016179202165987434	-6.108652381980153e-05	-0.0013002702927357754	1.22190249	29.86520958	1.0634785	0.05704055898254303	0.00913531	0.00095
-0.067	0.0139	0.0447	-0.001155407964820246	-6.108652381980153e-05	-0.001244419756671957	1.21646893	29.73240662	1.08784285	0.1117181393921158	0.00763792	0.00038
-0.0671	-0.0481	0.0652	-0.0011606439525762293	-1.7453292519943294e-06	-0.001322959573011702	1.20079648	29.34934616	1.01149748	0.08975584993317677	0.00736493	0.00034
-0.0679	0.0172	0.0549	-0.0010576695267085637	0.000158824961931484	-0.0012897983172238095	1.13888288	27.83608055	1.00800501	0.0912352986419518	0.00678539	0.00037
-0.0687	0.0664	0.1012	-0.0015655603390389136	4.18879020478639e-05	-0.0013072516097437528	1.10374177	26.97717857	1.00839897	0.12841405823669566	0.00721377	0.0006
-0.0677	0.049	0.0639	-0.0017243853009703976	-5.061454830783555e-05	-0.001291543646475804	1.19920266	29.31039238	1.00019781	0.06905176877775662	0.00773114	0.0007
-0.0705	-0.0446	0.0233	-0.0011850785621041497	0.00015707963267948963	-0.0013020156219877698	1.16404259	28.4510231	1.0380882	0.17487364476827696	0.00752717	0.00043
-0.0672	-0.0482	0.0297	-0.0008918632477691023	2.6179938779914945e-05	-0.0013369222070276565	1.15047216	28.1193409	1.02902459	0.036251079663725434	0.00896543	0.00091
-0.0652	-0.0372	0.0703	-0.0011362093430483087	5.235987755982988e-06	-0.001256637061435917	1.15677369	28.27336121	1.06739348	0.07087875959474389	0.00799358	0.00086
-0.0671	0.0355	0.0866	-0.0015446163880149814	-3.141592653589793e-05	-0.001254891732183923	1.09167182	26.68216896	1.02929944	0.11324021442552736	0.008362	0.00098
-0.0656	0.0398	0.0287	-0.0012514010736799342	0.00012042771838760874	-0.0012374384396639797	1.09716535	26.81643867	1.03239664	0.08682561258892486	0.007994	0.00097
-0.0649	-0.0585	0.0244	-0.0009546951008408983	9.773843811168246e-05	-0.001218239817892042	1.10726321	27.06324768	1.04790371	0.120229693744345	0.00863945	0.00114
-0.0625	-0.0082	0.021	-0.0008342673824532895	0.0001291543646475804	-0.0011833332328521555	1.34709597	32.92513657	1.02611697	0.06543751149816966	0.0102291	0.00148
-0.0715	0.0177	0.0713	-0.0012863076587198209	-4.0142572795869576e-05	-0.001377064779823526	1.31365216	32.10771561	1.04809828	0.1259534380340676	0.00841624	0.00097
-0.0674	0.0653	0.0401	-0.001450368608407288	-0.000153588974175501	-0.001361356816555577	1.15800607	28.30348206	1.04156652	0.09756076571675237	0.00852448	0.0011
-0.0588	-0.0268	-0.0142	-0.000783652834145454	-2.792526803190927e-05	-0.0011850785621041497	1.34622335	32.90380859	1.0877682	0.20343288674284268	0.00920087	0.0013
-0.0544	0.0032	0.0012	-0.000783652834145454	-3.665191429188092e-05	-0.0011484266478122688	1.32667053	32.42590714	1.03559087	0.05206892802759262	0.00891322	0.0008
-0.0635	-0.0201	0.0761	-0.0013578661580515882	-3.316125578789226e-05	-0.0012950343049797925	1.29291964	31.60098267	1.18246032	0.1435155819788823	0.00833696	0.00107
-0.0715	0.0434	0.0827	-0.001726130630222392	-2.792526803190927e-05	-0.001291543646475804	1.12421036	27.47746086	1.02467731	0.09694955592153875	0.00720775	0.00067
-0.0677	0.0066	0.0314	-0.001228711793404008	0.00016231562043547262	-0.0012618730491919003	1.23689008	30.23153114	1.02827738	0.12776651612848347	0.00820524	0.00073
-0.0655	-0.0333	0.0501	-0.0011362093430483087	2.96705972839036e-05	-0.0012042771838760874	1.22041464	29.82884598	1.01744302	0.07493716694115407	0.00758332	0.00048
-0.0739	0.0136	0.0777	-0.00124965574442794	-2.268928027592628e-05	-0.001509709802975095	1.1936115	29.17373466	1.03147204	0.10646194490192344	0.00704008	0.00053
-0.0696	0.0017	0.1	-0.002087413785385218	-0.000317649923862968	-0.0014486232791552935	1.10016179	26.88967705	1.01167373	0.09819026041820605	0.00723535	0.00054
-0.064	-0.012	0.0109	-0.0013543754995475996	-9.250245035569947e-05	-0.0012758356832078548	1.18018281	28.8455162	1.07115331	0.1649486677646163	0.0073567	0.00071
-0.0615	-0.0471	0.0265	-0.0009843656981248017	-0.00013962634015954637	-0.0011990411961201044	1.10301673	26.9594574	0.98991259	0.07789640891571978	0.00721574	0.00048
-0.0646	0.001	0.0451	-0.0010960667702524388	-2.6179938779914945e-05	-0.0012758356832078548	1.20766664	29.51726532	1.02738667	0.08489709802975094	0.00757128	0.00061
-0.0731	-0.0304	0.0866	-0.0016179202165987434	-0.00010297442586766544	-0.0014014993893514465	1.18231118	28.89753723	1.04203576	0.11761558197888232	0.00711834	0.00033
-0.0645	0.024	0.0308	-0.0011850785621041497	-4.0142572795869576e-05	-0.001298524963483781	1.1053611	27.01675606	1.01715179	0.14873239667170277	0.0066641	0.00034
-0.0514	-0.0036	0.0237	-0.0006946410422937432	-0.00013962634015954637	-0.0010995574287564276	1.05514586	25.78941727	0.98258759	0.08724444109507182	0.00697821	0.0004
-0.0544	0.0197	0.0534	-0.0009197885158010115	-0.00020420352248333657	-0.0012636183784438947	1.26126349	30.82725525	1.01500449	0.07868928027592627	0.00782967	0.00083
-0.059	0.0082	0.1024	-0.0015027284859671175	-0.0004258603374866164	-0.0013439035240356337	1.31167197	32.05931854	1.10281522	0.10934409653805623	0.00963175	0.00114
-0.0615	0.0384	0.0342	-0.0012322024519079964	-0.00023387411976724014	-0.0013683381335635543	1.2461096	30.45687103	1.15910943	0.12524734306532093	0.00760084	0.00058
-0.0613	-0.0441	0.0154	-0.0009145525280450286	-0.0002565634000431664	-0.0013055062804917586	1.10721183	27.06199074	1.02643257	0.12165855286053448	0.00755924	0.0005
-0.0582	-0.0212	0.0299	-0.0009634217471008699	-0.000158824961931484	-0.0012217304763960308	1.07616615	26.30318642	0.99219401	0.052019173063162574	0.00719112	0.00048
-0.0625	0.0364	0.0827	-0.001324704902263696	-0.0002443460952792061	-0.0012531464029319286	1.21262097	29.63835526	1.03351312	0.13861101075232227	0.00788683	0.00044
-0.0669	0.0267	0.0498	-0.0013631021458075715	-0.00024085543677521747	-0.0013753194505715315	1.18299949	28.91436195	1.02990392	0.05520304748437336	0.00830024	0.00087
-0.0635	-0.0184	0.0186	-0.0009023352232810684	-0.00022340214425527416	-0.0013264502315156904	1.14995527	28.10670853	1.01817506	0.10605447170511438	0.00699878	0.00041
-0.0658	-0.0111	0.0349	-0.0007173303225696694	-0.00011693705988362007	-0.001244419756671957	1.08531058	26.52669144	0.99124587	0.04457502299633932	0.00676513	0.00044
-0.0702	0.0594	0.0692	-0.0011850785621041497	-0.0001256637061435917	-0.0013404128655316449	1.1185652	27.33948517	1.03845579	0.137823399732707	0.00732207	0.00046
-0.0685	0.1128	0.0452	-0.0013159782560037243	-0.0003473205211468716	-0.0013700834628155487	1.39673805	34.13846588	1.08085379	0.09821135530933792	0.00932586	0.00111
-0.0656	-0.0078	0.0251	-0.0008656833089891874	-0.00024260076602721178	-0.0013578661580515882	1.30355918	31.86102867	1.08360569	0.17196160034490787	0.00715303	0.0006
-0.0599	-0.0378	0.0343	-0.0008290313946973065	-0.00018151424220741024	-0.0013020156219877698	1.13654947	27.77904892	1.00037587	0.05257944870877504	0.007429	0.00057
-0.0607	-0.0087	0.061	-0.0009930923443847736	-0.0002478367537831948	-0.0013334315485236678	1.19965971	29.32156372	1.063564	0.06968996938995747	0.00867856	0.00066
-0.0621	0.0685	0.0979	-0.0015917402778188286	-0.00038571776469074686	-0.0013857914260834976	1.23253059	30.12497711	1.04464379	0.15494444109507188	0.00910681	0.00083
-0.0606	-0.0163	0.0649	-0.001282817000215832	-0.0003682644721708035	-0.0014014993893514465	1.21210039	29.62563133	1.06239491	0.13640422666954446	0.00793254	0.00051
-0.062	-0.0456	0.054	-0.0009512044423369096	-0.00026878070480712676	-0.001387536755335492	1.09124148	26.67165184	1.00484718	0.06385294796292769	0.00802737	0.00076
-0.0612	0.0827	0.0463	-0.0008360127117052838	-0.00020594885173533088	-0.0013526301702956054	1.12352121	27.46061897	1.05359666	0.1474465084371654	0.00825262	0.00054
-0.0633	0.0408	0.0927	-0.0011938052083641214	-0.00030368728984701333	-0.001356120828799594	1.21804667	29.77096748	1.02328841	0.11335107966372542	0.00847197	0.00066
-0.0658	0.0088	0.0821	-0.0015184364492350666	-0.000322885911618951	-0.0014748032179352085	1.18061686	28.85612488	1.01938608	0.06822561258892487	0.00845772	0.00078
-0.0676	0.0613	0.0365	-0.0011013027580084218	-0.0001884955592153876	-0.0014556045961632708	1.15769267	28.29582214	1.04309466	0.1284361332701073	0.00780058	0.00061
-0.0664	0.0044	0.0441	-0.0009459684545809266	-0.0001937315469713706	-0.0014049900478554352	1.08911467	26.61966896	1.0137127	0.07625924197456568	0.00665969	0.00043
-0.0644	0.0068	0.0665	-0.0010995574287564276	-0.0002199114857512855	-0.001329940890019679	1.1683892	28.55726242	1.0826752	0.03954090353955862	0.00884771	0.00063
-0.0654	0.0033	0.0895	-0.0015550883635269475	-0.00032463124087094524	-0.0013665928043115599	1.3878026	33.92007065	1.13632357	0.05734513020910302	0.00797534	0.00086
-0.0647	0.0204	0.0457	-0.001335176877775662	-0.00022340214425527416	-0.0014416419621473165	1.21976149	29.81288147	1.01932352	0.08140948701013564	0.00711662	0.00057
-0.0654	0.015	0.0305	-0.0009616764178488756	-0.00016929693744344995	-0.0013805554383275148	1.09751737	26.82504272	0.99143891	0.04573460952792062	0.00688505	0.00033
-0.0655	-0.0196	0.0534	-0.0010035643198967395	-0.00010471975511965978	-0.0013491395117916165	1.09245086	26.70121002	1.00580299	0.06449405054537762	0.00772595	0.00048
-0.0631	0.0331	0.0973	-0.0013543754995475996	-0.0002600540585471551	-0.0014049900478554352	1.23696339	30.23332405	1.02039169	0.12709980095710868	0.00823843	0.00066
-0.0652	0.037	0.0928	-0.001673770752662562	-0.0003438298626428829	-0.0014224433403753785	1.24713635	30.48196602	1.08297677	0.03153121748653168	0.00879425	0.00087
-0.0631	0.0024	0.046	-0.0011711159280881952	-0.00020420352248333657	-0.0013491395117916165	1.13234961	27.67639923	1.02200616	0.11927924966588374	0.00730062	0.00058
-0.0666	-0.0343	0.0426	-0.0009285151620609833	-1.0471975511965975e-05	-0.0013281955607676848	1.06789124	26.10093498	0.99449584	0.06646381320112571	0.00739539	0.00046
-0.0695	0.008	0.0851	-0.0012095131716320703	-2.792526803190927e-05	-0.0013526301702956054	1.08116281	26.42531395	1.01065418	0.10384429558094754	0.00856644	0.00063
-0.0703	0.0351	0.0975	-0.0015899949485668342	-0.00024085543677521747	-0.001387536755335492	1.2254802	29.95265579	1.01329023	0.07171592653589794	0.00771821	0.00064
-0.0679	-0.0224	0.0471	-0.0011135200627723821	-0.00016231562043547262	-0.001382300767579509	1.19902325	29.30600739	1.04419326	0.138312534494509	0.00772256	0.00061
-0.0642	-0.0105	0.0347	-0.0008639379797371932	-0.0002024581932313422	-0.0013648474750595659	1.16277277	28.41998863	1.0015828	0.043358897417550085	0.00732315	0.00041
-0.0622	-0.0009	0.0497	-0.0008936085770210966	-0.00019547687622336493	-0.0013404128655316449	1.09415078	26.7427578	1.0076698	0.029654326190990083	0.00738859	0.00051
-0.0619	-0.0099	0.0846	-0.0015428710587629874	-0.0002303834612632515	-0.0013369222070276565	1.1023953	26.94426727	1.00495107	0.0785829862642883	0.00724596	0.00068
-0.0694	0.0229	0.054	-0.001446877949903299	-6.45771823237902e-05	-0.001377064779823526	1.23730803	30.241745	1.0082188	0.08599709802975096	0.00837624	0.00063
-0.068	-0.0163	0.0395	-0.0009686577348568529	-5.061454830783555e-05	-0.001356120828799594	1.19502962	29.20839691	1.03980732	0.08075634000431664	0.00842851	0.00054
-0.0678	-0.0153	0.044	-0.0007504915783575615	-9.773843811168246e-05	-0.0014154620233674013	1.23131871	30.09535789	1.11979608	0.02193156204354728	0.00862318	0.0006
-0.0694	0.0282	0.0515	-0.0008063421144213803	-9.599310885968811e-05	-0.001424188669627373	1.09178841	26.68502045	1.00587468	0.05591612557878924	0.00774032	0.00053
-0.0691	-0.0188	0.0887	-0.0012252211349000194	-0.00022863813201125715	-0.0013281955607676848	1.31462669	32.13153458	1.03683399	0.11687585762449484	0.00818408	0.00086
-0.0656	0.0211	0.0669	-0.0014660765716752368	-0.00039793506945470715	-0.0013491395117916165	1.32575274	32.4034729	1.13243077	0.08675481626212996	0.00859886	0.00056
-0.0663	0.0324	0.0295	-0.0009843656981248017	-0.00010821041362364843	-0.0013526301702956054	1.28984869	31.52592278	1.17105874	0.08814630939427413	0.00835431	0.00067
-0.0668	-0.008	0.0527	-0.0009599310885968812	-0.00016406094968746698	-0.0013264502315156904	1.18996513	29.08461189	1.1047873	0.0694232542185827	0.00739837	0.0005
-0.0697	0.0634	0.0924	-0.0011990411961201044	-0.0001832595714594046	-0.0013857914260834976	1.08363426	26.48571968	1.00757094	0.1298824961931484	0.0088228	0.00077
-0.0691	0.0796	0.0919	-0.0015917402778188286	-0.0002740166925631097	-0.0013386675362796509	1.26097596	30.82022667	1.00953646	0.043829004630313806	0.00883603	0.00063
-0.0682	0.0098	0.0522	-0.0012007865253720988	-0.00010471975511965978	-0.0012932889757277981	1.16310799	28.4281826	1.02068706	0.1406814625221016	0.00814599	0.00044
-0.0678	-0.0252	0.0476	-0.0009302604913129776	-0.00017453292519943296	-0.0013665928043115599	1.12517917	27.50114059	0.98178219	0.0606821516361328	0.00817358	0.0004
-0.0668	0.0292	0.0584	-0.0009843656981248017	-0.00017278759594743863	-0.0013578661580515882	1.32716477	32.43798447	1.2738994	0.06942885911618951	0.0104423	0.00107
-0.0615	0.0642	0.0781	-0.0015707963267948967	-0.000307177948351002	-0.0013212142437597075	1.19560802	29.22253227	1.13462382	0.09787364476827692	0.00762594	0.00064
-0.0563	0.0394	0.0033	-0.0012618730491919003	-0.0001658062789394613	-0.0011955505376161158	1.22640145	29.97517395	1.06072886	0.13359793265790643	0.00844985	0.0007
-0.0413	-0.0352	-0.0443	-0.0006632251157578452	-0.00029496064358704166	-0.0009878563566287904	1.1579572	28.30228806	1.08245044	0.183974823953448	0.0090344	0.00131
-0.0385	-0.0094	-0.0504	-0.000705113017805709	-0.00039793506945470715	-0.0009896016858807848	1.10078549	26.90492249	1.0121834	0.04203038285837618	0.00899607	0.00117
-0.0395	0.0339	-0.0095	-0.0011239920382843482	-0.0005044001538263612	-0.000926769832808989	1.10858965	27.09566689	1.03476835	0.11460879789610444	0.00839216	0.00088
-0.039	0.0078	-0.0407	-0.0009442231253289323	-0.0004485496177625427	-0.0009546951008408983	1.09868765	26.85364723	1.01888376	0.07097723585255716	0.00835997	0.00125
-0.0367	-0.0121	-0.0411	-0.00047123889803846896	-0.00038397243543875244	-0.0009023352232810684	1.14275277	27.93066788	1.05568921	0.05209606435870417	0.0105422	0.00114
-0.039	-0.0122	-0.0077	-0.0005410520681182421	-0.00035604716740684323	-0.0009372418083209549	1.1254636	27.50809288	1.03730377	0.04243225115757844	0.0075624	0.00043
-0.0449	0.0065	0.056	-0.0011065387457644049	-0.00042236967898262774	-0.0009826203688728075	1.13760793	27.8049202	1.04540174	0.12215938748869	0.00711173	0.00041
-0.0505	0.0065	0.0293	-0.001165879940332212	-0.0004188790204786391	-0.0010559241974565693	1.26619077	30.94768524	1.05530854	0.039106784082777866	0.00788486	0.00071
-0.057	-0.0337	0.0298	-0.000905825881785057	-0.00028623399732707005	-0.0011850785621041497	1.1495738	28.09738541	0.99507606	0.07329267231731523	0.00811851	0.00063
-0.0592	-0.0324	0.0349	-0.0008098327729253688	-0.00034906585039886593	-0.001291543646475804	1.14817393	28.06316948	1.01486305	0.02186450231515692	0.00994331	0.00087
-0.0647	0.0033	0.0567	-0.0010681415022205296	-0.0003525565089028545	-0.0013404128655316449	1.13865423	27.83049393	1.04767688	0.07853343034274948	0.00728863	0.00047
-0.0717	0.0544	0.0585	-0.0015114551322270892	-0.0003385938748868999	-0.0013945180723434693	1.16058755	28.36657906	1.09014085	0.08546907354171694	0.00805116	0.00061
-0.0682	-0.0123	-0.0111	-0.0009651670763528643	-0.0002897246558310587	-0.001308996938995747	1.13933766	27.84719658	1.07372355	0.17383392041388943	0.00781071	0.00061
-0.0625	0.003	-0.0024	-0.0007976154681614085	-0.0003316125578789226	-0.00124965574442794	1.05187237	25.70940781	0.97662079	0.04313903524035633	0.00756675	0.0007
-0.0665	0.0091	0.0082	-0.0008587019919812101	-0.0002670353755551324	-0.0012723450247038664	1.15676439	28.27313232	0.9988913	0.02811764932097591	0.0077002	0.00064
-0.0684	-0.0211	0.0481	-0.0012863076587198209	-0.0003944444109507184	-0.0012793263417118436	1.21969938	29.81136322	1.03281007	0.1000998009571087	0.00792718	0.00071
-0.063	0.0394	-0.0168	-0.0010192722831646884	-0.00022165681500327985	-0.0012514010736799342	1.188465	29.04794502	1.08839034	0.154187411976724	0.00864786	0.00118
-0.0594	-0.0837	-0.0055	-0.0007243116395776468	-0.00019547687622336493	-0.0011780972450961724	1.15984786	28.3484993	1.07749496	0.1577222205475359	0.00779623	0.0007
-0.062	-0.0247	0.0194	-0.0007958701389094143	-0.0001884955592153876	-0.0012164944886400475	1.20743763	29.51166725	1.02236867	0.092346852994181	0.00760955	0.00086
-0.0615	0.0046	0.0459	-0.0014224433403753785	-0.0003159045946109737	-0.001335176877775662	1.21844804	29.78077888	1.01254434	0.09993323129985825	0.007388	0.00063
-0.0605	0.0031	0.0167	-0.0008831366015091308	-0.0002478367537831948	-0.0012077678423800758	1.10678315	27.05151367	0.99222782	0.06843918075448065	0.00721812	0.00058
-0.0549	-0.0163	0.0052	-0.0005183627878423159	-0.00024085543677521747	-0.0012531464029319286	1.06990278	26.1500988	1.00225824	0.05735668456133224	0.0079037	0.00068
-0.0563	-0.008	0.0154	-0.000598647933434055	-0.00031415926535897925	-0.0013002702927357754	1.03727436	25.35260963	0.97918463	0.029935643198967386	0.00773638	0.0006
-0.062	0.0226	0.0652	-0.0011676252695842063	-0.0004206243497306334	-0.0013439035240356337	1.08472979	26.51249504	1.01003486	0.12205378259108318	0.00719297	0.00073
-0.064	0.0263	0.0236	-0.0011135200627723821	-0.00037350045992678646	-0.0013456488532876281	1.0897181	26.63441849	0.98744368	0.05244872129338328	0.00758213	0.00053
-0.0642	-0.0238	0.0003	-0.0006056292504420323	-0.00024260076602721178	-0.0013194689145077131	1.0565114	25.82279396	0.99634081	0.10684852225049196	0.00825429	0.00046
-0.0654	0.0061	0.0019	-0.000582939970166106	-0.0002617993877991494	-0.0013526301702956054	1.13216794	27.67195702	1.01461766	0.036452457891787825	0.00767684	0.00046
-0.0681	-0.0197	0.0555	-0.0011117747335203881	-0.0003944444109507184	-0.0014067353771074296	1.1688869	28.56942558	1.02857936	0.11787924966588376	0.00738031	0.00048
-0.0607	0.026	0.0084	-0.001155407964820246	-0.0003612831551628262	-0.0012426744274199627	1.12040174	27.38437462	1.03797412	0.11224277183876084	0.00735343	0.00056
-0.0614	-0.0151	-0.0131	-0.000661479786505851	-0.0002373647782712288	-0.001244419756671957	1.07836521	26.3569355	1.01401657	0.09427959422289933	0.00703812	0.00053
-0.0595	-0.0239	-0.0152	-0.0006806784082777885	-0.00017453292519943296	-0.0012112585008840647	1.08331442	26.47790146	0.96986014	0.01855958653158129	0.0076465	0.0005
-0.0599	-0.0114	0.0254	-0.0010733774899765126	-0.00034208453339088857	-0.0012845623294678264	1.20797598	29.52482605	1.01988386	0.08517772592369707	0.00733936	0.00047
-0.0633	-0.0357	-0.0067	-0.0010506882097005862	-0.0003665191429188092	-0.001356120828799594	1.20329154	29.41032982	1.02902702	0.06573411945678072	0.0083037	0.00063
-0.0586	-0.0099	-0.0434	-0.00039968039870670147	-0.00038048177693476387	-0.001296779634231787	1.18475676	28.95730972	1.10526045	0.10341558197888234	0.00909591	0.00091
-0.0565	-0.0687	-0.0042	-0.0005480333851262194	-0.000486946861306418	-0.00124965574442794	1.21605468	29.7222805	1.14972884	0.11519709802975094	0.00886232	0.00095
-0.0591	0.0029	0.0099	-0.0007347836150896127	-0.0003385938748868999	-0.00124965574442794	1.23100924	30.08779335	1.07578453	0.10505516081914557	0.00792158	0.00076
-0.0597	0.0282	0.0515	-0.0013072516097437528	-0.0005218534463463045	-0.001350884841043611	1.17907214	28.81836891	1.02161781	0.11034783313646077	0.00774801	0.00038
-0.0586	0.0205	0.0076	-0.0011519173063162574	-0.00048345620280242926	-0.001296779634231787	1.178424	28.80252838	1.07257067	0.06509183768915973	0.00936455	0.0009
-0.0537	-0.0078	-0.0006	-0.0006440264939859076	-0.0004572762640225143	-0.0012531464029319286	1.10262048	26.94977188	1.02901804	0.07028519912050615	0.00742722	0.00067
-0.0586	-0.0256	0.0071	-0.000619591884457987	-0.00034208453339088857	-0.0012758356832078548	1.06459236	26.02030563	0.98997917	0.03851578102177363	0.00756311	0.00068
-0.0605	0.0004	0.0585	-0.0011711159280881952	-0.0004537856055185257	-0.0013281955607676848	1.07693362	26.32194519	1.016938	0.11507924966588376	0.00720608	0.00043
-0.0579	0.0404	0.0397	-0.001499237827463129	-0.00035604716740684323	-0.0012130038301360591	1.10589075	27.02970314	1.00582241	0.08845260340591211	0.0074864	0.00058
-0.0562	-0.008	-0.0116	-0.0007243116395776468	-0.0002705260340591211	-0.0012042771838760874	1.18069148	28.85795021	1.05480023	0.1448586983746588	0.00880897	0.00087
-0.0534	0.0085	0.0017	-0.0006265732014659643	-0.0004433136300065597	-0.0011798425743481666	1.14856517	28.07273102	1.01521909	0.04734803217935209	0.00774622	0.00043
-0.0563	0.005	0.0278	-0.0009180431865490173	-0.00040840704496667313	-0.0012339477811599909	1.13902903	27.83965302	1.00896589	0.05152408884673818	0.00812221	0.00056
-0.0617	0.0308	0.075	-0.0014224433403753785	-0.0005515240436302081	-0.001329940890019679	1.15839338	28.31294823	1.05908184	0.11557551306747922	0.0076741	0.0004
-0.0604	-0.0583	0.0298	-0.0009861110273767962	-0.0004747295565424576	-0.0013124875974997359	1.09381592	26.73457527	1.02427264	0.16212900463031382	0.00689763	0.00047
-0.0572	-0.0502	0.0221	-0.0007278022980816354	-0.00045553093477052	-0.0012077678423800758	1.08650041	26.55577278	1.02659587	0.03811135530933792	0.00907356	0.00077
-0.0551	0.0281	0.0262	-0.000710349005561692	-0.0004328416544945937	-0.001223475805648025	1.13117719	27.64774132	1.05898703	0.08729252680319091	0.00715005	0.00048
-0.0609	0.0306	0.0753	-0.001270599695451872	-0.0004921828490624009	-0.0013212142437597075	1.20640695	29.4864769	1.01992542	0.09326651612848348	0.00793654	0.0007
-0.0588	-0.024	0.0459	-0.0013648474750595659	-0.0005497787143782138	-0.0013002702927357754	1.14042985	27.87389183	1.00790696	0.09473937979737197	0.00817734	0.00067
-0.0576	-0.0145	0.0203	-0.0009023352232810684	-0.0003630284844148205	-0.0012897983172238095	1.10931206	27.11332512	0.99538597	0.06928672286269284	0.007074	0.00051
-0.0553	-0.0058	0.02	-0.0006806784082777885	-0.00039269908169872416	-0.0012217304763960308	1.08592081	26.5416069	0.98484396	0.02726976265574811	0.00720602	0.00047
-0.0555	-0.0229	0.0641	-0.0010402162341886204	-0.0005078908123303499	-0.0012793263417118436	1.13280427	27.68750954	1.05822241	0.08801627109291353	0.00949085	0.00077
-0.0592	0.0011	0.0458	-0.0014782938764391971	-0.0004572762640225143	-0.0013159782560037243	1.07116508	26.18095398	0.9961503	0.07226720524251466	0.0105965	0.00081
-0.0567	0.024	-0.0138	-0.0009704030641088471	-0.0003717551306747922	-0.001281071670963838	1.16571939	28.49200821	1.08918082	0.11641592653589793	0.00776154	0.00054
-0.0558	-0.0486	0.0035	-0.0006440264939859076	-0.00034906585039886593	-0.001228711793404008	1.0862664	26.55005264	1.01637771	0.11087128639793478	0.00801092	0.00054
-0.0582	-0.0563	0.0223	-0.0006544984694978735	-0.00038048177693476387	-0.0012130038301360591	1.22451961	29.92917633	1.09208713	0.03177979326579064	0.00915164	0.00073
-0.0644	-0.0116	0.0646	-0.001165879940332212	-0.0004206243497306334	-0.0013910274138394805	1.17810345	28.79469299	1.04784924	0.12967738136668147	0.00753236	0.00034
-0.0636	0.011	0.0279	-0.0013316862192716734	-0.00042935099599060504	-0.0014154620233674013	1.13188779	27.66510963	1.04588437	0.0700483767363677	0.00748062	0.00061
-0.0662	0.0216	0.008	-0.0007853981633974483	-0.00033684854563490564	-0.0013596114873035826	1.07922852	26.3780365	1.01408589	0.06783205211468714	0.00663859	0.00043
-0.0684	-0.0603	0.037	-0.0008761552845011534	-0.00032463124087094524	-0.0013665928043115599	1.12779653	27.56511307	1.04826318	0.11859778714378212	0.0083946	0.0009
-0.068	-0.0099	0.0726	-0.00124965574442794	-0.0003961897402027128	-0.0014119713648634124	1.11661422	27.29180145	1.00703993	0.11092187599052032	0.00784773	0.00054
-0.0696	0.0075	0.0496	-0.0013927727430914749	-0.000460766922526503	-0.0013910274138394805	1.29998958	31.77378082	1.09782015	0.05343190660056284	0.00905377	0.00064
-0.0648	-0.0188	0.0276	-0.0009948376736367678	-0.00030194196059501896	-0.0013404128655316449	1.23410559	30.16347504	1.08726992	0.08346872898470131	0.00785452	0.00074
-0.0655	0.0031	0.0529	-0.0009756390518648303	-0.0002303834612632515	-0.001256637061435917	1.14043379	27.87398911	1.03054927	0.05662664625997166	0.00800705	0.00051
-0.0668	-0.0247	0.0851	-0.0012950343049797925	-0.00029845130209103034	-0.0012880529879718153	1.12596619	27.52037811	1.0521186	0.08224395102393195	0.007137	0.00054
-0.0664	0.0376	0.0604	-0.001520181778487061	-0.0003473205211468716	-0.0013596114873035826	1.09501994	26.76400185	1.00293398	0.10467875959474383	0.00681448	0.00056
-0.0649	0.0047	0.0115	-0.001186823891356144	-0.0003647738136668148	-0.0013037609512397642	1.16731966	28.53112221	1.0039736	0.10363308578573392	0.00757658	0.00068
-0.0642	-0.0664	0.0199	-0.0008761552845011534	-0.00032812189937493397	-0.0012950343049797925	1.14122868	27.89341545	1.02092991	0.09800235837034216	0.0081051	0.00091
-0.065	-0.0355	0.0444	-0.0009285151620609833	-0.00039968039870670147	-0.0013665928043115599	1.13374162	27.71042061	0.99759067	0.06597384381116825	0.00723845	0.00057
-0.0674	-0.0279	0.0777	-0.0014049900478554352	-0.000445058959258554	-0.0014224433403753785	1.14387035	27.95798302	1.02992634	0.07218519912050614	0.00764745	0.00058
-0.071	0.0148	0.0368	-0.0013526301702956054	-0.000322885911618951	-0.0014172073526193955	1.08198261	26.44534874	1.00711271	0.09618844564777075	0.00691885	0.00053
-0.0723	-0.0185	0.0127	-0.0009791297103688187	-0.00022863813201125715	-0.0013910274138394805	1.07551455	26.28726006	1.00373466	0.08339640891571977	0.00684506	0.00024
-0.0717	0.0086	0.0282	-0.0008621926504851988	-0.00012042771838760874	-0.0013596114873035826	1.07972372	26.39013863	0.99818784	0.0560281700021583	0.00733531	0.00053
-0.0731	-0.005	0.0694	-0.0012618730491919003	-0.0002844886680750757	-0.001408480706359424	1.2031225	29.4061985	1.0102882	0.08683052837250049	0.00806111	0.00044
-0.0743	0.0009	0.0615	-0.001621410875102732	-0.0003473205211468716	-0.0014276793281313615	1.17509663	28.72120285	1.02181449	0.03707841503772828	0.00731349	0.00037
-0.0698	-0.0111	0.0248	-0.001223475805648025	-0.00029845130209103034	-0.001462585913171248	1.094419	26.74931526	1.00784642	0.07728554367752173	0.00672358	0.00029
-0.0727	-0.0735	0.0322	-0.0008709192967451704	-0.0002443460952792061	-0.0014189526818713899	1.08770287	26.58516121	1.01244844	0.09521474735072685	0.00796711	0.00068
-0.0717	-0.0488	0.0471	-0.000932005820564972	-0.0002495820830351891	-0.001446877949903299	1.0924753	26.70180893	1.02960354	0.045312388980384685	0.00664717	0.00027
-0.0674	0.0053	0.0752	-0.001553343034274953	-0.0003438298626428829	-0.0014748032179352085	1.09377837	26.73365784	1.03040553	0.1236755130674792	0.00773817	0.00067
-0.0653	0.0554	0.0136	-0.001322959573011702	-0.0003473205211468716	-0.0014189526818713899	1.24045515	30.31866646	1.08502934	0.1282862327915529	0.00789976	0.00048
-0.0624	-0.0698	-0.0004	-0.0008063421144213803	-0.0002303834612632515	-0.0013456488532876281	1.16003692	28.3531208	1.09154868	0.17744291735288517	0.00788575	0.00056
-0.062	-0.0466	0.0361	-0.0008813912722571365	-0.00020594885173533088	-0.001322959573011702	1.1480968	28.06128311	1.00438871	0.06620865238198013	0.00758481	0.00054
-0.0674	-0.0081	0.0652	-0.0013473941825396225	-0.00040666171571467877	-0.0014154620233674013	1.13153303	27.65643883	0.99972715	0.11096091123087667	0.0070681	0.00036
-0.0624	-0.0292	0.0208	-0.0011030480872604163	-0.00034557519189487725	-0.0013857914260834976	1.06903601	26.12891579	0.99212601	0.08725516081914558	0.00732476	0.00066
-0.0626	-0.0426	0.0287	-0.000778416846389471	-0.000460766922526503	-0.0013334315485236678	1.08681524	26.56346703	1.01963609	0.04610914245312005	0.00737172	0.00064
-0.0634	-0.0307	0.0314	-0.000804596785169386	-0.00026878070480712676	-0.0013264502315156904	1.06672907	26.07252884	0.98494824	0.026657373675363423	0.00719154	0.0006
-0.0657	0.0111	0.0563	-0.0010716321607245184	-0.00028797932657906436	-0.0013648474750595659	1.20085621	29.35080719	1.00466236	0.08523156204354727	0.00833869	0.00068
-0.0675	0.0713	0.0463	-0.0013491395117916165	-0.0003316125578789226	-0.0013910274138394805	1.16932249	28.58007431	1.01774271	0.08936602605734355	0.00880355	0.00056
-0.0673	-0.0523	0.0176	-0.0010821041362364843	-0.0002548180707911721	-0.0013665928043115599	1.2879709	31.48002625	1.21850303	0.1709132236085402	0.0103309	0.00103
-0.0658	0.0252	0.0131	-0.0007714355293814937	-0.00022340214425527416	-0.0013788101090755204	1.23573148	30.20321274	1.15404266	0.10121509190774244	0.00721532	0.00026
-0.0649	0.0243	0.0317	-0.0010384709049366262	-0.0002495820830351891	-0.001377064779823526	1.06265056	25.97284317	0.98982813	0.03514803217935209	0.00664538	0.00036
-0.0617	0.0412	0.047	-0.0015498523757709647	-0.00042236967898262774	-0.0013805554383275148	1.07121074	26.18206978	1.01453511	0.06978298626428829	0.00767899	0.0005
-0.0586	0.0363	0.0063	-0.0013491395117916165	-0.00034906585039886593	-0.0013491395117916165	1.02608168	25.07904434	0.97443721	0.06397163095495041	0.00751883	0.00057
-0.0616	-0.0454	0.0084	-0.0008656833089891874	-0.0002652900463031381	-0.001298524963483781	1.07034135	26.1608181	1.01418775	0.11769232776029961	0.007052	0.0006
-0.0525	0.0161	0.0231	-0.0008866272600131194	-0.0003438298626428829	-0.0011065387457644049	1.05292952	25.73524666	0.99218908	0.09987349925415263	0.00756103	0.00041
-0.0449	0.0511	0.0131	-0.0010367255756846318	-0.00034033920413889426	-0.0010088003076527223	1.16345108	28.4365654	0.99818676	0.06516637061435916	0.00817609	0.00067
-0.0395	0.0592	-0.009	-0.001377064779823526	-0.0003193952531149623	-0.0008691739674931761	1.20763588	29.51651382	1.01397072	0.060645474766118625	0.00924379	0.00097
-0.0324	-0.0255	-0.0255	-0.0008674286382411819	-0.0004380776422505767	-0.0007976154681614085	1.2190448	29.79536438	1.05623974	0.14329385150248627	0.00809687	0.00074
-0.039	-0.0007	-0.033	-0.0005602506898901797	-0.0003211405823669566	-0.0008883725892651138	1.10163498	26.92568588	1.00357163	0.06464360646691639	0.00827205	0.00081
-0.0331	0.0014	-0.0035	-0.0007888888219014368	-0.0003874630939427412	-0.0008464846872172499	1.06379914	26.00091743	0.99350197	0.054342427281745286	0.00778437	0.00058
-0.0413	0.0399	0.0424	-0.001265363707695889	-0.00034208453339088857	-0.0009145525280450286	1.17208159	28.64751053	1.0289998	0.12209606435870418	0.0091092	0.00154
-0.0403	-0.0014	0.0038	-0.001282817000215832	-0.00028274333882308137	-0.0008325220532012951	1.26530969	30.92615128	1.08736348	0.08884124809657419	0.00985509	0.00128
-0.0418	0.0364	-0.0184	-0.000853466004225227	-0.0002565634000431664	-0.0008988445647770796	1.17996824	28.8402729	1.06268426	0.08759267231731521	0.00839776	0.00077
-0.0418	0.0177	0.0002	-0.0008499753457212384	-0.00023212879051524583	-0.0008779006137531476	1.13738227	27.79940414	1.00915129	0.03974346095279205	0.00717616	0.00048
-0.0449	0.0268	0.0433	-0.0013002702927357754	-0.000322885911618951	-0.0010140362954087054	1.14055443	27.87693787	1.0503778	0.08915938748868998	0.00766736	0.00064
-0.0485	0.0026	0.0223	-0.001446877949903299	-0.0002600540585471551	-0.001059414855960558	1.10857451	27.09529686	1.04183631	0.0615409035395586	0.00720513	0.00077
-0.0478	-0.0359	0.0092	-0.0010419615634406148	-0.000312413936106985	-0.0010122909661567112	1.06449544	26.01793671	0.9925053	0.07752000769131805	0.00706446	0.00053
-0.0533	0.0102	0.0205	-0.0008080874436733745	-5.93411945678072e-05	-0.0010838494654884787	1.0897907	26.63619232	1.00322268	0.09082526803190928	0.00749028	0.00061
-0.0508	-0.0107	0.0592	-0.0010960667702524388	-0.0002443460952792061	-0.001043706892692609	1.15041614	28.11797333	0.9951231	0.08775634000431665	0.00761569	0.00048
-0.0517	0.0748	0.0407	-0.001541125729510993	-0.0003159045946109737	-0.0011117747335203881	1.20432734	29.43564796	1.04525802	0.13413426497090505	0.00880092	0.00074
-0.0491	0.0135	-0.0033	-0.0012688543661998775	-0.0003054326190990077	-0.0010314895879286487	1.22036171	29.8275528	1.14505127	0.12605142422074103	0.00904751	0.00091
-0.0483	-0.0079	0.0044	-0.000874409955249159	-0.00027576202181510406	-0.001064650843716541	1.16634738	28.50735855	1.09963659	0.05276381320112571	0.00774413	0.00056
-0.0471	-0.0289	0.0135	-0.000921533845053006	-0.0002740166925631097	-0.0009896016858807848	1.06398904	26.00555992	0.99363134	0.037495918844579874	0.0071218	0.00048
-0.0527	0.0513	0.0559	-0.001335176877775662	-0.00027750735106709843	-0.0011082840750163993	1.12401128	27.47259521	1.07111158	0.1549908040181129	0.00797123	0.00054
-0.0497	-0.0105	0.0307	-0.0014311699866353504	-0.00035430183815484887	-0.0010629055144645468	1.12482691	27.49253273	1.04528635	0.10090830782496456	0.00676662	0.00044
-0.0486	-0.0201	-0.0044	-0.000890117918517108	-0.00018500490071139895	-0.0010140362954087054	1.11517584	27.2566433	0.99839559	0.0837609112308767	0.00727171	0.00054
-0.0487	0.0586	-0.0203	-0.000582939970166106	-0.0001658062789394613	-0.00091106186954104	1.18957067	29.07497025	1.00809022	0.11616754979953024	0.00848484	0.00058
-0.0495	0.0057	0.0038	-0.0007487462491055673	-0.0002495820830351891	-0.0010611601852125523	1.23404479	30.1619873	1.01972046	0.09778401993533507	0.00800312	0.00067
-0.0524	0.003	0.0297	-0.001281071670963838	-0.00029845130209103034	-0.001048942880448592	1.10488093	27.00502205	0.99347229	0.06117059728390361	0.00737268	0.00061
-0.0511	0.0473	-0.0153	-0.0011676252695842063	-0.0002007128639793479	-0.0010576695267085637	1.09904206	26.86231041	1.00447601	0.10159557428756429	0.00814772	0.0007
-0.052	0.0085	-0.0288	-0.0007068583470577034	-0.00011519173063162575	-0.0010245082709206715	1.10673869	27.05042839	0.99563375	0.08217246558310586	0.00909674	0.00074
-0.0532	0.0246	-0.0182	-0.0007347836150896127	-0.00010471975511965978	-0.0010175269539126942	1.16356671	28.439394	1.00611412	0.030168928027592624	0.010753	0.00137
-0.0537	-0.0269	0.0337	-0.0013055062804917586	-0.00029845130209103034	-0.0011519173063162574	1.26023674	30.80216026	1.13272697	0.148842228238854	0.00731772	0.00046
-0.0554	0.0391	0.0055	-0.0011501719770642632	-0.0001256637061435917	-0.0010873401239924673	1.10771656	27.07432938	1.03340791	0.11553495408493622	0.00786066	0.00066
-0.0607	0.0261	-0.0345	-0.0006736970912698113	-0.00011170107212763708	-0.0010925761117484504	1.08123636	26.42711067	1.02589298	0.08308367537831948	0.00742525	0.00053
-0.0546	0.0557	-0.0333	-0.000705113017805709	-6.45771823237902e-05	-0.0010367255756846318	1.15479791	28.22507095	1.09901587	0.04361951762017816	0.00962043	0.00088
-0.0582	0.0259	0.0342	-0.0011746065865921838	-6.981317007977319e-05	-0.001064650843716541	1.13584828	27.76191139	1.06572997	0.12603274122871835	0.00728804	0.00038
-0.0591	0.0731	0.0189	-0.001335176877775662	-0.0002251474735072685	-0.0010611601852125523	1.26523256	30.92426491	1.04311284	0.07936976265574813	0.00898606	0.00091
-0.0554	0.0244	-0.0245	-0.0007993607974134029	-0.00015533430342749534	-0.0010297442586766543	1.15870583	28.32058525	1.03923688	0.12765225884889653	0.00887251	0.00073
-0.054	-0.0403	-0.008	-0.0007993607974134029	-0.00013439035240356338	-0.0010053096491487337	1.22599697	29.96528625	1.12448024	0.08486892802759262	0.00996852	0.0008
-0.0527	0.0928	0.0015	-0.0008621926504851988	-2.6179938779914945e-05	-0.0009197885158010115	1.23070252	30.08029747	1.13954295	0.15672817000215833	0.00836927	0.001
-0.0572	-0.016	0.0535	-0.0012897983172238095	-0.00016406094968746698	-0.0010786134777324957	1.18692398	29.01028061	1.12201676	0.20151558197888236	0.00685585	0.00038
-0.0606	-0.0057	0.0251	-0.0013788101090755204	-0.00015009831567151235	-0.0010821041362364843	1.05214536	25.71607971	0.98228099	0.0474232542185827	0.00639343	0.00036
-0.0556	-0.0314	0.0235	-0.00091106186954104	-0.0002705260340591211	-0.001059414855960558	1.11129439	27.16177559	1.00783838	0.06284326190990078	0.0077405	0.00054
-0.0481	-0.001	0.0362	-0.000705113017805709	-0.0004206243497306334	-0.0011187560505283654	1.17799783	28.79211235	1.01469024	0.07136941809873254	0.00794041	0.00057
-0.0554	0.0167	0.0597	-0.0012618730491919003	-0.0003316125578789226	-0.0011222467090323538	1.19978809	29.3246994	1.0081291	0.08096312408709452	0.00710368	0.00057
-0.0571	0.0188	0.0312	-0.0013404128655316449	-0.00029321531433504735	-0.001155407964820246	1.11266577	27.19529343	0.99863286	0.03980491578357562	0.00724471	0.00041
-0.0543	0.008	-0.0056	-0.0009407324668249436	-0.00018151424220741024	-0.0011117747335203881	1.08130789	26.4288578	0.98920123	0.07815073510670982	0.00769609	0.00061
-0.0548	-0.043	0.0064	-0.0008988445647770796	-0.00016929693744344995	-0.0010454522219446034	1.06895375	26.12690544	0.98398916	0.06952138591938047	0.00748616	0.00041
-0.0557	0.0116	0.0328	-0.0011397000015522971	-0.00017453292519943296	-0.0010943214410004448	1.20042431	29.34025002	1.01188667	0.09664803217935208	0.00836235	0.00064
-0.0565	-0.0081	0.047	-0.0015498523757709647	-0.00022863813201125715	-0.0011379546723003027	1.19595838	29.23109627	1.02329446	0.06009454061651747	0.00781834	0.0005
-0.0528	-0.0153	0.0021	-0.0012060225131280816	-0.00023387411976724014	-0.0011397000015522971	1.13176191	27.66203499	1.00159798	0.07334055898254302	0.00721258	0.00043
-0.0511	-0.0275	-0.0086	-0.0008482300164692441	-0.00017627825445142725	-0.0010245082709206715	1.07922184	26.37787247	0.99255458	0.05112900463031381	0.00769991	0.0005
-0.052	0.021	0.0139	-0.0010175269539126942	-0.000153588974175501	-0.001048942880448592	1.09612834	26.79109383	1.02504562	0.08272104136236481	0.00725234	0.00057
-0.057	0.0632	0.0408	-0.0014172073526193955	-0.00020769418098732522	-0.0010803588069844899	1.17853951	28.80535316	1.02909871	0.09836007660272118	0.0083608	0.00064
-0.054	-0.0056	-0.0217	-0.001043706892692609	-0.00012740903539558605	-0.0011205013797803594	1.22004426	29.81979179	1.0915453	0.15899640891571976	0.00983906	0.00061
-0.0525	-0.0529	-0.0215	-0.0006667157742618339	-0.0001064650843716541	-0.0010786134777324957	1.14127851	27.89463425	1.00836992	0.07099114857512855	0.00842255	0.00057
-0.0534	0.0463	-0.0201	-0.0006283185307179585	-0.0001361356816555577	-0.0010471975511965976	1.22283244	29.88794136	1.09728416	0.10647418836818386	0.00844818	0.00076
-0.0571	0.0371	0.0285	-0.001064650843716541	-0.00016406094968746698	-0.001090830782496456	1.14666224	28.02622032	1.07009943	0.08689454061651748	0.00689429	0.00064
-0.0579	0.0416	0.0348	-0.0013473941825396225	-0.00030194196059501896	-0.0011065387457644049	1.08582139	26.53917694	1.00569333	0.03341661564992912	0.00764942	0.00048
-0.0582	-0.0215	0.0047	-0.0009581857593448868	-0.0001361356816555577	-0.0010943214410004448	1.20258701	29.39311028	1.04767884	0.12186160034490784	0.0071525	0.00044
-0.0563	0.0053	-0.0025	-0.0007435102613495844	-0.00011170107212763708	-0.001043706892692609	1.19478393	29.20239067	1.03910921	0.05038623279155294	0.00872672	0.00044
-0.0576	0.0067	0.0443	-0.001129228026040331	-0.0001605702911834783	-0.001064650843716541	1.24141824	30.34220695	1.04612753	0.07227654673852599	0.00690967	0.00048
-0.0585	0.0774	0.0365	-0.0014154620233674013	-0.0003316125578789226	-0.0010943214410004448	1.0977428	26.83055305	1.01374263	0.10374734306532092	0.00749135	0.00058
-0.0574	-0.0118	0.0044	-0.0011711159280881952	-0.00019198621771937622	-0.0010925761117484504	1.10184824	26.93089676	1.04408471	0.14168588823453734	0.00768334	0.00064
-0.0558	-0.0231	-0.0114	-0.0008517206749732328	-0.00017278759594743863	-0.0010175269539126942	1.18347657	28.92602158	1.11749382	0.0493821516361328	0.00939149	0.00101
-0.059	0.0446	0.0054	-0.0007749261878854823	-0.0001256637061435917	-0.0010524335389525807	1.14434445	27.96957016	1.06280711	0.0956412480965742	0.00734782	0.00057
-0.0591	0.0375	0.0431	-0.001265363707695889	-0.00031415926535897925	-0.0010978120995044332	1.1856221	28.97846031	1.01806214	0.08111558197888234	0.00803584	0.00056
-0.0627	-0.0019	-0.002	-0.0012060225131280816	-0.00010821041362364843	-0.0010786134777324957	1.13938665	27.84839439	1.01987926	0.1023244334037538	0.00841767	0.00087
-0.0654	-0.0266	-0.0259	-0.0006056292504420323	4.0142572795869576e-05	-0.0010506882097005862	1.1143266	27.23588753	1.01700355	0.09013357585687384	0.00993162	0.00103
-0.0607	0.0164	-0.0082	-0.0006736970912698113	-2.792526803190927e-05	-0.001085594794740473	1.10038185	26.89505577	1.0165969	0.07395211333477222	0.00748491	0.00053
-0.0646	0.0382	0.0536	-0.0012269664641520136	-0.00015184364492350666	-0.0010716321607245184	1.15351689	28.19375992	1.07424433	0.12205751918948772	0.00744218	0.00053
-0.0621	0.0525	0.0193	-0.0012775810124598492	-0.00018500490071139895	-0.0010349802464326373	1.3385222	32.71557999	1.034425	0.05712138591938045	0.00801301	0.00084
-0.0584	-0.0037	-0.029	-0.0007993607974134029	-8.203047484373349e-05	-0.0010419615634406148	1.22788846	30.01151848	1.02234608	0.13760879789610447	0.00838917	0.0006
-0.0595	0.0413	-0.0255	-0.0006562437987498679	-9.773843811168246e-05	-0.0010960667702524388	1.2103653	29.58322334	1.07477442	0.060246508437165405	0.00851154	0.00084
-0.0644	0.0454	0.0398	-0.0010681415022205296	-0.00011344640137963142	-0.0010786134777324957	1.21701229	29.74568748	1.15486298	0.09655294796292768	0.00780308	0.00044
-0.065	0.0867	0.0325	-0.0014573499254152652	-0.00018500490071139895	-0.0012042771838760874	1.15151155	28.14474487	1.09114536	0.07852153143350474	0.00774938	0.00053
-0.0629	0.0429	-0.0228	-0.0009162978572970229	2.094395102393195e-05	-0.0010768681484805013	1.09961808	26.87638855	1.00361389	0.14492049776245797	0.00820899	0.00086
-0.0594	-0.006	-0.0214	-0.0007330382858376184	-0.0001186823891356144	-0.0010471975511965976	1.11791825	27.32367325	1.00114343	0.07142782544514273	0.00747132	0.00061
-0.0581	0.009	-0.0135	-0.0007714355293814937	-0.00015009831567151235	-0.0010506882097005862	1.14716995	28.03862953	0.97957224	0.027865191429188092	0.00810522	0.0004
-0.0658	0.0105	0.0385	-0.001165879940332212	-0.0002513274122871834	-0.0011780972450961724	1.19791162	29.2788353	1.07296587	0.09235412714809875	0.00864369	0.00056
-0.0663	0.0929	-0.0122	-0.0009808750396208131	-0.00012217304763960306	-0.001239183768915974	1.19056737	29.09933281	1.13285457	0.152362289458939	0.00822848	0.00086
-0.0651	-0.0045	-0.0283	-0.0005864306286700947	2.6179938779914945e-05	-0.0011746065865921838	1.0704838	26.16430092	1.01907941	0.14506872898470133	0.00762922	0.00051
-0.0645	-0.0572	-0.058	-0.000731292956585624	-0.0002199114857512855	-0.001158898623324235	1.107198	27.06165314	1.05341285	0.10333308578573394	0.0093466	0.00255
-0.0654	0.0548	-0.0203	-0.0006736970912698113	-0.00028099800957108706	-0.001158898623324235	1.42888439	34.92417145	1.18038807	0.15653411945678072	0.00941056	0.00098
-0.0665	0.0718	0.0233	-0.0012252211349000194	-0.0002565634000431664	-0.0011641346110802177	1.31059933	32.03310013	1.09722988	0.0907597320457056	0.00809157	0.00077
-0.0591	-0.0072	-0.0308	-0.0009494591130849152	-8.37758040957278e-05	-0.0010716321607245184	1.16563129	28.48985481	1.06525017	0.1675526034059121	0.00774175	0.00067
-0.0579	-0.0255	-0.0256	-0.0006213372137099814	-0.0001012290966156711	-0.0010000736613927507	1.08264101	26.46144295	0.99708	0.04555668456133224	0.0076701	0.00058
-0.0488	-0.0103	-0.0214	-0.0007068583470577034	-0.00013264502315156904	-0.0009372418083209549	1.07307827	26.22771454	0.99469553	0.03748844564777079	0.00789011	0.0005
-0.0597	0.0554	0.0224	-0.0010786134777324957	-7.330382858376184e-05	-0.0010088003076527223	1.23896456	30.28223419	1.02351334	0.14553274122871837	0.00821424	0.00061
-0.0599	0.0409	0.0208	-0.0013927727430914749	-0.0003211405823669566	-0.0011117747335203881	1.22654998	29.97880363	1.05894875	0.04954852225049199	0.0081684	0.00076
-0.0612	0.0403	-0.0307	-0.0008883725892651138	-0.0002617993877991494	-0.001117010721276371	1.12842417	27.58045387	1.03220202	0.08184886680750755	0.0100945	0.0011
-0.0641	-0.0522	-0.037	-0.0005672320068981572	-0.0001832595714594046	-0.0012042771838760874	1.13873076	27.83236313	1.07623311	0.12604734306532092	0.00868219	0.00104
-0.069	-0.0303	-0.0224	-0.0005044001538263612	-0.0004049163864626844	-0.0013316862192716734	1.05387795	25.75842667	0.98156465	0.06199488517353309	0.00822061	0.00057
-0.0737	0.0133	0.0231	-0.0009040805525330626	-0.00035430183815484887	-0.0013665928043115599	1.07475615	26.26872253	1.01925595	0.11806007660272116	0.00777376	0.00056
-0.0804	0.0454	0.0221	-0.0011449359893082802	-0.0003717551306747922	-0.001562069680534925	1.0620023	25.95699883	0.99446044	0.0624892802759263	0.00810474	0.0006
-0.072	0.013	-0.033	-0.0005619960191421741	-0.00015184364492350666	-0.0013369222070276565	1.18504417	28.9643364	1.02305984	0.147299946471233	0.00943458	0.0009
-0.0585	0.0134	-0.0295	-0.0003961897402027128	-0.0002722713633111154	-0.0011309733552923255	1.2013793	29.36359215	1.05219481	0.04200914245312005	0.00950396	0.00097
-0.0564	0.0012	-0.0087	-0.0004520402762665313	-0.00028623399732707005	-0.0011257373675363424	1.24483442	30.42570305	1.04887057	0.03885245789178782	0.00921899	0.00078
-0.0598	-0.0073	0.0272	-0.0009546951008408983	-0.00028623399732707005	-0.0012025318546240932	1.1593765	28.33697891	1.06488655	0.07677246558310588	0.00915265	0.00071
-0.0564	-0.0227	-0.0007	-0.0008133234314293575	-0.00016231562043547262	-0.0011135200627723821	1.2078948	29.52284241	0.99751688	0.06441509190774247	0.00924736	0.00105
-0.0554	-0.0079	-0.0221	-0.0005899212871740833	-0.0002373647782712288	-0.0011065387457644049	1.18548739	28.97517014	1.00441046	0.0524716309549504	0.0101436	0.00148
-0.0537	-0.0006	-0.0202	-0.0005602506898901797	-0.00015533430342749534	-0.0010943214410004448	1.2433573	30.38959885	1.00970395	0.017095918844579863	0.00943804	0.00147
-0.0615	0.0849	0.0408	-0.0011135200627723821	-0.00026878070480712676	-0.0012356931104119853	1.14516366	27.98959351	1.06507212	0.19470437218366873	0.00919276	0.00195
-0.0646	0.0107	0.0047	-0.0011344640137963143	-0.000158824961931484	-0.0012636183784438947	1.17814827	28.79578972	1.07326659	0.12134124809657423	0.00956416	0.00148
-0.0633	0.0076	-0.0318	-0.0006841690667817771	-0.00014660765716752367	-0.0011885692206081383	1.16214561	28.40465927	1.02910695	0.06777807048071272	0.00916731	0.00118
-0.0644	-0.025	-0.0231	-0.0005899212871740833	-0.00033335788713091696	-0.0012130038301360591	1.25412238	30.65271568	1.10749195	0.0576716309549504	0.0121527	0.00145
-0.0645	-0.0055	0.0168	-0.0008080874436733745	-0.0002897246558310587	-0.001218239817892042	1.16116357	28.38065529	1.05190555	0.07285176877775662	0.0102038	0.0016
