trans_x	trans_y	trans_z	rot_x	rot_y	rot_z	dvars_std	dvars_nstd	dvars_vstd	framewise_displacement	aqi	aor
0.0	-0.0	0.0	-0.0	0.0	-0.0	n/a	n/a	n/a	n/a	0.0185689	0.00934
-0.0047	0.0125	-0.0078	-0.0001064650843716541	-3.316125578789226e-05	-6.108652381980153e-05	1.09781742	27.97556305	0.98761232	0.0350356431989674	0.0180111	0.00857
0.0001	-0.118	-0.022	-0.0001291543646475804	-0.0002181661564992912	-0.00019198621771937622	1.15902948	29.53542328	1.06447966	0.166429693744345	0.018093	0.00914
-0.0017	-0.2026	-0.0038	-0.00010821041362364843	-0.00029321531433504735	-0.00024085543677521747	1.12478518	28.66278076	1.01068778	0.11184311639577647	0.0190874	0.01015
0.0027	-0.1423	0.0027	-4.537856055185256e-05	-0.00021467549799530252	-0.00014660765716752367	1.07379019	27.36328125	0.99385863	0.08298097245096173	0.0185622	0.00851
-0.0017	-0.0074	0.0255	-0.00014660765716752367	1.2217304763960308e-05	-3.316125578789226e-05	1.17267454	29.88313866	1.07356718	0.18417841503772825	0.0173687	0.00719
-0.003	-0.0077	-0.0146	-0.0001605702911834783	-0.00014311699866353502	-0.00030194196059501896	1.07650459	27.43245125	1.00853713	0.06360388211252883	0.0169738	0.00633
-0.0016	-0.1329	-0.0318	-0.00017627825445142725	-0.000317649923862968	-0.0003717551306747922	1.12245834	28.60348511	1.0544568	0.15680270292735776	0.0174586	0.00674
-0.0028	-0.1764	-0.0221	-0.0001291543646475804	-0.00032637657012293966	-0.0004014257279586958	1.11510003	28.41597557	1.00561114	0.05867605666738612	0.0184889	0.00801
-0.01	-0.0215	0.0423	-6.45771823237902e-05	4.18879020478639e-05	-0.0002897246558310587	1.3408829	34.16957474	1.14049295	0.25372713633111155	0.017418	0.00703
-0.0142	0.0478	0.0357	-6.108652381980153e-05	-0.0001658062789394613	-0.00041713369122664475	1.29421067	32.98023224	1.0954802	0.09702969374434496	0.0181429	0.00783
-0.0146	-0.1929	-0.0046	-0.0003211405823669566	-0.00028797932657906436	-0.0006440264939859076	1.43312562	36.52018738	1.25608409	0.3118559954473011	0.0182335	0.00904
-0.0293	-0.1585	0.0217	-0.0003577924966588376	-4.0142572795869576e-05	-0.0010576695267085637	1.23058736	31.35892487	1.04138511	0.11030658503988656	0.0166826	0.00723
-0.0678	-0.044	0.0667	-0.0003892084231947355	0.00019024088846738194	-0.0017732545200262388	1.17969227	30.06197166	1.07573109	0.2468692190558412	0.0133792	0.00395
-0.1028	-0.0089	0.1111	0.0013718287920675431	0.0007417649320975902	-0.0029792770331543207	1.27136838	32.39814377	1.19288293	0.29042918860102845	0.0126307	0.00389
-0.0923	-0.0901	0.0433	-6.45771823237902e-05	0.0002181661564992912	-0.0025516713664157096	1.20516372	30.71105766	1.13896335	0.27888052083641207	0.0117337	0.00242
-0.096	-0.1864	0.0377	-0.00015009831567151235	0.00010995574287564276	-0.0026406831582674204	1.08872259	27.74380112	1.03321818	0.11973716694115408	0.0132675	0.00348
-0.1015	-0.0538	0.0391	-3.665191429188092e-05	8.37758040957278e-05	-0.0027366762671271086	1.22168887	31.13216782	1.15213515	0.15128097245096175	0.0104662	0.00141
-0.1163	-0.0286	0.0679	-0.00014486232791552936	0.0003001966313430247	-0.002816961412718848	1.19788778	30.52564621	1.08716988	0.08904581932313424	0.00986958	0.00118
-0.1097	-0.0314	0.0385	2.268928027592628e-05	0.00022165681500327985	-0.0029199358385865134	1.13189042	28.84384346	1.04260726	0.056253292519943286	0.0100248	0.00113
-0.1142	-0.112	0.0186	0.0005445427266222308	3.141592653589793e-05	-0.0032079151651655774	1.16175854	29.60496712	1.09996149	0.15500368306963752	0.0106959	0.00113
-0.1043	-0.1573	0.0334	0.0003089232776029963	-0.00012217304763960306	-0.0030368728984701333	1.10578525	28.17860794	1.00985747	0.09801253449450897	0.0115201	0.0018
-0.1134	0.0369	0.0755	9.948376736367679e-05	9.948376736367679e-05	-0.002900737216814576	1.35296035	34.47734451	1.18165076	0.27376160034490776	0.0108181	0.00127
-0.0978	0.0121	0.0141	0.00048345620280242926	1.5707963267948964e-05	-0.0027401669256310974	1.15134823	29.33968353	1.06387794	0.13321592653589792	0.0113723	0.00117
-0.0812	-0.1531	0.0263	0.0007504915783575615	-8.726646259971648e-06	-0.0026755897433073067	1.23545384	31.48293686	1.11932788	0.21180235837034217	0.0118768	0.00158
-0.1223	-0.1062	0.0973	7.853981633974481e-05	0.0005148721293383271	-0.0029618237406343773	1.1140244	28.38856506	1.07952823	0.23308922674715932	0.0105948	0.00232
-0.1238	-0.0232	0.0386	-0.00020943951023931956	0.00038048177693476387	-0.003120648702565861	1.2323904	31.40487289	1.06343351	0.17225973204570555	0.009161	0.00096
-0.1247	-0.1244	0.004	0.00028099800957108706	0.00012217304763960306	-0.0034086280291449255	1.165326	29.69587708	1.03343961	0.1885362787842316	0.00958306	0.00064
-0.1206	-0.1521	0.0221	0.000577703982410123	2.792526803190927e-05	-0.0033283428835531865	1.11342573	28.37331009	1.05196517	0.07346194490192345	0.0105454	0.0009
-0.1187	-0.0021	0.0713	0.0002129301687433082	0.0002548180707911721	-0.003068288825006031	1.21908236	31.06574631	1.10874617	0.24368603374866168	0.00958163	0.00074
-0.1155	0.0435	0.0196	5.4105206811824215e-05	0.00020769418098732522	-0.0030455995447301047	1.13551307	28.93615913	1.02706466	0.11193190660056286	0.00973201	0.00056
-0.1011	-0.1007	0.0054	0.00041713369122664475	-5.061454830783555e-05	-0.002925171826342496	1.16161299	29.60125923	1.05737658	0.2098882466048795	0.0100181	0.0007
-0.1146	-0.1136	0.0228	0.00012740903539558605	0.00012042771838760874	-0.0029722957161463434	1.05698991	26.93515968	1.02234787	0.06919454061651752	0.0100746	0.00067
-0.1163	0.0411	-0.0	-0.00039095375244672985	0.0003612831551628262	-0.002897246558310587	1.29165471	32.9151001	1.11061421	0.2209133691226645	0.00932527	0.00058
-0.0988	-0.0104	-0.0393	0.00011344640137963142	0.00022689280275926284	-0.0027384215963791032	1.16064799	29.57666779	1.05051593	0.14818077340807043	0.011012	0.00131
-0.098	-0.2104	-0.0118	0.0002670353755551324	0.000158824961931484	-0.0029653143991383657	1.34667337	34.31713486	1.13093153	0.2507274808881272	0.0118984	0.00097
-0.1076	-0.0271	0.0238	4.0142572795869576e-05	0.0003700098014227979	-0.0028309240467348025	1.22583687	31.23786926	1.11581768	0.257123399732707	0.00940418	0.00058
-0.1125	0.1209	0.023	-0.00023387411976724014	0.00040666171571467877	-0.002750638901143063	1.15347898	29.39398193	1.06015273	0.17324768762233647	0.0107026	0.00074
-0.1147	-0.0037	0.0008	0.00015533430342749534	0.00013439035240356338	-0.003186971214141646	1.13073516	28.81440353	1.03507171	0.20389060497522163	0.00938201	0.00058
-0.115	-0.1593	0.0257	0.00032812189937493397	0.0001186823891356144	-0.0033946653951289706	1.19380641	30.4216404	1.05813074	0.2006094870101356	0.0097304	0.00038
-0.1239	-0.0357	0.0614	1.7453292519943296e-05	0.00024609142453120044	-0.003363249468593073	1.12810206	28.74730301	1.05189718	0.19167467843932368	0.00840622	0.00046
-0.1249	0.1428	0.0387	3.839724354387525e-05	0.00023561944901923448	-0.0033196162372932147	1.3640238	34.75927353	1.11591084	0.2059524578917878	0.0100079	0.00118
-0.115	-0.0869	-0.0025	0.00017453292519943296	0.00015009831567151235	-0.0034993851502486306	1.33291304	33.96648026	1.17807687	0.3008712863979348	0.00890738	0.00098
-0.1129	-0.104	0.0123	0.00034906585039886593	4.71238898038469e-05	-0.0033929200658769764	1.22068417	31.10656357	0.98243586	0.053198621771937626	0.0093537	0.00056
-0.1245	0.0013	0.045	-0.0003769911184307752	0.0003001966313430247	-0.003237585762449481	1.11967778	28.53262901	1.03006888	0.2063232006898157	0.00835979	0.00043
-0.1257	0.0853	0.0271	-0.00035430183815484887	0.0003769911184307752	-0.0031415926535897933	1.05873573	26.9796505	0.99505776	0.11287384381116825	0.00933534	0.00058
-0.1171	-0.0844	0.0012	0.00014486232791552936	0.00014137166941154068	-0.00326551103048139	1.14717007	29.23321152	1.07825304	0.2471350995990605	0.00929791	0.00056
-0.1188	-0.0741	0.0141	0.0003525565089028545	0.00020943951023931956	-0.0032882003107573173	1.00824142	25.69290733	0.97048013	0.03982256510455157	0.00926018	0.00051
-0.128	-0.0036	0.0493	-0.00017453292519943296	0.00028797932657906436	-0.003298672286269283	1.10246921	28.09410477	1.03205911	0.1457050612976999	0.00832212	0.00048
-0.1292	0.0983	0.0323	-0.0002897246558310587	0.00020420352248333657	-0.003239331091701475	1.08556104	27.66323662	1.01756007	0.13301543646475808	0.00933748	0.00077
-0.1193	-0.13	-0.0103	4.18879020478639e-05	7.853981633974481e-05	-0.0033440508468211352	1.26167428	32.1511116	1.15130685	0.3088998009571088	0.00923014	0.00041
-0.117	-0.0939	0.0014	0.00024085543677521747	3.316125578789226e-05	-0.0034452799434368064	1.05565691	26.90119171	0.96781627	0.06737875959474386	0.00890607	0.00038
-0.1295	0.004	0.0485	2.268928027592628e-05	0.00023911010752322313	-0.0034400439556808234	1.18361866	30.16202927	1.03778544	0.17896754979953025	0.00832707	0.00046
-0.1313	0.055	0.0441	3.316125578789226e-05	0.00032637657012293966	-0.003454006589696778	1.08565772	27.66569901	0.99310699	0.06278505360638185	0.00886881	0.0004
-0.1241	-0.0804	0.005	0.00032637657012293966	4.0142572795869576e-05	-0.0036302848441482054	1.13170397	28.83909035	1.04785369	0.21948637830567724	0.00855976	0.00043
-0.1184	-0.0857	0.0167	0.0003385938748868999	0.00011344640137963142	-0.0033597588100890844	1.09647369	27.94132042	0.98759734	0.04050235837034216	0.00908852	0.00044
-0.1235	0.0495	0.0347	-0.00040840704496667313	0.00020420352248333657	-0.0032724923474893677	1.14118052	29.08057976	1.08145682	0.2045512251778497	0.00843781	0.00048
-0.1301	0.1285	0.0084	-0.00035430183815484887	0.00021118483949131387	-0.003157300616857742	1.06786478	27.21228409	1.00683746	0.12071391272257136	0.0104577	0.00108
-0.1154	-0.0631	-0.0351	2.268928027592628e-05	-2.96705972839036e-05	-0.003220132469929538	1.21947944	31.07586479	1.15368464	0.28383392041388944	0.00973874	0.0007
-0.111	-0.1556	-0.0185	0.0001291543646475804	-0.00011519173063162575	-0.003347541505325124	1.08884871	27.747015	1.01611837	0.1294697626557481	0.0100821	0.00068
-0.1149	-0.08	-0.014	0.0002565634000431664	-2.4434609527920616e-05	-0.003443534614184812	1.07944715	27.50743675	1.00717087	0.09970796326794897	0.00950599	0.00071
-0.1257	0.1324	0.0219	-6.283185307179586e-05	0.0002478367537831948	-0.0033615041393410786	1.32906103	33.86832047	1.16367681	0.29278485456349057	0.0105996	0.00077
-0.1247	0.1162	-0.0102	-2.268928027592628e-05	0.00016929693744344995	-0.003337069529813158	1.1608026	29.58060837	1.01419387	0.05645584993317675	0.0113637	0.00111
-0.1209	-0.093	-0.0383	0.0002705260340591211	-3.141592653589793e-05	-0.003480186528476693	1.26588917	32.25851822	1.16548764	0.27295225884889646	0.00979441	0.0006
-0.1171	-0.1558	-0.0154	0.0003944444109507184	-1.5707963267948964e-05	-0.0036215581978882336	1.21263134	30.90135384	1.07726174	0.10354990047855434	0.0100487	0.00058
-0.1236	0.006	0.0086	0.0003298672286269283	1.7453292519943296e-05	-0.003570943649580398	1.14941454	29.29040909	1.06581869	0.19971764932097588	0.00885832	0.00027
-0.1339	0.0685	0.0382	0.00013439035240356338	8.552113334772214e-05	-0.003611086222376268	1.26086807	32.13056564	1.02586171	0.11758436449235064	0.00880456	0.00086
-0.1309	-0.0325	-0.0184	0.0002583087292951608	5.235987755982988e-06	-0.003710569989739945	1.12787819	28.74159813	1.03875528	0.1757843644923507	0.00840157	0.0007
-0.1234	-0.1082	-0.0122	0.0004136430327226561	-4.0142572795869576e-05	-0.0037315139407638766	1.23659956	31.51213455	1.00090996	0.10048284075016396	0.00939083	0.00063
-0.1291	-0.0356	0.0296	1.2217304763960308e-05	4.537856055185256e-05	-0.003602359576116296	1.07904625	27.49721909	1.01776635	0.15090506129769996	0.00799942	0.00037
-0.134	0.0907	0.0304	-0.0004310963252425994	5.585053606381854e-05	-0.003467969223712733	1.10015845	28.0352211	1.04873031	0.16140879789610446	0.00871021	0.00063
-0.1219	0.0092	-0.0242	1.5707963267948964e-05	-0.00014137166941154068	-0.0034574972482007667	1.04932261	26.73977661	1.01982429	0.18092492347489367	0.00882959	0.00036
-0.1199	-0.0828	-0.0088	0.0002373647782712288	-7.155849933176751e-05	-0.0034749505407207105	1.05467045	26.87605476	0.99823087	0.12484616388014984	0.00884199	0.00041
-0.1284	0.0171	0.013	7.330382858376184e-05	-6.806784082777885e-05	-0.003494149162492647	1.05646336	26.92174149	0.9976296	0.13953751149816956	0.00850224	0.00031
-0.1359	0.1213	0.0351	-0.0001064650843716541	1.0471975511965975e-05	-0.003419100004656891	1.1758554	29.96419716	0.99652401	0.15046789435654584	0.00939852	0.00057
-0.1326	0.046	-0.0098	1.0471975511965975e-05	-0.0001361356816555577	-0.003492403833240653	1.25449252	31.96809769	1.03831995	0.14034242728174523	0.00937271	0.00133
-0.1256	-0.1345	-0.033	0.00020594885173533088	-0.00021642082724729686	-0.003497639820996636	1.31231272	33.44152451	1.10252284	0.2247499004785544	0.0100672	0.00074
-0.1208	-0.0731	-0.0085	0.0003385938748868999	-0.00015533430342749534	-0.003443534614184812	1.12262261	28.60767174	0.99087163	0.10309183768915972	0.00944453	0.00047
-0.1272	0.0123	0.0434	0.00015707963267948963	-2.4434609527920616e-05	-0.003375466773357033	1.156201	29.46334648	1.03786436	0.1627240888467382	0.00911331	0.00061
-0.1347	0.082	0.0375	-0.00011693705988362007	2.96705972839036e-05	-0.0033527774930811067	1.1203469	28.54968071	1.03707867	0.10064055898254298	0.00921744	0.00057
-0.1328	-0.051	-0.0027	5.4105206811824215e-05	-9.948376736367679e-05	-0.0035360370645405115	1.1282028	28.7498703	1.05328792	0.19927281014012144	0.00871491	0.0004
-0.1273	-0.0866	0.0069	0.000158824961931484	-0.0001239183768915974	-0.0036285395148962112	1.12696993	28.71845436	0.97669539	0.061782840750164006	0.00923622	0.00061
-0.131	-0.0163	0.0171	3.4906585039886588e-06	-4.363323129985824e-05	-0.003467969223712733	1.04941094	26.74202538	0.99066764	0.10400948701013564	0.00894326	0.00048
-0.1354	0.0755	0.0384	-0.0006475171524898963	0.00011519173063162575	-0.0035081117965086025	1.1259141	28.6915493	1.02321607	0.1599987672860619	0.00867295	0.00048
-0.1406	0.0658	0.0295	-0.0007173303225696694	5.235987755982989e-05	-0.0035517450278084606	1.02710044	26.17349052	0.99352712	0.032613912722571366	0.00839949	0.00051
-0.1413	0.0094	-0.0212	-0.0006894050545377602	-0.00011344640137963142	-0.004118977034706617	1.10575867	28.17792892	1.03486577	0.14584817769347636	0.00819778	0.00053
-0.134	-0.0472	-0.0118	-0.00027925268031909274	-0.0001256637061435917	-0.004019493267342941	1.05197072	26.80725861	1.00630977	0.0993926723173152	0.0085659	0.00056
-0.1368	0.0832	-0.0019	-0.0001291543646475804	-0.00012740903539558605	-0.003914773512223281	1.13195419	28.84546852	1.0545408	0.1559281700021583	0.00959802	0.00076
-0.1413	0.1308	0.0261	-0.0006126105674500097	6.45771823237902e-05	-0.0037751471720637348	1.09336531	27.86211014	1.00437228	0.12085343803406758	0.00968885	0.00063
-0.1352	0.0329	-0.0226	-0.0004328416544945937	-0.00013264502315156904	-0.003771656513559746	1.11319661	28.36746979	1.01875928	0.17172408884673823	0.00874466	0.00041
-0.1282	-0.0748	-0.0257	-8.552113334772214e-05	-0.00029321531433504735	-0.0037681658550557575	1.08575535	27.66818619	1.01379466	0.1433690735417169	0.00907755	0.00033
-0.1309	-0.0387	-0.0105	-0.00020594885173533088	-0.00028623399732707005	-0.003785619147575701	1.03772902	26.44433784	0.9736224	0.06124311639577645	0.00857568	0.00044
-0.1432	0.0732	0.0276	-0.0003665191429188092	-9.599310885968811e-05	-0.0037297686115118824	1.17979813	30.06467056	1.07154853	0.18263308578573392	0.00840777	0.00033
-0.1349	0.0363	-0.0264	-8.552113334772214e-05	-0.00010821041362364843	-0.0037000980142279784	1.12533724	28.67684746	1.01179746	0.11534429558094758	0.00912893	0.00057
-0.1338	-0.1306	-0.0183	-4.71238898038469e-05	-0.000158824961931484	-0.0038571776469074684	1.21449566	30.94886398	1.08193754	0.18840457122656	0.0095011	0.00048
-0.137	-0.0315	-0.0043	2.96705972839036e-05	-0.00010297442586766544	-0.0038327430373795474	1.08922517	27.75660706	1.00847733	0.1241539816339745	0.00850922	0.00021
-0.1404	0.0801	0.0366	-0.00028099800957108706	-5.585053606381854e-05	-0.0036686820876920805	1.14345109	29.13844109	1.0370576	0.1819926723173152	0.0086742	0.00077
-0.1398	0.0108	-0.0089	-0.00019024088846738194	-0.00019896753472735358	-0.0037053340019839614	1.22031367	31.0971241	0.99031092	0.12892630170295605	0.00797695	0.00047
-0.132	-0.0842	-0.0315	-3.316125578789226e-05	-0.00033684854563490564	-0.0038467056713955023	1.14836001	29.26353645	1.01069968	0.14721661564992916	0.00871581	0.00041
-0.1371	-0.0334	-0.0082	4.363323129985824e-05	-0.00015009831567151235	-0.0037350045992678655	1.17468429	29.93435287	1.00123444	0.09796228945893902	0.0080443	0.00036
-0.1416	0.1295	0.0403	-0.00027925268031909274	6.9813170079773176e-06	-0.0036215581978882336	1.24616253	31.75582504	1.0977473	0.2455705972839036	0.0092321	0.00067
-0.1331	-0.0026	-0.018	-0.00042236967898262774	-0.0002129301687433082	-0.003637266161156183	1.14190137	29.09895134	1.06271043	0.2178368223841385	0.00793606	0.00041
-0.1288	-0.1025	-0.0182	-0.00022165681500327985	-0.0002443460952792061	-0.003701843343479973	1.10496914	28.15781021	0.99578821	0.11923529864195176	0.00853264	0.00041
-0.137	0.0005	0.0089	-0.0004485496177625427	-0.0002129301687433082	-0.003682644721708035	1.06247687	27.0749855	1.01242551	0.15217536755335492	0.00835162	0.00071
-0.1467	0.1083	0.0287	-0.0006597344572538566	-0.00012740903539558605	-0.003710569989739945	1.07680905	27.44020844	1.0143742	0.1535315620435473	0.00889343	0.00063
-0.1459	0.0016	-0.0353	-0.00048345620280242926	-0.00018675022996339323	-0.003913028182971286	1.10153162	28.07021332	1.02536202	0.1934038821125288	0.00845754	0.0005
-0.1399	-0.0765	-0.0207	-0.00015533430342749534	-0.00010471975511965978	-0.003892084231947355	1.25280523	31.92510033	1.05537798	0.12025481626212994	0.00910676	0.0006
-0.147	0.0455	0.0135	-0.0006544984694978735	-0.0001291543646475804	-0.00386590429316744	1.26825261	32.31874466	1.11477385	0.19078893571891073	0.0085271	0.00048
-0.1562	0.0916	0.0009	-0.0007661995416255106	-6.9813170079773176e-06	-0.004012511950334963	1.22994065	31.34244537	1.01763307	0.08692408884673819	0.00848222	0.00036
-0.1684	-0.041	-0.063	0.0029408797896104456	0.0005131268000863328	-0.004991641660703782	1.9864167	50.61964417	1.95945258	0.4690158579349543	0.0253071	0.04206
-0.1948	-0.1946	-0.0623	0.010791370765080938	0.0018692476288859267	-0.006277949319423604	2.61427188	66.61920929	2.58727353	0.7053459731494953	0.0436109	0.09348
-0.1925	-0.1149	0.0027	0.007386233394440003	0.0019250981649497454	-0.0058800142499688965	1.51546919	38.6185379	1.5547433	0.33994614880797297	0.0251564	0.0305
-0.2	-0.0882	0.0089	0.0059306287982767315	0.0016929693744344998	-0.00597426202957659	1.23623049	31.50272942	1.13880137	0.12949905831431052	0.0201816	0.01644
-0.1909	-0.1859	-0.0183	0.004991641660703782	0.0015254177662430443	-0.005838126347921033	1.26637268	32.27083969	1.07923066	0.19613372137099808	0.0177557	0.01173
-0.1803	-0.1149	0.0046	0.004845034003536259	0.0013718287920675431	-0.005516985765554075	1.07950687	27.50895691	1.02617988	0.1355668606854991	0.0164076	0.00814
-0.1836	-0.0502	0.0133	0.003443534614184812	0.0013596114873035826	-0.0054052846934264384	1.12819707	28.74972534	1.08208001	0.15297088831215222	0.012751	0.00321
-0.1838	-0.0674	-0.0377	0.003363249468593073	0.0013072516097437528	-0.005496041814530144	1.02385318	26.09074211	1.00308645	0.07957010721276368	0.0129229	0.00349
-0.1706	-0.2179	-0.0501	0.0038467056713955023	0.0011187560505283654	-0.00544193660771832	1.11703992	28.46541023	1.07393434	0.21240284844148205	0.0161575	0.00746
-0.1701	-0.0936	-0.0486	0.003886848244191372	0.0011641346110802177	-0.00534943415736262	1.12565434	28.68492889	1.0598244	0.13520117918517116	0.0149503	0.00515
-0.183	0.0081	-0.0106	0.0032882003107573173	0.0013997540600994523	-0.005366887449882563	1.27796996	32.56637192	1.09919093	0.19518603374866167	0.0139045	0.00372
-0.1824	0.0486	-0.0466	0.0031049407392979124	0.0013491395117916165	-0.005133013330115323	1.2080704	30.78512955	1.04641564	0.10048741197672403	0.0148369	0.00358
-0.1701	-0.1554	-0.0695	0.0034400439556808234	0.0011082840750163993	-0.0052499503899989435	1.27449715	32.47787476	1.15433332	0.2738447856520875	0.0140178	0.00392
-0.1614	-0.1859	-0.0539	0.003447025272688801	0.0009232791743050004	-0.0052220251219670345	1.06670773	27.18280029	0.99547345	0.06579557428756429	0.0138605	0.00332
-0.1735	-0.075	-0.0332	0.003420845333908886	0.000947713783832921	-0.005394812717914472	1.26159525	32.14909744	1.07396824	0.1548701072127637	0.0124879	0.0026
-0.1858	-0.0148	0.0434	0.0031049407392979124	0.0011449359893082802	-0.005431464632206353	1.28288794	32.69169617	1.08885727	0.17658893571891063	0.0119545	0.0026
-0.1916	-0.0134	-0.0039	0.003040363556974122	0.0011379546723003027	-0.005417501998190398	1.21749139	31.0252037	1.05233617	0.05877605666738611	0.0114619	0.00188
-0.1867	-0.1806	-0.0266	0.0031712632508736965	0.0009721483933608416	-0.00558330827712986	1.2964431	33.03712082	1.14818914	0.21792561258892487	0.0125394	0.00298
-0.1846	-0.0441	-0.0086	0.0033527774930811067	0.00102799892942466	-0.0054873151682701725	1.33817661	34.10061264	1.10215986	0.17326789435654583	0.0119532	0.00215
-0.1971	-0.0049	0.0552	0.0029112091923265415	0.0011746065865921838	-0.005541420375081997	1.19141877	30.36079788	1.04673275	0.14761405823669563	0.0105587	0.0013
-0.2046	0.0193	0.0235	0.0029129545215785357	0.001158898623324235	-0.00570024533701348	1.08979642	27.77116585	0.99077764	0.07221391272257133	0.0103839	0.00134
-0.1972	-0.0841	-0.0216	0.0030578168494940655	0.0010402162341886204	-0.0058747782622129135	1.16884112	29.7854538	1.05135515	0.17780388211252887	0.0111572	0.00207
-0.1904	-0.094	-0.0047	0.002993239667170275	0.0011100294042683937	-0.00570024533701348	1.20378304	30.67587471	1.01177845	0.049046163880149825	0.0110759	0.00158
-0.1991	0.013	0.0346	0.002038544566329377	0.0010995574287564276	-0.005600761569649804	1.18183684	30.11662102	1.06138787	0.20823254218582696	0.00887126	0.00063
-0.1986	0.0699	0.0092	0.0020245819323134223	0.0011780972450961724	-0.005588544264885843	1.04897237	26.73085022	0.98540736	0.08803598775598301	0.00926274	0.00091
-0.1839	-0.1195	-0.0297	0.002436479635784084	0.0009808750396208131	-0.005590289594137836	1.18919992	30.30425453	1.10513042	0.2735432619099007	0.0100998	0.0011
-0.175	-0.1291	-0.017	0.002811725424962865	0.000921533845053006	-0.005593780252641826	1.07326043	27.34978104	0.99141721	0.053103882112528936	0.0114139	0.00177
-0.1893	-0.0113	0.0274	0.002642428487519415	0.0011641346110802177	-0.0056758107274855595	1.25294197	31.92858505	1.07107349	0.20119640891571972	0.0101916	0.00123
-0.2008	0.0771	0.0343	0.0022636920398366456	0.0012077678423800758	-0.005822418384653083	1.19113863	30.35365677	1.04806409	0.13524886680750756	0.00957137	0.00078
-0.2013	-0.0593	-0.0263	0.002494075501099897	0.0010349802464326373	-0.005928883469024737	1.33665669	34.0618782	1.10213758	0.2229818070791172	0.0102067	0.00187
-0.1912	-0.1557	-0.0025	0.0026302111827554544	0.001001818990644745	-0.005906194188748811	1.37823701	35.12146759	1.06329007	0.13989931088596883	0.0110028	0.00157
-0.2015	-0.0455	0.0445	0.0024312436480281013	0.0011693705988362008	-0.005848598323432999	1.20629525	30.73989296	1.06469672	0.188705750411731	0.00959432	0.00101
-0.2076	-0.0172	0.0549	0.0020769418098732523	0.0013072516097437528	-0.0059079395180008055	1.20832765	30.7916832	1.00205264	0.07237620218151035	0.00911695	0.00104
-0.1958	-0.0467	-0.0132	0.002309070600388498	0.0010873401239924673	-0.005810201079889122	1.1824646	30.13261986	1.02847144	0.13688893571891067	0.00969803	0.00111
-0.1814	-0.099	-0.0034	0.0025237460983838006	0.0010140362954087054	-0.005567600313861911	1.08486342	27.64545822	0.99468532	0.1030290046303138	0.0105894	0.00123
-0.1877	-0.0478	0.0094	0.002515019452123829	0.001075122819228507	-0.005661848093469605	1.08426595	27.63023376	1.00366437	0.07850304748437334	0.00962877	0.001
-0.192	0.003	0.0271	0.0020263272615654165	0.0011222467090323538	-0.00566010276421761	1.07112026	27.29524231	1.00617908	0.09967807048071269	0.00863218	0.00073
-0.205	0.1033	0.0075	0.0018936822384138475	0.001181587903600161	-0.005738642580557355	1.28996158	32.87195206	1.06108586	0.14642630170295606	0.0103021	0.0012
-0.1976	0.0423	-0.0217	0.0019774580425095754	0.0009459684545809266	-0.0054663712172462395	1.15689456	29.48101997	1.0330531	0.12718333082130387	0.0110959	0.00091
-0.1952	-0.1821	-0.0228	0.0019844393595175526	0.0008360127117052838	-0.005551892350593962	1.37635279	35.073452	1.16241694	0.2380229096615671	0.0106379	0.00131
-0.1896	-0.1532	-0.0082	0.002078687139125246	0.0008063421144213803	-0.00562345084992573	1.09413159	27.88163757	0.99857906	0.05887384381116828	0.0097248	0.001
-0.189	-0.1227	-0.0152	0.0021921335405048776	0.0007976154681614085	-0.005672320068981571	1.24541986	31.73690033	1.01490773	0.046652113334772205	0.0103433	0.00135
-0.1888	0.0114	0.0035	0.002183406894244906	0.0008482300164692441	-0.005705481324769463	1.26352966	32.19839096	1.07162311	0.15762512251778496	0.0103336	0.00103
-0.1969	0.0212	0.0374	0.0016912240451825054	0.000932005820564972	-0.005770058507093254	1.19125056	30.35651016	1.02509531	0.08382679177409598	0.00862592	0.00058
-0.1988	-0.0482	0.01	0.0017575465567582897	0.0008517206749732328	-0.005972516700324595	1.12435508	28.65181923	1.01818383	0.1161532925199432	0.00891417	0.00061
-0.1989	-0.1426	0.0096	0.0018570303241219666	0.0008133234314293575	-0.0060301125656404084	1.21137846	30.86942863	1.01442281	0.10467384381116827	0.0096066	0.00091
-0.2	-0.095	0.02	0.002082177797629235	0.0009040805525330626	-0.0060964350772161925	1.1041528	28.13700676	1.00227973	0.07821135530933788	0.00947851	0.00081
-0.2037	-0.0145	0.046	0.0018605209826259553	0.0011013027580084218	-0.006110397711232148	1.12468147	28.66013718	1.02654646	0.1318420827247297	0.00814503	0.00061
-0.2068	0.0157	0.0469	0.0016650441064025902	0.0010733774899765126	-0.006105161723476165	1.25193012	31.90280151	1.01489154	0.04563190660056288	0.00834477	0.00068
-0.1978	-0.0387	-0.0106	0.0017645278737662671	0.0008587019919812101	-0.006178465552059926	1.20635581	30.741436	1.05224037	0.14027315469713703	0.00849402	0.00054
-0.1977	-0.1005	0.0029	0.0019093902016817967	0.0008080874436733745	-0.006126105674500097	1.09728968	27.96211433	0.985275	0.08779183768915971	0.00876939	0.00056
-0.2065	0.0226	0.026	0.0017243853009703976	0.0009721483933608416	-0.006150540284028017	1.17219388	29.87089157	1.05831099	0.17367502299633933	0.00819463	0.00061
-0.2089	0.0881	0.0299	0.0013857914260834976	0.0010611601852125523	-0.006119124357492119	1.07855082	27.48459435	1.01682901	0.09475107966372542	0.00850862	0.00057
-0.2049	-0.0076	-0.0311	0.0017941984710501708	0.0008377580409572782	-0.006087708430956222	1.20772946	30.77644157	1.01803149	0.19386125578789223	0.00827092	0.00077
-0.2043	-0.1073	-0.023	0.0018483036778619948	0.0008307767239493009	-0.0061453042962720346	1.20123112	30.61084366	1.02340178	0.11433411945678068	0.00883877	0.0007
-0.2003	-0.1186	0.0002	0.001956514091485643	0.0008761552845011534	-0.006089453760208215	1.1875093	30.26117325	1.01647781	0.048971975511966026	0.00919479	0.00078
-0.2038	0.0283	0.0329	0.0015289084247470327	0.0009302604913129776	-0.0060911990894602095	1.21601987	30.98770332	1.10416926	0.20727281014012147	0.00769532	0.00041
-0.208	0.0478	0.0042	0.0016720254234105676	0.0007871434926494425	-0.006162757588791978	1.28053594	32.63175964	1.00833078	0.07028962483294193	0.00844043	0.00115
-0.2002	-0.1198	-0.0076	0.001837831702350029	0.0008133234314293575	-0.006113888369736136	1.32795453	33.84012222	1.10077595	0.1992427718387609	0.00918734	0.0009
-0.1984	-0.1095	0.0081	0.0019058995431778078	0.0008621926504851988	-0.006134832320760068	1.13971174	29.04315376	0.99138271	0.03469405054537757	0.00910997	0.00078
-0.2039	0.048	0.0468	0.0015289084247470327	0.0010332349171806431	-0.006019640590128442	1.21737099	31.02213478	1.08688198	0.2348612557878922	0.00812072	0.00038
-0.2048	0.0773	0.0309	0.0016039575825827887	0.0010192722831646884	-0.006174974893555937	1.08963084	27.76694679	0.9838551	0.05831730476396029	0.00825274	0.00061
-0.1988	-0.0248	-0.0209	0.0017662732030182616	0.0009023352232810684	-0.006230825429619756	1.14925361	29.28630638	1.02548883	0.1766551608191456	0.00847334	0.0007
-0.1962	-0.0799	-0.0102	0.0019163715186897737	0.0008866272600131194	-0.006155776271784001	1.18585432	30.21899986	1.0088389	0.08044277183876083	0.00888908	0.0006
-0.201	0.0438	0.0294	0.0014695672301792255	0.0009773843811168245	-0.00605105651666434	1.20276666	30.64997482	1.06354859	0.2002140582366957	0.00774795	0.00058
-0.2087	0.1179	0.0346	0.0008813912722571365	0.0011397000015522971	-0.005976007358828583	1.14310229	29.12955475	1.02641127	0.12827703680966587	0.00847691	0.00054
-0.2009	0.1136	0.0109	0.0009459684545809266	0.0010384709049366262	-0.005504768460790115	1.0748781	27.39100456	1.00197177	0.06765225884889645	0.00955683	0.00086
-0.2008	-0.1054	-0.0476	0.0006213372137099814	0.000879645943005142	-0.0056374134839416844	1.32742906	33.82673264	1.17074886	0.3084050612976999	0.00817478	0.00058
-0.1821	-0.1553	-0.0153	0.0007382742735936014	0.0006579891280018621	-0.0054384459492143305	1.12584949	28.68990135	1.02794666	0.12777807048071269	0.00840622	0.00076
-0.1865	-0.1614	-0.0174	0.0009389871375729493	0.0006789330790257941	-0.0055763269601218825	1.17263961	29.88224983	1.02243633	0.030576891295541576	0.00852138	0.00068
-0.1944	0.002	-0.0245	0.0008203047484373349	0.0007225663103256524	-0.005722934617289407	1.38090873	35.18954849	1.14440094	0.19384616388014983	0.00755966	0.00046
-0.2073	0.0517	0.0354	0.0006440264939859076	0.0009529497715889039	-0.005818927726149094	1.28306925	32.69631577	1.09027849	0.1476327412287183	0.00804323	0.00051
-0.2028	0.0088	-0.01	0.0007086036763096977	0.000752236907609556	-0.0059131755057567886	1.17795491	30.01769829	1.04184367	0.11077689129554164	0.00695485	0.0004
-0.1949	-0.1282	-0.0193	0.0008883725892651138	0.0006946410422937432	-0.005918411493512772	1.15727031	29.49059677	1.04614144	0.1663300383013606	0.00783068	0.00034
-0.1993	-0.0214	0.0072	0.0007976154681614085	0.0008604473212332044	-0.005906194188748811	1.23704052	31.52337074	1.05269727	0.15113903524035635	0.00724059	0.00036
-0.2019	0.0709	0.0311	2.268928027592628e-05	0.0008272860654453122	-0.005768313177841259	1.16868639	29.78151131	1.04760886	0.16609842272904635	0.00671333	0.00033
-0.1918	-0.0299	-0.0114	0.0001884955592153876	0.0005811946409141118	-0.005695009349257497	1.09487712	27.90063667	1.00830886	0.17766007660272115	0.00612944	0.0002
-0.1845	-0.1617	-0.0052	0.00040317105721069014	0.0005672320068981572	-0.005677556056737554	1.11373007	28.38106346	1.02742186	0.15760457122656	0.00792855	0.00054
-0.1928	-0.1083	-0.0037	0.00048520153205442357	0.000752236907609556	-0.005811946409141117	1.08424664	27.62973976	1.01312538	0.08327128639793475	0.00697523	0.00027
-0.1978	0.0197	0.0101	0.0005654866776461627	0.0008272860654453122	-0.005899212871740834	1.30341136	33.21469116	1.07345371	0.15893003830136063	0.00773233	0.00047
-0.1985	0.0839	0.021	3.839724354387525e-05	0.0008377580409572782	-0.005782275811857213	1.35740077	34.59049988	1.04564186	0.10852492347489372	0.00720531	0.0006
-0.1968	0.0397	-0.0182	8.37758040957278e-05	0.0007400196028455958	-0.005799729104377157	1.18825436	30.280159	1.00854395	0.09312851455917395	0.00739735	0.00111
-0.1898	-0.0457	-0.0176	0.00026354471705114377	0.0005497787143782138	-0.005768313177841259	1.2850064	32.74568176	1.01223599	0.11307128639793484	0.00724888	0.00038
-0.1872	-0.0322	0.0085	0.00028099800957108706	0.0005794493116621174	-0.00564788545945365	1.1204257	28.55168724	0.98204625	0.0505775804095728	0.00747061	0.00036
-0.1868	0.0031	0.0145	0.0002652900463031381	0.0005637413483941684	-0.005595525581893821	1.11415982	28.39201546	1.005618	0.04588879020478634	0.00710493	0.00038
-0.1966	0.0219	0.0311	-2.4434609527920616e-05	0.0006789330790257941	-0.005707226654021458	1.0606401	27.02817726	1.00413381	0.07103087292951607	0.00635457	0.00046
-0.2055	0.1507	0.0378	-0.0001884955592153876	0.000731292956585624	-0.0057752944948492365	1.34488904	34.27166367	1.07145549	0.15862443340375376	0.00845474	0.00061
-0.2014	0.0544	-0.0005	4.0142572795869576e-05	0.000619591884457987	-0.005850343652684992	1.2048347	30.70267296	1.05712993	0.15946941809873247	0.00773668	0.0006
-0.1933	-0.0819	0.0041	5.93411945678072e-05	0.0005375614096142535	-0.005801474433629152	1.26806128	32.31386948	1.05969833	0.15650491578357556	0.00701177	0.00031
-0.1893	-0.0397	0.003	0.00016929693744344995	0.0005009094953223725	-0.005803219762881146	1.04633439	26.66362572	0.96816053	0.05471764932097593	0.00676876	0.00037
-0.1994	0.0637	0.049	0.00015707963267948963	0.0006283185307179585	-0.005831145030913055	1.24923337	31.83408165	1.05537368	0.16787758040957276	0.00763696	0.00047
-0.1953	0.0432	0.041	-1.7453292519943296e-05	0.0007016223593017205	-0.0056985000077614855	1.1848706	30.19392967	0.99677748	0.051624088846738234	0.00690997	0.0004
-0.191	-0.0487	-0.0017	0.00014311699866353502	0.0006440264939859076	-0.005757841202329294	1.15549481	29.44535065	1.03037654	0.15277536755335497	0.00722057	0.00038
-0.1892	-0.1021	0.0104	0.0002181661564992912	0.0008395033702092724	-0.005593780252641826	1.10447001	28.1450901	1.0109409	0.08902934918732942	0.00788426	0.00031
-0.1961	-0.0391	0.0716	-0.00035430183815484887	0.0009407324668249436	-0.005141739976375294	1.1597352	29.55340767	1.09591021	0.18738686837681717	0.00684369	0.00051
-0.1895	0.243	0.0805	-9.773843811168246e-05	0.0011239920382843482	-0.0037367499285198597	1.48290348	37.78866959	1.29885651	0.3898406509679002	0.0139356	0.00416
-0.1971	0.2659	0.0294	-0.00034033920413889426	0.0011833332328521555	-0.0037646751965517687	1.18938231	30.30890274	1.09201618	0.09809336143134643	0.0180787	0.01276
-0.1694	0.0624	-0.0947	0.0005969026041820607	0.0012514010736799342	-0.0034644785652087444	1.32820952	33.84662247	1.26380467	0.4205753140245879	0.0153841	0.00623
-0.1548	-0.2044	-0.1181	6.45771823237902e-05	0.0009564404300928925	-0.0034766958699727043	1.51818717	38.68780136	1.2927345	0.3467751685104635	0.0151257	0.00617
-0.1522	-0.2013	-0.0793	-0.00019198621771937622	0.0006981317007977319	-0.0036966073557239895	1.34491646	34.27236176	1.09940872	0.0812391807544806	0.0127981	0.00228
-0.1516	-0.1454	-0.0358	-0.00022689280275926284	0.0007208209810736582	-0.0038362336958835358	1.31707513	33.56288528	1.09095871	0.10986111027376796	0.0099532	0.00086
-0.1534	-0.098	-0.0252	-0.00032812189937493397	0.0006894050545377602	-0.0038851029149393774	1.12605512	28.69514084	1.02069372	0.06887571211037052	0.00846475	0.00047
-0.1618	-0.0294	-0.0048	-0.0004415683007545654	0.0006527531402458793	-0.0042167154728183	1.16772544	29.75702286	1.01558823	0.12148554367752176	0.00816727	0.00048
-0.1809	0.0346	0.0284	-0.0008133234314293575	0.0007958701389094143	-0.004422664324553631	1.18302536	30.14690781	1.03888433	0.15234104905368293	0.00721473	0.00044
-0.1841	0.028	0.0136	-0.0009424777960769379	0.000710349005561692	-0.004605923896013036	1.10142398	28.06746864	0.96888501	0.044496753472735386	0.00666744	0.00037
-0.1868	-0.0675	0.0155	-0.00102799892942466	0.0007278022980816354	-0.004803146101488395	1.14781797	29.24972153	1.00044849	0.1151098315671512	0.00683624	0.00051
-0.1824	-0.0539	0.036	-0.0011152653920243766	0.000752236907609556	-0.004684463712352781	1.15824139	29.51534081	0.98169969	0.050019173063162566	0.00707948	0.00047
-0.171	-0.0122	0.0263	-0.001192059879112127	0.000661479786505851	-0.0046041785667610404	1.08526218	27.65562057	0.97460174	0.07519183768915978	0.00707293	0.00026
-0.1775	-0.0285	0.0101	-0.0011641346110802177	0.0006597344572538566	-0.004485496177625427	1.00376678	25.57888031	0.94908818	0.04641764932097584	0.00729704	0.00044
-0.1884	0.1536	0.0087	-0.0013194689145077131	0.0008779006137531476	-0.004480260189869444	1.24217081	31.65410614	1.08990541	0.21333682238413848	0.00926411	0.0008
-0.1906	0.1038	-0.0267	-0.0012217304763960308	0.0008918632477691023	-0.004590215932745087	1.10544348	28.16989708	1.00275502	0.09848284075016397	0.00882143	0.00076
-0.1839	-0.0739	-0.0202	-0.0012531464029319286	0.0007417649320975902	-0.004590215932745087	1.30282462	33.19974136	1.09303792	0.1999757121103705	0.00785291	0.00051
-0.1813	-0.0841	0.0033	-0.001218239817892042	0.0007504915783575615	-0.004642575810304917	1.05230677	26.81582069	0.96921437	0.04109965544298444	0.00803512	0.00058
-0.1814	-0.0536	0.0105	-0.0013002702927357754	0.0007749261878854823	-0.004707152992628707	1.11827481	28.49687576	0.98870452	0.046352113334772176	0.00809473	0.0006
-0.1821	0.0067	-0.0014	-0.0012845623294678264	0.0006981317007977319	-0.004832816698772298	1.46238232	37.26573181	1.03470887	0.08380830782496454	0.00820899	0.00131
-0.1871	-0.0199	0.02	-0.0013753194505715315	0.0006318091892219474	-0.004927064478379992	1.26936018	32.3469696	1.02522732	0.06556637061435916	0.00915921	0.00148
-0.1934	0.0613	0.0488	-0.001420698011123384	0.0008377580409572782	-0.004804891430740389	1.20591462	30.73019218	1.05841914	0.13497502299633932	0.00876188	0.0011
-0.1979	0.0561	0.0394	-0.001296779634231787	0.0007627088831215222	-0.004858996637552213	1.14768362	29.24629974	0.99590968	0.031753637076958885	0.00938565	0.0019
-0.1894	-0.0779	0.0162	-0.001256637061435917	0.000736528944341607	-0.004965461721923867	1.30851662	33.3447876	1.0962993	0.1743393797973719	0.0104854	0.00217
-0.1823	-0.0811	0.0628	-0.0016179202165987434	0.0006894050545377602	-0.004811872747748367	1.11196053	28.33596992	1.04292986	0.0849998009571087	0.00991619	0.00161
-0.1842	-0.0582	0.0621	-0.0015132004614790836	0.000645771823237902	-0.004790928796724435	1.04154873	26.54167557	0.98846263	0.03396484687217247	0.00844419	0.00071
-0.1939	0.0244	0.0596	-0.001785471824790199	0.0009546951008408983	-0.004834562028024293	1.11442757	28.39883804	1.02632912	0.12604139361069844	0.00751626	0.00051
-0.1941	0.0882	0.0264	-0.0016947147036864942	0.0008482300164692441	-0.004794419455228423	1.08264077	27.5888195	1.01069066	0.10906823891356145	0.00769603	0.00047
-0.1827	-0.0794	0.0039	-0.0016004669240788003	0.0006859143960337716	-0.004754276882432553	1.16180241	29.60608673	1.07552508	0.2163352986419518	0.00709802	0.00034
-0.1768	-0.0549	0.0132	-0.001403244718603441	0.0006021385919380437	-0.0047246062851486505	1.02489626	26.11732101	0.95665884	0.05523343034274948	0.00693852	0.00027
-0.1785	0.0206	0.0173	-0.0012025318546240932	0.0006527531402458793	-0.004700171675620729	1.16303003	29.63737106	1.00785591	0.0950881010907552	0.00726926	0.00047
-0.1903	0.0646	0.0308	-0.0013316862192716734	0.0008970992355250854	-0.004834562028024293	1.15545607	29.44436455	1.00416207	0.09469454061651753	0.00750321	0.0005
-0.1931	0.1127	0.0123	-0.0012740903539558604	0.0008290313946973065	-0.0047856928089684515	1.22384357	31.18707466	0.99994768	0.07812664625997166	0.00789273	0.00057
-0.1879	-0.0659	-0.0049	-0.0013840460968315032	0.00062482787221397	-0.004876449930072156	1.24046814	31.61071777	1.09128596	0.2212458193231341	0.00722259	0.00043
-0.1837	-0.0504	0.0202	-0.0013002702927357754	0.0006038839211900379	-0.004822344723260333	1.13983488	29.04628944	0.97505629	0.05274124809657417	0.00686532	0.00031
-0.1958	0.018	0.0534	-0.0014974924982111347	0.0008272860654453122	-0.004900884539600078	1.09238374	27.83709717	0.99670584	0.1386582083035189	0.00673199	0.0003
-0.1998	0.0992	0.0442	-0.001616174887346749	0.0008063421144213803	-0.004914847173616032	1.07232547	27.32595444	1.00355238	0.10207944870877504	0.00746101	0.00044
-0.193	0.0058	0.0191	-0.0014782938764391971	0.0006754424205218055	-0.005000368306963754	1.0821383	27.57601547	1.00275271	0.1430150919077424	0.00653005	0.0004
-0.1865	-0.0836	0.0233	-0.001350884841043611	0.0006230825429619757	-0.004979424355939822	1.04903841	26.73253441	0.98283264	0.11013564319896733	0.00717324	0.00048
-0.2007	0.0225	0.0321	-0.0012758356832078548	0.0007993607974134029	-0.005042256209011618	1.28924108	32.85359192	1.05408165	0.14480796326794895	0.00732505	0.00046
-0.2042	0.1055	0.0493	-0.0017296212887263805	0.0009197885158010115	-0.005014330940979708	1.21620965	30.99254036	1.04586543	0.13380692959690219	0.00780648	0.00054
-0.194	0.0075	0.0081	-0.0014556045961632708	0.000640535835481919	-0.005044001538263612	1.11805952	28.49139214	1.02376144	0.17854699850830527	0.00652772	0.00029
-0.1896	-0.0895	0.0172	-0.0013892820845874865	0.0006021385919380437	-0.00506320016003555	1.10383332	28.1288662	0.98943665	0.11669591884457992	0.00699729	0.00041
-0.2013	-0.0348	0.0425	-0.001541125729510993	0.0007661995416255106	-0.005159193268895238	1.04211926	26.55621338	0.98589647	0.11229488517353307	0.00652295	0.00048
-0.2085	0.1062	0.0495	-0.0015585790220309364	0.00091106186954104	-0.005068436147791533	1.168872	29.78624153	1.06867421	0.16785363707695883	0.00762904	0.00073
-0.2007	-0.0138	0.0128	-0.0013124875974997359	0.0007452555906015787	-0.005122541354603357	1.15359247	29.39687347	1.04906509	0.18780014551412427	0.00714469	0.00054
-0.1913	-0.1013	0.006	-0.0012688543661998775	0.000640535835481919	-0.00514348530562729	1.10636234	28.19331169	1.01479329	0.11216484687217254	0.0073964	0.00041
-0.1909	-0.0773	0.0034	-0.0012793263417118436	0.0006440264939859076	-0.0051557026103912496	1.22005081	31.09042549	0.9680323	0.028308996938995752	0.00726527	0.0005
-0.1961	0.032	0.0426	-0.0014311699866353504	0.0008936085770210966	-0.005057964172279567	1.28492546	32.74361801	1.05485147	0.17865820830351892	0.00724834	0.00054
-0.2021	0.0585	0.0141	-0.0014660765716752368	0.0007923794804054256	-0.0051399946471233	1.15040624	29.31567764	1.01259767	0.07190830782496455	0.00729966	0.00053
-0.1951	-0.0629	0.0077	-0.0014067353771074296	0.0006981317007977319	-0.005122541354603357	1.21315062	30.91458702	1.02947539	0.14335211333477224	0.00663739	0.00038
-0.195	-0.0882	0.0274	-0.0014346606451393388	0.000593411945678072	-0.0051557026103912496	1.03873825	26.47005653	0.96096261	0.053390313946973085	0.00668639	0.00037
-0.1999	0.0073	0.0361	-0.001541125729510993	0.0006789330790257941	-0.005213298475707063	1.11486781	28.41005707	0.99368009	0.12157910415175947	0.00657237	0.00036
-0.2062	0.0799	0.0651	-0.0016179202165987434	0.0008604473212332044	-0.005091125428067459	1.18127275	30.10224724	1.02131509	0.12692408884673823	0.00700009	0.0003
-0.2044	0.0007	0.0275	-0.0016039575825827887	0.0007766715171374765	-0.005208062487951079	1.14769244	29.2465229	1.0240315	0.1293337748997651	0.00642318	0.00024
-0.1991	-0.0773	0.0245	-0.001514945790731078	0.0005445427266222308	-0.005248205060746949	1.08724976	27.70626831	0.98117253	0.10436415775814133	0.00657409	0.0003
-0.2036	-0.0243	0.0291	-0.0014852751934471744	0.0007208209810736582	-0.005204571829447091	1.15088511	29.32788086	1.00443848	0.07457910415175945	0.00641131	0.00026
-0.2123	-0.0404	0.0714	-0.001635373509118687	0.000905825881785057	-0.005239478414486977	1.16583323	29.70880318	1.01439872	0.08560049007113987	0.00636369	0.00034
-0.207	0.0414	0.0285	-0.0016196655458507376	0.000783652834145454	-0.005181882549171164	1.11734712	28.47323799	1.02073889	0.1397738438111683	0.0064047	0.00043
-0.1991	-0.0793	0.0224	-0.001514945790731078	0.0006702064327658224	-0.00519235452468313	1.12700915	28.71945381	1.02088558	0.14613190660056283	0.00655246	0.00029
-0.1905	-0.0968	0.0241	-0.0015847589608108511	0.0006161012259539982	-0.005071926806295522	1.01014316	25.74136925	0.95808585	0.04001730476396028	0.00725037	0.00047
-0.1958	0.0157	0.0346	-0.0017558012275062952	0.0008709192967451704	-0.005000368306963754	1.12101293	28.5666523	1.03641863	0.15317094184091923	0.00693887	0.00044
-0.2013	0.1604	0.0193	-0.0014748032179352085	0.0010681415022205296	-0.0047856928089684515	1.18937647	30.30875206	1.07921738	0.20014478565208743	0.00963014	0.00096
-0.1948	0.0381	-0.0312	-0.001446877949903299	0.0008150687606813518	-0.0048188540647563435	1.1460501	29.20467186	1.06585037	0.19500796326794892	0.00889772	0.00088
-0.1857	-0.2123	-0.0086	-0.0013962634015954637	0.0006841690667817771	-0.004921828490624009	1.37974751	35.15995789	1.2089898	0.2963244334037538	0.0097599	0.0011
-0.1793	-0.0908	-0.0062	-0.001129228026040331	0.0005445427266222308	-0.0047856928089684515	1.09974122	28.02458763	1.03550248	0.15743986986851183	0.0077036	0.00026
-0.1878	-0.0353	0.006	-0.0010629055144645468	0.00062482787221397	-0.00495848040491589	1.27185714	32.41059875	1.02218027	0.09216976265574812	0.00807941	0.00056
-0.1984	0.0168	0.0437	-0.0014172073526193955	0.0008761552845011534	-0.00514348530562729	1.22110689	31.11733627	1.04197855	0.1399317075576716	0.0071488	0.00037
-0.1997	0.0329	0.0069	-0.0014137166941154068	0.0006911503837897545	-0.005188863866179142	1.11540699	28.4237957	0.99856326	0.06589370598836197	0.00692743	0.00053
-0.1987	-0.1284	0.0113	-0.0015271630954950383	0.0006579891280018621	-0.005330235535590682	1.24036849	31.60817719	1.06575015	0.1810989663289532	0.00750905	0.00053
-0.2037	-0.07	0.0325	-0.0014137166941154068	0.000710349005561692	-0.005319763560078716	1.1931628	30.40523911	0.99802621	0.09341391272257137	0.00678247	0.00029
-0.2163	0.0169	0.073	-0.0015865042900628454	0.0009704030641088471	-0.005270894341022875	1.14718413	29.2335701	1.02000194	0.16408554367752173	0.00618249	0.00029
-0.2043	0.015	0.0239	-0.0015306537539990272	0.0007609635538695277	-0.005150466622635266	1.05105519	26.78392601	0.99052263	0.0822858882345373	0.00623488	0.00027
-0.1897	-0.0522	0.0138	-0.0014416419621473165	0.0006178465552059926	-0.005054473513775579	1.06209075	27.06514549	0.97606729	0.10830609496874664	0.00674772	0.00023
-0.1921	-0.0122	0.0153	-0.0015219271077390555	0.0007086036763096977	-0.005054473513775579	1.00050557	25.49577713	0.95837581	0.05245211333477219	0.00681657	0.00034
-0.2034	0.0336	0.0385	-0.0016650441064025902	0.0008970992355250854	-0.005071926806295522	1.07998121	27.52104568	1.00655224	0.09775329251994327	0.00674158	0.00046
-0.2019	0.1703	0.0018	-0.0015062191444711063	0.0009145525280450286	-0.005052728184523583	1.18568861	30.21477699	1.07616008	0.18467384381116833	0.0102114	0.00117
-0.1898	-0.0587	-0.0121	-0.0013857914260834976	0.0006318091892219474	-0.0049898963314517885	1.28311682	32.69752884	1.1696206	0.2783001455141243	0.00773174	0.00037
-0.1818	-0.0872	0.0062	-0.001377064779823526	0.000598647933434055	-0.004874704600820162	1.03315437	26.3277607	0.96117328	0.06265398163397451	0.007249	0.00033
-0.1858	-0.1023	0.0163	-0.0015166911199830724	0.0005846852994181004	-0.005016076270231703	1.04609168	26.65744209	0.96309645	0.04394803217935209	0.00726497	0.00044
-0.1976	0.0997	0.0244	-0.0017208946424664088	0.0008255407361933179	-0.004981169685191816	1.490435	37.98059464	1.15286388	0.24589827721492205	0.00801677	0.00091
-0.1981	0.1662	0.0122	-0.0015865042900628454	0.0007766715171374765	-0.005028293574995664	1.15990889	29.55783272	1.0204103	0.09071917306316259	0.00978822	0.00143
-0.1871	-0.0523	-0.0051	-0.001429424657383356	0.0005759586531581287	-0.005000368306963754	1.39062965	35.4372673	1.16470787	0.26608588823453727	0.00750095	0.00037
-0.184	-0.0764	0.0193	-0.0014835298641951804	0.000598647933434055	-0.005024802916491674	1.1301111	28.79850006	0.98087802	0.05666145483078356	0.00721604	0.00038
-0.188	-0.0226	0.0321	-0.0015550883635269475	0.0006736970912698113	-0.005103342732831419	1.0747788	27.38847351	0.98386867	0.0818573736753634	0.00667441	0.00024
-0.202	0.0422	0.052	-0.0018483036778619948	0.0007923794804054256	-0.005188863866179142	1.03798795	26.45093727	0.98003763	0.1235709418409192	0.00669861	0.00029
-0.2047	0.0264	0.0269	-0.001811651763570114	0.0008325220532012951	-0.005279620987282846	1.22357273	31.18017387	0.9884694	0.05197758040957272	0.00671047	0.00053
-0.199	-0.0571	0.01	-0.001637118838370681	0.0006719517620178169	-0.005351179486614613	1.21920884	31.06896973	1.01666571	0.12643308578573387	0.00705582	0.00048
-0.1926	-0.0104	0.0206	-0.0015289084247470327	0.0007120943348136865	-0.0052831116457868355	1.11940873	28.52577209	0.99025538	0.0745210413623648	0.00656122	0.0004
-0.1995	0.0523	0.0424	-0.0019250981649497454	0.0007801621756414653	-0.005246459731494954	1.07756066	27.45936394	0.99656519	0.11644547476611866	0.00677794	0.0004
-0.2016	0.0499	0.0407	-0.002015855286053451	0.0008848819307611251	-0.005241223743738971	0.99038082	25.23776817	0.96354549	0.016235643198967413	0.00687176	0.00036
-0.1828	-0.0187	0.01	-0.0018308503853420514	0.0004974188368183839	-0.005044001538263612	1.03928113	26.48388863	0.99741962	0.156584510006475	0.0070914	0.00038
-0.179	-0.0677	0.0168	-0.001689478715930511	0.0005654866776461627	-0.005042256209011618	1.01237798	25.79831886	0.9654643	0.07015924197456563	0.00718534	0.00037
-0.1945	0.0061	0.041	-0.001790707812546182	0.0007661995416255106	-0.005239478414486977	1.10161746	28.07239914	1.00009229	0.1384582083035189	0.00679368	0.00057
-0.2067	0.1196	0.0496	-0.0019896753472735357	0.0009546951008408983	-0.005253441048502931	1.21180475	30.88029099	1.05528161	0.1543712863979347	0.00898343	0.00078
-0.1983	-0.0246	-0.0009	-0.0017715091907742446	0.0006632251157578452	-0.0051836278784231585	1.19262207	30.39146042	1.06964924	0.2320724655831058	0.00758874	0.00064
-0.1911	-0.0929	0.0134	-0.0017680185322702558	0.0005393067388662478	-0.005265658353266893	1.1113553	28.3205471	0.99364287	0.10027197551196604	0.00747573	0.00044
-0.1967	0.0348	0.0134	-0.001726130630222392	0.0006544984694978735	-0.0053058009260627615	1.08792293	27.723423	1.02244191	0.1431611102737679	0.00757802	0.0003
-0.205	0.0576	0.0489	-0.00200363798128949	0.0008779006137531476	-0.005440191278466324	1.15127122	29.33772087	1.00905429	0.09836499238629672	0.00753963	0.0007
-0.2069	0.0744	0.0481	-0.0019722220547535923	0.0009686577348568529	-0.005403539364174444	1.14856839	29.2688446	1.00445745	0.02744124809657419	0.00792927	0.00053
-0.2042	-0.0436	0.021	-0.0018465583486100008	0.000593411945678072	-0.005541420375081997	1.14770222	29.24677277	1.04136182	0.17973952531149623	0.00665951	0.00037
-0.1967	-0.0564	0.0268	-0.0018675022996339327	0.0006702064327658224	-0.005461135229490257	1.12238419	28.60159683	0.98610152	0.035001179185171066	0.00664377	0.00034
-0.2049	-0.0102	0.0613	-0.0020856684561332234	0.0007627088831215222	-0.005380850083898519	1.08119631	27.55200958	0.99001604	0.10844768762233643	0.00658739	0.00024
-0.2095	0.1	0.0842	-0.002124065699677099	0.0009302604913129776	-0.0052726396702748686	1.21543479	30.97279358	1.05081361	0.15340796326794906	0.00770968	0.00046
-0.1995	0.0205	0.0205	-0.0020263272615654165	0.0006754424205218055	-0.005274384999526864	1.12023485	28.5468235	1.026053	0.17091509190774248	0.00720441	0.00027
-0.192	-0.0758	0.033	-0.001762782544514273	0.0006440264939859076	-0.0051557026103912496	1.09536397	27.91304207	1.00896056	0.1369821516361328	0.00692099	0.00047
-0.2002	-0.0173	0.0734	-0.0021205750411731105	0.0007347836150896127	-0.005162683927399226	1.05653548	26.92358017	1.00218878	0.12987654673852597	0.00700599	0.00053
-0.2063	0.1776	0.0706	-0.0023404865269243957	0.000905825881785057	-0.005106833391335408	1.20968068	30.82616234	1.12662943	0.22614021442552737	0.0101244	0.00108
-0.2021	0.1039	0.0239	-0.00199142067652553	0.0008464846872172499	-0.004968952380427856	1.0560416	26.91099548	0.99409588	0.15191440279371127	0.00899959	0.00096
-0.1986	-0.0907	-0.0106	-0.0018884462506578647	0.0006597344572538566	-0.005082398781807488	1.19042432	30.33545685	1.10395275	0.2527585528605345	0.0086084	0.00056
-0.1993	-0.0599	0.017	7.330382858376184e-05	0.0011519173063162574	-0.00529707427980279	1.48946714	37.95593262	1.23353936	0.19253042131496648	0.0102559	0.00235
-0.1916	-0.0476	-0.0276	0.0008115781021773631	0.001117010721276371	-0.005333726194094671	1.46308637	37.28367233	1.1835854	0.10509163864626848	0.0092448	0.00083
-0.1953	-0.1664	-0.0037	-8.552113334772214e-05	0.0010925761117484504	-0.005626941508429718	1.28854918	32.83596039	1.08983852	0.20713745796940264	0.0078603	0.00047
-0.2033	0.0013	0.0511	-0.0008970992355250854	0.0011955505376161158	-0.005555383009097951	1.2975781	33.06604385	1.113335	0.2798055513688398	0.00622898	0.00036
-0.2084	0.0909	0.0652	-0.0011850785621041497	0.0013037609512397642	-0.005602506898901799	1.10827506	28.24205589	1.01716702	0.13096568150032795	0.00748897	0.00043
-0.2082	-0.057	0.0376	-0.0010384709049366262	0.0010297442586766543	-0.005731661263549379	1.12960446	28.78558922	1.0471605	0.20318893571891067	0.00626534	0.00027
-0.2085	-0.1009	0.0493	-0.0009930923443847736	0.0010384709049366262	-0.005871287603708924	1.08309817	27.60047531	0.9688857	0.06558657734856846	0.0063169	0.00027
-0.2165	-0.0217	0.0661	-0.0011676252695842063	0.0011100294042683937	-0.005845107664929009	1.03649592	26.41291428	0.98451507	0.1176135681655558	0.00585955	0.00027
-0.2183	0.1531	0.0713	-0.0013159782560037243	0.0013456488532876281	-0.005818927726149094	1.38050914	35.17936707	1.08995878	0.20230761871093336	0.0080862	0.00056
-0.2164	-0.0329	0.0167	-0.0012269664641520136	0.001165879940332212	-0.005867796945204936	1.19267333	30.39276695	1.10010423	0.2583824961931484	0.00624514	0.0006
-0.2121	-0.1323	0.0332	-0.0010140362954087054	0.000926769832808989	-0.005864306286700947	1.21658587	31.0021286	1.01162017	0.14297654673852597	0.00639331	0.00026
-0.2084	-0.0884	0.0404	-0.0006824237375297829	0.0009948376736367678	-0.005770058507093254	1.04463422	26.6203022	0.97547136	0.07949640891571971	0.00614727	0.00026
-0.2143	-0.0197	0.0532	-0.0007120943348136865	0.0010402162341886204	-0.0058259090431570714	1.06684172	27.18621445	0.98024126	0.09394498469497864	0.00568014	0.0002
-0.2203	0.0411	0.0703	-0.0011449359893082802	0.0012618730491919003	-0.005803219762881146	1.08227289	27.57944298	0.98714212	0.11775938748868994	0.00607765	0.00033
-0.2188	-0.0256	0.0247	-0.0010035643198967395	0.001075122819228507	-0.005867796945204936	1.10021496	28.03666115	0.98284485	0.13343495408493616	0.00587779	0.00029
-0.2101	-0.111	0.0318	-0.0009075712110370514	0.0009232791743050004	-0.005925392810520749	1.11255407	28.35109711	1.00739525	0.1164716309549504	0.00627935	0.00031
-0.2132	-0.0245	0.0398	-0.0007941248096574199	0.0010122909661567112	-0.005932374127528725	1.11935544	28.52441406	1.00084983	0.10807197551196591	0.00576538	0.0003
-0.2223	0.0448	0.0883	-0.0010838494654884787	0.001244419756671957	-0.00585732496969297	1.14692962	29.22708511	1.01010899	0.15674513020910302	0.00617796	0.00024
-0.2257	0.0869	0.0559	-0.0009965830028887623	0.0012130038301360591	-0.005873032932960919	1.13441157	28.90808868	1.01133464	0.0846195176201782	0.0071426	0.00043
-0.2151	-0.1038	0.0329	-0.0009459684545809266	0.0009232791743050004	-0.005920156822764766	1.21257281	30.8998642	1.10614097	0.24367315469713707	0.00605756	0.00024
-0.2156	-0.1623	0.049	-0.0009546951008408983	0.000932005820564972	-0.006161012259539982	1.11833656	28.49845123	0.98446864	0.08801543646475796	0.00687796	0.00023
-0.2352	-0.0224	0.0829	-0.0011798425743481666	0.0011501719770642632	-0.006192428186075881	1.13103139	28.82195282	1.04457927	0.2171364778271229	0.00574178	0.00038
-0.2478	0.0054	0.0821	-0.0012269664641520136	0.0011938052083641214	-0.006290166624187564	1.17511714	29.94538498	0.99961562	0.05062477796076941	0.00621223	0.00038
-0.2284	-0.1001	0.0509	-0.0010175269539126942	0.0009896016858807848	-0.0062622413561556544	1.2054112	30.71736526	1.0304601	0.17817841503772827	0.00636011	0.00026
-0.2303	-0.1217	0.0655	-0.0009686577348568529	0.0010663961729685354	-0.006267477343911637	1.03487623	26.37164116	0.96884966	0.044644984694978726	0.00680828	0.00044
-0.233	0.0201	0.0972	-0.001335176877775662	0.0011205013797803594	-0.00617148423505195	1.12081468	28.56159973	1.05166361	0.202030872929516	0.00618988	0.00029
-0.2339	-0.0274	0.0574	-0.0012304571226560022	0.001075122819228507	-0.006243042734383717	1.02452767	26.10792923	0.97923953	0.09928284075016394	0.00592417	0.0003
-0.231	-0.1325	0.0428	-0.0008883725892651138	0.0009808750396208131	-0.006375687757535285	1.06191969	27.0607872	1.00510867	0.1510488668075075	0.00672287	0.00043
-0.2297	-0.1154	0.0441	-0.0008674286382411819	0.0010262536001726657	-0.006316346562967479	0.99867892	25.44922829	0.96850482	0.02598318530717957	0.0069409	0.00054
-0.2394	0.0229	0.0693	-0.0009686577348568529	0.0011571532940722405	-0.006307619916707506	1.2866962	32.78874207	1.06326097	0.18524277183876087	0.00695348	0.0004
-0.2319	0.0339	0.0343	-0.0009616764178488756	0.0010821041362364843	-0.006236061417375739	1.17599499	29.96775436	1.01715954	0.06117944870877504	0.00744736	0.00046
-0.2257	-0.1232	0.0288	-0.0007976154681614085	0.0009442231253289323	-0.00628493063643158	1.22457755	31.20578003	1.07585944	0.186340558982543	0.0069322	0.0004
-0.2263	-0.0341	0.045	-0.0007661995416255106	0.0009093165402890458	-0.006318091892219472	1.11172497	28.3299675	1.00831079	0.11087418836818382	0.00590676	0.00023
-0.2286	0.0106	0.0787	-0.001117010721276371	0.001075122819228507	-0.006215117466351807	1.05129337	26.7899971	0.97375795	0.11167959422289934	0.00594884	0.00019
-0.2297	-0.0131	0.0471	-0.0010838494654884787	0.0009913470151327792	-0.00636521578202332	1.15299797	29.3817234	0.97263137	0.06975176877775664	0.00583142	0.00064
-0.2274	-0.1159	0.0315	-0.0009442231253289323	0.0009389871375729493	-0.006436774281355088	1.16095865	29.58458519	1.00280472	0.13387723585255723	0.00623095	0.00019
-0.2277	-0.0835	0.0563	-0.0008656833089891874	0.0009686577348568529	-0.006419320988835145	1.07196391	27.31674004	0.96592185	0.06378318530717961	0.00627196	0.00033
-0.2394	0.0262	0.1105	-0.0011222467090323538	0.0012095131716320703	-0.006450736915371042	1.1726768	29.88319778	1.05658173	0.2020417381677141	0.0066914	0.00038
-0.2387	0.0	0.0811	-0.0012322024519079964	0.0010332349171806431	-0.006489134158914917	1.12323391	28.62325096	0.99598126	0.07253156204354723	0.00608224	0.00024
-0.2307	-0.1268	0.0465	-0.0010454522219446034	0.0009983283321407565	-0.0065764006215146345	1.1594187	29.5453434	1.037391	0.18484616388014985	0.00626886	0.00031
-0.2387	-0.0397	0.0622	-0.0010384709049366262	0.0010978120995044332	-0.0065659286460026675	1.16404963	29.66335106	1.03336217	0.11664685299418104	0.00614291	0.0003
-0.2458	0.0927	0.0832	-0.0014870205226991688	0.0013264502315156904	-0.006517059426946826	1.23305845	31.42189598	1.06088232	0.19680284844148205	0.00742513	0.00044
-0.2268	-0.0037	0.0457	-0.0015498523757709647	0.0009773843811168245	-0.006176720222807932	1.07998013	27.52101898	1.01109926	0.19051184538047777	0.00681496	0.00041
-0.2185	-0.2011	0.0416	-0.0009023352232810684	0.0009861110273767962	-0.0062063908200918365	1.24407673	31.70267296	1.17902839	0.24409571980168857	0.00806421	0.00053
-0.2278	-0.0295	0.0733	-0.0010943214410004448	0.001064650843716541	-0.006295402611943547	1.16026604	29.56693459	1.09223281	0.2305768912955416	0.00591284	0.00024
-0.2402	0.0927	0.0812	-0.0014957471689591403	0.0012007865253720988	-0.006328563867731438	1.10183609	28.0779705	1.04508821	0.17103613327010717	0.00731874	0.00058
-0.2257	-0.0378	0.0282	-0.0011466813185602744	0.0009599310885968812	-0.0062727133316676205	1.09342849	27.86371994	1.03397115	0.230288591161895	0.00636423	0.00043
-0.2204	-0.1887	0.0304	-0.0008499753457212384	0.000926769832808989	-0.0062727133316676205	1.10584569	28.18014717	1.04947887	0.17489336143134643	0.00839561	0.00057
-0.2189	-0.0649	0.0319	-0.0006928957130417488	0.0008656833089891874	-0.006237806746627734	1.15618682	29.46298409	1.03904547	0.13945363707695893	0.00694978	0.0005
-0.2241	0.0395	0.0751	-0.0007470009198535729	0.0010419615634406148	-0.006169738905799955	1.29879105	33.09695435	1.05786371	0.16772256510455147	0.00799835	0.0008
-0.2302	0.0565	0.0455	-0.0009093165402890458	0.0010140362954087054	-0.006253514709895682	1.27536559	32.50000381	1.01321205	0.06640083462815545	0.00756419	0.00063
-0.2248	-0.092	0.0199	-0.00091106186954104	0.0009180431865490173	-0.006359979794267337	1.23896003	31.57228661	1.07535461	0.18971017612416685	0.00676954	0.00084
-0.2209	-0.1154	0.0396	-0.0008255407361933179	0.0008115781021773631	-0.006347762489503377	1.19881773	30.54934502	0.99018832	0.0572101761241668	0.00663859	0.00041
-0.2333	-0.0113	0.0874	-0.0008587019919812101	0.0010035643198967395	-0.006333799855487422	1.18655419	30.23683357	1.03106473	0.17625550537616116	0.00650859	0.00034
-0.2363	0.0588	0.0927	-0.0010890854532444615	0.0011484266478122688	-0.0063669611112753145	1.08015144	27.525383	0.99035393	0.09882035224833363	0.00654906	0.00033
-0.2338	-0.0699	0.0461	-0.0008063421144213803	0.0010000736613927507	-0.006450736915371042	1.10198057	28.08165359	1.0170396	0.20354360646691635	0.00588703	0.00033
-0.2378	-0.0935	0.0466	-0.0008168140899333463	0.0010314895879286487	-0.006684611035138282	1.03197074	26.29759979	0.95986131	0.04188810109075519	0.00617117	0.00023
-0.2418	-0.0311	0.0571	-0.0007435102613495844	0.0009232791743050004	-0.006705554986162213	1.2631737	32.18931961	1.06659099	0.08702290966156702	0.00649273	0.00036
-0.2543	-0.0487	0.0958	-0.0011728612573401894	0.001059414855960558	-0.006705554986162213	1.17648005	29.98011589	1.03720475	0.09707433388230817	0.00585574	0.00026
-0.2582	0.0257	0.0951	-0.0013578661580515882	0.0011414453308042916	-0.006700318998406232	1.26239049	32.16936111	1.00239789	0.09261356816555565	0.00652635	0.00064
-0.246	-0.023	0.0412	-0.0010978120995044332	0.0009093165402890458	-0.006686356364390277	1.22069204	31.10676384	1.02236275	0.1401072741539178	0.00597513	0.00021
-0.2431	-0.1696	0.0653	-0.0009459684545809266	0.0008307767239493009	-0.006632251157578452	1.19050336	30.3374691	1.05729686	0.18782443340375385	0.00749469	0.00043
-0.2505	-0.0375	0.0883	-0.0008552113334772215	0.000973893722612836	-0.00653102206096278	1.14408946	29.15471077	1.06087302	0.17925516081914555	0.00635487	0.00043
-0.2576	0.1189	0.096	-0.0011414453308042916	0.0010925761117484504	-0.006543239365726741	1.19941676	30.56460762	1.08168268	0.19205668456133224	0.00785202	0.00056
-0.2491	-0.064	0.0513	-0.0010559241974565693	0.0008970992355250854	-0.006538003377970758	1.213678	30.9280262	1.10309294	0.2504116998663536	0.00619799	0.00031
-0.2433	-0.2032	0.0319	-0.0009878563566287904	0.0009442231253289323	-0.006653195108602383	1.14727974	29.23600578	1.03669888	0.17591917306316254	0.0081386	0.00061
-0.2492	-0.0644	0.0598	-0.0007801621756414653	0.0010000736613927507	-0.006590363255530588	1.28672528	32.78948212	1.06922124	0.18891882850614689	0.00661767	0.0003
-0.2598	0.1261	0.0918	-0.0011274826967883368	0.0010262536001726657	-0.006665412413366345	1.29862857	33.09281158	1.12700615	0.25552748088812716	0.007967	0.00048
-0.2673	-0.0167	0.0774	-0.0011047934165124105	0.001043706892692609	-0.006822492046045835	1.33119226	33.92263031	1.07444248	0.17456111027376797	0.00655621	0.00074
-0.2592	-0.191	0.0623	-0.0009791297103688187	0.0009442231253289323	-0.00684518132632176	1.42962074	36.43087387	1.13493081	0.20989183768915967	0.00894558	0.00067
-0.2503	-0.0371	0.0807	-0.0009407324668249436	0.0008883725892651138	-0.006656685767106373	1.27840638	32.57749176	1.10277104	0.195337166941154	0.00620067	0.00029
-0.2621	0.0455	0.1183	-0.001689478715930511	0.0009983283321407565	-0.00665144977935039	1.15128887	29.33817101	1.06445476	0.17519689898685967	0.00701112	0.0004
-0.271	0.0793	0.1	-0.001500983156715123	0.0012409290981679683	-0.006585127267774605	1.12786853	28.74135399	1.00928336	0.08587094184091923	0.00758767	0.00034
-0.2587	-0.0117	0.0381	-0.0011449359893082802	0.0010297442586766543	-0.006518804756198821	1.56513751	39.88423157	1.08519038	0.19687772592369707	0.00708807	0.00123
-0.2476	-0.1413	0.0468	-0.0010122909661567112	0.0008203047484373349	-0.0064332836228510985	1.38288009	35.23978424	1.10859963	0.17078028333693057	0.00746489	0.00063
-0.2441	-0.175	0.0741	-0.0010105456369047167	0.0007853981633974483	-0.0063896503915512395	1.11807144	28.4916935	1.00802829	0.06851425727958696	0.00786215	0.00046
-0.2558	-0.0125	0.1106	-0.001192059879112127	0.0010349802464326373	-0.0064943701466709	1.22322619	31.17134285	1.13776988	0.237490804018113	0.00703692	0.00044
-0.2638	0.0933	0.1111	-0.0012374384396639797	0.0010960667702524388	-0.006466444878638991	1.17537224	29.95188522	1.06685773	0.12101951762017812	0.0080393	0.00053
-0.2624	0.0119	0.039	-0.0011082840750163993	0.0009407324668249436	-0.006510078109938849	1.13364768	28.88862228	1.02710531	0.17130609496874663	0.00667965	0.00037
-0.2548	-0.1953	0.0416	-0.0010053096491487337	0.00091106186954104	-0.006757914863722044	1.24731779	31.78526688	1.14359274	0.23642408884673816	0.00829846	0.00056
-0.2607	-0.1504	0.064	-0.0007976154681614085	0.0010349802464326373	-0.006921975813409511	1.28070867	32.6361618	1.03833471	0.09798367537831944	0.00825697	0.00066
-0.2791	-0.0189	0.0964	-0.0009145525280450286	0.0010803588069844899	-0.007016223593017205	1.29419529	32.97983932	1.08718407	0.19512817000215835	0.00652176	0.00043
-0.2856	0.0329	0.1098	-0.0010663961729685354	0.0010663961729685354	-0.007344345492392139	1.22706985	31.26929092	1.02240767	0.09639640891571973	0.00772005	0.001
-0.2673	-0.0992	0.0749	-0.0011990411961201044	0.0007696902001294993	-0.007223917774004529	1.33104944	33.91899109	1.09208294	0.2127889357189108	0.00692004	0.0004
-0.2609	-0.1029	0.0877	-0.0009075712110370514	0.000752236907609556	-0.007225663103256523	1.17411935	29.91995811	1.01805945	0.03843343034274953	0.0070132	0.00041
-0.2743	-0.0227	0.1106	-0.001298524963483781	0.0009843656981248017	-0.007189011188964644	1.08583272	27.67016029	1.03645643	0.1494867228626927	0.00668138	0.0004
-0.2799	0.0555	0.1207	-0.0013596114873035826	0.00102799892942466	-0.007300712261092281	1.11519599	28.41842079	1.00934185	0.10472104136236483	0.0067867	0.00038
-0.2741	-0.0459	0.0719	-0.0012095131716320703	0.0008395033702092724	-0.00731292956585624	1.10675287	28.20326614	1.02826313	0.17354055898254292	0.00596023	0.00016
-0.267	-0.1268	0.0781	-0.0009756390518648303	0.0008080874436733745	-0.007258824359044416	1.10843825	28.24621201	0.99696012	0.11016976265574804	0.00704312	0.00037
-0.2626	-0.0974	0.0816	-0.0008831366015091308	0.0008569566627292158	-0.007237880408020484	1.10871816	28.2533474	0.9818706	0.04541578102177366	0.00654197	0.00024
-0.2698	-0.0066	0.1015	-0.0011379546723003027	0.0008587019919812101	-0.0070581114950650685	1.24548841	31.73864746	1.00559182	0.13971661564992907	0.00608212	0.00027
-0.2737	0.0813	0.0864	-0.0011501719770642632	0.000932005820564972	-0.0070685834705770355	1.22569323	31.23420906	1.0146036	0.11169965544298446	0.00775951	0.00113
-0.2717	-0.0201	0.0664	-0.0010611601852125523	0.0008517206749732328	-0.007199483164476609	1.24686146	31.77363586	1.01880152	0.1384098315671512	0.00689548	0.00056
-0.2685	-0.1815	0.0865	-0.0010506882097005862	0.000783652834145454	-0.0072954762733362976	1.25535882	31.99017525	1.07480178	0.1934266462599717	0.00843155	0.00043
-0.2641	-0.1001	0.0897	-0.0010262536001726657	0.0006824237375297829	-0.00728849495632832	1.05342495	26.84431648	0.98657077	0.09563225115757848	0.00714296	0.00051
-0.2828	0.0119	0.1315	-0.0012479104151759456	0.0008150687606813518	-0.00732863752912419	1.26819205	32.31720352	1.06358768	0.19222222054753596	0.00750357	0.00043
-0.2862	0.0344	0.1346	-0.001291543646475804	0.0008098327729253688	-0.007382742735936014	1.16448021	29.67432594	1.0141177	0.03414872129338328	0.00758582	0.0004
-0.2729	-0.1353	0.0878	-0.0012147491593880533	0.0007644542123735164	-0.007419394650227894	1.23231614	31.4029808	1.09031911	0.23774124809657424	0.00743181	0.0004
-0.2649	-0.1371	0.0963	-0.0010367255756846318	0.0006684611035138282	-0.007316420224360229	1.06791174	27.2134819	0.96581212	0.03714955592153871	0.00751227	0.00041
-0.2729	-0.0445	0.1045	-0.0012671090369478833	0.0006684611035138282	-0.007337364175384161	1.04299343	26.5784893	0.99868729	0.12136637061435913	0.00698894	0.00031
-0.2805	0.0795	0.1043	-0.001635373509118687	0.0009773843811168245	-0.007426375967235872	1.14267445	29.11865044	1.04209231	0.17010997708127557	0.00754654	0.00033
-0.2763	0.0628	0.0788	-0.0011431906600562858	0.0008587019919812101	-0.006981317007977318	1.08578551	27.66895485	0.99837347	0.09919620987282851	0.00764638	0.00051
-0.2713	-0.0362	0.0263	-0.0012688543661998775	0.0007487462491055673	-0.006997024971245267	1.10830653	28.24285698	1.02528648	0.16906637061435914	0.0064429	0.00034
-0.2654	-0.203	0.0611	-0.0011414453308042916	0.000593411945678072	-0.007115707360380881	1.21644652	30.99857712	1.08979414	0.22757128639793472	0.00873286	0.0004
-0.2556	-0.1324	0.0645	-0.0009494591130849152	0.0005811946409141118	-0.007150613945420769	1.15385211	29.40349007	1.01502193	0.09575550537616126	0.00767303	0.00047
-0.2574	-0.1393	0.0607	-0.0010611601852125523	0.00048345620280242926	-0.0072623150175484055	1.19450772	30.43951225	0.9877588	0.02855702911834787	0.00664186	0.00029
-0.2708	0.0102	0.1023	-0.0011833332328521555	0.0007592182246175333	-0.007255333700540428	1.25753868	32.04572296	1.0770125	0.22474581932313423	0.00711817	0.0005
-0.2719	-0.048	0.0807	-0.0012252211349000194	0.0005515240436302081	-0.007375761418928036	1.13371348	28.89030075	1.01954867	0.09940049007113985	0.00702989	0.0004
-0.2689	-0.1002	0.0793	-0.0011955505376161158	0.0005393067388662478	-0.007442083930503821	1.18735242	30.25717545	1.02104202	0.06201052068118244	0.00728184	0.00044
-0.271	-0.1386	0.0924	-0.0013107422682477415	0.0005044001538263612	-0.007520623746843567	1.03729403	26.43325233	0.96830253	0.06503190660056295	0.00824928	0.00061
-0.2745	-0.0802	0.1005	-0.0013683381335635543	0.0005916666164260777	-0.007531095722355532	1.08274722	27.59153175	0.98652345	0.07776671517137475	0.00727212	0.00034
-0.286	0.0036	0.1337	-0.001504473815219112	0.000778416846389471	-0.007604399550939293	1.09781015	27.97537804	1.00448182	0.14830948701013552	0.00716782	0.00033
-0.2766	-0.0295	0.1119	-0.0014451326206513049	0.0006510078109938849	-0.007579964941411373	1.0836215	27.61381149	0.99665882	0.07485924197456562	0.00692493	0.00038
-0.2776	-0.1279	0.1076	-0.001223475805648025	0.0006510078109938849	-0.007656759428499123	1.12432909	28.65115738	1.02017509	0.11862256510455152	0.00741786	0.00037
-0.2758	-0.0886	0.095	-0.0011501719770642632	0.0006387905062299246	-0.0076881753550350216	1.03111696	26.27584457	0.966061	0.059546852994181054	0.00666344	0.00033
-0.285	-0.0579	0.1069	-0.0014259339988793671	0.000619591884457987	-0.0078103484026746245	1.13628209	28.95575523	0.97865887	0.07265668456133219	0.00651228	0.00027
-0.2949	0.0902	0.1053	-0.0013665928043115599	0.0008325220532012951	-0.007778932476138726	1.19985986	30.57590103	1.05736035	0.1747843644923507	0.00787872	0.00041
-0.2865	0.0508	0.0511	-0.0010925761117484504	0.0006038839211900379	-0.007655014099247129	1.11993694	28.53923225	1.01941641	0.13332866007329824	0.00755119	0.00038
-0.2831	-0.1738	0.0637	-0.001064650843716541	0.000450294947014537	-0.0077614791836187825	1.33363652	33.98491669	1.152144	0.2549989663289532	0.00802469	0.00031
-0.278	-0.1448	0.0859	-0.000947713783832921	0.0005567600313861911	-0.007751007208106817	1.0580194	26.96139526	0.97923286	0.06799370598836196	0.00713533	0.00047
-0.2791	-0.0725	0.0928	-0.0010314895879286487	0.0005166174585903216	-0.007815584390430608	1.03224277	26.304533	0.98293519	0.08972477796076943	0.00644171	0.00031
-0.2874	0.0458	0.1101	-0.0013543754995475996	0.0006981317007977319	-0.007869689597242433	1.22291887	31.16350937	1.03052832	0.17182526803190928	0.00680065	0.00038
-0.2909	0.0303	0.0869	-0.0013386675362796509	0.000757472895365539	-0.007892378877518359	1.09666669	27.94623947	0.98912159	0.04708692190558404	0.00744539	0.00046
-0.283	-0.0968	0.0618	-0.0012758356832078548	0.0005724679946541401	-0.007789404451650692	1.15942383	29.5454731	1.03589693	0.17764055898254308	0.00715166	0.00033
-0.2792	-0.1191	0.0829	-0.0011239920382843482	0.000609119908946021	-0.007747516549602829	1.17169034	29.85805893	0.99754107	0.05871917306316252	0.00700176	0.00034
-0.275	-0.1281	0.0852	-0.001090830782496456	0.0005515240436302081	-0.007826056365942573	1.05702412	26.93603134	0.96814131	0.023964846872172423	0.00719106	0.00036
-0.2884	-0.0953	0.0962	-0.001192059879112127	0.0006126105674500097	-0.00807912910748175	1.15159523	29.34597778	0.96696093	0.07796941809873245	0.00696051	0.00036
-0.2948	0.0782	0.1343	-0.0012042771838760874	0.0007993607974134029	-0.00810705437551366	1.25529861	31.98863983	1.09143215	0.22934464013796327	0.00824243	0.00068
-0.2969	0.0092	0.0982	-0.0011798425743481666	0.0006422811647339132	-0.008197811496617366	1.12007332	28.54270935	1.01565969	0.1208135681655558	0.00752467	0.00038
-0.2935	-0.1743	0.1054	-0.001155407964820246	0.0006161012259539982	-0.008314748556500984	1.2963115	33.0337677	1.12445165	0.20247758040957267	0.00903559	0.00071
-0.2993	-0.1154	0.1039	-0.0010925761117484504	0.0007068583470577034	-0.00836885376331281	1.06760573	27.20568275	1.00162149	0.0765847090493663	0.00795102	0.00046
-0.3045	0.0226	0.1403	-0.0014887658519511632	0.0008220500776893293	-0.008321729873508963	1.17272699	29.88447571	1.05202026	0.20752526803190924	0.00780249	0.00041
-0.2972	-0.0042	0.1024	-0.0016074482410867775	0.0007086036763096977	-0.008169886228585457	1.0703752	27.27625656	0.99049954	0.09119862177193755	0.00704914	0.0003
-0.2892	-0.1734	0.0952	-0.0014364059743913332	0.0005707226654021458	-0.00819083017960939	1.18440366	30.18203163	1.09097321	0.2008933614313464	0.00851065	0.00057
-0.2887	-0.0778	0.0985	-0.0012130038301360591	0.0006056292504420323	-0.008136724972797564	1.06781363	27.21097946	1.02606944	0.11502069680534928	0.00720966	0.00037
-0.3021	0.0054	0.1213	-0.0013910274138394805	0.0007382742735936014	-0.00825191670342919	1.12618887	28.69855118	1.0777498	0.14069301687433075	0.00741076	0.00038
-0.302	0.0213	0.1027	-0.0014486232791552935	0.0007033676885537148	-0.008237954069413234	1.06256807	27.07730865	0.96909531	0.039923254218582734	0.00716567	0.00027
-0.2959	-0.11	0.0547	-0.0010838494654884787	0.0006335545184739417	-0.008293804605477054	1.10513878	28.16213226	1.03047151	0.2099218759905204	0.00700837	0.00037
-0.2927	-0.1366	0.0703	-0.0009965830028887623	0.0006073745796940267	-0.008323475202760958	1.03821886	26.45682144	0.96009177	0.052555849933176725	0.007267	0.00027
-0.3009	-0.063	0.0931	-0.0010105456369047167	0.0007225663103256524	-0.008402015019100702	1.1667788	29.73290062	1.00520304	0.11498470904936624	0.00719863	0.00033
-0.3017	0.0306	0.1227	-0.001420698011123384	0.0007958701389094143	-0.008428194957880617	1.17706084	29.99491501	1.03621159	0.1494818070791172	0.00801617	0.00046
-0.3062	0.0151	0.0804	-0.001377064779823526	0.000582939970166106	-0.00847706417693646	1.14023113	29.05638695	0.99379126	0.07757163095495047	0.00750101	0.0003
-0.3035	-0.1532	0.0802	-0.0012880529879718153	0.0005235987755982988	-0.008573057285796147	1.20521021	30.71224213	1.06162587	0.18341730476396037	0.00794345	0.0003
-0.301	-0.1679	0.0941	-0.0012950343049797925	0.000609119908946021	-0.008676031711663812	1.03052115	26.26066017	0.95409008	0.0408738438111682	0.00858802	0.0005
-0.3146	-0.0417	0.1228	-0.0015166911199830724	0.0008203047484373349	-0.008777260808279484	1.14771843	29.24718666	1.04199549	0.19520353755551323	0.00778168	0.00044
-0.3219	0.0467	0.1316	-0.001541125729510993	0.0010070549784007281	-0.008801695417807403	1.15666068	29.47506142	1.01264366	0.11628097245096168	0.00859946	0.00034
-0.3098	-0.0465	0.0807	-0.001410226035611418	0.0006963863715457374	-0.008943067087218945	1.11493862	28.41186142	1.03059469	0.18534699850830533	0.00747651	0.00044
-0.301	-0.2062	0.0959	-0.0013596114873035826	0.0006544984694978735	-0.008939576428714955	1.20159447	30.62010384	1.07306334	0.18849965544298447	0.00894517	0.00058
-0.3101	-0.0523	0.1221	-0.0017034413499464657	0.0007452555906015787	-0.008995426964778775	1.12526727	28.67506599	1.06546137	0.2137218759905204	0.00789416	0.00037
-0.3145	0.0761	0.1148	-0.0018064157758141308	0.0008377580409572782	-0.00895353906273091	1.11240602	28.34732437	1.02530974	0.15196823891356148	0.00835079	0.00056
-0.3051	-0.1131	0.0658	-0.0014224433403753785	0.0005846852994181004	-0.008908160502179057	1.18563616	30.21343803	1.10284937	0.2817211868764892	0.00774163	0.0003
-0.2989	-0.1921	0.0815	-0.0012601277199399059	0.0004974188368183839	-0.008897688526667093	1.07810235	27.47316551	0.98707271	0.11390270292735762	0.00891638	0.00043
-0.3036	-0.0232	0.1025	-0.0010960667702524388	0.0006265732014659643	-0.008840092661351278	1.27357364	32.45434189	1.1032081	0.21214055898254305	0.00811923	0.00031
-0.317	0.0676	0.1256	-0.0014800392056911916	0.0008464846872172499	-0.008958775050486893	1.18953311	30.31274414	1.02763359	0.16342831551628267	0.00927544	0.00057
-0.321	0.0549	0.1023	-0.0014311699866353504	0.0008011061266653974	-0.008964011038242875	1.20576692	30.72642899	0.99794535	0.044974188368183766	0.00928897	0.00081
-0.3179	-0.1384	0.0734	-0.0013578661580515882	0.0005480333851262194	-0.009012880257298716	1.2554512	31.99252892	1.12238498	0.24406228945893904	0.00857395	0.00104
-0.3111	-0.1383	0.1009	-0.0012426744274199627	0.0005253441048502931	-0.009056513488598575	1.19249856	30.38831329	0.97616773	0.04347571211037055	0.00854421	0.00053
-0.3167	-0.095	0.1311	-0.0013369222070276565	0.0005794493116621174	-0.009047786842338604	1.19213498	30.37904739	1.03135265	0.08695398163397444	0.0087055	0.0003
-0.3218	0.0107	0.1513	-0.001668534764906579	0.0007278022980816354	-0.009079202768874502	1.18455374	30.18585777	1.05097923	0.15656907354171695	0.00879526	0.00037
-0.3131	0.0064	0.1011	-0.00147131255943122	0.0006771877497737998	-0.008972737684502848	1.18343329	30.15730476	1.00946782	0.0809150919077424	0.00781971	0.00046
-0.3038	-0.0655	0.103	-0.0014329153158873448	0.0007033676885537148	-0.009004153611038746	1.18936944	30.30857277	1.00640651	0.08789965544298438	0.00794482	0.00033
-0.3148	-0.1248	0.1281	-0.001462585913171248	0.0007120943348136865	-0.009122836000174361	1.10518157	28.16322517	1.00443392	0.10325398163397446	0.00891173	0.00041
-0.3198	0.0416	0.1503	-0.0016615534478986017	0.0008988445647770796	-0.009161233243718236	1.23582935	31.49250793	1.09728078	0.21480575041173103	0.00936276	0.00054
-0.3216	0.0713	0.0975	-0.0014852751934471744	0.0007539822368615504	-0.00925548102332593	1.07908094	27.4981041	1.00632441	0.10506941809873248	0.00906622	0.00066
-0.3157	-0.1725	0.1008	-0.0015446163880149814	0.0005864306286700947	-0.00929213293761781	1.31335747	33.46814728	1.17119325	0.26617723585255715	0.00888932	0.00044
-0.3107	-0.0828	0.1021	-0.0012793263417118436	0.0006597344572538566	-0.009189158511750145	1.02865148	26.2130146	0.98807025	0.1180784150377282	0.00780445	0.00038
-0.3127	-0.0245	0.1008	-0.001069886831472524	0.0006684611035138282	-0.009213593121278065	1.23342419	31.43121719	1.03181706	0.07373003830136055	0.00825882	0.00046
-0.3196	0.0502	0.1339	-0.0013212142437597075	0.0008377580409572782	-0.009190903841002138	1.1838665	30.1683445	1.02377264	0.136865681500328	0.00930822	0.00044
-0.3209	0.0465	0.097	-0.0012583823906879114	0.0006859143960337716	-0.0091717052192302	1.12397933	28.64224625	1.01185551	0.05359370598836202	0.00835025	0.00054
-0.3185	-0.1397	0.0943	-0.00124965574442794	0.0006859143960337716	-0.009407324668249437	1.21701288	31.01301003	1.08469965	0.2035173047639604	0.00864398	0.00047
-0.3156	-0.1133	0.1031	-0.00124965574442794	0.000598647933434055	-0.00946492053356525	1.10371733	28.12590981	0.9706619	0.04534311639577647	0.00858396	0.00057
-0.3235	-0.036	0.1234	-0.0011205013797803594	0.0006510078109938849	-0.009456193887305276	1.16097069	29.58489227	1.01459661	0.1150120444233692	0.00867474	0.00024
-0.3348	0.0264	0.1503	-0.0013212142437597075	0.0007452555906015787	-0.009478883167581205	1.12753499	28.73285484	1.00427485	0.11648249619314847	0.00903523	0.00044
-0.3277	-0.0125	0.1098	-0.0012217304763960308	0.0006684611035138282	-0.009416051314509406	1.17772841	30.01192665	0.98999734	0.09845550537616127	0.00792295	0.00048
-0.3161	-0.12	0.094	-0.0011780972450961724	0.0005654866776461627	-0.009361946107697583	1.22576511	31.23604012	1.04112227	0.14493564319896735	0.00871861	0.00034
-0.3146	-0.0881	0.1156	-0.0011641346110802177	0.0005550147021341969	-0.00930435024238177	1.14849472	29.26696777	1.02175655	0.059101523742186655	0.00792098	0.00034
-0.3281	-0.0347	0.1394	-0.001567305668290908	0.0006161012259539982	-0.009367182095453565	1.0951494	27.90757561	0.99968986	0.11705447170511432	0.00844008	0.00037
-0.3341	0.1223	0.1439	-0.0014660765716752368	0.0007190756518216638	-0.009164723902222225	1.16930795	29.79734993	1.06458307	0.18783308578573385	0.0103049	0.0006
-0.3313	0.0637	0.1334	-0.0008517206749732328	0.0006806784082777885	-0.008712683625955692	1.2080617	30.78490639	1.02963858	0.12713967082562067	0.00955838	0.00104
-0.339	-0.1734	0.0769	-0.0012304571226560022	0.0006318091892219474	-0.00907047612261453	1.40179312	35.72174454	1.19672963	0.3405699081698725	0.00938946	0.00054
-0.3302	-0.1872	0.1023	-0.0010122909661567112	0.0005567600313861911	-0.009066985464110541	1.09094572	27.80045319	0.97951659	0.06283529864195188	0.00937647	0.00048
-0.322	-0.143	0.1097	-0.0008813912722571365	0.0005637413483941684	-0.0091717052192302	1.15484202	29.42871666	1.0106804	0.07193003830136056	0.00886732	0.00036
-0.3295	-0.0342	0.1081	-0.0009616764178488756	0.0005742133239061344	-0.009129817317182338	1.25233376	31.91308594	1.0304809	0.12453225115757836	0.00751013	0.00038
-0.3355	0.0316	0.1419	-0.0009773843811168245	0.0006928957130417488	-0.009258971681829917	1.21610153	30.98978615	1.03079536	0.11877723585255712	0.00947887	0.00084
-0.3309	-0.0497	0.105	-0.0011239920382843482	0.0005131268000863328	-0.009400343351241458	1.16734648	29.74736404	1.0341899	0.14618741197672405	0.00836867	0.00053
-0.3302	-0.1172	0.1189	-0.0011449359893082802	0.0005375614096142535	-0.00952949771588904	1.15726316	29.49041367	1.00005091	0.0908266462599718	0.00898552	0.00047
-0.335	-0.1023	0.1304	-0.0011990411961201044	0.0006370451769779302	-0.009531243045141035	1.00811315	25.68964005	0.96420299	0.03896671517137478	0.00922388	0.00046
-0.346	-0.0255	0.1533	-0.0013142329267517303	0.0006928957130417488	-0.009546951008408983	1.14861679	29.27007866	1.0486479	0.1200375114981696	0.00926328	0.00038
-0.3359	0.0275	0.1132	-0.0012863076587198209	0.000705113017805709	-0.009426523290021374	1.14475691	29.17171669	1.05437128	0.11122851455917392	0.0087502	0.00041
-0.3293	-0.138	0.1123	-0.0011257373675363424	0.000577703982410123	-0.009484119155337187	1.17046344	29.82679367	1.07049412	0.19027875959474383	0.00865209	0.00048
-0.3388	-0.0386	0.1372	-0.0013020156219877698	0.000710349005561692	-0.009562658971676932	1.07878566	27.49057961	1.01206033	0.1531731546971371	0.00854617	0.0004
-0.3424	0.0639	0.1345	-0.0015166911199830724	0.0007679448708775049	-0.009597565556716819	1.06384158	27.10976028	1.01322159	0.12415889741755012	0.00923562	0.0006
-0.3306	-0.0523	0.0876	-0.001239183768915974	0.0006422811647339132	-0.00957487627644089	1.2029314	30.6541729	1.02304407	0.1961930168743309	0.00780839	0.00026
-0.331	-0.0884	0.0982	-0.0010576695267085637	0.0005637413483941684	-0.009609782861480778	1.11992371	28.53889656	0.97152025	0.06184803217935214	0.0081358	0.00037
-0.336	-0.0604	0.1174	-0.0009250245035569946	0.0005951572749300663	-0.00970752129959246	1.1645416	29.67588806	0.99355619	0.06528996938995749	0.00867099	0.00058
-0.3488	0.1092	0.1248	-0.0012880529879718153	0.0006894050545377602	-0.009812241054712121	1.21118045	30.86438179	1.09163551	0.21789980095710876	0.0100167	0.00078
-0.3513	0.0927	0.1242	-0.001410226035611418	0.0006841690667817771	-0.009862855603019957	1.30904961	33.35837173	1.00425076	0.02850117918517107	0.0105668	0.00135
-0.3437	-0.0943	0.109	-0.0013421581947836393	0.0005811946409141118	-0.009850638298255996	1.32552075	33.77810287	1.15391682	0.2189629785729702	0.00978702	0.00073
-0.3395	-0.063	0.1298	-0.001192059879112127	0.0005166174585903216	-0.009889035541799871	1.20908415	30.81096268	1.01568142	0.06895363707695887	0.0103982	0.00077
-0.3504	-0.0153	0.1568	-0.001361356816555577	0.0006894050545377602	-0.009892526200303859	1.11720622	28.46964645	1.02876664	0.10287875959474375	0.00986516	0.0006
-0.358	0.092	0.1524	-0.0016632987771505957	0.0006911503837897545	-0.009988519309163548	1.09307849	27.85480309	1.0348084	0.13928401993533507	0.0106872	0.00083
-0.3514	-0.0352	0.1096	-0.001609193570338772	0.000598647933434055	-0.010065313796251299	1.14089274	29.07324791	1.03425706	0.18777010721276363	0.00906467	0.00056
-0.3478	-0.1308	0.1038	-0.001387536755335492	0.0005183627878423159	-0.010135126966331072	1.10178113	28.07657051	1.00359351	0.1235877565337396	0.0098654	0.00067
-0.3459	-0.088	0.1185	-0.0012514010736799342	0.0006510078109938849	-0.010105456369047167	1.20573139	30.7255249	1.0337443	0.07432256510455161	0.0101554	0.00076
-0.3579	0.0711	0.132	-0.001673770752662562	0.0006859143960337716	-0.010089748405779218	1.24176979	31.64388657	1.11770118	0.20824921136452312	0.0101128	0.0006
-0.3617	0.0359	0.1241	-0.0017453292519943296	0.0006946410422937432	-0.010133381637079077	1.14018607	29.05524063	0.99093524	0.053095918844579926	0.0101385	0.00043
-0.3491	-0.1135	0.1091	-0.001556833692778942	0.0004886921905584122	-0.010152580258851015	1.27674377	32.53512573	1.06938111	0.1976821516361328	0.00948453	0.00056
-0.3438	-0.0839	0.1191	-0.0012356931104119853	0.00042411500823462205	-0.010032152540463406	1.03139019	26.2828064	0.97073607	0.07020727415391781	0.00919622	0.00051
-0.3651	0.0647	0.1604	-0.0015690509975429022	0.0005619960191421741	-0.01011418301530714	1.17634547	29.97668648	1.085815	0.23886346864411007	0.0103412	0.00068
-0.3695	0.1301	0.1216	-0.0017418385934903407	0.0006300638599699529	-0.010121164332315117	1.0886699	27.74245834	1.02646794	0.1209918376891597	0.0111741	0.00106
-0.3564	-0.1225	0.0152	-0.0010559241974565693	0.00041713369122664475	-0.010185741514638906	1.40755439	35.86855698	1.3164822	0.42027108735504337	0.0104991	0.00108
-0.3479	-0.1841	0.1298	-0.0012514010736799342	0.00034208453339088857	-0.010096729722787197	1.22027266	31.09607887	1.13841662	0.20267689129554156	0.0111895	0.00103
-0.3636	0.0064	0.1824	-0.0015289084247470327	0.0007661995416255106	-0.009690068007072518	1.34616971	34.3042984	1.15351139	0.31421420375082004	0.0110642	0.00094
-0.3598	0.0184	0.1327	-0.0016441001553786586	0.0006649704450098395	-0.009672614714552575	1.17281449	29.8867054	1.01701573	0.07719370598836195	0.0102769	0.00053
-0.3471	-0.2004	0.1097	-0.0009285151620609833	0.000486946861306418	-0.009660397409788614	1.25701797	32.03245544	1.1558235	0.29979129408925287	0.0108479	0.00074
-0.3313	-0.1876	0.1095	9.250245035569947e-05	0.00047647488579445195	-0.009635962800260694	1.08019328	27.5264492	1.01118276	0.08159620987282848	0.0104135	0.00081
-0.3495	-0.0829	0.1424	-0.0002705260340591211	0.0007487462491055673	-0.009770353152664255	1.16723549	29.74453735	1.04291137	0.19428451000647487	0.0100524	0.00056
-0.3522	-0.0078	0.1331	-0.0004747295565424576	0.0007661995416255106	-0.00973195590912038	1.10849571	28.24767685	1.00865071	0.10010270292735778	0.0101863	0.00054
-0.349	-0.1618	0.0973	-0.0003682644721708035	0.0005305800926062762	-0.009864600932271952	1.15960896	29.55018997	1.08158954	0.216736477827123	0.0104519	0.00074
-0.3441	-0.2159	0.0939	0.0015498523757709647	0.0006894050545377602	-0.009948376736367677	1.22445285	31.20260239	1.11545419	0.17043588069844887	0.0129578	0.00284
-0.3557	-0.1166	0.1173	0.0006911503837897545	0.0007138396640656808	-0.010128145649323095	1.27021253	32.36869049	1.06600293	0.18744527572322747	0.0107201	0.0013
-0.3619	-0.0153	0.1461	-8.726646259971648e-06	0.0010890854532444615	-0.01001818990644745	1.28722167	32.80213165	1.09334773	0.19555392810520755	0.0113512	0.00144
-0.3471	-0.0876	0.0885	0.0002024581932313422	0.0008918632477691023	-0.009909979492823802	1.15114427	29.33448601	1.05823271	0.17053087292951608	0.0100006	0.001
-0.355	-0.2358	0.1124	4.0142572795869576e-05	0.0008011061266653974	-0.010259045343222669	1.31114519	33.41177368	1.07381358	0.21010692959690216	0.0122648	0.00121
-0.3575	-0.0572	0.119	-0.0003595378259108319	0.0008621926504851988	-0.010351547793578367	1.15748334	29.49602509	1.11618865	0.21536346864411007	0.00988334	0.00058
-0.3702	-0.0292	0.1313	-0.0005969026041820607	0.0008429940287132613	-0.01034805713507438	1.13944042	29.03623772	1.01212394	0.06600270292735769	0.00966221	0.00037
-0.3631	-0.0645	0.0978	-0.00035604716740684323	0.0007923794804054256	-0.01022762941668677	1.07551098	27.4071312	0.98658481	0.09649488517353311	0.00929266	0.0005
-0.355	-0.1029	0.1092	-0.0003682644721708035	0.0007068583470577034	-0.010283479952750588	1.13530445	28.93084335	0.99332246	0.06557944870877502	0.00980115	0.00077
-0.3351	0.1073	0.1565	-0.0021380283336930534	0.0005585053606381855	-0.009859364944515966	1.34138513	34.18237305	1.28106818	0.3945115928088194	0.0121561	0.0021
-0.3301	0.1257	0.1572	-0.002036799237077382	0.0006702064327658224	-0.009642944117268671	1.43731356	36.62690735	1.07239959	0.04556754979953018	0.0122896	0.00245
-0.3459	0.1712	0.1647	-0.0018168877513260971	0.0008185594191853405	-0.00980002374994816	1.22293115	31.16382408	1.06060121	0.0950672052425146	0.0139406	0.00302
-0.3644	0.0077	0.0991	-0.0008779006137531476	0.0007347836150896127	-0.010428342280666119	1.26381922	32.20576859	1.14892227	0.3301540736193318	0.0108474	0.00098
-0.363	-0.1481	0.109	-0.0006702064327658224	0.0006859143960337716	-0.010564477962321676	1.23785841	31.54421425	1.07268832	0.1867349540849362	0.0121019	0.00151
-0.36	-0.1078	0.1201	-0.0006056292504420323	0.0007766715171374765	-0.010543534011297744	1.06048012	27.02410126	0.99353775	0.06321391272257137	0.011695	0.00111
-0.3723	0.0293	0.1479	-0.0009093165402890458	0.0008220500776893293	-0.010459758207202017	1.20268798	30.64796829	1.07549903	0.19884208272472967	0.0117891	0.00113
-0.3712	0.0	0.1196	-0.0008447393579652555	0.0008063421144213803	-0.010510372755509851	1.09441352	27.88882256	1.0140629	0.06524498469497872	0.0111288	0.00063
-0.3618	-0.1683	0.1163	-0.0007016223593017205	0.0006056292504420323	-0.010634291132401448	1.20916557	30.81303787	1.09697578	0.204387411976724	0.0118095	0.00106
-0.3549	-0.1331	0.1194	-0.000614355896702004	0.0006161012259539982	-0.010508627426257857	1.02604294	26.1465435	0.96595985	0.05637010721276371	0.0107289	0.00068
-0.3736	-0.0152	0.1671	-0.000726056968829641	0.0007871434926494425	-0.01058193125484162	1.2508769	31.8759613	1.07635238	0.20210235837034216	0.0118575	0.00073
-0.374	0.0618	0.1462	-0.0008674286382411819	0.0007278022980816354	-0.010601129876613559	1.18366861	30.16330147	1.03859168	0.10929557428756435	0.0114688	0.0008
-0.3552	-0.1311	0.111	-0.0006754424205218055	0.0004677482395344803	-0.010524335389525807	1.23340154	31.43063927	1.11250462	0.2733417381677142	0.0105982	0.00066
-0.3623	-0.0985	0.1384	-0.0008883725892651138	0.0005288347633542819	-0.010599384547361562	1.07049942	27.27942276	1.00211364	0.08455329251994324	0.010892	0.00081
-0.3735	0.038	0.1741	-0.0011466813185602744	0.0006859143960337716	-0.010564477962321676	1.15602934	29.45897102	1.06137725	0.20591474735072685	0.0112337	0.00066
-0.3713	-0.0601	0.1332	-0.0010506882097005862	0.0005899212871740833	-0.010482447487477942	1.10864925	28.25159073	1.03534773	0.1549008346281555	0.0102645	0.00054
-0.3625	-0.1894	0.1331	-0.0010245082709206715	0.0004991641660703782	-0.01040041701263421	1.12675083	28.71286964	1.04897998	0.1481483767363677	0.0113262	0.00066
-0.3696	-0.0554	0.1462	-0.0010576695267085637	0.0004956735075663896	-0.010388199707870248	1.15284193	29.37774849	1.07773779	0.15664346095279216	0.0099287	0.00046
-0.3853	0.0241	0.1544	-0.0013892820845874865	0.000705113017805709	-0.010494664792241901	1.08699048	27.69966316	1.0151827	0.1357758576244948	0.0105949	0.00081
-0.3844	-0.1521	0.1089	-0.0011431906600562858	0.0005044001538263612	-0.010691886997717262	1.28092158	32.6415863	1.15335513	0.25480132469929545	0.0114697	0.00094
-0.3813	-0.1457	0.1165	-0.000645771823237902	0.0005567600313861911	-0.010737265558269114	1.17477953	29.93678093	1.02822891	0.04685786374650336	0.0109921	0.00063
-0.3965	-0.0014	0.1674	-0.0006335545184739417	0.0006876597252857658	-0.010836749325632793	1.19399536	30.42645454	1.09424355	0.22253003830136073	0.0115731	0.00076
-0.4116	0.0078	0.167	-0.0008063421144213803	0.00048520153205442357	-0.011089822067171969	1.27553821	32.50440216	1.00851751	0.05611592653589781	0.0121732	0.00111
-0.402	-0.1287	0.1354	-0.0004572762640225143	0.0003473205211468716	-0.011107275359691913	1.3068347	33.30192947	1.13200771	0.20292000769131807	0.0123678	0.00145
-0.3937	-0.0982	0.1299	-0.000445058959258554	0.0003298672286269283	-0.01099731961681627	1.1132679	28.36928558	1.00111462	0.051281317007977376	0.0112914	0.00061
-0.4041	0.058	0.1655	-0.0009791297103688187	0.0004625122517784973	-0.011016518238588208	1.19754708	30.51696396	1.10293643	0.23649571980168865	0.0118347	0.00106
-0.4024	-0.0547	0.1619	-0.0011623892818282235	0.00041713369122664475	-0.01096939434878436	1.0816201	27.56280899	1.04203322	0.1317881010907553	0.0117154	0.00087
-0.3878	-0.1507	0.1189	-0.0007993607974134029	0.000322885911618951	-0.010943214410004447	1.08649588	27.6870575	1.03176522	0.17777281014012136	0.0114369	0.00114
-0.3896	-0.1357	0.1799	-0.00102799892942466	0.00034906585039886593	-0.010826277350120825	1.06072831	27.03042603	1.03344172	0.09638775653373971	0.0127341	0.00144
-0.4001	-0.067	0.2142	-0.0014276793281313615	0.0006003932626860494	-0.010866419922916697	1.10571909	28.17691994	1.0423445	0.1480575191894878	0.0134949	0.00191
-0.3824	-0.1304	0.1627	-0.0013037609512397642	0.0004886921905584122	-0.010627309815393473	1.08507681	27.65089607	1.03592497	0.15633647782712287	0.0128044	0.00137
-0.3684	-0.2106	0.1629	-0.0009564404300928925	0.00019547687622336493	-0.010470230182713982	1.07166636	27.30915833	1.0095404	0.13428077340807054	0.0133653	0.00178
-0.3769	-0.0711	0.1892	-0.0010681415022205296	0.0003961897402027128	-0.01038470904936626	1.1725651	29.88035011	1.06809071	0.19419675347273532	0.0120389	0.00115
-0.3821	0.041	0.1716	-0.0013439035240356337	0.00041713369122664475	-0.010398671683382215	1.23827577	31.55484962	1.0304873	0.15043343034274956	0.0120554	0.001
-0.3659	-0.093	0.1404	-0.0011013027580084218	0.0002565634000431664	-0.010266026660230645	1.19013047	30.32796669	1.0647234	0.20819080401811296	0.0107046	0.00088
-0.364	-0.1789	0.1651	-0.0009494591130849152	0.0002007128639793479	-0.010285225282002585	1.18879032	30.29381752	1.01381216	0.12384464013796324	0.0115123	0.00086
-0.3799	-0.044	0.1968	-0.0012671090369478833	0.0003438298626428829	-0.01037598240310629	1.21122324	30.86547089	1.0757242	0.2100762021815105	0.0115876	0.00074
-0.3883	-0.0268	0.1919	-0.0014346606451393388	0.0003822271061867582	-0.010552260657557717	1.12594604	28.69236183	1.01140127	0.04961135530933787	0.0115367	0.00076
-0.3792	-0.0805	0.1714	-0.0012007865253720988	0.00023212879051524583	-0.010644763107913416	1.04672205	26.67350578	0.98992641	0.10712374428972252	0.0108902	0.00058
-0.3769	-0.152	0.1853	-0.001155407964820246	7.504915783575618e-05	-0.01063080047389746	1.0728265	27.33872223	0.98671009	0.09852104136236484	0.0118784	0.001
-0.3899	-0.0359	0.2231	-0.0013212142437597075	0.0001937315469713706	-0.010732029570513132	1.20032561	30.58776855	1.06804587	0.18618588823453733	0.0124729	0.00094
-0.3989	-0.0188	0.2318	-0.0013753194505715315	0.0003717551306747922	-0.010702358973229227	1.15013611	29.30879402	1.00783172	0.04788996938995752	0.0133392	0.00123
-0.3929	-0.0998	0.187	-0.0013055062804917586	0.00020594885173533088	-0.01077915346031698	1.11717165	28.46876526	1.02786881	0.14742069680534936	0.011746	0.00081
-0.3817	-0.1247	0.1974	-0.0012514010736799342	7.155849933176751e-05	-0.010625564486141478	1.10949397	28.27311516	0.97895188	0.06360422666954453	0.011879	0.00071
-0.3946	-0.0477	0.2263	-0.001410226035611418	0.00022689280275926284	-0.010745992204529087	1.06805182	27.21705055	1.01302432	0.14052934918732943	0.0128163	0.00084
-0.3984	0.0319	0.2248	-0.0015707963267948967	0.0003525565089028545	-0.010784389448072963	1.12834227	28.7534256	1.03867287	0.10113156204354724	0.0128995	0.00145
-0.3815	-0.1542	0.1875	-0.001410226035611418	0.00010995574287564276	-0.010599384547361562	1.2320621	31.39650536	1.14013184	0.26970879789610447	0.0121927	0.00098
-0.3785	-0.1534	0.1909	-0.0010629055144645468	0.00014311699866353502	-0.010571459279329653	1.0230881	26.07124519	0.97013132	0.027620352248333608	0.0120663	0.00108
-0.3894	-0.0514	0.2115	-0.001308996938995747	0.00028623399732707005	-0.010737265558269114	1.10475504	28.15235519	1.02874073	0.16125073510670984	0.0120607	0.00068
-0.3894	-0.0196	0.1906	-0.0014311699866353504	0.0003159045946109737	-0.010786134777324957	1.05205989	26.80953026	0.98076112	0.0627356431989675	0.0122246	0.00073
-0.3828	-0.1185	0.1507	-0.0012077678423800758	0.00015533430342749534	-0.010773917472560995	1.11250007	28.34972	1.00977173	0.1652094870101358	0.0111354	0.00064
-0.3789	-0.1747	0.1658	-0.001048942880448592	5.759586531581287e-05	-0.010740756216773102	1.06208014	27.06487465	0.98105737	0.08968623279155293	0.0121272	0.00094
-0.3934	-0.0832	0.2065	-0.0012479104151759456	0.0002600540585471551	-0.010854202618152736	1.21203876	30.88625526	1.05543587	0.17244360646691648	0.0129593	0.00088
-0.3999	0.0805	0.2183	-0.0015760323145508795	0.00032463124087094524	-0.01096066770252439	1.28753603	32.81014252	1.10808113	0.20695820830351885	0.014446	0.0011
-0.3957	-0.1332	0.1775	-0.0015027284859671175	0.00017104226669544429	-0.011037462189612138	1.30024254	33.13394165	1.15585823	0.27388436449235054	0.0127314	0.00117
-0.3898	-0.2157	0.1963	-0.0012775810124598492	5.061454830783555e-05	-0.011000810275320258	1.14415336	29.15633774	1.0131978	0.1263113553093379	0.0141571	0.00155
-0.3964	-0.135	0.2038	-0.001256637061435917	9.42477796076938e-05	-0.011054915482132083	1.13357556	28.88678551	1.01330666	0.10073411945678076	0.0135971	0.00121
-0.42	-0.048	0.2481	-0.001308996938995747	0.00023212879051524583	-0.011276572297135364	1.23046935	31.35591888	1.08862779	0.17549488517353312	0.0147325	0.0017
-0.4261	0.0125	0.1768	-0.001075122819228507	0.00016231562043547262	-0.011313224211427244	1.16789079	29.76123619	1.05755104	0.15491696020694465	0.0127689	0.00086
-0.4297	-0.1669	0.1824	-0.0011309733552923255	8.726646259971648e-06	-0.011508701087650609	1.21669996	31.0050354	1.10881507	0.20884581932313423	0.0143008	0.00168
-0.4072	-0.1124	0.1983	-0.0009599310885968812	-1.5707963267948964e-05	-0.011191051163787642	1.08200896	27.57271957	1.008917	0.11855634000431658	0.0132569	0.00114
-0.4179	-0.0154	0.24	-0.0014695672301792255	0.00014486232791552936	-0.011238175053591488	1.10814452	28.23872757	1.04324532	0.18526651612848344	0.0142536	0.00178
-0.4181	0.0088	0.2418	-0.001504473815219112	0.00024260076602721178	-0.011178833859023681	1.07392168	27.36663055	0.99800781	0.035799310885968834	0.0141115	0.00145
-0.4048	-0.0874	0.1853	-0.0012723450247038664	2.4434609527920616e-05	-0.01096066770252439	1.09596741	27.92841911	1.03763164	0.19942305517569145	0.0122713	0.00101
-0.3973	-0.0929	0.1807	-0.0012514010736799342	-0.0001675516081914556	-0.01084023998413678	1.09072638	27.79486275	0.99332333	0.03426789435654587	0.0115449	0.00081
-0.4046	-0.1159	0.2039	-0.0014556045961632708	-9.773843811168246e-05	-0.010848966630396752	1.01790953	25.93927956	0.97852641	0.0676371669411541	0.0125927	0.001
-0.402	0.0383	0.1944	-0.001583013631558857	-2.96705972839036e-05	-0.01077566280181299	1.29872727	33.09532928	1.08700973	0.1797390352403564	0.0129871	0.00121
-0.3942	-0.0432	0.157	-0.001408480706359424	-0.00011519173063162575	-0.010576695267085637	1.13423753	28.90365219	1.04147404	0.14965107966372543	0.01119	0.00064
-0.3869	-0.1061	0.1683	-0.0013491395117916165	-0.0002303834612632515	-0.010550515328305723	1.13643372	28.95961761	0.98975879	0.09153564319896736	0.011313	0.00071
-0.3868	-0.1272	0.1782	-0.0013439035240356337	-0.0003054326190990077	-0.010618583169133501	1.07540381	27.40439987	0.97684456	0.03851764932097593	0.0117456	0.00083
-0.3924	-0.0639	0.1981	-0.0015271630954950383	-0.00021467549799530252	-0.010653489754173387	1.18754828	30.26216507	0.99859008	0.10424616388014984	0.0116705	0.00076
-0.3927	0.0807	0.1883	-0.0016790067404185449	-0.0001884955592153876	-0.01056971395007766	1.2317183	31.38774681	1.08895291	0.1677899693899574	0.0135112	0.0013
-0.3858	0.0611	0.0905	-0.007646287452987157	-0.0026284658535034606	-0.011159635237251742	1.97468138	50.32059479	1.87233786	0.5741586147015384	0.0272069	0.03643
-0.3554	-0.0037	0.0599	-0.006492624817418905	-0.002398082392240209	-0.010962413031776383	1.2332195	31.4260006	1.17740257	0.20486341511534312	0.0210041	0.0204
-0.4766	0.152	0.0997	-0.005944591432292687	-0.009740682555380353	-0.01640784029799869	1.81469595	46.24370193	1.93259351	0.9835030407244336	0.0425867	0.08199
-0.4446	0.2449	0.1046	-0.006557201999742696	-0.008162904911577479	-0.014880677202503653	1.20982146	30.82975006	1.21911215	0.3156775653373961	0.0380467	0.06935
-0.448	0.2581	0.0131	-0.00909491073214245	-0.008150687606813518	-0.014135421611902073	1.37607741	35.06643295	1.4293592	0.27285908138826476	0.0481486	0.0968
-0.7134	0.791	-0.0741	-0.023068016723609055	-0.019907225448247322	-0.036969564215743884	4.35148907	110.88852692	4.65439549	3.313689321837111	0.175457	0.33157
-0.367	0.6523	-0.0586	-0.018655824374567385	-0.010950195727012422	-0.01863662575279545	3.54891205	90.43654633	3.61700015	2.0857080266612504	0.0994474	0.21158
-0.399	0.825	-0.0278	-0.017404423300887453	-0.010208430794914833	-0.019500563732532644	1.39175916	35.46604919	1.32497772	0.3783551992757357	0.101024	0.21563
-0.4035	0.7457	-0.1374	-0.01714960523009628	-0.010318386537790476	-0.01980076036387567	1.34221756	34.20358658	1.21872417	0.22664852225049195	0.100058	0.20876
-0.4032	0.6165	-0.1359	-0.016940165719856962	-0.010501646109249882	-0.01967684198698407	1.21898544	31.06327629	1.1487785	0.15683087292951614	0.0936619	0.19556
-0.3983	0.7987	-0.1424	-0.01664171441776593	-0.010421360963658142	-0.01934522942910515	1.30332971	33.21261215	1.18362343	0.22911745027808453	0.100276	0.21097
