trans_x	trans_y	trans_z	rot_x	rot_y	rot_z	dvars_std	dvars_nstd	dvars_vstd	framewise_displacement	aqi	aor
0.0	-0.0	0.0	-0.0	0.0	-0.0	n/a	n/a	n/a	n/a	0.0116682	0.00137
-0.0096	-0.0024	0.0752	-0.00047822021504644627	-4.71238898038469e-05	-8.028514559173915e-05	1.19767392	29.2622261	1.07831845	0.11748146252210162	0.0106127	0.00155
-0.0155	-0.0032	0.0431	-0.00034906585039886593	-8.028514559173915e-05	-0.0003298672286269283	1.12285519	27.43421364	1.04861022	0.059394885173533085	0.0104849	0.00137
-0.0084	-0.0562	-0.0034	-0.0001186823891356144	-6.632251157578452e-05	-0.00017976891295541595	1.11030889	27.12767601	1.02105325	0.12632222054753592	0.00986367	0.00079
-0.0016	-0.0443	0.0125	-0.0002443460952792061	-2.4434609527920616e-05	-0.0001972222054753592	1.09951901	26.86405182	0.98869496	0.04385024503556995	0.00965101	0.00091
-0.0005	0.0666	0.0657	-0.0004363323129985824	-5.585053606381854e-05	1.3962634015954635e-05	1.18293881	28.90221024	1.06610148	0.18692934918732945	0.0108041	0.00112
0.0039	-0.0122	0.0208	-0.00021467549799530252	-8.726646259971648e-06	0.00015533430342749534	1.100034	26.8766346	0.99241745	0.14860761871093336	0.00992715	0.00078
0.0028	-0.0328	0.0023	-0.00032812189937493397	-5.4105206811824215e-05	0.0001012290966156711	1.13637161	27.7644558	1.02448624	0.05084650843716541	0.0102779	0.00079
0.0027	0.0569	0.0419	-0.000710349005561692	-0.0001012290966156711	0.00013264502315156904	1.13905013	27.82989883	1.0389328	0.15243834612632515	0.0111512	0.00064
-0.0063	0.0537	0.1064	-0.00047123889803846896	0.00015707963267948963	-8.726646259971648e-06	1.13689268	27.77718544	1.01515224	0.10863952531149625	0.0112514	0.00149
-0.007	0.0246	0.0378	-0.00045902159327450867	8.901179185171081e-05	-0.00011519173063162575	1.13797033	27.80351639	1.04687273	0.10773751149816964	0.0107598	0.00082
-0.0048	-0.0417	0.0296	-0.0008639379797371932	5.585053606381854e-05	-6.632251157578452e-05	1.21450639	29.6734848	1.04164312	0.10104734306532089	0.010982	0.00111
-0.0079	-0.0181	0.0796	-0.0008395033702092724	2.094395102393195e-05	-4.18879020478639e-05	1.27889752	31.24672699	1.03873123	0.0808887902047864	0.0112981	0.00124
-0.0125	0.0533	0.1031	-0.0007278022980816354	-6.981317007977319e-05	1.5707963267948964e-05	1.20839429	29.52415085	1.01169252	0.11250270292735776	0.0115519	0.00142
-0.0135	-0.0625	0.0425	-0.0007592182246175333	-5.061454830783555e-05	-2.6179938779914945e-05	1.11067212	27.1365509	1.02547407	0.18202512251778497	0.0101224	0.00099
-0.0124	-0.0539	0.0349	-0.0005148721293383271	-0.00010995574287564276	-7.330382858376184e-05	1.05245459	25.71414757	0.95152054	0.034840558982543006	0.00984335	0.00075
-0.0124	0.0505	0.0748	-0.0005619960191421741	-0.0001239183768915974	-3.490658503988659e-05	1.11726499	27.29763031	1.02513827	0.14927418836818385	0.0104105	0.00111
-0.0128	0.017	0.0986	-0.0005270894341022875	-4.537856055185256e-05	3.316125578789226e-05	1.03610444	25.31467247	0.97321227	0.06677571211037049	0.00942504	0.00088
-0.0102	0.0197	0.0285	-0.000307177948351002	4.363323129985824e-05	0.00014660765716752367	1.06700337	26.0696125	0.99687508	0.09651848394913136	0.0100291	0.00114
-0.0088	-0.0498	0.0128	-0.00030368728984701333	-8.37758040957278e-05	0.00011170107212763708	1.08313775	26.46381569	1.00062796	0.09489031394697306	0.00907826	0.00072
-0.0071	-0.0151	0.036	-0.00033335788713091696	-0.0002670353755551324	5.061454830783555e-05	1.06387305	25.99312973	0.98012739	0.07330083462815548	0.00949067	0.00103
-0.0105	0.0411	0.0999	-0.0005078908123303499	-0.0001361356816555577	3.839724354387525e-05	1.10286868	26.94589233	1.03886721	0.1393824961931484	0.00987875	0.00128
-0.0133	-0.0054	0.0748	-0.0002565634000431664	-4.537856055185256e-05	0.00017802358370342162	1.06773853	26.0875721	1.00457116	0.09848554367752173	0.00892067	0.00069
-0.0084	-0.0567	0.0318	-0.0005480333851262194	-0.00011519173063162575	0.00018500490071139895	1.05687535	25.82215881	0.97454536	0.1176132236085402	0.00875449	0.00063
-0.0427	-0.11	0.193	-0.000752236907609556	-0.0008168140899333463	-0.0009354964790689606	1.44120705	35.21236038	1.37296263	0.3501163630782708	0.0134017	0.00977
-0.0315	-0.0165	0.2207	-0.001609193570338772	-0.0009424777960769379	5.235987755982989e-05	1.32942963	32.48135376	1.28098527	0.23092383627507987	0.0116148	0.00405
-0.0141	-0.1198	0.091	-0.0018552849948699724	-0.0005358160803622592	0.0004206243497306334	1.21435654	29.6698246	1.13327896	0.30145088062083414	0.00930125	0.00082
-0.0137	-0.0742	0.0946	-0.0015079644737231008	-0.0004747295565424576	0.00016406094968746698	1.04639292	25.56604576	0.96433035	0.08284852225049198	0.00921983	0.00072
-0.012	-0.0197	0.1241	-0.0012164944886400475	-0.00011170107212763708	-1.9198621771937625e-05	1.08067644	26.4036808	0.98792201	0.1275879020478639	0.00944227	0.00076
-0.0104	-0.0212	0.0658	-0.0009826203688728075	-0.00029496064358704166	0.00017802358370342162	1.06866896	26.11030769	0.9784547	0.09211779483510019	0.00871587	0.00066
-0.0094	-0.0915	0.0499	-0.0008203047484373349	-0.00037350045992678646	0.00014137166941154068	1.05577016	25.79515648	0.9731492	0.10107536755335492	0.00857329	0.00043
-0.0081	0.0001	0.0794	-0.00091106186954104	-0.0004310963252425994	0.00012217304763960306	1.03566158	25.30385208	0.97986138	0.1307775804095728	0.00944865	0.00058
-0.0092	-0.0374	0.1191	-0.0007016223593017205	-0.00033335788713091696	0.0002600540585471551	1.02635527	25.07647514	0.97245628	0.10055294796292771	0.00886065	0.00066
-0.0058	-0.0445	0.076	-0.0006841690667817771	-0.00028099800957108706	0.000439822971502571	0.98712516	24.11798286	0.94312465	0.06607910415175945	0.00858444	0.00058
-0.002	-0.0302	0.0578	-0.000577703982410123	-0.00039793506945470715	0.0004310963252425994	1.02070379	24.93839455	0.9488956	0.04790643952576229	0.00871265	0.00027
-0.0075	-0.0433	0.0889	-0.000895353906273091	-0.00046949356878647465	0.00039793506945470715	1.0308125	25.18537521	0.96494191	0.07081848394913139	0.00903821	0.00045
-0.0091	0.0573	0.1065	-0.00091106186954104	-0.0003298672286269283	0.00047123889803846896	1.09736252	26.81136322	1.01241874	0.13123190660056283	0.0101923	0.00064
-0.0036	-0.0261	0.0351	-0.0009983283321407565	-0.00034906585039886593	0.0005148721293383271	1.05603969	25.80174065	0.99354311	0.16780491578357562	0.00909835	0.00039
0.0008	-0.0608	0.0392	-0.0011938052083641214	-0.00034906585039886593	0.000486946861306418	1.00242698	24.49184608	0.94259396	0.054370107212763696	0.00957221	0.00051
-0.004	0.0174	0.0962	-0.001186823891356144	-0.0004328416544945937	0.00047822021504644627	1.03978944	25.40470505	0.97301399	0.14497418836818382	0.00979364	0.00072
-0.0052	0.023	0.0631	-0.0008447393579652555	-0.000307177948351002	0.00048345620280242926	1.04527676	25.53877449	0.96418724	0.06354921136452316	0.00939304	0.0004
-0.0032	-0.0571	0.0319	-0.0007871434926494425	-0.00045902159327450867	0.0004939281783143952	1.04522383	25.53748131	0.97144987	0.12429557428756428	0.00882399	0.00033
-0.0014	-0.0502	0.0433	-0.0007592182246175333	-0.0005166174585903216	0.0004433136300065597	0.9850266	24.06670952	0.92579321	0.026906784082777874	0.00909477	0.00042
-0.0043	0.0633	0.0865	-0.0007679448708775049	-0.0005061454830783556	0.0005061454830783556	1.07875204	26.35666275	1.00002428	0.16370152374218666	0.00984716	0.00066
-0.0023	0.0456	0.0518	-0.0006736970912698113	-0.0004258603374866164	0.0006003932626860494	1.02635682	25.07651329	0.96739489	0.06783903524035632	0.00960672	0.00061
-0.0049	-0.0725	0.0282	-0.0005811946409141118	-0.0005288347633542819	0.0004886921905584122	1.0967766	26.79704666	1.00091132	0.15965889741755013	0.00887305	0.00025
-0.0047	0.0205	0.023	-0.0004258603374866164	-0.0006161012259539982	0.0005148721293383271	1.01227021	24.73233986	0.95291308	0.11183903524035632	0.00947803	0.00048
-0.0103	0.0409	0.0769	-0.000661479786505851	-0.0004956735075663896	0.0004572762640225143	1.01148033	24.71304131	0.96925576	0.1005821516361328	0.00941354	0.00075
-0.0137	0.0419	0.0748	-0.000705113017805709	-0.0003316125578789226	0.00040840704496667313	1.02346039	25.00574493	0.96207562	0.019328170002158303	0.00924736	0.00072
-0.0053	-0.054	0.0266	-0.0007243116395776468	-0.00047647488579445195	0.0004328416544945937	1.07510591	26.26757812	0.98978599	0.1619247779607694	0.00905591	0.00045
-0.0043	-0.0368	0.031	-0.0008395033702092724	-0.000619591884457987	0.00032637657012293966	0.98006171	23.94540596	0.93213953	0.040838690683340735	0.00942379	0.00037
-0.0049	0.0507	0.079	-0.0005393067388662478	-0.00042760566673861073	0.0002740166925631097	1.05479205	25.77125931	0.99115946	0.1633271363311115	0.00976211	0.00082
-0.0088	-0.0232	0.0696	-0.000879645943005142	-0.00038048177693476387	0.0004433136300065597	1.05813003	25.85281181	0.97919457	0.11503800156930954	0.00873971	0.00048
-0.0033	-0.024	0.0198	-0.0006422811647339132	-0.0005148721293383271	0.00039269908169872416	1.01882505	24.89249229	0.96452978	0.07721848394913138	0.00915748	0.00063
-0.0042	-0.0316	0.0247	-0.0006789330790257941	-0.000640535835481919	0.0002583087292951608	1.00767827	24.62014961	0.96921891	0.028235298641951807	0.00997251	0.00055
-0.0051	0.0124	0.0833	-0.0008970992355250854	-0.0004537856055185257	0.0004363323129985824	1.03583503	25.3080883	0.97102506	0.1326469985083053	0.00927722	0.00079
-0.0052	0.0177	0.0248	-0.0006702064327658224	-0.00041015237421866745	0.0004363323129985824	1.0775528	26.32736206	0.99410655	0.07742630170295604	0.00972486	0.00069
0.0018	-0.0425	0.0154	-0.0008360127117052838	-0.0006928957130417488	0.0003630284844148205	1.06510139	26.02314186	0.96198661	0.10269267231731521	0.0096755	0.00069
-0.0019	0.0066	0.0722	-0.0010088003076527223	-0.000635299847725936	0.00040666171571467877	1.03831816	25.36875916	0.97695734	0.12330083462815548	0.00968015	0.0007
-0.0016	0.0614	0.0579	-0.0006789330790257941	-0.0004677482395344803	0.0005026548245743669	1.08686888	26.55497551	1.00138258	0.0990705972839036	0.0101646	0.00091
0.0019	-0.0175	0.0052	-0.0005375614096142535	-0.0005846852994181004	0.0005445427266222308	1.07013893	26.14622116	1.01426589	0.15010983156715124	0.00965375	0.00075
-0.0011	-0.0497	0.0441	-0.0003892084231947355	-0.0006003932626860494	0.00041713369122664475	1.0316354	25.20548248	0.96353615	0.08867349925415265	0.00928348	0.00043
-0.0016	0.0709	0.0861	-0.0002670353755551324	-0.0005445427266222308	0.0005619960191421741	1.10509884	27.00038147	1.02503804	0.17924429558094757	0.00990319	0.00067
0.0012	0.0307	0.034	-0.0003612831551628262	-0.0005654866776461627	0.0005916666164260777	1.02703357	25.09304619	0.96702319	0.10234311639577647	0.00901002	0.00046
0.0031	-0.0263	0.0481	-0.0002652900463031381	-0.0007086036763096977	0.0005602506898901797	1.02584767	25.06407356	0.96230614	0.08652630170295605	0.00868559	0.00028
0.0002	-0.0316	0.0868	-0.000661479786505851	-0.0006649704450098395	0.000582939970166106	1.01709747	24.85028267	0.964058	0.07002561258892488	0.00867122	0.00066
-0.0035	0.0513	0.0986	-0.0004677482395344803	-0.0005462880558742252	0.0006422811647339132	1.05789351	25.84703445	0.98818705	0.1169877565337396	0.00921071	0.00069
0.0017	-0.0006	0.0029	-0.00040666171571467877	-0.0005899212871740833	0.0005969026041820607	1.09216392	26.68434906	1.01598077	0.1603049157835756	0.00904858	0.00085
0.0019	-0.027	0.0117	-0.0005340707511102648	-0.0006475171524898963	0.0004991641660703782	1.0304786	25.17721939	0.97296436	0.04953716694115407	0.00909126	0.00058
-0.0012	0.0225	0.0785	-0.0008552113334772215	-0.0006021385919380437	0.0005619960191421741	1.05113328	25.68186569	0.99547684	0.14086754979953023	0.00898266	0.0006
-0.0006	0.0515	0.0194	-0.0005899212871740833	-0.0004974188368183839	0.0005707226654021458	1.10534823	27.00647545	1.00109805	0.10763682238413848	0.00973243	0.00066
0.0003	-0.092	-0.0058	-0.0005480333851262194	-0.000593411945678072	0.0005515240436302081	1.12922275	27.58979034	1.04175338	0.17745398163397447	0.00889337	0.00072
-0.0019	-0.0005	0.0486	-0.0007923794804054256	-0.000619591884457987	0.000466002910282486	1.0514133	25.68870544	0.99704635	0.16590235837034215	0.00890136	0.00039
-0.0068	0.0431	0.0656	-0.00062482787221397	-0.00041538836197465044	0.0005166174585903216	1.04772413	25.59856987	0.96715956	0.08661848394913138	0.00927985	0.00052
-0.0028	-0.0476	0.0091	-0.0004939281783143952	-0.0005707226654021458	0.00046425758103049166	1.07737887	26.32311058	1.01637203	0.168129693744345	0.00891256	0.00045
0.0004	-0.0514	0.0105	-0.00047647488579445195	-0.0005724679946541401	0.000460766922526503	1.00742567	24.61397743	0.96080508	0.009534464013796307	0.00838286	0.00045
-0.0031	0.0076	0.0656	-0.0007609635538695277	-0.0005550147021341969	0.0005410520681182421	1.02526176	25.049757	0.98110267	0.13671135530933792	0.00852907	0.00025
-0.0039	-0.017	0.0682	-0.0007208209810736582	-0.00048345620280242926	0.0006178465552059926	1.01232374	24.7336483	0.96369706	0.037424777960769366	0.00847113	0.00049
0.0029	0.0121	0.0011	-0.0005235987755982988	-0.0005497787143782138	0.0005724679946541401	1.0441618	25.51153374	0.98600675	0.11844616388014982	0.00905406	0.00057
0.0041	-0.0166	0.003	-0.0008848819307611251	-0.0006562437987498679	0.0005742133239061344	1.0352844	25.29463577	0.95523802	0.055274678439323745	0.00941652	0.00051
-0.0056	0.036	0.0916	-0.0010821041362364843	-0.0005794493116621174	0.0007243116395776468	1.0796957	26.37971878	1.02127029	0.17210575041173107	0.00889564	0.00043
-0.0049	0.0189	0.0387	-0.0008970992355250854	-0.0005445427266222308	0.0006963863715457374	1.05730557	25.83267021	0.97960436	0.08309183768915973	0.00879782	0.00066
0.0003	-0.051	0.0158	-0.0007819075048934597	-0.0007382742735936014	0.0005619960191421741	1.04008472	25.41192055	0.96114039	0.12016568150032796	0.00838792	0.0004
-0.0038	0.0242	0.077	-0.0010262536001726657	-0.0006300638599699529	0.0005427973973702365	1.06393969	25.99475861	0.99441347	0.15908775653373955	0.00918233	0.00058
-0.0069	0.0439	0.0723	-0.000705113017805709	-0.0005253441048502931	0.0005358160803622592	1.04464567	25.52335739	0.95854089	0.04914208272472968	0.00944841	0.00072
-0.0027	-0.038	0.0071	-0.0005864306286700947	-0.0005916666164260777	0.00040317105721069014	1.07473075	26.25841141	1.01513749	0.1671824961931484	0.00872606	0.00046
-0.0045	-0.0099	0.0359	-0.0008639379797371932	-0.000726056968829641	0.00032463124087094524	1.02700031	25.09223366	0.95780725	0.08322187599052033	0.00895953	0.00028
-0.0069	0.0304	0.091	-0.000890117918517108	-0.0005637413483941684	0.00047822021504644627	1.02595365	25.06666374	0.96940671	0.1149042266695444	0.0088979	0.00055
-0.0082	0.0205	0.04	-0.0006126105674500097	-0.00048520153205442357	0.0005323254218582705	1.02485144	25.03973389	0.96048203	0.08270761871093338	0.00875556	0.00049
-0.0062	-0.0903	0.0255	-0.0004974188368183839	-0.0006492624817418905	0.0004485496177625427	1.07234955	26.20023346	0.98577276	0.14545142422074103	0.00839543	0.00042
-0.0056	-0.0301	0.0451	-0.000905825881785057	-0.0006021385919380437	0.000445058959258554	1.07690549	26.31154633	1.00535373	0.10335107966372543	0.0096392	0.00063
-0.012	0.06	0.0924	-0.0008587019919812101	-0.0005026548245743669	0.000577703982410123	1.13966835	27.84500122	1.04035686	0.1577626340159546	0.00961995	0.0007
-0.0088	-0.0417	0.0237	-0.0007819075048934597	-0.000486946861306418	0.0005515240436302081	1.07882476	26.35843849	1.00931714	0.1795341194567807	0.00855434	0.00028
-0.0089	-0.0955	0.0179	-0.0007609635538695277	-0.0006230825429619757	0.00041189770347066176	1.04882157	25.62538528	0.96063553	0.0745352986419518	0.00893426	0.00039
-0.0111	0.0037	0.079	-0.0011013027580084218	-0.0005759586531581287	0.00047822021504644627	1.12762785	27.5508213	1.03029391	0.18518928027592624	0.00892675	0.0004
-0.0119	0.0569	0.0736	-0.0008569566627292158	-0.00040840704496667313	0.0005393067388662478	1.09269273	26.69726944	0.97150861	0.08304921136452317	0.0099951	0.00079
-0.008	-0.0501	0.0207	-0.000874409955249159	-0.0005654866776461627	0.0004328416544945937	1.10871434	27.08871841	1.03875073	0.17784990047855437	0.00923795	0.00042
-0.0126	-0.0646	0.0623	-0.001244419756671957	-0.0006230825429619757	0.0003159045946109737	1.04511166	25.53474045	0.97514165	0.08792713633111153	0.0101494	0.00058
-0.013	-0.0253	0.0944	-0.0012775810124598492	-0.0006335545184739417	0.0003822271061867582	1.08913076	26.61024094	0.97285113	0.07729778714378213	0.00918895	0.0007
-0.0096	-0.0495	0.0356	-0.0010716321607245184	-0.0005637413483941684	0.0003595378259108319	1.03175366	25.20837021	0.97634877	0.10132256510455152	0.00948673	0.00076
-0.0092	-0.0403	0.0478	-0.0011798425743481666	-0.0007330382858376184	0.0002897246558310587	1.00041854	24.44277382	0.93435676	0.03916602605734357	0.00983453	0.00079
-0.0097	-0.0006	0.107	-0.0013456488532876281	-0.0005846852994181004	0.00026878070480712676	1.15873218	28.31077957	0.99209254	0.11615516081914556	0.0102117	0.0009
-0.0093	0.0515	0.0643	-0.0011222467090323538	-0.0004433136300065597	0.00040317105721069014	1.08957088	26.62099457	0.99532303	0.12015820830351892	0.011222	0.00111
-0.0094	-0.078	0.038	-0.0008360127117052838	-0.0006283185307179585	0.0003822271061867582	1.14056408	27.86688805	1.04327013	0.18050914245312	0.00995272	0.0006
-0.0089	0.007	0.0613	-0.0009023352232810684	-0.0006806784082777885	0.0003473205211468716	1.06547797	26.03234291	0.99168172	0.11647944870877507	0.0108576	0.00123
-0.0105	-0.0469	0.1074	-0.0013037609512397642	-0.0003769911184307752	0.0004886921905584122	1.10808086	27.07323837	1.00905549	0.1439242343608625	0.00991666	0.00109
-0.0139	-0.0049	0.0466	-0.0010053096491487337	-0.0004747295565424576	0.0005445427266222308	1.08360088	26.47513008	1.01358624	0.12880201381332657	0.0102094	0.00079
-0.013	-0.1152	0.0357	-0.0008237954069413235	-0.0006597344572538566	0.00041538836197465044	1.10320556	26.95412445	1.0116727	0.14688367537831945	0.00942969	0.00097
-0.0139	-0.0168	0.0414	-0.0007120943348136865	-0.0006510078109938849	0.0004433136300065597	1.17534757	28.71673775	1.02182037	0.11241764932097588	0.00956798	0.00066
-0.014	0.0017	0.096	-0.0008552113334772215	-0.00047123889803846896	0.0007278022980816354	1.15754378	28.28174591	1.03144756	0.10356872898470132	0.00970525	0.00082
-0.0116	-0.0183	0.1384	-0.0009721483933608416	-0.00041713369122664475	0.0014189526818713899	1.1400162	27.85350227	1.04582266	0.10790963252425992	0.00993592	0.00137
0.0011	-0.138	0.1134	-0.0013665928043115599	-0.00042935099599060504	0.0006684611035138282	1.18034434	28.83882141	1.08977132	0.215257664703612	0.00994903	0.00115
-0.0089	-0.0219	0.1518	-0.0021519909677090087	-0.0003769911184307752	0.0009494591130849152	1.15165043	28.13775444	1.0712728	0.22043780252641829	0.0107284	0.00167
-0.0089	-0.0641	0.0678	-0.0013072516097437528	-0.000312413936106985	0.0007557275661135446	1.10873592	27.08924294	1.04866327	0.18135240436302083	0.00866562	0.00076
-0.0201	-0.1976	0.125	-0.001579522973054868	-0.0003612831551628262	0.0005375614096142535	1.12800205	27.55996513	1.04042279	0.22886533694331235	0.0101005	0.00145
-0.0133	-0.0811	0.1502	-0.001424188669627373	-0.0001658062789394613	0.0007661995416255106	1.07420719	26.24561882	1.00451113	0.17747246558310584	0.00950813	0.00094
-0.0116	-0.0676	0.1371	-0.0004136430327226561	-1.5707963267948964e-05	0.000804596785169386	1.04845095	25.61632919	0.98561423	0.08825205980600524	0.00852257	0.00102
-0.0048	-0.1914	0.0937	-0.0009861110273767962	-0.0002670353755551324	0.0007173303225696694	1.11732197	27.29902458	1.04071829	0.219553093477052	0.00952178	0.00108
-0.0038	-0.1944	0.1013	-0.0013473941825396225	-0.00027750735106709843	0.0005881759579220891	1.00908589	24.65453911	0.95019613	0.03664547476611863	0.0100434	0.00109
-0.0045	-0.0771	0.1286	-0.0008080874436733745	-0.00029496064358704166	0.0005689773361501514	1.09546578	26.76502037	1.02353992	0.17409793265790643	0.0087654	0.00054
-0.0038	-0.0635	0.0642	-0.00037350045992678646	-0.0002652900463031381	0.0009040805525330626	1.06838822	26.10344696	0.98897203	0.11866803987067012	0.00861245	0.0006
0.0047	-0.1625	0.0707	-0.0005672320068981572	-0.0004747295565424576	0.0007731808586334879	1.0594846	25.88590813	0.97961185	0.14070353755551326	0.0093438	0.0007
0.0024	-0.0641	0.0822	-0.000609119908946021	-0.00047123889803846896	0.0006003932626860494	1.07875848	26.35681915	1.0093281	0.12310830782496454	0.00948507	0.00069
-0.0012	-0.0637	0.1463	-0.0010768681484805013	-0.00040317105721069014	0.0006981317007977319	1.14247394	27.91354942	1.08194986	0.0997777259236971	0.0103499	0.00064
0.0006	-0.0737	0.1147	-0.000905825881785057	-0.0003351032163829112	0.0007539822368615504	1.11569262	27.2592144	1.05717669	0.05814803217935209	0.00969261	0.00084
0.0019	-0.0636	0.0756	-0.0007993607974134029	-0.0003682644721708035	0.000783652834145454	1.08095968	26.41059875	0.9993914	0.05896484687217249	0.00884223	0.00042
0.0011	-0.0908	0.0819	-0.000710349005561692	-0.0004258603374866164	0.0008970992355250854	1.09306049	26.70625305	0.98708706	0.047302702927357755	0.00952774	0.00078
-0.004	-0.1459	0.1236	-0.0010629055144645468	-0.0004729842272904633	0.000752236907609556	1.14755845	28.03777885	1.04394801	0.12912713633111153	0.0104848	0.00082
-0.0089	0.0104	0.1373	-0.0012374384396639797	-0.000291469985083053	0.0008499753457212384	1.22398126	29.90498161	1.11272629	0.1975892802759263	0.0103108	0.00102
-0.0029	-0.0838	0.0659	-0.0009826203688728075	-0.0004572762640225143	0.0008709192967451704	1.09026802	26.63802719	1.02139095	0.1936784150377283	0.00948578	0.0006
-0.0004	-0.1415	0.0765	-0.0010105456369047167	-0.0006440264939859076	0.0008098327729253688	1.05190778	25.7007885	0.96780609	0.08458810109075518	0.0104815	0.0007
-0.0044	-0.0638	0.1247	-0.001324704902263696	-0.0005183627878423159	0.0007696902001294993	1.16511929	28.46683311	1.01669622	0.15389827721492202	0.0101286	0.00125
-0.009	0.0035	0.1205	-0.0012025318546240932	-0.00038571776469074686	0.0008412486994612669	1.12121332	27.39410019	0.98917251	0.09241882850614697	0.0105245	0.00085
-0.0064	-0.1022	0.0801	-0.001085594794740473	-0.0003612831551628262	0.0007627088831215222	1.0882293	26.58821487	1.01173274	0.1596955742875643	0.0100807	0.00084
-0.0077	-0.1242	0.0846	-0.0011379546723003027	-0.0004886921905584122	0.0007749261878854823	1.03077471	25.18445396	0.95187672	0.0373993108859688	0.010327	0.001
-0.0117	-0.0065	0.1323	-0.0013526301702956054	-0.00037350045992678646	0.000645771823237902	1.19863045	29.28559685	1.05024895	0.19235107966372544	0.0105929	0.00111
-0.0098	-0.0197	0.0814	-0.001059414855960558	-0.00046949356878647465	0.0006998770300497262	1.05034304	25.6625576	0.97385866	0.08816568150032798	0.00967073	0.00079
-0.0085	-0.1231	0.0834	-0.0008709192967451704	-0.0006702064327658224	0.0005445427266222308	1.0893749	26.61620522	0.99932661	0.13392713633111156	0.009646	0.00093
-0.013	-0.0885	0.1221	-0.000895353906273091	-0.0007173303225696694	0.0005811946409141118	1.09843433	26.83754921	0.99174376	0.08321052068118241	0.00951445	0.00085
-0.0163	0.0015	0.1403	-0.0009372418083209549	-0.000614355896702004	0.0007033676885537148	1.05825686	25.85591316	0.98510984	0.1248517687777566	0.00997508	0.00087
-0.008	-0.0179	0.0737	-0.0007243116395776468	-0.000635299847725936	0.00091106186954104	1.04227757	25.46549797	0.98140225	0.11637841503772828	0.010172	0.00069
-0.0072	-0.0936	0.0819	-0.000645771823237902	-0.0007819075048934597	0.0006370451769779302	1.09410131	26.73168373	0.99861742	0.10965820830351893	0.008627	0.00048
-0.0087	-0.073	0.1252	-0.0007679448708775049	-0.0007470009198535729	0.0006789330790257941	1.08295083	26.45924759	0.99680085	0.0753483767363677	0.00873405	0.00085
-0.0116	0.0125	0.126	-0.000879645943005142	-0.0006632251157578452	0.0005881759579220891	1.11590016	27.26428604	1.05561598	0.10351169986635347	0.00890476	0.0006
-0.014	-0.0888	0.0731	-0.0006213372137099814	-0.0007749261878854823	0.00048520153205442357	1.08154321	26.42485619	1.01525257	0.1802492113645232	0.00757545	0.00037
-0.0073	-0.1146	0.0928	-0.0009529497715889039	-0.0009232791743050004	0.0007941248096574199	1.05897987	25.87357712	0.9663614	0.0916444410950718	0.00835228	0.00054
-0.0086	0.0098	0.1244	-0.0011693705988362008	-0.0007243116395776468	0.000783652834145454	1.13169789	27.65026283	1.05528747	0.1785930168743308	0.00853544	0.00063
-0.0081	-0.0756	0.0599	-0.000736528944341607	-0.000614355896702004	0.0007627088831215222	1.07663488	26.30493546	1.00197733	0.17858706741970842	0.00776398	0.00054
-0.0023	-0.1528	0.0565	-0.000582939970166106	-0.000783652834145454	0.0006806784082777885	1.06082165	25.91857529	0.97887179	0.10664581932313424	0.00903654	0.00061
-0.0034	-0.0767	0.0954	-0.0008360127117052838	-0.0007155849933176752	0.0007539822368615504	1.12653422	27.52410126	1.05605291	0.13582222054753587	0.00812656	0.0004
-0.0056	-0.0548	0.0855	-0.0007033676885537148	-0.0007155849933176752	0.0007068583470577034	1.0550046	25.77645111	0.96422559	0.0429884456477708	0.00790507	0.00045
-0.0021	-0.0973	0.0469	-0.0005393067388662478	-0.0007888888219014368	0.0007278022980816354	1.05410039	25.75435829	0.96818465	0.09751543646475805	0.00800091	0.0003
-0.0035	-0.078	0.0814	-0.0007033676885537148	-0.0006946410422937432	0.0007888888219014368	1.07525086	26.27112007	0.97696747	0.07116976265574809	0.00917101	0.00046
-0.0082	0.002	0.1014	-0.000614355896702004	-0.0006492624817418905	0.0008290313946973065	1.10932267	27.10358047	0.98961943	0.11342664625997166	0.00843114	0.00052
-0.0049	-0.0684	0.0454	-0.0003944444109507184	-0.0007382742735936014	0.0006684611035138282	1.08265817	26.45209885	0.99327328	0.15317467843932375	0.00808555	0.00033
-0.0057	-0.0914	0.0519	-0.0002617993877991494	-0.0008272860654453122	0.0006440264939859076	1.0120101	24.72598648	0.93883552	0.042604571226560015	0.00843132	0.00022
-0.0023	-0.0326	0.1012	-0.000645771823237902	-0.0008639379797371932	0.0006789330790257941	1.06062865	25.91386223	0.97843117	0.134276546738526	0.00896811	0.00046
-0.0011	-0.0151	0.0749	-0.0006056292504420323	-0.0008517206749732328	0.000752236907609556	1.14481008	27.97062874	0.99846956	0.05128318530717959	0.00955027	0.00085
0.0297	-0.1351	-0.0402	-0.000582939970166106	-0.0011257373675363424	0.0013473941825396225	1.26654828	30.94500351	1.16086262	0.3104931623884551	0.0120271	0.00167
0.0239	-0.0392	0.0415	-0.00039095375244672985	-0.0012793263417118436	0.0012723450247038664	1.21952462	29.79609489	1.07256991	0.20443121748653167	0.00973207	0.00085
0.0163	0.0019	0.0871	-0.00017802358370342162	-0.0009634217471008699	0.0010978120995044332	1.18694067	28.99998474	1.00090449	0.1294683844276857	0.00974005	0.00087
0.0191	-0.077	0.0405	-0.0001675516081914556	-0.001022762941668677	0.0010000736613927507	1.07360721	26.23096085	0.99869448	0.13667758040957279	0.0088222	0.00055
0.015	-0.0724	0.0272	-0.0002722713633111154	-0.0011711159280881952	0.000895353906273091	1.02292609	24.99269104	0.94074431	0.039889624832941874	0.00917369	0.00097
0.012	-0.0192	0.0664	-0.0004974188368183839	-0.0011379546723003027	0.0008674286382411819	1.10308135	26.95108986	0.9799471	0.10971169986635353	0.00921011	0.00082
0.005	0.0306	0.0648	-0.00027576202181510406	-0.000973893722612836	0.0008779006137531476	1.1049571	26.99691772	0.99610123	0.07820948701013562	0.00949126	0.00076
0.0035	-0.0862	0.0303	-6.108652381980153e-05	-0.000879645943005142	0.0006998770300497262	1.1098609	27.11672974	1.01006036	0.1771473430653209	0.00914115	0.00064
0.0034	-0.0594	0.0502	-0.0002513274122871834	-0.000926769832808989	0.0007592182246175333	1.08010256	26.38965797	0.96678865	0.0616352986419518	0.00851041	0.00078
0.0014	-0.0471	0.113	-0.0005445427266222308	-0.0010873401239924673	0.0008429940287132613	1.09248531	26.69220161	1.01011918	0.10397807048071266	0.00841957	0.00064
-0.0032	-0.0518	0.0426	-0.00015533430342749534	-0.0010070549784007281	0.0007347836150896127	1.08820319	26.58757782	1.01532309	0.10858519912050615	0.00870323	0.00058
0.0029	-0.1302	0.0268	-2.094395102393195e-05	-0.0010454522219446034	0.0007155849933176752	1.0978117	26.8223362	1.00394831	0.1098993108859688	0.00864094	0.00084
0.0034	-0.0972	0.0509	-5.061454830783555e-05	-0.0011728612573401894	0.0007696902001294993	1.05467021	25.76828003	0.9779378	0.0681592419745657	0.00785857	0.00072
0.0026	-0.0205	0.0594	0.0004258603374866164	-0.0009145525280450286	0.0008848819307611251	1.06799495	26.09383774	0.98034169	0.1284987672860619	0.00780237	0.00045
0.0022	-0.0675	0.0402	0.00028797932657906436	-0.0009965830028887623	0.0008569566627292158	1.04925251	25.63591385	0.96890314	0.07899183768915974	0.00782555	0.00043
0.0039	-0.1347	0.0194	0.0003665191429188092	-0.0010506882097005862	0.001075122819228507	1.07808053	26.34025383	0.97577484	0.10724055898254296	0.00849581	0.00042
0.0079	-0.125	0.0236	0.0008220500776893293	-0.0008918632477691023	0.0014451326206513049	1.07373381	26.23405457	0.98241868	0.06711828490624008	0.00831968	0.00061
0.0059	-0.0698	0.0739	0.000317649923862968	-0.0006998770300497262	0.0013020156219877698	1.11648893	27.27867126	1.00644851	0.1494751685104636	0.00804871	0.00043
0.0022	0.0206	0.082	0.00011170107212763708	-0.0006876597252857658	0.00119729586686811	1.10261822	26.93977165	0.99509987	0.11834429558094756	0.00820166	0.0003
0.0055	-0.0233	0.0032	0.00039095375244672985	-0.0007330382858376184	0.0010925761117484504	1.09822559	26.83244896	1.01097545	0.14746754979953022	0.00848979	0.00039
0.0029	-0.0886	0.0053	0.0004206243497306334	-0.0008779006137531476	0.0009756390518648303	1.05882299	25.86974525	0.9658262	0.08457349925415265	0.00865024	0.00034
0.0057	-0.0179	0.0458	0.0001291543646475804	-0.0007923794804054256	0.0010733774899765126	1.08366871	26.47678757	0.98247598	0.13773647782712287	0.00893641	0.00042
0.0042	0.0386	0.0459	0.00023212879051524583	-0.0007941248096574199	0.0012479104151759456	1.19620109	29.22624016	1.00265846	0.07206263401595464	0.00952071	0.00067
0.0079	-0.0705	-0.0167	0.0004991641660703782	-0.0007766715171374765	0.001192059879112127	1.15567744	28.23614502	1.04466426	0.1924169602069447	0.00925714	0.00088
0.0036	-0.1387	0.0001	0.0003944444109507184	-0.0008639379797371932	0.00102799892942466	1.20353997	29.40555	1.00927732	0.10710235837034215	0.0102372	0.00103
0.0017	0.0302	0.0364	0.00037524578917878077	-0.0008639379797371932	0.0011362093430483087	1.2763207	31.18376732	1.08582836	0.21347045176977927	0.0101357	0.00079
-0.0024	0.0645	0.0271	0.0005148721293383271	-0.0006946410422937432	0.0011676252695842063	1.10264683	26.94047165	0.98847172	0.0647169602069447	0.0105303	0.00097
0.0006	-0.0673	0.0013	0.0006649704450098395	-0.0009128071987930344	0.0010681415022205296	1.13455665	27.72011185	1.03431684	0.183987411976724	0.00944823	0.0009
0.0006	-0.0948	0.013	0.0005742133239061344	-0.0009721483933608416	0.0010210176124166828	1.06569827	26.03772545	0.96518095	0.04906111027376794	0.00912344	0.00067
-0.0032	-0.019	0.063	0.00029845130209103034	-0.001022762941668677	0.0011309733552923255	1.12306178	27.43926048	1.02907389	0.15141661564992911	0.00871044	0.00066
-0.0028	0.0088	0.022	0.0004974188368183839	-0.000890117918517108	0.0010716321607245184	1.03918326	25.38989449	0.96777742	0.0887476876223365	0.00897801	0.00058
0.0005	-0.1028	0.0085	0.0006911503837897545	-0.0009930923443847736	0.0010175269539126942	1.08691382	26.55607605	1.01238523	0.14594055898254304	0.00876421	0.0009
0.0037	-0.0784	-0.0062	0.0008674286382411819	-0.0010995574287564276	0.000926769832808989	1.07150078	26.17949486	0.97865263	0.06097502299633933	0.00850272	0.00066
0.0009	-0.0225	0.0498	0.0004485496177625427	-0.0010349802464326373	0.0010402162341886204	1.12361908	27.45287704	1.01956963	0.14454513020910303	0.00770754	0.00037
0.0006	-0.074	0.0388	0.0004939281783143952	-0.0007749261878854823	0.0010768681484805013	1.09933841	26.85964012	1.00134759	0.07990422666954441	0.00741094	0.00045
-0.0	-0.1629	0.0044	0.00048345620280242926	-0.000905825881785057	0.001048942880448592	1.07869232	26.35520363	0.98900763	0.13236484687217248	0.00850093	0.00051
0.0008	-0.0331	0.0082	0.0003822271061867582	-0.0009459684545809266	0.0010611601852125523	1.19260669	29.13842201	1.06767367	0.142079448708775	0.00808805	0.0003
-0.0014	0.0074	0.0598	0.0002024581932313422	-0.0008115781021773631	0.001158898623324235	1.09726107	26.80888367	1.00414702	0.11489488517353308	0.0084067	0.00034
-0.0039	-0.0379	0.0329	0.0002740166925631097	-0.0006387905062299246	0.001192059879112127	1.09990358	26.87344742	0.98963764	0.08857536755335493	0.00801992	0.00028
-0.0031	-0.1	-0.0002	0.0005096361415823442	-0.0008185594191853405	0.0010873401239924673	1.08760667	26.57300186	0.99595744	0.1220054058547155	0.00880903	0.00031
0.0007	-0.0305	0.0081	0.0004188790204786391	-0.0008063421144213803	0.0010245082709206715	1.05718124	25.82963181	0.9534048	0.08989031394697305	0.00893646	0.00025
-0.0009	0.0024	0.0443	0.00020943951023931956	-0.0008168140899333463	0.0011711159280881952	1.15072143	28.11505699	0.9821668	0.08902595714594044	0.00925511	0.00055
-0.0035	-0.0058	0.0212	0.0003612831551628262	-0.0006161012259539982	0.0011623892818282235	1.14653456	28.01276207	0.97636145	0.05196415775814132	0.00897002	0.0007
-0.0023	-0.0972	-0.009	0.0005166174585903216	-0.0007417649320975902	0.001075122819228507	1.11641884	27.27695656	1.00452177	0.1412132236085402	0.00945139	0.00063
-0.0001	-0.0485	0.0089	0.0004188790204786391	-0.0008272860654453122	0.0010070549784007281	1.12440491	27.47207832	0.98163519	0.08136637061435918	0.00975436	0.00075
-0.0007	0.0037	0.0574	0.0003525565089028545	-0.0007696902001294993	0.0011501719770642632	1.16469789	28.45653725	1.01328699	0.11465176877775662	0.00934422	0.00064
-0.004	0.0405	-0.0155	0.0006667157742618339	-0.0008011061266653974	0.0010663961729685354	1.0760709	26.29115486	1.00464622	0.13446754979953024	0.0107046	0.00108
-0.0029	-0.0804	-0.0034	0.0006963863715457374	-0.0008726646259971648	0.0009896016858807848	1.12301099	27.43802071	1.01970111	0.14300117918517108	0.00906825	0.00073
-0.0004	-0.0448	-0.0028	0.0005550147021341969	-0.0009494591130849152	0.0009389871375729493	1.11088157	27.14166641	0.98759801	0.05213903524035632	0.00897825	0.00067
-0.0072	-0.0583	0.0896	-0.00019024088846738194	-0.0005742133239061344	0.0007888888219014368	1.193645	29.16378975	1.07443716	0.1762299847725936	0.00797296	0.0006
-0.0115	-0.0201	0.1552	-4.71238898038469e-05	-0.0003193952531149623	0.0010297442586766543	1.11594748	27.26544189	1.02524597	0.14003952531149624	0.00843889	0.00063
-0.0119	-0.0955	0.1086	0.0001675516081914556	-0.0004188790204786391	0.0009878563566287904	1.07616687	26.29349899	1.00538851	0.14020235837034217	0.00719434	0.0004
-0.0126	-0.1576	0.0604	0.0003612831551628262	-0.000614355896702004	0.0009704030641088471	1.09929073	26.85847282	0.99063994	0.1313330857857339	0.00758344	0.00046
-0.01	-0.0759	0.05	0.00024085543677521747	-0.0005654866776461627	0.0009756390518648303	1.1110723	27.14632797	0.99709918	0.10342664625997167	0.0072971	0.00031
-0.0081	0.0146	0.0798	-0.00010297442586766544	-0.0006073745796940267	0.0010960667702524388	1.13814473	27.8077774	0.99833972	0.14750727415391776	0.0081014	0.00028
-0.0111	-0.0031	0.0411	0.00015533430342749534	-0.00041015237421866745	0.0011885692206081383	1.1015501	26.91367531	0.99216134	0.08680166925631097	0.00829619	0.00025
-0.0019	-0.0813	0.0127	0.000153588974175501	-0.0005672320068981572	0.0009843656981248017	1.12706602	27.53709412	1.0225853	0.133951424220741	0.00880879	0.00034
0.0011	-0.0408	0.01	3.316125578789226e-05	-0.0007766715171374765	0.0010262536001726657	1.04968083	25.64637756	0.95550518	0.0647877565337396	0.0089547	0.00037
-0.0042	-0.0388	0.0647	-0.0001361356816555577	-0.0007470009198535729	0.0010768681484805013	1.15940988	28.32733917	1.03057006	0.07447910415175944	0.00881958	0.00049
-0.005	-0.0304	0.0253	9.250245035569947e-05	-0.000619591884457987	0.0011274826967883368	1.15222383	28.15176582	1.00267981	0.06893308578573391	0.00856733	0.00079
-0.0054	-0.1381	0.0126	0.000153588974175501	-0.0007138396640656808	0.0010175269539126942	1.16431141	28.44709587	1.00748797	0.1340645023151569	0.00942147	0.00078
-0.0046	-0.0518	0.0233	0.00016406094968746698	-0.000752236907609556	0.0010786134777324957	1.15615141	28.24772644	1.02164172	0.10329778714378211	0.00959766	0.00078
-0.0091	-0.0161	0.0622	8.552113334772214e-05	-0.0007888888219014368	0.0010768681484805013	1.13717067	27.78397751	1.00029946	0.08494685299418102	0.00887465	0.00055
-0.0106	-0.0339	-0.0077	0.0003961897402027128	-0.0007120943348136865	0.001048942880448592	1.02418756	25.02351379	0.96750057	0.10996941809873252	0.00945288	0.00054
-0.0073	-0.1003	0.0005	0.000466002910282486	-0.000879645943005142	0.0010262536001726657	1.02550387	25.0556736	0.95915107	0.09090270292735776	0.00917238	0.00072
-0.0064	-0.0568	0.0074	0.0004991641660703782	-0.0008307767239493009	0.0009878563566287904	1.0534929	25.73951721	0.95678532	0.05732138591938044	0.00900257	0.00076
-0.0115	-0.0292	0.0561	0.0004258603374866164	-0.0007592182246175333	0.0011693705988362008	1.15766072	28.28460121	1.04812443	0.09771882850614698	0.00879705	0.00072
-0.009	-0.0467	0.0583	0.0008621926504851988	-0.0008779006137531476	0.0011693705988362008	1.0636586	25.98789024	0.98796196	0.04995073510670983	0.00772089	0.00049
-0.0095	-0.0914	0.0162	0.000890117918517108	-0.0008674286382411819	0.001239183768915974	1.06421602	26.00150871	0.97727795	0.0927105206811824	0.00789064	0.00057
-0.0086	-0.1375	0.0058	0.0008395033702092724	-0.0009512044423369096	0.0011676252695842063	1.07795572	26.33720589	0.97614147	0.06769744258676655	0.00779575	0.00051
-0.0082	-0.0507	0.017	0.0006963863715457374	-0.0009634217471008699	0.0011344640137963143	1.12985981	27.60535431	1.02725504	0.1078247779607694	0.00787503	0.00039
-0.0077	0.0109	0.0451	0.00034033920413889426	-0.0008098327729253688	0.001117010721276371	1.08981264	26.62689972	0.97793183	0.1165544717051144	0.00790125	0.00048
-0.0058	-0.0361	-0.0046	0.00062482787221397	-0.0006719517620178169	0.0012060225131280816	1.03187287	25.21128273	0.9595644	0.12416907354171693	0.00857419	0.0004
-0.0026	-0.1428	0.0036	0.0005811946409141118	-0.0007993607974134029	0.0011274826967883368	1.14028645	27.86010361	1.00596352	0.13057910415175947	0.00810182	0.00042
-0.0045	-0.0335	0.0318	0.0003298672286269283	-0.0007609635538695277	0.0010768681484805013	1.11329412	27.20061302	1.01874074	0.15641696020694473	0.00778598	0.0006
-0.0056	0.0512	0.0314	0.000710349005561692	-0.000635299847725936	0.0011693705988362008	1.12093997	27.38742065	1.02165404	0.11613239667170273	0.00910461	0.00057
-0.006	-0.1138	-0.0124	0.0007120943348136865	-0.000757472895365539	0.0011135200627723821	1.16117632	28.37049675	1.06645825	0.2181884456477708	0.00830561	0.00055
-0.0047	-0.0618	-0.0064	0.0008482300164692441	-0.000853466004225227	0.0009773843811168245	1.04282689	25.47891998	0.96016415	0.07771322360854016	0.00831175	0.0003
-0.0077	0.0063	0.0389	0.0005480333851262194	-0.0008063421144213803	0.0009965830028887623	1.05768526	25.84194756	0.97047955	0.13472595714594046	0.00794679	0.0003
-0.007	-0.0064	0.0208	0.0005410520681182421	-0.0006824237375297829	0.0010402162341886204	1.0427103	25.4760704	0.94234574	0.04022664625997164	0.00804323	0.00028
-0.0055	-0.0983	-0.0181	0.000593411945678072	-0.0007609635538695277	0.0010088003076527223	1.07887149	26.35957909	0.99284932	0.14041578102177363	0.00887376	0.00034
-0.0025	-0.0301	-0.0137	0.0005410520681182421	-0.0008063421144213803	0.0010070549784007281	1.12906337	27.58589554	1.04698599	0.08057418836818382	0.0103314	0.00078
-0.0036	-0.0312	0.0318	0.0005846852994181004	-0.0008115781021773631	0.0010053096491487337	1.0732888	26.22318077	0.97475825	0.050230727415391765	0.00883818	0.0007
-0.0127	0.0042	0.0412	0.0005305800926062762	-0.0006300638599699529	0.0010559241974565693	1.16226709	28.39714813	0.98885271	0.06821169986635349	0.00889736	0.00075
-0.0092	-0.0915	-0.0096	0.0005951572749300663	-0.0006754424205218055	0.0010576695267085637	1.09078467	26.65064812	1.00448484	0.15558505360638183	0.00887758	0.00066
-0.0054	-0.0779	0.0015	0.0005044001538263612	-0.0008080874436733745	0.0009843656981248017	1.03309572	25.24116135	0.94702951	0.0433352986419518	0.00939065	0.0006
-0.0071	-0.0335	0.0513	0.0002181661564992912	-0.0007609635538695277	0.0010245082709206715	1.11887479	27.33696365	1.03041367	0.11457502299633932	0.00873071	0.00067
-0.0076	-0.0033	0.0065	0.0005550147021341969	-0.00062482787221397	0.0009791297103688187	1.04494405	25.53064728	0.97685705	0.1014181393921158	0.0104252	0.00067
-0.0096	-0.1061	-0.0052	0.00045902159327450867	-0.000731292956585624	0.0008918632477691023	1.09934855	26.85988808	1.0326733	0.13098623279155294	0.00914985	0.00057
-0.004	-0.067	0.0133	0.0003961897402027128	-0.0007923794804054256	0.0009930923443847736	1.03573465	25.30563736	0.95432041	0.07445737367536343	0.00859874	0.00073
-0.0068	-0.0374	0.0447	0.000619591884457987	-0.0008970992355250854	0.001048942880448592	1.0685339	26.10700607	0.96847091	0.08299862177193763	0.00862795	0.00073
-0.009	-0.0782	-0.016	0.0008866272600131194	-0.0007627088831215222	0.0010122909661567112	1.05737615	25.83439255	0.99206481	0.12560388211252885	0.00908905	0.0007
-0.007	-0.1185	-0.0053	0.0009093165402890458	-0.0009337511498169664	0.0010454522219446034	1.04967511	25.64623833	0.9559018	0.06434464013796314	0.00894052	0.00084
-0.0009	-0.0482	0.0051	0.0006894050545377602	-0.0008587019919812101	0.0011763519158441782	1.09738827	26.81199265	0.99444854	0.10809301687433084	0.0086152	0.00055
-0.0024	-0.032	0.0618	0.000614355896702004	-0.0008936085770210966	0.001155407964820246	1.10077238	26.8946743	0.99918374	0.08094498469497875	0.00826067	0.00058
-0.0053	-0.0476	0.0337	0.0006981317007977319	-0.0007190756518216638	0.0011798425743481666	1.05097175	25.67791748	0.97201491	0.060737166941154073	0.00768119	0.00043
-0.0039	-0.0985	0.0032	0.0006562437987498679	-0.0008395033702092724	0.0011082840750163993	1.04397166	25.50688744	0.96482924	0.09449370598836199	0.00802469	0.0004
-0.0049	-0.0334	0.0186	0.0005393067388662478	-0.0008569566627292158	0.001155407964820246	1.05320108	25.73238564	0.9679745	0.0905757121103705	0.00804478	0.00051
-0.0045	-0.0052	0.0687	0.0004380776422505767	-0.000804596785169386	0.00119729586686811	1.03369498	25.25580215	0.96483057	0.08847384381116823	0.00749928	0.00043
-0.0033	-0.0962	-0.0011	0.0004799655442984406	-0.0006475171524898963	0.0012374384396639797	1.07969522	26.37970543	1.00249542	0.1739555053761612	0.00775844	0.00042
0.0019	-0.1065	-0.0102	0.00041713369122664475	-0.000783652834145454	0.0011885692206081383	1.03234017	25.22270012	0.94381495	0.03699183768915975	0.00811094	0.00042
0.0085	-0.0201	0.0172	0.0004415683007545654	-0.0007609635538695277	0.0013369222070276565	1.04294181	25.4817276	0.97179055	0.13017384381116823	0.00853366	0.00058
-0.0007	-0.0575	0.0583	0.0002251474735072685	-0.0007138396640656808	0.0012479104151759456	1.05127645	25.68536186	0.98247388	0.10532782544514274	0.00762695	0.00051
-0.0012	-0.0692	0.0091	0.00029496064358704166	-0.0005393067388662478	0.0011763519158441782	1.04143035	25.44479752	0.96939053	0.07719522973054865	0.00769013	0.00043
0.0009	-0.1199	-0.0012	0.00021642082724729686	-0.0006841690667817771	0.0011536626355682519	1.04933095	25.63782883	0.96795074	0.07540457122656001	0.00856179	0.00045
0.0011	-0.0628	0.0064	0.00021118483949131387	-0.0007993607974134029	0.001059414855960558	1.02589166	25.0651474	0.96516628	0.07563377489976515	0.00832391	0.00031
-0.0035	0.0016	0.0439	0.000460766922526503	-0.0007539822368615504	0.0011379546723003027	1.04679632	25.57590294	0.96135366	0.12517502299633934	0.008268	0.0004
-0.0036	0.0027	-0.0006	0.0007225663103256524	-0.000778416846389471	0.0011536626355682519	1.17254257	28.6482029	1.03004157	0.060797098029750966	0.00879139	0.00067
-0.0017	-0.0598	-0.027	0.0010349802464326373	-0.000905825881785057	0.0011274826967883368	1.37076211	33.49121094	1.11233195	0.11410014551412428	0.0105659	0.00117
0.0008	-0.0807	-0.0225	0.0009093165402890458	-0.0009180431865490173	0.0011955505376161158	1.3569603	33.15399933	1.10787973	0.03819744258676653	0.00997108	0.00066
-0.0045	-0.073	0.0334	0.0005969026041820607	-0.0008883725892651138	0.0011397000015522971	1.13134587	27.6416626	1.01968079	0.08879675347273534	0.0110853	0.00078
-0.0116	0.0365	0.0623	0.0004363323129985824	-0.0007766715171374765	0.0011222467090323538	1.13479888	27.72602844	1.07319561	0.15998623279155294	0.0105641	0.00069
-0.0102	-0.0592	0.0066	0.00037524578917878077	-0.0008377580409572782	0.0011449359893082802	1.1093148	27.10338783	1.01707061	0.16004311639577648	0.00956535	0.00064
-0.0055	-0.1028	0.0112	0.00038048177693476387	-0.0008761552845011534	0.001085594794740473	1.00241268	24.49149513	0.94359793	0.05804872129338328	0.00975639	0.00057
-0.0089	0.0104	0.0477	0.00023561944901923448	-0.0007941248096574199	0.0011082840750163993	1.1390723	27.83044052	1.04470113	0.16557910415175944	0.00933802	0.00084
-0.0111	0.0097	0.0539	0.0003385938748868999	-0.0006894050545377602	0.001043706892692609	1.15085232	28.11825562	0.99485919	0.02271356816555577	0.00877792	0.00073
-0.009	-0.1482	-0.0104	0.00043458698374658803	-0.0007138396640656808	0.0010925761117484504	1.1755265	28.72110939	1.06507981	0.23276484687217247	0.0100306	0.00066
-0.0022	-0.0491	-0.0234	0.0005759586531581287	-0.0008918632477691023	0.0010332349171806431	1.13873482	27.82219315	1.03357599	0.13783682238413847	0.00996786	0.00091
-0.0053	0.0088	0.0157	0.00030194196059501896	-0.0008464846872172499	0.0010245082709206715	1.17602921	28.73339081	1.01631502	0.11650609496874668	0.0100809	0.00078
-0.0095	0.0824	0.0246	0.0004886921905584122	-0.0006667157742618339	0.0011449359893082802	1.14712262	28.02712822	1.02158412	0.11104734306532088	0.0110894	0.00111
-0.0064	-0.104	-0.0308	0.0007679448708775049	-0.0007435102613495844	0.0011274826967883368	1.22761989	29.99388313	1.12052459	0.26357502299633934	0.00967544	0.00072
-0.0082	-0.1077	-0.0119	0.0006684611035138282	-0.0009023352232810684	0.0010402162341886204	1.08173156	26.42945862	0.97561449	0.04167875959474386	0.00888741	0.00061
-0.008	0.0372	0.0415	0.0006073745796940267	-0.0008395033702092724	0.0010681415022205296	1.17854166	28.79477501	1.07286919	0.20609218224617532	0.0088799	0.00072
-0.0133	-0.0316	-0.0045	0.0008080874436733745	-0.0007225663103256524	0.0010262536001726657	1.0762434	26.29536819	0.99139882	0.1380768912955416	0.0081501	0.00049
-0.0094	-0.1726	-0.0092	0.0009686577348568529	-0.0008813912722571365	0.0009442231253289323	1.15357757	28.18484116	1.0461643	0.1696712863979348	0.00865698	0.00048
-0.0057	-0.0422	-0.0127	0.0008866272600131194	-0.0010105456369047167	0.0010419615634406148	1.16037619	28.35094833	1.06521161	0.15304616388014983	0.0085786	0.00054
-0.008	-0.0547	0.0407	0.0006597344572538566	-0.0008918632477691023	0.0010681415022205296	1.16291285	28.41292572	1.05080498	0.0867877565337396	0.00848305	0.00046
-0.0083	0.0005	0.0535	0.0005811946409141118	-0.0006667157742618339	0.0010349802464326373	1.13791847	27.802248	1.01060795	0.08514242728174526	0.00768328	0.00031
-0.0076	-0.0778	-0.0122	0.00062482787221397	-0.0008185594191853405	0.0011013027580084218	1.14090168	27.87513542	1.03392271	0.15778996938995743	0.00915653	0.00057
-0.0046	-0.0455	-0.0131	0.000609119908946021	-0.0010105456369047167	0.001090830782496456	1.11493373	27.24067116	1.00875534	0.04710830782496455	0.00891864	0.00045
-0.0104	-0.022	0.0045	0.00028274333882308137	-0.0009843656981248017	0.001155407964820246	1.07171214	26.18465996	0.98133967	0.06775668456133223	0.0098781	0.00057
-0.0131	0.0065	0.0218	0.00046425758103049166	-0.0007679448708775049	0.001129228026040331	1.11837637	27.32478523	0.99151437	0.0697057504117311	0.00881296	0.00036
-0.0084	-0.1009	-0.0282	0.0005707226654021458	-0.0008831366015091308	0.0010140362954087054	1.0903089	26.63902664	1.01185483	0.1789424272817453	0.00932884	0.00045
-0.0105	-0.0843	-0.0196	0.0005969026041820607	-0.000921533845053006	0.0009896016858807848	1.10506892	26.99964905	0.98430429	0.03175058959258554	0.00965744	0.001
-0.0115	-0.0355	0.0253	0.00042760566673861073	-0.0009075712110370514	0.000921533845053006	1.19599247	29.22114372	1.00677202	0.10726637061435916	0.00887197	0.00064
-0.0144	0.0102	0.0133	0.0004974188368183839	-0.0007644542123735164	0.0009354964790689606	1.10972714	27.11346245	0.98659143	0.07194464013796315	0.009637	0.00066
-0.0127	-0.0519	-0.0325	0.0007696902001294993	-0.0008290313946973065	0.0008988445647770796	1.07012117	26.14578819	0.98527572	0.12827502299633933	0.00953299	0.00076
-0.0104	-0.0783	-0.021	0.0008098327729253688	-0.0009529497715889039	0.0008726646259971648	1.07046926	26.15429306	0.95571669	0.04971204442336908	0.00936705	0.00081
-0.0151	0.0002	0.0349	0.0005358160803622592	-0.0008307767239493009	0.001001818990644745	1.16505408	28.46524048	1.04405222	0.16536720524251464	0.00889838	0.00082
-0.0123	0.0028	-0.0145	0.000710349005561692	-0.0008133234314293575	0.0010053096491487337	1.05818081	25.8540554	0.98826778	0.06457384381116825	0.00936377	0.00076
-0.0074	-0.0795	-0.0294	0.0010175269539126942	-0.0009686577348568529	0.00102799892942466	1.0871383	26.56155968	0.99741061	0.12636007660272122	0.00949919	0.00081
-0.0075	-0.0498	-0.0144	0.0008133234314293575	-0.0009651670763528643	0.0009826203688728075	1.0798136	26.38259697	0.98942816	0.057453637076958886	0.00856102	0.00066
-0.0072	-0.0387	0.0021	0.0008237954069413235	-0.0009546951008408983	0.000905825881785057	1.07236898	26.20070648	0.9828213	0.03278692190558412	0.00773799	0.00048
0.0103	-0.0118	0.0354	0.001499237827463129	-0.000757472895365539	0.0013735741213195373	1.07870936	26.35561943	0.98880549	0.14472064327658224	0.00775707	0.00064
-0.0011	-0.0107	-0.007	0.0011990411961201044	-0.000783652834145454	0.0012217304763960308	1.04863095	25.62072563	0.97061428	0.0788110107523223	0.00838828	0.00043
0.0035	-0.0822	-0.0288	0.0009250245035569946	-0.0009791297103688187	0.0011205013797803594	1.13932657	27.83665276	1.05003428	0.1264361332701073	0.00889546	0.00042
-0.0006	-0.0671	-0.02	0.0008290313946973065	-0.0009651670763528643	0.0010716321607245184	1.12007809	27.36636353	1.02242634	0.03594124809657416	0.00826192	0.00042
-0.0041	-0.0081	0.03	0.0007208209810736582	-0.0007941248096574199	0.0011135200627723821	1.10402727	26.9742012	1.00624674	0.12855702911834782	0.00832021	0.00037
-0.0067	-0.0296	-0.0254	0.0008709192967451704	-0.0007225663103256524	0.0010629055144645468	1.06977785	26.13739777	0.97766895	0.09311356816555576	0.00865918	0.00033
-0.0066	-0.0644	-0.0229	0.0008185594191853405	-0.00091106186954104	0.0009634217471008699	1.07103753	26.16817665	0.96502594	0.05441696020694472	0.00872236	0.0003
-0.0101	-0.0565	0.0084	0.0007225663103256524	-0.0009093165402890458	0.0010349802464326373	1.03857708	25.37508392	0.96310098	0.05116484687217249	0.00843459	0.00024
-0.0137	0.0113	0.0247	0.0006719517620178169	-0.0008011061266653974	0.0010402162341886204	1.08762479	26.57344437	0.9759677	0.09590304748437331	0.0085234	0.00039
-0.0091	-0.0661	-0.038	0.000895353906273091	-0.0008970992355250854	0.0010210176124166828	1.07245278	26.20275497	1.00400197	0.16162969374434502	0.0096541	0.00057
-0.0098	-0.0981	-0.0241	0.0009651670763528643	-0.0009634217471008699	0.000895353906273091	1.04781973	25.60090637	0.97510931	0.059689969389957485	0.00957137	0.00073
-0.0123	-0.0165	0.0211	0.0007993607974134029	-0.0009669124056048585	0.0009808750396208131	1.11532092	27.25013161	0.99797347	0.14204090353955864	0.00912839	0.0009
-0.0146	0.0268	0.0222	0.0011047934165124105	-0.0009773843811168245	0.0009773843811168245	1.17026997	28.59267807	0.98435904	0.06266976265574811	0.00976002	0.00082
-0.0075	-0.0749	-0.035	0.001069886831472524	-0.0008918632477691023	0.0009529497715889039	1.09685779	26.79903221	1.00416988	0.17324311639577647	0.0106899	0.00081
-0.0088	-0.1067	-0.0098	0.0011693705988362008	-0.0009826203688728075	0.000947713783832921	1.08103454	26.4124279	0.97204066	0.06807384381116827	0.00955051	0.00085
-0.0127	-0.0527	0.0234	0.0009948376736367678	-0.0009634217471008699	0.00091106186954104	1.10588884	27.01968384	0.98089511	0.10261917306316258	0.0088681	0.00072
-0.0165	-0.0227	0.0467	0.001117010721276371	-0.000895353906273091	0.0009599310885968812	1.09740865	26.81249046	0.98630024	0.06905550537616117	0.00868654	0.00075
-0.0148	-0.0623	-0.0182	0.0012426744274199627	-0.0008988445647770796	0.0010297442586766543	1.05869186	25.86654091	0.98276094	0.11614837673636765	0.00901526	0.00067
-0.0147	-0.073	-0.0122	0.0010559241974565693	-0.0009564404300928925	0.0009861110273767962	1.07152116	26.17999268	0.96728983	0.03119896632895322	0.00861901	0.00069
-0.0152	-0.0537	0.0359	0.0008237954069413235	-0.0007958701389094143	0.0009459684545809266	1.0783087	26.34583092	0.99732017	0.08954208272472967	0.00808161	0.00046
-0.0197	-0.0447	-0.018	0.0009808750396208131	-0.0006963863715457374	0.000973893722612836	1.03728831	25.34359741	0.97269635	0.08162443340375379	0.00836122	0.00054
-0.0129	-0.1365	-0.0244	0.0010838494654884787	-0.0009407324668249436	0.0009581857593448868	1.03634644	25.32058525	0.9671362	0.12315142422074107	0.00854164	0.0006
-0.0122	-0.0149	-0.0076	0.0009302604913129776	-0.0008203047484373349	0.001048942880448592	1.12091625	27.38684082	1.02634826	0.15733869068334075	0.00858855	0.00066
-0.0142	0.0058	-0.0091	0.001647590813882647	-0.0006719517620178169	0.0010890854532444615	1.04872072	25.62291908	0.96980201	0.06949129408925285	0.00886995	0.00072
-0.0115	-0.1238	-0.0494	0.0015428710587629874	-0.0009040805525330626	0.0009546951008408983	1.11062396	27.13537407	1.02509527	0.19616194490192343	0.00884414	0.00075
-0.0072	-0.0773	-0.0381	0.0016057029118347831	-0.0009721483933608416	0.0009250245035569946	1.03890729	25.38315201	0.95879614	0.07012851455917392	0.00867611	0.00072
-0.0118	0.0137	-0.0034	0.0016109388995907662	-0.0008482300164692441	0.0010925761117484504	1.09853661	26.84004974	1.00202433	0.14513529864195182	0.00862354	0.0007
-0.0127	-0.036	-0.0409	0.0019390607989657003	-0.0008674286382411819	0.001054178868204575	1.05132282	25.68649673	0.96871677	0.10738588823453735	0.00895369	0.0006
-0.0088	-0.118	-0.059	0.0019163715186897737	-0.001064650843716541	0.0008499753457212384	1.0516746	25.69509125	0.97563151	0.12520575041173107	0.00950855	0.00081
0.0035	-0.0484	-0.0601	0.0015254177662430443	-0.001054178868204575	0.0009354964790689606	1.04579186	25.55136108	0.9831815	0.10734734306532089	0.00957274	0.00046
-0.0038	-0.0047	-0.0051	0.0013124875974997359	-0.0009616764178488756	0.0008813912722571365	1.05944502	25.88494301	0.97884727	0.1239768912955416	0.00822574	0.00033
-0.0097	-0.0363	-0.0269	0.0013753194505715315	-0.0008098327729253688	0.000853466004225227	1.03492224	25.28578758	0.94720728	0.07143003830136059	0.00842005	0.0004
-0.0054	-0.1182	-0.0494	0.0014276793281313615	-0.0009581857593448868	0.0008709192967451704	1.11768806	27.30796814	0.98998624	0.11960830782496457	0.00893474	0.00039
-0.0058	-0.0641	-0.01	0.0011117747335203881	-0.0010663961729685354	0.0009704030641088471	1.09525883	26.7599659	0.98486128	0.12007993877991492	0.00871539	0.00057
-0.0074	-0.0463	0.0271	0.0007819075048934597	-0.0007906341511534313	0.0010419615634406148	1.08236992	26.44505692	0.97015703	0.09035938748869005	0.00808668	0.00049
-0.0135	-0.0171	0.0364	0.0011501719770642632	-0.0007120943348136865	0.0015550883635269475	1.07696986	26.31311798	1.00082783	0.09259655442984403	0.00892007	0.00042
-0.0153	-0.1717	0.044	0.00014660765716752367	-0.0009930923443847736	0.001408480706359424	1.31549704	32.14094543	1.14486738	0.23555849933176748	0.0113906	0.00245
-0.0131	-0.0726	-0.0378	0.0018133970928221085	-0.0008115781021773631	0.0012740903539558604	1.40359128	34.29331207	1.21345552	0.2822347015132779	0.0114647	0.00191
-0.0079	-0.0111	-0.0428	0.001726130630222392	-0.0005724679946541401	0.0013683381335635543	1.25340652	30.62391472	1.07881167	0.09273121748653167	0.0105851	0.0012
-0.0086	-0.1231	-0.0318	0.0012060225131280816	-0.0006544984694978735	0.0012479104151759456	1.10733879	27.05510902	1.00455453	0.1598283155162826	0.00948912	0.00054
-0.0092	-0.0167	-0.0144	0.0009616764178488756	-0.0007295476273336296	0.0011449359893082802	1.05485547	25.77280807	0.98615434	0.14551848394913136	0.00913793	0.00046
-0.0154	-0.0423	0.0409	0.0010663961729685354	-0.0007120943348136865	0.0011711159280881952	1.0539999	25.75190353	0.98713817	0.09451764932097587	0.00838315	0.00051
-0.0142	-0.0221	-0.0328	0.0016510814723866359	-0.00062482787221397	0.0012007865253720988	1.06621444	26.05033493	1.01664837	0.13018111796508602	0.00988793	0.00079
-0.0113	-0.0824	-0.0394	0.0017889624832941875	-0.000879645943005142	0.0012531464029319286	1.05796397	25.84875488	0.96661106	0.09205294796292766	0.0101351	0.00091
-0.0113	-0.0485	-0.0362	0.0015707963267948967	-0.0008604473212332044	0.0011414453308042916	1.16774392	28.53096008	0.98348505	0.05455329251994327	0.0102184	0.00133
-0.0198	-0.0101	0.0529	0.0011327186845443199	-0.0008220500776893293	0.0010576695267085637	1.28265452	31.33852005	1.05554632	0.16401253449450895	0.0103741	0.00103
-0.0232	-0.0632	0.0565	0.0013805554383275148	-0.0006597344572538566	0.0011274826967883368	1.1278373	27.55594063	0.98503329	0.08409827721492205	0.0101922	0.00108
-0.0204	-0.1269	-0.01	0.0014765485471872027	-0.0007993607974134029	0.0011379546723003027	1.10162306	26.91545868	1.0171216	0.14530457122656	0.010124	0.001
-0.0201	-0.1107	-0.007	0.0015690509975429022	-0.0008691739674931761	0.0010262536001726657	1.08425319	26.49106979	0.96004352	0.03320083462815549	0.00972635	0.00099
-0.0203	0.0039	0.0388	0.0012758356832078548	-0.0006963863715457374	0.0011449359893082802	1.16248882	28.4025631	1.04483122	0.18983426497090505	0.01077	0.00096
-0.0229	0.0168	0.0056	0.0015481070465189703	-0.00062482787221397	0.0011623892818282235	1.03248751	25.22630119	0.97865701	0.06676415775814132	0.00961769	0.00085
-0.0156	-0.0776	-0.0185	0.0016039575825827887	-0.0008150687606813518	0.0011833332328521555	1.06596351	26.04420471	0.9932781	0.1391517687777566	0.00918251	0.0007
-0.0186	-0.0635	0.0011	0.0015428710587629874	-0.0008848819307611251	0.0011519173063162574	1.0656302	26.03606033	0.98469414	0.04481578102177362	0.00868791	0.00067
-0.0188	-0.0157	0.0422	0.0017243853009703976	-0.0006300638599699529	0.0012269664641520136	1.0936991	26.72185516	1.01590506	0.11466907354171692	0.00849462	0.00072
-0.017	-0.0594	-0.0326	0.002015855286053451	-0.0007173303225696694	0.0012147491593880533	1.07720971	26.31897926	0.9946045	0.13984768762233651	0.0096758	0.00085
-0.0173	-0.1095	-0.0251	0.001811651763570114	-0.0007592182246175333	0.0010454522219446034	1.06409729	25.99860954	0.97591548	0.07866941809873251	0.00859481	0.00084
-0.0173	-0.028	0.0201	0.0017348572764823637	-0.0007330382858376184	0.001155407964820246	1.08202851	26.43671417	0.98967392	0.1373465084371654	0.00811988	0.00057
-0.0186	-0.043	-0.0105	0.002022836603061428	-0.0006440264939859076	0.0012531464029319286	1.03340638	25.24875259	0.95731395	0.07063647782712289	0.00859803	0.00087
-0.0158	-0.1342	-0.0375	0.002176425577236929	-0.0008621926504851988	0.0011623892818282235	1.06806934	26.09565544	0.99729919	0.14412561258892484	0.00917983	0.00088
-0.0117	-0.1302	0.0189	0.0019390607989657003	-0.0008674286382411819	0.001181587903600161	1.25211465	30.59235191	1.09274066	0.07758996938995745	0.0092237	0.00084
-0.018	-0.0449	0.1167	0.0021467549799530253	-0.0008098327729253688	0.0014224433403753785	1.64985824	40.3102417	1.26114053	0.21470727415391777	0.013186	0.00299
-0.0186	-0.1547	0.2977	0.0035377823937925057	-0.0011047934165124105	0.001064650843716541	1.5548116	37.98801041	1.39575223	0.39358902770426807	0.0219815	0.02353
-0.1335	-0.3668	0.5183	0.003953170755767157	-0.004783947479716458	-0.0038362336958835358	1.90498316	46.54359436	1.77420807	0.9973713482389387	0.0445147	0.08774
-0.0863	-0.3283	0.1967	0.00040666171571467877	-0.0025603980126756814	-0.002145009650701031	2.06512904	50.45636749	1.93937367	0.7803641276137878	0.0172927	0.00666
-0.0883	-0.1739	0.1255	0.0010262536001726657	-0.002356194490192345	-0.0020245819323134223	1.34221041	32.79362106	1.22197558	0.27481115626644653	0.0115275	0.00128
-0.0944	-0.0952	0.154	0.001410226035611418	-0.0018779742751458986	-0.0012845623294678264	1.47098756	35.93997574	1.1673298	0.19341061266653967	0.0107434	0.00091
-0.0724	-0.1025	0.1504	0.0018151424220741027	-0.0016790067404185449	-0.000645771823237902	1.32891154	32.46869659	1.10235585	0.09503372137099811	0.0114409	0.0007
-0.0652	-0.2157	0.1053	0.0018552849948699724	-0.001572541656046891	-0.0005078908123303499	1.25808597	30.73824692	1.10439018	0.17972443340375382	0.0114024	0.00067
-0.0671	-0.1411	0.0963	0.0017243853009703976	-0.0015132004614790836	-0.0006894050545377602	1.10821092	27.07641792	1.02655208	0.10408775653373964	0.00965446	0.00048
-0.0721	-0.1335	0.1386	0.0018814649336498872	-0.0015376350710070042	-0.0005358160803622592	1.07777941	26.33289719	0.99605622	0.07165516081914554	0.0103663	0.00075
-0.0725	-0.1081	0.1482	0.002438224965036078	-0.0013072516097437528	-0.00019896753472735358	1.12789714	27.55740166	1.01421465	0.09159960191421741	0.0111164	0.0013
-0.0674	-0.1917	0.0758	0.0025062928058638572	-0.0015481070465189703	-0.0003682644721708035	1.0888952	26.60448456	1.01217367	0.18501101075232232	0.0107318	0.001
-0.0692	-0.2381	0.0803	0.0025464353786597265	-0.0017051866791984597	-0.0005235987755982988	1.18961871	29.06541634	0.98505784	0.07032782544514268	0.0121195	0.00136
-0.0643	-0.1991	0.0999	0.0025883232807075904	-0.0016249015336067207	-0.00035604716740684323	1.22128594	29.83912849	1.02129798	0.07798623279155292	0.0125608	0.00145
-0.062	-0.1379	0.1623	0.0022549653935766737	-0.0018099064343181197	-0.0003525565089028545	1.24279344	30.36461067	1.04696996	0.15199267231731525	0.0133792	0.00166
-0.0684	-0.1158	0.1229	0.002469640891571976	-0.001616174887346749	-0.0002513274122871834	1.11382198	27.21350861	1.01358344	0.0933818070791172	0.0123681	0.00143
-0.0669	-0.2401	0.0844	0.0023963370629882146	-0.0017156586547104257	-0.00013788101090755203	1.19607854	29.22324753	1.05967304	0.17861169986635347	0.0128614	0.00142
-0.0683	-0.2467	0.1243	0.0019774580425095754	-0.0018413223608540175	-0.00020420352248333657	1.12099016	27.38864708	1.01639752	0.07844326190990077	0.013127	0.00185
-0.0727	-0.1083	0.1751	0.0018692476288859267	-0.0017662732030182616	-6.283185307179586e-05	1.14677763	28.01869965	1.050951	0.20983156204354728	0.0119741	0.00199
-0.067	-0.1348	0.1287	0.0020193459445574393	-0.001621410875102732	-8.37758040957278e-05	1.06211412	25.95015335	0.9962293	0.0943952297305487	0.0120925	0.00155
-0.0617	-0.2831	0.1179	0.001574286985298885	-0.0016859880574265225	2.268928027592628e-05	1.17271495	28.65241623	1.0657386	0.1952050612977	0.0125837	0.0029
-0.0626	-0.2264	0.1261	0.0014189526818713899	-0.0017313666179783749	-4.886921905584123e-05	1.02571797	25.06090355	0.97666332	0.07941356816555575	0.0115137	0.0016
-0.0633	-0.1267	0.1757	0.001329940890019679	-0.0017505652397503124	-0.00010995574287564276	1.1159966	27.26664162	1.0500944	0.15846484687217247	0.0116519	0.0017
-0.0661	-0.1257	0.1241	0.0018064157758141308	-0.0017889624832941875	-0.00019024088846738194	1.08610773	26.53637886	1.01371077	0.08515786374650329	0.0110127	0.00142
-0.0657	-0.2178	0.1098	0.0020315632493213996	-0.0017749998492782332	-0.0001884955592153876	1.09382391	26.72490501	0.99373352	0.11884277183876087	0.0114563	0.00158
-0.0688	-0.1986	0.1145	0.001954768762233649	-0.001858775653373961	-0.0003106686068549907	1.14269042	27.91884041	1.01215709	0.04113716694115409	0.0112107	0.00143
-0.0573	-0.1424	0.1627	0.001562069680534925	-0.0016126842288427606	-7.504915783575618e-05	1.51437378	37.00001144	1.18624904	0.15962049776245796	0.0149252	0.00509
-0.057	-0.1115	0.2451	0.0014014993893514465	-0.001514945790731078	0.00016929693744344995	1.42309248	34.76977539	1.17772399	0.13873274122871834	0.0147457	0.00423
-0.059	-0.2133	0.2157	0.000905825881785057	-0.0014835298641951804	6.108652381980153e-05	1.26921892	31.01025391	1.13773001	0.16496499238629675	0.0154481	0.00749
-0.0611	-0.2186	0.225	0.0012025318546240932	-0.0018133970928221085	0.000153588974175501	1.15335906	28.17950249	1.02536336	0.05265378259108319	0.0177904	0.01143
-0.0559	-0.1899	0.228	0.001129228026040331	-0.0019198621771937623	-5.061454830783555e-05	1.04317999	25.48754692	0.99952728	0.056098621771937605	0.0155213	0.00765
-0.0594	-0.17	0.2235	0.0007958701389094143	-0.0018884462506578647	-0.00020420352248333657	1.10705507	27.04817772	1.01835147	0.05381813939211578	0.0132575	0.0033
-0.0523	-0.1525	0.2346	0.0006859143960337716	-0.0017662732030182616	7.853981633974481e-05	1.16959417	28.57616615	1.014196	0.06144360646691638	0.0121862	0.00179
-0.0496	-0.1516	0.1752	0.0004380776422505767	-0.0016650441064025902	1.2217304763960308e-05	1.16771197	28.53017807	1.04055085	0.08376941809873255	0.010015	0.00076
-0.0394	-0.191	0.1555	0.0013491395117916165	-0.0017837264955382047	0.00015707963267948963	1.17414343	28.68731689	1.01781771	0.12803032932960917	0.0103455	0.00102
-0.0432	-0.1614	0.1497	0.000926769832808989	-0.0016790067404185449	7.853981633974481e-05	1.18683279	28.99735069	1.05768975	0.06948146252210163	0.0104142	0.00087
-0.0491	-0.0785	0.1646	0.0013962634015954637	-0.0015481070465189703	0.00015707963267948963	1.14377367	27.94530487	1.01152588	0.1376466539512897	0.0103366	0.00088
-0.0466	-0.144	0.1032	0.001446877949903299	-0.0016947147036864942	7.853981633974481e-05	1.17923558	28.81173134	1.05029179	0.14318810109075517	0.00876164	0.00055
-0.0489	-0.2121	0.0968	0.001308996938995747	-0.0017174039839624202	-0.0001239183768915974	1.09922326	26.85682487	0.99138536	0.09495142422074104	0.00876486	0.00063
-0.0468	-0.1557	0.0957	0.001265363707695889	-0.0018099064343181197	-0.00016231562043547262	1.09621775	26.78339195	0.98737522	0.06832664625997165	0.00809783	0.00046
-0.0482	-0.1024	0.1377	0.0011100294042683937	-0.0017959438003021652	-0.0001972222054753592	1.12681139	27.53087425	1.00451907	0.1069101761241668	0.00875413	0.00064
-0.0607	-0.1139	0.1318	0.0011135200627723821	-0.001429424657383356	-8.203047484373349e-05	1.06875265	26.11235046	0.96913483	0.054160076602721145	0.00869656	0.00045
-0.0668	-0.1689	0.1146	0.0005393067388662478	-0.001621410875102732	-0.0003769911184307752	1.14255202	27.91545677	0.9914018	0.1313580092606276	0.00842679	0.00045
-0.0768	-0.1951	0.1312	0.00039793506945470715	-0.0015812683023068625	-0.00048345620280242926	1.09326839	26.71133232	0.97285663	0.06719896632895321	0.00928807	0.00033
-0.0603	-0.103	0.1602	0.00043458698374658803	-0.0012880529879718153	-0.0002844886680750757	1.17662978	28.74806404	1.00548978	0.16404173816771409	0.0088712	0.00037
-0.0617	-0.0975	0.1693	0.0006789330790257941	-0.0013316862192716734	-0.0001658062789394613	1.22377324	29.89989853	0.98437132	0.03633308578573392	0.00915599	0.00096
-0.0625	-0.225	0.1245	0.0007644542123735164	-0.001296779634231787	-0.00018500490071139895	1.21507537	29.68738747	1.03990666	0.18008131700797733	0.0102237	0.00064
-0.0615	-0.203	0.1163	0.0007417649320975902	-0.0014451326206513049	-0.00022863813201125715	1.13949215	27.84069824	0.98989561	0.0419337748997651	0.00962126	0.00066
-0.0563	-0.0979	0.1251	0.0007661995416255106	-0.001462585913171248	-0.00013439035240356338	1.20005107	29.32030678	1.02853186	0.12590678408277786	0.00891638	0.0007
-0.0617	-0.0633	0.1626	0.0006544984694978735	-0.0014381513036433276	-0.0001064650843716541	1.15515733	28.22343636	1.01395987	0.08570304748437334	0.00914133	0.00075
-0.0575	-0.1421	0.1181	0.0007504915783575615	-0.0013945180723434693	-0.0001361356816555577	1.09123456	26.66164017	0.99826771	0.1359648468721725	0.00847059	0.00048
-0.0587	-0.2634	0.1169	0.0006527531402458793	-0.001583013631558857	-0.000317649923862968	1.15240371	28.15615845	1.07023953	0.147087411976724	0.0105916	0.00124
-0.0557	-0.159	0.1201	0.0007173303225696694	-0.0016231562043547262	-0.0002478367537831948	1.09683049	26.79836273	1.0121837	0.11932664625997164	0.00815213	0.00064
-0.0577	-0.0578	0.1576	0.000921533845053006	-0.001562069680534925	-0.0002705260340591211	1.10365164	26.96502113	1.00446261	0.1550989663289532	0.00870544	0.00057
-0.0607	-0.1745	0.1169	0.0012130038301360591	-0.0014922565104551516	-0.000296705972839036	1.0870676	26.55983162	1.0106836	0.17977315469713706	0.00866497	0.00051
-0.06	-0.2723	0.1265	0.0013980087308474581	-0.0016632987771505957	-0.0003159045946109737	1.09945333	26.86244774	1.00667139	0.12686228945893904	0.0110157	0.00099
-0.0565	-0.21	0.1173	0.0011676252695842063	-0.0017243853009703976	-0.00024260076602721178	1.09325182	26.71092796	1.00412691	0.09323869068334079	0.00931698	0.00066
-0.0589	-0.2003	0.1122	0.0010262536001726657	-0.0016859880574265225	-0.00027576202181510406	1.10540009	27.00774002	0.98802781	0.027846508437165397	0.009435	0.00061
-0.0581	-0.0994	0.1491	0.0007661995416255106	-0.001583013631558857	-0.0002478367537831948	1.16053665	28.35486794	1.00713433	0.15814768762233652	0.00897717	0.00061
-0.0562	-0.0954	0.0951	0.000778416846389471	-0.0013718287920675431	-0.000153588974175501	1.14382613	27.94658661	0.98703731	0.0757824961931484	0.00862104	0.00063
-0.0539	-0.1776	0.0712	0.0006283185307179585	-0.0015254177662430443	-0.0003385938748868999	1.13647962	27.76709366	1.01276873	0.13283460952792064	0.00930834	0.00072
-0.0543	-0.1601	0.0805	0.00015533430342749534	-0.0012723450247038664	-0.0006440264939859076	1.20470428	29.4339962	0.99914059	0.07877447939643246	0.0095315	0.00066
-0.0567	-0.0931	0.1398	5.061454830783555e-05	-0.0013142329267517303	-0.0005969026041820607	1.27535367	31.16013908	1.05265662	0.13838657734856852	0.00994587	0.00093
-0.059	-0.2119	0.0846	0.0003054326190990077	-0.001218239817892042	-0.0005672320068981572	1.15539002	28.22912216	1.0414289	0.1953240888467382	0.00982744	0.00078
-0.0579	-0.1288	0.0816	0.0002007128639793479	-0.0013997540600994523	-0.0006056292504420323	1.14823031	28.05419159	1.00757256	0.10343156204354724	0.0088352	0.00067
-0.0566	-0.1729	0.1023	0.0001291543646475804	-0.001467821900927231	-0.0006108652381980154	1.14768302	28.04082108	1.02661015	0.07334311639577645	0.00924391	0.00096
-0.0557	-0.1081	0.1498	8.552113334772214e-05	-0.0014172073526193955	-0.0004886921905584122	1.11331069	27.20101738	1.02042151	0.12402104136236484	0.00848484	0.00048
-0.0591	-0.1811	0.0935	0.00023561944901923448	-0.0014172073526193955	-0.0005707226654021458	1.11359906	27.20806313	1.01384466	0.14430643952576228	0.00843108	0.00063
-0.0602	-0.2327	0.0923	0.0003944444109507184	-0.001467821900927231	-0.0006579891280018621	1.10216844	26.92878342	0.99652974	0.06873529864195177	0.00891858	0.00058
-0.06	-0.0988	0.1241	0.0001675516081914556	-0.0015655603390389136	-0.0005759586531581287	1.15582681	28.23979378	1.04224736	0.18623308578573392	0.00752622	0.00043
-0.0616	-0.054	0.1425	0.0002303834612632515	-0.001500983156715123	-0.0005044001538263612	1.05300164	25.72751236	0.9662383	0.0747483767363677	0.00781548	0.00037
-0.0609	-0.1717	0.0926	0.0005026548245743669	-0.0015707963267948967	-0.0005794493116621174	1.11807489	27.31741905	1.01694496	0.18915668456133228	0.00789052	0.00052
-0.0601	-0.1626	0.1273	0.0005567600313861911	-0.0016790067404185449	-0.0005532693728822024	1.10072923	26.89362144	0.98541642	0.05402477796076936	0.00862682	0.00052
-0.0537	-0.1246	0.1613	0.0006265732014659643	-0.0021380283336930534	-0.0005131268000863328	1.12140584	27.39880371	0.98680174	0.10684886680750756	0.00949991	0.00039
-0.0489	-0.1544	0.1936	0.0005462880558742252	-0.0020525072003453313	-0.00017278759594743863	1.16332197	28.42292023	1.02179505	0.09220727415391776	0.0107294	0.00088
-0.0543	-0.1282	0.1308	0.0002617993877991494	-0.001668534764906579	-0.0002530727415391778	1.26600051	30.93161964	1.03846734	0.13183731245527835	0.00909603	0.00088
-0.0576	-0.1917	0.0922	0.00017627825445142725	-0.001790707812546182	-0.0005253441048502931	1.19182718	29.11937523	1.01403321	0.129398277214922	0.00983191	0.0006
-0.0551	-0.1746	0.0766	0.0005026548245743669	-0.0018814649336498872	-0.0005811946409141118	1.15677238	28.26289749	0.96977685	0.05884921136452318	0.0107965	0.0009
-0.0514	-0.1073	0.1206	0.0002670353755551324	-0.0018325957145940458	-0.0003089232776029963	1.16773999	28.53086472	1.02041925	0.1428380015693096	0.00904959	0.00066
-0.0518	-0.1148	0.1135	0.00038048177693476387	-0.0017174039839624202	-0.0002652900463031381	1.09415436	26.73298073	0.98859408	0.028613568165555752	0.009139	0.00076
-0.0534	-0.1609	0.0693	0.00062482787221397	-0.0019093902016817967	-0.00033335788713091696	1.0995239	26.86417007	1.02342814	0.11712000769131808	0.00872689	0.00043
-0.0535	-0.2217	0.0766	0.0006440264939859076	-0.002005383310541485	-0.00043458698374658803	1.07809544	26.34061813	0.97335292	0.07902104136236486	0.00900126	0.00054
-0.0536	-0.1408	0.1283	0.0005567600313861911	-0.0018151424220741027	-0.00032637657012293966	1.09991539	26.87373543	1.0047527	0.15198588823453735	0.00844616	0.00078
-0.0501	-0.0855	0.1162	0.0006178465552059926	-0.001778490507782222	-0.0003298672286269283	1.10163927	26.91585541	1.00804514	0.07596145483078355	0.00762087	0.00045
-0.0504	-0.1638	0.0832	0.0007417649320975902	-0.0019425514574696887	-0.0004310963252425994	1.04176366	25.45293999	0.97638258	0.13106042115973676	0.00748396	0.00036
-0.0538	-0.1695	0.096	0.000450294947014537	-0.0019006635554218248	-0.0005794493116621174	1.07207644	26.19355965	0.96853518	0.04598554367752178	0.00781125	0.00043
-0.0528	-0.1361	0.1302	0.00023561944901923448	-0.0020001473227855013	-0.00040666171571467877	1.10967767	27.11225319	1.00635827	0.09294734306532089	0.0080384	0.00042
-0.0561	-0.0731	0.1569	0.00015184364492350666	-0.0017383479349863521	-0.0002897246558310587	1.08396494	26.48402596	0.99157326	0.11612561258892484	0.00788784	0.00042
-0.0579	-0.2163	0.0898	0.00038571776469074686	-0.0017697638615222502	-0.00034557519189487725	1.1438061	27.94609833	1.05056923	0.22815702911834784	0.00867057	0.00046
-0.0565	-0.1935	0.0826	0.0004572762640225143	-0.0018622663118779497	-0.0005131268000863328	1.0595417	25.88730431	0.957926	0.04798062789394612	0.00901687	0.00055
-0.0614	-0.1452	0.1217	0.0003054326190990077	-0.0017872171540421933	-0.0004939281783143952	1.0621624	25.951334	0.97589056	0.10460457122656004	0.00909531	0.00046
-0.0597	-0.0567	0.1152	0.0003473205211468716	-0.0017034413499464657	-0.00029845130209103034	1.15022767	28.10299301	0.99356318	0.11275702911834783	0.00806785	0.00033
-0.0566	-0.1636	0.0681	0.00048171087355043494	-0.0017331119472303693	-0.0003525565089028545	1.08764529	26.573946	0.99929022	0.16800830782496456	0.00877237	0.00063
-0.0549	-0.1629	0.0874	0.00023911010752322313	-0.001790707812546182	-0.00042760566673861073	1.10555875	27.01161766	0.97726985	0.040462289458939045	0.00893426	0.00081
-0.0584	-0.0939	0.144	8.726646259971648e-05	-0.0016947147036864942	-0.0003385938748868999	1.21792567	29.75702858	1.00770981	0.14594242728174525	0.00935495	0.0007
-0.0618	-0.1316	0.0939	0.0003874630939427412	-0.0018064157758141308	-0.0004363323129985824	1.05976415	25.89274025	0.99111404	0.11668180707911716	0.00943828	0.00063
-0.0603	-0.1894	0.0908	0.0005742133239061344	-0.0018483036778619948	-0.0004537856055185257	1.04300535	25.48328018	0.95602137	0.07470457122656003	0.0102303	0.00084
-0.0621	-0.1536	0.0981	0.0005305800926062762	-0.0020176006153054447	-0.0004625122517784973	1.08306253	26.46197891	0.98549041	0.05598284075016401	0.00891984	0.00073
-0.0635	-0.0787	0.155	0.0003106686068549907	-0.0018360863730980347	-0.00026878070480712676	1.12801719	27.56033325	1.01818425	0.1629578637465033	0.00933236	0.001
-0.0593	-0.0985	0.1292	0.0005061454830783556	-0.0019216075064457567	-9.250245035569947e-05	1.05923486	25.87980843	0.97625816	0.0726638132011257	0.00874996	0.0006
-0.0628	-0.1696	0.108	0.0006806784082777885	-0.00199142067652553	-0.00022689280275926284	1.07916164	26.3666687	0.98867195	0.11473682238413847	0.00879681	0.00069
-0.0603	-0.1748	0.1036	0.0007923794804054256	-0.002145009650701031	-0.00040317105721069014	1.07258296	26.20593452	0.98506445	0.03417841503772828	0.00877607	0.00066
-0.0677	-0.1806	0.1442	0.0006318091892219474	-0.0022916173078685546	-0.0005148721293383271	1.09556961	26.76755714	1.0097497	0.07474395102393194	0.00935537	0.00078
-0.0678	-0.0837	0.1727	0.0005148721293383271	-0.0022322761133007477	-0.000645771823237902	1.12869871	27.57698631	1.01900181	0.1408588974175501	0.00895661	0.00076
-0.0565	-0.1662	0.0733	0.000593411945678072	-0.0019879300180215415	-0.0005375614096142535	1.11838746	27.32505608	1.02870775	0.21475481626213	0.00796705	0.00034
-0.0492	-0.24	0.0956	0.001281071670963838	-0.001963495408493621	-0.0006859143960337716	1.11231923	27.17679405	1.00063971	0.14642236606166023	0.00947827	0.00073
-0.0457	-0.1978	0.1375	0.00037350045992678646	-0.002064724505109292	-0.0004014257279586958	1.07727158	26.32048988	1.0082548	0.15226444878638992	0.00889224	0.00049
-0.0534	-0.1178	0.1209	0.0003001966313430247	-0.0019617500792416262	-0.0004677482395344803	1.10910404	27.09823799	0.99997536	0.1164300383013606	0.00837201	0.00058
-0.0547	-0.2072	0.0757	0.0005672320068981572	-0.002036799237077382	-0.0005585053606381855	1.05718017	25.8296051	0.98657938	0.15754208272472964	0.00879574	0.00034
-0.0506	-0.1809	0.0801	0.00037524578917878077	-0.002087413785385218	-0.0005916666164260777	1.05548286	25.78813553	0.9494546	0.04858810109075521	0.00824386	0.00034
-0.0546	-0.0696	0.1365	0.0002443460952792061	-0.0019757127132575807	-0.0006178465552059926	1.1213398	27.39719009	1.01757736	0.1851390352403564	0.00815481	0.00049
-0.0591	-0.0785	0.1018	0.0004206243497306334	-0.0018936822384138475	-0.0005270894341022875	1.04263055	25.47412109	0.96237254	0.0655532925199433	0.00750697	0.00039
-0.0584	-0.2247	0.0822	0.00046949356878647465	-0.0019093902016817967	-0.0005305800926062762	1.14075518	27.87155724	1.03246281	0.1699033920413889	0.00922602	0.00061
-0.0594	-0.1753	0.1095	0.000291469985083053	-0.002007128639793479	-0.0005497787143782138	1.13896942	27.82792664	1.00687952	0.09244803217935207	0.00925744	0.00054
-0.0672	-0.0584	0.1506	0.0003438298626428829	-0.0017732545200262388	-0.00047822021504644627	1.52935636	37.36607361	1.16586654	0.18368962483294188	0.0102229	0.001
-0.0676	-0.1159	0.1133	0.000661479786505851	-0.0017715091907742446	-0.00035081117965086024	1.39333451	34.04271317	1.11483855	0.11754021442552742	0.00990176	0.00115
-0.0719	-0.3073	0.1634	2.6179938779914945e-05	-0.002097885760897184	-0.0006946410422937432	1.40189934	34.2519722	1.21386603	0.31107531402458793	0.0145358	0.00326
-0.0789	-0.2378	0.3839	-0.0017174039839624202	-0.0022951079663725434	-0.0008464846872172499	1.43931878	35.16622543	1.36399928	0.4016324886570601	0.0227736	0.0248
-0.0728	-0.1369	0.4626	-0.0005637413483941684	-0.002305579941884509	-0.0007225663103256524	1.25434947	30.64695549	1.15786309	0.2501026493985907	0.0252569	0.03046
-0.0737	-0.2846	0.4568	0.0002024581932313422	-0.0024818581963359366	-0.000890117918517108	1.44691718	35.35187531	1.18300317	0.20990147021341973	0.026737	0.03303
-0.0755	-0.3584	0.3845	0.000291469985083053	-0.0024312436480281013	-0.0007452555906015787	1.61198103	39.38480377	1.1983338	0.1621244334037537	0.0263458	0.02456
-0.0664	-0.2979	0.3292	-0.0003106686068549907	-0.0022951079663725434	-0.0007749261878854823	1.28808939	31.47130585	1.09958757	0.16329724354387523	0.0196971	0.01058
-0.0732	-0.163	0.3526	0.0002024581932313422	-0.0019949113350295183	-0.000736528944341607	1.20491946	29.43925285	1.09802513	0.20768603374866168	0.0182744	0.0076
-0.0684	-0.2035	0.2491	0.0004520402762665313	-0.00199142067652553	-0.0006841690667817771	1.1214844	27.4007206	1.078289	0.1640716309549504	0.0143768	0.00288
-0.0672	-0.264	0.1694	0.00011170107212763708	-0.0019408061282176943	-0.0005811946409141118	1.1305902	27.62319946	1.05287478	0.16609640891571975	0.0134677	0.00212
-0.0661	-0.2539	0.2068	-1.7453292519943296e-05	-0.0018849555921538759	-0.0006597344572538566	1.1070317	27.04760551	1.02537363	0.061777235852557184	0.0141879	0.00247
-0.068	-0.0639	0.2146	0.0005288347633542819	-0.0018343410438460403	-0.0005253441048502931	1.29626894	31.67115402	1.13811516	0.2362646478292812	0.0129523	0.00224
-0.0698	-0.1943	0.1312	0.0009843656981248017	-0.0019390607989657003	-0.0005759586531581287	1.22071362	29.82514381	1.09536497	0.2461432619099008	0.0122157	0.00158
-0.0717	-0.2407	0.1366	0.0010367255756846318	-0.0018849555921538759	-0.0006108652381980154	1.10972798	27.11348152	1.00361008	0.06076858347057704	0.0126252	0.00173
-0.0714	-0.0926	0.1024	0.004377285764001779	-0.0022951079663725434	-0.0009424777960769379	1.46011126	35.67424011	1.29152329	0.3867162560207369	0.0165871	0.00826
-0.0697	-0.1817	0.092	0.003166027263117714	-0.0021607176139689798	-0.00041713369122664475	1.23552108	30.1869278	1.11274786	0.1947496479068961	0.0131764	0.00223
-0.06	-0.2201	0.0843	0.003035127569218139	-0.0022951079663725434	-0.000312413936106985	1.08641994	26.54400826	0.99667727	0.07430049007113988	0.0125673	0.00148
-0.0557	-0.2476	0.101	0.0024434609527920616	-0.0021258110289290935	-8.37758040957278e-05	1.11337423	27.20256996	1.00080429	0.09798008429403923	0.011934	0.00109
-0.0564	-0.1678	0.1654	0.0019408061282176943	-0.0020298179200694054	6.283185307179586e-05	1.15520096	28.22450447	1.04469087	0.18216277953007887	0.0116246	0.00111
-0.059	-0.0876	0.1891	0.0017872171540421933	-0.0018867009214058703	-3.490658503988659e-05	1.11007082	27.1218605	0.9969105	0.12622222054753593	0.0118563	0.00118
-0.0595	-0.1795	0.1586	0.0019216075064457567	-0.002054252529597326	-0.00015009831567151235	1.120875	27.38583183	1.0142298	0.14375668456133223	0.0114133	0.00128
-0.0629	-0.2178	0.1724	0.001778490507782222	-0.002410299697004169	-0.00019896753472735358	1.06187856	25.94439888	0.97183031	0.08290166925631097	0.012848	0.00203
-0.066	-0.1869	0.1666	0.0016982053621904826	-0.002469640891571976	-0.00032812189937493397	1.16320026	28.41994667	0.97703563	0.05323903524035632	0.0126405	0.00214
-0.07	-0.1609	0.1971	0.0012758356832078548	-0.002087413785385218	-0.00020769418098732522	1.27996874	31.27289963	1.01562898	0.10675122517784975	0.0138289	0.00212
-0.0715	-0.1961	0.1774	0.0014137166941154068	-0.0020804324683772408	-0.00033335788713091696	1.08220267	26.44096947	0.98710098	0.06992630170295604	0.0133097	0.00178
-0.0736	-0.2304	0.1546	0.0014137166941154068	-0.0022427480888127134	-0.0003700098014227979	1.07247126	26.20320511	1.0102203	0.06914837673636769	0.013686	0.00194
-0.0777	-0.2432	0.1529	0.0014556045961632708	-0.002234021442552742	-0.0004433136300065597	1.07642257	26.29974747	0.99065582	0.024795918844579847	0.0125504	0.00173
-0.0822	-0.1434	0.1882	0.001567305668290908	-0.002090904443889207	-0.000312413936106985	1.12587118	27.50790215	1.02386422	0.15888588823453736	0.0119765	0.00139
-0.0747	-0.1065	0.1609	0.00199142067652553	-0.0021851522234969008	-0.0002373647782712288	1.0442698	25.5141716	0.98977926	0.1013705972839036	0.0111821	0.00112
-0.0745	-0.2364	0.1313	0.001960004749989632	-0.002253220064324679	-0.00026354471705114377	1.1189059	27.33772278	1.03819706	0.16598318530717956	0.0116475	0.00102
-0.0725	-0.1508	0.1378	0.0019355701404617114	-0.002303834612632515	-0.00037524578917878077	1.09005427	26.63280296	0.99533944	0.10343751149816968	0.0104828	0.00084
-0.0694	-0.1492	0.1371	0.0017453292519943296	-0.0027925268031909274	-0.000148352986419518	1.11463439	27.23336029	1.02443592	0.050691294089252846	0.010205	0.00096
-0.0753	-0.1281	0.203	0.0014416419621473165	-0.002436479635784084	-0.00035604716740684323	1.14198506	27.90160561	1.03719191	0.13627143191205912	0.0103832	0.0009
-0.075	-0.0872	0.2037	0.0015777776438028737	-0.002324778563656447	-0.0002670353755551324	1.08536112	26.51813698	0.99186081	0.05874242728174522	0.0104839	0.00088
-0.0764	-0.2496	0.1389	0.0016929693744344998	-0.0023771384412162766	-0.00030368728984701333	1.18241692	28.88945961	1.07581974	0.2388101761241668	0.0111658	0.00079
-0.0709	-0.2039	0.1326	0.0014224433403753785	-0.0023509585024363614	-0.000317649923862968	1.10485721	26.99447823	0.98964152	0.07303343034274953	0.00972211	0.00066
-0.0701	-0.1524	0.1677	0.0010821041362364843	-0.0021921335405048776	-0.0002373647782712288	1.09599018	26.77783203	0.99515861	0.11637246558310584	0.00973892	0.00043
-0.069	-0.1368	0.1519	0.001408480706359424	-0.002045525883337354	-3.490658503988659e-05	1.04547799	25.54369164	0.97243105	0.06627212102609024	0.0093621	0.00045
-0.0689	-0.2098	0.1204	0.0016231562043547262	-0.0022776546738526	-0.0002478367537831948	1.08353806	26.47359657	0.99960024	0.13758672286269283	0.0101296	0.00031
-0.0746	-0.1685	0.1295	0.0014486232791552935	-0.0022951079663725434	-0.0003159045946109737	1.06771052	26.08688927	1.00605992	0.06910270292735772	0.00944287	0.00048
-0.0743	-0.1463	0.1695	0.0012897983172238095	-0.0021921335405048776	-0.00021467549799530252	1.0538677	25.74867249	0.96275393	0.08065142422074105	0.00976318	0.0004
-0.0681	-0.1419	0.1004	0.001689478715930511	-0.002143264321449037	-0.0001064650843716541	1.06080008	25.91804886	1.00357311	0.10753800156930957	0.00890982	0.00042
-0.0701	-0.2138	0.1082	0.0017313666179783749	-0.0022410027595607188	-0.00023911010752322313	1.03562558	25.30297089	0.96236195	0.09531356816555571	0.0100845	0.00064
-0.0728	-0.1537	0.1194	0.0017418385934903407	-0.0022846359908605773	-0.00023561944901923448	1.04981732	25.64971161	0.95930103	0.07687979326579066	0.00950927	0.00049
-0.0783	-0.2054	0.1806	0.0016964600329384882	-0.002118829711921116	-0.0002024581932313422	1.20306253	29.39388466	1.0375152	0.1306173047639603	0.012009	0.00152
-0.0691	-0.1455	0.1155	0.001933824811209717	-0.0021223203704251047	-0.0001308996938995747	1.22652447	29.96711922	1.04724861	0.1498206968053493	0.0109053	0.00076
-0.0759	-0.2361	0.1178	0.0017697638615222502	-0.0022759093446006054	-0.0002129301687433082	1.1286453	27.57568169	1.00181064	0.11968401993533506	0.0113777	0.00099
-0.0744	-0.1507	0.1166	0.001790707812546182	-0.002237512101056731	-0.00027750735106709843	1.13818145	27.80867386	0.99484257	0.09429591884457984	0.0102937	0.00072
-0.0765	-0.1563	0.1437	0.001853539665617978	-0.0022270401255447643	-0.00028099800957108706	1.1211971	27.39370346	1.00109758	0.03863972435438756	0.0107626	0.00078
-0.0784	-0.1287	0.1766	0.0017366026057343581	-0.00217293491873294	-0.0002513274122871834	1.10227954	26.93149757	0.9897274	0.07243564319896739	0.0114611	0.00088
-0.0781	-0.1517	0.1169	0.002001892652037496	-0.0022602013813326567	-0.000296705972839036	1.06985343	26.13924599	0.99702372	0.10289675347273532	0.0104194	0.00081
-0.0709	-0.2334	0.0987	0.0017976891295541592	-0.0023474678439323734	-0.00033335788713091696	1.1095854	27.1099987	1.00880607	0.12350609496874672	0.0100309	0.00082
-0.0691	-0.1051	0.1108	0.0017662732030182616	-0.00217293491873294	-0.0003159045946109737	1.10125375	26.90643692	1.02199816	0.1533701072127637	0.00835514	0.00064
-0.0702	-0.139	0.1523	0.001626646862858715	-0.002141518992197042	-0.00019547687622336493	1.04433548	25.51577759	0.98078819	0.09107349925415267	0.00914431	0.0006
-0.0683	-0.1396	0.0828	0.0019687313962496035	-0.0021642082724729686	-0.00019896753472735358	1.04167604	25.45080185	0.96983294	0.09041322360854016	0.00835013	0.00064
-0.073	-0.2174	0.0961	0.0019792033717615696	-0.0022165681500327986	-0.000312413936106985	1.04269266	25.47563934	0.96249993	0.10461391272257138	0.00935876	0.00063
-0.0719	-0.2033	0.099	0.0019285888234537342	-0.002124065699677099	-0.0003351032163829112	1.02166498	24.96187973	0.95289717	0.026390313946973058	0.00903702	0.00064
-0.0723	-0.1452	0.1485	0.001658062789394613	-0.002097885760897184	-0.00021118483949131387	1.08516383	26.51331711	0.9990119	0.12903121748653165	0.0100202	0.0006
-0.0724	-0.1421	0.1237	0.0018273597268380628	-0.0021153390534171274	-0.0002722713633111154	1.08269095	26.45289993	1.01786375	0.04039183768915972	0.00932324	0.0006
-0.0652	-0.2524	0.0769	0.0016772614111665507	-0.0022218041377887812	-0.00030368728984701333	1.13460302	27.72124481	1.0203312	0.1786989663289532	0.0100143	0.00082
-0.0687	-0.1755	0.1119	0.0013107422682477415	-0.0021519909677090087	-0.0003385938748868999	1.08928442	26.6139946	0.99405535	0.13896194490192343	0.00917494	0.00042
-0.0688	-0.0295	0.1334	0.0015323990832510211	-0.0021537362969610025	-0.00021467549799530252	1.14529634	27.98250961	1.03339992	0.18496602605734355	0.00945675	0.00054
-0.064	-0.2105	0.0502	0.0015707963267948967	-0.0020629791758572974	-0.0001658062789394613	1.23544014	30.18494987	1.10961664	0.2779011791851711	0.00952899	0.00061
-0.0706	-0.1531	0.0678	0.0015289084247470327	-0.0021624629432209744	-0.00035430183815484887	1.03805327	25.36228752	0.96055753	0.0980933614313464	0.00913984	0.00034
-0.0726	-0.112	0.1294	0.0012793263417118436	-0.002129301687433082	-0.00028797932657906436	1.07680202	26.30901718	0.98603043	0.1221532925199433	0.00935465	0.00039
-0.0736	-0.1777	0.085	0.001583013631558857	-0.002036799237077382	-0.0002478367537831948	1.07815468	26.34206581	0.97702472	0.13291661564992907	0.00955141	0.00057
-0.0727	-0.1719	0.0741	0.0016528268016386303	-0.0022322761133007477	-0.000317649923862968	1.01270139	24.74287605	0.95181588	0.03435516081914561	0.00953823	0.00055
-0.0741	-0.1481	0.1112	0.0014364059743913332	-0.0020629791758572974	-0.0003316125578789226	1.07929623	26.36995888	0.97223678	0.08228401993533507	0.00991529	0.0009
-0.0761	-0.101	0.1393	0.001377064779823526	-0.002057743188101315	-0.00034033920413889426	1.18503439	28.9534111	0.99102622	0.08086519142918809	0.0106779	0.00109
-0.0745	-0.2039	0.097	0.0016196655458507376	-0.0021572269554649913	-0.00027576202181510406	1.07666636	26.30570221	1.00131893	0.1671330857857339	0.0107453	0.001
-0.0753	-0.1887	0.095	0.0016528268016386303	-0.0022270401255447643	-0.0004380776422505767	1.10731709	27.05457878	0.97431703	0.031264502315156914	0.0109624	0.00076
-0.0734	-0.1564	0.1238	0.0015428710587629874	-0.002239257430308725	-0.0005393067388662478	1.16416907	28.44361687	1.00805337	0.07417010721276371	0.0108016	0.00103
-0.0735	-0.0301	0.1466	0.0015079644737231008	-0.002150245638457014	-0.00035081117965086024	1.16954994	28.57508469	1.0371323	0.16482069680534928	0.0110928	0.00079
-0.0738	-0.1865	0.0825	0.0015550883635269475	-0.0020856684561332234	-0.000307177948351002	1.16873205	28.55510139	1.06235419	0.2285667151713748	0.00979662	0.00064
-0.0755	-0.2201	0.0928	0.0015027284859671175	-0.0022322761133007477	-0.00035604716740684323	1.07034302	26.15120697	0.97545594	0.05799183768915976	0.0099498	0.00078
-0.0747	-0.1277	0.1309	0.0013665928043115599	-0.002237512101056731	-0.0002548180707911721	1.13725698	27.78608704	1.02469906	0.14343003830136056	0.00930274	0.00061
-0.0743	-0.1543	0.1395	0.001424188669627373	-0.002141518992197042	-0.00018675022996339323	1.04771972	25.59846306	0.96911477	0.04668284075016403	0.0092079	0.0007
-0.0718	-0.1971	0.0763	0.0015515977050229591	-0.0022165681500327986	-0.00020943951023931956	1.07410371	26.24309158	0.99764263	0.11975737367536345	0.00889474	0.00063
-0.075	-0.1653	0.0887	0.001473057888683214	-0.0021921335405048776	-0.0003822271061867582	1.0719837	26.19129372	0.99274397	0.06118810109075522	0.00878233	0.00052
-0.0751	-0.0961	0.1417	0.0014870205226991688	-0.0021956241990088664	-0.0003298672286269283	1.09403539	26.73007393	1.00087234	0.12579065850398863	0.00904089	0.00066
-0.0768	-0.1398	0.0973	0.0015498523757709647	-0.0021101030656611444	-0.00035081117965086024	1.06155634	25.93652534	0.97301142	0.09826484687217249	0.00926548	0.00063
-0.0789	-0.2723	0.0937	0.0015289084247470327	-0.002235766771804736	-0.000439822971502571	1.13426971	27.71310043	1.01905893	0.1499809724509617	0.0104423	0.00102
-0.0797	-0.1751	0.113	0.001308996938995747	-0.0022916173078685546	-0.0004468042885105483	1.12857056	27.57385445	1.03117581	0.13143716694115407	0.00935608	0.00078
-0.0773	-0.0943	0.1443	0.0012880529879718153	-0.0021799162357409173	-0.0002478367537831948	1.12129736	27.3961525	1.03346686	0.13108062789394614	0.00866586	0.00045
-0.0711	-0.1391	0.087	0.0014311699866353504	-0.002090904443889207	-0.00021642082724729686	1.09452486	26.742033	0.98870074	0.1214772358525572	0.00855291	0.00034
-0.0747	-0.1789	0.0876	0.0015132004614790836	-0.0021327923459370708	-0.0003874630939427412	1.10018134	26.88023376	1.00242137	0.05874803217935209	0.00909412	0.00045
-0.0756	-0.1015	0.1164	0.0012374384396639797	-0.00222529479629277	-0.00043458698374658803	1.14758825	28.03850555	0.99648921	0.1278694180987325	0.00965464	0.00061
-0.0771	-0.0753	0.1473	0.0013055062804917586	-0.002139773662945048	-0.0003525565089028545	1.23341823	30.13554955	1.03209127	0.07038097245096171	0.00951499	0.00102
-0.0757	-0.2115	0.0742	0.0013404128655316449	-0.002131047016685076	-0.0003351032163829112	1.23869205	30.26440239	1.06981314	0.21375432619099005	0.0102214	0.00085
-0.0779	-0.2341	0.0856	0.0012740903539558604	-0.0022165681500327986	-0.0004310963252425994	1.11338556	27.20284653	0.97753072	0.04859183768915976	0.0108585	0.00108
-0.0766	-0.1152	0.1264	0.0012077678423800758	-0.0022724186860966175	-0.00033684854563490564	1.19145405	29.1102581	1.03967118	0.17182104136236487	0.00974387	0.00073
-0.0733	-0.07	0.1322	0.0014329153158873448	-0.002145009650701031	-0.0001832595714594046	1.107108	27.04946899	0.98959272	0.07960727415391781	0.00960815	0.00084
-0.0733	-0.1825	0.0688	0.001553343034274953	-0.002197369528260861	-0.00017104226669544429	1.13068569	27.62553215	1.03291631	0.18515024503556993	0.00978309	0.00079
-0.079	-0.163	0.0708	0.0014416419621473165	-0.00231779724664847	-0.0004415683007545654	1.06965721	26.13445091	0.97283963	0.05233274122871831	0.00959682	0.0006
-0.077	-0.082	0.121	0.0012060225131280816	-0.00210835773640915	-0.0002844886680750757	1.32833219	32.45454025	1.09791734	0.1633069295969022	0.00917619	0.00048
-0.0811	-0.0902	0.1341	0.0017156586547104257	-0.0019861846887695473	-0.00015184364492350666	1.70361173	41.62357712	1.18338571	0.06362271061867582	0.01455	0.00339
-0.071	-0.1531	0.0443	0.0019425514574696887	-0.0021991148575128553	-0.00011170107212763708	1.40714204	34.38006592	1.18790211	0.18679827721492204	0.0113609	0.00194
-0.0734	-0.2201	0.0736	0.0016912240451825054	-0.0022846359908605773	-0.000307177948351002	1.27920377	31.25420952	1.05323935	0.1253162710929135	0.0118964	0.00282
-0.0757	-0.1757	0.1367	0.0014765485471872027	-0.002228785454796759	-0.00022340214425527416	1.1057837	27.01711464	1.03890435	0.1275150919077424	0.0114182	0.00224
-0.073	-0.0777	0.1261	0.0015254177662430443	-0.0021624629432209744	-0.0002303834612632515	1.09790254	26.82455635	1.03571144	0.11740865238198016	0.00935221	0.00103
-0.0729	-0.2573	0.0777	0.001656317460142619	-0.002324778563656447	-0.00035430183815484887	1.18745255	29.01249313	1.09728068	0.24895668456133216	0.0110635	0.00111
-0.0694	-0.1353	0.0753	0.0016022122533307947	-0.0023527038316883565	-0.00037524578917878077	1.17056787	28.59995651	1.05354295	0.1330487212933832	0.00883102	0.00061
-0.0698	-0.0679	0.1128	0.0012077678423800758	-0.001965240737745615	-0.0002600540585471551	1.14027607	27.85985184	1.03037633	0.1501549617762543	0.0087781	0.00058
-0.0734	-0.0723	0.1009	0.0013840460968315032	-0.002007128639793479	-0.00024609142453120044	1.09305179	26.70604134	0.97734446	0.0315064395257623	0.0089888	0.00045
-0.0723	-0.1469	0.0474	0.0016126842288427606	-0.002145009650701031	-0.00027925268031909274	1.13333511	27.69026566	1.00748051	0.1491840199353351	0.00973773	0.00051
-0.0707	-0.1641	0.0512	0.001473057888683214	-0.002190388211252884	-0.0003822271061867582	1.30784047	31.9538765	1.01478894	0.036998966328953234	0.010772	0.00121
-0.0713	-0.1241	0.0797	0.0013543754995475996	-0.0020769418098732523	-0.0002181661564992912	1.32372022	32.34185791	1.06191986	0.08890948701013565	0.0115362	0.00088
-0.0739	-0.0736	0.1043	0.001509709802975095	-0.002049016541841343	-3.316125578789226e-05	1.21621561	29.71524811	1.02623033	0.09611322360854019	0.0111905	0.00087
-0.0731	-0.1691	0.0367	0.002005383310541485	-0.0021956241990088664	-0.00012217304763960306	1.17616844	28.73679352	1.08383307	0.2004646478292812	0.0125375	0.00123
-0.0735	-0.1995	0.053	0.001726130630222392	-0.0022410027595607188	-0.0002600540585471551	1.17905736	28.80737495	1.05677482	0.07022561258892486	0.0108674	0.00128
-0.0762	-0.1178	0.0797	0.0015812683023068625	-0.0022078415037728267	-0.0002251474735072685	1.1257596	27.50517654	1.02357799	0.1217465084371654	0.00937593	0.00097
-0.077	-0.0881	0.1207	0.0015428710587629874	-0.0020996310901491783	-0.00019198621771937622	1.08293426	26.45884323	0.99198388	0.0804884456477708	0.00929427	0.00067
-0.0765	-0.0957	0.0684	0.0017540558982543013	-0.002064724505109292	-0.00016231562043547262	1.06120884	25.92803574	0.9838401	0.07418810109075519	0.00955135	0.00079
-0.0747	-0.1611	0.0676	0.001790707812546182	-0.002234021442552742	-0.00029496064358704166	1.118258	27.32189369	1.00104536	0.08492969374434499	0.00999492	0.00082
-0.0715	-0.121	0.0762	0.0016528268016386303	-0.0023230332344044524	-0.00017278759594743863	1.09430552	26.73667336	0.99385717	0.06935329251994327	0.00883514	0.00055
-0.0726	-0.1071	0.1019	0.0014852751934471744	-0.0022497294058206906	-0.00015184364492350666	1.10755515	27.06039429	0.98630342	0.05378996938995748	0.00871521	0.00043
-0.0764	-0.0716	0.1433	0.0011938052083641214	-0.0022113321622768156	-0.00019198621771937622	1.14326572	27.93289566	0.99067256	0.09920049007113987	0.00906396	0.00045
-0.0702	-0.0638	0.0701	0.0014695672301792255	-0.0021467549799530253	-0.00010821041362364843	1.07957351	26.37673187	0.99021988	0.10840575041173112	0.00877845	0.00037
-0.0705	-0.1844	0.0702	0.001614429558094755	-0.0022549653935766737	-0.00026878070480712676	1.14791417	28.04646873	1.01643756	0.1416821516361328	0.00972068	0.00057
-0.0712	-0.1074	0.0666	0.0015062191444711063	-0.002239257430308725	-0.0003438298626428829	1.25495911	30.66184998	1.02346978	0.09124837673636768	0.010113	0.00114
-0.0752	-0.1116	0.1176	0.0013997540600994523	-0.00217293491873294	-0.00017627825445142725	1.21182835	29.60805511	1.02255952	0.07621696020694475	0.0109667	0.00076
-0.0731	-0.1444	0.0993	0.001473057888683214	-0.002155481626212997	-0.0002199114857512855	1.11120534	27.14957809	1.01800751	0.059919517620178143	0.0105495	0.00093
-0.0738	-0.189	0.0649	0.001609193570338772	-0.0022043508452688383	-0.0002617993877991494	1.08027995	26.39399147	0.98408689	0.09104464013796316	0.0103405	0.0009
-0.074	-0.1595	0.0769	0.0014224433403753785	-0.0022218041377887812	-0.0004014257279586958	1.06449974	26.00844193	0.95858767	0.058891493132144125	0.0093711	0.00088
-0.0765	-0.0793	0.1319	0.0012845623294678264	-0.0021258110289290935	-0.00041189770347066176	1.11785793	27.31211853	1.02071876	0.14991730476396029	0.00934225	0.00064
-0.079	-0.0948	0.0741	0.001595230936322817	-0.0021101030656611444	-0.0003577924966588376	1.05115819	25.68247223	0.9752991	0.09482408884673818	0.00883949	0.00066
-0.0767	-0.2107	0.0737	0.0016126842288427606	-0.002309070600388498	-0.00039269908169872416	1.10940909	27.10569191	1.02391718	0.13116637061435915	0.0095228	0.00087
-0.0756	-0.1929	0.07	0.0016859880574265225	-0.0023404865269243957	-0.0005078908123303499	1.06464911	26.01209068	0.98276107	0.03359557428756429	0.00925112	0.00072
-0.0793	-0.1045	0.102	0.0014259339988793671	-0.0022462387473167022	-0.0005270894341022875	1.12777424	27.55439758	1.03227598	0.1427750229963393	0.00798237	0.00042
-0.0766	-0.0466	0.1032	0.0014940018397071458	-0.002183406894244906	-0.0005340707511102648	1.10006905	26.877491	0.99497728	0.0686940505453776	0.0086782	0.00066
-0.0709	-0.2121	0.0403	0.001595230936322817	-0.0021799162357409173	-0.0005323254218582705	1.22302413	29.88159752	1.11954156	0.23942325421858277	0.0102843	0.0007
-0.0729	-0.1274	0.0566	0.0014556045961632708	-0.002256710722828668	-0.0005201081170943102	1.15602887	28.2447319	1.01447667	0.11443190660056286	0.00811034	0.00051
-0.0757	-0.0708	0.1245	0.0012339477811599909	-0.0021746802479849347	-0.00048345620280242926	1.12903929	27.58530617	1.01918692	0.14431696020694473	0.00820899	0.00042
-0.078	-0.086	0.1037	0.001410226035611418	-0.002050761871093337	-0.0003595378259108319	1.08294225	26.45903778	0.95833591	0.05950575041173109	0.00834268	0.0003
-0.0738	-0.173	0.0647	0.0013456488532876281	-0.002131047016685076	-0.0003298672286269283	1.10069513	26.89278603	0.996254	0.1389266462599716	0.00901967	0.00046
-0.0732	-0.1631	0.0796	0.0013526301702956054	-0.002181661564992912	-0.0003769911184307752	1.14495432	27.97415352	0.99830389	0.030635987755983	0.00979459	0.00072
-0.0788	-0.0981	0.1258	0.0013072516097437528	-0.0020751964806212577	-0.0006003932626860494	1.30900478	31.98232269	1.05273763	0.13556228945893903	0.0103096	0.00087
-0.0768	-0.1054	0.0911	0.0012583823906879114	-0.0018605209826259553	-0.0004206243497306334	1.09948254	26.86316109	0.98367978	0.06616568150032798	0.00954252	0.00067
-0.0778	-0.2295	0.0739	0.0012077678423800758	-0.002036799237077382	-0.0005427973973702365	1.16086149	28.36280441	1.02957134	0.15975329251994333	0.0108227	0.00117
-0.0763	-0.1141	0.0889	0.0011903145498601325	-0.0020769418098732523	-0.0005846852994181004	1.16436183	28.44832802	1.02155771	0.1368741883681839	0.00997305	0.00111
-0.0838	-0.1387	0.1485	0.0012601277199399059	-0.0019722220547535923	-0.0005270894341022875	1.15638173	28.25335312	1.05464579	0.10330643952576228	0.0103055	0.00078
-0.0797	-0.1358	0.0802	0.0013892820845874865	-0.0017400932642383465	-0.00035604716740684323	1.08533549	26.51751137	1.00716263	0.10191627109291353	0.00917071	0.00075
-0.0763	-0.2396	0.0722	0.0013002702927357754	-0.0018797196043978928	-0.00048171087355043494	1.14722645	28.0296669	1.03039434	0.13291509190774242	0.010302	0.00103
-0.0777	-0.1327	0.1258	0.0011780972450961724	-0.0020193459445574393	-0.0005340707511102648	1.15148842	28.13379669	1.04484058	0.17760796326794895	0.00904953	0.00091
-0.0789	-0.085	0.1308	0.0014660765716752368	-0.001820378409830086	-0.00046949356878647465	1.07277942	26.21073532	0.98461528	0.0814762021815104	0.00924081	0.00063
-0.0729	-0.2007	0.0744	0.0015812683023068625	-0.0018517943363659836	-0.0004415683007545654	1.10247076	26.93617058	1.01979913	0.1868266462599716	0.00932419	0.00082
-0.0704	-0.1952	0.0748	0.0014311699866353504	-0.0021380283336930534	-0.0004572762640225143	1.06570816	26.03796768	0.97700951	0.031002013813326533	0.00935304	0.00067
-0.0729	-0.1072	0.1586	0.0005916666164260777	-0.0019896753472735357	-0.000598647933434055	1.16107154	28.36793709	1.06795436	0.23076140130201653	0.00959384	0.00078
-0.0688	-0.0496	0.1172	0.0011484266478122688	-0.0019303341527057286	-0.0004310963252425994	1.10215795	26.92852783	0.99953744	0.14228264170727267	0.00924689	0.00058
-0.0674	-0.2319	0.0806	0.0012199851471440364	-0.0019355701404617114	-0.0005253441048502931	1.220366	29.8166523	1.08776975	0.22885211333477212	0.00999302	0.00064
-0.0666	-0.1997	0.0761	0.0012374384396639797	-0.0018622663118779497	-0.0005480333851262194	1.07055628	26.15641975	0.97384115	0.04317232006898157	0.0109528	0.00094
-0.0708	-0.0468	0.138	0.0009197885158010115	-0.0018046704465621369	-0.0006562437987498679	1.20097232	29.3428154	1.06201592	0.24317281014012143	0.00969326	0.00072
-0.0728	-0.1134	0.1063	0.0010105456369047167	-0.0016807520696705393	-0.0006265732014659643	1.10490632	26.99567604	0.98106924	0.11251730476396032	0.00959229	0.00054
-0.073	-0.2303	0.0745	0.001069886831472524	-0.0017453292519943296	-0.0007417649320975902	1.12424755	27.46823311	1.02019522	0.16085550537616117	0.010918	0.00084
-0.0741	-0.1477	0.1113	0.0008726646259971648	-0.0016790067404185449	-0.000853466004225227	1.24495494	30.41742325	1.04197729	0.13926228945893906	0.0105123	0.00115
