trans_x	trans_y	trans_z	rot_x	rot_y	rot_z	dvars_std	dvars_nstd	dvars_vstd	framewise_displacement	aqi	aor
0.0	-0.0	0.0	-0.0	0.0	-0.0	n/a	n/a	n/a	n/a	0.0161815	0.00961
-0.009	0.0086	0.0493	-8.726646259971648e-05	0.00014660765716752367	0.00020420352248333657	1.21708882	30.52218246	1.0699293	0.08880388211252883	0.0156877	0.00975
-0.0063	-0.0581	-0.0181	0.0003106686068549907	7.155849933176751e-05	2.792526803190927e-05	1.16197574	29.14005661	1.06838123	0.1692631240870945	0.015645	0.01019
0.0016	-0.129	-0.0217	0.0002443460952792061	-1.2217304763960308e-05	-3.839724354387525e-05	1.11603868	27.98804474	1.00390891	0.09322104136236484	0.015068	0.01243
0.002	0.0066	-0.0184	0.00035081117965086024	3.839724354387525e-05	3.490658503988659e-05	1.15539145	28.97493553	1.06082658	0.1508191730631626	0.0151554	0.01074
-0.0026	-0.0007	0.0303	0.00013264502315156904	2.6179938779914945e-05	0.00012217304763960306	1.0863086	27.24247169	0.9887082	0.07648249619314838	0.0151864	0.00959
-0.0046	0.0199	-0.0081	7.330382858376184e-05	-1.7453292519943294e-06	9.250245035569947e-05	1.07640159	26.99402428	0.98373756	0.06684685299418101	0.0148883	0.00968
-0.0039	-0.0807	-0.0131	-0.00011519173063162575	-6.45771823237902e-05	-1.3962634015954635e-05	1.15209758	28.89233208	1.03146512	0.12418962483294188	0.014351	0.00984
-0.0005	0.0459	-0.0258	2.094395102393195e-05	8.37758040957278e-05	8.901179185171081e-05	1.12975049	28.33190918	1.05084142	0.16207315469713704	0.0158789	0.0117
-0.0006	0.0492	0.0333	-0.0003944444109507184	0.0001256637061435917	0.00011519173063162575	1.23465538	30.96271706	1.03209581	0.08667281014012147	0.0151438	0.00846
-0.0085	0.0112	0.043	-4.18879020478639e-05	0.0001937315469713706	0.0001658062789394613	1.22922492	30.82653046	1.02855974	0.07916194490192342	0.015924	0.01136
-0.0049	-0.0489	-0.0157	6.9813170079773176e-06	-7.504915783575618e-05	8.726646259971648e-06	1.15825272	29.04668808	1.03914285	0.1461364778271229	0.0160482	0.01077
-0.0029	-0.0095	-0.0234	0.00042236967898262774	-0.00010297442586766544	4.18879020478639e-05	1.14487338	28.71116066	1.01883662	0.07292374428972259	0.0172312	0.01401
-0.0064	0.0239	-0.0016	0.0002844886680750757	-5.4105206811824215e-05	5.235987755982989e-05	1.14660001	28.7544632	1.0285264	0.06856111027376796	0.0161159	0.01126
-0.005	0.0251	0.0474	0.000158824961931484	-2.96705972839036e-05	0.0001012290966156711	1.09895873	27.55971336	1.01180767	0.06154837673636767	0.0150544	0.01135
-0.0068	-0.0103	-0.0007	0.0004363323129985824	8.552113334772214e-05	8.028514559173915e-05	1.08108521	27.11148071	1.00565967	0.1059821516361328	0.0149351	0.01066
-0.0033	-0.0532	-0.0135	0.0003787364476827695	5.235987755982988e-06	1.3962634015954635e-05	1.08943677	27.32092094	0.99413218	0.06941017612416682	0.0146914	0.01004
-0.0041	-0.0559	-0.0206	0.0002373647782712288	2.094395102393195e-05	2.268928027592628e-05	1.0757674	26.9781208	0.97952499	0.018890313946973068	0.0139111	0.00922
-0.0054	-0.02	-0.0018	3.490658503988659e-05	3.665191429188092e-05	6.283185307179586e-05	1.09777725	27.53008461	0.99625313	0.06891543646475805	0.0137502	0.00655
-0.0068	0.015	0.0427	-0.00013962634015954637	0.00016406094968746698	0.00024260076602721178	1.21266913	30.41134644	1.0224148	0.10498554367752173	0.0144789	0.00718
0.0	-0.0205	-0.0349	0.0001239183768915974	3.490658503988659e-05	0.0001186823891356144	1.13414991	28.44223976	1.03005921	0.1457308729295161	0.0147759	0.00828
0.0021	-0.0757	-0.0331	1.7453292519943296e-05	-2.6179938779914945e-05	2.268928027592628e-05	1.20949984	30.33186722	1.00824172	0.07227723585255719	0.0149522	0.00868
-0.0026	0.0165	-0.0013	-0.00028099800957108706	-4.0142572795869576e-05	0.0001256637061435917	1.24106514	31.12346268	1.03998445	0.14946941809873251	0.0141766	0.00585
-0.0044	-0.0067	0.0284	-0.00029496064358704166	0.00014137166941154068	0.00027576202181510406	1.14949334	28.82702255	1.01334614	0.07197875959474387	0.0136744	0.00654
-0.0004	-0.0585	-0.0329	-0.00011693705988362007	-2.792526803190927e-05	0.0001308996938995747	1.09417641	27.43978119	1.01587327	0.14170914245312005	0.0135393	0.00679
0.0002	-0.0923	-0.0284	-0.00021467549799530252	3.490658503988659e-05	2.6179938779914945e-05	1.10143995	27.6219368	0.98829123	0.052164502315156895	0.0133208	0.00692
-0.0046	0.0103	0.0174	-0.0003787364476827695	2.094395102393195e-05	0.00024260076602721178	1.13789606	28.53618431	1.03600516	0.17292222054753592	0.0123437	0.00497
-0.0028	0.0489	-0.0083	-0.0002705260340591211	0.000153588974175501	0.0003089232776029963	1.07380855	26.92899513	0.98825251	0.0814588974175501	0.0129268	0.00649
-0.0009	-0.06	-0.0303	-0.00012740903539558605	3.4906585039886588e-06	2.792526803190927e-05	1.1297673	28.3323307	1.03178475	0.16151066619530674	0.0132	0.00621
-0.0033	-0.029	-0.0357	-0.0	3.316125578789226e-05	9.075712110370512e-05	1.12003469	28.08825684	1.01293092	0.04979557428756427	0.0138576	0.00743
-0.0062	0.008	0.0119	-0.0002495820830351891	1.0471975511965975e-05	0.0001186823891356144	1.08682775	27.25549126	0.99347761	0.10250983156715124	0.0133358	0.00609
-0.0102	0.002	-0.037	0.0002565634000431664	0.0003193952531149623	0.00022863813201125715	1.15957296	29.07979774	1.00843738	0.10515122517784972	0.0151797	0.00974
-0.0014	-0.0553	-0.0504	-9.250245035569947e-05	8.028514559173915e-05	6.283185307179586e-05	1.13444281	28.44958496	1.00418777	0.11719911184307752	0.0153164	0.00785
0.0079	-0.0536	-0.0156	-0.001956514091485643	0.00014486232791552936	0.0002199114857512855	1.33346629	33.44070053	1.1220997	0.15008342280666115	0.0129473	0.00289
0.0164	-0.0231	0.0163	-0.006017895260876448	0.00040317105721069014	0.0004729842272904633	1.51348794	37.95528793	1.37733488	0.2995381320112571	0.0114806	0.00377
0.0013	0.0816	0.0891	-0.005366887449882563	0.0003700098014227979	0.0005288347633542819	1.25561881	31.48843765	1.11270676	0.22960098014227973	0.00989681	0.00171
-0.0097	0.0176	0.1259	-0.006241297405131722	0.0005358160803622592	0.00035604716740684323	1.11331296	27.91968918	1.03163656	0.17245019150680296	0.0103133	0.0015
-0.0106	-0.0868	0.087	-0.00564788545945365	0.0006230825429619757	0.0004049163864626844	1.15355659	28.92891884	1.05023562	0.18067738136668152	0.00906235	0.00094
-0.0068	-0.0691	0.0588	-0.0053389621818506535	0.0003769911184307752	0.0003577924966588376	1.15495265	28.96393013	1.02966941	0.07980692959690219	0.00877327	0.00085
-0.0091	-0.0081	0.0832	-0.005021312257987686	0.0005340707511102648	0.00031415926535897925	1.13272917	28.40660858	1.00921229	0.11361813939211576	0.00818306	0.00083
-0.0081	0.0004	0.06	-0.004352851154473858	0.000705113017805709	0.00032812189937493397	1.08568954	27.22694969	0.98821044	0.07537330021126135	0.00824928	0.0006
0.0011	-0.0511	0.0123	-0.004408701690537677	0.0005742133239061344	0.0002443460952792061	1.10458922	27.70091438	1.00468575	0.12192630170295606	0.00825173	0.00071
-0.0008	-0.079	0.0135	-0.004082325120414737	0.0003612831551628262	0.00020420352248333657	1.05667996	26.49944496	0.9635307	0.05997246558310588	0.00891811	0.00061
-0.0107	0.0423	0.0111	-0.003611086222376268	0.0004956735075663896	0.0003089232776029963	1.20906281	30.32090569	1.02770545	0.16911745027808459	0.00901163	0.00086
-0.0142	0.0606	0.0028	-0.0025028021473598684	0.0003577924966588376	0.000439822971502571	1.16479242	29.21069145	0.99538403	0.09895323899117632	0.0102272	0.00156
-0.0081	-0.0682	-0.0118	-0.002518510110627818	0.00016406094968746698	0.0002478367537831948	1.21039391	30.35428619	1.07581008	0.1695712863979348	0.0106496	0.00161
-0.0103	-0.0454	-0.0024	-0.0028326693759867967	0.000148352986419518	0.00024609142453120044	1.22174931	30.63905716	1.01940647	0.0509806278939461	0.00960761	0.00083
-0.0156	0.0801	0.0472	-0.0029862583501622975	0.0002617993877991494	0.0004363323129985824	1.22643673	30.75660896	1.06592864	0.2032638132011257	0.00984943	0.00106
-0.0061	0.0132	0.0086	-0.002975786374650332	0.0001186823891356144	0.00047822021504644627	1.08917737	27.31441498	1.00216826	0.1247738438111682	0.00869691	0.00071
-0.0081	-0.131	-0.0097	-0.0033353242005611634	0.00015009831567151235	0.00032812189937493397	1.1748414	29.4627018	1.0632766	0.19155260340591207	0.00884247	0.00097
-0.0041	-0.0333	0.0023	-0.0033021629447732717	3.316125578789226e-05	0.0003089232776029963	1.12498927	28.21250916	1.01472059	0.12216484687217247	0.00795066	0.00069
-0.0125	0.0822	0.0395	-0.0033108895910332428	9.599310885968811e-05	0.0003351032163829112	1.12465036	28.20401001	1.02655796	0.1659869219055841	0.00877398	0.00089
-0.0098	-0.0324	0.0043	-0.003419100004656891	0.00021642082724729686	0.0002181661564992912	1.13404	28.43948174	1.03671648	0.16977875959474387	0.00818735	0.00071
-0.0041	-0.1009	-0.0044	-0.0036582101121801144	4.537856055185256e-05	1.5707963267948964e-05	1.15156233	28.87890625	0.99860093	0.11353052837250048	0.00893396	0.00064
-0.0034	-0.0164	0.0018	-0.003686135380212024	0.00017453292519943296	0.00021642082724729686	1.0839417	27.18311691	0.98420144	0.10928962483294188	0.00839269	0.00048
-0.0076	0.0486	0.0372	-0.003309144261781249	0.0002478367537831948	0.00024609142453120044	1.11417699	27.94135857	0.99037759	0.128598277214922	0.00866497	0.00058
-0.0073	0.0514	0.0152	-0.0033178709080412204	0.00041189770347066176	0.00028797932657906436	1.12837827	28.2974968	0.98132639	0.03583377489976512	0.00901067	0.00071
-0.006	-0.0625	-0.006	-0.0032864549815053226	0.00022165681500327985	0.00022863813201125715	1.14043462	28.59984779	1.03230982	0.15044990047855433	0.00921488	0.00107
-0.0082	-0.0195	0.0037	-0.00314857397059777	9.075712110370512e-05	0.0001239183768915974	1.15523887	28.97110939	0.96445627	0.07357502299633933	0.00914401	0.00082
-0.0127	0.0084	0.0553	-0.0031922072018976287	3.490658503988659e-05	0.00013788101090755203	1.18852103	29.80575752	1.01734577	0.08967232006898157	0.00898445	0.00082
-0.025	0.0256	0.0761	-0.003593632929856324	-0.0002181661564992912	-0.000312413936106985	1.11673272	28.0054512	0.98710206	0.10553967082562052	0.00886065	0.00089
0.0051	-0.0211	0.063	-0.0037594392087957856	0.0015219271077390555	0.00014137166941154068	1.17591941	29.48973656	1.05837951	0.20788425743481673	0.00940788	0.00133
0.0019	-0.0449	0.011	-0.003837979025135531	0.0005846852994181004	0.0001256637061435917	1.17494404	29.46527481	1.03343938	0.1305744793964325	0.00749433	0.00071
-0.0009	-0.008	0.053	-0.0037053340019839614	0.0004625122517784973	8.726646259971648e-05	1.09667385	27.5024128	0.98967875	0.09636076571675238	0.00718504	0.00054
-0.0094	0.0565	0.0448	-0.0034871678454846703	0.00019896753472735358	-0.00023561944901923448	1.10148239	27.6230011	1.00770484	0.12142983925846931	0.00793749	0.0006
-0.0005	-0.0637	-0.0049	-0.0037088246604879502	0.0003961897402027128	-6.806784082777885e-05	1.15847743	29.0523243	1.0592411	0.20812153143350476	0.00809789	0.00071
-0.0045	-0.0282	0.0047	-0.003707079331235956	0.0003944444109507184	-7.504915783575618e-05	1.11942923	28.07307434	0.98925417	0.0496235987755983	0.00814176	0.00055
-0.0093	0.0548	0.06	-0.0037000980142279784	0.000450294947014537	-1.7453292519943296e-05	1.11401343	27.93725586	1.01761226	0.14912138591938043	0.00820923	0.00055
-0.0091	0.0136	0.0161	-0.0033807027611130165	0.000661479786505851	-8.726646259971648e-06	1.08782744	27.28056335	0.98413977	0.11226533694331237	0.00849712	0.00054
-0.0054	-0.041	0.0042	-0.003506366467256608	0.0005096361415823442	6.9813170079773176e-06	1.16490376	29.21348572	1.01854443	0.08486076571675237	0.00883842	0.00104
-0.008	-0.0127	0.0312	-0.0036302848441482054	0.00043458698374658803	-0.0001308996938995747	1.25256491	31.41185379	1.00626432	0.0747424272817453	0.00867146	0.00094
-0.0117	0.0675	0.071	-0.003577924966588375	0.0004258603374866164	-4.0142572795869576e-05	1.23346961	30.93298149	1.02669843	0.13129218224617537	0.00877619	0.00073
-0.0121	0.0368	0.0243	-0.0030927234345339517	6.45771823237902e-05	-0.0003787364476827695	1.09826016	27.54219437	0.99939696	0.13705392810520745	0.0088138	0.00079
-0.0136	-0.1207	0.0279	-0.0032445670794574587	-0.00012217304763960306	-0.00035430183815484887	1.20423889	30.1999321	1.0705339	0.18075142422074103	0.00899684	0.00092
-0.0126	-0.0207	0.0432	-0.0035238197597765512	4.71238898038469e-05	-0.0002844886680750757	1.15579677	28.98509789	1.04327498	0.1422181393921158	0.00799853	0.00083
-0.0098	0.0155	0.1486	-0.003598868917612307	0.0001064650843716541	-0.00016231562043547262	1.20485401	30.21535873	1.11537312	0.15722817000215833	0.00919825	0.00158
-0.0124	-0.0349	0.1542	-0.003501130479500625	-6.981317007977319e-05	-0.00041713369122664475	1.0690819	26.81046104	0.99530494	0.08504173816771408	0.00949562	0.00124
-0.0144	-0.1574	0.1741	-0.003824016391119576	-0.00023387411976724014	-0.000296705972839036	1.18997598	29.8422451	1.07979712	0.17476872898470133	0.0119501	0.00484
-0.0099	-0.0852	0.2006	-0.004941027112395947	-0.0016458454846306526	-0.00018151424220741024	1.28623867	32.25632477	1.18364291	0.23540869083857047	0.012089	0.00748
0.005	-0.0491	0.0518	-0.005537929716578008	-0.0010070549784007281	1.3962634015954635e-05	1.39055181	34.87229156	1.2713177	0.27135849933176753	0.00869226	0.00103
-0.0075	0.038	0.1438	-0.004270820679630125	-0.0005393067388662478	0.00018151424220741024	1.320979	33.1275444	1.12732518	0.286720444233691	0.00994605	0.00152
-0.0085	-0.0627	0.071	-0.0039706240482871	-0.0004974188368183839	3.490658503988659e-05	1.22485721	30.71699905	1.09680503	0.19893460952792064	0.00856286	0.00085
-0.0102	-0.1078	0.052	-0.004045673206122856	-0.0005375614096142535	-0.0001186823891356144	1.1704452	29.35245323	1.0052492	0.07923903524035633	0.00954056	0.00107
-0.0139	0.0274	0.066	-0.0037594392087957856	-0.0005759586531581287	-8.552113334772214e-05	1.26159847	31.63839722	1.0737231	0.1707896248329419	0.00863975	0.00083
-0.0159	-0.0042	0.1044	-0.0034609879067047556	-0.0005899212871740833	2.268928027592628e-05	1.14129293	28.62137032	0.99865103	0.09303121748653166	0.00885081	0.001
-0.015	-0.0828	0.0423	-0.0033196162372932147	-0.0005602506898901797	6.45771823237902e-05	1.08139539	27.11926079	1.0022263	0.1522465084371654	0.00886339	0.00098
-0.0113	-0.0832	0.1406	-0.004319689898685966	-0.00062482787221397	0.0002548180707911721	1.19885957	30.06502914	1.10888917	0.16514458660919612	0.00985235	0.00186
0.0043	-0.0315	0.0567	-0.005202826500195096	0.00014486232791552936	0.0007138396640656808	1.19438231	29.95274734	1.12024247	0.25679241974565686	0.00777996	0.00095
-0.0079	0.0135	0.0857	-0.004728096943652638	2.792526803190927e-05	0.00034208453339088857	1.07990491	27.08188057	0.99196267	0.13437108735504352	0.00737691	0.00045
-0.0084	-0.0543	0.0325	-0.003687880709464018	0.00023387411976724014	0.00020594885173533088	1.03741765	26.01638603	0.99305422	0.19061503837897545	0.00734442	0.00071
-0.008	-0.1041	0.0254	-0.0036302848441482054	-7.155849933176751e-05	3.490658503988659e-05	1.02240622	25.63992882	0.95272292	0.08400353755551322	0.00797439	0.00073
-0.0063	-0.0456	0.0222	-0.0036041049053682902	-0.00020943951023931956	8.552113334772214e-05	1.07245922	26.89515686	1.00203694	0.07413377489976514	0.00822341	0.00076
-0.0089	-0.0416	0.0746	-0.003925245487735247	-0.0001937315469713706	0.0002024581932313422	1.07890713	27.05685806	0.9889706	0.0816892802759263	0.00807053	0.00077
-0.007	0.0235	0.0138	-0.003637266161156183	-0.00017802358370342162	0.0002705260340591211	1.11355233	27.9256916	1.0058356	0.1463877565337396	0.00798959	0.00069
-0.0042	-0.093	0.0007	-0.0036651914291880917	-0.0002129301687433082	0.00012740903539558605	1.12766707	28.27966118	1.03140124	0.1426974425867665	0.0085901	0.0006
-0.0054	-0.0121	-0.0038	-0.003679154063204046	-0.000148352986419518	0.0001012290966156711	1.0612725	26.6146183	0.97178024	0.091835987755983	0.00841314	0.00061
-0.0098	-0.0105	0.0497	-0.003918264170727269	-3.839724354387525e-05	0.00017976891295541595	1.23070002	30.86352539	1.00345848	0.08088028333693055	0.00914097	0.00133
-0.011	-0.0198	0.0127	-0.00342259066316088	-1.0471975511965975e-05	0.00023212879051524583	1.21565163	30.4861412	1.01993276	0.07629793265790644	0.00948972	0.00128
-0.0145	-0.1091	-0.0174	-0.0033143802495372316	-0.0004974188368183839	0.00022689280275926284	1.17477632	29.4610672	1.02555307	0.15291966313430247	0.0104281	0.00134
-0.01	-0.0443	-0.0217	-0.0030927234345339517	-0.0005480333851262194	0.00021118483949131387	1.18500233	29.71751785	1.01118751	0.08799896632895321	0.010716	0.00116
-0.0146	0.0206	0.0301	-0.0035517450278084606	-0.0003647738136668148	0.00022863813201125715	1.22371626	30.68838692	1.06106012	0.15428672286269288	0.00877905	0.00074
-0.0232	0.0719	0.0784	-0.0038501963298994907	-0.00023911010752322313	-5.4105206811824215e-05	1.13165379	28.37964058	1.02102705	0.14354291735288516	0.0083341	0.00079
-0.0191	-0.0756	0.0282	-0.003897320219703338	-0.0001239183768915974	1.9198621771937625e-05	1.16318953	29.17049408	1.07650128	0.21358097245096172	0.0076704	0.00079
-0.0111	-0.0488	0.0202	-0.0038798669271833948	-0.0003700098014227979	-1.9198621771937625e-05	1.09626842	27.49224472	0.98311339	0.05789709802975095	0.00791472	0.00066
-0.0109	-0.0508	0.0207	-0.003958406743523139	-0.00047822021504644627	-7.504915783575618e-05	1.08007944	27.08625793	0.98819667	0.01483003830136056	0.00755537	0.00066
-0.0141	-0.0277	0.0949	-0.0042987459476620336	-0.00017976891295541595	4.363323129985824e-05	1.12773967	28.2814827	1.01003021	0.13837364476827696	0.00764078	0.00046
-0.0198	0.0222	0.0772	-0.003986332011555049	-0.0001291543646475804	8.726646259971648e-05	1.11325336	27.91819382	0.99644747	0.09363308578573391	0.00757527	0.00037
-0.0118	-0.0639	0.0145	-0.0038571776469074684	-0.00013962634015954637	6.108652381980153e-05	1.13228631	28.39550209	1.02524386	0.16509031394697307	0.00811666	0.00054
-0.0092	0.0079	0.0157	-0.003920009499979264	-0.00019198621771937622	-5.235987755982988e-06	1.18512797	29.72066689	0.99321402	0.08467571211037049	0.00887519	0.00074
-0.0149	-0.0106	0.078	-0.003979350694547071	-0.0003089232776029963	-1.5707963267948964e-05	1.27841246	32.06005859	1.02399544	0.09583751149816963	0.0088802	0.00089
-0.0181	0.0287	0.0587	-0.003691371367968007	-0.0002513274122871834	2.094395102393195e-05	1.15923679	29.07136726	0.9991548	0.0809113553093379	0.00856471	0.00051
-0.0187	-0.0294	0.0224	-0.0035046211380046137	-0.00026878070480712676	1.9198621771937625e-05	1.09630919	27.49326706	1.01976603	0.10529744258676654	0.00849867	0.0007
-0.0144	-0.0376	0.0151	-0.0033300882128051803	-0.0004747295565424576	-4.537856055185256e-05	1.1194855	28.07448387	0.98930684	0.04205294796292772	0.00870097	0.00088
-0.0093	-0.0221	0.0213	-0.003965388060531117	-0.0003822271061867582	-0.00015533430342749534	1.14479899	28.70929718	1.02177421	0.06868790204786393	0.0078615	0.00083
-0.0139	-0.025	0.0957	-0.004557054676957195	-0.0002303834612632515	-8.726646259971648e-06	1.16281748	29.16116333	1.05817267	0.1264058959258554	0.00740081	0.00054
-0.0153	-0.0263	0.093	-0.00447851486061745	-0.00010471975511965978	-1.0471975511965975e-05	1.0767405	27.00252533	0.98227909	0.015697442586766537	0.00760043	0.00069
-0.0129	-0.089	0.028	-0.004307472593922005	-0.0002199114857512855	-6.283185307179586e-05	1.10106707	27.61258698	1.00426138	0.147029693744345	0.00758988	0.00063
-0.0134	-0.076	0.0502	-0.003981096023799066	-0.0001972222054753592	0.00012217304763960306	1.12049782	28.09987068	0.98212448	0.06240353755551321	0.00795585	0.00054
-0.0209	0.0182	0.1072	-0.003787364476827695	-2.094395102393195e-05	0.00011693705988362007	1.14238882	28.64885521	1.02494319	0.17746228945893908	0.00842679	0.00049
-0.0224	-0.0044	0.1171	-0.0041556289489984985	7.155849933176751e-05	0.00032812189937493397	1.22030997	30.60296249	0.98616143	0.06759758810089081	0.00893527	0.00086
-0.0199	-0.025	0.0399	-0.00419228086329038	-3.4906585039886588e-06	7.67944870877505e-05	1.22829938	30.80332184	1.03613391	0.11845142422074104	0.00859499	0.0011
-0.0165	-0.0901	0.0502	-0.0045867252742410975	-8.203047484373349e-05	-1.3962634015954635e-05	1.26448047	31.71067238	1.04703006	0.10698706741970838	0.00952429	0.00112
-0.0214	-0.0012	0.1019	-0.0044924774946334045	-7.67944870877505e-05	0.0001308996938995747	1.22831595	30.80373573	1.05177526	0.15771730476396023	0.00869626	0.0007
-0.0251	-0.0335	0.1039	-0.0044645522266014955	9.250245035569947e-05	0.00017104226669544429	1.06769776	26.77575111	0.97147518	0.04986823891356143	0.00851941	0.00067
-0.0201	-0.1437	0.0485	-0.004445353604829557	-9.948376736367679e-05	1.9198621771937625e-05	1.12641346	28.24822426	1.02743371	0.1887514242207411	0.00941509	0.0008
-0.0215	-0.0565	0.0555	-0.004728096943652638	-0.00014311699866353502	-3.839724354387525e-05	1.10553026	27.72451401	1.00128448	0.1147986217719376	0.00765663	0.00058
-0.0305	-0.0315	0.1857	-0.0050841441110594816	-0.00020769418098732522	-0.00027750735106709843	1.28935468	32.33446884	1.20124996	0.19718672286269284	0.0109448	0.005
-0.0135	-0.006	0.1389	-0.004914847173616032	0.0002303834612632515	0.00012217304763960306	1.31675041	33.02149963	1.24879843	0.1396527489200364	0.0101007	0.00392
-0.0052	-0.1332	0.0322	-0.005106833391335408	0.0002600540585471551	8.028514559173915e-05	1.32673848	33.27198029	1.22660516	0.2553772358525572	0.00883621	0.00071
-0.0009	-0.0397	0.0334	-0.005169665244407204	-0.00013962634015954637	0.00016929693744344995	1.15762174	29.03086472	1.01241709	0.1265762021815104	0.00786269	0.00061
-0.0136	0.0565	0.0869	-0.005122541354603357	-0.00016231562043547262	9.599310885968811e-05	1.13454962	28.45226288	1.01620905	0.16955584993317677	0.00819331	0.00079
-0.0164	0.0462	0.0585	-0.0049462631001519295	-4.363323129985824e-05	8.203047484373349e-05	1.09178185	27.37973022	0.96951464	0.056946163880149815	0.00821292	0.00076
-0.0092	-0.0444	0.0211	-0.005033529562751646	-0.00015009831567151235	6.806784082777885e-05	1.14647889	28.75142479	1.00951283	0.14558470904936624	0.00915939	0.00086
-0.0073	-0.0868	0.0299	-0.005049237526019596	-0.00015707963267948963	-1.7453292519943296e-05	1.21363735	30.43562698	0.9785257	0.05851052068118246	0.00916511	0.00121
-0.0158	0.0076	0.0754	-0.005119050696099368	-0.00012042771838760874	0.0001012290966156711	1.25211608	31.40059662	1.03578959	0.15965737367536337	0.00886512	0.00069
-0.017	0.0446	0.0232	-0.004251622057858187	-5.235987755982989e-05	0.00018500490071139895	1.14990175	28.83726501	1.01643096	0.1413636141582344	0.00858879	0.00058
-0.0102	-0.0582	0.0174	-0.00493404579538797	-4.363323129985824e-05	8.726646259971648e-05	1.17169714	29.3838501	1.03763242	0.15484444109507184	0.00844842	0.00077
-0.0103	-0.0367	0.0257	-0.00477696616270848	-0.00018151424220741024	5.235987755982988e-06	1.12694669	28.26159477	0.99918818	0.04874955592153876	0.00791669	0.00069
-0.0162	0.0245	0.0748	-0.004677482395344803	-7.504915783575618e-05	6.632251157578452e-05	1.12691867	28.26089287	1.01970103	0.12955176877775665	0.00713366	0.00052
-0.0201	0.0589	0.028	-0.004242895411598215	-2.268928027592628e-05	6.981317007977319e-05	1.06696868	26.75746536	0.98590012	0.10962187599052035	0.00754285	0.0006
-0.0117	-0.06	0.0054	-0.004075343803406759	-0.00017104226669544429	5.585053606381854e-05	1.13766038	28.53027534	1.04270403	0.16639336143134645	0.00836653	0.00069
-0.0129	-0.0802	0.0217	-0.004317944569433971	-0.00012042771838760874	6.9813170079773176e-06	1.09754837	27.5243454	0.99695101	0.054804226669544445	0.00828749	0.00071
-0.0178	0.0606	0.0854	-0.005126032013107346	5.235987755982989e-05	0.00027576202181510406	1.1965487	30.00707626	1.0946742	0.27188278722139697	0.00826681	0.00077
-0.0176	0.0239	0.0779	-0.005242969072990966	0.0002251474735072685	0.00020594885173533088	1.0816282	27.12509918	0.98286518	0.062376891295541595	0.00773174	0.00067
-0.0111	-0.0735	0.0246	-0.005457644570986268	0.000317649923862968	0.00015707963267948963	1.09766173	27.52718735	1.00117377	0.17500235837034217	0.00855404	0.00054
-0.0089	-0.0353	0.0222	-0.00529707427980279	0.0003106686068549907	-1.7453292519943296e-05	1.10309577	27.66346169	0.95838146	0.05990422666954441	0.00913614	0.00085
-0.0152	0.0494	0.0768	-0.005216789134211051	0.00023387411976724014	0.00015184364492350666	1.29813683	32.55470657	1.0452158	0.16191882850614703	0.00915742	0.00118
-0.023	-0.0076	0.0556	-0.004988151002199794	0.00034033920413889426	0.00015009831567151235	1.17740798	29.52706528	1.03329356	0.10284242728174524	0.00864971	0.00077
-0.0122	-0.0358	0.0077	-0.0045640359939651725	-5.235987755982989e-05	8.726646259971648e-06	1.14697123	28.76377106	1.0188491	0.1348092879672443	0.00847065	0.00063
-0.0139	-0.0547	0.0201	-0.004557054676957195	9.948376736367679e-05	7.330382858376184e-05	1.14225698	28.64554787	0.9803815	0.04417010721276373	0.00823522	0.00061
-0.0244	-0.0391	0.0543	-0.004756022211684548	-0.00011344640137963142	-0.0001361356816555577	1.15397239	28.93934822	1.02301837	0.09136686068549904	0.00744301	0.00061
-0.0206	0.071	0.0391	-0.004036946559862884	0.00014311699866353502	9.773843811168246e-05	1.13306618	28.41506004	1.03788111	0.18957565858160352	0.00746512	0.00055
-0.0141	-0.0916	-0.0077	-0.003963642731279122	3.4906585039886588e-06	-2.094395102393195e-05	1.1869669	29.76678276	1.09389237	0.2324806278939461	0.00792903	0.0007
-0.0115	-0.084	0.0081	-0.004017747938090946	-9.250245035569947e-05	-1.7453292519943294e-06	1.07337976	26.91824341	0.9766845	0.034464846872172494	0.00773662	0.00048
-0.0169	-0.0194	0.0327	-0.004337143191205909	-6.108652381980153e-05	-3.490658503988659e-05	1.07817125	27.03840446	0.99286982	0.1137986217719376	0.00741857	0.00061
-0.0201	0.0237	0.0525	-0.004106759729942657	8.726646259971648e-06	0.00017104226669544429	1.07315862	26.91269684	0.97360703	0.09140727415391776	0.00770533	0.00043
-0.0158	0.0073	-0.036	-0.0033318335420571745	-1.7453292519943294e-06	-4.537856055185256e-05	1.11700761	28.01234436	1.02773975	0.15929094953223727	0.00834125	0.00067
-0.0121	-0.0698	-0.0131	-0.003572688978832392	-0.0001064650843716541	-6.108652381980153e-05	1.09303403	27.41113281	0.99978154	0.12176415775814133	0.0092358	0.00066
-0.0112	-0.0337	-0.0089	-0.0038362336958835358	-5.061454830783555e-05	5.235987755982988e-06	1.15132189	28.87287903	0.96736421	0.06048588823453734	0.00908333	0.00085
-0.0162	0.0337	0.0307	-0.003796091123087667	6.9813170079773176e-06	2.094395102393195e-05	1.33336294	33.43810654	1.06439957	0.11767232006898155	0.00903493	0.00109
-0.0195	0.0304	0.0435	-0.0037262779530078936	2.6179938779914945e-05	0.00019896753472735358	1.19199908	29.89298248	0.99612422	0.032751768777756624	0.00877517	0.00097
-0.016	-0.0341	-0.0213	-0.003796091123087667	1.0471975511965975e-05	0.00010297442586766544	1.12539959	28.2227993	1.01128137	0.14187571211037053	0.00849313	0.00066
-0.0159	-0.0501	-0.0201	-0.00386590429316744	8.726646259971648e-05	0.0001675516081914556	1.10539973	27.721241	0.97009908	0.02785924197456568	0.00775641	0.00071
-0.0164	-0.0311	0.0383	-0.004016002608838952	-5.235987755982988e-06	0.00024260076602721178	1.0879041	27.28248405	1.00414198	0.09378249619314837	0.00741404	0.00066
-0.0194	-0.0038	0.0065	-0.0035342917352885177	5.4105206811824215e-05	0.00017627825445142725	1.1019522	27.63478279	1.01877663	0.09246872898470128	0.00747579	0.00057
-0.0126	-0.055	-0.0137	-0.0036093408931242737	-7.67944870877505e-05	9.250245035569947e-05	1.07484758	26.95505333	0.98597346	0.09268623279155293	0.00809461	0.0007
-0.0126	-0.031	0.0005	-0.0038798669271833948	-4.537856055185256e-05	2.268928027592628e-05	1.09505296	27.46176338	0.98538522	0.0567877565337396	0.00739914	0.0004
-0.0155	0.0649	0.0474	-0.004120722363958612	3.839724354387525e-05	0.0002617993877991494	1.10858691	27.80117035	1.00804835	0.17388706741970839	0.00770634	0.00057
-0.0193	0.0855	0.0024	-0.0036512287951721376	1.7453292519943294e-06	0.0002129301687433082	1.07842696	27.04481697	0.97514185	0.09715073510670981	0.00804156	0.00055
-0.0158	-0.0556	-0.0059	-0.0036721727461960694	-8.37758040957278e-05	-0.0	1.12182701	28.13320351	1.03090857	0.16886976265574813	0.00867146	0.00066
-0.0017	0.035	-0.0317	-0.003895574890451344	-1.2217304763960308e-05	0.0001064650843716541	1.11474144	27.955513	1.00942087	0.15057128639793482	0.00964171	0.00083
-0.0134	0.0545	0.0308	-0.0044628068973495	-0.00014311699866353502	3.316125578789226e-05	1.29402101	32.45148849	1.04738564	0.13227177646907465	0.00892502	0.00141
-0.019	0.0905	0.0317	-0.004167846253762459	6.632251157578452e-05	0.00024085543677521747	1.13122201	28.36881256	1.00761145	0.07810471674068428	0.00914878	0.00118
-0.0154	-0.0933	0.0115	-0.004082325120414737	0.00017976891295541595	-1.7453292519943296e-05	1.19579458	29.9881649	1.09378241	0.2304638132011257	0.00868845	0.00079
-0.0177	-0.0441	0.0067	-0.003946189438759179	6.283185307179586e-05	-8.37758040957278e-05	1.1310854	28.36538696	1.00951891	0.0722697626557481	0.00893116	0.00077
-0.0139	0.0263	0.0356	-0.004366813788489812	-9.075712110370512e-05	6.283185307179586e-05	1.15994918	29.0892334	1.02903275	0.13914104905368288	0.00789684	0.0006
-0.0176	0.0369	0.0473	-0.004302236606166022	-7.155849933176751e-05	0.0001256637061435917	1.08470654	27.20229721	0.98141284	0.033330382858376195	0.00731874	0.00052
-0.0154	0.0046	-0.0111	-0.0039671333897831115	1.0471975511965975e-05	9.075712110370512e-05	1.06319416	26.66280746	0.98073558	0.11550201381332652	0.00741786	0.00066
-0.0096	-0.0145	-0.0016	-0.003949680097263168	-0.0001012290966156711	4.886921905584123e-05	1.07925451	27.06557083	0.96102363	0.04295211333477224	0.00735337	0.00043
-0.0121	0.0525	0.0465	-0.0043214352279379595	-4.0142572795869576e-05	0.00011170107212763708	1.09598792	27.48521042	1.00902268	0.14238367537831947	0.00763333	0.00073
-0.0139	0.0096	0.0561	-0.004150392961242515	-8.552113334772214e-05	1.9198621771937625e-05	1.06239724	26.64282227	0.9825271	0.06974616388014981	0.00812829	0.00067
-0.0117	-0.1566	0.0098	-0.004029965242854907	-5.235987755982989e-05	-8.726646259971648e-06	1.22381151	30.69077301	1.10309669	0.22377571211037048	0.00936067	0.00112
-0.0103	-0.0029	0.0122	-0.004057890510886817	-2.96705972839036e-05	-3.4906585039886588e-06	1.17350447	29.42917252	1.06607024	0.160292526803191	0.00819552	0.00048
-0.015	0.0746	0.0646	-0.004352851154473858	-7.67944870877505e-05	0.00011170107212763708	1.19276607	29.91221619	1.05456761	0.15746381320112565	0.00873721	0.00067
-0.0166	-0.0137	0.0329	-0.004012511950334963	4.537856055185256e-05	6.108652381980153e-05	1.19878042	30.06304359	1.02780146	0.14725634000431667	0.00859517	0.00085
-0.0138	-0.1075	0.0058	-0.0037768925013157294	1.0471975511965975e-05	-3.839724354387525e-05	1.19591391	29.99115753	1.02665936	0.14220049007113983	0.00995922	0.00112
-0.0155	-0.0026	0.0126	-0.003701843343479973	-0.00012740903539558605	-1.9198621771937625e-05	1.22147822	30.63226128	1.03261358	0.12500643952576232	0.00886607	0.00077
-0.0195	0.0492	0.0649	-0.00404741853537485	-8.203047484373349e-05	0.00013962634015954637	1.18147111	29.62896156	1.01830691	0.13558893571891067	0.00887352	0.00074
-0.0124	0.0503	-0.0045	-0.003965388060531117	-9.948376736367679e-05	0.0003089232776029963	1.16105008	29.11684036	1.06670148	0.09103903524035632	0.00907844	0.00091
-0.0079	-0.0347	-0.0002	-0.004009021291830974	-0.00011693705988362007	0.00011170107212763708	1.13190556	28.3859539	1.01337454	0.10671543646475797	0.00830334	0.00088
-0.0103	0.0556	0.063	-0.0041556289489984985	-6.981317007977319e-05	0.00015533430342749534	1.16023576	29.09642029	1.04667481	0.16776823891356146	0.00772411	0.00055
-0.0124	0.0317	0.0674	-0.004108505059194652	-4.886921905584123e-05	0.00017627825445142725	1.06812727	26.78652	0.96766607	0.03485058959258551	0.00793892	0.00069
-0.0137	-0.1743	0.0293	-0.00400727596257898	-7.853981633974481e-05	-1.5707963267948964e-05	1.26883578	31.81989479	1.1458308	0.2615442955809476	0.0102395	0.0015
-0.0116	-0.0329	0.0279	-0.004024729255098924	-0.00014486232791552936	-2.094395102393195e-05	1.20593238	30.24240112	1.05509506	0.1493505895925856	0.00768906	0.00055
-0.0142	0.0499	0.0878	-0.004214970143566306	-0.0001605702911834783	7.155849933176751e-05	1.14545178	28.72566605	1.0177491	0.16022256510455152	0.00796044	0.00057
-0.017	0.0204	0.058	-0.004106759729942657	-0.00013962634015954637	0.00010471975511965978	1.12920761	28.31829643	0.96626752	0.07021578102177363	0.00808078	0.00042
-0.0181	-0.0838	0.0213	-0.00386590429316744	6.9813170079773176e-06	-1.5707963267948964e-05	1.17394912	29.44032288	1.03128061	0.1673945406165175	0.00907892	0.00121
-0.0189	-0.0073	0.0326	-0.0038746309394274117	-0.00017453292519943296	2.094395102393195e-05	1.2804563	32.11131287	1.04636871	0.09994464013796314	0.00907278	0.00098
-0.0202	0.0779	0.0748	-0.004108505059194652	-0.0001658062789394613	0.0002199114857512855	1.21895587	30.56900406	1.04206989	0.15077841503772826	0.00932425	0.00066
-0.0226	0.0054	0.0395	-0.004000294645571003	0.000148352986419518	0.0002513274122871834	1.12019086	28.09217453	1.02417126	0.1328892802759263	0.00859427	0.00085
-0.0193	-0.0504	0.0281	-0.003790855135331684	5.235987755982988e-06	0.0001256637061435917	1.11096931	27.86091614	0.990943	0.09441101075232228	0.00830263	0.00094
-0.0143	0.0118	0.0358	-0.0039706240482871	-0.00012042771838760874	8.028514559173915e-05	1.14255261	28.65296173	1.01810415	0.09244055898254301	0.0077979	0.00074
-0.0156	0.0248	0.0691	-0.0039706240482871	-3.839724354387525e-05	0.0001937315469713706	1.11401987	27.93741608	1.0170487	0.05737384381116824	0.00755471	0.00073
-0.0209	-0.0137	0.1084	-0.00446629755585349	8.901179185171081e-05	0.00019896753472735358	1.10838306	27.79605675	1.01480502	0.11451592653589798	0.00827241	0.00055
-0.0216	-0.0296	0.1009	-0.0054384459492143305	0.000322885911618951	0.0001658062789394613	1.11646152	27.9986496	1.01997949	0.08605918844579863	0.0087043	0.00067
-0.0138	-0.0277	0.0663	-0.005483824509766183	0.00015707963267948963	0.0001937315469713706	1.11948109	28.07437325	1.01547416	0.05625550537616118	0.00857151	0.00058
-0.0204	-0.0058	0.0889	-0.00564788545945365	0.0002530727415391778	0.00013788101090755203	1.1661824	29.24555016	0.98604213	0.06689522973054868	0.00874269	0.00064
-0.0223	0.0262	0.1021	-0.005471607205002223	0.000322885911618951	0.00021467549799530252	1.2592088	31.57846832	1.00901395	0.06324429558094749	0.00914282	0.00091
-0.0154	-0.057	0.0411	-0.0056374134839416844	0.0005846852994181004	0.00039793506945470715	1.18970597	29.83547401	1.03655584	0.1816432619099008	0.00905043	0.0007
-0.0109	-0.0233	0.0262	-0.005668829410477582	0.0005009094953223725	0.00029845130209103034	1.13955593	28.57781029	0.97648175	0.06383377489976509	0.00854003	0.00069
-0.0168	0.012	0.1122	-0.00603883921190038	0.0003682644721708035	0.0004328416544945937	1.19219589	29.89791679	1.04095363	0.1590522588488965	0.00867987	0.00079
-0.0197	0.0393	0.0853	-0.005630432166933707	0.0004956735075663896	0.0003612831551628262	1.0848242	27.20524788	0.99437901	0.08746872898470133	0.00800645	0.00073
-0.0152	-0.0553	0.0443	-0.005522221753310059	0.00041713369122664475	0.0002565634000431664	1.1314249	28.37389946	1.02328789	0.15467349925415264	0.00771922	0.0006
-0.0117	-0.0156	0.0549	-0.005380850083898519	0.0003787364476827695	0.00024609142453120044	1.0859853	27.23436546	0.98336838	0.06331204442336909	0.00792986	0.00079
-0.0158	-0.0668	0.1034	-0.005469861875750229	0.0003106686068549907	0.00029321531433504735	1.0989902	27.5605011	1.00448879	0.1140101761241668	0.0090149	0.00082
-0.0255	-0.0114	0.0835	-0.005159193268895238	0.0003717551306747922	0.0001308996938995747	1.09728277	27.51768494	0.99378913	0.11170353755551324	0.00801939	0.00051
-0.0213	-0.0969	0.055	-0.0050893800988154655	0.0003787364476827695	0.00011519173063162575	1.1268425	28.25898361	1.02917378	0.12282512251778492	0.00906289	0.00088
-0.0153	0.0063	0.0464	-0.0052010811709431014	0.000307177948351002	0.00018675022996339323	1.10463381	27.70203209	1.00930606	0.13054090353955855	0.00825173	0.00057
-0.0141	-0.0142	0.0489	-0.005295328950550796	0.000312413936106985	0.00021642082724729686	1.31258941	32.91714859	1.00934523	0.030657718232379075	0.0089913	0.0013
-0.0119	0.0158	0.0464	-0.005229006438975011	0.00014660765716752367	0.00011170107212763708	1.33521533	33.48456192	1.01503326	0.051542427281745296	0.00947034	0.00083
-0.0158	0.0217	0.0911	-0.0054052846934264384	9.948376736367679e-05	0.00019024088846738194	1.26481092	31.7189579	1.05162797	0.06959709802975096	0.00884491	0.00058
-0.0139	0.055	0.1398	-0.005489060497522166	9.075712110370512e-05	0.00029496064358704166	1.15829194	29.04767227	1.00846182	0.09376111027376796	0.00890291	0.00076
-0.0135	-0.0523	0.0679	-0.0055920349233898325	0.00028797932657906436	0.00038397243543875244	1.14602923	28.74014854	1.05281076	0.1990604211597368	0.00807899	0.00077
-0.0085	-0.0968	0.0531	-0.00616799357654796	7.504915783575618e-05	0.0002513274122871834	1.12440491	28.19785309	0.99674569	0.1103766922526502	0.00854301	0.0008
-0.0082	0.0016	0.0757	-0.006361725123519331	4.18879020478639e-05	0.00021118483949131387	1.13181019	28.38356209	1.01869203	0.13465176877775667	0.00838381	0.00066
-0.0135	0.0279	0.1247	-0.006181956210563915	0.00023212879051524583	0.0004328416544945937	1.10858274	27.80106544	0.99542354	0.11018333082130392	0.00855219	0.00058
-0.0156	-0.0301	0.0717	-0.005906194188748811	0.0003874630939427412	0.0003787364476827695	1.11737716	28.02161026	0.99953449	0.13736007660272115	0.00791407	0.00043
-0.0095	-0.0663	0.0595	-0.005963790054064624	0.00012740903539558605	0.0002565634000431664	1.09378576	27.42998695	0.97225653	0.07649114857512858	0.00894421	0.00071
-0.0119	-0.0133	0.0733	-0.00613134166225608	-4.886921905584123e-05	0.0002129301687433082	1.20346665	30.18056488	1.00324196	0.08857315469713709	0.00948071	0.00085
-0.0202	-0.0138	0.148	-0.00613134166225608	-0.0002705260340591211	0.0002740166925631097	1.34420836	33.71009064	1.07229156	0.09763716694115408	0.00994873	0.00127
-0.0229	-0.0082	0.0972	-0.005754350543825304	-4.886921905584123e-05	0.00026878070480712676	1.21481395	30.46513367	1.02699397	0.08929419605950194	0.00938123	0.00095
-0.0276	-0.1086	0.1151	-0.005494296485278149	-0.0001675516081914556	-7.504915783575618e-05	1.22636008	30.75468636	1.0708319	0.15912831551628262	0.0100627	0.00128
-0.0328	0.0114	0.0924	-0.005625196179177724	-0.00012217304763960306	-2.268928027592628e-05	1.18694603	29.76626015	1.04543917	0.15933190660056284	0.00820535	0.0008
-0.0353	-0.0011	0.1573	-0.005811946409141117	-0.00010821041362364843	0.00017453292519943296	1.16734898	29.27480698	1.0493425	0.09979675347273537	0.00871891	0.00103
-0.0266	0.0307	0.1612	-0.005918411493512772	-0.00010297442586766544	0.0003874630939427412	1.07536829	26.96811104	0.97345227	0.0606315620435473	0.00865388	0.00071
-0.0193	-0.0801	0.0984	-0.005717698629533424	7.330382858376184e-05	0.00039269908169872416	1.16119778	29.12054634	1.04420185	0.20001135530933792	0.00866389	0.00076
-0.0146	-0.0701	0.0644	-0.005654866776461627	0.00011344640137963142	0.00028274333882308137	1.15505826	28.96657944	0.99281879	0.059346508437165456	0.00848144	0.00063
-0.0173	0.0044	0.1061	-0.006024876577884425	0.00022863813201125715	0.00038397243543875244	1.11341524	27.92225266	1.00423971	0.14822153143350472	0.00906885	0.00083
-0.0202	0.0457	0.1414	-0.006033603224144398	0.00028099800957108706	0.0004886921905584122	1.22138333	30.629879	0.99867704	0.08779031394697309	0.00939685	0.00092
-0.019	-0.0491	0.0765	-0.005855579640440977	0.00038048177693476387	0.00035081117965086024	1.23331356	30.9290657	1.03457315	0.1816694180987325	0.00916255	0.00112
-0.0118	-0.02	0.0478	-0.006037093882648386	0.00024260076602721178	0.0003298672286269283	1.22004139	30.59622765	0.99892383	0.08201696020694467	0.00911689	0.00082
-0.0164	0.0244	0.1103	-0.006298893270447535	0.00021642082724729686	0.000466002910282486	1.21520972	30.4750576	1.0280379	0.13270575041173105	0.00903308	0.0008
-0.0218	0.0139	0.1232	-0.006059783162924312	0.0003682644721708035	0.0005235987755982988	1.12070119	28.10497093	0.99013904	0.051227480888127126	0.00855923	0.00092
-0.0178	-0.0087	0.0463	-0.005586798935633849	0.00032637657012293966	0.0004415683007545654	1.10461044	27.70144844	1.00679489	0.13334513020910305	0.00772494	0.00058
-0.0173	-0.0964	0.0528	-0.0054768431927582064	7.155849933176751e-05	0.00028274333882308137	1.15092611	28.86295128	1.00778033	0.12087993877991492	0.00827229	0.00066
-0.0148	-0.0415	0.0556	-0.005408775351930427	4.886921905584123e-05	0.0002583087292951608	1.1176461	28.02835464	0.99381601	0.06595958653158131	0.00792074	0.00055
-0.0188	-0.0186	0.1319	-0.005860815628196958	0.0002129301687433082	0.0003577924966588376	1.15566647	28.9818325	1.03711326	0.1389792496658837	0.00851339	0.00079
-0.0216	0.0316	0.1178	-0.005864306286700947	0.00017104226669544429	0.0004799655442984406	1.12974668	28.33181381	0.98406306	0.07547758040957278	0.00887638	0.00079
-0.0163	-0.0127	0.0504	-0.005541420375081997	2.268928027592628e-05	0.00043458698374658803	1.20746124	30.28074265	1.03439717	0.14283087292951607	0.00855118	0.00061
-0.0164	-0.1252	0.0583	-0.005735151922053367	0.0001256637061435917	0.0002583087292951608	1.31054139	32.86578751	1.04760803	0.14414921136452316	0.0102835	0.00101
-0.0192	-0.0053	0.0806	-0.005827654372409066	8.203047484373349e-05	0.0003630284844148205	1.35217893	33.90997696	1.07228032	0.1570427718387609	0.00916904	0.00097
-0.0193	0.1329	0.1175	-0.006024876577884425	4.71238898038469e-05	0.0004625122517784973	1.25045991	31.35906219	1.09270387	0.1917806278939461	0.00978571	0.00167
-0.0223	-0.0028	0.0587	-0.005696754678509492	0.00019547687622336493	0.0004415683007545654	1.20444191	30.20502281	1.10870143	0.22237094184091916	0.00809693	0.00063
-0.017	-0.1255	0.0624	-0.005578072289373877	9.42477796076938e-05	0.00027576202181510406	1.17974329	29.58563042	1.04747307	0.15098588823453735	0.00878733	0.00088
-0.0207	-0.0667	0.0684	-0.005796238445873169	4.363323129985824e-05	0.0002251474735072685	1.08873951	27.30343628	0.98537864	0.08446976265574813	0.00813603	0.0008
-0.0187	0.0247	0.1309	-0.006314601233715484	0.00015707963267948963	0.0004136430327226561	1.13377917	28.43294144	1.03608062	0.19691523742186673	0.00875795	0.00106
-0.0259	-0.0527	0.1042	-0.0060685098091842835	0.0003769911184307752	0.0003822271061867582	1.09436703	27.444561	0.99631402	0.13617094184091919	0.00883651	0.00079
-0.0167	-0.0327	0.0612	-0.0059358647860327145	0.00023212879051524583	0.00033684854563490564	1.09873843	27.55418777	0.98878337	0.08834429558094756	0.00851828	0.00067
-0.0178	0.0027	0.0639	-0.005996951309852516	0.00016929693744344995	0.0002199114857512855	1.10457361	27.70052338	0.96606774	0.051242771838760894	0.00914979	0.00082
-0.0219	-0.0053	0.1238	-0.006176720222807932	0.00010471975511965978	0.00035430183815484887	1.3314811	33.39091492	1.03090949	0.09093682238413843	0.00961542	0.00124
-0.0239	0.0087	0.0865	-0.005970771371072602	0.0001832595714594046	0.0004049163864626844	1.23635709	31.00539398	1.01295243	0.07005516081914552	0.00923163	0.00063
-0.0208	-0.0729	0.0495	-0.005782275811857213	1.2217304763960308e-05	0.0002722713633111154	1.16300118	29.16577148	1.02446478	0.1463091424531201	0.00917655	0.00086
-0.0165	-0.008	0.0462	-0.005731661263549379	-1.3962634015954635e-05	0.00028099800957108706	1.1999476	30.09231377	1.0031848	0.07677605666738604	0.00822777	0.00079
-0.0158	0.0254	0.0644	-0.005715953300281429	-1.9198621771937625e-05	0.00033335788713091696	1.15792096	29.03837013	1.01021498	0.05596519142918814	0.00789833	0.00073
-0.0146	0.0071	0.1121	-0.0059079395180008055	5.235987755982988e-06	0.00037524578917878077	1.12839782	28.29798889	1.01687266	0.08011543646475804	0.00799882	0.00061
-0.017	-0.0287	0.0717	-0.0057526052145733106	0.00010821041362364843	0.00041189770347066176	1.09236586	27.39437866	0.99171131	0.09334803217935209	0.00798965	0.00076
-0.0153	-0.0442	0.0539	-0.005599016240397809	9.599310885968811e-05	0.00042236967898262774	1.15663588	29.00614166	0.98559928	0.043813912722571374	0.00798297	0.00067
-0.0146	0.0437	0.0485	-0.005586798935633849	-6.632251157578452e-05	0.00040317105721069014	1.12531435	28.22066116	0.99625685	0.10368657734856856	0.0078482	0.00057
-0.0173	0.0662	0.0832	-0.005888740896228867	7.853981633974481e-05	0.00042760566673861073	1.24709284	31.27462387	0.99301862	0.0834619449019234	0.00942659	0.00094
-0.0223	0.0513	0.0953	-0.005860815628196958	0.00014137166941154068	0.0004485496177625427	1.27936244	32.08388138	1.00825419	0.037585053606381834	0.00920397	0.00092
-0.0198	-0.0158	0.0363	-0.005640904142445672	0.0001658062789394613	0.00033684854563490564	1.15766418	29.03193092	1.00692378	0.14640235837034218	0.00891721	0.00098
-0.0201	-0.0276	0.0455	-0.005513495107050087	-0.00010821041362364843	0.0002478367537831948	1.14584661	28.735569	0.97799596	0.045821875990520275	0.00848234	0.00076
-0.0207	0.0189	0.1018	-0.005712462641777441	0.00012042771838760874	0.0004799655442984406	1.16115499	29.1194725	1.01661332	0.13638672286269285	0.00822693	0.00094
-0.04	0.0335	0.0888	-0.0058869955669768725	3.665191429188092e-05	0.00011344640137963142	1.07270277	26.9012661	0.97743988	0.07814139361069841	0.00806391	0.00073
-0.0394	-0.0867	0.1106	-0.006016149931624455	0.001450368608407288	0.0006370451769779302	1.18207645	29.64414024	1.08293766	0.2459234917180644	0.00928456	0.00137
0.0072	-0.0425	0.0068	-0.005979498017332573	0.0002513274122871834	0.000947713783832921	1.23151195	30.88388634	1.10799892	0.27191808586334887	0.00876379	0.00095
-0.0026	0.0328	0.0833	-0.006323327879975456	5.759586531581287e-05	0.0007190756518216638	1.1627425	29.15928268	1.05810771	0.1999099770812756	0.00859398	0.00095
-0.0124	-0.031	0.1095	-0.006113888369736136	0.0001256637061435917	0.0006632251157578452	1.09425914	27.44185829	0.98937588	0.11646789435654588	0.00881612	0.00098
-0.016	0.0098	0.0602	-0.005747369226817327	0.00027750735106709843	0.0006649704450098395	1.08695126	27.25858879	0.99460839	0.11970540585471552	0.00810599	0.00055
-0.012	0.0069	0.0464	-0.005642649471697667	0.0001937315469713706	0.0005759586531581287	1.09415388	27.43921852	0.95988472	0.034575367553354934	0.00910324	0.00098
-0.0121	0.0015	0.0846	-0.005920156822764766	0.00014311699866353502	0.0005410520681182421	1.36258364	34.17090607	1.04350576	0.06185142422074108	0.00976342	0.00138
-0.0138	0.0216	0.0916	-0.005923647481268755	0.000153588974175501	0.0006335545184739417	1.25842834	31.55889702	1.02048986	0.0341232542185827	0.00956607	0.00112
-0.0107	-0.0479	0.0115	-0.005586798935633849	0.00015184364492350666	0.0005305800926062762	1.20088577	30.11584282	1.05428429	0.17477841503772829	0.0100377	0.00094
-0.0049	-0.0298	0.0107	-0.005679301385989549	2.094395102393195e-05	0.0005183627878423159	1.15716362	29.01937675	0.99981611	0.03648097245096176	0.00911736	0.00097
-0.0106	0.0348	0.0707	-0.005818927726149094	-0.0	0.0005288347633542819	1.14353597	28.67762184	1.0178357	0.13885211333477207	0.0081051	0.00079
-0.0065	0.0183	0.0274	-0.00533721685259866	1.7453292519943294e-06	0.000635299847725936	1.12391078	28.18546295	1.01684686	0.09339606435870412	0.00817007	0.00098
-0.0049	-0.0597	-0.0008	-0.005274384999526864	-9.599310885968811e-05	0.0004904375198104066	1.11134458	27.870327	1.00359802	0.12307163095495038	0.00847876	0.00076
-0.0103	-0.0548	0.0236	-0.0053825954131505125	-0.00011344640137963142	0.0004625122517784973	1.09747744	27.52256393	0.9980206	0.042379448708775046	0.00838876	0.00079
-0.0153	0.0656	0.0719	-0.005387831400906495	-3.316125578789226e-05	0.0006597344572538566	1.1547507	28.95886612	1.04087304	0.18783716694115404	0.00830108	0.00071
-0.0908	0.0227	0.1454	-0.0057368972513053606	-0.0015323990832510211	-0.0017366026057343581	1.28114295	32.12853241	1.19888012	0.4041320370425104	0.0113621	0.00694
-0.0135	-0.0439	-0.0049	-0.005482079180514189	0.000148352986419518	-0.0003874630939427412	1.34819376	33.81003571	1.26673625	0.4584354826126664	0.00888789	0.00067
-0.0114	-0.0479	0.0058	-0.005204571829447091	0.00039095375244672985	-0.00038048177693476387	1.12919271	28.31792068	0.99053311	0.04315447170511434	0.00905359	0.00121
-0.0221	0.0445	0.0375	-0.0045588000062091886	9.948376736367679e-05	-0.0002652900463031381	1.26267231	31.66532707	1.03564521	0.18742167694762904	0.00870907	0.00095
-0.0207	-0.0025	0.0203	-0.004595451920501069	-8.37758040957278e-05	-0.0005585053606381855	1.15266216	28.90649033	0.99090068	0.09125634000431661	0.0088076	0.00094
-0.0175	-0.0305	-0.0048	-0.004342379178961892	-0.0003298672286269283	-0.00028274333882308137	1.18434405	29.70100975	1.00445366	0.09504630939427408	0.00862843	0.00089
-0.0155	-0.0188	0.0026	-0.004806636759992383	-0.00026878070480712676	-5.93411945678072e-05	1.20842576	30.30492973	1.03356418	0.05853731245527834	0.00784481	0.0006
-0.0153	0.0704	0.0272	-0.004790928796724435	-0.00011519173063162575	5.235987755982988e-06	1.12207615	28.13945198	1.00502133	0.1256937059883619	0.00734878	0.00045
-0.0144	0.0253	-0.0263	-0.004375540434749784	-0.0002129301687433082	-8.726646259971648e-06	1.0690341	26.80926323	0.98218535	0.12585447170511446	0.00757116	0.00058
-0.0081	-0.0806	-0.0291	-0.004380776422505768	-0.00043458698374658803	-0.000158824961931484	1.12508452	28.21489716	1.00767376	0.13384955592153883	0.00839067	0.00076
-0.0135	0.0331	0.0125	-0.004970697709679851	-0.0002705260340591211	-1.2217304763960308e-05	1.145347	28.72303963	1.03453295	0.20572949470145369	0.00799471	0.00051
-0.0142	0.0796	-0.0199	-0.004316199240181977	-0.00013962634015954637	-0.0001239183768915974	1.12877703	28.30749702	0.99289541	0.12445496177625429	0.0083254	0.00055
-0.0088	0.0461	-0.0498	-0.004300491276914028	-0.00028623399732707005	-0.00018675022996339323	1.09197712	27.3846283	0.98869472	0.08005737367536342	0.0086816	0.00057
-0.0105	-0.0267	-0.0312	-0.004399975044277705	-0.00026354471705114377	-0.00018151424220741024	1.09795165	27.53445816	0.9796139	0.09947045176977933	0.00842685	0.00052
-0.0174	0.0175	0.0272	-0.004263839362622147	-0.0002478367537831948	-1.7453292519943294e-06	1.28836346	32.30960846	1.02514914	0.12608062789394617	0.0086574	0.00085
-0.0212	0.0742	-0.007	-0.004242895411598215	-9.948376736367679e-05	-0.0001186823891356144	1.23544061	30.98241043	1.02758115	0.10901169986635352	0.00960016	0.00085
-0.0195	-0.0454	-0.0235	-0.004103269071438669	-0.0003717551306747922	-0.0002617993877991494	1.22964358	30.83703041	1.05413726	0.16555073510670987	0.00989324	0.00098
-0.018	0.0381	-0.0211	-0.004143411644234539	-0.0006771877497737998	-0.00012042771838760874	1.16516352	29.21999741	1.00883502	0.11174734306532091	0.00960964	0.00094
-0.0373	0.0424	0.0416	-0.004876449930072156	-0.0007330382858376184	-0.0003630284844148205	1.21329093	30.42693901	1.06001391	0.13787447939643238	0.00888348	0.00097
-0.0297	0.1429	0.0233	-0.005019566928735692	-0.0002600540585471551	0.0002513274122871834	1.13141263	28.37359238	1.04795223	0.18792285613280016	0.0092442	0.00115
-0.0229	-0.0417	0.0011	-0.0046041785667610404	-0.0001605702911834783	1.9198621771937625e-05	1.20128429	30.12583542	1.11600315	0.25095004599267867	0.00772554	0.00079
-0.0165	-0.0902	-0.0055	-0.004832816698772298	-0.0003316125578789226	-0.0003385938748868999	1.09696937	27.50982285	0.98217418	0.09937364476827697	0.00831485	0.00089
-0.0192	0.0301	0.0325	-0.00507541746479951	-0.0002024581932313422	-6.632251157578452e-05	1.14115644	28.61794853	1.04772241	0.1932013246992954	0.00758487	0.00079
-0.0222	0.0711	0.0116	-0.004649557127312894	-0.0001361356816555577	0.00017627825445142725	1.08396816	27.18378067	1.01309942	0.1016391807544806	0.00815058	0.00077
-0.0208	-0.016	-0.0079	-0.004565781323217166	-0.00015533430342749534	-5.235987755982989e-05	1.11993933	28.08586502	1.02627519	0.12458062789394612	0.00814754	0.00051
-0.0231	-0.0057	-0.0035	-0.0048956485518440946	-9.250245035569947e-05	-0.0002600540585471551	1.06957281	26.82277107	0.96361056	0.047019663134302475	0.00798213	0.00036
-0.0264	0.0897	0.0308	-0.005030038904247658	9.599310885968811e-05	2.4434609527920616e-05	1.19000924	29.84307861	1.01819355	0.16336872898470137	0.00880468	0.00069
-0.0234	0.0705	-0.0374	-0.004167846253762459	0.0001012290966156711	5.93411945678072e-05	1.23981524	31.09211731	1.03584787	0.13551676116405345	0.0100849	0.00159
-0.0181	-0.1005	-0.0352	-0.004667010419832838	-8.203047484373349e-05	-0.00017278759594743863	1.31698787	33.02745438	1.1359981	0.22422762640225144	0.0103818	0.00141
-0.0219	0.0596	-0.0173	-0.004351105825221863	-0.00020943951023931956	-0.00014486232791552936	1.29421687	32.45640182	1.08808977	0.20536194490192347	0.00953382	0.00109
-0.0252	0.1018	0.0066	-0.00434586983746588	-0.000153588974175501	8.203047484373349e-05	1.10316598	27.66522408	0.99532456	0.08379896632895321	0.00941664	0.00088
-0.0195	0.019	-0.055	-0.004141666314982544	-0.00024085543677521747	-8.37758040957278e-05	1.10390317	27.6837101	1.02999107	0.17296381320112572	0.0104235	0.00125
-0.0157	0.0123	-0.0381	-0.0042271874483302664	-0.00041713369122664475	-0.00011693705988362007	1.06316674	26.66212082	0.96620232	0.0421480321793521	0.0088253	0.00095
-0.0193	0.0253	-0.0182	-0.004274311338134113	-0.0005375614096142535	-0.00012217304763960306	1.05486667	26.45397186	0.97729345	0.04513937979737191	0.00850749	0.00089
-0.0317	0.0721	0.013	-0.004628613176288962	-6.108652381980153e-05	-0.00015707963267948963	1.08370697	27.17722893	0.99443312	0.13368416544945938	0.00772709	0.00064
-0.028	0.0423	-0.0699	-0.004214970143566306	-4.18879020478639e-05	-6.283185307179586e-05	1.09540462	27.47058487	1.02139048	0.14275447170511435	0.00945991	0.00089
-0.0201	-0.057	-0.0579	-0.004279547325890096	-0.00012740903539558605	-0.00011344640137963142	1.12818038	28.29253387	1.01893125	0.1292356431989674	0.00919229	0.00086
-0.0168	0.0879	-0.012	-0.004565781323217166	-0.00032463124087094524	-0.00010297442586766544	1.18493676	29.71587181	1.07988067	0.21879640891571972	0.00874424	0.00101
-0.0235	0.0655	0.0042	-0.004537856055185257	-0.00016406094968746698	-8.726646259971648e-06	1.08545911	27.22117043	1.0082623	0.05943716694115406	0.00804174	0.00069
-0.0212	0.0118	-0.0499	-0.00420449816805434	-0.00024609142453120044	-0.00016406094968746698	1.0903157	27.34296227	0.99384322	0.13863613327010732	0.00897467	0.0007
-0.0206	-0.0079	-0.0407	-0.004342379178961892	-0.00028274333882308137	-0.0002652900463031381	1.05153394	26.37039185	0.96088563	0.0432881010907552	0.00921196	0.00067
-0.023	0.0886	-0.0034	-0.004794419455228423	-0.00029845130209103034	-0.0001239183768915974	1.1283828	28.29761124	1.01819194	0.16665599544730103	0.0089857	0.00069
-0.0251	0.0917	-0.0067	-0.0046582837735728655	-6.283185307179586e-05	-6.283185307179586e-05	1.1668781	29.26299667	0.97145726	0.03014208272472968	0.00927085	0.00119
-0.0265	0.0164	-0.0356	-0.00434586983746588	-5.061454830783555e-05	-0.0002007128639793479	1.13558888	28.47832489	0.98468825	0.12872561258892487	0.00927591	0.00121
-0.0235	0.0056	-0.0146	-0.0043929937272697275	-0.0001972222054753592	-0.0002652900463031381	1.13578868	28.48333549	0.97278722	0.04771543646475807	0.00917166	0.00118
-0.0256	0.1037	0.0191	-0.004590215932745087	-0.0002897246558310587	-8.203047484373349e-05	1.18203962	29.64321899	1.01945328	0.15754921136452318	0.00942397	0.00094
-0.0271	0.047	-0.0392	-0.004117231705454623	-0.00022689280275926284	-0.00014486232791552936	1.09132993	27.36839867	1.00341714	0.14643239667170274	0.00951719	0.00086
-0.0242	-0.0476	-0.0365	-0.003996803987067014	-0.0003822271061867582	-0.00017976891295541595	1.11333871	27.92033577	1.00426576	0.11573343034274956	0.00903952	0.0008
-0.0238	-0.0087	-0.0402	-0.003949680097263168	-0.00041538836197465044	-0.0002897246558310587	1.06491184	26.70588493	0.97000662	0.05251204442336908	0.00853837	0.00086
-0.0252	0.0044	0.0051	-0.004317944569433971	-0.0002670353755551324	-0.0002373647782712288	1.09931815	27.56872559	1.0006685	0.08824886680750756	0.00782931	0.00069
-0.0259	0.1125	0.0141	-0.004352851154473858	-0.000312413936106985	-0.00015707963267948963	1.10382783	27.68181992	1.01617552	0.12582851455917393	0.00868118	0.00089
-0.0227	-0.0148	-0.0335	-0.00422893277758226	-0.00023212879051524583	-0.0002478367537831948	1.12391698	28.18561745	1.02829879	0.1928480321793521	0.00820309	0.00077
-0.0235	-0.0725	-0.0233	-0.004452334921837535	-0.00029845130209103034	-0.0002495820830351891	1.14551461	28.72724152	1.01255305	0.08327349925415267	0.00868553	0.00079
-0.0274	0.0755	0.0193	-0.004661774432076854	-0.0002705260340591211	-0.0002617993877991494	1.17819953	29.54691696	1.07307885	0.2069791041517594	0.00791121	0.00046
-0.0346	0.0578	0.0121	-0.00463559449329694	-0.0002199114857512855	-0.00021642082724729686	1.09437168	27.44467926	0.95687313	0.03820865238198013	0.00813156	0.00051
-0.029	-0.0125	-0.0379	-0.00437379510549779	-0.00023561944901923448	-0.00023911010752322313	1.14134288	28.62262344	1.02464735	0.14090983156715128	0.00927037	0.00061
-0.0285	-0.0056	-0.0316	-0.004246386070102203	-0.0002495820830351891	-0.00029496064358704166	1.24495518	31.22101593	1.00663498	0.023561110273768	0.0100474	0.00122
-0.0315	0.0537	0.027	-0.004679227724596798	-0.0002652900463031381	-0.0002478367537831948	1.27587962	31.99653816	1.04812704	0.14568367537831953	0.00919855	0.001
-0.0343	0.1507	-0.0012	-0.0038065630985996326	-0.0001361356816555577	-0.00020943951023931956	1.20034814	30.10235786	1.05888466	0.180010811709431	0.010378	0.001
-0.0432	-0.0549	-0.0197	-0.0039235001584832525	-0.000296705972839036	-0.00015533430342749534	1.26316774	31.67775154	1.14126538	0.2495806278939461	0.0087086	0.00085
-0.0353	-0.0268	-0.0164	-0.0038484510006474965	-0.0005009094953223725	-0.0003211405823669566	1.09877396	27.55508041	0.97437873	0.061552947962927686	0.00807679	0.0006
-0.03	0.0619	0.0187	-0.004091051766674708	-0.0004136430327226561	-0.00035081117965086024	1.13171399	28.38114929	1.02294011	0.14707689129554155	0.00778329	0.00089
-0.0347	0.0594	0.0424	-0.004480260189869444	-0.0004380776422505767	-0.0005201081170943102	1.08657324	27.24910927	1.01552279	0.0600469985083053	0.00787055	0.00071
-0.0364	-0.0485	-0.0026	-0.004394739056521722	-0.0004433136300065597	-0.0006283185307179585	1.11860251	28.05234146	1.02727862	0.16454837673636769	0.00771463	0.00071
-0.0385	-0.0171	-0.012	-0.004284783313646079	-0.0004310963252425994	-0.0005724679946541401	1.12559283	28.22764397	0.9782781	0.05180117918517108	0.00811553	0.00045
-0.0355	0.0263	-0.0042	-0.0042935099599060505	-0.0004520402762665313	-0.0005846852994181004	1.06577969	26.72764778	0.95457934	0.056294395102393195	0.00809586	0.00039
-0.0385	0.0789	0.0399	-0.0045204027626653135	-0.0003944444109507184	-0.0003193952531149623	1.26495636	31.72260475	0.99114138	0.12718893571891068	0.00857288	0.00097
-0.0419	0.0168	0.0125	-0.004291764630654057	-0.00018151424220741024	-0.00041538836197465044	1.19858515	30.05814743	0.98475371	0.11977807048071266	0.00843126	0.00082
-0.0374	-0.0389	-0.0122	-0.004406956361285682	-0.0004363323129985824	-0.0005288347633542819	1.16021144	29.09580994	0.99136263	0.10907281014012143	0.00909752	0.00091
-0.0388	0.0454	0.0135	-0.004494222823885398	-0.0005131268000863328	-0.0004974188368183839	1.17957675	29.58145332	1.0059938	0.12117384381116823	0.00871497	0.0006
-0.0414	0.1026	0.0489	-0.0046198865300289904	-0.0003822271061867582	-0.0003473205211468716	1.15385711	28.93645668	1.02188046	0.11553308578573396	0.00832218	0.00079
-0.0425	0.0254	-0.0098	-0.004263839362622147	-0.0003159045946109737	-0.00048345620280242926	1.10576963	27.73051643	1.01944321	0.16492526803190927	0.00790399	0.00049
-0.0373	-0.0252	-0.0187	-0.004118977034706617	-0.0006300638599699529	-0.000661479786505851	1.11184144	27.8827858	1.01201074	0.09655225884889651	0.00804728	0.00073
-0.0376	0.048	-0.0158	-0.004225442119078272	-0.0004956735075663896	-0.0005096361415823442	1.11682487	28.007761	0.99969979	0.09603495408493624	0.00796878	0.00063
-0.0347	0.0628	0.0407	-0.004527384079673291	-0.0003089232776029963	-0.0003595378259108319	1.10572612	27.72942543	1.001582	0.10613952531149624	0.00781572	0.00071
-0.0404	0.0096	0.0163	-0.004372049776245795	-0.0003647738136668148	-0.000439822971502571	1.06238651	26.64255333	0.97835229	0.09787349925415267	0.00782031	0.00058
-0.0384	-0.012	-0.0114	-0.004202752838802345	-0.0005235987755982988	-0.0004468042885105483	1.09230936	27.3929615	0.98182673	0.06805516081914559	0.00817198	0.00061
-0.0258	0.0291	-0.0075	-0.004747295565424576	0.00020769418098732522	-0.0005166174585903216	1.08416438	27.18869972	0.98411405	0.12488244266438142	0.00849926	0.00054
-0.0033	0.0157	0.0589	-0.005347688828110626	0.0022322761133007477	-0.0003717551306747922	1.29612327	32.50421143	1.15815257	0.24079187614575004	0.0105535	0.00293
-0.0234	0.0367	0.0567	-0.005028293574995664	-0.00020594885173533088	-0.0010803588069844899	1.44116127	36.14147568	1.14158025	0.2166111947230369	0.00892699	0.00134
-0.027	-0.0182	0.0184	-0.005471607205002223	-0.0001012290966156711	-0.0006335545184739417	1.13213587	28.39173126	0.98806621	0.1465418836818384	0.00858486	0.00071
-0.0221	-0.0551	0.0048	-0.005806710421385134	-0.0003193952531149623	-0.0006161012259539982	1.14549148	28.72666359	0.99296184	0.08393613327010725	0.0095315	0.00085
-0.0253	0.0002	0.0169	-0.005560618996853934	-0.00041713369122664475	-0.0005183627878423159	1.17178881	29.38614845	1.00378574	0.09267841503772822	0.00825214	0.00066
-0.0279	0.0649	0.0392	-0.005061454830783556	-0.0003630284844148205	-0.00042760566673861073	1.16906667	29.31788063	1.02214697	0.12180132469929537	0.00784796	0.00057
-0.0271	0.021	-0.0025	-0.004553564018453206	-0.0003787364476827695	-0.0005480333851262194	1.14827251	28.79640579	1.02326231	0.11860132469929537	0.00751996	0.00052
-0.0262	-0.0918	-0.0114	-0.004794419455228423	-0.00039968039870670147	-0.0007155849933176752	1.17149901	29.37888145	1.038842	0.1440675497995302	0.00826865	0.00069
-0.0293	0.0187	0.0293	-0.005096361415823441	-0.00034033920413889426	-0.0006702064327658224	1.16902816	29.31691551	1.03322049	0.17463308578573392	0.00761271	0.00063
-0.0289	0.1053	0.0435	-0.005002113636215748	-0.00028797932657906436	-0.0005201081170943102	1.13860059	28.55385208	1.00071215	0.11603529864195176	0.00835782	0.00058
-0.0299	0.018	-0.0057	-0.004815363406252355	-0.0001884955592153876	-0.0005672320068981572	1.10751283	27.77423286	1.01168554	0.15416789435654585	0.00842845	0.00057
-0.0277	-0.0743	0.0017	-0.004803146101488395	-0.00039269908169872416	-0.0005637413483941684	1.18216741	29.64642143	1.01287948	0.11289557428756426	0.00931901	0.00094
-0.0305	0.002	0.0434	-0.005113814708343385	-0.0003298672286269283	-0.0005026548245743669	1.27850831	32.06246185	1.03924203	0.14252934918732937	0.00938344	0.00115
-0.0311	0.0459	0.0556	-0.005070181477043527	-0.0003595378259108319	-0.00041538836197465044	1.21250844	30.4073143	1.00664662	0.0647285145591739	0.00882584	0.00071
-0.0232	0.0241	-0.0186	-0.0045640359939651725	-0.00017453292519943296	-0.0004572762640225143	1.14383161	28.68503571	1.05298	0.14055191429188088	0.00974989	0.00098
-0.0085	-0.0447	0.0916	-0.0034627332359567498	-0.0006335545184739417	-0.000577703982410123	1.37935293	34.59144592	1.24353498	0.27773760348352694	0.0102807	0.00229
-0.0277	0.0324	0.0861	-0.005009094953223725	-0.00030194196059501896	-0.0006003932626860494	1.19032311	29.85095024	1.09546515	0.1968331777710912	0.00812721	0.00069
-0.0314	0.0172	0.0284	-0.0048188540647563435	-3.141592653589793e-05	-0.0005288347633542819	1.07233715	26.89209747	0.99807421	0.10321627109291348	0.00755614	0.0006
-0.0256	-0.1441	0.0017	-0.004728096943652638	-5.93411945678072e-05	-0.0005864306286700947	1.19117081	29.87220955	1.09732562	0.20261391272257137	0.00946212	0.00109
-0.0207	0.0463	-0.0031	-0.004639085151800928	-0.00019198621771937622	-0.00048171087355043494	1.26051939	31.61133575	1.16646806	0.21641882850614697	0.00798851	0.00077
-0.0286	0.0664	0.0399	-0.004766494187196514	-0.00011693705988362007	-0.00031415926535897925	1.1046766	27.70310593	0.99245816	0.08950049007113987	0.00775379	0.00055
-0.0314	0.0354	0.0177	-0.0045483280306972225	-5.759586531581287e-05	-0.00035604716740684323	1.13770533	28.53140259	0.97076363	0.07196976265574813	0.00770289	0.0004
-0.032	-0.0714	-0.0114	-0.0044820055191214375	-4.18879020478639e-05	-0.0004747295565424576	1.13025939	28.34467316	1.01545293	0.1465356431989674	0.00850105	0.00066
-0.0296	-0.0189	0.002	-0.004286528642898074	-0.0002373647782712288	-0.0005619960191421741	1.2627039	31.66611862	1.01144248	0.09221101075232227	0.00872844	0.00118
-0.03	0.0491	0.027	-0.004834562028024293	-0.0003700098014227979	-0.0004974188368183839	1.33388078	33.45109558	1.02779922	0.1306627795300789	0.00955641	0.00103
-0.0317	0.0032	0.0442	-0.004733332931408622	-4.363323129985824e-05	-0.0003316125578789226	1.18350506	29.67996788	1.01071305	0.09447059728390356	0.00937486	0.00063
-0.0364	-0.0434	0.0241	-0.004342379178961892	9.948376736367679e-05	-0.0004363323129985824	1.127599	28.2779541	1.00927285	0.10333952531149626	0.00901419	0.00094
-0.0396	-0.0439	0.0178	-0.004143411644234539	2.094395102393195e-05	-0.0003892084231947355	1.12463236	28.20355606	0.98809005	0.02623156204354724	0.00848752	0.00103
-0.0327	0.0271	0.0202	-0.004122467693210606	-0.0001658062789394613	-0.00047647488579445195	1.13091743	28.36117363	1.00752615	0.09504803217935213	0.0085879	0.00095
-0.0314	0.0219	0.0424	-0.004630358505540956	-4.71238898038469e-05	-0.00030368728984701333	1.10041857	27.59632301	0.98947141	0.06866803987067012	0.00856656	0.00098
-0.0324	0.0248	0.0109	-0.004422664324553631	1.7453292519943296e-05	-0.00034557519189487725	1.0869	27.25730515	0.96861051	0.051107963267948926	0.00860482	0.00064
-0.0291	-0.0105	0.009	-0.004372049776245795	-0.00013439035240356338	-0.0003630284844148205	1.12186015	28.13403511	0.97580999	0.05149557428756427	0.00891382	0.00076
-0.0258	0.0046	0.0073	-0.004668755749084832	-0.00019024088846738194	-0.0004956735075663896	1.08507431	27.21151924	0.95199314	0.0443600766027212	0.00922453	0.001
-0.03	0.0448	0.0451	-0.004214970143566306	-0.00012217304763960306	-0.00031415926535897925	1.29338968	32.4356575	1.02036129	0.11736838442768574	0.00933796	0.00104
-0.0346	0.0625	0.0542	-0.0044977134823893875	-0.00011170107212763708	-0.00033335788713091696	1.21558654	30.48450851	1.00583422	0.04702069680534928	0.00943744	0.00088
-0.0375	0.0186	0.0041	-0.004239404753094226	-0.000148352986419518	-0.0003717551306747922	1.14098454	28.61363792	0.99418855	0.11356789435654586	0.00896686	0.00071
-0.0342	-0.0352	0.0075	-0.0041608649367544815	-0.0002617993877991494	-0.0004310963252425994	1.16208303	29.14274597	1.00089819	0.07306637061435917	0.00877333	0.00115
-0.0352	0.0002	0.028	-0.004541346713689245	-0.00018151424220741024	-0.00047822021504644627	1.15810955	29.04309845	1.0272867	0.08229454061651746	0.00808758	0.00049
-0.036	0.1123	0.0659	-0.004778711491960474	-0.00017627825445142725	-0.00030194196059501896	1.14882541	28.81027222	1.0482388	0.17174395102393197	0.00772703	0.00063
-0.0381	0.0296	0.0226	-0.004424409653805625	-9.075712110370512e-05	-0.0003961897402027128	1.08385408	27.18091774	1.00491658	0.15480353755551327	0.00740653	0.00058
-0.0325	-0.0376	0.0105	-0.004351105825221863	-0.0001884955592153876	-0.0004363323129985824	1.12742794	28.27366447	0.99032394	0.09545924197456568	0.00786966	0.00055
-0.0321	-0.013	0.0276	-0.004616395871525002	-0.00012217304763960306	-0.0004485496177625427	1.10665774	27.75279045	0.96710791	0.05929149313214419	0.00741374	0.00051
-0.0351	0.07	0.0646	-0.005002113636215748	-9.599310885968811e-05	-0.0003630284844148205	1.13116562	28.36739922	0.99608072	0.1478709418409192	0.00783575	0.00051
-0.0355	0.0409	0.0364	-0.0049864056729478	7.504915783575618e-05	-0.00021467549799530252	1.12037015	28.09667015	0.95951345	0.07445516081914554	0.00797802	0.00066
-0.0367	-0.0559	0.027	-0.004684463712352781	-1.5707963267948964e-05	-0.0003211405823669566	1.16298759	29.16543198	1.01632113	0.1323582083035189	0.00871104	0.00112
-0.0354	0.0059	0.0544	-0.004705407663376713	-0.0001658062789394613	-0.0003787364476827695	1.3075428	32.79058838	1.06157311	0.10193190660056288	0.00886923	0.00092
-0.0369	0.0355	0.0769	-0.004738568919164605	-0.00012740903539558605	-0.00019547687622336493	1.24739528	31.2822094	1.07000085	0.06634090353955857	0.00891578	0.00064
-0.0384	0.0161	0.0334	-0.004525638750421296	-8.028514559173915e-05	-0.00024260076602721178	1.12923682	28.31902885	1.01219519	0.07975889741755014	0.00804049	0.00071
-0.0352	-0.0467	0.0183	-0.004408701690537677	-0.00017104226669544429	-0.0002565634000431664	1.14071107	28.6067791	1.00048864	0.09218284075016393	0.00789672	0.00089
-0.0351	0.0106	0.0281	-0.004344124508213886	-0.0002007128639793479	-0.0003577924966588376	1.08218288	27.13900948	0.97866977	0.07697384381116826	0.00723654	0.00048
-0.0338	0.0283	0.0733	-0.004618141200776996	-0.0002303834612632515	-0.00028099800957108706	1.09481609	27.4558239	0.99228585	0.08322408884673818	0.00757396	0.00064
-0.0338	0.0135	0.0587	-0.004644321139556911	-0.0002443460952792061	-0.00029321531433504735	1.11297059	27.91110229	1.01840095	0.03201799387799151	0.00834495	0.00082
-0.0157	-0.0181	0.0384	-0.004382521751757761	-0.0007016223593017205	-0.0006265732014659643	1.16345179	29.17707253	1.03793802	0.12262167694762904	0.00790089	0.00074
-0.0024	-0.0175	0.047	-0.0045971972497530645	-0.0012461650859239514	-0.0007714355293814937	1.11135709	27.8706398	1.01356842	0.06770402762665317	0.00887167	0.00064
-0.0104	-0.038	0.063	-0.00495848040491589	-0.0009861110273767962	-0.0005585053606381855	1.15166605	28.88150978	0.98933446	0.08621336912266446	0.00858033	0.00077
-0.0145	0.0924	0.0779	-0.004892157893340105	-0.0008674286382411819	-0.0003822271061867582	1.36024284	34.11220169	1.05523732	0.1674641577581413	0.00943923	0.00085
-0.0281	0.0082	0.0834	-0.005019566928735692	-0.0008674286382411819	-0.0007801621756414653	1.2031213	30.17190361	1.00996865	0.1295672052425147	0.00923681	0.00076
-0.0255	-0.0059	0.0428	-0.004621631859280984	-0.0008866272600131194	-0.0006876597252857658	1.23738325	31.03112602	1.04843637	0.08278180707911725	0.00912094	0.00095
-0.0265	-0.022	0.0111	-0.004646066468808905	-0.0007714355293814937	-0.0006178465552059926	1.20952165	30.33241272	1.03757478	0.05927197551196597	0.00822437	0.00066
-0.027	0.0936	0.0601	-0.004703662334124718	-0.0006928957130417488	-0.00041538836197465044	1.19615436	29.99718666	1.06524922	0.18202969374434508	0.00771457	0.00082
-0.0266	0.0916	0.022	-0.004201007509550351	-0.0010402162341886204	-0.0005846852994181004	1.05539989	26.46734238	0.97181611	0.09146361415823444	0.00817871	0.00085
-0.0487	-0.1023	0.0721	-0.004752531553180559	-0.002509783464367846	-0.0009529497715889039	1.32327449	33.18510818	1.19702212	0.38556778729901187	0.0108646	0.00265
-0.0236	-0.0263	0.0461	-0.005304055596810768	-0.0013159782560037243	-0.00038571776469074686	1.19570827	29.98600006	1.08458033	0.2427280629446244	0.00815028	0.0006
-0.0221	0.0782	0.0721	-0.005129522671611334	-0.0009372418083209549	-0.000312413936106985	1.12844849	28.29925728	1.0066498	0.1633286600732982	0.00839573	0.00051
-0.0267	-0.0099	0.0333	-0.004715879638888678	-0.000879645943005142	-0.0003089232776029963	1.11673546	28.00551987	1.01414949	0.15523647782712283	0.00818497	0.00058
-0.025	-0.0788	0.0218	-0.004525638750421296	-0.0009704030641088471	-0.0004520402762665313	1.06526554	26.71475601	0.97576494	0.10330575041173112	0.0095529	0.00115
-0.0332	-0.0147	0.0402	-0.0044977134823893875	-0.0007923794804054256	-0.00047822021504644627	1.17739451	29.52672768	1.0038877	0.10230643952576222	0.00865352	0.00097
-0.0346	0.0785	0.0904	-0.004616395871525002	-0.0009145525280450286	-0.00042236967898262774	1.27421439	31.95477867	1.0652593	0.1596352986419518	0.00965947	0.00089
-0.034	-0.0136	0.0259	-0.004525638750421296	-0.0007452555906015787	-0.00039793506945470715	1.17169285	29.38374138	1.02737774	0.17142443340375385	0.00878012	0.00055
-0.0255	-0.08	-0.0006	-0.004780456821212468	-0.0007993607974134029	-0.0004363323129985824	1.16401386	29.19116783	1.03202107	0.11876602605734358	0.00938427	0.001
-0.0262	0.0412	0.006	-0.00493404579538797	-0.0006963863715457374	-0.00041538836197465044	1.166255	29.24736977	1.03589999	0.14237536755335495	0.00821978	0.00074
-0.0277	0.055	0.0638	-0.0051452306348792835	-0.0005724679946541401	-0.00028099800957108706	1.1131556	27.91574287	1.01934992	0.09657467843932371	0.00748271	0.00066
-0.0335	-0.0164	0.0318	-0.004907865856608054	-0.0005340707511102648	-0.0004485496177625427	1.09960866	27.57601166	0.98803237	0.13136568150032799	0.00755942	0.00039
-0.0372	-0.0853	0.0108	-0.0057246799465414016	-0.00022340214425527416	-0.0008115781021773631	1.13924325	28.56996918	1.03920097	0.16812555906015791	0.00921232	0.00104
-0.0335	-0.0383	0.0065	-0.0055431657043339905	-0.0004625122517784973	-0.0006894050545377602	1.13646376	28.50026512	1.03119035	0.08213986986851185	0.00879335	0.00069
-0.043	0.0476	0.0655	-0.0057037359955174685	-0.00038571776469074686	-0.0004485496177625427	1.13352549	28.42657852	1.0228626	0.17831101075232228	0.00824517	0.00063
-0.0502	0.1086	0.0624	-0.005136503988619312	-0.000296705972839036	-0.00032463124087094524	1.12296808	28.16182137	1.00015171	0.11030810878207324	0.00874972	0.00067
-0.0399	0.0049	0.0208	-0.004900884539600078	-0.0006789330790257941	-0.0003874630939427412	1.11132133	27.86974335	1.02515591	0.18963392041388943	0.00819552	0.0004
-0.0387	-0.0517	0.0275	-0.005122541354603357	-0.0007592182246175333	-0.0005270894341022875	1.07464182	26.94989204	0.95982589	0.08657841503772824	0.00894463	0.00085
-0.042	0.029	0.072	-0.005031784233499652	-0.0006300638599699529	-0.00042935099599060504	1.21045971	30.35593605	1.01013016	0.14438249619314839	0.00867331	0.00098
-0.0398	0.0101	0.0506	-0.004949753758655919	-0.0005515240436302081	-0.0004310963252425994	1.10955048	27.82533455	0.96960017	0.050615781021773616	0.00845188	0.00101
-0.0343	-0.0288	0.006	-0.004808382089244378	-0.0006579891280018621	-0.0005148721293383271	1.13609493	28.49101448	0.99177581	0.10558062789394608	0.0092957	0.0007
-0.0387	0.0247	0.0245	-0.005094616086571448	-0.00046425758103049166	-0.0005183627878423159	1.14486575	28.71097183	0.99307928	0.10057281014012141	0.00807607	0.00064
-0.0457	0.0418	0.0581	-0.004979424355939822	-0.00039095375244672985	-0.00039793506945470715	1.12027407	28.09425926	1.00539805	0.07314616388014977	0.00786632	0.00079
-0.0462	0.0071	0.0071	-0.004000294645571003	-0.00011170107212763708	-0.0003822271061867582	1.1264751	28.24976921	1.03707014	0.1499045176977931	0.00812751	0.00079
-0.0417	-0.0378	-0.0029	-0.004698426346368735	-0.0003700098014227979	-0.0005742133239061344	1.13315511	28.41729164	1.03257141	0.11682133239061349	0.00738168	0.00069
-0.0473	-0.0562	0.0632	-0.00482932604026831	-0.0005899212871740833	-0.000593411945678072	1.11464858	27.95318413	1.00558515	0.10860049007113988	0.00748205	0.00061
-0.0412	0.0797	0.0477	-0.004836307357276287	-0.00042236967898262774	-0.0003787364476827695	1.13414264	28.44205666	1.03981172	0.17696042115973679	0.00803924	0.00063
-0.0389	-0.0241	0.0	-0.0046198865300289904	-0.0004188790204786391	-0.0004258603374866164	1.09502661	27.46110344	1.01414206	0.1671517687777566	0.00771999	0.00052
-0.0385	-0.0425	0.0072	-0.004616395871525002	-0.000614355896702004	-0.0005078908123303499	1.09818923	27.54041672	0.96671061	0.040049900478554334	0.00793099	0.00037
-0.0432	0.0414	0.0761	-0.005146975964131278	-0.0005585053606381855	-0.0006126105674500097	1.1378448	28.53489876	1.03431504	0.1920575191894877	0.00795525	0.00049
-0.0461	0.0203	0.0217	-0.00481710873550435	-0.0004014257279586958	-0.0005427973973702365	1.0988946	27.55810547	0.99435322	0.10623800156930956	0.00822181	0.00061
-0.038	-0.0229	-0.0116	-0.004523893421169302	-0.0006335545184739417	-0.0006684611035138282	1.05895472	26.55649185	0.97131497	0.11715039054969428	0.00841916	0.00054
-0.0396	-0.0214	-0.005	-0.004377285764001779	-0.0005445427266222308	-0.0006387905062299246	1.09841776	27.5461483	0.95952549	0.022964502315156864	0.00894874	0.00118
-0.0467	0.0718	0.0591	-0.004731587602156627	-0.000466002910282486	-0.0004729842272904633	1.27822351	32.05532074	1.06045327	0.1943323966717027	0.00901258	0.00088
-0.0438	0.0858	-0.0321	-0.004921828490624009	-0.0008011061266653974	-4.18879020478639e-05	1.26119316	31.62823105	1.11599898	0.15592202150464463	0.0108507	0.00244
-0.0463	-0.0179	-0.0713	-0.00467224640758882	-0.0009337511498169664	-0.00034208453339088857	1.26641142	31.75909615	1.1499141	0.17952118687648916	0.010399	0.00134
-0.0422	0.0142	-0.0109	-0.0043703044469938016	-0.0008168140899333463	-0.00048345620280242926	1.19475031	29.96197701	1.03204772	0.12461253449450896	0.00829178	0.00055
-0.05	0.03	0.0535	-0.004855505979048225	-0.0006021385919380437	-0.0004520402762665313	1.1155957	27.97693443	1.01562313	0.12456464782928119	0.00748599	0.00052
-0.0467	0.0639	0.0178	-0.0047088983218807005	-0.0004677482395344803	-0.00041538836197465044	1.08570361	27.22730255	0.99463828	0.08878249619314842	0.00780123	0.0006
-0.0385	-0.0103	-0.0161	-0.004551818689201211	-0.00048345620280242926	-0.00048520153205442357	1.08825076	27.29117966	0.9977522	0.1284300383013606	0.00781935	0.00063
-0.0425	-0.0314	0.0062	-0.004876449930072156	-0.0004974188368183839	-0.0005393067388662478	1.09202516	27.38583374	0.98008543	0.0670349540849362	0.00798541	0.00077
-0.049	0.0777	0.0444	-0.004935791124639963	-0.0003298672286269283	-0.00039269908169872416	1.12402701	28.18837738	1.02132111	0.17247502299633935	0.00803137	0.0006
-0.0485	0.0475	-0.0044	-0.0044540802510895285	-0.00029845130209103034	-0.000460766922526503	1.07045138	26.84480476	0.97806809	0.1085597320457056	0.0077095	0.00051
-0.0387	-0.0598	-0.0093	-0.0043982297150257105	-0.0005672320068981572	-0.000466002910282486	1.10553563	27.72464943	0.99420867	0.1384933614313464	0.0083282	0.00046
-0.039	0.0303	0.0146	-0.00450294947014537	-0.00041015237421866745	-0.0002617993877991494	1.09006023	27.33655739	0.98137766	0.13760014551412428	0.00830895	0.00049
-0.0437	0.0572	0.0303	-0.004263839362622147	-0.0004363323129985824	-0.0003665191429188092	1.15953815	29.07892418	0.96833848	0.06580049007113989	0.00849658	0.00085
-0.042	-0.0103	-0.019	-0.004274311338134113	-0.00040840704496667313	-0.0005375614096142535	1.13539505	28.47346306	0.99094706	0.12897197551196599	0.00873315	0.00094
-0.0413	-0.0107	-0.0165	-0.004029965242854907	-0.000640535835481919	-0.0006632251157578452	1.12024212	28.09345818	0.9828191	0.03370692959690216	0.00917935	0.00092
-0.042	0.0484	0.0111	-0.004181808887778414	-0.0005794493116621174	-0.0005445427266222308	1.19737172	30.02771568	1.01366074	0.10398062789394615	0.00923407	0.00098
-0.0469	0.0259	0.0564	-0.004576253298729132	-0.000466002910282486	-0.0003595378259108319	1.16787195	29.28792	1.01930341	0.10734478565208744	0.00943154	0.00082
-0.0529	0.0078	0.0051	-0.00451865743341332	-0.00037524578917878077	-0.0006283185307179585	1.09431112	27.44316101	1.00012854	0.09625668456133223	0.00825363	0.00063
-0.0472	-0.057	0.0001	-0.0041329396687225725	-0.0005235987755982988	-0.0009145525280450286	1.10418129	27.69068527	1.00480573	0.11651523742186676	0.00840622	0.00094
-0.0465	-0.0263	0.0078	-0.004455825580341524	-0.0006597344572538566	-0.0007504915783575615	1.11474323	27.95555878	1.0010281	0.07025412714809881	0.00784236	0.00089
-0.0521	0.0255	0.0483	-0.0047088983218807005	-0.00042935099599060504	-0.0006771877497737998	1.11997366	28.08672523	1.00314287	0.1257380015693095	0.00781649	0.00071
-0.0516	0.0205	0.0095	-0.004476769531365455	-0.00039269908169872416	-0.0005410520681182421	1.06426048	26.6895504	0.97157899	0.06454581932313418	0.00809282	0.00077
-0.0517	-0.0237	0.0062	-0.00466002910282486	-0.000291469985083053	-0.0006318091892219474	1.1184479	28.04846382	1.00706864	0.06636228945893907	0.00792581	0.00063
-0.0466	-0.0385	0.0106	-0.004270820679630125	-0.000450294947014537	-0.000705113017805709	1.07520068	26.96390915	0.96244423	0.05536686068549906	0.00826591	0.00048
-0.0495	0.0627	0.0567	-0.004572762640225143	-0.0005270894341022875	-0.0005218534463463045	1.2061038	30.24670029	1.01201933	0.17829980095710868	0.00883257	0.00097
-0.0531	-0.0331	0.0412	-0.004434881629317591	-0.0004380776422505767	-0.0005009094953223725	1.22653711	30.75912666	1.03764515	0.12729183768915972	0.00923568	0.00122
-0.0564	-0.0145	0.0117	-0.004283037984394084	-0.00042236967898262774	-0.000900589894029074	1.15335763	28.92393112	1.0347258	0.07976160034490784	0.010016	0.00161
-0.0602	0.0124	0.018	-0.0044156830075456534	-0.0003944444109507184	-0.0008482300164692441	1.16264701	29.15688896	0.98560792	0.047646508437165405	0.00921065	0.00118
-0.0617	0.0296	0.0823	-0.004612905213021013	-0.000486946861306418	-0.0007539822368615504	1.1609863	29.115242	1.0271398	0.1021986217719376	0.00891501	0.00127
-0.0517	0.0522	0.0787	-0.004668755749084832	-0.00022340214425527416	-0.0004380776422505767	1.07371902	26.92675018	0.98317355	0.0679649923862968	0.00845373	0.00067
-0.0057	-0.0571	0.1307	-0.0038432150128915135	0.001574286985298885	0.00038397243543875244	1.26463521	31.71455193	1.17046587	0.3795639971718403	0.00979412	0.0027
-0.0174	-0.0436	0.025	-0.004312708581677988	0.0002600540585471551	-0.0002303834612632515	1.23601484	30.99681091	1.1296919	0.25080411961201043	0.00728154	0.00055
-0.0327	0.0166	0.0389	-0.004291764630654057	1.0471975511965975e-05	-0.00033335788713091696	1.08838081	27.29444122	0.99650065	0.10807502299633928	0.00686634	0.00042
-0.0397	0.0107	0.0689	-0.00446629755585349	-0.0001308996938995747	-0.00023561944901923448	1.0380348	26.03186226	0.96342038	0.06358215163613283	0.00743324	0.00066
-0.0363	-0.033	0.0011	-0.004063126498642799	-7.504915783575618e-05	-0.0002897246558310587	1.06315553	26.66183853	1.00217869	0.1405563400043167	0.00770593	0.00061
-0.0334	-0.0423	0.0052	-0.004136430327226561	-0.0002007128639793479	-0.0003961897402027128	1.09014797	27.33875656	0.96160701	0.031571630954950365	0.00781363	0.00036
-0.0407	0.0138	0.0601	-0.004576253298729132	-0.00013962634015954637	-0.000445058959258554	1.09588897	27.48273087	1.00361039	0.14578893571891072	0.00765824	0.00037
-0.0421	0.0659	0.0347	-0.003829252378875559	-0.0002007128639793479	-0.00018500490071139895	1.13270104	28.40590477	1.00695885	0.1323070751110265	0.00816876	0.0006
-0.0301	0.0006	-0.0389	-0.003010692959690218	-0.0005235987755982988	-5.4105206811824215e-05	1.12724912	28.2691803	1.04419945	0.21451725123519327	0.00930196	0.00079
-0.0253	0.0052	-0.0284	-0.003153809958353753	-0.0006021385919380437	-0.00017104226669544429	1.07999742	27.08420181	0.96102698	0.036829693744345	0.00995898	0.00124
-0.0361	0.0193	0.0343	-0.003707079331235956	-0.0004415683007545654	-0.00017627825445142725	1.2353965	30.98130226	1.02342932	0.12355378259108322	0.00919807	0.00103
-0.0381	0.0113	0.0152	-0.0035342917352885177	-0.0003595378259108319	-0.00020420352248333657	1.1044451	27.69730186	0.98146816	0.04323716694115406	0.00863034	0.00073
-0.0326	-0.0513	-0.033	-0.0034417892849328176	-0.0005742133239061344	-0.000322885911618951	1.12318742	28.16732216	1.00533809	0.13759301687433087	0.00953823	0.00095
-0.0425	0.0611	-0.0069	-0.003986332011555049	-0.0004572762640225143	-0.0003892084231947355	1.18695235	29.76641846	1.03889718	0.18479011490408176	0.00906473	0.00073
-0.0396	0.0554	0.0453	-0.004235914094590238	-0.0004136430327226561	-0.00011519173063162575	1.09227705	27.39215088	1.00370819	0.08916160034490787	0.00803167	0.00061
-0.0398	0.0341	-0.0339	-0.003925245487735247	-0.000312413936106985	-0.00024609142453120044	1.05750787	26.52020645	1.0000719	0.1278398698685118	0.00831872	0.00076
-0.0368	-0.073	-0.0223	-0.0037262779530078936	-0.00048520153205442357	-0.0004328416544945937	1.11115336	27.86553192	1.01563599	0.14962526803190923	0.00839096	0.00077
-0.036	0.0241	0.0365	-0.004173082241518442	-0.0004258603374866164	-0.00035604716740684323	1.13095653	28.36215591	1.03652269	0.18584699850830527	0.00707841	0.00037
-0.0365	0.0628	0.0188	-0.0038903389026953604	-0.0003961897402027128	-0.00032812189937493397	1.06105506	26.60916328	0.96605799	0.07391696020694474	0.0075773	0.00052
-0.0324	-0.044	-0.0318	-0.00352731041828054	-0.0005183627878423159	-0.0005113814708343385	1.09383059	27.43111038	1.02808579	0.19492305517569136	0.00817329	0.00063
-0.0329	-0.0561	-0.0065	-0.003755948550291797	-0.0005864306286700947	-0.00048171087355043494	1.08651173	27.24756813	0.97820641	0.054218828506146975	0.00804627	0.00073
-0.0343	0.0365	0.0573	-0.004235914094590238	-0.0003630284844148205	-0.0002844886680750757	1.14240444	28.64924431	1.03646966	0.20282949470145367	0.00776321	0.00046
-0.0511	0.0493	0.0202	-0.003824016391119576	-0.00022165681500327985	-0.0003577924966588376	1.08798361	27.28447914	0.99851819	0.0980286600732982	0.00803435	0.00057
-0.041	-0.081	-0.0052	-0.0035098571257605967	-0.0003700098014227979	-0.0005113814708343385	1.15583205	28.98598289	1.04237992	0.19660506129769992	0.00873691	0.0007
-0.0392	0.0506	-0.0113	-0.0035482543693044722	-0.0005166174585903216	-0.0004677482395344803	1.12887537	28.30996323	1.02036959	0.15093190660056283	0.00896907	0.00071
-0.0394	0.0816	0.0256	-0.003710569989739945	-0.0003316125578789226	-0.0004188790204786391	1.23292255	30.91926193	1.01160163	0.08790948701013565	0.00982642	0.00125
-0.0408	0.0068	0.0555	-0.0042987459476620336	-0.0002181661564992912	-0.00028623399732707005	1.31805289	33.05416107	1.05908699	0.1478133691226645	0.00959724	0.00109
-0.0372	0.0089	-0.011	-0.00408756110817072	-0.0002199114857512855	-0.00017627825445142725	1.12716532	28.2670784	1.01880423	0.08834429558094756	0.00974727	0.00118
-0.0377	-0.0308	-0.0141	-0.003946189438759179	-0.00041538836197465044	-0.0005445427266222308	1.12663746	28.2538414	1.00612719	0.07855565089028543	0.00913292	0.00088
-0.0309	-0.0141	0.0088	-0.004494222823885398	-0.00014311699866353502	-0.00028797932657906436	1.13587952	28.48561287	0.99973519	0.10024340742402504	0.00830019	0.0008
-0.0349	-0.009	0.0631	-0.004551818689201211	-0.00014486232791552936	-9.948376736367679e-05	1.11226869	27.89350128	1.00762453	0.07579183768915972	0.00734019	0.00058
-0.0351	0.0279	0.0189	-0.004290019301402062	-3.316125578789226e-05	-0.00018675022996339323	1.0557642	26.47647858	0.98256579	0.10433834612632512	0.00719357	0.00054
-0.034	-0.0537	0.0039	-0.003949680097263168	-0.00018675022996339323	-0.00035430183815484887	1.0833075	27.16721153	0.98738872	0.13077398932529255	0.00738531	0.00057
-0.0274	-0.002	0.0294	-0.004054399852382828	-0.0003700098014227979	-9.42477796076938e-05	1.0930109	27.41055298	0.98928672	0.11120166925631096	0.00710905	0.00051
-0.0338	0.0264	0.052	-0.0044593162388455124	-0.0002024581932313422	-0.00010821041362364843	1.05982006	26.57819366	0.96586482	0.08672153143350475	0.00737113	0.00064
-0.0359	-0.0003	0.0051	-0.003974114706791089	-7.330382858376184e-05	-0.00022689280275926284	1.06702352	26.75884247	0.97229392	0.1123519142918809	0.00717527	0.00039
-0.0321	-0.0404	0.0094	-0.004045673206122856	-0.00029496064358704166	-0.00030368728984701333	1.08432996	27.19285202	0.96791852	0.06670049007113987	0.00811499	0.00066
-0.035	0.0212	0.0497	-0.004317944569433971	-0.0003316125578789226	-0.00018151424220741024	1.1330291	28.41413116	0.98023145	0.1263548162621299	0.00848848	0.00063
-0.0357	0.0528	0.0395	-0.004246386070102203	-0.00020769418098732522	-0.000158824961931484	1.29796672	32.55044174	1.00402664	0.05340830782496458	0.00949883	0.00134
-0.0355	-0.0341	-0.0088	-0.0038135444156076103	-0.00028797932657906436	-0.0003525565089028545	1.22322786	30.67613602	1.09695484	0.17074291735288516	0.00980985	0.00118
-0.031	-0.0307	-0.0045	-0.003778637830567723	-0.0004136430327226561	-0.00029845130209103034	1.15579045	28.98493958	0.98522129	0.02293377489976515	0.00885004	0.0007
-0.0335	-0.0231	0.0083	-0.003872885610175417	-0.000486946861306418	-0.0003193952531149623	1.15239465	28.89978027	1.00663708	0.03232477796076939	0.00881076	0.00088
-0.0378	0.0487	0.0592	-0.004113741046950634	-0.00041015237421866745	-0.00033684854563490564	1.18610168	29.74508476	1.04028861	0.14375516081914555	0.00808072	0.00076
-0.0378	0.0488	0.0199	-0.003841469683639519	-0.00021642082724729686	-0.0001937315469713706	1.11185765	27.88319206	1.01061434	0.06985599544730105	0.00856423	0.00076
-0.03	-0.0304	-0.0171	-0.0038152897448596045	-0.0003106686068549907	-0.0003106686068549907	1.1297909	28.33292198	1.03649046	0.13586823891356142	0.00804567	0.00054
-0.0301	-0.0393	-0.0039	-0.00409977841293468	-0.0003438298626428829	-0.00040666171571467877	1.12422419	28.19332123	0.99709497	0.042882151636132765	0.00773776	0.00058
-0.0346	0.0422	0.0587	-0.004248131399354198	-0.00018500490071139895	-0.00022340214425527416	1.15968955	29.08272362	1.02541051	0.17312187599052037	0.00776666	0.00052
-0.0389	0.0115	0.0462	-0.004286528642898074	-6.45771823237902e-05	-0.0001972222054753592	1.1121403	27.89027977	0.97555657	0.05675024503556999	0.00793463	0.00049
-0.0326	0.0254	-0.014	-0.004167846253762459	-1.9198621771937625e-05	-0.00020769418098732522	1.121153	28.11630249	0.99865017	0.08912664625997165	0.00840628	0.00063
-0.0309	0.0208	0.0083	-0.004344124508213886	-6.981317007977319e-05	-0.00029496064358704166	1.23837078	31.05589104	0.99245515	0.04430796326794896	0.00879264	0.00118
-0.0365	0.0376	0.0673	-0.00460766922526503	-0.00026354471705114377	-0.0001832595714594046	1.26536751	31.73291588	1.02592252	0.10984886680750756	0.0090968	0.00085
-0.0395	-0.0259	0.0416	-0.004207988826558329	-6.108652381980153e-05	-0.00019198621771937622	1.09740794	27.52082253	0.99526295	0.12274326190990072	0.00871736	0.00088
-0.0362	-0.0491	0.0093	-0.004153883619746505	-0.00013788101090755203	-0.0002583087292951608	1.12100089	28.11248589	0.99146471	0.06866111027376795	0.0085209	0.0007
-0.0378	-0.0179	0.0574	-0.004455825580341524	-0.0004049163864626844	-0.00024260076602721178	1.13720667	28.5188961	1.01259757	0.11013426497090505	0.0078246	0.00057
-0.0401	0.0336	0.0834	-0.004483750848373432	-0.00047647488579445195	-0.0002565634000431664	1.07529616	26.96630287	0.99476775	0.0854723200689815	0.00745744	0.00063
-0.0419	-0.0373	0.0325	-0.00408756110817072	-0.00030194196059501896	-0.0003106686068549907	1.08139682	27.11929512	1.00061571	0.15484139361069849	0.00718296	0.00079
-0.0367	-0.102	0.0167	-0.003904301536711315	-0.00040317105721069014	-0.0003717551306747922	1.09055209	27.3488903	0.99129639	0.10297875959474388	0.00846136	0.00119
-0.0372	-0.0666	0.0585	-0.004225442119078272	-0.00039095375244672985	-0.0003630284844148205	1.09726012	27.51711655	1.00263283	0.09480422666954447	0.00807422	0.00085
-0.0353	0.0385	0.081	-0.004384267081009755	-0.00038571776469074686	-3.665191429188092e-05	1.12096882	28.11168289	1.01520693	0.1540218759905203	0.00795674	0.00067
-0.0344	0.0892	-0.0071	-0.003824016391119576	-0.0002443460952792061	-0.00011170107212763708	1.12143624	28.12340546	1.03468374	0.1785335758568738	0.00848466	0.00045
-0.0309	0.013	-0.0039	-0.0037367499285198597	-0.000312413936106985	-0.0002007128639793479	1.08708811	27.26202202	0.9753567	0.09511730476396028	0.00820273	0.00061
-0.0295	0.0839	0.0177	-0.004002039974822997	-0.00022863813201125715	-0.0001239183768915974	1.20055485	30.10754204	1.01955245	0.1151930168743308	0.00935924	0.00112
-0.0317	0.0118	0.0776	-0.0042882739721500675	-0.00037350045992678646	-9.773843811168246e-05	1.33499062	33.47892761	1.07174113	0.15706381320112572	0.00917631	0.00104
-0.0375	0.0494	0.0981	-0.004234168765338243	-0.00028623399732707005	-0.00039968039870670147	1.16023946	29.09651184	0.99015127	0.08606568150032798	0.0097723	0.00092
0.0932	-0.1764	0.4542	-0.004070107815650777	0.005366887449882563	0.0004485496177625427	2.34493828	58.80641556	2.2463433	1.0458706206683173	0.0380129	0.09967
0.0253	-0.1359	0.2572	-0.0055920349233898325	0.002197369528260861	-0.000307177948351002	1.94835544	48.86090469	1.8724625	0.5777586297737152	0.0182623	0.02482
-0.0027	-0.0535	0.1196	-0.005729915934297383	0.0011152653920243766	-0.0001937315469713706	1.46996319	36.86377335	1.37094851	0.3146715774261833	0.00951242	0.00168
0.0056	-0.0656	0.2277	-0.0053825954131505125	0.00048171087355043494	-0.0008203047484373349	1.16954935	29.32998657	1.1081779	0.20887241205433885	0.0120344	0.0049
0.0118	-0.116	0.1758	-0.00482932604026831	0.0005742133239061344	-0.000450294947014537	1.08939588	27.31989479	1.02913666	0.15928908123303495	0.0110794	0.00238
0.0065	-0.1266	0.1575	-0.00481710873550435	0.0002303834612632515	-0.0003385938748868999	1.07481027	26.95411682	0.96882794	0.057587411976723984	0.0105148	0.00174
-0.0048	-0.0429	0.2043	-0.004954989746411901	0.00016929693744344995	-0.0002740166925631097	1.08893454	27.30832672	1.02313646	0.15497723585255715	0.0103831	0.00162
-0.0071	-0.0291	0.1643	-0.004611159883769018	-4.886921905584123e-05	-0.00017278759594743863	1.04586256	26.22816658	0.9697948	0.08926125578789228	0.00914073	0.00112
-0.0051	-0.0379	0.118	-0.0041887902047863905	0.00013788101090755203	-0.00014486232791552936	1.07066846	26.85025024	0.97923245	0.08895225884889651	0.00828749	0.00063
-0.0046	-0.02	0.1057	-0.004071853144902771	0.0001064650843716541	-0.0001256637061435917	1.0700165	26.83390045	0.95735979	0.039077580409572765	0.00868255	0.00076
-0.0076	-0.0798	0.1648	-0.004562290664713178	0.0002652900463031381	-0.00032637657012293966	1.32217336	33.15749359	1.0621801	0.16439876728606198	0.0110047	0.00161
-0.0167	0.0318	0.2081	-0.004773475504204492	0.0001884955592153876	-0.00023212879051524583	1.29344153	32.43695831	1.05549524	0.18311135530933795	0.0117669	0.00171
-0.0149	-0.0677	0.1534	-0.004349360495969869	0.00019198621771937622	-0.00020420352248333657	1.22046471	30.60684204	1.06201478	0.178776546738526	0.0103119	0.00134
-0.0103	-0.1233	0.1062	-0.004145156973486532	-3.665191429188092e-05	-0.00016929693744344995	1.20998943	30.34414291	1.05049286	0.13078741197672403	0.0101748	0.00104
-0.0123	-0.0491	0.1314	-0.004180063558526419	-2.6179938779914945e-05	-0.00027750735106709843	1.17457449	29.456007	1.04093909	0.10907944870877503	0.00834495	0.00063
-0.0099	0.0518	0.1687	-0.004433136300065597	4.537856055185256e-05	-0.0001937315469713706	1.14535975	28.72335815	1.03064959	0.16102035224833366	0.00912809	0.00106
-0.0102	-0.064	0.1105	-0.004167846253762459	0.00019547687622336493	-0.00011519173063162575	1.13883865	28.55982399	1.03286608	0.19899640891571976	0.00855064	0.00094
-0.0067	-0.1212	0.1033	-0.004242895411598215	8.028514559173915e-05	-0.0001832595714594046	1.16453028	29.20411873	1.00292101	0.08081543646475801	0.00902486	0.00109
-0.0121	-0.0657	0.1051	-0.0043877577395137445	0.0001012290966156711	-0.00019896753472735358	1.07202077	26.884161	0.96410207	0.07177571211037055	0.0087207	0.0008
-0.0128	0.0083	0.1537	-0.004569271981721155	0.0002705260340591211	-0.00018500490071139895	1.29487431	32.47288895	1.01292922	0.14153869068334077	0.00966424	0.00089
-0.0182	-0.0002	0.1396	-0.004221951460574283	0.00040840704496667313	-7.67944870877505e-05	1.19882858	30.06425095	0.98230725	0.05767059728390359	0.00988209	0.00133
-0.0115	-0.1143	0.0956	-0.0039514254265151615	0.0001605702911834783	-0.00014660765716752367	1.21325767	30.4261055	1.04333535	0.19420879789610448	0.0100557	0.00106
-0.0142	-0.0335	0.0928	-0.003954916085019151	3.141592653589793e-05	-0.00015009831567151235	1.17211342	29.39428711	1.00367658	0.09310678408277792	0.0089826	0.0008
-0.0128	-0.0139	0.1655	-0.004431390970813603	0.00014660765716752367	-0.00013439035240356338	1.19988441	30.09072876	1.05408501	0.12406872898470137	0.00969315	0.00119
-0.0159	0.0121	0.1808	-0.0049235738198760036	0.0003193952531149623	-0.0001239183768915974	1.13474071	28.45705605	1.03325771	0.07817212102609025	0.0103786	0.00146
-0.0144	-0.0688	0.0868	-0.004733332931408622	0.00023212879051524583	-0.00023911010752322313	1.16082215	29.11112595	1.06971694	0.1960349540849362	0.00766283	0.00057
-0.016	-0.0646	0.0879	-0.004640830481052923	0.00017627825445142725	-0.00028274333882308137	1.05833471	26.54094315	0.96540987	0.016499310885968805	0.00778365	0.00066
-0.0168	-0.0039	0.1392	-0.0048904125640881115	0.0003001966313430247	-2.268928027592628e-05	1.09970641	27.57846451	1.01149758	0.14447772592369706	0.00837749	0.00088
-0.0141	0.0109	0.1291	-0.004687954370856769	0.0003961897402027128	-1.9198621771937625e-05	1.07933116	27.06749153	0.98615122	0.04269709802975096	0.00871724	0.00079
-0.0076	-0.0618	0.099	-0.004820599394008338	0.00012217304763960306	0.000158824961931484	1.12787426	28.2848587	1.00566182	0.138534264970905	0.00807238	0.00058
-0.0092	-0.0472	0.1113	-0.005379104754646523	6.9813170079773176e-06	7.330382858376184e-05	1.08729911	27.267313	0.98535146	0.06646091123087665	0.00876158	0.00063
-0.0111	0.0271	0.1455	-0.004996877648459765	0.00012740903539558605	0.0001361356816555577	1.21229577	30.40198326	1.00832546	0.13867433388230813	0.009426	0.00083
-0.0163	0.0275	0.1142	-0.0040282199136029125	0.00034208453339088857	0.00048171087355043494	1.22860909	30.81108665	1.00303347	0.11334542123735164	0.00976282	0.0014
-0.0122	-0.0998	0.0781	-0.0044645522266014955	0.0003351032163829112	0.0001256637061435917	1.17504144	29.46771812	1.06545248	0.20746803987067017	0.00944519	0.00104
-0.0157	-0.0283	0.1014	-0.0048624872960562025	0.00020769418098732522	-6.108652381980153e-05	1.15736377	29.02439499	0.99792982	0.13390471674068433	0.00909632	0.00098
-0.0156	0.0488	0.142	-0.0050736721355475155	0.0002670353755551324	5.93411945678072e-05	1.13277304	28.40770912	1.00150983	0.13734768762233643	0.00963885	0.00101
-0.0191	-0.0545	0.1025	-0.004654793115068877	0.0003298672286269283	2.6179938779914945e-05	1.10960615	27.82673073	1.0109924	0.17204360646691633	0.00880408	0.00085
-0.0211	-0.1146	0.0853	-0.00441393767829366	5.93411945678072e-05	-0.00011519173063162575	1.13410974	28.44123077	0.99808335	0.11193765701229395	0.0087359	0.00092
-0.0214	-0.0465	0.1357	-0.004630358505540956	0.00018500490071139895	-4.537856055185256e-05	1.11868167	28.05432701	1.01740343	0.139394885173533	0.00853884	0.00094
-0.022	0.0192	0.1436	-0.004605923896013036	0.00039793506945470715	0.0001937315469713706	1.06905806	26.80986214	0.98771689	0.09802374428972256	0.00868839	0.00104
-0.0173	-0.087	0.0979	-0.004263839362622147	0.00015533430342749534	-1.7453292519943294e-06	1.11356962	27.92612457	1.03445678	0.19560810878207327	0.00862545	0.00094
-0.0106	-0.032	0.1175	-0.004651302456564888	-3.490658503988659e-05	-6.9813170079773176e-06	1.12665665	28.25432205	1.00652926	0.11044699850830528	0.00846839	0.00079
-0.0122	-0.0626	0.138	-0.004733332931408622	7.504915783575618e-05	2.96705972839036e-05	1.1244446	28.19884872	0.99610654	0.06413190660056291	0.00915778	0.00088
-0.0152	0.013	0.1632	-0.004975933697435834	0.0002652900463031381	9.599310885968811e-05	1.10387194	27.68292618	0.98813476	0.12875820830351892	0.00924635	0.00079
-0.0171	-0.016	0.129	-0.005342452840354642	0.00062482787221397	0.0002565634000431664	1.14296472	28.66329765	0.97988238	0.1094313630006559	0.0092563	0.00109
-0.0117	-0.0413	0.0959	-0.005052728184523583	0.0002443460952792061	8.028514559173915e-05	1.06350374	26.67057228	0.98783059	0.1061242343608625	0.00883687	0.00098
-0.018	-0.098	0.1064	-0.005229006438975011	0.00011170107212763708	-0.00011170107212763708	1.1876297	29.78340721	0.98573591	0.09854547476611866	0.0099014	0.00119
-0.0238	-0.0057	0.12	-0.005510004448546098	9.599310885968811e-05	-6.108652381980153e-05	1.23589444	30.99379158	1.02783636	0.12906602605734355	0.00913113	0.00088
-0.0203	0.0826	0.1459	-0.005326744877086694	0.0002303834612632515	0.0001884955592153876	1.15754819	29.02902222	1.01502774	0.14606160034490784	0.00962394	0.00095
-0.0156	-0.0678	0.0774	-0.005384340742402506	0.00021642082724729686	9.075712110370512e-05	1.16325808	29.17221451	1.06902668	0.2320648468721725	0.00911462	0.0008
-0.02	-0.1076	0.0955	-0.005352924815866608	3.665191429188092e-05	-5.4105206811824215e-05	1.08805597	27.28629303	0.9801177	0.08010235837034217	0.00867087	0.00088
-0.0181	-0.0255	0.1258	-0.00528485697503883	-2.792526803190927e-05	-1.5707963267948964e-05	1.11388552	27.9340477	1.02150822	0.12285211333477218	0.0083285	0.00083
-0.0222	0.0183	0.1892	-0.005614724203665758	0.0003525565089028545	0.0003159045946109737	1.12619114	28.24264908	1.01879506	0.16339807817203067	0.0102811	0.00162
-0.0354	-0.0349	0.1834	-0.005518731094806069	0.0009407324668249436	0.0004747295565424576	1.16608095	29.24300575	1.07809791	0.11434970143566307	0.0117451	0.00332
-0.0176	-0.148	0.0532	-0.005581562947877866	0.0008168140899333463	1.3962634015954635e-05	1.24845529	31.30879021	1.14117108	0.29347585762449485	0.0101896	0.00136
-0.0137	-0.0531	0.0147	-0.004562290664713178	0.0011362093430483087	-7.853981633974481e-05	1.18619227	29.74735832	1.04421104	0.20885849933176745	0.00880545	0.00092
-0.0104	0.0303	0.1076	-0.0044593162388455124	0.0012199851471440364	0.0003211405823669566	1.1835171	29.68027115	1.09405731	0.20892153143350467	0.0092482	0.00083
-0.0148	0.0494	0.1336	-0.0045640359939651725	0.0013386675362796509	0.0004363323129985824	1.1178205	28.0327282	0.99510239	0.06642969374434501	0.00984097	0.00103
-0.0065	-0.0647	0.083	-0.00473682358991261	0.001218239817892042	0.0003665191429188092	1.14120209	28.61909485	1.05053093	0.19115142422074097	0.00978631	0.00095
-0.0038	-0.0391	0.0688	-0.00486597795456019	0.0011309733552923255	0.000312413936106985	1.16575384	29.23480415	0.99989215	0.056026301702956006	0.00947863	0.0017
-0.0105	-0.035	0.0758	-0.005363396791378575	0.0011152653920243766	0.0002897246558310587	1.24608517	31.24935341	1.01020231	0.044590804018113016	0.0113312	0.00107
-0.0166	0.1004	0.1938	-0.006134832320760068	0.0009983283321407565	0.0005811946409141118	1.35552824	33.99396896	1.15022729	0.3184921287174083	0.0129525	0.00359
-0.0166	0.0248	0.1952	-0.006021385919380436	0.0010367255756846318	0.0005881759579220891	1.12749159	28.27526093	1.03455293	0.08494124809657422	0.012159	0.00313
-0.0067	-0.06	0.0901	-0.005920156822764766	0.000804596785169386	0.0003874630939427412	1.16579962	29.23595047	1.07150702	0.2265035375555132	0.00987554	0.00179
-0.0085	-0.022	0.0854	-0.005801474433629152	0.0008883725892651138	0.00027925268031909274	1.08748937	27.27208519	0.98223726	0.060033430342749536	0.00927222	0.00137
-0.0198	0.0387	0.1616	-0.006087708430956222	0.0008813912722571365	0.0003054326190990077	1.14896643	28.81380844	1.06295876	0.16416976265574812	0.0106782	0.00217
-0.0179	-0.027	0.2985	-0.005956808737056647	0.0011571532940722405	0.0004136430327226561	1.25787365	31.54498672	1.21891242	0.2302436064669164	0.0168746	0.01643
-0.0114	-0.1227	0.1514	-0.005630432166933707	0.001022762941668677	0.00035604716740684323	1.25655568	31.51193428	1.21606275	0.2752181393921158	0.0114955	0.00307
-0.0129	-0.0587	0.1313	-0.006106907052728159	0.0005026548245743669	0.0001361356816555577	1.10033572	27.594244	1.01325758	0.14642472443200238	0.0102322	0.00144
