trans_x	trans_y	trans_z	rot_x	rot_y	rot_z	dvars_std	dvars_nstd	dvars_vstd	framewise_displacement	aqi	aor
0.0	-0.0	0.0	-0.0	0.0	-0.0	n/a	n/a	n/a	n/a	0.0126891	0.00516
0.0026	0.0395	0.0575	0.0004485496177625427	-7.67944870877505e-05	4.71238898038469e-05	1.26335704	34.72309113	1.03188064	0.128223399732707	0.0167504	0.0083
-0.0017	0.0263	0.0028	0.0006073745796940267	0.00017627825445142725	-7.330382858376184e-05	1.47847152	40.63546371	1.1877817	0.09881627109291352	0.0129199	0.00428
0.0012	-0.0903	-0.0001	0.00039968039870670147	-4.0142572795869576e-05	-0.00014660765716752367	1.31534278	36.15190506	1.09323364	0.14727094184091918	0.0116404	0.00316
0.0003	-0.1134	-0.0057	0.0002007128639793479	0.0001186823891356144	-0.00021467549799530252	1.20501351	33.11952972	1.03834065	0.050893016874330815	0.0120593	0.00344
0.0044	-0.0913	-0.0228	2.4434609527920616e-05	9.250245035569947e-05	-0.0001308996938995747	1.16843688	32.11423111	0.99970056	0.05761169986635349	0.0123535	0.00213
0.0084	-0.0396	0.0013	0.00022340214425527416	9.42477796076938e-05	1.2217304763960308e-05	1.22122622	33.56513214	0.96697319	0.09699149313214414	0.0110538	0.00189
0.0081	0.0232	0.0473	0.0004136430327226561	-3.665191429188092e-05	0.0002024581932313422	1.15086997	31.63140869	1.00238224	0.13466907354171692	0.0110782	0.00238
0.0012	-0.0028	0.0112	0.0009424777960769379	5.759586531581287e-05	0.0001186823891356144	1.19470227	32.83612823	0.99325244	0.10434291735288516	0.00996548	0.00167
0.0045	-0.0866	-0.0187	0.0008237954069413235	0.00017802358370342162	0.00022863813201125715	1.15511596	31.74810791	1.0305834	0.13445329251994328	0.0091154	0.00122
0.0107	-0.0549	-0.0282	0.0008691739674931761	0.00013264502315156904	0.000312413936106985	1.23481441	33.93860245	1.00963332	0.05612664625997164	0.011178	0.0021
0.0113	-0.0862	-0.0538	0.0007609635538695277	4.18879020478639e-05	8.901179185171081e-05	1.36726737	37.57904053	1.02298756	0.07861848394913137	0.0136951	0.00327
0.0068	-0.0719	-0.0202	0.00046949356878647465	0.00011519173063162575	4.363323129985824e-05	1.37939811	37.9124527	1.05817924	0.07290761871093338	0.0109614	0.00231
0.0008	0.0033	0.0437	0.0003298672286269283	4.537856055185256e-05	-3.4906585039886588e-06	1.18100548	32.45967484	1.02521112	0.1579281700021583	0.0111036	0.00285
-0.0051	0.0789	0.0382	0.0008307767239493009	0.00022165681500327985	-3.665191429188092e-05	1.22000217	33.53149033	1.03126888	0.12251745027808462	0.0116693	0.00355
-0.0091	-0.0605	-0.0102	0.0007592182246175333	0.00043458698374658803	-6.9813170079773176e-06	1.2897017	35.44716644	1.11000519	0.20750796326794893	0.00902069	0.00128
-0.0106	-0.1067	-0.0317	0.0005148721293383271	0.0005462880558742252	-4.71238898038469e-05	1.15084398	31.63069153	0.94534244	0.08900948701013565	0.0103585	0.00129
-0.0148	-0.0135	-0.0287	0.0005881759579220891	0.0005951572749300663	-2.6179938779914945e-05	1.21887124	33.50040817	0.99892537	0.10755584993317675	0.00977373	0.00206
-0.0193	-0.0058	0.0023	0.0007696902001294993	0.000614355896702004	-0.00021467549799530252	1.1504699	31.62041092	0.96385827	0.06266042115973679	0.00960249	0.00171
-0.0159	0.0113	0.0277	0.0008325220532012951	0.000460766922526503	-0.00014660765716752367	1.1922586	32.76896286	1.01775838	0.060124433403753785	0.0108116	0.00241
-0.0149	0.046	0.0032	0.0010419615634406148	0.0005078908123303499	0.0001064650843716541	1.20261872	33.05371094	1.00207502	0.08568180707911725	0.00948322	0.00212
-0.0178	-0.041	-0.0402	0.0008255407361933179	0.0003822271061867582	-6.981317007977319e-05	1.15573716	31.7651825	1.00130063	0.1592181393921158	0.00976926	0.00125
-0.0154	-0.0951	-0.0553	0.0007417649320975902	0.00038571776469074686	-0.0001884955592153876	1.21762621	33.46618652	0.99501334	0.08189744258676653	0.0102214	0.00151
-0.0088	-0.0412	-0.0449	0.0007452555906015787	0.00040666171571467877	-0.00019547687622336493	1.20599151	33.1464119	0.96599781	0.0724707963267949	0.0101364	0.00171
-0.0095	-0.0329	0.018	0.0006370451769779302	0.0002565634000431664	-0.0001361356816555577	1.21412623	33.3699913	1.02228609	0.0877824961931484	0.0106081	0.00181
-0.0105	0.0391	0.0397	0.0010803588069844899	0.00024085543677521747	-0.0	1.24746513	34.28630447	0.99121632	0.1244578637465033	0.0101856	0.00187
-0.015	-0.0822	-0.0135	0.0010733774899765126	0.00047822021504644627	0.0001186823891356144	1.21140695	33.29525375	1.05612062	0.19715142422074103	0.0085429	0.00109
-0.0103	-0.105	-0.0352	0.0007749261878854823	0.00042760566673861073	7.330382858376184e-05	1.17268145	32.23089218	0.97412936	0.06892222054753593	0.00998664	0.00128
-0.0097	-0.1031	-0.0204	0.0008080874436733745	0.0004188790204786391	2.4434609527920616e-05	1.22603929	33.69741821	0.97830592	0.021837856055185248	0.0100585	0.00136
-0.0079	-0.0487	-0.0265	0.0006370451769779302	0.000450294947014537	-4.886921905584123e-05	1.19082868	32.72966385	0.99790365	0.07608810109075519	0.0104069	0.00151
-0.0054	0.0552	0.0428	0.0011030480872604163	0.0003211405823669566	8.552113334772214e-05	1.3215661	36.32295227	1.06121559	0.2121773813666815	0.0101567	0.00215
-0.014	-0.0097	0.0119	0.0013456488532876281	0.0006283185307179585	0.00017976891295541595	1.15608954	31.7748661	1.02075909	0.1366013246992954	0.00790399	0.00098
-0.0062	-0.1017	-0.0344	0.001186823891356144	0.0006649704450098395	0.00014311699866353502	1.19696319	32.89826965	1.0139789	0.15770643952576227	0.00939697	0.001
-0.0063	-0.1061	-0.0263	0.0012060225131280816	0.0006928957130417488	0.0002548180707911721	1.22915101	33.78294373	0.98818461	0.0205412480965742	0.00818807	0.00101
-0.0057	-0.0457	-0.0437	0.0010524335389525807	0.0007330382858376184	0.0003001966313430247	1.17410576	32.2700386	0.9857885	0.09035550537616113	0.00894886	0.00095
-0.0138	0.0489	0.0143	0.001801179788058148	0.0009023352232810684	0.0002652900463031381	1.29014134	35.4592514	1.04068814	0.2083474885794452	0.00895822	0.00156
-0.0228	0.061	0.0281	0.0018622663118779497	0.0011414453308042916	0.0002024581932313422	1.1511693	31.63963318	0.96208075	0.05305142422074103	0.00846255	0.00131
-0.016	0.0162	-0.0317	0.0013910274138394805	0.000900589894029074	0.00020594885173533088	1.19318855	32.79452515	1.00699309	0.14717924966588375	0.00921708	0.00151
-0.0117	-0.098	-0.0189	0.0013473941825396225	0.0009023352232810684	0.00022689280275926284	1.27093697	34.93142319	1.05077794	0.1346161255787892	0.00813967	0.00092
-0.012	-0.1484	-0.0272	0.0010925761117484504	0.0009302604913129776	0.000312413936106985	1.15465736	31.73550415	0.97575025	0.07741322360854017	0.00899482	0.00086
-0.0057	-0.0242	-0.0104	0.0013055062804917586	0.000752236907609556	0.0003892084231947355	1.29755831	35.66310501	1.07334326	0.17068741197672405	0.00938684	0.00139
-0.0081	0.0572	0.0503	0.001509709802975095	0.0005881759579220891	0.0003159045946109737	1.24855661	34.31630325	1.04502757	0.16657841503772824	0.00915164	0.00159
-0.0137	0.04	-0.0074	0.001562069680534925	0.0007033676885537148	0.0003525565089028545	1.17014837	32.16127014	0.97796126	0.09071017612416685	0.00939876	0.00146
-0.0101	-0.0884	-0.0162	0.001450368608407288	0.0006789330790257941	0.00034033920413889426	1.27742159	35.10964966	1.05389657	0.1482176493209759	0.00830591	0.00079
-0.009	-0.1028	-0.0212	0.001117010721276371	0.0007504915783575615	0.0003595378259108319	1.14146233	31.37283897	0.95052342	0.04170575041173111	0.00838101	0.00073
-0.0065	-0.0392	-0.0258	0.0010925761117484504	0.0007120943348136865	0.0004014257279586958	1.21136832	33.29418945	0.9749417	0.07593598775598298	0.00908631	0.00109
-0.0061	-0.0814	-0.0234	0.0010157816246606998	0.0008150687606813518	0.0003612831551628262	1.20923686	33.23560715	0.98117155	0.05599557428756428	0.00830746	0.00084
-0.0083	-0.033	0.0201	0.001085594794740473	0.000614355896702004	0.0003351032163829112	1.22230184	33.59469604	1.02586182	0.10893529864195178	0.00957984	0.00111
-0.0147	0.0601	0.0437	0.0016074482410867775	0.0007819075048934597	0.000460766922526503	1.26611125	34.79878998	1.02233844	0.16385343803406763	0.00916827	0.00151
-0.0157	0.006	-0.0211	0.0016877333866785165	0.0010210176124166828	0.0006178465552059926	1.1392405	31.31177521	0.9949639	0.1437237442897226	0.00722086	0.00086
-0.0092	-0.1141	-0.0269	0.001609193570338772	0.0010245082709206715	0.0006702064327658224	1.23590219	33.96849823	1.0312372	0.13911951762017813	0.00809944	0.00086
-0.0094	-0.033	-0.0224	0.001504473815219112	0.001085594794740473	0.000619591884457987	1.21914113	33.50782394	1.01946699	0.09662104136236484	0.00734121	0.00059
-0.0087	-0.0554	-0.0381	0.0012304571226560022	0.0009965830028887623	0.0005218534463463045	1.15960956	31.87161255	0.93710152	0.06183834612632513	0.00875282	0.00103
-0.0007	-0.0298	0.0398	0.001616174887346749	0.0008220500776893293	0.000726056968829641	1.3001945	35.73555756	1.05104134	0.14972271061867579	0.00790751	0.00092
-0.0048	0.0087	0.0443	0.0018517943363659836	0.0008133234314293575	0.0007120943348136865	1.1293813	31.04079628	0.99873515	0.06001543646475804	0.00784463	0.00103
-0.0046	-0.0969	-0.0133	0.0017558012275062952	0.0009075712110370514	0.000710349005561692	1.23464	33.93380737	1.04958524	0.1729993108859688	0.00761956	0.00086
-0.0036	-0.0767	-0.0185	0.0017121679962064373	0.0009180431865490173	0.000752236907609556	1.1843636	32.55197144	0.94828847	0.031199655442984385	0.00682199	0.0005
-0.0027	-0.1218	-0.0351	0.0015184364492350666	0.0010000736613927507	0.0006998770300497262	1.19801974	32.92730713	0.94954164	0.07900609496874669	0.00879085	0.00055
-0.0	-0.0158	-0.0153	0.00152367243699105	0.0009424777960769379	0.0007766715171374765	1.2893126	35.43647385	1.04829815	0.1354813170079773	0.00855422	0.00106
0.0029	-0.0416	0.0257	0.001382300767579509	0.0007871434926494425	0.0008813912722571365	1.17911792	32.40779495	1.01839063	0.0897712863979348	0.00766522	0.0007
0.0021	0.0401	0.057	0.0018325957145940458	0.0006928957130417488	0.0007661995416255106	1.26768315	34.84199142	1.02056642	0.1467867228626928	0.0095337	0.00132
-0.0019	-0.049	-0.0013	0.0018273597268380628	0.0008429940287132613	0.0007033676885537148	1.2303772	33.81664658	1.02796112	0.16230830782496458	0.0068118	0.00067
-0.001	-0.1151	-0.0257	0.0015603243512829306	0.0008621926504851988	0.00047822021504644627	1.18156731	32.47511673	0.96324402	0.1169690735417169	0.00824994	0.00081
0.0015	-0.1151	-0.0148	0.0016528268016386303	0.0008168140899333463	0.00047123889803846896	1.1915611	32.74979401	0.94498996	0.02064311639577648	0.00740772	0.00079
-0.0001	-0.0673	-0.0251	0.001574286985298885	0.0008080874436733745	0.00047123889803846896	1.13627577	31.23028755	0.95889309	0.06406332312998583	0.00800788	0.0007
0.0024	-0.028	0.0358	0.0017505652397503124	0.0006806784082777885	0.0006073745796940267	1.25516927	34.49805069	1.02016984	0.12469114857512856	0.00839424	0.00093
-0.0075	0.0184	0.0273	0.002129301687433082	0.0010349802464326373	0.0006684611035138282	1.19615388	32.87602615	0.989374	0.104506240482871	0.00697774	0.00072
-0.0125	-0.0551	-0.0317	0.0017662732030182616	0.0010890854532444615	0.00042760566673861073	1.18287361	32.51102066	0.98710937	0.1703994564000931	0.00743896	0.00051
-0.008	-0.1171	-0.0198	0.0015306537539990272	0.0010454522219446034	0.00047822021504644627	1.21528995	33.40197754	1.02085322	0.09489336143134638	0.00830603	0.00083
-0.0126	-0.0389	-0.0323	0.001429424657383356	0.0010786134777324957	0.0004625122517784973	1.15824783	31.83418465	0.97686367	0.1028049157835756	0.00837541	0.00076
-0.0084	-0.0656	-0.007	0.001439896632895322	0.0009145525280450286	0.0004956735075663896	1.20685709	33.17020035	1.01214012	0.0665847090493663	0.00893044	0.00126
-0.009	-0.0092	0.0613	0.001839577031602023	0.0007470009198535729	0.0004677482395344803	1.28172028	35.22779846	1.06015303	0.15505786374650332	0.00765163	0.00084
-0.0139	-0.0288	0.0042	0.0019495327744776662	0.0009372418083209549	0.0004363323129985824	1.15987253	31.8788414	0.98063969	0.09818062789394617	0.00743437	0.00079
-0.0078	-0.0848	-0.0087	0.0019181168479417679	0.0008098327729253688	0.00046949356878647465	1.17339981	32.25063324	0.97724371	0.08459931088596881	0.00724488	0.00061
-0.0102	-0.0772	-0.0173	0.0014381513036433276	0.0008621926504851988	0.00042760566673861073	1.174824	32.28977966	0.97094545	0.04731066619530671	0.00787485	0.00059
-0.0079	-0.1217	-0.0288	0.001335176877775662	0.0008621926504851988	0.0004328416544945937	1.18121648	32.46547318	0.95670255	0.06371052068118242	0.00879341	0.00084
-0.0043	-0.0884	0.0435	0.0012740903539558604	0.0007958701389094143	0.0005619960191421741	1.26271379	34.70541	1.00958007	0.12202817000215832	0.00880075	0.00109
-0.0118	0.0195	0.0351	0.0014835298641951804	0.000783652834145454	0.0004485496177625427	1.25056052	34.37137985	1.10442976	0.14055516081914557	0.00895983	0.00142
-0.0063	-0.0651	-0.0028	0.0015847589608108511	0.0006667157742618339	0.000577703982410123	1.18870711	32.67135239	0.99753532	0.14536602605734356	0.00769514	0.00069
-0.0026	-0.1522	-0.0074	0.001296779634231787	0.0007330382858376184	0.0005340707511102648	1.15253925	31.67728806	0.96467851	0.11529675347273532	0.00831485	0.00075
-0.0023	-0.142	-0.0271	0.0011414453308042916	0.0007696902001294993	0.0005602506898901797	1.18837821	32.66231155	0.99858438	0.041108307824964566	0.00910974	0.00108
-0.0026	-0.0432	-0.0206	0.0012758356832078548	0.000900589894029074	0.0006108652381980154	1.2643621	34.75071335	1.00981433	0.12139522973054864	0.00843012	0.00115
-0.0004	-0.0541	0.0244	0.001450368608407288	0.0008552113334772215	0.000635299847725936	1.19027162	32.71435165	1.01875641	0.07031730476396031	0.00837451	0.00089
-0.0033	0.0379	0.0666	0.001820378409830086	0.0008028514559173916	0.0006946410422937432	1.26113915	34.66213226	1.03202136	0.16118554367752175	0.00896746	0.00168
-0.0104	-0.0021	0.0061	0.0017941984710501708	0.0008691739674931761	0.000661479786505851	1.14891171	31.57758522	1.00721427	0.1138831853071796	0.00731182	0.00078
-0.011	-0.1107	-0.021	0.001562069680534925	0.0009494591130849152	0.0004485496177625427	1.18845618	32.66445541	0.99764764	0.16256720524251467	0.00855827	0.00084
-0.0106	-0.1472	-0.0098	0.0014765485471872027	0.0009669124056048585	0.0004729842272904633	1.20576811	33.14027023	0.95702057	0.0544704517697793	0.00838768	0.00087
-0.0081	-0.081	-0.0217	0.0012531464029319286	0.0009791297103688187	0.0004921828490624009	1.165115	32.02293015	1.03339828	0.0933409035395586	0.00819021	0.0007
-0.0059	0.0063	0.0462	0.0016598081186466073	0.0007452555906015787	0.0005515240436302081	1.26731515	34.83187866	1.03014886	0.1923938515024863	0.00855941	0.00104
-0.0106	0.0066	0.0668	0.0017715091907742446	0.0008587019919812101	0.000609119908946021	1.14111555	31.36330986	0.95340575	0.03973716694115408	0.00769943	0.0009
-0.0162	-0.0876	0.013	0.001820378409830086	0.0009162978572970229	0.0007382742735936014	1.18012345	32.43543243	1.00401988	0.16538097245096173	0.00751698	0.00069
-0.0049	-0.1228	-0.0051	0.0018500490071139892	0.0007679448708775049	0.0007470009198535729	1.18988526	32.70373535	0.98623964	0.07393751149816963	0.00726861	0.00058
-0.0076	-0.0883	-0.0223	0.001520181778487061	0.0008168140899333463	0.0006824237375297829	1.14009571	31.33527946	0.97095226	0.07656568150032798	0.00738633	0.00055
-0.0061	-0.1105	-0.0394	0.0015027284859671175	0.0008063421144213803	0.0007068583470577034	1.19341648	32.80078888	0.94354277	0.0434179938779915	0.00827199	0.00065
0.0005	-0.0595	0.0146	0.0015446163880149814	0.0008203047484373349	0.0008011061266653974	1.25416303	34.47039413	1.01919233	0.11910491578357563	0.00706697	0.00072
-0.0065	-0.0332	0.0371	0.0018308503853420514	0.0008429940287132613	0.0006894050545377602	1.18117476	32.46432877	0.96289022	0.07683121748653164	0.00777668	0.00067
-0.0067	-0.0731	0.0188	0.002234021442552742	0.0008761552845011534	0.000778416846389471	1.19716096	32.9037056	0.9862988	0.08466720524251467	0.00643444	0.00047
-0.0127	-0.0927	-0.0264	0.0019181168479417679	0.0010332349171806431	0.000757472895365539	1.13923156	31.31152916	0.96583631	0.09549640891571978	0.00743604	0.00076
-0.0122	-0.0996	-0.0424	0.0017941984710501708	0.0010471975511965976	0.0008133234314293575	1.17581546	32.31702805	0.94801146	0.0330865773485685	0.00796723	0.00084
-0.0139	-0.0473	-0.0306	0.0018343410438460403	0.0011100294042683937	0.0008447393579652555	1.2022264	33.04292679	0.96469057	0.07251951762017818	0.00721556	0.00044
-0.013	-0.092	-0.0086	0.0016824973989225337	0.0011100294042683937	0.0008307767239493009	1.2071929	33.17943192	1.00529816	0.07589031394697306	0.0080843	0.00079
-0.0142	0.0674	0.0522	0.002145009650701031	0.0011047934165124105	0.0007661995416255106	1.3738898	37.76105881	1.13691808	0.24801627109291352	0.00859368	0.0012
-0.0215	-0.0048	0.0115	0.002281145332356589	0.0012199851471440364	0.0006038839211900379	1.12774396	30.99579239	0.97653837	0.14088215163613282	0.00678754	0.00064
-0.0198	-0.1323	-0.038	0.0019373154697137059	0.0012339477811599909	0.0005218534463463045	1.24782288	34.29613495	1.06682823	0.20069114857512857	0.00894308	0.00075
-0.0187	-0.1122	-0.0228	0.0018238690683340744	0.001218239817892042	0.0005113814708343385	1.22658205	33.71233749	1.00131207	0.04338131700797732	0.00674385	0.00041
-0.015	-0.0585	-0.035	0.0015638150097869194	0.0010681415022205296	0.0004468042885105483	1.127859	30.99895668	0.97111875	0.09333647782712289	0.00815368	0.00101
-0.0086	-0.013	0.0357	0.0018064157758141308	0.0007504915783575615	0.0005497787143782138	1.24559379	34.23487091	1.01194412	0.15576125578789227	0.00843531	0.00092
-0.0121	0.021	0.0446	0.0019949113350295183	0.0008988445647770796	0.0005375614096142535	1.09166813	30.00425911	0.96364904	0.06385329251994329	0.00738794	0.0009
-0.0116	-0.0484	-0.0162	0.001996656664281513	0.0009581857593448868	0.0006300638599699529	1.28025568	35.18754578	1.04465517	0.13837944870877508	0.00956732	0.00136
-0.0098	-0.0826	-0.0418	0.0019617500792416262	0.001054178868204575	0.0005078908123303499	1.42610884	39.19628525	1.06507966	0.0742536370769589	0.0113568	0.00301
-0.0103	-0.0234	-0.0203	0.0017889624832941875	0.0010925761117484504	0.0006422811647339132	1.48436749	40.79751205	1.07753261	0.09847875959474385	0.00781149	0.0015
-0.0068	-0.0288	-0.0182	0.0016528268016386303	0.0010419615634406148	0.0006073745796940267	1.11169875	30.55479431	0.94726626	0.022082840750163965	0.00810999	0.00114
-0.0029	0.0212	0.0476	0.0019844393595175526	0.0009197885158010115	0.0006928957130417488	1.24820673	34.3066864	1.04032351	0.1466653369433124	0.010136	0.00132
-0.0084	0.0242	0.029	0.002001892652037496	0.0011362093430483087	0.0008185594191853405	1.08773172	29.89606667	0.96070695	0.045076891295541606	0.00686222	0.00059
-0.001	-0.073	-0.02	0.0018360863730980347	0.0010367255756846318	0.0010297442586766543	1.26591551	34.79340744	1.01762859	0.17742374428972263	0.00839931	0.0009
0.0014	-0.0763	-0.0428	0.0016283921921107093	0.0011484266478122688	0.0009302604913129776	1.3863461	38.10341644	1.04219188	0.04944395102393197	0.00968522	0.00173
0.0011	-0.0955	-0.0124	0.0016057029118347831	0.0011065387457644049	0.0010105456369047167	1.33451295	36.67879486	1.03840073	0.05714311639577645	0.00741625	0.00083
-0.0022	-0.0031	0.0346	0.001673770752662562	0.0010210176124166828	0.001069886831472524	1.19314492	32.79332352	1.03282184	0.1533465084371654	0.0081082	0.00101
-0.0075	0.0029	0.0305	0.00204378055408536	0.0011222467090323538	0.000900589894029074	1.15677202	31.79362297	0.98314629	0.047426791774095936	0.00762987	0.00093
-0.0041	-0.0209	-0.0141	0.0022427480888127134	0.0010995574287564276	0.0010000736613927507	1.09873641	30.19852638	0.96129765	0.08785702911834782	0.00667894	0.00055
-0.0	-0.0888	-0.03	0.00210835773640915	0.001069886831472524	0.0010157816246606998	1.24337113	34.17378235	1.01281292	0.0968884456477708	0.00879622	0.00108
-0.0016	-0.0734	-0.0472	0.0018064157758141308	0.0011013027580084218	0.0008011061266653974	1.39857888	38.43963242	1.11085167	0.06160166925631097	0.00807559	0.00097
-0.0019	-0.0656	-0.0273	0.001790707812546182	0.0010576695267085637	0.000853466004225227	1.18653095	32.61154175	0.97239878	0.03358505360638183	0.0079025	0.00106
-0.0049	-0.0381	0.0092	0.0017889624832941875	0.0011798425743481666	0.0009389871375729493	1.18814719	32.6559639	0.97344172	0.07747197551196598	0.00706804	0.00093
-0.0153	0.0278	0.0314	0.0019757127132575807	0.0013142329267517303	0.0007731808586334879	1.18477678	32.56332779	0.99753608	0.12284734306532091	0.00861222	0.00084
-0.0092	0.0196	-0.0006	0.0019093902016817967	0.0010978120995044332	0.000921533845053006	1.1929816	32.78883743	0.9765257	0.06785481626212995	0.00752068	0.00084
-0.0073	-0.1174	-0.0285	0.0016057029118347831	0.0011047934165124105	0.0010053096491487337	1.24357283	34.1793251	1.08067553	0.18652222054753595	0.00732952	0.00059
-0.0068	-0.088	-0.0477	0.001579522973054868	0.0009808750396208131	0.0008080874436733745	1.17968535	32.42339325	0.97708264	0.06646602605734359	0.00783348	0.00086
-0.0061	-0.0674	-0.0311	0.001583013631558857	0.0009913470151327792	0.0008203047484373349	1.23682499	33.99386215	0.97816231	0.03920899693899575	0.00767893	0.00078
-0.0084	-0.0499	-0.0423	0.0013194689145077131	0.0010245082709206715	0.0007452555906015787	1.1610899	31.91230011	0.96275341	0.049587756533739605	0.00788295	0.00078
-0.0044	-0.0097	0.0138	0.0016406094968746698	0.0008360127117052838	0.0007609635538695277	1.2244159	33.65280151	0.97559807	0.12656720524251466	0.00806558	0.00095
-0.0144	0.0347	0.0227	0.001726130630222392	0.0009389871375729493	0.0006736970912698113	1.16412425	31.99569702	1.00141824	0.07708810109075523	0.00823677	0.00131
-0.0113	-0.0351	-0.0417	0.0017697638615222502	0.0009389871375729493	0.0007190756518216638	1.19870269	32.94607925	1.00874345	0.14175058959258555	0.00766742	0.00069
-0.0051	-0.0873	-0.0284	0.0017366026057343581	0.000926769832808989	0.0007976154681614085	1.22055745	33.54675293	0.96489107	0.07789591884457987	0.00678903	0.00053
-0.0081	-0.0914	-0.0443	0.0015271630954950383	0.0009564404300928925	0.000783652834145454	1.15735948	31.80977058	0.96302806	0.035653637076958886	0.00787514	0.00079
-0.0054	-0.0407	-0.0339	0.0016632987771505957	0.0009599310885968812	0.0008587019919812101	1.2151742	33.39879608	1.01001544	0.0745337748997651	0.00772452	0.00083
-0.0049	-0.0157	0.0027	0.0015917402778188286	0.001001818990644745	0.0008988445647770796	1.16353571	31.97952271	0.96215228	0.06977944870877503	0.00731266	0.00076
-0.0074	0.0098	0.0168	0.0017435839227423352	0.0009302604913129776	0.0008011061266653974	1.19888902	32.95119858	1.01033374	0.05815702911834781	0.00882757	0.00117
-0.0086	-0.0108	-0.014	0.0019879300180215415	0.0010524335389525807	0.0008674286382411819	1.19013608	32.71062851	0.98143789	0.0742420827247297	0.00647074	0.00079
-0.0108	-0.0852	-0.041	0.0016947147036864942	0.0010768681484805013	0.0007295476273336296	1.13704669	31.25147629	0.95778366	0.126376546738526	0.00892705	0.00067
-0.006	-0.0495	-0.0501	0.0017645278737662671	0.0010471975511965976	0.0008499753457212384	1.21015608	33.26087189	0.97792863	0.060595574287564256	0.00785846	0.00092
-0.0012	-0.0723	-0.0195	0.0016650441064025902	0.0011379546723003027	0.0008988445647770796	1.19243395	32.77378464	0.96146433	0.07015550537616116	0.00694305	0.00072
-0.0034	-0.0091	0.0302	0.0017366026057343581	0.0009581857593448868	0.0008272860654453122	1.23500943	33.9439621	1.0782182	0.13124429558094755	0.00902689	0.00146
-0.0059	0.0028	0.016	0.0020996310901491783	0.0010000736613927507	0.0009442231253289323	1.21491301	33.39161682	1.01033334	0.0546926723173152	0.00722033	0.00062
-0.0072	-0.1339	-0.029	0.0018046704465621369	0.0011536626355682519	0.0009773843811168245	1.20898819	33.22877502	1.02512611	0.20708554367752177	0.00696862	0.00064
-0.0081	-0.1166	-0.0586	0.001780235837034216	0.0012007865253720988	0.0008674286382411819	1.2019273	33.03470612	0.99365652	0.05687571211037051	0.00792444	0.00078
-0.008	-0.0951	-0.0393	0.001689478715930511	0.0012164944886400475	0.000905825881785057	1.23774683	34.01919937	0.98272113	0.04814311639577644	0.0073784	0.00053
-0.0063	-0.0516	0.0143	0.0014852751934471744	0.001048942880448592	0.0007696902001294993	1.18499684	32.5693779	1.01305317	0.12419454061651748	0.00778508	0.00076
-0.0084	-0.0209	0.0447	0.0019111355309337906	0.0009459684545809266	0.0007278022980816354	1.2579155	34.57352829	1.05109943	0.09173613327010728	0.00803435	0.00112
-0.0128	-0.0221	-0.0106	0.001956514091485643	0.0011397000015522971	0.000905825881785057	1.16738212	32.08523941	1.01401419	0.08175668456133223	0.00693136	0.00064
-0.0092	-0.1154	-0.0289	0.0015184364492350666	0.0011484266478122688	0.0008028514559173916	1.19031382	32.71551132	0.98300045	0.14268893571891067	0.00792587	0.00062
-0.0039	-0.1388	-0.0179	0.0015585790220309364	0.0011152653920243766	0.0007330382858376184	1.22556114	33.68427658	0.98417493	0.04685584993317676	0.00801194	0.00092
-0.007	-0.0449	-0.0128	0.001626646862858715	0.0010524335389525807	0.0007435102613495844	1.19861662	32.94371414	1.0455453	0.10916858347057704	0.00756168	0.00079
-0.0084	0.04	0.0305	0.0019024088846738192	0.0009180431865490173	0.0007400196028455958	1.25506675	34.49523163	1.01822625	0.1502821516361328	0.00874025	0.00145
-0.0114	0.0003	0.0084	0.002165953601724963	0.0010943214410004448	0.0007958701389094143	1.21789885	33.4736824	0.99599616	0.08958367537831946	0.00662494	0.00053
-0.0091	-0.1129	-0.0521	0.0018448130193580064	0.0010873401239924673	0.0006667157742618339	1.20681858	33.16914368	1.01798311	0.19886381320112567	0.00749117	0.00067
-0.0062	-0.0723	-0.0506	0.0019216075064457567	0.001064650843716541	0.0006894050545377602	1.24638629	34.25665283	1.05580532	0.05110865238198015	0.00805938	0.001
-0.006	-0.0672	-0.0449	0.0018744836166419098	0.0010821041362364843	0.0006422811647339132	1.19041812	32.71837997	1.00637629	0.016585053606381864	0.00691444	0.00051
-0.0103	-0.0386	0.0114	0.0020751964806212577	0.0011082840750163993	0.0006806784082777885	1.22561884	33.68586349	1.01635827	0.10246450231515691	0.00782919	0.00093
-0.0162	-0.0397	0.0252	0.0024190263432641405	0.0012095131716320703	0.0006859143960337716	1.21514606	33.3980217	0.97969908	0.04331474735072684	0.00653768	0.00076
-0.02	-0.0491	-0.0312	0.0021153390534171274	0.0013578661580515882	0.0007190756518216638	1.14876008	31.57341766	1.00937828	0.09386007660272115	0.00679165	0.00067
-0.022	-0.0609	-0.0483	0.0022113321622768156	0.001452113937659282	0.0006283185307179585	1.21749866	33.46268082	1.01552358	0.04494990047855437	0.00734985	0.00073
-0.0187	-0.1159	-0.0432	0.0020769418098732523	0.0014172073526193955	0.0006492624817418905	1.21147931	33.29724121	0.96048539	0.07291204442336909	0.00646603	0.00042
-0.0118	-0.0908	-0.0508	0.0015428710587629874	0.0012932889757277981	0.0006178465552059926	1.18904674	32.68068695	1.02109343	0.07407025272688801	0.00916135	0.00108
-0.008	0.0196	0.0211	0.0019024088846738192	0.0009808750396208131	0.0006527531402458793	1.32014108	36.28378677	1.06639191	0.22144291735288515	0.00772887	0.00072
-0.0157	-0.0143	0.0284	0.0021642082724729686	0.0010768681484805013	0.0006632251157578452	1.13474822	31.18830299	0.96423157	0.06731322360854017	0.00648588	0.0007
-0.015	-0.1116	-0.0376	0.00199142067652553	0.001059414855960558	0.0006003932626860494	1.20562732	33.13640213	1.00703627	0.1766536370769589	0.00780171	0.00041
-0.0127	-0.137	-0.0319	0.0019442967867216831	0.0010088003076527223	0.0005951572749300663	1.20200181	33.03675461	0.96239421	0.03854872129338329	0.00727713	0.00075
-0.0125	-0.0604	-0.0489	0.0017400932642383465	0.0010105456369047167	0.0005951572749300663	1.13583958	31.21830177	0.9704775	0.10409744258676656	0.00741851	0.00061
-0.0079	-0.0798	-0.0453	0.0017680185322702558	0.0009773843811168245	0.0006632251157578452	1.20492351	33.1170578	0.96179388	0.034057718232379006	0.00807226	0.00064
-0.0061	-0.0406	0.004	0.001595230936322817	0.001022762941668677	0.0006841690667817771	1.20253384	33.05137634	0.98700941	0.10225550537616115	0.00751173	0.00065
-0.0114	0.0223	0.0273	0.0019146261894377795	0.0009721483933608416	0.0006318091892219474	1.21064377	33.27427673	0.9959315	0.11261848394913136	0.00861013	0.00122
-0.0132	-0.0701	-0.0071	0.0021642082724729686	0.0011449359893082802	0.0007243116395776468	1.2589674	34.60243988	1.05412854	0.15434360646691633	0.00680655	0.00056
-0.0158	-0.1598	-0.0349	0.0017941984710501708	0.0011903145498601325	0.0006841690667817771	1.16406679	31.99411774	0.95774653	0.142876546738526	0.00758445	0.00078
-0.0109	-0.0901	-0.0436	0.0017313666179783749	0.00102799892942466	0.000661479786505851	1.2064364	33.158638	0.98934954	0.09569183768915972	0.00777537	0.001
-0.0101	-0.085	-0.043	0.0016249015336067207	0.0011606439525762293	0.0007190756518216638	1.14958131	31.59598923	0.93388225	0.021335298641951807	0.00732744	0.00072
-0.0069	-0.1151	-0.0443	0.0014974924982111347	0.001043706892692609	0.0006579891280018621	1.18162751	32.47677231	0.97827479	0.04987163095495038	0.00857711	0.00081
-0.0079	-0.0344	0.0311	0.0016702800941585732	0.0009808750396208131	0.0007208209810736582	1.29947114	35.71567917	1.04380229	0.17202256510455147	0.00739121	0.00062
-0.0088	0.0029	0.0072	0.0021153390534171274	0.0010332349171806431	0.0007225663103256524	1.13340557	31.15140343	0.9761385	0.08705820830351892	0.00700158	0.00075
-0.0035	-0.0574	-0.0281	0.001965240737745615	0.0009843656981248017	0.0008517206749732328	1.18799818	32.65186691	0.9990286	0.11730609496874672	0.00700116	0.0005
-0.0042	-0.1617	-0.0335	0.001790707812546182	0.001129228026040331	0.0009162978572970229	1.21728456	33.45679855	1.01666297	0.12959862177193765	0.00748557	0.00061
0.0018	-0.1246	-0.0517	0.0016510814723866359	0.0009913470151327792	0.0009616764178488756	1.17347205	32.2526207	0.97660815	0.07744429558094754	0.00810164	0.00062
0.0035	-0.0583	-0.0354	0.0016947147036864942	0.0010471975511965976	0.001155407964820246	1.24641037	34.25731277	0.97618232	0.09896076571675236	0.00735688	0.00069
0.0028	-0.0513	0.0148	0.0014259339988793671	0.0009546951008408983	0.0011222467090323538	1.19263732	32.77937317	1.00248969	0.07762222054753593	0.00773305	0.00075
-0.0042	-0.0626	0.0472	0.0019442967867216831	0.0009896016858807848	0.0011013027580084218	1.20523834	33.12570953	0.99414326	0.07941066619530672	0.0074122	0.00084
-0.0108	-0.093	-0.0264	0.0018867009214058703	0.0011065387457644049	0.0008831366015091308	1.1403662	31.3427124	0.98589731	0.1302349540849362	0.00620049	0.00042
-0.0056	-0.1338	-0.0548	0.0018709929581379211	0.0010506882097005862	0.0008691739674931761	1.14317656	31.4199543	0.93585695	0.07867605666738611	0.00784403	0.00072
-0.0073	-0.0691	-0.0439	0.0018675022996339327	0.0011676252695842063	0.0008936085770210966	1.21917748	33.50882339	0.97263349	0.08454311639577645	0.00692219	0.00059
-0.0074	-0.0278	-0.0239	0.0017680185322702558	0.0011571532940722405	0.000879645943005142	1.13262141	31.12984848	0.95920483	0.06759591884457987	0.00744927	0.00103
-0.0109	-0.0005	0.0493	0.0020315632493213996	0.0011117747335203881	0.0008412486994612669	1.26614714	34.79977417	1.04408139	0.12136602605734353	0.00816453	0.00108
-0.0159	-0.0345	0.0049	0.0022724186860966175	0.0013980087308474581	0.0009162978572970229	1.15747559	31.81296158	1.00036872	0.1135069295969022	0.00720108	0.00065
-0.0172	-0.1027	-0.0585	0.002090904443889207	0.0014974924982111347	0.0010157816246606998	1.17858434	32.39313126	0.99806762	0.1519240888467382	0.00741893	0.00061
-0.0171	-0.1112	-0.0476	0.002181661564992912	0.001462585913171248	0.0010297442586766543	1.21987605	33.52802277	1.01580301	0.026481317007977304	0.00673497	0.00064
-0.0144	-0.1005	-0.0252	0.0021101030656611444	0.0015393804002589986	0.0010960667702524388	1.13872123	31.29750252	0.9605425	0.04653377489976512	0.00680292	0.00047
-0.0159	0.0413	0.0378	0.0023649211364523163	0.0014172073526193955	0.0010314895879286487	1.33906007	36.80377197	1.10777601	0.22837841503772824	0.00851738	0.00143
-0.019	-0.0139	0.0063	0.002410299697004169	0.001609193570338772	0.0011327186845443199	1.20739818	33.18507385	0.99381728	0.106729693744345	0.00598145	0.00056
-0.0155	-0.108	-0.0525	0.0019669860669976093	0.001424188669627373	0.001117010721276371	1.17207897	32.21433258	0.97617812	0.1886013246992954	0.00704783	0.00056
-0.0118	-0.1641	-0.0504	0.0019425514574696887	0.0013264502315156904	0.0011344640137963143	1.18201363	32.4873848	0.96049705	0.06888131700797731	0.0074414	0.0009
-0.0141	-0.0942	-0.0395	0.001956514091485643	0.0014049900478554352	0.0011152653920243766	1.18271554	32.50667572	0.99045675	0.08868505360638182	0.0071165	0.00053
-0.0096	-0.0104	0.0215	0.002045525883337354	0.001244419756671957	0.0012252211349000194	1.24466038	34.20921707	1.0546243	0.16727689129554163	0.00778985	0.00079
-0.0123	-0.0388	0.0397	0.002537708732399755	0.0013578661580515882	0.0012601277199399059	1.20946419	33.24185562	0.97716627	0.08132679177409594	0.00605386	0.00061
-0.0139	-0.1252	-0.0289	0.002324778563656447	0.0014137166941154068	0.0014137166941154068	1.19293737	32.78762054	1.04635747	0.1777184839491314	0.00693244	0.00076
-0.0139	-0.0823	-0.0651	0.002176425577236929	0.0014748032179352085	0.001452113937659282	1.22328687	33.62176895	1.03979602	0.09149183768915976	0.00677085	0.00067
-0.0228	-0.0586	-0.0358	0.002659881780039358	0.0019250981649497454	0.0015132004614790836	1.2073971	33.18504333	0.95041875	0.11164188368183837	0.00582778	0.00041
-0.0198	-0.0328	0.0136	0.00231779724664847	0.0018186330805780916	0.0014014993893514465	1.18759465	32.64077759	1.01061301	0.10621253449450895	0.00743735	0.00072
-0.0133	-0.0051	0.0091	0.002593559268463574	0.001382300767579509	0.0013665928043115599	1.1949892	32.84401321	0.97117684	0.07605004599267867	0.00715798	0.00058
-0.0079	-0.1284	-0.0435	0.0022148228207808044	0.0013281955607676848	0.0014154620233674013	1.21482909	33.38930893	1.02577113	0.20538554367752168	0.00621933	0.00041
-0.0101	-0.1381	-0.0706	0.0021170843826691216	0.0014189526818713899	0.0013980087308474581	1.15554917	31.76001549	0.94973329	0.04929744258676656	0.00747216	0.00053
-0.0079	-0.0444	-0.055	0.002097885760897184	0.0012845623294678264	0.0012863076587198209	1.24879229	34.32278061	0.9959599	0.12476450231515689	0.00698972	0.00044
-0.0055	-0.0833	-0.0355	0.001895427567665842	0.0012636183784438947	0.0013055062804917586	1.12664115	30.96548271	0.96205485	0.07293003830136059	0.00675708	0.00053
-0.0052	-0.0048	0.0373	0.0022479840765686964	0.0010768681484805013	0.0012793263417118436	1.30009592	35.73284912	1.03580549	0.17987433388230814	0.00777781	0.00083
-0.0119	-0.0614	0.0266	0.0023596851486963333	0.0013264502315156904	0.0014590952546672592	1.16750836	32.08871078	0.9796969	0.10105260340591209	0.00673068	0.00055
-0.0086	-0.1551	-0.0273	0.002007128639793479	0.0012095131716320703	0.0014259339988793671	1.18086874	32.45591736	0.97775134	0.1760327412287183	0.00748432	0.0007
-0.0046	-0.0857	-0.0264	0.0020717058221172693	0.0012304571226560022	0.001593485607070823	1.20238292	33.04722977	0.97615244	0.08695363707695891	0.00627911	0.00069
-0.001	-0.0986	-0.0354	0.0019355701404617114	0.001265363707695889	0.0016842427281745281	1.10070133	30.25253296	0.91125097	0.03858996938995747	0.00645345	0.00036
0.0085	-0.1035	-0.0447	0.0019303341527057286	0.0011536626355682519	0.0017296212887263805	1.19528532	32.85215378	0.94590453	0.031815781021773605	0.00728315	0.00065
0.0085	-0.0236	0.0295	0.0018971728969178364	0.0011466813185602744	0.0018867009214058703	1.26193666	34.68405151	1.02120385	0.16396111027376797	0.00672764	0.00061
0.0025	-0.0668	0.0479	0.0021921335405048776	0.0011711159280881952	0.001785471824790199	1.18411446	32.54512405	0.98868104	0.08863121748653165	0.00780088	0.00073
-0.0004	-0.0904	0.0047	0.0023457225146803788	0.001270599695451872	0.0017959438003021652	1.20853066	33.21619797	1.02143252	0.08287723585255719	0.00617403	0.00039
-0.002	-0.1456	-0.0194	0.0020839231268812296	0.001256637061435917	0.0016196655458507376	1.15963566	31.87232971	1.01056599	0.1035020138133266	0.00715744	0.00084
0.0015	-0.1137	-0.0383	0.002190388211252884	0.001265363707695889	0.001541125729510993	1.20887887	33.22576904	1.00014643	0.06398657734856855	0.00769943	0.00069
0.0012	-0.1165	-0.0333	0.0020594885173533086	0.0013892820845874865	0.0016458454846306526	1.21166682	33.30239487	0.9905012	0.026076891295541627	0.00652528	0.0005
-0.0012	-0.0743	-0.0336	0.001960004749989632	0.0013718287920675431	0.0017366026057343581	1.16652477	32.06167603	0.96108091	0.055284709049366255	0.00778568	0.00072
-0.0072	-0.0283	0.0336	0.0021991148575128553	0.0014311699866353504	0.0017505652397503124	1.25831068	34.58439255	0.9937159	0.13482069680534925	0.00676745	0.00051
-0.0202	0.0115	-0.0182	0.0027401669256310974	0.0018605209826259553	0.0017418385934903407	1.1638397	31.98787689	1.0251228	0.15355648551844095	0.00594974	0.0007
-0.0178	-0.0726	-0.0585	0.003073524812762014	0.001778490507782222	0.001382300767579509	1.17271149	32.23171616	0.99084439	0.1655463093942741	0.00624985	0.00062
-0.0144	-0.0899	-0.0542	0.0027192229746071652	0.001658062789394613	0.001186823891356144	1.20211303	33.03981018	0.95047462	0.058510321638291146	0.00586927	0.00037
-0.0102	-0.0607	-0.0371	0.0020856684561332234	0.0013055062804917586	0.0011536626355682519	1.13352323	31.15463638	0.95529932	0.1014636141582344	0.00659269	0.00051
-0.0119	-0.0504	0.0287	0.0022654373690886398	0.0012130038301360591	0.0013910274138394805	1.25628161	34.52862167	1.02909273	0.1032818070791172	0.00716752	0.00075
-0.0175	-0.0704	-0.003	0.002371902453460294	0.0014224433403753785	0.0015062191444711063	1.13626623	31.23002815	0.95785014	0.07885481626212995	0.00546789	0.00047
-0.0097	-0.1367	-0.0508	0.002183406894244906	0.0012077678423800758	0.0014608405839192536	1.16241086	31.94860458	0.97736926	0.1443274808881271	0.00755221	0.00075
-0.013	-0.1074	-0.04	0.0023230332344044524	0.001329940890019679	0.0015306537539990272	1.21711171	33.45204544	0.99320987	0.05998062789394613	0.00633794	0.00053
-0.014	-0.1399	-0.064	0.0021799162357409173	0.0013072516097437528	0.0015114551322270892	1.14501071	31.47036552	0.97855946	0.06675024503556998	0.00731564	0.00083
-0.0092	-0.0281	-0.0214	0.0022148228207808044	0.001239183768915974	0.0016615534478986017	1.29099786	35.4827919	1.05409097	0.17185363707695894	0.00679183	0.0007
-0.0147	-0.0027	0.0227	0.0022549653935766737	0.0013526301702956054	0.0017645278737662671	1.20446384	33.10442352	0.9913858	0.0878281700021583	0.00630534	0.00061
-0.0195	-0.0575	-0.0235	0.0025394540616517493	0.001583013631558857	0.001748819910498318	1.14248633	31.40098381	0.95582049	0.1323290046303138	0.00649953	0.00033
-0.0107	-0.171	-0.0354	0.0023998277214922034	0.0014782938764391971	0.0017435839227423352	1.24330771	34.17203903	1.03104559	0.14667910415175944	0.00657684	0.00053
-0.0107	-0.1079	-0.0558	0.0020664698343612863	0.0013753194505715315	0.0017348572764823637	1.15872014	31.84716606	0.98450573	0.10575294796292772	0.00689894	0.00081
-0.0073	-0.0893	-0.0709	0.0020751964806212577	0.0013316862192716734	0.0016755160819145565	1.19497514	32.84362793	0.95911829	0.04268505360638184	0.00698483	0.00062
-0.0049	-0.083	-0.0126	0.00222529479629277	0.001282817000215832	0.0017313666179783749	1.22791934	33.7490921	0.98058706	0.07974090353955862	0.006266	0.00042
-0.0051	-0.0317	0.0248	0.002453932928304027	0.0013194689145077131	0.0017435839227423352	1.19198608	32.76147461	0.97745672	0.10277536755335492	0.00690347	0.00062
-0.0046	-0.0642	-0.0107	0.0027384215963791032	0.001350884841043611	0.0019774580425095754	1.18951797	32.69363785	0.96703836	0.0959889357189107	0.005768	0.00051
-0.0037	-0.0992	-0.0525	0.0025324727446437724	0.0014049900478554352	0.0020769418098732523	1.13668001	31.24139977	0.94095206	0.0956768912955416	0.00567383	0.00048
0.0019	-0.1123	-0.0648	0.0023998277214922034	0.0012758356832078548	0.0019373154697137059	1.1703968	32.16809845	0.94245968	0.05107128639793479	0.00835526	0.00079
0.0083	-0.0264	-0.059	0.002324778563656447	0.001387536755335492	0.002134537675189065	1.26585937	34.7918663	1.02626488	0.11729862177193764	0.00627536	0.00061
0.012	-0.0529	-0.0368	0.0020176006153054447	0.0013281955607676848	0.0021572269554649913	1.16706538	32.07653427	0.95795628	0.0718604211597368	0.0068205	0.00069
0.0099	-0.004	0.0322	0.002310815929640492	0.001192059879112127	0.002186897552748895	1.30221808	35.79117584	1.08243665	0.14295107966372544	0.00762308	0.00145
0.0032	-0.0357	-0.0048	0.0025115287936198403	0.0014905111812031574	0.0021799162357409173	1.16881478	32.12461472	1.02088007	0.10070727415391782	0.00546575	0.00039
0.0041	-0.1177	-0.057	0.0023282692221604354	0.0013718287920675431	0.0020839231268812296	1.22138596	33.56952286	1.04168696	0.1549967534727353	0.00821775	0.00126
0.003	-0.1299	-0.0402	0.002256710722828668	0.0014137166941154068	0.0019792033717615696	1.22117329	33.56367874	0.96929302	0.04100830782496456	0.00644773	0.00064
0.0043	-0.1035	-0.0516	0.002103121748653167	0.001439896632895322	0.0018692476288859267	1.17688429	32.34640503	1.00636667	0.05358623279155294	0.00684756	0.00061
0.0045	-0.0876	-0.0013	0.002305579941884509	0.0013543754995475996	0.0019250981649497454	1.2162472	33.42828751	0.99195313	0.08359149313214413	0.00611413	0.00056
-0.0048	0.0017	0.0471	0.0024120450262561633	0.0015271630954950383	0.0019530234329816546	1.20309281	33.06674194	1.00722215	0.1623588974175501	0.00686675	0.00062
-0.0117	-0.0705	-0.0022	0.0025289820861397836	0.001637118838370681	0.002012364627549462	1.18374562	32.5349884	1.02742905	0.14271169986635351	0.00655526	0.00062
-0.0063	-0.0958	-0.023	0.0027349309378751144	0.0016441001553786586	0.0019408061282176943	1.20057857	32.9976387	0.9920042	0.06572443340375382	0.00550354	0.00044
-0.0127	-0.0856	-0.0413	0.002515019452123829	0.0017819811662862105	0.0018570303241219666	1.12291968	30.86320114	0.94548092	0.05697841503772824	0.00584823	0.00047
-0.0087	-0.1368	-0.0552	0.002361430477948328	0.0016126842288427606	0.0017558012275062952	1.18459189	32.55824661	0.95243991	0.09030575041173114	0.00684971	0.00069
-0.0074	-0.0649	-0.0104	0.0024870941840919192	0.0016249015336067207	0.0018727382873899156	1.25497341	34.49266815	0.98256331	0.13074090353955858	0.00564516	0.00037
-0.012	0.0426	0.0178	0.002509783464367846	0.001621410875102732	0.0017924531417981763	1.2065624	33.16210175	1.00971837	0.14562325421858272	0.00855762	0.00093
-0.0128	-0.0331	-0.0248	0.0026040312439755396	0.001572541656046891	0.0019076448724298022	1.19196641	32.76093292	1.00028899	0.132015436464758	0.00586474	0.00062
-0.0112	-0.1052	-0.0498	0.0025028021473598684	0.0015847589608108511	0.001811651763570114	1.18411803	32.54522324	0.99142246	0.10917197551196596	0.00582021	0.00061
-0.0045	-0.1556	-0.0664	0.002183406894244906	0.0015428710587629874	0.001790707812546182	1.15922499	31.86104202	0.94583927	0.0928113553093379	0.00738478	0.00065
-0.0038	-0.0799	-0.0497	0.0023527038316883565	0.0014905111812031574	0.0018325957145940458	1.24623442	34.25247955	0.97960024	0.10627723585255718	0.00586206	0.00039
-0.005	-0.0364	-0.0141	0.0023474678439323734	0.0014608405839192536	0.0018936822384138475	1.15623271	31.77880096	1.00812071	0.08509965544298441	0.00652426	0.00062
-0.0079	0.0052	0.0048	0.0025324727446437724	0.001481784534943186	0.0017662732030182616	1.2217139	33.57853699	0.96879352	0.08006789435654586	0.00692278	0.00073
-0.0058	-0.0724	-0.0295	0.002633701841259443	0.0015446163880149814	0.0017941984710501708	1.20438063	33.1021347	0.98563164	0.12359931088596876	0.00507611	0.00037
-0.0035	-0.1446	-0.0668	0.00243473430653209	0.0015655603390389136	0.0017208946424664088	1.17612934	32.32565689	0.95923674	0.12646076571675235	0.00677609	0.00064
0.0009	-0.1009	-0.056	0.002621484536495483	0.001541125729510993	0.001780235837034216	1.21545124	33.40641022	0.98254452	0.07242630170295601	0.00677323	0.00076
-0.0009	-0.1158	-0.062	0.0025237460983838006	0.0015376350710070042	0.0017208946424664088	1.20073271	33.00187302	1.04811742	0.03072851455917392	0.00616163	0.00053
0.0018	-0.0424	0.0005	0.0026720990848033187	0.0014014993893514465	0.0017366026057343581	1.27061009	34.92243958	1.05227154	0.15360983156715124	0.00664049	0.00075
-0.0024	-0.014	0.0385	0.0029146998508305304	0.0015969762655748114	0.001843067690106012	1.21516049	33.39841843	0.96993163	0.09782713633111152	0.00612539	0.0007
-0.005	-0.1188	-0.027	0.0027576202181510408	0.0016947147036864942	0.001973967384005587	1.17168272	32.20344162	0.99963393	0.19218588823453736	0.00548971	0.00044
-0.0016	-0.1874	-0.038	0.002722713633111154	0.0015603243512829306	0.001811651763570114	1.160923	31.90771294	0.95483187	0.09958062789394617	0.00685161	0.00081
-0.0054	-0.1084	-0.0407	0.002665117767795341	0.001726130630222392	0.0017418385934903407	1.17749703	32.36324692	0.96267905	0.10016076571675242	0.00535345	0.00036
-0.0041	-0.1015	-0.0495	0.002490584842595908	0.0017296212887263805	0.0017016960206944712	1.15526736	31.75226784	0.93245076	0.027908307824964527	0.00665659	0.00045
-0.001	-0.0463	0.0322	0.002649409804527392	0.001637118838370681	0.0018884462506578647	1.27291656	34.98583221	1.00128916	0.16190388211252885	0.00574821	0.00044
-0.0056	-0.0013	0.0303	0.0026511551337793865	0.0016807520696705393	0.0018797196043978928	1.0983125	30.1868782	0.94321057	0.05420526034059124	0.00612605	0.00072
-0.0046	-0.0418	-0.0363	0.002570869988187647	0.001562069680534925	0.001843067690106012	1.18393719	32.54025269	0.98031733	0.11988097245096171	0.00626314	0.00055
-0.0004	-0.1357	-0.0359	0.002452187599052033	0.0015865042900628454	0.0017976891295541592	1.22398984	33.64109039	0.98558391	0.10792477796076932	0.00571537	0.0005
0.0007	-0.1046	-0.0623	0.0023596851486963333	0.0015603243512829306	0.00182212373908208	1.15574539	31.76540565	0.95127064	0.06575584993317675	0.00654566	0.00047
0.005	-0.0854	-0.0462	0.002452187599052033	0.0014608405839192536	0.0018308503853420514	1.19265664	32.77990341	0.93617484	0.049635643198967405	0.00600559	0.00053
0.0076	-0.0351	-0.004	0.0023701571242082994	0.001410226035611418	0.0019111355309337906	1.16570067	32.03902435	0.96880201	0.1057465084371654	0.00595272	0.00045
0.0047	-0.0549	0.0369	0.0026267205242514655	0.0014538592669112763	0.0018622663118779497	1.22755003	33.73894119	0.99707747	0.08105329251994328	0.00696349	0.00064
-0.0014	-0.0227	0.0001	0.002816961412718848	0.0016441001553786586	0.001970476725501598	1.20896447	33.22812271	1.00089686	0.09953460952792066	0.00552207	0.00041
-0.0035	-0.1477	-0.0415	0.0025028021473598684	0.0017505652397503124	0.001780235837034216	1.20092154	33.00706482	1.00230339	0.1992432619099008	0.0062291	0.00048
-0.0004	-0.1164	-0.0379	0.002701769682087222	0.001626646862858715	0.0018552849948699724	1.17128634	32.19254684	0.94744817	0.05789675347273535	0.0060631	0.00048
-0.0009	-0.0901	-0.0445	0.002673844414055313	0.0017208946424664088	0.0017697638615222502	1.13178945	31.10698318	0.92968567	0.043784709049366245	0.00551671	0.00058
-0.0007	-0.0386	-0.0418	0.002281145332356589	0.0016545721308906245	0.001759291886010284	1.18474245	32.56238556	0.96968488	0.07787467843932373	0.00812531	0.00065
0.0007	-0.049	0.0439	0.002136283004441059	0.0016807520696705393	0.001895427567665842	1.28657663	35.36127472	1.04143644	0.11285889741755012	0.00657147	0.00086
-0.0065	-0.0959	0.013	0.0023003439541285265	0.001626646862858715	0.0018273597268380628	1.13508952	31.19768524	0.99899798	0.09931169986635353	0.00737643	0.00044
-0.0001	-0.1129	-0.0361	0.0024225170017681294	0.0016283921921107093	0.00182212373908208	1.17970192	32.4238472	0.99374474	0.078957718232379	0.00623637	0.00048
0.0021	-0.0788	-0.0345	0.0023911010752322315	0.0016196655458507376	0.00182212373908208	1.22227287	33.59389877	0.99822495	0.03990712863979348	0.00790668	0.00041
0.0036	-0.1399	-0.0394	0.0019303341527057286	0.0016336281798666925	0.001820378409830086	1.16343832	31.97684669	0.95699094	0.09132374428972259	0.00678647	0.00056
0.0039	-0.1279	0.0157	0.002118829711921116	0.00152367243699105	0.0019303341527057286	1.21983171	33.52680588	0.98983919	0.08782035224833358	0.00709844	0.00073
-0.0032	-0.0152	0.0431	0.0023701571242082994	0.0015254177662430443	0.0017400932642383465	1.22886956	33.77520752	1.06344451	0.169365681500328	0.00669307	0.0007
-0.0045	-0.0979	-0.0093	0.002336995868420407	0.001658062789394613	0.0018168877513260971	1.19515669	32.84861755	1.00354846	0.14853003830136055	0.00706887	0.00044
0.0038	-0.1917	-0.0087	0.0023876104167282427	0.001574286985298885	0.0017139133254584315	1.22688591	33.72068787	1.00261397	0.11456823891356148	0.00675386	0.00073
-0.0012	-0.1699	-0.0251	0.002183406894244906	0.0016039575825827887	0.0016999506914424768	1.11588943	30.66997528	0.93539401	0.05559183768915977	0.00704432	0.00064
-0.0007	-0.1143	-0.0361	0.002186897552748895	0.0015079644737231008	0.0015463617172669759	1.21667016	33.43991089	0.96369113	0.07975363707695886	0.00697798	0.0007
-0.0005	-0.0903	0.0548	0.002310815929640492	0.00147131255943122	0.0016406094968746698	1.29504049	35.59390259	1.0624169	0.1278409035395586	0.00662321	0.0009
-0.008	-0.0928	0.0372	0.0026930430358272505	0.0016842427281745281	0.0015917402778188286	1.16292143	31.96263885	0.9604281	0.05980132469929538	0.00688142	0.00064
-0.0061	-0.1402	-0.016	0.002848377339254746	0.0016667894356545846	0.0016528268016386303	1.22866845	33.76968002	1.04524516	0.11419370598836202	0.00641024	0.00059
-0.0139	-0.097	-0.0265	0.002708750999095199	0.0019111355309337906	0.0016615534478986017	1.11774051	30.7208519	0.96178171	0.08113495408493619	0.00556892	0.00048
-0.0044	-0.0949	-0.0423	0.002324778563656447	0.0017383479349863521	0.0017313666179783749	1.23286998	33.88515854	0.98234123	0.05872866007329818	0.00767273	0.00097
-0.0043	-0.1074	-0.0132	0.0024294983187761066	0.0015899949485668342	0.0016912240451825054	1.42156291	39.07134247	1.05851247	0.056360765716752345	0.0099929	0.00206
-0.0092	0.0089	0.0749	0.002466150233067988	0.001637118838370681	0.001759291886010284	1.5387888	42.29327011	1.14046355	0.2168921822461753	0.00774252	0.00207
-0.0146	-0.0662	0.0296	0.0024975661596038853	0.0016493361431346415	0.0016528268016386303	1.10770977	30.445158	0.98248508	0.1333049157835756	0.00882429	0.00165
-0.011	-0.1493	-0.0219	0.0023160519173964756	0.0017331119472303693	0.0017156586547104257	1.17071319	32.17679214	0.99656459	0.1546060949687466	0.00670552	0.00078
-0.0082	-0.1153	-0.017	0.0023282692221604354	0.0016807520696705393	0.001710422666954443	1.19810212	32.92957306	0.97559718	0.045190658503988616	0.00647622	0.00065
-0.0069	-0.1276	-0.0297	0.0021642082724729686	0.0016964600329384882	0.0016545721308906245	1.06420588	29.24946404	0.91229956	0.038080972450961696	0.00767457	0.00058
-0.0047	-0.0504	0.0224	0.00233001455141243	0.0014782938764391971	0.0016755160819145565	1.21925735	33.51102066	1.01517701	0.1517458193231342	0.00659871	0.00089
-0.01	-0.015	0.0508	0.0026145032194875057	0.0016545721308906245	0.001593485607070823	1.21077061	33.27776337	0.95758306	0.09623986986851182	0.00648755	0.00072
-0.0134	-0.0896	-0.0173	0.0025115287936198403	0.0017872171540421933	0.0016964600329384882	1.14569211	31.48909569	0.97789343	0.16302969374434495	0.0062353	0.00041
-0.004	-0.1365	-0.033	0.002621484536495483	0.0016423548261266642	0.001689478715930511	1.19046867	32.71976852	1.0093816	0.08508996938995746	0.00650442	0.00061
-0.0008	-0.113	-0.0311	0.002565634000431664	0.001673770752662562	0.0016824973989225337	1.22057223	33.54715729	1.03686019	0.03331238898038471	0.00626862	0.00069
-0.0011	-0.1811	-0.052	0.0023998277214922034	0.001689478715930511	0.0016249015336067207	1.21997607	33.53077316	1.01715079	0.10125550537616113	0.00860757	0.00078
0.0012	-0.0591	-0.0224	0.002583087292951608	0.0017034413499464657	0.0017645278737662671	1.29244006	35.52243042	1.0327985	0.17074242728174527	0.0059104	0.00047
-0.0043	0.0071	0.0401	0.0026005405854715507	0.001811651763570114	0.0019460421159736775	1.20994997	33.25520706	1.07196064	0.14955889741755007	0.00738108	0.00072
-0.0132	-0.0432	0.0068	0.002841396022246768	0.001954768762233649	0.001933824811209717	1.19415128	32.82098389	0.98886471	0.11230948701013564	0.0067293	0.00059
-0.008	-0.1594	-0.0262	0.002647664475275398	0.0018133970928221085	0.0018500490071139892	1.27105331	34.9346199	1.02304655	0.17534395102393188	0.00631309	0.00059
-0.0074	-0.1366	-0.0436	0.00243473430653209	0.0018325957145940458	0.0017732545200262388	1.15345204	31.7023735	0.95051024	0.056246163880149774	0.00624704	0.00036
-0.0057	-0.1002	-0.0338	0.0026110125609835172	0.0017418385934903407	0.0017645278737662671	1.19799316	32.92657852	0.95922373	0.0616881010907552	0.00646549	0.00051
-0.0058	-0.1034	-0.0359	0.002361430477948328	0.001801179788058148	0.0017191493132144146	1.16885448	32.12570572	0.97891328	0.02311509190774247	0.00608766	0.00044
-0.0024	-0.0862	0.014	0.002361430477948328	0.0015899949485668342	0.001710422666954443	1.20225108	33.0436058	0.98063109	0.08149557428756429	0.00695509	0.00058
-0.0064	-0.0432	0.0592	0.002775073510670984	0.0017924531417981763	0.0018238690683340744	1.25328028	34.44613266	0.99137097	0.12867738136668147	0.00666565	0.00086
-0.0097	-0.0288	-0.0078	0.002712241657599188	0.0018360863730980347	0.0018727382873899156	1.14228499	31.39545059	0.99135917	0.0924667151713748	0.00566787	0.0005
-0.0028	-0.1853	-0.0321	0.0027628562059070234	0.0016807520696705393	0.001726130630222392	1.25270069	34.43020248	1.04488979	0.2053278254451427	0.00707972	0.00067
-0.0036	-0.1391	-0.0228	0.002537708732399755	0.0017749998492782332	0.0017749998492782332	1.17595005	32.3207283	0.95254536	0.07471322360854017	0.00588608	0.00044
0.0019	-0.0941	-0.0424	0.0023963370629882146	0.0017400932642383465	0.0018238690683340744	1.16088986	31.90680122	0.94876193	0.08135737367536341	0.00673896	0.00055
0.005	-0.0904	-0.0232	0.002453932928304027	0.0016702800941585732	0.0019198621771937623	1.21660435	33.43810272	0.94766127	0.037170107212763696	0.0058282	0.00026
0.0041	-0.0613	0.027	0.0023212879051524586	0.0014870205226991688	0.0018256143975860688	1.14313519	31.41881943	0.97272221	0.10070761871093332	0.00594759	0.00061
-0.0033	0.0264	0.0432	0.002886774582798621	0.0016301375213627037	0.0018413223608540175	1.25361013	34.45519638	0.99685282	0.1475155819788823	0.00777477	0.00101
-0.0045	-0.0946	-0.0027	0.0029740410453983376	0.0018029251173101424	0.0019408061282176943	1.24484122	34.21418762	1.04321676	0.1860768912955416	0.00520551	0.00042
-0.0075	-0.1382	-0.0386	0.0028309240467348025	0.0019181168479417679	0.0017697638615222502	1.13873994	31.2980175	0.93889869	0.10396754979953023	0.00642115	0.00034
-0.0071	-0.1438	-0.0286	0.0029618237406343773	0.0019111355309337906	0.0018291050560900572	1.16913605	32.13344574	0.93979339	0.025861110273767977	0.00598156	0.00056
-0.0059	-0.1025	-0.0345	0.0027890361446869386	0.0019250981649497454	0.0018343410438460403	1.13412917	31.17128944	0.94708257	0.057999310885968845	0.00609845	0.00047
-0.0026	-0.1222	-0.0171	0.0026790804018112955	0.001811651763570114	0.0018273597268380628	1.18264759	32.50480652	0.96440311	0.0519191730631626	0.0067066	0.00047
-0.0049	-0.0522	0.0469	0.0028187067419708422	0.0016842427281745281	0.0018168877513260971	1.2802763	35.18811035	1.03843059	0.15017536755335492	0.00587106	0.00064
-0.008	-0.0404	0.0018	0.003127630019573839	0.001843067690106012	0.0018727382873899156	1.0993613	30.21570206	0.95363067	0.08617993877991492	0.0054428	0.00034
-0.0059	-0.1613	-0.0277	0.0029862583501622975	0.0018867009214058703	0.001843067690106012	1.23398125	33.91570282	1.04758315	0.16323377489976515	0.00682896	0.00078
-0.0039	-0.203	-0.029	0.0029443704481144336	0.0018814649336498872	0.0017959438003021652	1.19120359	32.73996735	0.97647399	0.049712388980384714	0.00661433	0.00069
-0.0025	-0.154	-0.0488	0.00272096830385916	0.001858775653373961	0.0017505652397503124	1.17414856	32.27121353	0.96921071	0.08477349925415265	0.00845319	0.00065
0.0028	-0.1124	-0.0342	0.0027558748888990466	0.001839577031602023	0.0018238690683340744	1.23229516	33.86936188	0.9726147	0.06787045176977934	0.00587547	0.00045
0.0002	-0.1032	0.0239	0.0026808257310632897	0.001621410875102732	0.0018570303241219666	1.19425941	32.82395554	1.04339117	0.086218828506147	0.00622553	0.00065
-0.0048	-0.0632	0.0334	0.0030997047515419294	0.0016667894356545846	0.0017941984710501708	1.21801507	33.47687531	1.00068166	0.08085447170511438	0.00652635	0.00053
-0.0036	-0.0768	-0.0177	0.003199188518905606	0.0018727382873899156	0.0018814649336498872	1.2370218	33.99927139	1.03826433	0.0855349540849362	0.00542468	0.00059
-0.0036	-0.1507	-0.0573	0.002909463863074547	0.0020001473227855013	0.001891936909161853	1.21650624	33.43540573	1.0506513	0.13488028333693056	0.00683504	0.00061
-0.0016	-0.1611	-0.0502	0.00314857397059777	0.0019530234329816546	0.0018325957145940458	1.22470224	33.66067123	1.03733038	0.036778759594743846	0.00648534	0.00058
-0.0042	-0.1298	-0.0635	0.0030909781052819575	0.0019495327744776662	0.0018552849948699724	1.14193058	31.38570976	0.948843	0.051388790204786365	0.0057354	0.00036
-0.0038	-0.1164	-0.0481	0.0028571039855147177	0.0019111355309337906	0.0019233528356977512	1.19002295	32.70751953	0.97653981	0.0462169602069447	0.00686324	0.00069
-0.0083	-0.0113	0.0301	0.003225368457685521	0.0018622663118779497	0.0019268434942017398	1.33203614	36.61071777	1.05174243	0.20883121748653163	0.00582159	0.0005
-0.0155	-0.0669	-0.0156	0.0035395277230445004	0.0021135937241651332	0.0019408061282176943	1.10262334	30.30536079	0.95638912	0.13747246558310583	0.00544065	0.00041
-0.0149	-0.1371	-0.0578	0.003347541505325124	0.0022200588085367874	0.0019879300180215415	1.18404448	32.54320145	0.98734843	0.1302787595947439	0.00644815	0.00093
-0.0074	-0.1201	-0.0571	0.0032445670794574587	0.0022724186860966175	0.0019792033717615696	1.18301153	32.51481247	0.93924942	0.033403047484373366	0.00564557	0.00041
-0.0047	-0.1032	-0.0813	0.0029827676916583086	0.002251474735072685	0.0019442967867216831	1.1304543	31.0702858	0.93647107	0.05968249619314846	0.00893688	0.00056
-0.0018	-0.0901	-0.017	0.00318871654339364	0.0019512781037296606	0.001947787445225672	1.2301296	33.80984116	0.98940819	0.1057818070791172	0.00545388	0.00044
-0.0086	0.0462	0.0037	0.0034068826998929313	0.002015855286053451	0.0019861846887695473	1.20868278	33.22037888	1.01505686	0.17985702911834783	0.00643909	0.00064
-0.0076	-0.0388	-0.0585	0.0034574972482007667	0.0020682151636132805	0.002005383310541485	1.17148006	32.19787216	0.97676259	0.1543086523819801	0.00627738	0.00044
0.0011	-0.142	-0.0714	0.0035238197597765512	0.001965240737745615	0.0019373154697137059	1.2313571	33.84357834	0.99790393	0.1366682389135614	0.00567698	0.00059
-0.0006	-0.0863	-0.0954	0.0033702307856010505	0.0019949113350295183	0.0019460421159736775	1.12309873	30.86812019	0.94911567	0.09099931088596877	0.00612253	0.00067
0.0033	-0.0816	-0.0829	0.003220132469929538	0.002008873969045473	0.0020001473227855013	1.19223273	32.76825333	0.96387375	0.03200830782496455	0.00693488	0.00053
0.0054	-0.0279	0.0065	0.0034365532971768345	0.0019582594207376374	0.0021258110289290935	1.32037735	36.29027939	1.05780988	0.16483495408493623	0.00550073	0.00045
-0.0033	-0.0188	-0.0225	0.0036145768808802567	0.002129301687433082	0.0020839231268812296	1.1176368	30.71800041	0.95536448	0.06634768762233652	0.00604624	0.00051
0.0007	-0.1047	-0.0675	0.0034627332359567498	0.002057743188101315	0.0021205750411731105	1.23271644	33.88093948	1.04123908	0.14790270292735777	0.0063495	0.00059
0.0009	-0.0882	-0.0751	0.003220132469929538	0.002054252529597326	0.0020664698343612863	1.16613531	32.05097198	0.94215747	0.039309831567151225	0.00557691	0.00058
0.0053	-0.1172	-0.0904	0.0030613075079980543	0.0019826940302655584	0.0020734511513692635	1.16350663	31.97872162	0.92729817	0.060568238913561424	0.00680071	0.00051
0.0127	-0.1513	-0.0673	0.0031712632508736965	0.0019512781037296606	0.002235766771804736	1.2330327	33.88963318	0.9655265	0.07978436449235063	0.00653446	0.00061
0.0118	-0.0571	0.0018	0.0032969269570172887	0.0018168877513260971	0.0022706733568446224	1.20325625	33.07123184	1.04730539	0.17894803217935207	0.00552684	0.00039
0.006	0.0154	-0.0064	0.0036983526849759846	0.0018832102629018814	0.0021991148575128553	1.26732981	34.83227921	1.01968161	0.11346533694331236	0.00728929	0.00065
0.009	-0.1012	-0.0599	0.00364424747816416	0.001891936909161853	0.002303834612632515	1.27943337	35.1649437	1.0834756	0.1814775804095728	0.00563413	0.00042
0.0131	-0.1741	-0.0812	0.003134611336581816	0.0018832102629018814	0.0023073252711365037	1.20926833	33.23647308	0.99639186	0.1243926723173152	0.0071454	0.00078
0.0136	-0.0895	-0.0714	0.0032218777991815323	0.0018832102629018814	0.002453932928304027	1.21309376	33.34161377	0.96556958	0.10659370598836199	0.00572622	0.00039
0.0187	-0.0955	-0.0788	0.00318871654339364	0.0018709929581379211	0.0024870941840919192	1.1160779	30.67515373	0.9269763	0.022426990816987236	0.00602168	0.00061
0.0203	-0.116	-0.0318	0.003237585762449481	0.0017174039839624202	0.0025324727446437724	1.21357715	33.35490036	0.98160224	0.08149183768915974	0.00633162	0.00056
0.0133	-0.0084	0.0173	0.0036547194536761256	0.0019233528356977512	0.0026529004630313807	1.25700665	34.54854965	1.01351334	0.2008755130674792	0.00605291	0.00041
0.0109	-0.0414	-0.0617	0.0038746309394274117	0.002008873969045473	0.002530727415391778	1.18227136	32.49446869	1.01362152	0.13578028333693054	0.00607431	0.00055
0.0222	-0.1666	-0.0707	0.003920009499979264	0.0017558012275062952	0.002488839513343914	1.22560787	33.68556213	1.01963515	0.16251696020694475	0.00646651	0.00062
0.0199	-0.1591	-0.0743	0.0036215581978882336	0.0018099064343181197	0.002464404903815993	1.13918352	31.31020927	0.93807409	0.03224955592153881	0.00668246	0.00058
0.0182	-0.0279	-0.0956	0.003572688978832392	0.0017819811662862105	0.0023771384412162766	1.26330578	34.72167969	1.03893372	0.16240304748437334	0.00716287	0.00084
0.0185	-0.0563	-0.0259	0.0036250488563922224	0.001759291886010284	0.0024713862208239705	1.16737556	32.08506012	1.00605513	0.10686484687217256	0.00546676	0.00041
0.0112	-0.0603	0.0153	0.004021238596594935	0.001932079481957723	0.002553416695667704	1.2904563	35.46790695	1.03278219	0.08505039054969425	0.00850236	0.00146
0.0017	-0.0352	-0.0389	0.004270820679630125	0.002237512101056731	0.0025761059759436306	1.3738811	37.76081848	1.07213356	0.11768519912050616	0.00838006	0.00128
0.0058	-0.1227	-0.0521	0.0039723693775390945	0.0020176006153054447	0.0024434609527920616	1.31068277	36.0238266	1.03838538	0.13735039054969425	0.00703198	0.00139
0.0035	-0.1507	-0.0607	0.00401076662108297	0.0021537362969610025	0.0024120450262561633	1.16429293	32.00033569	0.97587628	0.04919744258676655	0.00941855	0.00168
0.0033	-0.107	-0.0731	0.003871140280923423	0.0020751964806212577	0.0023492131731843676	1.17028701	32.16508102	0.98408918	0.07034990047855437	0.00735891	0.0012
0.0057	-0.0436	0.0195	0.004045673206122856	0.0021170843826691216	0.002535963403147761	1.31415212	36.11918259	1.09979238	0.17855855286053451	0.00627142	0.00073
-0.0022	-0.0184	0.0079	0.004284783313646079	0.002169444260228951	0.0026302111827554544	1.09848654	30.19166183	0.97008786	0.0639858882345373	0.00720817	0.00101
0.0017	-0.128	-0.0564	0.004499458811641381	0.0020629791758572974	0.0025603980126756814	1.19421732	32.82279968	1.01904315	0.19734768762233643	0.00672126	0.00078
0.0058	-0.1145	-0.0603	0.004366813788489812	0.0021153390534171274	0.0025202554398798117	1.18611765	32.60018158	0.94691826	0.03275737367536344	0.00567651	0.00051
0.0073	-0.0932	-0.0833	0.0041277036809665895	0.0021223203704251047	0.002457423586808016	1.11549354	30.65909386	0.92768954	0.06124616388014979	0.0063619	0.00064
0.0126	-0.1304	-0.0672	0.004277801996638102	0.00204378055408536	0.0025237460983838006	1.19913971	32.95809174	0.97360894	0.07334803217935208	0.00617462	0.0005
0.0131	-0.086	0.0046	0.004406956361285682	0.0020263272615654165	0.0026040312439755396	1.19585443	32.86779404	1.00006237	0.1280446401379631	0.00635922	0.0005
0.0042	-0.0375	-0.014	0.004612905213021013	0.002134537675189065	0.0025237460983838006	1.17330778	32.2481041	0.97006823	0.09572222054753587	0.00728375	0.00058
0.0101	-0.0942	-0.0733	0.004820599394008338	0.001932079481957723	0.002466150233067988	1.22379982	33.63586807	0.99755966	0.145287411976724	0.00707603	0.00048
0.0092	-0.1458	-0.088	0.004461061568097506	0.0018605209826259553	0.0023928464044842257	1.12993348	31.05597305	0.94624286	0.09242000769131808	0.00630909	0.00062
0.0116	-0.1381	-0.0872	0.004391248398017733	0.0018832102629018814	0.002319542575900464	1.17407179	32.269104	0.93817177	0.019190313946973066	0.00681758	0.00055
0.0118	-0.095	-0.0462	0.004644321139556911	0.00200363798128949	0.0024242623310201236	1.22303522	33.61485291	0.95864429	0.10821101075232233	0.00582993	0.00045
0.0095	-0.001	-0.0045	0.004949753758655919	0.0021170843826691216	0.0025481807079117207	1.20739698	33.18503952	1.00466519	0.1651398698685118	0.00758779	0.00059
0.0038	-0.0797	-0.0266	0.005396558047166466	0.002186897552748895	0.002670353755551324	1.19862139	32.94384384	1.00045022	0.13843952531149617	0.0074982	0.00055
0.0059	-0.0884	-0.066	0.005302310267558773	0.0021799162357409173	0.0025603980126756814	1.16452515	32.00671768	0.97784832	0.06075924197456568	0.00632364	0.00048
0.0077	-0.1445	-0.0778	0.004546582701445229	0.0021886428820008896	0.0025115287936198403	1.21938193	33.51444244	1.01337802	0.11036617157146789	0.00844061	0.00058
0.0125	-0.1416	-0.0559	0.004618141200776996	0.002139773662945048	0.0025883232807075904	1.25181854	34.40595627	1.0329684	0.039461110273767926	0.0069195	0.00072
0.0107	-0.0226	0.0176	0.004543092042941239	0.001965240737745615	0.0026057765732275338	1.22676718	33.7174263	1.06129601	0.20765176877775665	0.00713789	0.00075
0.0089	0.0153	-0.0275	0.005071926806295522	0.0020839231268812296	0.0024713862208239705	1.19270682	32.78128433	0.99377024	0.123895375244673	0.00854295	0.00086
0.012	-0.122	-0.0393	0.004864232625308196	0.002036799237077382	0.00244695161129605	1.2643472	34.75030518	1.04148819	0.16616263401595469	0.0063315	0.00055
0.0143	-0.096	-0.0526	0.00466002910282486	0.0019949113350295183	0.0024190263432641405	1.12221014	30.84369659	0.97724726	0.05530083462815547	0.00630933	0.00047
0.0202	-0.1132	-0.0581	0.004616395871525002	0.0019530234329816546	0.0023963370629882146	1.17531729	32.3033371	0.96215231	0.03401052068118238	0.00703019	0.00058
0.0179	-0.0747	-0.0511	0.004595451920501069	0.0020594885173533086	0.0024591689160600103	1.17856371	32.39256287	0.95553745	0.05731204442336912	0.00556308	0.00037
0.0189	-0.0818	-0.029	0.004656538444320871	0.0020717058221172693	0.002494075501099897	1.17930794	32.41301727	0.98335875	0.03561052068118245	0.00768524	0.00062
0.0195	-0.0705	-0.0003	0.005080653452555493	0.0021118483949131386	0.0025987952562195565	1.20628023	33.15434647	0.96748606	0.06904886680750756	0.00688255	0.00058
0.0163	-0.0635	-0.0489	0.005091125428067459	0.0021380283336930534	0.0027296949501191318	1.11943316	30.76737404	0.94670396	0.0671775804095728	0.00608885	0.00036
0.0192	-0.1052	-0.0818	0.005092870757319453	0.0021624629432209744	0.0026843163895672786	1.16833973	32.11156082	0.95071058	0.08107792496658839	0.00754148	0.00075
0.0268	-0.1439	-0.0683	0.005014330940979708	0.002181661564992912	0.0027576202181510408	1.23026645	33.81360245	0.97690998	0.06835211333477223	0.00664401	0.00058
0.0242	-0.0906	-0.0828	0.004750786223928565	0.002186897552748895	0.0026878070480712674	1.17303419	32.24058533	1.00392889	0.08732969374434499	0.00708735	0.00064
0.0309	-0.0977	-0.0629	0.00477696616270848	0.002178170906488923	0.0027977627909469105	1.2440896	34.19352722	1.05763133	0.04094311639577651	0.00712395	0.00061
0.026	-0.0649	-0.0293	0.0046198865300289904	0.002054252529597326	0.0026790804018112955	1.18922937	32.68570709	1.00509587	0.09128401993533507	0.00584978	0.00039
0.0192	-0.0014	-0.0268	0.00486946861306418	0.002090904443889207	0.00266860842629933	1.16875672	32.12302017	0.97304014	0.08763529864195181	0.00743634	0.00044
0.0205	-0.0495	-0.0487	0.005066690818539539	0.0021258110289290935	0.002780309498426967	1.20000112	32.98176575	1.01761054	0.08849149313214413	0.00752366	0.00106
0.0243	-0.0871	-0.071	0.004810127418496373	0.0020525072003453313	0.0027593655474030345	1.18418705	32.54711914	1.07708042	0.08124055898254302	0.00646824	0.00045
0.031	-0.1433	-0.0777	0.004782202150464463	0.0020245819323134223	0.0027349309378751144	1.20442462	33.10334396	0.9753324	0.07361425727958695	0.00755519	0.00084
0.0315	-0.0869	-0.0689	0.004626867847036967	0.002078687139125246	0.00277332818141899	1.1987201	32.94655609	0.97436028	0.07809183768915978	0.00579494	0.00041
0.037	-0.1046	-0.0621	0.004475024202113462	0.002040289895581371	0.002886774582798621	1.18376386	32.53548813	0.96043535	0.045184364492350575	0.00722349	0.0007
0.036	-0.0511	0.0125	0.004892157893340105	0.0019687313962496035	0.002900737216814576	1.27402627	35.01633072	1.00390117	0.1542327412287183	0.00654989	0.00061
0.0258	-0.028	-0.005	0.005009094953223725	0.0021275563581810873	0.0029269171555944902	1.10205293	30.28968239	0.944883	0.06589709802975091	0.00682372	0.00048
0.0237	-0.0466	-0.0641	0.005098106745075437	0.0020350539078253884	0.002823942729726825	1.17522073	32.30068207	0.99336771	0.0940244334037538	0.00769413	0.00069
0.0269	-0.0987	-0.0755	0.005021312257987686	0.0022060961745208325	0.0027680921936630064	1.22085404	33.55490494	1.00320716	0.08188436449235066	0.00638026	0.0005
0.0274	-0.1529	-0.0914	0.004892157893340105	0.0022462387473167022	0.002764601535159018	1.16035366	31.89206314	0.94850751	0.07923937979737193	0.00770301	0.00065
0.0306	-0.098	-0.0711	0.005113814708343385	0.0022549653935766737	0.0029146998508305304	1.2315582	33.84910583	1.01371664	0.09742408884673817	0.00947416	0.00073
0.0288	-0.0581	-0.002	0.005131268000863328	0.0020525072003453313	0.00301941960595019	1.26173961	34.67863464	1.12103076	0.12703156204354724	0.00859481	0.00218
0.0238	-0.0662	-0.0047	0.005471607205002223	0.002239257430308725	0.0029949849964222694	1.25788772	34.57276535	1.1210267	0.04337620218151047	0.00827956	0.00092
0.0211	-0.0788	-0.0504	0.005567600313861911	0.0022706733568446224	0.0029722957161463434	1.20010245	32.98455048	1.00061128	0.06850491578357555	0.0067113	0.00044
0.024	-0.1465	-0.0842	0.005148721293383272	0.0022602013813326567	0.0028693212902786776	1.14473379	31.46275711	0.95109634	0.13101627109291353	0.0076915	0.00067
0.0292	-0.134	-0.0787	0.005167919915155209	0.002209586833024821	0.0029024825460665696	1.17455757	32.28245544	0.95623809	0.02834872129338324	0.0072087	0.00064
0.031	-0.1057	-0.0804	0.005288347633542819	0.0022846359908605773	0.002925171826342496	1.16818881	32.10741043	0.96068306	0.04270830782496459	0.00749862	0.00084
0.037	-0.1064	-0.0675	0.004948008429403923	0.002118829711921116	0.0030665434957540365	1.20825529	33.20862961	0.9892253	0.051975857624494845	0.00753736	0.00069
0.0352	-0.03	0.0081	0.005323254218582705	0.0020717058221172693	0.003153809958353753	1.29694045	35.64612198	1.02833948	0.17928180707911723	0.0072031	0.00062
0.0254	-0.0477	-0.0196	0.005541420375081997	0.0022322761133007477	0.003106686068549906	1.0853703	29.83116341	0.93054193	0.07649301687433085	0.0077191	0.00076
0.0308	-0.0851	-0.0832	0.005626941508429718	0.002169444260228951	0.0031119220563058892	1.17933023	32.41363144	0.99641263	0.11407944870877504	0.0076887	0.0005
0.0301	-0.1701	-0.0771	0.005447172595474302	0.002380629099720265	0.0030962140930379405	1.22614658	33.70036697	1.01730643	0.11213308578573396	0.007846	0.00075
0.0292	-0.16	-0.1044	0.005194099853935124	0.0022898719786165604	0.0030543261909900766	1.16949606	32.14334106	0.96492691	0.057585888234537336	0.00816691	0.00073
0.0306	-0.0714	-0.0762	0.005518731094806069	0.0023474678439323734	0.0031834805556376572	1.22589099	33.69334412	0.97500407	0.14376907354171695	0.00693572	0.00064
0.0243	-0.013	-0.0144	0.005539675045830002	0.0021467549799530253	0.0031381019950858045	1.17001653	32.15764618	1.00559704	0.13985176877775668	0.00760573	0.00069
0.0223	-0.0553	-0.0435	0.005646140130201657	0.002309070600388498	0.0031049407392979124	1.16400647	31.99246025	0.98353723	0.08849709802975098	0.00820327	0.00083
0.0233	-0.122	-0.0779	0.005569345643113905	0.0022741640153486112	0.0030997047515419294	1.22906172	33.78049088	1.00079936	0.10794685299418107	0.00686389	0.00045
0.0253	-0.1682	-0.0949	0.005396558047166466	0.0023527038316883565	0.00308399678827398	1.12686706	30.97169113	0.95223906	0.07855176877775667	0.00782531	0.00084
0.0289	-0.1047	-0.0922	0.005391322059410484	0.0022863813201125715	0.0031119220563058892	1.19466662	32.83514786	0.98376426	0.07477418836818381	0.00810611	0.00048
0.0291	-0.0884	-0.0794	0.005164429256651221	0.002333505209916419	0.0031730085801256907	1.17215729	32.21648407	0.95727574	0.0460551608191456	0.00703186	0.00055
0.0293	-0.0512	-0.0231	0.004954989746411901	0.002131047016685076	0.0031677725923697077	1.21672237	33.44134521	1.01314643	0.11455668456133228	0.00745326	0.00042
0.0229	-0.0182	0.0075	0.005445427266222308	0.0022113321622768156	0.0031730085801256907	1.20774114	33.19449997	0.95776265	0.09879793265790648	0.00747806	0.00076
0.0164	-0.1069	-0.041	0.005263913024014897	0.0022549653935766737	0.0031747539093776853	1.1357162	31.21491051	0.98987009	0.1550446401379632	0.00666398	0.00044
0.0244	-0.1088	-0.0673	0.005160938598147233	0.0022706733568446224	0.0030647981665020423	1.154392	31.72820854	0.94012755	0.04763190660056281	0.00732118	0.00053
0.0276	-0.1789	-0.0561	0.005159193268895238	0.002303834612632515	0.003166027263117714	1.2360661	33.97300339	0.99712009	0.09130678408277793	0.00814331	0.00109
0.0294	-0.112	-0.0747	0.005042256209011618	0.0023265238929084412	0.003120648702565861	1.18308783	32.51690674	1.0157154	0.09655024503556994	0.00736511	0.00061
0.0321	-0.0883	-0.0227	0.005049237526019596	0.0023160519173964756	0.003267256359733385	1.23937309	34.06389618	1.01329566	0.08660304748437336	0.0072124	0.00067
0.024	-0.006	0.0248	0.005232497097479001	0.0023282692221604354	0.00325329372571743	1.23279595	33.88312531	1.06990785	0.148371975511966	0.00811499	0.00098
0.0171	-0.0992	-0.0073	0.00538957673015849	0.0024190263432641405	0.0032759830059933565	1.20361662	33.08113861	1.0526199	0.14572630170295603	0.0086655	0.00111
0.0235	-0.1136	-0.0308	0.00544193660771832	0.002373647782712288	0.003218387140677544	1.17416334	32.2716217	0.95641017	0.052066715171374726	0.0072729	0.00056
0.0195	-0.1183	-0.0581	0.005148721293383272	0.002457423586808016	0.003159045946109736	1.11602688	30.67375183	0.93637677	0.05781661564992916	0.00702971	0.00059
0.023	-0.1626	-0.0697	0.0051399946471233	0.0024434609527920616	0.0031415926535897933	1.18388891	32.53892517	0.9612917	0.06140712863979343	0.00778359	0.00083
0.0248	-0.1309	-0.0555	0.004914847173616032	0.002565634000431664	0.003115412714809878	1.20305037	33.06557465	0.95286652	0.0663750229963393	0.00665611	0.00039
0.0258	-0.0482	-0.0339	0.004993386989955777	0.002490584842595908	0.00312413936106985	1.20672047	33.16644669	1.00667373	0.11341578102177365	0.00743991	0.00076
0.0219	0.0235	0.0121	0.005541420375081997	0.0025254914276357948	0.0031014500807939236	1.24629843	34.25423813	0.99412834	0.15188146252210163	0.00837654	0.00115
0.0214	-0.1241	-0.0226	0.005537929716578008	0.0024225170017681294	0.0030613075079980543	1.19695222	32.89796829	1.04761272	0.19013038285837616	0.00721151	0.00072
0.0228	-0.1426	-0.0671	0.005263913024014897	0.002441715623540067	0.0030421088862261168	1.16228855	31.94524384	0.9981849	0.08002069680534933	0.00824511	0.00101
0.0259	-0.0928	-0.0569	0.005419247327442393	0.002450442269800039	0.002993239667170275	1.26174307	34.67873001	1.05384735	0.07374650843716547	0.00900435	0.00078
0.0259	-0.132	-0.0707	0.005370378108386551	0.002469640891571976	0.0030124382889422127	1.19696045	32.89819336	1.09420635	0.05736332312998585	0.00830621	0.00101
0.0283	-0.0741	-0.0585	0.005328490206338688	0.002466150233067988	0.0030002209841782524	1.21471286	33.38611603	0.98460202	0.07537979326579054	0.0079993	0.00078
0.0244	-0.0564	0.0143	0.0054663712172462395	0.0025045474766118626	0.0030630528372500485	1.24385595	34.18710709	0.99906495	0.10635550537616108	0.00781184	0.00065
0.0168	-0.005	-0.0151	0.005721189288037411	0.002665117767795341	0.003110176727053895	1.14401901	31.44310951	0.97092072	0.11152561258892484	0.0088802	0.00111
0.0204	-0.1766	-0.0528	0.005831145030913055	0.0024399702942880727	0.0030455995447301047	1.28386867	35.28684616	1.11575269	0.23288401993533508	0.00893831	0.00115
0.0163	-0.144	-0.0818	0.005707226654021458	0.0025638886711796703	0.0029129545215785357	1.16834021	32.11157227	0.98955548	0.08472408884673822	0.00771081	0.00076
0.0159	-0.135	-0.1034	0.0054873151682701725	0.002581341963699613	0.0028623399732707008	1.18833196	32.66104126	0.98848648	0.045398966328953134	0.00839311	0.00073
0.0212	-0.0863	-0.084	0.005686282702997525	0.0026302111827554544	0.0029146998508305304	1.21423805	33.37306595	0.95986268	0.08840983156715117	0.00680017	0.00079
0.0196	-0.0963	-0.0571	0.0053389621818506535	0.0025237460983838006	0.002939134460358451	1.1298548	31.05380821	0.95245451	0.06241101075232228	0.00792193	0.00059
0.018	0.0448	0.003	0.005555383009097951	0.002457423586808016	0.003001966313430246	1.3822999	37.99220657	1.16329451	0.22007875959474385	0.0105142	0.00151
0.0141	-0.0154	-0.0272	0.005644394800949661	0.0025446900494077327	0.0029688050576423546	1.21700358	33.44907379	1.03490053	0.1047719755119659	0.00740165	0.00044
0.021	-0.1815	-0.0739	0.005225515780471023	0.002464404903815993	0.002900737216814576	1.23045754	33.81885529	1.03842305	0.2480616003449078	0.00792664	0.00097
0.0268	-0.1223	-0.068	0.0055431657043339905	0.0023928464044842257	0.002928662484846485	1.18606615	32.59876633	0.96811948	0.09175668456133217	0.00724459	0.0007
0.0234	-0.0697	-0.0813	0.005450663253978291	0.002438224965036078	0.0028885199120506156	1.12327754	30.87303543	0.94274028	0.07820117918517104	0.00648057	0.0005
0.0272	-0.0719	-0.0916	0.005335471523346666	0.002357939819444339	0.002960078411382383	1.16416979	31.99695015	0.93688986	0.0296517687777566	0.0077911	0.00075
0.0305	-0.0483	-0.0089	0.0056374134839416844	0.0024015730507441976	0.0030072023011862297	1.28379118	35.28471756	1.00293007	0.12923495408493618	0.00745934	0.00056
0.0213	-0.0131	-0.01	0.005881759579220891	0.0025080381351158514	0.0030473448739821	1.09909844	30.20847702	0.95847149	0.06504768762233654	0.00844902	0.00075
0.0211	-0.0382	-0.0778	0.006014404602372459	0.0024713862208239705	0.003008947630438224	1.16458762	32.0084343	0.97672214	0.10348470904936621	0.00909048	0.00087
0.025	-0.0985	-0.091	0.00589397688398485	0.0025481807079117207	0.0029530970943744054	1.20997334	33.25585175	0.9744464	0.09005363707695889	0.00766927	0.00062
0.0219	-0.1345	-0.1067	0.0055920349233898325	0.002665117767795341	0.0029112091923265415	1.15504014	31.74602318	0.95396483	0.0778383461263251	0.00808609	0.00086
0.025	-0.0489	-0.0997	0.005778785153353225	0.002535963403147761	0.00294262511886244	1.22299194	33.61366272	1.01058108	0.11306602605734356	0.00803083	0.0007
0.0167	-0.0856	-0.0668	0.005523967082562053	0.002553416695667704	0.002834414705238791	1.2026509	33.05459595	1.03241051	0.09692408884673821	0.00754035	0.00067
0.0158	-0.0907	-0.026	0.005674065398233566	0.002501056818107874	0.0027838001569309555	1.23330939	33.89723587	1.04330034	0.0594536370769589	0.00861847	0.00075
0.0108	-0.0501	-0.0475	0.00603883921190038	0.0026057765732275338	0.0028187067419708422	1.18334997	32.5241127	0.96894938	0.09232000769131801	0.00802881	0.00067
0.0122	-0.0861	-0.0937	0.005719443958785417	0.0026511551337793865	0.0027576202181510408	1.10845745	30.46570969	0.94979537	0.10489301687433086	0.00740474	0.0007
0.0151	-0.1232	-0.0969	0.005612978874413764	0.0024853488548399255	0.0026843163895672786	1.1829083	32.51197433	0.96648732	0.06047875959474381	0.00794291	0.00067
0.017	-0.1419	-0.0898	0.005468116546498235	0.0024818581963359366	0.002726204291615143	1.18724799	32.63124847	0.96102574	0.037212044423369096	0.00756013	0.00059
0.0218	-0.0714	-0.1002	0.005241223743738971	0.00249931148885588	0.0027628562059070234	1.25086915	34.37986374	1.07185371	0.09974990047855437	0.00809687	0.00076
0.0206	-0.0299	-0.0342	0.005635668154689691	0.0024975661596038853	0.00285012266850674	1.28473771	35.3107338	1.01111414	0.13287281014012156	0.00737262	0.00051
0.0111	-0.0473	-0.0404	0.005866051615952942	0.002637192499763432	0.002811725424962865	1.07054174	29.42360497	0.93537329	0.053520352248333646	0.00769329	0.00086
0.0195	-0.0522	-0.0854	0.005967280712568612	0.002495820830351891	0.0028605946440187057	1.18408	32.54417801	0.99997722	0.07287349925415258	0.00991726	0.00118
0.0225	-0.116	-0.1047	0.00613134166225608	0.00243473430653209	0.0026843163895672786	1.3573209	37.30566406	1.04308049	0.1061712863979348	0.013369	0.00385
0.0197	-0.1072	-0.0878	0.005553637679845957	0.00249931148885588	0.00272096830385916	1.53622317	42.22275543	1.12493996	0.062446653951289725	0.0107319	0.00266
0.0246	-0.0989	-0.0734	0.0053825954131505125	0.0024678955623199817	0.0027384215963791032	1.14448905	31.45602989	0.99422942	0.038595574287564285	0.00949383	0.00299
0.0212	0.0312	0.009	0.0058259090431570714	0.002518510110627818	0.0029408797896104456	1.33710217	36.74995804	1.10107669	0.25071931857728685	0.0115695	0.00193
0.0082	0.0151	-0.0338	0.006007423285364482	0.0026563911215353696	0.002949606435870417	1.09726727	30.15814972	0.97795128	0.08830609496874664	0.00929558	0.00123
0.015	-0.1033	-0.0887	0.005813691738393112	0.002617993877991494	0.002846632010002751	1.20157945	33.02514648	1.03302132	0.1968551608191456	0.0087297	0.00079
0.0162	-0.1323	-0.0773	0.005881759579220891	0.0026354471705114374	0.002806489437206882	1.20918834	33.23427582	0.98924446	0.04788318530717962	0.00805706	0.00104
0.0133	-0.093	-0.0945	0.0057246799465414016	0.0026075219024795284	0.002780309498426967	1.08752871	29.89048767	0.93683266	0.06995924197456567	0.00756395	0.00061
0.0201	-0.1172	-0.0962	0.00562345084992573	0.002501056818107874	0.0028518679977587343	1.20031595	32.99041748	0.99409688	0.04666263401595464	0.00806844	0.00078
0.0249	-0.0329	-0.0095	0.005867796945204936	0.0024050637092481865	0.0030229102644541784	1.28353238	35.27760315	1.02939175	0.20136907354171688	0.00813401	0.00079
0.017	-0.0409	-0.04	0.006197664173831864	0.0026319565120074486	0.0030246555937061734	1.12918055	31.03527832	0.96503046	0.07432526803190927	0.00868815	0.00083
0.0226	-0.0922	-0.0827	0.0062063908200918365	0.0024225170017681294	0.0030246555937061734	1.17553985	32.30945206	0.97710249	0.11050830782496456	0.00872564	0.00062
0.0283	-0.1228	-0.084	0.005981243346584567	0.0024137903555081575	0.0029914943379182805	1.14142179	31.37172508	0.94848965	0.05095176877775672	0.00787604	0.00086
0.0308	-0.1436	-0.1089	0.005799729104377157	0.0024277529895241124	0.0029688050576423546	1.17328334	32.24743271	0.95753811	0.059108307824964554	0.00921214	0.00086
0.0359	-0.1034	-0.0946	0.0059079395180008055	0.0025202554398798117	0.003232349774693498	1.23094046	33.83212662	0.95020032	0.08281287905152454	0.00818008	0.00079
0.0367	-0.0536	-0.069	0.005782275811857213	0.002432988977280095	0.0033440508468211352	1.16795981	32.10111618	0.993862	0.09243156204354733	0.00803822	0.0007
0.0244	0.0222	-0.0177	0.006113888369736136	0.0026581364507873638	0.0036547194536761256	1.2535696	34.45408249	1.0196665	0.18277143191205916	0.0105476	0.00134
0.0146	-0.0057	-0.041	0.005946336761544681	0.002649409804527392	0.0034749505407207105	1.16054332	31.89727592	1.00067106	0.07880235837034213	0.00886035	0.0009
0.0218	-0.0957	-0.0982	0.005791002458117186	0.002522000769131806	0.0031817352263856626	1.17157757	32.20055008	0.98410041	0.18319793265790643	0.00877482	0.00072
0.0278	-0.1382	-0.0797	0.005806710421385134	0.002457423586808016	0.0032131511529215613	1.19197869	32.76127243	0.95930267	0.07258505360638184	0.00886583	0.00087
0.0259	-0.0728	-0.094	0.0055431657043339905	0.002488839513343914	0.003223623128433527	1.11644983	30.68537712	0.9581866	0.09687163095495034	0.00751042	0.00065
0.0337	-0.0736	-0.0972	0.005588544264885843	0.0024120450262561633	0.003237585762449481	1.19764566	32.91702652	0.95170564	0.018606784082777866	0.00920033	0.00062
0.0371	-0.0861	-0.0375	0.005394812717914472	0.0023911010752322315	0.0033684854563490563	1.20009446	32.98433304	0.98572942	0.09287875959474387	0.00691432	0.00064
0.0322	0.0535	-0.017	0.005806710421385134	0.00239459173373622	0.003488913174736664	1.28172719	35.2279892	1.08848948	0.19179080401811288	0.010622	0.00164
0.0308	-0.0356	-0.0482	0.006161012259539982	0.0024556782575560214	0.003438298626428829	1.22127688	33.56652451	1.04856542	0.14500014551412424	0.00847465	0.00065
0.0311	-0.1123	-0.0896	0.005813691738393112	0.0024452062820440558	0.0033283428835531865	1.12078452	30.80451584	0.94426207	0.14178741197672393	0.0076862	0.00051
0.034	-0.1071	-0.1049	0.005785766470361203	0.0024556782575560214	0.003258529713473413	1.15686715	31.79623795	0.94204068	0.028810520681182394	0.00867814	0.0007
0.0348	-0.0615	-0.0926	0.005796238445873169	0.002478367537831948	0.0032969269570172887	1.19322634	32.79556274	0.96759656	0.06227792496658839	0.00790143	0.00073
0.0357	-0.095	-0.059	0.005626941508429718	0.0024225170017681294	0.0034016467121369483	1.19032919	32.71593475	1.00359936	0.08449336143134643	0.00825059	0.00058
0.0306	-0.0438	0.0118	0.005911430176504794	0.0024801128670839424	0.0034068826998929313	1.25518084	34.49836731	1.01052877	0.1444660260573436	0.00894469	0.00125
0.027	-0.0745	-0.0567	0.005923647481268755	0.002537708732399755	0.0035238197597765512	1.14768493	31.54386711	0.99594278	0.11213751149816965	0.00787169	0.00079
0.0325	-0.1421	-0.1002	0.005654866776461627	0.0025237460983838006	0.003492403833240653	1.18212211	32.49036407	0.99976207	0.132307963267949	0.00934494	0.00122
0.0363	-0.1448	-0.0824	0.00566010276421761	0.002581341963699613	0.003506366467256608	1.25899792	34.60327911	1.03875501	0.02813972435438753	0.00814527	0.00083
0.04	-0.1503	-0.1031	0.005555383009097951	0.0026127578902355115	0.0034609879067047556	1.13789582	31.27481651	0.97042004	0.03897571211037047	0.00851083	0.00089
0.0431	-0.0601	-0.0221	0.005921902152016759	0.0024137903555081575	0.003652974124424132	1.26500392	34.76835251	1.03109985	0.21217364476827688	0.00855076	0.001
0.0342	0.008	-0.0107	0.006092944418712205	0.002495820830351891	0.0035796702958403696	1.17842436	32.38873291	1.01113815	0.10471882850614708	0.0103661	0.00213
0.0374	-0.0905	-0.0688	0.0060842177724522335	0.0025394540616517493	0.0037000980142279784	1.24661994	34.26307297	1.09808255	0.16843937979737192	0.00942683	0.00095
0.047	-0.1447	-0.0795	0.006148794954776023	0.0024155356847601517	0.003593632929856324	1.22926009	33.78594208	1.00644059	0.08924803217935205	0.00911456	0.00132
0.0446	-0.15	-0.0964	0.005729915934297383	0.0025569073541716926	0.0036669367584400863	1.17898798	32.4042244	1.03320473	0.056277725923697154	0.00895321	0.00075
0.0508	-0.0681	-0.1009	0.005852088981936987	0.0025080381351158514	0.003691371367968007	1.21245754	33.3241272	0.99160556	0.10237384381116828	0.00938153	0.00092
0.0546	-0.0739	-0.0532	0.005674065398233566	0.0024801128670839424	0.003820525732615587	1.20264554	33.05444717	0.99658053	0.07405516081914551	0.0078333	0.00065
0.0518	-0.0359	-0.008	0.005920156822764766	0.002452187599052033	0.0037472219040318253	1.19835043	32.93639755	0.99124913	0.10336602605734356	0.0100431	0.00109
0.0433	-0.0153	-0.0244	0.00636521578202332	0.002562143341927676	0.0036198128686362394	1.18446338	32.5547142	0.97146753	0.07962118687648911	0.00943285	0.00109
0.0421	-0.1206	-0.0823	0.0058800142499688965	0.0025324727446437724	0.0035116024550125905	1.17526805	32.30198288	1.01911032	0.1955541271480988	0.0088262	0.00106
0.0425	-0.1416	-0.0966	0.005979498017332573	0.002567379329683659	0.0034313173094208515	1.17767453	32.36812592	0.98885015	0.046433774899765114	0.00920057	0.00095
0.0398	-0.0776	-0.0963	0.006056292504420323	0.002764601535159018	0.0035081117965086025	1.20079124	33.00348282	0.98674002	0.08454055898254302	0.00807911	0.0007
0.0421	-0.0775	-0.0496	0.005651376117957638	0.002537708732399755	0.0033580134808370897	1.18691111	32.6219902	0.99479343	0.08819537524467301	0.008672	0.00069
0.0394	0.0107	0.0152	0.006047565858160352	0.0025289820861397836	0.0034662238944607386	1.24998236	34.35548782	1.00953617	0.18135634000431675	0.00911903	0.0009
0.0309	-0.0709	-0.0536	0.006108652381980153	0.00266860842629933	0.003455751918948773	1.16317689	31.96965981	1.03116012	0.16945924197456563	0.00839937	0.00084
0.036	-0.0893	-0.1028	0.005979498017332573	0.0026145032194875057	0.003378957431861022	1.17668641	32.34096527	0.9985563	0.0857027029273578	0.00929993	0.00095
0.041	-0.1402	-0.0913	0.006024876577884425	0.002673844414055313	0.0034487706019407953	1.21575713	33.41481781	0.96377389	0.07612664625997165	0.00882399	0.00086
0.0428	-0.1167	-0.1053	0.005864306286700947	0.0026563911215353696	0.003427826650916863	1.14333773	31.42438507	0.97153797	0.049248376736367665	0.00833392	0.00086
0.0479	-0.1099	-0.0741	0.005970771371072602	0.0026040312439755396	0.003495894491744642	1.19084907	32.73022461	0.95804011	0.05444464013796317	0.00850445	0.00079
0.0399	-0.0333	-0.0083	0.005976007358828583	0.002537708732399755	0.003443534614184812	1.20932829	33.23812103	1.00834152	0.15659591884457977	0.00817788	0.00065
0.0326	-0.0641	-0.0401	0.00618370153981591	0.0026720990848033187	0.003378957431861022	1.14247453	31.40066147	0.96041098	0.090233085785734	0.0094859	0.00098
0.04	-0.1454	-0.0816	0.006344271830999388	0.0026075219024795284	0.003309144261781249	1.19141912	32.74589157	0.99335288	0.14494803217935204	0.00891048	0.00111
0.0388	-0.1719	-0.0952	0.006021385919380436	0.002694788365079245	0.0033859387488689996	1.1089046	30.47799683	0.95468371	0.06564734306532094	0.00995815	0.00137
0.0467	-0.0751	-0.1013	0.006164502918043972	0.0027419122548830916	0.003450515931192789	1.24823475	34.30745697	1.0732448	0.12354090353955859	0.00925493	0.00111
0.0524	-0.0939	-0.0484	0.006455972903127025	0.002590068609959585	0.0035622170033204267	1.32802761	36.5005455	1.04132337	0.10515073510670989	0.0137401	0.00321
0.0435	-0.0271	0.0132	0.006368706440527309	0.002673844414055313	0.0036285395148962112	1.50613439	41.39577103	1.14428249	0.1491682389135614	0.0105153	0.00237
0.0396	-0.089	-0.0496	0.00628842129493557	0.0029321531433504737	0.003796091123087667	1.19234562	32.77135468	1.11684949	0.1539072741539178	0.0127196	0.00394
0.0441	-0.1396	-0.0862	0.00631285590446349	0.0027890361446869386	0.003530801076784529	1.20430458	33.10004425	1.01701647	0.11334208272472968	0.0104796	0.00148
0.0442	-0.1803	-0.0931	0.006087708430956222	0.0028693212902786776	0.0033929200658769764	1.14598966	31.4972744	0.99129551	0.06986568150032799	0.00922954	0.00101
0.0471	-0.1411	-0.1096	0.005871287603708924	0.0027279496208671367	0.0033946653951289706	1.1572181	31.80588531	0.98209812	0.07657689129554161	0.0093717	0.00087
0.05	-0.0896	-0.0991	0.006148794954776023	0.0027192229746071652	0.0034627332359567498	1.21506846	33.39588928	0.96558221	0.08261509190774248	0.00826615	0.00079
0.0479	-0.1336	-0.0558	0.005876523591464907	0.002595304597715568	0.0035674529910764093	1.13439381	31.17856407	0.99808851	0.1144454747661186	0.010831	0.00093
0.0449	-0.0294	-0.0302	0.006382669074543263	0.0026302111827554544	0.0035116024550125905	1.26036537	34.64086533	1.01044714	0.16264513020910304	0.00983083	0.00084
0.0423	-0.0763	-0.0637	0.0063721970990312975	0.0027035150113392165	0.003637266161156183	1.17913723	32.4083252	0.97537199	0.09347197551196601	0.00892496	0.00098
0.0488	-0.1323	-0.1057	0.0062168627956038025	0.0026808257310632897	0.003532546406036523	1.13295913	31.13913155	0.96082301	0.11863716694115407	0.00914496	0.00097
0.0554	-0.1475	-0.0998	0.006410594342575173	0.002581341963699613	0.0035534903570604553	1.18376815	32.53560638	0.95573471	0.04340796326794893	0.00916815	0.00114
0.0534	-0.1159	-0.1017	0.006197664173831864	0.0025726153174396417	0.003506366467256608	1.13169026	31.10425568	0.94023912	0.04893903524035634	0.0084067	0.00064
0.0612	-0.0871	-0.1125	0.00618370153981591	0.002569124658935653	0.0036163222101322505	1.20447385	33.10469818	0.95721328	0.05377045176977929	0.00965142	0.00117
0.0621	-0.024	-0.0111	0.0064332836228510985	0.0025761059759436306	0.0038152897448596045	1.30022585	35.73641968	1.04680218	0.188176546738526	0.00959539	0.00114
0.0546	-0.071	-0.025	0.006670648401122327	0.0027401669256310974	0.0038833575856873836	1.16740274	32.0858078	1.01561877	0.09187467843932369	0.0111365	0.0014
0.0558	-0.0809	-0.0675	0.006908013179393556	0.0026808257310632897	0.003921754829231259	1.18434346	32.5514183	1.04246024	0.0703551608191456	0.0111786	0.00132
0.0576	-0.1165	-0.0849	0.006551966011986713	0.0027855454861829498	0.0038519416591514853	1.14544737	31.48236847	0.96358936	0.0813290046303138	0.00920963	0.00075
0.0583	-0.1453	-0.1037	0.006499606134426883	0.0027558748888990466	0.0037734018428117405	1.16124296	31.91650581	0.96391591	0.05632851455917392	0.0108875	0.00132
0.0591	-0.1455	-0.0895	0.0066217791820664855	0.002848377339254746	0.003862413634663451	1.23863113	34.04350281	1.02153739	0.030384364492350616	0.00983518	0.00118
0.0601	-0.0738	-0.0261	0.006333799855487422	0.0027680921936630064	0.003914773512223281	1.20221996	33.04275131	1.0525531	0.15713121748653164	0.00937092	0.001
0.0577	-0.027	0.0114	0.006969099703213358	0.002717477645355171	0.003862413634663451	1.2171607	33.45339203	1.00098037	0.12361371367968003	0.0117201	0.00151
0.0555	-0.1163	-0.0471	0.006998770300497261	0.0028605946440187057	0.0038013271108436495	1.18611741	32.60017395	1.03188444	0.16169370598836197	0.0110338	0.00131
0.0565	-0.1913	-0.097	0.006714281632422186	0.0028623399732707008	0.0037088246604879502	1.18534839	32.57904053	0.9830086	0.14483682238413853	0.0112871	0.00184
0.0596	-0.1569	-0.0916	0.006820746716793839	0.0028012534494508993	0.003757693879543791	1.19498467	32.84389114	0.97685676	0.05372104136236473	0.00978649	0.00153
0.0591	-0.1146	-0.1012	0.006663667084114349	0.002726204291615143	0.0037751471720637348	1.12370372	30.88474846	0.96900463	0.06487910415175951	0.00966179	0.00132
0.0608	-0.0893	-0.02	0.006799802765769907	0.0026284658535034606	0.003862413634663451	1.26450908	34.75475311	1.06930868	0.12425702911834784	0.0107291	0.00139
0.0601	-0.0193	0.0011	0.007415903991723906	0.0027314402793711255	0.003914773512223281	1.16997111	32.15639877	1.02676225	0.1303717764690747	0.0126331	0.00232
0.06	-0.0955	-0.0761	0.007541567697867498	0.0029199358385865134	0.0039339721339952186	1.30213821	35.78898239	1.0939249	0.17016789435654592	0.014501	0.00268
0.0586	-0.1408	-0.1185	0.007084291433844983	0.003010692959690218	0.0038065630985996326	1.42541993	39.17735291	1.07680421	0.12287212102609028	0.0145122	0.00389
0.0628	-0.1394	-0.0852	0.006883578569865635	0.002848377339254746	0.0038536869884034796	1.34905612	37.07851028	1.07845633	0.05940761871093335	0.0110527	0.00226
0.062	-0.1377	-0.0718	0.006791076119509936	0.0029740410453983376	0.0038501963298994907	1.12543547	30.93234444	0.96936786	0.02698284075016399	0.0128095	0.00215
0.0611	-0.0723	-0.0193	0.007038912873293131	0.0029164451800825246	0.003867649622419434	1.17006695	32.15903091	1.02842382	0.13494429558094756	0.0115466	0.00192
0.0581	-0.0667	-0.0132	0.007595672904679321	0.002975786374650332	0.003953170755767157	1.18185091	32.48291016	0.99285699	0.049781117965086046	0.0123147	0.00207
0.0566	-0.1515	-0.0644	0.007342600163140145	0.0030159289474462015	0.003909537524467298	1.16006041	31.88400459	1.01340411	0.15434242728174527	0.0119929	0.00226
0.0597	-0.1598	-0.1029	0.006993534312741278	0.0029373891311064567	0.003886848244191372	1.1527499	31.68307495	0.9862161	0.0724147473507269	0.0117961	0.00206
0.0643	-0.1565	-0.0937	0.007206464481484587	0.0028885199120506156	0.0038990655489553323	1.18625593	32.60398102	0.9571129	0.030800834628155485	0.0109483	0.0015
0.0648	-0.1265	-0.0985	0.0070197142515211934	0.0029373891311064567	0.003977605365295077	1.10602438	30.39883614	0.95562395	0.051007963267948944	0.0109096	0.00187
0.0706	-0.1061	-0.041	0.006841690667817772	0.002713986986851182	0.0040561451816348215	1.25206685	34.41278076	1.03683903	0.10769827721492203	0.0110053	0.00206
0.0672	-0.0109	0.0056	0.007204719152232592	0.002883283924294633	0.004084070449666731	1.29665709	35.63833237	1.04708205	0.173212534494509	0.0126674	0.00291
0.061	-0.1642	-0.0605	0.007255333700540428	0.0029722957161463434	0.004009021291830974	1.22953498	33.79349899	1.0853478	0.2363337748997652	0.0118264	0.00235
0.0671	-0.1731	-0.0921	0.007337364175384161	0.002844886680750757	0.003960152072775134	1.1557852	31.76650047	0.96900863	0.059515436464758	0.012089	0.0027
0.0666	-0.1523	-0.0959	0.007194247176720626	0.002930407814098479	0.003911282853719292	1.14786232	31.54874229	0.96080333	0.03897536755335498	0.0110539	0.00189
0.0705	-0.1441	-0.1147	0.007086036763096978	0.0028815385950426383	0.0038885935734433662	1.18106282	32.46125031	0.96696389	0.03988844564777066	0.0119377	0.00176
0.07	-0.1305	-0.0819	0.0070354222147891434	0.0029478611066184224	0.004042182547618867	1.23136365	33.84375763	0.96293132	0.060426301702955966	0.0104238	0.00129
0.0619	-0.0314	-0.0212	0.006780604143997971	0.002935643801854462	0.004012511950334963	1.20794272	33.20003891	1.03568254	0.18273529864195184	0.0107778	0.00111
0.0564	0.0032	-0.0305	0.007363544114164076	0.002853613327010729	0.003960152072775134	1.18926823	32.68677521	0.98686006	0.08526651612848342	0.0137357	0.00213
0.0589	-0.1526	-0.0774	0.007150613945420769	0.0029321531433504737	0.0038536869884034796	1.28694522	35.37140656	1.12312154	0.22509675347273536	0.010841	0.00165
0.0595	-0.1966	-0.1011	0.0068923052161256075	0.002855358656262723	0.0037978364523396607	1.16149092	31.92332077	0.96862078	0.08784768762233651	0.0115	0.00196
0.0648	-0.1704	-0.0848	0.007016223593017205	0.002895501229058593	0.0038484510006474965	1.25193453	34.40914536	1.06981004	0.05853377489976514	0.0125602	0.00316
0.0598	-0.1473	-0.0931	0.006766641509982015	0.002813470754214859	0.0038606683054114572	1.18930626	32.68782043	1.09108903	0.053591493132144216	0.00998962	0.00137
0.0639	-0.1242	-0.0938	0.00680852941202988	0.0027995081201989047	0.003858922976159462	1.197047	32.90057373	0.97555546	0.030779793265790664	0.0108307	0.00136
0.0591	-0.0637	-0.0056	0.006927211801165493	0.0027872908154349444	0.003855432317655474	1.2509197	34.38125229	1.03613641	0.16021951762017808	0.0116052	0.00139
0.0523	-0.0703	-0.0227	0.007120943348136864	0.002909463863074547	0.0037891098060796892	1.12897015	31.02949524	0.95894901	0.04961135530933792	0.011477	0.00157
0.0556	-0.123	-0.0772	0.007367034772668065	0.002806489437206882	0.0038484510006474965	1.18150556	32.47341919	1.00638619	0.13092035224833365	0.0110916	0.00115
0.0551	-0.183	-0.0921	0.0070354222147891434	0.002855358656262723	0.0037768925013157294	1.13305497	31.1417675	0.96507315	0.0980020138133265	0.0107751	0.00212
0.0602	-0.1423	-0.1061	0.006916739825653527	0.002886774582798621	0.0038327430373795474	1.16934311	32.13913727	0.9662373	0.07009744258676659	0.0110162	0.00146
0.0647	-0.1496	-0.0956	0.00684518132632176	0.0029688050576423546	0.003946189438759179	1.25188649	34.40782547	1.06446033	0.03565176877775662	0.0112752	0.00198
0.0689	-0.1486	-0.0864	0.00676838683923401	0.002892010570554604	0.003953170755767157	1.18274844	32.5075798	0.99326207	0.02242851455917393	0.0107286	0.00162
0.0671	-0.0386	0.0086	0.007204719152232592	0.002921681167838507	0.0041329396687225725	1.33979046	36.82384491	1.09708989	0.23908859116189504	0.0127369	0.00224
0.0536	-0.0002	-0.0174	0.007454301235267781	0.0030979594222899347	0.004129449010218584	1.14573216	31.49019432	1.03205288	0.09936754979953023	0.0121821	0.00206
0.0556	-0.1436	-0.0898	0.007344345492392139	0.0030002209841782524	0.004016002608838952	1.23345172	33.90114975	1.05926687	0.23385702911834785	0.014707	0.00215
0.0575	-0.1941	-0.0845	0.007136651311404813	0.0031381019950858045	0.003981096023799066	1.20699728	33.17405319	0.99037328	0.07672408884673816	0.0115775	0.00243
0.054	-0.1292	-0.1149	0.007010987605261222	0.003223623128433527	0.0039235001584832525	1.14447629	31.45567894	0.97985596	0.11223903524035635	0.0108706	0.00132
0.0595	-0.1304	-0.0728	0.007103490055616921	0.003077015471266003	0.0040334559013588955	1.20280921	33.0589447	0.98888706	0.06625329251994329	0.0111141	0.00145
0.0537	-0.043	-0.0048	0.0071471232869167785	0.0029880036794142917	0.00401076662108297	1.21436393	33.37652588	1.02834526	0.1689667151713747	0.0108621	0.00126
0.0468	-0.0585	-0.0486	0.00721170046924057	0.0031014500807939236	0.003954916085019151	1.14012992	31.33621788	0.97033247	0.07789370598836211	0.0120156	0.00171
0.0519	-0.1041	-0.0845	0.007101744726364926	0.0029688050576423546	0.003897320219703338	1.18630552	32.60534668	0.99570217	0.10160983156715128	0.010886	0.00132
0.0537	-0.1627	-0.0848	0.006815510729037857	0.0029653143991383657	0.003916518841475275	1.15706193	31.80159187	0.99457224	0.07614616388014969	0.0106332	0.00128
0.0581	-0.1619	-0.0958	0.0067771134854939805	0.002933898472602468	0.003886848244191372	1.19494903	32.84291077	0.97164532	0.02117418836818389	0.0110804	0.00154
0.0606	-0.0797	-0.093	0.006778858814745977	0.0030229102644541784	0.003904301536711315	1.22349262	33.62742615	1.01394179	0.09291052068118248	0.0101732	0.00106
0.0651	-0.1308	-0.0557	0.006572909963010645	0.002853613327010729	0.003981096023799066	1.22866797	33.76966858	1.05400129	0.1155020138133266	0.0107268	0.00153
0.0663	-0.1216	0.0156	0.007110471372624898	0.0028763026072866553	0.004002039974822997	1.27594566	35.06908417	1.04985035	0.1107597320457055	0.011337	0.00259
0.0577	-0.1198	-0.0292	0.0072082098107365804	0.0029845130209103033	0.003867649622419434	1.11253309	30.57772636	0.97210067	0.07221696020694467	0.0112482	0.00206
0.0617	-0.1214	-0.0921	0.007260569688296411	0.002975786374650332	0.0038222710618675813	1.21467865	33.3851738	1.05067828	0.0738232542185827	0.0120451	0.00168
0.0613	-0.1888	-0.0916	0.006983062337229313	0.002928662484846485	0.003754203221039803	1.20834076	33.21097946	0.9923195	0.08793495408493614	0.0104865	0.00181
0.0632	-0.2117	-0.1125	0.006723008278682157	0.0029443704481144336	0.0036634460999360975	1.17463565	32.28460312	0.95365587	0.06402595714594052	0.0139482	0.00223
0.065	-0.0836	-0.0901	0.006942919764433443	0.0029897490086662863	0.0037210419652519105	1.28218448	35.24055862	1.03794925	0.1684442955809476	0.0102282	0.00128
0.0633	-0.0553	-0.0319	0.0067701321684860045	0.0030002209841782524	0.0037367499285198597	1.16889572	32.1268425	1.02752727	0.09814837673636768	0.0101163	0.00134
0.0623	-0.05	-0.0365	0.00732863752912419	0.0030979594222899347	0.0036983526849759846	1.17817259	32.38181305	0.9714366	0.04563205211468712	0.0125533	0.00213
0.0622	-0.1616	-0.0873	0.007176793884200683	0.003115412714809878	0.0036686820876920805	1.22442555	33.65306473	1.04289757	0.1724483767363677	0.0111893	0.00196
0.0657	-0.1579	-0.1091	0.006984807666481306	0.00308399678827398	0.0036041049053682902	1.16380847	31.98702049	0.9631223	0.043398966328953265	0.0118696	0.00235
0.0691	-0.1682	-0.098	0.007127924665144842	0.0029775317039023265	0.003661700770684103	1.19114017	32.73822403	0.96127984	0.04015889741755007	0.0113628	0.00245
0.0672	-0.1423	-0.109	0.006869615935849681	0.0030560715202420713	0.0036931166972200015	1.11662412	30.69016647	0.97871968	0.057213223608540205	0.0105858	0.00173
0.075	-0.1395	-0.0904	0.006848671984825749	0.003008947630438224	0.003837979025135531	1.23318553	33.89383316	1.04474107	0.03984650843716541	0.0119723	0.00218
0.0748	-0.0408	-0.0075	0.006873106594353669	0.0029146998508305304	0.003867649622419434	1.28024518	35.18725586	1.08670319	0.18921764932097584	0.0108221	0.00235
0.0676	-0.0554	-0.0428	0.007298966931840286	0.0030979594222899347	0.0038170350741115982	1.12234843	30.84749794	0.95655817	0.09008672286269283	0.0124003	0.00284
0.0718	-0.1606	-0.0811	0.007225663103256523	0.0030421088862261168	0.0037978364523396607	1.21310246	33.3418541	1.02769559	0.1551176493209759	0.012193	0.00254
0.068	-0.1638	-0.0942	0.006890559886873613	0.003038618227722128	0.003771656513559746	1.12349093	30.87890053	0.95145874	0.03833869068334072	0.0110558	0.00254
