trans_x	trans_y	trans_z	rot_x	rot_y	rot_z	dvars_std	dvars_nstd	dvars_vstd	framewise_displacement	aqi	aor
0.0	-0.0	0.0	-0.0	0.0	-0.0	n/a	n/a	n/a	n/a	0.029692	0.00215
0.007	0.0547	0.0229	-0.0001605702911834783	0.000486946861306418	0.00040666171571467877	1.01885664	25.55681229	0.96446907	0.13730894341022876	0.0280623	0.00155
0.0149	0.021	-0.0132	-0.0005724679946541401	0.0007592182246175333	0.0007120943348136865	0.97129309	24.3637352	0.941949	0.12718008429403924	0.0301446	0.00201
0.0069	-0.0196	0.0062	-0.0008639379797371932	0.00012740903539558605	0.00018151424220741024	1.01470864	25.45276451	0.93877575	0.14069296334556383	0.0276648	0.00147
0.0016	-0.0242	0.0067	-0.0008237954069413235	-1.2217304763960308e-05	-6.9813170079773176e-06	1.01011825	25.33761787	0.92908601	0.028813223608540182	0.0277629	0.00141
0.0073	0.1012	0.0033	-0.0006544984694978735	0.00019896753472735358	0.000312413936106985	1.22939372	30.837883	0.97278637	0.16949385150248633	0.0301095	0.00127
0.0102	0.1439	-0.0229	-0.00047647488579445195	0.00024085543677521747	0.0004747295565424576	1.25487006	31.4769268	0.97128419	0.0909113553093379	0.0340711	0.00214
0.0162	0.017	-0.0331	-5.235987755982988e-06	8.901179185171081e-05	0.0004363323129985824	1.26106632	31.63235474	1.01468619	0.17617398932529255	0.0318185	0.00195
0.0106	-0.0566	-0.0222	-4.363323129985824e-05	0.000148352986419518	0.00027925268031909274	1.21568418	30.49399567	1.03338035	0.10284090353955858	0.0320106	0.00274
0.0141	0.06	0.0098	-0.00040666171571467877	0.00011519173063162575	0.00014486232791552936	1.19159281	29.88969421	1.07422495	0.17862900463031384	0.0297037	0.00153
0.0143	0.118	0.0119	-0.0004921828490624009	0.00018675022996339323	0.00015707963267948963	1.25157988	31.39439774	0.94629036	0.06876484687217249	0.0311567	0.00189
0.0124	0.0286	-0.0164	-0.00041538836197465044	0.0002670353755551324	0.0001256637061435917	1.25514448	31.48381042	1.0105301	0.12902477796076936	0.0321298	0.00297
0.0145	0.0032	-0.0093	-0.00021118483949131387	0.00015009831567151235	0.00022340214425527416	1.22776699	30.79708099	0.96009608	0.05554395102393196	0.0315936	0.00288
0.0137	0.0236	0.0195	-0.0002897246558310587	0.00017278759594743863	0.0002478367537831948	1.13304853	28.42117882	0.96527542	0.05628318530717957	0.0288942	0.00229
0.0176	0.1448	0.0354	-0.0006789330790257941	0.00022689280275926284	0.0003647738136668148	1.0877955	27.28606033	1.0024419	0.16901253449450898	0.0288484	0.00166
0.0149	0.0619	-0.0019	-0.00038397243543875244	0.00041015237421866745	0.0004014257279586958	1.01090026	25.35723495	0.99561649	0.14864360646691635	0.0294725	0.00207
0.0147	0.0023	-0.0087	-0.00028274333882308137	0.0002024581932313422	0.0002303834612632515	1.01057613	25.34910393	0.97482688	0.09059827721492203	0.0285321	0.0018
0.0118	0.0518	0.0151	-0.0004974188368183839	0.00018151424220741024	0.00027750735106709843	1.04948103	26.32498741	1.0015993	0.09033716694115408	0.0291253	0.00269
0.0087	0.1043	0.0198	-0.000593411945678072	0.00020420352248333657	0.00038397243543875244	1.0667907	26.75918007	0.96709677	0.07155737367536344	0.0291123	0.00252
0.0135	0.102	-0.0297	-0.0003944444109507184	0.00017627825445142725	0.00033684854563490564	1.01644278	25.4962635	0.96458689	0.07030083462815549	0.0347001	0.00324
0.0136	0.0814	-0.0185	-0.0002617993877991494	0.00011693705988362007	0.0004485496177625427	0.99568689	24.97562599	0.94742206	0.04708436449235066	0.0337809	0.0035
0.0104	0.0725	-0.0204	-0.00021118483949131387	0.0001658062789394613	0.0004729842272904633	1.16222084	29.15293121	0.95484183	0.02019591884457988	0.0332624	0.00347
0.0079	0.0806	-0.0455	0.00028099800957108706	0.00027576202181510406	0.00030194196059501896	1.02089989	25.60806274	0.95057603	0.0743590429316744	0.0368515	0.0039
0.0159	0.032	-0.0297	0.00040840704496667313	0.00012740903539558605	0.00035081117965086024	1.06064236	26.60495758	0.97728111	0.08863156204354726	0.0354378	0.00367
0.0131	0.1192	-0.0096	0.00017802358370342162	0.00022689280275926284	0.0004136430327226561	1.15604401	28.99799347	1.0351969	0.1297349540849362	0.0341728	0.00263
0.0094	0.1577	-0.0372	0.0003438298626428829	0.0004380776422505767	0.0004485496177625427	1.04417789	26.1919651	0.93892326	0.09039488517353308	0.0368475	0.00263
0.0133	0.0805	-0.04	0.00047822021504644627	0.0002199114857512855	0.0004572762640225143	1.01441967	25.44551468	0.94913266	0.10196415775814131	0.0345801	0.00204
0.0136	0.0901	-0.0087	0.00027925268031909274	0.00024609142453120044	0.0005253441048502931	1.0810442	27.11671257	0.9333125	0.055860765716752366	0.0318249	0.00141
0.0157	0.1461	0.0078	0.00015184364492350666	0.00029496064358704166	0.00062482787221397	0.96361935	24.17124939	0.9341901	0.08838810109075523	0.031621	0.00153
0.0175	0.0697	-0.0237	0.0005323254218582705	0.0003001966313430247	0.0004886921905584122	1.03477907	25.95620537	0.96439876	0.13579267231731526	0.031943	0.0015
0.0142	0.0596	0.0282	0.0007592182246175333	-0.00017104226669544429	0.00034208453339088857	1.03091466	25.859272	0.94751424	0.10753696789826278	0.0286129	0.00138
0.0098	0.1611	0.0341	5.585053606381854e-05	-4.886921905584123e-05	0.0004188790204786391	1.03612053	25.98985672	0.97971338	0.15691676116405343	0.0301155	0.00139
0.0041	0.1303	-0.0082	0.0002007128639793479	-0.00011344640137963142	0.0002722713633111154	1.08259511	27.15561485	0.94553911	0.09660235837034212	0.0316865	0.00156
0.0072	-0.0064	0.015	0.0003700098014227979	-0.0002303834612632515	0.0002722713633111154	1.09343147	27.42743301	0.98032639	0.17731169986635348	0.0265571	0.0013
0.0094	0.0808	0.0163	0.00017453292519943296	-0.00022165681500327985	0.000296705972839036	0.97094399	24.35497856	0.92027081	0.10213190660056289	0.0282	0.00104
0.0091	0.1838	0.0065	0.0003525565089028545	3.665191429188092e-05	0.0003351032163829112	1.03512394	25.9648571	0.94088189	0.13683647782712288	0.0324165	0.00189
0.0119	0.0104	-0.0147	0.0006038839211900379	-0.00014486232791552936	0.0003787364476827695	1.06687105	26.76119423	1.01157636	0.22122374428972255	0.0298199	0.00142
0.015	0.0409	0.0009	0.0006841690667817771	-0.00023212879051524583	0.000291469985083053	0.98112839	24.61044312	0.91399692	0.0619409035395586	0.0294396	0.00155
0.0107	0.1605	0.0232	0.00015707963267948963	-0.00016231562043547262	0.00019547687622336493	1.01982617	25.58113098	0.97076979	0.18084478565208745	0.030308	0.00121
0.0111	0.185	-0.0118	0.00038048177693476387	-8.028514559173915e-05	0.0001832595714594046	1.03470194	25.95427132	0.95205642	0.07578249619314839	0.0347034	0.00215
0.0191	0.0388	0.0018	0.00033684854563490564	-0.0002251474735072685	0.0002024581932313422	1.09447205	27.45353317	0.9846847	0.17818470904936623	0.0291786	0.00119
0.0184	0.1288	0.0266	0.00020420352248333657	-0.0004468042885105483	0.0001937315469713706	0.97812831	24.53518867	0.92601355	0.13365142422074103	0.0293961	0.00108
0.0233	0.1527	0.0534	-5.759586531581287e-05	-0.0004799655442984406	0.0002722713633111154	0.93846405	23.54025841	0.89778324	0.07427502299633934	0.028088	0.00111
0.0155	0.1787	0.0017	0.0001308996938995747	-0.00034033920413889426	0.000296705972839036	0.97450846	24.44438934	0.93297133	0.10312782544514272	0.032574	0.00186
0.0183	0.0245	0.0264	0.000291469985083053	-0.00034033920413889426	0.00021642082724729686	1.07618654	26.99486351	0.99135503	0.19374277183876087	0.0266676	0.00102
0.0157	0.0875	0.039	0.000291469985083053	-0.0005183627878423159	0.00015533430342749534	0.95664269	23.99624825	0.91291325	0.09015550537616115	0.0270471	0.00088
0.0154	0.2138	0.0551	-8.552113334772214e-05	-0.0006073745796940267	0.0002443460952792061	1.07554138	26.97868156	0.99560992	0.17045073510670983	0.0297487	0.00175
0.0133	0.0815	0.0101	0.0003054326190990077	-0.0003682644721708035	0.00017802358370342162	1.03211653	25.88941956	0.99435167	0.21421931857728685	0.0287033	0.00113
0.0179	0.023	0.0285	0.00047822021504644627	-0.0007400196028455958	8.203047484373349e-05	0.99960297	25.07385635	0.92531459	0.11352679177409596	0.0267264	0.00113
0.018	0.1058	0.0477	0.0002897246558310587	-0.0007208209810736582	0.0001064650843716541	1.02202845	25.63637161	0.98056838	0.11370643952576227	0.0274246	0.00101
0.0125	0.189	0.0284	0.0002478367537831948	-0.0006108652381980154	8.552113334772214e-05	1.08545184	27.22727394	0.95649426	0.11663937979737192	0.0316534	0.00149
0.0159	0.1123	0.0134	0.0007557275661135446	-0.0007330382858376184	-5.235987755982988e-06	1.0342021	25.94173241	0.98705032	0.1311410490536829	0.0307094	0.00149
0.0128	0.06	0.0318	0.0007086036763096977	-0.0008587019919812101	-6.9813170079773176e-06	0.95462948	23.94574928	0.91199058	0.08252664625997164	0.0279522	0.00116
0.0121	0.1793	0.0522	0.00043458698374658803	-0.001054178868204575	-4.363323129985824e-05	1.09668684	27.50908852	0.97966564	0.16570727415391778	0.0299447	0.00149
0.0133	0.1639	0.0317	0.00027576202181510406	-0.0008674286382411819	1.2217304763960308e-05	0.97449636	24.44408607	0.91635778	0.05717128639793479	0.0296195	0.00113
0.0122	0.1103	0.0158	0.0005061454830783556	-0.0008552113334772215	6.45771823237902e-05	1.00378501	25.17875671	0.97059753	0.08534803217935209	0.0313491	0.00184
0.0132	0.0894	0.0409	0.0005410520681182421	-0.0009285151620609833	-2.268928027592628e-05	1.1459583	28.74500465	1.07966824	0.05677384381116824	0.028537	0.00153
0.0163	0.1571	0.0662	-1.9198621771937625e-05	-0.0007749261878854823	0.00019198621771937622	1.11712885	28.02185249	0.9556757	0.14252575810304915	0.0279071	0.00093
0.0129	0.1336	0.016	0.0002722713633111154	-0.0007661995416255106	0.000158824961931484	1.02992582	25.83446884	0.95026679	0.09376789435654583	0.0302121	0.00159
0.0174	0.025	0.027	0.0005427973973702365	-0.0010262536001726657	-0.0	1.03969586	26.07953835	0.94746663	0.158570252726888	0.0264974	0.00127
0.0114	0.0943	0.0369	0.000450294947014537	-0.0011676252695842063	-0.00010471975511965978	1.05770183	26.53119659	0.96071525	0.10212969374434502	0.0274915	0.00119
0.0102	0.1584	-0.0192	0.0013055062804917586	-0.0007644542123735164	0.00014137166941154068	1.05919945	26.56876373	1.00765976	0.1966236907609556	0.0342544	0.00276
0.0079	0.0505	-0.0074	0.0011362093430483087	-0.0006824237375297829	-0.0001064650843716541	1.05034471	26.34665108	0.99010781	0.1469582083035189	0.0306266	0.00203
0.0088	0.1313	0.0178	0.0006230825429619757	-0.000731292956585624	-5.759586531581287e-05	1.07526529	26.97175598	1.00642631	0.13744326190990075	0.030524	0.00156
0.0091	0.1793	0.0208	0.00035604716740684323	-0.000598647933434055	4.18879020478639e-05	1.05798435	26.5382843	0.92878562	0.07625820830351891	0.0310078	0.00135
0.0048	0.0557	-0.0335	0.000731292956585624	-0.0006073745796940267	3.665191429188092e-05	1.10260785	27.65760994	1.02172799	0.20166042115973676	0.0314072	0.00153
0.0114	0.0555	-0.0038	0.0006649704450098395	-0.0007347836150896127	-4.886921905584123e-05	0.98287302	24.65420532	0.91473207	0.05046263401595463	0.0300421	0.00125
0.0103	0.0874	0.005	0.0008656833089891874	-0.0009337511498169664	-7.330382858376184e-05	1.22786367	30.79950333	0.97270612	0.0630057504117311	0.0313035	0.00184
0.0126	0.1465	0.0503	0.0003944444109507184	-0.0009023352232810684	-6.283185307179586e-05	1.30333686	32.69266129	1.03215641	0.13235634000431665	0.0279183	0.00121
0.0081	0.1098	0.0015	0.0008552113334772215	-0.0007801621756414653	-7.330382858376184e-05	1.12592375	28.24246407	0.96949849	0.1196705972839036	0.030436	0.00166
0.0119	0.0328	0.0037	0.0008377580409572782	-0.0009494591130849152	-0.00010471975511965978	1.11817288	28.04804039	0.98466707	0.09390830782496451	0.02789	0.0015
0.0179	0.0935	0.0297	0.00042935099599060504	-0.001064650843716541	-0.0001291543646475804	1.07607388	26.99203682	0.95366501	0.12010166925631098	0.0276802	0.00141
0.019	0.154	0.0533	0.00017104226669544429	-0.0008203047484373349	-3.839724354387525e-05	1.11733866	28.02711678	0.97429428	0.11487059728390359	0.0279783	0.00125
0.0165	0.0853	0.0045	0.0004625122517784973	-0.0007155849933176752	1.5707963267948964e-05	1.19591594	29.99813461	0.97714924	0.14251474735072686	0.0301873	0.00169
0.0211	0.0192	0.0131	0.00042935099599060504	-0.000973893722612836	5.061454830783555e-05	1.13610137	28.49775505	0.99876151	0.09561882850614697	0.0285589	0.00152
0.0226	0.137	0.0276	0.0005427973973702365	-0.0011501719770642632	4.0142572795869576e-05	1.17105651	29.37456512	1.00607716	0.14880983156715127	0.0308903	0.00245
0.0263	0.1517	0.0609	1.2217304763960308e-05	-0.0008517206749732328	0.00017104226669544429	1.15170527	28.88916016	1.0075915	0.09969655442984403	0.0269763	0.00141
0.0183	0.084	-0.009	0.000640535835481919	-0.0008342673824532895	9.948376736367679e-05	1.03193724	25.88492203	0.9614379	0.18146651612848344	0.029496	0.00175
0.0195	0.0209	0.0002	0.0007696902001294993	-0.001059414855960558	3.839724354387525e-05	1.03967977	26.07913399	0.96422016	0.09426941809873252	0.0282078	0.00142
0.0172	0.1287	0.0158	0.0002199114857512855	-0.0011309733552923255	1.9198621771937625e-05	1.07805502	27.04173279	0.99338525	0.15772679177409596	0.0299093	0.00132
0.013	0.1418	0.0119	0.0006422811647339132	-0.0008552113334772215	-0.00012042771838760874	1.15898681	29.07181168	0.95185758	0.06308790204786391	0.0304082	0.00167
0.0133	0.0591	-0.036	0.0012217304763960308	-0.0008395033702092724	-0.00011519173063162575	1.16699505	29.272686	1.0002132	0.1609196631343025	0.0336635	0.00231
0.0123	0.0322	-0.0165	0.0014433872913993105	-0.00091106186954104	-0.0002844886680750757	1.17459011	29.46320152	0.99352664	0.07052561258892485	0.0315493	0.00223
0.0267	0.0874	0.0338	0.0015393804002589986	-0.000778416846389471	-8.901179185171081e-05	1.31085098	32.88114166	1.06000541	0.14110575041173112	0.0294412	0.0015
0.015	0.0894	0.0025	0.0017226399717184032	-0.0007155849933176752	-0.00010821041362364843	1.06821346	26.79486847	0.98927739	0.05826450231515689	0.0306943	0.00248
0.0183	0.0079	-0.0054	0.0012304571226560022	-0.0005201081170943102	8.203047484373349e-05	1.08839345	27.30105972	0.98629067	0.13659503068765738	0.0294093	0.002
0.0156	0.0384	0.0163	0.0006894050545377602	-0.0006510078109938849	-5.235987755982988e-06	1.07954514	27.07910919	0.97002793	0.09286091123087664	0.0281919	0.0013
0.0154	0.0955	0.0506	0.00015009831567151235	-0.000879645943005142	3.316125578789226e-05	1.21346867	30.43842316	0.95982037	0.131917105721069	0.0259181	0.00105
0.0098	0.1242	0.006	0.000307177948351002	-0.0008761552845011534	-4.0142572795869576e-05	1.17212284	29.40131187	0.98866488	0.09059370598836201	0.0301225	0.00129
0.0131	0.0471	0.0294	0.0005288347633542819	-0.0010419615634406148	-8.726646259971648e-05	1.13205314	28.39621162	0.97769369	0.1255293491873294	0.0270006	0.00105
0.0115	0.1	0.0048	0.00024085543677521747	-0.0012130038301360591	-0.0003054326190990077	1.15365946	28.93818092	1.00625146	0.11295938748869	0.0298383	0.00155
0.013	0.1225	0.0421	-6.632251157578452e-05	-0.0011222467090323538	-0.00010821041362364843	1.10232353	27.65048027	1.00798848	0.09105786374650333	0.0267926	0.0009
0.0176	0.0669	0.0393	0.0002600540585471551	-0.001244419756671957	-0.0002251474735072685	1.03084445	25.85750961	0.96270846	0.09127433388230814	0.0263656	0.00091
-0.0025	0.0259	0.035	0.0003577924966588376	-0.0014748032179352085	-0.0008325220532012951	1.06278872	26.65879631	1.00296407	0.11217482395344804	0.0261092	0.00104
-0.0126	0.1123	0.042	-0.0002740166925631097	-0.001621410875102732	-0.0009896016858807848	1.07049084	26.85199356	0.95842848	0.15027482395344804	0.0265626	0.00093
0.0033	0.1507	0.0343	0.0002583087292951608	-0.001158898623324235	-0.0007400196028455958	1.26172256	31.64881516	0.95939258	0.12422098783359783	0.0288578	0.00172
0.0049	0.0816	0.0061	0.0005742133239061344	-0.0012514010736799342	-0.0007400196028455958	1.18489087	29.72158241	0.99566784	0.11932035224833364	0.0303284	0.00228
0.0089	0.0026	0.0372	0.00047822021504644627	-0.001244419756671957	-0.0007155849933176752	1.2221694	30.65667152	0.97465788	0.1204704517697793	0.0260179	0.00135
0.0067	0.0664	0.0591	0.000296705972839036	-0.0011693705988362008	-0.0006073745796940267	1.20498943	30.2257309	0.97361542	0.10613869068334077	0.0252859	0.00098
0.0074	0.1525	0.0772	0.0003822271061867582	-0.001001818990644745	-0.0005270894341022875	1.10050178	27.6047821	0.97559052	0.12156789435654584	0.0260391	0.00119
0.0094	0.0735	0.0273	0.0003944444109507184	-0.0009093165402890458	-0.0004485496177625427	1.03998864	26.08688164	0.96327755	0.14006297857297023	0.0268567	0.00111
0.0138	-0.0404	0.0393	0.0004468042885105483	-0.0007958701389094143	-0.0004049163864626844	1.11239505	27.9031105	0.98156495	0.140771975511966	0.0251653	0.00139
0.0156	0.0549	0.0363	0.00021642082724729686	-0.0007190756518216638	-0.0002548180707911721	1.18064904	29.61518288	0.97978488	0.1229638132011257	0.0276687	0.00142
0.0168	0.1112	0.0807	-0.0003595378259108319	-0.0009634217471008699	-0.0002373647782712288	1.26551723	31.74399948	1.02769508	0.1437879020478639	0.0250147	0.0011
0.0135	0.1231	0.0524	-0.00024085543677521747	-0.0009616764178488756	-0.0003001966313430247	1.14858377	28.81086159	0.9693776	0.05266297857297023	0.0267536	0.0013
0.0131	0.0015	0.0261	-8.901179185171081e-05	-0.0008674286382411819	-0.0003473205211468716	1.12351584	28.18206406	1.02649431	0.16296076571675233	0.0257803	0.00124
0.0171	0.0668	0.0539	-0.0004904375198104066	-0.0009686577348568529	-0.0003106686068549907	1.10884893	27.8141613	0.98668174	0.1240653369433124	0.0249634	0.00073
0.0374	0.1343	0.0699	-0.000593411945678072	-0.001462585913171248	-0.00013264502315156904	1.10777473	27.78721619	0.97134329	0.14254630939427407	0.0253953	0.00102
0.0337	0.1172	0.0505	-0.00047822021504644627	-0.001452113937659282	-0.00012217304763960306	1.34396636	33.71180344	1.06097916	0.0470067840827779	0.0266635	0.00093
0.0289	0.0045	-0.001	0.00024260076602721178	-0.0013177235852557187	-0.0001605702911834783	1.32155967	33.14975739	1.07655212	0.2136804288510548	0.0274591	0.0011
0.0185	-0.0402	-0.002	-0.0002495820830351891	-0.0011903145498601325	1.0471975511965975e-05	1.18271434	29.66698647	0.98403233	0.09563170755767156	0.0267706	0.00101
0.0297	0.0014	0.0565	-0.0009302604913129776	-0.0010192722831646884	0.000577703982410123	1.12538886	28.22904587	0.98602658	0.18224763409356948	0.0220746	0.0005
0.0337	0.0688	0.0543	-0.0006597344572538566	-0.0012217304763960308	0.0004485496177625427	1.16900337	29.3230648	0.95913125	0.1037069295969022	0.0237342	0.0005
0.0307	0.0284	0.0243	-0.0006597344572538566	-0.0012304571226560022	0.00039793506945470715	1.10578585	27.73732758	0.9552071	0.07636705972839034	0.0258867	0.00104
0.0314	0.023	0.0437	-0.0007243116395776468	-0.0013456488532876281	0.00041189770347066176	1.26548529	31.74319839	1.01483676	0.03518657734856854	0.0261895	0.00102
0.0291	0.0296	0.0722	-0.001181587903600161	-0.0013421581947836393	0.0003351032163829112	1.20074522	30.11927032	1.05667132	0.06427807048071268	0.0217031	0.00057
0.0314	0.152	0.0845	-0.0012880529879718153	-0.0012007865253720988	0.00029496064358704166	1.13412321	28.44813538	1.03164314	0.1513989663289532	0.0233652	0.00053
0.0299	-0.0235	0.0378	-0.0011903145498601325	-0.0010000736613927507	0.0002897246558310587	1.16728663	29.28000069	1.07245957	0.23888436449235073	0.0234963	0.00065
0.0287	-0.0086	0.0446	-0.0011536626355682519	-0.0013421581947836393	0.0002565634000431664	1.11872649	28.0619278	0.9290249	0.04349488517353308	0.0229487	0.00077
0.0268	0.0642	0.0539	-0.0011850785621041497	-0.0014346606451393388	0.0003106686068549907	1.28842843	32.31869888	0.9999719	0.09290117918517107	0.0232241	0.00071
0.0284	0.1545	0.0634	-0.0014748032179352085	-0.001446877949903299	0.0002670353755551324	1.20065427	30.11698914	1.01098031	0.11867875959474387	0.0247611	0.00087
0.0201	0.0579	0.0108	-0.0013159782560037243	-0.0013369222070276565	0.00015707963267948963	1.10764551	27.7839756	1.01130325	0.17643682238413844	0.0258248	0.00093
0.0205	-0.0404	0.0395	-0.0011274826967883368	-0.0015481070465189703	-1.3962634015954635e-05	1.16470599	29.21526909	0.99842036	0.15593613327010727	0.0229239	0.00074
0.0205	0.0548	0.0447	-0.0011780972450961724	-0.001891936909161853	-8.726646259971648e-06	1.47724128	37.05484772	1.06747918	0.12038401993533505	0.0246022	0.00129
0.0154	0.1446	0.0476	-0.0010786134777324957	-0.0017400932642383465	-0.00017104226669544429	1.30589831	32.75691223	1.01835623	0.11848215163613282	0.025787	0.00088
0.0147	0.0223	0.0052	-0.000609119908946021	-0.001387536755335492	1.0471975511965975e-05	1.18497515	29.72369766	1.03187238	0.21557821599483695	0.0264379	0.0009
0.0144	-0.0258	-0.0104	-0.00032637657012293966	-0.0013665928043115599	9.773843811168246e-05	1.14741588	28.78156662	0.98397751	0.0835476876223365	0.0273837	0.00125
0.0163	0.0433	0.0144	-0.0004974188368183839	-0.0013439035240356337	6.45771823237902e-05	1.10663331	27.75858498	0.96495074	0.10714464013796313	0.0260053	0.00094
0.0152	0.0969	0.0444	-0.000614355896702004	-0.0013281955607676848	-0.00010821041362364843	1.25632477	31.5134182	0.94925061	0.09997163095495037	0.0247254	0.00087
0.0117	0.0197	0.0084	-0.0004363323129985824	-0.0013177235852557187	-0.00019896753472735358	1.16704226	29.27387238	0.97680173	0.13066263401595463	0.0264769	0.00098
0.0127	-0.0067	0.032	-0.0006387905062299246	-0.0013962634015954637	-7.504915783575618e-05	1.21030259	30.35900497	0.96913449	0.07124581932313423	0.0241823	0.00068
0.013	0.0317	0.0236	-0.000757472895365539	-0.0013962634015954637	0.00012217304763960306	1.17081881	29.36860085	1.00577643	0.06289522973054869	0.0257324	0.00132
0.0162	0.0657	0.0735	-0.0014974924982111347	-0.0013700834628155487	7.853981633974481e-05	1.09951627	27.58006096	0.98553774	0.12759163864626843	0.0216029	0.00046
0.0162	0.0741	0.0382	-0.0010925761117484504	-0.0013665928043115599	6.45771823237902e-05	1.07895029	27.064188	0.96433871	0.06481848394913138	0.0236366	0.00065
0.0157	0.0261	0.0175	-0.0009023352232810684	-0.0015184364492350666	-2.96705972839036e-05	1.04417026	26.19177246	0.94063906	0.09101661564992913	0.0248888	0.00076
0.0143	0.0256	0.0203	-0.0007976154681614085	-0.0016510814723866359	2.792526803190927e-05	1.16086733	29.11898041	0.95072583	0.019448032179352096	0.0245239	0.00081
0.0195	0.0766	0.0522	-0.001155407964820246	-0.0016249015336067207	7.67944870877505e-05	1.22558749	30.74241066	0.99765156	0.10974208272472973	0.0237944	0.00094
0.0116	0.1341	0.0266	-0.0007417649320975902	-0.0014590952546672592	-5.759586531581287e-05	1.09933436	27.57549858	1.00646228	0.12669198320328404	0.0265355	0.00113
0.0135	0.0159	0.0081	-0.00033335788713091696	-0.0014346606451393388	-9.599310885968811e-05	1.08542919	27.22670364	1.01248778	0.16216194490192343	0.0255767	0.00084
0.0269	-0.0597	0.0732	-0.0010576695267085637	-0.0018884462506578647	0.0002548180707911721	1.13448179	28.45713234	1.02211129	0.23054542123735164	0.0198494	0.00056
0.0252	0.0763	0.0893	-0.0011065387457644049	-0.0015987215948268059	4.886921905584123e-05	1.351372	33.89756393	1.01441628	0.1810271363311116	0.0210397	0.00068
0.031	0.1451	0.1212	-0.0013578661580515882	-0.0016057029118347831	0.0001186823891356144	1.27611697	32.00988007	1.01632682	0.12290609496874667	0.0215699	0.00101
0.0219	0.1919	0.1033	-0.0011693705988362008	-0.0017383479349863521	1.3962634015954635e-05	1.112656	27.90965652	0.9953791	0.0950930168743308	0.0252175	0.00172
0.0166	-0.0499	0.1315	-0.0013718287920675431	-0.0016807520696705393	-9.773843811168246e-05	1.36095643	34.1379776	1.10645586	0.29388775653373955	0.0161709	0.00065
0.0236	-0.0494	0.1545	-0.0014049900478554352	-0.0016912240451825054	-6.806784082777885e-05	1.02643657	25.74694443	0.90971262	0.03416519142918808	0.0152209	0.0005
0.0273	-0.0238	0.1513	-0.0014451326206513049	-0.0015481070465189703	7.155849933176751e-05	1.09031439	27.34924507	0.97830449	0.048644295580947565	0.0159778	0.00057
0.0264	0.0465	0.1341	-0.0017697638615222502	-0.0015917402778188286	0.00014311699866353502	1.11515367	27.97230911	0.97996949	0.11039114857512856	0.0170788	0.00051
0.0334	0.0437	0.1373	-0.0018448130193580064	-0.0014695672301792255	0.00019024088846738194	1.11918604	28.0734539	0.94656406	0.025217304763960315	0.016605	0.00033
0.0333	0.0296	0.0966	-0.0017470745812463236	-0.001574286985298885	0.0001972222054753592	1.01567912	25.477108	0.93270539	0.06537197551196597	0.0186984	0.00031
0.0282	-0.0556	0.1037	-0.0016074482410867775	-0.0017313666179783749	8.028514559173915e-05	1.28499138	32.23248672	1.01370646	0.1180821516361328	0.0186608	0.0009
0.036	0.0044	0.1037	-0.0018448130193580064	-0.0014870205226991688	0.00013962634015954637	1.30044591	32.62014389	1.00846977	0.09485260340591209	0.0189333	0.00056
0.0234	0.0216	0.1182	-0.001820378409830086	-0.0015219271077390555	-0.0003717551306747922	1.1767323	29.51693535	0.98097166	0.07283613327010727	0.0186341	0.00057
0.0176	0.1019	0.0947	-0.001403244718603441	-0.001324704902263696	-0.0003769911184307752	1.1653074	29.23035622	0.9900423	0.1405795942228994	0.0227527	0.00144
0.0243	-0.1057	0.1171	-0.0014887658519511632	-0.0011903145498601325	-0.00038397243543875244	1.36699939	34.28955841	1.18703106	0.24804464013796312	0.0190212	0.00127
0.0242	-0.0523	0.1212	-0.0012461650859239514	-0.0010663961729685354	-0.00035604716740684323	1.0872463	27.27228355	0.98735106	0.07732222054753593	0.0199779	0.00146
0.0256	0.0131	0.1422	-0.001254891732183923	-0.0013037609512397642	-0.0005375614096142535	1.21278155	30.42118835	0.96589778	0.10918028333693051	0.0199894	0.00111
0.0238	0.0682	0.1646	-0.0012531464029319286	-0.0011641346110802177	-0.00041713369122664475	1.22887504	30.82487488	0.97058461	0.09238996938995747	0.0194649	0.00119
0.0331	-0.0012	0.1117	-0.0009651670763528643	-0.0011519173063162574	-0.0003054326190990077	1.12160027	28.13401413	0.99059606	0.15219488517353305	0.0199274	0.00133
0.0351	-0.1117	0.105	-0.0008360127117052838	-0.0012688543661998775	-0.00033684854563490564	1.13791156	28.5431633	1.01307071	0.13307536755335492	0.0193579	0.00101
0.0407	-0.0094	0.1364	-0.0011135200627723821	-0.0010000736613927507	-0.00011693705988362007	1.10152161	27.63036537	0.98598613	0.17760997708127552	0.018523	0.00084
0.0427	0.0381	0.123	-0.0006702064327658224	-0.000895353906273091	-0.0001064650843716541	1.10207105	27.64414597	0.99862484	0.09082526803190925	0.0212446	0.00127
0.0438	-0.1083	0.0954	-0.000905825881785057	-0.0009494591130849152	-3.839724354387525e-05	1.28780735	32.30311966	1.07992805	0.19298962483294188	0.0206178	0.00161
0.0473	-0.0653	0.0967	-0.0011711159280881952	-0.0009197885158010115	0.0001256637061435917	1.26589835	31.75355911	0.99832933	0.07075107966372543	0.0203885	0.00149
0.0434	-0.0428	0.1369	-0.0015847589608108511	-0.0008272860654453122	0.00016231562043547262	1.17777586	29.5431118	1.01006028	0.09373986986851181	0.0172865	0.00084
0.0408	0.0414	0.1274	-0.0016249015336067207	-0.0006824237375297829	0.00011344640137963142	1.14681399	28.76646805	1.0079629	0.10799370598836196	0.0181729	0.00074
0.0418	-0.126	0.1172	-0.0014538592669112763	-0.0008848819307611251	8.726646259971648e-05	1.17411339	29.45124245	1.02693509	0.1985840199353351	0.0169776	0.00045
0.0376	-0.0626	0.0973	-0.0014329153158873448	-0.0009861110273767962	-0.00014137166941154068	1.2611568	31.63462448	0.9460509	0.10504055898254298	0.0180686	0.00068
0.0389	0.0208	0.1451	-0.0015428710587629874	-0.0010384709049366262	-4.18879020478639e-05	1.31574726	33.00395966	1.001699	0.14558996938995747	0.0162352	0.00039
0.0387	0.0649	0.1213	-0.001420698011123384	-0.000890117918517108	0.00010821041362364843	1.10018981	27.59695816	0.94149848	0.08913121748653167	0.0175031	0.00051
0.0443	-0.0915	0.1131	-0.0011990411961201044	-0.0009634217471008699	5.93411945678072e-05	1.14015627	28.59946823	1.02490406	0.1873914931321441	0.0162385	0.00029
0.0432	-0.069	0.1296	-0.0012199851471440364	-0.0009965830028887623	-7.330382858376184e-05	1.0362184	25.99231148	0.92615144	0.04943751149816965	0.0160015	0.00037
0.043	-0.0334	0.1395	-0.0013264502315156904	-0.0010175269539126942	-3.490658503988659e-05	1.16896915	29.3222065	0.94376309	0.05399031394697309	0.0163556	0.00056
0.0345	0.0451	0.1455	-0.0014887658519511632	-0.000973893722612836	-0.00012042771838760874	1.2451973	31.2342968	0.97651086	0.10757349925415265	0.016398	0.00034
0.0403	-0.0433	0.1008	-0.0013334315485236678	-0.0006946410422937432	0.00011693705988362007	1.16191745	29.14532089	0.98270761	0.17249758810089083	0.0171254	0.00042
0.0449	-0.1083	0.1218	-0.0012671090369478833	-0.0009581857593448868	0.00016231562043547262	1.10800493	27.79299164	0.9646425	0.10936228945893901	0.0157581	0.00039
0.0451	0.029	0.1475	-0.0018989182261698304	-0.0009773843811168245	0.0003385938748868999	1.14109552	28.62302971	1.04885109	0.2045643032722656	0.0161498	0.00036
0.043	0.0575	0.1528	-0.0019181168479417679	-0.000921533845053006	0.000296705972839036	1.16717219	29.27713203	0.99555691	0.041746852994181	0.0160438	0.00056
0.0411	-0.1025	0.1104	-0.001553343034274953	-0.0011205013797803594	0.000317649923862968	1.19428265	29.95716476	1.06345227	0.23353426497090496	0.0168478	0.00079
0.0456	-0.109	0.1301	-0.0014922565104551516	-0.001420698011123384	0.00035604716740684323	1.26333857	31.68935013	1.06824109	0.05068401993533508	0.0173222	0.00059
0.0468	0.0708	0.1383	-0.0017016960206944712	-0.001218239817892042	0.00041015237421866745	1.36445963	34.22585297	1.10072725	0.21250014551412436	0.0172994	0.00046
0.0438	-0.0148	0.1454	-0.0020420352248333657	-0.0011431906600562858	0.0003089232776029963	1.10060406	27.60734749	0.97746059	0.1215308729295161	0.0145222	0.00045
0.0427	-0.0005	0.1013	-0.0019076448724298022	-0.0010524335389525807	0.000296705972839036	1.04814863	26.29156494	0.95406776	0.07136823891356144	0.0178764	0.0004
0.0431	-0.0854	0.1349	-0.0016598081186466073	-0.0012164944886400475	0.00021642082724729686	1.07740653	27.02546501	0.94846729	0.14350914245312005	0.0158916	0.00043
0.0402	0.0458	0.1447	-0.0016545721308906245	-0.0013369222070276565	2.094395102393195e-05	1.29657304	32.52299881	1.05795244	0.15995702911834783	0.017024	0.00056
0.0393	0.0103	0.1417	-0.0016632987771505957	-0.0012618730491919003	0.00012740903539558605	1.18337119	29.68346405	0.95658403	0.048912044423369085	0.0160362	0.00039
0.0413	-0.0285	0.1056	-0.0014154620233674013	-0.0012199851471440364	0.00019896753472735358	1.11104345	27.86920738	0.95169815	0.0949641577581413	0.016876	0.00045
0.0441	-0.0689	0.123	-0.0013526301702956054	-0.0013369222070276565	0.00016231562043547262	1.08289397	27.16311264	0.95518877	0.07142104136236484	0.0161044	0.00046
0.0454	-0.0446	0.1712	-0.0019076448724298022	-0.0013665928043115599	0.00022863813201125715	1.10808527	27.7950058	0.98066074	0.10635039054969424	0.01339	0.00048
0.0407	0.0584	0.1478	-0.0020176006153054447	-0.0012199851471440364	0.00022863813201125715	1.16506886	29.22437096	0.9797894	0.14392817000215832	0.0160375	0.00037
0.041	-0.0157	0.1276	-0.0017016960206944712	-0.0014049900478554352	0.0002548180707911721	1.05272794	26.4064312	0.94569767	0.12095447170511434	0.0161636	0.00048
0.0388	-0.0385	0.1265	-0.0015393804002589986	-0.0016824973989225337	0.0001291543646475804	1.14536202	28.73004913	0.96922839	0.05437433388230815	0.0165299	0.00057
0.0424	-0.037	0.1646	-0.0018308503853420514	-0.0015323990832510211	0.00028099800957108706	1.27215207	31.91042709	1.02528577	0.0728705972839036	0.0137095	0.00045
0.0363	0.1068	0.1107	-0.0016632987771505957	-0.001296779634231787	0.00027925268031909274	1.17407227	29.45021057	1.03937359	0.22404581932313417	0.0193408	0.00059
0.0412	-0.0689	0.126	-0.0016755160819145565	-0.0013421581947836393	0.00028274333882308137	1.21736753	30.53622055	1.09507352	0.19895432619099007	0.0149115	0.00033
0.038	-0.0777	0.133	-0.0016004669240788003	-0.0014416419621473165	0.0002199114857512855	1.01497507	25.45944595	0.92252869	0.03086823891356147	0.0148878	0.00031
0.043	0.0237	0.1443	-0.0018343410438460403	-0.0014259339988793671	0.00027576202181510406	1.42128778	35.6513176	0.98191319	0.13297163095495035	0.0162505	0.0006
0.0402	0.0661	0.1483	-0.0018936822384138475	-0.0013386675362796509	0.0003298672286269283	1.27054131	31.87002373	0.97622904	0.05923564319896736	0.0160666	0.0005
0.0474	-0.0609	0.1624	-0.001614429558094755	-0.0014957471689591403	0.0002565634000431664	1.18034816	29.6076355	0.99583682	0.17378180707911717	0.0140686	0.00033
0.0496	-0.0616	0.1805	-0.001282817000215832	-0.0015166911199830724	0.00018151424220741024	1.06683171	26.76021004	0.946989	0.042380283336930565	0.0125442	0.00031
0.0468	0.0425	0.2258	-0.0020193459445574393	-0.0014905111812031574	0.0002495820830351891	1.08307099	27.16755104	0.97611615	0.19373883619746504	0.0127454	0.00045
0.0447	0.0319	0.2522	-0.001778490507782222	-0.0016126842288427606	0.0002548180707911721	1.02886546	25.80787086	0.93881849	0.05751322360854015	0.0123572	0.00053
0.0584	-0.0325	0.2217	-0.002015855286053451	-0.0018151424220741027	0.0007173303225696694	1.40989876	35.36563873	1.12264988	0.1537167611640534	0.015833	0.00183
0.0603	0.0145	0.2249	-0.001244419756671957	-0.001858775653373961	0.000783652834145454	1.38778055	34.81082916	1.13596159	0.09616956361285682	0.0150654	0.00085
0.0606	0.1356	0.2596	-0.0017453292519943296	-0.0015132004614790836	0.0007504915783575615	1.09211159	27.39432526	1.00893346	0.20008229715025716	0.0155153	0.0015
0.0642	0.073	0.3244	-0.0026075219024795284	-0.001450368608407288	0.000804596785169386	1.07198858	26.88956261	1.04179846	0.17995648551844096	0.0129815	0.00235
0.0578	0.0693	0.3296	-0.0021991148575128553	-0.0014154620233674013	0.0006754424205218055	1.06282961	26.65982056	1.01140669	0.04392339973270699	0.0126204	0.0018
0.0578	-0.0442	0.2929	-0.0018744836166419098	-0.0012880529879718153	0.0008377580409572782	1.046157	26.24160767	0.97883577	0.1809177948351002	0.0106885	0.00085
0.0539	-0.0217	0.2876	-0.0021519909677090087	-0.0013107422682477415	0.0007190756518216638	0.98548412	24.71970177	0.90575026	0.052643951023931934	0.0104819	0.00057
0.0502	0.0146	0.3193	-0.0021135937241651332	-0.001155407964820246	0.0005619960191421741	1.14146006	28.63217354	0.9150647	0.08924055898254299	0.0106077	0.00062
0.0397	0.1016	0.2573	-0.0018832102629018814	-0.0010384709049366262	0.0005113814708343385	1.21107697	30.37842941	1.00020701	0.17939675347273537	0.0143952	0.00136
0.0425	-0.0054	0.2795	-0.00204378055408536	-0.0011205013797803594	0.000439822971502571	1.12078619	28.11359406	0.96284217	0.14770796326794902	0.0105316	0.00057
0.0428	-0.0687	0.3098	-0.0022130774915288098	-0.0012199851471440364	0.0003665191429188092	1.15873325	29.06544876	0.94002014	0.1110042266695444	0.0095011	0.0004
0.0328	0.059	0.3374	-0.0023963370629882146	-0.0014189526818713899	0.00010471975511965978	1.16921425	29.32835197	0.98836595	0.19750132469929527	0.0110646	0.00048
0.0284	0.0834	0.3359	-0.0024225170017681294	-0.001609193570338772	0.00037350045992678646	1.01237082	25.39412308	0.93407453	0.05456007660272119	0.0107458	0.00048
0.0329	-0.0214	0.3357	-0.002129301687433082	-0.0016615534478986017	0.00035081117965086024	1.01123595	25.36565399	0.93447672	0.12791322360854016	0.00924003	0.00034
0.0341	-0.116	0.3582	-0.0022689280275926286	-0.001579522973054868	0.00034906585039886593	1.03168643	25.87863159	0.94133289	0.12947010721276372	0.00905472	0.00029
0.0318	0.001	0.3759	-0.0029146998508305304	-0.001429424657383356	0.0004886921905584122	1.09260333	27.40666008	0.98863694	0.183774823953448	0.00877148	0.00017
0.0276	0.0747	0.3783	-0.002960078411382383	-0.0012932889757277981	0.0005113814708343385	1.06307781	26.66604805	0.94954889	0.09051017612416684	0.00946921	0.00028
0.0298	-0.0632	0.3447	-0.0028012534494508993	-0.0012269664641520136	0.000486946861306418	1.04875827	26.30685806	0.97828163	0.18617910415175948	0.00843757	0.00023
0.0264	-0.1249	0.3536	-0.0027192229746071652	-0.0016109388995907662	0.0003298672286269283	1.0258069	25.73115158	0.94117003	0.1051541271480988	0.0088495	0.00022
0.0249	0.0255	0.3642	-0.0030368728984701333	-0.0016196655458507376	0.0003316125578789226	1.10398281	27.69210052	1.02386119	0.1789060949687467	0.0104625	0.00046
0.0262	0.0504	0.3808	-0.002975786374650332	-0.001593485607070823	0.0004904375198104066	1.09203625	27.39243507	0.96570861	0.05510457122656	0.00985539	0.0005
0.0247	-0.0569	0.3152	-0.0026005405854715507	-0.001616174887346749	0.0004468042885105483	1.0841608	27.19488716	1.01770738	0.1964784150377283	0.0105053	0.00036
0.0237	-0.0611	0.3148	-0.002478367537831948	-0.0018989182261698304	0.0002740166925631097	1.04470074	26.20508003	0.90984015	0.0344851991205061	0.0107607	0.00054
0.0243	0.0342	0.3526	-0.0026546457922833754	-0.001811651763570114	0.0004310963252425994	1.24726963	31.28628159	0.99407173	0.15473121748653165	0.0107174	0.0006
0.0219	0.0421	0.3103	-0.0018709929581379211	-0.0016982053621904826	0.00042236967898262774	1.15297031	28.92089462	0.99846467	0.09789129408925289	0.0117131	0.00057
0.0313	-0.0792	0.2873	-0.0018064157758141308	-0.001514945790731078	0.0006684611035138282	1.09894907	27.56583405	1.00204202	0.1783964089157198	0.00962073	0.00019
0.0335	-0.0348	0.3095	-0.0018413223608540175	-0.0014643312424232424	0.0007190756518216638	1.05856538	26.55285835	0.93137731	0.07560678408277789	0.00977582	0.00019
0.0311	-0.0225	0.3451	-0.002438224965036078	-0.001410226035611418	0.0005113814708343385	1.048895	26.31028748	0.93735917	0.09323509959906053	0.00870967	0.00023
0.0247	0.0152	0.3481	-0.0023701571242082994	-0.0012199851471440364	0.00034906585039886593	1.17716992	29.52791214	0.96837171	0.06813121748653166	0.00985205	0.00026
0.0234	-0.0045	0.3275	-0.002197369528260861	-0.00119729586686811	0.0003892084231947355	0.98919916	24.8128891	0.91389235	0.05338097245096172	0.00932956	0.00033
0.0234	-0.066	0.3472	-0.00238237442897226	-0.0013037609512397642	0.0003769911184307752	1.04666793	26.25442505	0.93006858	0.09638436449235069	0.00902838	0.00029
0.021	-0.0944	0.3546	-0.002432988977280095	-0.0014224433403753785	0.0002705260340591211	1.15856218	29.06115913	0.93840938	0.051988101090755176	0.00921422	0.00031
0.0223	-0.0101	0.3982	-0.002900737216814576	-0.0014608405839192536	0.00030368728984701333	1.26754105	31.79476547	1.02272455	0.1561653369433124	0.00903141	0.00039
0.0165	0.0088	0.3469	-0.002522000769131806	-0.001410226035611418	0.0003525565089028545	1.06388378	26.68626404	0.96058171	0.09991101075232232	0.00875652	0.00029
0.0226	-0.0294	0.3324	-0.002150245638457014	-0.0015603243512829306	0.0002443460952792061	1.01523244	25.46590233	0.93004803	0.09030319299849764	0.00841951	0.00015
0.0258	-0.114	0.3588	-0.002457423586808016	-0.0017121679962064373	0.0002722713633111154	1.08871222	27.30905533	0.96758912	0.13854734306532093	0.00834155	0.00015
0.0242	0.0743	0.3983	-0.0029129545215785357	-0.0015812683023068625	0.00035430183815484887	1.25093961	31.37833786	1.02835496	0.2628230551756914	0.00998712	0.00043
0.0229	-0.0058	0.3404	-0.0024975661596038853	-0.0016528268016386303	0.00027925268031909274	1.21365118	30.4430027	0.98396187	0.1673998009571087	0.00935692	0.00042
0.0239	-0.0807	0.3465	-0.0022776546738526	-0.0016982053621904826	0.0003473205211468716	1.27072668	31.87467384	0.97183365	0.0986678943565458	0.00862986	0.00025
0.0199	-0.0253	0.3643	-0.0026197392072434887	-0.0014800392056911916	0.00026354471705114377	1.13498068	28.46964455	0.97174884	0.1094013246992954	0.00876462	0.00036
0.017	0.0649	0.3768	-0.0029269171555944902	-0.0013177235852557187	0.00032812189937493397	1.1290139	28.3199749	1.01740316	0.13230353755551325	0.00891626	0.00022
0.0176	-0.0351	0.344	-0.002645919146023404	-0.001377064779823526	0.0002548180707911721	1.03216743	25.89069748	0.94424738	0.15408215163613284	0.00753349	0.0002
0.0166	-0.0418	0.3657	-0.0024312436480281013	-0.0016283921921107093	0.0002251474735072685	0.99655217	24.99732971	0.8944084	0.05418367537831953	0.00794005	0.00012
0.0189	0.0026	0.3853	-0.0028658306317746896	-0.0016423548261266642	0.0002007128639793479	1.24715376	31.28337288	0.93027819	0.08994921136452312	0.008959	0.0004
0.018	0.0676	0.3971	-0.0030211649352021846	-0.0013404128655316449	0.00027925268031909274	1.23507571	30.98041153	0.95418204	0.10449080401811298	0.00980139	0.00033
0.0181	-0.0226	0.3573	-0.002542944720155738	-0.0014154620233674013	0.00023387411976724014	1.1062938	27.75006866	0.95497978	0.16003239667170277	0.00835699	0.00031
0.0228	-0.0521	0.3646	-0.002389355745980237	-0.001556833692778942	0.00028623399732707005	1.0668174	26.75985146	0.92977097	0.05886602605734356	0.00810075	0.00019
0.0227	-0.0548	0.3685	-0.002469640891571976	-0.0014381513036433276	0.0002652900463031381	1.06541371	26.72463989	0.92217313	0.01769557428756428	0.00867265	0.00015
0.0226	0.0801	0.3875	-0.002790781473938933	-0.0013962634015954637	0.00034033920413889426	1.4157604	35.51267242	0.9858486	0.17590388211252883	0.0105244	0.00051
0.0222	0.0644	0.3439	-0.0026878070480712674	-0.0014573499254152652	0.0002373647782712288	1.24484551	31.22547531	1.00199666	0.07305176877775664	0.011609	0.00065
0.0314	-0.0907	0.3682	-0.0022706733568446224	-0.0015550883635269475	0.00041015237421866745	1.3740027	34.46522903	1.03728464	0.22298298626428836	0.0098145	0.00031
0.0313	-0.0432	0.3911	-0.0031084313978019013	-0.0012409290981679683	0.0005480333851262194	1.16543925	29.23366165	0.980177	0.13498991586119047	0.00854576	0.00022
0.0236	0.0407	0.4099	-0.003337069529813158	-0.0011763519158441782	0.00048171087355043494	1.05944049	26.57480812	0.9542864	0.12837689129554156	0.00896579	0.00034
0.0227	-0.0336	0.3712	-0.002981022362406315	-0.0011431906600562858	0.0004363323129985824	1.02455163	25.69966316	0.94371594	0.1356293491873294	0.00889093	0.00033
0.023	-0.0961	0.3775	-0.0028763026072866553	-0.001265363707695889	0.00043458698374658803	1.1001575	27.59614563	0.9259391	0.08053190660056289	0.00838178	0.00023
0.0226	-0.0024	0.3987	-0.003262020371977402	-0.0013142329267517303	0.0005707226654021458	1.19641757	30.01071548	0.99658993	0.1438361332701073	0.00884348	0.00028
0.0191	0.0401	0.3696	-0.0031311206780778272	-0.0012514010736799342	0.0006038839211900379	1.08775783	27.28511429	0.95503035	0.08644464013796317	0.00944823	0.00042
0.0218	-0.088	0.3521	-0.0027611108766550296	-0.0012374384396639797	0.0004991641660703782	1.10871553	27.81081581	0.99997561	0.17273460952792055	0.00908583	0.00057
0.0194	-0.0962	0.3549	-0.0025865779514555962	-0.0013962634015954637	0.0003665191429188092	1.0659411	26.73786736	0.95849084	0.03670014551412429	0.00860959	0.00033
0.0173	0.0075	0.3921	-0.0026790804018112955	-0.0017034413499464657	0.00017104226669544429	1.1621989	29.1523819	0.97323686	0.17275786374650332	0.00867712	0.00023
0.0229	-0.0828	0.3496	-0.0020769418098732523	-0.001361356816555577	0.0002705260340591211	1.21216381	30.40569115	0.9658415	0.1905853446346304	0.00869906	0.00028
0.026	-0.1339	0.3543	-0.00199142067652553	-0.0014119713648634124	0.00028099800957108706	1.14705157	28.77243042	0.94525318	0.06623038285837617	0.00943112	0.00039
0.0241	-0.0343	0.3558	-0.0020699604928652747	-0.001361356816555577	0.00035430183815484887	1.29678917	32.52841949	1.00248807	0.11312290966156709	0.00918037	0.00026
0.0227	-0.0185	0.4029	-0.003026400922958167	-0.001117010721276371	0.00041189770347066176	1.15406227	28.94828415	0.98030128	0.12721911953439552	0.00872767	0.00031
0.0223	0.005	0.4048	-0.003186971214141646	-0.00102799892942466	0.0005270894341022875	1.11175573	27.88707352	0.96156795	0.04403869068334079	0.00952667	0.00026
0.0222	-0.0078	0.3726	-0.002893755899806598	-0.0011047934165124105	0.00047822021504644627	1.08591557	27.23890495	0.9613145	0.06604395102393197	0.00956082	0.00033
0.0188	-0.084	0.379	-0.0027244589623631483	-0.001181587903600161	0.0003106686068549907	1.14254498	28.65938568	0.9337524	0.10668215163613282	0.00912333	0.00028
0.0153	-0.0326	0.4175	-0.00334579617607313	-0.0010733774899765126	0.000450294947014537	1.18420517	29.70438385	0.97195642	0.1368586983746588	0.00904697	0.00025
0.0121	-0.0091	0.3757	-0.0030176742766981957	-0.0010471975511965976	0.0005305800926062762	1.05842173	26.54925537	0.94716529	0.0902293491873294	0.00860184	0.00028
0.018	-0.069	0.3588	-0.0024678955623199817	-0.001059414855960558	0.0005113814708343385	1.0701642	26.8438015	0.95977661	0.11175973204570556	0.00833029	0.00036
0.0133	-0.0497	0.3571	-0.0026441738167714093	-0.001181587903600161	0.0004415683007545654	1.01968133	25.57749748	0.92109516	0.04411322360854023	0.00854844	0.00033
0.0121	-0.0315	0.3801	-0.0029234264970905022	-0.0010681415022205296	0.00030194196059501896	1.031075	25.86329269	0.9289799	0.06901627109291356	0.00835645	0.00026
0.0126	-0.0661	0.3153	-0.0024242623310201236	-0.0009965830028887623	0.000312413936106985	1.06678176	26.758955	0.93798125	0.12895973204570557	0.00806469	0.00025
0.0183	-0.0756	0.315	-0.002118829711921116	-0.0011623892818282235	0.0002740166925631097	1.07078171	26.85928917	0.89882916	0.04098180707911724	0.00871873	0.00037
0.0156	-0.0849	0.3144	-0.0021380283336930534	-0.0013212142437597075	0.00016929693744344995	1.20068312	30.11771393	0.94456312	0.026737166941154057	0.00910962	0.00015
0.0189	0.0144	0.3991	-0.0029164451800825246	-0.0011955505376161158	0.00040840704496667313	1.2758348	32.0028038	1.02847427	0.24445953300281428	0.00932252	0.00046
0.0138	0.0605	0.3442	-0.002780309498426967	-0.0010925761117484504	0.0003612831551628262	1.10610664	27.74537277	0.97040646	0.12041169986635349	0.00980043	0.00034
0.0207	-0.0828	0.3485	-0.002356194490192345	-0.0010960667702524388	0.0002722713633111154	1.15182161	28.8920784	0.99985061	0.180330872929516	0.00836027	0.00025
0.0174	-0.038	0.3379	-0.002389355745980237	-0.001117010721276371	0.00031415926535897925	1.02843976	25.79719162	0.92050239	0.0634996554429844	0.00843734	0.00017
0.0087	0.019	0.3842	-0.0030072023011862297	-0.0010629055144645468	0.0003595378259108319	1.02829623	25.79359245	0.92805207	0.14786651612848348	0.00857711	0.0002
0.0141	0.015	0.3394	-0.0027628562059070234	-0.001059414855960558	0.0004380776422505767	1.12866759	28.31128883	0.93439648	0.07051882850614699	0.00887465	0.00029
0.0171	-0.0847	0.3342	-0.002478367537831948	-0.0012880529879718153	0.0004049163864626844	1.10510433	27.72023201	0.94652289	0.13521440279371125	0.00844646	0.00022
0.0196	-0.1124	0.3346	-0.0024801128670839424	-0.0013334315485236678	0.00034033920413889426	1.1180656	28.04534912	0.91796964	0.03618505360638188	0.00829071	0.00015
0.0246	-0.0016	0.3718	-0.0026773350725593018	-0.0012531464029319286	0.0004886921905584122	1.21746004	30.53854179	1.01488169	0.17429301687433085	0.00905764	0.00045
0.0168	0.0476	0.2973	-0.002054252529597326	-0.0008377580409572782	0.00046425758103049166	1.15068102	28.86346817	1.00121869	0.1846452757232273	0.0102214	0.00029
0.0186	-0.1205	0.3139	-0.002141518992197042	-0.0009529497715889039	0.000312413936106985	1.1701194	29.35105705	1.01908364	0.2042150919077424	0.00802565	0.00015
0.0186	-0.0988	0.3091	-0.001895427567665842	-0.0011536626355682519	0.00027576202181510406	1.03028548	25.84348869	0.91797884	0.05067281014012148	0.0092271	0.00026
0.0193	-0.0183	0.358	-0.0023457225146803788	-0.001059414855960558	0.000291469985083053	1.31201553	32.91035461	1.05312909	0.158112534494509	0.00972253	0.00026
0.0133	0.0056	0.3243	-0.0023753931119642824	-0.0010821041362364843	0.0002565634000431664	1.23967683	31.09582329	0.9738472	0.06796332312998585	0.00914907	0.00028
0.019	-0.0995	0.3276	-0.002087413785385218	-0.001064650843716541	0.0003682644721708035	1.11228704	27.90040207	0.9552586	0.13495668456133228	0.00844395	0.00019
0.0206	-0.0913	0.3123	-0.0021851522234969008	-0.0010786134777324957	0.0003351032163829112	1.06210124	26.64155197	0.93143654	0.03234311639577647	0.00871176	0.0002
0.0233	-0.0266	0.3779	-0.0029653143991383657	-0.001090830782496456	0.0004363323129985824	1.11148667	27.88032532	1.00916081	0.1776804288510548	0.00900066	0.00029
0.0147	-0.0422	0.3261	-0.002633701841259443	-0.000932005820564972	0.0005393067388662478	1.05883276	26.55956459	1.00658749	0.1056705972839036	0.00883454	0.00029
0.02	-0.1176	0.3279	-0.0023963370629882146	-0.0009704030641088471	0.0005602506898901797	1.03157961	25.87595177	0.93649743	0.09733529864195177	0.00914478	0.00023
0.0205	-0.0817	0.3386	-0.002357939819444339	-0.0010506882097005862	0.0005899212871740833	1.151968	28.89575195	0.93029455	0.05451764932097591	0.00907069	0.00028
0.0194	-0.0119	0.3975	-0.002820452071222836	-0.001254891732183923	0.0006579891280018621	1.24483716	31.2252636	1.0356464	0.16653918075448065	0.011367	0.00046
0.0082	-0.0986	0.34	-0.0024277529895241124	-0.0010803588069844899	0.0005288347633542819	1.14575613	28.73993301	1.02185788	0.1902193185772868	0.00931305	0.00042
0.0078	-0.065	0.3251	-0.0019949113350295183	-0.001158898623324235	0.0004433136300065597	1.08596838	27.24023056	0.93768608	0.07874513020910308	0.00941712	0.00022
0.0104	-0.0288	0.3323	-0.0022724186860966175	-0.00124965574442794	0.0004206243497306334	1.0673908	26.77423286	0.92975345	0.06554768762233651	0.00869787	0.00023
0.0139	-0.0236	0.3572	-0.0027244589623631483	-0.0011449359893082802	0.0004904375198104066	1.06772757	26.78268051	0.92974099	0.06492866007329821	0.00875401	0.00036
0.012	-0.0269	0.3181	-0.002490584842595908	-0.0010978120995044332	0.00047822021504644627	1.09635973	27.50088501	1.01789124	0.05896076571675239	0.0103041	0.00025
0.0188	-0.0646	0.3395	-0.0020001473227855013	-0.001223475805648025	0.0004415683007545654	1.05989087	26.58610725	0.98851851	0.09853765701229401	0.00844193	0.00011
0.0173	-0.0448	0.3276	-0.0019669860669976093	-0.0013421581947836393	0.0004014257279586958	1.17034996	29.35684204	0.90832333	0.04279931088596882	0.00927639	0.00031
0.0225	0.0244	0.3743	-0.002537708732399755	-0.0013159782560037243	0.0004991641660703782	1.31537628	32.99465561	1.01393276	0.15583205211468715	0.00919169	0.00042
0.0162	0.1055	0.3343	-0.002045525883337354	-0.0012025318546240932	0.00039793506945470715	1.08354342	27.1794014	0.95725042	0.16274291735288515	0.0109357	0.00054
0.0165	-0.0929	0.3273	-0.0019233528356977512	-0.0012409290981679683	0.0003385938748868999	1.15332496	28.9297905	1.04302884	0.21669557428756425	0.00824285	0.00029
0.0144	-0.1036	0.335	-0.0020751964806212577	-0.0013491395117916165	0.0001675516081914556	1.04212284	26.14041519	0.93546669	0.04205481626212999	0.00826776	0.00017
0.0147	-0.0006	0.379	-0.0029112091923265415	-0.0011850785621041497	0.00019198621771937622	1.1016705	27.63409996	0.9652117	0.1985254135460336	0.00856656	8e-05
0.013	0.0914	0.3749	-0.002647664475275398	-0.001117010721276371	0.0003595378259108319	1.27843273	32.06797028	0.99293539	0.12275820830351888	0.0111275	0.0007
0.0172	-0.1249	0.3484	-0.002389355745980237	-0.0012409290981679683	0.0003944444109507184	1.26243126	31.66659164	1.07669145	0.26785668456133227	0.00874692	0.00037
0.0226	-0.1004	0.336	-0.0019582594207376374	-0.0012775810124598492	0.0004886921905584122	1.1834501	29.68544388	0.94607492	0.07039980095710867	0.00901151	0.00025
0.0368	-0.0224	0.3974	-0.0026930430358272505	-0.0011274826967883368	0.0007679448708775049	1.20962322	30.34196472	0.99931084	0.2118067305540109	0.00917065	0.00037
0.0211	0.0673	0.3764	-0.002754129559647052	-0.0009826203688728075	0.0007557275661135446	1.09369433	27.43402672	0.99528743	0.1373083078249645	0.00951892	0.00037
0.0185	-0.1065	0.3398	-0.0026267205242514655	-0.001043706892692609	0.0005916666164260777	1.13593125	28.49348831	1.02906429	0.2306278254451428	0.00893402	0.0002
0.0173	-0.0615	0.3529	-0.0024294983187761066	-0.0010943214410004448	0.0004136430327226561	1.07113051	26.86803818	0.97593116	0.08059301687433083	0.00857645	0.00015
0.012	-0.0151	0.3742	-0.0027035150113392165	-0.0010053096491487337	0.00042236967898262774	1.17019808	29.35303307	1.00597794	0.0915877565337396	0.00961751	0.00046
0.0153	0.0175	0.3608	-0.002331759880664424	-0.0010262536001726657	0.0005305800926062762	1.13656783	28.50945663	0.93702374	0.07434547476611862	0.0109476	0.00045
0.0144	-0.0946	0.3449	-0.0023003439541285265	-0.0013648474750595659	0.00029845130209103034	1.2632463	31.68703651	1.04242954	0.1590069295969022	0.00840139	0.00015
0.0098	-0.102	0.3415	-0.0020839231268812296	-0.001256637061435917	0.0001884955592153876	1.1461302	28.74931717	0.93898166	0.037129349187329366	0.00837487	0.00019
0.0084	-0.0443	0.3853	-0.0025586526834236872	-0.0011955505376161158	8.028514559173915e-05	1.13252914	28.40815163	0.96258049	0.13510132469929528	0.00804347	0.00014
0.0101	-0.048	0.3745	-0.002282890661608583	-0.0015655603390389136	6.45771823237902e-05	1.13112938	28.37304115	0.91419333	0.049273989325292526	0.00863922	0.00022
0.0159	-0.1281	0.3529	-0.0020176006153054447	-0.0017400932642383465	6.632251157578452e-05	1.10712397	27.7708931	0.95996504	0.12957841503772827	0.00904834	0.00036
0.0205	-0.1309	0.3609	-0.001954768762233649	-0.0017051866791984597	0.00017802358370342162	1.17728901	29.53089905	0.93348256	0.02587197551196599	0.00924945	0.00022
0.0146	-0.0004	0.3895	-0.0023911010752322315	-0.0015690509975429022	0.0001884955592153876	1.237674	31.04558372	1.01450933	0.19414699850830527	0.00953311	0.00048
0.011	0.0864	0.3752	-0.0026825710603152844	-0.00147131255943122	0.00013439035240356338	1.0644815	26.7012558	0.98668383	0.126865681500328	0.0106618	0.00063
0.0146	-0.1142	0.3807	-0.002775073510670984	-0.001387536755335492	0.0002600540585471551	1.14782143	28.79174042	1.05147182	0.22479709802975092	0.00884753	0.00036
0.0127	-0.0742	0.3832	-0.0026790804018112955	-0.0015481070465189703	0.0001675516081914556	1.02142346	25.62119675	0.94278875	0.0618532925199433	0.00927436	0.0005
0.0089	-0.0227	0.4297	-0.00308399678827398	-0.0016772614111665507	0.00015184364492350666	1.05647993	26.5005455	0.97840506	0.12928893571891073	0.00999755	0.00068
0.0166	-0.1004	0.3695	-0.0026563911215353696	-0.0016912240451825054	0.00017627825445142725	1.07409179	26.94231987	0.95559961	0.16890014551412433	0.00994676	0.00059
0.0173	-0.1562	0.3858	-0.0026354471705114374	-0.002118829711921116	0.00011519173063162575	1.24034727	31.11264229	0.97323242	0.0982818070791172	0.011364	0.00084
0.0104	-0.0209	0.4044	-0.0027157323161031764	-0.0019408061282176943	5.585053606381854e-05	1.31731498	33.04328537	1.02687194	0.1766824961931484	0.0109153	0.00057
0.006	-0.0013	0.3661	-0.002436479635784084	-0.0018029251173101424	0.00018151424220741024	1.15404713	28.94790459	0.98830818	0.0894398698685118	0.00983155	0.00056
0.0222	-0.172	0.366	-0.0025237460983838006	-0.0017662732030182616	0.000312413936106985	1.20859361	30.31613731	1.08069051	0.19974090353955856	0.00962412	0.00017
0.0209	-0.1336	0.3706	-0.002453932928304027	-0.001759291886010284	0.00027750735106709843	1.13553238	28.48348236	0.92898998	0.049885053606381846	0.00985241	0.00043
0.014	-0.0241	0.4047	-0.0027366762671271086	-0.0017924531417981763	9.075712110370512e-05	1.32945597	33.34782791	1.09600336	0.1756327412287184	0.0101408	0.00045
0.0134	-0.0528	0.4008	-0.0023527038316883565	-0.0015114551322270892	6.632251157578452e-05	1.21691465	30.52486038	0.97477232	0.067670252726888	0.00889212	0.0004
0.0126	-0.1665	0.3771	-0.002181661564992912	-0.0014905111812031574	-1.7453292519943294e-06	1.11345136	27.92960739	0.97586466	0.15120270292735777	0.00904304	0.00036
0.0121	-0.1911	0.408	-0.002516764781375823	-0.0015987215948268059	-9.250245035569947e-05	1.09596312	27.49093628	0.93495056	0.08270353755551318	0.00974983	0.00022
0.0091	-0.0852	0.3999	-0.0023771384412162766	-0.0015428710587629874	-7.67944870877505e-05	1.11026645	27.84971809	0.94820775	0.12755924197456567	0.0093078	0.00037
0.0069	-0.0308	0.4459	-0.002848377339254746	-0.0016109388995907662	-0.0001012290966156711	1.31250453	32.92261887	1.02933648	0.13078706741970847	0.0100144	0.00026
0.0028	-0.0939	0.4377	-0.0026162485487395003	-0.0016598081186466073	-9.42477796076938e-05	1.2007978	30.1205883	0.97369452	0.08979896632895323	0.0100828	0.00036
0.0015	-0.1478	0.406	-0.0027244589623631483	-0.0018151424220741027	-8.726646259971648e-05	1.06830192	26.79708862	0.95087719	0.100426301702956	0.009498	0.00022
0.0082	-0.153	0.41	-0.0031293753488258326	-0.0016772614111665507	-8.901179185171081e-05	1.05354023	26.42680931	0.93755845	0.043127136331111496	0.00992167	0.00037
0.0045	-0.1234	0.4481	-0.003378957431861022	-0.0018064157758141308	-6.108652381980153e-05	1.03732955	26.02018356	0.94046284	0.09173308578573396	0.010098	0.00026
-0.0023	-0.046	0.4346	-0.0034086280291449255	-0.0019844393595175526	-0.0002024581932313422	1.10495329	27.71644402	0.95210042	0.11515329251994331	0.00949883	0.00025
0.0013	-0.1244	0.4183	-0.0030647981665020423	-0.0022497294058206906	-0.00026354471705114377	1.06251705	26.65198135	0.95213922	0.13181032163829112	0.00924271	0.00014
-0.0011	-0.0912	0.4013	-0.0028902652413026098	-0.0024207716725161347	-0.0003612831551628262	1.15207303	28.898386	0.93998537	0.07476568150032797	0.00876141	0.00029
-0.0089	-0.0751	0.4585	-0.0035046211380046137	-0.00200363798128949	-0.0002565634000431664	1.17663682	29.51453972	0.98178836	0.13791046715241545	0.00977474	0.00034
-0.0195	-0.0692	0.4201	-0.003375466773357033	-0.001956514091485643	-0.0002181661564992912	1.09906733	27.56880188	0.95803343	0.06563377489976518	0.00858998	0.00025
-0.0142	-0.1736	0.4133	-0.0033353242005611634	-0.0021223203704251047	-0.0003106686068549907	1.10983753	27.83895874	0.97634904	0.13142256510455147	0.00951409	0.00033
-0.0188	-0.1998	0.405	-0.003159045946109736	-0.0021607176139689798	-0.00040317105721069014	1.23631191	31.0114193	0.96298792	0.054458897417550056	0.011619	0.0005
-0.015	-0.0741	0.4449	-0.0035360370645405115	-0.002118829711921116	-0.00039968039870670147	1.35227191	33.92013931	1.10523029	0.19051848394913137	0.0101647	0.00028
-0.0179	-0.0213	0.4309	-0.0035098571257605967	-0.0019861846887695473	-0.0003961897402027128	1.20054209	30.11417389	0.96085394	0.07781578102177361	0.0092991	0.00031
-0.0095	-0.0972	0.3868	-0.0032550390549694243	-0.0021118483949131386	-0.0003700098014227979	1.063797	26.68408585	0.95121857	0.1487330857857339	0.00818157	0.0002
-0.0066	-0.1744	0.407	-0.0029967303256742636	-0.002118829711921116	-0.0004886921905584122	1.06754792	26.77817345	0.95410638	0.1194986217719376	0.00900865	0.00026
-0.0057	-0.0214	0.4738	-0.003829252378875559	-0.002057743188101315	-0.00029496064358704166	1.14004612	28.59670639	1.02713406	0.2750670061996234	0.00894541	0.00017
-0.0043	-0.0452	0.4049	-0.0035447637108004834	-0.0017366026057343581	-4.886921905584123e-05	1.03781509	26.03236008	0.93808361	0.13668603374866165	0.00801623	0.00028
0.0003	-0.1945	0.3972	-0.0030455995447301047	-0.0018238690683340744	-3.141592653589793e-05	1.08485806	27.21237946	0.97641876	0.19179419605950193	0.00980002	0.0004
0.0002	-0.1199	0.4066	-0.003190461872645634	-0.0019058995431778078	3.4906585039886588e-06	1.1823982	29.65905762	0.96903163	0.09718996938995747	0.00897092	8e-05
-0.0049	-0.0225	0.4527	-0.003902556207459321	-0.0018064157758141308	3.839724354387525e-05	1.30488038	32.73137665	1.07341037	0.19092423436086253	0.0110608	0.00042
-0.0077	-0.0675	0.3825	-0.003415609346152903	-0.0018081611050661253	-1.5707963267948964e-05	1.10940421	27.82809067	0.99750085	0.14513986986851182	0.00823271	0.00026
-0.0049	-0.1435	0.3885	-0.0031468286413457764	-0.0018622663118779497	-0.00014311699866353502	1.08059978	27.10556602	0.94730197	0.10731474735072684	0.00812733	0.00026
-0.0069	-0.0544	0.4137	-0.0035499996985564664	-0.0016458454846306526	-0.000148352986419518	1.0898236	27.33693314	0.94179501	0.1475413936106985	0.00823063	0.00019
-0.0076	-0.0097	0.4158	-0.0036896260387160127	-0.0017174039839624202	-0.0001308996938995747	1.31011999	32.86280823	0.93816755	0.05893190660056284	0.00942117	0.0009
-0.0058	-0.1304	0.3937	-0.003152064629101759	-0.001790707812546182	-0.0002722713633111154	1.1657058	29.24034691	0.99336583	0.18221184538047783	0.00936389	0.00034
-0.0069	-0.1097	0.4126	-0.002909463863074547	-0.0018814649336498872	-0.00023212879051524583	1.1631881	29.1771946	0.93809207	0.05937502299633936	0.00893092	0.00029
-0.0063	-0.0816	0.4621	-0.0031084313978019013	-0.0018046704465621369	-0.00014137166941154068	1.14631164	28.75387001	0.96471781	0.09652595714594048	0.00950831	0.00022
-0.0035	-0.0853	0.5028	-0.00408756110817072	-0.0013665928043115599	-0.0002251474735072685	1.10792577	27.79100609	1.00539498	0.12224915783575616	0.0107269	0.00039
-0.0046	-0.2111	0.4458	-0.0031311206780778272	-0.0014974924982111347	-0.00028099800957108706	1.09910977	27.56986618	1.00631984	0.24105953300281435	0.0100221	0.00025
-0.0	-0.1883	0.4767	-0.0032026791774095948	-0.0015655603390389136	-0.00022165681500327985	1.05431473	26.44623566	0.95089049	0.06824837673636773	0.0103651	0.00023
-0.0004	-0.1731	0.4857	-0.003563962332572421	-0.001626646862858715	-0.00026354471705114377	1.21758783	30.54174614	0.91634461	0.04781287905152458	0.0107604	0.00037
-0.0029	-0.0662	0.5415	-0.004473278872861466	-0.0016790067404185449	-0.00022689280275926284	1.28071642	32.12525177	1.00161019	0.21511641660703773	0.0121385	0.00028
-0.0082	-0.0806	0.4791	-0.0042935099599060505	-0.0016702800941585732	-0.0001239183768915974	1.14663696	28.76202774	0.99069535	0.09667349925415261	0.0109044	0.00036
0.0048	-0.193	0.4754	-0.0041556289489984985	-0.001811651763570114	-0.0001064650843716541	1.13834941	28.55414581	0.99038272	0.14393529864195187	0.0117761	0.00043
0.0092	-0.127	0.503	-0.004696681017116741	-0.0018343410438460403	-1.9198621771937625e-05	1.05430424	26.44597244	0.95227517	0.13055039054969425	0.0119765	0.00045
0.0067	-0.0171	0.5263	-0.005026548245743668	-0.0017086773377024485	0.00011693705988362007	1.11073887	27.86156654	0.9661131	0.16528333082130384	0.0122018	0.00062
0.0037	-0.1679	0.4703	-0.004213224814314312	-0.0016510814723866359	8.726646259971648e-06	1.09034383	27.34998322	1.01573165	0.2587564855184408	0.0108277	0.0002
-0.0017	-0.1875	0.4761	-0.0040282199136029125	-0.002145009650701031	-9.250245035569947e-05	1.04748106	26.27482033	0.92098241	0.06980810878207333	0.0111117	0.00029
-0.0058	-0.0669	0.4983	-0.00436157780073383	-0.0017715091907742446	1.7453292519943294e-06	1.20963514	30.34226227	0.98627611	0.18695530633326993	0.0104968	0.00033
-0.0102	-0.1182	0.4643	-0.003956661414271145	-0.0017558012275062952	-0.00021118483949131387	1.10622001	27.74821663	0.97030936	0.12137772592369717	0.00989187	0.00036
0.0	-0.1963	0.3849	-0.00326551103048139	-0.0017435839227423352	-0.0002443460952792061	1.06158662	26.62864304	0.96658267	0.20452644721708035	0.00917262	0.00023
0.002	-0.2066	0.3923	-0.003639011490408177	-0.0021170843826691216	-0.00020943951023931956	1.08086884	27.11231232	0.97447299	0.05879537524467296	0.0103185	0.00033
-0.0073	-0.1249	0.4996	-0.0034574972482007667	-0.0026616271092913526	-0.0003961897402027128	1.24099016	31.12876701	1.06585346	0.2439403599396517	0.0104743	0.00023
-0.0176	-0.2054	0.4513	-0.0036425021489121657	-0.0030211649352021846	-0.000705113017805709	1.10851836	27.80587006	0.97270004	0.18177330021126137	0.0107407	0.00015
-0.0116	-0.2352	0.4777	-0.003626794185644217	-0.0024591689160600103	-0.0005707226654021458	1.06843591	26.80044937	0.93308878	0.09780471674068435	0.0118834	0.00056
-0.0148	-0.2134	0.4964	-0.004054399852382828	-0.0026284658535034606	-0.0006492624817418905	1.11973393	28.08719826	0.92561486	0.07747212102609027	0.0125671	0.00037
-0.0205	-0.1006	0.5275	-0.004262094033370152	-0.0024801128670839424	-0.0005131268000863328	1.17898309	29.57339478	0.97706993	0.17420914245311997	0.0110819	0.00029
-0.0215	-0.1282	0.4726	-0.004113741046950634	-0.0024120450262561633	-0.0005637413483941684	0.9669562	24.25494957	0.90082776	0.09685176877775663	0.00962585	0.00025
-0.0163	-0.1892	0.4888	-0.0037367499285198597	-0.0025446900494077327	-0.000582939970166106	1.03496909	25.96097183	0.93246323	0.10884173816771404	0.0110531	0.00029
-0.0109	-0.1068	0.5129	-0.004220206131322289	-0.0025324727446437724	-0.00041189770347066176	1.02950585	25.82393456	0.95274842	0.14523578871309167	0.0104649	0.00025
-0.0179	-0.0927	0.5294	-0.004455825580341524	-0.0024033183799961914	-0.000291469985083053	0.99410224	24.93587685	0.91918577	0.061860076602721206	0.0110629	0.00023
-0.0215	-0.1607	0.4829	-0.00428129265514209	-0.0024486969405480446	-0.0003769911184307752	1.01400125	25.43502045	0.93623542	0.13337163095495047	0.0102396	0.00022
-0.0213	-0.1527	0.4758	-0.004003785304074992	-0.0024870941840919192	-0.00042236967898262774	1.0330745	25.91344833	0.92076277	0.03336415775814126	0.0100414	0.0002
-0.0187	-0.1008	0.4846	-0.004105014400690663	-0.0022794000031045943	-0.0005131268000863328	1.10320282	27.67253494	0.93236125	0.083284019935335	0.00997984	0.00033
-0.0226	-0.0702	0.4539	-0.003712315318991939	-0.0024260076602721182	-0.0006475171524898963	1.25485075	31.47644234	0.98182394	0.0988848545634905	0.0100917	0.00059
-0.0121	-0.1382	0.4276	-0.0032602750427254074	-0.0025481807079117207	-0.0005183627878423159	1.13040996	28.35499382	0.96804615	0.13996838442768575	0.00982708	0.00036
-0.0121	-0.2134	0.4601	-0.003080506129769991	-0.0027680921936630064	-0.0005532693728822024	1.17068338	29.36520386	0.96218944	0.12942934918732948	0.0108798	0.00031
-0.0177	-0.1186	0.5119	-0.0037681658550557575	-0.002712241657599188	-0.0005742133239061344	1.14324963	28.67706108	1.00638445	0.19042271061867583	0.0114927	0.00031
-0.0227	-0.0338	0.4761	-0.00312413936106985	-0.0027192229746071652	-0.0005672320068981572	1.12588799	28.2415657	1.0376208	0.1584994564000931	0.0094772	0.00033
-0.0156	-0.1703	0.4668	-0.0029478611066184224	-0.002885029253546627	-0.0006771877497737998	1.04521155	26.2178936	0.98841143	0.17550201381332664	0.00959373	0.00019
-0.0128	-0.204	0.4767	-0.0030630528372500485	-0.002892010570554604	-0.000736528944341607	0.98382902	24.67818451	0.91299286	0.0554757121103705	0.0107336	0.0002
-0.0137	-0.0072	0.4915	-0.003635520831904189	-0.0029321531433504737	-0.0006649704450098395	1.12474644	28.21293068	1.04096531	0.2467084533390889	0.0104176	0.00031
-0.0132	-0.0145	0.4482	-0.0034243359924128747	-0.002829178717482808	-0.0005724679946541401	0.99314332	24.91182327	0.9252924	0.07143308578573399	0.00911433	0.00031
-0.0099	-0.1425	0.4419	-0.002885029253546627	-0.0029059732045705585	-0.0006579891280018621	1.03459895	25.95168877	0.95472923	0.17268111796508595	0.0100468	0.00031
-0.0036	-0.1565	0.4463	-0.0032602750427254074	-0.0029146998508305304	-0.0005567600313861911	1.02099609	25.61047554	0.89587854	0.048960076602721135	0.0110049	0.00042
-0.0109	-0.0648	0.5125	-0.004016002608838952	-0.0029164451800825246	-0.0004921828490624009	1.24546349	31.24097443	0.99994647	0.2063025038844664	0.0121107	0.00048
-0.0229	-0.0879	0.4557	-0.003701843343479973	-0.002993239667170275	-0.0006073745796940267	1.09107113	27.3682251	0.96299211	0.11720727415391773	0.0104074	0.00022
-0.0214	-0.1476	0.4683	-0.0033527774930811067	-0.003227113786937515	-0.0006632251157578452	1.09219074	27.3963089	0.93336779	0.10573952531149625	0.0104924	0.00034
-0.0222	-0.1533	0.4663	-0.0032079151651655774	-0.0030595621787460597	-0.0005567600313861911	1.08236134	27.14974976	0.94499959	0.02944395102393192	0.0106382	0.00036
-0.0243	-0.0357	0.4971	-0.0038606683054114572	-0.00272096830385916	-0.0005881759579220891	1.12911606	28.32253838	1.02634297	0.20163814708343383	0.010757	0.00053
-0.0282	-0.0869	0.4463	-0.003569198320328404	-0.0026720990848033187	-0.0006335545184739417	1.03495967	25.96073723	0.95337528	0.12518588823453738	0.00879526	0.00022
-0.0218	-0.1834	0.4673	-0.0031974431896536117	-0.002886774582798621	-0.000736528944341607	1.03139961	25.87143707	0.9326952	0.158370252726888	0.0102556	0.00033
-0.0257	-0.1212	0.4878	-0.0033440508468211352	-0.002855358656262723	-0.0008203047484373349	1.02419043	25.69060135	0.96745383	0.09968996938995747	0.0105677	0.00029
0.0014	-0.0483	0.5297	-0.0036128315516282617	-0.0028693212902786776	-0.0002705260340591211	1.0657388	26.73279572	0.97487018	0.18352610266006464	0.0105761	0.00026
0.0165	-0.1565	0.4357	-0.0027384215963791032	-0.0022741640153486112	4.363323129985824e-05	1.11596727	27.99271584	1.04673412	0.3064863247769102	0.0097881	0.00026
0.0132	-0.2117	0.453	-0.0022060961745208325	-0.002385865087476248	-0.0002199114857512855	0.97389138	24.42891121	0.92890267	0.1211785605518526	0.0114409	0.0005
0.0065	-0.1795	0.4743	-0.002593559268463574	-0.002562143341927676	-0.0002373647782712288	1.1505214	28.85946655	0.94495714	0.08925973204570563	0.0111849	0.0005
-0.007	-0.1323	0.5412	-0.003274237676741362	-0.002701769682087222	-0.000450294947014537	1.27128267	31.88861847	0.98858517	0.17926174585903207	0.0130358	0.00042
-0.0133	-0.092	0.4864	-0.0031695179216217023	-0.0026127578902355115	-0.0005393067388662478	1.12361193	28.18447304	0.98363267	0.11553716694115405	0.0103337	0.00045
-0.0126	-0.1846	0.4837	-0.003001966313430246	-0.0026284658535034606	-0.0006003932626860494	1.11678851	28.0133152	0.95778818	0.10821730476396033	0.0109917	0.00026
-0.0129	-0.1907	0.4997	-0.0031677725923697077	-0.0026441738167714093	-0.00062482787221397	1.02347922	25.67276192	0.92613458	0.032697442586766524	0.011407	0.00026
-0.0157	-0.0746	0.5671	-0.00400727596257898	-0.0025778513051956248	-0.0005358160803622592	1.05398726	26.43802261	0.97466172	0.23604188368183843	0.0122937	0.0004
-0.0211	-0.0461	0.5197	-0.0036198128686362394	-0.0024294983187761066	-0.0005881759579220891	0.96868986	24.29843712	0.9067297	0.11070879789610444	0.0104559	0.00025
-0.0219	-0.0946	0.5138	-0.0032864549815053226	-0.0025115287936198403	-0.0006213372137099814	0.97160703	24.37161064	0.8975343	0.07762748088812715	0.010232	0.00025
-0.0193	-0.1404	0.51	-0.002935643801854462	-0.0024452062820440558	-0.000619591884457987	0.99951363	25.07161522	0.93735584	0.07314395102393198	0.0115542	0.00034
-0.0214	-0.0535	0.5335	-0.0034400439556808234	-0.0025883232807075904	-0.000593411945678072	1.21474409	30.47041512	0.9864873	0.1461848545634905	0.0112444	0.00039
-0.0262	-0.032	0.4904	-0.0027942721324429216	-0.0024120450262561633	-0.0006928957130417488	1.15076971	28.86569405	0.97204429	0.11547669225265024	0.0105612	0.00039
-0.0252	-0.1649	0.4684	-0.002356194490192345	-0.0022026055160168437	-0.000726056968829641	1.08005202	27.09182549	0.97524476	0.18993392041388943	0.0103902	0.0002
-0.0231	-0.1892	0.4937	-0.002670353755551324	-0.002408554367752175	-0.0008185594191853405	1.04752147	26.27583313	0.9149763	0.08233052837250054	0.0109721	0.00026
-0.0171	-0.1111	0.5531	-0.0029897490086662863	-0.0022968532956245376	-0.0006422811647339132	1.10794973	27.7916069	0.95671724	0.17386872898470135	0.0121019	0.00022
-0.0192	-0.1084	0.5065	-0.002698279023583233	-0.0022654373690886398	-0.0006579891280018621	1.04071748	26.10516357	0.93560908	0.0683296937443451	0.0104391	0.00031
-0.0143	-0.2279	0.5176	-0.0029705503868943488	-0.002389355745980237	-0.0005113814708343385	1.05987585	26.5857296	0.96665306	0.1626398698685118	0.0122831	0.00037
-0.0114	-0.1382	0.5301	-0.0028605946440187057	-0.002642428487519415	-0.0004886921905584122	1.00555015	25.22303391	0.93024069	0.12438588823453745	0.0110065	0.00015
-0.008	-0.1272	0.5858	-0.0036180675393842456	-0.0023474678439323734	-0.00034208453339088857	0.98073751	24.60063744	0.93112113	0.1300520598060052	0.0130161	0.00031
-0.0133	-0.1503	0.516	-0.0034662238944607386	-0.0022654373690886398	-0.0003787364476827695	1.01345301	25.42126846	0.93679947	0.11172630170295603	0.0106722	0.00033
-0.0078	-0.2167	0.5087	-0.0029897490086662863	-0.0023282692221604354	-0.00034208453339088857	0.98201364	24.63264847	0.90998426	0.10799793265790641	0.0112951	0.00037
-0.0061	-0.1023	0.5062	-0.0031084313978019013	-0.002368411794956305	-0.00029321531433504735	1.02744126	25.77214622	0.98226583	0.12898470904936635	0.0107785	0.00033
-0.0117	-0.0536	0.5074	-0.0033562681515850955	-0.0025254914276357948	-0.0003351032163829112	1.02295196	25.65953827	0.94827336	0.07784021442552735	0.0103865	0.00045
-0.0145	-0.1653	0.4982	-0.003080506129769991	-0.0024609142453120045	-0.0005340707511102648	1.0312444	25.86754417	0.97618181	0.15066533694331238	0.0110484	0.00042
-0.0241	-0.144	0.5217	-0.0031852258848896514	-0.0025865779514555962	-0.0006073745796940267	0.97270334	24.39911079	0.89900001	0.06958436449235078	0.0114208	0.00014
-0.0257	-0.0577	0.5448	-0.003415609346152903	-0.0026441738167714093	-0.0005427973973702365	1.0800848	27.09264565	0.92918976	0.1286278254451426	0.0120938	0.00042
-0.0213	-0.0323	0.4999	-0.003626794185644217	-0.002708750999095199	-0.0005811946409141118	1.13283336	28.41578102	0.9478533	0.0904079632679489	0.0111042	0.00091
-0.0161	-0.1993	0.5217	-0.003080506129769991	-0.002754129559647052	-0.0005916666164260777	1.16306102	29.17400742	1.01181546	0.2241069295969023	0.0122978	0.00034
-0.0189	-0.0988	0.5566	-0.0033667401270970616	-0.0028728119487826664	-0.0008970992355250854	1.0540005	26.43835258	0.95150466	0.17371745027808455	0.0131028	0.00054
-0.0263	-0.0238	0.5383	-0.0037978364523396607	-0.003333578871309169	-0.001244419756671957	1.289379	32.34254456	1.17095326	0.16265918844579863	0.0159155	0.00277
-0.0015	-0.0736	0.5809	-0.004256858045614169	-0.0036547194536761256	-0.0006998770300497262	1.21790493	30.54970169	1.06236237	0.1834352451131848	0.0156111	0.0028
0.0146	-0.0624	0.5805	-0.0035499996985564664	-0.003371976114853045	-0.0004956735075663896	1.09300256	27.41667366	0.94779091	0.08739026041820595	0.0145805	0.00238
0.005	-0.09	0.639	-0.004337143191205909	-0.0030979594222899347	-0.0003682644721708035	1.07115865	26.8687439	0.98787664	0.15512846103040692	0.0170839	0.00204
0.0012	0.0182	0.6562	-0.004436626958569585	-0.0030717794835100195	-0.00032463124087094524	1.106269	27.74944687	1.01837628	0.13766484687217245	0.0171657	0.00215
0.0098	-0.1213	0.6191	-0.00422893277758226	-0.0029112091923265415	-0.00032812189937493397	1.05741382	26.52397346	0.99353377	0.2037877565337396	0.0156072	0.00059
0.008	-0.1874	0.6292	-0.004461061568097506	-0.002981022362406315	-0.0003769911184307752	0.98109502	24.60960579	0.9351402	0.09554055898254304	0.0179799	0.00093
0.0118	-0.0661	0.6651	-0.004792674125976429	-0.0027838001569309555	-0.00021642082724729686	1.03805733	26.0384388	0.98092708	0.1954702527268881	0.0177389	0.00113
0.0076	-0.1328	0.6377	-0.00437379510549779	-0.0024591689160600103	-0.000158824961931484	1.09750462	27.52960205	0.95930137	0.1383553063332698	0.0181046	0.00088
0.0082	-0.2739	0.6309	-0.004169591583014453	-0.002694788365079245	-0.000322885911618951	1.08521938	27.22144127	1.01974867	0.17869419605950193	0.0197612	0.00059
0.0052	-0.2301	0.6553	-0.004145156973486532	-0.0028187067419708422	-0.0005323254218582705	0.96428066	24.1878376	0.94900057	0.08908962483294182	0.019383	0.00056
0.0005	-0.0908	0.726	-0.0044820055191214375	-0.0028571039855147177	-0.0005044001538263612	1.07970405	27.08309746	1.00999361	0.23485855286053448	0.0210909	0.00104
0.0115	-0.0433	0.641	-0.0031014500807939236	-0.0021642082724729686	-0.00041189770347066176	1.16236234	29.15648079	1.03111516	0.2517976800862481	0.0178571	0.00121
0.0055	-0.2922	0.6454	-0.00376118453804778	-0.002960078411382383	-0.0006492624817418905	1.33064115	33.37755585	1.16856694	0.34394846872172496	0.0216991	0.00113
0.0134	-0.2473	0.6516	-0.0037245326237558994	-0.002057743188101315	-0.0003106686068549907	1.02940857	25.82149315	0.93507725	0.12287905062299244	0.0201292	0.00107
0.0169	-0.1141	0.7165	-0.004139920985730549	-0.0019285888234537342	-0.0001064650843716541	1.03523636	25.96767616	0.9928687	0.2390373124552784	0.0215543	0.00147
0.0045	-0.1359	0.6904	-0.00411548637620263	-0.0020141099568014562	-0.0002495820830351891	1.00048304	25.09593201	0.92723091	0.07295363707695884	0.0197542	0.00121
0.0039	-0.3222	0.6588	-0.004436626958569585	-0.0019442967867216831	-0.00026878070480712676	1.10906994	27.81970596	1.02238782	0.23900761871093323	0.0228323	0.00159
0.0054	-0.2082	0.6416	-0.00404741853537485	-0.0022794000031045943	-0.0002844886680750757	1.05905557	26.56515312	1.0194662	0.16970098014227983	0.0195835	0.00096
-0.0003	-0.1575	0.7009	-0.00462337718853298	-0.002775073510670984	-0.00028274333882308137	1.03259099	25.90132141	1.00269457	0.1693688744988257	0.0211619	0.00096
-0.0043	-0.24	0.6162	-0.004447098934081553	-0.0024294983187761066	-0.0003438298626428829	1.05225956	26.39468384	0.99879385	0.20034699850830529	0.0177065	0.0007
0.0014	-0.2166	0.5989	-0.0040282199136029125	-0.0024818581963359366	-0.00032637657012293966	0.98753893	24.77124405	0.9346173	0.07083460952792064	0.0155672	0.00043
-0.001	-0.1903	0.6434	-0.0048136180770003605	-0.002570869988187647	-0.00029496064358704166	0.980021	24.58266449	0.93531771	0.1184912940892528	0.0179844	0.00056
-0.0025	-0.1302	0.6175	-0.004476769531365455	-0.0025028021473598684	-0.0002652900463031381	1.0369339	26.01025772	0.92599715	0.10922934918732928	0.0155963	0.00036
-0.0002	-0.2536	0.598	-0.00434586983746588	-0.0026563911215353696	-0.00034906585039886593	1.02502966	25.71165276	0.9682392	0.16361322360854028	0.0168497	0.00029
-0.0048	-0.2049	0.6045	-0.004105014400690663	-0.002637192499763432	-0.0004258603374866164	0.99893248	25.05703735	0.92539888	0.0766424272817453	0.0157496	0.00039
-0.0064	-0.1602	0.6695	-0.0048188540647563435	-0.002633701841259443	-0.00041189770347066176	1.01462007	25.45054054	0.94965261	0.1478646478292812	0.0185711	0.00042
-0.0129	-0.0924	0.6367	-0.004577998627981126	-0.0026284658535034606	-0.00045553093477052	1.07836616	27.04953575	0.97779781	0.12158623279155288	0.0165158	0.00033
-0.0119	-0.1892	0.6268	-0.004417428336797647	-0.002726204291615143	-0.000582939970166106	1.08195376	27.13952827	1.00147143	0.12698588823453738	0.0172151	0.00042
-0.0151	-0.1986	0.6316	-0.0042167154728183	-0.0028623399732707008	-0.0006300638599699529	0.97045207	24.34263992	0.90977673	0.03659862177193761	0.0171358	0.00045
-0.0138	-0.1336	0.693	-0.0050893800988154655	-0.002775073510670984	-0.000450294947014537	1.03925276	26.06842232	0.94317083	0.1846850000776148	0.0193841	0.0005
-0.0269	-0.108	0.6655	-0.005005604294719737	-0.002708750999095199	-0.00040666171571467877	1.05406988	26.44009209	0.92541064	0.07588657734856856	0.0177817	0.00057
-0.0204	-0.2064	0.6161	-0.00445058959258554	-0.0026616271092913526	-0.0004991641660703782	1.05777752	26.53309441	0.95461438	0.18903205211468713	0.0169571	0.00053
-0.0204	-0.2123	0.6038	-0.00416435559525847	-0.0028274333882308137	-0.000593411945678072	1.05464041	26.45440483	0.90261225	0.04551440279371122	0.0166783	0.00039
-0.0214	-0.1233	0.6698	-0.005126032013107346	-0.0027890361446869386	-0.00042935099599060504	1.15687537	29.01884651	0.98735013	0.2142067305540108	0.0183619	0.00048
-0.025	-0.1337	0.6487	-0.005037020221255636	-0.0026092672317315226	-0.0004939281783143952	1.01672733	25.5033989	0.93551138	0.05176789435654572	0.0170964	0.00043
-0.0188	-0.2041	0.6384	-0.004801400772236401	-0.0026825710603152844	-0.00045553093477052	0.95572984	23.97335052	0.90325781	0.10426602605734368	0.017794	0.00046
-0.0193	-0.1707	0.6376	-0.004429645641561609	-0.0027366762671271086	-0.0004485496177625427	1.00262415	25.14963722	0.92271575	0.056342082724729695	0.0175607	0.0005
-0.0228	-0.108	0.6573	-0.004693190358612751	-0.0028396506929947744	-0.0005131268000863328	1.04859161	26.30267906	0.96069746	0.10745481626212997	0.0176062	0.00068
-0.0283	-0.1226	0.62	-0.004838052686528281	-0.002790781473938933	-0.0005811946409141118	1.04327559	26.1693306	0.95916404	0.07048996938995751	0.0154491	0.00033
-0.0177	-0.2015	0.6232	-0.004305727264670011	-0.0029112091923265415	-0.0005131268000863328	1.00387943	25.18112564	0.93610746	0.12874104905368286	0.0166587	0.0004
-0.0193	-0.1527	0.6583	-0.004766494187196514	-0.002925171826342496	-0.00048171087355043494	1.01817036	25.53959656	0.92967526	0.1108072741539178	0.0182937	0.0005
-0.0243	-0.0395	0.6621	-0.004654793115068877	-0.0029722957161463434	-0.00042760566673861073	1.15822434	29.05268478	0.98048933	0.13264650843716544	0.0170458	0.00062
-0.0215	-0.1952	0.5999	-0.003745476574779831	-0.002813470754214859	-0.0004956735075663896	1.08775556	27.28505898	1.0048208	0.2775104671524155	0.0157638	0.0004
-0.0199	-0.1968	0.5906	-0.0031433379828417875	-0.0032724923474893677	-0.0005811946409141118	1.11578417	27.98812294	0.96734795	0.06983406592801367	0.0169275	0.00051
-0.0216	-0.1005	0.6644	-0.004363323129985824	-0.003118903373313867	-0.00042236967898262774	1.23354113	30.94191742	1.03982714	0.24841995416255103	0.018024	0.00053
-0.0268	-0.0855	0.5865	-0.003754203221039803	-0.0026755897433073067	-0.0004136430327226561	1.11738324	28.02823448	1.02423586	0.1511580092606276	0.0143586	0.00079
-0.0196	-0.1826	0.5632	-0.0033405601883171464	-0.002645919146023404	-0.0005201081170943102	1.06903648	26.8155117	1.0023115	0.15508893571891066	0.0135226	0.0004
-0.0247	-0.166	0.5636	-0.0034295719801688577	-0.0028431413514987624	-0.0006702064327658224	0.99462473	24.94898224	0.926058	0.043916615649929054	0.01307	0.00029
-0.03	-0.0876	0.6229	-0.0038397243543875246	-0.002780309498426967	-0.0006562437987498679	1.07352817	26.92818069	0.98154239	0.16734734306532084	0.0150713	0.00077
-0.0283	-0.1212	0.5863	-0.0036477381366681488	-0.0025865779514555962	-0.0006579891280018621	1.10399199	27.69232941	0.93627666	0.09127315469713702	0.0136987	0.00037
-0.0254	-0.2064	0.5703	-0.003597123588360313	-0.0027628562059070234	-0.000661479786505851	1.03886962	26.0588131	0.94528219	0.1156191730631626	0.0140731	0.00031
-0.0232	-0.1932	0.5715	-0.003455751918948773	-0.002958333082130389	-0.0008203047484373349	1.08997083	27.34062576	0.89645789	0.04138367537831945	0.0144761	0.00067
-0.024	-0.1025	0.627	-0.004312708581677988	-0.0028571039855147177	-0.0006597344572538566	1.26492238	31.72907829	1.01093314	0.20293780252641824	0.0164746	0.00045
-0.0232	-0.0517	0.5813	-0.0033353242005611634	-0.0026808257310632897	-0.00048520153205442357	1.20389867	30.19836998	1.03132488	0.16370977803838424	0.0131366	0.00053
-0.023	-0.1993	0.5667	-0.003600614246864302	-0.0026616271092913526	-0.000593411945678072	1.1139667	27.94253349	1.01383231	0.18203495408493625	0.0137113	0.00037
-0.0169	-0.1979	0.5918	-0.0036599554414321086	-0.0026668630970473357	-0.0003874630939427412	0.99792594	25.03178978	0.91019169	0.04612630170295606	0.0144843	0.00043
-0.0151	-0.1615	0.6773	-0.004855505979048225	-0.002569124658935653	-0.00027925268031909274	1.06788325	26.78658485	0.98735147	0.1937749694675724	0.0187542	0.00071
-0.028	-0.0252	0.6658	-0.004799655442984407	-0.002707005669843205	-0.00026878070480712676	1.14618814	28.75077057	1.02290899	0.17091017612416684	0.0168011	0.00071
-0.0336	-0.1635	0.6121	-0.004468042885105484	-0.0027192229746071652	-0.0005183627878423159	1.09253156	27.40485954	1.00160536	0.2272705972839036	0.0150518	0.0002
-0.0323	-0.203	0.6001	-0.0039514254265151615	-0.0028361600344907856	-0.0006265732014659643	1.13736427	28.5294342	0.93155689	0.08988824660487955	0.0160462	0.00042
-0.0354	-0.1852	0.6058	-0.0037227872945039047	-0.0031223940318178558	-0.0007243116395776468	1.20249736	30.16321945	0.97293554	0.05723052837250052	0.0167737	0.0006
-0.0377	-0.076	0.6092	-0.0036966073557239895	-0.003480186528476693	-0.0009704030641088471	1.19553363	29.98854446	0.98023744	0.1464031929984976	0.0146759	0.00036
-0.0278	-0.2073	0.5697	-0.003420845333908886	-0.00326551103048139	-0.0008674286382411819	1.06105244	26.615242	0.98048862	0.2103705972839036	0.0141689	0.00039
-0.0247	-0.2287	0.577	-0.0029862583501622975	-0.003258529713473413	-0.0009512044423369096	1.05874574	26.55738068	0.93892152	0.0580672052425146	0.0150506	0.00051
-0.0113	-0.0923	0.6435	-0.004270820679630125	-0.003427826650916863	-0.0007819075048934597	1.11989069	28.09113121	1.02454978	0.2974578102177363	0.0164332	0.00045
0.0079	-0.1404	0.6155	-0.0023160519173964756	-0.002780309498426967	-0.0003822271061867582	1.1396004	28.58552361	1.03305759	0.24539831567151224	0.0152826	0.00091
0.0007	-0.2232	0.5919	-0.0026127578902355115	-0.0026197392072434887	-0.0005323254218582705	1.06165719	26.63041115	0.97659219	0.1439687289847014	0.0156828	0.0004
0.0007	-0.2799	0.5865	-0.0026825710603152844	-0.002663372438543347	-0.0005532693728822024	1.0404532	26.09853554	0.94565475	0.06881951762017809	0.0165848	0.00062
-0.0089	-0.1654	0.619	-0.0033056536032772606	-0.002939134460358451	-0.0005969026041820607	1.27656281	32.02106476	0.99724102	0.20372388980384687	0.0168503	0.00079
-0.0188	-0.1535	0.6259	-0.0037210419652519105	-0.0028379053637427798	-0.0005846852994181004	1.17224395	29.40435028	0.96627965	0.05514173816771408	0.0168743	0.0007
-0.0152	-0.2332	0.5952	-0.003680899392456041	-0.0027104963283471934	-0.0004939281783143952	1.08493567	27.21432495	0.96142692	0.1269154364647581	0.0162126	0.00043
-0.0155	-0.2295	0.5835	-0.0032829643230013338	-0.002933898472602468	-0.0004991641660703782	1.09365094	27.43293762	0.95969455	0.04702866007329815	0.0153028	0.00039
-0.0236	-0.1131	0.636	-0.004331907203449926	-0.002778564169174973	-0.00048171087355043494	1.15803921	29.04804039	0.99532446	0.23808652381980147	0.0159066	0.00042
-0.0233	-0.176	0.6022	-0.0038885935734433662	-0.0029565877528783943	-0.0006736970912698113	1.0446564	26.20396614	0.93463012	0.13766617157146788	0.0150613	0.00036
-0.0178	-0.2207	0.6155	-0.004244640740850209	-0.00314857397059777	-0.0006387905062299246	1.02197123	25.63493729	0.92909321	0.0926469985083054	0.0172717	0.00057
-0.011	-0.2145	0.6314	-0.004244640740850209	-0.0032934362985133003	-0.0006073745796940267	1.1618495	29.14361763	0.93363017	0.03771391272257133	0.0183178	0.0004
-0.0114	-0.182	0.6476	-0.004441862946325569	-0.003110176727053895	-0.0005427973973702365	1.27705586	32.03343201	1.02105912	0.07135294796292774	0.0191243	0.00071
-0.0163	-0.1215	0.6895	-0.005037020221255636	-0.0031363566658338103	-0.0006003932626860494	1.12042749	28.10459518	1.01369323	0.14124665395128982	0.0188951	0.00046
-0.0272	-0.213	0.6592	-0.00493404579538797	-0.003080506129769991	-0.0007452555906015787	1.01562393	25.47572327	0.93594443	0.1478843644923507	0.0192401	0.00043
-0.0251	-0.234	0.6704	-0.004747295565424576	-0.002925171826342496	-0.0008290313946973065	1.05068231	26.35512161	0.93014996	0.0555930168743308	0.0211059	0.00045
-0.0264	-0.2475	0.6547	-0.004637339822548933	-0.003014183618194207	-0.0007958701389094143	1.40342796	35.20332718	0.99337389	0.042106439525762325	0.0219349	0.00124
-0.0226	-0.0706	0.6856	-0.004907865856608054	-0.0028309240467348025	-0.00062482787221397	1.39220512	34.92181396	1.0728736	0.24284139361069848	0.0197333	0.00098
-0.0225	-0.1188	0.6498	-0.004667010419832838	-0.002579596634447619	-0.0004991641660703782	1.06025016	26.59511948	0.96021346	0.11499232776029956	0.0187988	0.00111
-0.0152	-0.2243	0.6098	-0.004237659423842232	-0.0026755897433073067	-0.0005340707511102648	1.06086242	26.61047745	0.9772374	0.18081253449450904	0.0183644	0.00099
-0.0119	-0.252	0.6306	-0.004223696789826277	-0.002659881780039358	-0.000460766922526503	1.02788591	25.7833004	0.92802769	0.05694872129338329	0.0198959	0.00098
-0.0095	-0.2063	0.6639	-0.00476474885794452	-0.002621484536495483	-0.0004014257279586958	1.02318132	25.66529083	0.95199124	0.11333952531149624	0.0203694	0.00074
-0.0092	-0.1711	0.7301	-0.005579817618625871	-0.0026075219024795284	-0.0002129301687433082	1.33859479	33.57706451	0.99807917	0.15257634769563455	0.0240261	0.00107
-0.015	-0.2576	0.6343	-0.004996877648459765	-0.002464404903815993	-0.0003647738136668148	1.21096921	30.37572861	1.06387145	0.23199503068765737	0.020958	0.00091
-0.0079	-0.2465	0.6377	-0.004014257279586958	-0.0026022859147235454	-0.0004188790204786391	1.15326893	28.92838287	0.95105722	0.08033032932960929	0.0188165	0.00081
-0.0152	-0.1722	0.6793	-0.004845034003536259	-0.002570869988187647	-0.0004310963252425994	1.09679055	27.51169014	0.9800693	0.16692049776245793	0.0197312	0.00059
-0.0242	-0.1528	0.6733	-0.005033529562751646	-0.002478367537831948	-0.0006335545184739417	1.06166387	26.63057899	0.96919413	0.05857281014012143	0.0192552	0.0007
-0.0237	-0.2213	0.6421	-0.005024802916491674	-0.002565634000431664	-0.0009040805525330626	1.05126774	26.36980629	0.95906868	0.11852595714594044	0.0183176	0.00037
-0.0173	-0.2316	0.64	-0.004644321139556911	-0.002495820830351891	-0.0008552113334772215	0.99671072	25.00130653	0.90358398	0.043758208303518856	0.018907	0.00054
-0.0233	-0.176	0.6722	-0.0049131018443640375	-0.0026022859147235454	-0.0008150687606813518	1.23415506	30.95731544	0.94924468	0.11456941809873251	0.0199251	0.00068
-0.0338	-0.1017	0.6623	-0.00493404579538797	-0.0026546457922833754	-0.0008447393579652555	1.22021258	30.60758591	0.9988972	0.09984872129338329	0.0184256	0.00067
-0.0296	-0.1769	0.6271	-0.004534365396681268	-0.002722713633111154	-0.000778416846389471	1.05466926	26.45512962	0.94172007	0.14130353755551323	0.0171948	0.00042
-0.0081	-0.2213	0.6048	-0.004002039974822997	-0.002597049926967562	-0.0004921828490624009	1.09068918	27.35864639	0.98177249	0.13541115626644665	0.016623	0.00036
0.0144	-0.3036	0.5022	-0.004705407663376713	-0.0013857914260834976	0.0003001966313430247	1.22641397	30.76314163	1.11464471	0.3427502834921603	0.0156024	0.0007
0.0062	-0.2241	0.4994	-0.0037419859162758423	-0.0016947147036864942	6.981317007977319e-05	1.19544566	29.98633766	0.99317845	0.16563642429835587	0.0119382	0.00034
0.0092	-0.3119	0.4768	-0.003152064629101759	-0.0016999506914424768	5.585053606381854e-05	1.14405262	28.69720459	1.02028829	0.14385599544730107	0.0150692	0.00088
0.0043	-0.3807	0.4678	-0.003349286834577118	-0.001858775653373961	2.268928027592628e-05	1.19716167	30.0293808	0.98025962	0.10216042115973673	0.0165635	0.00111
-0.0034	-0.2259	0.5413	-0.0036547194536761256	-0.0020298179200694054	2.4434609527920616e-05	1.31645048	33.02159882	1.06331822	0.2599110107523224	0.0141271	0.00051
-0.0103	-0.2971	0.5141	-0.003993313328563026	-0.002535963403147761	-0.00048345620280242926	1.15497029	28.97106171	1.01438471	0.17293150851478023	0.016063	0.00081
-0.02	-0.2453	0.5351	-0.00476125819944053	-0.0028099800957108703	-0.0006440264939859076	1.09381998	27.43717766	0.99142794	0.1426265927312046	0.0152412	0.00057
-0.0239	-0.2409	0.5787	-0.004874704600820162	-0.0025499260371637153	-0.0005096361415823442	1.00670516	25.25200653	0.93659509	0.0772945406165175	0.0163195	0.0005
-0.0188	-0.231	0.5218	-0.004310963252425994	-0.002754129559647052	-0.000486946861306418	0.96456933	24.1950779	0.91757427	0.11143170755767148	0.0132152	0.00029
-0.0145	-0.2799	0.5286	-0.0036948620264719957	-0.002834414705238791	-0.0005532693728822024	1.01189184	25.38210678	0.93306071	0.09813544415607599	0.0150952	0.00043
-0.0174	-0.2615	0.5579	-0.0038432150128915135	-0.003113667385557884	-0.0005619960191421741	1.03412735	25.93985939	0.94302351	0.07241661564992907	0.0166044	0.00043
-0.0137	-0.2239	0.5942	-0.004799655442984407	-0.00342259066316088	-0.00028623399732707005	1.2939738	32.457798	1.05062523	0.1546562864755497	0.0186204	0.00085
-0.0197	-0.2926	0.5484	-0.004234168765338243	-0.0034452799434368064	-0.0004625122517784973	1.12157333	28.13333702	0.97562182	0.15872271061867588	0.0176933	0.00065
-0.0103	-0.2547	0.5369	-0.003981096023799066	-0.0032567843842214186	-0.00037524578917878077	1.11827719	28.05065727	0.95694406	0.08524173816771409	0.0151392	0.00042
-0.0169	-0.2442	0.5782	-0.004455825580341524	-0.0032114058236695662	-0.0005044001538263612	1.0892818	27.32334137	0.97586742	0.09086312408709453	0.0170804	0.00056
-0.025	-0.1898	0.5752	-0.004590215932745087	-0.003270747018237374	-0.0007068583470577034	1.22476315	30.72173309	0.98233277	0.08530948701013563	0.0157626	0.00056
-0.0118	-0.2861	0.5525	-0.004253367387110181	-0.002928662484846485	-0.00047822021504644627	1.1248014	28.21430969	0.99041119	0.17757856055185267	0.017339	0.00084
-0.0135	-0.2922	0.5575	-0.004014257279586958	-0.0030002209841782524	-0.00062482787221397	1.23686993	31.02541542	0.96167243	0.0356638132011257	0.019011	0.00153
-0.0064	-0.2492	0.6576	-0.0049462631001519295	-0.0028640853025226946	-0.00035430183815484887	1.38532948	34.74934769	1.04002106	0.21713337681398248	0.0225766	0.00161
-0.0147	-0.2226	0.6191	-0.004951499087907913	-0.002686061718819273	-0.00039968039870670147	1.10621774	27.74815941	0.98965869	0.08483190660056286	0.019433	0.00105
-0.009	-0.2829	0.5993	-0.0047577675409365425	-0.002565634000431664	-0.0003961897402027128	1.06232059	26.64705276	0.95636871	0.10168249619314836	0.0193807	0.00094
-0.0097	-0.2313	0.5874	-0.0048956485518440946	-0.0027296949501191318	-0.00042236967898262774	1.02727509	25.76797867	0.95194438	0.08060609496874675	0.0175312	0.00059
-0.0161	-0.2	0.6634	-0.0059690260418206065	-0.0026040312439755396	-0.00041015237421866745	1.06461656	26.70464516	0.98549955	0.17426292504420315	0.0209946	0.0006
-0.0225	-0.2301	0.5987	-0.0053825954131505125	-0.0026162485487395003	-0.00047822021504644627	1.16209269	29.14971733	0.97363399	0.13453578871309163	0.0183498	0.00063
-0.0183	-0.3102	0.5892	-0.004858996637552213	-0.002569124658935653	-0.0004799655442984406	1.09814823	27.54574585	0.96577326	0.12242339973270708	0.0191738	0.00063
-0.0329	-0.2043	0.5495	-0.004354596483725852	-0.002769837522915001	-0.0008028514559173916	1.26695108	31.77996635	1.01894507	0.21159994647123287	0.0142211	0.0005
-0.0335	-0.2216	0.5952	-0.00441393767829366	-0.0026616271092913526	-0.0005811946409141118	1.13228047	28.4019146	0.97773254	0.08306042115973672	0.0170031	0.00054
-0.0348	-0.2685	0.5334	-0.004251622057858187	-0.002305579941884509	-0.0006213372137099814	1.14420116	28.70092964	0.97745049	0.13792526803190927	0.0153306	0.00057
-0.0306	-0.3257	0.5563	-0.003993313328563026	-0.0023474678439323734	-0.0007627088831215222	1.12677789	28.26388741	0.96646691	0.10637841503772832	0.0183021	0.00062
-0.0274	-0.3159	0.5384	-0.0035447637108004834	-0.0023911010752322315	-0.0007330382858376184	1.00823307	25.29033279	0.92231078	0.05699267231731522	0.0167143	0.00076
-0.0365	-0.2244	0.5767	-0.003956661414271145	-0.002436479635784084	-0.000778416846389471	1.29582405	32.50421143	0.9733771	0.16403274122871836	0.0162054	0.0007
-0.0401	-0.1927	0.5696	-0.004052654523130833	-0.002363175807200322	-0.0007976154681614085	1.22131085	30.63513565	0.94282811	0.05182477796076932	0.0150793	0.00033
-0.0396	-0.363	0.5623	-0.0038484510006474965	-0.002281145332356589	-0.0007923794804054256	1.21425319	30.45810127	1.05270803	0.19267349925415256	0.0198274	0.00129
-0.0366	-0.324	0.5695	-0.0038693949516714287	-0.0024033183799961914	-0.0008115781021773631	1.19784474	30.04651642	1.10363187	0.05731578102177358	0.0198831	0.00108
-0.0413	-0.2388	0.6286	-0.005009094953223725	-0.0025272367568877894	-0.0007487462491055673	1.16105616	29.12371635	1.07634179	0.21532251157578455	0.0186346	0.0006
-0.0397	-0.1682	0.6316	-0.005253441048502931	-0.002371902453460294	-0.0006562437987498679	1.30780721	32.80479431	0.97286716	0.09980914245312003	0.017627	0.00056
-0.0408	-0.3252	0.5786	-0.004616395871525002	-0.0023649211364523163	-0.000752236907609556	1.25942898	31.5912838	1.06280956	0.24810098014227977	0.0200692	0.00082
-0.0365	-0.2579	0.5997	-0.004396484385773717	-0.002642428487519415	-0.000705113017805709	1.21910131	30.57971001	0.98308718	0.11992713633111152	0.0180008	0.00076
-0.0434	-0.2501	0.5937	-0.004911356515112043	-0.0025446900494077327	-0.000778416846389471	1.08745933	27.27762794	0.95500334	0.05499571980168856	0.0172	0.00045
-0.0482	-0.2168	0.5866	-0.005068436147791533	-0.0026022859147235454	-0.0010000736613927507	1.00799251	25.28429794	0.93170125	0.06701661564992913	0.0162268	0.00053
-0.0442	-0.3478	0.5741	-0.004771730174952496	-0.0024923301718479027	-0.0011013027580084218	1.09430361	27.4493103	0.98821464	0.1728945406165175	0.0199713	0.00091
-0.0342	-0.2716	0.578	-0.0041381756564785556	-0.002464404903815993	-0.0008779006137531476	1.14044654	28.60675049	0.95676916	0.13434409653805612	0.0164502	0.00037
-0.0387	-0.251	0.6396	-0.005373868766890541	-0.002569124658935653	-0.000874409955249159	1.21032238	30.35950089	0.9832909	0.15389517620178167	0.0200908	0.0005
-0.0431	-0.2312	0.5944	-0.0050230575872396805	-0.0025603980126756814	-0.0009826203688728075	1.17646348	29.51019287	0.97815296	0.09278741197672394	0.0172603	0.00059
-0.0394	-0.3378	0.5856	-0.004701917004872723	-0.002748893571891069	-0.0011623892818282235	1.13862586	28.56108093	1.00865204	0.15357025272688807	0.0199956	0.00081
-0.0399	-0.2522	0.5954	-0.004803146101488395	-0.002935643801854462	-0.0012479104151759456	1.08624589	27.24719048	0.96889737	0.11457502299633944	0.0176743	0.00034
-0.0416	-0.2426	0.6555	-0.005567600313861911	-0.0027960174616949163	-0.001075122819228507	1.22161543	30.64277458	0.96486991	0.12524340742402493	0.0206938	0.00071
-0.0451	-0.2005	0.6012	-0.005152211951887261	-0.0026808257310632897	-0.0011676252695842063	1.19016254	29.85381699	0.9820493	0.1310541271480988	0.0174437	0.0006
-0.0443	-0.332	0.6028	-0.0046251225177849735	-0.0027855454861829498	-0.001282817000215832	1.2227298	30.67072868	0.9907112	0.1712500459926787	0.0213234	0.00085
-0.0415	-0.2588	0.585	-0.004258603374866164	-0.0028361600344907856	-0.00124965574442794	1.18696094	29.77350807	1.00395553	0.11631474735072696	0.0172284	0.00042
-0.0442	-0.2379	0.6363	-0.005293583621298802	-0.0027296949501191318	-0.0013159782560037243	1.13723946	28.52630234	0.98115666	0.1352883921190038	0.0199475	0.0006
-0.0494	-0.1577	0.6479	-0.0054873151682701725	-0.0026773350725593018	-0.001117010721276371	1.09947741	27.57908821	0.96116919	0.11925294796292776	0.0190422	0.00042
-0.0498	-0.2732	0.5977	-0.004907865856608054	-0.0027471482426390747	-0.0012025318546240932	1.14849246	28.80857277	1.02309329	0.20283918075448068	0.01858	0.00076
-0.0403	-0.2747	0.5819	-0.004379031093253773	-0.0030072023011862297	-0.001228711793404008	1.24215269	31.15792847	0.9662782	0.06755343803406759	0.0181108	0.00059
-0.0424	-0.2319	0.6281	-0.005447172595474302	-0.002946115777366428	-0.001090830782496456	1.27341926	31.94221306	1.09278505	0.15445545184739412	0.0196581	0.00062
-0.0452	-0.1638	0.6093	-0.0055484016920899736	-0.0029740410453983376	-0.0011641346110802177	1.10339439	27.67734146	0.99217789	0.09982290966156716	0.0161548	0.00036
-0.0459	-0.2674	0.5904	-0.005120796025351363	-0.0029827676916583086	-0.0013055062804917586	1.07202864	26.89056778	0.95610238	0.15208519912050608	0.0178086	0.00046
-0.0437	-0.3041	0.6115	-0.004747295565424576	-0.003160791275361731	-0.0012304571226560022	1.20989788	30.34885406	0.94332142	0.09132866007329822	0.0196826	0.00048
-0.0441	-0.2995	0.6262	-0.004845034003536259	-0.0030543261909900766	-0.0011746065865921838	1.23256516	30.9174366	0.97578252	0.03270270292735768	0.0206225	0.00065
-0.0451	-0.2183	0.6541	-0.005450663253978291	-0.0028152160834668534	-0.001043706892692609	1.16051936	29.11025238	0.98450063	0.15888195259324156	0.0201449	0.0006
-0.0506	-0.1973	0.5973	-0.005307546255314756	-0.0027349309378751144	-0.001218239817892042	1.08995378	27.34019852	0.97971005	0.10319675347273528	0.0164343	0.00043
-0.0422	-0.361	0.6203	-0.004982915014443811	-0.002766346864411012	-0.0012688543661998775	1.23938835	31.08858681	1.07416809	0.2154330857857338	0.0236336	0.00132
-0.0348	-0.3263	0.6261	-0.004904375198104066	-0.0027611108766550296	-0.0010838494654884787	1.03283811	25.90751839	0.92257816	0.06133903524035635	0.0222758	0.00105
-0.0422	-0.1961	0.6681	-0.005602506898901799	-0.002816961412718848	-0.001059414855960558	1.25436294	31.4642067	1.05016535	0.21852084231947363	0.021549	0.00098
-0.0477	-0.2197	0.6006	-0.005230751768227006	-0.002663372438543347	-0.0011449359893082802	1.1163342	28.0019207	1.002267	0.12714326190990083	0.0181949	0.00074
-0.0381	-0.291	0.5928	-0.004954989746411901	-0.002694788365079245	-0.0011135200627723821	1.09478688	27.4614315	0.96588746	0.10562969374434504	0.0205427	0.0011
-0.0479	-0.3345	0.5943	-0.004963716392671873	-0.002593559268463574	-0.001382300767579509	1.0863775	27.2504921	0.94522236	0.0737368223841386	0.0220097	0.00133
-0.0534	-0.2385	0.6275	-0.005197590512439113	-0.002975786374650332	-0.0014852751934471744	1.37956572	34.60477066	0.99819805	0.17065378259108308	0.0207984	0.00085
-0.0596	-0.246	0.6494	-0.005448917924726297	-0.0031712632508736965	-0.0015603243512829306	1.20335627	30.18476486	0.97015177	0.06169267231731525	0.0227305	0.00081
-0.0552	-0.3663	0.5913	-0.004642575810304917	-0.0029914943379182805	-0.001567305668290908	1.20518076	30.23052979	1.05133972	0.2324546172192386	0.0234084	0.00183
-0.0485	-0.2951	0.6265	-0.004665265090580842	-0.002946115777366428	-0.001514945790731078	1.21080089	30.37150574	1.05761811	0.1191213859193803	0.0210491	0.00104
-0.0481	-0.2588	0.6522	-0.004996877648459765	-0.0029112091923265415	-0.0015184364492350666	1.13607585	28.49711609	0.95122115	0.08090049007113997	0.0221358	0.00068
-0.0514	-0.25	0.682	-0.005510004448546098	-0.00318871654339364	-0.0017366026057343581	1.30386662	32.70594788	1.00931144	0.09234001538263614	0.0245873	0.00197
-0.0587	-0.2886	0.6336	-0.0052010811709431014	-0.0031415926535897933	-0.0017540558982543013	1.24054074	31.11749268	0.96533038	0.11297502299633932	0.0224853	0.00133
-0.0546	-0.397	0.6433	-0.00493055513688398	-0.0031747539093776853	-0.0018901915799098587	1.14963889	28.83732796	0.97979479	0.14419114857512844	0.0271798	0.00234
-0.0602	-0.2733	0.62	-0.004562290664713178	-0.0031311206780778272	-0.0018622663118779497	1.16513598	29.22605515	1.04263824	0.17459114857512853	0.0211437	0.00107
-0.0628	-0.1995	0.6859	-0.005471607205002223	-0.002975786374650332	-0.0018936822384138475	1.11504066	27.96947289	1.01835975	0.19710333851262188	0.022849	0.00119
-0.065	-0.1879	0.6638	-0.005333726194094671	-0.0030229102644541784	-0.0018849555921538759	1.03704023	26.01292419	0.94983136	0.04558657734856853	0.0208681	0.00077
-0.0601	-0.3586	0.6357	-0.005152211951887261	-0.002879793265790644	-0.0020141099568014562	1.11159611	27.88306999	1.02920759	0.2263892802759261	0.0265856	0.00209
-0.0582	-0.3208	0.639	-0.005124286683855352	-0.00312413936106985	-0.0019390607989657003	1.21143651	30.38744926	0.97480934	0.060366026057343515	0.0242283	0.00158
-0.0589	-0.2952	0.6623	-0.005269149011770881	-0.003106686068549906	-0.0018814649336498872	1.22806084	30.80445099	0.97446894	0.06059557428756422	0.024361	0.00161
-0.0472	-0.3134	0.6742	-0.005253441048502931	-0.003237585762449481	-0.0014608405839192536	1.12150979	28.13174438	0.994888	0.07016160034490793	0.0261662	0.00187
