trans_x	trans_y	trans_z	rot_x	rot_y	rot_z	dvars_std	dvars_nstd	dvars_vstd	framewise_displacement	aqi	aor
0.0	-0.0	0.0	-0.0	0.0	-0.0	n/a	n/a	n/a	n/a	0.0208084	0.00066
0.0051	-0.0553	-0.0073	0.000291469985083053	-6.981317007977319e-05	-2.792526803190927e-05	1.03777337	23.73932266	0.97397559	0.08716042115973677	0.0220609	0.00079
0.0047	-0.0179	0.0009	-0.0001972222054753592	-0.000153588974175501	-4.886921905584123e-05	0.99532461	22.7682972	0.94818178	0.0756705972839036	0.0203464	0.00066
0.0019	0.0226	0.025	-0.0011519173063162574	-0.0001361356816555577	-1.7453292519943294e-06	1.04648113	23.93851662	0.98189487	0.1183636141582344	0.0179074	0.00046
0.0036	0.0391	0.0158	-0.0015323990832510211	-0.00017453292519943296	-2.268928027592628e-05	1.07980978	24.70091629	0.95763381	0.049391148575128545	0.0165306	0.00041
0.0064	-0.039	0.0004	-0.0002897246558310587	-5.235987755982988e-06	-5.759586531581287e-05	1.08772063	24.88187981	0.99060181	0.16864389749516495	0.019871	0.00064
0.0038	-0.0407	0.0094	-4.537856055185256e-05	4.363323129985824e-05	-9.599310885968811e-05	0.9979766	22.82896233	0.95622367	0.02988062789394613	0.0215649	0.00092
0.0003	0.0196	0.0686	-0.000947713783832921	-0.00017104226669544429	-9.599310885968811e-05	1.06917095	24.45755005	1.0341633	0.1788505360638185	0.0186858	0.00051
-0.0013	0.0223	0.0741	-0.0017313666179783749	-0.00011170107212763708	8.028514559173915e-05	1.04648614	23.93863106	0.9568508	0.06076361415823443	0.020294	0.00058
0.003	-0.0498	0.0611	-0.000614355896702004	-1.7453292519943294e-06	8.726646259971648e-05	1.04606521	23.92900085	0.99003452	0.15109738905799955	0.0192351	0.00069
0.0015	-0.0125	0.093	-0.0006771877497737998	-5.4105206811824215e-05	5.235987755982988e-06	0.98207301	22.46516418	0.9375867	0.08056111027376796	0.0202772	0.00076
0.0019	-0.0625	0.1229	-0.0012042771838760874	6.9813170079773176e-06	1.0471975511965975e-05	0.98874497	22.61778641	0.9517562	0.1099705972839036	0.0194495	0.00097
0.0017	-0.0678	0.1305	-0.0019233528356977512	-3.665191429188092e-05	5.585053606381854e-05	0.97887623	22.39203644	0.92742657	0.05350437218366873	0.0198621	0.00068
0.0052	-0.0563	0.072	-0.0007906341511534313	3.839724354387525e-05	0.00014660765716752367	1.08157361	24.74126434	0.98912522	0.13842624817418905	0.0199283	0.00074
0.0016	-0.0615	0.088	-0.0007679448708775049	-1.9198621771937625e-05	3.141592653589793e-05	1.11553586	25.51815796	0.96061238	0.03457384381116825	0.0198159	0.00078
-0.0002	-0.0649	0.1193	-0.0010960667702524388	-1.7453292519943294e-06	4.537856055185256e-05	1.03317726	23.63418579	0.9631012	0.0544768912955416	0.0196237	0.00089
-0.0009	-0.0327	0.1366	-0.0018413223608540175	-8.726646259971648e-05	0.0002129301687433082	1.03137589	23.59297943	0.97445055	0.10011641660703782	0.016877	0.00068
0.0032	-0.0326	0.1023	-0.0010943214410004448	4.71238898038469e-05	0.0001675516081914556	1.0504775	24.02993393	0.97722965	0.08483849164044942	0.0178493	0.00074
0.0013	-0.0765	0.1134	-0.0010262536001726657	-1.7453292519943294e-06	0.00010297442586766544	1.0433706	23.86736107	0.99016597	0.06597571211037052	0.0194778	0.00076
-0.0009	-0.1097	0.1312	-0.001616174887346749	0.0001186823891356144	-2.792526803190927e-05	1.05245268	24.07511711	0.97367191	0.09526243497306337	0.0193343	0.00107
-0.0045	-0.077	0.1478	-0.0020176006153054447	1.7453292519943294e-06	5.235987755982988e-06	1.07346773	24.55584145	0.95462514	0.08047620218151037	0.0180211	0.00097
-0.0028	-0.0481	0.1269	-0.0017470745812463236	-3.665191429188092e-05	5.93411945678072e-05	1.04009199	23.79236221	0.9579233	0.06965142422074101	0.0181662	0.00069
-0.0002	-0.0762	0.1279	-0.0010367255756846318	7.330382858376184e-05	1.9198621771937625e-05	1.08759379	24.87897873	0.95917839	0.0747223660616602	0.0200272	0.00109
0.0012	-0.126	0.1295	-0.0010314895879286487	0.00013264502315156904	0.0001186823891356144	1.03085721	23.58111382	0.96490601	0.06100304748437334	0.0228475	0.00106
0.0039	-0.0406	0.0481	-0.0004886921905584122	-1.7453292519943296e-05	0.00018500490071139895	1.2429682	28.43320465	1.1379918	0.20746091123087665	0.0236114	0.00127
0.0054	0.0404	-0.0235	0.00011170107212763708	1.9198621771937625e-05	0.0002740166925631097	1.2545656	28.69849777	1.11789313	0.19040284844148203	0.0231472	0.00114
-0.0026	0.0098	-0.0013	0.0009686577348568529	0.0001605702911834783	0.0001256637061435917	1.32456636	30.29978371	1.13648038	0.11813406592801372	0.0281579	0.00218
-0.0005	-0.0632	0.0265	0.0016423548261266642	-8.028514559173915e-05	0.00018675022996339323	1.34976351	30.87617493	1.11196564	0.15168195259324155	0.0275546	0.00215
0.0003	-0.1064	0.0446	0.0016790067404185449	5.235987755982989e-05	0.00022863813201125715	1.21659863	27.8299942	1.02566283	0.07265924197456566	0.028362	0.00276
0.0006	-0.0498	0.0634	0.0009669124056048585	0.0001186823891356144	0.0003665191429188092	1.13396716	25.93978119	1.03587168	0.12151489286485113	0.0257298	0.00195
0.0046	-0.0433	0.0245	0.0012461650859239514	9.773843811168246e-05	0.00035604716740684323	1.10005176	25.1639576	1.00649666	0.06493343034274954	0.0258256	0.00167
0.0034	-0.0897	0.0308	0.0010524335389525807	0.00018675022996339323	0.00023387411976724014	1.09601331	25.07157516	0.98211343	0.07414581932313424	0.0262367	0.00152
-0.0043	-0.0964	0.0999	0.0010210176124166828	9.250245035569947e-05	0.0003054326190990077	1.49796891	34.26641083	1.0738284	0.09336111027376795	0.0318984	0.00475
-0.0022	-0.0278	0.1011	8.726646259971648e-05	0.0003874630939427412	0.00040317105721069014	1.29826772	29.69819641	1.09272692	0.13822251157578452	0.0264914	0.00302
-0.0035	-0.1262	0.146	-0.00023212879051524583	0.00034906585039886593	0.0004520402762665313	1.1949985	27.33588791	1.05613305	0.16493308578573393	0.0262793	0.00287
-0.0137	-0.1933	0.1749	0.00011170107212763708	0.00032637657012293966	0.0003700098014227979	1.21144938	27.71220589	1.01883128	0.12862748088812714	0.0293941	0.00555
-0.015	-0.0912	0.112	0.0005096361415823442	0.0001361356816555577	0.0002722713633111154	1.26431763	28.92157936	1.12370755	0.20059571980168855	0.02492	0.00188
-0.0101	-0.0367	0.03	0.0004991641660703782	0.0002583087292951608	0.00028623399732707005	1.15805995	26.49090958	1.07408609	0.1487303828583762	0.0230749	0.00099
-0.0092	-0.0321	0.0792	-0.0002129301687433082	0.0002844886680750757	0.0003473205211468716	1.09694517	25.0928936	1.0099699	0.09466803987067016	0.0224039	0.00099
-0.0043	-0.0432	0.0501	0.0005672320068981572	0.00023911010752322313	0.00018500490071139895	1.06787002	24.4277916	0.99553407	0.09449281783143952	0.025215	0.00147
-0.005	-0.0165	0.0391	0.0011065387457644049	0.00023212879051524583	0.00020769418098732522	1.03594732	23.69755173	0.96569684	0.06684886680750757	0.024931	0.00145
-0.004	-0.0443	0.0238	0.0007190756518216638	0.000322885911618951	0.00021467549799530252	1.01994574	23.33151054	0.96161939	0.06836007660272117	0.0233155	0.00117
0.0011	-0.041	-0.0263	0.0005131268000863328	0.0003054326190990077	0.00034557519189487725	1.13163781	25.88649559	1.01002733	0.07621509190774245	0.0235648	0.00106
0.0009	-0.011	-0.0563	0.0009512044423369096	0.000307177948351002	0.0002513274122871834	1.14234161	26.13134766	1.01181626	0.08690353755551324	0.0259426	0.00124
-0.0019	0.0121	-0.0322	0.0006579891280018621	0.00028099800957108706	0.00028623399732707005	1.07415962	24.57166672	0.98719468	0.06771509190774246	0.0249205	0.00092
-0.0057	0.0131	-0.0056	-0.0001937315469713706	0.0003682644721708035	0.00017802358370342162	1.01899934	23.30986214	0.94810385	0.08375987755982989	0.0207115	0.00058
-0.0074	0.0207	0.0448	-0.0007417649320975902	0.0002670353755551324	-8.203047484373349e-05	1.067487	24.41903114	0.98695943	0.10516582701445228	0.0189974	0.00059
-0.0041	-0.0326	0.0076	0.0004729842272904633	0.0003159045946109737	0.0001239183768915974	1.1312418	25.87743759	1.02362433	0.16727836150896128	0.0220019	0.00109
-0.0076	-0.0464	0.0081	0.0002600540585471551	0.00043458698374658803	9.42477796076938e-05	1.06654513	24.39748383	0.98715726	0.03586415775814131	0.0212277	0.00096
-0.0117	-0.0326	0.0094	-0.00019024088846738194	0.0005201081170943102	5.235987755982989e-05	1.03255177	23.61987686	0.96001753	0.04808519912050616	0.0205531	0.00074
-0.0072	0.0769	0.0219	-0.001054178868204575	0.0005951572749300663	0.0001675516081914556	1.1544981	26.40942955	1.05008668	0.17920894341022875	0.0181189	0.00061
-0.003	0.0166	-0.016	-0.00019198621771937622	0.0004468042885105483	0.00018675022996339323	1.13688731	26.00657845	0.99702298	0.15388721293383273	0.0231004	0.00064
-0.0006	-0.0132	-0.0535	0.0007016223593017205	0.0004014257279586958	4.71238898038469e-05	1.06141174	24.280056	0.98475053	0.12363067388662476	0.0232985	0.00081
-0.0051	0.0042	-0.04	0.00037350045992678646	0.0004415683007545654	-5.93411945678072e-05	1.04698718	23.95009041	0.96111092	0.05913647782712289	0.0242008	0.00091
-0.0065	0.0252	-0.0138	-0.00040317105721069014	0.00024085543677521747	5.585053606381854e-05	1.03599358	23.69861031	0.97124504	0.10322880558742252	0.0197964	0.00053
0.0011	0.0573	-0.0496	-1.3962634015954635e-05	0.000296705972839036	0.00010297442586766544	1.07038629	24.48535156	0.96723928	0.10010914245312004	0.0213591	0.00079
0.0024	0.0106	-0.0674	0.0010088003076527223	0.00027576202181510406	2.792526803190927e-05	1.09468496	25.0411911	0.98749254	0.12173780252641826	0.024721	0.00114
-0.0002	0.0308	-0.0536	0.0008883725892651138	0.00037524578917878077	8.901179185171081e-05	1.03604436	23.69977188	0.97007485	0.050649900478554326	0.023815	0.00097
0.0012	0.0757	-0.0474	8.37758040957278e-05	0.0003089232776029963	0.00019198621771937622	1.06410718	24.34171677	0.98953166	0.1011946861306418	0.0207528	0.00069
0.0005	0.0377	-0.0852	0.0008499753457212384	0.0002548180707911721	7.155849933176751e-05	1.10858405	25.35913467	0.99031799	0.1235366233412472	0.0244482	0.00107
-0.0042	-0.0173	-0.0854	0.0009913470151327792	0.00047822021504644627	0.0001361356816555577	1.01111507	23.12950897	0.97141732	0.08136754979953024	0.0239111	0.00109
0.0043	0.0328	-0.0837	0.0009145525280450286	0.0007906341511534313	0.0005515240436302081	1.14335573	26.15454483	1.0177334	0.10052983925846933	0.0253333	0.00119
0.0041	0.0279	-0.0677	0.00015707963267948963	0.0008168140899333463	0.0006003932626860494	1.1822778	27.04489899	1.00439572	0.06272610266006477	0.0225516	0.00074
0.0046	0.0055	-0.0745	-1.3962634015954635e-05	0.0007871434926494425	0.0004206243497306334	1.16452837	26.63887596	1.00016509	0.0487240888467382	0.0237841	0.00107
-0.002	0.0182	-0.0676	0.00024085543677521747	0.0006771877497737998	0.000317649923862968	1.0739665	24.56725121	0.98630065	0.04958741197672402	0.0239878	0.00139
-0.0059	0.0048	-0.0407	0.00013439035240356338	0.0005951572749300663	0.0003193952531149623	1.11513245	25.50893211	0.96091627	0.0537120444233691	0.0226912	0.00089
-0.0046	0.0184	-0.0085	-0.0007749261878854823	0.0006771877497737998	0.0004049163864626844	1.10201943	25.20896721	0.99370331	0.10094340742402508	0.0184796	0.00069
-0.0009	0.0793	-0.0504	-0.00039968039870670147	0.0006038839211900379	0.000460766922526503	1.11454511	25.49549675	1.03554124	0.13172000769131803	0.0205393	0.00066
-0.0007	0.0164	-0.0536	9.075712110370512e-05	0.0006894050545377602	0.0003874630939427412	1.07277191	24.53992462	0.99990253	0.09876312408709453	0.0219808	0.00066
-0.0033	0.0338	-0.0557	4.18879020478639e-05	0.0006876597252857658	0.0004049163864626844	1.12293553	25.68742943	1.00169837	0.02550339204138894	0.0210789	0.00053
-0.0049	-0.0024	-0.0448	-0.0004328416544945937	0.0007801621756414653	0.00035604716740684323	1.24520838	28.48445129	0.99386968	0.07950506129769991	0.018868	0.00031
-0.0013	0.0948	-0.0227	-0.001499237827463129	0.0007871434926494425	0.0006056292504420323	1.31163275	30.00392342	1.04370457	0.1890479786505851	0.0186339	0.00121
0.0053	0.0451	-0.037	-0.0009965830028887623	0.0007208209810736582	0.0007679448708775049	1.21485662	27.79014587	1.00478105	0.10716464782928116	0.0193273	0.00071
0.0016	-0.0494	-0.0653	-0.0003700098014227979	0.0007731808586334879	0.0003612831551628262	1.19268513	27.28296852	1.06124628	0.18077973973702363	0.0225424	0.00092
-0.0016	0.0208	-0.0387	-0.00041713369122664475	0.0007871434926494425	0.0004485496177625427	1.14144969	26.11094475	1.033362	0.10741764932097587	0.0200968	0.00061
0.005	0.0027	-0.0044	-0.0013020156219877698	0.0007679448708775049	0.0006649704450098395	1.07593369	24.61225128	0.99749358	0.11502506898901796	0.0165092	0.00033
0.0081	0.0429	-0.0742	0.0001291543646475804	0.0008552113334772215	0.0006073745796940267	1.12903214	25.82688904	1.03779189	0.191901615727544	0.0220845	0.00081
0.0058	0.0444	-0.0686	0.0001064650843716541	0.0008377580409572782	0.0005742133239061344	1.01274538	23.16680145	0.94890356	0.013065191429188097	0.0214903	0.00051
0.006	0.0697	-0.0587	-0.0001308996938995747	0.0008464846872172499	0.0006510078109938849	1.06036985	24.25622368	0.97299652	0.05154429558094753	0.0213233	0.00097
0.0067	0.0892	-0.0587	-0.0007993607974134029	0.0009093165402890458	0.0006963863715457374	1.58037865	36.15155411	1.06636281	0.059033575856873834	0.0208327	0.00144
0.0079	0.0716	-0.0682	-0.001048942880448592	0.0009512044423369096	0.0006230825429619757	1.32271886	30.25752258	1.02807784	0.046538690683340725	0.0197477	0.00064
0.0047	0.0464	-0.0716	-0.0006667157742618339	0.0009686577348568529	0.0005253441048502931	1.12098777	25.64287376	0.96915211	0.0566709418409192	0.0199607	0.00064
-0.0012	0.0039	-0.0513	-0.0005061454830783556	0.0009704030641088471	0.0005305800926062762	1.04534841	23.91260529	0.95352492	0.07707758040957277	0.0193151	0.00038
-0.0016	0.0395	-0.0276	-0.0012356931104119853	0.0009459684545809266	0.0006056292504420323	1.00272489	22.93758011	0.95230954	0.10115156973486532	0.0193489	0.00035
-0.0018	0.0941	-0.0265	-0.0015917402778188286	0.0008621926504851988	0.0006003932626860494	1.08602571	24.84310722	0.97188148	0.0781529479629277	0.0163772	0.00041
-0.0028	0.0142	-0.0682	-0.00037350045992678646	0.000932005820564972	0.0004328416544945937	1.14410341	26.17164803	1.01904951	0.19538022980816355	0.020021	0.00054
-0.0052	0.0221	-0.0585	-0.00012740903539558605	0.000900589894029074	0.00039095375244672985	1.06721735	24.41286087	0.95674569	0.0359697626557481	0.0213451	0.00068
-0.0026	0.0182	-0.0449	-0.0009023352232810684	0.000879645943005142	0.0004625122517784973	1.00502169	22.99011993	0.95363152	0.06347143191205909	0.0180579	0.00045
-0.0024	0.0516	-0.0471	-0.0013665928043115599	0.0008639379797371932	0.0005637413483941684	1.06107247	24.272295	0.94700895	0.06485973204570557	0.0172685	0.00046
0.0037	0.0175	-0.0907	-0.00029496064358704166	0.0009250245035569946	0.0005113814708343385	1.01196921	23.14904594	0.95966466	0.14305392810520748	0.020376	0.00043
0.0019	-0.0655	-0.0804	-0.0001937315469713706	0.0009808750396208131	0.0005759586531581287	0.9973228	22.81400681	0.9612364	0.10618284075016397	0.0207863	0.00069
0.0031	-0.0078	-0.0712	-0.000460766922526503	0.0010663961729685354	0.0006510078109938849	0.98010719	22.42019463	0.94466003	0.08948028333693055	0.0200484	0.00053
0.0098	0.1089	-0.0515	-0.001420698011123384	0.0009826203688728075	0.0007138396640656808	1.1927284	27.28395844	1.02391448	0.19842693728822025	0.0197912	0.00094
0.0131	0.0502	-0.0889	-0.0007155849933176752	0.0010803588069844899	0.000736528944341607	1.05661225	24.17026711	1.00977148	0.14067703680966592	0.0215009	0.00079
0.0056	-0.0455	-0.0712	-0.00048520153205442357	0.0011693705988362008	0.0006824237375297829	1.07712066	24.63940239	1.01617117	0.13957502299633937	0.0206767	0.00064
0.0038	-0.0144	-0.0506	-0.0007033676885537148	0.0011135200627723821	0.0005899212871740833	1.0153836	23.22715187	0.94088248	0.07182595714594048	0.019787	0.00078
0.0006	0.0904	-0.0358	-0.0017278759594743865	0.0010070549784007281	0.0006754424205218055	1.03649831	23.71015549	0.99489751	0.1836247244320024	0.0170814	0.00054
0.0035	0.0793	-0.0564	-0.0016859880574265225	0.001043706892692609	0.0007068583470577034	1.03022313	23.56660843	0.96438909	0.04009778714378213	0.0188743	0.00041
0.0054	-0.0048	-0.0611	-0.0006475171524898963	0.0010053096491487337	0.0006492624817418905	1.10546577	25.28780365	1.00638297	0.1474232006898157	0.0209622	0.00056
0.0001	0.0389	-0.0506	-0.0006265732014659643	0.0009197885158010115	0.0006318091892219474	1.00417757	22.97081184	0.94405065	0.06569591884457986	0.0183479	0.00061
0.0016	0.0774	-0.0298	-0.0015882496193148398	0.0009529497715889039	0.000661479786505851	1.01191604	23.14783096	0.95465226	0.11202541354603358	0.0159634	0.0004
0.0043	0.1002	-0.0464	-0.0018692476288859267	0.0009232791743050004	0.0006998770300497262	1.09694743	25.09294319	1.00239867	0.05955329251994328	0.0171485	0.00043
0.0079	0.031	-0.0689	-0.0008290313946973065	0.0009773843811168245	0.0006318091892219474	1.11415589	25.48659134	1.02533919	0.1534194640914112	0.0175685	0.0004
0.0032	0.0439	-0.0565	-0.0007696902001294993	0.0008936085770210966	0.0005654866776461627	0.99826783	22.83562469	0.94628161	0.040471975511965984	0.0180397	0.00051
0.0013	0.0457	-0.0107	-0.0015114551322270892	0.0010332349171806431	0.0006946410422937432	1.02747905	23.50383759	0.97354503	0.10002728184523584	0.0160267	0.00046
-0.0038	0.0527	0.0526	-0.0010629055144645468	0.0007382742735936014	0.0008255407361933179	1.11174726	25.43149567	1.03122544	0.11912049776245792	0.0180872	0.00079
-0.0075	0.0072	0.0913	-0.00042760566673861073	0.0005794493116621174	0.0008011061266653974	1.15852332	26.50150871	1.02993503	0.12882797095926704	0.0207213	0.00117
0.0017	-0.0488	0.0488	-0.00023911010752322313	0.0007941248096574199	0.0008621926504851988	1.16903508	26.74196815	1.03260035	0.1309128790515246	0.0207817	0.00076
0.0151	-0.0687	-0.022	0.00040840704496667313	0.0010297442586766543	0.0008185594191853405	1.11403322	25.48378563	1.02147486	0.15043849164044945	0.0233956	0.00079
0.0177	-0.0109	-0.0324	0.00020420352248333657	0.0008761552845011534	0.000778416846389471	1.13671231	26.00257492	1.02334548	0.09069675347273536	0.0216447	0.00071
0.0096	0.0362	-0.0061	-0.0008970992355250854	0.0010053096491487337	0.0007208209810736582	1.23505616	28.25221634	1.02083769	0.1459026493985907	0.018204	0.00045
0.0043	0.0583	-0.0084	-0.0012845623294678264	0.0009930923443847736	0.0007417649320975902	1.11046958	25.40226746	0.96803299	0.05073121748653165	0.0171877	0.00038
0.0109	0.0257	-0.0608	-0.00017627825445142725	0.001165879940332212	0.0007295476273336296	1.19030142	27.22843933	1.01888186	0.15626444878638993	0.0202389	0.00073
0.0067	-0.0154	-0.0416	-0.00011344640137963142	0.0010367255756846318	0.0006579891280018621	1.08209145	24.75310898	0.99087883	0.07767723585255717	0.0213321	0.00066
0.0074	0.0457	-0.0242	-0.0008115781021773631	0.0010000736613927507	0.0006562437987498679	1.08466637	24.81201172	1.01852953	0.11602644721708034	0.0189951	0.00054
0.0109	0.0647	-0.0238	-0.0013648474750595659	0.0009965830028887623	0.0008115781021773631	1.07473779	24.58489418	0.99508656	0.058504716740684304	0.0157632	0.00031
0.0128	0.027	-0.0594	-0.00032463124087094524	0.0010506882097005862	0.0007400196028455958	1.09027314	24.94026947	0.99740141	0.1334939970166106	0.0213766	0.00061
0.0032	0.0262	-0.0772	0.00021118483949131387	0.0011536626355682519	0.0005148721293383271	0.98547953	22.54308891	0.94001072	0.07139689898685966	0.0219392	0.00071
0.0018	0.0181	-0.0802	5.4105206811824215e-05	0.0012636183784438947	0.0005462880558742252	1.16762304	26.70966721	1.00942702	0.02742256510455152	0.0227082	0.00079
0.0032	0.014	-0.0809	-0.000804596785169386	0.0012025318546240932	0.0006422811647339132	1.24068713	28.38102531	1.00784504	0.05698908123303498	0.0204678	0.00071
0.0093	0.0038	-0.0955	-0.0003385938748868999	0.0012758356832078548	0.0006736970912698113	1.12466776	25.72705269	1.00496742	0.059436133270107286	0.0238287	0.00109
0.0086	-0.0117	-0.0846	-2.094395102393195e-05	0.0013526301702956054	0.0006928957130417488	1.06327665	24.32271767	0.98097717	0.04778215163613281	0.0235968	0.00099
0.0043	0.1047	-0.0744	-0.000460766922526503	0.001192059879112127	0.0007086036763096977	1.10576165	25.29457092	1.03059627	0.16170506129769993	0.0227375	0.00111
0.007	0.0542	-0.0533	-0.0016528268016386303	0.001329940890019679	0.0007417649320975902	1.15076685	26.32407761	1.02105664	0.14245510729037855	0.0188677	0.00074
0.0103	-0.0123	-0.0702	-0.0013002702927357754	0.0012426744274199627	0.0007714355293814937	1.15494871	26.41973877	0.9915141	0.11017467843932371	0.0197746	0.00061
0.0013	-0.0333	-0.0352	-0.0006928957130417488	0.0010297442586766543	0.0006108652381980154	1.08629131	24.84918213	1.0034559	0.11404375198104068	0.0189613	0.00059
0.0012	0.1087	-0.0772	-0.0004729842272904633	0.0011763519158441782	0.000598647933434055	1.16927779	26.74752045	1.08078308	0.20303682238413853	0.0212951	0.00066
0.0021	0.0312	-0.0501	-0.0014870205226991688	0.001155407964820246	0.0006998770300497262	1.10499179	25.27696228	1.03688707	0.16231046715241543	0.018391	0.0004
0.0045	0.0665	0.0238	-0.0021467549799530253	0.001223475805648025	0.0009354964790689606	1.10481632	25.27294731	1.02950571	0.1597710873550435	0.0143867	0.00043
-0.0013	-0.0439	0.017	-0.0012479104151759456	0.0010943214410004448	0.0008028514559173916	1.09029984	24.94087982	1.03440256	0.18103219762881145	0.0159264	0.00033
-0.0026	-0.0073	0.0334	-0.0011222467090323538	0.0011397000015522971	0.0007295476273336296	0.98987222	22.64357185	0.94564874	0.06651730476396031	0.0172079	0.00041
-0.0029	-0.0137	0.0541	-0.0016458454846306526	0.0011257373675363424	0.0007627088831215222	1.04759812	23.96406746	0.96283992	0.05593613327010731	0.0180431	0.00033
-0.0035	0.0507	0.0433	-0.002366666465704311	0.001155407964820246	0.0009093165402890458	1.31010962	29.96908188	1.04078244	0.12065496177625427	0.0156449	0.00045
0.0023	-0.0093	0.0148	-0.0015428710587629874	0.0012880529879718153	0.000932005820564972	1.07817352	24.66348648	1.0150944	0.14325648551844092	0.0162967	0.00036
0.0019	-0.0763	0.0465	-0.0015062191444711063	0.0013107422682477415	0.0008726646259971648	1.1105988	25.40522194	0.9702521	0.10503411945678072	0.0165896	0.0005
0.0013	-0.0078	0.0562	-0.0016004669240788003	0.0013526301702956054	0.00091106186954104	1.01757121	23.27719307	0.95462488	0.08752664625997165	0.0160231	0.0004
-0.0022	0.0063	0.0743	-0.0025865779514555962	0.0012164944886400475	0.0009459684545809266	1.00272226	22.93752098	0.94458446	0.09355766470361203	0.0137579	0.00025
-0.0003	0.0315	0.0861	-0.0029513517651224112	0.0012112585008840647	0.0009093165402890458	1.06198931	24.2932682	0.96420977	0.05923308578573391	0.0140744	0.00025
-0.0019	-0.0469	0.1362	-0.0030281462522101614	0.0012042771838760874	0.000874409955249159	1.16037452	26.54385376	1.04483525	0.1360341194567807	0.01465	0.00043
-0.0002	0.0179	0.0687	-0.0026755897433073067	0.0010471975511965976	0.0006911503837897545	1.19061065	27.23551369	1.10108526	0.16864478565208743	0.0143089	0.00043
-0.0061	-0.0286	0.0468	-0.0027366762671271086	0.0010367255756846318	0.0007923794804054256	1.09368134	25.01823235	1.02400215	0.08293937979737195	0.0132309	0.00028
0.0004	-0.0049	0.033	-0.0027838001569309555	0.0013002702927357754	0.0008813912722571365	1.04675889	23.94487	0.95994254	0.06398401993533508	0.0120237	0.0002
-0.0004	-0.0909	0.0252	-0.002197369528260861	0.0012461650859239514	0.0008080874436733745	1.04723155	23.95568275	0.97966363	0.130291983203284	0.01368	0.00041
0.0001	-0.0407	0.0344	-0.002256710722828668	0.001192059879112127	0.0008342673824532895	1.00831437	23.06544113	0.93614891	0.06688131700797731	0.0134807	0.00033
-0.0025	0.0157	0.0444	-0.0026790804018112955	0.0012740903539558604	0.0009075712110370514	1.00877607	23.07600212	0.95070713	0.09788519912050611	0.0140226	0.00018
0.0001	-0.039	0.0332	-0.0030246555937061734	0.0012479104151759456	0.0009424777960769379	1.0331552	23.63368034	0.94616181	0.08883308578573397	0.0124426	0.00028
0.0021	-0.0534	0.0224	-0.0022026055160168437	0.0013037609512397642	0.0009599310885968812	1.02014589	23.33609009	0.9487173	0.07196769531365459	0.0144094	0.00048
-0.0019	-0.0573	0.0451	-0.002363175807200322	0.0013369222070276565	0.000905825881785057	1.0423311	23.84358215	0.93059572	0.04299183768915973	0.0143238	0.00026
-0.0026	-0.0352	0.0604	-0.0027384215963791032	0.0013281955607676848	0.0009896016858807848	1.00582016	23.0083847	0.94833513	0.06148741197672401	0.0141739	0.00031
-0.0026	-0.0099	0.0708	-0.0037140606482439333	0.0013177235852557187	0.0010262536001726657	1.07665873	24.62883568	0.97621755	0.08683814708343386	0.0128227	0.00038
0.0036	-0.028	0.0338	-0.0028274333882308137	0.0013997540600994523	0.0010978120995044332	1.11447418	25.4938736	0.9666904	0.11331081170943104	0.0141257	0.00041
-0.0004	-0.0758	0.0502	-0.0024853488548399255	0.0014608405839192536	0.001043706892692609	1.09570754	25.06458092	0.96563065	0.09106381320112568	0.0155468	0.00061
-0.0002	0.0004	0.0631	-0.0029234264970905022	0.0012426744274199627	0.0010297442586766543	1.05798268	24.20161629	0.96990926	0.12281032163829111	0.0137476	0.0003
-0.0017	0.045	0.062	-0.004139920985730549	0.001265363707695889	0.0010890854532444615	1.04715478	23.95392418	0.96347089	0.11212624817418904	0.0112161	0.00038
0.0031	0.0346	0.0578	-0.003906046865963309	0.0011798425743481666	0.0010611601852125523	1.03405666	23.6543026	0.96754139	0.03676602605734358	0.0116968	0.00035
0.0031	-0.0662	0.0974	-0.0038397243543875246	0.0010803588069844899	0.0009581857593448868	1.09753108	25.10629654	1.03006201	0.15383903524035633	0.0126885	0.00053
0.0009	0.0333	0.09	-0.0044924774946334045	0.0012758356832078548	0.0009354964790689606	1.05558896	24.14685822	0.98860357	0.15264596483725856	0.0110568	0.00045
-0.0039	-0.0243	0.167	-0.005162683927399226	0.0014172073526193955	0.0011274826967883368	1.17539597	26.88747406	1.07101963	0.18957821599483696	0.0134084	0.00053
-0.0083	-0.0831	0.1687	-0.004656538444320871	0.0013683381335635543	0.001129228026040331	1.10200536	25.20864677	1.00172853	0.09273800156930952	0.0159935	0.00068
-0.0016	-0.1484	0.1183	-0.003733259270015871	0.0016039575825827887	0.0012252211349000194	1.13197243	25.89414978	1.02063624	0.18514458660919608	0.0156037	0.00083
0.0048	-0.0368	0.074	-0.0033807027611130165	0.001579522973054868	0.0011606439525762293	1.28937733	29.49482536	1.10120751	0.18437841503772823	0.0137414	0.00058
-0.0008	-0.0537	0.096	-0.004365068459237818	0.001556833692778942	0.0011100294042683937	1.20660555	27.60140038	1.01480297	0.09738347633542815	0.0123017	0.00013
-0.0022	-0.0021	0.0942	-0.004832816698772298	0.0015865042900628454	0.0011013027580084218	1.10238791	25.21739769	0.9598167	0.08010727415391777	0.0114772	0.00028
-0.0024	-0.0149	0.0394	-0.003387684078120994	0.0015463617172669759	0.0009965830028887623	1.12564969	25.74951553	1.01175015	0.14729974742834165	0.0120932	0.00028
0.0003	-0.0275	0.0181	-0.0020682151636132805	0.0012740903539558604	0.001059414855960558	1.21466637	27.7857933	1.051617	0.1193286065445312	0.0153226	0.00086
-0.0025	-0.0511	-0.0571	0.0002844886680750757	0.000804596785169386	0.001043706892692609	1.44109881	32.96549225	1.24089204	0.24349526818713893	0.0250108	0.00282
0.004	0.0349	-0.0234	-0.0004572762640225143	0.0009285151620609833	0.0011397000015522971	1.39000165	31.79663277	1.10467523	0.17428382089244376	0.021199	0.00083
0.0029	0.0319	-0.0091	-0.0012374384396639797	0.0010349802464326373	0.0011065387457644049	1.22496235	28.02131653	1.01908807	0.06438942579005057	0.0185009	0.00086
0.0041	0.0681	0.0023	-0.002310815929640492	0.0012147491593880533	0.0012758356832078548	1.1302464	25.85466576	1.01141622	0.11992216701876889	0.0165543	0.00084
0.0095	-0.0641	-0.0253	-0.0017400932642383465	0.0014224433403753785	0.0011833332328521555	1.2686218	29.0200386	1.09946653	0.2087459648372585	0.0191364	0.00109
0.0069	-0.0408	-0.0144	-0.002036799237077382	0.0013177235852557187	0.001165879940332212	1.30734599	29.90586281	1.0291822	0.05774395102393194	0.0186604	0.00099
0.0104	0.0007	-0.0054	-0.0023439771854283846	0.001308996938995747	0.0011117747335203881	1.35607195	31.02048111	1.04405379	0.0725004900711399	0.018483	0.00236
0.0072	0.0401	0.0277	-0.003649483465920143	0.0010943214410004448	0.0011257373675363424	1.42203152	32.52932358	1.07370726	0.15240722062515075	0.0159077	0.00145
0.0079	-0.007	0.0297	-0.004375540434749784	0.001158898623324235	0.0010384709049366262	1.22599399	28.04491615	1.03200462	0.09369503068765735	0.013441	0.00069
0.0074	-0.0521	0.0476	-0.0038030724400956446	0.0011833332328521555	0.0009948376736367678	1.12292087	25.68709373	0.99818842	0.09552679177409587	0.0136476	0.00059
0.0011	-0.0304	0.0731	-0.0036704274169440743	0.0010838494654884787	0.0010506882097005862	1.1277597	25.7977829	0.98512491	0.06789896632895327	0.0133522	0.00071
-0.0016	0.0309	0.0921	-0.004368559117741807	0.0010663961729685354	0.0009983283321407565	1.11899269	25.59723473	1.01954858	0.12139724354387528	0.0117046	0.00021
-0.0012	-0.0086	0.0816	-0.004213224814314312	0.0012356931104119853	0.0010873401239924673	1.13864338	26.04674911	0.99436577	0.07108215163613278	0.0114088	0.00033
0.0021	-0.0201	0.0444	-0.0031730085801256907	0.0013281955607676848	0.0009965830028887623	1.123348	25.69686317	1.00370321	0.11317379028240128	0.0123977	0.00038
-0.0	-0.007	0.054	-0.003152064629101759	0.0011833332328521555	0.0009302604913129776	1.01233602	23.15743637	0.94583469	0.03640643952576228	0.0153843	0.00036
-0.0001	0.0093	0.0425	-0.0034400439556808234	0.0013212142437597075	0.0009826203688728075	1.44961262	33.1602478	1.03624184	0.05181101075232232	0.013391	0.00063
0.0048	0.0327	0.0586	-0.00446629755585349	0.0012863076587198209	0.001064650843716541	1.28181422	29.3218174	1.01521057	0.10155953300281433	0.0115052	0.00021
0.0076	-0.0044	0.016	-0.0035342917352885177	0.001377064779823526	0.0010402162341886204	1.12734759	25.78835487	1.00133262	0.13485987755982992	0.0122936	0.00033
0.0067	-0.0409	0.0274	-0.002981022362406315	0.0013124875974997359	0.0010524335389525807	1.07651091	24.62545395	0.95983243	0.08030319299849764	0.0129619	0.00025
0.0023	-0.0338	0.0432	-0.0031328660073298214	0.001282817000215832	0.000926769832808989	1.01248133	23.16076088	0.93322211	0.04265889741755011	0.0126369	0.00025
0.0021	0.0407	0.0698	-0.00441393767829366	0.001192059879112127	0.0009930923443847736	1.06389058	24.33676147	0.98542256	0.1732075651821664	0.0130104	0.00031
0.0061	0.0058	0.062	-0.0047577675409365425	0.0011850785621041497	0.00102799892942466	1.03870904	23.76072693	0.95858102	0.06598588823453733	0.00994354	0.00026
0.0059	-0.0178	0.0512	-0.004225442119078272	0.0012095131716320703	0.0010367255756846318	0.98029119	22.42440414	0.9271078	0.06287433388230815	0.0119115	0.00021
0.0055	-0.0042	0.0695	-0.00437379510549779	0.0011327186845443199	0.0010070549784007281	0.98649597	22.56633949	0.92695144	0.045040903539558634	0.0137221	0.00013
-0.0	0.0459	0.0734	-0.004740314248416599	0.001064650843716541	0.0009250245035569946	1.006405	23.02176476	0.94786729	0.08533087292951606	0.0123252	0.0002
0.0006	0.0345	0.0644	-0.005555383009097951	0.0010471975511965976	0.0008552113334772215	1.03442335	23.66269112	0.93566279	0.06611676116405345	0.0105931	0.00015
0.0033	-0.0132	0.0376	-0.004642575810304917	0.0011536626355682519	0.0009337511498169664	1.02206409	23.37996864	0.94885981	0.13209060497522165	0.0121962	0.00023
0.0031	-0.0049	0.0666	-0.004640830481052923	0.0010978120995044332	0.0008883725892651138	1.03402245	23.65351868	0.92472303	0.0426487212933833	0.0102367	0.00033
0.0072	0.0392	0.057	-0.004045673206122856	0.0010873401239924673	0.0009023352232810684	1.00610387	23.01487541	0.93354945	0.08877959422289934	0.0101221	0.0002
0.0044	0.0159	0.0665	-0.005202826500195096	0.0010576695267085637	0.0009407324668249436	1.0562607	24.16222572	0.95801476	0.09686105674500092	0.00926214	0.00013
0.0097	-0.0158	0.0238	-0.004235914094590238	0.0011711159280881952	0.000932005820564972	1.11646152	25.53933525	0.96890762	0.13415427266222307	0.0111032	0.00028
0.001	-0.0252	0.0437	-0.004000294645571003	0.001186823891356144	0.0008709192967451704	1.08520019	24.82422447	0.95484382	0.05362069680534929	0.0140499	0.00041
0.003	0.0121	0.0637	-0.004333652532701919	0.0010978120995044332	0.0009093165402890458	1.10669994	25.31603622	0.97613698	0.08233834612632515	0.0135053	0.00038
0.0054	0.0414	0.0587	-0.0052778756580308525	0.0010768681484805013	0.001001818990644745	1.06210113	24.29582596	0.9738511	0.08958347633542822	0.0104726	0.00015
0.0117	0.027	0.0071	-0.003858922976159462	0.0010821041362364843	0.0009581857593448868	1.11710715	25.55410194	0.99345639	0.1456910950463616	0.0113848	0.00025
0.0092	0.0204	0.024	-0.0035953782591083183	0.001090830782496456	0.0010506882097005862	1.03876579	23.76202583	0.9510157	0.044238690683340735	0.0112985	0.0002
0.0114	0.0256	0.0321	-0.0038885935734433662	0.0011257373675363424	0.0010611601852125523	0.99323875	22.72058296	0.92928309	0.032429693744345026	0.0112283	0.00026
0.0129	0.0353	0.0115	-0.003958406743523139	0.0011222467090323538	0.0010367255756846318	1.04188371	23.83334732	0.93902125	0.0366869219055841	0.0119438	0.0003
0.016	0.0246	0.0101	-0.003820525732615587	0.0011571532940722405	0.0009930923443847736	1.03428888	23.65961456	0.93667407	0.02602104136236484	0.0111125	0.00018
0.0112	-0.0152	0.0423	-0.004365068459237818	0.0011746065865921838	0.0009843656981248017	1.02188706	23.37592125	0.93381862	0.10533613327010728	0.0105528	0.00023
0.0036	0.0248	0.0649	-0.00499862297771176	0.0010838494654884787	0.0008377580409572782	1.05557549	24.14655113	0.96231728	0.11374596483725855	0.0118879	0.00025
0.0056	0.0549	0.0865	-0.00618370153981591	0.0009965830028887623	0.0009232791743050004	1.09860682	25.13090324	0.96078004	0.1215933079025794	0.0114067	0.00018
0.0057	0.0532	0.0965	-0.005586798935633849	0.0010367255756846318	0.0011431906600562858	1.06967402	24.46905708	0.96859558	0.054647833136460794	0.00938493	0.00015
0.0078	-0.0107	0.0691	-0.00471238898038469	0.0011938052083641214	0.0010053096491487337	1.1558913	26.44129944	0.98525925	0.15186852994181005	0.0112133	0.00021
0.0062	-0.0397	0.0816	-0.004794419455228423	0.0012147491593880533	0.0011065387457644049	1.08254266	24.76343155	0.97125123	0.05331017612416683	0.0109234	0.00031
0.0047	-0.0037	0.0881	-0.005485569839018178	0.0011205013797803594	0.0010122909661567112	1.08363307	24.78837395	0.97443972	0.08798229715025711	0.00992966	0.00018
0.0077	0.0897	0.0522	-0.005429719302954359	0.0011955505376161158	0.001059414855960558	1.16132247	26.56553841	1.02277379	0.1412011791851711	0.0112468	0.00041
0.0124	0.0226	0.0233	-0.004717624968140673	0.0010402162341886204	0.000874409955249159	1.11406577	25.4845314	0.98640471	0.15332167694762908	0.0110419	0.00023
0.0104	-0.0174	0.0341	-0.004525638750421296	0.0010663961729685354	0.0009424777960769379	1.03835762	23.75268745	0.9551762	0.06711169986635356	0.0115879	0.00041
0.0083	0.0543	0.0506	-0.005242969072990966	0.0009459684545809266	0.000890117918517108	1.26661599	28.97415543	1.03873093	0.13480589592585543	0.0115857	0.00033
0.0104	0.0406	0.057	-0.005541420375081997	0.0009651670763528643	0.0009669124056048585	1.18201733	27.03894043	0.98547064	0.04192222054753597	0.0112078	0.00023
0.0153	-0.0143	0.0181	-0.0043929937272697275	0.0011013027580084218	0.0010140362954087054	1.0630306	24.31708908	0.97540303	0.1652843109635837	0.0118805	0.00036
0.0115	-0.0187	0.0427	-0.004543092042941239	0.001090830782496456	0.0009564404300928925	1.10792458	25.34404945	0.96003864	0.043708307824964536	0.0112416	0.0004
0.008	0.0092	0.053	-0.004621631859280984	0.0010297442586766543	0.0009232791743050004	1.02786946	23.51276779	0.93698721	0.05033937979737192	0.0105335	0.00026
0.0068	0.0564	0.0637	-0.005473352534254217	0.00102799892942466	0.0010611601852125523	1.06495881	24.36119652	0.96453439	0.10866735075663896	0.010044	0.00023
0.0088	0.0261	0.0418	-0.005522221753310059	0.0011205013797803594	0.0010297442586766543	1.01193953	23.14836693	0.93689174	0.06283937979737197	0.00905228	0.0001
0.0082	-0.0262	0.0555	-0.00493404579538797	0.0010716321607245184	0.0009983283321407565	1.01198936	23.14950752	0.93869618	0.1000230551756914	0.00973457	0.0002
0.0108	0.0042	0.0656	-0.004972443038931845	0.0009913470151327792	0.0009983283321407565	1.00966203	23.09626961	0.92843415	0.049034119456780725	0.0100732	0.00018
0.0083	0.0058	0.0748	-0.006085963101704227	0.0009826203688728075	0.0009581857593448868	1.10290706	25.22927284	0.99673534	0.07141946409141119	0.00972903	0.00021
0.0103	0.0453	0.0341	-0.00603883921190038	0.0009948376736367678	0.0010000736613927507	1.11387575	25.48018265	0.95840571	0.08726145483078358	0.0093528	0.00017
0.0097	-0.0064	0.042	-0.005204571829447091	0.0010157816246606998	0.0009459684545809266	1.00525343	22.99542046	0.93866669	0.10566582701445228	0.0092116	0.00021
0.0073	0.0257	0.0608	-0.005256931707006921	0.0009721483933608416	0.000973893722612836	1.00489056	22.98712158	0.92869665	0.05949591884457992	0.00940639	0.00018
0.0082	0.0055	0.0792	-0.00617148423505195	0.0009512044423369096	0.0009512044423369096	1.00445557	22.97716904	0.94247327	0.08740928796724436	0.0107043	0.00015
0.0126	0.0474	0.049	-0.006098180406468187	0.0010332349171806431	0.0010716321607245184	1.08334422	24.7817688	0.97691994	0.09028810109075526	0.0116506	0.00015
0.014	0.0271	0.0442	-0.00538957673015849	0.0008395033702092724	0.0010873401239924673	1.04840243	23.98246574	0.96418022	0.07240215932745081	0.00927943	0.00012
0.0093	0.0573	0.0622	-0.005391322059410484	0.0007173303225696694	0.0010053096491487337	1.06517529	24.36614799	0.96270939	0.06319744258676652	0.00926709	0.00026
0.0076	0.0252	0.0653	-0.006120869686744114	0.0008098327729253688	0.0010000736613927507	1.01417673	23.19954491	0.94817564	0.07826430327226562	0.00934052	0.0002
0.0109	0.0523	0.036	-0.005993460651348527	0.0009896016858807848	0.0010663961729685354	1.10491741	25.27526093	0.95701522	0.07837502299633939	0.00950986	0.00028
0.0102	0.0168	0.0249	-0.005021312257987686	0.0011955505376161158	0.0009861110273767962	1.04303992	23.85979652	0.94059915	0.11021911953439556	0.0111215	0.00023
0.0109	0.0552	0.057	-0.005719443958785417	0.0010960667702524388	0.0008936085770210966	1.0262872	23.47657394	0.9342064	0.11570589592585538	0.00953132	0.0003
0.0116	0.0044	0.0682	-0.005932374127528725	0.0009861110273767962	0.0008918632477691023	1.24802589	28.5489006	1.03381563	0.07893156204354726	0.0132556	0.00041
0.0068	-0.0024	0.0786	-0.007005751617505238	0.0009861110273767962	0.0008272860654453122	1.22025311	27.91359329	1.00229159	0.07889773361501513	0.0105544	0.00025
0.0049	0.0808	0.0517	-0.006709045644666203	0.001001818990644745	0.0008726646259971648	1.16514814	26.65305138	1.00994077	0.12988962483294184	0.0113535	0.00036
0.0071	-0.0129	0.0533	-0.005923647481268755	0.0009564404300928925	0.0008412486994612669	1.24335408	28.44203377	1.01503234	0.14060963252425993	0.00991678	0.0002
0.0047	-0.0235	0.0777	-0.005939355444536703	0.000926769832808989	0.000853466004225227	1.07388592	24.5654068	0.9622334	0.040279793265790606	0.0101144	0.00031
0.0034	0.0785	0.0918	-0.006876597252857658	0.0009075712110370514	0.0009093165402890458	1.1244179	25.72133827	1.01836614	0.1680145483078356	0.0126535	0.00018
0.0038	0.0504	0.091	-0.007620107514207243	0.0009965830028887623	0.0009634217471008699	1.10486639	25.27409172	0.99757326	0.07363136300065598	0.011009	0.00031
0.0106	-0.0055	0.0506	-0.006154030942532006	0.0010506882097005862	0.000932005820564972	1.14043128	26.08764839	0.99259449	0.180679885251148	0.0102901	0.00028
0.0058	0.0366	0.0568	-0.005904448859496816	0.0010192722831646884	0.0008988445647770796	1.06014621	24.25110817	0.94614796	0.06880796326794901	0.0096876	0.00018
0.0071	0.0522	0.0609	-0.006384414403795257	0.0010053096491487337	0.0008831366015091308	0.97507215	22.30501747	0.91269981	0.04648180707911724	0.0104238	0.00023
0.0059	0.0895	-0.0466	-0.0027244589623631483	0.0005515240436302081	0.0007766715171374765	1.94586027	44.51203537	1.49192937	0.35701030656611443	0.0217046	0.00654
-0.0174	0.141	-0.5912	0.007695156672042999	-0.0006038839211900379	-0.0005864306286700947	3.36743021	77.03079987	3.02230694	1.266306287251698	0.0963496	0.11198
0.0013	0.0847	-0.5918	0.00684518132632176	-0.0003473205211468716	-0.0003944444109507184	1.59964061	36.59217453	1.58506313	0.14052624817418913	0.0797071	0.08142
0.0086	0.1614	-0.5319	0.005010840282475721	2.268928027592628e-05	-0.00016231562043547262	1.27481484	29.16170692	1.12232592	0.2657239817892041	0.0706973	0.06509
0.0077	0.1628	-0.452	0.003570943649580398	0.00018500490071139895	-5.235987755982988e-06	1.16771984	26.71187973	1.083983	0.17016459430051428	0.0582517	0.04322
0.0129	0.2054	-0.3963	0.002855358656262723	0.0001884955592153876	0.00019547687622336493	1.09372163	25.01915359	1.01936007	0.1494894257900506	0.0527092	0.03364
0.0139	0.1755	-0.3914	0.0019530234329816546	0.0002600540585471551	0.0001361356816555577	1.11966383	25.61258698	0.98167137	0.08746174585903213	0.0503042	0.02929
0.015	0.1628	-0.3455	0.0005462880558742252	0.0004799655442984406	0.00012042771838760874	1.08367753	24.78939247	1.01859315	0.14181774130633326	0.0422769	0.01742
0.0114	0.2024	-0.3136	-0.0001239183768915974	0.0005846852994181004	0.00018500490071139895	1.04774916	23.96752167	0.99611143	0.1170751685104636	0.0388471	0.01395
0.014	0.2009	-0.298	-0.0008447393579652555	0.0007330382858376184	0.000296705972839036	1.08274114	24.76797295	1.02380041	0.06874375198104066	0.0342861	0.00954
0.0146	0.1948	-0.3567	-0.0009128071987930344	0.0008517206749732328	4.363323129985824e-05	1.05890167	24.22263908	1.01000187	0.08739114857512861	0.0369852	0.01397
0.0181	0.1024	-0.3436	-0.0008499753457212384	0.000752236907609556	3.665191429188092e-05	1.02395582	23.42324448	0.9886865	0.11746484687217253	0.0360584	0.01108
0.0117	0.1567	-0.3395	-0.0012339477811599909	0.0009197885158010115	3.316125578789226e-05	1.12905014	25.82730103	1.02316953	0.09255073510670984	0.0353268	0.01085
0.0105	0.2114	-0.2823	-0.0017086773377024485	0.0009983283321407565	0.0003351032163829112	1.34499562	30.76710701	1.07523552	0.1558605666738611	0.0339146	0.00629
0.0101	0.2166	-0.2877	-0.0014119713648634124	0.0012845623294678264	0.00031415926535897925	1.11858392	25.5878849	1.00650123	0.0411941960595019	0.0328163	0.00749
0.0035	0.1091	-0.2859	-0.0008779006137531476	0.0013421581947836393	0.00023911010752322313	1.12762773	25.79476357	1.01404904	0.14923578871309168	0.0303607	0.0051
0.0013	0.1717	-0.2667	-0.0012374384396639797	0.0012042771838760874	0.00014660765716752367	1.05203474	24.06555557	0.96614635	0.11349606435870414	0.0295547	0.00517
0.001	0.1514	-0.238	-0.0019006635554218248	0.0011257373675363424	0.00019024088846738194	1.01979482	23.32806015	0.97955538	0.08856990816987238	0.0266683	0.0032
0.0002	0.2125	-0.2002	-0.0030962140930379405	0.0011519173063162574	0.000439822971502571	1.08825696	24.89414787	1.01390511	0.17326562797156095	0.0252867	0.00198
0.0039	0.1847	-0.2438	-0.002469640891571976	0.001424188669627373	0.00041015237421866745	1.09820187	25.12163925	1.02185107	0.1215257581030492	0.0255262	0.00302
0.0057	0.1344	-0.2603	-0.0017051866791984597	0.0012636183784438947	0.0002617993877991494	1.05875766	24.21934319	0.98902471	0.1222688744988256	0.0265614	0.00363
0.0018	0.1331	-0.241	-0.002165953601724963	0.0012164944886400475	0.0002565634000431664	1.0136981	23.18859482	0.95294273	0.05015634000431664	0.0246947	0.00256
0.0061	0.1156	-0.2195	-0.0031311206780778272	0.001291543646475804	0.0004747295565424576	1.01538014	23.22707176	0.96255033	0.1062191195343956	0.0216082	0.0016
0.0123	0.2231	-0.2888	-0.0024923301718479027	0.0014451326206513049	0.0004206243497306334	1.1373297	26.01669884	1.07089883	0.2253242343608625	0.0300342	0.00627
0.0081	0.1117	-0.2651	-0.002808234766458876	0.001228711793404008	0.0002652900463031381	1.16655052	26.68513298	1.0691771	0.17368298626428824	0.0248017	0.00292
0.0043	0.1783	-0.2457	-0.0033300882128051803	0.001356120828799594	0.0002844886680750757	1.20841408	27.64277077	0.99801856	0.12322305517569136	0.0249105	0.00276
0.0003	0.2117	-0.2023	-0.0044645522266014955	0.0014119713648634124	0.0004433136300065597	1.22095001	27.92953491	1.00067846	0.14825697558958087	0.0231031	0.00297
0.0026	0.1873	-0.2356	-0.0041661009245104645	0.001452113937659282	0.00039095375244672985	1.12087953	25.64039803	0.98132178	0.07954768762233651	0.0246373	0.00294
0.0013	0.0935	-0.2317	-0.003530801076784529	0.0012252211349000194	0.0002583087292951608	1.19754553	27.39415169	1.02071772	0.14874188368183838	0.0239286	0.00198
-0.0021	0.1632	-0.2004	-0.0037384952577718534	0.0012356931104119853	0.0002373647782712288	1.09161592	24.97098351	1.00306842	0.11635550537616111	0.0216135	0.00196
-0.0079	0.2334	-0.165	-0.004825835381764321	0.001181587903600161	0.0004014257279586958	1.09998214	25.16236305	1.03147638	0.17667531402458792	0.0199818	0.00203
-0.0121	0.1659	-0.1629	-0.004677482395344803	0.0013177235852557187	0.0004747295565424576	1.06359506	24.32999992	0.99561445	0.0916896248329419	0.0181164	0.00112
-0.0011	0.1363	-0.2183	-0.0038519416591514853	0.0012775810124598492	0.0003647738136668148	1.08443153	24.80664062	1.02150419	0.14478195259324148	0.0204898	0.00187
0.0017	0.1118	-0.223	-0.0037297686115118824	0.0012671090369478833	0.0003717551306747922	1.10914254	25.371912	0.99503242	0.03898131700797733	0.0220061	0.00172
-0.0014	0.1796	-0.2063	-0.0041277036809665895	0.001324704902263696	0.00041538836197465044	1.28581834	29.413414	1.01215981	0.11255820830351893	0.0215659	0.0019
0.0025	0.1831	-0.2241	-0.004300491276914028	0.0013753194505715315	0.0005375614096142535	1.2785157	29.24636459	0.99632697	0.042478759594743856	0.0235523	0.00279
0.0057	0.1483	-0.2388	-0.0040282199136029125	0.0014137166941154068	0.0003298672286269283	1.17869151	26.96286011	0.99966682	0.07861813939211587	0.0238487	0.00284
0.0029	0.1673	-0.1953	-0.004703662334124718	0.001281071670963838	0.0002722713633111154	1.21848726	27.87319946	0.98627046	0.1085841654494594	0.0219128	0.00165
0.0001	0.1546	-0.1726	-0.005347688828110626	0.0012304571226560022	0.00027576202181510406	1.12268662	25.68173409	0.98376116	0.07310658503988661	0.0185822	0.00086
-0.0003	0.2186	-0.1458	-0.006215117466351807	0.0011327186845443199	0.0002495820830351891	1.10968399	25.38429642	1.00592581	0.14076735075663893	0.0197201	0.00142
-0.0005	0.1911	-0.1859	-0.005358160803622591	0.0010995574287564276	0.00021467549799530252	1.05975366	24.24212646	0.96510644	0.11405122517784974	0.0191329	0.00135
-0.0023	0.09	-0.1559	-0.0053389621818506535	0.0009913470151327792	0.00013439035240356338	1.09815538	25.12057686	0.99138004	0.14328470904936624	0.0159671	0.00058
-0.0038	0.1874	-0.1498	-0.00554665636283798	0.0010175269539126942	0.00017453292519943296	1.02494788	23.44593811	0.97104506	0.11870083462815556	0.0169147	0.00092
-0.0054	0.1632	-0.1171	-0.00669159235214626	0.0010245082709206715	0.0003001966313430247	1.04112661	23.81602859	0.97659079	0.12237905062299244	0.0178442	0.00083
-0.0025	0.1883	-0.1503	-0.006279694648675598	0.0012199851471440364	0.00026878070480712676	1.07637072	24.6222477	0.981655	0.09313952531149619	0.0166869	0.00096
-0.0029	0.1131	-0.1711	-0.00554665636283798	0.0012479104151759456	0.00018151424220741024	1.06740618	24.41718102	0.97931511	0.1388115008234622	0.0161078	0.00079
-0.0007	0.0895	-0.1616	-0.005492551156026155	0.0011606439525762293	0.0002181661564992912	1.02705193	23.49406624	0.94535107	0.044201179185171136	0.0160355	0.00084
-0.002	0.1564	-0.1307	-0.006490879488166912	0.0011763519158441782	0.00028099800957108706	1.10128725	25.19221878	0.98661812	0.15294340742402507	0.0161909	0.00081
0.0012	0.1496	-0.1518	-0.006771877497737999	0.0012409290981679683	0.00041538836197465044	1.04453218	23.89393234	0.95510138	0.055098277214922005	0.0186077	0.00081
0.0046	0.1007	-0.1617	-0.006202900161587847	0.0011379546723003027	0.00033335788713091696	1.02194333	23.3772068	0.98761642	0.0998991118430776	0.0172747	0.00116
0.0046	0.173	-0.1459	-0.006335545184739415	0.0010681415022205296	0.00033684854563490564	1.06351292	24.32812119	0.9694858	0.0983974425867665	0.0167685	0.00091
-0.0037	0.2172	-0.1083	-0.007133160652900825	0.0011205013797803594	0.00037350045992678646	1.16481316	26.64538956	1.03554095	0.13443136300065603	0.0207579	0.00111
-0.011	0.1533	-0.0184	-0.008154178265317507	0.0010611601852125523	0.00027925268031909274	1.25371218	28.67897797	1.09064915	0.2198303293296092	0.0128247	0.00045
-0.0237	0.0873	0.1115	-0.006794566778013924	0.000900589894029074	0.00042236967898262774	1.28253865	29.33838844	1.20228433	0.29176493885752974	0.0109606	0.00068
-0.0301	0.0382	0.2696	-0.006140068308516051	0.0010314895879286487	0.0006754424205218055	1.38284183	31.63284874	1.24156536	0.2655235452468313	0.0177263	0.00193
-0.0402	0.023	0.2932	-0.005763077190085277	0.0011274826967883368	0.001001818990644745	1.21424818	27.77622795	1.07288457	0.0888680398706701	0.0201316	0.00225
-0.0322	-0.1713	0.2473	-0.00544193660771832	0.0015882496193148398	0.0009337511498169664	1.37974501	31.5620079	1.18333375	0.290698767286062	0.0203567	0.00215
-0.0243	-0.0822	0.144	-0.004495968153137393	0.0017208946424664088	0.0006928957130417488	1.53333497	35.07541656	1.24773325	0.2662734457253857	0.0154364	0.00083
-0.0247	0.0133	0.0226	-0.0032759830059933565	0.001609193570338772	0.0002478367537831948	1.48969531	34.07714844	1.26463114	0.30613725892651134	0.016293	0.00059
-0.0222	0.0065	-0.0551	-0.002958333082130389	0.0013788101090755204	0.00016231562043547262	1.27814448	29.23787308	1.12298291	0.11867772592369707	0.0147951	0.00063
-0.0256	0.0375	-0.0644	-0.0032602750427254074	0.001408480706359424	0.0001675516081914556	1.27471673	29.15946198	1.09620298	0.06054242728174525	0.0141371	0.00066
-0.0283	0.0814	-0.0332	-0.00318871654339364	0.0015166911199830724	0.00021642082724729686	1.31010389	29.96895218	1.07552836	0.08923190660056286	0.0148115	0.00058
-0.0251	0.0306	-0.0226	-0.0029112091923265415	0.0013840460968315032	0.00021118483949131387	1.22607708	28.04681778	1.03489066	0.08536941809873251	0.0133364	0.00043
-0.0222	0.0645	-0.0093	-0.0033894294073729884	0.0013945180723434693	0.0002740166925631097	1.1095103	25.38032341	0.96835562	0.07767620218151043	0.0120358	0.00033
-0.0193	0.0087	-0.0091	-0.003750712562535814	0.001420698011123384	0.00038397243543875244	1.06407738	24.34103394	0.971463	0.08377094184091918	0.0121505	0.00028
-0.0135	0.0582	-0.0055	-0.004036946559862884	0.0015690509975429022	0.0005340707511102648	1.13376558	25.93516922	0.96445059	0.08813426497090503	0.013499	0.00046
-0.0104	0.0798	-0.0027	-0.004633849164044945	0.0017191493132144146	0.0005619960191421741	1.1920445	27.26831436	1.007134	0.06624630939427413	0.0154009	0.00104
-0.0101	0.0318	-0.0085	-0.005017821599483697	0.001785471824790199	0.0006771877497737998	1.23675144	28.29099464	1.04229998	0.0823743338823081	0.0161187	0.0021
-0.0127	-0.0055	0.0187	-0.005433209961458348	0.0015446163880149814	0.0006998770300497262	1.20077229	27.46796417	1.05689652	0.10104665395128978	0.0167345	0.00292
-0.0156	0.058	0.03	-0.005792747787369179	0.0014049900478554352	0.000661479786505851	1.11509109	25.50798416	1.03167277	0.1045780704807126	0.0166466	0.0032
-0.0171	0.0119	0.0521	-0.005939355444536703	0.0013997540600994523	0.00062482787221397	1.12073624	25.63711929	1.0013855	0.07912477796076937	0.0159565	0.00289
-0.0191	0.0399	0.073	-0.006382669074543263	0.0013596114873035826	0.000640535835481919	1.09391141	25.02349472	1.00860153	0.07585820830351891	0.0156071	0.00234
-0.0159	0.056	0.0712	-0.006143558967020039	0.0012897983172238095	0.0006859143960337716	1.04448819	23.89292526	0.96532172	0.038815091907742474	0.0135216	0.00225
-0.0175	0.0708	0.0696	-0.005984734005088556	0.0013735741213195373	0.0006981317007977319	1.02001476	23.33308983	0.96150139	0.03074090353955858	0.0127143	0.00147
-0.0159	0.0091	0.0963	-0.0060405845411523745	0.0013439035240356337	0.0007801621756414653	1.02952659	23.55067635	0.97059798	0.0983775804095728	0.0160643	0.00091
-0.0183	0.056	0.1614	-0.006906267850141561	0.0013735741213195373	0.0008621926504851988	1.07050574	24.48808289	1.01669843	0.16326921905584116	0.0129811	0.00054
-0.0168	0.0871	0.0912	-0.0062290801003677615	0.0013892820845874865	0.0008587019919812101	1.14426446	26.17533302	1.06019586	0.13761931857728685	0.011291	0.0003
-0.016	0.0138	0.0826	-0.005705481324769463	0.0013718287920675431	0.0007714355293814937	1.10612559	25.3028965	1.01183166	0.1141159265358979	0.0110088	0.00023
-0.0136	-0.0211	0.0977	-0.005801474433629152	0.0013683381335635543	0.0008569566627292158	1.03213263	23.61029053	0.96899797	0.06165024503556996	0.0108392	0.00038
-0.0175	0.0105	0.1185	-0.0067701321684860045	0.0015550883635269475	0.000926769832808989	1.01867795	23.30251122	0.95847917	0.11756105674500096	0.0106531	0.00031
-0.0158	0.0749	0.1034	-0.007213445798492564	0.0014922565104551516	0.000926769832808989	1.08611739	24.8452034	0.98279167	0.10650727415391777	0.00981742	0.00026
-0.0142	0.0113	0.1035	-0.006675884388878311	0.0015114551322270892	0.0009581857593448868	1.07082105	24.49529648	0.97105443	0.09470879789610445	0.0108477	0.00031
-0.0172	-0.0009	0.1418	-0.006997024971245267	0.0013945180723434693	0.0008918632477691023	1.04400146	23.88179207	0.95674684	0.07872000769131801	0.0113169	0.00036
-0.0177	0.0979	0.181	-0.008702211650443726	0.0014276793281313615	0.0009407324668249436	1.25616431	28.73506927	1.0592608	0.22786085770210968	0.0142438	0.00041
-0.0143	0.0699	0.1564	-0.008861036612375212	0.0014852751934471744	0.000890117918517108	1.15730262	26.47358322	0.98868891	0.0693517687777567	0.0122039	0.00031
-0.0162	-0.028	0.1319	-0.0076881753550350216	0.001429424657383356	0.0007330382858376184	1.09606373	25.07272911	1.00144688	0.19358957130417495	0.0115129	0.0003
-0.0205	-0.0283	0.1677	-0.007855726963226478	0.0013421581947836393	0.0006894050545377602	1.08011389	24.7078743	0.95534901	0.05532256510455157	0.0139595	0.00031
-0.0265	0.0874	0.2113	-0.009108873366158406	0.0012060225131280816	0.0006963863715457374	1.13375974	25.93503571	1.05211352	0.23511317007977311	0.0136411	0.00043
-0.0282	0.0304	0.1856	-0.008702211650443726	0.0013142329267517303	0.0006911503837897545	1.10719395	25.32733536	1.00166971	0.11040540585471555	0.0131238	0.00056
-0.0199	-0.0391	0.1153	-0.007374016089676042	0.0014870205226991688	0.000661479786505851	1.12456143	25.72462082	1.02206441	0.2246326876999513	0.0122375	0.00046
-0.0191	0.0099	0.1238	-0.007213445798492564	0.001452113937659282	0.000614355896702004	1.04344249	23.8690052	0.960093	0.07043003830136059	0.0125508	0.00051
-0.0169	-0.0076	0.1484	-0.007796385768658669	0.0013892820845874865	0.0007801621756414653	1.27164519	29.08919907	1.03573303	0.08487890510886809	0.0142133	0.00076
-0.0161	-0.0214	0.1212	-0.007880161572754398	0.0013735741213195373	0.0006911503837897545	1.21893823	27.8835144	1.01566469	0.05122477796076944	0.0134069	0.0003
-0.0205	-0.0516	0.1391	-0.007745771220350834	0.001186823891356144	0.0006422811647339132	1.16401625	26.62715912	1.0472812	0.07100049007113991	0.0146517	0.00035
-0.0265	0.0062	0.1487	-0.007993607974134028	0.0011955505376161158	0.00047123889803846896	1.12510157	25.73697853	1.00321729	0.09478028333693049	0.0128955	0.0003
-0.0365	0.0609	0.1661	-0.00881216739331937	0.0014695672301792255	0.0004014257279586958	1.15308213	26.37704086	0.97328281	0.1402194640914112	0.0140548	0.00064
-0.0364	0.0151	0.1443	-0.008402015019100702	0.0014940018397071458	0.00034906585039886593	1.05325651	24.09350395	0.95962263	0.09204734306532085	0.0140914	0.00043
-0.0325	-0.0377	0.1374	-0.0077597338543667896	0.0013718287920675431	0.0003630284844148205	1.10289013	25.22888565	0.95769865	0.10252084231947352	0.0122319	0.00026
-0.0316	0.0026	0.1601	-0.007794640439406676	0.0011571532940722405	0.00026878070480712676	1.0085808	23.07153511	0.94229166	0.08109149313214414	0.0121568	0.0003
-0.0356	0.0313	0.1774	-0.008318239215004974	0.001254891732183923	0.00033335788713091696	0.98046303	22.42833519	0.9363508	0.08429571980168851	0.0129423	0.00043
-0.0351	0.0882	0.152	-0.008063421144213804	0.0012723450247038664	0.00029845130209103034	1.17267239	26.82517242	0.97996316	0.09815889741755	0.0119295	0.00053
-0.0292	0.056	0.137	-0.007429866625739861	0.0013369222070276565	0.0002844886680750757	1.04292679	23.85721016	0.94237783	0.08870471674068432	0.0124094	0.00026
-0.0301	-0.0178	0.1553	-0.007360053455660089	0.0011990411961201044	0.0002443460952792061	1.06912744	24.45655441	0.98898764	0.10539183768915968	0.0136891	0.00035
-0.0359	0.0093	0.1689	-0.0075729836244033955	0.001350884841043611	0.00019547687622336493	0.99545652	22.77131462	0.936553	0.06718215163613273	0.0132273	0.00056
-0.0348	-0.0201	0.1851	-0.008045967851693859	0.0011344640137963143	0.0002129301687433082	0.98820961	22.60553932	0.93622888	0.08204291735288516	0.0151278	0.00045
-0.0296	0.0076	0.1508	-0.006901031862385578	0.0012095131716320703	0.0001832595714594046	1.11502361	25.50644112	0.98538312	0.129682787221397	0.0123592	0.00038
-0.0302	0.001	0.1628	-0.006705554986162213	0.001239183768915974	0.00028797932657906436	1.01103556	23.12768936	0.94456472	0.03569336143134641	0.0126263	0.0004
-0.0293	0.0229	0.1619	-0.006867870606597688	0.0012077678423800758	0.0003106686068549907	0.9878884	22.59819221	0.92246617	0.034521041362364946	0.0124834	0.00038
-0.0316	0.052	0.1803	-0.008026769229921921	0.0013055062804917586	0.0003682644721708035	1.19819546	27.40901756	1.00622849	0.11551164633758644	0.0136418	0.00069
-0.0269	0.025	0.1432	-0.007789404451650692	0.001361356816555577	0.0003961897402027128	1.09379041	25.02072716	0.97239085	0.08485702911834782	0.0118205	0.00031
-0.0227	-0.0221	0.1537	-0.007251843042036439	0.0013735741213195373	0.0005096361415823442	1.0527364	24.08160591	0.97339596	0.09496125578789229	0.0129272	0.00041
-0.0259	0.0339	0.1779	-0.007452555906015787	0.0013962634015954637	0.0005166174585903216	1.07343066	24.55499268	0.95467911	0.09491917306316262	0.0122976	0.00053
-0.027	0.0847	0.173	-0.008803440747059398	0.0013334315485236678	0.0004206243497306334	1.04526687	23.9107399	0.97416069	0.13228549014875476	0.0120255	0.00036
-0.0292	0.0226	0.1795	-0.00817163155783745	0.001064650843716541	0.000460766922526503	1.05184174	24.06114006	0.97378967	0.1178366233412472	0.0124462	0.00031
-0.0269	-0.005	0.219	-0.0077335539155868735	0.0005480333851262194	0.0005358160803622592	1.04739535	23.95942879	0.97607617	0.12088721293383274	0.0146382	0.00046
-0.0316	0.0986	0.2196	-0.008023278571417934	0.000926769832808989	0.0004380776422505767	1.06117904	24.2747345	0.98795763	0.1472099770812756	0.0134619	0.00031
-0.0388	0.0755	0.2432	-0.008318239215004974	0.0012304571226560022	0.00038048177693476387	1.06477273	24.35694122	0.98233196	0.08671218993749331	0.0146878	0.00064
-0.0332	0.0477	0.1514	-0.007201228493728604	0.0012514010736799342	0.0003193952531149623	1.12380087	25.70722389	1.0346233	0.18515205980600516	0.0117955	0.00048
-0.0319	-0.0655	0.1752	-0.006709045644666203	0.0010873401239924673	0.0002495820830351891	1.1212883	25.64974785	1.04113515	0.17460284844148202	0.0137082	0.0005
-0.031	0.0173	0.1782	-0.0071191980188848696	0.0010995574287564276	0.0003630284844148205	1.01576602	23.23589897	0.9635307	0.11349080401811291	0.0125353	0.00031
-0.0305	0.0424	0.1649	-0.008426449628628624	0.0012077678423800758	0.0003787364476827695	1.48977792	34.07904053	1.04819217	0.11045849933176756	0.014199	0.00101
-0.0246	0.0025	0.1329	-0.007902850853030323	0.0013194689145077131	0.0004328416544945937	1.21274054	27.74174118	1.00741289	0.11227025272688812	0.0124069	0.00035
-0.0237	-0.0171	0.1591	-0.007803367085666647	0.0013578661580515882	0.0003822271061867582	1.15285087	26.37174988	0.96699578	0.056124777960769354	0.0123444	0.00043
-0.0283	0.0156	0.1806	-0.00800582527889799	0.0013124875974997359	0.0003874630939427412	1.18131542	27.02288437	1.0128582	0.0714536370769589	0.0143434	0.00048
-0.0313	0.0193	0.1797	-0.00825191670342919	0.001244419756671957	0.0002129301687433082	1.17235637	26.81794167	0.98436037	0.03203460952792064	0.0142629	0.00035
-0.0321	0.043	0.165	-0.008466592201424492	0.001218239817892042	0.00027576202181510406	1.04863143	23.98770332	0.9545389	0.05438436449235064	0.0117317	0.00023
-0.0316	0.0007	0.1993	-0.007798131097910665	0.000890117918517108	0.0003682644721708035	1.11364853	25.47498512	0.98196697	0.13155427266222303	0.0131218	0.00026
-0.034	-0.0069	0.2299	-0.007953465401338159	0.0009040805525330626	0.0003700098014227979	1.04857945	23.98651505	0.97435907	0.04915211333477214	0.0140155	0.00048
-0.032	0.0004	0.2244	-0.00855036800552022	0.0011065387457644049	0.00034033920413889426	1.05322862	24.09286499	0.97754044	0.05625156973486539	0.0141093	0.00033
-0.0315	0.0751	0.1788	-0.008504989444968369	0.0010733774899765126	0.0003159045946109737	1.1101073	25.39398003	1.02668999	0.12594872129338325	0.012248	0.00038
-0.0264	0.0035	0.1379	-0.007625343501963226	0.0012304571226560022	0.00028274333882308137	1.07568729	24.60661316	0.989544	0.17109434157362624	0.0111148	0.0004
-0.027	-0.0083	0.152	-0.007454301235267781	0.0011117747335203881	0.0002740166925631097	1.18160319	27.02946663	1.00366914	0.041422565104551536	0.0154647	0.00038
-0.0308	-0.0133	0.1593	-0.007675958050271062	0.001090830782496456	0.00023387411976724014	1.21984792	27.90432358	0.99904838	0.03023716694115413	0.0154551	0.00035
-0.0329	0.0629	0.1641	-0.008559094651780192	0.00102799892942466	0.0001937315469713706	1.23246777	28.19300461	1.00892904	0.13240555136883975	0.0141031	0.00054
-0.026	0.0066	0.1285	-0.008112290363269643	0.0012007865253720988	0.00020594885173533088	1.177477	26.93507957	1.02627529	0.1303904594610974	0.0139986	0.00145
-0.03	-0.0127	0.1654	-0.007883652231258387	0.0012409290981679683	0.00028274333882308137	1.17260683	26.82367325	0.98649937	0.07747875959474379	0.0152847	0.00078
-0.0315	0.0239	0.1957	-0.007660250087003113	0.001064650843716541	0.0003211405823669566	1.11944127	25.60749626	0.96495284	0.09030388211252888	0.0130484	0.00036
-0.0299	0.0261	0.2097	-0.008454374896660533	0.0011501719770642632	0.0003717551306747922	1.02657998	23.48327255	0.95265856	0.0643130245656489	0.0137636	0.00036
-0.0286	0.0301	0.1739	-0.00793775743807021	0.0012356931104119853	0.0003717551306747922	0.99743694	22.81661797	0.94987211	0.07120692959690222	0.0122039	0.00021
-0.0276	0.0183	0.1821	-0.007642796794483169	0.0013002702927357754	0.0004939281783143952	0.95513737	21.84900475	0.91835471	0.04508554367752175	0.0124042	0.00036
-0.0225	-0.0014	0.1776	-0.007679448708775049	0.0013840460968315032	0.000577703982410123	1.16505265	26.65086937	0.98115803	0.03951017612416681	0.0128902	0.00071
-0.0217	0.0548	0.1833	-0.008705702308947716	0.0013386675362796509	0.000577703982410123	1.27821767	29.23954582	1.02348696	0.1162816080362259	0.01344	0.00036
-0.0214	-0.0042	0.1507	-0.008402015019100702	0.0013840460968315032	0.0005742133239061344	1.20787871	27.63052559	1.02140725	0.10952782544514268	0.0127847	0.00026
-0.0252	0.0234	0.173	-0.007970918693858103	0.0012863076587198209	0.0004956735075663896	1.13903821	26.05578041	1.00967306	0.0840687289847013	0.0133587	0.00053
-0.0275	0.0322	0.1871	-0.008000589291142005	0.0011536626355682519	0.00043458698374658803	1.0442239	23.88688087	0.95459417	0.03637010721276362	0.0132506	0.00051
-0.0296	0.0439	0.2032	-0.008984954989266809	0.0012758356832078548	0.00045553093477052	1.02424884	23.4299469	0.93493834	0.08627413483941694	0.0169224	0.00041
-0.0287	0.0535	0.1812	-0.00845786555516452	0.0013665928043115599	0.000450294947014537	1.05558991	24.1468811	0.96397282	0.06365412714809882	0.0126032	0.00038
-0.0246	0.0111	0.1904	-0.007946484084330182	0.0013020156219877698	0.0005619960191421741	1.08419561	24.80124474	1.01049842	0.0900829862642883	0.0142974	0.00059
-0.0249	-0.0158	0.2005	-0.008052949168701836	0.001218239817892042	0.0005881759579220891	1.06173277	24.2874012	1.00387583	0.04812104136236484	0.0137512	0.00036
-0.023	0.0207	0.2004	-0.008782496796035466	0.0013369222070276565	0.0006265732014659643	1.10013831	25.16593742	0.99835704	0.082831363000656	0.0142007	0.00036
-0.0205	0.0954	0.1577	-0.009222319767538036	0.0015079644737231008	0.0007853981633974483	1.3010838	29.7626133	1.01752303	0.1583845100064749	0.0132324	0.00045
-0.017	0.0067	0.1519	-0.008504989444968369	0.0015323990832510211	0.0007138396640656808	1.24538267	28.48843765	1.03335845	0.13866617157146777	0.0137811	0.00091
-0.0193	-0.0325	0.1692	-0.008246680715673206	0.001382300767579509	0.0006387905062299246	1.33288729	30.49012756	1.01452052	0.08297281014012153	0.0142258	0.0003
-0.0197	0.0186	0.1851	-0.008616690517096005	0.0014154620233674013	0.0005811946409141118	1.20142698	27.48294067	1.01263208	0.0904383461263252	0.0169324	0.00043
-0.0228	-0.0038	0.1967	-0.009639453458764682	0.0014887658519511632	0.0006213372137099814	1.06803107	24.43147469	0.96704015	0.09391046715241545	0.014367	0.00025
-0.0211	-0.0196	0.16	-0.00857480261504814	0.0013840460968315032	0.0006300638599699529	1.07852125	24.67144203	0.96750992	0.11310486225480866	0.0124367	0.00033
-0.022	-0.0298	0.187	-0.008285077959217083	0.0012758356832078548	0.000635299847725936	1.0583632	24.21032143	0.97309687	0.05825855286053446	0.0127638	0.0005
-0.025	0.0183	0.1972	-0.008470082859928481	0.001361356816555577	0.0005916666164260777	1.08570099	24.83568001	0.99086189	0.07700796326794894	0.0127949	0.00023
-0.0279	0.0678	0.2011	-0.00951378975262109	0.0013020156219877698	0.0006265732014659643	1.14691865	26.23604965	1.01243668	0.11319773361501516	0.0142957	0.00028
-0.0261	0.0239	0.1713	-0.009377654070965533	0.001254891732183923	0.000577703982410123	1.10858715	25.35920525	0.96823439	0.08710643952576226	0.0134783	0.00031
-0.0205	-0.0553	0.1528	-0.008161159582325484	0.0014224433403753785	0.0004904375198104066	1.0711714	24.50331116	0.98517717	0.17686562797156108	0.0159745	0.00045
-0.0209	0.0164	0.1647	-0.00778416846389471	0.0013177235852557187	0.0005759586531581287	1.02751577	23.50467873	0.96153234	0.1123616003449078	0.0124132	0.00031
-0.025	0.0339	0.1641	-0.007878416243502403	0.0011990411961201044	0.000635299847725936	0.98902762	22.62425232	0.93270146	0.03581356816555575	0.0126147	0.00038
-0.0277	0.0506	0.1569	-0.008859291283123218	0.0010978120995044332	0.000645771823237902	1.06274641	24.31058693	0.95482613	0.08122880558742254	0.0131641	0.00025
-0.0225	-0.0124	0.1246	-0.008072147790473773	0.0013055062804917586	0.0006771877497737998	1.01885438	23.30654716	0.9587091	0.15181268000863335	0.0120366	0.0003
-0.0205	0.0025	0.148	-0.008025023900669927	0.0011885692206081383	0.0006928957130417488	1.00505471	22.99087524	0.93483981	0.04928844564777077	0.0123607	0.00023
-0.0213	-0.0088	0.1675	-0.008660323748395862	0.0011117747335203881	0.0006911503837897545	1.02034533	23.34065247	0.94949424	0.067291983203284	0.0138922	0.00043
-0.0179	0.0275	0.1505	-0.009155997255962252	0.0012339477811599909	0.000710349005561692	1.11713517	25.55474472	0.9608675	0.08855225884889653	0.0138619	0.0003
-0.0161	-0.004	0.1401	-0.00842121364087264	0.001270599695451872	0.0006335545184739417	1.03909349	23.76952171	0.95141307	0.08611150082346218	0.0122473	0.00031
-0.0165	0.0152	0.167	-0.008607963870836035	0.0011763519158441782	0.000640535835481919	1.01029599	23.11077118	0.95201108	0.060898966328953315	0.013844	0.00021
-0.0249	0.0792	0.1846	-0.009698794653332489	0.001165879940332212	0.000614355896702004	1.01905954	23.31123924	0.96157496	0.14637413483941675	0.0153708	0.00026
-0.0227	0.075	0.1708	-0.009998991284675513	0.0012409290981679683	0.000582939970166106	1.01786423	23.28389549	0.94813127	0.0405330857857339	0.0136764	0.0003
-0.0194	0.0019	0.1424	-0.00893259511170698	0.0011938052083641214	0.0005462880558742252	1.05301464	24.08797073	0.97640086	0.162308598853213	0.0122337	0.00041
-0.0208	0.066	0.1605	-0.008674286382411817	0.0010681415022205296	0.0006475171524898963	1.03658807	23.7122097	0.96323906	0.1078600766027213	0.0122579	0.00023
-0.0192	0.0054	0.1733	-0.009258971681829917	0.0011449359893082802	0.0006632251157578452	1.04075015	23.80741692	0.98669037	0.10885938748868997	0.0133016	0.00025
-0.0212	0.056	0.1678	-0.010177014868378935	0.0011623892818282235	0.0006649704450098395	1.05923009	24.23015213	0.96397906	0.10496209041604777	0.0143226	0.0003
-0.0183	-0.0399	0.136	-0.009248499706317952	0.0012845623294678264	0.0006632251157578452	1.13199234	25.89460564	1.01842174	0.18322167694762892	0.0135351	0.00021
-0.0155	-0.0175	0.1562	-0.008672541053159824	0.001117010721276371	0.0007435102613495844	1.11065793	25.40657616	0.95366135	0.08658977034706611	0.0124435	0.0003
-0.0171	0.025	0.1657	-0.008946557745722932	0.0012077678423800758	0.0007068583470577034	1.01311028	23.17514801	0.94417459	0.07367128639793465	0.0133532	0.00028
-0.0134	0.0136	0.1596	-0.010007717930935486	0.0012950343049797925	0.0009075712110370514	1.02856624	23.5287075	0.95761863	0.08865697558958091	0.013969	0.0003
-0.0087	0.0171	0.1363	-0.00933576616891767	0.0014905111812031574	0.0010262536001726657	1.07754314	24.64906693	0.95120789	0.08080555136883971	0.0123261	0.00025
-0.0107	0.0241	0.1554	-0.0091717052192302	0.0013683381335635543	0.0010105456369047167	1.01669455	23.25714111	0.91634635	0.043197098029751115	0.0125505	0.00026
-0.0087	0.0133	0.1753	-0.009583602922700864	0.0014416419621473165	0.0011449359893082802	1.1790297	26.97059631	1.0021953	0.06367959422289944	0.0145051	0.00053
-0.0087	0.0725	0.1779	-0.010693632326969257	0.0014276793281313615	0.001192059879112127	1.23793936	28.31817055	1.02136949	0.12035579640440974	0.0156748	0.00054
-0.0122	0.0658	0.1378	-0.010756464180041052	0.0013631021458075715	0.001192059879112127	1.17165148	26.80181694	0.97960394	0.05667045176977924	0.0156121	0.00053
-0.0059	0.0918	0.1509	-0.010545279340549737	0.0013055062804917586	0.0012025318546240932	1.05524325	24.13895226	0.96663849	0.05936263401595471	0.0159891	0.00074
-0.0057	0.0667	0.1721	-0.010721557595001166	0.0013491395117916165	0.0013002702927357754	1.10277963	25.22635651	0.94901597	0.06238249619314845	0.0166549	0.00068
-0.0106	0.093	0.1545	-0.011550588989698473	0.001256637061435917	0.0011955505376161158	1.02624404	23.47558594	0.98250543	0.10011268000863333	0.0198475	0.00058
-0.0022	0.1597	-0.1412	-0.009025097562062679	0.0011327186845443199	0.000804596785169386	1.75235403	40.08553314	1.6272307	0.522818177848706	0.0193475	0.00276
-0.0051	0.1563	-0.0469	-0.008895943197415098	0.0009442231253289323	0.0008377580409572782	1.18009818	26.99503899	1.09563413	0.11814055898254303	0.0167967	0.00083
-0.0129	0.0954	-0.0509	-0.0065554566704907015	0.0007871434926494425	0.0006928957130417488	1.3026942	29.79945374	1.15649621	0.2048214243759708	0.0152959	0.00106
-0.0182	0.159	-0.048	-0.006049311187412347	0.000466002910282486	0.0004677482395344803	1.33184862	30.46636772	1.09081715	0.12442167694762898	0.0143929	0.00087
-0.0164	0.1626	-0.0388	-0.006593853914034577	0.0007644542123735164	0.0005497787143782138	1.15018475	26.3107605	1.03221384	0.0608512251778497	0.0147149	0.00099
-0.0167	0.1289	-0.0312	-0.006827728033801816	0.0008290313946973065	0.000439822971502571	1.11609602	25.53097343	0.96217836	0.06202035224833359	0.0146167	0.00081
-0.0143	0.104	-0.0459	-0.006916739825653527	0.0010786134777324957	0.0006632251157578452	1.18129599	27.02243805	1.01412342	0.0700998009571087	0.0154803	0.00068
-0.008	0.0729	-0.0638	-0.006607816548050532	0.0010332349171806431	0.000661479786505851	1.13758218	26.02247429	0.99877743	0.07310235837034208	0.0143925	0.00045
-0.0045	0.0505	-0.0236	-0.007367034772668065	0.0009843656981248017	0.0008237954069413235	1.14232171	26.1308918	0.98020809	0.11462015320544235	0.0123833	0.00021
-0.0091	0.0716	-0.0012	-0.008077383778229757	0.0010611601852125523	0.0007976154681614085	1.16205573	26.58231163	1.01455701	0.0887661715714679	0.0131843	0.00046
-0.0198	0.1499	0.0494	-0.009452703228801288	0.001085594794740473	0.0007731808586334879	1.26395929	28.91338348	1.04224703	0.21080943348136863	0.0133156	0.00043
-0.0145	0.1167	0.0188	-0.00894132175796695	0.001001818990644745	0.0008360127117052838	1.02709043	23.49494934	0.96840708	0.10199945640009311	0.0122756	0.00035
-0.0129	0.0576	0.0455	-0.009009389598794729	0.0008726646259971648	0.0008499753457212384	1.1515069	26.34100723	0.96645303	0.09795924197456568	0.0121883	0.00045
-0.0174	0.098	0.0778	-0.009229301084546015	0.0007819075048934597	0.000890117918517108	1.03408313	23.65490913	0.96365233	0.09474055898254304	0.012189	0.00028
-0.023	0.1826	0.086	-0.009698794653332489	0.0008866272600131194	0.0007382742735936014	1.06300831	24.31657982	0.98838135	0.13470284844148203	0.0127307	0.00038
-0.0265	0.1668	0.0584	-0.008396779031344719	0.000921533845053006	0.0007173303225696694	1.13108206	25.8737812	1.01538254	0.11479330790257944	0.0107583	0.00021
-0.0176	0.0356	0.0148	-0.0074019413577079505	0.0008028514559173916	0.0007173303225696694	1.16357541	26.61707687	1.06419653	0.23937600313861912	0.00995111	0.0002
-0.0202	0.0955	0.0289	-0.007237880408020484	0.0006597344572538566	0.0005881759579220891	1.01293695	23.17118263	0.9486332	0.09841661564992908	0.00983602	0.00028
-0.0211	0.1446	0.0358	-0.007775441817634738	0.000619591884457987	0.0004537856055185257	1.15718174	26.47081947	1.00996437	0.09250471674068433	0.0118992	0.00036
-0.0261	0.0888	0.0467	-0.008482300164692442	0.0007243116395776468	0.0004014257279586958	1.249138	28.57434082	1.01588874	0.1148968989868597	0.0117432	0.0002
-0.019	0.0366	0.0057	-0.007747516549602829	0.0007539822368615504	0.0003822271061867582	1.09574127	25.06535339	0.97756892	0.1394826417072727	0.0111703	0.00036
-0.018	0.0692	0.0228	-0.007648032782239152	0.0008552113334772215	0.000640535835481919	1.0519675	24.06401634	0.9554476	0.07365107966372544	0.0110406	0.00041
-0.0147	0.0979	0.0391	-0.008463101542920504	0.000778416846389471	0.0007504915783575615	1.04145575	23.82355881	0.94844875	0.09839094953223727	0.0120116	0.00035
-0.0128	0.0981	0.0608	-0.009724974592112405	0.0009599310885968812	0.0008831366015091308	1.01396871	23.19478607	0.95298338	0.102601615727544	0.0130737	0.00021
-0.0085	0.1203	0.0367	-0.009906488834319814	0.0011676252695842063	0.001117010721276371	0.99541783	22.77042961	0.94334895	0.08175412714809872	0.0133248	0.00033
-0.0078	0.0912	0.0663	-0.009948376736367677	0.0009756390518648303	0.0011152653920243766	1.0288372	23.53490639	0.94027774	0.07118097245096165	0.013148	0.00013
-0.0108	0.1239	0.0658	-0.009941395419359702	0.000926769832808989	0.001048942880448592	1.41029286	32.26079941	0.9964947	0.04230865238198004	0.013685	0.00111
-0.0166	0.1224	0.1047	-0.010686651009961278	0.0009372418083209549	0.0009232791743050004	1.34761155	30.82694817	0.99910166	0.0902695636128567	0.0148556	0.00028
-0.0193	0.1432	0.1069	-0.011294025589655308	0.0009808750396208131	0.0008709192967451704	1.10518849	25.28145981	0.96517818	0.06086838442768589	0.0161304	0.00031
-0.0185	0.0992	0.0796	-0.010196213490150874	0.0010053096491487337	0.0007504915783575615	1.05480659	24.12896347	0.9829675	0.1342337213709982	0.0129747	0.00038
-0.0187	0.0801	0.1197	-0.010419615634406148	0.0009250245035569946	0.0007801621756414653	1.04097497	23.81256104	0.95276746	0.0760678943565458	0.0135493	0.00031
-0.0225	0.1289	0.1465	-0.011412707978790921	0.000973893722612836	0.0008150687606813518	1.01595795	23.24028969	0.95632178	0.13324340742402505	0.0157989	0.00043
-0.0244	0.1268	0.139	-0.0122190500932123	0.0010454522219446034	0.000874409955249159	1.03649652	23.71011543	0.96727535	0.05836209041604762	0.0168214	0.00058
-0.0211	0.0769	0.0902	-0.011070623445400033	0.0010070549784007281	0.0008831366015091308	1.07386053	24.56482506	0.97397441	0.16177752688080568	0.014872	0.0004
-0.0197	0.0758	0.1037	-0.01084023998413678	0.0010419615634406148	0.0009285151620609833	0.97124064	22.21737099	0.91863506	0.03153343034274956	0.0150412	0.00023
-0.0167	0.0466	0.0998	-0.010545279340549737	0.001001818990644745	0.0008255407361933179	1.22616208	28.04876137	1.02059991	0.05800388211252893	0.0173165	0.00056
-0.0233	0.1137	0.1086	-0.011920598791121272	0.0008203047484373349	0.0008342673824532895	1.25793278	28.77552414	1.03706894	0.16077801695194582	0.0181767	0.00038
-0.02	0.0992	0.0676	-0.011325441516191205	0.0009337511498169664	0.000726056968829641	1.19295645	27.28917503	1.01948442	0.09964070449666737	0.0172738	0.00054
-0.0183	0.084	0.081	-0.010747737533781082	0.0009494591130849152	0.0008220500776893293	1.06503797	24.3630085	0.96311235	0.06477025272688798	0.0157579	0.00054
-0.0149	0.0729	0.1034	-0.010862929264412706	0.0008883725892651138	0.0009250245035569946	1.0614531	24.28100204	0.98605279	0.05086263401595451	0.0152844	0.00043
-0.0148	0.1258	0.1134	-0.011590731562494343	0.0008988445647770796	0.0008377580409572782	0.98194772	22.46229744	0.95298139	0.10427703680966594	0.0162991	0.00048
-0.0156	0.1392	0.1026	-0.012337732482347914	0.0009145525280450286	0.0007557275661135446	1.01121676	23.13183403	0.95910685	0.0672369678982627	0.0199625	0.00048
-0.0125	0.177	0.0626	-0.011513937075406593	0.0010506882097005862	0.0009372418083209549	1.05910003	24.22717667	1.01275144	0.13797226654021447	0.0164419	0.00038
-0.0136	0.1091	0.0769	-0.011116002005951886	0.0011030480872604163	0.0008761552845011534	1.0753516	24.59893417	0.9850018	0.10886907354171686	0.015743	0.00035
-0.0093	0.1478	0.0737	-0.011590731562494343	0.001129228026040331	0.0009389871375729493	1.52231085	34.82323837	1.02318512	0.07438706741970832	0.0181184	0.00125
-0.0123	0.1251	0.0764	-0.01265887306471487	0.0009354964790689606	0.0009162978572970229	1.30867553	29.93627739	1.06311426	0.0926281164733912	0.0199151	0.00078
-0.0072	0.1478	0.0415	-0.011657054074070127	0.0010925761117484504	0.0010140362954087054	1.23433042	28.23561478	1.01537746	0.12553185307179576	0.0173221	0.00048
-0.0106	0.1295	0.069	-0.011185815176031658	0.0009616764178488756	0.0009529497715889039	1.13997483	26.07720757	0.99049626	0.08236125578789222	0.0160191	0.00043
-0.0105	0.0935	0.0958	-0.011435397259066848	0.0009512044423369096	0.0010262536001726657	1.03965497	23.7823658	0.95635072	0.07956789435654586	0.0192453	0.0005
-0.0162	0.1394	0.0948	-0.012278391287780108	0.00091106186954104	0.0009407324668249436	1.04296541	23.85809135	1.00295178	0.1010328867428426	0.0189706	0.00061
-0.0127	0.1381	0.0587	-0.012184143508172414	0.0009878563566287904	0.000932005820564972	1.06777442	24.42560577	1.00095736	0.04988844564777084	0.0176902	0.00056
-0.0116	0.0918	0.0718	-0.011548843660446477	0.0009983283321407565	0.0009581857593448868	1.03772402	23.73819351	0.97581393	0.0940975881008909	0.0170349	0.00041
-0.0112	0.1084	0.0826	-0.011271336309379381	0.0009581857593448868	0.0009040805525330626	1.10077548	25.18051338	0.97599667	0.04638775653373944	0.0170702	0.00041
-0.0171	0.1568	0.0928	-0.011999138607461015	0.000879645943005142	0.0008447393579652555	1.1477592	26.25527573	1.00638387	0.10778416544945928	0.0197909	0.00061
-0.0232	0.1537	0.0914	-0.01266236372321886	0.0008272860654453122	0.000757472895365539	1.20893276	27.65463638	0.9702809	0.05074257279586951	0.0192778	0.00046
-0.0141	0.0813	0.0502	-0.011575023599226393	0.0010332349171806431	0.0008150687606813518	1.05805814	24.20334244	0.99619014	0.1902442420521805	0.0164379	0.00026
-0.0096	0.0863	0.0667	-0.011053170152880088	0.001117010721276371	0.0009721483933608416	1.02933896	23.5463829	0.94056111	0.06413544415607611	0.0152901	0.0003
-0.0101	0.165	0.0697	-0.011255628346111431	0.001001818990644745	0.0009494591130849152	1.00700021	23.03537941	0.94956916	0.09921696020694477	0.0159048	0.00035
-0.0074	0.1677	0.0427	-0.011684979342102034	0.001069886831472524	0.001022762941668677	1.05956888	24.23789978	0.95495249	0.06093613327010714	0.0169606	0.00035
-0.0057	0.1112	0.0247	-0.010838494654884786	0.0012025318546240932	0.0010611601852125523	1.1075753	25.33605957	1.05798733	0.1270763476956346	0.0167115	0.00056
-0.0074	0.1048	0.0579	-0.011103784701187924	0.0011780972450961724	0.0011065387457644049	1.09625542	25.07711411	1.05084996	0.05805516081914555	0.0160056	0.0004
-0.0085	0.1204	0.0617	-0.011362093430483087	0.0011484266478122688	0.0010681415022205296	1.26158118	28.85898209	0.97526536	0.03681882850614708	0.0170784	0.00086
-0.0109	0.1415	0.0995	-0.012304571226560023	0.0011501719770642632	0.0010768681484805013	1.22413683	28.00243378	1.02586948	0.10894748857944508	0.0187119	0.00081
-0.008	0.1212	0.0703	-0.012098622374824694	0.0010192722831646884	0.0009023352232810684	1.22413862	28.00247383	1.00658984	0.07796907354171681	0.0179992	0.00046
-0.0144	0.0421	0.0712	-0.01137256540599505	0.0008133234314293575	0.0007592182246175333	1.05691731	24.17724609	0.97203541	0.1401561409614255	0.0163887	0.0003
-0.0145	0.1164	0.0897	-0.011250392358355447	0.0008150687606813518	0.0007749261878854823	1.06021583	24.25270081	0.97299053	0.09988131700797728	0.0187148	0.00043
-0.0188	0.1942	0.1076	-0.011894418852341356	0.0008674286382411819	0.00062482787221397	1.03234482	23.61514282	0.97357261	0.14232423436086253	0.0184429	0.00071
-0.0283	0.1546	0.1588	-0.012390092359907744	0.0007819075048934597	0.0006178465552059926	1.12026894	25.6264286	1.04599206	0.12970879789610443	0.0183737	0.00069
-0.0327	0.126	0.1523	-0.011218976431819553	0.0009180431865490173	0.0005497787143782138	1.1442529	26.1750679	1.00259319	0.1082659725285764	0.0157629	0.00031
-0.0213	0.0328	0.1059	-0.009850638298255996	0.0009808750396208131	0.0006492624817418905	1.16599417	26.67240524	1.03408355	0.22753268769995144	0.0142348	0.0003
-0.0191	-0.015	0.0989	-0.009454448558053281	0.0011641346110802177	0.0007976154681614085	1.01359308	23.18619347	0.94683721	0.09339011490408189	0.014325	0.00041
-0.016	0.0824	0.0908	-0.00997804733365158	0.0010105456369047167	0.0008133234314293575	1.34893668	30.85725975	1.08117938	0.14324478565208745	0.0148587	0.00041
-0.0166	0.1461	0.0978	-0.011370820076743055	0.0011135200627723821	0.0007888888219014368	1.23381805	28.22389412	1.02830554	0.147309088924353	0.0165699	0.00033
-0.0181	0.0717	0.0609	-0.011109020688943906	0.0012426744274199627	0.0007766715171374765	1.19005573	27.22282028	1.02066171	0.13295855286053448	0.0160657	0.00046
-0.018	0.0335	0.0828	-0.010904817166460572	0.001239183768915974	0.000705113017805709	1.11182284	25.43322372	0.994354	0.07416263401595453	0.0160141	0.00041
-0.0226	0.1071	0.1003	-0.010913543812720543	0.0011135200627723821	0.0007417649320975902	1.05626559	24.16233635	0.97236716	0.1042521133347722	0.0154451	0.00033
-0.0244	0.1899	0.1247	-0.011444123905326817	0.001048942880448592	0.000705113017805709	1.01996899	23.3320446	0.97599933	0.1405904594610973	0.0167559	0.00045
-0.0282	0.1455	0.1435	-0.012177162191164435	0.0009128071987930344	0.0007016223593017205	1.06157517	24.28379631	0.98712356	0.11063323129985816	0.0176942	0.00053
-0.0203	0.1554	0.0986	-0.011356857442727103	0.0009442231253289323	0.0008028514559173916	1.06081176	24.26633263	0.9843965	0.11034748857944508	0.0154692	0.00031
-0.0187	0.0636	0.1137	-0.010601129876613559	0.0010960667702524388	0.0007801621756414653	1.03137159	23.59288216	0.96925942	0.1550130245656489	0.0174933	0.00021
-0.0203	0.0721	0.126	-0.010925761117484502	0.0010838494654884787	0.0008272860654453122	1.06665814	24.40007019	0.96865699	0.04159862177193753	0.0162364	0.00054
-0.0216	0.1271	0.116	-0.011163125895755731	0.001165879940332212	0.0008342673824532895	1.43276346	32.77481842	1.00464531	0.08261882850614696	0.0164849	0.00106
-0.0228	0.1204	0.1385	-0.012377875055143785	0.0012269664641520136	0.0007749261878854823	1.23966491	28.35764122	1.02557422	0.09715884388878314	0.0205352	0.00142
-0.0183	0.1422	0.1034	-0.011519173063162576	0.0010506882097005862	0.0006003932626860494	1.28293288	29.34740639	1.02660819	0.12187565858160349	0.0175875	0.00061
-0.0214	0.0204	0.1219	-0.011020008897092195	0.0011309733552923255	0.000582939970166106	1.20568037	27.58023834	1.04353771	0.17324513020910315	0.0173505	0.00083
-0.0213	0.0844	0.1369	-0.011116002005951886	0.0011222467090323538	0.0006859143960337716	1.09046781	24.94472122	0.9787421	0.08948470904936641	0.0167956	0.00071
-0.0246	0.1454	0.1568	-0.012004374595216999	0.0009232791743050004	0.000752236907609556	1.05585194	24.1528759	0.9700712	0.14188313177841252	0.0181576	0.00074
-0.0177	0.0942	0.1278	-0.01229933523880404	0.001075122819228507	0.000900589894029074	1.03856921	23.75752831	0.9756631	0.1168578637465033	0.0184385	0.00054
-0.0153	0.0463	0.1214	-0.011377801393751033	0.0010873401239924673	0.0009930923443847736	1.01520061	23.22296524	0.94957782	0.10801268000863336	0.0165445	0.00058
-0.0157	0.123	0.1411	-0.01177573646320574	0.0009337511498169664	0.0009546951008408983	1.02517176	23.45105934	0.97609645	0.1262960643587041	0.0170776	0.0004
-0.0187	0.1431	0.1528	-0.0124651415177435	0.0009407324668249436	0.0008779006137531476	1.15517616	26.42494011	1.03767795	0.0734590429316744	0.0212446	0.00048
-0.0221	0.1229	0.1477	-0.012967796342317869	0.0009494591130849152	0.0009128071987930344	1.15279889	26.37055969	0.99463974	0.05601440279371136	0.0195971	0.00038
-0.0189	0.1085	0.1133	-0.011927580108129249	0.0011222467090323538	0.0008307767239493009	1.03636301	23.70705986	0.96233965	0.1167517152489896	0.0166108	0.00031
-0.0178	0.0868	0.1338	-0.011613420842770268	0.0009808750396208131	0.0008552113334772215	1.02629232	23.4766922	0.94302836	0.06729827721492211	0.0166218	0.00038
-0.0198	0.1201	0.1464	-0.012107349021084663	0.0010349802464326373	0.0008779006137531476	0.98317742	22.49042702	0.94373493	0.0764361332701073	0.0179278	0.00033
-0.0244	0.1455	0.1419	-0.013116149328737385	0.0010245082709206715	0.0009616764178488756	1.03275836	23.62460327	0.97684204	0.08965240436302076	0.0199894	0.0005
-0.0172	0.1066	0.0913	-0.012253956678252185	0.00119729586686811	0.0008813912722571365	1.07029986	24.48337555	0.98951698	0.15246326960121886	0.0177976	0.00028
-0.0148	0.1093	0.1066	-0.011669271378834088	0.0010262536001726657	0.0008726646259971648	1.03452659	23.66505241	0.95463969	0.058622710618675675	0.0170672	0.00036
-0.0158	0.1121	0.1188	-0.011718140597889929	0.0009285151620609833	0.0008447393579652555	1.11742723	25.56142616	0.99845391	0.024726646259971657	0.0180699	0.00061
-0.0212	0.1919	0.1273	-0.012871803233458181	0.0009389871375729493	0.0008761552845011534	1.33933735	30.63767433	1.02150235	0.1534775268808058	0.0206367	0.00092
-0.0128	0.1412	0.0811	-0.012334241823843928	0.0010576695267085637	0.0008464846872172499	1.22464085	28.0139637	1.02075458	0.1395957198016885	0.0197241	0.00154
-0.0126	0.0847	0.0879	-0.011440633246822828	0.0012322024519079964	0.0008168140899333463	1.15717661	26.47070312	0.98651657	0.1183906049752218	0.0164436	0.00056
-0.0124	0.0654	0.1228	-0.011456341210090778	0.0011257373675363424	0.0009459684545809266	1.16545582	26.6600914	0.96596643	0.06696637061435921	0.0167916	0.00046
-0.0155	0.1683	0.1442	-0.012744394198062595	0.001158898623324235	0.0009826203688728075	1.05387294	24.10760498	1.00144374	0.1952933079025795	0.0202665	0.00063
-0.012	0.1365	0.1061	-0.01252099205380732	0.0011484266478122688	0.0009372418083209549	1.0289042	23.53643799	0.94831234	0.0873626340159547	0.0186279	0.00048
-0.0146	0.0721	0.1086	-0.011784463109465713	0.0011501719770642632	0.0008552113334772215	1.13461971	25.9547081	0.99440111	0.11051523742186677	0.01778	0.00092
-0.0156	0.1463	0.1258	-0.0115418623434385	0.0011327186845443199	0.000890117918517108	1.18315566	27.06497765	1.002665	0.10714803217935213	0.0190385	0.0004
-0.0199	0.1553	0.1518	-0.012981758976333824	0.0010803588069844899	0.00091106186954104	1.0226903	23.39429283	0.95055913	0.11496002307395428	0.018986	0.0004
-0.0216	0.128	0.1228	-0.012718214259282679	0.0011152653920243766	0.0008464846872172499	1.0623436	24.30137444	0.9592271	0.07615142422074107	0.0183845	0.00054
-0.0176	0.081	0.1173	-0.01186474825505745	0.0011239920382843482	0.0008377580409572782	1.01767492	23.27956581	0.94890132	0.1000459648372586	0.0165991	0.00043
-0.0176	0.1153	0.1227	-0.011768755146197764	0.0010716321607245184	0.0008412486994612669	1.06679988	24.40331078	0.94921803	0.047292182246175214	0.0163627	0.00048
-0.0148	0.0879	0.1486	-0.0124651415177435	0.0010890854532444615	0.0009093165402890458	1.15854573	26.50201988	0.99863702	0.09519537524467288	0.0189552	0.00056
-0.0169	0.1264	0.1174	-0.012707742283770713	0.0010733774899765126	0.0009546951008408983	1.15169024	26.34519958	0.9895253	0.08698436449235071	0.0190175	0.0004
-0.0137	0.0813	0.11	-0.01184729496253751	0.0010576695267085637	0.0009285151620609833	1.02385604	23.42096138	0.95920325	0.10081676116405336	0.0165898	0.00031
-0.0132	0.0686	0.1237	-0.011683234012850043	0.0010088003076527223	0.0008831366015091308	1.02315438	23.40491104	0.9455646	0.039815436464758026	0.0170141	0.00046
-0.0142	0.114	0.1407	-0.012580333248375129	0.0011222467090323538	0.0010053096491487337	0.99836951	22.83794975	0.94781209	0.120035934227216	0.0184051	0.00033
-0.0131	0.1385	0.1159	-0.012960815025309892	0.0011309733552923255	0.0010838494654884787	0.9930625	22.71655083	0.93901488	0.07378741197672399	0.0192177	0.00041
-0.0099	0.1197	0.1057	-0.012154472910888512	0.001064650843716541	0.0010122909661567112	0.99180055	22.68768311	0.95449068	0.07941115626644663	0.0174974	0.0004
-0.0097	0.0909	0.1133	-0.011857766938049474	0.0010663961729685354	0.000926769832808989	0.97765201	22.36403275	0.92510096	0.05579862177193772	0.0169389	0.00036
-0.0184	0.1279	0.1398	-0.012941616403537954	0.0011257373675363424	0.0009424777960769379	0.9977116	22.82290077	0.95268657	0.13014493116621184	0.0196939	0.0005
-0.0186	0.1722	0.1243	-0.01321039710834508	0.0011257373675363424	0.0010506882097005862	1.02490151	23.44487572	0.95441998	0.0788495559215387	0.0193714	0.00048
-0.0139	0.1851	0.0994	-0.01221032344695233	0.0010733774899765126	0.0010175269539126942	1.01982582	23.32876778	0.94625217	0.09677973973702358	0.0173987	0.00045
-0.014	0.101	0.1152	-0.012091641057816713	0.0010367255756846318	0.0009616764178488756	1.05690217	24.17689896	0.96413055	0.11055924197456576	0.0170332	0.00033
-0.0155	0.1272	0.1446	-0.01297303233007385	0.0010053096491487337	0.0009704030641088471	1.09143782	24.96691132	0.99022313	0.10317669225265036	0.0197401	0.00066
-0.0185	0.1252	0.1445	-0.013798573066267167	0.0010733774899765126	0.0009512044423369096	1.07145655	24.50983429	0.96161146	0.05074035993965164	0.0210302	0.00033
-0.0158	0.0875	0.1191	-0.01290845514775006	0.001186823891356144	0.0010349802464326373	0.98199672	22.46341896	0.93634082	0.12016700619962332	0.0187482	0.00038
-0.0152	0.0361	0.1241	-0.0123429684701039	0.0009773843811168245	0.0009389871375729493	1.03734255	23.7294693	0.96047261	0.10054596483725838	0.0193594	0.00054
-0.0182	0.1008	0.1492	-0.012583823906879114	0.0009337511498169664	0.0009197885158010115	1.07359445	24.55873871	1.0344809	0.10798436449235053	0.0190085	0.0005
-0.021	0.1748	0.1687	-0.014152874904422017	0.0009407324668249436	0.0009948376736367678	1.02398527	23.42391586	0.97554267	0.17885407361933187	0.023505	0.00087
-0.0188	0.0939	0.1457	-0.013889330187370872	0.0010053096491487337	0.0011082840750163993	1.04248214	23.84703827	0.97489405	0.1281784150377283	0.0217502	0.00045
-0.0144	0.1088	0.1134	-0.012725195576290656	0.0009913470151327792	0.0010384709049366262	1.04788387	23.97060394	0.98049828	0.1139955207587972	0.0187453	0.00046
-0.0117	0.0978	0.1334	-0.012692034320502763	0.0008726646259971648	0.0010349802464326373	0.97727817	22.35548019	0.93173451	0.04146671517137479	0.019031	0.00043
-0.0171	0.1475	0.1484	-0.01362578547031973	0.0010314895879286487	0.0011344640137963143	1.11018908	25.39585114	1.00663007	0.12970299395560644	0.0223732	0.00084
-0.0172	0.1464	0.1267	-0.014194762806469882	0.0011135200627723821	0.0011536626355682519	1.18676507	27.14754486	0.97529407	0.056410321638291086	0.0233926	0.00054
-0.0155	0.112	0.1126	-0.013192943815825137	0.001054178868204575	0.0010559241974565693	1.09981394	25.15851784	0.97497339	0.10814493116621172	0.0207251	0.00041
-0.0151	0.1701	0.1233	-0.012918927123262026	0.0008883725892651138	0.0009756390518648303	1.02879643	23.53397369	0.97468475	0.09520540585471557	0.0221264	0.00069
-0.021	0.07	0.141	-0.013116149328737385	0.001155407964820246	0.0010332349171806431	1.06346273	24.32697296	1.0132985	0.1497926723173152	0.0208002	0.00068
-0.0272	0.1882	0.1649	-0.014131930953398087	0.0010035643198967395	0.0011327186845443199	1.03853333	23.75670815	0.99541521	0.21165545184739423	0.0236352	0.00086
-0.0202	0.1616	0.1499	-0.013655456067603633	0.001158898623324235	0.0013072516097437528	1.05080104	24.03733444	0.96039716	0.08891710572106913	0.0211053	0.00058
-0.0182	0.0856	0.1464	-0.012699015637510741	0.0010349802464326373	0.0011205013797803594	1.03291547	23.62819672	0.97133586	0.14485545184739407	0.0195518	0.00051
-0.0186	0.1086	0.1507	-0.012849113953182252	0.0009145525280450286	0.0009686577348568529	1.0120877	23.15175629	0.96111095	0.04881848394913131	0.0218778	0.00083
-0.0211	0.1317	0.152	-0.013699089298903493	0.0011903145498601325	0.001075122819228507	1.38802469	31.75140762	1.05109611	0.08851012259539993	0.0242604	0.00154
-0.0224	0.1672	0.1445	-0.01402895652753042	0.001291543646475804	0.0011955505376161158	1.20917547	27.66018867	1.0032155	0.07187620218151036	0.0230843	0.00104
-0.0217	0.1196	0.1228	-0.012981758976333824	0.0012531464029319286	0.0011519173063162574	1.09581518	25.06704521	0.97637488	0.12646140130201647	0.0199025	0.00041
-0.0194	0.1222	0.1287	-0.012660618393966868	0.0011065387457644049	0.0009983283321407565	1.00571251	23.00592422	0.92490822	0.041866860685499045	0.0194854	0.00068
-0.0224	0.1885	0.1625	-0.013765411810479276	0.0011379546723003027	0.0011484266478122688	1.04996502	24.01820946	0.98297936	0.16741538293599087	0.0220893	0.00097
-0.0204	0.1616	0.1446	-0.014152874904422017	0.0011763519158441782	0.0011693705988362008	0.98834294	22.60858917	0.94365663	0.06914021442552748	0.0221297	0.00079
-0.0157	0.1006	0.131	-0.013123130645745364	0.0010821041362364843	0.0010786134777324957	1.04511917	23.90736008	0.96979704	0.14003745796940267	0.0200767	0.00063
-0.0171	0.0481	0.1387	-0.012941616403537954	0.0011013027580084218	0.001054178868204575	0.99298412	22.71475792	0.93456651	0.07285737367536334	0.0200675	0.00058
-0.0187	0.1286	0.1489	-0.013348278119252632	0.0010681415022205296	0.0010960667702524388	1.19093311	27.24289131	1.03313934	0.11638554367752169	0.0233242	0.00097
-0.0211	0.1911	0.1778	-0.014950490372583428	0.0009337511498169664	0.0011763519158441782	1.20692968	27.60881615	1.00815942	0.18464438756630489	0.0250061	0.00132
-0.0184	0.0489	0.1439	-0.014336134475881423	0.0010925761117484504	0.0011519173063162574	1.11239946	25.44641304	1.04156703	0.2186807734080705	0.0237574	0.00091
-0.0159	0.0727	0.1571	-0.013686871994139533	0.0009599310885968812	0.0010681415022205296	1.08976054	24.92854309	0.96381672	0.08278416544945937	0.0244102	0.00071
-0.0159	0.0766	0.1687	-0.01369385331114751	0.0008028514559173916	0.0010384709049366262	0.98621631	22.55994225	0.95058056	0.025186577348568488	0.0223543	0.00073
-0.0248	0.1668	0.1786	-0.014395475670449229	0.0008936085770210966	0.0010838494654884787	1.05598891	24.15600777	0.9917391	0.15088790204786387	0.0236084	0.00083
-0.0242	0.2115	0.1557	-0.014590952546672595	0.0009040805525330626	0.0010576695267085637	1.14754403	26.25035286	0.98765985	0.07980643952576236	0.0244564	0.00094
-0.0216	0.0965	0.1321	-0.013442525898860325	0.0008080874436733745	0.0009372418083209549	1.06628096	24.39144135	0.99969663	0.2094423737529784	0.0213316	0.00069
-0.021	0.1835	0.1397	-0.013447761886616309	0.000757472895365539	0.0009826203688728075	1.21832955	27.86959076	1.02813693	0.1002614548307836	0.0214591	0.00144
-0.016	0.1329	0.164	-0.01384744228532301	0.000879645943005142	0.0010471975511965976	1.36371851	31.19540024	1.02670484	0.10922153143350471	0.0229697	0.00079
-0.0234	0.1074	0.187	-0.014892894507267612	0.000921533845053006	0.0009075712110370514	1.18064904	27.00763893	1.00873001	0.1172483232076006	0.0255116	0.00111
-0.0226	0.0966	0.1677	-0.014913838458291546	0.0008709192967451704	0.0009930923443847736	1.02603543	23.47081566	0.94199622	0.03875398163397458	0.0248809	0.00092
-0.0203	0.125	0.1631	-0.014011503235010476	0.0008709192967451704	0.0009878563566287904	1.01778507	23.28208542	0.94899652	0.08067856055185264	0.0233724	0.00069
-0.0172	0.0799	0.1792	-0.013730505225439388	0.0008133234314293575	0.0009930923443847736	0.99042165	22.65614128	0.95328308	0.0814914931321442	0.0228965	0.00097
-0.0206	0.0992	0.193	-0.014578735241908634	0.0008761552845011534	0.001085594794740473	1.09394455	25.02425385	1.00104139	0.08667821599483708	0.0258456	0.00112
-0.0193	0.1556	0.1499	-0.014723597569824163	0.000921533845053006	0.0011449359893082802	1.18994081	27.22019005	0.99821422	0.11327910415175942	0.0247531	0.00125
-0.0126	0.133	0.1337	-0.013753194505715317	0.0009983283321407565	0.001155407964820246	1.0290122	23.538908	0.96332408	0.09838347633542813	0.0218256	0.00064
-0.0122	0.1179	0.1461	-0.01324181303488098	0.0009564404300928925	0.001090830782496456	1.08128464	24.73465347	0.96694213	0.05879232776029953	0.0214566	0.00083
-0.0174	0.1206	0.1761	-0.013887584858118878	0.0010786134777324957	0.0009843656981248017	1.21582437	27.81228447	1.01542774	0.08162049776245776	0.0244254	0.00073
-0.0256	0.1632	0.1746	-0.01493129175081149	0.0008918632477691023	0.0009983283321407565	1.14708543	26.23986435	0.97777212	0.11452098783359804	0.0244778	0.00089
-0.0229	0.1254	0.1375	-0.014220942745249796	0.000895353906273091	0.0008517206749732328	0.99884427	22.8488102	0.9491816	0.12062236606166032	0.0231452	0.00097
-0.0185	0.1296	0.1287	-0.013576916251263891	0.0006928957130417488	0.0008325220532012951	1.01490247	23.21614456	0.96369749	0.06068416544945923	0.0214236	0.00069
-0.0192	0.1036	0.1405	-0.013454743203624287	0.0006649704450098395	0.000757472895365539	1.18538046	27.11587143	0.99985711	0.04975737367536345	0.0214614	0.00071
-0.0233	0.1626	0.1569	-0.014175564184697944	0.0005916666164260777	0.0008255407361933179	1.18691087	27.15088081	1.01789107	0.12260963252425988	0.0232192	0.00099
-0.0215	0.1101	0.1264	-0.013510593739688104	0.0005899212871740833	0.0008133234314293575	1.18512404	27.11000633	0.99061485	0.11874665395128976	0.0214251	0.0004
-0.0167	0.1003	0.0736	-0.011328932174695192	0.0006492624817418905	0.0008866272600131194	1.18073654	27.00964165	1.04989582	0.18311532940722405	0.0188231	0.00068
-0.0232	0.158	-0.0721	-0.007757988525114794	0.0011449359893082802	0.00035430183815484887	1.47676814	33.78143692	1.27852574	0.43984712895025285	0.0169456	0.00149
-0.0105	0.1707	-0.1993	-0.004544837372193235	0.0008569566627292158	0.0005480333851262194	1.49420619	34.180336	1.28220899	0.3373431013235997	0.0233111	0.00464
-0.0103	0.171	-0.204	-0.0039235001584832525	0.0008133234314293575	0.0005916666164260777	1.33803928	30.60798073	1.15158337	0.04063018381548496	0.0253198	0.00414
-0.0008	0.1584	-0.0937	-0.005804965092133139	0.0008377580409572782	0.0008587019919812101	1.41737223	32.42274094	1.23465053	0.24104674593664696	0.0136749	0.00064
-0.01	0.2161	-0.1056	-0.00636521578202332	0.0009180431865490173	0.0008517206749732328	1.12556767	25.7476387	1.04007602	0.1111758576244948	0.0172833	0.00135
-0.01	0.2006	-0.0896	-0.0076340701482231965	0.0007923794804054256	0.0008499753457212384	1.08904064	24.91207504	1.00751904	0.10131317007977313	0.015265	0.00094
-0.0064	0.1847	-0.1044	-0.007719591281570919	0.0007068583470577034	0.0008377580409572782	1.05905259	24.22608948	0.96308936	0.04346297857297025	0.0154192	0.00087
-0.0059	0.1065	-0.1237	-0.007902850853030323	0.0007941248096574199	0.000752236907609556	1.15989852	26.53296661	1.03753603	0.11580235837034214	0.0162016	0.00122
-0.0086	0.1419	-0.1154	-0.00829205927622506	0.0007766715171374765	0.0007120943348136865	1.20826292	27.63931274	1.01405364	0.06874021442552747	0.015907	0.00084
-0.0159	0.2024	-0.1079	-0.00874409955249159	0.0008360127117052838	0.0006475171524898963	1.26526165	28.94317436	0.98627838	0.10409793265790641	0.01781	0.00114
-0.0179	0.1818	-0.0774	-0.008637634468119937	0.0007435102613495844	0.0006265732014659643	1.12009799	25.62251854	0.98545496	0.06409557428756428	0.0186573	0.00142
-0.017	0.1626	-0.1307	-0.006944665093685436	0.0007487462491055673	0.0004974188368183839	1.28503704	29.39554024	1.027469	0.1647679863419032	0.0183153	0.00106
-0.0181	0.1683	-0.1385	-0.005827654372409066	0.0007906341511534313	0.0005462880558742252	1.2064321	27.59743309	1.01485801	0.07498839211900377	0.0178012	0.00121
-0.0106	0.1815	-0.1683	-0.0056758107274855595	0.0013456488532876281	0.0007853981633974483	1.31373191	30.05194283	1.11535341	0.09779842272904633	0.0211235	0.00196
-0.0101	0.2676	-0.1619	-0.005900958200992828	0.0009704030641088471	0.0007120943348136865	1.3418051	30.69412422	1.10690081	0.12668485456349057	0.0183809	0.00206
-0.0118	0.1634	-0.1479	-0.006133086991508073	0.0009756390518648303	0.0005515240436302081	1.19392931	27.31142998	1.05428158	0.13979675347273535	0.0158181	0.00096
-0.0208	0.2517	-0.1222	-0.0069464104229374326	0.000778416846389471	0.0005009094953223725	1.16262293	26.59528732	1.01267879	0.1760580092606277	0.0176979	0.00134
-0.0196	0.202	-0.1375	-0.006839945338565778	0.0008831366015091308	0.0005619960191421741	1.10061467	25.1768322	0.99522382	0.07981356816555579	0.0178304	0.00107
-0.0126	0.1825	-0.1765	-0.005864306286700947	0.0009529497715889039	0.0005183627878423159	1.01114917	23.13028908	0.95972128	0.11995427266222308	0.0182863	0.00104
-0.0115	0.1389	-0.181	-0.005693264020005502	0.0008709192967451704	0.0003874630939427412	1.38848352	31.76190567	1.06127229	0.06839862177193767	0.0200923	0.00198
-0.0092	0.1883	-0.1689	-0.00588525023772488	0.0008656833089891874	0.0003787364476827695	1.34971893	30.8751564	1.03920055	0.0740974425867666	0.0193634	0.00168
-0.0143	0.2108	-0.1458	-0.007166321908688717	0.0007976154681614085	0.00041713369122664475	1.21327448	27.75395393	1.04763664	0.12007683776677457	0.018944	0.00191
-0.0178	0.217	-0.1433	-0.007473499857039719	0.000710349005561692	0.00041189770347066176	1.17603779	26.90215683	0.99583379	0.0321840199353351	0.0196108	0.00226
-0.0167	0.1503	-0.149	-0.006791076119509936	0.0008517206749732328	0.0004747295565424576	1.09927905	25.14628029	1.00812585	0.117831363000656	0.0205373	0.0022
-0.0112	0.1756	-0.1574	-0.006267477343911637	0.0008220500776893293	0.0005427973973702365	1.11562455	25.52018738	0.99731385	0.0702668606854991	0.0200592	0.00297
-0.0101	0.1915	-0.1417	-0.006661921754862355	0.0008621926504851988	0.0006283185307179585	1.18067622	27.00826263	1.00181558	0.05870540585471553	0.0233014	0.00292
-0.0133	0.2337	-0.1071	-0.007555530331883452	0.0007679448708775049	0.000635299847725936	1.16540146	26.65884781	0.99690697	0.12974188368183837	0.0177997	0.00221
-0.0138	0.1696	-0.1239	-0.00738099740668402	0.0010053096491487337	0.0006963863715457374	1.02392554	23.4225502	0.97453309	0.10504921136452305	0.0177022	0.00172
-0.0134	0.1377	-0.132	-0.006468190207890985	0.0009843656981248017	0.000593411945678072	1.00832808	23.06575584	0.95699395	0.09223627878423162	0.0157087	0.00092
-0.0135	0.1789	-0.1319	-0.006181956210563915	0.000890117918517108	0.0005201081170943102	0.9946394	22.7526226	0.93319905	0.06408928027592634	0.0169445	0.00099
-0.0114	0.1756	-0.1161	-0.006630505828326458	0.0009093165402890458	0.0005393067388662478	1.06339204	24.32535744	0.96795359	0.045547343065320905	0.0153541	0.00066
