trans_x	trans_y	trans_z	rot_x	rot_y	rot_z	dvars_std	dvars_nstd	dvars_vstd	framewise_displacement	aqi	aor
0.0	-0.0	0.0	-0.0	0.0	-0.0	n/a	n/a	n/a	n/a	0.0509462	0.00425
-0.0041	-0.0726	0.0399	-0.0010995574287564276	-0.0002548180707911721	5.235987755982988e-06	1.08553135	26.74440193	0.99573559	0.1845805743651792	0.0420502	0.00235
-0.003	-0.0372	0.0218	-0.0011379546723003027	-6.981317007977319e-05	1.0471975511965975e-05	0.98664004	24.30800056	0.94464182	0.06603190660056285	0.0451085	0.0025
-0.0038	-0.0639	-0.0021	4.0142572795869576e-05	-5.235987755982988e-06	4.71238898038469e-05	0.95359856	23.4939518	0.92096098	0.11536631708559215	0.047857	0.00359
0.0007	-0.0496	-0.01	0.0003316125578789226	7.504915783575618e-05	8.726646259971648e-06	0.9166615	22.58392906	0.91091349	0.047207618710933374	0.0506496	0.00416
0.0019	-0.0804	0.0131	-0.0007452555906015787	-0.0002478367537831948	8.552113334772214e-05	1.01837552	25.08987236	0.9574977	0.1289274273593601	0.044508	0.00279
0.0016	-0.0837	0.003	-0.0012863076587198209	-0.0002303834612632515	8.552113334772214e-05	0.96878642	23.86813736	0.92034939	0.041625268031909274	0.0425863	0.00221
0.0049	-0.067	-0.028	-0.0006562437987498679	-0.0001308996938995747	0.00018151424220741024	0.94945866	23.39195633	0.93837879	0.09227703680966585	0.0472948	0.00324
0.0052	-0.0461	-0.0333	-0.0004974188368183839	-5.93411945678072e-05	7.67944870877505e-05	0.91378516	22.51306343	0.8951017	0.043255160819145565	0.0480537	0.00331
0.0042	-0.0281	-0.0349	-0.000466002910282486	0.0	6.283185307179586e-05	0.93401158	23.01138496	0.90908582	0.02583598775598299	0.048887	0.00345
0.0001	0.027	0.0029	-0.0015306537539990272	-0.0001012290966156711	5.061454830783555e-05	1.02220905	25.18431854	0.96952932	0.1559048622548086	0.04448	0.00198
0.0018	-0.0407	-0.0117	-0.0014556045961632708	0.00013788101090755203	1.7453292519943296e-05	0.99753672	24.5764637	0.93671492	0.10136602605734359	0.0434819	0.00207
0.0095	-0.1114	-0.015	-0.0008011061266653974	0.0003892084231947355	0.00016406094968746698	0.999933	24.63550186	0.94430397	0.134321676947629	0.0444453	0.00263
0.0215	-0.0554	-0.0182	-0.000757472895365539	0.0005794493116621174	0.0006859143960337716	0.95054317	23.41867638	0.94508277	0.10898637830567724	0.0462136	0.00283
0.0156	-0.0297	0.0087	-0.0015585790220309364	0.00029321531433504735	0.0005550147021341969	0.93910664	23.1369133	0.93706645	0.11941199089460208	0.0419801	0.00202
0.0185	-0.0467	-0.007	-0.0016807520696705393	0.00035430183815484887	0.0006021385919380437	0.95912176	23.63002777	0.92296334	0.04711917306316256	0.0422297	0.00177
0.0148	-0.0827	-0.0157	-0.0016667894356545846	0.0003473205211468716	0.0005009094953223725	1.00304973	24.7122879	0.95363716	0.05450865238198016	0.0437506	0.00235
0.0069	-0.1001	-0.0116	-0.0014905111812031574	0.0002478367537831948	0.0003159045946109737	0.97617805	24.05024719	0.93434304	0.052438346126325135	0.0413669	0.00193
0.0006	-0.0189	0.0169	-0.0019041542139258136	5.061454830783555e-05	0.00035430183815484887	1.01039791	24.89332771	0.95636229	0.1484631240870945	0.0406607	0.00129
-0.0027	-0.0148	0.0075	-0.0016406094968746698	6.9813170079773176e-06	0.00024609142453120044	1.05298758	25.9426136	0.95719494	0.03756941809873252	0.0427305	0.0019
0.0046	-0.0968	-0.0301	-0.0009128071987930344	0.00042760566673861073	0.00037350045992678646	1.05715835	26.0453701	1.00238461	0.19069178416039273	0.0456991	0.00279
0.0041	-0.081	-0.0161	-0.0014381513036433276	0.00017627825445142725	0.0004520402762665313	0.99940205	24.62241936	0.92862222	0.07306056667386107	0.0441219	0.00259
0.0025	0.0342	-0.003	-0.0015481070465189703	4.0142572795869576e-05	0.0004625122517784973	1.07843482	26.569561	1.00836244	0.14272817000215832	0.0457519	0.00225
0.0025	-0.0361	-0.0381	-0.00034033920413889426	0.00015533430342749534	0.0003665191429188092	1.0558629	26.01345444	0.99115234	0.17634763409356952	0.0510599	0.00397
0.007	-0.1335	-0.0581	5.235987755982989e-05	0.00038397243543875244	0.00043458698374658803	1.08648849	26.76798248	0.97345818	0.15637025272688804	0.0491385	0.00372
0.0035	-0.0296	-0.0125	-0.0008848819307611251	0.00019024088846738194	0.00033684854563490564	1.02365637	25.21997643	0.97432397	0.21443558967020043	0.0486101	0.00294
-0.0002	0.0606	0.0004	-0.0014451326206513049	4.886921905584123e-05	0.00028099800957108706	1.015347	25.01525688	0.97248597	0.14467364476827693	0.047734	0.00289
0.0092	-0.0542	-0.0451	-0.0002600540585471551	0.00015533430342749534	0.0003193952531149623	1.07010293	26.36428833	1.01397272	0.236197044500984	0.0496324	0.00395
0.0033	-0.0246	-0.0653	-0.00015533430342749534	0.0003961897402027128	0.0002844886680750757	0.99754363	24.57663345	0.94274933	0.07472408884673817	0.0523717	0.00423
0.0019	-0.034	-0.0318	-0.0007435102613495844	0.00018675022996339323	0.00029496064358704166	0.97754353	24.08388901	0.94530868	0.08470437218366873	0.0471975	0.00281
0.001	-0.013	-0.0236	-0.0013281955607676848	6.45771823237902e-05	0.0003769911184307752	1.04198742	25.67160225	0.94732937	0.06954444109507187	0.0453976	0.00221
0.0071	-0.0807	-0.0714	-0.00042411500823462205	0.0006789330790257941	0.0005358160803622592	1.12490666	27.71449661	0.99175504	0.20546307055832755	0.0524209	0.00415
0.0072	0.0185	-0.0721	-0.0007731808586334879	0.0006649704450098395	0.0005916666164260777	1.04240787	25.68196106	0.98251885	0.12094395102393192	0.0513516	0.0036
0.0076	-0.0286	-0.0528	-0.0009442231253289323	0.0005096361415823442	0.0006108652381980154	0.98030216	24.15185356	0.94072348	0.08407875959474387	0.0484725	0.00302
0.0073	0.0321	-0.0406	-0.0013753194505715315	0.00014137166941154068	0.0004625122517784973	0.99039775	24.40057945	0.94892237	0.12058568919164604	0.0483516	0.00273
0.0097	-0.0471	-0.0453	-0.0010314895879286487	0.0003473205211468716	0.00040666171571467877	0.99494201	24.512537	0.94490391	0.1165814625221016	0.0481213	0.00311
0.0069	0.0041	-0.008	-0.0019530234329816546	0.00016231562043547262	0.00041189770347066176	0.98217762	24.19805908	0.94961439	0.14688873667601943	0.0451268	0.0017
0.0057	-0.0223	0.0008	-0.0022689280275926286	0.00021467549799530252	0.00029321531433504735	1.03465593	25.49097633	0.96356105	0.06074734306532092	0.0414819	0.00178
0.0019	-0.023	0.0161	-0.0028658306317746896	6.9813170079773176e-06	0.0001937315469713706	1.04027879	25.62950516	0.99772799	0.06500402762665315	0.0397795	0.00147
0.0071	-0.0519	-0.03	-0.001891936909161853	0.0003595378259108319	0.000296705972839036	1.06101918	26.14049149	0.98413359	0.15167123286916787	0.0438566	0.00215
0.0015	-0.0645	0.002	-0.0024137903555081575	0.0004537856055185257	0.00026878070480712676	1.08204973	26.65862274	0.94224826	0.08240132469929537	0.042875	0.002
-0.0029	-0.0067	0.0107	-0.0028396506929947744	0.00042935099599060504	0.00023387411976724014	1.02308357	25.20586586	0.96301131	0.0951600766027212	0.0409825	0.00154
-0.0041	-0.0327	0.0329	-0.0035098571257605967	0.0002007128639793479	0.00018151424220741024	1.02656472	25.29162979	0.96725773	0.09696022211684548	0.0350211	0.00098
-0.0029	0.0039	-0.0329	-0.0028605946440187057	0.0005742133239061344	0.0002844886680750757	1.04321587	25.70186806	0.96993014	0.15988686837681715	0.0404646	0.00154
-0.0024	-0.0333	-0.0168	-0.0032114058236695662	0.000593411945678072	0.00019547687622336493	0.96514612	23.77845192	0.92429169	0.07675107966372542	0.0380197	0.00117
-0.0061	-0.0469	-0.0213	-0.003490658503988659	0.0005707226654021458	0.0002007128639793479	1.0309763	25.40032005	0.9523757	0.037158897417550095	0.0384268	0.00102
-0.0018	-0.0563	0.003	-0.003686135380212024	0.0004485496177625427	0.0003944444109507184	1.1528517	28.4029808	0.96007175	0.06356907354171693	0.035415	0.00079
0.0037	-0.0019	-0.0398	-0.0029234264970905022	0.0005742133239061344	0.00048520153205442357	1.08696198	26.77964783	0.96073436	0.1516564855184409	0.0427607	0.00155
0.001	0.0188	-0.0436	-0.0023928464044842257	0.0007766715171374765	0.0005113814708343385	1.14095235	28.1098156	0.95042246	0.06516091123087668	0.0441508	0.00195
0.0007	-0.0734	-0.0134	-0.0029653143991383657	0.000890117918517108	0.00048345620280242926	1.03611076	25.52681732	0.97709119	0.15839198320328404	0.0389891	0.00136
0.0001	-0.0251	0.0174	-0.004258603374866164	0.0005113814708343385	0.000322885911618951	0.98124295	24.17503166	0.96102619	0.1713297857297023	0.0335925	0.00061
0.0032	0.0681	-0.0167	-0.004181808887778414	0.0007138396640656808	0.0004677482395344803	1.02826083	25.33341789	0.98079361	0.15160575041173108	0.0385758	0.00119
-0.0035	-0.0774	-0.0163	-0.003701843343479973	0.0008168140899333463	0.0003385938748868999	1.09103179	26.87991714	1.03316824	0.18820471674068437	0.0347162	0.00076
-0.007	-0.0819	-0.0072	-0.00434586983746588	0.000853466004225227	0.00028797932657906436	0.98268515	24.21056366	0.93180351	0.05366464782928117	0.0334834	0.00068
-0.0099	0.0047	0.0119	-0.005372123437638546	0.000731292956585624	0.00021642082724729686	1.05261123	25.93334389	0.98555052	0.16959925735720183	0.0328338	0.0005
-0.0114	0.0297	-0.0047	-0.005209807817203074	0.00046949356878647465	3.490658503988659e-05	1.19184995	29.3637886	0.9554531	0.07338146252210162	0.0338694	0.00061
-0.0102	-0.0711	-0.0258	-0.004253367387110181	0.0007190756518216638	0.000148352986419518	1.01909161	25.10751534	0.96472254	0.18907344572538567	0.0339332	0.00071
-0.0095	-0.0628	-0.0147	-0.003904301536711315	0.0007225663103256524	0.00020594885173533088	0.94281173	23.22819519	0.9044378	0.040607618710933366	0.0347735	0.00073
-0.0078	0.0162	0.0018	-0.004848524662040247	0.0006579891280018621	0.00016929693744344995	0.99235743	24.44886017	0.95704314	0.14947261109723015	0.0342089	0.00071
-0.007	-0.0374	-0.0084	-0.004190535534038385	0.0006579891280018621	0.00035604716740684323	1.03123045	25.40658188	0.96212247	0.10683696789826276	0.0342175	0.00073
-0.0073	-0.0787	-0.0733	-0.002064724505109292	0.0011571532940722405	0.0004485496177625427	1.27201903	31.33892632	1.11598573	0.24237388226775847	0.0460165	0.00309
-0.0027	0.0498	-0.1131	-0.0022200588085367874	0.0010384709049366262	0.0003717551306747922	1.31699395	32.44697952	1.12659742	0.19044055898254303	0.0515021	0.00344
-0.0046	0.0611	-0.0644	-0.0030421088862261168	0.0010716321607245184	0.0004258603374866164	1.11944914	27.58003807	1.00116276	0.10736582701445228	0.044325	0.00198
-0.0022	-0.0361	-0.0325	-0.004312708581677988	0.0009250245035569946	0.0004886921905584122	1.10431862	27.20726395	1.00626529	0.2055019602845596	0.0364186	0.00121
-0.0013	0.0245	-0.0242	-0.005216789134211051	0.0008587019919812101	0.0004974188368183839	1.26362157	31.13203621	1.06386265	0.11875648551844092	0.0407475	0.00122
-0.0038	0.0277	-0.0617	-0.004323180557189954	0.000947713783832921	0.0003159045946109737	1.1191355	27.5723114	1.00325561	0.10140673055401088	0.0407733	0.00134
-0.011	0.0115	-0.0239	-0.004612905213021013	0.0009128071987930344	0.00028099800957108706	1.08662903	26.77144432	0.94794879	0.07917689129554159	0.0368456	0.00088
-0.0075	-0.0149	0.0126	-0.005768313177841259	0.000731292956585624	0.0003159045946109737	1.01769674	25.07314873	0.96524917	0.13499143960337717	0.0308693	0.00031
-0.0077	0.0593	-0.0247	-0.005455899241734273	0.0008011061266653974	0.0003717551306747922	1.06364393	26.20515633	0.98879226	0.13360388211252883	0.0368438	0.00073
-0.0078	-0.0288	-0.0167	-0.004722860955896656	0.0009407324668249436	0.000445058959258554	1.0425117	25.68451881	0.96983661	0.14349842272904623	0.0344123	0.00079
-0.0081	-0.0039	-0.0069	-0.004745550236172582	0.0008307767239493009	0.00034906585039886593	1.00275826	24.70510864	0.91859678	0.04643190660056285	0.0333264	0.00056
-0.0036	-0.0402	0.025	-0.00613134166225608	0.0006597344572538566	0.0003822271061867582	0.99729037	24.57039452	0.9473081	0.15219974742834172	0.028277	0.00036
0.0011	-0.0015	-0.0267	-0.005274384999526864	0.0008674286382411819	0.00039095375244672985	1.0504061	25.87901306	0.95265035	0.14876887449882564	0.0347605	0.00056
-0.0043	-0.051	-0.0161	-0.005000368306963754	0.0011030480872604163	0.0003700098014227979	0.98948854	24.37817955	0.92195965	0.09202900463031384	0.033152	0.00059
-0.0109	-0.0963	-0.0093	-0.004850269991292241	0.0011955505376161158	0.00032637657012293966	0.98316336	24.22234535	0.92171816	0.07301169986635353	0.0320147	0.00043
-0.0075	-0.0273	0.0055	-0.00605105651666434	0.0010663961729685354	0.0003682644721708035	1.18789744	29.26641083	0.95096625	0.15579143960337713	0.0313827	0.0004
-0.0029	0.0262	-0.0214	-0.006098180406468187	0.001090830782496456	0.0004921828490624009	1.06932521	26.34512711	0.95515187	0.09477384381116825	0.0346376	0.00059
0.0001	-0.0468	-0.0232	-0.0051277773423593406	0.0011344640137963143	0.0006178465552059926	1.03773391	25.5668087	0.95410634	0.1347850000776148	0.0338979	0.00053
-0.0044	-0.1045	-0.0224	-0.004874704600820162	0.0011571532940722405	0.0005253441048502931	1.07188141	26.40810394	0.94359702	0.08141322360854017	0.0334717	0.00055
-0.0025	-0.0442	-0.0065	-0.005427973973702364	0.001181587903600161	0.0006859143960337716	0.98851109	24.35409737	0.94360419	0.11501371367968004	0.0320134	0.00031
0.0057	0.0762	-0.0227	-0.005836381018669037	0.001155407964820246	0.0009686577348568529	1.06986618	26.35845566	1.00578742	0.18066651612848345	0.0354667	0.00068
0.0131	0.0638	-0.1018	-0.004534365396681268	0.001158898623324235	0.0008517206749732328	1.08033085	26.61627579	1.0234992	0.1700221670187689	0.043356	0.00165
0.013	-0.036	-0.0731	-0.004705407663376713	0.001181587903600161	0.0008569566627292158	1.0224967	25.19140625	0.99200213	0.13854837673636766	0.0377312	0.00099
0.0129	0.0605	-0.0725	-0.005274384999526864	0.0013840460968315032	0.0008726646259971648	1.07350075	26.44800186	1.0105317	0.13655717463247213	0.0400502	0.00114
0.0086	0.0809	-0.048	-0.006241297405131722	0.0015446163880149814	0.000926769832808989	1.17347527	28.91108894	0.95868984	0.10827939518000804	0.0368829	0.00073
0.0014	0.0077	-0.0676	-0.005160938598147233	0.001420698011123384	0.0007225663103256524	1.00688732	24.80683517	0.96322352	0.17042403531797115	0.0383736	0.00102
-0.0073	-0.0475	-0.0423	-0.005031784233499652	0.0011693705988362008	0.0005637413483941684	1.04773533	25.81321335	0.93900902	0.1161653369433124	0.0343735	0.00069
-0.0049	0.0455	-0.0225	-0.006049311187412347	0.0012863076587198209	0.000614355896702004	0.97287124	23.9687767	0.94326457	0.17445392810520752	0.0358151	0.00076
-0.0079	0.0636	-0.0147	-0.00641408500107916	0.0012461650859239514	0.0007086036763096977	0.97171092	23.94018936	0.9406537	0.05385820830351883	0.0341489	0.00059
-0.0016	-0.0022	-0.0606	-0.0055204764240580646	0.0014346606451393388	0.0006597344572538566	1.00776446	24.82844543	0.97428108	0.1745486677646162	0.0358213	0.00066
-0.0032	-0.025	-0.0427	-0.005202826500195096	0.0012217304763960308	0.000710349005561692	0.99721748	24.56859779	0.93538848	0.0713597320457056	0.0349676	0.00064
0.0012	0.0009	-0.0476	-0.005635668154689691	0.0012723450247038664	0.0007417649320975902	0.99372005	24.48243141	0.94445752	0.060943606466916427	0.0354089	0.00076
0.0065	0.0191	-0.048	-0.006349507818755371	0.001270599695451872	0.000926769832808989	1.03051245	25.38889122	0.93053902	0.06892949470145365	0.0346956	0.00058
0.0048	-0.0366	-0.0759	-0.0055152404363020815	0.001408480706359424	0.0009442231253289323	1.00317585	24.71539688	0.96802265	0.1347800842940392	0.0373073	0.00069
0.0033	-0.041	-0.0442	-0.005522221753310059	0.0013421581947836393	0.0007435102613495844	1.03476369	25.49363136	0.92447965	0.05130083462815551	0.0357013	0.0005
0.0038	0.0038	-0.0294	-0.006075491126192261	0.0013107422682477415	0.0006841690667817771	0.9222576	22.72179985	0.9080088	0.09230132469929536	0.0333007	0.00056
0.0008	0.0427	-0.0124	-0.007094763409356949	0.0012060225131280816	0.0007155849933176752	0.92960531	22.90282631	0.90451057	0.11667039824101227	0.0315341	0.00043
0.0	-0.0054	-0.0462	-0.00626049602690366	0.0011117747335203881	0.0006230825429619757	1.00155032	24.67534828	0.9458639	0.13375088062083407	0.0337685	0.00051
-0.0031	-0.0819	-0.0241	-0.006455972903127025	0.0011327186845443199	0.0006492624817418905	1.04330575	25.70408249	0.9623938	0.1138300383013606	0.0303941	0.00048
-0.0032	0.0276	-0.017	-0.0069865529957333005	0.0010471975511965976	0.000645771823237902	0.98548549	24.27955627	0.94988212	0.1476795942228993	0.0322237	0.00058
-0.0018	0.0481	-0.0015	-0.008138470302049559	0.0011606439525762293	0.0007609635538695277	0.95938021	23.63639641	0.93231614	0.10642777191637579	0.0328079	0.00043
-0.0041	-0.0144	-0.0327	-0.007892378877518359	0.0011117747335203881	0.0006702064327658224	1.07342339	26.44609451	0.95929661	0.11528588823453736	0.0304976	0.00045
-0.0042	-0.0195	-0.0466	-0.006593853914034577	0.001270599695451872	0.000609119908946021	1.01329482	24.96469879	0.94354745	0.09502182246175331	0.0350476	0.00056
-0.0086	0.0214	-0.0295	-0.006562437987498679	0.0013107422682477415	0.0005916666164260777	1.02325153	25.2100029	0.95126822	0.06685058959258557	0.0333326	0.00055
-0.0082	0.0181	-0.0231	-0.006998770300497261	0.0012252211349000194	0.0005794493116621174	1.10210669	27.152771	0.9781488	0.036803537555513216	0.0331716	0.00074
-0.0074	-0.0155	-0.0064	-0.008248426044925202	0.0012671090369478833	0.0006038839211900379	1.10558474	27.23845863	0.97902241	0.11689891280018629	0.0312292	0.00053
-0.0049	0.025	-0.0519	-0.0067369709126981125	0.0014137166941154068	0.0006963863715457374	1.07285249	26.43202972	0.98646969	0.1760282619875156	0.036575	0.00099
-0.0001	-0.0801	-0.0225	-0.006590363255530588	0.0013473941825396225	0.0008290313946973065	1.15005922	28.33418465	0.98780652	0.1565787595947439	0.0314515	0.00055
-0.0005	0.0191	-0.0141	-0.007333873516880173	0.0013456488532876281	0.0009180431865490173	1.04738474	25.80457687	0.97649172	0.14971336912266447	0.0322623	0.00058
0.0024	0.0284	-0.0393	-0.007504915783575617	0.0014940018397071458	0.0009023352232810684	1.04926348	25.8508625	0.98235961	0.05415516081914554	0.0343867	0.00071
0.0074	0.0116	-0.0404	-0.006613052535806515	0.001593485607070823	0.0011100294042683937	1.05962622	26.10617065	0.97943388	0.08285205980600521	0.0341349	0.00053
0.0099	-0.0178	-0.0324	-0.0069586277277013915	0.0015114551322270892	0.001181587903600161	1.03687274	25.54559135	0.96767938	0.06485820830351888	0.0320527	0.00056
0.0186	0.053	-0.0469	-0.00817512221634144	0.0016912240451825054	0.0013386675362796509	1.28339183	31.61911964	1.07295293	0.17166715171374772	0.0353376	0.00059
0.0238	0.0848	-0.0609	-0.008555603993276205	0.0017470745812463236	0.001356120828799594	1.13045394	27.85116577	0.98508638	0.07368928027592632	0.0366597	0.00068
0.0218	-0.0067	-0.065	-0.0075886915876713455	0.001811651763570114	0.001335176877775662	1.0901264	26.8576088	0.99538999	0.15022167694762903	0.0350533	0.00059
0.0192	0.0024	-0.0333	-0.007864453609486448	0.0018448130193580064	0.0013055062804917586	1.0586226	26.08144569	0.97118525	0.060329693744344895	0.0329603	0.00053
0.0189	0.0568	-0.0302	-0.008737118235483614	0.0021223203704251047	0.001446877949903299	1.07300389	26.43575859	0.95325245	0.12237718232379025	0.0330115	0.00055
0.0212	0.1224	-0.0639	-0.008988445647770796	0.002171189589480946	0.0014870205226991688	1.1365236	28.00070381	0.96435179	0.11861696020694464	0.041749	0.00102
0.0178	-0.007	-0.0511	-0.008126252997285598	0.002181661564992912	0.001424188669627373	1.12040854	27.60367393	0.99488873	0.19237482395344796	0.0336227	0.00063
0.0144	0.03	-0.0389	-0.007969173364606109	0.002012364627549462	0.001324704902263696	0.969118	23.87630653	0.89835135	0.07389301687433082	0.0336646	0.00056
0.0143	0.0732	-0.0319	-0.008958775050486893	0.001963495408493621	0.001265363707695889	0.93649304	23.07252121	0.90901197	0.1051906049752216	0.0332017	0.00051
0.0126	0.1186	-0.0593	-0.008656833089891874	0.0020210912738094335	0.0012147491593880533	0.97745425	24.08168793	0.93690424	0.09500761871093331	0.038353	0.00056
0.0127	0.0338	-0.0504	-0.007332128187628178	0.002036799237077382	0.001265363707695889	1.00970745	24.87631607	0.95755158	0.16335137069197403	0.0346541	0.00073
0.0133	-0.0179	-0.034	-0.007737044574090863	0.0020298179200694054	0.0012740903539558604	0.95174199	23.44821167	0.93663835	0.08973121748653165	0.0320356	0.00031
0.0156	0.0971	-0.0472	-0.008410741665360674	0.002155481626212997	0.0014416419621473165	1.02474666	25.24683952	0.96658097	0.17884562028024295	0.0353401	0.00069
0.0179	0.0197	-0.0371	-0.007504915783575617	0.0022479840765686964	0.0016179202165987434	0.96893209	23.87172699	0.93696539	0.14853032932960916	0.0332525	0.0005
0.0301	-0.019	-0.0724	-0.0065659286460026675	0.0023771384412162766	0.0016493361431346415	1.03871274	25.59092331	0.95138018	0.14117787143782137	0.0358862	0.00076
0.0297	0.0771	-0.07	-0.006949901081441421	0.002501056818107874	0.0016231562043547262	0.99166042	24.43168831	0.95623986	0.1256035375555133	0.038343	0.00071
0.0267	0.0896	-0.0552	-0.007696902001294993	0.0026092672317315226	0.0016545721308906245	0.98134923	24.17765045	0.93382825	0.07463136300065595	0.0370445	0.00083
0.0241	0.0908	-0.0789	-0.008164650240829473	0.002570869988187647	0.0016598081186466073	1.30178106	32.07217789	0.9628532	0.05306907354171694	0.0398254	0.00117
0.0177	-0.0143	-0.0698	-0.007442083930503821	0.0022200588085367874	0.001322959573011702	1.07344615	26.44665718	0.97641556	0.19111130178057084	0.0361139	0.00076
0.0122	0.0312	-0.0412	-0.007531095722355532	0.0020001473227855013	0.0011501719770642632	1.05745769	26.05274582	0.94183008	0.1036855436775218	0.0341094	0.00046
0.0126	0.026	-0.0206	-0.0081873395211054	0.0020001473227855013	0.0012426744274199627	0.96471924	23.7679348	0.93429617	0.06363731245527839	0.0319298	0.00038
0.0215	0.0918	-0.0243	-0.00911934534167037	0.0020472712125893483	0.0013962634015954637	0.9779734	24.09447861	0.93595636	0.13503593422721588	0.0349008	0.00048
0.0214	-0.0196	-0.0486	-0.008018042583661948	0.0022706733568446224	0.0013526301702956054	1.04291856	25.69454384	0.99551351	0.20421690667817768	0.033847	0.00056
0.0182	-0.0374	-0.0416	-0.007754497866610805	0.0021799162357409173	0.001322959573011702	0.95583999	23.54917526	0.90786921	0.04719862177193759	0.0315757	0.00038
0.0109	0.0467	-0.0069	-0.00888023523414715	0.002008873969045473	0.0011798425743481666	0.98475015	24.26143837	0.95449379	0.1980948316447662	0.0324013	0.00041
0.004	0.0637	0.0802	-0.008681267699419794	0.0020245819323134223	0.0013124875974997359	1.08236241	26.66632652	1.01623136	0.1283660260573437	0.0266361	0.00038
0.009	-0.0148	0.0777	-0.007801621756414652	0.0022322761133007477	0.001574286985298885	1.14209628	28.13800049	1.03565137	0.15345697558958085	0.0244018	0.00017
0.0182	-0.059	0.0348	-0.007344345492392139	0.002501056818107874	0.0016877333866785165	1.12237442	27.65210915	0.97107159	0.13827516851046356	0.0268176	0.00035
0.0231	-0.0129	-0.0005	-0.0071802845427046715	0.002450442269800039	0.0015969762655748114	0.96747625	23.8358593	0.91905421	0.10157163095495036	0.0301854	0.00043
0.0296	-0.0652	0.016	-0.007756243195862801	0.00244695161129605	0.0016824973989225337	1.10204625	27.15127945	0.98344556	0.10854852225049204	0.0285485	0.00028
0.0298	0.087	0.0047	-0.008702211650443726	0.0023230332344044524	0.0016545721308906245	1.24303663	30.62488174	1.03849343	0.2185906049752216	0.0326667	0.00066
0.032	-0.0067	-0.025	-0.0074403386012518264	0.0026040312439755396	0.0016510814723866359	1.04767323	25.81168556	0.9806252	0.20291808586334875	0.0330754	0.00045
0.026	-0.0161	-0.0048	-0.0076113808679472705	0.002621484536495483	0.0016039575825827887	1.00789392	24.83163452	0.93287848	0.04738097245096173	0.0308856	0.00043
0.0215	0.014	0.0131	-0.00821177413063332	0.0024591689160600103	0.001556833692778942	0.98504251	24.26864243	0.92352341	0.09299163864626844	0.0296742	0.0003
0.0243	0.0618	0.0275	-0.009316567547145731	0.002469640891571976	0.0015463617172669759	1.00546682	24.77183914	0.99355619	0.12128686837681717	0.0295677	0.00036
0.0267	0.0185	0.0124	-0.009838420993492036	0.002309070600388498	0.0016301375213627037	0.97213215	23.95056725	0.94574023	0.09910997708127553	0.0310683	0.00046
0.0195	0.015	0.0038	-0.008738863564735608	0.0022113321622768156	0.0014748032179352085	1.00199914	24.68640518	0.95350837	0.08693150851478022	0.0293935	0.00028
0.0178	0.0333	-0.0048	-0.008728391589223642	0.002356194490192345	0.0013439035240356337	1.03653169	25.53718948	0.97185474	0.04291169986635352	0.0299228	0.00048
0.0199	0.0185	0.0178	-0.009536479032897015	0.002452187599052033	0.001500983156715123	1.18503177	29.19580841	0.98216878	0.09255800926062753	0.0281575	0.00036
0.0129	0.0086	-0.0448	-0.008302531251737025	0.0022898719786165604	0.0012932889757277981	1.08923244	26.83558464	0.96559173	0.15969787912913938	0.0334268	0.00069
0.0076	0.0257	-0.0203	-0.008182103533349416	0.0019861846887695473	0.0010297442586766543	0.97381651	23.99206543	0.91864545	0.0812829862642883	0.035367	0.00045
0.0044	0.0008	-0.015	-0.00800582527889799	0.001843067690106012	0.0010192722831646884	0.96796137	23.84781075	0.90820903	0.049893361431346414	0.0307893	0.00028
0.0028	-0.0025	0.027	-0.009815731713216109	0.001801179788058148	0.0010192722831646884	1.00444829	24.74674416	0.9524076	0.1394897168182992	0.0274982	0.00038
0.0076	0.0236	0.0391	-0.009826203688728075	0.0018989182261698304	0.0012583823906879114	0.94221783	23.21356392	0.9130823	0.06036602605734357	0.0267393	0.00045
0.0186	0.0094	-0.0022	-0.008361872446304834	0.0021205750411731105	0.001387536755335492	1.03931308	25.6057148	0.95096865	0.15725712110370504	0.0303726	0.00038
0.0208	-0.023	0.0061	-0.008316493885752979	0.0021223203704251047	0.0016126842288427606	0.95478016	23.52306366	0.91476389	0.05651356816555591	0.029081	0.00035
0.022	0.0126	0.0218	-0.00888023523414715	0.0021223203704251047	0.0015306537539990272	0.95104021	23.43092155	0.91348239	0.0847885911618952	0.0281256	0.0003
0.0168	0.0456	0.0214	-0.009974556675147593	0.00210835773640915	0.0014800392056911916	1.12909102	27.8175869	0.95492317	0.09654493116621164	0.0299653	0.00038
0.0163	0.088	-0.008	-0.009229301084546015	0.0020629791758572974	0.0013142329267517303	1.01380205	24.97719383	0.9416585	0.1201220215046446	0.0328959	0.00045
0.0108	0.022	0.0215	-0.009705775970340468	0.0018465583486100008	0.0012461650859239514	1.04284418	25.69270897	0.94529506	0.13904817769347644	0.0306252	0.00051
0.0148	-0.0279	0.0381	-0.010194468160898877	0.0019460421159736775	0.0013543754995475996	0.99140215	24.42532539	0.95165687	0.10531931857728674	0.0255975	0.0005
0.0146	0.0811	0.0364	-0.011232939065835505	0.0018517943363659836	0.0013578661580515882	1.01632607	25.03938103	0.96254359	0.16771046715241547	0.0291008	0.00059
0.013	0.0731	0.0036	-0.010108947027551158	0.0019041542139258136	0.001324704902263696	0.99237376	24.44926262	0.93523166	0.10287565858160344	0.0304799	0.00026
0.0157	-0.0378	0.0313	-0.009906488834319814	0.0017819811662862105	0.001322959573011702	0.97023332	23.90378571	0.94567556	0.157618828506147	0.0252255	0.00028
0.0159	0.0001	0.0378	-0.010143853612591043	0.0018832102629018814	0.0013473941825396225	0.91475719	22.5370121	0.90459624	0.06275142422074104	0.0273514	0.00028
0.0184	0.0585	0.0534	-0.011733848561157877	0.0017767451785302276	0.001424188669627373	0.96329641	23.73287964	0.93533657	0.16516272600131185	0.0281021	0.00041
0.0222	0.0316	0.0097	-0.010562732633069682	0.002022836603061428	0.0013980087308474581	0.98429352	24.25018883	0.93332607	0.14656936456996555	0.0284021	0.00033
0.0221	-0.0449	0.0168	-0.009807005066956136	0.002141518992197042	0.001572541656046891	1.03206646	25.42717934	0.98039754	0.13614714402242967	0.0281339	0.0004
0.0225	0.0141	0.0218	-0.010159561575858992	0.0021921335405048776	0.0016336281798666925	0.98074383	24.16273499	0.94231233	0.08761287905152462	0.0270645	0.0004
0.0259	0.0383	0.0221	-0.011304497565167273	0.002155481626212997	0.0017016960206944712	0.95229119	23.4617424	0.9227147	0.09038278722139699	0.0278112	0.00038
0.0289	-0.0306	-0.0041	-0.010431832939170107	0.002464404903815993	0.0018360863730980347	0.92799598	22.86317825	0.91643579	0.16389891280018629	0.028396	0.0003
0.0229	-0.0773	0.0209	-0.010269517318734636	0.0022863813201125715	0.001656317460142619	0.94470108	23.27474403	0.93250392	0.10370540585471535	0.026288	0.00021
0.0223	0.0549	0.0211	-0.010836749325632793	0.00209614043164519	0.0014451326206513049	1.04842424	25.83018684	0.98371237	0.1814328867428426	0.0285597	0.00045
0.0114	0.0557	0.1109	-0.012712978271526697	0.0013439035240356337	0.001181587903600161	1.05067194	25.8855648	0.98538635	0.24610052852773015	0.0254337	0.00055
0.0081	0.0301	0.0438	-0.011051424823628093	0.0019617500792416262	0.0010611601852125523	1.0821861	26.66198349	1.01249144	0.2159913860746102	0.0279549	0.00023
0.0065	-0.0367	0.0135	-0.010262536001726656	0.0019931660057775245	0.000921533845053006	1.08410287	26.70920753	0.96571885	0.1466965544298441	0.0270655	0.00031
0.0049	0.0389	0.0397	-0.010878637227680656	0.001843067690106012	0.0008552113334772215	0.98743093	24.32748604	0.935926	0.14502610266006483	0.0271503	0.00026
0.01	0.0849	0.0458	-0.011943288071397199	0.0018133970928221085	0.00102799892942466	0.96550095	23.7871933	0.9464449	0.12055545184739425	0.0267007	0.00038
0.0112	0.0337	0.0147	-0.011409217320286932	0.0019844393595175526	0.0011065387457644049	1.01042092	24.89389229	0.96200201	0.1226826417072728	0.0277996	0.00033
0.0143	0.0309	0.0164	-0.010489428804485921	0.0019757127132575807	0.0011362093430483087	0.98487163	24.264431	0.92886989	0.05550928796724433	0.0274279	0.0004
0.0109	0.0027	0.0196	-0.010185741514638906	0.002050761871093337	0.0010681415022205296	0.91386288	22.51497841	0.89831819	0.05714021442552752	0.0279013	0.00033
0.012	0.0356	0.027	-0.011349876125719123	0.0020751964806212577	0.0011344640137963143	1.01692069	25.05402946	0.94529158	0.1041445866091961	0.0279987	0.00055
0.0181	0.0779	0.0109	-0.012248720690496205	0.002118829711921116	0.0014224433403753785	1.22316623	30.13533211	0.95191035	0.1260228561328002	0.0305659	0.00069
0.0219	0.0322	-0.0092	-0.010814060045356866	0.002314306588144481	0.001467821900927231	1.00337589	24.72032356	0.94877936	0.1533758040957278	0.0303416	0.0005
0.0213	0.0267	0.0223	-0.010728538912009143	0.0022759093446006054	0.001553343034274953	1.03250182	25.43790245	0.91644493	0.04807197551196604	0.0278646	0.00036
0.0193	-0.0033	0.0404	-0.011410962649538926	0.0023422318561763904	0.0015481070465189703	0.95553601	23.5416851	0.92377729	0.08779911184307755	0.0259339	0.0003
0.0185	0.1111	0.0273	-0.012362167091875835	0.0023509585024363614	0.0016022122533307947	1.47803676	36.41461563	1.00598274	0.1790018147704352	0.0315809	0.00106
0.0195	0.0498	0.0032	-0.011606439525762293	0.002452187599052033	0.0014974924982111347	1.11128855	27.37898445	0.97592268	0.1344838208924437	0.0310465	0.00066
0.0191	-0.0043	0.0376	-0.0115732782699744	0.002281145332356589	0.0014660765716752368	1.06336951	26.19839668	0.94898651	0.10068097245096173	0.0280497	0.00035
0.0191	-0.0145	0.037	-0.011496483782886648	0.0022689280275926286	0.0014852751934471744	0.9988957	24.6099453	0.93725918	0.01621052068118249	0.0270287	0.00059
0.0193	0.063	0.0431	-0.013014920232121715	0.0023125612588924867	0.001514945790731078	1.04586947	25.76724434	0.96809909	0.16338701389094143	0.0289134	0.00061
0.0179	0.0436	0.0098	-0.012370893738135807	0.0022951079663725434	0.0015376350710070042	0.96052247	23.66453743	0.92619977	0.08830845333908889	0.0299769	0.00036
0.0165	-0.0481	0.0534	-0.012369148408883812	0.0022043508452688383	0.0014556045961632708	1.02346849	25.2153492	0.9629755	0.14542664625997165	0.0252617	0.00035
0.0121	0.0157	0.0567	-0.012109094350336656	0.0021519909677090087	0.0013055062804917586	0.99562025	24.52924728	0.9503905	0.09462561258892489	0.0255823	0.00031
0.0082	0.0755	0.0696	-0.013292427583188814	0.0020298179200694054	0.0013683381335635543	1.01460826	24.99705887	0.96428002	0.14501690667817782	0.0264609	0.0005
-0.0046	0.0136	0.1195	-0.0121579635693925	0.0015865042900628454	0.001439896632895322	1.08758831	26.79507828	0.99084705	0.2070668071567321	0.0212878	0.00035
-0.007	-0.0315	0.1077	-0.011840313645529532	0.0017732545200262388	0.001335176877775662	1.02479434	25.24801445	0.94290107	0.08975599544730099	0.0232455	0.00023
-0.0021	0.0213	0.043	-0.011007791592328238	0.0020839231268812296	0.0012025318546240932	1.01433802	24.99040031	0.94781018	0.18619178416039267	0.0259475	0.0002
0.002	0.0035	-0.0021	-0.010540043352793757	0.0019861846887695473	0.0010506882097005862	1.5255636	37.58554077	1.02420881	0.1028665161284835	0.0303875	0.00099
0.0144	0.0354	0.0175	-0.011353366784223114	0.0021327923459370708	0.0014590952546672592	1.37491107	33.87389374	1.00492425	0.13231690667817766	0.029891	0.00068
0.0188	0.0902	0.008	-0.012212068776204323	0.0020420352248333657	0.0014608405839192536	1.11099076	27.37164688	0.98344398	0.11626022211684545	0.0308434	0.00073
0.0217	0.0474	-0.0077	-0.01130798822367126	0.0024434609527920616	0.0016458454846306526	1.0015893	24.67630768	0.93609128	0.13592555906015788	0.031297	0.00061
0.0181	-0.0172	0.0331	-0.011693705988362009	0.0023911010752322315	0.0015760323145508795	1.04051125	25.63523483	0.94251122	0.1343945406165176	0.0268213	0.00048
0.0148	0.0297	0.0534	-0.012044517168012869	0.0022898719786165604	0.0014835298641951804	0.95420361	23.50885963	0.92177325	0.09772713633111149	0.0266272	0.00041
0.008	0.0821	0.0525	-0.013243558364132971	0.002253220064324679	0.0013648474750595659	1.01401758	24.9825058	0.95920881	0.12781877497737992	0.0311897	0.00063
0.0044	0.1115	-0.0002	-0.012756611502826556	0.0021921335405048776	0.0012112585008840647	1.0674895	26.29990005	0.94554277	0.12078111796508588	0.0321267	0.00071
0.0045	0.0021	0.0375	-0.012372639067387801	0.0020996310901491783	0.0011047934165124105	1.03094804	25.39962196	0.96902397	0.17634699850830535	0.0281242	0.00036
0.0105	-0.0074	0.0457	-0.012161454227896489	0.0021118483949131386	0.0012793263417118436	0.93331659	22.9942627	0.91477324	0.04359675347273532	0.0261262	0.00031
0.0083	0.0975	0.0478	-0.01291543646475804	0.0020193459445574393	0.0012356931104119853	0.98334306	24.22677231	0.96529763	0.15370589592585543	0.0288189	0.0005
-0.0019	0.0491	0.0681	-0.014034192515286405	0.0016528268016386303	0.0010210176124166828	0.98509037	24.26982117	0.92517774	0.16389753457212383	0.0266395	0.00069
-0.0037	-0.0166	0.0961	-0.014133676282650078	0.001514945790731078	0.00102799892942466	0.99721366	24.56850433	0.94178644	0.10771730476396014	0.0255952	0.0004
0.0047	-0.0031	0.0904	-0.01339889266756047	0.001706932008450454	0.001117010721276371	0.97101736	23.92310143	0.92016009	0.07838908123303479	0.0248681	0.0005
0.0103	-0.0079	0.0536	-0.012004374595216999	0.0018360863730980347	0.0011362093430483087	1.13764477	28.02832603	1.00781431	0.12434355293814944	0.0265684	0.00038
0.0073	0.0558	0.0523	-0.01196074136391714	0.001837831702350029	0.0011414453308042916	1.17472315	28.9418335	0.98211481	0.07053072741539182	0.029278	0.00053
0.0033	0.041	0.0498	-0.011882201547577395	0.0019006635554218248	0.0011397000015522971	1.25673354	30.96233368	0.95184669	0.028455849933176743	0.0285013	0.00089
0.0049	0.0465	0.0799	-0.012875293891962169	0.0018762289458939042	0.0012147491593880533	1.13285816	27.91039848	0.9866389	0.0918288055874225	0.0276873	0.00121
0.005	0.0242	0.1119	-0.012533209358571279	0.0018483036778619948	0.0013264502315156904	1.1650033	28.70236206	0.96562244	0.07848554367752182	0.0245792	0.00093
0.0127	-0.0517	0.1032	-0.011424925283554882	0.0019617500792416262	0.0013840460968315032	1.0535959	25.95760155	0.96616939	0.15626631708559205	0.0237154	0.00068
0.0143	-0.0234	0.0608	-0.010307914562278512	0.001895427567665842	0.0013316862192716734	1.07881546	26.57894135	0.96189702	0.13408465552059923	0.0266905	0.00031
0.0201	0.066	0.0523	-0.010449286231690051	0.001956514091485643	0.0014381513036433276	1.041435	25.65799141	0.99008419	0.11914616388014976	0.0282365	0.00051
0.0209	0.0326	0.0616	-0.011252137687607444	0.0019076448724298022	0.001562069680534925	1.07388651	26.45750427	0.98793429	0.09228195259324157	0.026054	0.00038
0.0173	0.0433	0.0666	-0.012208578117700335	0.0018657569703819383	0.0013788101090755204	1.15543759	28.46669197	1.00044097	0.07837939518000799	0.0277971	0.00056
0.0158	0.0649	0.0362	-0.011503465099894626	0.0017313666179783749	0.0013072516097437528	1.05878663	26.08548546	0.95687719	0.09905309347705196	0.0282748	0.00045
0.0187	0.0202	0.0482	-0.010845475971892763	0.0017226399717184032	0.0012356931104119853	0.9866488	24.30821609	0.92200372	0.09651371367968015	0.025985	0.00033
0.0179	-0.0113	0.0529	-0.010761700167797037	0.0016824973989225337	0.0012723450247038664	0.94334137	23.24124527	0.91034979	0.0450285145591738	0.0252744	0.00026
0.0147	0.0587	0.0109	-0.009902998175815827	0.0013700834628155487	0.001322959573011702	1.07974613	26.60186958	0.98942779	0.17628652381980156	0.0319057	0.0005
0.0058	0.0268	-0.0732	-0.007063347482821051	0.001668534764906579	0.000890117918517108	1.25082588	30.81678581	1.06388417	0.30344718247902	0.0380704	0.00106
0.0236	0.0902	-0.0632	-0.005510004448546098	0.001864011641129944	0.0014957471689591403	1.22671485	30.22276115	1.04903837	0.20892245804701756	0.0404922	0.00129
0.0127	-0.0333	-0.1318	-0.0022846359908605773	0.0016022122533307947	0.0011135200627723821	1.36958635	33.7427063	1.2662709	0.3964697475835713	0.0525355	0.00418
0.0122	0.0126	-0.116	-0.0022462387473167022	0.001462585913171248	0.0011711159280881952	1.31601632	32.42289352	1.10692942	0.07398097245096175	0.0498378	0.00332
0.0125	0.0417	-0.0931	-0.0033824480903650108	0.0013281955607676848	0.0011780972450961724	1.12290239	27.66511536	1.01306931	0.11617905062299244	0.0455228	0.002
0.0124	0.0499	-0.0803	-0.004644321139556911	0.001473057888683214	0.0013526301702956054	1.04159069	25.66182709	0.94159589	0.10016341511534312	0.0428507	0.00142
0.0164	0.042	-0.1131	-0.004368559117741807	0.0014049900478554352	0.0013194689145077131	1.26014185	31.0463047	1.03359594	0.06354955592153877	0.0481422	0.00258
0.0215	0.0605	-0.0939	-0.004445353604829557	0.0014695672301792255	0.0014381513036433276	1.16597736	28.72636032	0.98554187	0.05580270292735776	0.0473813	0.00213
0.021	0.0135	-0.0839	-0.004654793115068877	0.001572541656046891	0.0014940018397071458	1.07822144	26.56430435	0.9577379	0.07591322360854019	0.0426967	0.00144
0.0143	0.0102	-0.0555	-0.005096361415823441	0.0012863076587198209	0.0013526301702956054	0.96751243	23.83675003	0.92950342	0.08185869837465876	0.0388898	0.00101
0.0077	0.0363	-0.0204	-0.005461135229490257	0.0008203047484373349	0.0013927727430914749	0.99066222	24.40709496	0.95323079	0.11134596483725856	0.0364064	0.00076
0.0055	0.0398	0.0397	-0.00566010276421761	0.0006544984694978735	0.0014172073526193955	1.07815421	26.56264877	1.01943068	0.08526042115973674	0.0328312	0.00069
0.0068	-0.0523	0.0116	-0.005588544264885843	0.0011013027580084218	0.001361356816555577	1.09405422	26.95438004	1.0216329	0.15021066619530668	0.0327616	0.00051
0.0077	0.0064	-0.0385	-0.006391395720803235	0.001361356816555577	0.001186823891356144	1.00152314	24.6746769	0.9713571	0.17157192198319898	0.0346892	0.00056
0.0074	0.0485	-0.0249	-0.006578145950766627	0.001356120828799594	0.0012636183784438947	1.05716419	26.04551506	0.98612961	0.0694390352403563	0.0342871	0.00084
0.0006	0.0609	0.0305	-0.006880087911361647	0.0013543754995475996	0.0015428710587629874	1.03232181	25.43346786	0.96796943	0.10374699850830532	0.0308377	0.00056
-0.0058	0.0066	0.1318	-0.006122615015996109	0.0008831366015091308	0.0016196655458507376	1.16871929	28.79391479	1.06130543	0.22727531402458784	0.0254484	0.00043
-0.0222	-0.0323	0.2946	-0.004700171675620729	0.0007417649320975902	0.0016632987771505957	1.31702542	32.44775391	1.17882702	0.29847241205433883	0.026718	0.00137
-0.0389	-0.045	0.3904	-0.0029949849964222694	0.0005637413483941684	0.0016179202165987434	1.26516092	31.16996002	1.12197001	0.2216294411726867	0.0343172	0.00494
-0.0353	-0.1344	0.39	-0.0032009338481576006	0.0007452555906015787	0.0014416419621473165	1.22264802	30.12256432	1.07407918	0.12158706741970841	0.0323951	0.0035
-0.0362	-0.1676	0.3514	-0.0041329396687225725	0.00024609142453120044	0.0009773843811168245	1.64361596	40.49401474	1.1457853	0.16747137838329215	0.0299256	0.00258
-0.0343	-0.115	0.4293	-0.003565707661824415	0.0005078908123303499	0.0008098327729253688	1.55555463	38.32443619	1.10914105	0.1822291501444381	0.0334055	0.00425
-0.0383	-0.1008	0.4432	-0.003572688978832392	0.0010559241974565693	0.000804596785169386	1.19416451	29.42081261	1.02110653	0.06011253449450893	0.0342774	0.00438
-0.0414	-0.1546	0.4444	-0.003164281933865719	0.0011484266478122688	0.0010559241974565693	1.53641176	37.85280991	1.01287596	0.0957118453804778	0.0357437	0.00588
-0.0333	-0.1989	0.4461	-0.002874557278034661	0.0011047934165124105	0.0011728612573401894	1.30519581	32.15630722	1.00873789	0.07661474735072678	0.0368764	0.00663
-0.0259	-0.1863	0.4077	-0.002769837522915001	0.0015062191444711063	0.0015166911199830724	1.27245748	31.34972763	1.00812282	0.10089876728606192	0.0356354	0.00514
-0.019	-0.1417	0.3201	-0.0025726153174396417	0.001895427567665842	0.001748819910498318	1.20085812	29.58572388	1.0593101	0.18002797095926704	0.0376973	0.00377
-0.0088	-0.1328	0.1823	-0.0030525808617380824	0.00204378055408536	0.0015498523757709647	1.25514257	30.92313766	1.12303176	0.1982643032722656	0.033522	0.0021
-0.0107	-0.0801	0.0698	-0.004199262180298357	0.0019373154697137059	0.0011030480872604163	1.36026216	33.51298523	1.09647065	0.2520975345721238	0.0331551	0.00121
-0.0143	-0.0625	0.0388	-0.004279547325890096	0.0018517943363659836	0.0006928957130417488	1.07863796	26.57456589	1.00254016	0.08099793265790646	0.0347037	0.0016
-0.0178	-0.1017	0.0738	-0.004050909193878839	0.001843067690106012	0.0008255407361933179	1.03737664	25.55800629	0.96545912	0.09620049007113987	0.0331202	0.00136
-0.0244	-0.0789	0.1252	-0.0046198865300289904	0.0018238690683340744	0.0008813912722571365	1.01630998	25.03898239	0.97865211	0.11300132469929536	0.0304148	0.00101
-0.0245	-0.0671	0.0333	-0.004675737066092809	0.0017086773377024485	0.0007086036763096977	1.11561239	27.48551178	1.01227225	0.12099149313214416	0.0341415	0.00117
-0.0137	-0.026	0.0403	-0.004827580711016315	0.0017837264955382047	0.0010105456369047167	1.03730798	25.55631447	0.97219062	0.08534173816771407	0.0345383	0.00114
-0.0031	0.0125	0.0413	-0.004436626958569585	0.001706932008450454	0.0011431906600562858	1.04108012	25.64924812	0.98938558	0.0801196631343025	0.0397826	0.00154
-0.0087	0.0054	-0.0187	-0.003782128489071712	0.0016336281798666925	0.000853466004225227	1.19822145	29.5207634	1.07837143	0.12357634769563464	0.0429388	0.00231
-0.008	-0.0085	-0.0223	-0.0025761059759436306	0.0016004669240788003	0.0007295476273336296	1.37532008	33.88396835	1.0434208	0.08635510729037854	0.0469835	0.00281
-0.0093	-0.0309	-0.0003	-0.0034487706019407953	0.0016650441064025902	0.0007766715171374765	1.09035146	26.86315536	0.97087424	0.09491828490624007	0.0419911	0.00208
-0.0088	-0.0269	0.051	-0.00419228086329038	0.0014608405839192536	0.000905825881785057	1.0191834	25.10977554	0.93956265	0.10964340742402508	0.0389951	0.00187
-0.0048	-0.026	0.0928	-0.004991641660703782	0.0014748032179352085	0.0012164944886400475	1.08609557	26.75830269	0.97567394	0.10289960191421738	0.0372332	0.002
-0.0026	-0.0059	0.0527	-0.004082325120414737	0.0017226399717184032	0.0013648474750595659	1.06272137	26.18242836	0.99138063	0.12767531402458793	0.0406655	0.00334
0.0012	-0.0102	0.0556	-0.0046478117980608994	0.0017453292519943296	0.0012025318546240932	1.08859873	26.81997108	0.95720189	0.048524578917878085	0.0384236	0.00259
0.0041	-0.019	0.0681	-0.005167919915155209	0.001778490507782222	0.001228711793404008	1.05704093	26.04247665	0.97728671	0.05317246558310586	0.0356848	0.0024
0.0032	-0.0247	0.078	-0.005822418384653083	0.0017400932642383465	0.001181587903600161	1.08033431	26.61636162	0.9705561	0.053500980142279816	0.0328273	0.00175
-0.0037	-0.0198	0.0881	-0.006473426195646968	0.0017348572764823637	0.0010210176124166828	1.08676624	26.77482414	0.95631021	0.06274070449666731	0.0306892	0.00167
-0.0077	0.0356	0.116	-0.006895795874629596	0.001403244718603441	0.000947713783832921	1.00174868	24.68023491	0.94000093	0.12866430327226563	0.0291724	0.00157
-0.0111	-0.0181	0.1511	-0.007154104603924756	0.0013055062804917586	0.0009459684545809266	1.06091869	26.13801384	1.00577872	0.11008962483294187	0.0264021	0.00124
-0.0093	-0.0407	0.1493	-0.006723008278682157	0.001452113937659282	0.0011030480872604163	1.01643848	25.04214859	0.94436586	0.06293918075448063	0.0276556	0.00099
-0.0066	-0.0066	0.1198	-0.0062238441126117785	0.0015498523757709647	0.001090830782496456	1.0131228	24.96046066	0.9592051	0.09675599544730105	0.0271037	0.00086
-0.0022	0.0033	0.0957	-0.0063058745874555126	0.0015254177662430443	0.0009407324668249436	0.98854548	24.35494423	0.94882417	0.051228170002158346	0.0268482	0.00038
0.0004	-0.0014	0.0732	-0.006281439977927592	0.0017016960206944712	0.0009337511498169664	1.04367089	25.71307755	0.96724465	0.04018470904936624	0.0269653	0.00048
-0.005	-0.003	0.1102	-0.006579891280018623	0.0014643312424232424	0.0010210176124166828	1.10690117	27.27089119	0.96526331	0.07515412714809881	0.0243385	0.00013
-0.0087	0.028	0.1661	-0.007031931556285153	0.0014189526818713899	0.0011047934165124105	1.13312709	27.91702271	0.95754476	0.11965973204570551	0.0224936	0.00026
-0.0056	-0.058	0.1758	-0.006298893270447535	0.0015812683023068625	0.0011397000015522971	1.01844418	25.09156418	0.95823177	0.1453130245656489	0.0222074	0.00028
-0.0005	-0.0404	0.1325	-0.0055152404363020815	0.0016807520696705393	0.0011711159280881952	1.03232646	25.43358421	0.95102935	0.1117276264022514	0.0254591	0.00036
0.0007	-0.0093	0.1467	-0.005900958200992828	0.0021624629432209744	0.0009459684545809266	1.0301342	25.37957382	0.95924959	0.1011288055874225	0.0250781	0.0004
0.007	0.0237	0.0256	-0.003778637830567723	0.0021851522234969008	0.0009948376736367678	1.37117028	33.78173065	1.17688928	0.2700939434878436	0.0393663	0.00154
-0.0082	-0.0674	0.5788	-0.005654866776461627	0.0016929693744344998	0.0017889624832941875	2.59428811	63.91587067	2.15915719	0.817626830230686	0.035077	0.01311
-0.0214	-0.0651	0.7735	-0.006133086991508073	0.0017680185322702558	0.0018029251173101424	1.92368543	47.39413071	1.66252581	0.23856160034490775	0.0449826	0.01661
-0.0247	-0.248	0.7773	-0.005330235535590682	0.0016231562043547262	0.001956514091485643	1.2641542	31.14515877	1.25289153	0.24506513790042112	0.0439138	0.01279
-0.0093	-0.2434	0.5817	-0.004063126498642799	0.0019355701404617114	0.0024713862208239705	1.22375226	30.14976883	1.13910021	0.32031975511965977	0.034378	0.00608
0.0034	-0.1613	0.4308	-0.0046041785667610404	0.002186897552748895	0.002780309498426967	1.19566917	29.45788193	1.13895122	0.30076513790042103	0.0262375	0.0018
-0.0021	-0.1381	0.4256	-0.006660176425610361	0.002310815929640492	0.002617993877991494	0.99613684	24.54197502	0.98000845	0.1510115928088195	0.0200059	0.0005
-0.0029	-0.1575	0.433	-0.007319910882864217	0.002015855286053451	0.0023544491609403502	0.98552531	24.28053665	0.95274922	0.08851199089460209	0.0201002	0.00043
0.0001	-0.2359	0.429	-0.00830427658098902	0.0022060961745208325	0.002314306588144481	1.06704414	26.28892899	0.97958128	0.14613745796940267	0.0166994	0.00025
-0.0112	-0.1601	0.459	-0.008787732783791448	0.002049016541841343	0.0020594885173533086	1.00098681	24.66146278	0.94714293	0.16186769531365455	0.015349	0.00023
-0.0048	-0.1148	0.3958	-0.008143706289805541	0.0019844393595175526	0.0019861846887695473	1.08813143	26.80845833	1.0080838	0.1539953752446729	0.0190939	0.00046
-0.0064	-0.1288	0.2174	-0.006759660192974038	0.0021851522234969008	0.0019024088846738192	1.27389312	31.3850975	1.14750289	0.277426738245329	0.0192742	0.0004
-0.0133	-0.1562	0.4307	-0.008367108434060815	0.0019530234329816546	0.001706932008450454	1.36644423	33.66529465	1.16888981	0.34935269539126945	0.0159	0.00026
-0.0023	-0.1277	0.4948	-0.00830776723949301	0.0024294983187761066	0.0020263272615654165	1.08903217	26.83065224	0.99716052	0.146360566673861	0.0192959	0.00043
0.0007	-0.1624	0.5139	-0.008262388678941156	0.0024260076602721182	0.0020193459445574393	1.05713081	26.04469109	0.92507843	0.05959252680319096	0.0180283	0.00061
-0.0011	-0.2324	0.5147	-0.008206538142877338	0.00244695161129605	0.0020280725908174107	0.95508039	23.53046036	0.94828728	0.07687605666738606	0.0182786	0.00048
0.0004	-0.2281	0.5175	-0.008773770149775494	0.002569124658935653	0.0021048670779051613	1.33152521	32.80498886	0.9898386	0.046909977081275415	0.0198212	0.00084
0.0019	-0.1481	0.6011	-0.009913470151327791	0.002045525883337354	0.002398082392240209	1.25490344	30.91724777	1.00749564	0.2629257045742821	0.0198956	0.00058
0.0064	-0.217	0.5999	-0.009669124056048585	0.0021799162357409173	0.0025342180738957666	1.0292778	25.35847473	0.94910665	0.10034360646691633	0.0203059	0.00078
0.0059	-0.2727	0.5585	-0.00873188224772763	0.0024225170017681294	0.0022479840765686964	1.07672405	26.52741241	0.96865401	0.17090382858376188	0.0211002	0.00136
0.0113	-0.2175	0.5806	-0.009180431865490174	0.0024434609527920616	0.0022759093446006054	1.0405066	25.63512039	0.9844995	0.10757094184091924	0.0201459	0.00074
0.0116	-0.2022	0.5818	-0.009515535081873085	0.002452187599052033	0.0023998277214922034	0.98876166	24.36027145	0.93406446	0.04018741197672403	0.0196025	0.00069
0.0096	-0.2651	0.5913	-0.010220648099678794	0.00249931148885588	0.0025516713664157096	1.18008113	29.07383728	1.01936937	0.11960402762665316	0.0206921	0.00076
-0.0004	-0.2017	0.582	-0.010859438605908718	0.0023404865269243957	0.002089159114637212	1.09011829	26.85740852	0.96960913	0.1457063859969954	0.01746	0.00038
-0.0131	-0.2026	0.5449	-0.01041263431739817	0.002092649773141201	0.0016790067404185449	0.98841578	24.35174942	0.92814662	0.1059396708256204	0.0157604	0.0002
-0.0169	-0.1197	0.4858	-0.010040879186723379	0.0020734511513692635	0.0017453292519943296	1.03841233	25.5835228	0.98946965	0.16866381320112575	0.0141468	0.00026
-0.0204	-0.2247	0.5601	-0.010897835849452593	0.002129301687433082	0.0017016960206944712	1.06423247	26.2196579	1.00499413	0.23062202150464456	0.0164155	0.00018
-0.024	-0.1496	0.6173	-0.01137256540599505	0.0019303341527057286	0.0017191493132144146	1.00852489	24.84718132	0.96163555	0.17045751918948757	0.0173069	0.00035
-0.0261	-0.1567	0.5937	-0.010601129876613559	0.001656317460142619	0.0013386675362796509	1.03853619	25.58657265	0.94612135	0.10409669994396815	0.0178835	0.00028
-0.0247	-0.2445	0.5838	-0.00995710338262765	0.001647590813882647	0.0014154620233674013	0.99103898	24.41637802	0.94853666	0.13557738136668152	0.0212568	0.00051
-0.0197	-0.2001	0.5397	-0.009346238144429635	0.0019460421159736775	0.0013404128655316449	1.15264249	28.39782715	1.00552218	0.14271828490624017	0.0177029	0.00033
-0.0175	-0.1899	0.5487	-0.009546951008408983	0.0018413223608540175	0.001509709802975095	1.1483736	28.29265594	0.97124537	0.04513647782712293	0.0177681	0.00028
-0.017	-0.184	0.5968	-0.010656980412677377	0.0020245819323134223	0.0017523105690023068	1.1561271	28.48367882	0.97725317	0.13129448708775054	0.019815	0.00038
-0.0162	-0.2187	0.5614	-0.010583676584093616	0.0019582594207376374	0.0017208946424664088	1.18270373	29.13845062	0.97551243	0.07945211333477217	0.0179273	0.00064
-0.0098	-0.2054	0.5117	-0.009293878266869804	0.002038544566329377	0.0018064157758141308	1.09298933	26.92814445	0.92955726	0.1421802298081636	0.0169869	0.0003
-0.0244	-0.1694	0.5339	-0.009613273519984766	0.001895427567665842	0.0015027284859671175	1.04402947	25.72191238	0.93162929	0.11110997708127549	0.0165637	0.00035
-0.0209	-0.2149	0.5565	-0.010311405220782499	0.0021013764194011725	0.0016406094968746698	1.00023532	24.64295006	0.94464699	0.12369807817203078	0.0168587	0.0003
-0.0202	-0.1765	0.6491	-0.01193979741289321	0.002155481626212997	0.0014974924982111347	1.05296135	25.94196892	1.00104288	0.22298071987930357	0.0201106	0.00045
-0.014	-0.1883	0.6339	-0.010875146569176668	0.002261946710584651	0.001614429558094755	1.0135448	24.97085762	0.97252173	0.09760264939859076	0.0209655	0.00048
-0.0117	-0.2237	0.5768	-0.009960594041131638	0.0023160519173964756	0.0015899949485668342	1.09490395	26.97531509	0.99491474	0.14445461721923883	0.0200142	0.00056
-0.016	-0.2399	0.5734	-0.010548769999053728	0.002165953601724963	0.0014154620233674013	1.35435379	33.3674202	0.9932593	0.06954035993965176	0.0195864	0.00053
-0.0203	-0.2198	0.5723	-0.011020008897092195	0.0020280725908174107	0.0013124875974997359	1.19966662	29.55636978	0.99942072	0.06110471674068423	0.0220404	0.00093
-0.0203	-0.1238	0.6446	-0.011763519158441782	0.0018186330805780916	0.0013543754995475996	1.34854066	33.2242012	1.03659227	0.2180418836818384	0.020382	0.00035
-0.0212	-0.1979	0.6493	-0.011409217320286932	0.00204378055408536	0.0013805554383275148	1.06132638	26.14805984	0.97264348	0.10998146252210177	0.0197691	0.00046
-0.0211	-0.2568	0.6063	-0.010091493735031215	0.002049016541841343	0.0013404128655316449	1.00976348	24.87769508	0.96040052	0.17015510729037853	0.0201058	0.00036
-0.0184	-0.2148	0.5967	-0.010229374745938765	0.002001892652037496	0.0011903145498601325	0.98370212	24.23561859	0.92286614	0.07105516081914541	0.0185224	0.00046
-0.0195	-0.1579	0.5931	-0.010199704148654861	0.0019093902016817967	0.0012007865253720988	0.95824206	23.60835457	0.92860498	0.0682322511575785	0.0169142	0.00025
-0.0167	-0.222	0.6603	-0.012100367704076688	0.0018064157758141308	0.0013683381335635543	1.01082551	24.903862	0.96029982	0.24265947947404745	0.019532	0.00031
-0.0212	-0.1435	0.6649	-0.011721631256393916	0.001689478715930511	0.0013037609512397642	1.02066004	25.14615631	0.94484986	0.11561253449450916	0.0188736	0.0003
-0.0174	-0.2127	0.602	-0.010053096491487336	0.0017645278737662671	0.001377064779823526	1.0319854	25.42518234	0.96985148	0.22674438756630497	0.0183735	0.00041
-0.0131	-0.209	0.5921	-0.01015432558810301	0.0018291050560900572	0.001356120828799594	0.96080774	23.67156601	0.91098407	0.0272375114981698	0.0179364	0.0003
-0.0169	-0.2188	0.5987	-0.010550515328305723	0.001780235837034216	0.0013037609512397642	1.03497696	25.4988842	0.95275606	0.04507094184091926	0.0189117	0.00035
-0.0207	-0.1366	0.6215	-0.011489502465878671	0.001668534764906579	0.001361356816555577	1.15323794	28.41249847	0.98825519	0.1642142037508199	0.0183876	0.00025
-0.0244	-0.149	0.6404	-0.012304571226560023	0.0015847589608108511	0.001181587903600161	1.06465292	26.23001671	0.94751909	0.0889306738866247	0.0174838	0.00036
-0.0261	-0.2199	0.6161	-0.011405726661782942	0.0015760323145508795	0.0010471975511965976	1.07244539	26.42200089	0.9378458	0.14899807817203078	0.0194212	0.00023
-0.0264	-0.1794	0.6314	-0.011417943966546903	0.0016790067404185449	0.0009878563566287904	0.98811841	24.34442329	0.91911541	0.06482664625997164	0.0175291	0.00021
-0.0254	-0.1423	0.6223	-0.011428415942058871	0.0015707963267948967	0.0010471975511965976	0.93383455	23.00702286	0.91226005	0.05610117918517116	0.0168646	0.0002
-0.0271	-0.2265	0.6546	-0.012337732482347914	0.0016632987771505957	0.0012164944886400475	1.00151062	24.6743679	0.96864631	0.1767557964044096	0.0187536	0.0003
-0.0227	-0.2436	0.6405	-0.012360421762623844	0.0017191493132144146	0.001223475805648025	0.96436584	23.75922775	0.91141295	0.03987605666738633	0.0184187	0.00028
-0.0208	-0.2175	0.5993	-0.011030480872604163	0.0018046704465621369	0.0012007865253720988	0.95526409	23.5349865	0.92206198	0.14110756518216638	0.0168934	0.00023
-0.0217	-0.2025	0.6009	-0.011168361883511715	0.0017470745812463236	0.0012374384396639797	0.906829	22.34168434	0.90583192	0.029106439525762234	0.0170632	0.00033
-0.0232	-0.1909	0.6002	-0.011395254686270978	0.0017331119472303693	0.0012025318546240932	0.98895335	24.36499405	0.94999674	0.02758810109075524	0.0169958	0.0002
-0.0232	-0.1628	0.6376	-0.012599531870147064	0.0017243853009703976	0.0014381513036433276	1.16138399	28.61319351	0.93842878	0.13793116395776459	0.0180976	0.00026
-0.0196	-0.1315	0.5851	-0.011749556524425827	0.001778490507782222	0.0014346606451393388	1.00106585	24.66341019	0.93466381	0.13277856055185253	0.0158849	0.00017
-0.0201	-0.1999	0.5926	-0.011498229112138644	0.001891936909161853	0.0013159782560037243	1.03906274	25.59954643	0.95345073	0.10057281014012145	0.0163159	0.00021
-0.0222	-0.1768	0.6092	-0.011852530950293493	0.0016720254234105676	0.001335176877775662	0.92916191	22.89190292	0.8936713	0.07147059728390355	0.016688	0.00026
-0.0198	-0.1797	0.6142	-0.012376129725891789	0.001556833692778942	0.0013491395117916165	1.42142081	35.01976013	1.00947571	0.042937657012293774	0.0183377	0.00114
-0.0238	-0.146	0.6504	-0.013159782560037246	0.0015446163880149814	0.0013456488532876281	1.31238806	32.33350372	0.9682465	0.1138680398706703	0.0175126	0.0003
-0.022	-0.1591	0.6754	-0.013205161120589098	0.0013491395117916165	0.001291543646475804	0.9923777	24.44935989	0.91592052	0.05464803217935208	0.0184221	0.00025
-0.0205	-0.2379	0.6512	-0.012459905529987518	0.001556833692778942	0.001308996938995747	1.08488262	26.72841644	0.96986346	0.15302015320544246	0.0212475	0.00059
-0.0151	-0.1567	0.64	-0.01242499894494763	0.0014660765716752368	0.0014067353771074296	1.04181051	25.66724396	0.97804509	0.10897010721276372	0.0173854	0.00038
-0.0199	-0.1812	0.6861	-0.013747958517959333	0.0011798425743481666	0.0013264502315156904	1.00080681	24.6570282	0.95482761	0.1598739357965256	0.0189998	0.0003
-0.0191	-0.1796	0.7145	-0.014936527738567473	0.0011100294042683937	0.0013840460968315032	1.12502456	27.7173996	0.99280358	0.09659891280018626	0.0226651	0.00028
-0.0189	-0.1517	0.6432	-0.013243558364132971	0.0012409290981679683	0.0013194689145077131	1.12012756	27.59675217	0.98496802	0.1938223125328933	0.0174897	0.00018
-0.0156	-0.2411	0.6201	-0.012409290981679684	0.001387536755335492	0.0013194689145077131	1.09027267	26.86121178	0.9770351	0.16484375198104056	0.0175138	0.00021
-0.0181	-0.2152	0.6206	-0.012540190675579257	0.001377064779823526	0.0012199851471440364	1.0453912	25.75546265	0.96580034	0.04094277183876088	0.0175357	0.0003
-0.0198	-0.1746	0.653	-0.013576916251263891	0.0013159782560037243	0.001356120828799594	1.20943427	29.79701614	0.95073516	0.13639738905799964	0.0183421	0.00013
-0.0183	-0.1112	0.6405	-0.014166837538437973	0.0012095131716320703	0.0014451326206513049	1.05430424	25.97505379	0.9471851	0.1166699081698724	0.0169753	0.0003
-0.0137	-0.1357	0.5985	-0.012369148408883812	0.0013735741213195373	0.0014189526818713899	1.107041	27.27433777	0.9456049	0.17049650090107707	0.0151193	0.00013
-0.0187	-0.1994	0.6214	-0.012426744274199625	0.0014451326206513049	0.0012932889757277981	1.01329041	24.96458817	0.93543402	0.10434090353955852	0.0167369	0.00028
-0.0238	-0.2033	0.6275	-0.012629202467430968	0.0013788101090755204	0.0012409290981679683	0.93249387	22.9739933	0.91644353	0.031157029118347886	0.0172184	0.00023
-0.0163	-0.1084	0.647	-0.014144148258162046	0.0011466813185602744	0.0013718287920675431	1.30307949	32.10416794	1.003838	0.21579871375729504	0.0170686	0.00031
-0.0163	-0.1114	0.6327	-0.013828243663551072	0.0009232791743050004	0.0013037609512397642	1.13686037	28.00900269	0.97734275	0.04766872898470132	0.0167639	0.00017
-0.0152	-0.223	0.6301	-0.013187707828069155	0.0011082840750163993	0.001291543646475804	1.10044217	27.11176109	0.98877991	0.15718790204786387	0.017603	0.00015
-0.0136	-0.2335	0.653	-0.013524556373704059	0.000973893722612836	0.0011833332328521555	1.0088762	24.85583687	0.9185659	0.06397246558310585	0.0191013	0.00041
-0.0177	-0.1466	0.6962	-0.015154693895066762	0.000905825881785057	0.0011955505376161158	0.97866416	24.11149788	0.9528893	0.21972113334772217	0.0194356	0.00017
-0.0197	-0.1651	0.7113	-0.015828390986336576	0.0008203047484373349	0.0012130038301360591	1.00836706	24.84329224	0.94629727	0.07443357585687395	0.0197052	0.00018
-0.0188	-0.2023	0.6493	-0.013646729421343665	0.0009651670763528643	0.001291543646475804	1.09258807	26.91825867	0.99830214	0.22035318546240937	0.0177094	0.00025
-0.0313	-0.2154	0.5183	-0.00856258531028418	0.00042411500823462205	0.0011955505376161158	1.57847977	38.88924408	1.40281276	0.4426594644018708	0.0249317	0.00408
-0.0481	-0.2011	0.4101	-0.0030647981665020423	-0.000905825881785057	0.001090830782496456	1.84430826	45.43850327	1.5411725	0.48592238944607374	0.0338675	0.00474
-0.0528	-0.1977	0.4386	-0.0044436082755775624	-0.0005410520681182421	0.0007627088831215222	1.18124032	29.10239792	1.05843037	0.1401852911058634	0.0260392	0.00117
-0.0449	-0.1268	0.4425	-0.006440264939859076	-0.0005550147021341969	0.0008168140899333463	1.10404718	27.20057869	1.02027623	0.18593622525546463	0.0198503	0.00059
-0.0388	-0.1489	0.4854	-0.007723081940074907	-0.0005375614096142535	0.001022762941668677	1.09431255	26.96074295	0.97821035	0.14641095722355527	0.0186605	0.00036
-0.0318	-0.1917	0.4777	-0.00713141532364883	-0.00023212879051524583	0.0010978120995044332	1.06353223	26.20240593	0.95181468	0.10610741966804205	0.0206097	0.00053
-0.0283	-0.2373	0.4912	-0.007501425125071628	0.0001884955592153876	0.0011362093430483087	0.98846895	24.35305977	0.92271112	0.10405156973486536	0.0198227	0.00045
-0.0263	-0.2047	0.5059	-0.0085259333959923	0.0004258603374866164	0.0011693705988362008	1.14064264	28.1021862	0.99314733	0.1140517152489896	0.0183083	0.00063
-0.0276	-0.169	0.5557	-0.01032362252554646	0.0003089232776029963	0.0012339477811599909	1.21723545	29.98921394	1.03645473	0.18576016858807848	0.0174663	0.0004
-0.0314	-0.1337	0.5981	-0.012288863263292073	6.45771823237902e-05	0.0012164944886400475	1.16765618	28.76772308	0.98347916	0.19285200627723809	0.0177384	0.00061
-0.0329	-0.1872	0.5623	-0.010988592970556299	0.0002565634000431664	0.0011362093430483087	1.03835416	25.58208847	0.96903313	0.16942708280234436	0.0182493	0.00053
-0.0318	-0.2014	0.5984	-0.010962413031776383	0.0002740166925631097	0.0010978120995044332	1.16905785	28.80225563	0.95186508	0.055501523742186754	0.0179688	0.00055
-0.0351	-0.2009	0.6272	-0.011925834778877254	0.0003577924966588376	0.0010925761117484504	1.00949979	24.87120056	0.94565979	0.08522167694762905	0.0178977	0.00043
-0.0362	-0.1716	0.6822	-0.013503612422680127	0.00024085543677521747	0.0012095131716320703	1.03449714	25.48706245	0.98226354	0.1759825881785057	0.0210631	0.00035
-0.0349	-0.1597	0.6846	-0.01278279144160647	0.00028099800957108706	0.0011030480872604163	1.05121815	25.89902115	0.99015682	0.058971431912058975	0.0188261	0.0003
-0.0355	-0.1835	0.6214	-0.011342894808711148	0.00039968039870670147	0.0008639379797371932	1.04288435	25.69369888	0.96622674	0.177484456477708	0.0174231	0.00018
-0.0373	-0.2277	0.6179	-0.011758283170685798	0.0004939281783143952	0.0007731808586334879	0.99059856	24.40552711	0.93917593	0.07951966313430246	0.0181272	0.00033
-0.0367	-0.1595	0.638	-0.012636183784438945	0.00041015237421866745	0.0007958701389094143	1.01973975	25.12348175	0.94833414	0.13811828490624004	0.0182338	0.00026
-0.0352	-0.2178	0.6849	-0.013810790371031131	0.00022340214425527416	0.0010157816246606998	1.10401678	27.1998291	0.98403919	0.1857634151153432	0.0218265	0.0003
-0.0348	-0.2292	0.6629	-0.013117894657989381	0.00019547687622336493	0.0010175269539126942	1.02770078	25.31962013	0.93205831	0.06992831551628258	0.0205657	0.00028
-0.028	-0.2302	0.6236	-0.011674507366590071	0.0004625122517784973	0.000973893722612836	1.02676356	25.29652977	0.94901808	0.13480279491271505	0.0189863	0.00041
-0.0325	-0.2039	0.6274	-0.011669271378834088	0.0005061454830783556	0.001001818990644745	0.9664638	23.81091499	0.91600112	0.03843972435438747	0.0181329	0.00031
-0.0247	-0.1409	0.6485	-0.01277057413684251	0.0006370451769779302	0.001239183768915974	1.08405173	26.70794678	0.97178202	0.16537836150896126	0.017696	0.0002
-0.0313	-0.1726	0.6672	-0.014056881795562332	0.00041713369122664475	0.0012322024519079964	1.15682542	28.5008831	0.97751105	0.13266002307395433	0.0209789	0.00021
-0.0318	-0.2035	0.6583	-0.013393656679804486	0.0003874630939427412	0.0011065387457644049	1.00051868	24.64993095	0.93998754	0.08122797095926705	0.0192859	0.00015
-0.038	-0.1759	0.6979	-0.013964379345206631	0.00041538836197465044	0.0009669124056048585	1.03141797	25.41120148	0.92925443	0.11031371367968	0.0197125	0.00031
-0.0344	-0.15	0.7224	-0.015217525748138559	0.0005148721293383271	0.0010105456369047167	0.99289864	24.46219444	0.92561634	0.1238131700797732	0.0217909	0.0001
-0.0408	-0.1151	0.747	-0.015887732180904383	0.0005497787143782138	0.0009512044423369096	1.00133038	24.6699276	0.93590584	0.10412271061867585	0.0210397	0.00015
-0.0357	-0.1909	0.6812	-0.014095279039106205	0.0005951572749300663	0.0008709192967451704	1.03872609	25.59125328	0.97132719	0.2426058423970885	0.0185599	0.00025
-0.034	-0.198	0.698	-0.014334389146629429	0.00017627825445142725	0.0008255407361933179	1.00117004	24.66597748	0.95167954	0.060768384427685694	0.0200409	0.00026
-0.0355	-0.1941	0.7205	-0.015557864952277452	1.2217304763960308e-05	0.0007993607974134029	1.14361978	28.1755352	1.03046165	0.09858583470577038	0.0241606	0.00041
-0.036	-0.1659	0.7135	-0.015947073375472187	8.37758040957278e-05	0.0007819075048934597	1.15498316	28.45549583	0.99660883	0.05961101075232228	0.0217302	0.00035
-0.0304	-0.1923	0.6516	-0.014193017477217889	0.00017627825445142725	0.0008395033702092724	1.03793716	25.57181549	0.95511812	0.18910771069629057	0.0183125	0.00021
-0.0342	-0.2358	0.6657	-0.013852678273078994	0.00041015237421866745	0.0006928957130417488	1.03876269	25.59215355	0.956022	0.09744104905368296	0.0202923	0.0003
-0.0313	-0.1713	0.6781	-0.014217452086745807	0.0003298672286269283	0.0009250245035569946	0.98019719	24.1492672	0.9637219	0.11365938748869	0.0183408	0.00015
-0.0295	-0.1609	0.6971	-0.015317009515502236	0.000312413936106985	0.0011571532940722405	0.93406314	23.01265526	0.90730748	0.09865697558958095	0.0192173	0.00025
-0.0283	-0.2565	0.6667	-0.014491468779308918	0.0003682644721708035	0.0010611601852125523	0.97992456	24.14254951	0.93696875	0.17606921905584133	0.019612	0.00021
-0.0291	-0.2095	0.6826	-0.014487978120804929	0.0003211405823669566	0.0010175269539126942	1.02431571	25.23622131	0.95552435	0.06841238898038475	0.0199379	0.00033
-0.0343	-0.1914	0.6837	-0.014718361582068183	0.0002548180707911721	0.0008848819307611251	1.0853523	26.73999023	0.94835439	0.045867549799530366	0.0204091	0.00028
-0.0357	-0.1572	0.7203	-0.015821409669328598	0.00047822021504644627	0.0010681415022205296	1.10341537	27.18501091	0.96411169	0.14768549014875473	0.0233473	0.00051
-0.0378	-0.1487	0.7501	-0.016556193284418208	0.0003577924966588376	0.0010053096491487337	1.04064906	25.63862801	0.9208094	0.0863021593274507	0.0225937	0.00025
-0.0382	-0.2135	0.6993	-0.014880677202503653	0.0004729842272904633	0.0008395033702092724	1.05885541	26.08718109	0.94737476	0.21382570457428207	0.0196266	0.00021
-0.0389	-0.2224	0.675	-0.014461798182025013	0.0007330382858376184	0.0007452555906015787	0.9689945	23.87326431	0.91694998	0.07255904293167444	0.0187522	0.00031
-0.0417	-0.1414	0.6895	-0.014866714568487698	0.0004328416544945937	0.0007435102613495844	0.98475903	24.26165771	0.94599462	0.1336429173528851	0.0182483	0.0002
-0.0406	-0.1602	0.7095	-0.015908676131928312	0.0005288347633542819	0.0008726646259971648	0.98910326	24.36868668	0.94632525	0.1032554518473942	0.0216222	0.00015
-0.0497	-0.0991	0.7974	-0.016920967098085025	0.00031415926535897925	0.0010157816246606998	1.06476712	26.23282814	0.98005721	0.2266041731407775	0.0253589	0.00021
-0.0498	-0.2257	0.7826	-0.016090190374135723	0.00022340214425527416	0.0008936085770210966	1.06199837	26.16461372	1.00497051	0.19368534463463052	0.026076	0.0003
-0.0395	-0.2665	0.6734	-0.014289010586077577	0.00035430183815484887	0.0008499753457212384	1.11129355	27.37910843	1.00388847	0.2590856356628789	0.0208067	0.00036
-0.0409	-0.2388	0.6587	-0.014348351780645384	0.00026354471705114377	0.0006824237375297829	0.97739691	24.08027649	0.93404808	0.05968249619314844	0.0191318	0.0003
-0.0342	-0.0968	0.6834	-0.015261158979438418	0.00011693705988362007	0.0009913470151327792	1.08947504	26.84156227	1.01853358	0.2418169066781777	0.0192709	0.00026
-0.0314	-0.1864	0.6512	-0.014727088228328153	0.00043458698374658803	0.0009389871375729493	1.12012923	27.59679413	0.96066811	0.1698040276266532	0.0196429	0.00035
-0.028	-0.2243	0.678	-0.014838789300455789	0.000445058959258554	0.0009285151620609833	0.99684471	24.55941391	0.93416694	0.07473225115757842	0.0202977	0.00033
-0.0365	-0.1452	0.7012	-0.015358897417550098	0.00012042771838760874	0.0008517206749732328	0.99702293	24.56380463	0.94368179	0.15687669225265027	0.020979	0.00025
-0.0354	-0.1783	0.7283	-0.015812683023068628	0.00047822021504644627	0.0008569566627292158	0.95908421	23.62910271	0.91752562	0.10214070449666739	0.0214028	0.0003
-0.0413	-0.1494	0.767	-0.017268287619231895	0.0003665191429188092	0.0009128071987930344	0.98993063	24.38907051	0.93228306	0.15465781021773617	0.0237208	0.00031
-0.0417	-0.163	0.7323	-0.016364207066698833	0.00034208453339088857	0.0007208209810736582	0.99638802	24.54816246	0.94322332	0.10472506898901804	0.0210989	0.00018
-0.0416	-0.1908	0.711	-0.014962707677347385	0.0003700098014227979	0.0006754424205218055	1.00860262	24.8490963	0.93734129	0.12294016089676044	0.0225735	0.0001
-0.0466	-0.2415	0.7044	-0.014978415640615335	0.0004433136300065597	0.0005881759579220891	0.94537151	23.29126167	0.91984313	0.07111391272257134	0.0215828	0.0002
-0.0399	-0.2505	0.7314	-0.016393877663982738	0.0004136430327226561	0.0008482300164692441	1.0130775	24.95934486	0.95005101	0.12795933395992307	0.0238313	0.00028
-0.0357	-0.1694	0.6981	-0.016142550251695555	0.00020594885173533088	0.000874409955249159	1.08315635	26.68588829	0.95264305	0.14286007660272113	0.0205178	0.00017
-0.0335	-0.1954	0.684	-0.014994123603883285	0.00012042771838760874	0.0007417649320975902	0.95971715	23.64469719	0.91503506	0.11062964021557804	0.0200737	0.00021
-0.0367	-0.2227	0.6926	-0.014821336007935846	0.00011170107212763708	0.000645771823237902	0.93975103	23.15278816	0.9090138	0.05297536755335494	0.0228927	0.00025
-0.0435	-0.2585	0.712	-0.01531875484475423	0.00028274333882308137	0.0006283185307179585	0.93433481	23.01934814	0.91576067	0.09629571980168858	0.0244986	0.00038
-0.048	-0.1045	0.7444	-0.01707979206001651	6.108652381980153e-05	0.0007539822368615504	1.05368376	25.95976639	0.99137281	0.2963178868204575	0.0223824	0.0002
-0.0397	-0.1646	0.6957	-0.01598023463126008	0.00016406094968746698	0.0007173303225696694	0.9853217	24.27552032	0.94973378	0.17905918844579882	0.0199012	0.00017
-0.0374	-0.239	0.682	-0.015125023297782859	0.0002129301687433082	0.0006527531402458793	1.07870197	26.57614326	0.95378268	0.13883288674284244	0.0200573	0.00017
-0.04	-0.1843	0.6926	-0.015158184553570752	0.0002199114857512855	0.000705113017805709	0.92267597	22.73210716	0.89768874	0.07252512251778492	0.0191381	0.0002
-0.0379	-0.1578	0.7322	-0.01653350400414228	6.283185307179586e-05	0.0007749261878854823	0.96644849	23.81053734	0.93292088	0.1483106126665396	0.021641	0.00023
-0.035	-0.1931	0.7004	-0.01603259450881991	7.504915783575618e-05	0.000752236907609556	1.00273573	24.7045517	0.92140253	0.0967908040181128	0.0219089	0.00028
-0.0331	-0.2413	0.6989	-0.015231488382154514	0.00028274333882308137	0.0007557275661135446	0.96836239	23.85769081	0.91178168	0.10221454830783556	0.0211651	0.0002
-0.0322	-0.1788	0.7045	-0.015385077356330015	0.0002897246558310587	0.0008639379797371932	0.95804155	23.60341454	0.91693595	0.08243903524035635	0.019945	0.00017
-0.0318	-0.1455	0.7355	-0.01660855316197804	0.0002530727415391778	0.0008412486994612669	0.96226496	23.70746803	0.93281768	0.12884085001079168	0.0216793	0.00031
-0.0358	-0.1884	0.7545	-0.017647024066914666	0.0002199114857512855	0.0007731808586334879	0.98046345	24.15582657	0.93741234	0.12288500007761476	0.0239802	0.00021
-0.0365	-0.235	0.7087	-0.01576206847476079	0.00027750735106709843	0.0006911503837897545	0.97631037	24.05350685	0.93643188	0.19432909661567105	0.0215454	0.00018
-0.0349	-0.2281	0.7282	-0.015714944584956942	0.0003438298626428829	0.0007853981633974483	0.99212909	24.4432354	0.91522097	0.03838470904936628	0.0223259	0.00018
-0.0427	-0.2145	0.7272	-0.01599594259452803	0.000439822971502571	0.0007749261878854823	0.94780725	23.35127068	0.91291042	0.04177315469713711	0.0219785	0.00023
-0.0398	-0.1192	0.7676	-0.017510888385259108	0.00031415926535897925	0.0008656833089891874	0.97054744	23.91152382	0.95167649	0.22516833089891877	0.0229483	0.00028
-0.0423	-0.181	0.7639	-0.01762433478663874	0.00029321531433504735	0.0008639379797371932	0.99822545	24.59343147	0.94126764	0.07480678408277776	0.0245962	0.00025
-0.04	-0.1946	0.7136	-0.01568876464617703	0.0002652900463031381	0.0007400196028455958	1.02284992	25.20010757	0.95339668	0.1705706892692608	0.0209597	0.00017
-0.0411	-0.2232	0.7198	-0.015526449025741554	0.00030368728984701333	0.0007435102613495844	0.99145579	24.42664719	0.93023218	0.04611017612416694	0.0217659	0.00031
-0.0385	-0.2222	0.7365	-0.016437510895282597	0.000153588974175501	0.0008377580409572782	0.96653336	23.8126297	0.92158028	0.07807039824101249	0.0243152	0.00023
-0.0349	-0.1406	0.7281	-0.017201965107656113	-5.585053606381854e-05	0.0009197885158010115	1.02417886	25.23284912	0.95038353	0.1463962098728285	0.022566	0.00036
-0.0303	-0.2144	0.7036	-0.016132078276183588	6.806784082777885e-05	0.0007696902001294993	1.000898	24.65927696	0.9426498	0.17009517620178172	0.0220541	0.00025
-0.0269	-0.2118	0.7139	-0.015488051782197679	0.00013788101090755203	0.0008482300164692441	1.0892483	26.83597565	0.95422448	0.0559189740202713	0.0215814	0.0002
-0.0264	-0.2624	0.7187	-0.015556119623025458	0.00010297442586766544	0.0008813912722571365	1.11036921	27.35633469	0.9760611	0.06270678408277795	0.0232621	0.00033
-0.031	-0.179	0.7411	-0.016905259134817077	-3.490658503988659e-05	0.0008656833089891874	1.16466713	28.69408035	0.97721535	0.185536424298356	0.0239239	0.00036
-0.0359	-0.1191	0.7373	-0.01768367598120655	-0.000148352986419518	0.0008517206749732328	1.17018342	28.82998657	0.95603894	0.11389129408925296	0.0233543	0.00068
-0.0332	-0.17	0.7217	-0.01677261411166551	-1.2217304763960308e-05	0.0008464846872172499	1.14666629	28.25059128	0.9393116	0.12182167694762903	0.0214195	0.00033
-0.0321	-0.2555	0.7375	-0.01566083937814512	-3.839724354387525e-05	0.0008342673824532895	1.08141375	26.64295578	0.9710962	0.1599085988532133	0.023742	0.00053
-0.0361	-0.2092	0.754	-0.015908676131928312	-0.000153588974175501	0.000752236907609556	1.00245571	24.69765282	0.95791865	0.0890529479629276	0.0238206	0.00048
-0.0363	-0.1087	0.7713	-0.017598154847858823	-0.00048345620280242926	0.0007539822368615504	1.05939913	26.10057831	1.02561866	0.21905456369047163	0.024008	0.00043
-0.0305	-0.1886	0.7317	-0.016428784249022624	-0.000307177948351002	0.0007330382858376184	1.02829146	25.3341732	0.97134012	0.19362964021557788	0.022727	0.00038
-0.0326	-0.2579	0.7558	-0.016365952395950827	-0.0001605702911834783	0.000804596785169386	0.99953586	24.62571716	0.964999	0.1095499004785544	0.027052	0.0004
-0.0371	-0.1227	0.7365	-0.015772540450272755	-2.094395102393195e-05	0.0008150687606813518	1.14707589	28.26068306	1.04690634	0.19617551306747924	0.0239152	0.00045
-0.0397	-0.1121	0.71	-0.016249015336067207	6.45771823237902e-05	0.0006998770300497262	1.22654724	30.21862984	0.96941285	0.07355938748869009	0.0230239	0.00038
-0.0375	-0.1608	0.6605	-0.015690509975429024	5.759586531581287e-05	0.0006824237375297829	1.32035708	32.52983856	0.97960094	0.1295469985083052	0.0217286	0.00116
-0.0347	-0.1486	0.6271	-0.014341370463637405	5.4105206811824215e-05	0.0008063421144213803	1.08444357	26.71759987	0.95427918	0.12222742735936022	0.0189654	0.00056
-0.0382	-0.1852	0.6664	-0.014498450096316895	0.00013264502315156904	0.0007714355293814937	1.07718992	26.53889275	0.94323091	0.09292630170295603	0.0192839	0.00021
-0.0328	-0.2284	0.6931	-0.014966198335851378	2.792526803190927e-05	0.0008674286382411819	0.99015266	24.39454079	0.93363137	0.10872305517569159	0.0203819	0.0004
-0.0272	-0.1506	0.6682	-0.015468853160425742	-3.839724354387525e-05	0.0009965830028887623	1.09164131	26.8949337	0.95772771	0.14320658503988642	0.0184152	0.00028
-0.0267	-0.1452	0.6448	-0.014964453006599383	-4.363323129985824e-05	0.0009808750396208131	1.00485218	24.75669479	0.94065833	0.055567205242514496	0.0167403	0.00018
-0.0316	-0.1947	0.6726	-0.015421729270621897	-5.061454830783555e-05	0.0009616764178488756	0.94958717	23.39512253	0.91290649	0.10637281014012136	0.0189185	0.0001
-0.0309	-0.2084	0.6916	-0.016275195274847123	5.759586531581287e-05	0.0009354964790689606	0.95715624	23.581604	0.90976731	0.08279281783143952	0.0207322	0.0003
-0.0316	-0.1285	0.686	-0.017210691753916083	-8.552113334772214e-05	0.0008691739674931761	0.97868526	24.11201668	0.94468666	0.14344679946541386	0.0198734	0.00035
-0.0347	-0.1704	0.655	-0.015898204156416348	-0.0001186823891356144	0.0007120943348136865	0.97184777	23.94356155	0.92361375	0.15113642429835583	0.0175371	0.00017
-0.0414	-0.1689	0.6809	-0.01600117858228401	-0.0001605702911834783	0.0006230825429619757	0.94565147	23.29815865	0.91478498	0.0457937059883618	0.0184013	0.00028
-0.0418	-0.1866	0.6959	-0.01686337123276921	-0.00027750735106709843	0.0004904375198104066	0.9667331	23.81755066	0.93075154	0.08868873667601937	0.0220752	0.00017
-0.0384	-0.1104	0.7047	-0.018109536318693165	-0.0003769911184307752	0.0007661995416255106	1.02576911	25.27202797	0.96083267	0.16947054375513687	0.0217485	0.00026
-0.0377	-0.1601	0.6525	-0.01684591794024927	-0.00022863813201125715	0.0006510078109938849	1.01019096	24.88822937	0.95412341	0.178958154774752	0.0188078	0.00017
-0.0429	-0.2224	0.6624	-0.01635373509118687	-0.0001884955592153876	0.0005724679946541401	1.00981975	24.87908173	0.93120376	0.10794326190990076	0.0196248	0.0002
-0.0406	-0.1803	0.6808	-0.016592845198710092	-0.00038397243543875244	0.0006108652381980154	0.97652918	24.05889702	0.91615053	0.08644921136452317	0.0204162	0.00018
-0.036	-0.1121	0.6964	-0.01830501319491653	-0.0005323254218582705	0.0008377580409572782	1.02640843	25.28777885	0.95706516	0.19277068926926091	0.0211874	0.00025
-0.0266	-0.1757	0.6461	-0.016791812733437442	-0.00033684854563490564	0.0008569566627292158	1.08866596	26.82162857	0.96545343	0.20969379797371945	0.0185475	0.0002
-0.0268	-0.226	0.6537	-0.016289157908863077	-0.00014486232791552936	0.0008482300164692441	1.05214059	25.92174721	0.9491642	0.0932683844276856	0.0187435	8e-05
-0.0282	-0.2128	0.6766	-0.016788322074933453	-0.00022165681500327985	0.0008098327729253688	0.97021085	23.90323257	0.90448163	0.06821779483510014	0.0199984	0.00017
-0.0271	-0.1636	0.7028	-0.01846209282759602	-0.00038397243543875244	0.0008621926504851988	0.97211963	23.95025826	0.93298127	0.1709223125328934	0.0223289	0.00021
-0.0242	-0.1522	0.6388	-0.01737126204509956	-0.0002548180707911721	0.0006754424205218055	1.0341363	25.4781723	0.93626793	0.14863676885537147	0.0179342	0.00017
-0.0304	-0.2142	0.6468	-0.01654048532115026	-0.0001064650843716541	0.0005846852994181004	1.02988648	25.3734684	0.93885571	0.12969434157362625	0.0189772	0.00018
-0.0331	-0.1522	0.5503	-0.013220869083857046	-0.0002303834612632515	0.0006736970912698113	1.40993667	34.73682404	1.14400442	0.3378273203018261	0.0159712	0.00066
-0.0329	-0.1646	0.5758	-0.014152874904422017	-0.00048171087355043494	0.0004974188368183839	1.26271737	31.10976028	1.07223667	0.10608057436517906	0.0147274	0.0002
-0.0355	-0.1535	0.6176	-0.01573763386523287	-0.0007173303225696694	0.00048345620280242926	1.10703635	27.27422333	0.97553905	0.14721705219230208	0.0162019	0.00015
-0.0344	-0.0835	0.6437	-0.017400932642383467	-0.0005672320068981572	0.000619591884457987	1.06095231	26.13884163	0.9865274	0.1946766387238834	0.0177207	0.0002
-0.03	-0.1228	0.6338	-0.0172665422899799	-0.0004380776422505767	0.0007208209810736582	1.06213474	26.16797447	0.94602	0.07183869068334092	0.0177271	0.00021
-0.0286	-0.2286	0.582	-0.015821409669328598	-0.00038397243543875244	0.0004520402762665313	1.08357477	26.6961956	0.98078876	0.2474009266135128	0.0175103	0.00028
-0.0336	-0.1908	0.5984	-0.015634659439365206	-0.00034033920413889426	0.0004206243497306334	0.98112762	24.17218971	0.91356151	0.07228996938995745	0.0163005	0.0002
-0.0329	-0.154	0.603	-0.01607273708161578	-0.0004921828490624009	0.0005201081170943102	1.18480504	29.19022179	0.98823658	0.0765702527268878	0.0180473	0.00051
-0.0316	-0.1358	0.6112	-0.01737475270360355	-0.0005654866776461627	0.0006335545184739417	1.1359309	27.98610306	0.98400909	0.10213829259755816	0.0194482	0.00031
-0.0221	-0.1438	0.5744	-0.01634151778642291	-0.0005393067388662478	0.000609119908946021	1.04835439	25.82846642	0.94439162	0.1084924732744238	0.0168663	0.00021
-0.0222	-0.1923	0.5734	-0.015428710587629874	-0.0006108652381980154	0.0004380776422505767	1.09432423	26.96103287	0.93497332	0.10737039824101235	0.0172569	0.00041
-0.0275	-0.1738	0.6085	-0.016172220848979457	-0.0006318091892219474	0.0005672320068981572	1.00231481	24.69418144	0.93313027	0.1035804288510548	0.0173083	0.00036
-0.0259	-0.0874	0.6293	-0.017743017175774353	-0.0007853981633974483	0.0007923794804054256	1.04325294	25.70277977	0.97963572	0.2062766387238832	0.0179673	0.0002
-0.0225	-0.1476	0.5865	-0.01695412835387292	-0.0004747295565424576	0.0007714355293814937	1.03549826	25.51172829	0.95681604	0.16242506898901776	0.0161851	0.0002
-0.0218	-0.1732	0.5906	-0.016095426361891707	-0.0006265732014659643	0.0006475171524898963	1.02646518	25.28917694	0.94949782	0.08712320068981581	0.01637	0.00026
-0.026	-0.1558	0.6037	-0.016207127434019343	-0.000609119908946021	0.000640535835481919	0.98063517	24.16005707	0.92721726	0.041506784082777824	0.0170432	0.00017
-0.0232	-0.1296	0.607	-0.01756499359207093	-0.0007382742735936014	0.0007888888219014368	1.25326478	30.87687492	1.01644312	0.11406867545593428	0.0193115	0.0003
-0.022	-0.1399	0.5693	-0.017139133254584316	-0.0006928957130417488	0.0006981317007977319	1.13387978	27.93556786	0.97817005	0.07729980095710857	0.0197186	0.00021
-0.0267	-0.2401	0.587	-0.01711120798655241	-0.0004572762640225143	0.0005375614096142535	1.10665643	27.26486206	0.98759947	0.14380575041173096	0.0189397	0.00017
-0.0301	-0.1949	0.5981	-0.017062338767496566	-0.0004572762640225143	0.0005340707511102648	1.00638807	24.79453468	0.92790575	0.0623179938779916	0.0183145	0.00017
-0.024	-0.13	0.6318	-0.018523179351415817	-0.0003787364476827695	0.0007993607974134029	0.97028202	23.90498543	0.92179766	0.1949335223281068	0.019681	0.00025
-0.0232	-0.1252	0.6016	-0.018018779197589457	-0.00032812189937493397	0.0007504915783575615	0.96267748	23.71763039	0.9167875	0.06599419605950185	0.0171993	0.00018
-0.0206	-0.2364	0.5888	-0.016910495122573057	-0.0003473205211468716	0.0005899212871740833	1.03897858	25.59747314	0.96831185	0.1910026493985908	0.0177183	0.00015
-0.0218	-0.2012	0.5976	-0.017182766485884175	-0.00038048177693476387	0.0006422811647339132	0.92722028	22.84406662	0.90639137	0.06308962483294206	0.0170146	0.00012
-0.0229	-0.1399	0.6228	-0.01858775653373961	-0.0004363323129985824	0.0008412486994612669	0.94502205	23.2826519	0.91924203	0.17059040593233027	0.0191078	0.00013
-0.0178	-0.1026	0.5861	-0.018437658218068097	-0.00046949356878647465	0.0008429940287132613	1.01612806	25.03450203	0.94527614	0.08835024503556993	0.0175548	0.0002
-0.0162	-0.2527	0.573	-0.01746027383695127	-0.0004415683007545654	0.0007853981633974483	1.02397084	25.22772598	0.99029334	0.21794527572322744	0.0190294	0.00023
-0.0148	-0.1645	0.5839	-0.0174515471906913	-0.00033684854563490564	0.0009023352232810684	0.96703786	23.82505798	0.9272046	0.11201917306316246	0.0165482	0.0001
-0.0077	-0.1162	0.5778	-0.018130480269717093	-0.0001937315469713706	0.001228711793404008	1.02247369	25.19083977	0.95184371	0.11892133239061337	0.0182271	0.00017
-0.0001	-0.1611	0.5662	-0.018259634634364676	-0.00013962634015954637	0.0013142329267517303	1.08538115	26.74069977	0.93599529	0.07753903524035638	0.0179039	0.0002
-0.0039	-0.191	0.5604	-0.01795594734451766	-0.0002740166925631097	0.0011013027580084218	0.99871022	24.60537529	0.92037273	0.07205039054969437	0.0185066	0.00021
-0.0114	-0.1106	0.6008	-0.018818139995002862	-0.00034906585039886593	0.0010140362954087054	0.99874228	24.60616493	0.94082362	0.17952541354603374	0.0195453	0.00012
-0.0127	-0.1709	0.6177	-0.019203857759693608	-0.0003944444109507184	0.0009442231253289323	0.93563175	23.05130196	0.91040002	0.10354547476611856	0.020674	0.00023
-0.0158	-0.1155	0.6311	-0.020193459445574394	-0.00033684854563490564	0.0009634217471008699	0.94673926	23.3249588	0.91638302	0.1252198086484268	0.0227263	0.0002
-0.0166	-0.1171	0.5823	-0.018606955155511546	-0.0003211405823669566	0.000932005820564972	0.99962717	24.62796593	0.95156486	0.13288140899333467	0.0184703	0.00021
-0.0195	-0.1713	0.6018	-0.018284069243892597	-0.0004380776422505767	0.0007801621756414653	1.0311774	25.40527534	0.95964952	0.10618333082130375	0.0186237	0.00018
-0.0223	-0.0979	0.6153	-0.01879370538547494	-0.000439822971502571	0.0008464846872172499	1.00912046	24.86185265	0.94868758	0.11858519912050608	0.0190969	0.00035
-0.0245	-0.1116	0.6272	-0.019924678740767265	-0.000322885911618951	0.0008464846872172499	1.03492463	25.49759483	0.96054057	0.09019552075879722	0.0238579	0.00025
-0.0232	-0.0629	0.5278	-0.017552776287306972	-0.00029496064358704166	0.0006719517620178169	1.17710125	29.00042152	1.01379803	0.27811803233458166	0.0167319	0.0002
-0.0262	-0.1767	0.5234	-0.017929767405737748	-0.0007173303225696694	0.0006300638599699529	1.03067791	25.39296913	0.96779644	0.16326243497306345	0.0180287	0.00023
-0.0219	-0.2079	0.5554	-0.01858077521673163	-0.0006579891280018621	0.000804596785169386	1.02018631	25.13448524	0.94627236	0.11174409653805614	0.0210299	0.00028
-0.019	-0.1078	0.5922	-0.01975363647407182	-0.0006126105674500097	0.0009634217471008699	1.03960335	25.61286545	0.95654983	0.20865323899117633	0.0224176	0.00035
-0.0127	-0.1389	0.5503	-0.018641861740551435	-0.0005253441048502931	0.0009075712110370514	1.04549992	25.75814056	0.94429828	0.142044586609196	0.0199708	0.00015
-0.0191	-0.1653	0.5615	-0.0183748263649963	-0.0004991641660703782	0.0007504915783575615	0.98619759	24.29710007	0.91260759	0.06651474735072695	0.018834	0.00017
-0.0218	-0.1621	0.5831	-0.018894934482090613	-0.00022689280275926284	0.0007976154681614085	0.95806098	23.60389328	0.90797492	0.06947516851046366	0.021206	0.00035
-0.0201	-0.0857	0.6319	-0.02038719099254576	-5.93411945678072e-05	0.0009983283321407565	0.98077607	24.16352844	0.93613019	0.21992604913129765	0.0225676	0.00025
-0.0223	-0.0926	0.5656	-0.019888026826475384	-8.028514559173915e-05	0.0008464846872172499	1.04593074	25.76875496	0.96108672	0.10899758810089076	0.0208354	0.00023
-0.0257	-0.2032	0.5712	-0.01930508685630928	-9.948376736367679e-05	0.0006283185307179585	1.00887203	24.85573196	0.95891698	0.16061523742186673	0.02119	0.00018
-0.0283	-0.1218	0.5654	-0.01854761396094374	-0.00019896753472735358	0.0006527531402458793	1.03776479	25.56756783	0.94180809	0.13386956361285693	0.0182668	0.00017
-0.0242	-0.0408	0.5991	-0.020020671849626956	-0.00027576202181510406	0.0007382742735936014	0.96049166	23.66377831	0.92908854	0.20056867545593443	0.0205228	0.00033
-0.021	-0.105	0.6052	-0.020928243060664008	-0.0001658062789394613	0.0008412486994612669	0.98655444	24.30589104	0.94192444	0.129525068989018	0.0236321	0.00043
-0.0186	-0.1743	0.5485	-0.019224801710717537	-0.00011344640137963142	0.0007190756518216638	1.05154705	25.90712547	0.98121527	0.2222987137572952	0.0207908	0.00023
-0.0282	-0.137	0.5641	-0.01873436419090713	-0.00028099800957108706	0.0006126105674500097	0.99232846	24.44814682	0.93884086	0.10072271061867584	0.0201166	0.0003
-0.0289	-0.1127	0.605	-0.019826940302655582	-9.773843811168246e-05	0.0006771877497737998	0.98934966	24.37475777	0.94566821	0.13292064327658232	0.0221491	0.00026
-0.0292	-0.0554	0.6222	-0.020786871391252463	-0.00021467549799530252	0.0007853981633974483	1.24485016	30.66956139	0.98298747	0.13405392810520744	0.0243676	0.0004
-0.021	-0.1219	0.5572	-0.01934872008760914	-5.4105206811824215e-05	0.0008203047484373349	1.05642772	26.02736855	1.03122439	0.2213814089933344	0.0207868	0.00033
-0.0219	-0.1466	0.5329	-0.0182212373908208	-6.981317007977319e-05	0.0006178465552059926	1.11761284	27.53479767	0.97123732	0.11718244266438146	0.0178643	0.0001
-0.0236	-0.15	0.5626	-0.018551104619447728	-5.585053606381854e-05	0.0006806784082777885	0.98284417	24.21448135	0.92816885	0.05513308578573383	0.0183489	0.00025
-0.0219	-0.1575	0.5931	-0.019811232339387634	1.7453292519943294e-06	0.000731292956585624	0.96370059	23.74283791	0.92512988	0.10811690667817768	0.021497	0.00013
-0.0183	-0.0771	0.5853	-0.02057568655176115	-9.42477796076938e-05	0.0007557275661135446	0.98841232	24.35166359	0.93824562	0.13604409653805616	0.0226573	0.00038
-0.0184	-0.0919	0.5641	-0.019847884253679515	-0.00012740903539558605	0.0006928957130417488	0.9491477	23.38429642	0.92211745	0.07728977034706616	0.0215696	0.00026
-0.0221	-0.1307	0.5984	-0.02026152728640217	-0.000158824961931484	0.0006841690667817771	0.98844528	24.35247612	0.96211753	0.09948928027592627	0.0232043	0.00018
-0.0214	-0.0834	0.623	-0.021532126981854045	0.00017278759594743863	0.0008621926504851988	0.97529155	24.02840614	0.94664063	0.16161179185171087	0.0257425	0.00038
-0.0182	-0.0454	0.5931	-0.021259855618542926	0.0002740166925631097	0.000778416846389471	0.99927032	24.61917496	0.93954494	0.0939638132011259	0.0236305	0.00038
-0.0188	-0.146	0.5937	-0.01985835622919148	0.0001012290966156711	0.0007941248096574199	1.04382241	25.71681023	0.9654381	0.18129974742834176	0.0208198	0.00031
-0.0214	-0.1542	0.6034	-0.020278980578922114	-3.490658503988659e-05	0.0007155849933176752	0.99018312	24.39529228	0.92229028	0.05226499238629691	0.0228334	0.00028
-0.0236	-0.0732	0.6166	-0.021284290228070848	0.00013788101090755203	0.0007941248096574199	1.05549681	26.00443649	0.9692948	0.15923185307179585	0.0244403	0.0004
-0.0199	-0.0758	0.5589	-0.020106192982974672	0.0001291543646475804	0.0006911503837897545	1.15423119	28.43696785	0.97391543	0.1284899158611907	0.0212679	0.00028
-0.0286	-0.1552	0.5721	-0.01948660109851669	0.00010995574287564276	0.0005532693728822024	1.06345475	26.20049477	0.95586967	0.1401335758568737	0.0228708	0.00021
-0.029	-0.1454	0.5839	-0.019655898035960143	0.0001291543646475804	0.0004433136300065597	1.00257277	24.70053864	0.91657064	0.036922565104551545	0.0233607	0.00023
-0.0323	-0.0827	0.6104	-0.02075720079396856	1.0471975511965975e-05	0.0006335545184739417	1.00032091	24.64505768	0.94115006	0.1630113017805708	0.0249761	0.00028
-0.0293	-0.0621	0.6132	-0.02088984581712013	6.632251157578452e-05	0.0006318091892219474	1.05801523	26.06648064	0.99167761	0.03591204442336896	0.0242079	0.00035
-0.0203	-0.0941	0.4708	-0.016416566944258665	-0.0006283185307179585	0.000661479786505851	1.38490045	34.12000275	1.18745917	0.4432795256219556	0.0166321	0.00059
-0.0193	-0.1636	0.4579	-0.014905111812031574	-0.0004014257279586958	0.0005375614096142535	1.36154604	33.5446167	1.07138957	0.17651331559389755	0.014658	0.00017
-0.0221	-0.1471	0.5224	-0.01633453646941493	-4.363323129985824e-05	0.0005742133239061344	1.15883243	28.55032921	0.9856071	0.17499345341670372	0.0146752	0.00023
-0.0179	-0.0863	0.5706	-0.018579029887479635	0.00016406094968746698	0.0009023352232810684	1.07644904	26.52063751	0.98439772	0.2522154749213482	0.0180624	0.00025
-0.0147	-0.1066	0.5589	-0.019380136014145035	9.948376736367679e-05	0.0008988445647770796	1.04739475	25.80482483	0.93360897	0.07865869837465897	0.0195401	0.00015
-0.0177	-0.1866	0.5441	-0.018592992521495592	2.792526803190927e-05	0.0008377580409572782	1.01819217	25.08535385	1.08611527	0.14378942579005047	0.0198939	0.00193
-0.0255	-0.1104	0.592	-0.019151497882133776	-1.7453292519943296e-05	0.0006963863715457374	1.07740986	26.54430962	1.08640913	0.16916277953007877	0.0198056	0.00017
-0.0238	-0.0828	0.6713	-0.020996310901491785	0.0001012290966156711	0.0007016223593017205	1.02628648	25.28477669	0.97369664	0.2070365698124804	0.026018	0.00036
-0.0238	-0.0603	0.694	-0.021856758222724988	0.00011519173063162575	0.0008063421144213803	1.02134049	25.16292191	0.96471274	0.09415648551844083	0.0283548	0.00064
-0.0246	-0.1472	0.6227	-0.019936896045531227	0.00019024088846738194	0.0007347836150896127	1.06785977	26.3090229	1.00492696	0.2623234917180641	0.0222667	0.00036
-0.0238	-0.0912	0.6367	-0.02003288915439091	5.93411945678072e-05	0.0007033676885537148	0.99518812	24.51860046	0.93714857	0.08371543646475783	0.022272	0.0003
-0.0236	-0.0807	0.6483	-0.02080257935452041	7.504915783575618e-05	0.0008307767239493009	1.05224729	25.92437744	0.96259028	0.0679403599396517	0.0243417	0.00041
-0.0255	-0.0864	0.6493	-0.02157401488390191	4.18879020478639e-05	0.0007452555906015787	1.10958886	27.33710861	0.948713	0.053105895925855615	0.0262846	0.00045
-0.0221	-0.1131	0.5961	-0.020238838006126244	0.00015533430342749534	0.0008621926504851988	0.99193263	24.43839455	0.94729499	0.16157801695194585	0.0210565	0.00035
-0.0234	-0.1206	0.6184	-0.02033308578573394	1.3962634015954635e-05	0.0006684611035138282	1.08101177	26.63305092	0.93232499	0.05256754979953037	0.0237344	0.00028
-0.0221	-0.1107	0.6355	-0.020601866490541063	4.0142572795869576e-05	0.0007120943348136865	0.99917722	24.61688042	0.94447333	0.04522969374434477	0.0240205	0.0005
-0.021	-0.1207	0.63	-0.02092126174365603	-7.330382858376184e-05	0.0008412486994612669	1.00530958	24.76796532	0.95783917	0.04469980095710887	0.0241103	0.00023
-0.017	-0.0889	0.5728	-0.019959585325807154	2.094395102393195e-05	0.0009930923443847736	1.05457091	25.9816246	0.95872671	0.1533883921190038	0.0200295	0.00021
-0.0151	-0.1204	0.5402	-0.018683749642599296	0.00012042771838760874	0.0009023352232810684	1.0122354	24.93859863	0.94669458	0.13930382858376192	0.0188655	0.0002
-0.0193	-0.1499	0.5595	-0.01873436419090713	3.490658503988659e-05	0.000879645943005142	0.98427588	24.24975395	0.91579912	0.06094124809657413	0.0191404	0.0002
-0.0126	-0.1334	0.5717	-0.01974141916930786	0.0001012290966156711	0.0009896016858807848	1.1548115	28.45126724	0.98975193	0.09456666164260781	0.0221902	0.00035
-0.0101	-0.0626	0.5516	-0.02021614872585032	0.00011344640137963142	0.0010053096491487337	1.1418494	28.13191605	0.99119519	0.11853274122871854	0.0221272	0.00025
-0.0111	-0.1021	0.5436	-0.019933405387027238	-2.4434609527920616e-05	0.0009808750396208131	1.08900905	26.83008003	0.97559492	0.07075294796292776	0.0216476	0.00025
-0.0184	-0.1659	0.5776	-0.020322613810221973	1.3962634015954635e-05	0.0008412486994612669	1.10038209	27.11028099	0.99041595	0.1334616003449078	0.0256034	0.00051
-0.021	-0.0808	0.5994	-0.02087064719534819	0.000153588974175501	0.0009494591130849152	1.09040749	26.86453438	1.01448204	0.14929350694547072	0.0249018	0.00064
-0.0235	-0.0248	0.6332	-0.02208016036698026	3.490658503988659e-05	0.0010629055144645468	0.97927237	24.12648201	0.92638071	0.16438209810736565	0.0275566	0.00074
-0.0305	-0.0652	0.6635	-0.021626374761461738	1.9198621771937625e-05	0.000932005820564972	1.11329293	27.42836761	0.95814552	0.10771966313430233	0.0257891	0.00051
-0.0256	-0.142	0.6279	-0.020587903856525112	1.5707963267948964e-05	0.0008237954069413235	1.04291534	25.69446373	0.96407841	0.17480859885321307	0.0238496	0.00031
-0.0224	-0.1248	0.6004	-0.019814722997891623	-8.901179185171081e-05	0.0007627088831215222	1.00070572	24.6545372	0.96091258	0.09484935687864748	0.0234026	0.00028
-0.0229	-0.1065	0.632	-0.020999801559995774	-3.141592653589793e-05	0.0008691739674931761	1.09184361	26.8999176	1.00937181	0.11785697558958085	0.0263277	0.00058
-0.0221	-0.0864	0.6222	-0.021654300029493645	8.37758040957278e-05	0.0009337511498169664	1.24455869	30.66238022	0.97388452	0.07241336912266438	0.0269783	0.00053
-0.0156	-0.1213	0.5551	-0.02036973770002582	0.00010821041362364843	0.0009302604913129776	1.08637679	26.76523018	0.96839133	0.17412437987498663	0.023447	0.00078
-0.0201	-0.1351	0.5629	-0.020008454544862993	5.585053606381854e-05	0.000752236907609556	1.0750885	26.48711777	0.95057158	0.055683330821303854	0.0232018	0.00018
-0.0199	-0.1353	0.575	-0.019915952094507295	-1.7453292519943296e-05	0.0008203047484373349	1.09766126	27.04324722	0.95534122	0.024193705988361965	0.0222453	0.00045
-0.014	-0.0844	0.6135	-0.021242402326022987	8.203047484373349e-05	0.0010157816246606998	1.09489429	26.97507668	0.97251566	0.17637054375513675	0.0269052	0.00053
-0.0103	-0.1001	0.5559	-0.02026850860341015	3.839724354387525e-05	0.0009948376736367678	1.07717776	26.53859138	0.95326928	0.12892354524683147	0.0222918	0.00048
-0.0107	-0.0901	0.5633	-0.019704767255015982	8.726646259971648e-06	0.0008970992355250854	0.97971141	24.13729858	0.93019042	0.05235751918948773	0.0204388	0.00028
-0.0158	-0.1287	0.5781	-0.019799015034623675	7.155849933176751e-05	0.0008011061266653974	1.07652915	26.52261162	1.08136772	0.07115363707695878	0.0240607	0.00172
-0.0177	-0.1181	0.6178	-0.021013764194011724	9.42477796076938e-05	0.0009128071987930344	1.25497496	30.91900826	1.5895951	0.11965697558958067	0.035835	0.01152
-0.0171	-0.0834	0.6096	-0.021713641224061452	5.235987755982989e-05	0.0010088003076527223	1.07665372	26.52568054	0.9570396	0.08538790204786396	0.037053	0.01218
-0.0168	-0.1341	0.5743	-0.020319123151717983	4.363323129985824e-05	0.0008115781021773631	0.98113185	24.17229462	0.94434921	0.16632334620394	0.0342103	0.01121
-0.023	-0.1485	0.6019	-0.020469221467389498	-9.075712110370512e-05	0.0008220500776893293	0.98422587	24.2485218	0.92113682	0.06294803217935216	0.0338397	0.01137
-0.0226	-0.133	0.6153	-0.020830504622552322	-1.9198621771937625e-05	0.0007941248096574199	0.93965608	23.15044975	0.92239677	0.052338346126325	0.0344461	0.0116
-0.0165	-0.1411	0.6207	-0.02155481626212997	5.235987755982988e-06	0.001054178868204575	0.94051468	23.17160225	0.93033941	0.07004001538263634	0.0362961	0.01145
-0.0121	-0.0966	0.5519	-0.020493656076917416	-0.00013439035240356338	0.0009546951008408983	0.98744547	24.32784462	0.963881	0.18271351463678903	0.0312396	0.01066
-0.0163	-0.1384	0.5582	-0.019793779046867695	-0.0001884955592153876	0.0007696902001294993	0.94867623	23.37268066	0.93137743	0.09924935687864728	0.0311173	0.01066
-0.0207	-0.1379	0.573	-0.01999100125234305	-0.00029845130209103034	0.0007033676885537148	0.9828645	24.21498108	0.93459588	0.03837502299633908	0.032275	0.01109
-0.0204	-0.0965	0.5998	-0.021080086705587513	-0.00020943951023931956	0.0008674286382411819	1.10393059	27.19770622	0.94836984	0.13560790973918208	0.0349504	0.01119
-0.0155	-0.0577	0.5826	-0.02138028333693054	5.235987755982988e-06	0.0011431906600562858	1.06129122	26.14719391	0.9469849	0.1004317075576716	0.035008	0.01168
-0.0094	-0.1672	0.541	-0.020034634483642906	-0.0001884955592153876	0.0008656833089891874	1.1193819	27.57838249	0.98405243	0.24804438756630504	0.0331759	0.01124
-0.0127	-0.1585	0.5641	-0.019931660057775243	-0.00010821041362364843	0.0009197885158010115	0.94409126	23.25971985	0.92486106	0.046968238913561285	0.0320978	0.01083
-0.0106	-0.1342	0.5909	-0.020507618710933373	-0.0001012290966156711	0.001043706892692609	0.92130214	22.69826126	0.91709577	0.08854291735288515	0.0334334	0.01132
-0.0078	-0.0765	0.5828	-0.021491984409058175	-5.585053606381854e-05	0.0012479104151759456	1.01631153	25.03902245	0.93927257	0.13029738905799956	0.034987	0.01216
-0.0031	-0.1377	0.549	-0.0204988920646734	-0.00016406094968746698	0.0011431906600562858	0.9504385	23.41609764	0.93442919	0.1600011256564041	0.0329273	0.01101
-0.0028	-0.1627	0.5653	-0.02030865117620602	-0.00015533430342749534	0.001059414855960558	0.98192042	24.19172287	0.93444479	0.055737166941154014	0.0338944	0.01202
-0.007	-0.1399	0.5651	-0.02036101105376585	-0.000317649923862968	0.0009564404300928925	1.1603986	28.58891678	0.98497447	0.0430824961931485	0.0340462	0.0123
-0.0066	-0.1063	0.5923	-0.02157925087165789	-4.537856055185256e-05	0.0011065387457644049	1.12558246	27.73114586	0.98811798	0.1432304748437333	0.0367489	0.01177
-0.0042	-0.1073	0.5451	-0.021022490840271697	-4.0142572795869576e-05	0.0012252211349000194	1.02012682	25.1330204	0.93801561	0.08463392041388951	0.0341762	0.01193
-0.0117	-0.173	0.558	-0.02061408379530503	-9.42477796076938e-05	0.0009791297103688187	1.05907428	26.09257317	0.98415005	0.12153018381548468	0.0349763	0.01241
-0.0159	-0.1164	0.5866	-0.020404644285065707	-0.00027925268031909274	0.0009564404300928925	1.00600123	24.78500366	0.9640637	0.11025668456133228	0.0337511	0.01178
-0.0109	-0.1158	0.5962	-0.02112371993688737	-0.00012217304763960306	0.0010332349171806431	0.9914915	24.42752647	0.9679919	0.06284748857944507	0.0347164	0.01197
-0.0186	-0.1031	0.6145	-0.021537362969610025	-0.00017627825445142725	0.0010943214410004448	0.99814528	24.59145737	0.95311782	0.0651417381677142	0.0366473	0.01178
-0.0133	-0.1687	0.5403	-0.020001473227855015	-0.0002181661564992912	0.0008360127117052838	1.05501187	25.99248695	0.99016945	0.2369043186549018	0.034166	0.01132
-0.0215	-0.1437	0.5294	-0.019416787928436915	-0.00015009831567151235	0.0006998770300497262	0.96968716	23.89032936	0.92895929	0.0835444410950718	0.0313234	0.01202
-0.0154	-0.1648	0.5468	-0.019650662048204155	-8.726646259971648e-06	0.0008307767239493009	1.17921507	29.05249977	1.01778938	0.06990727415391773	0.0327505	0.012
-0.0138	-0.1155	0.5587	-0.020982348267475828	5.235987755982988e-06	0.0010786134777324957	1.20390308	29.66074181	1.01296083	0.14247428035354112	0.0360507	0.01206
-0.0072	-0.1032	0.5097	-0.019982274606083077	-1.7453292519943296e-05	0.001059414855960558	1.1418395	28.13167191	0.98376278	0.11999807817203063	0.0325972	0.01126
-0.0105	-0.1313	0.5268	-0.01969080462100003	9.599310885968811e-05	0.0009093165402890458	1.03569221	25.5165062	0.95849368	0.07625073510670961	0.0315374	0.01071
-0.0133	-0.1459	0.5571	-0.02018298747006243	5.235987755982989e-05	0.0009616764178488756	0.98941308	24.37631989	0.93956349	0.07710879789610443	0.0328518	0.01109
-0.0154	-0.1187	0.5892	-0.02138028333693054	4.71238898038469e-05	0.0010733774899765126	1.03828728	25.58044052	0.94614002	0.1271116463375864	0.0361542	0.01206
-0.0158	-0.0744	0.589	-0.022219786707139807	9.250245035569947e-05	0.0011711159280881952	1.06249404	26.17682648	0.9566047	0.09403101844364013	0.0373373	0.01155
-0.0178	-0.1008	0.5534	-0.020853193902828252	-5.93411945678072e-05	0.000895353906273091	1.15363336	28.4222393	0.96021142	0.15370992355250823	0.0329362	0.01066
-0.0222	-0.1296	0.5718	-0.02064724505109292	-4.71238898038469e-05	0.0008028514559173916	0.98079836	24.16407776	0.93031563	0.06713343034274957	0.0335636	0.01147
-0.02	-0.1194	0.6141	-0.021832323613197067	4.363323129985824e-05	0.0008726646259971648	0.98959345	24.38076401	0.97054758	0.12198244266438125	0.0379311	0.01245
-0.0179	-0.0585	0.6479	-0.023184953783492675	0.0001658062789394613	0.0011606439525762293	0.98092997	24.16732025	0.97235533	0.18493912722571385	0.040175	0.01111
-0.0139	-0.1335	0.5692	-0.021708405236305472	1.7453292519943296e-05	0.0010157816246606998	1.01671374	25.04893112	0.98596118	0.24618819307611256	0.0354466	0.01129
-0.0189	-0.1669	0.5609	-0.020977112279719847	2.094395102393195e-05	0.0008168140899333463	0.95724893	23.5838871	0.93171624	0.09338755749084841	0.0350596	0.01187
-0.0221	-0.1397	0.579	-0.02134886741039464	-0.00010995574287564276	0.0008150687606813518	0.982342	24.20210838	0.94040334	0.07372000769131806	0.0361899	0.01228
-0.0247	-0.0447	0.6183	-0.02274164015348611	-2.4434609527920616e-05	0.0011013027580084218	1.36369491	33.59755707	1.00010984	0.2251263936883132	0.040859	0.01168
-0.0259	-0.1169	0.6754	-0.023064526065105062	-0.00032637657012293966	0.0011955505376161158	1.13255668	27.90296936	1.01985139	0.16645378259108334	0.043503	0.01347
-0.0237	-0.2042	0.6424	-0.022101104318004192	1.5707963267948964e-05	0.0012007865253720988	1.1367445	28.00614738	0.99205483	0.18803711341238713	0.0404881	0.0121
-0.0174	-0.1158	0.5726	-0.020666443672864854	4.886921905584123e-05	0.0010384709049366262	1.12904739	27.81651306	1.0233133	0.24600687606813515	0.0354831	0.01144
-0.0216	-0.1248	0.5662	-0.020842721927316284	-0.00020943951023931956	0.0008552113334772215	0.93662816	23.07584953	0.91881526	0.05049232776029976	0.0340073	0.0113
-0.0152	-0.1288	0.6096	-0.022015583184656476	-0.0001291543646475804	0.0010367255756846318	1.04693007	25.79337502	0.97730816	0.12553303225696705	0.0379459	0.01183
-0.0114	-0.1193	0.6364	-0.022893483798409622	0.0001064650843716541	0.0012793263417118436	1.02961016	25.36666107	0.96344702	0.10790604143997956	0.040673	0.01223
-0.0132	-0.1522	0.5962	-0.02145882315327028	6.45771823237902e-05	0.0012339477811599909	0.98198289	24.1932621	0.9554664	0.15099635538695294	0.0365781	0.01127
-0.0137	-0.1455	0.5928	-0.020931733719167993	-5.235987755982988e-06	0.0010995574287564276	0.94507766	23.28402138	0.92578655	0.04716464782928113	0.034929	0.01183
-0.0136	-0.1666	0.6003	-0.021252874301534948	8.37758040957278e-05	0.0011205013797803594	0.93062478	22.92794418	0.9271355	0.050254816262129805	0.0367469	0.01147
