trans_x	trans_y	trans_z	rot_x	rot_y	rot_z	dvars_std	dvars_nstd	dvars_vstd	framewise_displacement	aqi	aor
0.0	-0.0	0.0	-0.0	0.0	-0.0	n/a	n/a	n/a	n/a	0.0729035	0.00674
0.0121	-0.3239	0.0547	-1.9198621771937625e-05	-0.00014137166941154068	-1.3962634015954635e-05	1.56720102	48.33035278	1.25069856	0.3994266462599717	0.0551526	0.00347
0.0081	-0.1901	0.0569	0.0001972222054753592	0.00010297442586766544	-6.108652381980153e-05	1.13697803	35.06285858	0.97094496	0.1653945406165175	0.0593612	0.00267
-0.0002	-0.0247	0.1633	-0.0001832595714594046	5.93411945678072e-05	-0.0006649704450098395	1.21816754	37.56663132	1.09446716	0.331499946471233	0.0574287	0.00257
0.0032	0.0979	0.202	-0.0007016223593017205	1.9198621771937625e-05	-0.0006056292504420323	1.17496204	36.23423386	1.0405057	0.19559232776029964	0.0618891	0.00536
0.0054	-0.0902	0.1229	0.0002897246558310587	-5.4105206811824215e-05	-0.0005742133239061344	1.21924603	37.59989166	1.06961519	0.324203338512622	0.0559401	0.00307
-0.0024	-0.1209	0.1235	-0.0017383479349863521	-0.0003595378259108319	-0.0004572762640225143	1.31054616	40.41546249	1.09431443	0.1616221134900019	0.0578845	0.00452
-0.0227	-0.1183	0.0866	-0.0009861110273767962	-0.00047647488579445195	-0.000895353906273091	1.38455427	42.69777298	1.10942666	0.1251625804871876	0.0592512	0.00301
-0.0206	-0.0774	0.0655	-0.00010995574287564276	-0.0005969026041820607	-0.000705113017805709	1.05259788	32.46068954	0.94912881	0.12344119456780722	0.0611288	0.00279
-0.0224	-0.0659	0.182	-0.00041713369122664475	-0.00035604716740684323	-0.0009075712110370514	1.15816748	35.71631241	1.06159847	0.16732457891787808	0.0535507	0.00391
-0.0286	0.1385	0.1225	0.0005602506898901797	-0.0005410520681182421	-0.0010175269539126942	1.33810747	41.26541901	1.13695304	0.3337172512351933	0.069537	0.00874
-0.0235	-0.189	0.0799	0.0005270894341022875	-0.0005864306286700947	-0.0009442231253289323	1.46688437	45.23672104	1.23194402	0.3827921822461753	0.054144	0.00237
-0.0226	-0.244	0.0749	-0.0003525565089028545	-0.0004677482395344803	-0.0009354964790689606	1.07949948	33.29029846	0.9586557	0.1112527489200364	0.0532844	0.00192
-0.0214	-0.1983	0.067	-0.0005951572749300663	-0.0005811946409141118	-0.0010105456369047167	1.28420699	39.60319901	0.93368862	0.07635481626212995	0.054845	0.00186
-0.0211	-0.1251	0.0914	-0.0010768681484805013	-0.0008691739674931761	-0.0014049900478554352	1.26337492	38.96076584	0.96585275	0.1561067305540109	0.0560039	0.00187
-0.0154	-0.0579	0.1662	-0.0009669124056048585	-0.0009337511498169664	-0.0015550883635269475	1.17683852	36.29210281	0.96298526	0.16393156204354722	0.0521811	0.00131
-0.0177	-0.0637	0.1054	-0.0009180431865490173	-0.0007906341511534313	-0.0013491395117916165	1.15454805	35.60469437	0.93276825	0.08879675347273534	0.0569615	0.00179
-0.014	-0.2283	0.1031	-0.0009581857593448868	-0.0006230825429619757	-0.001446877949903299	1.23081458	37.95664978	0.99819427	0.1858716309549504	0.0497845	0.00126
-0.0232	-0.1161	0.0278	-0.0006440264939859076	-0.00031415926535897925	-0.0011833332328521555	1.23581707	38.11091995	0.99607954	0.241031363000656	0.0624538	0.00243
-0.031	-0.0797	0.1681	-0.0006073745796940267	-0.0007086036763096977	-0.0013665928043115599	1.17841697	36.34077835	1.04285898	0.21521779483510017	0.0511199	0.00103
-0.0316	-0.0094	0.1319	-0.00039269908169872416	-0.0008936085770210966	-0.0012950343049797925	1.12823761	34.79331589	0.96633921	0.13066194490192343	0.0569828	0.00228
-0.0342	-0.2212	0.0965	-0.00023561944901923448	-0.0007487462491055673	-0.0012164944886400475	1.28013742	39.47769928	1.07886961	0.26882408884673814	0.0505449	0.00125
-0.0409	-0.2215	0.1376	-0.0007470009198535729	-0.0007086036763096977	-0.001165879940332212	1.07264185	33.07881927	0.92484443	0.07820692959690216	0.047951	0.00092
-0.0378	-0.1379	0.1988	-0.0006963863715457374	-0.0009250245035569946	-0.0016074482410867775	1.03355503	31.87343216	0.94903719	0.18333018381548488	0.0461335	0.00073
-0.0363	-0.0978	0.1375	-0.0005009094953223725	-0.0008168140899333463	-0.0014346606451393388	1.10627639	34.11606216	0.97911337	0.1267237442897226	0.0520814	0.00116
-0.0388	-0.257	0.1311	-0.001048942880448592	-0.0007696902001294993	-0.0015899949485668342	1.2080735	37.25534439	1.01725419	0.2056245789178781	0.0464087	0.00081
-0.0448	-0.1832	0.1464	-0.0010821041362364843	-0.0009686577348568529	-0.0016842427281745281	1.08772767	33.54404449	0.9148016	0.111418828506147	0.0482768	0.00065
-0.0486	-0.0984	0.1903	-0.0011362093430483087	-0.001155407964820246	-0.0019792033717615696	1.01035583	31.15800095	0.91995109	0.15929080401811296	0.0488704	0.0008
-0.0455	-0.1175	0.1319	-0.0011571532940722405	-0.0008203047484373349	-0.001864011641129944	1.13572359	35.02417374	0.92803529	0.10416194490192345	0.0518586	0.00105
-0.0415	-0.2212	0.1272	-0.0012688543661998775	-0.0006161012259539982	-0.0018709929581379211	1.20901394	37.28434753	0.96537277	0.12854429558094757	0.0488049	0.00094
-0.0415	-0.1488	0.1743	-0.0013369222070276565	-0.00047123889803846896	-0.0019198621771937623	1.12779915	34.77979279	0.92722294	0.13258996938995748	0.0481868	0.0008
-0.044	-0.0982	0.0432	-0.0010454522219446034	-0.00034208453339088857	-0.001452113937659282	1.13501298	35.0022583	1.00977237	0.22861862946325567	0.0625259	0.00206
-0.0518	-0.1598	0.0946	-0.0013526301702956054	-0.0003054326190990077	-0.0015027284859671175	1.15351856	35.57294464	0.99950454	0.1405222205475359	0.0552731	0.00144
-0.048	-0.0512	0.2246	-0.0008499753457212384	-0.0009791297103688187	-0.0016790067404185449	1.34696984	41.53871918	1.09721403	0.31003150851478023	0.0483947	0.00132
-0.0476	-0.0604	0.147	-0.0007190756518216638	-0.000752236907609556	-0.0012583823906879114	1.09676051	33.82260513	0.98716585	0.12612084231947354	0.054409	0.00147
-0.0557	-0.2364	0.1454	-0.0007644542123735164	-0.0005113814708343385	-0.0011397000015522971	1.13408077	34.97351074	1.01315804	0.20594581932313416	0.0471683	0.00062
-0.0549	-0.1331	0.1842	-0.0008063421144213803	-0.000582939970166106	-0.0014486232791552935	1.12456203	34.67996597	0.9395477	0.1640184839491314	0.0473578	0.00065
-0.0567	-0.0641	0.2031	-0.0003682644721708035	-0.0006981317007977319	-0.0014748032179352085	1.14346838	35.26301193	0.96130039	0.11867246558310587	0.0479775	0.00105
-0.0529	-0.1659	0.1521	-0.00023387411976724014	-0.0006213372137099814	-0.0013683381335635543	1.16482162	35.92151642	0.97122983	0.17248249619314837	0.0476918	0.00062
-0.0578	-0.227	0.1585	-0.0008377580409572782	-0.0006649704450098395	-0.001239183768915974	1.06373203	32.80405045	0.90725995	0.11123357585687382	0.0459518	0.00061
-0.057	-0.1543	0.1781	-0.000757472895365539	-0.0006859143960337716	-0.0013631021458075715	1.06121755	32.72650909	0.9143566	0.10435737367536344	0.047327	0.00074
-0.0517	-0.0152	0.219	-0.00035081117965086024	-0.000609119908946021	-0.0014643312424232424	1.21666026	37.52014923	1.00341844	0.21453426497090497	0.0498318	0.00129
-0.0467	-0.0387	0.2194	6.45771823237902e-05	-0.0008150687606813518	-0.0016126842288427606	1.14790559	35.39984894	0.94463293	0.067384510006475	0.0474759	0.00099
-0.0373	-0.2313	0.164	8.726646259971648e-06	-0.0008395033702092724	-0.0017435839227423352	1.19399643	36.82122803	1.03416506	0.2679592419745656	0.0414553	0.00047
-0.0429	-0.2847	0.1443	-0.0006998770300497262	-0.0008168140899333463	-0.0017139133254584315	1.00661945	31.04277611	0.89293617	0.11674817769347638	0.0428671	0.00047
-0.0466	-0.3022	0.1482	-0.0008604473212332044	-0.0006422811647339132	-0.0018064157758141308	1.02257872	31.53494072	0.87781313	0.04648028333693053	0.0425072	0.00044
-0.0429	-0.1501	0.1768	-0.0008325220532012951	-0.0005619960191421741	-0.001973967384005587	1.18445086	36.52685547	0.98723255	0.19818810109075527	0.0453464	0.00062
-0.0405	-0.0748	0.1769	-0.0007155849933176752	-0.0004799655442984406	-0.001778490507782222	1.15401185	35.58815765	0.9357409	0.09752222054753593	0.0495065	0.00092
-0.0395	-0.1854	0.0271	-0.00014660765716752367	-0.0003892084231947355	-0.0015550883635269475	1.20614815	37.19597244	1.07854854	0.30555683007545653	0.0575629	0.00148
-0.0439	-0.1938	0.1822	-0.0004904375198104066	-0.0005235987755982988	-0.0017540558982543013	1.23592901	38.11437225	1.09745467	0.20175938748869	0.0445574	0.00068
-0.0447	-0.0364	0.2459	-5.4105206811824215e-05	-0.0007155849933176752	-0.0018657569703819383	1.26261044	38.93719101	1.06798397	0.25890098014227975	0.045051	0.00081
-0.0464	-0.1388	0.104	0.00047647488579445195	-0.0005044001538263612	-0.0015446163880149814	1.24474442	38.38622665	1.07665807	0.2991452757232273	0.0514688	0.00103
-0.0547	-0.2481	0.0973	0.0002129301687433082	-0.0003787364476827695	-0.001504473815219112	1.09858763	33.87895203	0.95595881	0.1457675497995302	0.0488344	0.00065
-0.0652	-0.1906	0.1346	0.000582939970166106	-0.0004049163864626844	-0.001790707812546182	1.00508952	30.99559784	0.91519148	0.13942118687648913	0.0474294	0.0007
-0.0665	-0.0989	0.1485	0.0003822271061867582	-0.000619591884457987	-0.002007128639793479	1.17219305	36.14884186	0.94937566	0.1384904594610974	0.0496885	0.00096
-0.06	-0.2133	0.0736	0.00016231562043547262	-0.0006597344572538566	-0.0019006635554218248	1.17796957	36.32698059	0.97669051	0.21412595714594043	0.0505419	0.00084
-0.0598	-0.2077	0.0719	0.00027925268031909274	-0.0006684611035138282	-0.0018989182261698304	1.11768079	34.46775818	0.9185066	0.013870451769779297	0.0529272	0.00094
-0.0577	-0.1078	0.1366	0.00013264502315156904	-0.0007627088831215222	-0.002169444260228951	1.10866416	34.18969727	0.96132059	0.19226907354171688	0.05037	0.00061
-0.055	-0.0721	0.1219	3.316125578789226e-05	-0.000661479786505851	-0.0021991148575128553	1.00865662	31.10560226	0.89122468	0.06461917306316262	0.0531694	0.00081
-0.0529	-0.2061	0.0838	-5.235987755982988e-06	-0.0005009094953223725	-0.0021519909677090087	1.13346803	34.95461655	0.94588926	0.18650457122656	0.0511536	0.00092
-0.0539	-0.2028	0.1031	-0.0001186823891356144	-0.0004904375198104066	-0.0022235494670407763	1.18931735	36.67693329	0.91924843	0.033373843811168244	0.0499089	0.00084
-0.0511	-0.0921	0.1405	0.0001256637061435917	-0.0004939281783143952	-0.002251474735072685	1.14417911	35.28493118	0.96086375	0.16468810109075518	0.05168	0.00081
-0.0571	-0.1442	0.0891	9.42477796076938e-05	-0.0005061454830783556	-0.002097885760897184	1.02537346	31.62112617	0.94838299	0.11936111027376796	0.0537672	0.00122
-0.0604	-0.1786	0.1966	-0.0002600540585471551	-0.0005218534463463045	-0.002064724505109292	1.15499449	35.61846161	1.01285395	0.16535855286053452	0.04405	0.00042
-0.0551	-0.0477	0.2446	9.948376736367679e-05	-0.0007749261878854823	-0.002155481626212997	1.20439017	37.14175797	0.9887373	0.21936838442768572	0.0452329	0.00078
-0.0527	-0.147	0.1518	0.00010471975511965978	-0.000582939970166106	-0.0019024088846738192	1.1503154	35.47416687	0.99370596	0.21701474735072687	0.0474846	0.00052
-0.0552	-0.3093	0.1448	0.0001308996938995747	-0.0006859143960337716	-0.0018849555921538759	1.13396513	34.969944	0.97571347	0.1791303828583762	0.0426705	0.00045
-0.0518	-0.2167	0.1811	-6.283185307179586e-05	-0.000731292956585624	-0.0019861846887695473	1.02276587	31.54071045	0.93512558	0.14931696020694477	0.0444509	0.00038
-0.0432	-0.0695	0.253	-0.000307177948351002	-0.0011117747335203881	-0.0022218041377887812	1.20052159	37.02245712	1.02081169	0.2707223660616602	0.0433036	0.00064
-0.0487	-0.1443	0.1348	-0.0002199114857512855	-0.0007435102613495844	-0.001932079481957723	1.1492573	35.44153595	0.99270113	0.23576277953007893	0.0483167	0.00086
-0.0528	-0.307	0.1365	-0.0003089232776029963	-0.000778416846389471	-0.002141518992197042	1.17397535	36.20380402	0.9832823	0.18516789435654585	0.0437279	0.00051
-0.0572	-0.1684	0.2222	-0.00010471975511965978	-0.0010349802464326373	-0.0024609142453120045	1.17245662	36.15697098	0.99792964	0.2677081087820733	0.0407346	0.00032
-0.0524	-0.0123	0.2372	-5.759586531581287e-05	-0.0012845623294678264	-0.002562143341927676	1.09863007	33.88026047	0.98059395	0.1957967534727353	0.0471783	0.0008
-0.0525	-0.2233	0.1209	-8.552113334772214e-05	-0.000932005820564972	-0.002490584842595908	1.2434144	38.34521103	1.07876589	0.3500020138133266	0.0452383	0.00049
-0.0464	-0.2541	0.1199	-4.71238898038469e-05	-0.0007679448708775049	-0.002530727415391778	1.07316709	33.09501648	0.9107422	0.050030038301360574	0.0451248	0.00052
-0.043	-0.0821	0.1885	0.00022689280275926284	-0.0006736970912698113	-0.002509783464367846	1.26011074	38.86010361	1.02650948	0.2634604211597367	0.0473348	0.00052
-0.0388	0.0089	0.2212	5.061454830783555e-05	-0.0007173303225696694	-0.002183406894244906	1.05322611	32.48006439	0.93666625	0.1552144027937113	0.0495924	0.00096
-0.0464	-0.1642	0.1743	6.981317007977319e-05	-0.0006387905062299246	-0.0021223203704251047	1.1873467	36.61616135	0.99008932	0.2355412480965742	0.0444412	0.00051
-0.064	-0.3513	0.1834	4.18879020478639e-05	-0.0006841690667817771	-0.0022549653935766737	1.18593574	36.57264709	1.00974332	0.22409744258676653	0.0366714	0.00028
-0.0719	-0.1567	0.1706	0.0007749261878854823	-0.0008587019919812101	-0.0019669860669976093	1.25337553	38.65240097	1.04683312	0.27507752688080583	0.0447626	0.00097
-0.1047	0.1002	0.0951	0.0013665928043115599	-0.0006021385919380437	-0.0015987215948268059	1.43204141	44.16221237	1.18206696	0.4260247244320024	0.0670149	0.00541
-0.0611	-0.0615	0.0667	-0.0004188790204786391	-0.0006579891280018621	-0.0008552113334772215	1.32269597	40.79014587	1.18875434	0.3629416311101801	0.0611965	0.0043
-0.0453	-0.1687	0.0621	-0.0002652900463031381	-0.0006038839211900379	-0.0012077678423800758	1.10400844	34.04611969	1.03346093	0.15561253449450896	0.0552599	0.00253
-0.0675	-0.1421	0.0379	-0.0026616271092913526	-0.002045525883337354	-0.0011938052083641214	1.31346643	40.50551987	1.10844115	0.2655970829575743	0.0619407	0.00608
-0.0814	-0.1481	0.0734	-0.0013962634015954637	-0.0022968532956245376	-0.0017086773377024485	1.28204799	39.53661728	1.07328199	0.15697816246607	0.0550472	0.00215
-0.0832	-0.1944	0.078	-0.001181587903600161	-0.0022008601867648495	-0.001973967384005587	0.97890735	30.18817329	0.90319516	0.08149793265790643	0.0511346	0.00141
-0.0795	-0.2282	0.1047	-0.0011850785621041497	-0.002197369528260861	-0.0023265238929084412	0.97781414	30.15446091	0.8938219	0.08217689129554157	0.0474771	0.00121
-0.0641	-0.1315	0.1956	-0.0010419615634406148	-0.0021258110289290935	-0.002649409804527392	1.15512514	35.62248993	0.96971784	0.22987807048071263	0.043956	0.00089
-0.0609	-0.0382	0.1288	-0.0010157816246606998	-0.0017348572764823637	-0.0024312436480281013	1.10985899	34.22654343	1.02220387	0.1950649923862968	0.0544837	0.00221
-0.0655	-0.2313	0.0867	-0.0014556045961632708	-0.0014887658519511632	-0.0020210912738094335	1.27400351	39.28853989	1.09828587	0.29460333851262194	0.0507697	0.00131
-0.0754	-0.1591	0.1669	-0.0013264502315156904	-0.0014486232791552935	-0.002303834612632515	1.16236258	35.84568405	0.99074466	0.18490201381332655	0.0462793	0.0008
-0.0755	-0.1712	0.1934	-0.001075122819228507	-0.0014870205226991688	-0.002537708732399755	1.16700137	35.98873901	0.95209291	0.06487993877991494	0.0421341	0.00049
-0.0784	-0.2541	0.1692	-0.001085594794740473	-0.0013980087308474581	-0.0022846359908605773	1.10746574	34.15274048	0.93883944	0.1276278254451427	0.0418683	0.00057
-0.0823	-0.2008	0.1642	-0.001361356816555577	-0.001298524963483781	-0.0022462387473167022	1.00096071	30.86827087	0.9084008	0.08288215163613279	0.0448584	0.00067
-0.0721	-0.1778	0.2126	-0.001322959573011702	-0.0013840460968315032	-0.0024434609527920616	1.18559408	36.5621109	0.91865406	0.09765702911834784	0.04212	0.00096
-0.0673	-0.1207	0.2004	-0.0010506882097005862	-0.0016336281798666925	-0.002490584842595908	1.17035985	36.09230804	0.94197127	0.1025488668075076	0.0438	0.00061
-0.0651	-0.276	0.1832	-0.0010088003076527223	-0.00147131255943122	-0.002501056818107874	1.18911564	36.67071152	0.98263582	0.18543377489976515	0.0399428	0.00064
-0.0663	-0.2394	0.1993	-0.001129228026040331	-0.0012880529879718153	-0.002623229865747477	1.03100502	31.79479408	0.89862154	0.07519301687433083	0.0404972	0.00048
-0.0621	-0.2144	0.2313	-0.001075122819228507	-0.0014905111812031574	-0.0028396506929947744	1.03368843	31.87754822	0.90861273	0.08484921136452316	0.0386649	0.00055
-0.063	-0.158	0.2695	-0.000932005820564972	-0.0017470745812463236	-0.0028728119487826664	1.11799395	34.47741699	0.93301931	0.11714208272472967	0.0376353	0.00054
-0.0571	-0.208	0.2237	-0.0010786134777324957	-0.0015114551322270892	-0.002823942729726825	1.10195434	33.98277664	0.93423408	0.12325481626212996	0.0395623	0.00064
-0.06	-0.2646	0.2309	-0.0012042771838760874	-0.0013805554383275148	-0.0028605946440187057	1.07493746	33.14961243	0.92172378	0.08136076571675235	0.0379664	0.00055
-0.0624	-0.2377	0.2259	-0.0013962634015954637	-0.0015969762655748114	-0.0031049407392979124	0.98362905	30.3337841	0.8881052	0.066937657012294	0.0389053	0.00074
-0.0611	-0.205	0.2665	-0.001420698011123384	-0.0018256143975860688	-0.0033545228223331013	1.09799302	33.86061478	0.930641	0.09973274122871836	0.0361391	0.00025
-0.0579	-0.1913	0.2203	-0.0013264502315156904	-0.001567305668290908	-0.0033597588100890844	1.12429929	34.67186356	0.94206111	0.08098962483294189	0.0404916	0.0006
-0.0689	-0.2564	0.1581	-0.001377064779823526	-0.0013945180723434693	-0.0030717794835100195	1.11597359	34.41511154	0.96512541	0.163869073541717	0.0434741	0.00065
-0.0707	-0.208	0.2638	-0.001059414855960558	-0.0014782938764391971	-0.0030997047515419294	1.11826646	34.48582077	1.01394886	0.1773675497995303	0.0374051	0.00054
-0.0646	-0.0294	0.3032	-0.001572541656046891	-0.0016632987771505957	-0.0030543261909900766	1.18303907	36.48331833	1.01646026	0.26127551306747926	0.0423259	0.00105
-0.0638	-0.1826	0.2598	-0.0012252211349000194	-0.001408480706359424	-0.002897246558310587	1.13690484	35.06060028	0.9917352	0.2353609112308767	0.0358839	0.00045
-0.0624	-0.3586	0.242	-0.0011152653920243766	-0.001403244718603441	-0.0028274333882308137	1.18179083	36.44482422	0.99316391	0.20445024503556988	0.0322732	0.00035
-0.0682	-0.3157	0.2582	-0.0014922565104551516	-0.0013718287920675431	-0.0028815385950426383	1.04327047	32.17304611	0.90706012	0.08802561258892487	0.0330316	0.00031
-0.0642	-0.2512	0.3122	-0.0014259339988793671	-0.001626646862858715	-0.0031834805556376572	1.01552689	31.31747055	0.92466577	0.15365412714809876	0.0313451	0.00032
-0.0544	-0.1527	0.3765	-0.001553343034274953	-0.002087413785385218	-0.003295181627765294	1.15461922	35.60688782	0.98267843	0.20759385150248627	0.0305374	0.00041
-0.0561	-0.2569	0.2817	-0.0013753194505715315	-0.001626646862858715	-0.0031712632508736965	1.17307174	36.17594147	0.99689677	0.23883544415607608	0.0314311	0.00032
-0.0628	-0.3144	0.2713	-0.0012060225131280816	-0.0014311699866353504	-0.0030665434957540365	1.07705617	33.21495056	0.93434525	0.09807467843932374	0.0310985	0.00026
-0.0665	-0.2976	0.3261	-0.0013753194505715315	-0.0015166911199830724	-0.0033021629447732717	1.02161169	31.50511551	0.91064506	0.09982187599052045	0.0287572	0.00016
-0.0576	-0.1599	0.3738	-0.0015341444125030156	-0.0020734511513692635	-0.003485422516232676	1.21351027	37.42300797	0.96646532	0.239242228238854	0.0303566	0.00051
-0.0574	-0.2703	0.2823	-0.0014451326206513049	-0.0017872171540421933	-0.003572688978832392	1.16268241	35.85554504	0.98044664	0.22522561258892487	0.0304283	0.0002
-0.0672	-0.3626	0.2878	-0.0012932889757277981	-0.001637118838370681	-0.003640756819660172	1.18039978	36.40192795	0.94644967	0.12610049007113996	0.0287467	0.00028
-0.0641	-0.2949	0.3481	-0.00124965574442794	-0.0017470745812463236	-0.003867649622419434	1.10212541	33.98805237	0.93901027	0.15012408884673814	0.026274	0.00019
-0.0525	-0.1978	0.3787	-0.0013491395117916165	-0.00209614043164519	-0.003939208121751202	1.11339986	34.33573914	0.92497389	0.16530540585471548	0.0272859	0.00031
-0.0505	-0.2467	0.2794	-0.0011013027580084218	-0.001481784534943186	-0.0038030724400956446	1.12054265	34.55601501	0.96556574	0.2001164166070378	0.0304658	0.00017
-0.0567	-0.3963	0.2821	-0.0010402162341886204	-0.0014538592669112763	-0.0035883969421003415	1.23767376	38.16817856	0.98252346	0.17368436449235075	0.0276717	0.00031
-0.0643	-0.2407	0.3488	-0.0011309733552923255	-0.0015306537539990272	-0.0036721727461960694	1.18444455	36.52666092	0.99071641	0.24246637061435916	0.0285406	0.00017
-0.0747	-0.1405	0.3516	-0.0009721483933608416	-0.0019146261894377795	-0.00401076662108297	1.04276729	32.15752792	0.94957599	0.15746956361285683	0.030714	0.00036
-0.0689	-0.333	0.2757	-0.0010000736613927507	-0.0016423548261266642	-0.0037262779530078936	1.19071186	36.71993637	1.01846373	0.303434264970905	0.0279775	0.00016
-0.0683	-0.4004	0.2766	-0.000736528944341607	-0.0016632987771505957	-0.0037402405870238476	1.10767984	34.15934372	0.91396428	0.08382256510455142	0.0274541	0.00019
-0.067	-0.2744	0.3668	-0.0007470009198535729	-0.0018605209826259553	-0.003876376268679406	1.22841406	37.88262177	1.00802929	0.23469149313214416	0.0249432	0.00012
-0.0375	-0.1312	0.3998	-0.0007243116395776468	-0.0016301375213627037	-0.0035674529910764093	1.09967911	33.9126091	0.96430719	0.23379980095710864	0.0297292	0.00033
-0.0375	-0.1574	0.3648	-0.0005183627878423159	-0.0014608405839192536	-0.0033824480903650108	1.25567567	38.72333145	0.90666369	0.08921253449450894	0.0299029	0.0009
-0.0322	-0.283	0.3216	-2.268928027592628e-05	-0.0015132004614790836	-0.0033300882128051803	1.18104815	36.42192078	0.96564119	0.2041196631343025	0.0267012	0.00049
-0.0337	-0.4053	0.2976	0.00032812189937493397	-0.0011466813185602744	-0.0030246555937061734	1.28891218	39.74830246	0.97917542	0.19893814708343385	0.0253215	0.00022
-0.044	-0.428	0.3154	-0.00032812189937493397	-0.0012758356832078548	-0.003157300616857742	1.07321584	33.09651947	0.91174022	0.09670215932745087	0.0241366	0.0002
-0.0432	-0.4088	0.3182	-0.0005480333851262194	-0.0014695672301792255	-0.0032550390549694243	0.99352753	30.63903999	0.88262072	0.048369073541716885	0.0243243	0.00016
-0.041	-0.3366	0.3911	-0.0007731808586334879	-0.0015690509975429022	-0.003691371367968007	1.13459063	34.98923492	0.9449081	0.1853481776934764	0.0223146	0.00016
-0.0436	-0.2682	0.3685	-0.00062482787221397	-0.001556833692778942	-0.003745476574779831	1.14443386	35.29278564	0.93682219	0.10433377489976514	0.0252723	0.0002
-0.0446	-0.3108	0.3391	-0.0005096361415823442	-0.0012932889757277981	-0.0037734018428117405	1.04089117	32.09967041	0.90447279	0.09333308578573395	0.0249833	0.00013
-0.0397	-0.4004	0.3495	-0.0007958701389094143	-0.0013857914260834976	-0.003913028182971286	1.0695169	32.98244858	0.90404838	0.1308181393921157	0.022936	0.00028
-0.0374	-0.2677	0.3356	-0.0003351032163829112	-0.00147131255943122	-0.003876376268679406	1.16876066	36.04299164	0.96046783	0.17804699850830524	0.0261238	0.00022
-0.0425	-0.3138	0.357	-0.0005672320068981572	-0.0013753194505715315	-0.003602359576116296	1.10977781	34.22404099	0.92476163	0.1027069295969022	0.0248327	0.00031
-0.057	-0.3914	0.3739	-0.0005654866776461627	-0.0014573499254152652	-0.003637266161156183	1.05748832	32.6115036	0.90516205	0.1149341194567808	0.0223519	0.00019
-0.0584	-0.3588	0.4169	-0.0004625122517784973	-0.001710422666954443	-0.003862413634663451	0.96982694	29.9081459	0.8866324	0.10605973204570554	0.020458	9e-05
-0.0597	-0.2211	0.3841	-0.00042760566673861073	-0.001785471824790199	-0.0038885935734433662	1.17002368	36.0819397	0.95807812	0.1786067840827779	0.0255662	0.00031
-0.0574	-0.3898	0.3467	-0.00013264502315156904	-0.0016859880574265225	-0.004009021291830974	1.22317564	37.72107697	1.00661717	0.2341436064669163	0.0217372	0.00015
-0.0604	-0.4409	0.3627	-0.0001361356816555577	-0.0016790067404185449	-0.0040334559013588955	1.08593595	33.4887886	0.90380824	0.07184532925199444	0.0206247	0.00023
-0.0548	-0.3497	0.3989	-0.00040317105721069014	-0.0018238690683340744	-0.004199262180298357	1.03666377	31.96930313	0.91666824	0.1618851991205061	0.0212519	0.00017
-0.053	-0.3053	0.426	-0.0008569566627292158	-0.0019058995431778078	-0.004351105825221863	1.21686018	37.52631378	0.92719563	0.10768298626428828	0.0214305	0.00058
-0.0525	-0.3721	0.3762	-0.0005201081170943102	-0.0017313666179783749	-0.004405211032033687	1.22093642	37.6520195	0.94310713	0.1453743338823081	0.0215583	0.00028
-0.0576	-0.473	0.3733	-0.0006283185307179585	-0.0013700834628155487	-0.004328416544945937	1.14129221	35.19590378	0.9416313	0.13621440279371116	0.022073	0.00025
-0.0557	-0.3935	0.4051	-0.0008639379797371932	-0.0016336281798666925	-0.004485496177625427	1.02581239	31.63466072	0.91040356	0.14601218993749335	0.0203938	0.0002
-0.0536	-0.2485	0.4479	-0.0008883725892651138	-0.002050761871093337	-0.004630358505540956	1.21467721	37.45899582	0.97086071	0.21922153143350473	0.0224851	0.00041
-0.0513	-0.3286	0.3913	-0.000486946861306418	-0.001864011641129944	-0.004754276882432553	1.16923988	36.05776978	0.93416324	0.17460471674068437	0.0214486	0.00012
-0.0542	-0.385	0.3996	-0.0006108652381980154	-0.0015289084247470327	-0.004654793115068877	1.10101807	33.9539032	0.90169007	0.09552526803190928	0.0203705	0.00017
-0.0637	-0.3434	0.3458	-9.773843811168246e-05	-0.0013735741213195373	-0.004572762640225143	1.04556847	32.24391174	0.91038183	0.1424245789178782	0.0232257	0.0001
-0.066	-0.2665	0.335	-0.00022165681500327985	-0.0013718287920675431	-0.004593706591249075	1.11242819	34.30577469	0.92351013	0.09733038285837614	0.0256792	0.00025
-0.0633	-0.2304	0.2566	0.0002495820830351891	-0.0012322024519079964	-0.0043982297150257105	1.2165314	37.51617813	1.00008548	0.15751710572106908	0.0322222	0.00036
-0.0735	-0.3451	0.2101	0.0008185594191853405	-0.0007853981633974483	-0.003926990816987242	1.16184068	35.82958984	0.99838362	0.2457510261349584	0.0340216	0.00042
-0.0793	-0.3064	0.4087	-0.000577703982410123	-0.0011885692206081383	-0.0038030724400956446	1.32006872	40.70912552	1.21196586	0.3392676417848875	0.0248358	0.00038
-0.0553	-0.1169	0.4866	0.0012863076587198209	-0.0019146261894377795	-0.0035133477842645856	1.46837091	45.28256607	1.24772852	0.43538966328953216	0.0287545	0.00154
-0.0431	-0.1378	0.3646	0.003593632929856324	-0.0017191493132144146	-0.0033772121026090277	1.29727519	40.00620651	1.11406044	0.28704689145077134	0.0328146	0.00199
-0.0532	-0.3556	0.2721	0.002305579941884509	-0.0015707963267948967	-0.003452261260444784	1.32416773	40.83553314	1.10332072	0.3959727566113544	0.0271782	0.00061
-0.0522	-0.4005	0.2263	0.002090904443889207	-0.001254891732183923	-0.003152064629101759	1.03943086	32.05463791	0.91340123	0.13323883619746507	0.0304712	0.00038
-0.0507	-0.4647	0.2148	0.001553343034274953	-0.0013369222070276565	-0.0035360370645405115	1.0378958	32.00729752	0.9072353	0.12737821599483695	0.0278808	0.00044
-0.0615	-0.4243	0.2254	0.0011414453308042916	-0.001574286985298885	-0.0037489672332838195	1.10467565	34.06669617	0.92599374	0.1049096325242599	0.0271907	0.00032
-0.0633	-0.3396	0.3419	0.0009791297103688187	-0.0020001473227855013	-0.004187044875534397	1.23704219	38.14870071	1.00650082	0.2543126800086333	0.0220024	0.00031
-0.0562	-0.1935	0.3625	0.0006579891280018621	-0.0019303341527057286	-0.004276056667386107	1.1100328	34.23190308	0.9631345	0.197798277214922	0.0256085	0.00019
-0.0535	-0.3828	0.2964	0.0005445427266222308	-0.0017051866791984597	-0.004377285764001779	1.14419484	35.28541565	0.98586291	0.2800911485751286	0.0227809	0.00019
-0.0591	-0.4238	0.2447	0.0005550147021341969	-0.0015271630954950383	-0.004375540434749784	1.11909831	34.51147079	0.92435911	0.10781204442336918	0.026194	0.00019
-0.0593	-0.3023	0.2766	0.0004974188368183839	-0.0016283921921107093	-0.00451865743341332	1.25412774	38.67559814	0.99702301	0.16869709802975102	0.0268232	0.00023
-0.0626	-0.2451	0.4139	0.00011519173063162575	-0.0022165681500327986	-0.004792674125976429	1.18191898	36.44877625	1.02857698	0.26002098783359784	0.0213264	0.00025
-0.0684	-0.3356	0.3245	0.00048520153205442357	-0.0018064157758141308	-0.004646066468808905	1.05630469	32.57500076	0.95915303	0.23203849164044948	0.0222225	0.00019
-0.0773	-0.3876	0.2623	0.0007731808586334879	-0.0018343410438460403	-0.00451516677490933	1.15289676	35.55377197	0.92283462	0.1454402144255274	0.0251282	0.00045
-0.0814	-0.3259	0.2632	0.000905825881785057	-0.0018884462506578647	-0.004728096943652638	1.17198586	36.14245224	0.92489967	0.08668401993533506	0.0267597	0.00029
-0.0731	-0.222	0.3109	0.0008272860654453122	-0.0016423548261266642	-0.00441044701978967	1.15833807	35.72157288	0.94296865	0.19201405823669568	0.0278015	0.00022
-0.0733	-0.2504	0.2752	0.0007382742735936014	-0.0016755160819145565	-0.004077089132658754	0.9992311	30.81492996	0.8978959	0.08707654673852602	0.028214	0.0002
-0.0783	-0.3984	0.2722	0.0007644542123735164	-0.0017610372152622785	-0.004009021291830974	1.10727131	34.14674377	0.93738349	0.1649884456477708	0.0248082	0.00042
-0.0777	-0.3586	0.2829	0.0008342673824532895	-0.0018692476288859267	-0.004223696789826277	1.09132266	33.65490723	0.90383143	0.0707349540849362	0.0251125	0.00017
-0.0703	-0.2499	0.3406	0.001069886831472524	-0.002155481626212997	-0.004352851154473858	1.21834004	37.57195282	0.97358639	0.20635039054969428	0.0251113	0.0002
-0.0699	-0.2837	0.2896	0.001048942880448592	-0.001864011641129944	-0.004174827570770436	1.05733538	32.60678864	0.91446579	0.10972187599052032	0.0264537	0.00028
-0.0663	-0.3629	0.2876	0.000874409955249159	-0.001954768762233649	-0.004242895411598215	1.0143342	31.28069115	0.89781366	0.10146789435654584	0.0246873	0.00016
-0.0638	-0.3236	0.3104	0.000757472895365539	-0.002049016541841343	-0.004417428336797647	1.11820412	34.48389816	0.9012516	0.08388588823453731	0.0247298	0.00041
-0.0632	-0.3187	0.3197	0.000874409955249159	-0.0020629791758572974	-0.004602433237509047	1.14234805	35.22846222	0.90611344	0.03059522973054868	0.0239707	0.00017
-0.0638	-0.3355	0.317	0.0008464846872172499	-0.0019826940302655584	-0.004612905213021013	1.08292544	33.39595032	0.89421358	0.02603411945678072	0.024246	0.00029
-0.0671	-0.3279	0.3194	0.0007452555906015787	-0.0019303341527057286	-0.004665265090580842	0.98432475	30.35523796	0.88160932	0.02359744258676655	0.0241042	0.00019
-0.0559	-0.3198	0.3223	0.000619591884457987	-0.0019390607989657003	-0.004796164784480418	1.12480342	34.68740845	0.8895658	0.03546450231515695	0.0240718	0.00029
-0.0559	-0.2718	0.2289	0.0010524335389525807	-0.0016842427281745281	-0.004710643651132695	1.21785915	37.55712128	0.97486977	0.18005904293167435	0.0316964	0.00026
-0.069	-0.3792	0.2897	0.00062482787221397	-0.0018151424220741027	-0.004834562028024293	1.13918269	35.13084793	0.97750547	0.21542118687648917	0.0246439	0.00038
-0.0798	-0.3139	0.4072	0.00041713369122664475	-0.002165953601724963	-0.005258677036258915	1.07941735	33.2877655	0.97844479	0.2427310184436403	0.0194964	0.00023
-0.0749	-0.2642	0.3604	0.0005532693728822024	-0.002057743188101315	-0.005134758659367318	1.00387073	30.95801163	0.90604365	0.11981322360854016	0.0223746	0.0001
-0.0787	-0.4109	0.3058	0.0008604473212332044	-0.002057743188101315	-0.005101597403579425	1.13489318	34.99856567	0.98103384	0.22211696020694477	0.0217497	0.00019
-0.0671	-0.387	0.3242	0.0009512044423369096	-0.0021607176139689798	-0.004961971063419879	1.08773553	33.54428864	0.9175492	0.07056789435654579	0.0217037	0.0002
-0.0681	-0.2133	0.3945	0.0009896016858807848	-0.0022741640153486112	-0.005113814708343385	1.18847799	36.65104675	0.99813402	0.26018436449235066	0.0228761	0.00026
-0.0729	-0.098	0.4287	0.0009773843811168245	-0.0022060961745208325	-0.0050789081233034985	1.05943346	32.67148972	0.95564861	0.16005958653158123	0.0278448	0.00086
-0.0702	-0.083	0.3661	0.0015184364492350666	-0.0017243853009703976	-0.005000368306963754	1.15592444	35.6471405	0.94016171	0.13536513790042115	0.0329569	0.00225
-0.09	-0.3011	0.2228	0.0022846359908605773	-0.0019460421159736775	-0.005033529562751646	1.33813596	41.26629639	1.16113258	0.43225088062083405	0.0312018	0.0018
-0.0917	-0.5909	0.2083	0.0018936822384138475	-0.002190388211252884	-0.0049741883681838385	1.52010703	46.8780365	1.20021355	0.3407320521146871	0.0267813	0.00179
-0.1102	-0.5456	0.2925	0.0013334315485236678	-0.002389355745980237	-0.004920083161372014	1.15151131	35.51104355	0.99329763	0.1886661715714678	0.0205114	0.00029
-0.1094	-0.4815	0.2719	0.0012897983172238095	-0.0026755897433073067	-0.004850269991292241	1.01512039	31.30493355	0.90810733	0.10548401993533509	0.0214507	0.00025
-0.0987	-0.4057	0.3167	0.0011676252695842063	-0.002748893571891069	-0.005157447939643243	1.12127352	34.57855225	0.95188515	0.15643274122871836	0.0199434	0.00012
-0.0912	-0.2889	0.3728	0.0013107422682477415	-0.002829178717482808	-0.00538957673015849	1.24305606	38.33415985	0.9684321	0.2031765467385261	0.0199198	0.00016
-0.0917	-0.3282	0.304	0.001075122819228507	-0.002579596634447619	-0.005326744877086694	1.07936645	33.28619385	0.91307727	0.136001669256311	0.0213827	0.00016
-0.0879	-0.4481	0.2942	0.0008255407361933179	-0.002590068609959585	-0.005445427266222308	1.05090761	32.40856552	0.91410739	0.15243682238413847	0.0200672	0.00016
-0.0801	-0.3885	0.2831	0.0008028514559173916	-0.002389355745980237	-0.005532693728822024	1.13229251	34.91836166	0.91984309	0.09403343034274952	0.0222671	0.0001
-0.0785	-0.3206	0.3101	0.0013735741213195373	-0.002436479635784084	-0.005483824509766183	1.2067517	37.21458435	0.92626364	0.12983578871309165	0.022095	0.00015
-0.0849	-0.2719	0.3118	0.0010349802464326373	-0.0023387411976724015	-0.005295328950550796	1.03578997	31.94235611	0.90290395	0.08804139361069852	0.023186	0.00015
-0.091	-0.4197	0.2759	0.0009948376736367678	-0.002356194490192345	-0.005239478414486977	1.07916367	33.27994156	0.91979932	0.19547232006898163	0.0216748	9e-05
-0.0959	-0.4273	0.2586	0.0007487462491055673	-0.002183406894244906	-0.005394812717914472	1.10285294	34.0104866	0.89523628	0.05851066619530668	0.0233577	9e-05
-0.0918	-0.3483	0.3178	0.0009616764178488756	-0.002310815929640492	-0.005478588522010201	1.2058059	37.18541718	0.92970513	0.16350575041173118	0.0218723	0.00017
-0.0989	-0.3281	0.3005	0.0010402162341886204	-0.0022043508452688383	-0.005419247327442393	1.00720406	31.06080437	0.89948239	0.05681730476396036	0.0236912	0.00012
-0.0998	-0.3939	0.2837	0.0009389871375729493	-0.00238237442897226	-0.005644394800949661	1.23802269	38.17893982	0.90844552	0.108720007691318	0.0228012	0.0007
-0.0978	-0.4016	0.2916	0.0012758356832078548	-0.002380629099720265	-0.005867796945204936	1.22996128	37.930336	0.91283788	0.045699800957108815	0.0224826	0.00026
-0.0983	-0.3714	0.3136	0.0011222467090323538	-0.0022026055160168437	-0.005796238445873169	1.13197219	34.90848541	0.9017858	0.07285855286053444	0.0217487	0.00036
-0.0926	-0.376	0.3079	0.0007487462491055673	-0.0022497294058206906	-0.005682792044493536	1.07703722	33.21436691	0.9242633	0.04270353755551327	0.02235	0.00029
-0.0915	-0.36	0.3121	0.0005811946409141118	-0.0023020892833805202	-0.005937610115284709	1.1474961	35.38722229	0.91357736	0.045036477827122896	0.023028	0.00033
-0.0963	-0.3476	0.3401	0.0009442231253289323	-0.00238237442897226	-0.005925392810520749	1.18669653	36.5961113	0.91845471	0.06797654673852602	0.021682	0.00029
-0.094	-0.3621	0.325	0.0007417649320975902	-0.0025569073541716926	-0.006024876577884425	1.05568671	32.55594635	0.88313477	0.055723744289722495	0.0215213	0.00026
-0.0913	-0.3662	0.313	0.0007592182246175333	-0.002389355745980237	-0.006054547175168328	1.11572421	34.40742111	0.89670663	0.02953377489976513	0.0229924	0.00033
-0.0971	-0.3596	0.3277	0.000705113017805709	-0.0023457225146803788	-0.005989969992844539	1.15347052	35.57146454	0.90409142	0.03521578102177364	0.0226488	0.00019
-0.0959	-0.3158	0.3377	0.0009704030641088471	-0.00285012266850674	-0.006126105674500097	1.04329431	32.17377853	0.89785537	0.10029129408925284	0.022486	0.00026
-0.1027	-0.3436	0.3804	0.0007487462491055673	-0.0029845130209103033	-0.006253514709895682	1.1085875	34.18733215	0.92859284	0.10147281014012142	0.0193188	0.00022
-0.1026	-0.3407	0.3515	0.000973893722612836	-0.0027628562059070234	-0.006141813637768045	1.11757898	34.46461868	0.92106621	0.05982526803190932	0.0213578	0.00028
-0.1137	-0.3952	0.3428	0.0008464846872172499	-0.002647664475275398	-0.006089453760208215	1.04328465	32.17348099	0.90819474	0.08904803217935206	0.0201361	0.00019
-0.111	-0.3425	0.3599	0.0007888888219014368	-0.002726204291615143	-0.006141813637768045	1.02787769	31.69835091	0.91559393	0.08192477796076937	0.0203229	0.00019
-0.0946	-0.2304	0.4307	0.0018099064343181197	-0.003269001688985379	-0.006127851003752092	1.24165916	38.29108429	1.02349797	0.2781888821901437	0.0212638	0.00049
-0.0865	-0.1593	0.4683	0.0018605209826259553	-0.003239331091701475	-0.006070255138436278	1.13291752	34.93763733	0.95560947	0.1236940505453776	0.0225419	0.00071
-0.0928	-0.3534	0.4262	0.0016859880574265225	-0.003199188518905606	-0.00601091394386847	1.15666246	35.66989899	1.02418088	0.25620083462815546	0.0159656	0.00025
-0.0962	-0.6046	0.3455	0.0015219271077390555	-0.0033108895910332428	-0.006356489135763348	1.25193834	38.608078	1.07017159	0.3663668606854992	0.0164621	0.00058
-0.1054	-0.6296	0.3234	0.0013386675362796509	-0.0032969269570172887	-0.006640977803838424	1.10586131	34.10326004	0.92258385	0.08038554367752168	0.0177986	0.00052
-0.1014	-0.5536	0.3797	0.001282817000215832	-0.003492403833240653	-0.0069254664719134995	1.177302	36.30639648	0.97181332	0.163090804018113	0.0141393	0.00028
-0.0909	-0.289	0.4645	0.0011030480872604163	-0.0036582101121801144	-0.006944665093685436	1.34452617	41.46335983	1.11402629	0.3781386906833407	0.0158051	0.00035
-0.097	-0.4107	0.3466	0.0012304571226560022	-0.00318871654339364	-0.006544984694978735	1.14250565	35.23332214	0.99166704	0.2955291501444381	0.0166895	0.0001
-0.1005	-0.5333	0.2846	0.0016772614111665507	-0.0028012534494508993	-0.006787585461005948	1.1798991	36.38648605	0.98893127	0.24194340742402504	0.0194142	0.00039
-0.1034	-0.4427	0.3661	0.002087413785385218	-0.0028361600344907856	-0.006874851923605664	1.25687361	38.76027679	0.98745918	0.20161627109291344	0.0171516	0.00025
-0.0944	-0.2609	0.4261	0.0018727382873899156	-0.0032044245066615894	-0.006782349473249965	1.17734385	36.30768585	0.995822	0.28457212102609014	0.0184425	0.00032
-0.098	-0.4521	0.3423	0.001998401993533507	-0.0031293753488258326	-0.006726498937186146	1.16303611	35.86645508	1.00912668	0.2914281700021583	0.0160354	0.00013
-0.1032	-0.5777	0.3237	0.0017976891295541592	-0.0030211649352021846	-0.00674395222970609	1.12839055	34.79803085	0.94634497	0.16571882850614697	0.0168938	0.00023
-0.1073	-0.4662	0.3814	0.0017400932642383465	-0.0033981560536329595	-0.007030186227033159	1.22019434	37.62913513	0.97670047	0.2093410490536828	0.0145403	0.00023
-0.1018	-0.2897	0.4422	0.001820378409830086	-0.003597123588360313	-0.006972590361717347	1.2306236	37.95075989	1.01169928	0.2596424272817452	0.0168462	0.00022
-0.0933	-0.3694	0.37	0.0019442967867216831	-0.003626794185644217	-0.006852162643329738	1.031757	31.81798363	0.93087335	0.17410083462815548	0.0162313	0.00012
-0.0909	-0.5408	0.3361	0.0017435839227423352	-0.003459242577452761	-0.006918485154905522	1.23213887	37.99748993	0.98500892	0.22942934918732935	0.0157671	0.00083
-0.087	-0.5553	0.3466	0.0016109388995907662	-0.0033178709080412204	-0.006993534312741278	1.15683103	35.67509842	0.90694595	0.04635329251994337	0.0152063	0.00012
-0.086	-0.4604	0.3718	0.001553343034274953	-0.003387684078120994	-0.006941174435181449	1.17907929	36.36120605	0.92190007	0.13008844564777083	0.0153393	0.00017
-0.0878	-0.3858	0.4122	0.001726130630222392	-0.0036896260387160127	-0.007204719152232592	1.04899621	32.349617	0.9031029	0.15371371367968006	0.0142629	0.00023
-0.0889	-0.3677	0.3553	0.0014835298641951804	-0.003586651612848347	-0.007274532322312366	1.21471727	37.46023178	0.90227083	0.09686941809873251	0.0171829	0.00077
-0.0863	-0.4603	0.3892	0.0015463617172669759	-0.0038693949516714287	-0.007393214711447979	1.22412109	37.7502327	0.92912517	0.1523128790515244	0.0140413	0.00023
-0.0862	-0.4388	0.4191	0.0017453292519943296	-0.003892084231947355	-0.007492698478811657	1.1667974	35.98244858	0.91098944	0.06755702911834784	0.0136235	0.00019
-0.081	-0.4069	0.422	0.001467821900927231	-0.0037699111843077517	-0.007476990515543707	0.99828058	30.78561783	0.89545174	0.060769418098732646	0.0133128	0.0002
-0.0842	-0.4395	0.3366	0.0014573499254152652	-0.0037402405870238476	-0.007361798784912082	1.20625257	37.19919205	0.93291225	0.12896671517137476	0.0172104	0.00062
-0.0905	-0.4268	0.3599	0.0015760323145508795	-0.0037472219040318253	-0.00752236907609556	1.2144469	37.45189285	0.91456885	0.05661169986635348	0.0165601	0.00029
-0.0899	-0.4086	0.4529	0.001403244718603441	-0.004129449010218584	-0.007675958050271062	1.13008499	34.85028839	0.94821452	0.147230183815485	0.0131109	0.00028
-0.0948	-0.3847	0.4761	0.001256637061435917	-0.004312708581677988	-0.007737044574090863	0.98483253	30.37089729	0.90072042	0.07154768762233649	0.0124272	9e-05
-0.1054	-0.423	0.4101	0.0011100294042683937	-0.004077089132658754	-0.007778932476138726	1.08177173	33.36037064	0.89827688	0.13610575041173106	0.0141226	0.0001
-0.1031	-0.4803	0.4342	0.00152367243699105	-0.004124213022462601	-0.00789761486527434	1.12496376	34.69235611	0.911949	0.11267246558310585	0.0128769	0.00015
-0.0994	-0.3935	0.4485	0.0015341444125030156	-0.004180063558526419	-0.007742280561846846	1.10007465	33.9248085	0.91949397	0.11588284075016395	0.013597	0.00015
-0.0978	-0.4031	0.4253	0.0012426744274199627	-0.0041661009245104645	-0.007642796794483169	0.99117905	30.56661606	0.88782912	0.054645819323134205	0.0136798	0.00022
-0.0998	-0.4387	0.4421	0.0009965830028887623	-0.004249876728606192	-0.007712609964562942	1.06712162	32.90858078	0.89694769	0.07438401993533503	0.0124385	0.0002
-0.0993	-0.3026	0.5135	0.0011519173063162574	-0.004300491276914028	-0.007607890209443282	1.22388029	37.74280548	0.98574188	0.22353343034274953	0.0139748	0.00032
-0.0957	-0.2484	0.5205	0.001410226035611418	-0.004262094033370152	-0.007618362184955248	1.08825171	33.56020355	0.91371749	0.08015889741755011	0.0163304	0.00036
-0.1006	-0.391	0.4554	0.001450368608407288	-0.004422664324553631	-0.007857472292478471	1.07460785	33.13944626	0.95538021	0.23459114857512847	0.0130834	0.00017
-0.1009	-0.5772	0.3973	0.0012601277199399059	-0.004406956361285682	-0.008265879337445145	1.17800176	36.32797623	0.99025495	0.2753177948351004	0.0128094	0.0002
-0.102	-0.5766	0.4056	0.0011222467090323538	-0.004441862946325569	-0.00830078592248503	1.10718799	34.14417267	0.90272919	0.02038470904936629	0.0122416	0.00028
-0.0995	-0.5463	0.416	0.0012147491593880533	-0.004368559117741807	-0.008276351312957111	1.11952341	34.52458191	0.91758243	0.05271204442336899	0.0116218	0.00025
-0.0989	-0.5544	0.4359	0.0009145525280450286	-0.004337143191205909	-0.008356636458548849	1.00875163	31.10853195	0.88054096	0.04919488517353307	0.0106334	4e-05
-0.0847	-0.4352	0.4795	0.0007801621756414653	-0.004675737066092809	-0.008522442737488312	1.12859523	34.80434418	0.950139	0.20893952531149632	0.0106078	0.00012
-0.0851	-0.3831	0.4398	0.0010454522219446034	-0.00449073216538141	-0.008314748556500984	1.12076998	34.56302261	0.94423033	0.12509945640009315	0.0123467	0.00019
-0.0867	-0.5291	0.4135	0.0010611601852125523	-0.0041835542170304075	-0.00841772298236865	1.18528342	36.5525322	0.98629211	0.1951930168743309	0.0111782	0.00012
-0.0922	-0.5082	0.3264	0.0009372418083209549	-0.0040229839258469294	-0.008208283472129332	1.08608699	33.49344635	0.93835314	0.13819640891571963	0.0158539	0.00026
-0.0954	-0.4828	0.4154	0.000445058959258554	-0.004092797095926702	-0.008204792813625343	1.13419271	34.97696304	1.00264307	0.14587433388230808	0.0135839	0.00029
-0.0973	-0.2901	0.4981	0.000752236907609556	-0.004722860955896656	-0.008075638448977763	1.32580459	40.88601303	1.13339591	0.3306198086484268	0.014687	0.00038
-0.0948	-0.48	0.3916	0.001429424657383356	-0.004424409653805625	-0.007876670914250409	1.27756965	39.39851379	1.11048823	0.35763032932960914	0.0127423	0.00026
-0.1104	-0.539	0.3967	0.001298524963483781	-0.004274311338134113	-0.007853981633974483	1.04684162	32.28317261	0.89342751	0.09488436449235065	0.0124985	0.00017
-0.1122	-0.4847	0.4215	0.0010471975511965976	-0.0044924774946334045	-0.008011061266653973	0.97486365	30.06347084	0.89139938	0.11222866007329822	0.0125132	0.00015
-0.1048	-0.4051	0.4382	0.000710349005561692	-0.00499862297771176	-0.00817163155783745	1.17415226	36.20926285	0.93346222	0.15387821599483692	0.0132086	0.00036
-0.1074	-0.4719	0.3799	0.0009861110273767962	-0.004508185457901353	-0.008217010118389304	1.20311141	37.10232162	0.93613156	0.16827890510886817	0.0142319	0.00016
-0.1099	-0.5502	0.3851	0.0009546951008408983	-0.004386012410261751	-0.00826762466669714	1.11326694	34.33164215	0.92059278	0.0962101761241668	0.0133489	0.00016
-0.0996	-0.48	0.3959	0.0008499753457212384	-0.00446629755585349	-0.008360127117052838	1.11190677	34.28969574	0.89795767	0.1051753675533549	0.0131711	0.00028
-0.0974	-0.4416	0.3748	0.0009826203688728075	-0.004263839362622147	-0.008456120225912526	1.17070222	36.10286713	0.91275383	0.08325481626212995	0.0151612	0.00058
-0.0975	-0.5011	0.3928	0.0011676252695842063	-0.004317944569433971	-0.008363617775556827	1.25492203	38.70009232	0.91460763	0.09418062789394605	0.0131392	0.00019
-0.105	-0.458	0.4829	0.0011100294042683937	-0.0045971972497530645	-0.008524188066740305	1.10678244	34.13166809	0.93279092	0.1655709418409191	0.00998151	0.00028
-0.0935	-0.3161	0.4748	0.0009599310885968812	-0.0047088983218807005	-0.008440412262644578	1.11479473	34.37875748	0.95743718	0.1787787595947438	0.0131981	0.00031
-0.1003	-0.4752	0.414	0.000947713783832921	-0.004427900312309613	-0.008360127117052838	1.15540385	35.63108444	0.97540572	0.24537502299633937	0.0116395	0.00019
-0.1085	-0.6047	0.4151	0.001270599695451872	-0.004319689898685966	-0.008415977653116658	1.18722463	36.61239624	0.96014172	0.16314734306532094	0.014278	0.00028
-0.1091	-0.4669	0.4716	0.0010419615634406148	-0.004436626958569585	-0.008440412262644578	1.15208149	35.5286293	0.97183365	0.2134004900711398	0.00993204	0.0001
-0.103	-0.3333	0.5032	0.0010314895879286487	-0.004687954370856769	-0.008402015019100702	1.05792415	32.62494278	0.94001727	0.1863098315671512	0.0123075	0.00025
-0.0961	-0.3575	0.3914	0.0010384709049366262	-0.004483750848373432	-0.008260643349689161	1.1614567	35.81774902	0.95458174	0.16052782544514274	0.0146467	0.00051
-0.1078	-0.5553	0.3913	0.000874409955249159	-0.004375540434749784	-0.008306021910241015	1.29055738	39.79903793	1.01321849	0.22548249619314847	0.0119345	0.00023
-0.1131	-0.5114	0.4129	0.0011309733552923255	-0.004431390970813603	-0.008370599092564804	1.13034201	34.85821152	0.8975387	0.08964955592153881	0.0114592	0.00015
-0.1078	-0.5029	0.4696	0.001048942880448592	-0.00477696616270848	-0.00865508776063988	1.02624452	31.64798737	0.88576701	0.10610471674068428	0.00960237	0.00013
-0.099	-0.41	0.4742	0.0009546951008408983	-0.0051173053668473745	-0.00881216739331937	1.14766586	35.39245605	0.91738318	0.1358833308213039	0.0108472	0.00029
-0.1024	-0.5211	0.4318	0.0008150687606813518	-0.004618141200776996	-0.008878489904895155	1.17161119	36.13089752	0.93676553	0.1921556508902856	0.0112521	0.0001
-0.1042	-0.5709	0.4499	0.000804596785169386	-0.004640830481052923	-0.00888023523414715	1.13949335	35.14042664	0.91398306	0.07144532925199432	0.0110008	0.00019
-0.1013	-0.4959	0.4787	0.0006283185307179585	-0.0046530477858168825	-0.008923868465447005	1.01403356	31.27141953	0.89181928	0.11830643952576209	0.00996584	6e-05
-0.096	-0.4322	0.441	0.0006981317007977319	-0.004536110725933263	-0.00894132175796695	1.1307236	34.86997986	0.91959958	0.11691017612416695	0.0120326	0.00012
-0.1054	-0.4964	0.4299	0.0007539822368615504	-0.004440117617073575	-0.00874409955249159	1.14061642	35.17506027	0.92662404	0.10215329251994328	0.0117934	0.00013
-0.1081	-0.5142	0.503	0.0009093165402890458	-0.0048520153205442364	-0.008861036612375212	1.11134374	34.27233124	0.94282552	0.1278084533390889	0.00963086	0.0002
-0.1038	-0.3734	0.5452	0.0009407324668249436	-0.005290092962794812	-0.008988445647770796	1.07439172	33.13278198	0.97356488	0.2171451302091029	0.0108454	0.00028
-0.1003	-0.4495	0.4751	0.0009599310885968812	-0.005064945489287545	-0.008756316857255551	1.00485849	30.98847008	0.90817282	0.1735237442897225	0.0107531	0.00023
-0.1029	-0.5576	0.4602	0.0009791297103688187	-0.005028293574995664	-0.008881980563399144	1.07689822	33.21007919	0.91726519	0.1346757121103706	0.0101697	7e-05
-0.1072	-0.5279	0.5187	0.0011414453308042916	-0.005157447939643243	-0.009061749476354559	1.1321702	34.91459274	0.92597939	0.11606194490192336	0.00955486	0.0002
-0.1053	-0.322	0.5695	0.0012461650859239514	-0.005609488215909776	-0.009121090670922365	1.20347393	37.1135025	1.01030894	0.28940506129769994	0.0117196	0.00033
-0.1035	-0.444	0.5138	0.001296779634231787	-0.005516985765554075	-0.00909491073214245	1.01747334	31.37749481	0.92078133	0.18796484687217252	0.00911963	0.00016
-0.1027	-0.5872	0.4931	0.0013281955607676848	-0.0055204764240580646	-0.0091717052192302	1.10848248	34.18409348	0.93745844	0.17028505360638196	0.00942278	0.00012
-0.098	-0.5565	0.5212	0.0013264502315156904	-0.0055920349233898325	-0.009347983473681628	1.09120882	33.65139771	0.90312061	0.07597910415175956	0.00890088	0.00019
-0.0914	-0.4764	0.5758	0.00147131255943122	-0.005747369226817327	-0.009342747485925645	1.17967701	36.37963867	0.93467672	0.15657163095495027	0.00882494	0.00012
-0.0911	-0.4517	0.5003	0.0014660765716752368	-0.005148721293383272	-0.009133307975686325	1.04577768	32.2503624	0.92300405	0.14116617157146788	0.0094949	0.00016
-0.092	-0.5905	0.4656	0.0014940018397071458	-0.005096361415823441	-0.009272934315845872	1.11584949	34.41128159	0.94698627	0.1853955742875643	0.0102026	0.00022
-0.0962	-0.4826	0.4429	0.0017296212887263805	-0.005066690818539539	-0.009124581329426356	1.1860913	36.57744598	0.97722453	0.15548215163613274	0.0118289	0.00023
-0.1013	-0.3885	0.5452	0.002090904443889207	-0.005216789134211051	-0.009180431865490174	1.29486597	39.93190765	0.98899868	0.22986160034490777	0.0111938	0.0002
-0.1057	-0.4564	0.5749	0.0017400932642383465	-0.005340707511102648	-0.009241518389309976	1.07558584	33.16960526	0.9695952	0.12879080401811288	0.0099808	0.00028
-0.1096	-0.5464	0.5092	0.0017645278737662671	-0.005141739976375294	-0.00890117918517108	1.07472014	33.14291	0.96802778	0.1877870674197085	0.0086627	4e-05
-0.1127	-0.6348	0.5034	0.0016336281798666925	-0.005031784233499652	-0.008955284391982905	1.08685422	33.51710892	0.91376862	0.11204803217935216	0.0108094	0.0001
-0.1104	-0.487	0.5989	0.0019425514574696887	-0.00534943415736262	-0.00909491073214245	1.25000441	38.54843903	1.0092772	0.2839099770812756	0.00840354	0.00012
-0.1009	-0.261	0.6276	0.002380629099720265	-0.005122541354603357	-0.008874999246391164	1.25822806	38.80204391	1.05117906	0.3084440965380563	0.0150394	0.00077
-0.0913	-0.2978	0.6408	0.0027471482426390747	-0.005190609195431136	-0.008857545953871221	1.01180887	31.20281219	0.93033557	0.08220201381332659	0.0160036	0.00109
-0.0974	-0.5808	0.5241	0.0032882003107573173	-0.005279620987282846	-0.009047786842338604	1.42826307	44.04569244	1.14762623	0.44681523742186674	0.0122333	0.0009
-0.0951	-0.7575	0.481	0.002949606435870417	-0.0051731559029111925	-0.009269443657341885	1.29634738	39.97759247	0.99278803	0.2554357887130917	0.0137776	0.00051
-0.1	-0.7269	0.4984	0.0027925268031909274	-0.005157447939643243	-0.009238027730805985	1.16625142	35.9656105	0.92879536	0.06311017612416692	0.0118479	0.00029
-0.1077	-0.6762	0.5395	0.00243473430653209	-0.005108578720587403	-0.009065240134858547	1.06345594	32.79553604	0.90412715	0.1284724655831057	0.00921094	0.00016
-0.1001	-0.6031	0.5652	0.001980948701013564	-0.005550147021341968	-0.009300859583877783	1.05494499	32.53306961	0.90810131	0.16294866776461647	0.00860065	0.00015
-0.0922	-0.523	0.6185	0.0021275563581810873	-0.005619960191421741	-0.009412560656005419	1.14347529	35.26322556	0.93555915	0.15770609496874655	0.00853145	0.00013
-0.084	-0.546	0.5625	0.0024836035255879313	-0.005263913024014897	-0.009400343351241458	1.14444637	35.29317093	0.92496706	0.12341558197888249	0.00835466	0.00022
-0.1135	-0.6393	0.5868	0.002708750999095199	-0.0051836278784231585	-0.009060004147102564	1.06628215	32.88269424	0.91561092	0.17938859116189493	0.00887913	0.00015
-0.1178	-0.533	0.6128	0.002368411794956305	-0.005757841202329294	-0.008733627576979625	1.0835923	33.41651535	0.92483134	0.1986464549083984	0.00880533	6e-05
-0.1148	-0.4615	0.6187	0.0026075219024795284	-0.005803219762881146	-0.008897688526667093	1.11560893	34.40386581	0.9151018	0.10282748088812724	0.00856662	9e-05
-0.1085	-0.5535	0.5732	0.0030962140930379405	-0.0059079395180008055	-0.008930849782454984	1.13203657	34.91046906	0.92639547	0.1751286600732981	0.00898254	0.0001
-0.1162	-0.6399	0.5696	0.002750638901143063	-0.005728170605045389	-0.008990190977022791	1.0781002	33.24714661	0.92651905	0.12693426497090513	0.00926048	0.00028
-0.1065	-0.6009	0.5976	0.0030473448739821	-0.005668829410477582	-0.009117600012418377	1.05563867	32.55446243	0.94523387	0.10087281014012156	0.00948161	0.00015
-0.1062	-0.4814	0.5913	0.0027925268031909274	-0.005871287603708924	-0.009190903841002138	1.16087341	35.79975891	0.95962092	0.15262900463031376	0.00964844	0.00041
-0.1029	-0.5752	0.592	0.00312413936106985	-0.005784021141109208	-0.00930784090088576	1.21551037	37.48468781	0.93412094	0.124590804018113	0.00952286	0.00015
-0.1121	-0.5452	0.6013	0.0028326693759867967	-0.005672320068981571	-0.009323548864153708	1.08215153	33.37208557	0.89933402	0.06944395102393192	0.0084402	0.00016
-0.1112	-0.5898	0.6042	0.002946115777366428	-0.0058869955669768725	-0.00937241808320955	1.0315913	31.81287384	0.87281569	0.06724955592153878	0.00887549	0.00028
-0.1089	-0.6204	0.603	0.002921681167838507	-0.005972516700324595	-0.009601056215220807	1.12982798	34.84236145	0.90027466	0.051029693744344906	0.0104461	0.00047
-0.1028	-0.5129	0.6365	0.0029688050576423546	-0.006087708430956222	-0.009826203688728075	1.26599145	39.04145813	0.94817164	0.16647315469713703	0.00980318	0.0002
-0.1025	-0.5988	0.6324	0.002583087292951608	-0.00607898178469625	-0.009801769079200155	1.03494954	31.91643906	0.8953513	0.1112439510239319	0.0093056	0.0002
-0.1022	-0.6303	0.6256	0.0024766222085799536	-0.0060946897479642	-0.009869836920027934	1.14781988	35.39720535	0.88240153	0.04811204442336904	0.010865	0.00049
-0.1032	-0.6049	0.6197	0.0030595621787460597	-0.005852088981936987	-0.009864600932271952	1.22076011	37.64658356	0.91964481	0.07383883619746505	0.0107867	0.00028
-0.1045	-0.5803	0.6447	0.0028221974004748306	-0.00589397688398485	-0.009758135847900296	1.10416365	34.05090714	0.89941433	0.07018588823453738	0.0107653	0.00026
-0.1088	-0.5416	0.6721	0.002726204291615143	-0.006445500927615059	-0.009986773979911554	0.99631917	30.72513008	0.88436678	0.11420776422505775	0.0104614	0.0002
-0.1096	-0.5695	0.6997	0.0027436575841350863	-0.006970845032465352	-0.010068804454755286	1.06943285	32.9798584	0.90081359	0.08754139361069843	0.0112414	0.00022
-0.1212	-0.6062	0.652	0.002909463863074547	-0.006356489135763348	-0.010049605832983349	1.12004483	34.54066086	0.91475632	0.13596803987067002	0.0103223	0.00017
-0.1287	-0.5194	0.6628	0.0026162485487395003	-0.0065275314024587925	-0.009697049324080494	1.07007897	32.99978256	0.90785731	0.14594070449666716	0.0101932	0.00023
-0.1241	-0.5696	0.7044	0.0026878070480712674	-0.006630505828326458	-0.009766862494160268	1.0039798	30.96137238	0.91600475	0.1086173047639604	0.0106785	7e-05
-0.1199	-0.4701	0.7914	0.0023160519173964756	-0.006878342582109652	-0.009854128956759984	1.1698941	36.07794571	0.99350455	0.22604291735288504	0.0135027	0.00028
-0.1136	-0.4026	0.7927	0.0027035150113392165	-0.007415903991723906	-0.009791297103688189	1.10191095	33.98143768	0.9412306	0.12449281783143944	0.0150251	0.00057
-0.1051	-0.6252	0.7346	0.0030543261909900766	-0.007503170454323623	-0.010016444577195456	1.22494566	37.77566147	1.03613702	0.3223612557878921	0.0119814	0.00016
-0.1073	-0.7244	0.7135	0.0029513517651224112	-0.007182029871956666	-0.009998991284675513	1.05873346	32.64990234	0.92925146	0.1445784150377283	0.0124039	0.00013
-0.095	-0.6892	0.6971	0.002769837522915001	-0.007230899091012506	-0.00992917811459574	0.97310847	30.0093441	0.8732102	0.07890983156715117	0.010938	7e-05
-0.093	-0.6498	0.731	0.0026040312439755396	-0.007209955139988575	-0.010124654990819104	1.07486665	33.14742661	0.90983812	0.0944113553093378	0.0112692	0.00016
-0.0872	-0.5032	0.813	0.002946115777366428	-0.00736528944341607	-0.01011418301530714	1.24783015	38.48138809	0.97864107	0.2597945406165174	0.0129237	0.0002
-0.0904	-0.4768	0.7582	0.0031468286413457764	-0.007321656212116212	-0.010012953918691468	1.04526353	32.23450851	0.92462578	0.1016787595947438	0.0127122	0.00019
-0.0928	-0.6654	0.6708	0.002846632010002751	-0.006836454680061789	-0.009962339370383632	1.16979599	36.07492065	1.00878868	0.32020063558526424	0.0102279	4e-05
-0.094	-0.6415	0.6552	0.002748893571891069	-0.006766641509982015	-0.009943140748611695	1.05861843	32.64635468	0.89846662	0.05003751149816965	0.0100061	0.00015
-0.0919	-0.5762	0.7763	0.0029408797896104456	-0.007065092812073046	-0.010206685465662838	1.21068239	37.33580017	0.97276607	0.22619911184307745	0.0124494	0.00016
-0.0964	-0.5088	0.791	0.0030874874467779687	-0.007325146870620201	-0.010117673673811127	1.06034923	32.69972992	0.90734387	0.11138367537831952	0.0126286	0.00013
-0.0971	-0.6489	0.7034	0.0030927234345339517	-0.006942919764433443	-0.010185741514638906	1.06379497	32.80599213	0.94568169	0.251176546738526	0.0109538	9e-05
-0.1044	-0.727	0.6815	0.0028221974004748306	-0.006763150851478027	-0.010115928344559134	1.08876514	33.57603836	0.89451875	0.13330540585471543	0.0127173	0.00013
-0.1024	-0.6797	0.7325	0.0031817352263856626	-0.007061602153569058	-0.010288715940506572	1.14024377	35.1635704	0.91701734	0.14183883619746507	0.0120981	7e-05
-0.102	-0.536	0.8033	0.0031712632508736965	-0.007368780101920059	-0.010257300013970674	1.19086397	36.72462845	0.96902725	0.2323532925199432	0.0129495	0.00022
-0.0954	-0.5631	0.7413	0.003089232776029963	-0.007302457590344275	-0.010266026660230645	1.00343359	30.94453049	0.90463892	0.10355398163397452	0.0108675	0.00012
-0.0962	-0.7331	0.6952	0.0029269171555944902	-0.006974335690969341	-0.010341075818066403	1.22483039	37.77210617	0.97310095	0.24517433388230803	0.0130219	0.00031
-0.0977	-0.7053	0.7258	0.003321361566545209	-0.007271041663808378	-0.01054178868204575	1.23487294	38.08180618	0.92518732	0.10449316238845505	0.013105	0.00012
-0.0955	-0.6067	0.7761	0.0032026791774095948	-0.007606144880191289	-0.010629055144645468	1.12156355	34.58749771	0.92370207	0.1781526034059122	0.0122702	0.00016
-0.0905	-0.5801	0.7576	0.002993239667170275	-0.007595672904679321	-0.01063080047389746	1.1807847	36.41379547	0.89204618	0.06118284075016405	0.0122454	0.00055
-0.0916	-0.6341	0.7309	0.0032882003107573173	-0.007311184236604247	-0.01075122819228507	1.21232629	37.3864975	0.91756675	0.11679385150248638	0.0126718	0.00022
-0.0966	-0.6691	0.7452	0.003303908274025266	-0.007136651311404813	-0.010578440596337632	1.12039435	34.55144119	0.90477563	0.07245142422074101	0.0122488	0.0002
-0.0926	-0.6395	0.7534	0.0029827676916583086	-0.00713141532364883	-0.010758209509293046	1.03760159	31.99822235	0.88563686	0.06710727415391782	0.0123897	0.00013
-0.0973	-0.5355	0.7279	0.0032794736644973454	-0.007141887299160796	-0.010812314716104872	1.16128337	35.81240082	0.95624575	0.1522641577581413	0.0118349	0.00019
-0.1009	-0.6873	0.7285	0.0028780479365386495	-0.006869615935849681	-0.010471975511965976	1.19221723	36.76636124	0.9819847	0.20670181477043545	0.0119447	0.00015
-0.0984	-0.661	0.7745	0.0027960174616949163	-0.007126179335892847	-0.010363765098342328	1.01131213	31.18749237	0.88381904	0.09714021442552732	0.0127675	9e-05
-0.0913	-0.5571	0.8671	0.002562143341927676	-0.007656759428499123	-0.010304423903774522	1.10896969	34.19911957	0.96542725	0.2447897703470661	0.0161041	0.00025
-0.1026	-0.541	0.8114	0.0031311206780778272	-0.007546803685623481	-0.010225884087434776	1.10340703	34.02757263	0.95369283	0.12097364476827696	0.0140729	0.00019
-0.1126	-0.7118	0.7638	0.0028099800957108703	-0.00700226095900125	-0.010492919462989908	1.18252766	36.46754837	1.00058268	0.28503593422721596	0.0139539	0.00015
-0.1373	-0.7053	0.7999	0.0026145032194875057	-0.006778858814745977	-0.010478956828973955	1.08051157	33.32151031	0.94712728	0.08894208272472953	0.0148513	0.00045
-0.1394	-0.6042	0.7208	0.003593632929856324	-0.00607898178469625	-0.00949284580159716	1.06392205	32.80990982	0.98207483	0.3155558883897672	0.0117138	0.00071
-0.1364	-0.4931	0.777	0.0014486232791552935	-0.006283185307179587	-0.008772024820523501	1.14801383	35.4031868	1.0110644	0.32380170771290134	0.0126346	0.00044
-0.1248	-0.5344	0.7588	0.0021101030656611444	-0.00700226095900125	-0.00902160690355869	1.0896244	33.60253525	0.94835409	0.15260687606813508	0.0116404	0.00012
-0.1314	-0.7735	0.7268	0.002176425577236929	-0.007641051465231174	-0.009143779951198293	1.31841648	40.65817261	1.07438371	0.31906430327226565	0.0148411	0.00013
-0.1327	-0.7168	0.7506	0.0021258110289290935	-0.007757988525114794	-0.009342747485925645	1.06259298	32.76892471	0.90651568	0.1001259571459404	0.0133738	0.00013
-0.1196	-0.6437	0.8124	0.002097885760897184	-0.007681194038027044	-0.00967086938530058	1.07887888	33.27116013	0.91590705	0.1696420827247296	0.0141078	0.00016
-0.1117	-0.4543	0.8705	0.002368411794956305	-0.007326892199872195	-0.009471901850573226	1.26122761	38.89454651	1.0308816	0.29658977034706635	0.0174651	0.00057
-0.1008	-0.5541	0.8362	0.003008947630438224	-0.007337364175384161	-0.00953822436214901	1.20730925	37.23177719	0.98196347	0.18086651612848348	0.0162253	0.0002
-0.0959	-0.7623	0.813	0.002748893571891069	-0.00715584993317675	-0.009826203688728075	1.21296144	37.40608215	1.02081422	0.2727773813666816	0.01688	0.00015
-0.1082	-0.7747	0.7739	0.0029862583501622975	-0.007120943348136864	-0.009813986383964116	1.01875544	31.41703606	0.90129704	0.07802443340375366	0.0155776	0.00019
-0.1196	-0.7486	0.7533	0.0026057765732275338	-0.007202973822980598	-0.009780825128176223	1.10288978	34.01162338	0.91263349	0.08288367537831962	0.0143971	0.00016
-0.1116	-0.6393	0.8633	0.0027436575841350863	-0.007703883318302971	-0.010142108283339047	1.22473633	37.769207	0.96945549	0.2773036830696375	0.0156344	0.00012
-0.1157	-0.6151	0.8537	0.0029321531433504737	-0.007902850853030323	-0.010149089600347026	1.0368073	31.97373009	0.89184635	0.057622220547535845	0.0145429	0.00015
-0.1267	-0.7694	0.7881	0.002823942729726825	-0.007871434926494426	-0.010201449477906856	1.06726158	32.91289902	0.94882259	0.2404993108859688	0.0155208	0.0001
-0.1326	-0.762	0.7898	0.0025464353786597265	-0.007962192047598132	-0.010369001086098312	1.03240049	31.83782959	0.87485852	0.04179080401811286	0.0161682	0.00015
-0.1345	-0.6536	0.8746	0.0026092672317315226	-0.00809832772925369	-0.010515608743265837	1.18808293	36.63886261	0.97006983	0.2123787595947441	0.0170285	0.00012
-0.1316	-0.6312	0.8373	0.002766346864411012	-0.00813497964354557	-0.010456267548698026	1.07106066	33.030056	0.91094753	0.07525363707695902	0.0142807	9e-05
-0.1352	-0.7704	0.8232	0.002804744107954888	-0.007981390669370068	-0.010503391438501875	1.05026901	32.38887024	0.92476214	0.1688555053761613	0.016821	0.00015
-0.1273	-0.7278	0.8202	0.0026406831582674204	-0.008232718081657252	-0.010588912571849598	1.10200226	33.98425293	0.89222133	0.07854547476611871	0.0164041	0.0002
-0.1205	-0.6286	0.8743	0.002834414705238791	-0.008435176274888594	-0.010780898789568973	1.15841234	35.72386169	0.93581971	0.18950879789610425	0.0169322	0.00019
-0.1294	-0.6517	0.8106	0.0032463124087094525	-0.007956956059842148	-0.010466739524209994	1.13586557	35.02855301	0.92371294	0.15591385919380418	0.015555	0.00022
-0.1473	-0.6526	0.8948	0.0019826940302655584	-0.007915068157794284	-0.010180505526882926	1.12543082	34.70675659	0.99086965	0.18258701389094145	0.0183889	0.00035
-0.1317	-0.3606	0.9248	0.003008947630438224	-0.0077824231346427155	-0.009508553764865106	1.4754734	45.50159454	1.17050168	0.42914251926710256	0.0238639	0.00209
-0.1275	-0.3889	0.9592	0.003237585762449481	-0.008337437836776913	-0.008920377806943018	1.20394325	37.12797546	0.97812032	0.1354914396033773	0.0291814	0.00437
-0.141	-0.6626	0.7934	0.003834488366631542	-0.008313003227248992	-0.009056513488598575	1.49440038	46.08527756	1.21747541	0.4908736447682769	0.0209888	0.00074
-0.1395	-0.8316	0.7134	0.0036215581978882336	-0.007660250087003113	-0.009054768159346582	1.29553664	39.95259094	1.03590371	0.29387143191205894	0.0204957	0.00054
-0.138	-0.8108	0.7679	0.003232349774693498	-0.007773696488382744	-0.009063494805606554	1.02306473	31.54992867	0.91982283	0.10236907354171695	0.0180252	0.00025
-0.1317	-0.8037	0.765	0.0030508355324860886	-0.008018042583661948	-0.009311331559389747	1.03085983	31.79031563	0.87984456	0.049984854563490354	0.0168723	0.00019
-0.1387	-0.7644	0.7919	0.0033405601883171464	-0.008494517469456403	-0.00946492053356525	1.12579155	34.71788406	0.91577852	0.11918942579005072	0.0167052	0.0002
-0.1369	-0.7637	0.8346	0.0033283428835531865	-0.008641125126623924	-0.009531243045141035	1.08786905	33.54840469	0.90255357	0.05645737367536325	0.0175575	0.00016
-0.1383	-0.7109	0.8268	0.002883283924294633	-0.00869173967493176	-0.00956614963018092	0.98575854	30.39945412	0.89060376	0.08852900463031385	0.0153504	6e-05
-0.129	-0.6875	0.7941	0.003014183618194207	-0.00870744763819971	-0.009527752386637046	1.10209048	33.98697281	0.88910677	0.07465024503556988	0.0151368	0.00023
-0.1252	-0.7055	0.8217	0.0030578168494940655	-0.008623671834103981	-0.009681341360812546	1.15130126	35.50456619	0.91538936	0.06344990047855435	0.0165578	9e-05
-0.1245	-0.6715	0.8954	0.003417354675404897	-0.00870744763819971	-0.009618509507740751	1.10738492	34.15024567	0.93093083	0.13370727415391778	0.0186078	0.00022
-0.1249	-0.6239	0.8833	0.0031014500807939236	-0.008970992355250854	-0.009669124056048585	0.97880602	30.18504906	0.91064317	0.09160319299849752	0.0175677	0.00012
-0.1225	-0.587	0.9159	0.0014870205226991688	-0.008440412262644578	-0.009552186996164965	1.10203707	33.98532867	0.96797595	0.18499733552923264	0.0195134	0.0007
-0.1296	-0.6168	0.8919	0.001481784534943186	-0.008948303074974929	-0.009595820227464823	1.14773405	35.39455795	0.94660152	0.08873800156930961	0.0206041	0.00109
-0.1542	-0.6637	0.775	0.001673770752662562	-0.009782570457428216	-0.009463175204313255	1.38026977	42.56564713	1.15733962	0.24634493116621156	0.0179613	0.00089
-0.1484	-0.629	0.794	0.002811725424962865	-0.01006182313774731	-0.00923104641379801	1.19148052	36.7436409	1.03354523	0.14196680715673207	0.0138067	0.00016
-0.1545	-0.6711	0.7941	0.0024870941840919192	-0.009660397409788614	-0.00923104641379801	0.96082944	29.63067436	0.89360364	0.08460284844148207	0.0143761	0.00016
-0.1489	-0.6344	0.8137	0.0028152160834668534	-0.009112364024662395	-0.009161233243718236	0.95311612	29.39280701	0.87586978	0.10919842272904633	0.0141747	0.00012
-0.133	-0.6326	0.7841	0.002928662484846485	-0.009433504607029351	-0.009157742585214249	1.08515251	33.46463013	0.89852275	0.06920388211252862	0.0147281	0.00047
-0.1288	-0.7478	0.7783	0.0029513517651224112	-0.00952949771588904	-0.009398598021989465	1.17098176	36.11148834	0.93348289	0.1431768912955416	0.0166709	0.00023
-0.1312	-0.7706	0.8019	0.003303908274025266	-0.009656906751284626	-0.009627236154000721	1.0839864	33.42866898	0.88986812	0.08423018381548472	0.0179581	0.00017
-0.1274	-0.6621	0.8073	0.0032498030672134413	-0.009470156521321231	-0.009690068007072518	1.01789665	31.39055061	0.90782281	0.1328843644923508	0.0151212	0.00012
-0.1252	-0.6904	0.7959	0.0028623399732707008	-0.009571385617936903	-0.009637708129512687	1.16095889	35.80239487	0.88665805	0.0689526034059121	0.0169439	0.00029
-0.1226	-0.6973	0.7934	0.00322885911618951	-0.009327039522657695	-0.009717993275104427	1.19534981	36.86296463	0.92760646	0.04655751918948789	0.016411	0.00019
-0.1313	-0.6767	0.8749	0.0030665434957540365	-0.009243263718561968	-0.009543460349904992	1.14227247	35.22613144	0.93644109	0.1318312174865318	0.0178568	0.00025
-0.1334	-0.5701	0.9264	0.003113667385557884	-0.00999724595542352	-0.009641198788016676	1.05349874	32.48847198	0.94712735	0.205142228238854	0.0196146	0.00015
-0.1303	-0.7086	0.8183	0.0028431413514987624	-0.009761626506404286	-0.009695303994828501	1.09782767	33.85551453	0.97170114	0.277712534494509	0.0174693	0.00016
-0.1406	-0.799	0.8163	0.0027838001569309555	-0.009478883167581205	-0.009532988374393028	1.07827401	33.25250626	0.91412173	0.12792000769131812	0.0202532	0.00032
-0.1458	-0.7232	0.9151	0.003120648702565861	-0.009873327578531921	-0.009334020839665676	1.14953351	35.45005417	0.96293057	0.22631302456564883	0.0206824	0.00012
-0.1421	-0.5075	0.93	0.0033981560536329595	-0.009745918543136336	-0.009325294193405703	1.19970238	36.99719238	1.03516011	0.25498215163613286	0.018651	0.0002
-0.1231	-0.6767	0.8242	0.0038170350741115982	-0.009414305985257413	-0.009299114254625788	1.09115636	33.64978027	1.00274712	0.3328335758568738	0.0154042	0.00012
-0.1277	-0.8348	0.7957	0.0034313173094208515	-0.009367182095453565	-0.009491100472345164	1.11548841	34.40014648	0.96155472	0.2224413936106986	0.0194974	0.0002
-0.1244	-0.7868	0.8262	0.003349286834577118	-0.009531243045141035	-0.009580112264196876	1.0471046	32.29128265	0.92164275	0.09855516081914584	0.0186781	0.00013
-0.1245	-0.5654	0.959	0.0037594392087957856	-0.01007753110101526	-0.009688322677820525	1.32668853	40.91327286	1.08188861	0.40753254218582696	0.0206273	0.00028
-0.1244	-0.6356	0.8964	0.0038501963298994907	-0.009913470151327791	-0.009717993275104427	1.02849507	31.71739197	0.92845655	0.14712443340375375	0.0180145	0.00022
-0.1228	-0.8212	0.8239	0.0037978364523396607	-0.009644689446520666	-0.009813986383964116	1.11829901	34.48682404	0.98328468	0.28055668456133226	0.0199062	7e-05
-0.1173	-0.76	0.7822	0.0037629298672997745	-0.009592329568960835	-0.009573130947188898	1.12783289	34.7808342	0.91464505	0.12480609496874676	0.0171134	0.00017
-0.1167	-0.6258	0.8467	0.004347615166717875	-0.009155997255962252	-0.009445721911793312	1.29497516	39.93527603	1.00339426	0.25672133239061334	0.0179588	0.00012
-0.1094	-0.5324	0.8913	0.0046041785667610404	-0.009208357133522081	-0.008895943197415098	1.11069393	34.25229263	0.93314707	0.1882350995990604	0.018441	0.00029
-0.1064	-0.6799	0.827	0.004136430327226561	-0.009196139828758124	-0.00878424212528746	1.07241726	33.07189178	0.95689152	0.24438333082130367	0.0169344	0.0002
-0.107	-0.7758	0.7864	0.003450515931192789	-0.009311331559389747	-0.008943067087218945	1.02111912	31.48992729	0.90780982	0.18509655442984405	0.0185701	0.00028
-0.1111	-0.8236	0.8049	0.003745476574779831	-0.009367182095453565	-0.00902160690355869	1.07797229	33.24320221	0.91209889	0.09186754979953016	0.0194406	0.00026
-0.1084	-0.7093	0.8902	0.004352851154473858	-0.00957836693494488	-0.008794714100799426	1.18487382	36.53989792	0.96502114	0.25457261109723023	0.0196144	0.00019
-0.1072	-0.5557	0.9369	0.004532620067429273	-0.009354964790689606	-0.00853466004225227	1.16138458	35.81552505	0.98543651	0.23466125578789224	0.0205532	0.00042
-0.104	-0.6999	0.8274	0.004583234615737109	-0.009225810426042026	-0.008766788832767516	1.10013402	33.92663956	0.99722584	0.27749488517353293	0.0176597	0.00012
-0.0972	-0.8639	0.7958	0.00434586983746588	-0.009293878266869804	-0.008964011038242875	1.17480242	36.2293129	0.9759566	0.22753274122871844	0.0219464	0.00042
-0.0947	-0.8154	0.7978	0.004206243497306334	-0.009300859583877783	-0.008946557745722932	1.15916359	35.74703217	0.92001719	0.061203047484373344	0.0191917	0.0002
-0.0928	-0.7474	0.8056	0.004572762640225143	-0.009353219461437613	-0.008944812416470937	1.12361526	34.65076828	0.90865566	0.09873121748653181	0.016499	0.00022
-0.0979	-0.677	0.8524	0.004312708581677988	-0.00927642497434986	-0.008943067087218945	1.04515636	32.23120117	0.91853812	0.13922969374434505	0.0168344	0.00012
-0.0958	-0.572	0.8652	0.004202752838802345	-0.009594074898212828	-0.008831366015091307	1.20493114	37.15843964	0.94864467	0.14686533694331247	0.0184214	0.0006
-0.0939	-0.7608	0.7856	0.004054399852382828	-0.009222319767538036	-0.008967501696746864	1.27255809	39.24396515	1.04006361	0.30311218993749334	0.0172228	0.00016
-0.1029	-0.8384	0.8068	0.004351105825221863	-0.00916297857297023	-0.009044296183834614	1.13639379	35.04484177	0.92132377	0.12944208272472957	0.0194935	0.00015
-0.0977	-0.7091	0.8864	0.004267330021126135	-0.009449212570297301	-0.009046041513086609	1.08053064	33.32209778	0.94830975	0.2326877565337397	0.0185137	0.00012
-0.094	-0.6469	0.8688	0.004117231705454623	-0.009559168313172942	-0.009007644269542734	1.01807272	31.39598083	0.88600357	0.09842256510455127	0.0166928	0.00015
-0.0935	-0.8025	0.8316	0.004190535534038385	-0.009377654070965533	-0.009100146719898434	1.14513946	35.31454468	0.96119764	0.21066602605734355	0.0204182	0.00022
-0.0905	-0.7771	0.8509	0.004663519761328848	-0.009152506597458265	-0.009211847792026072	1.11032665	34.2409668	0.89542567	0.0881916386462684	0.0195408	0.00015
-0.086	-0.7071	0.9077	0.0046809730538487915	-0.009334020839665676	-0.009026842891314672	1.07454538	33.13751984	0.91065829	0.1504986217719378	0.0202318	0.00017
-0.0882	-0.6981	0.8746	0.004632103834792951	-0.00927118898659388	-0.009100146719898434	0.98479742	30.36981583	0.9042866	0.05355024503556977	0.017815	0.00022
-0.0877	-0.7241	0.8767	0.004286528642898074	-0.009349728802933622	-0.009115854683166382	1.08270633	33.38919449	0.88471719	0.050591148575128336	0.0199915	0.00022
-0.0873	-0.7816	0.8886	0.004546582701445229	-0.009410815326753426	-0.009349728802933622	1.120067	34.54134369	0.90299058	0.09755073510670982	0.021872	0.00017
-0.0891	-0.8053	0.9159	0.004616395871525002	-0.009569640288684908	-0.009431759277777356	1.04849076	32.33403015	0.88487874	0.06833343034274963	0.0235381	0.00026
-0.0894	-0.7767	0.9334	0.004452334921837535	-0.0099728113458956	-0.009484119155337187	1.00050545	30.85423088	0.90827511	0.0773795942228995	0.0236479	0.00019
-0.084	-0.7322	0.9234	0.0043039819354180175	-0.010068804454755286	-0.009520771069629067	1.02089369	31.48297691	0.90185416	0.07394990047855418	0.0224794	0.00015
-0.0896	-0.7501	0.8888	0.004131194339470578	-0.00997804733365158	-0.009534733703645023	1.0587815	32.65138245	0.90216979	0.07197536755335501	0.0214171	0.00019
-0.088	-0.7703	0.8954	0.004593706591249075	-0.009801769079200155	-0.009484119155337187	1.11131155	34.27133942	0.90059657	0.06287025272688787	0.0218325	0.00017
-0.0908	-0.7131	0.8866	0.004523893421169302	-0.00973195590912038	-0.00951378975262109	1.049986	32.38014221	0.91010391	0.07726484687217258	0.0192467	0.00017
-0.0924	-0.7004	0.9703	0.00408756110817072	-0.009909979492823802	-0.009499827118605135	1.03294492	31.85461998	0.9337916	0.12941592653589787	0.0236259	0.00028
-0.101	-0.6486	0.9337	0.0038781215979314006	-0.010081021759519247	-0.009466665862817244	1.07335293	33.10074615	0.9249108	0.11768215163613292	0.0209668	0.00023
-0.0988	-0.8079	0.8903	0.004277801996638102	-0.009754645189396307	-0.009700539982584482	1.17160892	36.13082886	0.97387491	0.252896554429844	0.0226618	0.00015
-0.0977	-0.8158	0.9047	0.004342379178961892	-0.01011069235680315	-0.009756390518648303	1.040905	32.10009766	0.88886524	0.04722374428972272	0.0227467	0.0001
-0.0975	-0.7358	0.9856	0.004338888520457902	-0.010433578268422101	-0.00980002374994816	1.02107048	31.48842812	0.92444484	0.1796004900711399	0.025194	0.00016
-0.101	-0.5665	1.0247	0.003932226804743224	-0.010304423903774522	-0.00955393232541696	1.17161822	36.13111496	0.99472366	0.2509953752446728	0.0263846	0.00035
-0.1092	-0.5039	0.9857	0.004494222823885398	-0.010239846721450731	-0.009004153611038746	1.13389277	34.9677124	0.97169125	0.16861759579220886	0.02652	0.00096
-0.1155	-0.7585	0.833	0.004714134309636684	-0.0099728113458956	-0.008819148710327346	1.37598932	42.43364334	1.18147312	0.4471975881008909	0.0216761	0.00028
-0.1372	-0.8202	0.804	0.0039898226700590365	-0.009403834009745446	-0.008930849782454984	1.10559189	34.09495163	0.96384029	0.182649502392772	0.0219996	0.00051
-0.1318	-0.8618	0.8532	0.0033859387488689996	-0.009552186996164965	-0.00879995008855541	1.03701854	31.98024178	0.93277634	0.1403568300754564	0.0234845	0.00052
-0.1232	-0.7426	0.9914	0.0034033920413889425	-0.010428342280666119	-0.00896226570899088	1.19223642	36.76695251	1.05020427	0.3187962098728283	0.0264913	0.00052
-0.1134	-0.5529	1.0473	0.0037140606482439333	-0.011159635237251742	-0.008943067087218945	1.26249182	38.93353271	1.03777059	0.30845800926062755	0.0279109	0.00045
-0.103	-0.7187	0.9403	0.004195771521794368	-0.010660471071181364	-0.009007644269542734	1.16075504	35.79610825	1.01751718	0.3354726110972301	0.0234177	0.00013
-0.0955	-0.8663	0.9358	0.004399975044277705	-0.010904817166460572	-0.009096656061394445	1.08245039	33.38130188	0.96027219	0.1864780704807128	0.0282308	0.00032
-0.086	-0.8198	0.9237	0.003916518841475275	-0.010882127886184645	-0.009239773060057981	1.0869	33.51852036	0.91590737	0.10056312408709464	0.0261898	0.00047
-0.0837	-0.78	0.9469	0.004084070449666731	-0.010889109203192622	-0.009409069997501431	1.16144085	35.81725693	0.98983467	0.08249149313214413	0.0256355	0.00039
-0.0944	-0.6214	1.0449	0.003750712562535814	-0.011332422833199182	-0.009327039522657695	1.20031643	37.01612854	1.01187383	0.3102350995990607	0.0271626	0.00028
-0.0931	-0.712	0.9798	0.004042182547618867	-0.011040952848116129	-0.009417796643761401	1.01644719	31.3458519	0.92970156	0.1906848545634905	0.0252013	0.00016
-0.0899	-0.8786	0.9229	0.0040945424251786966	-0.010838494654884786	-0.00959058423970884	1.088081	33.55493927	0.95860317	0.24808028333693063	0.028239	0.00028
-0.0875	-0.8621	0.9274	0.003920009499979264	-0.01093623309299647	-0.00974417321388434	1.02904785	31.73443794	0.89361145	0.04469301687433085	0.0275576	0.0002
-0.0841	-0.7366	1.0054	0.004021238596594935	-0.011274826967883369	-0.009894271529555854	1.18896735	36.6661377	0.96935402	0.23639606435870417	0.0278908	0.00023
-0.0868	-0.7112	0.9556	0.004117231705454623	-0.010967649019532366	-0.009805259737704143	1.06922984	32.97359467	0.92775802	0.10250914245312012	0.0246108	0.00026
-0.0879	-0.8047	0.9089	0.004167846253762459	-0.010451031560942046	-0.010042624515975372	1.06239784	32.76290512	0.96062614	0.18152983925846916	0.0244493	0.00017
-0.0801	-0.8004	0.9076	0.0040613811693908045	-0.010789625435828945	-0.009918706139083775	1.11248684	34.30758286	0.89482566	0.04184886680750756	0.0252447	0.00058
-0.076	-0.7914	0.9736	0.004391248398017733	-0.011075859433156017	-0.010088003076527224	1.22144938	37.66783905	0.94615459	0.11836990816987251	0.0284315	0.00041
-0.0788	-0.7602	0.9556	0.004242895411598215	-0.011037462189612138	-0.009971066016643606	1.08828676	33.56128693	0.91099226	0.06718436449235077	0.0254093	0.00028
-0.0763	-0.8308	0.9442	0.004171336912266447	-0.011241665712095476	-0.010112437686055147	1.03146255	31.80890274	0.89126911	0.10535668456133232	0.0273383	0.00022
-0.0732	-0.7806	0.9326	0.0038467056713955023	-0.01124341104134747	-0.01016654289286697	1.14973307	35.45620728	0.91279877	0.0839240888467382	0.0267583	0.0006
-0.0676	-0.7833	0.9998	0.00434586983746588	-0.011482521148870694	-0.010239846721450731	1.24562752	38.41345978	0.9228743	0.11607890510886817	0.0293823	0.00031
-0.0705	-0.7403	0.9605	0.004340633849709897	-0.011122983322959863	-0.010178760197630931	1.03667605	31.96968269	0.90547751	0.10649301687433076	0.0250846	0.00019
-0.0673	-0.8367	0.9441	0.003979350694547071	-0.01100953692158023	-0.01015432558810301	1.11656058	34.43321228	0.91897409	0.14095820830351896	0.0302145	0.00032
-0.0766	-0.7922	0.9685	0.004064871827894794	-0.011007791592328238	-0.01032362252554646	1.14281082	35.242733	0.9103321	0.09102817000215824	0.0290992	0.00035
-0.094	-0.6363	1.0709	0.004077089132658754	-0.011147417932487783	-0.010210176124166827	1.22414219	37.7508812	1.00956486	0.2889645023151568	0.0307154	0.00041
-0.1004	-0.5074	1.1324	0.003745476574779831	-0.011175343200519692	-0.010040879186723379	1.10970438	34.22177505	1.0020484	0.22324173816771412	0.0355834	0.00126
-0.0964	-0.625	1.062	0.0041835542170304075	-0.011089822067171969	-0.0101874868438909	1.2207762	37.64707947	0.9792905	0.22551032163829113	0.0350942	0.00105
-0.092	-0.875	0.9402	0.0040282199136029125	-0.010850711959648747	-0.010414379646650164	1.30248404	40.1668396	1.08772415	0.40726686068549894	0.0357182	0.00054
-0.0895	-0.9354	0.9506	0.004352851154473858	-0.010978120995044333	-0.010515608743265837	1.17587566	36.26240921	0.96082997	0.1009634686441102	0.035734	0.00057
-0.0889	-0.9037	0.9697	0.004220206131322289	-0.010922270458980515	-0.010501646109249882	1.06624007	32.88139725	0.94717947	0.06152290966156718	0.032601	0.00016
-0.0895	-0.8731	0.9658	0.0038903389026953604	-0.011079350091660004	-0.010468484853461989	0.97226834	29.98343468	0.88758194	0.061105405854715515	0.030182	0.00028
-0.0953	-0.9059	0.9564	0.003459242577452761	-0.011135200627723822	-0.010608111193621535	1.05833125	32.63749695	0.90283124	0.07932866007329822	0.0314863	0.00031
-0.0921	-0.8608	0.9826	0.003886848244191372	-0.0112346843950875	-0.010835003996380797	1.13052297	34.86379242	0.91714832	0.11219911184307747	0.0308179	0.00025
-0.0863	-0.8312	0.995	0.0037350045992678655	-0.011458086539342773	-0.010835003996380797	1.03226793	31.83374214	0.89128328	0.06656228945893894	0.0293645	0.0002
-0.0768	-0.8184	1.0089	0.004117231705454623	-0.011627383476786223	-0.010892599861696611	0.95705068	29.51414299	0.87481894	0.06665599544730108	0.0306438	0.00016
-0.0757	-0.789	0.9658	0.004173082241518442	-0.011309733552923255	-0.010854202618152736	1.05420732	32.51032257	0.90562154	0.09419488517353299	0.0291075	0.00013
-0.0775	-0.8813	0.9958	0.004167846253762459	-0.011426670612806873	-0.010962413031776383	1.13393176	34.96891403	0.94039367	0.13561917306316235	0.0333489	0.00015
-0.0845	-0.8003	1.0517	0.0038903389026953604	-0.011459831868594766	-0.010983356982800315	1.0746733	33.14146423	0.91923549	0.16048062789394624	0.0324063	0.00022
-0.0905	-0.7231	1.0441	0.0038938295611993493	-0.011091567396423963	-0.01109331272567596	0.96400839	29.72871017	0.90694912	0.11488554367752188	0.0298758	0.00022
-0.0889	-0.9269	1.0011	0.0037594392087957856	-0.011047934165124106	-0.011283553614143339	1.1672591	35.99668503	0.99895063	0.26681322360853993	0.0355651	0.0002
-0.0883	-0.8807	0.9944	0.0040561451816348215	-0.011053170152880088	-0.011220721761071544	1.07306683	33.09192276	0.90083337	0.0717386906833407	0.0332713	0.00026
-0.0892	-0.8321	1.0193	0.004059635840138811	-0.011068878116148038	-0.011157889907999749	1.13676715	35.05635452	0.90938151	0.07850152374218691	0.0315407	0.00016
-0.0886	-0.7737	1.0843	0.003872885610175417	-0.0112346843950875	-0.01115439924949576	1.02680457	31.66526031	0.90939666	0.14180235837034205	0.0338062	0.00016
-0.1016	-0.7728	1.0369	0.0034016467121369483	-0.010814060045356866	-0.011388273369263	1.13202024	34.90996552	0.91435824	0.1175868683768172	0.0321358	0.0006
-0.1014	-0.8889	1.0382	0.0029688050576423546	-0.010939723751500458	-0.011449359893082803	1.16760385	36.00731659	0.95019317	0.14857959422289949	0.0368401	0.00047
-0.1001	-0.8329	1.0603	0.003298672286269283	-0.011143927273983794	-0.01147728516111471	1.1404798	35.17084885	0.91915278	0.10749980095710863	0.0348617	0.00032
-0.1	-0.8377	1.0618	0.0035133477842645856	-0.011533135697178532	-0.01140049067402696	1.01193964	31.20684433	0.89316281	0.040433920413889615	0.0350142	0.00031
-0.0981	-0.8425	1.0433	0.0032847096522533284	-0.011719885927141922	-0.011407471991034937	1.00799906	31.08532333	0.88902982	0.04631848394913139	0.034113	0.00039
-0.093	-0.8262	1.0414	0.002886774582798621	-0.011688470000606023	-0.01131147888217525	1.09945679	33.90575409	0.90880001	0.049567205242514456	0.0335861	0.00033
-0.0911	-0.8533	1.0722	0.00318871654339364	-0.011941542742145204	-0.011395254686270978	1.12491703	34.69091415	0.90838601	0.09173952531149626	0.035817	0.00032
-0.0927	-0.8347	1.0936	0.0029181905093345183	-0.012568115943611164	-0.011681488683598048	0.99965709	30.82806778	0.88798882	0.1007666616426074	0.0375412	0.00039
-0.0945	-0.7862	1.1563	0.0026441738167714093	-0.01256113462660319	-0.011801916401985656	1.08716011	33.52654266	0.92801066	0.13307128639793475	0.0414276	0.00045
-0.1092	-0.7523	1.1268	0.0030455995447301047	-0.012051498485020845	-0.011913617474113293	1.15967941	35.76293945	0.94890234	0.12923814708343395	0.0390111	0.00041
-0.1144	-0.8933	1.0493	0.0030508355324860886	-0.011773991133953745	-0.011407471991034937	1.14576125	35.33372116	1.00028349	0.2631444410950722	0.0376906	0.00045
-0.1127	-0.8985	1.1172	0.0025342180738957666	-0.012301080568056033	-0.011369074747491064	1.03998244	32.07164764	0.93480839	0.12890520681182427	0.0425668	0.00081
-0.1071	-0.6265	1.1872	0.002045525883337354	-0.011723376585645911	-0.01098510231205231	1.31063056	40.41806793	1.15480074	0.42011843042036456	0.0409485	0.001
-0.1055	-0.7035	1.085	0.003089232776029963	-0.011561060965210439	-0.010915289141972536	1.09583902	33.79418564	0.99244219	0.2445917841603928	0.0374572	0.00087
-0.1097	-1.0019	1.0418	0.0033021629447732717	-0.011794935084977677	-0.011260864333867414	1.31767476	40.63529968	1.15882914	0.3854189740202712	0.047277	0.00158
-0.1132	-0.9759	1.0461	0.0036180675393842456	-0.011868238913561443	-0.011306242894419267	1.05997467	32.68817902	0.9311764	0.05552934918732966	0.0438742	0.00083
-0.1181	-0.9617	1.037	0.003502875808752619	-0.01178620843871771	-0.011370820076743055	0.99590057	30.71222115	0.90161551	0.041289969389957513	0.0409892	0.00067
-0.1124	-0.9912	1.0457	0.0031049407392979124	-0.012393583018411734	-0.01163087413529021	1.00803673	31.08648491	0.89118399	0.10716818538479445	0.0436095	0.00087
-0.1094	-0.8373	1.1107	0.0029024825460665696	-0.012725195576290656	-0.011828096340765572	1.20174003	37.06003189	1.01122203	0.2584646478292812	0.0411503	0.00068
-0.1144	-0.8033	1.1329	0.003068288825006031	-0.01305331747566559	-0.011854276279545488	1.1525389	35.54273605	0.93465147	0.08720540585471565	0.0412441	0.00047
-0.1067	-0.923	1.0819	0.0029775317039023265	-0.012945107062041942	-0.012007865253720985	1.05666959	32.58625412	0.93741618	0.19602782544514244	0.0417847	0.0007
-0.0979	-0.9245	1.0689	0.002726204291615143	-0.012840387306922281	-0.012149236923132528	1.09227335	33.68422699	0.90251094	0.04817094184091944	0.0415956	0.00074
-0.0935	-0.896	1.144	0.002841396022246768	-0.012990485622593795	-0.012196360812936374	1.20140827	37.04980087	0.9910179	0.12362069680534922	0.045222	0.00105
-0.0919	-0.8323	1.114	0.003089232776029963	-0.01305680813416958	-0.012107349021084663	1.14003015	35.15698242	0.98830857	0.11545855286053426	0.0401037	0.00058
-0.098	-0.9708	1.0728	0.002874557278034661	-0.01299572161034978	-0.01226268332451216	1.07876313	33.26758957	0.95007875	0.20735481626213	0.0435072	0.00076
-0.098	-0.9405	1.0991	0.002092649773141201	-0.013234831717873001	-0.012405800323175694	1.13415492	34.97579575	0.92296051	0.11480673055401076	0.0454649	0.00121
-0.1052	-0.7944	1.1627	0.0025289820861397836	-0.013194689145077132	-0.01248084948101145	1.30202091	40.15255737	1.02940922	0.24447620218151048	0.0440395	0.00087
-0.1025	-0.8825	1.097	0.002726204291615143	-0.012990485622593795	-0.012466886846995496	1.10330772	34.02451324	0.96811095	0.1772694180987325	0.0426129	0.0007
-0.1096	-1.0301	1.1006	0.0025726153174396417	-0.013082988072949496	-0.012697270308258747	1.06982386	32.99191666	0.96107614	0.18212374428972272	0.0495232	0.00126
-0.1123	-0.9196	1.1144	0.002036799237077382	-0.012999212268853765	-0.012863076587198208	1.12749588	34.77044296	0.96118564	0.1662699081698726	0.0456919	0.00096
-0.1111	-0.7628	1.2129	0.0014381513036433276	-0.012740903539558606	-0.012747884856566584	1.23409641	38.05785751	1.05765924	0.3051074196680418	0.0467677	0.00182
-0.1037	-0.8485	1.1852	0.002441715623540067	-0.012714723600778691	-0.012732176893298634	1.13907671	35.12757874	0.98563991	0.17307261109723027	0.0478204	0.00164
-0.1035	-0.932	1.1701	0.0026616271092913526	-0.013124875974997358	-0.012857840599442226	1.03654695	31.96570015	0.93105794	0.13658637830567733	0.0495368	0.00186
-0.0953	-0.9673	1.1785	0.00243473430653209	-0.013569934934255911	-0.013002702927357754	0.99476868	30.67731476	0.88565339	0.0927407044966674	0.0524937	0.00174
-0.0956	-0.888	1.174	0.0022706733568446224	-0.013810790371031131	-0.013165018547793226	1.07238674	33.07094955	0.92192736	0.11246160034490818	0.0489539	0.00144
-0.0956	-0.839	1.2389	0.0022322761133007477	-0.014151129575170023	-0.013393656679804486	1.10519886	34.08283234	0.91650666	0.14426872898470128	0.051402	0.00211
-0.094	-0.8088	1.2082	0.0024731315500759648	-0.014187781489461905	-0.013276719619920866	1.01484442	31.29642487	0.89419354	0.0822222205475359	0.0472897	0.00131
-0.0884	-0.9569	1.1897	0.0019530234329816546	-0.014156365562926007	-0.013070770768185535	1.05402386	32.50466537	0.95593888	0.2100736447682769	0.0526886	0.00208
-0.0944	-0.9196	1.1541	0.001726130630222392	-0.014063863112570307	-0.013009684244365731	1.11522079	34.39189529	0.93076658	0.09792408884673838	0.049509	0.00121
-0.0988	-0.8803	1.2577	0.0013281955607676848	-0.013852678273078994	-0.012829915331410315	1.14562619	35.32955551	0.99206376	0.186744441095072	0.0560379	0.00265
-0.1011	-0.6889	1.3297	0.0017924531417981763	-0.01402895652753042	-0.012329005836087944	1.23368776	38.04525375	1.03035836	0.32277226654021446	0.0544747	0.00307
-0.1068	-0.8401	1.166	0.002806489437206882	-0.013411109972324427	-0.011936306754389218	1.14620888	35.34752655	1.08390741	0.4218290966156714	0.0461215	0.00097
-0.1048	-0.9888	1.0918	0.002617993877991494	-0.01336747674102457	-0.011575023599226393	1.08220887	33.37385178	0.98270105	0.2545705972839034	0.0477633	0.00124
-0.121	-0.9852	1.0413	0.0015550883635269475	-0.012955579037553908	-0.011454595880838784	1.01046932	31.16150093	0.92119665	0.15006154681614112	0.0430576	0.00081
-0.1226	-0.9376	1.1107	0.0005515240436302081	-0.013191198486573142	-0.011641346110802179	1.09100676	33.6451683	0.98225509	0.18989669994396852	0.046002	0.00141
-0.0985	-0.7962	1.2264	0.002038544566329377	-0.013376203387284541	-0.011568042282218416	1.27979755	39.46722031	1.07530751	0.3684664625997164	0.048361	0.00147
-0.0697	-0.6363	1.2663	0.0024225170017681294	-0.013046336158657613	-0.011028735543352168	1.22961318	37.91960144	1.06856004	0.29125732014659644	0.0493915	0.00224
-0.0716	-0.8601	1.1692	0.002087413785385218	-0.013191198486573142	-0.011225957748827528	1.22275305	37.70804214	1.07958386	0.35665938748869	0.050219	0.0018
-0.0742	-1.0281	1.1153	0.001410226035611418	-0.01347568715464822	-0.011302752235915276	1.12490726	34.69061279	0.98660674	0.27642354524683127	0.0552588	0.00372
-0.0706	-1.0812	1.1251	0.0013212142437597075	-0.013884094199614892	-0.011503465099894626	1.15243793	35.53961945	0.93414596	0.1014065850398866	0.0580379	0.00374
-0.0679	-0.9689	1.1465	0.0015027284859671175	-0.013948671381938681	-0.011454595880838784	1.18359101	36.50033951	0.97390578	0.15114803217935213	0.0505968	0.00183
-0.0626	-0.9847	1.1207	0.0016545721308906245	-0.0140045219180025	-0.011527899709422544	1.0358839	31.94525146	0.90719087	0.06094990047855437	0.048425	0.00122
-0.0642	-0.9705	1.1405	0.0010245082709206715	-0.013978341979222583	-0.011742575207417848	1.02253258	31.53351784	0.90735437	0.07914596483725869	0.0503065	0.0016
-0.0718	-0.8267	1.197	0.0011693705988362008	-0.014292501244581562	-0.011978194656437085	1.17527795	36.24397659	0.99690501	0.24263205211468725	0.0480757	0.00145
-0.0734	-0.9353	1.1549	0.0010524335389525807	-0.014397220999701223	-0.01224697536124421	1.13048112	34.86250305	0.94461534	0.17682187599052035	0.0496069	0.00183
-0.0736	-1.0128	1.1639	0.0013212142437597075	-0.014597933863680572	-0.012418017627939655	1.04646873	32.27167511	0.91535269	0.11872679177409581	0.0541729	0.00228
-0.0722	-0.9338	1.1768	0.0012601277199399059	-0.01465727505824838	-0.012540190675579257	0.98733652	30.44811821	0.90405108	0.10543003830136063	0.0506092	0.00172
-0.0784	-0.9165	1.1565	0.00102799892942466	-0.014297737232337546	-0.012585569236131109	1.06012034	32.69267273	0.90550371	0.0756522588488965	0.0502826	0.00164
-0.0818	-0.9246	1.1643	0.0009372418083209549	-0.014302973220093532	-0.012615239833415013	1.09928966	33.90060043	0.91901731	0.02558318530717953	0.0505133	0.00167
-0.0857	-0.9415	1.1813	0.0011536626355682519	-0.013999285930246517	-0.012808971380386384	1.03764379	31.99952507	0.9084169	0.07349198320328433	0.0520423	0.00205
-0.0786	-0.8772	1.2305	0.0008918632477691023	-0.014329153158873445	-0.013051572146413597	0.98574078	30.39890671	0.91546046	0.16231336912266445	0.0526369	0.00222
-0.0733	-0.8581	1.2397	0.000731292956585624	-0.014294246573833557	-0.012981758976333824	1.09257782	33.69361496	0.89944924	0.046864502315157056	0.0543243	0.00295
-0.0729	-0.9605	1.2115	0.0010332349171806431	-0.014554300632380713	-0.013140583938265308	1.16553795	35.94360733	0.95768007	0.167041049053683	0.0567166	0.00311
-0.0739	-0.9565	1.2247	0.0011327186845443199	-0.014857987922227728	-0.013126621304249353	1.07133496	33.038517	0.918774	0.039056684561332225	0.0570492	0.00327
-0.0734	-0.9144	1.2378	0.0009250245035569946	-0.015039502164435139	-0.013194689145077132	0.97667724	30.11940002	0.88891218	0.0785638132011259	0.0556619	0.00323
-0.0733	-0.9352	1.2246	0.0005742133239061344	-0.015208799101878586	-0.013271483632164882	1.05815268	32.63199234	0.89095195	0.063945130209103	0.0574703	0.0035
-0.0735	-0.9494	1.2321	0.0004537856055185257	-0.014994123603883285	-0.01345648853287628	1.10309243	34.01787186	0.92662226	0.04790540585471544	0.0590038	0.004
-0.0737	-0.9348	1.2447	0.0007592182246175333	-0.015107570005262918	-0.013240067705628985	1.10945094	34.21395874	0.91509171	0.05916499238629676	0.057876	0.00378
-0.0769	-0.9904	1.168	0.0011536626355682519	-0.015194836467862634	-0.013454743203624287	1.04200137	32.13390732	0.93709297	0.17031931857728677	0.0554467	0.00315
-0.0878	-0.9236	1.2556	6.981317007977319e-05	-0.015529939684245543	-0.01322610507161303	1.06177294	32.74363708	0.96709548	0.2476795406941324	0.0593159	0.00439
-0.0909	-0.8561	1.3964	-0.0004363323129985824	-0.015399039990345968	-0.013149310584525276	1.18825507	36.64417267	1.05237267	0.24709198320328424	0.0684496	0.00859
-0.0956	-0.7219	1.423	-0.0003787364476827695	-0.015037756835183142	-0.01276359281983453	1.16616726	35.96301651	0.99489754	0.2057298392584692	0.0661823	0.00844
-0.0964	-0.8633	1.3621	0.00011519173063162575	-0.015337953466526168	-0.01296430568381388	1.0557071	32.55657196	0.98662255	0.25284188368183835	0.0665966	0.0075
-0.1056	-0.9966	1.2858	0.00029845130209103034	-0.015111060663766903	-0.013018410890625703	1.0515852	32.42945862	0.975215	0.24201287905152477	0.0665178	0.00635
-0.1053	-1.0442	1.2527	-0.0004049163864626844	-0.014978415640615335	-0.013178981181809182	0.99753523	30.76263237	0.91126669	0.1308291501444382	0.0667129	0.00631
-0.1092	-1.0956	1.2705	-0.00026354471705114377	-0.015275121613454373	-0.013168509206297216	1.0536207	32.49223328	0.93837564	0.09552748088812717	0.0709285	0.00746
-0.1083	-0.95	1.3526	-3.141592653589793e-05	-0.01566083937814512	-0.013381439375040525	1.16713905	35.99298477	0.98368055	0.27013883619746504	0.0682363	0.00728
-0.1064	-0.8318	1.3667	-0.00019896753472735358	-0.015810937693816633	-0.013280210278424853	1.05456018	32.5212059	0.95243793	0.15514395102393208	0.0638983	0.00651
-0.1043	-1.011	1.2846	0.00021467549799530252	-0.015643386085625176	-0.013165018547793226	1.09470761	33.75929642	1.01850697	0.298219318577287	0.065993	0.0059
-0.1034	-1.0194	1.2608	0.0002705260340591211	-0.015397294661093975	-0.01297303233007385	1.05605543	32.56731415	0.9367537	0.05779640891571995	0.0657289	0.00503
-0.0972	-0.9886	1.2751	0.000296705972839036	-0.015413002624361924	-0.01313011196275334	1.09509408	33.77121353	0.94374347	0.06124837673636768	0.0638018	0.00544
-0.0966	-0.9259	1.3585	0.00022689280275926284	-0.015598007525073324	-0.013046336158657613	1.08548927	33.47501373	0.94150152	0.16362969374434524	0.066464	0.00703
-0.1091	-0.7577	1.3993	0.00013264502315156904	-0.015514231720977593	-0.012938125745033963	1.09900308	33.89176178	0.99752344	0.2358116998663536	0.0644032	0.00746
-0.1045	-0.8653	1.2879	0.0004485496177625427	-0.014981906299119324	-0.013018410890625703	1.05464697	32.52388	0.95554673	0.27002575810304896	0.0595765	0.00452
-0.108	-1.0265	1.3175	-0.0010629055144645468	-0.01489987582427559	-0.013109168011729408	1.1611346	35.80781555	1.0415824	0.2785121364087263	0.0723442	0.00984
-0.1247	-0.9868	1.3131	-0.0013316862192716734	-0.014831807983447812	-0.013404128655316452	1.07177317	33.05202866	0.95140043	0.09239045946109736	0.0708891	0.01073
-0.1414	-0.9794	1.149	-0.003556981015564444	-0.015810937693816633	-0.012700760966762736	1.35783422	41.87376404	1.22396202	0.3835896097607652	0.0624885	0.01331
-0.1348	-0.8473	1.1029	0.00047822021504644627	-0.016046557142835868	-0.012346459128607889	1.45900893	44.99385452	1.25653888	0.4160561258892486	0.046239	0.00305
-0.1536	-0.9346	1.1573	-7.155849933176751e-05	-0.01576206847476079	-0.012719959588534674	1.00470388	30.98370171	0.95187737	0.2208883921190037	0.0528751	0.00421
-0.1437	-1.0005	1.2212	-0.00017627825445142725	-0.015097098029750951	-0.012826424672906329	0.96950144	29.89810753	0.93539897	0.18350776422505768	0.0610226	0.00542
-0.136	-0.8986	1.2496	-0.0003595378259108319	-0.015847589608108514	-0.012700760966762736	1.13224947	34.91703796	0.96742049	0.19097074279802795	0.0584892	0.00583
-0.1208	-0.884	1.2553	0.00010297442586766544	-0.017278759594743863	-0.012699015637510741	1.11761725	34.46579742	0.99318949	0.13027137838329209	0.0599415	0.00577
-0.1224	-0.9781	1.2044	0.0004136430327226561	-0.017029177511708675	-0.012768828807590515	1.16220307	35.84076309	0.96633112	0.17810319299849772	0.0600755	0.00542
-0.1232	-1.0113	1.2163	-0.0004956735075663896	-0.016744688843633598	-0.012667599710974845	1.06135058	32.73060989	0.91616849	0.11065171524898978	0.0615821	0.00578
-0.1201	-0.9872	1.2401	-0.0009686577348568529	-0.016821483330721348	-0.012667599710974845	1.08537912	33.47161865	0.90588076	0.07848893571891084	0.0626898	0.00638
-0.1178	-0.902	1.288	-0.001350884841043611	-0.01706932008450454	-0.012934635086529976	1.1470232	35.3726387	0.95591665	0.18025496177625408	0.0644085	0.00738
-0.1224	-0.948	1.2724	-0.0008674286382411819	-0.016844172610997275	-0.012931144428025987	1.19642448	36.89610672	0.9700747	0.10180471674068424	0.0634238	0.00703
-0.1264	-1.0361	1.2569	-0.0013631021458075715	-0.016903513805565082	-0.012894492513734108	1.05735683	32.60744858	0.93413861	0.13718333082130393	0.0670906	0.0085
-0.1287	-1.0449	1.2568	-0.0018099064343181197	-0.01699252559741679	-0.01291543646475804	1.11819386	34.48358154	0.95501865	0.03903800156930937	0.0686452	0.00932
-0.1294	-0.8843	1.2558	9.773843811168246e-05	-0.016837191293989296	-0.01284736862393026	1.33035564	41.02636337	1.15713712	0.2688523508342537	0.0600189	0.00724
-0.1495	-0.8968	1.218	-0.0012060225131280816	-0.016175711507483446	-0.012700760966762736	1.12375557	34.65509415	0.99640584	0.175992419745657	0.0575142	0.00541
-0.1538	-1.0104	1.1587	0.00022165681500327985	-0.016481144126582453	-0.012891001855230119	1.08725488	33.52946472	1.00453241	0.27336764178488726	0.0575624	0.00484
-0.154	-1.0089	1.1506	-0.00039269908169872416	-0.016697564953829753	-0.012934635086529976	1.10669017	34.12882233	0.96007687	0.05352049776245814	0.0590372	0.00593
-0.1349	-0.838	1.2969	-0.001244419756671957	-0.01781283034585413	-0.012756611502826556	1.32984412	41.01058578	1.17703986	0.4435504825350513	0.0619115	0.00734
-0.1461	-0.7193	1.3374	-0.0006370451769779302	-0.017730799871010394	-0.01296430568381388	1.23741245	38.1601181	1.06820107	0.2152549617762541	0.0598755	0.00766
-0.1538	-0.9476	1.251	-0.0003525565089028545	-0.017369516715847567	-0.012927653769522	1.18848884	36.65138245	1.06740466	0.35652118687648904	0.0616158	0.00612
-0.1524	-1.0266	1.2369	-0.0004991641660703782	-0.017158331876356254	-0.013021901549129692	1.02225018	31.52480698	0.90806945	0.11710201381332612	0.0642531	0.00653
-0.148	-0.9747	1.3214	-0.0008813912722571365	-0.01761037215262278	-0.013126621304249353	1.13314795	34.94474411	0.98476638	0.18774935687864713	0.0689559	0.00903
-0.1446	-0.7964	1.3572	-0.00042411500823462205	-0.017416640605651415	-0.012922417781766015	1.27231717	39.23653412	1.07295777	0.26026056667386094	0.0635141	0.00785
-0.1453	-0.9178	1.2849	-0.00011170107212763708	-0.01746027383695127	-0.012918927123262026	1.06575596	32.86646652	0.98034017	0.2123768912955415	0.0629678	0.00597
-0.1457	-0.9936	1.2333	-0.0003892084231947355	-0.017530087007031046	-0.013007938915113737	1.06498694	32.84275055	0.93343366	0.14961661564992915	0.0630834	0.00621
-0.1429	-0.995	1.2349	-0.00033684854563490564	-0.01749518042199116	-0.013343042131496648	1.09570682	33.79011154	0.93045451	0.026918483949131346	0.0630392	0.00619
-0.1474	-0.9033	1.3489	-0.0005654866776461627	-0.01780584902884615	-0.013313371534212746	1.21116734	37.3507576	0.99465493	0.23864886680750733	0.0681912	0.00907
-0.1464	-0.8348	1.3785	-0.0006667157742618339	-0.017905332796209827	-0.013285446266180835	1.04839945	32.3312149	0.96768805	0.11053190660056302	0.067776	0.00956
-0.1397	-0.9106	1.2578	-0.000609119908946021	-0.017718582566246435	-0.013257520998148926	1.15257633	35.54388809	1.00038217	0.2168135681655557	0.0625376	0.00658
-0.1404	-1.0422	1.254	-0.00039968039870670147	-0.017502161738999135	-0.01347219649614423	1.19032979	36.70815277	0.98635047	0.16812679177409623	0.0689527	0.00808
-0.149	-0.9929	1.2795	-0.0003054326190990077	-0.01746376449545526	-0.013482668471656196	1.11870801	34.49943542	0.92967663	0.09055584993317684	0.0662189	0.00727
-0.1484	-0.9626	1.3391	-0.00046949356878647465	-0.01773778118801837	-0.013555972300239956	1.01184511	31.2039299	0.91803342	0.11606907354171664	0.0693772	0.00935
-0.156	-0.7875	1.3604	-0.0009180431865490173	-0.01768193065195455	-0.01332384350972471	1.25783861	38.79003525	1.03446744	0.2408264472170804	0.0656031	0.00898
-0.1507	-0.9414	1.2932	-0.0003647738136668148	-0.017308430192027765	-0.013590878885279843	1.25555038	38.71946716	1.03052186	0.2860902604182063	0.0653858	0.00743
-0.1498	-1.053	1.2908	-0.00016406094968746698	-0.017420131264155404	-0.013728759896187397	1.12166011	34.59047318	0.95911366	0.13741474735072695	0.0715505	0.00888
-0.1551	-0.9898	1.2946	-0.0003682644721708035	-0.01743060323966737	-0.013871876894850931	1.0163219	31.34198761	0.92325898	0.09018962483294168	0.0672878	0.00728
-0.155	-0.9348	1.3485	-0.0007661995416255106	-0.017458528507699276	-0.013910274138394806	1.15390193	35.5847702	0.95884548	0.13221287905152457	0.0709736	0.0098
