trans_x	trans_y	trans_z	rot_x	rot_y	rot_z	dvars_std	dvars_nstd	dvars_vstd	framewise_displacement	aqi	aor
0.0	-0.0	0.0	-0.0	0.0	-0.0	n/a	n/a	n/a	n/a	0.00902468	0.00192
0.0078	-0.2285	0.0332	0.00029496064358704166	-3.839724354387525e-05	-0.00011519173063162575	1.33222938	33.86293411	1.21288415	0.29192748088812714	0.0114657	0.00483
0.0055	-0.0732	0.0533	0.00032637657012293966	-0.0002740166925631097	-0.00014486232791552936	1.25417638	31.87896347	1.18216736	0.19253529864195176	0.0106232	0.00159
0.0038	0.0203	0.0419	0.0002478367537831948	-0.00018500490071139895	-0.0002181661564992912	1.12658942	28.63592529	1.05101899	0.11864277183876087	0.0084579	0.00097
0.0076	-0.0268	0.029	-0.00012740903539558605	8.726646259971648e-06	-6.806784082777885e-05	1.03734374	26.36745834	0.97800232	0.0997537825910832	0.00861609	0.00078
0.0077	-0.0013	0.0161	-4.886921905584123e-05	0.00017453292519943296	-3.141592653589793e-05	1.08295667	27.52685928	1.01486794	0.05254990047855436	0.00874102	0.0006
0.0074	-0.1021	0.0501	5.585053606381854e-05	0.00017278759594743863	-0.00017278759594743863	1.07876694	27.42036247	1.00069235	0.14749183768915974	0.00883758	0.00115
0.0047	-0.063	0.0687	-2.96705972839036e-05	2.4434609527920616e-05	-0.00011693705988362007	1.09539485	27.84301567	1.02776625	0.07488623279155293	0.0098508	0.00114
0.0035	-0.0541	0.0615	-0.00014486232791552936	-5.061454830783555e-05	-9.250245035569947e-05	1.02934432	26.16412735	0.97294554	0.028033774899765124	0.00862515	0.0006
0.0008	-0.0034	0.044	-0.0002844886680750757	-0.00010297442586766544	2.96705972839036e-05	1.04351151	26.52423096	0.97179533	0.08660796326794896	0.00798792	0.00065
0.0028	-0.0486	0.0182	-0.00017104226669544429	-5.061454830783555e-05	-6.283185307179586e-05	1.04055393	26.44905472	0.96159269	0.08591543646475804	0.00773287	0.00075
-0.0026	-0.1103	0.0599	7.155849933176751e-05	-5.759586531581287e-05	-8.726646259971648e-05	1.05055404	26.70324135	0.97321334	0.12250083462815547	0.00812328	0.00075
-0.0056	-0.0891	0.0738	5.585053606381854e-05	-0.00014486232791552936	-0.00013788101090755203	1.06115019	26.97257614	0.99877361	0.045779448708775046	0.00883669	0.00075
-0.0064	-0.084	0.0724	0.0001012290966156711	-2.792526803190927e-05	-0.0002181661564992912	1.02129388	25.95949936	0.96337351	0.019430038301360582	0.008075	0.00075
-0.0079	0.0075	0.0613	-6.981317007977319e-05	-6.45771823237902e-05	-5.235987755982989e-05	1.10639119	28.12252235	1.03229999	0.12277502299633931	0.0101281	0.00134
-0.0076	0.0204	0.0426	3.665191429188092e-05	0.00015707963267948963	-9.42477796076938e-05	1.00660908	25.58623695	0.95759039	0.0504004900711399	0.00813305	0.00075
-0.0029	-0.1176	0.0544	0.0002251474735072685	1.0471975511965975e-05	-0.00013788101090755203	1.11448729	28.32831192	1.03449999	0.1734368223841385	0.00904083	0.00107
-0.0046	-0.0793	0.0722	0.0002024581932313422	7.853981633974481e-05	-7.504915783575618e-05	0.98223197	24.96661377	0.93211292	0.06547944870877505	0.00918365	0.00119
-0.0067	-0.0656	0.0828	0.00010995574287564276	4.886921905584123e-05	-7.853981633974481e-05	0.9902581	25.17062378	0.93771923	0.03268318530717957	0.0105953	0.00264
-0.0073	-0.0041	0.0818	-0.00030194196059501896	0.00010297442586766544	0.0001012290966156711	1.1798557	29.98986053	1.08215372	0.09538859116189509	0.00784254	0.00125
-0.0065	-0.0709	0.0669	-0.00016231562043547262	0.00012217304763960306	6.283185307179586e-05	1.081604	27.49247551	0.98716356	0.09236111027376795	0.00791639	0.0011
-0.0075	-0.1249	0.0841	0.00010297442586766544	8.028514559173915e-05	8.552113334772214e-05	1.10615325	28.11647415	1.01770246	0.08869336143134639	0.00955254	0.00185
-0.0155	-0.1515	0.0997	9.075712110370512e-05	4.363323129985824e-05	1.0471975511965975e-05	1.02940643	26.16570663	0.96479168	0.056395918844579875	0.0115939	0.00312
-0.0218	-0.011	0.0898	0.00010821041362364843	7.504915783575618e-05	5.93411945678072e-05	1.14677155	29.14892197	1.06067792	0.1615869219055841	0.0128053	0.00389
-0.0219	-0.0527	0.0654	2.268928027592628e-05	0.00023212879051524583	0.00017453292519943296	1.15370119	29.32505989	1.08533999	0.08408962483294188	0.0115467	0.00356
-0.0184	-0.126	0.0465	0.00038397243543875244	0.00020594885173533088	-0.00010471975511965978	1.11390221	28.31343842	1.04222122	0.1290357887130917	0.0107524	0.00324
-0.0195	-0.1632	0.0736	0.0005270894341022875	0.00011344640137963142	-0.00011519173063162575	0.99571115	25.3092308	0.93943963	0.07770457122656003	0.0114059	0.00411
-0.0227	-0.1193	0.0847	0.0004974188368183839	0.00010471975511965978	-9.773843811168246e-05	1.08978212	27.7003479	1.01886637	0.060992526803190936	0.0124043	0.00301
-0.0252	-0.0033	0.084	5.585053606381854e-05	0.000153588974175501	8.028514559173915e-05	1.1152817	28.34850502	1.03834356	0.15262305517569139	0.0108858	0.00192
-0.024	-0.0051	0.0694	-6.632251157578452e-05	0.00020943951023931956	4.886921905584123e-05	1.02789283	26.12723351	0.96555959	0.028071975511965972	0.00899172	0.00119
-0.0192	-0.1479	0.0787	0.00031415926535897925	0.00014311699866353502	-5.585053606381854e-05	1.10692918	28.13619614	1.02301941	0.1844762021815104	0.0100446	0.00164
-0.0242	-0.1809	0.1004	0.0002251474735072685	0.00017453292519943296	-0.00013788101090755203	1.00340772	25.50486374	0.94093303	0.06982290966156711	0.010092	0.00185
-0.0269	-0.0969	0.1028	0.00010821041362364843	0.0002600540585471551	1.2217304763960308e-05	1.02779996	26.12487221	0.96134849	0.10672782544514273	0.0101169	0.00102
-0.0361	0.0217	0.0773	-8.726646259971648e-06	0.0005044001538263612	-3.665191429188092e-05	1.06826615	27.15345001	0.99201875	0.1738076187109333	0.00880796	0.00109
-0.032	-0.0942	0.0459	0.0005061454830783556	0.00039095375244672985	-0.00011170107212763708	1.1688683	29.71058083	1.08526735	0.18656838442768567	0.0106019	0.00159
-0.0344	-0.1937	0.0699	0.0008272860654453122	0.00041189770347066176	-0.00027925268031909274	1.16212404	29.53915405	1.06349043	0.1513818070791172	0.0116559	0.00314
-0.0415	-0.0878	0.0798	0.0005742133239061344	0.00026354471705114377	-0.00040317105721069014	1.11522281	28.34700775	1.03337156	0.14916720524251467	0.0116544	0.00334
-0.0491	0.0805	0.0515	0.0005427973973702365	0.0003647738136668148	-0.0004991641660703782	1.21223927	30.81299591	1.11313031	0.2156319066005629	0.0107671	0.00339
-0.0524	-0.1032	0.0323	0.001583013631558857	0.00039095375244672985	-0.0007592182246175333	1.24188197	31.56645966	1.1268592	0.2725225115757845	0.0121311	0.00417
-0.0547	-0.087	-0.0013	0.002097885760897184	0.0003787364476827695	-0.0009075712110370514	1.03918386	26.41423035	0.99034014	0.08587212102609028	0.0124726	0.00519
-0.0544	0.0157	-0.0056	0.0015812683023068625	0.000445058959258554	-0.0006335545184739417	1.0552628	26.82292747	0.98441516	0.15014783313646077	0.0112036	0.00336
-0.0436	-0.0092	-0.0158	0.001616174887346749	0.00034208453339088857	-0.000577703982410123	1.02137685	25.96160698	0.95977639	0.055586577348568526	0.0111354	0.00279
-0.0409	-0.157	0.0173	0.0017034413499464657	0.0003577924966588376	-0.000577703982410123	1.15644395	29.3947773	1.07052781	0.18874872129338327	0.0121455	0.00384
-0.0402	-0.0443	0.0194	0.001324704902263696	0.00024609142453120044	-0.0004136430327226561	1.11157608	28.25431252	1.03863714	0.1482249234748937	0.0104614	0.00155
-0.0386	0.0699	-0.0074	0.0012042771838760874	0.0003193952531149623	-0.0004049163864626844	1.13943911	28.96254158	1.064659	0.15272290966156707	0.0119556	0.0019
-0.0378	-0.092	0.0296	0.0015114551322270892	0.00032812189937493397	-0.000450294947014537	1.24850512	31.73480797	1.14767698	0.21776415775814129	0.0126567	0.00262
-0.0409	-0.0826	0.0315	0.0012775810124598492	0.00047822021504644627	-0.000619591884457987	1.10661566	28.12822723	1.04883984	0.042063468644110105	0.00946736	0.00107
-0.0386	0.0499	0.0114	0.001239183768915974	0.00040840704496667313	-0.0005724679946541401	1.1419909	29.02740479	1.06926221	0.16266671517137476	0.00953943	0.00122
-0.0314	-0.1127	0.0426	0.0014259339988793671	0.0002617993877991494	-0.0006422811647339132	1.13781977	28.921381	1.04743763	0.2211585528605345	0.010138	0.00177
-0.0364	-0.0842	0.0449	0.0010995574287564276	0.0003385938748868999	-0.0006038839211900379	1.00773811	25.61493492	0.94561414	0.05787841503772827	0.00955844	0.00124
-0.0412	0.0364	0.0188	0.0010245082709206715	0.0003438298626428829	-0.0006998770300497262	1.10094988	27.98421478	1.02545987	0.1603139127225714	0.0102873	0.00127
-0.0399	-0.0665	0.0381	0.0013055062804917586	0.0003525565089028545	-0.0009407324668249436	1.14472198	29.09682274	1.05352049	0.15002900463031382	0.00899076	0.00105
-0.0448	-0.0222	0.0536	0.0011519173063162574	0.0003001966313430247	-0.0010768681484805013	1.02812719	26.13319016	0.96722862	0.08180422666954441	0.0101872	0.00137
-0.05	-0.0296	0.0359	0.0010454522219446034	0.0003787364476827695	-0.0010070549784007281	1.09718812	27.88859558	1.03045569	0.0430409035395586	0.00851393	0.0009
-0.052	-0.0918	0.0377	0.0012688543661998775	0.000322885911618951	-0.0011798425743481666	1.05966151	26.93473625	0.98890744	0.08860201381332654	0.00971901	0.00114
-0.0452	-0.1041	0.0545	0.0013055062804917586	0.0003159045946109737	-0.0008587019919812101	1.05782521	26.88806152	0.99759346	0.05413869068334074	0.0103241	0.00147
-0.0432	0.0255	0.0188	0.0009459684545809266	0.00045902159327450867	-0.0007208209810736582	1.12975192	28.71631241	1.0452569	0.19932679177409596	0.00909454	0.00062
-0.0403	-0.0164	0.0108	0.0010559241974565693	0.00037350045992678646	-0.0007033676885537148	1.10381401	28.05701637	1.02619299	0.06344650843716541	0.0135019	0.00197
-0.0426	-0.1257	0.0432	0.0011798425743481666	0.000312413936106985	-0.0008482300164692441	1.17433238	29.84946823	1.08926203	0.16049336143134643	0.0100303	0.0011
-0.0373	-0.0159	0.0375	0.000853466004225227	0.0002652900463031381	-0.0007120943348136865	1.10028994	27.96743965	1.02313012	0.1462818070791172	0.0105326	0.00089
-0.034	0.0128	0.0127	0.0007208209810736582	0.00029845130209103034	-0.0006544984694978735	1.0183351	25.8842926	0.95457648	0.0679701072127637	0.0105687	0.00065
-0.038	-0.0864	0.0445	0.0010122909661567112	0.00017104226669544429	-0.0008203047484373349	1.09317136	27.78649712	1.01131392	0.164234264970905	0.011459	0.00119
-0.0386	-0.0266	0.0557	0.000947713783832921	0.00014137166941154068	-0.0009337511498169664	1.02909601	26.15781403	0.95165484	0.08198470904936629	0.0106136	0.00114
-0.0442	-0.0174	0.0537	0.0007853981633974483	0.00028797932657906436	-0.0009529497715889039	1.08551896	27.5919857	1.02171405	0.0332060949687467	0.00780594	0.00085
-0.0475	-0.0777	0.0665	0.0010471975511965976	0.00016929693744344995	-0.001048942880448592	1.03279233	26.25177002	0.96988636	0.1002237442897226	0.00948524	0.00117
-0.0452	-0.0331	0.0641	0.0009442231253289323	0.0002007128639793479	-0.0010471975511965976	1.02770877	26.12255287	0.9708769	0.05610678408277789	0.0100896	0.00142
-0.0515	0.0309	0.0419	0.0006928957130417488	0.0003700098014227979	-0.0008429940287132613	1.07575643	27.34383965	0.99713634	0.12374139361069848	0.00847077	0.00077
-0.0449	-0.026	0.0331	0.001054178868204575	0.00033684854563490564	-0.0010175269539126942	1.20031488	30.50989723	1.11632541	0.10074886680750755	0.00915158	0.00092
-0.0457	-0.0646	0.0567	0.001117010721276371	0.00017278759594743863	-0.0010262536001726657	1.0496099	26.67924309	0.97787188	0.07478097245096171	0.00883001	0.00092
-0.0443	0.0547	0.0355	0.0005550147021341969	0.00019024088846738194	-0.0008220500776893293	1.23643303	31.42795944	1.13892398	0.18108264170727267	0.0101567	0.00107
-0.0411	0.0003	0.0126	0.0007155849933176752	0.0003438298626428829	-0.0007190756518216638	1.12172294	28.51222992	1.04845552	0.1013566845613322	0.00856864	0.00073
-0.041	-0.0725	0.0471	0.0008080874436733745	0.00020943951023931956	-0.0008464846872172499	1.08902574	27.68112183	1.00269917	0.12511509190774242	0.00940114	0.0005
-0.0435	-0.0124	0.0579	0.000486946861306418	0.0003106686068549907	-0.0006073745796940267	1.04075837	26.45425034	0.9681902	0.10647398932529253	0.00820112	0.00045
-0.0458	0.0227	0.0413	0.0002652900463031381	0.0002495820830351891	-0.0005794493116621174	1.05423212	26.79673004	0.98354492	0.06953343034274953	0.00959718	0.00097
-0.0418	-0.0501	0.0323	0.0006318091892219474	0.00035430183815484887	-0.000577703982410123	1.12459791	28.58530617	1.03647182	0.10944921136452318	0.00801492	0.00087
-0.0402	-0.0711	0.0605	0.0007888888219014368	0.0002583087292951608	-0.0006649704450098395	1.05155909	26.72878838	0.98964138	0.0678169602069447	0.00889742	0.00078
-0.0422	0.0435	0.0516	0.00030194196059501896	0.0004363323129985824	-0.0005619960191421741	1.09704411	27.88493538	1.00904548	0.16389724354387522	0.00765562	0.00057
-0.0417	-0.0351	0.0418	0.0004415683007545654	0.0003298672286269283	-0.0006859143960337716	1.18913996	30.22585106	1.08779673	0.10740049007113991	0.00857389	0.0006
-0.0429	-0.084	0.0657	0.0007801621756414653	0.00017627825445142725	-0.0008936085770210966	1.06411433	27.04791832	0.98464026	0.10899385150248632	0.00835609	0.00072
-0.0444	0.0304	0.0535	0.0004939281783143952	0.0001308996938995747	-0.0007016223593017205	1.15173101	29.27498055	1.05889087	0.15427993877991492	0.0105328	0.0011
-0.0466	0.0413	0.0277	0.00030368728984701333	0.000466002910282486	-0.0005811946409141118	1.18509841	30.12312126	1.10573792	0.07118859116189509	0.00815737	0.00058
-0.0437	-0.0912	0.0613	0.0006003932626860494	0.00019547687622336493	-0.0006370451769779302	1.16060591	29.50056458	1.05067254	0.2001541271480988	0.00866365	0.00067
-0.0377	-0.0605	0.0782	0.0005602506898901797	0.00020420352248333657	-0.000640535835481919	1.04804647	26.63950157	0.98150725	0.05621799387799153	0.00863618	0.00052
-0.04	0.0722	0.0594	0.00019024088846738194	0.00038048177693476387	-0.00045902159327450867	1.19937944	30.48612213	1.10268397	0.19019011490408175	0.00867474	0.00083
-0.0371	-0.0224	0.0421	0.0004939281783143952	0.00045553093477052	-0.0003892084231947355	1.09948325	27.94693565	1.00984833	0.13722748088812714	0.00772822	0.00077
-0.0318	-0.1061	0.061	0.0008290313946973065	0.0003054326190990077	-0.0004310963252425994	1.10997999	28.21374321	1.02262577	0.13425447170511437	0.00949389	0.00107
-0.036	-0.0096	0.0494	0.00040317105721069014	0.00042760566673861073	-0.00029845130209103034	1.13902307	28.95196915	1.03351728	0.14633392041388943	0.00770128	0.00038
-0.037	0.0832	0.0211	0.00021642082724729686	0.0003316125578789226	-0.0003822271061867582	1.1316278	28.76399422	1.02343885	0.14042595714594044	0.00849891	0.0006
-0.0389	-0.0655	0.0389	0.0006527531402458793	0.00041189770347066176	-0.00041713369122664475	1.16863203	29.70457649	1.05964268	0.1959762021815104	0.00732106	0.0005
-0.0434	-0.1202	0.0612	0.0005044001538263612	0.00035604716740684323	-0.0005742133239061344	1.08580577	27.5992775	0.99603075	0.09956415775814131	0.00887138	0.00065
-0.0441	0.0034	0.0564	0.0001832595714594046	0.00041713369122664475	-0.0004206243497306334	1.12730193	28.65403557	1.02821264	0.15589080401811295	0.00731486	0.00037
-0.0491	-0.0166	0.04	0.00032812189937493397	0.000317649923862968	-0.0005113814708343385	1.08914804	27.6842308	1.00261339	0.058155160819145554	0.00823492	0.00057
-0.0502	-0.0842	0.0603	0.0004886921905584122	0.00028797932657906436	-0.0005393067388662478	1.028144	26.13361549	0.95983365	0.09990830782496456	0.00897193	0.00072
-0.0533	0.0137	0.065	0.0002024581932313422	0.000317649923862968	-0.00045902159327450867	1.09221053	27.76207542	1.0128808	0.12550948701013565	0.00873703	0.0009
-0.05	0.0691	0.0355	0.00014660765716752367	0.00038397243543875244	-0.000582939970166106	1.09309459	27.78454781	1.01273452	0.10050457122656	0.00751144	0.00042
-0.0472	-0.1033	0.0503	0.00039968039870670147	0.00027925268031909274	-0.0007609635538695277	1.16713071	29.66641617	1.05593592	0.21679080401811293	0.00802803	0.00048
-0.0502	-0.0025	0.0586	0.00037524578917878077	0.0002303834612632515	-0.0008691739674931761	1.08901477	27.68084335	1.0055585	0.12117571211037052	0.00735122	0.00037
-0.0517	0.0311	0.046	0.00010821041362364843	0.00041713369122664475	-0.0006318091892219474	1.03885627	26.40590286	0.96503621	0.08225751918948772	0.0075416	0.00058
-0.0533	-0.0416	0.0346	0.0003769911184307752	0.0003944444109507184	-0.0006998770300497262	1.05399668	26.79074669	0.97984852	0.10367689129554158	0.00893617	0.00045
-0.0544	-0.0652	0.0487	0.0004363323129985824	0.0002548180707911721	-0.0008237954069413235	1.02993286	26.17908669	0.95554599	0.05494429558094754	0.00792241	0.00045
-0.0578	0.033	0.0465	0.0001605702911834783	0.00033335788713091696	-0.0007766715171374765	1.12172472	28.51227379	1.02828413	0.1238712863979348	0.00784665	0.00038
-0.0616	-0.0494	0.0252	0.0004310963252425994	0.00039095375244672985	-0.0008325220532012951	1.12254095	28.53302002	1.02501143	0.12669862177193764	0.00690275	0.00043
-0.0617	-0.0369	0.0363	0.0005619960191421741	0.00037524578917878077	-0.0008325220532012951	1.09950769	27.94755745	1.01253972	0.03103038285837618	0.00801492	0.00052
-0.0524	0.049	0.0273	0.0004729842272904633	0.0002495820830351891	-0.0008464846872172499	1.1237253	28.56312561	1.03236612	0.11563190660056286	0.00743687	0.00047
-0.0499	-0.0879	0.0555	0.0004939281783143952	-3.4906585039886588e-06	-0.0008255407361933179	1.15069604	29.24867439	1.03738885	0.18234803217935208	0.00817132	0.00053
-0.0472	-0.0103	0.0651	7.853981633974481e-05	5.585053606381854e-05	-0.0008220500776893293	1.07648802	27.36243629	0.99178532	0.11381101075232232	0.00716668	0.00035
-0.0488	0.0201	0.0472	-6.108652381980153e-05	0.00024609142453120044	-0.0006126105674500097	1.05408227	26.79292107	0.98219784	0.0768653369433124	0.00794935	0.00057
-0.0453	-0.0753	0.064	0.0003054326190990077	4.18879020478639e-05	-0.0007871434926494425	1.09831369	27.91720581	1.00319358	0.15296277953007895	0.00930041	0.00089
-0.0498	-0.0556	0.0654	0.00032812189937493397	4.18879020478639e-05	-0.0006824237375297829	1.0787605	27.42019844	1.00490939	0.03197045176977929	0.00883251	0.00068
-0.0569	0.0326	0.0444	8.552113334772214e-05	0.00023911010752322313	-0.0006719517620178169	1.11480665	28.33642769	1.02299413	0.13881474735072682	0.00734764	0.00053
-0.0588	-0.055	0.0452	0.0005096361415823442	0.0002181661564992912	-0.0008150687606813518	1.08933353	27.68894768	1.00357066	0.11970879789610445	0.00769436	0.00062
-0.0581	-0.0345	0.0526	0.0003892084231947355	0.00017976891295541595	-0.0009564404300928925	1.01886237	25.89769363	0.95185054	0.04360983156715123	0.00697136	0.00037
-0.0625	-0.0174	0.046	0.0002251474735072685	0.00028099800957108706	-0.0009040805525330626	1.01501071	25.79979134	0.94572026	0.0439824961931484	0.00701755	0.00038
-0.0638	0.0715	0.0246	0.00042935099599060504	0.00034906585039886593	-0.0009093165402890458	1.04941785	26.67436028	0.97906396	0.12547536755335492	0.00873893	0.0007
-0.0563	-0.0914	0.0483	0.000619591884457987	7.155849933176751e-05	-0.0008866272600131194	1.20546091	30.64070129	1.09851452	0.21862187599052033	0.00976098	0.00092
-0.0635	0.02	0.0479	0.00027925268031909274	0.0001658062789394613	-0.0007539822368615504	1.12189424	28.5165844	1.03017734	0.14736160034490786	0.00705689	0.00027
-0.0594	0.0089	0.0207	0.0003595378259108319	0.00022863813201125715	-0.0006597344572538566	1.11628175	28.37392235	1.03756945	0.054268238913561445	0.0100486	0.00082
-0.0557	-0.0923	0.051	0.00038397243543875244	0.00022689280275926284	-0.0007208209810736582	1.09683514	27.87962341	1.01113584	0.1395633231299858	0.00844252	0.00032
-0.0496	-0.0104	0.0379	0.00010471975511965978	0.0002199114857512855	-0.0007173303225696694	1.08129108	27.48452187	0.99167829	0.11558623279155292	0.00749165	0.00038
-0.0539	0.0472	-0.0053	-8.37758040957278e-05	0.0002722713633111154	-0.0005951572749300663	1.09103358	27.73216057	1.00929026	0.12325142422074103	0.00938994	0.00043
-0.0566	-0.1072	0.0252	0.0001832595714594046	0.000307177948351002	-0.00048520153205442357	1.23235321	31.3242569	1.12384452	0.20819488517353313	0.00961834	0.00075
-0.0524	-0.0204	0.0332	9.075712110370512e-05	0.00033335788713091696	-0.0005096361415823442	1.12384987	28.56629181	1.03497716	0.10615584993317675	0.0075897	0.00033
-0.0514	0.0773	0.0059	-0.0001937315469713706	0.0004485496177625427	-0.0005358160803622592	1.19767165	30.44271088	1.101981	0.14729301687433083	0.00824398	0.00073
-0.0514	-0.0143	0.0047	8.028514559173915e-05	0.0003769911184307752	-0.0006318091892219474	1.14394808	29.07715225	1.03352204	0.11487841503772828	0.00684321	0.0004
-0.0527	-0.0576	0.0389	0.00017453292519943296	0.00013962634015954637	-0.0007819075048934597	1.08817875	27.65959358	0.99362136	0.10288554367752172	0.00654304	0.0004
-0.0515	-0.0179	0.0322	-6.632251157578452e-05	0.00010821041362364843	-0.0006981317007977319	1.12621975	28.62652969	1.03342052	0.06540235837034215	0.00771093	0.00042
-0.0494	0.0256	0.0176	-0.00017104226669544429	0.0002478367537831948	-0.0006387905062299246	1.04885149	26.65996552	0.96725765	0.07538436449235064	0.00776494	0.00038
-0.0508	-0.0686	0.0373	0.00011519173063162575	0.0001884955592153876	-0.0007679448708775049	1.11608613	28.36894989	1.02914236	0.13903647782712286	0.00846452	0.00045
-0.0545	0.024	0.0399	0.0001361356816555577	0.00020420352248333657	-0.0007906341511534313	1.05608904	26.84392929	0.98101031	0.10186705972839036	0.00864571	0.00062
-0.0497	0.1001	0.012	-0.00013962634015954637	0.0002617993877991494	-0.000635299847725936	1.10444486	28.07304955	1.02676569	0.1332346095279206	0.0119284	0.00172
-0.0495	-0.0185	-0.0016	8.028514559173915e-05	0.00030194196059501896	-0.0006038839211900379	1.37115467	34.85234451	1.26742268	0.14697349925415265	0.0100337	0.00055
-0.0527	-0.0643	0.0358	0.00022689280275926284	0.00028274333882308137	-0.000731292956585624	1.21377349	30.85199165	1.11708966	0.10106076571675233	0.00802159	0.00038
-0.0504	-0.0233	0.0445	0.00010995574287564276	0.00017278759594743863	-0.0007382742735936014	1.09948885	27.9470768	1.0223464	0.063693705988362	0.0068481	0.0004
-0.0445	0.0534	0.0297	-0.0001064650843716541	0.0002600540585471551	-0.0005881759579220891	1.04918993	26.66856575	0.96147801	0.12008928027592627	0.00667292	0.00042
-0.0443	0.0096	0.0206	-2.792526803190927e-05	0.00021118483949131387	-0.0005340707511102648	1.14871216	29.19824791	1.0628725	0.062175712110370526	0.0107694	0.00184
-0.0481	-0.0784	0.0462	6.981317007977319e-05	0.00015184364492350666	-0.0006928957130417488	1.19006884	30.24946213	1.09859108	0.13319522973054868	0.00794065	0.00047
-0.052	-0.0486	0.0707	-5.759586531581287e-05	0.00017627825445142725	-0.0008447393579652555	1.0388087	26.4046936	0.96078058	0.07338436449235065	0.00710988	0.00027
-0.057	0.0016	0.0699	-0.00028623399732707005	0.00022689280275926284	-0.0007906341511534313	1.05627227	26.84858894	0.97404206	0.07266789435654582	0.0069474	0.00027
-0.0564	-0.0248	0.0397	-9.250245035569947e-05	0.00031415926535897925	-0.0008203047484373349	1.06573045	27.08899879	0.99185138	0.07273343034274954	0.00765395	0.00037
-0.0616	-0.0683	0.0612	0.00015184364492350666	0.0002670353755551324	-0.0009843656981248017	1.07729352	27.38291168	1.00368613	0.09297654673852598	0.00727981	0.00033
-0.0661	-0.035	0.0699	8.37758040957278e-05	0.00023387411976724014	-0.0009896016858807848	0.98834747	25.12205887	0.93289713	0.05182325421858272	0.00724077	0.00037
-0.0622	0.0549	0.0597	-0.0003665191429188092	0.0004188790204786391	-0.0008203047484373349	1.0974499	27.89525223	1.01733512	0.14422983925846933	0.00853604	0.00035
-0.0634	0.0085	0.0366	-3.665191429188092e-05	0.0003647738136668148	-0.0008342673824532895	1.04310262	26.51383781	0.9625967	0.09059675347273537	0.00873357	0.00038
-0.0652	-0.0924	0.0655	6.981317007977319e-05	0.00034033920413889426	-0.000932005820564972	1.08351946	27.5411644	0.99014754	0.14303190660056286	0.00758618	0.00033
-0.0684	0.0058	0.0507	3.839724354387525e-05	0.0002897246558310587	-0.000926769832808989	1.11868834	28.43509483	1.02381677	0.1205633231299858	0.00698209	0.00052
-0.0643	0.0498	0.0119	-4.0142572795869576e-05	0.0004537856055185257	-0.0007592182246175333	1.08016348	27.45586014	0.99259319	0.1074076187109334	0.00674337	0.00033
-0.0598	-0.0183	0.0149	0.000307177948351002	0.00033684854563490564	-0.0007382742735936014	1.16409755	29.58931732	1.07561026	0.09986007660272118	0.00845885	0.00055
-0.0606	-0.0846	0.0468	0.0002513274122871834	0.00027750735106709843	-0.0007295476273336296	1.02798128	26.12948036	0.95311982	0.10519591884457986	0.00858808	0.00062
-0.0658	0.0779	0.0156	-3.490658503988659e-05	0.0003577924966588376	-0.0007086036763096977	1.2050904	30.63128471	1.09225143	0.218273154697137	0.00703424	0.00045
-0.0611	0.0225	-0.0015	-3.141592653589793e-05	0.00039793506945470715	-0.0007243116395776468	1.06168497	26.98616791	0.97266741	0.08016705972839037	0.00679046	0.00023
-0.0604	-0.0182	0.0317	0.00013264502315156904	0.0002548180707911721	-0.0008429940287132613	1.06318903	27.02440071	0.97418075	0.09589301687433081	0.00661194	0.0005
-0.0632	-0.0208	0.0508	-4.537856055185256e-05	0.0003525565089028545	-0.0007801621756414653	1.01833987	25.88441277	0.94196995	0.041429693744345	0.00695258	0.00027
-0.0626	-0.028	0.043	-0.00034033920413889426	0.0003874630939427412	-0.0008080874436733745	1.00957787	25.66169739	0.93868986	0.033489624832941885	0.00707936	0.00037
-0.0608	-0.0248	0.0317	-0.0002024581932313422	0.0003892084231947355	-0.0008377580409572782	1.0145756	25.78873062	0.93775549	0.024764846872172508	0.00813818	0.00035
-0.0618	-0.0793	0.0492	-1.5707963267948964e-05	0.0002897246558310587	-0.0008168140899333463	1.03960431	26.42491722	0.97020289	0.0883588974175501	0.00752622	0.0003
-0.0625	0.0704	0.0375	-0.0002600540585471551	0.0002722713633111154	-0.0005951572749300663	1.21712148	30.93709183	1.10805713	0.18627281014012148	0.00952184	0.00095
-0.0681	0.035	-0.0107	-0.0002129301687433082	0.0005131268000863328	-0.0005672320068981572	1.43707871	36.52801895	1.3307134	0.10499522973054869	0.00984287	0.00085
-0.0684	-0.0983	0.0056	5.759586531581287e-05	0.00040317105721069014	-0.0006684611035138282	1.29606879	32.94379425	1.17529179	0.17398554367752173	0.007379	0.00053
-0.0687	-0.0017	0.0395	0.0001186823891356144	0.00021642082724729686	-0.0007347836150896127	1.1220485	28.520504	1.03557326	0.14650796326794896	0.00690579	0.00037
-0.0654	0.0742	0.0168	-0.0001291543646475804	0.00032812189937493397	-0.0006213372137099814	1.11311948	28.29354286	1.02585332	0.12554921136452316	0.00733072	0.00048
-0.0635	0.0737	-0.0012	-0.00022863813201125715	0.0003193952531149623	-0.0007278022980816354	1.02919769	26.16040039	0.95031863	0.03113377489976512	0.00777215	0.00055
-0.0597	-0.0584	0.0257	-0.0	0.00034557519189487725	-0.0007749261878854823	1.14384162	29.07444763	1.03692442	0.17789709802975096	0.00711626	0.0003
-0.0615	-0.0403	0.0491	-4.0142572795869576e-05	0.0003473205211468716	-0.0007417649320975902	1.06480563	27.06549072	0.98397685	0.0470524578917878	0.00705338	0.00037
-0.0483	-0.0111	0.0504	-0.00034906585039886593	0.0005026548245743669	-0.0006841690667817771	1.05283237	26.76115227	0.97044149	0.06979267231731524	0.00721788	0.00023
-0.0548	0.0785	0.0061	-0.00017976891295541595	0.00039095375244672985	-0.0006126105674500097	1.0901897	27.71070862	1.00132763	0.1580278254451427	0.00925314	0.00048
-0.0549	-0.0692	0.0313	1.7453292519943296e-05	0.00034906585039886593	-0.0006719517620178169	1.16308463	29.56357002	1.05326035	0.18792256510455152	0.00837135	0.00048
-0.0616	-0.0049	0.0537	-5.759586531581287e-05	0.00037350045992678646	-0.000710349005561692	1.05114567	26.71827888	0.97135002	0.1002940505453776	0.00770235	0.00042
-0.0672	0.0633	0.0536	-0.0004049163864626844	0.00042236967898262774	-0.0005654866776461627	1.11876702	28.43709373	1.02248146	0.10095260340591208	0.0078252	0.00053
-0.0689	0.0246	0.038	-0.0002251474735072685	0.000445058959258554	-0.0006387905062299246	1.17528164	29.8735981	1.07661971	0.0697881010907552	0.00760305	0.00047
-0.0681	-0.0441	0.0685	-0.0001291543646475804	0.0002478367537831948	-0.0008168140899333463	1.20452988	30.61703682	1.10311976	0.12356194490192345	0.00750792	0.0005
-0.0728	-0.0074	0.0708	-0.00028099800957108706	0.00035604716740684323	-0.0009930923443847736	1.19267917	30.31581306	1.11377615	0.06551661564992912	0.00788474	0.00045
-0.0722	-0.0148	0.0689	-0.000577703982410123	0.0004799655442984406	-0.0007487462491055673	1.04832983	26.64670563	0.9741136	0.04314852225049198	0.00688803	0.00045
-0.0764	0.0453	0.0441	-0.00038571776469074686	0.00041015237421866745	-0.0008831366015091308	1.05154324	26.72838402	0.97122512	0.10890948701013561	0.00741917	0.0003
-0.0763	-0.0479	0.06	-0.00021118483949131387	0.00042935099599060504	-0.000905825881785057	1.05349994	26.77812004	0.9749815	0.12002104136236481	0.00766993	0.00035
-0.0739	-0.0071	0.0569	-0.00022165681500327985	0.0003874630939427412	-0.0007679448708775049	1.03387988	26.27941132	0.96071453	0.05581204442336912	0.00888431	0.00077
-0.0662	0.0824	0.0513	-0.0005794493116621174	0.0004206243497306334	-0.0006963863715457374	1.07492685	27.32275581	0.99141739	0.12592561258892485	0.00756484	0.00053
-0.0555	-0.0205	0.0425	-0.00023911010752322313	0.0003595378259108319	-0.0007243116395776468	1.17504323	29.86753654	1.07285971	0.14386754979953023	0.00739509	0.0003
-0.0593	-0.0736	0.078	-0.00016231562043547262	0.0002600540585471551	-0.0008569566627292158	1.14624393	29.13550949	1.04252222	0.1078461638801498	0.00743407	0.00025
-0.0582	-0.0056	0.0675	-0.00013788101090755203	0.0003001966313430247	-0.0008115781021773631	1.0593586	26.92703629	0.9754082	0.08509778714378213	0.00802082	0.00045
-0.065	0.094	0.0425	-0.0004625122517784973	0.0003874630939427412	-0.0006632251157578452	1.1128335	28.28627396	1.00892312	0.15941253449450898	0.00765866	0.00047
-0.0626	-0.0119	0.0377	-0.0001972222054753592	0.000312413936106985	-0.0008674286382411819	1.14419997	29.08355522	1.03115258	0.14032713633111155	0.00651443	0.00035
-0.0676	-0.0418	0.0668	-0.00011344640137963142	0.00030368728984701333	-0.0008726646259971648	1.10362971	28.05233002	1.01913878	0.06888692190558411	0.00760376	0.00042
-0.0725	-0.0044	0.0617	-0.0003001966313430247	0.00037350045992678646	-0.0008552113334772215	1.07535613	27.33366585	0.99990729	0.061100834628155486	0.007815	0.0005
-0.0728	-0.0238	0.0284	-0.00027576202181510406	0.0005846852994181004	-0.0005742133239061344	1.04131675	26.46844482	0.96507311	0.07883087292951609	0.00778115	0.00062
-0.0662	-0.0799	0.0394	0.00013264502315156904	0.00048345620280242926	-0.0005270894341022875	1.04096103	26.45940208	0.97268667	0.10153800156930955	0.00875324	0.00053
-0.0677	-0.0208	0.0432	-2.268928027592628e-05	0.00047822021504644627	-0.0004433136300065597	1.04470456	26.5545578	0.96640875	0.07661730476396032	0.00700855	0.0003
-0.0732	0.0696	0.0213	-0.000312413936106985	0.0005759586531581287	-0.00039968039870670147	1.09516418	27.83715248	1.00211241	0.13935481626212995	0.00737947	0.00043
-0.0707	-0.0879	0.0164	-0.00016406094968746698	0.0005497787143782138	-0.0004886921905584122	1.16326714	29.5682106	1.05295928	0.1780772358525572	0.00723094	0.00033
-0.0754	-0.0687	0.0551	-9.948376736367679e-05	0.0005602506898901797	-0.0006736970912698113	1.0328933	26.2543354	0.95814724	0.07560270292735775	0.00678617	0.0004
-0.0705	0.0149	0.0628	-0.0003577924966588376	0.0005567600313861911	-0.0005270894341022875	1.04369664	26.52893829	0.95858535	0.11662035224833364	0.00611866	0.00038
-0.0694	0.0936	0.0287	-0.0004415683007545654	0.000645771823237902	-0.0004310963252425994	1.1017648	28.00492668	1.01269815	0.1273390352403563	0.00847501	0.00052
-0.0674	-0.0379	0.0259	-0.00015707963267948963	0.0005951572749300663	-0.0006021385919380437	1.17398107	29.84053802	1.05719518	0.1616072741539178	0.00650233	0.0003
-0.0618	-0.0698	0.0674	-0.0001937315469713706	0.00040666171571467877	-0.0006736970912698113	1.2023654	30.56201935	1.09938281	0.09383529864195181	0.0108646	0.00154
-0.0622	0.0123	0.0536	-0.0003577924966588376	0.0003211405823669566	-0.0006771877497737998	1.25743985	31.96191597	1.15377673	0.10895363707695888	0.00622004	0.00022
-0.0601	-0.0056	0.0298	-0.0005340707511102648	0.0004799655442984406	-0.0004520402762665313	1.05279505	26.76020241	0.98253599	0.07181253449450899	0.00734025	0.00033
-0.0577	-0.0313	0.0171	-0.0003054326190990077	0.00048520153205442357	-0.000439822971502571	1.02679694	26.09937668	0.95652763	0.05310457122656002	0.00815254	0.00028
-0.0592	-0.064	0.0516	-0.00022863813201125715	0.0004799655442984406	-0.0005462880558742252	1.03939295	26.41954613	0.97366283	0.07812477796076937	0.00813639	0.00067
-0.0608	0.0392	0.0697	-0.000593411945678072	0.000619591884457987	-0.000577703982410123	1.03667235	26.3503933	0.96425536	0.14969080401811297	0.00831831	0.00083
-0.0596	0.1206	0.0644	-0.0008569566627292158	0.0004729842272904633	-0.0006161012259539982	1.21232522	30.81517982	1.13267051	0.11032748088812712	0.0109043	0.00142
-0.0653	0.0097	0.0705	-0.0005619960191421741	0.00046949356878647465	-0.0007382742735936014	1.11999047	28.46819305	1.03274952	0.14373121748653167	0.0077877	0.00043
-0.0734	-0.0489	0.0879	-0.0007906341511534313	0.0004310963252425994	-0.0007993607974134029	1.06306553	27.02125931	0.99310204	0.10050609496874673	0.00893539	0.00043
-0.0739	0.0017	0.074	-0.0010070549784007281	0.0005864306286700947	-0.0006998770300497262	1.13253665	28.78709412	1.05304263	0.08856194490192344	0.00679123	0.00028
-0.0708	0.0412	0.046	-0.000450294947014537	0.00046425758103049166	-0.0007243116395776468	1.05233681	26.74855614	0.98336694	0.10576838442768571	0.00711805	0.00033
-0.0669	-0.1029	0.0627	-0.0003961897402027128	0.0004136430327226561	-0.0007347836150896127	1.13552165	28.86296844	1.03403245	0.1704595865315813	0.00780475	0.00043
-0.0765	0.0852	0.0605	-0.000804596785169386	0.0005044001538263612	-0.0007347836150896127	1.1850338	30.12147903	1.07409546	0.22485820830351888	0.00682324	0.00032
-0.0704	0.0739	0.053	-0.0007295476273336296	0.0004729842272904633	-0.0007155849933176752	1.07759976	27.39069366	1.01198974	0.03118318530717959	0.00862426	0.00065
-0.0708	-0.0817	0.0681	-0.0003961897402027128	0.0004956735075663896	-0.0007609635538695277	1.21067524	30.77324104	1.11006825	0.1911712863979348	0.0064286	0.0003
-0.0709	-0.0003	0.0827	-0.0005742133239061344	0.0004049163864626844	-0.0008639379797371932	1.0498656	26.68574142	0.97866365	0.11468775653373962	0.00601715	0.00033
-0.0726	0.0513	0.0638	-0.0008028514559173916	0.0004799655442984406	-0.0006894050545377602	1.02305233	26.00419426	0.95282929	0.09611101075232233	0.00676733	0.00037
-0.0699	0.07	0.0295	-0.0008377580409572782	0.0005044001538263612	-0.0006021385919380437	1.03204656	26.23281288	0.95988854	0.06303038285837619	0.00696445	0.00053
-0.0717	-0.0369	0.0586	-0.000582939970166106	0.0003473205211468716	-0.0007400196028455958	1.14500082	29.10391045	1.01045268	0.16528893571891068	0.00632107	0.00025
-0.0697	-0.0375	0.0694	-0.0006265732014659643	0.0004206243497306334	-0.0007661995416255106	1.07520306	27.32977486	0.99822442	0.02055584993317675	0.00774115	0.00048
-0.0731	0.0567	0.034	-0.0007871434926494425	0.0003717551306747922	-0.0005235987755982988	1.1928798	30.32091141	1.09559224	0.15560201381332656	0.00811207	0.0009
-0.0734	-0.0126	-0.0006	-0.0005811946409141118	0.0005585053606381855	-0.0006038839211900379	1.21333766	30.84091377	1.12687941	0.12784921136452315	0.0108022	0.00085
-0.0698	-0.088	0.0333	-0.0003193952531149623	0.00047123889803846896	-0.0008063421144213803	1.15745246	29.42041206	1.06662255	0.1404762021815104	0.00768816	0.0004
-0.0694	-0.0306	0.0473	-0.0003944444109507184	0.0004049163864626844	-0.0008272860654453122	1.01803339	25.87662125	0.95241984	0.07991578102177363	0.00718892	0.0003
-0.0666	0.073	0.0264	-0.0007330382858376184	0.00042760566673861073	-0.0007470009198535729	1.06799638	27.146595	0.97519406	0.14937841503772828	0.0084635	0.00063
-0.0628	-0.0328	0.0287	-0.0006684611035138282	0.0002513274122871834	-0.0008412486994612669	1.10348272	28.04859543	1.01086452	0.1286551608191456	0.00811279	0.00067
-0.0673	-0.0735	0.0696	-0.0005724679946541401	0.0001972222054753592	-0.0009808750396208131	1.1310029	28.74810791	1.04522176	0.10058623279155292	0.00901741	0.00089
-0.073	0.0448	0.0733	-0.0006527531402458793	0.00027576202181510406	-0.0010070549784007281	1.17192936	29.78838921	1.08480245	0.1369502450355699	0.00670707	0.00043
-0.072	0.0063	0.0751	-0.001064650843716541	0.0003787364476827695	-0.0007888888219014368	1.12958038	28.7119503	1.06507713	0.07795191429188093	0.00899935	0.00065
-0.0727	-0.0598	0.0615	-0.0007470009198535729	0.00027750735106709843	-0.0011239920382843482	1.06579363	27.09060478	0.99587423	0.11809911184307752	0.00686818	0.00033
-0.0765	-0.027	0.0719	-0.0007225663103256524	0.00023387411976724014	-0.0010140362954087054	1.05277157	26.75960732	0.97910486	0.05590117918517108	0.00690377	0.00015
-0.0724	0.1187	0.0356	-0.0009773843811168245	0.0003717551306747922	-0.0009040805525330626	1.15458405	29.34749985	1.05986551	0.21123274122871832	0.00787818	0.00068
-0.0695	-0.0543	0.0346	-0.0007557275661135446	0.0003647738136668148	-0.0008011061266653974	1.24208343	31.57158089	1.13660129	0.19348062789394607	0.00842714	0.00058
-0.0693	-0.0867	0.0648	-0.0006178465552059926	0.0004520402762665313	-0.0008918632477691023	1.16267717	29.55321312	1.08392173	0.0785952297305487	0.00781047	0.00048
-0.0706	0.0188	0.0639	-0.0007086036763096977	0.0004625122517784973	-0.0007976154681614085	1.04886901	26.66040993	0.97402207	0.11747384381116822	0.00700206	0.0002
-0.0691	0.0682	0.0407	-0.0009040805525330626	0.0005061454830783556	-0.000640535835481919	1.03277493	26.25132561	0.96383537	0.09390948701013564	0.00756729	0.00027
-0.0707	-0.0503	0.0537	-0.0007173303225696694	0.0005026548245743669	-0.0008883725892651138	1.09385991	27.80399895	1.00289994	0.15500388211252883	0.00696611	0.00042
-0.0707	-0.0763	0.0755	-0.0006894050545377602	0.00034906585039886593	-0.0009389871375729493	1.02800667	26.13012695	0.9608762	0.059406439525762286	0.00755054	0.00032
-0.0734	0.0399	0.0681	-0.0010611601852125523	0.0004310963252425994	-0.0008848819307611251	1.04980016	26.68407822	0.96504123	0.15169454061651752	0.00732905	0.00027
-0.0738	0.0128	0.0536	-0.0008237954069413235	0.0004537856055185257	-0.0009494591130849152	1.01714098	25.85393906	0.95084448	0.05823156204354725	0.00766891	0.00033
-0.0747	-0.0546	0.0698	-0.0006824237375297829	0.0003612831551628262	-0.0009843656981248017	1.01298094	25.74819756	0.94990728	0.09793903524035633	0.00785524	0.00043
-0.0785	0.0263	0.0679	-0.0010000736613927507	0.00041538836197465044	-0.0010559241974565693	1.03508162	26.30995941	0.96524836	0.10876568150032796	0.00702918	0.00023
-0.0766	0.045	0.0594	-0.001001818990644745	0.0004363323129985824	-0.0010297442586766543	0.99329847	25.24790382	0.93104966	0.03154346095279207	0.00734198	0.00032
-0.0739	-0.0355	0.0659	-0.000598647933434055	0.0002565634000431664	-0.0011449359893082802	1.01277423	25.74294472	0.94216316	0.12460658503988659	0.00660974	0.0002
-0.0758	0.0351	0.06	-0.0007696902001294993	0.00024085543677521747	-0.0011833332328521555	1.00599706	25.57068062	0.93890877	0.08965737367536343	0.00688428	0.00035
-0.078	0.0205	0.0389	-0.0010663961729685354	0.0004799655442984406	-0.0009808750396208131	1.0031445	25.49817276	0.94226925	0.07481371367968007	0.00678724	0.00037
-0.0751	0.0223	0.0512	-0.0007138396640656808	0.0003822271061867582	-0.0011274826967883368	1.00127006	25.45052719	0.93183552	0.04684513020910304	0.00640517	0.00022
-0.0737	-0.0126	0.0716	-0.0006562437987498679	0.0002478367537831948	-0.0011327186845443199	0.99606293	25.31817245	0.92118299	0.06656111027376796	0.00628304	0.00032
-0.0717	0.0376	0.0581	-0.0008883725892651138	0.00048520153205442357	-0.0009529497715889039	1.00914788	25.65076828	0.93547925	0.09816312408709454	0.00673062	0.0004
-0.0724	-0.0033	0.0532	-0.0009721483933608416	0.0005166174585903216	-0.0008709192967451704	1.00801754	25.62203789	0.93456533	0.056361110273767966	0.00629836	0.00032
-0.0708	-0.0815	0.0855	-0.0006649704450098395	0.0004014257279586958	-0.000890117918517108	1.09594071	27.85688972	1.0114698	0.1341784150377283	0.00671822	0.00032
-0.0767	-0.0151	0.0872	-0.0008080874436733745	0.00042935099599060504	-0.0008464846872172499	1.04301286	26.51155663	0.96760864	0.08473377489976511	0.00636637	0.00023
-0.0735	0.0586	0.0689	-0.001155407964820246	0.0005497787143782138	-0.0007888888219014368	1.04601502	26.58786583	0.96424886	0.12146720524251468	0.00708401	0.00045
-0.07	0.0354	0.0535	-0.000900589894029074	0.00030194196059501896	-0.0008552113334772215	1.15368569	29.32466507	1.07136335	0.07054886680750756	0.00738031	0.00057
-0.0687	-0.0424	0.0739	-0.0006806784082777885	0.0002373647782712288	-0.0011117747335203881	1.07988858	27.44887161	0.99565938	0.12655260340591212	0.00617105	0.00018
-0.0684	0.0235	0.0656	-0.0008761552845011534	0.0003001966313430247	-0.0011082840750163993	1.00531149	25.55325508	0.94379113	0.08758996938995747	0.00616312	0.0002
-0.0658	-0.0148	0.0672	-0.0009564404300928925	0.0003961897402027128	-0.0010402162341886204	1.04674423	26.60640144	0.98608395	0.05471730476396031	0.0076524	0.00047
-0.0694	0.0464	0.0454	-0.0008604473212332044	0.00024085543677521747	-0.0010175269539126942	1.24043798	31.52975655	1.15634951	0.10030083462815548	0.00913	0.00068
-0.0573	-0.0871	0.0995	-0.0008115781021773631	0.00024609142453120044	-0.0009389871375729493	1.31889141	33.52390671	1.21500658	0.20633225115757847	0.00754434	0.00038
-0.0573	0.0597	0.0911	-0.0010349802464326373	0.0003577924966588376	-0.0009442231253289323	1.18148577	30.03129387	1.08625823	0.17221696020694474	0.00755823	0.0004
-0.0568	0.0566	0.0799	-0.0013631021458075715	0.0004310963252425994	-0.0007609635538695277	1.12825596	28.67828751	1.0506524	0.044034264970905033	0.00857347	0.00053
-0.0643	0.0044	0.0756	-0.0010960667702524388	0.0004258603374866164	-0.0009128071987930344	1.05037642	26.69872665	0.96836215	0.0852057504117311	0.00813264	0.00035
-0.0642	-0.1475	0.0948	-0.0008883725892651138	0.0004049163864626844	-0.0009389871375729493	1.17784858	29.93884468	1.07499121	0.18394090353955853	0.00773418	0.00048
-0.0695	0.0284	0.0791	-0.0010803588069844899	0.0003351032163829112	-0.0008936085770210966	1.15925217	29.46615601	1.06140136	0.21225889741755008	0.00684357	0.00025
-0.0689	0.0692	0.0491	-0.0011536626355682519	0.0005096361415823442	-0.0007801621756414653	1.06804597	27.14785576	0.98957568	0.08946415775814132	0.00759655	0.00058
-0.0675	-0.0264	0.0368	-0.0008883725892651138	0.0006021385919380437	-0.0007609635538695277	1.05226243	26.74666595	0.97163027	0.12814955592153873	0.00691044	0.00032
-0.0667	-0.1051	0.0708	-0.0006597344572538566	0.00028274333882308137	-0.0008098327729253688	1.1435709	29.06756592	1.05505027	0.14334513020910303	0.0072428	0.00038
-0.07	0.0181	0.0725	-0.0008290313946973065	0.00038571776469074686	-0.000853466004225227	1.07919538	27.43125153	0.98618957	0.14399522973054868	0.00639236	0.00037
-0.0768	0.0732	0.0447	-0.0010978120995044332	0.0005096361415823442	-0.0006667157742618339	1.21806872	30.9611702	1.12255118	0.11867246558310585	0.010038	0.00119
-0.0719	-0.0481	0.0591	-0.0008552113334772215	0.00035430183815484887	-0.0009773843811168245	1.294227	32.89698029	1.17732654	0.17603018381548485	0.00742984	0.00047
-0.0717	-0.0614	0.0787	-0.0008639379797371932	0.0001937315469713706	-0.0010454522219446034	1.25041807	31.78343391	1.15881812	0.04496823891356147	0.00801039	0.00062
-0.0766	0.0356	0.0856	-0.0009634217471008699	0.0003717551306747922	-0.001228711793404008	1.17432511	29.84928513	1.09112888	0.1318383461263251	0.00819403	0.00033
-0.0763	0.0971	0.0691	-0.001282817000215832	0.00041538836197465044	-0.001059414855960558	1.03614986	26.33711052	0.96604473	0.10491627109291354	0.00751996	0.0003
-0.0732	-0.0416	0.0624	-0.0010262536001726657	0.00030368728984701333	-0.0010070549784007281	1.21038866	30.76595688	1.10814185	0.16953121748653166	0.00845957	0.0004
-0.0759	-0.0539	0.089	-0.000874409955249159	0.00033335788713091696	-0.0011117747335203881	1.09628463	27.8656311	1.01315909	0.05591169986635352	0.00758272	0.0004
-0.0853	0.0402	0.0858	-0.0011501719770642632	0.00046949356878647465	-0.0008813912722571365	1.11018479	28.21894836	1.02216498	0.13881405823669568	0.00770068	0.0004
-0.0797	0.0565	0.0753	-0.0014765485471872027	0.0004974188368183839	-0.000890117918517108	1.06501079	27.07070541	0.99193094	0.050551424220741006	0.0078575	0.00055
-0.0758	-0.0466	0.0763	-0.0009930923443847736	0.00041189770347066176	-0.0009948376736367678	1.09213972	27.76027489	0.9929085	0.14168485456349056	0.00727665	0.0002
-0.0768	-0.076	0.0934	-0.0009861110273767962	0.0004188790204786391	-0.0009424777960769379	1.02006841	25.92834854	0.93850668	0.05081612557878921	0.00683683	0.00033
-0.0754	0.0271	0.0852	-0.001117010721276371	0.00034208453339088857	-0.000879645943005142	1.11933148	28.45144272	1.02247659	0.12622630170295607	0.00742537	0.00043
-0.0746	0.0875	0.0654	-0.0014137166941154068	0.000619591884457987	-0.0009250245035569946	1.23257899	31.32999611	1.13764256	0.11197959422289933	0.00851899	0.00077
-0.0746	0.0016	0.0672	-0.0010454522219446034	0.0005044001538263612	-0.0008552113334772215	1.16166914	29.5275898	1.06380199	0.11536346864411008	0.00592744	0.0003
-0.0768	-0.0466	0.0993	-0.001085594794740473	0.00032637657012293966	-0.0009826203688728075	1.01919734	25.90620804	0.93844641	0.09977875959474385	0.00592196	0.00032
-0.0789	0.0374	0.0949	-0.0013927727430914749	0.0004014257279586958	-0.000973893722612836	1.05053318	26.7027092	0.96132698	0.1100476876223365	0.00610739	0.0004
-0.0914	-0.0041	0.1168	-0.0016283921921107093	0.0006422811647339132	-0.0006126105674500097	1.09581745	27.85375786	1.02135001	0.11778790204786388	0.00721872	0.00122
-0.0834	-0.0205	0.1061	-0.0011606439525762293	0.0003665191429188092	-0.001059414855960558	1.09169197	27.74889565	1.03038041	0.09461572749300659	0.00633818	0.00027
-0.0828	0.0141	0.1106	-0.001282817000215832	0.0003700098014227979	-0.0010681415022205296	1.0003233	25.42646217	0.92615342	0.04641951762017816	0.00688046	0.0003
-0.0768	0.0746	0.0869	-0.001572541656046891	0.0003612831551628262	-0.0009302604913129776	1.06551421	27.08350182	0.9915167	0.11201661564992912	0.00698829	0.00027
-0.0734	-0.034	0.0831	-0.0011938052083641214	0.0004049163864626844	-0.001048942880448592	1.08541715	27.58939934	1.0017719	0.1428526034059121	0.00658518	0.00032
-0.0745	-0.1012	0.0967	-0.0009965830028887623	0.0002129301687433082	-0.0010611601852125523	1.14749229	29.16724014	1.07334555	0.10197128639793476	0.00889224	0.00057
-0.0773	0.0399	0.0966	-0.001223475805648025	0.0002652900463031381	-0.001090830782496456	1.11588132	28.36374664	1.02451327	0.1594461638801498	0.00749928	0.00045
-0.0674	0.0466	0.0857	-0.0014765485471872027	0.0002513274122871834	-0.0008447393579652555	1.05219185	26.74487114	0.982049	0.05315634000431664	0.00823927	0.00052
-0.0633	-0.0521	0.1023	-0.0010105456369047167	0.00023387411976724014	-0.0010559241974565693	1.20637929	30.66404343	1.09101029	0.1541320521146872	0.00812733	0.00047
-0.0665	-0.1317	0.1352	-0.0011100294042683937	0.00029321531433504735	-0.0010192722831646884	1.21910083	30.98740387	1.12698407	0.12547384381116825	0.00961423	0.00072
-0.0638	-0.0057	0.108	-0.0014556045961632708	0.0003647738136668148	-0.0007731808586334879	1.22605538	31.16417503	1.11722183	0.18906125578789224	0.00820678	0.00075
-0.0617	0.0064	0.0823	-0.001429424657383356	0.0004328416544945937	-0.0008203047484373349	1.07157981	27.23767853	0.99787253	0.04696858347057704	0.00746113	0.00032
-0.0624	-0.1098	0.1225	-0.0011397000015522971	0.0002443460952792061	-0.000932005820564972	1.16111338	29.51346588	1.05222504	0.18659606435870416	0.00962198	0.00063
-0.0623	-0.1068	0.1349	-0.0012130038301360591	0.0001937315469713706	-0.0010454522219446034	1.11575282	28.36047935	1.03874217	0.02736823891356143	0.00863951	0.00047
-0.0635	0.0355	0.1017	-0.0014189526818713899	0.0003089232776029963	-0.0009162978572970229	1.12466395	28.58698463	1.02064278	0.1992147473507269	0.0082221	0.0006
-0.0662	-0.0237	0.0689	-0.0013578661580515882	0.00029321531433504735	-0.0008604473212332044	1.10105026	27.98676682	1.01910777	0.10133225115757843	0.00812984	0.00052
-0.0702	-0.0767	0.0917	-0.0009686577348568529	0.00021467549799530252	-0.0010053096491487337	1.06297517	27.01896477	0.98740803	0.11043052837250047	0.00835115	0.00083
-0.0756	-0.0458	0.1003	-0.0012863076587198209	0.00024260076602721178	-0.001059414855960558	1.04881918	26.65914345	0.98556595	0.06488401993533507	0.00659084	0.00038
-0.0788	-0.0365	0.0844	-0.001350884841043611	0.0004136430327226561	-0.0010663961729685354	1.06555378	27.08450699	1.00211416	0.04053003830136059	0.00948334	0.0007
-0.0797	-0.0578	0.1094	-0.0011938052083641214	0.0002443460952792061	-0.0012199851471440364	1.06574142	27.08927727	1.0011689	0.07119827721492201	0.00772613	0.00057
-0.0807	-0.0187	0.1049	-0.0013281955607676848	0.0003193952531149623	-0.0011571532940722405	0.99807161	25.36922836	0.94014881	0.05821356816555578	0.0070495	0.00048
-0.0741	0.0242	0.0957	-0.001541125729510993	0.0003647738136668148	-0.0009459684545809266	1.00369287	25.51211166	0.95011447	0.08217467843932372	0.00700206	0.00037
-0.0649	-0.1156	0.1139	-0.0010925761117484504	0.00020769418098732522	-0.0010000736613927507	1.11026156	28.22090149	1.01216394	0.2001867228626928	0.00761712	0.0006
-0.0642	-0.0557	0.1251	-0.0013177235852557187	0.00011170107212763708	-0.0009023352232810684	1.05538225	26.82596397	0.9831715	0.09274395102393192	0.00685376	0.00038
-0.0687	0.0462	0.1019	-0.0014364059743913332	0.0002251474735072685	-0.00091106186954104	1.06892109	27.17009735	0.99154888	0.14164277183876087	0.00670511	0.00042
-0.0675	-0.0966	0.1181	-0.001090830782496456	0.0001291543646475804	-0.0009546951008408983	1.08391595	27.55124092	0.99947247	0.1844600766027212	0.0072785	0.00032
-0.0714	-0.0736	0.1167	-0.001308996938995747	0.00013962634015954637	-0.0009843656981248017	1.00677228	25.59038353	0.94780413	0.04121543646475803	0.0071103	0.0003
-0.0742	0.0586	0.0933	-0.001467821900927231	0.0003106686068549907	-0.0010000736613927507	1.10070884	27.97808838	1.01829494	0.17567875959474383	0.00698406	0.0004
-0.0773	-0.0541	0.1113	-0.0012514010736799342	0.0001256637061435917	-0.0011676252695842063	1.14479721	29.09873581	1.07095251	0.16224886680750755	0.00733888	0.0005
-0.0787	-0.0025	0.1141	-0.001361356816555577	0.00022165681500327985	-0.0011519173063162574	1.01620114	25.83004951	0.95910535	0.066882840750164	0.00610751	0.00028
-0.08	-0.0073	0.0933	-0.0013892820845874865	0.0002565634000431664	-0.0011501719770642632	0.9925251	25.22824669	0.93686177	0.030128859116189503	0.00668555	0.00042
-0.0822	-0.051	0.108	-0.0012007865253720988	0.0002199114857512855	-0.0012863076587198209	1.00928926	25.65436172	0.95227817	0.07866415775814131	0.00639862	0.00045
-0.0816	0.0306	0.0936	-0.0014451326206513049	0.00024260076602721178	-0.0012112585008840647	1.03076148	26.20014763	0.95959248	0.1137042266695444	0.00619626	0.00045
-0.0759	0.009	0.0683	-0.001335176877775662	0.0002530727415391778	-0.0010070549784007281	1.06792438	27.14476395	0.99963804	0.06883156204354729	0.0078724	0.00065
-0.0647	-0.1039	0.1008	-0.001129228026040331	0.00019547687622336493	-0.0011030480872604163	1.21318996	30.83716011	1.11769707	0.1745768912955416	0.00668889	0.00035
-0.0616	-0.0263	0.1012	-0.001085594794740473	0.0001658062789394613	-0.001085594794740473	1.02217436	25.98187828	0.95007055	0.08563785605518524	0.00606006	0.00018
-0.0525	0.0335	0.0793	-0.0014695672301792255	0.00037524578917878077	-0.0007888888219014368	1.08310771	27.53069878	0.99502724	0.13530589592585543	0.00664544	0.0005
-0.0438	-0.0045	0.0466	-0.001499237827463129	0.0006422811647339132	-0.000921533845053006	1.27274752	32.35100937	1.10148316	0.10086754979953026	0.0129917	0.00297
-0.0393	0.0256	0.0646	-0.0012863076587198209	0.00028099800957108706	-0.0006702064327658224	1.24683881	31.69245338	1.09902696	0.0938770368096659	0.00724125	0.0003
-0.0312	-0.0842	0.0811	-0.0006981317007977319	0.00015009831567151235	-0.0006667157742618339	1.17051387	29.75240898	1.05713679	0.17052831551628264	0.00792444	0.00055
-0.0183	-0.0348	0.0195	0.00043458698374658803	0.00020943951023931956	-0.0007487462491055673	1.44752836	36.79363251	1.29495379	0.187604517697793	0.0154189	0.00601
-0.0232	-0.0137	0.0606	-0.0005550147021341969	0.0004206243497306334	-0.00019024088846738194	1.40741026	35.77389908	1.24258879	0.15506459430051422	0.00801545	0.00073
-0.032	0.0722	0.0242	-0.0008726646259971648	0.00020420352248333657	-0.000307177948351002	1.18285191	30.06602097	1.0705709	0.16365039054969424	0.00879186	0.0013
-0.0325	-0.0421	0.0578	-0.0011693705988362008	1.7453292519943296e-05	-0.0007347836150896127	1.22542	31.14802742	1.09562542	0.193953093477052	0.00965476	0.00189
-0.0318	-0.0604	0.1026	-0.0015376350710070042	-0.00018500490071139895	-0.000874409955249159	1.11642122	28.37747002	1.04683589	0.09931745027808461	0.00834662	0.0014
-0.039	-0.0639	0.1162	-0.0016720254234105676	5.235987755982988e-06	-0.0009599310885968812	1.00965214	25.66358566	0.95286341	0.044807618710933375	0.00838304	0.00095
-0.0434	0.0468	0.1061	-0.001837831702350029	3.4906585039886588e-06	-0.000905825881785057	1.08325887	27.53454018	1.01077651	0.13628284075016395	0.00834537	0.00073
-0.0449	-0.0124	0.1274	-0.001658062789394613	-0.0001256637061435917	-0.0009878563566287904	1.08347762	27.5401001	1.0096125	0.10154768762233651	0.00830525	0.00057
-0.0425	-0.1422	0.1525	-0.0019093902016817967	-7.853981633974481e-05	-0.0009407324668249436	1.1165638	28.38109398	1.04161828	0.17457875959474384	0.00932932	0.00092
-0.0386	0.0472	0.1143	-0.0019198621771937623	3.316125578789226e-05	-0.0006789330790257941	1.19536948	30.38419533	1.08743758	0.25069862177193764	0.00793123	0.00038
-0.043	-0.0484	0.1043	-0.0018779742751458986	6.632251157578452e-05	-0.0007173303225696694	1.11595738	28.36567879	1.02136959	0.11567232006898152	0.00762624	0.00038
-0.041	-0.1326	0.129	-0.001673770752662562	-3.4906585039886588e-06	-0.0008080874436733745	1.22807741	31.21557426	1.11439521	0.12913869068334075	0.00967532	0.00078
-0.0449	-0.0388	0.1152	-0.001790707812546182	-0.00010821041362364843	-0.0008237954069413235	1.2451334	31.64910507	1.15001825	0.12336823891356143	0.0114773	0.00235
-0.0429	0.0639	0.0975	-0.002092649773141201	8.028514559173915e-05	-0.0007033676885537148	1.38316989	35.15775299	1.28594795	0.15294326190990076	0.00817072	0.00063
-0.0417	-0.0092	0.0902	-0.001658062789394613	-1.5707963267948964e-05	-0.0007033676885537148	1.08801842	27.65551949	1.00436264	0.1081290046303138	0.0064643	0.00047
-0.0417	-0.0938	0.1171	-0.0015760323145508795	-0.00016929693744344995	-0.000783652834145454	1.10168004	28.00277328	1.03035787	0.12729522973054863	0.0086602	0.00082
-0.04	-0.0461	0.1108	-0.0015254177662430443	-3.839724354387525e-05	-0.0007801621756414653	1.16730905	29.67094803	1.09351108	0.06495024503556993	0.00738126	0.00053
-0.0427	0.073	0.0926	-0.0018517943363659836	-3.141592653589793e-05	-0.0008063421144213803	1.13861859	28.94168663	1.04028067	0.15797689129554157	0.00753713	0.00052
-0.0499	-0.0589	0.1092	-0.0015865042900628454	5.235987755982988e-06	-0.00102799892942466	1.18404269	30.09628677	1.07913019	0.18187993877991493	0.00866228	0.00068
-0.0533	-0.1216	0.1408	-0.001706932008450454	-4.71238898038469e-05	-0.0012426744274199627	1.05447209	26.80282974	0.98885882	0.11707315469713708	0.0096823	0.00097
-0.0568	-0.0549	0.1407	-0.002118829711921116	-3.4906585039886588e-06	-0.001256637061435917	1.01446366	25.78588486	0.94646659	0.09377467843932374	0.00890338	0.00053
-0.0563	0.067	0.1185	-0.0022968532956245376	-1.7453292519943294e-06	-0.0012409290981679683	1.17633331	29.90032959	1.08972116	0.15437384381116823	0.0111657	0.00119
-0.0587	-0.1009	0.1377	-0.002057743188101315	-0.00012740903539558605	-0.0014172073526193955	1.2739836	32.38242722	1.18409185	0.2165526034059121	0.00915289	0.00065
-0.0577	-0.1073	0.149	-0.0020315632493213996	-9.250245035569947e-05	-0.0016441001553786586	1.05380416	26.78585243	0.99747573	0.03309896632895326	0.00899351	0.00062
-0.0618	-0.0289	0.151	-0.0022863813201125715	-0.0001884955592153876	-0.0016615534478986017	1.02050829	25.93953133	0.96117915	0.10291322360854016	0.00785452	0.00068
-0.0667	0.0593	0.1389	-0.0025464353786597265	-1.2217304763960308e-05	-0.0016528268016386303	1.01290214	25.74619484	0.944737	0.1274529479629277	0.00816351	0.0006
-0.0654	-0.0382	0.1346	-0.0023020892833805202	-5.759586531581287e-05	-0.0016964600329384882	1.08995223	27.70467186	1.01244666	0.11976789435654583	0.00869781	0.00075
-0.0656	-0.0528	0.1499	-0.002134537675189065	-0.00016406094968746698	-0.0017331119472303693	1.00208926	25.47134972	0.94249921	0.04563343034274953	0.00837666	0.00068
-0.0591	-0.0065	0.17	-0.0022706733568446224	-0.00011519173063162575	-0.0016179202165987434	0.98297495	24.98549843	0.92648328	0.08790983156715125	0.00906539	0.00082
-0.0572	0.0646	0.1367	-0.0023998277214922034	-7.330382858376184e-05	-0.0013421581947836393	1.08044565	27.46303177	1.00106416	0.12864021442552748	0.00842214	0.0007
-0.0538	0.0108	0.1174	-0.002136283004441059	-6.806784082777885e-05	-0.0013543754995475996	1.04356277	26.52553368	0.97386373	0.09054990047855437	0.00821286	0.00048
-0.0533	-0.1001	0.1537	-0.001973967384005587	-8.028514559173915e-05	-0.0013020156219877698	1.09034383	27.71462631	1.00862166	0.1590446401379631	0.00834173	0.00055
-0.0541	-0.003	0.1532	-0.00205599785884932	-0.000153588974175501	-0.0012880529879718153	1.03413582	26.28591728	0.96327182	0.10686484687217244	0.00856042	0.00067
-0.049	-0.0052	0.1393	-0.002432988977280095	-6.806784082777885e-05	-0.0012112585008840647	1.02775252	26.12366486	0.96327402	0.048165336943312376	0.00853437	0.00058
-0.0459	-0.0585	0.1291	-0.0022549653935766737	-0.00022689280275926284	-0.001467821900927231	1.00354671	25.50839806	0.9383565	0.09627059728390362	0.00851941	0.00083
-0.0498	-0.086	0.1546	-0.0021991148575128553	-0.00033335788713091696	-0.0017994344588061536	1.03860092	26.39941406	0.97503387	0.08159640891571973	0.00939	0.00078
-0.054	0.0018	0.1581	-0.002251474735072685	-0.00034033920413889426	-0.0017872171540421933	1.06738901	27.13115692	1.0033221	0.09907792496658835	0.00847501	0.00075
-0.053	-0.008	0.1596	-0.0025080381351158514	-0.00020943951023931956	-0.0016231562043547262	1.06350029	27.03231239	1.00113154	0.03987620218151042	0.00870097	0.00055
-0.0543	0.0408	0.1276	-0.002595304597715568	-0.0002548180707911721	-0.0014748032179352085	1.04068565	26.45240211	0.98146688	0.09614990047855433	0.00784683	0.00055
-0.0593	-0.0965	0.1454	-0.002251474735072685	-0.0002199114857512855	-0.001673770752662562	1.12454212	28.5838871	1.02824112	0.18898519912050615	0.00857264	0.00043
-0.0616	-0.0455	0.1623	-0.002155481626212997	-0.0002670353755551324	-0.0016528268016386303	1.02601457	26.07948875	0.9708883	0.07840304748437332	0.00870609	0.00067
-0.0629	0.0145	0.1395	-0.002438224965036078	-0.00012217304763960306	-0.0014608405839192536	1.06217229	26.99855614	0.9957789	0.11507959422289932	0.00919026	0.00083
-0.0542	0.0134	0.1024	-0.0020594885173533086	-0.00015707963267948963	-0.001403244718603441	1.0919112	27.75446701	1.02618719	0.07046194490192345	0.0092476	0.0008
-0.0502	-0.1159	0.1238	-0.0016755160819145565	-0.00015707963267948963	-0.0014067353771074296	1.16799486	29.6883812	1.07694692	0.17407315469713702	0.00962609	0.00082
-0.0482	-0.0188	0.1208	-0.001562069680534925	-0.000153588974175501	-0.0014049900478554352	1.04006279	26.43657112	0.98123542	0.10803411945678072	0.00889748	0.00077
-0.0435	0.0058	0.0935	-0.001820378409830086	-0.00015184364492350666	-0.0012374384396639797	1.0374614	26.37044716	0.97680866	0.07798028333693055	0.00818688	0.00063
-0.0405	-0.0074	0.0576	-0.001446877949903299	-3.839724354387525e-05	-0.0011065387457644049	1.08726645	27.63640404	1.02086715	0.08299232776029965	0.00836742	0.0005
-0.0403	-0.0986	0.1101	-0.0014276793281313615	-7.504915783575618e-05	-0.0011449359893082802	1.17631853	29.89995193	1.089816	0.14861238898038465	0.00781059	0.00035
-0.0471	-0.0971	0.1356	-0.0015219271077390555	-0.0002251474735072685	-0.0012025318546240932	1.06797576	27.14607048	0.99904385	0.048897098029750945	0.00779641	0.00025
-0.0504	0.0002	0.1301	-0.0020664698343612863	-0.0002583087292951608	-0.001165879940332212	1.12999403	28.72246552	1.04065921	0.13681779483510023	0.0101293	0.00085
-0.05	-0.0305	0.1111	-0.0020245819323134223	-0.00013439035240356338	-0.0011117747335203881	1.20105577	30.52873039	1.12589376	0.06109557428756424	0.00826836	0.00042
-0.0584	-0.0581	0.1497	-0.0018884462506578647	-0.0001675516081914556	-0.0013805554383275148	1.02856338	26.14427567	0.96268569	0.0965038821125288	0.00869763	0.00065
-0.0609	-0.0322	0.1618	-0.0019844393595175526	-9.948376736367679e-05	-0.001572541656046891	1.18571508	30.13879585	1.12391283	0.058302358370342144	0.0110881	0.00129
-0.0616	0.009	0.1585	-0.0023649211364523163	-0.0001361356816555577	-0.0014608405839192536	1.08959961	27.69570923	1.02745555	0.07164173816771409	0.00830871	0.00052
-0.0643	0.0077	0.1394	-0.0023649211364523163	-0.0001064650843716541	-0.001562069680534925	1.0417223	26.47875214	0.98771337	0.029644984694978747	0.00994611	0.00068
-0.0647	-0.0446	0.1632	-0.0021537362969610025	-0.00022689280275926284	-0.0016929693744344998	1.06657636	27.11050034	1.00798407	0.09962561258892488	0.00828934	0.00063
-0.0667	-0.0671	0.1763	-0.0024713862208239705	-0.00038571776469074686	-0.001843067690106012	0.99012297	25.16718864	0.93232574	0.06892866007329822	0.00895554	0.00083
-0.0645	-0.0565	0.1712	-0.0023649211364523163	-0.0005410520681182421	-0.0019006635554218248	1.01923084	25.90706062	0.95420045	0.03386976265574814	0.00965208	0.00104
-0.0682	0.0249	0.1443	-0.002457423586808016	-0.000317649923862968	-0.0016615534478986017	1.10398006	28.06123543	1.00332476	0.13975073510670985	0.00758147	0.00063
-0.0616	0.0482	0.1201	-0.0023509585024363614	-0.00022165681500327985	-0.0014765485471872027	1.02245355	25.98897362	0.96888937	0.07347315469713711	0.00961226	0.00077
-0.0607	-0.1288	0.1519	-0.0020682151636132805	-0.00038571776469074686	-0.001673770752662562	1.18608057	30.14808846	1.05932221	0.24190132469929532	0.00967354	0.00094
-0.0629	-0.0988	0.1747	-0.002267182698340634	-0.0003787364476827695	-0.0015882496193148398	1.03874087	26.40296936	0.96859434	0.06957349925415265	0.00933278	0.00095
-0.0638	-0.0112	0.1604	-0.002686061718819273	-0.00047822021504644627	-0.001541125729510993	1.06970167	27.1899395	0.98946568	0.13107433388230813	0.00842291	0.00072
-0.0625	-0.0153	0.1261	-0.002171189589480946	-0.0003874630939427412	-0.0014172073526193955	1.02288866	26.00003624	0.96294515	0.0761773813666815	0.00798023	0.00048
-0.0582	-0.1207	0.1356	-0.0020420352248333657	-0.0004188790204786391	-0.0014870205226991688	1.02914405	26.15903473	0.96108869	0.1307191730631626	0.00868428	0.00052
-0.0666	-0.0985	0.133	-0.002015855286053451	-0.0005131268000863328	-0.001595230936322817	0.99630147	25.32423592	0.93824726	0.044631906600562835	0.00898349	0.00057
-0.0773	-0.0048	0.1182	-0.00209614043164519	-0.00039095375244672985	-0.0013980087308474581	1.11429787	28.32349777	1.00350014	0.13918401993533502	0.00761741	0.00058
-0.0648	0.0113	0.1342	-0.0024225170017681294	-0.0002251474735072685	-0.0014014993893514465	1.07374227	27.2926445	0.99317701	0.06938367537831948	0.00869715	0.00083
-0.0783	-0.0607	0.1558	-0.0021624629432209744	-0.00014137166941154068	-0.001572541656046891	1.07898247	27.42584229	0.99140668	0.13284360646691634	0.00835615	0.00078
-0.0776	-0.0368	0.1722	-0.002134537675189065	-0.0002478367537831948	-0.0017034413499464657	1.02969313	26.17299271	0.96763786	0.05426450231515689	0.00755447	0.00047
-0.0719	-0.0047	0.1635	-0.0023212879051524586	-0.0002373647782712288	-0.0015987215948268059	1.01652884	25.83837891	0.96083612	0.06159709802975096	0.00784397	0.00048
-0.0748	0.0401	0.1464	-0.0023788837704682713	-0.0001361356816555577	-0.0014695672301792255	1.00721991	25.60176277	0.95418769	0.0791989663289532	0.00760972	0.00063
-0.0665	-0.0884	0.1559	-0.002036799237077382	-0.00027750735106709843	-0.0014137166941154068	1.07283485	27.26958084	0.99037753	0.17326533694331242	0.00774497	0.00057
-0.0627	-0.0849	0.1601	-0.00204378055408536	-0.00029496064358704166	-0.001408480706359424	1.00499845	25.54529762	0.95373191	0.012983529864195167	0.00879884	0.00099
-0.0628	0.0214	0.1347	-0.0022497294058206906	-0.00026878070480712676	-0.0013334315485236678	1.06683636	27.11710739	0.99264714	0.1471588974175501	0.00792992	0.00137
-0.0608	-0.0154	0.1103	-0.002124065699677099	-0.000153588974175501	-0.0013316862192716734	1.00367308	25.51160812	0.94691486	0.07533003830136058	0.00815874	0.00142
-0.0587	-0.1016	0.1393	-0.001858775653373961	-0.0003351032163829112	-0.0014224433403753785	1.06348503	27.03192329	0.98947738	0.14417807048071263	0.00826615	0.00109
-0.0633	-0.02	0.1442	-0.001963495408493621	-0.0003473205211468716	-0.0013927727430914749	1.08965278	27.69706154	1.02428012	0.09843038285837616	0.00918031	0.00135
-0.059	0.0243	0.1435	-0.002380629099720265	-0.000148352986419518	-0.0012461650859239514	1.083341	27.53662872	1.02101166	0.08743544415607608	0.00750864	0.00083
-0.0584	0.005	0.1234	-0.0021537362969610025	-1.5707963267948964e-05	-0.0013421581947836393	1.11738861	28.40205765	1.05592604	0.06277654673852597	0.00979519	0.00068
-0.0618	-0.0766	0.1499	-0.0019722220547535923	-0.0003316125578789226	-0.0014119713648634124	1.24333465	31.60338593	1.16761812	0.13986160034490783	0.00824767	0.00077
-0.0612	-0.0097	0.1539	-0.002045525883337354	-0.00019896753472735358	-0.001509709802975095	1.06370533	27.03752327	1.00447787	0.08668436449235067	0.0071857	0.0004
-0.0499	0.0096	0.1314	-0.0022549653935766737	-0.00019896753472735358	-0.0012531464029319286	1.04480886	26.55720711	0.98420026	0.0764001455141243	0.00771534	0.00048
-0.0467	-0.0103	0.0901	-0.002145009650701031	-0.00014660765716752367	-0.0011850785621041497	1.03897369	26.40888786	0.97395289	0.07591917306316256	0.00695372	0.00038
-0.0509	-0.1347	0.1258	-0.0017872171540421933	-0.0003682644721708035	-0.0013526301702956054	1.1193347	28.45152283	1.03110236	0.20165004599267863	0.00838923	0.00072
-0.0531	-0.0574	0.1499	-0.0019355701404617114	-0.0003612831551628262	-0.0014486232791552935	1.1494205	29.21625137	1.07538017	0.1161663706143592	0.00782514	0.0007
-0.0566	0.0529	0.1345	-0.002380629099720265	-0.0002181661564992912	-0.0012845623294678264	1.08905256	27.68180466	1.00798363	0.1668118453804778	0.00800735	0.00072
-0.0569	-0.0458	0.1266	-0.0020263272615654165	-0.00022863813201125715	-0.001350884841043611	1.0656755	27.08760262	0.98135901	0.12845481626212996	0.0078699	0.00057
-0.0567	-0.1378	0.1533	-0.0017872171540421933	-0.000291469985083053	-0.0015027284859671175	1.03933311	26.41802406	0.97469012	0.1415892802759263	0.00888801	0.00063
-0.0572	0.0074	0.1493	-0.0021170843826691216	-0.00020594885173533088	-0.0013718287920675431	1.07312179	27.27687263	0.99292728	0.17701440279371122	0.0075891	0.00073
-0.054	-0.0298	0.1246	-0.0019949113350295183	-0.00019024088846738194	-0.0012688543661998775	1.10278034	28.03074265	1.02850514	0.07714277183876088	0.00882173	0.00058
-0.0494	-0.1021	0.1298	-0.0016336281798666925	-0.00015707963267948963	-0.001239183768915974	1.05816579	26.89671898	0.99230754	0.10330575041173108	0.00914598	0.0005
-0.0519	0.0569	0.1006	-0.0018133970928221085	-9.773843811168246e-05	-0.0010733774899765126	1.15174079	29.27523041	1.05101684	0.21094581932313425	0.00695437	0.00032
-0.0515	-0.0038	0.0893	-0.001616174887346749	-6.632251157578452e-05	-0.0011257373675363424	1.045349	26.57093811	0.96003377	0.08644990047855433	0.006872	0.00037
-0.0509	-0.126	0.1057	-0.001500983156715123	-0.0002024581932313422	-0.0012479104151759456	1.09378541	27.80210686	1.00965371	0.15787502299633932	0.00814414	0.00043
-0.0508	0.0207	0.0781	-0.0018797196043978928	-0.00017976891295541595	-0.0011431906600562858	1.11570132	28.35916901	1.01113983	0.19970727415391776	0.00756401	0.00042
-0.0515	-0.0142	0.0739	-0.001778490507782222	-9.075712110370512e-05	-0.001155407964820246	1.06410885	27.04778099	0.99029079	0.0499229096615671	0.00991994	0.00058
-0.0576	-0.0904	0.1048	-0.0016283921921107093	-0.00017627825445142725	-0.0013194689145077131	1.14983928	29.22689629	1.07770052	0.1331840199353351	0.00779563	0.00043
-0.056	0.0223	0.1003	-0.0020472712125893483	5.759586531581287e-05	-0.0011693705988362008	1.11110055	28.24222565	1.03006298	0.15894257279586957	0.00865322	0.00052
-0.0587	-0.0429	0.109	-0.001499237827463129	-9.773843811168246e-05	-0.0010978120995044332	1.07644641	27.36137772	0.99727986	0.11534630939427412	0.00795341	0.00047
-0.059	-0.0713	0.1304	-0.0015323990832510211	-0.0001937315469713706	-0.0011833332328521555	1.07536554	27.33390617	1.01606384	0.0608337748997651	0.00782394	0.00032
-0.0572	0.0284	0.0907	-0.0016929693744344998	-0.00010297442586766544	-0.0011484266478122688	1.05548394	26.82855034	0.97517176	0.15551169986635352	0.00719708	0.00047
-0.0523	0.0343	0.0724	-0.0016528268016386303	-6.283185307179586e-05	-0.0010559241974565693	1.12309277	28.54704857	1.05494581	0.03773937979737192	0.0106744	0.00085
-0.0476	-0.1261	0.0966	-0.001424188669627373	-0.0002565634000431664	-0.0011693705988362008	1.42007887	36.09591293	1.30423777	0.21609080401811293	0.0092929	0.00063
-0.0417	-0.0311	0.1081	-0.0014870205226991688	-0.0001832595714594046	-0.0011833332328521555	1.07587612	27.34688187	0.99505528	0.1199049157835756	0.00718719	0.00042
-0.0409	0.0368	0.0879	-0.0017278759594743865	3.316125578789226e-05	-0.0010000736613927507	1.05040932	26.69956207	0.97698061	0.12092679177409597	0.00756502	0.00045
-0.0389	-0.0723	0.0844	-0.0015899949485668342	-2.4434609527920616e-05	-0.0009442231253289323	1.09543693	27.84408569	1.00927301	0.12716637061435915	0.00747162	0.00052
-0.0445	-0.1201	0.1137	-0.0015184364492350666	-0.00022863813201125715	-0.0011309733552923255	1.05352557	26.77877235	0.9903677	0.10582561258892484	0.00849271	0.00075
-0.0489	0.0157	0.1102	-0.0017767451785302276	-0.00018675022996339323	-0.0010384709049366262	1.1131922	28.29539299	1.02754112	0.1633349540849362	0.00760269	0.00063
-0.0491	0.0007	0.0957	-0.0020315632493213996	1.3962634015954635e-05	-0.0009773843811168245	0.9987272	25.38589287	0.94108377	0.05553087292951608	0.00815773	0.00073
-0.0508	-0.0359	0.1073	-0.0017994344588061536	-2.094395102393195e-05	-0.0012252211349000194	1.03477693	26.30221367	0.96423327	0.07564360646691638	0.00789887	0.00043
-0.052	-0.0519	0.1306	-0.0017540558982543013	-0.00012740903539558605	-0.0013369222070276565	0.99565631	25.30783653	0.93448687	0.05367723585255717	0.00862247	0.00057
-0.0485	0.0285	0.1225	-0.001864011641129944	-0.0001256637061435917	-0.0012130038301360591	1.00945628	25.65860748	0.94634434	0.10378097245096173	0.00707459	0.00043
-0.0477	-0.0151	0.1208	-0.002040289895581371	-2.792526803190927e-05	-0.0012775810124598492	1.00121427	25.44911003	0.95038944	0.06302969374434499	0.0083881	0.00067
-0.0522	-0.0299	0.0941	-0.001614429558094755	-0.00017278759594743863	-0.0012112585008840647	1.1327672	28.7929554	1.05671638	0.0778522588488965	0.00647116	0.00038
-0.0552	-0.1017	0.1219	-0.0015969762655748114	-0.00021118483949131387	-0.0013439035240356337	1.06816208	27.15080643	0.99389363	0.1120247779607694	0.00778258	0.00048
-0.0544	-0.0426	0.1164	-0.0014957471689591403	-7.853981633974481e-05	-0.0013718287920675431	1.13251078	28.78643799	1.06588803	0.07848996938995748	0.00760478	0.00045
-0.0479	-0.0195	0.1043	-0.0014782938764391971	-0.00011693705988362007	-0.0012252211349000194	1.0477792	26.6327095	0.98977706	0.051822909661567114	0.0069201	0.0004
-0.0441	0.0132	0.0955	-0.0017680185322702558	-1.0471975511965975e-05	-0.0012025318546240932	1.04285502	26.50754547	0.97641667	0.06624395102393195	0.00677466	0.00027
-0.0469	-0.0471	0.0779	-0.0013788101090755204	-5.759586531581287e-05	-0.0011746065865921838	1.07268429	27.26575279	0.99539433	0.1039128790515246	0.00694394	0.00033
-0.0464	-0.0579	0.1035	-0.0014311699866353504	-8.726646259971648e-06	-0.0012863076587198209	1.06354022	27.0333252	0.98969882	0.04754650843716541	0.00786924	0.00038
-0.046	-0.0341	0.1086	-0.001658062789394613	-1.0471975511965975e-05	-0.0010349802464326373	1.02721786	26.110075	0.96177554	0.05329827721492202	0.00634253	0.00042
-0.0489	0.0481	0.078	-0.001748819910498318	-3.4906585039886588e-06	-0.0010978120995044332	1.06028497	26.95058441	0.9818898	0.12372851455917391	0.00657874	0.00042
-0.0527	-0.0305	0.0916	-0.0015062191444711063	-9.773843811168246e-05	-0.0013281955607676848	1.03537369	26.31738281	0.9571171	0.12436160034490784	0.00622809	0.0002
-0.0582	-0.0552	0.1088	-0.0015341444125030156	-8.203047484373349e-05	-0.0013456488532876281	1.03599465	26.33316612	0.97525097	0.05045432619099007	0.00786132	0.0005
-0.057	-0.0236	0.104	-0.0018832102629018814	-7.330382858376184e-05	-0.0012217304763960308	1.12144649	28.50520325	1.05436296	0.06168554367752174	0.00671583	0.00038
-0.0575	0.0284	0.0801	-0.0018832102629018814	-8.203047484373349e-05	-0.0013072516097437528	0.99641091	25.32701683	0.94164922	0.08111238898038467	0.00647664	0.00038
-0.0525	-0.0633	0.1014	-0.0015446163880149814	-0.00013788101090755203	-0.001356120828799594	1.07003522	27.19841766	1.00265496	0.140165681500328	0.00648415	0.00032
-0.0476	-0.0126	0.0881	-0.0016493361431346415	-0.0001832595714594046	-0.0011676252695842063	1.04245663	26.49741745	0.96959362	0.08582969374434497	0.00776821	0.0005
-0.0438	0.0296	0.0502	-0.0016859880574265225	-5.759586531581287e-05	-0.0010524335389525807	1.15483308	29.35383034	1.07665913	0.0977753675533549	0.00708473	0.00038
-0.0435	-0.0786	0.0832	-0.0013072516097437528	-8.37758040957278e-05	-0.0012060225131280816	1.1234082	28.55506516	1.03007196	0.16942526803190927	0.00657403	0.00027
-0.0446	-0.0689	0.1024	-0.0013002702927357754	-0.0002548180707911721	-0.0012461650859239514	1.10327685	28.04336166	1.03051915	0.04090830782496458	0.00737637	0.00048
-0.0408	-0.0138	0.0769	-0.001439896632895322	-0.0003106686068549907	-0.0008482300164692441	1.06060874	26.95881462	0.98732707	0.11407059728390365	0.00636357	0.0003
-0.0391	0.0532	0.0422	-0.0012775810124598492	-0.00014137166941154068	-0.0010506882097005862	1.04713964	26.61645317	0.98099945	0.13010353755551327	0.0072335	0.00028
-0.0355	-0.1119	0.0823	-0.0011955505376161158	-0.000307177948351002	-0.0012060225131280816	1.17315185	29.81946182	1.06438151	0.22895855286053451	0.00678909	0.00038
-0.0362	-0.0899	0.0966	-0.0012269664641520136	-0.00041713369122664475	-0.001270599695451872	1.06546462	27.08224106	0.9919682	0.04729744258676656	0.00723368	0.00035
-0.0364	-0.0002	0.0772	-0.0015271630954950383	-0.0002583087292951608	-0.0011047934165124105	1.09587336	27.85517883	1.01342704	0.14054139361069848	0.006944	0.00032
-0.04	-0.0238	0.0622	-0.001514945790731078	-0.0003054326190990077	-0.0011449359893082802	1.0422442	26.49201775	0.97101987	0.04717418836818385	0.00706309	0.00042
-0.0391	-0.0964	0.0942	-0.0014276793281313615	-0.00033684854563490564	-0.0013439035240356337	1.06432116	27.05317497	0.98146565	0.12138249619314842	0.0071519	0.00027
-0.0427	-0.0674	0.1023	-0.001473057888683214	-0.00028274333882308137	-0.001408480706359424	0.98431754	25.01962471	0.93422777	0.04890304748437335	0.00860071	0.00043
-0.0443	-0.0193	0.0907	-0.001635373509118687	-0.00028623399732707005	-0.001322959573011702	1.07433259	27.30764961	1.00631664	0.0738663706143592	0.00671327	0.0003
-0.0448	-0.0182	0.0777	-0.001706932008450454	-0.0002129301687433082	-0.0014119713648634124	1.02758193	26.11932945	0.96740878	0.02629370598836197	0.00778508	0.00043
-0.0428	-0.0425	0.1003	-0.001481784534943186	-0.0002617993877991494	-0.0014887658519511632	1.00228727	25.47638321	0.94208419	0.066440558982543	0.00766838	0.00042
-0.0436	-0.0678	0.0993	-0.0014172073526193955	-0.000312413936106985	-0.001420698011123384	1.01736724	25.85968971	0.96251411	0.036262978572970256	0.00764555	0.00028
-0.0461	0.0209	0.0879	-0.0017278759594743865	-0.00017104226669544429	-0.0011362093430483087	1.11950767	28.45592117	1.03569965	0.1394264472170803	0.00717658	0.00057
-0.0474	-0.0461	0.0717	-0.001567305668290908	-0.0003001966313430247	-0.0012880529879718153	1.06194627	26.9928112	0.99341836	0.10657841503772827	0.00727129	0.00037
-0.0462	-0.1214	0.101	-0.0014067353771074296	-0.0004188790204786391	-0.001467821900927231	1.00423157	25.52580452	0.9421632	0.12875107966372543	0.00714922	0.00033
-0.0437	-0.0222	0.0949	-0.001322959573011702	-0.00032637657012293966	-0.0014800392056911916	1.05118108	26.71917915	0.97902447	0.11722477796076936	0.00772303	0.00043
-0.0429	0.0193	0.0825	-0.001579522973054868	-0.00019198621771937622	-0.001270599695451872	1.02454531	26.04214478	0.94786195	0.08471966313430243	0.00671625	0.00033
-0.0389	0.031	0.0633	-0.0014259339988793671	-0.0002513274122871834	-0.0013700834628155487	1.01277459	25.74295425	0.94007304	0.05052069680534926	0.00758028	0.00032
-0.0431	-0.12	0.109	-0.001439896632895322	-0.0003769911184307752	-0.0014556045961632708	1.13523853	28.85577011	1.042202	0.21215737367536344	0.00726759	0.00045
-0.0386	-0.0669	0.1117	-0.0014590952546672592	-0.0004188790204786391	-0.001452113937659282	1.0142386	25.78016472	0.95532185	0.06352885911618947	0.0076009	0.00047
-0.0397	0.0302	0.094	-0.0017959438003021652	-0.0002199114857512855	-0.0012793263417118436	1.0301311	26.1841259	0.95597707	0.15133018381548488	0.00778931	0.00032
-0.038	0.063	0.0706	-0.0016702800941585732	-0.0002722713633111154	-0.001192059879112127	1.09268594	27.77416039	1.02076841	0.07116450231515693	0.00809187	0.00057
-0.036	-0.0972	0.0932	-0.0014643312424232424	-0.0003822271061867582	-0.0014119713648634124	1.1707139	29.75749397	1.05558031	0.21159080401811295	0.00724936	0.00058
-0.0333	-0.0745	0.107	-0.001504473815219112	-0.0004886921905584122	-0.0013857914260834976	0.9988426	25.38882637	0.93284274	0.0478393797973719	0.00733811	0.00053
-0.0312	-0.0032	0.1009	-0.0018832102629018814	-0.00038397243543875244	-0.0014276793281313615	1.06954134	27.1858654	0.99113523	0.10576720524251466	0.00778323	0.00038
-0.0353	0.0374	0.0685	-0.0016179202165987434	-0.00038571776469074686	-0.0013910274138394805	1.08095598	27.47600365	1.01833927	0.09228436449235068	0.00802541	0.00042
-0.0283	-0.1008	0.074	-0.000973893722612836	-0.00034208453339088857	-0.0012007865253720988	1.13760364	28.91588783	1.06384425	0.19459503068765735	0.0082947	0.00043
-0.0284	-0.0639	0.0738	-0.001075122819228507	-0.000486946861306418	-0.0012252211349000194	1.12065494	28.48508072	1.04574154	0.05072630170295605	0.00768256	0.00035
-0.0311	0.0303	0.0612	-0.0014276793281313615	-0.0002583087292951608	-0.0012374384396639797	1.13508952	28.85198402	1.0246155	0.1391705972839036	0.00716835	0.00043
-0.0318	0.0547	0.0386	-0.001361356816555577	-0.00022165681500327985	-0.001291543646475804	1.06284642	27.01568985	0.99311052	0.05555398163397447	0.00982833	0.00097
-0.0314	-0.0745	0.0681	-0.0011833332328521555	-0.0003647738136668148	-0.0013281955607676848	1.24596834	31.67033005	1.15299297	0.17698962483294187	0.00744992	0.00058
-0.0344	-0.0422	0.0924	-0.0013177235852557187	-0.00029321531433504735	-0.0011746065865921838	1.03670323	26.35117722	0.97528047	0.07757689129554159	0.00648808	0.00032
-0.0321	0.0209	0.0846	-0.001410226035611418	-0.0002129301687433082	-0.0010262536001726657	1.01883364	25.89696312	0.95965539	0.08925702911834783	0.00799817	0.0007
-0.0315	0.0981	0.0431	-0.0014329153158873448	-5.4105206811824215e-05	-0.0009389871375729493	1.12876844	28.6913147	1.06020907	0.13273903524035635	0.00760031	0.00063
-0.0266	-0.0612	0.057	-0.0011239920382843482	-9.075712110370512e-05	-0.001054178868204575	1.14689016	29.15193558	1.02887037	0.2011383461263252	0.00708258	0.00047
-0.0263	-0.0761	0.0868	-0.0010192722831646884	-0.00023911010752322313	-0.0010245082709206715	1.03000534	26.18092918	0.95711125	0.05913716694115408	0.00665641	0.00037
-0.0235	-0.0066	0.0797	-0.0013578661580515882	-0.00018500490071139895	-0.0009145525280450286	1.05798912	26.89222717	0.97600751	0.10453274122871833	0.00691086	0.00052
-0.0249	0.0617	0.0483	-0.0013578661580515882	-0.00010821041362364843	-0.0009407324668249436	1.04216707	26.4900589	0.97744598	0.10624872129338327	0.00759876	0.0005
-0.0273	-0.0472	0.0758	-0.0011501719770642632	-0.000317649923862968	-0.0011798425743481666	1.07229936	27.25596809	0.98555926	0.1716121899374934	0.00660932	0.00033
-0.0289	-0.0776	0.088	-0.0012042771838760874	-0.0003211405823669566	-0.0011606439525762293	0.98846245	25.12498093	0.92968499	0.04803972435438749	0.00722933	0.00048
-0.0297	0.0986	0.0746	-0.0017697638615222502	-0.00028274333882308137	-0.0010943214410004448	1.14264631	29.04406548	1.04258978	0.22391032163829108	0.00764477	0.00062
-0.0305	0.0459	0.0639	-0.0014905111812031574	-0.0001832595714594046	-0.0012409290981679683	1.08838415	27.664814	1.0094702	0.09046720524251464	0.00843334	0.00078
-0.0308	-0.0545	0.0877	-0.0012845623294678264	-0.0003211405823669566	-0.0013735741213195373	1.04807138	26.64013672	0.97919997	0.1483237442897226	0.00707793	0.00043
-0.0317	-0.0181	0.0771	-0.0014695672301792255	-0.0002722713633111154	-0.0013753194505715315	1.01584899	25.82109833	0.95179581	0.059680972450961725	0.00640351	0.00035
-0.0301	-0.0039	0.0552	-0.0015638150097869194	-6.981317007977319e-05	-0.0012601277199399059	1.10554266	28.10095596	1.04429112	0.05829488517353309	0.00903964	0.00083
-0.0271	-0.0343	0.0654	-0.0012164944886400475	-0.0004136430327226561	-0.001350884841043611	1.1584003	29.44450188	1.08651171	0.08269537524467299	0.0065763	0.0003
-0.0281	-0.0017	0.0687	-0.0012356931104119853	-0.00022863813201125715	-0.001192059879112127	0.96898627	24.6299305	0.91171894	0.05505142422074104	0.00630778	0.00038
-0.0252	0.0787	0.0485	-0.0015306537539990272	-6.981317007977319e-05	-0.0010332349171806431	1.06470418	27.06291199	0.98640417	0.1341305283725005	0.00744861	0.00045
-0.0248	-0.0959	0.0453	-0.0012426744274199627	-0.0001658062789394613	-0.0011362093430483087	1.19857121	30.46557617	1.07896604	0.2025473430653209	0.00718921	0.00042
-0.0236	-0.0675	0.0699	-0.0009512044423369096	-0.00027750735106709843	-0.0011903145498601325	1.01858354	25.89060593	0.94729589	0.0770638132011257	0.00651193	0.00033
-0.0226	0.0239	0.053	-0.001158898623324235	-0.00029845130209103034	-0.0010471975511965976	1.05353308	26.77896309	0.97702235	0.12788775653373963	0.00650108	0.00035
-0.0246	0.0835	0.0153	-0.0013159782560037243	-0.00016406094968746698	-0.0009529497715889039	1.05268872	26.75749969	0.97497656	0.11858588823453732	0.00826442	0.00052
-0.0209	-0.0258	0.0108	-0.0010210176124166828	-0.0002129301687433082	-0.0010454522219446034	1.16780961	29.68367195	1.07443944	0.13931661564992912	0.00780571	0.00065
-0.023	-0.1163	0.0502	-0.0008360127117052838	-0.00028099800957108706	-0.0010943214410004448	1.18852746	30.21028328	1.09367027	0.147097098029751	0.0079186	0.00055
-0.025	-0.0028	0.0535	-0.0011501719770642632	-0.00021642082724729686	-0.0010943214410004448	1.09488058	27.82994461	1.01060297	0.13773682238413848	0.00625402	0.00025
-0.0254	0.0086	0.0326	-0.0013369222070276565	-6.283185307179586e-05	-0.0009459684545809266	1.02561939	26.06944656	0.95485233	0.05713460952792061	0.00717402	0.00043
-0.025	-0.0272	0.0446	-0.0011676252695842063	-0.0001832595714594046	-0.0010314895879286487	1.02488911	26.05088234	0.95300399	0.06696228945893905	0.00698107	0.00042
-0.0271	-0.0101	0.0496	-0.0009302604913129776	-6.806784082777885e-05	-0.0013055062804917586	1.06909251	27.17445564	1.00068686	0.055528660073298215	0.00764018	0.00035
-0.029	0.0287	0.0572	-0.0013456488532876281	0.00013962634015954637	-0.001281071670963838	0.99248505	25.22722816	0.94192836	0.08067585762449482	0.00798357	0.00053
-0.0297	-0.0025	0.0241	-0.00119729586686811	0.00011344640137963142	-0.001329940890019679	1.03875434	26.40331268	0.98340418	0.07617010721276371	0.00865257	0.00058
-0.0314	-0.0317	0.051	-0.0009459684545809266	-0.0002740166925631097	-0.0013945180723434693	1.21946681	30.99670601	1.14122596	0.09296838442768572	0.00707352	0.00037
-0.0354	-0.0355	0.0671	-0.0011344640137963143	-0.0001884955592153876	-0.0014643312424232424	1.07272327	27.26674271	1.01017281	0.04109149313214416	0.00670946	0.00032
-0.0423	0.0314	0.0593	-0.0013473941825396225	-7.504915783575618e-05	-0.0013718287920675431	1.00944996	25.65844727	0.94018981	0.10254395102393192	0.00656158	0.00037
-0.0445	0.0117	0.0499	-0.0009773843811168245	-0.00010297442586766544	-0.0013683381335635543	1.00604498	25.57189751	0.94087532	0.0513712863979348	0.00631255	0.0003
-0.0408	-0.0213	0.0123	-0.0006824237375297829	-9.42477796076938e-05	-0.0013840460968315032	1.11681926	28.38758469	1.04365406	0.09026976265574813	0.00900787	0.00062
-0.0418	0.0542	0.0025	-0.0008272860654453122	-1.3962634015954635e-05	-0.0013526301702956054	1.01690376	25.84790802	0.95889482	0.0991281700021583	0.00811732	0.0006
-0.0383	-0.061	-0.0264	-0.00030368728984701333	-0.00010995574287564276	-0.001647590813882647	1.06154513	26.98261452	0.98986632	0.19332762640225143	0.00824219	0.00077
-0.0363	0.013	0.0213	-0.0005811946409141118	-7.67944870877505e-05	-0.0013735741213195373	1.17761528	29.93291283	1.11438294	0.15293426497090504	0.00717568	0.00038
-0.0352	0.0186	0.0266	-0.0008395033702092724	1.7453292519943294e-06	-0.001244419756671957	1.05292833	26.76359177	0.99243783	0.03530014551412429	0.00647652	0.00042
-0.0302	0.0382	-0.0086	-0.0005427973973702365	-3.4906585039886588e-06	-0.0010681415022205296	1.04946494	26.67555809	0.98709596	0.0837110107523223	0.00858146	0.00072
-0.0335	-0.0344	0.0324	-0.0005410520681182421	-9.42477796076938e-05	-0.0011798425743481666	1.06683159	27.11698723	0.99373195	0.1271101761241668	0.00822443	0.00033
-0.0354	-0.0295	0.0316	-0.0007906341511534313	-0.00016406094968746698	-0.001158898623324235	1.00022936	25.42407608	0.94421253	0.0246169602069447	0.00698107	0.00043
-0.0393	0.0133	0.0104	-0.001022762941668677	-0.000291469985083053	-0.0010978120995044332	1.11716795	28.39645004	1.04657199	0.08893121748653168	0.00772989	0.00065
-0.0379	-0.0468	0.0209	-0.000778416846389471	-0.0003822271061867582	-0.001291543646475804	1.05722547	26.87281609	0.98763798	0.0984417381677141	0.00647259	0.00053
-0.0375	-0.0694	0.0471	-0.0008150687606813518	-0.00042935099599060504	-0.0013927727430914749	1.03413081	26.28578949	0.97091722	0.058450245035569934	0.00723636	0.00053
-0.0411	-0.05	0.0463	-0.0011152653920243766	-0.0002844886680750757	-0.0013753194505715315	0.98586166	25.05887413	0.92620207	0.04692561258892487	0.00785416	0.0005
-0.0411	-0.0162	0.0404	-0.0011746065865921838	-0.00029845130209103034	-0.001450368608407288	1.03003716	26.18173599	0.96927303	0.04711764932097592	0.00680834	0.00037
-0.0423	-0.0735	0.0698	-0.00119729586686811	-0.00039269908169872416	-0.0015847589608108511	1.02540874	26.06409073	0.96114026	0.10046637061435916	0.00706553	0.00033
-0.0434	-0.0174	0.053	-0.0013281955607676848	-0.00029845130209103034	-0.00147131255943122	1.01922774	25.90698051	0.94882872	0.090929693744345	0.0062272	0.00032
-0.0444	0.0714	0.0169	-0.001356120828799594	-0.000291469985083053	-0.0013892820845874865	1.08012283	27.45482635	1.00469311	0.131746852994181	0.00810248	0.00045
-0.0404	-0.085	0.0335	-0.0010995574287564276	-0.0003595378259108319	-0.0015271630954950383	1.2018038	30.54774284	1.09127807	0.2001256125889249	0.00686133	0.00037
-0.0422	-0.0805	0.0612	-0.0011344640137963143	-0.000312413936106985	-0.0015655603390389136	1.08875465	27.67423439	1.01203055	0.040021385919380446	0.00820845	0.00035
-0.049	0.044	0.0201	-0.0013386675362796509	-0.00029496064358704166	-0.0013177235852557187	1.22668588	31.18020248	1.11299218	0.1958746784393237	0.00894624	0.00045
-0.0409	-0.0221	0.0122	-0.0011780972450961724	-0.000322885911618951	-0.0014643312424232424	1.06793821	27.1451149	0.98280974	0.09885516081914557	0.00998145	0.00083
-0.0445	-0.1503	0.061	-0.0010053096491487337	-0.00037524578917878077	-0.001541125729510993	1.19048965	30.26015663	1.09362046	0.19569709802975097	0.00933635	0.00077
-0.0444	-0.0043	0.0592	-0.001270599695451872	-0.0003473205211468716	-0.0013840460968315032	1.17600846	29.89207077	1.07612838	0.17041474735072684	0.00708491	0.0002
-0.0463	0.0748	0.0276	-0.001429424657383356	-0.00017976891295541595	-0.0012950343049797925	1.05190706	26.73763084	0.97398822	0.1333694180987325	0.00824893	0.00057
-0.0456	-0.1	0.0509	-0.001256637061435917	-0.00022689280275926284	-0.0014259339988793671	1.19029641	30.25524712	1.07832968	0.21634055898254304	0.00783813	0.00038
-0.046	-0.0087	0.0563	-0.0011850785621041497	-0.00029321531433504735	-0.001504473815219112	1.06219411	26.99911118	0.98457957	0.10792104136236481	0.00683826	0.00037
-0.0427	0.0647	0.037	-0.0015917402778188286	-0.0002024581932313422	-0.0013945180723434693	1.04901004	26.66399574	0.97089427	0.1263687289847013	0.0075435	0.00033
-0.044	-0.01	0.0198	-0.0013857914260834976	-0.00023212879051524583	-0.0013910274138394805	1.06299353	27.01943016	0.98031376	0.10515550537616114	0.00726998	0.00022
-0.0437	-0.1311	0.0521	-0.0011239920382843482	-0.00028623399732707005	-0.0015341444125030156	1.11232829	28.27343369	1.02562712	0.17665107966372542	0.00788438	0.00045
-0.0457	0.0258	0.0354	-0.0014695672301792255	-0.00026878070480712676	-0.0014835298641951804	1.16707993	29.66512489	1.06359319	0.1962821516361328	0.00783712	0.00055
-0.0432	0.0148	0.0155	-0.0012304571226560022	-0.00013264502315156904	-0.0015393804002589986	1.05930638	26.92570877	0.98877048	0.05495481626212996	0.0108086	0.0009
-0.0409	-0.0376	0.0501	-0.0011205013797803594	-0.0003193952531149623	-0.0015969762655748114	1.33969641	34.05273056	1.25822949	0.10701509190774244	0.0103988	0.00155
-0.0433	0.0059	0.043	-0.0013578661580515882	-0.00032463124087094524	-0.0015428710587629874	1.11521649	28.34684753	1.04101204	0.06783529864195179	0.00718033	0.0004
-0.0405	0.0886	0.0242	-0.0015463617172669759	-0.0001832595714594046	-0.0014573499254152652	1.0433799	26.52088547	0.96639944	0.1250694180987325	0.00872016	0.00067
-0.0401	-0.0197	0.028	-0.001298524963483781	-0.00028797932657906436	-0.001514945790731078	1.09842551	27.92004967	1.01434	0.13300761871093336	0.00792801	0.00062
-0.0382	-0.0561	0.0566	-0.0012252211349000194	-0.00037350045992678646	-0.0015323990832510211	1.13161659	28.76370811	1.05199685	0.07571391272257133	0.00838619	0.00053
-0.038	0.0562	0.0486	-0.0013665928043115599	-0.00035430183815484887	-0.0015132004614790836	1.06799531	27.14656639	0.98526113	0.12948844564777076	0.00816095	0.0005
-0.036	0.0559	0.0342	-0.001595230936322817	-0.0002007128639793479	-0.0012950343049797925	1.15917349	29.4641552	1.08349774	0.04671966313430245	0.00808269	0.00047
-0.0392	-0.0409	0.0187	-0.001256637061435917	-0.00035081117965086024	-0.0014660765716752368	1.10585785	28.10896683	1.01569173	0.14848672286269285	0.00682431	0.00042
-0.0454	-0.0834	0.0449	-0.0010768681484805013	-0.0005270894341022875	-0.0016598081186466073	0.98091996	24.93326378	0.9265626	0.10238893571891068	0.0069288	0.00028
-0.0459	-0.0648	0.0457	-0.001239183768915974	-0.00034208453339088857	-0.0015585790220309364	1.03519344	26.31279945	0.97590286	0.04232748088812713	0.00892049	0.0007
-0.0428	0.0317	0.0309	-0.001553343034274953	-0.00026354471705114377	-0.0012688543661998775	1.17415857	29.84505081	1.06965302	0.14852118687648916	0.00726759	0.0003
-0.0409	-0.0438	0.0228	-0.0013316862192716734	-0.0002495820830351891	-0.0014276793281313615	1.06680226	27.11624146	0.98134857	0.10522222054753592	0.00858247	0.00047
-0.0371	-0.0677	0.0484	-0.0011484266478122688	-0.0004520402762665313	-0.0016039575825827887	1.04946339	26.67551804	0.96727942	0.08139980095710869	0.00763071	0.00053
-0.0385	-0.0376	0.0558	-0.001329940890019679	-0.00029321531433504735	-0.0015690509975429022	1.04388273	26.53366852	0.96703413	0.05766228945893903	0.0087117	0.00058
-0.0305	0.0286	0.0221	-0.0014259339988793671	-0.0004014257279586958	-0.0014189526818713899	1.07571149	27.34269714	0.98751288	0.12561509190774248	0.0084911	0.00028
-0.0373	0.0079	-0.0298	-0.0012409290981679683	-0.00041189770347066176	-0.0012147491593880533	1.0428859	26.50832939	0.97505081	0.09938401993533505	0.00887132	0.00078
-0.0466	-0.0951	-0.054	-0.0012514010736799342	-0.0002530727415391778	-0.0011257373675363424	1.07812238	27.40398026	0.99591221	0.14941543646475805	0.0109797	0.00299
-0.0465	-0.0166	-0.0547	-0.0012095131716320703	-6.108652381980153e-05	-0.0010402162341886204	1.02670503	26.09704018	0.96360151	0.09526976265574813	0.0112069	0.00169
-0.0558	0.0346	-0.0944	-0.00039095375244672985	0.0011990411961201044	-0.0005724679946541401	1.10922754	28.19461823	1.06676235	0.2275217689329863	0.0137815	0.00456
-0.0558	-0.0273	-0.1228	-0.00040666171571467877	0.001420698011123384	-0.0005393067388662478	1.24272287	31.58783531	1.09843458	0.10382630170295604	0.0158528	0.01187
-0.0364	0.0652	-0.0859	-0.0007487462491055673	0.0014049900478554352	-0.00041538836197465044	1.36068809	34.58630371	1.16640025	0.1728855436775217	0.0149677	0.00583
-0.04	0.0032	-0.0745	-0.0008185594191853405	0.0007435102613495844	-0.0004328416544945937	1.13679695	28.89538383	1.03978183	0.11443731245527836	0.0124226	0.00331
-0.0448	-0.0511	-0.0626	-0.000778416846389471	0.0004799655442984406	-0.00048345620280242926	1.08080125	27.4720726	1.01543864	0.08871509190774243	0.0109236	0.00391
-0.0466	0.0542	-0.0608	-0.0012514010736799342	0.0005497787143782138	-0.0005916666164260777	1.08918405	27.68514824	1.00553613	0.14145039054969424	0.0121825	0.00554
-0.0448	0.0942	-0.0828	-0.0011274826967883368	0.00027576202181510406	-0.0006422811647339132	1.07109058	27.22524261	0.99049777	0.08622748088812714	0.0129114	0.00808
-0.0444	-0.0466	-0.0489	-0.0010925761117484504	0.00015707963267948963	-0.0008272860654453122	1.18842268	30.20761871	1.10495537	0.19202969374434495	0.0119638	0.00438
-0.0481	0.0017	-0.0324	-0.001129228026040331	0.00024260076602721178	-0.0009756390518648303	1.17548966	29.87888527	1.11020834	0.08202630170295604	0.00942099	0.00157
-0.0515	0.0908	-0.0254	-0.001462585913171248	0.00022689280275926284	-0.0010681415022205296	1.09999537	27.9599514	1.0104801	0.12157841503772826	0.0109262	0.00165
-0.0463	0.1379	-0.0308	-0.0018517943363659836	0.00019896753472735358	-0.0010978120995044332	1.07443035	27.31013489	0.98716545	0.08004021442552739	0.0115787	0.00227
-0.0472	0.0322	-0.0498	-0.0014154620233674013	0.00017976891295541595	-0.001281071670963838	1.08805406	27.65642357	1.00644904	0.15753952531149623	0.0100513	0.0016
-0.0515	-0.0561	-0.0314	-0.0012531464029319286	0.000307177948351002	-0.001308996938995747	1.07391751	27.29709816	1.00028474	0.12688249619314837	0.0110151	0.00194
-0.0502	0.0418	0.0045	-0.0016022122533307947	-4.71238898038469e-05	-0.0013037609512397642	1.16711879	29.6661129	1.10596689	0.17053018381548485	0.00834447	0.00105
-0.0514	0.0386	0.0133	-0.0019093902016817967	0.00017104226669544429	-0.0012601277199399059	1.03857625	26.39878654	0.98068813	0.04164886680750757	0.00845283	0.00067
-0.0494	0.051	-0.0105	-0.0019390607989657003	0.0002007128639793479	-0.001282817000215832	1.00100696	25.44384003	0.94019298	0.04230152374218667	0.00916445	0.00094
-0.0527	-0.0042	-0.0195	-0.0015498523757709647	9.948376736367679e-05	-0.001296779634231787	1.01452827	25.78752899	0.94663606	0.09272000769131807	0.00937468	0.00077
-0.058	-0.018	0.0032	-0.001520181778487061	-1.5707963267948964e-05	-0.0013526301702956054	1.03419077	26.28731346	0.96183211	0.0518356431989674	0.00837457	0.00038
-0.0568	0.0158	0.0013	-0.0014416419621473165	0.00012042771838760874	-0.0013194689145077131	1.03634024	26.34194946	0.980374	0.04929183768915972	0.00967717	0.00087
-0.0531	-0.0195	-0.0049	-0.0016720254234105676	4.886921905584123e-05	-0.0011222467090323538	1.3084327	33.25806427	1.20618061	0.07015820830351889	0.0105948	0.00115
-0.057	0.1064	-0.0335	-0.001658062789394613	0.00026354471705114377	-0.0010890854532444615	1.25793684	31.97454834	1.15031931	0.17148996938995748	0.0122135	0.00242
-0.0565	-0.0504	-0.0275	-0.001500983156715123	0.0002495820830351891	-0.0012269664641520136	1.16593325	29.63597679	1.05247913	0.17874616388014983	0.0110615	0.00112
-0.0568	-0.0348	0.0008	-0.0014538592669112763	8.028514559173915e-05	-0.0012322024519079964	1.18852293	30.21016693	1.11383156	0.05528284075016398	0.00939566	0.00073
-0.0533	0.0523	-0.0022	-0.0015079644737231008	-0.000153588974175501	-0.0014119713648634124	1.06195724	26.99308968	0.98078345	0.11698741197672402	0.00845993	0.0006
-0.049	0.0582	0.0008	-0.0017505652397503124	-2.6179938779914945e-05	-0.0012863076587198209	1.04844177	26.64955139	0.96919763	0.037983675378319454	0.0092299	0.00094
-0.0485	0.0986	-0.0312	-0.0016318828506146981	9.075712110370512e-05	-0.0012356931104119853	1.10657167	28.12710953	1.03433615	0.08721169986635348	0.00981444	0.00135
-0.0419	0.0159	-0.0037	-0.0013543754995475996	-0.00014137166941154068	-0.0013578661580515882	1.06610203	27.09844208	0.98951858	0.14839045946109733	0.00738788	0.00052
-0.0387	-0.0299	0.0175	-0.0013788101090755204	-0.00016406094968746698	-0.001499237827463129	1.01484883	25.79567719	0.9506486	0.0796247779607694	0.00847399	0.0005
-0.04	-0.0046	0.008	-0.0014172073526193955	-0.00014486232791552936	-0.0013631021458075715	1.13377821	28.81865311	1.06401062	0.04578657734856853	0.00852412	0.00063
-0.0386	0.1068	-0.0164	-0.0016336281798666925	-8.552113334772214e-05	-0.0011519173063162574	1.06251478	27.00726128	0.97869456	0.16154734306532093	0.009646	0.00109
-0.0359	0.0361	-0.026	-0.0012461650859239514	-0.0002565634000431664	-0.0012426744274199627	1.05129647	26.72211266	0.97811353	0.11546312408709455	0.0100232	0.00104
-0.0367	-0.0248	0.0199	-0.0013718287920675431	-0.00017278759594743863	-0.0010995574287564276	1.12348568	28.55703354	1.04255184	0.12522782544514274	0.00717854	0.00042
-0.0392	0.0168	0.0312	-0.0016632987771505957	-0.00011344640137963142	-0.0011798425743481666	1.05408657	26.79303169	0.98872161	0.07695481626212992	0.00720221	0.00037
-0.0407	0.1305	-0.0008	-0.001837831702350029	5.235987755982988e-06	-0.0010681415022205296	1.14806044	29.18168068	1.06637944	0.1674458193231342	0.0106795	0.0016
-0.0349	0.0092	-0.0131	-0.0014416419621473165	2.6179938779914945e-05	-0.0011466813185602744	1.24876249	31.74135017	1.16192946	0.16418367537831946	0.00894731	0.00082
-0.0359	-0.04	0.0204	-0.0013753194505715315	-0.000148352986419518	-0.001165879940332212	1.16787398	29.68530846	1.09214675	0.09670270292735776	0.00786674	0.0004
-0.0385	-0.0106	0.0225	-0.0017366026057343581	6.45771823237902e-05	-0.0012374384396639797	1.1029104	28.03404808	1.03266893	0.06638859116189513	0.00811034	0.00052
-0.0435	0.0525	-0.0058	-0.0020001473227855013	0.000158824961931484	-0.0011693705988362008	1.07530522	27.33237076	0.99993536	0.11769301687433079	0.00836843	0.00062
-0.0339	-0.0173	0.0052	-0.0015062191444711063	-0.0001832595714594046	-0.0013020156219877698	1.01869786	25.89351082	0.95395619	0.13883288674284264	0.00697678	0.0003
-0.0302	-0.0407	0.0002	-0.0014870205226991688	-0.00017802358370342162	-0.0014800392056911916	1.00396132	25.51893425	0.94249632	0.04222290966156711	0.00805724	0.00043
-0.0313	0.025	-0.011	-0.0017453292519943296	-2.96705972839036e-05	-0.0011397000015522971	1.02490783	26.05135727	0.95869383	0.11535004599267867	0.00865334	0.00073
-0.0338	0.1142	-0.0486	-0.0014224433403753785	-8.901179185171081e-05	-0.0012793263417118436	1.1015116	27.99849129	1.03606409	0.15539267231731524	0.00986803	0.00172
-0.0336	-0.0795	-0.0053	-0.0012618730491919003	-0.00016406094968746698	-0.001377064779823526	1.20594811	30.65308571	1.10258341	0.25386789435654583	0.00797963	0.00055
-0.0315	-0.0291	0.0047	-0.0012252211349000194	-9.42477796076938e-05	-0.0013281955607676848	0.98627818	25.06945992	0.93529744	0.07026671517137477	0.00785768	0.0006
-0.0286	0.0408	0.0096	-0.0016022122533307947	-0.00015009831567151235	-0.0012164944886400475	1.06565392	27.08705139	0.99423822	0.10492713633111156	0.00846088	0.0005
-0.0289	0.023	-0.0108	-0.001408480706359424	-0.00022689280275926284	-0.001270599695451872	1.02290332	26.00040627	0.95293561	0.05473156204354729	0.00958413	0.00073
-0.0282	-0.0394	0.0117	-0.0014224433403753785	-0.00017627825445142725	-0.001329940890019679	1.04616511	26.59168053	0.96399569	0.09179591884457984	0.00848985	0.00062
-0.0264	-0.0012	0.0123	-0.0013264502315156904	-0.000148352986419518	-0.001186823891356144	1.04895055	26.66248322	0.97787199	0.053951768777756606	0.00813609	0.00045
-0.0256	0.1164	0.0027	-0.0018448130193580064	-6.981317007977319e-05	-0.0011676252695842063	1.07047582	27.20961761	0.98141456	0.15880506129769992	0.0102699	0.00144
-0.0243	0.0242	-0.0253	-0.0017331119472303693	-0.00010297442586766544	-0.0011938052083641214	1.04196084	26.4848175	0.97307044	0.1300521133347722	0.010348	0.0013
-0.0175	-0.0974	0.0113	-0.0013631021458075715	-0.00013264502315156904	-0.0011536626355682519	1.13090456	28.74560928	1.01929235	0.18699114857512847	0.00879222	0.00105
-0.0234	-0.0074	0.0162	-0.0015603243512829306	-0.0002583087292951608	-0.0012374384396639797	1.03734541	26.36750031	0.96821292	0.12113308578573392	0.00887191	0.0006
-0.0266	0.0659	-0.0011	-0.0019216075064457567	-0.00016406094968746698	-0.0013177235852557187	1.08653724	27.61787033	1.00444655	0.12059080401811292	0.0117548	0.00105
-0.0311	0.013	-0.0223	-0.001446877949903299	-6.283185307179586e-05	-0.0011501719770642632	1.06953585	27.18572426	0.99499637	0.1157755130674792	0.00990945	0.00082
-0.0312	-0.0342	-0.0083	-0.0012217304763960308	-0.0002530727415391778	-0.0014329153158873448	1.05903459	26.91880226	0.97742368	0.09620658503988659	0.00840354	0.00052
-0.0295	0.0416	-0.0006	-0.0014782938764391971	-0.000153588974175501	-0.001239183768915974	1.04390442	26.53421974	0.96785374	0.11268893571891073	0.00873524	0.00047
-0.0243	0.0865	-0.0217	-0.0016999506914424768	-0.0001239183768915974	-0.0011606439525762293	1.05223334	26.7459259	0.97507398	0.08769336143134639	0.0105164	0.00114
-0.0268	-0.0143	-0.0354	-0.0013997540600994523	-0.00015533430342749534	-0.001350884841043611	1.07915711	27.43027878	0.99373414	0.14309267231731523	0.00978357	0.00089
-0.0265	-0.0662	-0.0054	-0.0011763519158441782	-0.0004136430327226561	-0.0014573499254152652	1.18951714	30.23543739	1.11180286	0.11160879789610444	0.00919247	0.00089
-0.0271	-0.006	0.004	-0.0013159782560037243	-0.0001937315469713706	-0.0013892820845874865	1.30168152	33.08646011	1.22016838	0.09158028333693051	0.0105329	0.00109
-0.0274	0.0418	-0.0033	-0.0015393804002589986	3.4906585039886588e-06	-0.0012409290981679683	1.0181936	25.88069534	0.94312438	0.08384886680750758	0.0112767	0.00144
-0.0245	0.041	-0.0291	-0.001424188669627373	-0.00021467549799530252	-0.0013264502315156904	1.12824583	28.67803001	1.06118691	0.05044395102393195	0.00880086	0.00105
-0.0197	-0.0653	-0.0008	-0.0011780972450961724	-0.0002443460952792061	-0.0013718287920675431	1.07957482	27.44089699	0.99074019	0.15545702911834783	0.00810498	0.00055
-0.0192	-0.0494	0.0033	-0.001270599695451872	-0.0003595378259108319	-0.0014800392056911916	1.01095486	25.69669724	0.95022481	0.03629522973054869	0.00753778	0.00065
-0.0199	0.0723	-0.0102	-0.0016336281798666925	-0.00023212879051524583	-0.0012514010736799342	1.05555058	26.83024406	0.9785719	0.17185378259108322	0.00873899	0.00082
-0.0226	0.0511	-0.0363	-0.0016179202165987434	-0.00022165681500327985	-0.0012671090369478833	1.02059662	25.94177437	0.96500842	0.05209439510239321	0.00989759	0.00112
-0.0225	-0.0447	-0.016	-0.001356120828799594	-0.00035081117965086024	-0.0014049900478554352	1.04737902	26.62253761	0.97422264	0.14264173816771403	0.00856835	0.0009
-0.0209	0.006	0.0063	-0.0013194689145077131	-0.0003385938748868999	-0.0014608405839192536	1.04007626	26.43691254	0.97670769	0.07983598775598298	0.00868434	0.00047
-0.0233	0.0322	0.013	-0.0015917402778188286	-0.00026878070480712676	-0.001324704902263696	1.00169075	25.46121979	0.94312223	0.05921101075232232	0.00772452	0.00055
-0.0208	0.1263	-0.0071	-0.0017715091907742446	-0.0002251474735072685	-0.0012514010736799342	1.05829763	26.90006828	0.98240149	0.1315352986419518	0.00980985	0.00127
-0.0199	0.0426	-0.0264	-0.0014782938764391971	-0.0003298672286269283	-0.0012409290981679683	1.08269119	27.52010918	1.00803935	0.12432035224833364	0.00930423	0.0011
-0.0187	-0.0923	0.0017	-0.0013596114873035826	-0.00042935099599060504	-0.0013526301702956054	1.12115669	28.49783516	1.03793138	0.1806933614313464	0.00827676	0.00082
-0.022	0.0086	0.0067	-0.001467821900927231	-0.0002617993877991494	-0.0013543754995475996	1.05085397	26.71086502	0.98200642	0.1230753675533549	0.00932753	0.0009
-0.0181	0.0732	0.0021	-0.001839577031602023	-0.00014311699866353502	-0.0013020156219877698	1.05400431	26.79093933	0.98695886	0.1002398698685118	0.0101286	0.00134
-0.0191	0.0247	-0.0319	-0.001446877949903299	-0.000307177948351002	-0.0012514010736799342	1.17117858	29.76930428	1.09946381	0.11386872898470132	0.00978386	0.0011
-0.0208	-0.0889	-0.0022	-0.0012793263417118436	-0.0003438298626428829	-0.0014556045961632708	1.11000204	28.21430397	1.03022699	0.16542035224833365	0.00823909	0.00075
-0.0226	-0.0433	0.0032	-0.0013578661580515882	-0.00041015237421866745	-0.0014433872913993105	1.00876343	25.64099503	0.95658014	0.06065398163397449	0.00797409	0.00055
